biosample_id,raw_data_identifier,last_processed_sample
nmdc:bsm-11-hr140144,60846_12_B_1_WEOM_r1_Mag_16Feb24_300SA_p01_34_1_15279.d,nmdc:procsm-11-ps4hhj18
nmdc:bsm-11-hr140144,60846_12_B_1_WEOM_r2_Mag_16Feb24_300SA_p01_34_1_15311.d,nmdc:procsm-11-ps4hhj18
nmdc:bsm-11-hr140144,60846_12_B_1_WEOM_r3_Mag_16Feb24_300SA_p01_34_1_15352.d,nmdc:procsm-11-ps4hhj18
nmdc:bsm-11-hr140144,60846_12_B_2_WEOM_r1_Mag_16Feb24_300SA_p01_35_1_15245.d,nmdc:procsm-11-4efpb037
nmdc:bsm-11-hr140144,60846_12_B_2_WEOM_r2_Mag_16Feb24_300SA_p01_35_1_15313.d,nmdc:procsm-11-4efpb037
nmdc:bsm-11-hr140144,60846_12_B_2_WEOM_r3_Mag_16Feb24_300SA_p01_35_1_15350.d,nmdc:procsm-11-4efpb037
nmdc:bsm-11-hr140144,60846_12_B_3_WEOM_r1_Mag_16Feb24_300SA_p01_36_1_15258.d,nmdc:procsm-11-ns8qt677
nmdc:bsm-11-hr140144,60846_12_B_3_WEOM_r2_Mag_16Feb24_300SA_p01_36_1_15299.d,nmdc:procsm-11-ns8qt677
nmdc:bsm-11-hr140144,60846_12_B_3_WEOM_r3_Mag_16Feb24_300SA_p01_36_1_15343.d,nmdc:procsm-11-ns8qt677
nmdc:bsm-11-hr140144,60846_12_BTM_1_MAOM_r1_Mag_02Jan25_3p3kV_300SA_p01_22_1_21465.d,nmdc:procsm-11-kcjx4h06
nmdc:bsm-11-hr140144,60846_12_BTM_1_MAOM_r2_Mag_02Jan25_3p3kV_300SA_p01_22_1_21521.d,nmdc:procsm-11-kcjx4h06
nmdc:bsm-11-hr140144,60846_12_BTM_1_MAOM_r3_Mag_02Jan25_3p3kV_300SA_p01_22_1_21541.d,nmdc:procsm-11-kcjx4h06
nmdc:bsm-11-hr140144,60846_12_BTM_2_MAOM_r1_Mag_02Jan25_3p3kV_300SA_p01_23_1_21425.d,nmdc:procsm-11-4sazfr80
nmdc:bsm-11-hr140144,60846_12_BTM_2_MAOM_r2_Mag_02Jan25_3p3kV_300SA_p01_23_1_21490.d,nmdc:procsm-11-4sazfr80
nmdc:bsm-11-hr140144,60846_12_BTM_2_MAOM_r3_Mag_02Jan25_3p3kV_300SA_p01_23_1_21536.d,nmdc:procsm-11-4sazfr80
nmdc:bsm-11-hr140144,60846_12_BTM_3_MAOM_r1_Mag_02Jan25_3p3kV_300SA_p01_24_1_21450.d,nmdc:procsm-11-zjjwha69
nmdc:bsm-11-hr140144,60846_12_BTM_3_MAOM_r2_Mag_02Jan25_3p3kV_300SA_p01_24_1_21496.d,nmdc:procsm-11-zjjwha69
nmdc:bsm-11-hr140144,60846_12_BTM_3_MAOM_r3_Mag_02Jan25_3p3kV_300SA_p01_24_1_21566.d,nmdc:procsm-11-zjjwha69
nmdc:bsm-11-efd32t52,60846_12_T_1_WEOM_r1_Mag_16Feb24_300SA_p01_31_1_15247.d,nmdc:procsm-11-em37ec89
nmdc:bsm-11-efd32t52,60846_12_T_1_WEOM_r2_Mag_16Feb24_300SA_p01_31_1_15314.d,nmdc:procsm-11-em37ec89
nmdc:bsm-11-efd32t52,60846_12_T_1_WEOM_r3_Mag_16Feb24_300SA_p01_31_1_15323.d,nmdc:procsm-11-em37ec89
nmdc:bsm-11-efd32t52,60846_12_T_2_WEOM_r1_Mag_16Feb24_300SA_p01_32_1_15243.d,nmdc:procsm-11-9fk59x20
nmdc:bsm-11-efd32t52,60846_12_T_2_WEOM_r2_Mag_16Feb24_300SA_p01_32_1_15305.d,nmdc:procsm-11-9fk59x20
nmdc:bsm-11-efd32t52,60846_12_T_2_WEOM_r3_Mag_16Feb24_300SA_p01_32_1_15357.d,nmdc:procsm-11-9fk59x20
nmdc:bsm-11-efd32t52,60846_12_T_3_WEOM_r1_Mag_16Feb24_300SA_p01_33_1_15253.d,nmdc:procsm-11-x29zq864
nmdc:bsm-11-efd32t52,60846_12_T_3_WEOM_r2_Mag_16Feb24_300SA_p01_33_1_15295.d,nmdc:procsm-11-x29zq864
nmdc:bsm-11-efd32t52,60846_12_T_3_WEOM_r3_Mag_16Feb24_300SA_p01_33_1_15347.d,nmdc:procsm-11-x29zq864
nmdc:bsm-11-efd32t52,60846_12_TOP_1_MAOM_r1_Mag_02Jan25_3p3kV_300SA_p01_19_1_21476.d,nmdc:procsm-11-n95z0g15
nmdc:bsm-11-efd32t52,60846_12_TOP_1_MAOM_r2_Mag_02Jan25_3p3kV_300SA_p01_19_1_21480.d,nmdc:procsm-11-n95z0g15
nmdc:bsm-11-efd32t52,60846_12_TOP_1_MAOM_r3_Mag_02Jan25_3p3kV_300SA_p01_19_1_21580.d,nmdc:procsm-11-n95z0g15
nmdc:bsm-11-efd32t52,60846_12_TOP_2_MAOM_r1_Mag_02Jan25_3p3kV_300SA_p01_20_1_21440.d,nmdc:procsm-11-g1v2ff19
nmdc:bsm-11-efd32t52,60846_12_TOP_2_MAOM_r2_Mag_02Jan25_3p3kV_300SA_p01_20_1_21497.d,nmdc:procsm-11-g1v2ff19
nmdc:bsm-11-efd32t52,60846_12_TOP_2_MAOM_r3_Mag_02Jan25_3p3kV_300SA_p01_20_1_21558.d,nmdc:procsm-11-g1v2ff19
nmdc:bsm-11-efd32t52,60846_12_TOP_3_MAOM_r1_Mag_02Jan25_3p3kV_300SA_p01_21_1_21468.d,nmdc:procsm-11-748ask12
nmdc:bsm-11-efd32t52,60846_12_TOP_3_MAOM_r2_Mag_02Jan25_3p3kV_300SA_p01_21_1_21516.d,nmdc:procsm-11-748ask12
nmdc:bsm-11-efd32t52,60846_12_TOP_3_MAOM_r3_Mag_02Jan25_3p3kV_300SA_p01_21_1_21572.d,nmdc:procsm-11-748ask12
nmdc:bsm-11-d1bfx194,60846_17_B_1_WEOM_r1_Mag_16Feb24_300SA_p01_40_1_15246.d,nmdc:procsm-11-1wp51755
nmdc:bsm-11-d1bfx194,60846_17_B_1_WEOM_r2_Mag_16Feb24_300SA_p01_40_1_15297.d,nmdc:procsm-11-1wp51755
nmdc:bsm-11-d1bfx194,60846_17_B_1_WEOM_r3_Mag_16Feb24_300SA_p01_40_1_15349.d,nmdc:procsm-11-1wp51755
nmdc:bsm-11-d1bfx194,60846_17_B_2_WEOM_r1_Mag_16Feb24_300SA_p01_41_1_15249.d,nmdc:procsm-11-2yr5aw79
nmdc:bsm-11-d1bfx194,60846_17_B_2_WEOM_r2_Mag_16Feb24_300SA_p01_41_1_15283.d,nmdc:procsm-11-2yr5aw79
nmdc:bsm-11-d1bfx194,60846_17_B_2_WEOM_r3_Mag_16Feb24_300SA_p01_41_1_15324.d,nmdc:procsm-11-2yr5aw79
nmdc:bsm-11-d1bfx194,60846_17_B_3_WEOM_r1_Mag_16Feb24_300SA_p01_42_1_15266.d,nmdc:procsm-11-rz6c5v25
nmdc:bsm-11-d1bfx194,60846_17_B_3_WEOM_r2_Mag_16Feb24_300SA_p01_42_1_15285.d,nmdc:procsm-11-rz6c5v25
nmdc:bsm-11-d1bfx194,60846_17_B_3_WEOM_r3_Mag_16Feb24_300SA_p01_42_1_15359.d,nmdc:procsm-11-rz6c5v25
nmdc:bsm-11-d1bfx194,60846_17_BTM_1_MAOM_r1_Mag_02Jan25_3p3kV_300SA_p01_32_1_21427.d,nmdc:procsm-11-q2tgye67
nmdc:bsm-11-d1bfx194,60846_17_BTM_1_MAOM_r2_Mag_02Jan25_3p3kV_300SA_p01_32_1_21506.d,nmdc:procsm-11-q2tgye67
nmdc:bsm-11-d1bfx194,60846_17_BTM_1_MAOM_r3_Mag_02Jan25_3p3kV_300SA_p01_32_1_21581.d,nmdc:procsm-11-q2tgye67
nmdc:bsm-11-d1bfx194,60846_17_BTM_2_MAOM_r1_Mag_02Jan25_3p3kV_300SA_p01_33_1_21458.d,nmdc:procsm-11-q49m3m69
nmdc:bsm-11-d1bfx194,60846_17_BTM_2_MAOM_r2_Mag_02Jan25_3p3kV_300SA_p01_33_1_21486.d,nmdc:procsm-11-q49m3m69
nmdc:bsm-11-d1bfx194,60846_17_BTM_2_MAOM_r3_Mag_02Jan25_3p3kV_300SA_p01_33_1_21579.d,nmdc:procsm-11-q49m3m69
nmdc:bsm-11-d1bfx194,60846_17_BTM_3_MAOM_r1_Mag_02Jan25_3p3kV_300SA_p01_34_1_21473.d,nmdc:procsm-11-6qjh3h24
nmdc:bsm-11-d1bfx194,60846_17_BTM_3_MAOM_r2_Mag_02Jan25_3p3kV_300SA_p01_34_1_21527.d,nmdc:procsm-11-6qjh3h24
nmdc:bsm-11-d1bfx194,60846_17_BTM_3_MAOM_r3_Mag_02Jan25_3p3kV_300SA_p01_34_1_21568.d,nmdc:procsm-11-6qjh3h24
nmdc:bsm-11-qr2b2k15,60846_17_T_1_WEOM_r1_Mag_16Feb24_300SA_p01_37_1_15267.d,nmdc:procsm-11-1rswzb73
nmdc:bsm-11-qr2b2k15,60846_17_T_1_WEOM_r2_Mag_16Feb24_300SA_p01_37_1_15300.d,nmdc:procsm-11-1rswzb73
nmdc:bsm-11-qr2b2k15,60846_17_T_1_WEOM_r3_Mag_16Feb24_300SA_p01_37_1_15336.d,nmdc:procsm-11-1rswzb73
nmdc:bsm-11-qr2b2k15,60846_17_T_2_WEOM_r1_Mag_16Feb24_300SA_p01_38_1_15257.d,nmdc:procsm-11-zsdz3n13
nmdc:bsm-11-qr2b2k15,60846_17_T_2_WEOM_r2_Mag_16Feb24_300SA_p01_38_1_15320.d,nmdc:procsm-11-zsdz3n13
nmdc:bsm-11-qr2b2k15,60846_17_T_2_WEOM_r3_Mag_16Feb24_300SA_p01_38_1_15332.d,nmdc:procsm-11-zsdz3n13
nmdc:bsm-11-qr2b2k15,60846_17_T_3_WEOM_r1_Mag_16Feb24_300SA_p01_39_1_15263.d,nmdc:procsm-11-np444079
nmdc:bsm-11-qr2b2k15,60846_17_T_3_WEOM_r2_Mag_16Feb24_300SA_p01_39_1_15318.d,nmdc:procsm-11-np444079
nmdc:bsm-11-qr2b2k15,60846_17_T_3_WEOM_r3_Mag_16Feb24_300SA_p01_39_1_15334.d,nmdc:procsm-11-np444079
nmdc:bsm-11-qr2b2k15,60846_17_TOP_1_MAOM_r1_Mag_02Jan25_3p3kV_300SA_p01_29_1_21448.d,nmdc:procsm-11-qzgh6x35
nmdc:bsm-11-qr2b2k15,60846_17_TOP_1_MAOM_r2_Mag_02Jan25_3p3kV_300SA_p01_29_1_21479.d,nmdc:procsm-11-qzgh6x35
nmdc:bsm-11-qr2b2k15,60846_17_TOP_1_MAOM_r3_Mag_02Jan25_3p3kV_300SA_p01_29_1_21585.d,nmdc:procsm-11-qzgh6x35
nmdc:bsm-11-qr2b2k15,60846_17_TOP_2_MAOM_r1_Mag_02Jan25_3p3kV_300SA_p01_30_1_21460.d,nmdc:procsm-11-qhrreb35
nmdc:bsm-11-qr2b2k15,60846_17_TOP_2_MAOM_r2_Mag_02Jan25_3p3kV_300SA_p01_30_1_21507.d,nmdc:procsm-11-qhrreb35
nmdc:bsm-11-qr2b2k15,60846_17_TOP_2_MAOM_r3_Mag_02Jan25_3p3kV_300SA_p01_30_1_21546.d,nmdc:procsm-11-qhrreb35
nmdc:bsm-11-qr2b2k15,60846_17_TOP_3_MAOM_r1_Mag_02Jan25_3p3kV_300SA_p01_31_1_21474.d,nmdc:procsm-11-rgr6yg66
nmdc:bsm-11-qr2b2k15,60846_17_TOP_3_MAOM_r2_Mag_02Jan25_3p3kV_300SA_p01_31_1_21494.d,nmdc:procsm-11-rgr6yg66
nmdc:bsm-11-qr2b2k15,60846_17_TOP_3_MAOM_r3_Mag_02Jan25_3p3kV_300SA_p01_31_1_21570.d,nmdc:procsm-11-rgr6yg66
nmdc:bsm-11-4828jb36,60846_2_B_1_WEOM_r1_Mag_16Feb24_300SA_p01_16_1_15272.d,nmdc:procsm-11-k87w7r16
nmdc:bsm-11-4828jb36,60846_2_B_1_WEOM_r2_Mag_16Feb24_300SA_p01_16_1_15291.d,nmdc:procsm-11-k87w7r16
nmdc:bsm-11-4828jb36,60846_2_B_1_WEOM_r3_Mag_16Feb24_300SA_p01_16_1_15344.d,nmdc:procsm-11-k87w7r16
nmdc:bsm-11-4828jb36,60846_2_B_2_WEOM_r1_Mag_16Feb24_300SA_p01_17_1_15278.d,nmdc:procsm-11-wp88z880
nmdc:bsm-11-4828jb36,60846_2_B_2_WEOM_r2_Mag_16Feb24_300SA_p01_17_1_15294.d,nmdc:procsm-11-wp88z880
nmdc:bsm-11-4828jb36,60846_2_B_2_WEOM_r3_Mag_16Feb24_300SA_p01_17_1_15335.d,nmdc:procsm-11-wp88z880
nmdc:bsm-11-4828jb36,60846_2_B_3_WEOM_r1_Mag_16Feb24_300SA_p01_18_1_15271.d,nmdc:procsm-11-vdktjg11
nmdc:bsm-11-4828jb36,60846_2_B_3_WEOM_r2_Mag_16Feb24_300SA_p01_18_1_15303.d,nmdc:procsm-11-vdktjg11
nmdc:bsm-11-4828jb36,60846_2_B_3_WEOM_r3_Mag_16Feb24_300SA_p01_18_1_15358.d,nmdc:procsm-11-vdktjg11
nmdc:bsm-11-4828jb36,60846_2_BTM_1_MAOM_r1_Mag_02Jan25_3p3kV_300SA_p01_4_1_21428.d,nmdc:procsm-11-rpkwvh95
nmdc:bsm-11-4828jb36,60846_2_BTM_1_MAOM_r2_Mag_02Jan25_3p3kV_300SA_p01_4_1_21495.d,nmdc:procsm-11-rpkwvh95
nmdc:bsm-11-4828jb36,60846_2_BTM_1_MAOM_r3_Mag_02Jan25_3p3kV_300SA_p01_4_1_21569.d,nmdc:procsm-11-rpkwvh95
nmdc:bsm-11-4828jb36,60846_2_BTM_2_MAOM_r1_Mag_02Jan25_3p3kV_300SA_p01_5_1_21431.d,nmdc:procsm-11-5g6hp536
nmdc:bsm-11-4828jb36,60846_2_BTM_2_MAOM_r2_Mag_02Jan25_3p3kV_300SA_p01_5_1_21518.d,nmdc:procsm-11-5g6hp536
nmdc:bsm-11-4828jb36,60846_2_BTM_2_MAOM_r3_Mag_02Jan25_3p3kV_300SA_p01_5_1_21542.d,nmdc:procsm-11-5g6hp536
nmdc:bsm-11-4828jb36,60846_2_BTM_3_MAOM_r1_Mag_02Jan25_3p3kV_300SA_p01_6_1_21461.d,nmdc:procsm-11-0dwwh543
nmdc:bsm-11-4828jb36,60846_2_BTM_3_MAOM_r2_Mag_02Jan25_3p3kV_300SA_p01_6_1_21520.d,nmdc:procsm-11-0dwwh543
nmdc:bsm-11-4828jb36,60846_2_BTM_3_MAOM_r3_Mag_02Jan25_3p3kV_300SA_p01_6_1_21562.d,nmdc:procsm-11-0dwwh543
nmdc:bsm-11-r545d929,60846_2_T_1_WEOM_r1_Mag_16Feb24_300SA_p01_13_1_15250.d,nmdc:procsm-11-bbq8k319
nmdc:bsm-11-r545d929,60846_2_T_1_WEOM_r2_Mag_16Feb24_300SA_p01_13_1_15307.d,nmdc:procsm-11-bbq8k319
nmdc:bsm-11-r545d929,60846_2_T_1_WEOM_r3_Mag_16Feb24_300SA_p01_13_1_15345.d,nmdc:procsm-11-bbq8k319
nmdc:bsm-11-r545d929,60846_2_T_2_WEOM_r1_Mag_16Feb24_300SA_p01_14_1_15269.d,nmdc:procsm-11-dvzcnb87
nmdc:bsm-11-r545d929,60846_2_T_2_WEOM_r2_Mag_16Feb24_300SA_p01_14_1_15317.d,nmdc:procsm-11-dvzcnb87
nmdc:bsm-11-r545d929,60846_2_T_2_WEOM_r3_Mag_16Feb24_300SA_p01_14_1_15356.d,nmdc:procsm-11-dvzcnb87
nmdc:bsm-11-r545d929,60846_2_T_3_WEOM_r1_Mag_16Feb24_300SA_p01_15_1_15268.d,nmdc:procsm-11-tjq55658
nmdc:bsm-11-r545d929,60846_2_T_3_WEOM_r2_Mag_16Feb24_300SA_p01_15_1_15284.d,nmdc:procsm-11-tjq55658
nmdc:bsm-11-r545d929,60846_2_T_3_WEOM_r3_Mag_16Feb24_300SA_p01_15_1_15330.d,nmdc:procsm-11-tjq55658
nmdc:bsm-11-r545d929,60846_2_TOP_1_MAOM_r1_Mag_02Jan25_3p3kV_300SA_p01_1_1_21454.d,nmdc:procsm-11-n06vm850
nmdc:bsm-11-r545d929,60846_2_TOP_1_MAOM_r2_Mag_02Jan25_3p3kV_300SA_p01_1_1_21530.d,nmdc:procsm-11-n06vm850
nmdc:bsm-11-r545d929,60846_2_TOP_1_MAOM_r3_Mag_02Jan25_3p3kV_300SA_p01_1_1_21575.d,nmdc:procsm-11-n06vm850
nmdc:bsm-11-r545d929,60846_2_TOP_2_MAOM_r1_Mag_02Jan25_3p3kV_300SA_p01_2_1_21437.d,nmdc:procsm-11-qd9r1d54
nmdc:bsm-11-r545d929,60846_2_TOP_2_MAOM_r2_Mag_02Jan25_3p3kV_300SA_p01_2_1_21517.d,nmdc:procsm-11-qd9r1d54
nmdc:bsm-11-r545d929,60846_2_TOP_2_MAOM_r3_Mag_02Jan25_3p3kV_300SA_p01_2_1_21544.d,nmdc:procsm-11-qd9r1d54
nmdc:bsm-11-r545d929,60846_2_TOP_3_MAOM_r1_Mag_02Jan25_3p3kV_300SA_p01_3_1_21462.d,nmdc:procsm-11-048x3f83
nmdc:bsm-11-r545d929,60846_2_TOP_3_MAOM_r2_Mag_02Jan25_3p3kV_300SA_p01_3_1_21523.d,nmdc:procsm-11-048x3f83
nmdc:bsm-11-r545d929,60846_2_TOP_3_MAOM_r3_Mag_02Jan25_3p3kV_300SA_p01_3_1_21556.d,nmdc:procsm-11-048x3f83
nmdc:bsm-11-hbagyt36,60846_5_B_1_WEOM_r1_Mag_16Feb24_300SA_p01_22_1_15244.d,nmdc:procsm-11-351x6529
nmdc:bsm-11-hbagyt36,60846_5_B_1_WEOM_r2_Mag_16Feb24_300SA_p01_22_1_15288.d,nmdc:procsm-11-351x6529
nmdc:bsm-11-hbagyt36,60846_5_B_1_WEOM_r3_Mag_16Feb24_300SA_p01_22_1_15354.d,nmdc:procsm-11-351x6529
nmdc:bsm-11-hbagyt36,60846_5_B_2_WEOM_r1_Mag_16Feb24_300SA_p01_23_1_15251.d,nmdc:procsm-11-bnxfrm50
nmdc:bsm-11-hbagyt36,60846_5_B_2_WEOM_r2_Mag_16Feb24_300SA_p01_23_1_15304.d,nmdc:procsm-11-bnxfrm50
nmdc:bsm-11-hbagyt36,60846_5_B_2_WEOM_r3_Mag_16Feb24_300SA_p01_23_1_15340.d,nmdc:procsm-11-bnxfrm50
nmdc:bsm-11-hbagyt36,60846_5_B_3_WEOM_r1_Mag_16Feb24_300SA_p01_24_1_15270.d,nmdc:procsm-11-z6nnv457
nmdc:bsm-11-hbagyt36,60846_5_B_3_WEOM_r2_Mag_16Feb24_300SA_p01_24_1_15290.d,nmdc:procsm-11-z6nnv457
nmdc:bsm-11-hbagyt36,60846_5_B_3_WEOM_r3_Mag_16Feb24_300SA_p01_24_1_15355.d,nmdc:procsm-11-z6nnv457
nmdc:bsm-11-hbagyt36,60846_5_BTM_1_MAOM_r1_Mag_02Jan25_3p3kV_300SA_p01_10_1_21475.d,nmdc:procsm-11-5dhsb459
nmdc:bsm-11-hbagyt36,60846_5_BTM_1_MAOM_r2_Mag_02Jan25_3p3kV_300SA_p01_10_1_21492.d,nmdc:procsm-11-5dhsb459
nmdc:bsm-11-hbagyt36,60846_5_BTM_1_MAOM_r3_Mag_02Jan25_3p3kV_300SA_p01_10_1_21545.d,nmdc:procsm-11-5dhsb459
nmdc:bsm-11-hbagyt36,60846_5_BTM_2_MAOM_r1_Mag_02Jan25_3p3kV_300SA_p01_11_1_21457.d,nmdc:procsm-11-wc7ta494
nmdc:bsm-11-hbagyt36,60846_5_BTM_2_MAOM_r2_Mag_02Jan25_3p3kV_300SA_p01_11_1_21514.d,nmdc:procsm-11-wc7ta494
nmdc:bsm-11-hbagyt36,60846_5_BTM_2_MAOM_r3_Mag_02Jan25_3p3kV_300SA_p01_11_1_21549.d,nmdc:procsm-11-wc7ta494
nmdc:bsm-11-hbagyt36,60846_5_BTM_3_MAOM_r1_Mag_02Jan25_3p3kV_300SA_p01_12_1_21443.d,nmdc:procsm-11-tfpamj03
nmdc:bsm-11-hbagyt36,60846_5_BTM_3_MAOM_r2_Mag_02Jan25_3p3kV_300SA_p01_12_1_21501.d,nmdc:procsm-11-tfpamj03
nmdc:bsm-11-hbagyt36,60846_5_BTM_3_MAOM_r3_Mag_02Jan25_3p3kV_300SA_p01_12_1_21560.d,nmdc:procsm-11-tfpamj03
nmdc:bsm-11-3gxmkt35,60846_5_T_1_WEOM_r1_Mag_16Feb24_300SA_p01_19_1_15252.d,nmdc:procsm-11-8fm8a446
nmdc:bsm-11-3gxmkt35,60846_5_T_1_WEOM_r2_Mag_16Feb24_300SA_p01_19_1_15316.d,nmdc:procsm-11-8fm8a446
nmdc:bsm-11-3gxmkt35,60846_5_T_1_WEOM_r3_Mag_16Feb24_300SA_p01_19_1_15325.d,nmdc:procsm-11-8fm8a446
nmdc:bsm-11-3gxmkt35,60846_5_T_2_WEOM_r1_Mag_16Feb24_300SA_p01_20_1_15255.d,nmdc:procsm-11-92n5pq05
nmdc:bsm-11-3gxmkt35,60846_5_T_2_WEOM_r2_Mag_16Feb24_300SA_p01_20_1_15298.d,nmdc:procsm-11-92n5pq05
nmdc:bsm-11-3gxmkt35,60846_5_T_2_WEOM_r3_Mag_16Feb24_300SA_p01_20_1_15326.d,nmdc:procsm-11-92n5pq05
nmdc:bsm-11-3gxmkt35,60846_5_T_3_WEOM_r1_Mag_16Feb24_300SA_p01_21_1_15274.d,nmdc:procsm-11-e2earg34
nmdc:bsm-11-3gxmkt35,60846_5_T_3_WEOM_r2_Mag_16Feb24_300SA_p01_21_1_15293.d,nmdc:procsm-11-e2earg34
nmdc:bsm-11-3gxmkt35,60846_5_T_3_WEOM_r3_Mag_16Feb24_300SA_p01_21_1_15329.d,nmdc:procsm-11-e2earg34
nmdc:bsm-11-3gxmkt35,60846_5_TOP_1_MAOM_r1_Mag_02Jan25_3p3kV_300SA_p01_7_1_21472.d,nmdc:procsm-11-j1xwx642
nmdc:bsm-11-3gxmkt35,60846_5_TOP_1_MAOM_r2_Mag_02Jan25_3p3kV_300SA_p01_7_1_21529.d,nmdc:procsm-11-j1xwx642
nmdc:bsm-11-3gxmkt35,60846_5_TOP_1_MAOM_r3_Mag_02Jan25_3p3kV_300SA_p01_7_1_21553.d,nmdc:procsm-11-j1xwx642
nmdc:bsm-11-3gxmkt35,60846_5_TOP_2_MAOM_r1_Mag_02Jan25_3p3kV_300SA_p01_8_1_21471.d,nmdc:procsm-11-ebqebt55
nmdc:bsm-11-3gxmkt35,60846_5_TOP_2_MAOM_r2_Mag_02Jan25_3p3kV_300SA_p01_8_1_21525.d,nmdc:procsm-11-ebqebt55
nmdc:bsm-11-3gxmkt35,60846_5_TOP_2_MAOM_r3_Mag_02Jan25_3p3kV_300SA_p01_8_1_21550.d,nmdc:procsm-11-ebqebt55
nmdc:bsm-11-3gxmkt35,60846_5_TOP_3_MAOM_r1_Mag_02Jan25_3p3kV_300SA_p01_9_1_21449.d,nmdc:procsm-11-ek1f8w07
nmdc:bsm-11-3gxmkt35,60846_5_TOP_3_MAOM_r2_Mag_02Jan25_3p3kV_300SA_p01_9_1_21503.d,nmdc:procsm-11-ek1f8w07
nmdc:bsm-11-3gxmkt35,60846_5_TOP_3_MAOM_r3_Mag_02Jan25_3p3kV_300SA_p01_9_1_21534.d,nmdc:procsm-11-ek1f8w07
nmdc:bsm-11-26x8tg56,60846_7_B_1_WEOM_r1_Mag_16Feb24_300SA_p01_28_1_15280.d,nmdc:procsm-11-4mc9ex43
nmdc:bsm-11-26x8tg56,60846_7_B_1_WEOM_r2_Mag_16Feb24_300SA_p01_28_1_15296.d,nmdc:procsm-11-4mc9ex43
nmdc:bsm-11-26x8tg56,60846_7_B_1_WEOM_r3_Mag_16Feb24_300SA_p01_28_1_15328.d,nmdc:procsm-11-4mc9ex43
nmdc:bsm-11-26x8tg56,60846_7_B_2_WEOM_r1_Mag_16Feb24_300SA_p01_29_1_15260.d,nmdc:procsm-11-1w073b85
nmdc:bsm-11-26x8tg56,60846_7_B_2_WEOM_r2_Mag_16Feb24_300SA_p01_29_1_15306.d,nmdc:procsm-11-1w073b85
nmdc:bsm-11-26x8tg56,60846_7_B_2_WEOM_r3_Mag_16Feb24_300SA_p01_29_1_15339.d,nmdc:procsm-11-1w073b85
nmdc:bsm-11-26x8tg56,60846_7_B_3_WEOM_r1_Mag_16Feb24_300SA_p01_30_1_15275.d,nmdc:procsm-11-5wr3rv86
nmdc:bsm-11-26x8tg56,60846_7_B_3_WEOM_r2_Mag_16Feb24_300SA_p01_30_1_15308.d,nmdc:procsm-11-5wr3rv86
nmdc:bsm-11-26x8tg56,60846_7_B_3_WEOM_r3_Mag_16Feb24_300SA_p01_30_1_15338.d,nmdc:procsm-11-5wr3rv86
nmdc:bsm-11-26x8tg56,60846_7_BTM_1_MAOM_r1_Mag_02Jan25_3p3kV_300SA_p01_16_1_21439.d,nmdc:procsm-11-2wbt3g17
nmdc:bsm-11-26x8tg56,60846_7_BTM_1_MAOM_r2_Mag_02Jan25_3p3kV_300SA_p01_16_1_21531.d,nmdc:procsm-11-2wbt3g17
nmdc:bsm-11-26x8tg56,60846_7_BTM_1_MAOM_r3_Mag_02Jan25_3p3kV_300SA_p01_16_1_21538.d,nmdc:procsm-11-2wbt3g17
nmdc:bsm-11-26x8tg56,60846_7_BTM_2_MAOM_r1_Mag_02Jan25_3p3kV_300SA_p01_17_1_21430.d,nmdc:procsm-11-z9v77259
nmdc:bsm-11-26x8tg56,60846_7_BTM_2_MAOM_r2_Mag_02Jan25_3p3kV_300SA_p01_17_1_21522.d,nmdc:procsm-11-z9v77259
nmdc:bsm-11-26x8tg56,60846_7_BTM_2_MAOM_r3_Mag_02Jan25_3p3kV_300SA_p01_17_1_21571.d,nmdc:procsm-11-z9v77259
nmdc:bsm-11-26x8tg56,60846_7_BTM_3_MAOM_r1_Mag_02Jan25_3p3kV_300SA_p01_18_1_21429.d,nmdc:procsm-11-9vtafb14
nmdc:bsm-11-26x8tg56,60846_7_BTM_3_MAOM_r2_Mag_02Jan25_3p3kV_300SA_p01_18_1_21498.d,nmdc:procsm-11-9vtafb14
nmdc:bsm-11-26x8tg56,60846_7_BTM_3_MAOM_r3_Mag_02Jan25_3p3kV_300SA_p01_18_1_21551.d,nmdc:procsm-11-9vtafb14
nmdc:bsm-11-y7vevc12,60846_7_T_1_WEOM_r1_Mag_16Feb24_300SA_p01_25_1_15273.d,nmdc:procsm-11-50a7ct50
nmdc:bsm-11-y7vevc12,60846_7_T_1_WEOM_r2_Mag_16Feb24_300SA_p01_25_1_15286.d,nmdc:procsm-11-50a7ct50
nmdc:bsm-11-y7vevc12,60846_7_T_1_WEOM_r3_Mag_16Feb24_300SA_p01_25_1_15353.d,nmdc:procsm-11-50a7ct50
nmdc:bsm-11-y7vevc12,60846_7_T_2_WEOM_r1_Mag_16Feb24_300SA_p01_26_1_15276.d,nmdc:procsm-11-tngekh89
nmdc:bsm-11-y7vevc12,60846_7_T_2_WEOM_r2_Mag_16Feb24_300SA_p01_26_1_15287.d,nmdc:procsm-11-tngekh89
nmdc:bsm-11-y7vevc12,60846_7_T_2_WEOM_r3_Mag_16Feb24_300SA_p01_26_1_15337.d,nmdc:procsm-11-tngekh89
nmdc:bsm-11-y7vevc12,60846_7_T_3_WEOM_r1_Mag_16Feb24_300SA_p01_27_1_15254.d,nmdc:procsm-11-h3gdzd60
nmdc:bsm-11-y7vevc12,60846_7_T_3_WEOM_r2_Mag_16Feb24_300SA_p01_27_1_15319.d,nmdc:procsm-11-h3gdzd60
nmdc:bsm-11-y7vevc12,60846_7_T_3_WEOM_r3_Mag_16Feb24_300SA_p01_27_1_15333.d,nmdc:procsm-11-h3gdzd60
nmdc:bsm-11-y7vevc12,60846_7_TOP_1_MAOM_r1_Mag_02Jan25_3p3kV_300SA_p01_13_1_21470.d,nmdc:procsm-11-dp5rtf23
nmdc:bsm-11-y7vevc12,60846_7_TOP_1_MAOM_r2_Mag_02Jan25_3p3kV_300SA_p01_13_1_21481.d,nmdc:procsm-11-dp5rtf23
nmdc:bsm-11-y7vevc12,60846_7_TOP_1_MAOM_r3_Mag_02Jan25_3p3kV_300SA_p01_13_1_21559.d,nmdc:procsm-11-dp5rtf23
nmdc:bsm-11-y7vevc12,60846_7_TOP_2_MAOM_r1_Mag_02Jan25_3p3kV_300SA_p01_14_1_21464.d,nmdc:procsm-11-8k5vf274
nmdc:bsm-11-y7vevc12,60846_7_TOP_2_MAOM_r2_Mag_02Jan25_3p3kV_300SA_p01_14_1_21505.d,nmdc:procsm-11-8k5vf274
nmdc:bsm-11-y7vevc12,60846_7_TOP_2_MAOM_r3_Mag_02Jan25_3p3kV_300SA_p01_14_1_21539.d,nmdc:procsm-11-8k5vf274
nmdc:bsm-11-y7vevc12,60846_7_TOP_3_MAOM_r1_Mag_02Jan25_3p3kV_300SA_p01_15_1_21469.d,nmdc:procsm-11-sf5b5m60
nmdc:bsm-11-y7vevc12,60846_7_TOP_3_MAOM_r2_Mag_02Jan25_3p3kV_300SA_p01_15_1_21483.d,nmdc:procsm-11-sf5b5m60
nmdc:bsm-11-y7vevc12,60846_7_TOP_3_MAOM_r3_Mag_02Jan25_3p3kV_300SA_p01_15_1_21587.d,nmdc:procsm-11-sf5b5m60
nmdc:bsm-11-ydsqvv39,60881_1_B_1_WEOM_r1_Mag_01May24_300SA_p01_1_1_18114.d,nmdc:procsm-11-9r4xpk53
nmdc:bsm-11-ydsqvv39,60881_1_B_1_WEOM_r2_Mag_01May24_300SA_p01_1_1_18185.d,nmdc:procsm-11-9r4xpk53
nmdc:bsm-11-ydsqvv39,60881_1_B_1_WEOM_r3_Mag_01May24_300SA_p01_1_1_18228.d,nmdc:procsm-11-9r4xpk53
nmdc:bsm-11-ydsqvv39,60881_1_B_2_WEOM_r1_Mag_01May24_300SA_p01_2_1_18119.d,nmdc:procsm-11-frfxhg08
nmdc:bsm-11-ydsqvv39,60881_1_B_2_WEOM_r2_Mag_01May24_300SA_p01_2_1_18131.d,nmdc:procsm-11-frfxhg08
nmdc:bsm-11-ydsqvv39,60881_1_B_2_WEOM_r3_Mag_01May24_300SA_p01_2_1_18233.d,nmdc:procsm-11-frfxhg08
nmdc:bsm-11-ydsqvv39,60881_1_B_3_WEOM_r1_Mag_01May24_300SA_p01_3_1_18090.d,nmdc:procsm-11-vzf00a94
nmdc:bsm-11-ydsqvv39,60881_1_B_3_WEOM_r2_Mag_01May24_300SA_p01_3_1_18165.d,nmdc:procsm-11-vzf00a94
nmdc:bsm-11-ydsqvv39,60881_1_B_3_WEOM_r3_Mag_01May24_300SA_p01_3_1_18224.d,nmdc:procsm-11-vzf00a94
nmdc:bsm-11-ydsqvv39,60881_1_BTM_1_MAOM_r1_Mag_10Feb25_3p3kV_300SA_p01_4_1_23228.d,nmdc:procsm-11-r44k5708
nmdc:bsm-11-ydsqvv39,60881_1_BTM_1_MAOM_r2_Mag_10Feb25_3p3kV_300SA_p01_4_1_23248.d,nmdc:procsm-11-r44k5708
nmdc:bsm-11-ydsqvv39,60881_1_BTM_1_MAOM_r3_Mag_10Feb25_3p3kV_300SA_p01_4_1_23306.d,nmdc:procsm-11-r44k5708
nmdc:bsm-11-ydsqvv39,60881_1_BTM_2_MAOM_r1_Mag_10Feb25_3p3kV_300SA_p01_5_1_23209.d,nmdc:procsm-11-k5y64095
nmdc:bsm-11-ydsqvv39,60881_1_BTM_2_MAOM_r2_Mag_10Feb25_3p3kV_300SA_p01_5_1_23254.d,nmdc:procsm-11-k5y64095
nmdc:bsm-11-ydsqvv39,60881_1_BTM_2_MAOM_r3_Mag_10Feb25_3p3kV_300SA_p01_5_1_23291.d,nmdc:procsm-11-k5y64095
nmdc:bsm-11-ydsqvv39,60881_1_BTM_3_MAOM_r1_Mag_10Feb25_3p3kV_300SA_p01_6_1_23202.d,nmdc:procsm-11-3g1mkm93
nmdc:bsm-11-ydsqvv39,60881_1_BTM_3_MAOM_r2_Mag_10Feb25_3p3kV_300SA_p01_6_1_23271.d,nmdc:procsm-11-3g1mkm93
nmdc:bsm-11-ydsqvv39,60881_1_BTM_3_MAOM_r3_Mag_10Feb25_3p3kV_300SA_p01_6_1_23298.d,nmdc:procsm-11-3g1mkm93
nmdc:bsm-11-4s3knx85,60881_1_T_1_WEOM_r1_Mag_01May24_300SA_p01_45_1_18128.d,nmdc:procsm-11-9vejcv56
nmdc:bsm-11-4s3knx85,60881_1_T_1_WEOM_r2_Mag_01May24_300SA_p01_45_1_18162.d,nmdc:procsm-11-9vejcv56
nmdc:bsm-11-4s3knx85,60881_1_T_1_WEOM_r3_Mag_01May24_300SA_p01_45_1_18196.d,nmdc:procsm-11-9vejcv56
nmdc:bsm-11-4s3knx85,60881_1_T_2_WEOM_r1_Mag_01May24_300SA_p01_46_1_18084.d,nmdc:procsm-11-dgp48k88
nmdc:bsm-11-4s3knx85,60881_1_T_2_WEOM_r2_Mag_01May24_300SA_p01_46_1_18150.d,nmdc:procsm-11-dgp48k88
nmdc:bsm-11-4s3knx85,60881_1_T_2_WEOM_r3_Mag_01May24_300SA_p01_46_1_18226.d,nmdc:procsm-11-dgp48k88
nmdc:bsm-11-4s3knx85,60881_1_T_3_WEOM_r1_Mag_01May24_300SA_p01_47_1_18112.d,nmdc:procsm-11-eafsym30
nmdc:bsm-11-4s3knx85,60881_1_T_3_WEOM_r2_Mag_01May24_300SA_p01_47_1_18148.d,nmdc:procsm-11-eafsym30
nmdc:bsm-11-4s3knx85,60881_1_T_3_WEOM_r3_Mag_01May24_300SA_p01_47_1_18237.d,nmdc:procsm-11-eafsym30
nmdc:bsm-11-4s3knx85,60881_1_TOP_1_MAOM_r1_Mag_10Feb25_3p3kV_300SA_p01_1_1_23201.d,nmdc:procsm-11-738fct59
nmdc:bsm-11-4s3knx85,60881_1_TOP_1_MAOM_r2_Mag_10Feb25_3p3kV_300SA_p01_1_1_23274.d,nmdc:procsm-11-738fct59
nmdc:bsm-11-4s3knx85,60881_1_TOP_1_MAOM_r3_Mag_10Feb25_3p3kV_300SA_p01_1_1_23282.d,nmdc:procsm-11-738fct59
nmdc:bsm-11-4s3knx85,60881_1_TOP_2_MAOM_r1_Mag_10Feb25_3p3kV_300SA_p01_2_1_23205.d,nmdc:procsm-11-0nhnqm12
nmdc:bsm-11-4s3knx85,60881_1_TOP_2_MAOM_r2_Mag_10Feb25_3p3kV_300SA_p01_2_1_23255.d,nmdc:procsm-11-0nhnqm12
nmdc:bsm-11-4s3knx85,60881_1_TOP_2_MAOM_r3_Mag_10Feb25_3p3kV_300SA_p01_2_1_23312.d,nmdc:procsm-11-0nhnqm12
nmdc:bsm-11-4s3knx85,60881_1_TOP_3_MAOM_r1_Mag_10Feb25_3p3kV_300SA_p01_3_1_23229.d,nmdc:procsm-11-fxmcfr06
nmdc:bsm-11-4s3knx85,60881_1_TOP_3_MAOM_r2_Mag_10Feb25_3p3kV_300SA_p01_3_1_23257.d,nmdc:procsm-11-fxmcfr06
nmdc:bsm-11-4s3knx85,60881_1_TOP_3_MAOM_r3_Mag_10Feb25_3p3kV_300SA_p01_3_1_23308.d,nmdc:procsm-11-fxmcfr06
nmdc:bsm-11-2bgdbr64,60881_2_B_1_WEOM_r1_Mag_01May24_300SA_p01_7_1_18085.d,nmdc:procsm-11-92eq2b25
nmdc:bsm-11-2bgdbr64,60881_2_B_1_WEOM_r2_Mag_01May24_300SA_p01_7_1_18138.d,nmdc:procsm-11-92eq2b25
nmdc:bsm-11-2bgdbr64,60881_2_B_1_WEOM_r3_Mag_01May24_300SA_p01_7_1_18205.d,nmdc:procsm-11-92eq2b25
nmdc:bsm-11-2bgdbr64,60881_2_B_2_WEOM_r1_Mag_01May24_300SA_p01_8_1_18121.d,nmdc:procsm-11-acfx0c92
nmdc:bsm-11-2bgdbr64,60881_2_B_2_WEOM_r2_Mag_01May24_300SA_p01_8_1_18176.d,nmdc:procsm-11-acfx0c92
nmdc:bsm-11-2bgdbr64,60881_2_B_2_WEOM_r3_Mag_01May24_300SA_p01_8_1_18258.d,nmdc:procsm-11-acfx0c92
nmdc:bsm-11-2bgdbr64,60881_2_B_3_WEOM_r1_Mag_01May24_300SA_p01_9_1_18078.d,nmdc:procsm-11-hjv9k089
nmdc:bsm-11-2bgdbr64,60881_2_B_3_WEOM_r2_Mag_01May24_300SA_p01_9_1_18181.d,nmdc:procsm-11-hjv9k089
nmdc:bsm-11-2bgdbr64,60881_2_B_3_WEOM_r3_Mag_01May24_300SA_p01_9_1_18208.d,nmdc:procsm-11-hjv9k089
nmdc:bsm-11-2bgdbr64,60881_2_BTM_1_MAOM_r1_Mag_10Feb25_3p3kV_300SA_p01_10_1_23225.d,nmdc:procsm-11-53x2qz82
nmdc:bsm-11-2bgdbr64,60881_2_BTM_1_MAOM_r2_Mag_10Feb25_3p3kV_300SA_p01_10_1_23252.d,nmdc:procsm-11-53x2qz82
nmdc:bsm-11-2bgdbr64,60881_2_BTM_1_MAOM_r3_Mag_10Feb25_3p3kV_300SA_p01_10_1_23280.d,nmdc:procsm-11-53x2qz82
nmdc:bsm-11-2bgdbr64,60881_2_BTM_2_MAOM_r1_Mag_10Feb25_3p3kV_300SA_p01_11_1_23207.d,nmdc:procsm-11-jmax4930
nmdc:bsm-11-2bgdbr64,60881_2_BTM_2_MAOM_r2_Mag_10Feb25_3p3kV_300SA_p01_11_1_23261.d,nmdc:procsm-11-jmax4930
nmdc:bsm-11-2bgdbr64,60881_2_BTM_2_MAOM_r3_Mag_10Feb25_3p3kV_300SA_p01_11_1_23318.d,nmdc:procsm-11-jmax4930
nmdc:bsm-11-2bgdbr64,60881_2_BTM_3_MAOM_r1_Mag_10Feb25_3p3kV_300SA_p01_12_1_23214.d,nmdc:procsm-11-6nq35c93
nmdc:bsm-11-2bgdbr64,60881_2_BTM_3_MAOM_r2_Mag_10Feb25_3p3kV_300SA_p01_12_1_23276.d,nmdc:procsm-11-6nq35c93
nmdc:bsm-11-2bgdbr64,60881_2_BTM_3_MAOM_r3_Mag_10Feb25_3p3kV_300SA_p01_12_1_23281.d,nmdc:procsm-11-6nq35c93
nmdc:bsm-11-rs5kjx19,60881_2_T_1_WEOM_r1_Mag_01May24_300SA_p01_4_1_18069.d,nmdc:procsm-11-et69mm92
nmdc:bsm-11-rs5kjx19,60881_2_T_1_WEOM_r2_Mag_01May24_300SA_p01_4_1_18166.d,nmdc:procsm-11-et69mm92
nmdc:bsm-11-rs5kjx19,60881_2_T_1_WEOM_r3_Mag_01May24_300SA_p01_4_1_18247.d,nmdc:procsm-11-et69mm92
nmdc:bsm-11-rs5kjx19,60881_2_T_2_WEOM_r1_Mag_01May24_300SA_p01_5_1_18123.d,nmdc:procsm-11-xs28w990
nmdc:bsm-11-rs5kjx19,60881_2_T_2_WEOM_r2_Mag_01May24_300SA_p01_5_1_18145.d,nmdc:procsm-11-xs28w990
nmdc:bsm-11-rs5kjx19,60881_2_T_2_WEOM_r3_Mag_01May24_300SA_p01_5_1_18227.d,nmdc:procsm-11-xs28w990
nmdc:bsm-11-rs5kjx19,60881_2_T_3_WEOM_r1_Mag_01May24_300SA_p01_6_1_18095.d,nmdc:procsm-11-bmvva002
nmdc:bsm-11-rs5kjx19,60881_2_T_3_WEOM_r2_Mag_01May24_300SA_p01_6_1_18180.d,nmdc:procsm-11-bmvva002
nmdc:bsm-11-rs5kjx19,60881_2_T_3_WEOM_r3_Mag_01May24_300SA_p01_6_1_18236.d,nmdc:procsm-11-bmvva002
nmdc:bsm-11-rs5kjx19,60881_2_TOP_1_MAOM_r1_Mag_10Feb25_3p3kV_300SA_p01_7_1_23215.d,nmdc:procsm-11-2z6qqa23
nmdc:bsm-11-rs5kjx19,60881_2_TOP_1_MAOM_r2_Mag_10Feb25_3p3kV_300SA_p01_7_1_23251.d,nmdc:procsm-11-2z6qqa23
nmdc:bsm-11-rs5kjx19,60881_2_TOP_1_MAOM_r3_Mag_10Feb25_3p3kV_300SA_p01_7_1_23305.d,nmdc:procsm-11-2z6qqa23
nmdc:bsm-11-rs5kjx19,60881_2_TOP_2_MAOM_r1_Mag_10Feb25_3p3kV_300SA_p01_8_1_23226.d,nmdc:procsm-11-s405s167
nmdc:bsm-11-rs5kjx19,60881_2_TOP_2_MAOM_r2_Mag_10Feb25_3p3kV_300SA_p01_8_1_23246.d,nmdc:procsm-11-s405s167
nmdc:bsm-11-rs5kjx19,60881_2_TOP_2_MAOM_r3_Mag_10Feb25_3p3kV_300SA_p01_8_1_23314.d,nmdc:procsm-11-s405s167
nmdc:bsm-11-rs5kjx19,60881_2_TOP_3_MAOM_r1_Mag_10Feb25_3p3kV_300SA_p01_9_1_23231.d,nmdc:procsm-11-yccghc39
nmdc:bsm-11-rs5kjx19,60881_2_TOP_3_MAOM_r2_Mag_10Feb25_3p3kV_300SA_p01_9_1_23241.d,nmdc:procsm-11-yccghc39
nmdc:bsm-11-rs5kjx19,60881_2_TOP_3_MAOM_r3_Mag_10Feb25_3p3kV_300SA_p01_9_1_23299.d,nmdc:procsm-11-yccghc39
nmdc:bsm-11-40exhw90,60881_3_B_1_WEOM_r1_Mag_01May24_300SA_p01_13_1_18089.d,nmdc:procsm-11-k344kv52
nmdc:bsm-11-40exhw90,60881_3_B_1_WEOM_r2_Mag_01May24_300SA_p01_13_1_18158.d,nmdc:procsm-11-k344kv52
nmdc:bsm-11-40exhw90,60881_3_B_1_WEOM_r3_Mag_01May24_300SA_p01_13_1_18202.d,nmdc:procsm-11-k344kv52
nmdc:bsm-11-40exhw90,60881_3_B_2_WEOM_r1_Mag_01May24_300SA_p01_14_1_18077.d,nmdc:procsm-11-thctvb64
nmdc:bsm-11-40exhw90,60881_3_B_2_WEOM_r2_Mag_01May24_300SA_p01_14_1_18170.d,nmdc:procsm-11-thctvb64
nmdc:bsm-11-40exhw90,60881_3_B_2_WEOM_r3_Mag_01May24_300SA_p01_14_1_18221.d,nmdc:procsm-11-thctvb64
nmdc:bsm-11-40exhw90,60881_3_B_3_WEOM_r1_Mag_01May24_300SA_p01_15_1_18124.d,nmdc:procsm-11-6fp7wb10
nmdc:bsm-11-40exhw90,60881_3_B_3_WEOM_r2_Mag_01May24_300SA_p01_15_1_18191.d,nmdc:procsm-11-6fp7wb10
nmdc:bsm-11-40exhw90,60881_3_B_3_WEOM_r3_Mag_01May24_300SA_p01_15_1_18210.d,nmdc:procsm-11-6fp7wb10
nmdc:bsm-11-40exhw90,60881_3_BTM_1_MAOM_r1_Mag_10Feb25_3p3kV_300SA_p01_16_1_23219.d,nmdc:procsm-11-vztwjk23
nmdc:bsm-11-40exhw90,60881_3_BTM_1_MAOM_r2_Mag_10Feb25_3p3kV_300SA_p01_16_1_23239.d,nmdc:procsm-11-vztwjk23
nmdc:bsm-11-40exhw90,60881_3_BTM_1_MAOM_r3_Mag_10Feb25_3p3kV_300SA_p01_16_1_23284.d,nmdc:procsm-11-vztwjk23
nmdc:bsm-11-40exhw90,60881_3_BTM_2_MAOM_r1_Mag_10Feb25_3p3kV_300SA_p01_17_1_23212.d,nmdc:procsm-11-kpqggt53
nmdc:bsm-11-40exhw90,60881_3_BTM_2_MAOM_r2_Mag_10Feb25_3p3kV_300SA_p01_17_1_23264.d,nmdc:procsm-11-kpqggt53
nmdc:bsm-11-40exhw90,60881_3_BTM_2_MAOM_r3_Mag_10Feb25_3p3kV_300SA_p01_17_1_23295.d,nmdc:procsm-11-kpqggt53
nmdc:bsm-11-40exhw90,60881_3_BTM_3_MAOM_r1_Mag_10Feb25_3p3kV_300SA_p01_18_1_23206.d,nmdc:procsm-11-y0mh4160
nmdc:bsm-11-40exhw90,60881_3_BTM_3_MAOM_r2_Mag_10Feb25_3p3kV_300SA_p01_18_1_23256.d,nmdc:procsm-11-y0mh4160
nmdc:bsm-11-40exhw90,60881_3_BTM_3_MAOM_r3_Mag_10Feb25_3p3kV_300SA_p01_18_1_23301.d,nmdc:procsm-11-y0mh4160
nmdc:bsm-11-1j2zwp66,60881_3_T_1_WEOM_r1_Mag_01May24_300SA_p01_10_1_18115.d,nmdc:procsm-11-1xf07r36
nmdc:bsm-11-1j2zwp66,60881_3_T_1_WEOM_r2_Mag_01May24_300SA_p01_10_1_18144.d,nmdc:procsm-11-1xf07r36
nmdc:bsm-11-1j2zwp66,60881_3_T_1_WEOM_r3_Mag_01May24_300SA_p01_10_1_18244.d,nmdc:procsm-11-1xf07r36
nmdc:bsm-11-1j2zwp66,60881_3_T_2_WEOM_r1_Mag_01May24_300SA_p01_11_1_18083.d,nmdc:procsm-11-gk7dw771
nmdc:bsm-11-1j2zwp66,60881_3_T_2_WEOM_r2_Mag_01May24_300SA_p01_11_1_18134.d,nmdc:procsm-11-gk7dw771
nmdc:bsm-11-1j2zwp66,60881_3_T_2_WEOM_r3_Mag_01May24_300SA_p01_11_1_18211.d,nmdc:procsm-11-gk7dw771
nmdc:bsm-11-1j2zwp66,60881_3_T_3_WEOM_r1_Mag_01May24_300SA_p01_12_1_18106.d,nmdc:procsm-11-gjxkx909
nmdc:bsm-11-1j2zwp66,60881_3_T_3_WEOM_r2_Mag_01May24_300SA_p01_12_1_18192.d,nmdc:procsm-11-gjxkx909
nmdc:bsm-11-1j2zwp66,60881_3_T_3_WEOM_r3_Mag_01May24_300SA_p01_12_1_18203.d,nmdc:procsm-11-gjxkx909
nmdc:bsm-11-1j2zwp66,60881_3_TOP_1_MAOM_r1_Mag_10Feb25_3p3kV_300SA_p01_13_1_23223.d,nmdc:procsm-11-xbw6yt81
nmdc:bsm-11-1j2zwp66,60881_3_TOP_1_MAOM_r2_Mag_10Feb25_3p3kV_300SA_p01_13_1_23253.d,nmdc:procsm-11-xbw6yt81
nmdc:bsm-11-1j2zwp66,60881_3_TOP_1_MAOM_r3_Mag_10Feb25_3p3kV_300SA_p01_13_1_23279.d,nmdc:procsm-11-xbw6yt81
nmdc:bsm-11-1j2zwp66,60881_3_TOP_2_MAOM_r1_Mag_10Feb25_3p3kV_300SA_p01_14_1_23204.d,nmdc:procsm-11-snsgwa81
nmdc:bsm-11-1j2zwp66,60881_3_TOP_2_MAOM_r2_Mag_10Feb25_3p3kV_300SA_p01_14_1_23268.d,nmdc:procsm-11-snsgwa81
nmdc:bsm-11-1j2zwp66,60881_3_TOP_2_MAOM_r3_Mag_10Feb25_3p3kV_300SA_p01_14_1_23290.d,nmdc:procsm-11-snsgwa81
nmdc:bsm-11-1j2zwp66,60881_3_TOP_3_MAOM_r1_Mag_10Feb25_3p3kV_300SA_p01_15_1_23210.d,nmdc:procsm-11-27q8g722
nmdc:bsm-11-1j2zwp66,60881_3_TOP_3_MAOM_r2_Mag_10Feb25_3p3kV_300SA_p01_15_1_23260.d,nmdc:procsm-11-27q8g722
nmdc:bsm-11-1j2zwp66,60881_3_TOP_3_MAOM_r3_Mag_10Feb25_3p3kV_300SA_p01_15_1_23315.d,nmdc:procsm-11-27q8g722
nmdc:bsm-11-tnf8y875,60881_4_B_1_WEOM_r1_Mag_01May24_300SA_p01_19_1_18110.d,nmdc:procsm-11-f8er9c86
nmdc:bsm-11-tnf8y875,60881_4_B_1_WEOM_r2_Mag_01May24_300SA_p01_19_1_18153.d,nmdc:procsm-11-f8er9c86
nmdc:bsm-11-tnf8y875,60881_4_B_1_WEOM_r3_Mag_01May24_300SA_p01_19_1_18197.d,nmdc:procsm-11-f8er9c86
nmdc:bsm-11-tnf8y875,60881_4_B_2_WEOM_r1_Mag_01May24_300SA_p01_20_1_18066.d,nmdc:procsm-11-q3xc5s25
nmdc:bsm-11-tnf8y875,60881_4_B_2_WEOM_r2_Mag_01May24_300SA_p01_20_1_18178.d,nmdc:procsm-11-q3xc5s25
nmdc:bsm-11-tnf8y875,60881_4_B_2_WEOM_r3_Mag_01May24_300SA_p01_20_1_18212.d,nmdc:procsm-11-q3xc5s25
nmdc:bsm-11-tnf8y875,60881_4_B_3_WEOM_r1_Mag_01May24_300SA_p01_21_1_18101.d,nmdc:procsm-11-yedam874
nmdc:bsm-11-tnf8y875,60881_4_B_3_WEOM_r2_Mag_01May24_300SA_p01_21_1_18132.d,nmdc:procsm-11-yedam874
nmdc:bsm-11-tnf8y875,60881_4_B_3_WEOM_r3_Mag_01May24_300SA_p01_21_1_18256.d,nmdc:procsm-11-yedam874
nmdc:bsm-11-tnf8y875,60881_4_BTM_1_MAOM_r1_Mag_10Feb25_3p3kV_300SA_p01_22_1_23232.d,nmdc:procsm-11-7psmxq45
nmdc:bsm-11-tnf8y875,60881_4_BTM_1_MAOM_r2_Mag_10Feb25_3p3kV_300SA_p01_22_1_23262.d,nmdc:procsm-11-7psmxq45
nmdc:bsm-11-tnf8y875,60881_4_BTM_1_MAOM_r3_Mag_10Feb25_3p3kV_300SA_p01_22_1_23307.d,nmdc:procsm-11-7psmxq45
nmdc:bsm-11-tnf8y875,60881_4_BTM_2_MAOM_r1_Mag_10Feb25_3p3kV_300SA_p01_23_1_23211.d,nmdc:procsm-11-e9x5aq38
nmdc:bsm-11-tnf8y875,60881_4_BTM_2_MAOM_r2_Mag_10Feb25_3p3kV_300SA_p01_23_1_23258.d,nmdc:procsm-11-e9x5aq38
nmdc:bsm-11-tnf8y875,60881_4_BTM_2_MAOM_r3_Mag_10Feb25_3p3kV_300SA_p01_23_1_23317.d,nmdc:procsm-11-e9x5aq38
nmdc:bsm-11-tnf8y875,60881_4_BTM_3_MAOM_r1_Mag_10Feb25_3p3kV_300SA_p01_24_1_23196.d,nmdc:procsm-11-pd6kwg35
nmdc:bsm-11-tnf8y875,60881_4_BTM_3_MAOM_r2_Mag_10Feb25_3p3kV_300SA_p01_24_1_23263.d,nmdc:procsm-11-pd6kwg35
nmdc:bsm-11-tnf8y875,60881_4_BTM_3_MAOM_r3_Mag_10Feb25_3p3kV_300SA_p01_24_1_23303.d,nmdc:procsm-11-pd6kwg35
nmdc:bsm-11-03e00r49,60881_4_T_1_WEOM_r1_Mag_01May24_300SA_p01_16_1_18094.d,nmdc:procsm-11-z5ebha28
nmdc:bsm-11-03e00r49,60881_4_T_1_WEOM_r2_Mag_01May24_300SA_p01_16_1_18163.d,nmdc:procsm-11-z5ebha28
nmdc:bsm-11-03e00r49,60881_4_T_1_WEOM_r3_Mag_01May24_300SA_p01_16_1_18215.d,nmdc:procsm-11-z5ebha28
nmdc:bsm-11-03e00r49,60881_4_T_2_WEOM_r1_Mag_01May24_300SA_p01_17_1_18113.d,nmdc:procsm-11-2e6g0r40
nmdc:bsm-11-03e00r49,60881_4_T_2_WEOM_r2_Mag_01May24_300SA_p01_17_1_18136.d,nmdc:procsm-11-2e6g0r40
nmdc:bsm-11-03e00r49,60881_4_T_2_WEOM_r3_Mag_01May24_300SA_p01_17_1_18240.d,nmdc:procsm-11-2e6g0r40
nmdc:bsm-11-03e00r49,60881_4_T_3_WEOM_r1_Mag_01May24_300SA_p01_18_1_18100.d,nmdc:procsm-11-8qv3rn83
nmdc:bsm-11-03e00r49,60881_4_T_3_WEOM_r2_Mag_01May24_300SA_p01_18_1_18179.d,nmdc:procsm-11-8qv3rn83
nmdc:bsm-11-03e00r49,60881_4_T_3_WEOM_r3_Mag_01May24_300SA_p01_18_1_18209.d,nmdc:procsm-11-8qv3rn83
nmdc:bsm-11-03e00r49,60881_4_TOP_1_MAOM_r1_Mag_10Feb25_3p3kV_300SA_p01_19_1_23218.d,nmdc:procsm-11-5ktsr753
nmdc:bsm-11-03e00r49,60881_4_TOP_1_MAOM_r2_Mag_10Feb25_3p3kV_300SA_p01_19_1_23249.d,nmdc:procsm-11-5ktsr753
nmdc:bsm-11-03e00r49,60881_4_TOP_1_MAOM_r3_Mag_10Feb25_3p3kV_300SA_p01_19_1_23296.d,nmdc:procsm-11-5ktsr753
nmdc:bsm-11-03e00r49,60881_4_TOP_2_MAOM_r1_Mag_10Feb25_3p3kV_300SA_p01_20_1_23234.d,nmdc:procsm-11-h3kzj339
nmdc:bsm-11-03e00r49,60881_4_TOP_2_MAOM_r2_Mag_10Feb25_3p3kV_300SA_p01_20_1_23240.d,nmdc:procsm-11-h3kzj339
nmdc:bsm-11-03e00r49,60881_4_TOP_2_MAOM_r3_Mag_10Feb25_3p3kV_300SA_p01_20_1_23302.d,nmdc:procsm-11-h3kzj339
nmdc:bsm-11-03e00r49,60881_4_TOP_3_MAOM_r1_Mag_10Feb25_3p3kV_300SA_p01_21_1_23235.d,nmdc:procsm-11-vvad0n85
nmdc:bsm-11-03e00r49,60881_4_TOP_3_MAOM_r2_Mag_10Feb25_3p3kV_300SA_p01_21_1_23247.d,nmdc:procsm-11-vvad0n85
nmdc:bsm-11-03e00r49,60881_4_TOP_3_MAOM_r3_Mag_10Feb25_3p3kV_300SA_p01_21_1_23309.d,nmdc:procsm-11-vvad0n85
nmdc:bsm-11-bznks112,60881_5_B_1_WEOM_r1_Mag_01May24_300SA_p01_25_1_18070.d,nmdc:procsm-11-qp418872
nmdc:bsm-11-bznks112,60881_5_B_1_WEOM_r2_Mag_01May24_300SA_p01_25_1_18182.d,nmdc:procsm-11-qp418872
nmdc:bsm-11-bznks112,60881_5_B_1_WEOM_r3_Mag_01May24_300SA_p01_25_1_18232.d,nmdc:procsm-11-qp418872
nmdc:bsm-11-bznks112,60881_5_B_2_WEOM_r1_Mag_01May24_300SA_p01_26_1_18120.d,nmdc:procsm-11-v124tn53
nmdc:bsm-11-bznks112,60881_5_B_2_WEOM_r2_Mag_01May24_300SA_p01_26_1_18177.d,nmdc:procsm-11-v124tn53
nmdc:bsm-11-bznks112,60881_5_B_2_WEOM_r3_Mag_01May24_300SA_p01_26_1_18223.d,nmdc:procsm-11-v124tn53
nmdc:bsm-11-bznks112,60881_5_B_3_WEOM_r1_Mag_01May24_300SA_p01_27_1_18098.d,nmdc:procsm-11-10xjva12
nmdc:bsm-11-bznks112,60881_5_B_3_WEOM_r2_Mag_01May24_300SA_p01_27_1_18133.d,nmdc:procsm-11-10xjva12
nmdc:bsm-11-bznks112,60881_5_B_3_WEOM_r3_Mag_01May24_300SA_p01_27_1_18213.d,nmdc:procsm-11-10xjva12
nmdc:bsm-11-bznks112,60881_5_BTM_1_MAOM_r1_Mag_10Feb25_3p3kV_300SA_p01_28_1_23208.d,nmdc:procsm-11-zw8g8e11
nmdc:bsm-11-bznks112,60881_5_BTM_1_MAOM_r2_Mag_10Feb25_3p3kV_300SA_p01_28_1_23237.d,nmdc:procsm-11-zw8g8e11
nmdc:bsm-11-bznks112,60881_5_BTM_1_MAOM_r3_Mag_10Feb25_3p3kV_300SA_p01_28_1_23319.d,nmdc:procsm-11-zw8g8e11
nmdc:bsm-11-bznks112,60881_5_BTM_2_MAOM_r1_Mag_10Feb25_3p3kV_300SA_p01_29_1_23230.d,nmdc:procsm-11-91d3gr03
nmdc:bsm-11-bznks112,60881_5_BTM_2_MAOM_r2_Mag_10Feb25_3p3kV_300SA_p01_29_1_23238.d,nmdc:procsm-11-91d3gr03
nmdc:bsm-11-bznks112,60881_5_BTM_2_MAOM_r3_Mag_10Feb25_3p3kV_300SA_p01_29_1_23285.d,nmdc:procsm-11-91d3gr03
nmdc:bsm-11-bznks112,60881_5_BTM_3_MAOM_r1_Mag_10Feb25_3p3kV_300SA_p01_30_1_23197.d,nmdc:procsm-11-ym5mrj22
nmdc:bsm-11-bznks112,60881_5_BTM_3_MAOM_r2_Mag_10Feb25_3p3kV_300SA_p01_30_1_23273.d,nmdc:procsm-11-ym5mrj22
nmdc:bsm-11-bznks112,60881_5_BTM_3_MAOM_r3_Mag_10Feb25_3p3kV_300SA_p01_30_1_23286.d,nmdc:procsm-11-ym5mrj22
nmdc:bsm-11-jgwzbt27,60881_5_T_1_WEOM_r1_Mag_01May24_300SA_p01_22_1_18072.d,nmdc:procsm-11-15db4s27
nmdc:bsm-11-jgwzbt27,60881_5_T_1_WEOM_r2_Mag_01May24_300SA_p01_22_1_18147.d,nmdc:procsm-11-15db4s27
nmdc:bsm-11-jgwzbt27,60881_5_T_1_WEOM_r3_Mag_01May24_300SA_p01_22_1_18235.d,nmdc:procsm-11-15db4s27
nmdc:bsm-11-jgwzbt27,60881_5_T_2_WEOM_r1_Mag_01May24_300SA_p01_23_1_18127.d,nmdc:procsm-11-y35wgg97
nmdc:bsm-11-jgwzbt27,60881_5_T_2_WEOM_r2_Mag_01May24_300SA_p01_23_1_18187.d,nmdc:procsm-11-y35wgg97
nmdc:bsm-11-jgwzbt27,60881_5_T_2_WEOM_r3_Mag_01May24_300SA_p01_23_1_18218.d,nmdc:procsm-11-y35wgg97
nmdc:bsm-11-jgwzbt27,60881_5_T_3_WEOM_r1_Mag_01May24_300SA_p01_24_1_18117.d,nmdc:procsm-11-gm164860
nmdc:bsm-11-jgwzbt27,60881_5_T_3_WEOM_r2_Mag_01May24_300SA_p01_24_1_18169.d,nmdc:procsm-11-gm164860
nmdc:bsm-11-jgwzbt27,60881_5_T_3_WEOM_r3_Mag_01May24_300SA_p01_24_1_18242.d,nmdc:procsm-11-gm164860
nmdc:bsm-11-jgwzbt27,60881_5_TOP_1_MAOM_r1_Mag_10Feb25_3p3kV_300SA_p01_25_1_23203.d,nmdc:procsm-11-2fpa8b62
nmdc:bsm-11-jgwzbt27,60881_5_TOP_1_MAOM_r2_Mag_10Feb25_3p3kV_300SA_p01_25_1_23242.d,nmdc:procsm-11-2fpa8b62
nmdc:bsm-11-jgwzbt27,60881_5_TOP_1_MAOM_r3_Mag_10Feb25_3p3kV_300SA_p01_25_1_23293.d,nmdc:procsm-11-2fpa8b62
nmdc:bsm-11-jgwzbt27,60881_5_TOP_2_MAOM_r1_Mag_10Feb25_3p3kV_300SA_p01_26_1_23216.d,nmdc:procsm-11-89832320
nmdc:bsm-11-jgwzbt27,60881_5_TOP_2_MAOM_r2_Mag_10Feb25_3p3kV_300SA_p01_26_1_23277.d,nmdc:procsm-11-89832320
nmdc:bsm-11-jgwzbt27,60881_5_TOP_2_MAOM_r3_Mag_10Feb25_3p3kV_300SA_p01_26_1_23313.d,nmdc:procsm-11-89832320
nmdc:bsm-11-jgwzbt27,60881_5_TOP_3_MAOM_r1_Mag_10Feb25_3p3kV_300SA_p01_27_1_23213.d,nmdc:procsm-11-sdncc671
nmdc:bsm-11-jgwzbt27,60881_5_TOP_3_MAOM_r2_Mag_10Feb25_3p3kV_300SA_p01_27_1_23236.d,nmdc:procsm-11-sdncc671
nmdc:bsm-11-jgwzbt27,60881_5_TOP_3_MAOM_r3_Mag_10Feb25_3p3kV_300SA_p01_27_1_23294.d,nmdc:procsm-11-sdncc671
nmdc:bsm-11-9a8tgq19,60881_6_B_1_WEOM_r1_Mag_01May24_300SA_p01_30_1_18102.d,nmdc:procsm-11-bzxs9r66
nmdc:bsm-11-9a8tgq19,60881_6_B_1_WEOM_r2_Mag_01May24_300SA_p01_30_1_18171.d,nmdc:procsm-11-bzxs9r66
nmdc:bsm-11-9a8tgq19,60881_6_B_1_WEOM_r3_Mag_01May24_300SA_p01_30_1_18250.d,nmdc:procsm-11-bzxs9r66
nmdc:bsm-11-9a8tgq19,60881_6_B_2_WEOM_r1_Mag_01May24_300SA_p01_31_1_18093.d,nmdc:procsm-11-tx0sfb29
nmdc:bsm-11-9a8tgq19,60881_6_B_2_WEOM_r2_Mag_01May24_300SA_p01_31_1_18164.d,nmdc:procsm-11-tx0sfb29
nmdc:bsm-11-9a8tgq19,60881_6_B_2_WEOM_r3_Mag_01May24_300SA_p01_31_1_18246.d,nmdc:procsm-11-tx0sfb29
nmdc:bsm-11-9a8tgq19,60881_6_B_3_WEOM_r1_Mag_01May24_300SA_p01_32_1_18079.d,nmdc:procsm-11-15zqv220
nmdc:bsm-11-9a8tgq19,60881_6_B_3_WEOM_r2_Mag_01May24_300SA_p01_32_1_18159.d,nmdc:procsm-11-15zqv220
nmdc:bsm-11-9a8tgq19,60881_6_B_3_WEOM_r3_Mag_01May24_300SA_p01_32_1_18245.d,nmdc:procsm-11-15zqv220
nmdc:bsm-11-9a8tgq19,60881_6_BTM_1_MAOM_r1_Mag_10Feb25_3p3kV_300SA_p01_34_1_23198.d,nmdc:procsm-11-qmqwwx15
nmdc:bsm-11-9a8tgq19,60881_6_BTM_1_MAOM_r2_Mag_10Feb25_3p3kV_300SA_p01_34_1_23275.d,nmdc:procsm-11-qmqwwx15
nmdc:bsm-11-9a8tgq19,60881_6_BTM_1_MAOM_r3_Mag_10Feb25_3p3kV_300SA_p01_34_1_23289.d,nmdc:procsm-11-qmqwwx15
nmdc:bsm-11-9a8tgq19,60881_6_BTM_2_MAOM_r1_Mag_10Feb25_3p3kV_300SA_p01_35_1_23194.d,nmdc:procsm-11-qrdn2j59
nmdc:bsm-11-9a8tgq19,60881_6_BTM_2_MAOM_r2_Mag_10Feb25_3p3kV_300SA_p01_35_1_23269.d,nmdc:procsm-11-qrdn2j59
nmdc:bsm-11-9a8tgq19,60881_6_BTM_2_MAOM_r3_Mag_10Feb25_3p3kV_300SA_p01_35_1_23304.d,nmdc:procsm-11-qrdn2j59
nmdc:bsm-11-9a8tgq19,60881_6_BTM_3_MAOM_r1_Mag_10Feb25_3p3kV_300SA_p01_36_1_23217.d,nmdc:procsm-11-5ep4my55
nmdc:bsm-11-9a8tgq19,60881_6_BTM_3_MAOM_r2_Mag_10Feb25_3p3kV_300SA_p01_36_1_23259.d,nmdc:procsm-11-5ep4my55
nmdc:bsm-11-9a8tgq19,60881_6_BTM_3_MAOM_r3_Mag_10Feb25_3p3kV_300SA_p01_36_1_23316.d,nmdc:procsm-11-5ep4my55
nmdc:bsm-11-bv6tv085,60881_6_T_1_WEOM_r1_Mag_01May24_300SA_p01_28_1_18068.d,nmdc:procsm-11-6cfee317
nmdc:bsm-11-bv6tv085,60881_6_T_1_WEOM_r2_Mag_01May24_300SA_p01_28_1_18183.d,nmdc:procsm-11-6cfee317
nmdc:bsm-11-bv6tv085,60881_6_T_1_WEOM_r3_Mag_01May24_300SA_p01_28_1_18220.d,nmdc:procsm-11-6cfee317
nmdc:bsm-11-bv6tv085,60881_6_T_2_WEOM_r1_Mag_01May24_300SA_p01_29_1_18126.d,nmdc:procsm-11-qrd7k555
nmdc:bsm-11-bv6tv085,60881_6_T_2_WEOM_r2_Mag_01May24_300SA_p01_29_1_18188.d,nmdc:procsm-11-qrd7k555
nmdc:bsm-11-bv6tv085,60881_6_T_2_WEOM_r3_Mag_01May24_300SA_p01_29_1_18241.d,nmdc:procsm-11-qrd7k555
nmdc:bsm-11-bv6tv085,60881_6_TOP_1_MAOM_r1_Mag_10Feb25_3p3kV_300SA_p01_31_1_23227.d,nmdc:procsm-11-8hjg1355
nmdc:bsm-11-bv6tv085,60881_6_TOP_1_MAOM_r2_Mag_10Feb25_3p3kV_300SA_p01_31_1_23267.d,nmdc:procsm-11-8hjg1355
nmdc:bsm-11-bv6tv085,60881_6_TOP_1_MAOM_r3_Mag_10Feb25_3p3kV_300SA_p01_31_1_23292.d,nmdc:procsm-11-8hjg1355
nmdc:bsm-11-bv6tv085,60881_6_TOP_2_MAOM_r1_Mag_10Feb25_3p3kV_300SA_p01_32_1_23224.d,nmdc:procsm-11-6615rv86
nmdc:bsm-11-bv6tv085,60881_6_TOP_2_MAOM_r2_Mag_10Feb25_3p3kV_300SA_p01_32_1_23250.d,nmdc:procsm-11-6615rv86
nmdc:bsm-11-bv6tv085,60881_6_TOP_2_MAOM_r3_Mag_10Feb25_3p3kV_300SA_p01_32_1_23300.d,nmdc:procsm-11-6615rv86
nmdc:bsm-11-bv6tv085,60881_6_TOP_3_MAOM_r1_Mag_10Feb25_3p3kV_300SA_p01_33_1_23220.d,nmdc:procsm-11-nkw11s91
nmdc:bsm-11-bv6tv085,60881_6_TOP_3_MAOM_r2_Mag_10Feb25_3p3kV_300SA_p01_33_1_23272.d,nmdc:procsm-11-nkw11s91
nmdc:bsm-11-bv6tv085,60881_6_TOP_3_MAOM_r3_Mag_10Feb25_3p3kV_300SA_p01_33_1_23278.d,nmdc:procsm-11-nkw11s91
nmdc:bsm-11-a1n8m774,60920_1_B_1_WEOM_r1_Mag_21Dec23_300SA_p01_2_1_13994.d,nmdc:procsm-11-y92bgx20
nmdc:bsm-11-a1n8m774,60920_1_B_1_WEOM_r2_Mag_21Dec23_300SA_p01_2_1_14081.d,nmdc:procsm-11-y92bgx20
nmdc:bsm-11-a1n8m774,60920_1_B_1_WEOM_r3_Mag_21Dec23_300SA_p01_2_1_14138.d,nmdc:procsm-11-y92bgx20
nmdc:bsm-11-a1n8m774,60920_1_B_2_WEOM_r1_Mag_21Dec23_300SA_p01_21_1_14020.d,nmdc:procsm-11-8ghzv146
nmdc:bsm-11-a1n8m774,60920_1_B_2_WEOM_r2_Mag_21Dec23_300SA_p01_21_1_14086.d,nmdc:procsm-11-8ghzv146
nmdc:bsm-11-a1n8m774,60920_1_B_2_WEOM_r3_Mag_21Dec23_300SA_p01_21_1_14173.d,nmdc:procsm-11-8ghzv146
nmdc:bsm-11-a1n8m774,60920_1_B_3_WEOM_r1_Mag_21Dec23_300SA_p01_2_1_14035.d,nmdc:procsm-11-bzzkh547
nmdc:bsm-11-a1n8m774,60920_1_B_3_WEOM_r2_Mag_21Dec23_300SA_p01_2_1_14109.d,nmdc:procsm-11-bzzkh547
nmdc:bsm-11-a1n8m774,60920_1_B_3_WEOM_r3_Mag_21Dec23_300SA_p01_2_1_14182.d,nmdc:procsm-11-bzzkh547
nmdc:bsm-11-a1n8m774,60920_1_BTM_1_MAOM_r1_Mag_19Feb25_3p3kV_300SA_p01_4_1_23363.d,nmdc:procsm-11-nj446153
nmdc:bsm-11-a1n8m774,60920_1_BTM_1_MAOM_r2_Mag_19Feb25_3p3kV_300SA_p01_4_1_23400.d,nmdc:procsm-11-nj446153
nmdc:bsm-11-a1n8m774,60920_1_BTM_1_MAOM_r3_Mag_19Feb25_3p3kV_300SA_p01_4_1_23437.d,nmdc:procsm-11-nj446153
nmdc:bsm-11-a1n8m774,60920_1_BTM_2_MAOM_r1_Mag_19Feb25_3p3kV_300SA_p01_5_1_23374.d,nmdc:procsm-11-y0nw8m25
nmdc:bsm-11-a1n8m774,60920_1_BTM_2_MAOM_r2_Mag_19Feb25_3p3kV_300SA_p01_5_1_23398.d,nmdc:procsm-11-y0nw8m25
nmdc:bsm-11-a1n8m774,60920_1_BTM_2_MAOM_r3_Mag_19Feb25_3p3kV_300SA_p01_5_1_23422.d,nmdc:procsm-11-y0nw8m25
nmdc:bsm-11-a1n8m774,60920_1_BTM_3_MAOM_r1_Mag_19Feb25_3p3kV_300SA_p01_6_1_23370.d,nmdc:procsm-11-4bge5d38
nmdc:bsm-11-a1n8m774,60920_1_BTM_3_MAOM_r2_Mag_19Feb25_3p3kV_300SA_p01_6_1_23390.d,nmdc:procsm-11-4bge5d38
nmdc:bsm-11-a1n8m774,60920_1_BTM_3_MAOM_r3_Mag_19Feb25_3p3kV_300SA_p01_6_1_23428.d,nmdc:procsm-11-4bge5d38
nmdc:bsm-11-hd837a83,60920_1_T_1_WEOM_r1_Mag_21Dec23_300SA_p01_1_1_14006.d,nmdc:procsm-11-nv2drt14
nmdc:bsm-11-hd837a83,60920_1_T_1_WEOM_r2_Mag_21Dec23_300SA_p01_1_1_14073.d,nmdc:procsm-11-nv2drt14
nmdc:bsm-11-hd837a83,60920_1_T_1_WEOM_r3_Mag_21Dec23_300SA_p01_1_1_14148.d,nmdc:procsm-11-nv2drt14
nmdc:bsm-11-hd837a83,60920_1_T_2_WEOM_r1_Mag_21Dec23_300SA_p01_20_1_14019.d,nmdc:procsm-11-najsdd44
nmdc:bsm-11-hd837a83,60920_1_T_2_WEOM_r2_Mag_21Dec23_300SA_p01_20_1_14087.d,nmdc:procsm-11-najsdd44
nmdc:bsm-11-hd837a83,60920_1_T_2_WEOM_r3_Mag_21Dec23_300SA_p01_20_1_14172.d,nmdc:procsm-11-najsdd44
nmdc:bsm-11-hd837a83,60920_1_T_3_WEOM_r1_Mag_21Dec23_300SA_p01_1_1_14042.d,nmdc:procsm-11-545afc43
nmdc:bsm-11-hd837a83,60920_1_T_3_WEOM_r2_Mag_21Dec23_300SA_p01_1_1_14114.d,nmdc:procsm-11-545afc43
nmdc:bsm-11-hd837a83,60920_1_T_3_WEOM_r3_Mag_21Dec23_300SA_p01_1_1_14190.d,nmdc:procsm-11-545afc43
nmdc:bsm-11-hd837a83,60920_1_TOP_1_MAOM_r1_Mag_19Feb25_3p3kV_300SA_p01_1_1_23366.d,nmdc:procsm-11-8hp4xd79
nmdc:bsm-11-hd837a83,60920_1_TOP_1_MAOM_r2_Mag_19Feb25_3p3kV_300SA_p01_1_1_23379.d,nmdc:procsm-11-8hp4xd79
nmdc:bsm-11-hd837a83,60920_1_TOP_1_MAOM_r3_Mag_19Feb25_3p3kV_300SA_p01_1_1_23453.d,nmdc:procsm-11-8hp4xd79
nmdc:bsm-11-hd837a83,60920_1_TOP_2_MAOM_r1_Mag_19Feb25_3p3kV_300SA_p01_2_1_23377.d,nmdc:procsm-11-59t5w879
nmdc:bsm-11-hd837a83,60920_1_TOP_2_MAOM_r2_Mag_19Feb25_3p3kV_300SA_p01_2_1_23382.d,nmdc:procsm-11-59t5w879
nmdc:bsm-11-hd837a83,60920_1_TOP_2_MAOM_r3_Mag_19Feb25_3p3kV_300SA_p01_2_1_23444.d,nmdc:procsm-11-59t5w879
nmdc:bsm-11-hd837a83,60920_1_TOP_3_MAOM_r1_Mag_19Feb25_3p3kV_300SA_p01_3_1_23369.d,nmdc:procsm-11-wtz1fa34
nmdc:bsm-11-hd837a83,60920_1_TOP_3_MAOM_r2_Mag_19Feb25_3p3kV_300SA_p01_3_1_23391.d,nmdc:procsm-11-wtz1fa34
nmdc:bsm-11-hd837a83,60920_1_TOP_3_MAOM_r3_Mag_19Feb25_3p3kV_300SA_p01_3_1_23420.d,nmdc:procsm-11-wtz1fa34
nmdc:bsm-11-pq19kv96,60920_10_T_1_WEOM_r1_Mag_21Dec23_300SA_p01_18_1_13992.d,nmdc:procsm-11-srsfwd83
nmdc:bsm-11-pq19kv96,60920_10_T_1_WEOM_r2_Mag_21Dec23_300SA_p01_18_1_14069.d,nmdc:procsm-11-srsfwd83
nmdc:bsm-11-pq19kv96,60920_10_T_1_WEOM_r3_Mag_21Dec23_300SA_p01_18_1_14153.d,nmdc:procsm-11-srsfwd83
nmdc:bsm-11-pq19kv96,60920_10_T_2_WEOM_r1_Mag_21Dec23_300SA_p01_37_1_14017.d,nmdc:procsm-11-sxbmsh61
nmdc:bsm-11-pq19kv96,60920_10_T_2_WEOM_r2_Mag_21Dec23_300SA_p01_37_1_14099.d,nmdc:procsm-11-sxbmsh61
nmdc:bsm-11-pq19kv96,60920_10_T_2_WEOM_r3_Mag_21Dec23_300SA_p01_37_1_14175.d,nmdc:procsm-11-sxbmsh61
nmdc:bsm-11-pq19kv96,60920_10_T_3_WEOM_r1_Mag_21Dec23_300SA_p01_18_1_14041.d,nmdc:procsm-11-7apc8k28
nmdc:bsm-11-pq19kv96,60920_10_T_3_WEOM_r2_Mag_21Dec23_300SA_p01_18_1_14122.d,nmdc:procsm-11-7apc8k28
nmdc:bsm-11-pq19kv96,60920_10_T_3_WEOM_r3_Mag_21Dec23_300SA_p01_18_1_14180.d,nmdc:procsm-11-7apc8k28
nmdc:bsm-11-pq19kv96,60920_10_TOP_1_MAOM_r1_Mag_23Dec24_3p3kV_300SA_p01_45_1_21032.d,nmdc:procsm-11-p3tnmq69
nmdc:bsm-11-pq19kv96,60920_10_TOP_1_MAOM_r2_Mag_23Dec24_3p3kV_300SA_p01_45_1_21092.d,nmdc:procsm-11-p3tnmq69
nmdc:bsm-11-pq19kv96,60920_10_TOP_1_MAOM_r3_Mag_23Dec24_3p3kV_300SA_p01_45_1_21146.d,nmdc:procsm-11-p3tnmq69
nmdc:bsm-11-pq19kv96,60920_10_TOP_2_MAOM_r1_Mag_23Dec24_3p3kV_300SA_p01_46_1_21037.d,nmdc:procsm-11-t90yry16
nmdc:bsm-11-pq19kv96,60920_10_TOP_2_MAOM_r2_Mag_23Dec24_3p3kV_300SA_p01_46_1_21081.d,nmdc:procsm-11-t90yry16
nmdc:bsm-11-pq19kv96,60920_10_TOP_2_MAOM_r3_Mag_23Dec24_3p3kV_300SA_p01_46_1_21157.d,nmdc:procsm-11-t90yry16
nmdc:bsm-11-pq19kv96,60920_10_TOP_3_MAOM_r1_Mag_23Dec24_3p3kV_300SA_p01_47_1_21038.d,nmdc:procsm-11-05q36479
nmdc:bsm-11-pq19kv96,60920_10_TOP_3_MAOM_r2_Mag_23Dec24_3p3kV_300SA_p01_47_1_21080.d,nmdc:procsm-11-05q36479
nmdc:bsm-11-pq19kv96,60920_10_TOP_3_MAOM_r3_Mag_23Dec24_3p3kV_300SA_p01_47_1_21136.d,nmdc:procsm-11-05q36479
nmdc:bsm-11-7dqfmc60,60920_11_T_1_WEOM_r1_Mag_21Dec23_300SA_p01_19_1_13987.d,nmdc:procsm-11-ystga590
nmdc:bsm-11-7dqfmc60,60920_11_T_1_WEOM_r1_Mag_21Dec23_300SA_p01_19_1_14007.d,nmdc:procsm-11-ystga590
nmdc:bsm-11-7dqfmc60,60920_11_T_1_WEOM_r2_Mag_21Dec23_300SA_p01_19_1_14060.d,nmdc:procsm-11-ystga590
nmdc:bsm-11-7dqfmc60,60920_11_T_1_WEOM_r2_Mag_21Dec23_300SA_p01_19_1_14074.d,nmdc:procsm-11-ystga590
nmdc:bsm-11-7dqfmc60,60920_11_T_1_WEOM_r3_Mag_21Dec23_300SA_p01_19_1_14139.d,nmdc:procsm-11-ystga590
nmdc:bsm-11-7dqfmc60,60920_11_T_1_WEOM_r3_Mag_21Dec23_300SA_p01_19_1_14141.d,nmdc:procsm-11-ystga590
nmdc:bsm-11-7dqfmc60,60920_11_T_2_WEOM_r1_Mag_21Dec23_300SA_p01_38_1_14028.d,nmdc:procsm-11-qqs80555
nmdc:bsm-11-7dqfmc60,60920_11_T_2_WEOM_r2_Mag_21Dec23_300SA_p01_38_1_14104.d,nmdc:procsm-11-qqs80555
nmdc:bsm-11-7dqfmc60,60920_11_T_2_WEOM_r3_Mag_21Dec23_300SA_p01_38_1_14171.d,nmdc:procsm-11-qqs80555
nmdc:bsm-11-7dqfmc60,60920_11_T_3_WEOM_r1_Mag_21Dec23_300SA_p01_19_1_14044.d,nmdc:procsm-11-ttzmv963
nmdc:bsm-11-7dqfmc60,60920_11_T_3_WEOM_r2_Mag_21Dec23_300SA_p01_19_1_14118.d,nmdc:procsm-11-ttzmv963
nmdc:bsm-11-7dqfmc60,60920_11_T_3_WEOM_r3_Mag_21Dec23_300SA_p01_19_1_14198.d,nmdc:procsm-11-ttzmv963
nmdc:bsm-11-7dqfmc60,60920_11_TOP_1_MAOM_r1_Mag_19Dec24_3p3kV_300SA_p01_48_1_21011.d,nmdc:procsm-11-z7d3cs20
nmdc:bsm-11-7dqfmc60,60920_11_TOP_1_MAOM_r2_Mag_23Dec24_3p3kV_300SA_p01_48_1_21099.d,nmdc:procsm-11-z7d3cs20
nmdc:bsm-11-7dqfmc60,60920_11_TOP_1_MAOM_r3_Mag_23Dec24_3p3kV_300SA_p01_48_1_21155.d,nmdc:procsm-11-z7d3cs20
nmdc:bsm-11-7dqfmc60,60920_11_TOP_2_MAOM_r1_Mag_23Dec24_3p3kV_300SA_p01_49_1_21033.d,nmdc:procsm-11-c08dzc43
nmdc:bsm-11-7dqfmc60,60920_11_TOP_2_MAOM_r2_Mag_23Dec24_3p3kV_300SA_p01_49_1_21086.d,nmdc:procsm-11-c08dzc43
nmdc:bsm-11-7dqfmc60,60920_11_TOP_2_MAOM_r3_Mag_23Dec24_3p3kV_300SA_p01_49_1_21138.d,nmdc:procsm-11-c08dzc43
nmdc:bsm-11-7dqfmc60,60920_11_TOP_3_MAOM_r1_Mag_23Dec24_3p3kV_300SA_p01_50_1_21034.d,nmdc:procsm-11-ac677t31
nmdc:bsm-11-7dqfmc60,60920_11_TOP_3_MAOM_r2_Mag_23Dec24_3p3kV_300SA_p01_50_1_21098.d,nmdc:procsm-11-ac677t31
nmdc:bsm-11-7dqfmc60,60920_11_TOP_3_MAOM_r3_Mag_23Dec24_3p3kV_300SA_p01_50_1_21153.d,nmdc:procsm-11-ac677t31
nmdc:bsm-11-r9zdf051,60920_2_B_1_WEOM_r1_Mag_21Dec23_300SA_p01_4_1_14002.d,nmdc:procsm-11-b3js9v64
nmdc:bsm-11-r9zdf051,60920_2_B_1_WEOM_r2_Mag_21Dec23_300SA_p01_4_1_14064.d,nmdc:procsm-11-b3js9v64
nmdc:bsm-11-r9zdf051,60920_2_B_1_WEOM_r3_Mag_21Dec23_300SA_p01_4_1_14144.d,nmdc:procsm-11-b3js9v64
nmdc:bsm-11-r9zdf051,60920_2_B_2_WEOM_r1_Mag_21Dec23_300SA_p01_23_1_14018.d,nmdc:procsm-11-argv0z03
nmdc:bsm-11-r9zdf051,60920_2_B_2_WEOM_r2_Mag_21Dec23_300SA_p01_23_1_14090.d,nmdc:procsm-11-argv0z03
nmdc:bsm-11-r9zdf051,60920_2_B_2_WEOM_r3_Mag_21Dec23_300SA_p01_23_1_14157.d,nmdc:procsm-11-argv0z03
nmdc:bsm-11-r9zdf051,60920_2_B_3_WEOM_r1_Mag_21Dec23_300SA_p01_4_1_14054.d,nmdc:procsm-11-ad572z36
nmdc:bsm-11-r9zdf051,60920_2_B_3_WEOM_r2_Mag_21Dec23_300SA_p01_4_1_14110.d,nmdc:procsm-11-ad572z36
nmdc:bsm-11-r9zdf051,60920_2_B_3_WEOM_r3_Mag_21Dec23_300SA_p01_4_1_14183.d,nmdc:procsm-11-ad572z36
nmdc:bsm-11-r9zdf051,60920_2_BTM_1_MAOM_r1_Mag_19Feb25_3p3kV_300SA_p01_10_1_23367.d,nmdc:procsm-11-yefftr09
nmdc:bsm-11-r9zdf051,60920_2_BTM_1_MAOM_r2_Mag_19Feb25_3p3kV_300SA_p01_10_1_23392.d,nmdc:procsm-11-yefftr09
nmdc:bsm-11-r9zdf051,60920_2_BTM_1_MAOM_r3_Mag_19Feb25_3p3kV_300SA_p01_10_1_23459.d,nmdc:procsm-11-yefftr09
nmdc:bsm-11-r9zdf051,60920_2_BTM_2_MAOM_r1_Mag_19Feb25_3p3kV_300SA_p01_11_1_23355.d,nmdc:procsm-11-zme94j45
nmdc:bsm-11-r9zdf051,60920_2_BTM_2_MAOM_r2_Mag_19Feb25_3p3kV_300SA_p01_11_1_23406.d,nmdc:procsm-11-zme94j45
nmdc:bsm-11-r9zdf051,60920_2_BTM_2_MAOM_r3_Mag_19Feb25_3p3kV_300SA_p01_11_1_23451.d,nmdc:procsm-11-zme94j45
nmdc:bsm-11-r9zdf051,60920_2_BTM_3_MAOM_r1_Mag_19Feb25_3p3kV_300SA_p01_12_1_23352.d,nmdc:procsm-11-pxjztg98
nmdc:bsm-11-r9zdf051,60920_2_BTM_3_MAOM_r2_Mag_19Feb25_3p3kV_300SA_p01_12_1_23394.d,nmdc:procsm-11-pxjztg98
nmdc:bsm-11-r9zdf051,60920_2_BTM_3_MAOM_r3_Mag_19Feb25_3p3kV_300SA_p01_12_1_23455.d,nmdc:procsm-11-pxjztg98
nmdc:bsm-11-rh9qzh71,60920_2_T_1_WEOM_r1_Mag_21Dec23_300SA_p01_3_1_13995.d,nmdc:procsm-11-mzdmqk95
nmdc:bsm-11-rh9qzh71,60920_2_T_1_WEOM_r2_Mag_21Dec23_300SA_p01_3_1_14078.d,nmdc:procsm-11-mzdmqk95
nmdc:bsm-11-rh9qzh71,60920_2_T_1_WEOM_r3_Mag_21Dec23_300SA_p01_3_1_14133.d,nmdc:procsm-11-mzdmqk95
nmdc:bsm-11-rh9qzh71,60920_2_T_2_WEOM_r1_Mag_21Dec23_300SA_p01_22_1_14023.d,nmdc:procsm-11-6fnqdf53
nmdc:bsm-11-rh9qzh71,60920_2_T_2_WEOM_r2_Mag_21Dec23_300SA_p01_22_1_14101.d,nmdc:procsm-11-6fnqdf53
nmdc:bsm-11-rh9qzh71,60920_2_T_2_WEOM_r3_Mag_21Dec23_300SA_p01_22_1_14168.d,nmdc:procsm-11-6fnqdf53
nmdc:bsm-11-rh9qzh71,60920_2_T_3_WEOM_r1_Mag_21Dec23_300SA_p01_3_1_14049.d,nmdc:procsm-11-dtk6vs05
nmdc:bsm-11-rh9qzh71,60920_2_T_3_WEOM_r2_Mag_21Dec23_300SA_p01_3_1_14112.d,nmdc:procsm-11-dtk6vs05
nmdc:bsm-11-rh9qzh71,60920_2_T_3_WEOM_r3_Mag_21Dec23_300SA_p01_3_1_14196.d,nmdc:procsm-11-dtk6vs05
nmdc:bsm-11-rh9qzh71,60920_2_TOP_1_MAOM_r1_Mag_19Feb25_3p3kV_300SA_p01_7_1_23344.d,nmdc:procsm-11-557v6c86
nmdc:bsm-11-rh9qzh71,60920_2_TOP_1_MAOM_r2_Mag_19Feb25_3p3kV_300SA_p01_7_1_23393.d,nmdc:procsm-11-557v6c86
nmdc:bsm-11-rh9qzh71,60920_2_TOP_1_MAOM_r3_Mag_19Feb25_3p3kV_300SA_p01_7_1_23457.d,nmdc:procsm-11-557v6c86
nmdc:bsm-11-rh9qzh71,60920_2_TOP_2_MAOM_r1_Mag_19Feb25_3p3kV_300SA_p01_8_1_23340.d,nmdc:procsm-11-9a7kdc62
nmdc:bsm-11-rh9qzh71,60920_2_TOP_2_MAOM_r2_Mag_19Feb25_3p3kV_300SA_p01_8_1_23419.d,nmdc:procsm-11-9a7kdc62
nmdc:bsm-11-rh9qzh71,60920_2_TOP_2_MAOM_r3_Mag_19Feb25_3p3kV_300SA_p01_8_1_23439.d,nmdc:procsm-11-9a7kdc62
nmdc:bsm-11-rh9qzh71,60920_2_TOP_3_MAOM_r1_Mag_19Feb25_3p3kV_300SA_p01_9_1_23350.d,nmdc:procsm-11-kxx3ep39
nmdc:bsm-11-rh9qzh71,60920_2_TOP_3_MAOM_r2_Mag_19Feb25_3p3kV_300SA_p01_9_1_23415.d,nmdc:procsm-11-kxx3ep39
nmdc:bsm-11-rh9qzh71,60920_2_TOP_3_MAOM_r3_Mag_19Feb25_3p3kV_300SA_p01_9_1_23458.d,nmdc:procsm-11-kxx3ep39
nmdc:bsm-11-js7fx643,60920_3_B_1_WEOM_r1_Mag_21Dec23_300SA_p01_6_1_14010.d,nmdc:procsm-11-9dr4nk45
nmdc:bsm-11-js7fx643,60920_3_B_1_WEOM_r2_Mag_21Dec23_300SA_p01_6_1_14067.d,nmdc:procsm-11-9dr4nk45
nmdc:bsm-11-js7fx643,60920_3_B_1_WEOM_r3_Mag_21Dec23_300SA_p01_6_1_14146.d,nmdc:procsm-11-9dr4nk45
nmdc:bsm-11-js7fx643,60920_3_B_2_WEOM_r1_Mag_21Dec23_300SA_p01_25_1_14027.d,nmdc:procsm-11-b44b4p16
nmdc:bsm-11-js7fx643,60920_3_B_2_WEOM_r2_Mag_21Dec23_300SA_p01_25_1_14083.d,nmdc:procsm-11-b44b4p16
nmdc:bsm-11-js7fx643,60920_3_B_2_WEOM_r3_Mag_21Dec23_300SA_p01_25_1_14166.d,nmdc:procsm-11-b44b4p16
nmdc:bsm-11-js7fx643,60920_3_B_3_WEOM_r1_Mag_21Dec23_300SA_p01_6_1_14043.d,nmdc:procsm-11-1ekxb459
nmdc:bsm-11-js7fx643,60920_3_B_3_WEOM_r2_Mag_21Dec23_300SA_p01_6_1_14123.d,nmdc:procsm-11-1ekxb459
nmdc:bsm-11-js7fx643,60920_3_B_3_WEOM_r3_Mag_21Dec23_300SA_p01_6_1_14192.d,nmdc:procsm-11-1ekxb459
nmdc:bsm-11-js7fx643,60920_3_BTM_1_MAOM_r1_Mag_19Feb25_3p3kV_300SA_p01_16_1_23346.d,nmdc:procsm-11-evzd7629
nmdc:bsm-11-js7fx643,60920_3_BTM_1_MAOM_r2_Mag_19Feb25_3p3kV_300SA_p01_16_1_23417.d,nmdc:procsm-11-evzd7629
nmdc:bsm-11-js7fx643,60920_3_BTM_1_MAOM_r3_Mag_19Feb25_3p3kV_300SA_p01_16_1_23445.d,nmdc:procsm-11-evzd7629
nmdc:bsm-11-js7fx643,60920_3_BTM_2_MAOM_r1_Mag_19Feb25_3p3kV_300SA_p01_17_1_23368.d,nmdc:procsm-11-98yz5h52
nmdc:bsm-11-js7fx643,60920_3_BTM_2_MAOM_r2_Mag_19Feb25_3p3kV_300SA_p01_17_1_23388.d,nmdc:procsm-11-98yz5h52
nmdc:bsm-11-js7fx643,60920_3_BTM_2_MAOM_r3_Mag_19Feb25_3p3kV_300SA_p01_17_1_23438.d,nmdc:procsm-11-98yz5h52
nmdc:bsm-11-js7fx643,60920_3_BTM_3_MAOM_r1_Mag_19Feb25_3p3kV_300SA_p01_18_1_23375.d,nmdc:procsm-11-p66fzm24
nmdc:bsm-11-js7fx643,60920_3_BTM_3_MAOM_r2_Mag_19Feb25_3p3kV_300SA_p01_18_1_23404.d,nmdc:procsm-11-p66fzm24
nmdc:bsm-11-js7fx643,60920_3_BTM_3_MAOM_r3_Mag_19Feb25_3p3kV_300SA_p01_18_1_23433.d,nmdc:procsm-11-p66fzm24
nmdc:bsm-11-gzkzbg65,60920_3_T_1_WEOM_r1_Mag_21Dec23_300SA_p01_5_1_13990.d,nmdc:procsm-11-tathem36
nmdc:bsm-11-gzkzbg65,60920_3_T_1_WEOM_r3_Mag_21Dec23_300SA_p01_5_1_14137.d,nmdc:procsm-11-tathem36
nmdc:bsm-11-gzkzbg65,60920_3_T_2_WEOM_r1_Mag_21Dec23_300SA_p01_24_1_14029.d,nmdc:procsm-11-7vqq6y93
nmdc:bsm-11-gzkzbg65,60920_3_T_2_WEOM_r2_Mag_21Dec23_300SA_p01_24_1_14092.d,nmdc:procsm-11-7vqq6y93
nmdc:bsm-11-gzkzbg65,60920_3_T_2_WEOM_r3_Mag_21Dec23_300SA_p01_24_1_14163.d,nmdc:procsm-11-7vqq6y93
nmdc:bsm-11-gzkzbg65,60920_3_T_3_WEOM_r1_Mag_21Dec23_300SA_p01_5_1_14050.d,nmdc:procsm-11-9034ee26
nmdc:bsm-11-gzkzbg65,60920_3_T_3_WEOM_r2_Mag_21Dec23_300SA_p01_5_1_14128.d,nmdc:procsm-11-9034ee26
nmdc:bsm-11-gzkzbg65,60920_3_T_3_WEOM_r3_Mag_21Dec23_300SA_p01_5_1_14188.d,nmdc:procsm-11-9034ee26
nmdc:bsm-11-gzkzbg65,60920_3_TOP_1_MAOM_r1_Mag_19Feb25_3p3kV_300SA_p01_13_1_23343.d,nmdc:procsm-11-r5f35e51
nmdc:bsm-11-gzkzbg65,60920_3_TOP_1_MAOM_r2_Mag_19Feb25_3p3kV_300SA_p01_13_1_23378.d,nmdc:procsm-11-r5f35e51
nmdc:bsm-11-gzkzbg65,60920_3_TOP_1_MAOM_r3_Mag_19Feb25_3p3kV_300SA_p01_13_1_23441.d,nmdc:procsm-11-r5f35e51
nmdc:bsm-11-gzkzbg65,60920_3_TOP_2_MAOM_r1_Mag_19Feb25_3p3kV_300SA_p01_14_1_23349.d,nmdc:procsm-11-58k5qg78
nmdc:bsm-11-gzkzbg65,60920_3_TOP_2_MAOM_r2_Mag_19Feb25_3p3kV_300SA_p01_14_1_23408.d,nmdc:procsm-11-58k5qg78
nmdc:bsm-11-gzkzbg65,60920_3_TOP_2_MAOM_r3_Mag_19Feb25_3p3kV_300SA_p01_14_1_23423.d,nmdc:procsm-11-58k5qg78
nmdc:bsm-11-gzkzbg65,60920_3_TOP_3_MAOM_r1_Mag_19Feb25_3p3kV_300SA_p01_15_1_23345.d,nmdc:procsm-11-a12a5m28
nmdc:bsm-11-gzkzbg65,60920_3_TOP_3_MAOM_r2_Mag_19Feb25_3p3kV_300SA_p01_15_1_23385.d,nmdc:procsm-11-a12a5m28
nmdc:bsm-11-gzkzbg65,60920_3_TOP_3_MAOM_r3_Mag_19Feb25_3p3kV_300SA_p01_15_1_23450.d,nmdc:procsm-11-a12a5m28
nmdc:bsm-11-t5bdp614,60920_4_B_1_WEOM_r1_Mag_21Dec23_300SA_p01_8_1_14000.d,nmdc:procsm-11-fkx3r756
nmdc:bsm-11-t5bdp614,60920_4_B_1_WEOM_r2_Mag_21Dec23_300SA_p01_8_1_14065.d,nmdc:procsm-11-fkx3r756
nmdc:bsm-11-t5bdp614,60920_4_B_1_WEOM_r3_Mag_21Dec23_300SA_p01_8_1_14140.d,nmdc:procsm-11-fkx3r756
nmdc:bsm-11-t5bdp614,60920_4_B_2_WEOM_r1_Mag_21Dec23_300SA_p01_27_1_14024.d,nmdc:procsm-11-hq02ga30
nmdc:bsm-11-t5bdp614,60920_4_B_2_WEOM_r2_Mag_21Dec23_300SA_p01_27_1_14103.d,nmdc:procsm-11-hq02ga30
nmdc:bsm-11-t5bdp614,60920_4_B_2_WEOM_r3_Mag_21Dec23_300SA_p01_27_1_14167.d,nmdc:procsm-11-hq02ga30
nmdc:bsm-11-t5bdp614,60920_4_B_3_WEOM_r1_Mag_21Dec23_300SA_p01_8_1_14056.d,nmdc:procsm-11-046gmt28
nmdc:bsm-11-t5bdp614,60920_4_B_3_WEOM_r2_Mag_21Dec23_300SA_p01_8_1_14124.d,nmdc:procsm-11-046gmt28
nmdc:bsm-11-t5bdp614,60920_4_B_3_WEOM_r3_Mag_21Dec23_300SA_p01_8_1_14181.d,nmdc:procsm-11-046gmt28
nmdc:bsm-11-t5bdp614,60920_4_BTM_1_MAOM_r1_Mag_19Feb25_3p3kV_300SA_p01_22_1_23357.d,nmdc:procsm-11-sd9mkx05
nmdc:bsm-11-t5bdp614,60920_4_BTM_1_MAOM_r2_Mag_19Feb25_3p3kV_300SA_p01_22_1_23418.d,nmdc:procsm-11-sd9mkx05
nmdc:bsm-11-t5bdp614,60920_4_BTM_1_MAOM_r3_Mag_19Feb25_3p3kV_300SA_p01_22_1_23454.d,nmdc:procsm-11-sd9mkx05
nmdc:bsm-11-t5bdp614,60920_4_BTM_2_MAOM_r1_Mag_19Feb25_3p3kV_300SA_p01_23_1_23354.d,nmdc:procsm-11-5fqsbg20
nmdc:bsm-11-t5bdp614,60920_4_BTM_2_MAOM_r2_Mag_19Feb25_3p3kV_300SA_p01_23_1_23401.d,nmdc:procsm-11-5fqsbg20
nmdc:bsm-11-t5bdp614,60920_4_BTM_2_MAOM_r3_Mag_19Feb25_3p3kV_300SA_p01_23_1_23430.d,nmdc:procsm-11-5fqsbg20
nmdc:bsm-11-t5bdp614,60920_4_BTM_3_MAOM_r1_Mag_19Feb25_3p3kV_300SA_p01_24_1_23373.d,nmdc:procsm-11-smwf1814
nmdc:bsm-11-t5bdp614,60920_4_BTM_3_MAOM_r2_Mag_19Feb25_3p3kV_300SA_p01_24_1_23399.d,nmdc:procsm-11-smwf1814
nmdc:bsm-11-t5bdp614,60920_4_BTM_3_MAOM_r3_Mag_19Feb25_3p3kV_300SA_p01_24_1_23436.d,nmdc:procsm-11-smwf1814
nmdc:bsm-11-n9bkbd72,60920_4_T_1_WEOM_r1_Mag_21Dec23_300SA_p01_7_1_13998.d,nmdc:procsm-11-tykkks31
nmdc:bsm-11-n9bkbd72,60920_4_T_1_WEOM_r2_Mag_21Dec23_300SA_p01_7_1_14082.d,nmdc:procsm-11-tykkks31
nmdc:bsm-11-n9bkbd72,60920_4_T_1_WEOM_r3_Mag_21Dec23_300SA_p01_7_1_14135.d,nmdc:procsm-11-tykkks31
nmdc:bsm-11-n9bkbd72,60920_4_T_2_WEOM_r1_Mag_21Dec23_300SA_p01_26_1_14012.d,nmdc:procsm-11-a117w931
nmdc:bsm-11-n9bkbd72,60920_4_T_2_WEOM_r2_Mag_21Dec23_300SA_p01_26_1_14102.d,nmdc:procsm-11-a117w931
nmdc:bsm-11-n9bkbd72,60920_4_T_2_WEOM_r3_Mag_21Dec23_300SA_p01_26_1_14156.d,nmdc:procsm-11-a117w931
nmdc:bsm-11-n9bkbd72,60920_4_T_3_WEOM_r1_Mag_21Dec23_300SA_p01_7_1_14040.d,nmdc:procsm-11-3gkssr55
nmdc:bsm-11-n9bkbd72,60920_4_T_3_WEOM_r2_Mag_21Dec23_300SA_p01_7_1_14125.d,nmdc:procsm-11-3gkssr55
nmdc:bsm-11-n9bkbd72,60920_4_T_3_WEOM_r3_Mag_21Dec23_300SA_p01_7_1_14184.d,nmdc:procsm-11-3gkssr55
nmdc:bsm-11-n9bkbd72,60920_4_TOP_1_MAOM_r1_Mag_19Feb25_3p3kV_300SA_p01_19_1_23338.d,nmdc:procsm-11-k8v2gv70
nmdc:bsm-11-n9bkbd72,60920_4_TOP_1_MAOM_r2_Mag_19Feb25_3p3kV_300SA_p01_19_1_23397.d,nmdc:procsm-11-k8v2gv70
nmdc:bsm-11-n9bkbd72,60920_4_TOP_1_MAOM_r3_Mag_19Feb25_3p3kV_300SA_p01_19_1_23442.d,nmdc:procsm-11-k8v2gv70
nmdc:bsm-11-n9bkbd72,60920_4_TOP_2_MAOM_r1_Mag_19Feb25_3p3kV_300SA_p01_20_1_23356.d,nmdc:procsm-11-hftwzs52
nmdc:bsm-11-n9bkbd72,60920_4_TOP_2_MAOM_r2_Mag_19Feb25_3p3kV_300SA_p01_20_1_23387.d,nmdc:procsm-11-hftwzs52
nmdc:bsm-11-n9bkbd72,60920_4_TOP_2_MAOM_r3_Mag_19Feb25_3p3kV_300SA_p01_20_1_23443.d,nmdc:procsm-11-hftwzs52
nmdc:bsm-11-n9bkbd72,60920_4_TOP_3_MAOM_r1_Mag_19Feb25_3p3kV_300SA_p01_21_1_23347.d,nmdc:procsm-11-shfjrt13
nmdc:bsm-11-n9bkbd72,60920_4_TOP_3_MAOM_r2_Mag_19Feb25_3p3kV_300SA_p01_21_1_23396.d,nmdc:procsm-11-shfjrt13
nmdc:bsm-11-n9bkbd72,60920_4_TOP_3_MAOM_r3_Mag_19Feb25_3p3kV_300SA_p01_21_1_23426.d,nmdc:procsm-11-shfjrt13
nmdc:bsm-11-1wwh5q40,60920_5_B_1_WEOM_r1_Mag_21Dec23_300SA_p01_10_1_13989.d,nmdc:procsm-11-fw761q89
nmdc:bsm-11-1wwh5q40,60920_5_B_1_WEOM_r2_Mag_21Dec23_300SA_p01_10_1_14079.d,nmdc:procsm-11-fw761q89
nmdc:bsm-11-1wwh5q40,60920_5_B_1_WEOM_r3_Mag_21Dec23_300SA_p01_10_1_14149.d,nmdc:procsm-11-fw761q89
nmdc:bsm-11-1wwh5q40,60920_5_B_2_WEOM_r1_Mag_21Dec23_300SA_p01_29_1_14014.d,nmdc:procsm-11-9g74g580
nmdc:bsm-11-1wwh5q40,60920_5_B_2_WEOM_r2_Mag_21Dec23_300SA_p01_29_1_14105.d,nmdc:procsm-11-9g74g580
nmdc:bsm-11-1wwh5q40,60920_5_B_2_WEOM_r3_Mag_21Dec23_300SA_p01_29_1_14174.d,nmdc:procsm-11-9g74g580
nmdc:bsm-11-1wwh5q40,60920_5_B_3_WEOM_r1_Mag_21Dec23_300SA_p01_10_1_14047.d,nmdc:procsm-11-gb7pj223
nmdc:bsm-11-1wwh5q40,60920_5_B_3_WEOM_r2_Mag_21Dec23_300SA_p01_10_1_14121.d,nmdc:procsm-11-gb7pj223
nmdc:bsm-11-1wwh5q40,60920_5_B_3_WEOM_r3_Mag_21Dec23_300SA_p01_10_1_14199.d,nmdc:procsm-11-gb7pj223
nmdc:bsm-11-1wwh5q40,60920_5_BTM_1_MAOM_r1_Mag_19Feb25_3p3kV_300SA_p01_28_1_23362.d,nmdc:procsm-11-wmmejy04
nmdc:bsm-11-1wwh5q40,60920_5_BTM_1_MAOM_r2_Mag_19Feb25_3p3kV_300SA_p01_28_1_23411.d,nmdc:procsm-11-wmmejy04
nmdc:bsm-11-1wwh5q40,60920_5_BTM_1_MAOM_r3_Mag_19Feb25_3p3kV_300SA_p01_28_1_23440.d,nmdc:procsm-11-wmmejy04
nmdc:bsm-11-1wwh5q40,60920_5_BTM_2_MAOM_r1_Mag_19Feb25_3p3kV_300SA_p01_29_1_23348.d,nmdc:procsm-11-h5jbhd54
nmdc:bsm-11-1wwh5q40,60920_5_BTM_2_MAOM_r2_Mag_19Feb25_3p3kV_300SA_p01_29_1_23384.d,nmdc:procsm-11-h5jbhd54
nmdc:bsm-11-1wwh5q40,60920_5_BTM_2_MAOM_r3_Mag_19Feb25_3p3kV_300SA_p01_29_1_23460.d,nmdc:procsm-11-h5jbhd54
nmdc:bsm-11-1wwh5q40,60920_5_BTM_3_MAOM_r1_Mag_19Feb25_3p3kV_300SA_p01_30_1_23361.d,nmdc:procsm-11-rs3zfx98
nmdc:bsm-11-1wwh5q40,60920_5_BTM_3_MAOM_r2_Mag_19Feb25_3p3kV_300SA_p01_30_1_23386.d,nmdc:procsm-11-rs3zfx98
nmdc:bsm-11-1wwh5q40,60920_5_BTM_3_MAOM_r3_Mag_19Feb25_3p3kV_300SA_p01_30_1_23421.d,nmdc:procsm-11-rs3zfx98
nmdc:bsm-11-az4q4459,60920_5_T_1_WEOM_r1_Mag_21Dec23_300SA_p01_9_1_14001.d,nmdc:procsm-11-prc6n853
nmdc:bsm-11-az4q4459,60920_5_T_1_WEOM_r2_Mag_21Dec23_300SA_p01_9_1_14063.d,nmdc:procsm-11-prc6n853
nmdc:bsm-11-az4q4459,60920_5_T_1_WEOM_r3_Mag_21Dec23_300SA_p01_9_1_14131.d,nmdc:procsm-11-prc6n853
nmdc:bsm-11-az4q4459,60920_5_T_2_WEOM_r1_Mag_21Dec23_300SA_p01_28_1_14032.d,nmdc:procsm-11-7kqh7h85
nmdc:bsm-11-az4q4459,60920_5_T_2_WEOM_r2_Mag_21Dec23_300SA_p01_28_1_14095.d,nmdc:procsm-11-7kqh7h85
nmdc:bsm-11-az4q4459,60920_5_T_2_WEOM_r3_Mag_21Dec23_300SA_p01_28_1_14162.d,nmdc:procsm-11-7kqh7h85
nmdc:bsm-11-az4q4459,60920_5_T_3_WEOM_r1_Mag_21Dec23_300SA_p01_9_1_14045.d,nmdc:procsm-11-73cwxy17
nmdc:bsm-11-az4q4459,60920_5_T_3_WEOM_r2_Mag_21Dec23_300SA_p01_9_1_14111.d,nmdc:procsm-11-73cwxy17
nmdc:bsm-11-az4q4459,60920_5_T_3_WEOM_r3_Mag_21Dec23_300SA_p01_9_1_14193.d,nmdc:procsm-11-73cwxy17
nmdc:bsm-11-az4q4459,60920_5_TOP_1_MAOM_r1_Mag_19Feb25_3p3kV_300SA_p01_25_1_23364.d,nmdc:procsm-11-w808z312
nmdc:bsm-11-az4q4459,60920_5_TOP_1_MAOM_r2_Mag_19Feb25_3p3kV_300SA_p01_25_1_23414.d,nmdc:procsm-11-w808z312
nmdc:bsm-11-az4q4459,60920_5_TOP_1_MAOM_r3_Mag_19Feb25_3p3kV_300SA_p01_25_1_23435.d,nmdc:procsm-11-w808z312
nmdc:bsm-11-az4q4459,60920_5_TOP_2_MAOM_r1_Mag_19Feb25_3p3kV_300SA_p01_26_1_23365.d,nmdc:procsm-11-7n0haj68
nmdc:bsm-11-az4q4459,60920_5_TOP_2_MAOM_r2_Mag_19Feb25_3p3kV_300SA_p01_26_1_23410.d,nmdc:procsm-11-7n0haj68
nmdc:bsm-11-az4q4459,60920_5_TOP_2_MAOM_r3_Mag_19Feb25_3p3kV_300SA_p01_26_1_23432.d,nmdc:procsm-11-7n0haj68
nmdc:bsm-11-az4q4459,60920_5_TOP_3_MAOM_r1_Mag_19Feb25_3p3kV_300SA_p01_27_1_23339.d,nmdc:procsm-11-n1d4ke43
nmdc:bsm-11-az4q4459,60920_5_TOP_3_MAOM_r2_Mag_19Feb25_3p3kV_300SA_p01_27_1_23407.d,nmdc:procsm-11-n1d4ke43
nmdc:bsm-11-az4q4459,60920_5_TOP_3_MAOM_r3_Mag_19Feb25_3p3kV_300SA_p01_27_1_23434.d,nmdc:procsm-11-n1d4ke43
nmdc:bsm-11-f2s5qy43,60920_6_B_1_WEOM_r1_Mag_21Dec23_300SA_p01_12_1_14005.d,nmdc:procsm-11-zd796140
nmdc:bsm-11-f2s5qy43,60920_6_B_1_WEOM_r2_Mag_21Dec23_300SA_p01_12_1_14070.d,nmdc:procsm-11-zd796140
nmdc:bsm-11-f2s5qy43,60920_6_B_1_WEOM_r3_Mag_21Dec23_300SA_p01_12_1_14151.d,nmdc:procsm-11-zd796140
nmdc:bsm-11-f2s5qy43,60920_6_B_2_WEOM_r1_Mag_21Dec23_300SA_p01_31_1_14033.d,nmdc:procsm-11-9yhhyy44
nmdc:bsm-11-f2s5qy43,60920_6_B_2_WEOM_r2_Mag_21Dec23_300SA_p01_31_1_14085.d,nmdc:procsm-11-9yhhyy44
nmdc:bsm-11-f2s5qy43,60920_6_B_2_WEOM_r3_Mag_21Dec23_300SA_p01_31_1_14155.d,nmdc:procsm-11-9yhhyy44
nmdc:bsm-11-f2s5qy43,60920_6_B_3_WEOM_r1_Mag_21Dec23_300SA_p01_12_1_14039.d,nmdc:procsm-11-qhbz5q94
nmdc:bsm-11-f2s5qy43,60920_6_B_3_WEOM_r2_Mag_21Dec23_300SA_p01_12_1_14115.d,nmdc:procsm-11-qhbz5q94
nmdc:bsm-11-f2s5qy43,60920_6_B_3_WEOM_r3_Mag_21Dec23_300SA_p01_12_1_14179.d,nmdc:procsm-11-qhbz5q94
nmdc:bsm-11-f2s5qy43,60920_6_BTM_1_MAOM_r1_Mag_19Feb25_3p3kV_300SA_p01_34_1_23371.d,nmdc:procsm-11-c4hgrc61
nmdc:bsm-11-f2s5qy43,60920_6_BTM_1_MAOM_r2_Mag_19Feb25_3p3kV_300SA_p01_34_1_23412.d,nmdc:procsm-11-c4hgrc61
nmdc:bsm-11-f2s5qy43,60920_6_BTM_1_MAOM_r3_Mag_19Feb25_3p3kV_300SA_p01_34_1_23461.d,nmdc:procsm-11-c4hgrc61
nmdc:bsm-11-f2s5qy43,60920_6_BTM_2_MAOM_r1_Mag_19Feb25_3p3kV_300SA_p01_35_1_23372.d,nmdc:procsm-11-zr6xfq80
nmdc:bsm-11-f2s5qy43,60920_6_BTM_2_MAOM_r2_Mag_19Feb25_3p3kV_300SA_p01_35_1_23405.d,nmdc:procsm-11-zr6xfq80
nmdc:bsm-11-f2s5qy43,60920_6_BTM_2_MAOM_r3_Mag_19Feb25_3p3kV_300SA_p01_35_1_23427.d,nmdc:procsm-11-zr6xfq80
nmdc:bsm-11-f2s5qy43,60920_6_BTM_3_MAOM_r1_Mag_19Feb25_3p3kV_300SA_p01_36_1_23360.d,nmdc:procsm-11-pfvfnn13
nmdc:bsm-11-f2s5qy43,60920_6_BTM_3_MAOM_r2_Mag_19Feb25_3p3kV_300SA_p01_36_1_23416.d,nmdc:procsm-11-pfvfnn13
nmdc:bsm-11-f2s5qy43,60920_6_BTM_3_MAOM_r3_Mag_19Feb25_3p3kV_300SA_p01_36_1_23456.d,nmdc:procsm-11-pfvfnn13
nmdc:bsm-11-t9224y81,60920_6_T_1_WEOM_r1_Mag_21Dec23_300SA_p01_11_1_14003.d,nmdc:procsm-11-mdc0ft84
nmdc:bsm-11-t9224y81,60920_6_T_1_WEOM_r2_Mag_21Dec23_300SA_p01_11_1_14072.d,nmdc:procsm-11-mdc0ft84
nmdc:bsm-11-t9224y81,60920_6_T_1_WEOM_r3_Mag_21Dec23_300SA_p01_11_1_14147.d,nmdc:procsm-11-mdc0ft84
nmdc:bsm-11-t9224y81,60920_6_T_2_WEOM_r1_Mag_21Dec23_300SA_p01_30_1_14026.d,nmdc:procsm-11-kc2e3x80
nmdc:bsm-11-t9224y81,60920_6_T_2_WEOM_r2_Mag_21Dec23_300SA_p01_30_1_14094.d,nmdc:procsm-11-kc2e3x80
nmdc:bsm-11-t9224y81,60920_6_T_2_WEOM_r3_Mag_21Dec23_300SA_p01_30_1_14177.d,nmdc:procsm-11-kc2e3x80
nmdc:bsm-11-t9224y81,60920_6_T_3_WEOM_r1_Mag_21Dec23_300SA_p01_11_1_14037.d,nmdc:procsm-11-xdk21741
nmdc:bsm-11-t9224y81,60920_6_T_3_WEOM_r2_Mag_21Dec23_300SA_p01_11_1_14108.d,nmdc:procsm-11-xdk21741
nmdc:bsm-11-t9224y81,60920_6_T_3_WEOM_r3_Mag_21Dec23_300SA_p01_11_1_14189.d,nmdc:procsm-11-xdk21741
nmdc:bsm-11-t9224y81,60920_6_TOP_1_MAOM_r1_Mag_19Feb25_3p3kV_300SA_p01_31_1_23353.d,nmdc:procsm-11-zmqbdc40
nmdc:bsm-11-t9224y81,60920_6_TOP_1_MAOM_r2_Mag_19Feb25_3p3kV_300SA_p01_31_1_23383.d,nmdc:procsm-11-zmqbdc40
nmdc:bsm-11-t9224y81,60920_6_TOP_1_MAOM_r3_Mag_19Feb25_3p3kV_300SA_p01_31_1_23448.d,nmdc:procsm-11-zmqbdc40
nmdc:bsm-11-t9224y81,60920_6_TOP_2_MAOM_r1_Mag_19Feb25_3p3kV_300SA_p01_32_1_23342.d,nmdc:procsm-11-67httt57
nmdc:bsm-11-t9224y81,60920_6_TOP_2_MAOM_r2_Mag_19Feb25_3p3kV_300SA_p01_32_1_23389.d,nmdc:procsm-11-67httt57
nmdc:bsm-11-t9224y81,60920_6_TOP_2_MAOM_r3_Mag_19Feb25_3p3kV_300SA_p01_32_1_23452.d,nmdc:procsm-11-67httt57
nmdc:bsm-11-t9224y81,60920_6_TOP_3_MAOM_r1_Mag_19Feb25_3p3kV_300SA_p01_33_1_23376.d,nmdc:procsm-11-j7amy223
nmdc:bsm-11-t9224y81,60920_6_TOP_3_MAOM_r2_Mag_19Feb25_3p3kV_300SA_p01_33_1_23395.d,nmdc:procsm-11-j7amy223
nmdc:bsm-11-t9224y81,60920_6_TOP_3_MAOM_r3_Mag_19Feb25_3p3kV_300SA_p01_33_1_23431.d,nmdc:procsm-11-j7amy223
nmdc:bsm-11-b1pbsr87,60920_7_T_1_WEOM_r1_Mag_21Dec23_300SA_p01_13_1_13999.d,nmdc:procsm-11-he86mx20
nmdc:bsm-11-b1pbsr87,60920_7_T_1_WEOM_r2_Mag_21Dec23_300SA_p01_13_1_14080.d,nmdc:procsm-11-he86mx20
nmdc:bsm-11-b1pbsr87,60920_7_T_1_WEOM_r3_Mag_21Dec23_300SA_p01_13_1_14154.d,nmdc:procsm-11-he86mx20
nmdc:bsm-11-b1pbsr87,60920_7_T_2_WEOM_r1_Mag_21Dec23_300SA_p01_32_1_14016.d,nmdc:procsm-11-5gvzg075
nmdc:bsm-11-b1pbsr87,60920_7_T_2_WEOM_r2_Mag_21Dec23_300SA_p01_32_1_14091.d,nmdc:procsm-11-5gvzg075
nmdc:bsm-11-b1pbsr87,60920_7_T_2_WEOM_r3_Mag_21Dec23_300SA_p01_32_1_14176.d,nmdc:procsm-11-5gvzg075
nmdc:bsm-11-b1pbsr87,60920_7_T_3_WEOM_r1_Mag_21Dec23_300SA_p01_13_1_14048.d,nmdc:procsm-11-zrxppr35
nmdc:bsm-11-b1pbsr87,60920_7_T_3_WEOM_r2_Mag_21Dec23_300SA_p01_13_1_14116.d,nmdc:procsm-11-zrxppr35
nmdc:bsm-11-b1pbsr87,60920_7_T_3_WEOM_r3_Mag_21Dec23_300SA_p01_13_1_14191.d,nmdc:procsm-11-zrxppr35
nmdc:bsm-11-b1pbsr87,60920_7_TOP_1_MAOM_r1_Mag_03Feb25_3p3kV_300SA_p01_1_1_22937.d,nmdc:procsm-11-mnr7v708
nmdc:bsm-11-b1pbsr87,60920_7_TOP_1_MAOM_r2_Mag_03Feb25_3p3kV_300SA_p01_1_1_22977.d,nmdc:procsm-11-mnr7v708
nmdc:bsm-11-b1pbsr87,60920_7_TOP_1_MAOM_r3_Mag_03Feb25_3p3kV_300SA_p01_1_1_23026.d,nmdc:procsm-11-mnr7v708
nmdc:bsm-11-b1pbsr87,60920_7_TOP_2_MAOM_r1_Mag_03Feb25_3p3kV_300SA_p01_2_1_22932.d,nmdc:procsm-11-bbwa7253
nmdc:bsm-11-b1pbsr87,60920_7_TOP_2_MAOM_r2_Mag_03Feb25_3p3kV_300SA_p01_2_1_22958.d,nmdc:procsm-11-bbwa7253
nmdc:bsm-11-b1pbsr87,60920_7_TOP_2_MAOM_r3_Mag_03Feb25_3p3kV_300SA_p01_2_1_23005.d,nmdc:procsm-11-bbwa7253
nmdc:bsm-11-b1pbsr87,60920_7_TOP_3_MAOM_r1_Mag_03Feb25_3p3kV_300SA_p01_3_1_22939.d,nmdc:procsm-11-zrjarz08
nmdc:bsm-11-b1pbsr87,60920_7_TOP_3_MAOM_r2_Mag_03Feb25_3p3kV_300SA_p01_3_1_22962.d,nmdc:procsm-11-zrjarz08
nmdc:bsm-11-b1pbsr87,60920_7_TOP_3_MAOM_r3_Mag_03Feb25_3p3kV_300SA_p01_3_1_23004.d,nmdc:procsm-11-zrjarz08
nmdc:bsm-11-w24nxz84,60920_8_B_1_WEOM_r1_Mag_21Dec23_300SA_p01_15_1_13993.d,nmdc:procsm-11-63davj08
nmdc:bsm-11-w24nxz84,60920_8_B_1_WEOM_r2_Mag_21Dec23_300SA_p01_15_1_14066.d,nmdc:procsm-11-63davj08
nmdc:bsm-11-w24nxz84,60920_8_B_1_WEOM_r3_Mag_21Dec23_300SA_p01_15_1_14150.d,nmdc:procsm-11-63davj08
nmdc:bsm-11-w24nxz84,60920_8_B_2_WEOM_r1_Mag_21Dec23_300SA_p01_34_1_14021.d,nmdc:procsm-11-epd9xw42
nmdc:bsm-11-w24nxz84,60920_8_B_2_WEOM_r2_Mag_21Dec23_300SA_p01_34_1_14096.d,nmdc:procsm-11-epd9xw42
nmdc:bsm-11-w24nxz84,60920_8_B_2_WEOM_r3_Mag_21Dec23_300SA_p01_34_1_14158.d,nmdc:procsm-11-epd9xw42
nmdc:bsm-11-w24nxz84,60920_8_B_3_WEOM_r1_Mag_21Dec23_300SA_p01_15_1_14038.d,nmdc:procsm-11-krcyj145
nmdc:bsm-11-w24nxz84,60920_8_B_3_WEOM_r2_Mag_21Dec23_300SA_p01_15_1_14107.d,nmdc:procsm-11-krcyj145
nmdc:bsm-11-w24nxz84,60920_8_B_3_WEOM_r3_Mag_21Dec23_300SA_p01_15_1_14185.d,nmdc:procsm-11-krcyj145
nmdc:bsm-11-w24nxz84,60920_8_BTM_1_MAOM_r1_Mag_23Dec24_3p3kV_300SA_p01_36_1_21040.d,nmdc:procsm-11-w6rf8w15
nmdc:bsm-11-w24nxz84,60920_8_BTM_1_MAOM_r2_Mag_23Dec24_3p3kV_300SA_p01_36_1_21093.d,nmdc:procsm-11-w6rf8w15
nmdc:bsm-11-w24nxz84,60920_8_BTM_1_MAOM_r3_Mag_23Dec24_3p3kV_300SA_p01_36_1_21142.d,nmdc:procsm-11-w6rf8w15
nmdc:bsm-11-w24nxz84,60920_8_BTM_2_MAOM_r1_Mag_23Dec24_3p3kV_300SA_p01_37_1_21041.d,nmdc:procsm-11-67af8w79
nmdc:bsm-11-w24nxz84,60920_8_BTM_2_MAOM_r2_Mag_23Dec24_3p3kV_300SA_p01_37_1_21091.d,nmdc:procsm-11-67af8w79
nmdc:bsm-11-w24nxz84,60920_8_BTM_2_MAOM_r3_Mag_23Dec24_3p3kV_300SA_p01_37_1_21151.d,nmdc:procsm-11-67af8w79
nmdc:bsm-11-w24nxz84,60920_8_BTM_3_MAOM_r1_Mag_19Dec24_3p3kV_300SA_p01_38_1_21003.d,nmdc:procsm-11-fdqcbm76
nmdc:bsm-11-w24nxz84,60920_8_BTM_3_MAOM_r2_Mag_23Dec24_3p3kV_300SA_p01_38_1_21088.d,nmdc:procsm-11-fdqcbm76
nmdc:bsm-11-w24nxz84,60920_8_BTM_3_MAOM_r3_Mag_23Dec24_3p3kV_300SA_p01_38_1_21152.d,nmdc:procsm-11-fdqcbm76
nmdc:bsm-11-vevzsa28,60920_8_T_1_WEOM_r1_Mag_21Dec23_300SA_p01_14_1_13996.d,nmdc:procsm-11-fefcfq09
nmdc:bsm-11-vevzsa28,60920_8_T_1_WEOM_r2_Mag_21Dec23_300SA_p01_14_1_14059.d,nmdc:procsm-11-fefcfq09
nmdc:bsm-11-vevzsa28,60920_8_T_1_WEOM_r3_Mag_21Dec23_300SA_p01_14_1_14134.d,nmdc:procsm-11-fefcfq09
nmdc:bsm-11-vevzsa28,60920_8_T_2_WEOM_r1_Mag_21Dec23_300SA_p01_33_1_14011.d,nmdc:procsm-11-fvc52h73
nmdc:bsm-11-vevzsa28,60920_8_T_2_WEOM_r2_Mag_21Dec23_300SA_p01_33_1_14100.d,nmdc:procsm-11-fvc52h73
nmdc:bsm-11-vevzsa28,60920_8_T_2_WEOM_r3_Mag_21Dec23_300SA_p01_33_1_14160.d,nmdc:procsm-11-fvc52h73
nmdc:bsm-11-vevzsa28,60920_8_T_3_WEOM_r1_Mag_21Dec23_300SA_p01_14_1_14034.d,nmdc:procsm-11-smg36t97
nmdc:bsm-11-vevzsa28,60920_8_T_3_WEOM_r2_Mag_21Dec23_300SA_p01_14_1_14127.d,nmdc:procsm-11-smg36t97
nmdc:bsm-11-vevzsa28,60920_8_T_3_WEOM_r3_Mag_21Dec23_300SA_p01_14_1_14197.d,nmdc:procsm-11-smg36t97
nmdc:bsm-11-vevzsa28,60920_8_TOP_1_MAOM_r1_Mag_23Dec24_3p3kV_300SA_p01_33_1_21030.d,nmdc:procsm-11-wqgqwt44
nmdc:bsm-11-vevzsa28,60920_8_TOP_1_MAOM_r2_Mag_23Dec24_3p3kV_300SA_p01_33_1_21084.d,nmdc:procsm-11-wqgqwt44
nmdc:bsm-11-vevzsa28,60920_8_TOP_1_MAOM_r3_Mag_23Dec24_3p3kV_300SA_p01_33_1_21145.d,nmdc:procsm-11-wqgqwt44
nmdc:bsm-11-vevzsa28,60920_8_TOP_2_MAOM_r1_Mag_23Dec24_3p3kV_300SA_p01_34_1_21036.d,nmdc:procsm-11-5xxp8623
nmdc:bsm-11-vevzsa28,60920_8_TOP_2_MAOM_r2_Mag_23Dec24_3p3kV_300SA_p01_34_1_21082.d,nmdc:procsm-11-5xxp8623
nmdc:bsm-11-vevzsa28,60920_8_TOP_2_MAOM_r3_Mag_23Dec24_3p3kV_300SA_p01_34_1_21144.d,nmdc:procsm-11-5xxp8623
nmdc:bsm-11-vevzsa28,60920_8_TOP_3_MAOM_r1_Mag_19Dec24_3p3kV_300SA_p01_35_1_21006.d,nmdc:procsm-11-qjqex273
nmdc:bsm-11-vevzsa28,60920_8_TOP_3_MAOM_r2_Mag_23Dec24_3p3kV_300SA_p01_35_1_21090.d,nmdc:procsm-11-qjqex273
nmdc:bsm-11-vevzsa28,60920_8_TOP_3_MAOM_r3_Mag_23Dec24_3p3kV_300SA_p01_35_1_21143.d,nmdc:procsm-11-qjqex273
nmdc:bsm-11-p33zs385,60920_9_B_1_WEOM_r1_Mag_21Dec23_300SA_p01_17_1_14004.d,nmdc:procsm-11-p49rs176
nmdc:bsm-11-p33zs385,60920_9_B_1_WEOM_r2_Mag_21Dec23_300SA_p01_17_1_14077.d,nmdc:procsm-11-p49rs176
nmdc:bsm-11-p33zs385,60920_9_B_1_WEOM_r3_Mag_21Dec23_300SA_p01_17_1_14145.d,nmdc:procsm-11-p49rs176
nmdc:bsm-11-p33zs385,60920_9_B_2_WEOM_r1_Mag_21Dec23_300SA_p01_36_1_14015.d,nmdc:procsm-11-drsfk623
nmdc:bsm-11-p33zs385,60920_9_B_2_WEOM_r2_Mag_21Dec23_300SA_p01_36_1_14093.d,nmdc:procsm-11-drsfk623
nmdc:bsm-11-p33zs385,60920_9_B_2_WEOM_r3_Mag_21Dec23_300SA_p01_36_1_14169.d,nmdc:procsm-11-drsfk623
nmdc:bsm-11-p33zs385,60920_9_B_3_WEOM_r1_Mag_21Dec23_300SA_p01_17_1_14055.d,nmdc:procsm-11-kjg28j91
nmdc:bsm-11-p33zs385,60920_9_B_3_WEOM_r2_Mag_21Dec23_300SA_p01_17_1_14113.d,nmdc:procsm-11-kjg28j91
nmdc:bsm-11-p33zs385,60920_9_B_3_WEOM_r3_Mag_21Dec23_300SA_p01_17_1_14200.d,nmdc:procsm-11-kjg28j91
nmdc:bsm-11-p33zs385,60920_9_BTM_1_MAOM_r1_Mag_23Dec24_3p3kV_300SA_p01_42_1_21039.d,nmdc:procsm-11-tm14b281
nmdc:bsm-11-p33zs385,60920_9_BTM_1_MAOM_r2_Mag_23Dec24_3p3kV_300SA_p01_42_1_21100.d,nmdc:procsm-11-tm14b281
nmdc:bsm-11-p33zs385,60920_9_BTM_1_MAOM_r3_Mag_23Dec24_3p3kV_300SA_p01_42_1_21135.d,nmdc:procsm-11-tm14b281
nmdc:bsm-11-p33zs385,60920_9_BTM_2_MAOM_r1_Mag_23Dec24_3p3kV_300SA_p01_43_1_21035.d,nmdc:procsm-11-3r3jf243
nmdc:bsm-11-p33zs385,60920_9_BTM_2_MAOM_r2_Mag_23Dec24_3p3kV_300SA_p01_43_1_21078.d,nmdc:procsm-11-3r3jf243
nmdc:bsm-11-p33zs385,60920_9_BTM_2_MAOM_r3_Mag_23Dec24_3p3kV_300SA_p01_43_1_21139.d,nmdc:procsm-11-3r3jf243
nmdc:bsm-11-p33zs385,60920_9_BTM_3_MAOM_r1_Mag_19Dec24_3p3kV_300SA_p01_44_1_21010.d,nmdc:procsm-11-ybgw8m42
nmdc:bsm-11-p33zs385,60920_9_BTM_3_MAOM_r2_Mag_23Dec24_3p3kV_300SA_p01_44_1_21094.d,nmdc:procsm-11-ybgw8m42
nmdc:bsm-11-p33zs385,60920_9_BTM_3_MAOM_r3_Mag_23Dec24_3p3kV_300SA_p01_44_1_21148.d,nmdc:procsm-11-ybgw8m42
nmdc:bsm-11-27z46k86,60920_9_T_1_WEOM_r1_Mag_21Dec23_300SA_p01_16_1_13997.d,nmdc:procsm-11-48wf0v46
nmdc:bsm-11-27z46k86,60920_9_T_1_WEOM_r2_Mag_21Dec23_300SA_p01_16_1_14061.d,nmdc:procsm-11-48wf0v46
nmdc:bsm-11-27z46k86,60920_9_T_1_WEOM_r3_Mag_21Dec23_300SA_p01_16_1_14152.d,nmdc:procsm-11-48wf0v46
nmdc:bsm-11-27z46k86,60920_9_T_2_WEOM_r1_Mag_21Dec23_300SA_p01_35_1_14013.d,nmdc:procsm-11-h5zexa97
nmdc:bsm-11-27z46k86,60920_9_T_2_WEOM_r2_Mag_21Dec23_300SA_p01_35_1_14088.d,nmdc:procsm-11-h5zexa97
nmdc:bsm-11-27z46k86,60920_9_T_2_WEOM_r3_Mag_21Dec23_300SA_p01_35_1_14161.d,nmdc:procsm-11-h5zexa97
nmdc:bsm-11-27z46k86,60920_9_T_3_WEOM_r1_Mag_21Dec23_300SA_p01_16_1_14036.d,nmdc:procsm-11-3ra7rv03
nmdc:bsm-11-27z46k86,60920_9_T_3_WEOM_r2_Mag_21Dec23_300SA_p01_16_1_14117.d,nmdc:procsm-11-3ra7rv03
nmdc:bsm-11-27z46k86,60920_9_T_3_WEOM_r3_Mag_21Dec23_300SA_p01_16_1_14194.d,nmdc:procsm-11-3ra7rv03
nmdc:bsm-11-27z46k86,60920_9_TOP_1_MAOM_r1_Mag_19Dec24_3p3kV_300SA_p01_39_1_21008.d,nmdc:procsm-11-nqtsar12
nmdc:bsm-11-27z46k86,60920_9_TOP_1_MAOM_r2_Mag_23Dec24_3p3kV_300SA_p01_39_1_21089.d,nmdc:procsm-11-nqtsar12
nmdc:bsm-11-27z46k86,60920_9_TOP_1_MAOM_r3_Mag_23Dec24_3p3kV_300SA_p01_39_1_21137.d,nmdc:procsm-11-nqtsar12
nmdc:bsm-11-27z46k86,60920_9_TOP_2_MAOM_r1_Mag_19Dec24_3p3kV_300SA_p01_40_1_21005.d,nmdc:procsm-11-zaq8e840
nmdc:bsm-11-27z46k86,60920_9_TOP_2_MAOM_r2_Mag_23Dec24_3p3kV_300SA_p01_40_1_21087.d,nmdc:procsm-11-zaq8e840
nmdc:bsm-11-27z46k86,60920_9_TOP_2_MAOM_r3_Mag_23Dec24_3p3kV_300SA_p01_40_1_21156.d,nmdc:procsm-11-zaq8e840
nmdc:bsm-11-27z46k86,60920_9_TOP_3_MAOM_r1_Mag_19Dec24_3p3kV_300SA_p01_41_1_21007.d,nmdc:procsm-11-m22yd875
nmdc:bsm-11-27z46k86,60920_9_TOP_3_MAOM_r2_Mag_23Dec24_3p3kV_300SA_p01_41_1_21097.d,nmdc:procsm-11-m22yd875
nmdc:bsm-11-27z46k86,60920_9_TOP_3_MAOM_r3_Mag_23Dec24_3p3kV_300SA_p01_41_1_21150.d,nmdc:procsm-11-m22yd875
nmdc:bsm-11-wwdpxt52,60921_1_TOP_1_MAOM_r1_Mag_26Feb25_3p3kV_300SA_p01_1_1_23941.d,nmdc:procsm-11-rftph254
nmdc:bsm-11-wwdpxt52,60921_1_TOP_1_MAOM_r2_Mag_26Feb25_3p3kV_300SA_p01_1_1_23943.d,nmdc:procsm-11-rftph254
nmdc:bsm-11-wwdpxt52,60921_1_TOP_1_MAOM_r3_Mag_26Feb25_3p3kV_300SA_p01_1_1_23957.d,nmdc:procsm-11-rftph254
nmdc:bsm-11-wwdpxt52,60921_1_TOP_2_MAOM_r1_Mag_26Feb25_3p3kV_300SA_p01_2_1_23937.d,nmdc:procsm-11-t65zje26
nmdc:bsm-11-wwdpxt52,60921_1_TOP_2_MAOM_r2_Mag_26Feb25_3p3kV_300SA_p01_2_1_23942.d,nmdc:procsm-11-t65zje26
nmdc:bsm-11-wwdpxt52,60921_1_TOP_2_MAOM_r3_Mag_26Feb25_3p3kV_300SA_p01_2_1_23954.d,nmdc:procsm-11-t65zje26
nmdc:bsm-11-wwdpxt52,60921_1_TOP_3_MAOM_r1_Mag_26Feb25_3p3kV_300SA_p01_3_1_23938.d,nmdc:procsm-11-t063cc68
nmdc:bsm-11-wwdpxt52,60921_1_TOP_3_MAOM_r2_Mag_26Feb25_3p3kV_300SA_p01_3_1_23949.d,nmdc:procsm-11-t063cc68
nmdc:bsm-11-wwdpxt52,60921_1_TOP_3_MAOM_r3_Mag_26Feb25_3p3kV_300SA_p01_3_1_23958.d,nmdc:procsm-11-t063cc68
nmdc:bsm-11-n2jgxf07,60921_2_BTM_1_MAOM_r1_Mag_26Feb25_3p3kV_300SA_p01_4_1_23935.d,nmdc:procsm-11-cm5z2s29
nmdc:bsm-11-n2jgxf07,60921_2_BTM_1_MAOM_r2_Mag_26Feb25_3p3kV_300SA_p01_4_1_23946.d,nmdc:procsm-11-cm5z2s29
nmdc:bsm-11-n2jgxf07,60921_2_BTM_1_MAOM_r3_Mag_26Feb25_3p3kV_300SA_p01_4_1_23960.d,nmdc:procsm-11-cm5z2s29
nmdc:bsm-11-n2jgxf07,60921_2_BTM_2_MAOM_r1_Mag_26Feb25_3p3kV_300SA_p01_5_1_23934.d,nmdc:procsm-11-md5rq269
nmdc:bsm-11-n2jgxf07,60921_2_BTM_2_MAOM_r2_Mag_26Feb25_3p3kV_300SA_p01_5_1_23944.d,nmdc:procsm-11-md5rq269
nmdc:bsm-11-n2jgxf07,60921_2_BTM_2_MAOM_r3_Mag_26Feb25_3p3kV_300SA_p01_5_1_23955.d,nmdc:procsm-11-md5rq269
nmdc:bsm-11-n2jgxf07,60921_2_BTM_3_MAOM_r1_Mag_26Feb25_3p3kV_300SA_p01_6_1_23939.d,nmdc:procsm-11-5c9sc434
nmdc:bsm-11-n2jgxf07,60921_2_BTM_3_MAOM_r2_Mag_26Feb25_3p3kV_300SA_p01_6_1_23947.d,nmdc:procsm-11-5c9sc434
nmdc:bsm-11-n2jgxf07,60921_2_BTM_3_MAOM_r3_Mag_26Feb25_3p3kV_300SA_p01_6_1_23959.d,nmdc:procsm-11-5c9sc434
nmdc:bsm-11-xaahg319,60921_3_B_1_WEOM_r1_Mag_21Feb24_300SA_p01_47_1_15464.d,nmdc:procsm-11-njmkfd12
nmdc:bsm-11-xaahg319,60921_3_B_1_WEOM_r2_Mag_21Feb24_300SA_p01_47_1_15480.d,nmdc:procsm-11-njmkfd12
nmdc:bsm-11-xaahg319,60921_3_B_1_WEOM_r3_Mag_21Feb24_300SA_p01_47_1_15496.d,nmdc:procsm-11-njmkfd12
nmdc:bsm-11-xaahg319,60921_3_B_2_WEOM_r1_Mag_21Feb24_300SA_p01_48_1_15473.d,nmdc:procsm-11-vjreq151
nmdc:bsm-11-xaahg319,60921_3_B_2_WEOM_r2_Mag_21Feb24_300SA_p01_48_1_15481.d,nmdc:procsm-11-vjreq151
nmdc:bsm-11-xaahg319,60921_3_B_2_WEOM_r3_Mag_21Feb24_300SA_p01_48_1_15509.d,nmdc:procsm-11-vjreq151
nmdc:bsm-11-xaahg319,60921_3_B_3_WEOM_r1_Mag_21Feb24_300SA_p01_49_1_15469.d,nmdc:procsm-11-tvyg6r88
nmdc:bsm-11-xaahg319,60921_3_B_3_WEOM_r2_Mag_21Feb24_300SA_p01_49_1_15491.d,nmdc:procsm-11-tvyg6r88
nmdc:bsm-11-xaahg319,60921_3_B_3_WEOM_r3_Mag_21Feb24_300SA_p01_49_1_15506.d,nmdc:procsm-11-tvyg6r88
nmdc:bsm-11-xaahg319,60921_3_BTM_1_MAOM_r1_Mag_27Dec24_3p3kV_300SA_p01_16_1_21333.d,nmdc:procsm-11-fxtphk85
nmdc:bsm-11-xaahg319,60921_3_BTM_1_MAOM_r2_Mag_27Dec24_3p3kV_300SA_p01_16_1_21380.d,nmdc:procsm-11-fxtphk85
nmdc:bsm-11-xaahg319,60921_3_BTM_1_MAOM_r3_Mag_27Dec24_3p3kV_300SA_p01_16_1_21412.d,nmdc:procsm-11-fxtphk85
nmdc:bsm-11-xaahg319,60921_3_BTM_2_MAOM_r1_Mag_27Dec24_3p3kV_300SA_p01_17_1_21334.d,nmdc:procsm-11-5g473x02
nmdc:bsm-11-xaahg319,60921_3_BTM_2_MAOM_r2_Mag_27Dec24_3p3kV_300SA_p01_17_1_21367.d,nmdc:procsm-11-5g473x02
nmdc:bsm-11-xaahg319,60921_3_BTM_2_MAOM_r3_Mag_27Dec24_3p3kV_300SA_p01_17_1_21393.d,nmdc:procsm-11-5g473x02
nmdc:bsm-11-xaahg319,60921_3_BTM_3_MAOM_r1_Mag_27Dec24_3p3kV_300SA_p01_18_1_21354.d,nmdc:procsm-11-nmjs7s16
nmdc:bsm-11-xaahg319,60921_3_BTM_3_MAOM_r2_Mag_27Dec24_3p3kV_300SA_p01_18_1_21359.d,nmdc:procsm-11-nmjs7s16
nmdc:bsm-11-xaahg319,60921_3_BTM_3_MAOM_r3_Mag_27Dec24_3p3kV_300SA_p01_18_1_21418.d,nmdc:procsm-11-nmjs7s16
nmdc:bsm-11-7m2z1396,60921_3_T_1_WEOM_r1_Mag_21Feb24_300SA_p01_44_1_15468.d,nmdc:procsm-11-4req0a85
nmdc:bsm-11-7m2z1396,60921_3_T_1_WEOM_r2_Mag_21Feb24_300SA_p01_44_1_15477.d,nmdc:procsm-11-4req0a85
nmdc:bsm-11-7m2z1396,60921_3_T_1_WEOM_r3_Mag_21Feb24_300SA_p01_44_1_15503.d,nmdc:procsm-11-4req0a85
nmdc:bsm-11-7m2z1396,60921_3_T_2_WEOM_r1_Mag_21Feb24_300SA_p01_45_1_15471.d,nmdc:procsm-11-m6n1wz47
nmdc:bsm-11-7m2z1396,60921_3_T_2_WEOM_r2_Mag_21Feb24_300SA_p01_45_1_15488.d,nmdc:procsm-11-m6n1wz47
nmdc:bsm-11-7m2z1396,60921_3_T_2_WEOM_r3_Mag_21Feb24_300SA_p01_45_1_15504.d,nmdc:procsm-11-m6n1wz47
nmdc:bsm-11-7m2z1396,60921_3_T_3_WEOM_r1_Mag_21Feb24_300SA_p01_46_1_15467.d,nmdc:procsm-11-k2786r65
nmdc:bsm-11-7m2z1396,60921_3_T_3_WEOM_r2_Mag_21Feb24_300SA_p01_46_1_15487.d,nmdc:procsm-11-k2786r65
nmdc:bsm-11-7m2z1396,60921_3_T_3_WEOM_r3_Mag_21Feb24_300SA_p01_46_1_15497.d,nmdc:procsm-11-k2786r65
nmdc:bsm-11-7m2z1396,60921_3_TOP_1_MAOM_r1_Mag_27Dec24_3p3kV_300SA_p01_13_1_21339.d,nmdc:procsm-11-3yczaa32
nmdc:bsm-11-7m2z1396,60921_3_TOP_1_MAOM_r2_Mag_27Dec24_3p3kV_300SA_p01_13_1_21376.d,nmdc:procsm-11-3yczaa32
nmdc:bsm-11-7m2z1396,60921_3_TOP_1_MAOM_r3_Mag_27Dec24_3p3kV_300SA_p01_13_1_21400.d,nmdc:procsm-11-3yczaa32
nmdc:bsm-11-7m2z1396,60921_3_TOP_2_MAOM_r1_Mag_27Dec24_3p3kV_300SA_p01_14_1_21336.d,nmdc:procsm-11-arvrkf83
nmdc:bsm-11-7m2z1396,60921_3_TOP_2_MAOM_r2_Mag_27Dec24_3p3kV_300SA_p01_14_1_21389.d,nmdc:procsm-11-arvrkf83
nmdc:bsm-11-7m2z1396,60921_3_TOP_2_MAOM_r3_Mag_27Dec24_3p3kV_300SA_p01_14_1_21402.d,nmdc:procsm-11-arvrkf83
nmdc:bsm-11-7m2z1396,60921_3_TOP_3_MAOM_r1_Mag_27Dec24_3p3kV_300SA_p01_15_1_21346.d,nmdc:procsm-11-48nycr72
nmdc:bsm-11-7m2z1396,60921_3_TOP_3_MAOM_r2_Mag_27Dec24_3p3kV_300SA_p01_15_1_21378.d,nmdc:procsm-11-48nycr72
nmdc:bsm-11-7m2z1396,60921_3_TOP_3_MAOM_r3_Mag_27Dec24_3p3kV_300SA_p01_15_1_21403.d,nmdc:procsm-11-48nycr72
nmdc:bsm-11-9q6yc161,60921_4_B_1_WEOM_r1_Mag_21Feb24_300SA_p01_2_1_15463.d,nmdc:procsm-11-hyk0eh67
nmdc:bsm-11-9q6yc161,60921_4_B_1_WEOM_r2_Mag_21Feb24_300SA_p01_2_1_15489.d,nmdc:procsm-11-hyk0eh67
nmdc:bsm-11-9q6yc161,60921_4_B_1_WEOM_r3_Mag_21Feb24_300SA_p01_2_1_15511.d,nmdc:procsm-11-hyk0eh67
nmdc:bsm-11-9q6yc161,60921_4_B_2_WEOM_r1_Mag_21Feb24_300SA_p01_3_1_15462.d,nmdc:procsm-11-c338r364
nmdc:bsm-11-9q6yc161,60921_4_B_2_WEOM_r2_Mag_21Feb24_300SA_p01_3_1_15492.d,nmdc:procsm-11-c338r364
nmdc:bsm-11-9q6yc161,60921_4_B_2_WEOM_r3_Mag_21Feb24_300SA_p01_3_1_15495.d,nmdc:procsm-11-c338r364
nmdc:bsm-11-9q6yc161,60921_4_B_3_WEOM_r1_Mag_21Feb24_300SA_p01_4_1_15470.d,nmdc:procsm-11-swdasg64
nmdc:bsm-11-9q6yc161,60921_4_B_3_WEOM_r2_Mag_21Feb24_300SA_p01_4_1_15485.d,nmdc:procsm-11-swdasg64
nmdc:bsm-11-9q6yc161,60921_4_B_3_WEOM_r3_Mag_21Feb24_300SA_p01_4_1_15501.d,nmdc:procsm-11-swdasg64
nmdc:bsm-11-9q6yc161,60921_4_BTM_1_MAOM_r1_Mag_27Dec24_3p3kV_300SA_p01_24_1_21350.d,nmdc:procsm-11-kxsp8q34
nmdc:bsm-11-9q6yc161,60921_4_BTM_1_MAOM_r2_Mag_27Dec24_3p3kV_300SA_p01_24_1_21371.d,nmdc:procsm-11-kxsp8q34
nmdc:bsm-11-9q6yc161,60921_4_BTM_1_MAOM_r3_Mag_27Dec24_3p3kV_300SA_p01_24_1_21408.d,nmdc:procsm-11-kxsp8q34
nmdc:bsm-11-9q6yc161,60921_4_BTM_2_MAOM_r1_Mag_27Dec24_3p3kV_300SA_p01_25_1_21330.d,nmdc:procsm-11-4byt0a18
nmdc:bsm-11-9q6yc161,60921_4_BTM_2_MAOM_r2_Mag_27Dec24_3p3kV_300SA_p01_25_1_21361.d,nmdc:procsm-11-4byt0a18
nmdc:bsm-11-9q6yc161,60921_4_BTM_2_MAOM_r3_Mag_27Dec24_3p3kV_300SA_p01_25_1_21394.d,nmdc:procsm-11-4byt0a18
nmdc:bsm-11-9q6yc161,60921_4_BTM_3_MAOM_r1_Mag_27Dec24_3p3kV_300SA_p01_26_1_21345.d,nmdc:procsm-11-w3mz7157
nmdc:bsm-11-9q6yc161,60921_4_BTM_3_MAOM_r2_Mag_27Dec24_3p3kV_300SA_p01_26_1_21372.d,nmdc:procsm-11-w3mz7157
nmdc:bsm-11-9q6yc161,60921_4_BTM_3_MAOM_r3_Mag_27Dec24_3p3kV_300SA_p01_26_1_21415.d,nmdc:procsm-11-w3mz7157
nmdc:bsm-11-27nnkj09,60921_4_T_1_WEOM_r1_Mag_21Feb24_300SA_p01_50_1_15461.d,nmdc:procsm-11-yyc4p536
nmdc:bsm-11-27nnkj09,60921_4_T_1_WEOM_r2_Mag_21Feb24_300SA_p01_50_1_15479.d,nmdc:procsm-11-yyc4p536
nmdc:bsm-11-27nnkj09,60921_4_T_1_WEOM_r3_Mag_21Feb24_300SA_p01_50_1_15500.d,nmdc:procsm-11-yyc4p536
nmdc:bsm-11-27nnkj09,60921_4_T_2_WEOM_r1_Mag_21Feb24_300SA_p01_51_1_15459.d,nmdc:procsm-11-qq7p5t55
nmdc:bsm-11-27nnkj09,60921_4_T_2_WEOM_r2_Mag_21Feb24_300SA_p01_51_1_15476.d,nmdc:procsm-11-qq7p5t55
nmdc:bsm-11-27nnkj09,60921_4_T_2_WEOM_r3_Mag_21Feb24_300SA_p01_51_1_15505.d,nmdc:procsm-11-qq7p5t55
nmdc:bsm-11-27nnkj09,60921_4_T_3_WEOM_r1_Mag_21Feb24_300SA_p01_1_1_15465.d,nmdc:procsm-11-7ete3773
nmdc:bsm-11-27nnkj09,60921_4_T_3_WEOM_r2_Mag_21Feb24_300SA_p01_1_1_15484.d,nmdc:procsm-11-7ete3773
nmdc:bsm-11-27nnkj09,60921_4_T_3_WEOM_r3_Mag_21Feb24_300SA_p01_1_1_15510.d,nmdc:procsm-11-7ete3773
nmdc:bsm-11-27nnkj09,60921_4_TOP_1_MAOM_r1_Mag_27Dec24_3p3kV_300SA_p01_21_1_21329.d,nmdc:procsm-11-f8cvd890
nmdc:bsm-11-27nnkj09,60921_4_TOP_1_MAOM_r2_Mag_27Dec24_3p3kV_300SA_p01_21_1_21369.d,nmdc:procsm-11-f8cvd890
nmdc:bsm-11-27nnkj09,60921_4_TOP_1_MAOM_r3_Mag_27Dec24_3p3kV_300SA_p01_21_1_21413.d,nmdc:procsm-11-f8cvd890
nmdc:bsm-11-27nnkj09,60921_4_TOP_2_MAOM_r1_Mag_27Dec24_3p3kV_300SA_p01_22_1_21344.d,nmdc:procsm-11-yqkyv325
nmdc:bsm-11-27nnkj09,60921_4_TOP_2_MAOM_r2_Mag_27Dec24_3p3kV_300SA_p01_22_1_21362.d,nmdc:procsm-11-yqkyv325
nmdc:bsm-11-27nnkj09,60921_4_TOP_2_MAOM_r3_Mag_27Dec24_3p3kV_300SA_p01_22_1_21397.d,nmdc:procsm-11-yqkyv325
nmdc:bsm-11-27nnkj09,60921_4_TOP_3_MAOM_r1_Mag_27Dec24_3p3kV_300SA_p01_23_1_21351.d,nmdc:procsm-11-vsp60996
nmdc:bsm-11-27nnkj09,60921_4_TOP_3_MAOM_r2_Mag_27Dec24_3p3kV_300SA_p01_23_1_21390.d,nmdc:procsm-11-vsp60996
nmdc:bsm-11-27nnkj09,60921_4_TOP_3_MAOM_r3_Mag_27Dec24_3p3kV_300SA_p01_23_1_21411.d,nmdc:procsm-11-vsp60996
nmdc:bsm-11-wstxy626,60929_1_B_1_WEOM_r1_Mag_01May24_300SA_p01_40_1_18074.d,nmdc:procsm-11-wjv8es43
nmdc:bsm-11-wstxy626,60929_1_B_1_WEOM_r2_Mag_01May24_300SA_p01_40_1_18193.d,nmdc:procsm-11-wjv8es43
nmdc:bsm-11-wstxy626,60929_1_B_1_WEOM_r3_Mag_01May24_300SA_p01_40_1_18204.d,nmdc:procsm-11-wjv8es43
nmdc:bsm-11-wstxy626,60929_1_B_2_WEOM_r1_Mag_01May24_300SA_p01_41_1_18088.d,nmdc:procsm-11-g0yt9z40
nmdc:bsm-11-wstxy626,60929_1_B_2_WEOM_r2_Mag_01May24_300SA_p01_41_1_18140.d,nmdc:procsm-11-g0yt9z40
nmdc:bsm-11-wstxy626,60929_1_B_2_WEOM_r3_Mag_01May24_300SA_p01_41_1_18222.d,nmdc:procsm-11-g0yt9z40
nmdc:bsm-11-wstxy626,60929_1_B_3_WEOM_r1_Mag_01May24_300SA_p01_42_1_18116.d,nmdc:procsm-11-bnbkkc98
nmdc:bsm-11-wstxy626,60929_1_B_3_WEOM_r2_Mag_01May24_300SA_p01_42_1_18155.d,nmdc:procsm-11-bnbkkc98
nmdc:bsm-11-wstxy626,60929_1_B_3_WEOM_r3_Mag_01May24_300SA_p01_42_1_18257.d,nmdc:procsm-11-bnbkkc98
nmdc:bsm-11-wstxy626,60929_1_BTM_1_MAOM_r1_Mag_19Feb25_3p3kV_300SA_p01_24_1_23467.d,nmdc:procsm-11-mwxcx820
nmdc:bsm-11-wstxy626,60929_1_BTM_1_MAOM_r2_Mag_19Feb25_3p3kV_300SA_p01_24_1_23528.d,nmdc:procsm-11-mwxcx820
nmdc:bsm-11-wstxy626,60929_1_BTM_1_MAOM_r3_Mag_19Feb25_3p3kV_300SA_p01_24_1_23562.d,nmdc:procsm-11-mwxcx820
nmdc:bsm-11-wstxy626,60929_1_BTM_2_MAOM_r1_Mag_19Feb25_3p3kV_300SA_p01_25_1_23465.d,nmdc:procsm-11-yf1qm139
nmdc:bsm-11-wstxy626,60929_1_BTM_2_MAOM_r2_Mag_19Feb25_3p3kV_300SA_p01_25_1_23521.d,nmdc:procsm-11-yf1qm139
nmdc:bsm-11-wstxy626,60929_1_BTM_2_MAOM_r3_Mag_19Feb25_3p3kV_300SA_p01_25_1_23568.d,nmdc:procsm-11-yf1qm139
nmdc:bsm-11-wstxy626,60929_1_BTM_3_MAOM_r1_Mag_19Feb25_3p3kV_300SA_p01_26_1_23495.d,nmdc:procsm-11-pfevfg92
nmdc:bsm-11-wstxy626,60929_1_BTM_3_MAOM_r2_Mag_19Feb25_3p3kV_300SA_p01_26_1_23509.d,nmdc:procsm-11-pfevfg92
nmdc:bsm-11-wstxy626,60929_1_BTM_3_MAOM_r3_Mag_19Feb25_3p3kV_300SA_p01_26_1_23578.d,nmdc:procsm-11-pfevfg92
nmdc:bsm-11-sgmrna53,60929_1_T_1_WEOM_r1_Mag_01May24_300SA_p01_37_1_18092.d,nmdc:procsm-11-6hjd8x70
nmdc:bsm-11-sgmrna53,60929_1_T_1_WEOM_r2_Mag_01May24_300SA_p01_37_1_18143.d,nmdc:procsm-11-6hjd8x70
nmdc:bsm-11-sgmrna53,60929_1_T_1_WEOM_r3_Mag_01May24_300SA_p01_37_1_18248.d,nmdc:procsm-11-6hjd8x70
nmdc:bsm-11-sgmrna53,60929_1_T_2_WEOM_r1_Mag_01May24_300SA_p01_38_1_18091.d,nmdc:procsm-11-s2djw839
nmdc:bsm-11-sgmrna53,60929_1_T_2_WEOM_r2_Mag_01May24_300SA_p01_38_1_18156.d,nmdc:procsm-11-s2djw839
nmdc:bsm-11-sgmrna53,60929_1_T_2_WEOM_r3_Mag_01May24_300SA_p01_38_1_18255.d,nmdc:procsm-11-s2djw839
nmdc:bsm-11-sgmrna53,60929_1_T_3_WEOM_r1_Mag_01May24_300SA_p01_39_1_18096.d,nmdc:procsm-11-4zyzyd33
nmdc:bsm-11-sgmrna53,60929_1_T_3_WEOM_r2_Mag_01May24_300SA_p01_39_1_18184.d,nmdc:procsm-11-4zyzyd33
nmdc:bsm-11-sgmrna53,60929_1_T_3_WEOM_r3_Mag_01May24_300SA_p01_39_1_18249.d,nmdc:procsm-11-4zyzyd33
nmdc:bsm-11-sgmrna53,60929_1_TOP_1_MAOM_r1_Mag_19Feb25_3p3kV_300SA_p01_22_1_23470.d,nmdc:procsm-11-smj9ae49
nmdc:bsm-11-sgmrna53,60929_1_TOP_1_MAOM_r2_Mag_19Feb25_3p3kV_300SA_p01_22_1_23515.d,nmdc:procsm-11-smj9ae49
nmdc:bsm-11-sgmrna53,60929_1_TOP_1_MAOM_r3_Mag_19Feb25_3p3kV_300SA_p01_22_1_23594.d,nmdc:procsm-11-smj9ae49
nmdc:bsm-11-sgmrna53,60929_1_TOP_2_MAOM_r1_Mag_19Feb25_3p3kV_300SA_p01_23_1_23472.d,nmdc:procsm-11-66wh0e03
nmdc:bsm-11-sgmrna53,60929_1_TOP_2_MAOM_r2_Mag_19Feb25_3p3kV_300SA_p01_23_1_23522.d,nmdc:procsm-11-66wh0e03
nmdc:bsm-11-sgmrna53,60929_1_TOP_2_MAOM_r3_Mag_19Feb25_3p3kV_300SA_p01_23_1_23550.d,nmdc:procsm-11-66wh0e03
nmdc:bsm-11-c5ax9c66,60929_2_B_1_WEOM_r1_Mag_01May24_300SA_p01_46_1_18125.d,nmdc:procsm-11-08fjeh42
nmdc:bsm-11-c5ax9c66,60929_2_B_1_WEOM_r2_Mag_01May24_300SA_p01_46_1_18168.d,nmdc:procsm-11-08fjeh42
nmdc:bsm-11-c5ax9c66,60929_2_B_1_WEOM_r3_Mag_01May24_300SA_p01_46_1_18230.d,nmdc:procsm-11-08fjeh42
nmdc:bsm-11-c5ax9c66,60929_2_B_2_WEOM_r1_Mag_01May24_300SA_p01_47_1_18081.d,nmdc:procsm-11-z9z0kp03
nmdc:bsm-11-c5ax9c66,60929_2_B_2_WEOM_r2_Mag_01May24_300SA_p01_47_1_18172.d,nmdc:procsm-11-z9z0kp03
nmdc:bsm-11-c5ax9c66,60929_2_B_2_WEOM_r3_Mag_01May24_300SA_p01_47_1_18234.d,nmdc:procsm-11-z9z0kp03
nmdc:bsm-11-c5ax9c66,60929_2_B_3_WEOM_r1_Mag_01May24_300SA_p01_48_1_18076.d,nmdc:procsm-11-pvahs853
nmdc:bsm-11-c5ax9c66,60929_2_B_3_WEOM_r2_Mag_01May24_300SA_p01_48_1_18154.d,nmdc:procsm-11-pvahs853
nmdc:bsm-11-c5ax9c66,60929_2_B_3_WEOM_r3_Mag_01May24_300SA_p01_48_1_18200.d,nmdc:procsm-11-pvahs853
nmdc:bsm-11-c5ax9c66,60929_2_BTM_1_MAOM_r1_Mag_19Feb25_3p3kV_300SA_p01_30_1_23500.d,nmdc:procsm-11-k8f34784
nmdc:bsm-11-c5ax9c66,60929_2_BTM_1_MAOM_r2_Mag_19Feb25_3p3kV_300SA_p01_30_1_23504.d,nmdc:procsm-11-k8f34784
nmdc:bsm-11-c5ax9c66,60929_2_BTM_1_MAOM_r3_Mag_19Feb25_3p3kV_300SA_p01_30_1_23575.d,nmdc:procsm-11-k8f34784
nmdc:bsm-11-c5ax9c66,60929_2_BTM_2_MAOM_r1_Mag_19Feb25_3p3kV_300SA_p01_31_1_23501.d,nmdc:procsm-11-5266m046
nmdc:bsm-11-c5ax9c66,60929_2_BTM_2_MAOM_r2_Mag_19Feb25_3p3kV_300SA_p01_31_1_23511.d,nmdc:procsm-11-5266m046
nmdc:bsm-11-c5ax9c66,60929_2_BTM_2_MAOM_r3_Mag_19Feb25_3p3kV_300SA_p01_31_1_23572.d,nmdc:procsm-11-5266m046
nmdc:bsm-11-c5ax9c66,60929_2_BTM_3_MAOM_r1_Mag_19Feb25_3p3kV_300SA_p01_32_1_23484.d,nmdc:procsm-11-rt7ttq68
nmdc:bsm-11-c5ax9c66,60929_2_BTM_3_MAOM_r2_Mag_19Feb25_3p3kV_300SA_p01_32_1_23532.d,nmdc:procsm-11-rt7ttq68
nmdc:bsm-11-c5ax9c66,60929_2_BTM_3_MAOM_r3_Mag_19Feb25_3p3kV_300SA_p01_32_1_23564.d,nmdc:procsm-11-rt7ttq68
nmdc:bsm-11-13r2e551,60929_2_T_1_WEOM_r1_Mag_01May24_300SA_p01_43_1_18082.d,nmdc:procsm-11-k0exzv03
nmdc:bsm-11-13r2e551,60929_2_T_1_WEOM_r2_Mag_01May24_300SA_p01_43_1_18149.d,nmdc:procsm-11-k0exzv03
nmdc:bsm-11-13r2e551,60929_2_T_1_WEOM_r3_Mag_01May24_300SA_p01_43_1_18231.d,nmdc:procsm-11-k0exzv03
nmdc:bsm-11-13r2e551,60929_2_T_2_WEOM_r1_Mag_01May24_300SA_p01_44_1_18104.d,nmdc:procsm-11-spp38756
nmdc:bsm-11-13r2e551,60929_2_T_2_WEOM_r2_Mag_01May24_300SA_p01_44_1_18137.d,nmdc:procsm-11-spp38756
nmdc:bsm-11-13r2e551,60929_2_T_2_WEOM_r3_Mag_01May24_300SA_p01_44_1_18254.d,nmdc:procsm-11-spp38756
nmdc:bsm-11-13r2e551,60929_2_T_3_WEOM_r1_Mag_01May24_300SA_p01_45_1_18099.d,nmdc:procsm-11-qth0aq45
nmdc:bsm-11-13r2e551,60929_2_T_3_WEOM_r2_Mag_01May24_300SA_p01_45_1_18141.d,nmdc:procsm-11-qth0aq45
nmdc:bsm-11-13r2e551,60929_2_T_3_WEOM_r3_Mag_01May24_300SA_p01_45_1_18198.d,nmdc:procsm-11-qth0aq45
nmdc:bsm-11-13r2e551,60929_2_TOP_1_MAOM_r1_Mag_19Feb25_3p3kV_300SA_p01_27_1_23478.d,nmdc:procsm-11-ad470170
nmdc:bsm-11-13r2e551,60929_2_TOP_1_MAOM_r2_Mag_19Feb25_3p3kV_300SA_p01_27_1_23544.d,nmdc:procsm-11-ad470170
nmdc:bsm-11-13r2e551,60929_2_TOP_1_MAOM_r3_Mag_19Feb25_3p3kV_300SA_p01_27_1_23548.d,nmdc:procsm-11-ad470170
nmdc:bsm-11-13r2e551,60929_2_TOP_2_MAOM_r1_Mag_19Feb25_3p3kV_300SA_p01_28_1_23494.d,nmdc:procsm-11-hqwt2192
nmdc:bsm-11-13r2e551,60929_2_TOP_2_MAOM_r2_Mag_19Feb25_3p3kV_300SA_p01_28_1_23510.d,nmdc:procsm-11-hqwt2192
nmdc:bsm-11-13r2e551,60929_2_TOP_2_MAOM_r3_Mag_19Feb25_3p3kV_300SA_p01_28_1_23589.d,nmdc:procsm-11-hqwt2192
nmdc:bsm-11-13r2e551,60929_2_TOP_3_MAOM_r1_Mag_19Feb25_3p3kV_300SA_p01_29_1_23485.d,nmdc:procsm-11-4bddfw03
nmdc:bsm-11-13r2e551,60929_2_TOP_3_MAOM_r2_Mag_19Feb25_3p3kV_300SA_p01_29_1_23517.d,nmdc:procsm-11-4bddfw03
nmdc:bsm-11-13r2e551,60929_2_TOP_3_MAOM_r3_Mag_19Feb25_3p3kV_300SA_p01_29_1_23585.d,nmdc:procsm-11-4bddfw03
nmdc:bsm-11-bn083336,60929_3_T_1_WEOM_r1_Mag_01May24_300SA_p01_49_1_18075.d,nmdc:procsm-11-t501h407
nmdc:bsm-11-bn083336,60929_3_T_1_WEOM_r2_Mag_01May24_300SA_p01_49_1_18189.d,nmdc:procsm-11-t501h407
nmdc:bsm-11-bn083336,60929_3_T_1_WEOM_r3_Mag_01May24_300SA_p01_49_1_18252.d,nmdc:procsm-11-t501h407
nmdc:bsm-11-bn083336,60929_3_T_2_WEOM_r1_Mag_01May24_300SA_p01_50_1_18103.d,nmdc:procsm-11-tsrkdk15
nmdc:bsm-11-bn083336,60929_3_T_2_WEOM_r2_Mag_01May24_300SA_p01_50_1_18139.d,nmdc:procsm-11-tsrkdk15
nmdc:bsm-11-bn083336,60929_3_T_2_WEOM_r3_Mag_01May24_300SA_p01_50_1_18219.d,nmdc:procsm-11-tsrkdk15
nmdc:bsm-11-bn083336,60929_3_T_3_WEOM_r1_Mag_01May24_300SA_p01_51_1_18105.d,nmdc:procsm-11-z1qpgd55
nmdc:bsm-11-bn083336,60929_3_T_3_WEOM_r2_Mag_01May24_300SA_p01_51_1_18167.d,nmdc:procsm-11-z1qpgd55
nmdc:bsm-11-bn083336,60929_3_T_3_WEOM_r3_Mag_01May24_300SA_p01_51_1_18199.d,nmdc:procsm-11-z1qpgd55
nmdc:bsm-11-bn083336,60929_3_TOP_1_MAOM_r1_Mag_19Feb25_3p3kV_300SA_p01_33_1_23488.d,nmdc:procsm-11-vrydz537
nmdc:bsm-11-bn083336,60929_3_TOP_1_MAOM_r2_Mag_19Feb25_3p3kV_300SA_p01_33_1_23540.d,nmdc:procsm-11-vrydz537
nmdc:bsm-11-bn083336,60929_3_TOP_1_MAOM_r3_Mag_19Feb25_3p3kV_300SA_p01_33_1_23581.d,nmdc:procsm-11-vrydz537
nmdc:bsm-11-bn083336,60929_3_TOP_2_MAOM_r1_Mag_19Feb25_3p3kV_300SA_p01_34_1_23502.d,nmdc:procsm-11-ynt5dw35
nmdc:bsm-11-bn083336,60929_3_TOP_2_MAOM_r2_Mag_19Feb25_3p3kV_300SA_p01_34_1_23524.d,nmdc:procsm-11-ynt5dw35
nmdc:bsm-11-bn083336,60929_3_TOP_2_MAOM_r3_Mag_19Feb25_3p3kV_300SA_p01_34_1_23569.d,nmdc:procsm-11-ynt5dw35
nmdc:bsm-11-bn083336,60929_3_TOP_3_MAOM_r1_Mag_19Feb25_3p3kV_300SA_p01_35_1_23475.d,nmdc:procsm-11-appmyp02
nmdc:bsm-11-bn083336,60929_3_TOP_3_MAOM_r2_Mag_19Feb25_3p3kV_300SA_p01_35_1_23520.d,nmdc:procsm-11-appmyp02
nmdc:bsm-11-bn083336,60929_3_TOP_3_MAOM_r3_Mag_19Feb25_3p3kV_300SA_p01_35_1_23574.d,nmdc:procsm-11-appmyp02
nmdc:bsm-11-dt8kyx12,60940_1_B_1_WEOM_r1_Mag_10May24_300SA_p01_4_1_18295.d,nmdc:procsm-11-z4yffm36
nmdc:bsm-11-dt8kyx12,60940_1_B_1_WEOM_r2_Mag_10May24_300SA_p01_4_1_18343.d,nmdc:procsm-11-z4yffm36
nmdc:bsm-11-dt8kyx12,60940_1_B_1_WEOM_r3_Mag_10May24_300SA_p01_4_1_18354.d,nmdc:procsm-11-z4yffm36
nmdc:bsm-11-dt8kyx12,60940_1_B_2_WEOM_r1_Mag_10May24_300SA_p01_5_1_18281.d,nmdc:procsm-11-0eah0m94
nmdc:bsm-11-dt8kyx12,60940_1_B_2_WEOM_r2_Mag_10May24_300SA_p01_5_1_18339.d,nmdc:procsm-11-0eah0m94
nmdc:bsm-11-dt8kyx12,60940_1_B_2_WEOM_r3_Mag_10May24_300SA_p01_5_1_18362.d,nmdc:procsm-11-0eah0m94
nmdc:bsm-11-dt8kyx12,60940_1_B_3_WEOM_r1_Mag_10May24_300SA_p01_6_1_18291.d,nmdc:procsm-11-5d4zn153
nmdc:bsm-11-dt8kyx12,60940_1_B_3_WEOM_r2_Mag_10May24_300SA_p01_6_1_18322.d,nmdc:procsm-11-5d4zn153
nmdc:bsm-11-dt8kyx12,60940_1_B_3_WEOM_r3_Mag_13May24_300SA_p01_6_1_18405.d,nmdc:procsm-11-5d4zn153
nmdc:bsm-11-dt8kyx12,60940_1_BTM_1_MAOM_r1_Mag_19Dec24_3p3kV_300SA_p01_4_1_20975.d,nmdc:procsm-11-27q8xh05
nmdc:bsm-11-dt8kyx12,60940_1_BTM_1_MAOM_r2_Mag_23Dec24_3p3kV_300SA_p01_4_1_21047.d,nmdc:procsm-11-27q8xh05
nmdc:bsm-11-dt8kyx12,60940_1_BTM_1_MAOM_r3_Mag_23Dec24_3p3kV_300SA_p01_4_1_21122.d,nmdc:procsm-11-27q8xh05
nmdc:bsm-11-dt8kyx12,60940_1_BTM_2_MAOM_r1_Mag_19Dec24_3p3kV_300SA_p01_5_1_20994.d,nmdc:procsm-11-k7fvqx47
nmdc:bsm-11-dt8kyx12,60940_1_BTM_2_MAOM_r2_Mag_23Dec24_3p3kV_300SA_p01_5_1_21065.d,nmdc:procsm-11-k7fvqx47
nmdc:bsm-11-dt8kyx12,60940_1_BTM_2_MAOM_r3_Mag_23Dec24_3p3kV_300SA_p01_5_1_21130.d,nmdc:procsm-11-k7fvqx47
nmdc:bsm-11-dt8kyx12,60940_1_BTM_3_MAOM_r1_Mag_19Dec24_3p3kV_300SA_p01_6_1_21000.d,nmdc:procsm-11-q2s8ns06
nmdc:bsm-11-dt8kyx12,60940_1_BTM_3_MAOM_r2_Mag_23Dec24_3p3kV_300SA_p01_6_1_21053.d,nmdc:procsm-11-q2s8ns06
nmdc:bsm-11-dt8kyx12,60940_1_BTM_3_MAOM_r3_Mag_23Dec24_3p3kV_300SA_p01_6_1_21102.d,nmdc:procsm-11-q2s8ns06
nmdc:bsm-11-7108q110,60940_1_T_1_WEOM_r1_Mag_10May24_300SA_p01_1_1_18282.d,nmdc:procsm-11-ewv69z80
nmdc:bsm-11-7108q110,60940_1_T_1_WEOM_r2_Mag_10May24_300SA_p01_1_1_18342.d,nmdc:procsm-11-ewv69z80
nmdc:bsm-11-7108q110,60940_1_T_1_WEOM_r3_Mag_10May24_300SA_p01_1_1_18377.d,nmdc:procsm-11-ewv69z80
nmdc:bsm-11-7108q110,60940_1_T_2_WEOM_r1_Mag_10May24_300SA_p01_2_1_18274.d,nmdc:procsm-11-0w120g52
nmdc:bsm-11-7108q110,60940_1_T_2_WEOM_r2_Mag_10May24_300SA_p01_2_1_18309.d,nmdc:procsm-11-0w120g52
nmdc:bsm-11-7108q110,60940_1_T_2_WEOM_r3_Mag_10May24_300SA_p01_2_1_18366.d,nmdc:procsm-11-0w120g52
nmdc:bsm-11-7108q110,60940_1_T_3_WEOM_r1_Mag_10May24_300SA_p01_3_1_18288.d,nmdc:procsm-11-vneee906
nmdc:bsm-11-7108q110,60940_1_T_3_WEOM_r2_Mag_10May24_300SA_p01_3_1_18325.d,nmdc:procsm-11-vneee906
nmdc:bsm-11-7108q110,60940_1_T_3_WEOM_r3_Mag_13May24_300SA_p01_3_1_18406.d,nmdc:procsm-11-vneee906
nmdc:bsm-11-7108q110,60940_1_TOP_1_MAOM_r1_Mag_19Dec24_3p3kV_300SA_p01_1_1_20986.d,nmdc:procsm-11-rb9ry455
nmdc:bsm-11-7108q110,60940_1_TOP_1_MAOM_r2_Mag_23Dec24_3p3kV_300SA_p01_1_1_21056.d,nmdc:procsm-11-rb9ry455
nmdc:bsm-11-7108q110,60940_1_TOP_1_MAOM_r3_Mag_23Dec24_3p3kV_300SA_p01_1_1_21125.d,nmdc:procsm-11-rb9ry455
nmdc:bsm-11-7108q110,60940_1_TOP_2_MAOM_r1_Mag_19Dec24_3p3kV_300SA_p01_2_1_20970.d,nmdc:procsm-11-fdfxme21
nmdc:bsm-11-7108q110,60940_1_TOP_2_MAOM_r2_Mag_23Dec24_3p3kV_300SA_p01_2_1_21055.d,nmdc:procsm-11-fdfxme21
nmdc:bsm-11-7108q110,60940_1_TOP_2_MAOM_r3_Mag_23Dec24_3p3kV_300SA_p01_2_1_21121.d,nmdc:procsm-11-fdfxme21
nmdc:bsm-11-7108q110,60940_1_TOP_3_MAOM_r1_Mag_19Dec24_3p3kV_300SA_p01_3_1_20999.d,nmdc:procsm-11-01e5v538
nmdc:bsm-11-7108q110,60940_1_TOP_3_MAOM_r2_Mag_23Dec24_3p3kV_300SA_p01_3_1_21062.d,nmdc:procsm-11-01e5v538
nmdc:bsm-11-7108q110,60940_1_TOP_3_MAOM_r3_Mag_23Dec24_3p3kV_300SA_p01_3_1_21108.d,nmdc:procsm-11-01e5v538
nmdc:bsm-11-hg28nc67,60940_2_B_1_WEOM_r1_Mag_10May24_300SA_p01_10_1_18298.d,nmdc:procsm-11-fwjqex58
nmdc:bsm-11-hg28nc67,60940_2_B_1_WEOM_r2_Mag_10May24_300SA_p01_10_1_18337.d,nmdc:procsm-11-fwjqex58
nmdc:bsm-11-hg28nc67,60940_2_B_1_WEOM_r3_Mag_13May24_300SA_p01_10_1_18404.d,nmdc:procsm-11-fwjqex58
nmdc:bsm-11-hg28nc67,60940_2_B_2_WEOM_r1_Mag_10May24_300SA_p01_11_1_18301.d,nmdc:procsm-11-gctk8446
nmdc:bsm-11-hg28nc67,60940_2_B_2_WEOM_r2_Mag_10May24_300SA_p01_11_1_18349.d,nmdc:procsm-11-gctk8446
nmdc:bsm-11-hg28nc67,60940_2_B_2_WEOM_r3_Mag_10May24_300SA_p01_11_1_18367.d,nmdc:procsm-11-gctk8446
nmdc:bsm-11-hg28nc67,60940_2_B_3_WEOM_r1_Mag_10May24_300SA_p01_12_1_18266.d,nmdc:procsm-11-thzdhv34
nmdc:bsm-11-hg28nc67,60940_2_B_3_WEOM_r2_Mag_10May24_300SA_p01_12_1_18323.d,nmdc:procsm-11-thzdhv34
nmdc:bsm-11-hg28nc67,60940_2_B_3_WEOM_r3_Mag_10May24_300SA_p01_12_1_18358.d,nmdc:procsm-11-thzdhv34
nmdc:bsm-11-hg28nc67,60940_2_BTM_1_MAOM_r1_Mag_19Dec24_3p3kV_300SA_p01_10_1_20980.d,nmdc:procsm-11-w1pe2g92
nmdc:bsm-11-hg28nc67,60940_2_BTM_1_MAOM_r2_Mag_23Dec24_3p3kV_300SA_p01_10_1_21067.d,nmdc:procsm-11-w1pe2g92
nmdc:bsm-11-hg28nc67,60940_2_BTM_1_MAOM_r3_Mag_23Dec24_3p3kV_300SA_p01_10_1_21104.d,nmdc:procsm-11-w1pe2g92
nmdc:bsm-11-hg28nc67,60940_2_BTM_2_MAOM_r1_Mag_19Dec24_3p3kV_300SA_p01_11_1_20985.d,nmdc:procsm-11-9yhz7171
nmdc:bsm-11-hg28nc67,60940_2_BTM_2_MAOM_r2_Mag_23Dec24_3p3kV_300SA_p01_11_1_21069.d,nmdc:procsm-11-9yhz7171
nmdc:bsm-11-hg28nc67,60940_2_BTM_2_MAOM_r3_Mag_23Dec24_3p3kV_300SA_p01_11_1_21107.d,nmdc:procsm-11-9yhz7171
nmdc:bsm-11-hg28nc67,60940_2_BTM_3_MAOM_r1_Mag_19Dec24_3p3kV_300SA_p01_12_1_20988.d,nmdc:procsm-11-1w66j328
nmdc:bsm-11-hg28nc67,60940_2_BTM_3_MAOM_r2_Mag_23Dec24_3p3kV_300SA_p01_12_1_21043.d,nmdc:procsm-11-1w66j328
nmdc:bsm-11-hg28nc67,60940_2_BTM_3_MAOM_r3_Mag_23Dec24_3p3kV_300SA_p01_12_1_21106.d,nmdc:procsm-11-1w66j328
nmdc:bsm-11-sa7v8d18,60940_2_T_1_WEOM_r1_Mag_10May24_300SA_p01_7_1_18297.d,nmdc:procsm-11-17p3kx30
nmdc:bsm-11-sa7v8d18,60940_2_T_1_WEOM_r2_Mag_10May24_300SA_p01_7_1_18335.d,nmdc:procsm-11-17p3kx30
nmdc:bsm-11-sa7v8d18,60940_2_T_1_WEOM_r3_Mag_13May24_300SA_p01_7_1_18402.d,nmdc:procsm-11-17p3kx30
nmdc:bsm-11-sa7v8d18,60940_2_T_2_WEOM_r1_Mag_10May24_300SA_p01_8_1_18278.d,nmdc:procsm-11-cw5tvm56
nmdc:bsm-11-sa7v8d18,60940_2_T_2_WEOM_r2_Mag_10May24_300SA_p01_8_1_18324.d,nmdc:procsm-11-cw5tvm56
nmdc:bsm-11-sa7v8d18,60940_2_T_2_WEOM_r3_Mag_10May24_300SA_p01_8_1_18376.d,nmdc:procsm-11-cw5tvm56
nmdc:bsm-11-sa7v8d18,60940_2_T_3_WEOM_r1_Mag_10May24_300SA_p01_9_1_18287.d,nmdc:procsm-11-xshm4t45
nmdc:bsm-11-sa7v8d18,60940_2_T_3_WEOM_r2_Mag_10May24_300SA_p01_9_1_18331.d,nmdc:procsm-11-xshm4t45
nmdc:bsm-11-sa7v8d18,60940_2_T_3_WEOM_r3_Mag_13May24_300SA_p01_9_1_18411.d,nmdc:procsm-11-xshm4t45
nmdc:bsm-11-sa7v8d18,60940_2_TOP_1_MAOM_r1_Mag_19Dec24_3p3kV_300SA_p01_7_1_20972.d,nmdc:procsm-11-qemekx86
nmdc:bsm-11-sa7v8d18,60940_2_TOP_1_MAOM_r2_Mag_23Dec24_3p3kV_300SA_p01_7_1_21070.d,nmdc:procsm-11-qemekx86
nmdc:bsm-11-sa7v8d18,60940_2_TOP_1_MAOM_r3_Mag_23Dec24_3p3kV_300SA_p01_7_1_21132.d,nmdc:procsm-11-qemekx86
nmdc:bsm-11-sa7v8d18,60940_2_TOP_2_MAOM_r1_Mag_19Dec24_3p3kV_300SA_p01_8_1_20979.d,nmdc:procsm-11-nw5fp492
nmdc:bsm-11-sa7v8d18,60940_2_TOP_2_MAOM_r2_Mag_23Dec24_3p3kV_300SA_p01_8_1_21061.d,nmdc:procsm-11-nw5fp492
nmdc:bsm-11-sa7v8d18,60940_2_TOP_2_MAOM_r3_Mag_23Dec24_3p3kV_300SA_p01_8_1_21120.d,nmdc:procsm-11-nw5fp492
nmdc:bsm-11-sa7v8d18,60940_2_TOP_3_MAOM_r1_Mag_19Dec24_3p3kV_300SA_p01_9_1_20993.d,nmdc:procsm-11-ywc19657
nmdc:bsm-11-sa7v8d18,60940_2_TOP_3_MAOM_r2_Mag_23Dec24_3p3kV_300SA_p01_9_1_21048.d,nmdc:procsm-11-ywc19657
nmdc:bsm-11-sa7v8d18,60940_2_TOP_3_MAOM_r3_Mag_23Dec24_3p3kV_300SA_p01_9_1_21131.d,nmdc:procsm-11-ywc19657
nmdc:bsm-11-pvmt8d73,60940_3_B_1_WEOM_r1_Mag_10May24_300SA_p01_13_1_18273.d,nmdc:procsm-11-mrap7w80
nmdc:bsm-11-pvmt8d73,60940_3_B_1_WEOM_r2_Mag_10May24_300SA_p01_13_1_18327.d,nmdc:procsm-11-mrap7w80
nmdc:bsm-11-pvmt8d73,60940_3_B_1_WEOM_r3_Mag_10May24_300SA_p01_13_1_18371.d,nmdc:procsm-11-mrap7w80
nmdc:bsm-11-pvmt8d73,60940_3_B_2_WEOM_r1_Mag_10May24_300SA_p01_14_1_18300.d,nmdc:procsm-11-ba63g614
nmdc:bsm-11-pvmt8d73,60940_3_B_2_WEOM_r2_Mag_10May24_300SA_p01_14_1_18321.d,nmdc:procsm-11-ba63g614
nmdc:bsm-11-pvmt8d73,60940_3_B_2_WEOM_r3_Mag_10May24_300SA_p01_14_1_18370.d,nmdc:procsm-11-ba63g614
nmdc:bsm-11-pvmt8d73,60940_3_B_3_WEOM_r1_Mag_10May24_300SA_p01_15_1_18294.d,nmdc:procsm-11-r3dwks81
nmdc:bsm-11-pvmt8d73,60940_3_B_3_WEOM_r2_Mag_10May24_300SA_p01_15_1_18347.d,nmdc:procsm-11-r3dwks81
nmdc:bsm-11-pvmt8d73,60940_3_B_3_WEOM_r3_Mag_10May24_300SA_p01_15_1_18361.d,nmdc:procsm-11-r3dwks81
nmdc:bsm-11-pvmt8d73,60940_3_BTM_1_MAOM_r1_Mag_19Dec24_3p3kV_300SA_p01_16_1_20976.d,nmdc:procsm-11-c19g3k29
nmdc:bsm-11-pvmt8d73,60940_3_BTM_1_MAOM_r2_Mag_23Dec24_3p3kV_300SA_p01_16_1_21045.d,nmdc:procsm-11-c19g3k29
nmdc:bsm-11-pvmt8d73,60940_3_BTM_1_MAOM_r3_Mag_23Dec24_3p3kV_300SA_p01_16_1_21111.d,nmdc:procsm-11-c19g3k29
nmdc:bsm-11-pvmt8d73,60940_3_BTM_2_MAOM_r1_Mag_19Dec24_3p3kV_300SA_p01_17_1_21002.d,nmdc:procsm-11-qgts0n52
nmdc:bsm-11-pvmt8d73,60940_3_BTM_2_MAOM_r2_Mag_23Dec24_3p3kV_300SA_p01_17_1_21075.d,nmdc:procsm-11-qgts0n52
nmdc:bsm-11-pvmt8d73,60940_3_BTM_2_MAOM_r3_Mag_23Dec24_3p3kV_300SA_p01_17_1_21124.d,nmdc:procsm-11-qgts0n52
nmdc:bsm-11-pvmt8d73,60940_3_BTM_3_MAOM_r1_Mag_19Dec24_3p3kV_300SA_p01_18_1_20973.d,nmdc:procsm-11-hg7gks67
nmdc:bsm-11-pvmt8d73,60940_3_BTM_3_MAOM_r2_Mag_23Dec24_3p3kV_300SA_p01_18_1_21057.d,nmdc:procsm-11-hg7gks67
nmdc:bsm-11-pvmt8d73,60940_3_BTM_3_MAOM_r3_Mag_23Dec24_3p3kV_300SA_p01_18_1_21112.d,nmdc:procsm-11-hg7gks67
nmdc:bsm-11-3vy6w985,60940_3_TOP_1_MAOM_r1_Mag_19Dec24_3p3kV_300SA_p01_13_1_20974.d,nmdc:procsm-11-cn6ge448
nmdc:bsm-11-3vy6w985,60940_3_TOP_1_MAOM_r2_Mag_23Dec24_3p3kV_300SA_p01_13_1_21054.d,nmdc:procsm-11-cn6ge448
nmdc:bsm-11-3vy6w985,60940_3_TOP_1_MAOM_r3_Mag_23Dec24_3p3kV_300SA_p01_13_1_21134.d,nmdc:procsm-11-cn6ge448
nmdc:bsm-11-3vy6w985,60940_3_TOP_2_MAOM_r1_Mag_19Dec24_3p3kV_300SA_p01_14_1_21001.d,nmdc:procsm-11-ym5ry210
nmdc:bsm-11-3vy6w985,60940_3_TOP_2_MAOM_r2_Mag_23Dec24_3p3kV_300SA_p01_14_1_21046.d,nmdc:procsm-11-ym5ry210
nmdc:bsm-11-3vy6w985,60940_3_TOP_2_MAOM_r3_Mag_23Dec24_3p3kV_300SA_p01_14_1_21116.d,nmdc:procsm-11-ym5ry210
nmdc:bsm-11-3vy6w985,60940_3_TOP_3_MAOM_r1_Mag_19Dec24_3p3kV_300SA_p01_15_1_20981.d,nmdc:procsm-11-psdzxb15
nmdc:bsm-11-3vy6w985,60940_3_TOP_3_MAOM_r2_Mag_23Dec24_3p3kV_300SA_p01_15_1_21060.d,nmdc:procsm-11-psdzxb15
nmdc:bsm-11-3vy6w985,60940_3_TOP_3_MAOM_r3_Mag_23Dec24_3p3kV_300SA_p01_15_1_21126.d,nmdc:procsm-11-psdzxb15
nmdc:bsm-11-18pxzb37,60940_4_B_1_WEOM_r1_Mag_10May24_300SA_p01_19_1_18271.d,nmdc:procsm-11-3ebahb83
nmdc:bsm-11-18pxzb37,60940_4_B_1_WEOM_r2_Mag_10May24_300SA_p01_19_1_18340.d,nmdc:procsm-11-3ebahb83
nmdc:bsm-11-18pxzb37,60940_4_B_1_WEOM_r3_Mag_13May24_300SA_p01_19_1_18412.d,nmdc:procsm-11-3ebahb83
nmdc:bsm-11-18pxzb37,60940_4_B_2_WEOM_r1_Mag_10May24_300SA_p01_20_1_18296.d,nmdc:procsm-11-a0sfp555
nmdc:bsm-11-18pxzb37,60940_4_B_2_WEOM_r2_Mag_10May24_300SA_p01_20_1_18348.d,nmdc:procsm-11-a0sfp555
nmdc:bsm-11-18pxzb37,60940_4_B_2_WEOM_r3_Mag_10May24_300SA_p01_20_1_18365.d,nmdc:procsm-11-a0sfp555
nmdc:bsm-11-18pxzb37,60940_4_B_3_WEOM_r1_Mag_10May24_300SA_p01_21_1_18265.d,nmdc:procsm-11-e3rrgr02
nmdc:bsm-11-18pxzb37,60940_4_B_3_WEOM_r2_Mag_10May24_300SA_p01_21_1_18312.d,nmdc:procsm-11-e3rrgr02
nmdc:bsm-11-18pxzb37,60940_4_B_3_WEOM_r3_Mag_10May24_300SA_p01_21_1_18355.d,nmdc:procsm-11-e3rrgr02
nmdc:bsm-11-18pxzb37,60940_4_BTM_1_MAOM_r1_Mag_19Dec24_3p3kV_300SA_p01_22_1_20984.d,nmdc:procsm-11-ahhnxd74
nmdc:bsm-11-18pxzb37,60940_4_BTM_1_MAOM_r2_Mag_23Dec24_3p3kV_300SA_p01_22_1_21077.d,nmdc:procsm-11-ahhnxd74
nmdc:bsm-11-18pxzb37,60940_4_BTM_1_MAOM_r3_Mag_23Dec24_3p3kV_300SA_p01_22_1_21115.d,nmdc:procsm-11-ahhnxd74
nmdc:bsm-11-18pxzb37,60940_4_BTM_2_MAOM_r1_Mag_19Dec24_3p3kV_300SA_p01_23_1_20978.d,nmdc:procsm-11-6nan1j42
nmdc:bsm-11-18pxzb37,60940_4_BTM_2_MAOM_r2_Mag_23Dec24_3p3kV_300SA_p01_23_1_21059.d,nmdc:procsm-11-6nan1j42
nmdc:bsm-11-18pxzb37,60940_4_BTM_2_MAOM_r3_Mag_23Dec24_3p3kV_300SA_p01_23_1_21105.d,nmdc:procsm-11-6nan1j42
nmdc:bsm-11-18pxzb37,60940_4_BTM_3_MAOM_r1_Mag_19Dec24_3p3kV_300SA_p01_24_1_20995.d,nmdc:procsm-11-jqh7jr07
nmdc:bsm-11-18pxzb37,60940_4_BTM_3_MAOM_r2_Mag_23Dec24_3p3kV_300SA_p01_24_1_21042.d,nmdc:procsm-11-jqh7jr07
nmdc:bsm-11-18pxzb37,60940_4_BTM_3_MAOM_r3_Mag_23Dec24_3p3kV_300SA_p01_24_1_21101.d,nmdc:procsm-11-jqh7jr07
nmdc:bsm-11-qvs0ps77,60940_4_T_1_WEOM_r1_Mag_10May24_300SA_p01_16_1_18304.d,nmdc:procsm-11-atw66j85
nmdc:bsm-11-qvs0ps77,60940_4_T_1_WEOM_r2_Mag_10May24_300SA_p01_16_1_18313.d,nmdc:procsm-11-atw66j85
nmdc:bsm-11-qvs0ps77,60940_4_T_1_WEOM_r3_Mag_10May24_300SA_p01_16_1_18352.d,nmdc:procsm-11-atw66j85
nmdc:bsm-11-qvs0ps77,60940_4_T_2_WEOM_r1_Mag_10May24_300SA_p01_17_1_18305.d,nmdc:procsm-11-zte5b840
nmdc:bsm-11-qvs0ps77,60940_4_T_2_WEOM_r2_Mag_10May24_300SA_p01_17_1_18317.d,nmdc:procsm-11-zte5b840
nmdc:bsm-11-qvs0ps77,60940_4_T_2_WEOM_r3_Mag_10May24_300SA_p01_17_1_18369.d,nmdc:procsm-11-zte5b840
nmdc:bsm-11-qvs0ps77,60940_4_T_3_WEOM_r1_Mag_10May24_300SA_p01_18_1_18280.d,nmdc:procsm-11-8apeb934
nmdc:bsm-11-qvs0ps77,60940_4_T_3_WEOM_r2_Mag_10May24_300SA_p01_18_1_18330.d,nmdc:procsm-11-8apeb934
nmdc:bsm-11-qvs0ps77,60940_4_T_3_WEOM_r3_Mag_13May24_300SA_p01_18_1_18401.d,nmdc:procsm-11-8apeb934
nmdc:bsm-11-qvs0ps77,60940_4_TOP_1_MAOM_r1_Mag_19Dec24_3p3kV_300SA_p01_19_1_20982.d,nmdc:procsm-11-36gvpz16
nmdc:bsm-11-qvs0ps77,60940_4_TOP_1_MAOM_r2_Mag_23Dec24_3p3kV_300SA_p01_19_1_21066.d,nmdc:procsm-11-36gvpz16
nmdc:bsm-11-qvs0ps77,60940_4_TOP_1_MAOM_r3_Mag_23Dec24_3p3kV_300SA_p01_19_1_21127.d,nmdc:procsm-11-36gvpz16
nmdc:bsm-11-qvs0ps77,60940_4_TOP_2_MAOM_r1_Mag_19Dec24_3p3kV_300SA_p01_20_1_20987.d,nmdc:procsm-11-kteedh37
nmdc:bsm-11-qvs0ps77,60940_4_TOP_2_MAOM_r2_Mag_23Dec24_3p3kV_300SA_p01_20_1_21076.d,nmdc:procsm-11-kteedh37
nmdc:bsm-11-qvs0ps77,60940_4_TOP_2_MAOM_r3_Mag_23Dec24_3p3kV_300SA_p01_20_1_21114.d,nmdc:procsm-11-kteedh37
nmdc:bsm-11-qvs0ps77,60940_4_TOP_3_MAOM_r1_Mag_19Dec24_3p3kV_300SA_p01_21_1_20998.d,nmdc:procsm-11-4t9rz745
nmdc:bsm-11-qvs0ps77,60940_4_TOP_3_MAOM_r2_Mag_23Dec24_3p3kV_300SA_p01_21_1_21071.d,nmdc:procsm-11-4t9rz745
nmdc:bsm-11-qvs0ps77,60940_4_TOP_3_MAOM_r3_Mag_23Dec24_3p3kV_300SA_p01_21_1_21129.d,nmdc:procsm-11-4t9rz745
nmdc:bsm-11-pp31dx51,60880_1_B_1_WEOM_r1_Mag_16Feb24_300SA_p01_18_1_15368.d,nmdc:procsm-11-mb0qsj48
nmdc:bsm-11-pp31dx51,60880_1_B_1_WEOM_r2_Mag_16Feb24_300SA_p01_18_1_15416.d,nmdc:procsm-11-mb0qsj48
nmdc:bsm-11-pp31dx51,60880_1_B_1_WEOM_r3_Mag_16Feb24_300SA_p01_18_1_15446.d,nmdc:procsm-11-mb0qsj48
nmdc:bsm-11-pp31dx51,60880_1_B_2_WEOM_r1_Mag_16Feb24_300SA_p01_19_1_15380.d,nmdc:procsm-11-ay61nd53
nmdc:bsm-11-pp31dx51,60880_1_B_2_WEOM_r2_Mag_16Feb24_300SA_p01_19_1_15398.d,nmdc:procsm-11-ay61nd53
nmdc:bsm-11-pp31dx51,60880_1_B_2_WEOM_r3_Mag_16Feb24_300SA_p01_19_1_15438.d,nmdc:procsm-11-ay61nd53
nmdc:bsm-11-pp31dx51,60880_1_BTM_1_MAOM_r1_Mag_02Jan25_3p3kV_300SA_p01_38_1_21436.d,nmdc:procsm-11-2ft5ky72
nmdc:bsm-11-pp31dx51,60880_1_BTM_1_MAOM_r2_Mag_02Jan25_3p3kV_300SA_p01_38_1_21484.d,nmdc:procsm-11-2ft5ky72
nmdc:bsm-11-pp31dx51,60880_1_BTM_1_MAOM_r3_Mag_02Jan25_3p3kV_300SA_p01_38_1_21537.d,nmdc:procsm-11-2ft5ky72
nmdc:bsm-11-pp31dx51,60880_1_BTM_2_MAOM_r1_Mag_02Jan25_3p3kV_300SA_p01_39_1_21453.d,nmdc:procsm-11-xs7ycp39
nmdc:bsm-11-pp31dx51,60880_1_BTM_2_MAOM_r2_Mag_02Jan25_3p3kV_300SA_p01_39_1_21526.d,nmdc:procsm-11-xs7ycp39
nmdc:bsm-11-pp31dx51,60880_1_BTM_2_MAOM_r3_Mag_02Jan25_3p3kV_300SA_p01_39_1_21582.d,nmdc:procsm-11-xs7ycp39
nmdc:bsm-11-pp31dx51,60880_1_BTM_3_MAOM_r1_Mag_02Jan25_3p3kV_300SA_p01_40_1_21477.d,nmdc:procsm-11-8r467032
nmdc:bsm-11-pp31dx51,60880_1_BTM_3_MAOM_r2_Mag_02Jan25_3p3kV_300SA_p01_40_1_21515.d,nmdc:procsm-11-8r467032
nmdc:bsm-11-pp31dx51,60880_1_BTM_3_MAOM_r3_Mag_02Jan25_3p3kV_300SA_p01_40_1_21563.d,nmdc:procsm-11-8r467032
nmdc:bsm-11-2mbdf872,60880_1_T_2_WEOM_r1_Mag_16Feb24_300SA_p01_16_1_15363.d,nmdc:procsm-11-2qg21431
nmdc:bsm-11-2mbdf872,60880_1_T_2_WEOM_r2_Mag_16Feb24_300SA_p01_16_1_15419.d,nmdc:procsm-11-2qg21431
nmdc:bsm-11-2mbdf872,60880_1_T_2_WEOM_r3_Mag_16Feb24_300SA_p01_16_1_15443.d,nmdc:procsm-11-2qg21431
nmdc:bsm-11-2mbdf872,60880_1_T_3_WEOM_r1_Mag_16Feb24_300SA_p01_17_1_15374.d,nmdc:procsm-11-07315p08
nmdc:bsm-11-2mbdf872,60880_1_T_3_WEOM_r2_Mag_16Feb24_300SA_p01_17_1_15412.d,nmdc:procsm-11-07315p08
nmdc:bsm-11-2mbdf872,60880_1_T_3_WEOM_r3_Mag_16Feb24_300SA_p01_17_1_15442.d,nmdc:procsm-11-07315p08
nmdc:bsm-11-2mbdf872,60880_1_TOP_1_MAOM_r1_Mag_02Jan25_3p3kV_300SA_p01_35_1_21446.d,nmdc:procsm-11-dr5qex95
nmdc:bsm-11-2mbdf872,60880_1_TOP_1_MAOM_r2_Mag_02Jan25_3p3kV_300SA_p01_35_1_21491.d,nmdc:procsm-11-dr5qex95
nmdc:bsm-11-2mbdf872,60880_1_TOP_1_MAOM_r3_Mag_02Jan25_3p3kV_300SA_p01_35_1_21578.d,nmdc:procsm-11-dr5qex95
nmdc:bsm-11-2mbdf872,60880_1_TOP_2_MAOM_r1_Mag_02Jan25_3p3kV_300SA_p01_36_1_21433.d,nmdc:procsm-11-yw6qxe45
nmdc:bsm-11-2mbdf872,60880_1_TOP_2_MAOM_r2_Mag_02Jan25_3p3kV_300SA_p01_36_1_21524.d,nmdc:procsm-11-yw6qxe45
nmdc:bsm-11-2mbdf872,60880_1_TOP_2_MAOM_r3_Mag_02Jan25_3p3kV_300SA_p01_36_1_21540.d,nmdc:procsm-11-yw6qxe45
nmdc:bsm-11-2mbdf872,60880_1_TOP_3_MAOM_r1_Mag_02Jan25_3p3kV_300SA_p01_37_1_21426.d,nmdc:procsm-11-rpgmd587
nmdc:bsm-11-2mbdf872,60880_1_TOP_3_MAOM_r2_Mag_02Jan25_3p3kV_300SA_p01_37_1_21493.d,nmdc:procsm-11-rpgmd587
nmdc:bsm-11-2mbdf872,60880_1_TOP_3_MAOM_r3_Mag_02Jan25_3p3kV_300SA_p01_37_1_21557.d,nmdc:procsm-11-rpgmd587
nmdc:bsm-11-s41v0f79,60880_2_B_1_WEOM_r1_Mag_16Feb24_300SA_p01_23_1_15377.d,nmdc:procsm-11-1xm3x108
nmdc:bsm-11-s41v0f79,60880_2_B_1_WEOM_r2_Mag_16Feb24_300SA_p01_23_1_15399.d,nmdc:procsm-11-1xm3x108
nmdc:bsm-11-s41v0f79,60880_2_B_1_WEOM_r3_Mag_16Feb24_300SA_p01_23_1_15444.d,nmdc:procsm-11-1xm3x108
nmdc:bsm-11-s41v0f79,60880_2_B_2_WEOM_r1_Mag_16Feb24_300SA_p01_24_1_15376.d,nmdc:procsm-11-9j59rq50
nmdc:bsm-11-s41v0f79,60880_2_B_2_WEOM_r2_Mag_16Feb24_300SA_p01_24_1_15422.d,nmdc:procsm-11-9j59rq50
nmdc:bsm-11-s41v0f79,60880_2_B_2_WEOM_r3_Mag_16Feb24_300SA_p01_24_1_15450.d,nmdc:procsm-11-9j59rq50
nmdc:bsm-11-s41v0f79,60880_2_B_3_WEOM_r1_Mag_16Feb24_300SA_p01_25_1_15386.d,nmdc:procsm-11-w122p151
nmdc:bsm-11-s41v0f79,60880_2_B_3_WEOM_r2_Mag_16Feb24_300SA_p01_25_1_15400.d,nmdc:procsm-11-w122p151
nmdc:bsm-11-s41v0f79,60880_2_B_3_WEOM_r3_Mag_16Feb24_300SA_p01_25_1_15434.d,nmdc:procsm-11-w122p151
nmdc:bsm-11-s41v0f79,60880_2_BTM_1_MAOM_r1_Mag_02Jan25_3p3kV_300SA_p01_44_1_21452.d,nmdc:procsm-11-pxk4at18
nmdc:bsm-11-s41v0f79,60880_2_BTM_1_MAOM_r2_Mag_02Jan25_3p3kV_300SA_p01_44_1_21502.d,nmdc:procsm-11-pxk4at18
nmdc:bsm-11-s41v0f79,60880_2_BTM_1_MAOM_r3_Mag_02Jan25_3p3kV_300SA_p01_44_1_21552.d,nmdc:procsm-11-pxk4at18
nmdc:bsm-11-s41v0f79,60880_2_BTM_2_MAOM_r1_Mag_02Jan25_3p3kV_300SA_p01_45_1_21435.d,nmdc:procsm-11-hkbmtf06
nmdc:bsm-11-s41v0f79,60880_2_BTM_2_MAOM_r2_Mag_02Jan25_3p3kV_300SA_p01_45_1_21528.d,nmdc:procsm-11-hkbmtf06
nmdc:bsm-11-s41v0f79,60880_2_BTM_2_MAOM_r3_Mag_02Jan25_3p3kV_300SA_p01_45_1_21565.d,nmdc:procsm-11-hkbmtf06
nmdc:bsm-11-s41v0f79,60880_2_BTM_3_MAOM_r1_Mag_02Jan25_3p3kV_300SA_p01_46_1_21451.d,nmdc:procsm-11-1jmqjk05
nmdc:bsm-11-s41v0f79,60880_2_BTM_3_MAOM_r2_Mag_02Jan25_3p3kV_300SA_p01_46_1_21512.d,nmdc:procsm-11-1jmqjk05
nmdc:bsm-11-s41v0f79,60880_2_BTM_3_MAOM_r3_Mag_02Jan25_3p3kV_300SA_p01_46_1_21583.d,nmdc:procsm-11-1jmqjk05
nmdc:bsm-11-5vjamr09,60880_2_T_1_WEOM_r1_Mag_16Feb24_300SA_p01_20_1_15369.d,nmdc:procsm-11-stmrtb69
nmdc:bsm-11-5vjamr09,60880_2_T_1_WEOM_r2_Mag_16Feb24_300SA_p01_20_1_15396.d,nmdc:procsm-11-stmrtb69
nmdc:bsm-11-5vjamr09,60880_2_T_1_WEOM_r3_Mag_16Feb24_300SA_p01_20_1_15433.d,nmdc:procsm-11-stmrtb69
nmdc:bsm-11-5vjamr09,60880_2_T_2_WEOM_r1_Mag_16Feb24_300SA_p01_21_1_15366.d,nmdc:procsm-11-aggwgd55
nmdc:bsm-11-5vjamr09,60880_2_T_2_WEOM_r2_Mag_16Feb24_300SA_p01_21_1_15394.d,nmdc:procsm-11-aggwgd55
nmdc:bsm-11-5vjamr09,60880_2_T_2_WEOM_r3_Mag_16Feb24_300SA_p01_21_1_15436.d,nmdc:procsm-11-aggwgd55
nmdc:bsm-11-5vjamr09,60880_2_T_3_WEOM_r1_Mag_16Feb24_300SA_p01_22_1_15375.d,nmdc:procsm-11-x0sc7e31
nmdc:bsm-11-5vjamr09,60880_2_T_3_WEOM_r2_Mag_16Feb24_300SA_p01_22_1_15401.d,nmdc:procsm-11-x0sc7e31
nmdc:bsm-11-5vjamr09,60880_2_T_3_WEOM_r3_Mag_16Feb24_300SA_p01_22_1_15429.d,nmdc:procsm-11-x0sc7e31
nmdc:bsm-11-5vjamr09,60880_2_TOP_1_MAOM_r1_Mag_02Jan25_3p3kV_300SA_p01_41_1_21441.d,nmdc:procsm-11-w5jvww16
nmdc:bsm-11-5vjamr09,60880_2_TOP_1_MAOM_r2_Mag_02Jan25_3p3kV_300SA_p01_41_1_21485.d,nmdc:procsm-11-w5jvww16
nmdc:bsm-11-5vjamr09,60880_2_TOP_1_MAOM_r3_Mag_02Jan25_3p3kV_300SA_p01_41_1_21574.d,nmdc:procsm-11-w5jvww16
nmdc:bsm-11-5vjamr09,60880_2_TOP_2_MAOM_r1_Mag_02Jan25_3p3kV_300SA_p01_42_1_21442.d,nmdc:procsm-11-6j0p4906
nmdc:bsm-11-5vjamr09,60880_2_TOP_2_MAOM_r2_Mag_02Jan25_3p3kV_300SA_p01_42_1_21513.d,nmdc:procsm-11-6j0p4906
nmdc:bsm-11-5vjamr09,60880_2_TOP_2_MAOM_r3_Mag_02Jan25_3p3kV_300SA_p01_42_1_21535.d,nmdc:procsm-11-6j0p4906
nmdc:bsm-11-5vjamr09,60880_2_TOP_3_MAOM_r1_Mag_02Jan25_3p3kV_300SA_p01_43_1_21438.d,nmdc:procsm-11-8feehy37
nmdc:bsm-11-5vjamr09,60880_2_TOP_3_MAOM_r2_Mag_02Jan25_3p3kV_300SA_p01_43_1_21482.d,nmdc:procsm-11-8feehy37
nmdc:bsm-11-5vjamr09,60880_2_TOP_3_MAOM_r3_Mag_02Jan25_3p3kV_300SA_p01_43_1_21567.d,nmdc:procsm-11-8feehy37
nmdc:bsm-11-866ak216,60880_3_B_1_WEOM_r1_Mag_16Feb24_300SA_p01_29_1_15388.d,nmdc:procsm-11-v5nmvr56
nmdc:bsm-11-866ak216,60880_3_B_1_WEOM_r2_Mag_16Feb24_300SA_p01_29_1_15411.d,nmdc:procsm-11-v5nmvr56
nmdc:bsm-11-866ak216,60880_3_B_1_WEOM_r3_Mag_16Feb24_300SA_p01_29_1_15430.d,nmdc:procsm-11-v5nmvr56
nmdc:bsm-11-866ak216,60880_3_B_2_WEOM_r1_Mag_16Feb24_300SA_p01_30_1_15372.d,nmdc:procsm-11-g8sdh087
nmdc:bsm-11-866ak216,60880_3_B_2_WEOM_r2_Mag_16Feb24_300SA_p01_30_1_15395.d,nmdc:procsm-11-g8sdh087
nmdc:bsm-11-866ak216,60880_3_B_2_WEOM_r3_Mag_16Feb24_300SA_p01_30_1_15431.d,nmdc:procsm-11-g8sdh087
nmdc:bsm-11-866ak216,60880_3_B_3_WEOM_r1_Mag_16Feb24_300SA_p01_31_1_15373.d,nmdc:procsm-11-ebp3b891
nmdc:bsm-11-866ak216,60880_3_B_3_WEOM_r2_Mag_16Feb24_300SA_p01_31_1_15408.d,nmdc:procsm-11-ebp3b891
nmdc:bsm-11-866ak216,60880_3_B_3_WEOM_r3_Mag_16Feb24_300SA_p01_31_1_15435.d,nmdc:procsm-11-ebp3b891
nmdc:bsm-11-866ak216,60880_3_BTM_1_MAOM_r1_Mag_27Dec24_3p3kV_300SA_p01_4_1_21349.d,nmdc:procsm-11-svr6w890
nmdc:bsm-11-866ak216,60880_3_BTM_1_MAOM_r2_Mag_27Dec24_3p3kV_300SA_p01_4_1_21375.d,nmdc:procsm-11-svr6w890
nmdc:bsm-11-866ak216,60880_3_BTM_1_MAOM_r3_Mag_27Dec24_3p3kV_300SA_p01_4_1_21392.d,nmdc:procsm-11-svr6w890
nmdc:bsm-11-866ak216,60880_3_BTM_2_MAOM_r1_Mag_27Dec24_3p3kV_300SA_p01_5_1_21337.d,nmdc:procsm-11-nhse1v84
nmdc:bsm-11-866ak216,60880_3_BTM_2_MAOM_r2_Mag_27Dec24_3p3kV_300SA_p01_5_1_21382.d,nmdc:procsm-11-nhse1v84
nmdc:bsm-11-866ak216,60880_3_BTM_2_MAOM_r3_Mag_27Dec24_3p3kV_300SA_p01_5_1_21404.d,nmdc:procsm-11-nhse1v84
nmdc:bsm-11-866ak216,60880_3_BTM_3_MAOM_r1_Mag_27Dec24_3p3kV_300SA_p01_6_1_21347.d,nmdc:procsm-11-q4xvdc49
nmdc:bsm-11-866ak216,60880_3_BTM_3_MAOM_r2_Mag_27Dec24_3p3kV_300SA_p01_6_1_21377.d,nmdc:procsm-11-q4xvdc49
nmdc:bsm-11-866ak216,60880_3_BTM_3_MAOM_r3_Mag_27Dec24_3p3kV_300SA_p01_6_1_21414.d,nmdc:procsm-11-q4xvdc49
nmdc:bsm-11-t27vqt47,60880_3_T_1_WEOM_r1_Mag_16Feb24_300SA_p01_26_1_15381.d,nmdc:procsm-11-senvdz71
nmdc:bsm-11-t27vqt47,60880_3_T_1_WEOM_r2_Mag_16Feb24_300SA_p01_26_1_15417.d,nmdc:procsm-11-senvdz71
nmdc:bsm-11-t27vqt47,60880_3_T_1_WEOM_r3_Mag_16Feb24_300SA_p01_26_1_15441.d,nmdc:procsm-11-senvdz71
nmdc:bsm-11-t27vqt47,60880_3_T_2_WEOM_r1_Mag_16Feb24_300SA_p01_27_1_15387.d,nmdc:procsm-11-01zyfy20
nmdc:bsm-11-t27vqt47,60880_3_T_2_WEOM_r2_Mag_16Feb24_300SA_p01_27_1_15402.d,nmdc:procsm-11-01zyfy20
nmdc:bsm-11-t27vqt47,60880_3_T_2_WEOM_r3_Mag_16Feb24_300SA_p01_27_1_15424.d,nmdc:procsm-11-01zyfy20
nmdc:bsm-11-t27vqt47,60880_3_T_3_WEOM_r1_Mag_16Feb24_300SA_p01_28_1_15365.d,nmdc:procsm-11-vtpvre80
nmdc:bsm-11-t27vqt47,60880_3_T_3_WEOM_r2_Mag_16Feb24_300SA_p01_28_1_15407.d,nmdc:procsm-11-vtpvre80
nmdc:bsm-11-t27vqt47,60880_3_T_3_WEOM_r3_Mag_16Feb24_300SA_p01_28_1_15426.d,nmdc:procsm-11-vtpvre80
nmdc:bsm-11-t27vqt47,60880_3_TOP_1_MAOM_r1_Mag_27Dec24_3p3kV_300SA_p01_1_1_21335.d,nmdc:procsm-11-j9yhcs11
nmdc:bsm-11-t27vqt47,60880_3_TOP_1_MAOM_r2_Mag_27Dec24_3p3kV_300SA_p01_1_1_21358.d,nmdc:procsm-11-j9yhcs11
nmdc:bsm-11-t27vqt47,60880_3_TOP_1_MAOM_r3_Mag_27Dec24_3p3kV_300SA_p01_1_1_21407.d,nmdc:procsm-11-j9yhcs11
nmdc:bsm-11-t27vqt47,60880_3_TOP_2_MAOM_r1_Mag_27Dec24_3p3kV_300SA_p01_2_1_21352.d,nmdc:procsm-11-520t6057
nmdc:bsm-11-t27vqt47,60880_3_TOP_2_MAOM_r2_Mag_27Dec24_3p3kV_300SA_p01_2_1_21385.d,nmdc:procsm-11-520t6057
nmdc:bsm-11-t27vqt47,60880_3_TOP_2_MAOM_r3_Mag_27Dec24_3p3kV_300SA_p01_2_1_21391.d,nmdc:procsm-11-520t6057
nmdc:bsm-11-t27vqt47,60880_3_TOP_3_MAOM_r1_Mag_27Dec24_3p3kV_300SA_p01_3_1_21331.d,nmdc:procsm-11-2sa6ge75
nmdc:bsm-11-t27vqt47,60880_3_TOP_3_MAOM_r2_Mag_27Dec24_3p3kV_300SA_p01_3_1_21384.d,nmdc:procsm-11-2sa6ge75
nmdc:bsm-11-t27vqt47,60880_3_TOP_3_MAOM_r3_Mag_27Dec24_3p3kV_300SA_p01_3_1_21416.d,nmdc:procsm-11-2sa6ge75
nmdc:bsm-11-939ej177,60880_4_B_1_WEOM_r1_Mag_16Feb24_300SA_p01_35_1_15391.d,nmdc:procsm-11-e9tzkx20
nmdc:bsm-11-939ej177,60880_4_B_1_WEOM_r2_Mag_16Feb24_300SA_p01_35_1_15413.d,nmdc:procsm-11-e9tzkx20
nmdc:bsm-11-939ej177,60880_4_B_1_WEOM_r3_Mag_16Feb24_300SA_p01_35_1_15447.d,nmdc:procsm-11-e9tzkx20
nmdc:bsm-11-939ej177,60880_4_B_2_WEOM_r1_Mag_16Feb24_300SA_p01_36_1_15371.d,nmdc:procsm-11-586wbm88
nmdc:bsm-11-939ej177,60880_4_B_2_WEOM_r2_Mag_16Feb24_300SA_p01_36_1_15393.d,nmdc:procsm-11-586wbm88
nmdc:bsm-11-939ej177,60880_4_B_2_WEOM_r3_Mag_16Feb24_300SA_p01_36_1_15440.d,nmdc:procsm-11-586wbm88
nmdc:bsm-11-939ej177,60880_4_B_3_WEOM_r1_Mag_16Feb24_300SA_p01_37_1_15370.d,nmdc:procsm-11-2p37xd90
nmdc:bsm-11-939ej177,60880_4_B_3_WEOM_r2_Mag_16Feb24_300SA_p01_37_1_15421.d,nmdc:procsm-11-2p37xd90
nmdc:bsm-11-939ej177,60880_4_B_3_WEOM_r3_Mag_16Feb24_300SA_p01_37_1_15437.d,nmdc:procsm-11-2p37xd90
nmdc:bsm-11-939ej177,60880_4_BTM_1_MAOM_r1_Mag_27Dec24_3p3kV_300SA_p01_10_1_21355.d,nmdc:procsm-11-kzg0tz63
nmdc:bsm-11-939ej177,60880_4_BTM_1_MAOM_r2_Mag_27Dec24_3p3kV_300SA_p01_10_1_21363.d,nmdc:procsm-11-kzg0tz63
nmdc:bsm-11-939ej177,60880_4_BTM_1_MAOM_r3_Mag_27Dec24_3p3kV_300SA_p01_10_1_21398.d,nmdc:procsm-11-kzg0tz63
nmdc:bsm-11-939ej177,60880_4_BTM_2_MAOM_r1_Mag_27Dec24_3p3kV_300SA_p01_11_1_21357.d,nmdc:procsm-11-kjby3q18
nmdc:bsm-11-939ej177,60880_4_BTM_2_MAOM_r2_Mag_27Dec24_3p3kV_300SA_p01_11_1_21386.d,nmdc:procsm-11-kjby3q18
nmdc:bsm-11-939ej177,60880_4_BTM_2_MAOM_r3_Mag_27Dec24_3p3kV_300SA_p01_11_1_21399.d,nmdc:procsm-11-kjby3q18
nmdc:bsm-11-939ej177,60880_4_BTM_3_MAOM_r1_Mag_27Dec24_3p3kV_300SA_p01_12_1_21328.d,nmdc:procsm-11-yg614835
nmdc:bsm-11-939ej177,60880_4_BTM_3_MAOM_r2_Mag_27Dec24_3p3kV_300SA_p01_12_1_21373.d,nmdc:procsm-11-yg614835
nmdc:bsm-11-939ej177,60880_4_BTM_3_MAOM_r3_Mag_27Dec24_3p3kV_300SA_p01_12_1_21395.d,nmdc:procsm-11-yg614835
nmdc:bsm-11-eejbkc73,60880_4_T_1_WEOM_r1_Mag_16Feb24_300SA_p01_32_1_15389.d,nmdc:procsm-11-zn31qh72
nmdc:bsm-11-eejbkc73,60880_4_T_1_WEOM_r2_Mag_16Feb24_300SA_p01_32_1_15420.d,nmdc:procsm-11-zn31qh72
nmdc:bsm-11-eejbkc73,60880_4_T_1_WEOM_r3_Mag_16Feb24_300SA_p01_32_1_15449.d,nmdc:procsm-11-zn31qh72
nmdc:bsm-11-eejbkc73,60880_4_T_2_WEOM_r1_Mag_16Feb24_300SA_p01_33_1_15382.d,nmdc:procsm-11-6h4bcx30
nmdc:bsm-11-eejbkc73,60880_4_T_2_WEOM_r2_Mag_16Feb24_300SA_p01_33_1_15410.d,nmdc:procsm-11-6h4bcx30
nmdc:bsm-11-eejbkc73,60880_4_T_2_WEOM_r3_Mag_16Feb24_300SA_p01_33_1_15445.d,nmdc:procsm-11-6h4bcx30
nmdc:bsm-11-eejbkc73,60880_4_T_3_WEOM_r1_Mag_16Feb24_300SA_p01_34_1_15378.d,nmdc:procsm-11-vnmbs272
nmdc:bsm-11-eejbkc73,60880_4_T_3_WEOM_r2_Mag_16Feb24_300SA_p01_34_1_15415.d,nmdc:procsm-11-vnmbs272
nmdc:bsm-11-eejbkc73,60880_4_T_3_WEOM_r3_Mag_16Feb24_300SA_p01_34_1_15425.d,nmdc:procsm-11-vnmbs272
nmdc:bsm-11-eejbkc73,60880_4_TOP_1_MAOM_r1_Mag_27Dec24_3p3kV_300SA_p01_7_1_21338.d,nmdc:procsm-11-gsdhr432
nmdc:bsm-11-eejbkc73,60880_4_TOP_1_MAOM_r2_Mag_27Dec24_3p3kV_300SA_p01_7_1_21381.d,nmdc:procsm-11-gsdhr432
nmdc:bsm-11-eejbkc73,60880_4_TOP_1_MAOM_r3_Mag_27Dec24_3p3kV_300SA_p01_7_1_21417.d,nmdc:procsm-11-gsdhr432
nmdc:bsm-11-eejbkc73,60880_4_TOP_2_MAOM_r1_Mag_27Dec24_3p3kV_300SA_p01_8_1_21353.d,nmdc:procsm-11-ap4abw31
nmdc:bsm-11-eejbkc73,60880_4_TOP_2_MAOM_r2_Mag_27Dec24_3p3kV_300SA_p01_8_1_21374.d,nmdc:procsm-11-ap4abw31
nmdc:bsm-11-eejbkc73,60880_4_TOP_2_MAOM_r3_Mag_27Dec24_3p3kV_300SA_p01_8_1_21401.d,nmdc:procsm-11-ap4abw31
nmdc:bsm-11-eejbkc73,60880_4_TOP_3_MAOM_r1_Mag_27Dec24_3p3kV_300SA_p01_9_1_21340.d,nmdc:procsm-11-xnmz7324
nmdc:bsm-11-eejbkc73,60880_4_TOP_3_MAOM_r2_Mag_27Dec24_3p3kV_300SA_p01_9_1_21368.d,nmdc:procsm-11-xnmz7324
nmdc:bsm-11-eejbkc73,60880_4_TOP_3_MAOM_r3_Mag_27Dec24_3p3kV_300SA_p01_9_1_21406.d,nmdc:procsm-11-xnmz7324
nmdc:bsm-11-p8dkr741,60880_5_BTM_1_MAOM_r1_Mag_26Feb25_3p3kV_300SA_p01_38_1_23812.d,nmdc:procsm-11-rpkqw569
nmdc:bsm-11-p8dkr741,60880_5_BTM_1_MAOM_r2_Mag_26Feb25_3p3kV_300SA_p01_38_1_23832.d,nmdc:procsm-11-rpkqw569
nmdc:bsm-11-p8dkr741,60880_5_BTM_1_MAOM_r3_Mag_26Feb25_3p3kV_300SA_p01_38_1_23919.d,nmdc:procsm-11-rpkqw569
nmdc:bsm-11-p8dkr741,60880_5_BTM_2_MAOM_r1_Mag_26Feb25_3p3kV_300SA_p01_39_1_23815.d,nmdc:procsm-11-7m9mxs84
nmdc:bsm-11-p8dkr741,60880_5_BTM_2_MAOM_r2_Mag_26Feb25_3p3kV_300SA_p01_39_1_23870.d,nmdc:procsm-11-7m9mxs84
nmdc:bsm-11-p8dkr741,60880_5_BTM_2_MAOM_r3_Mag_26Feb25_3p3kV_300SA_p01_39_1_23889.d,nmdc:procsm-11-7m9mxs84
nmdc:bsm-11-p8dkr741,60880_5_BTM_3_MAOM_r1_Mag_26Feb25_3p3kV_300SA_p01_40_1_23801.d,nmdc:procsm-11-d8x0cw71
nmdc:bsm-11-p8dkr741,60880_5_BTM_3_MAOM_r2_Mag_26Feb25_3p3kV_300SA_p01_40_1_23828.d,nmdc:procsm-11-d8x0cw71
nmdc:bsm-11-p8dkr741,60880_5_BTM_3_MAOM_r3_Mag_26Feb25_3p3kV_300SA_p01_40_1_23876.d,nmdc:procsm-11-d8x0cw71
nmdc:bsm-11-6ccma634,60880_5_TOP_1_MAOM_r1_Mag_26Feb25_3p3kV_300SA_p01_35_1_23793.d,nmdc:procsm-11-sj5b8q97
nmdc:bsm-11-6ccma634,60880_5_TOP_1_MAOM_r2_Mag_26Feb25_3p3kV_300SA_p01_35_1_23859.d,nmdc:procsm-11-sj5b8q97
nmdc:bsm-11-6ccma634,60880_5_TOP_1_MAOM_r3_Mag_26Feb25_3p3kV_300SA_p01_35_1_23916.d,nmdc:procsm-11-sj5b8q97
nmdc:bsm-11-6ccma634,60880_5_TOP_2_MAOM_r1_Mag_26Feb25_3p3kV_300SA_p01_36_1_23788.d,nmdc:procsm-11-renwhm37
nmdc:bsm-11-6ccma634,60880_5_TOP_2_MAOM_r2_Mag_26Feb25_3p3kV_300SA_p01_36_1_23830.d,nmdc:procsm-11-renwhm37
nmdc:bsm-11-6ccma634,60880_5_TOP_2_MAOM_r3_Mag_26Feb25_3p3kV_300SA_p01_36_1_23902.d,nmdc:procsm-11-renwhm37
nmdc:bsm-11-6ccma634,60880_5_TOP_3_MAOM_r1_Mag_26Feb25_3p3kV_300SA_p01_37_1_23777.d,nmdc:procsm-11-f2y1dj17
nmdc:bsm-11-6ccma634,60880_5_TOP_3_MAOM_r2_Mag_26Feb25_3p3kV_300SA_p01_37_1_23833.d,nmdc:procsm-11-f2y1dj17
nmdc:bsm-11-6ccma634,60880_5_TOP_3_MAOM_r3_Mag_26Feb25_3p3kV_300SA_p01_37_1_23903.d,nmdc:procsm-11-f2y1dj17
nmdc:bsm-11-a14anh64,60880_6_BTM_1_MAOM_r1_Mag_26Feb25_3p3kV_300SA_p01_44_1_23779.d,nmdc:procsm-11-8vy7wv93
nmdc:bsm-11-a14anh64,60880_6_BTM_1_MAOM_r2_Mag_26Feb25_3p3kV_300SA_p01_44_1_23845.d,nmdc:procsm-11-8vy7wv93
nmdc:bsm-11-a14anh64,60880_6_BTM_1_MAOM_r3_Mag_26Feb25_3p3kV_300SA_p01_44_1_23883.d,nmdc:procsm-11-8vy7wv93
nmdc:bsm-11-a14anh64,60880_6_BTM_2_MAOM_r1_Mag_26Feb25_3p3kV_300SA_p01_45_1_23805.d,nmdc:procsm-11-t3mp1d06
nmdc:bsm-11-a14anh64,60880_6_BTM_2_MAOM_r2_Mag_26Feb25_3p3kV_300SA_p01_45_1_23868.d,nmdc:procsm-11-t3mp1d06
nmdc:bsm-11-a14anh64,60880_6_BTM_2_MAOM_r3_Mag_26Feb25_3p3kV_300SA_p01_45_1_23900.d,nmdc:procsm-11-t3mp1d06
nmdc:bsm-11-a14anh64,60880_6_BTM_3_MAOM_r1_Mag_26Feb25_3p3kV_300SA_p01_46_1_23770.d,nmdc:procsm-11-rfxc9x98
nmdc:bsm-11-a14anh64,60880_6_BTM_3_MAOM_r2_Mag_26Feb25_3p3kV_300SA_p01_46_1_23875.d,nmdc:procsm-11-rfxc9x98
nmdc:bsm-11-a14anh64,60880_6_BTM_3_MAOM_r3_Mag_26Feb25_3p3kV_300SA_p01_46_1_23921.d,nmdc:procsm-11-rfxc9x98
nmdc:bsm-11-2vp4nd49,60880_6_TOP_1_MAOM_r1_Mag_26Feb25_3p3kV_300SA_p01_41_1_23782.d,nmdc:procsm-11-ms9naq91
nmdc:bsm-11-2vp4nd49,60880_6_TOP_1_MAOM_r2_Mag_26Feb25_3p3kV_300SA_p01_41_1_23837.d,nmdc:procsm-11-ms9naq91
nmdc:bsm-11-2vp4nd49,60880_6_TOP_1_MAOM_r3_Mag_26Feb25_3p3kV_300SA_p01_41_1_23882.d,nmdc:procsm-11-ms9naq91
nmdc:bsm-11-2vp4nd49,60880_6_TOP_2_MAOM_r1_Mag_26Feb25_3p3kV_300SA_p01_42_1_23808.d,nmdc:procsm-11-5bvw0k93
nmdc:bsm-11-2vp4nd49,60880_6_TOP_2_MAOM_r2_Mag_26Feb25_3p3kV_300SA_p01_42_1_23853.d,nmdc:procsm-11-5bvw0k93
nmdc:bsm-11-2vp4nd49,60880_6_TOP_2_MAOM_r3_Mag_26Feb25_3p3kV_300SA_p01_42_1_23880.d,nmdc:procsm-11-5bvw0k93
nmdc:bsm-11-2vp4nd49,60880_6_TOP_3_MAOM_r1_Mag_26Feb25_3p3kV_300SA_p01_43_1_23806.d,nmdc:procsm-11-2pdv7p57
nmdc:bsm-11-2vp4nd49,60880_6_TOP_3_MAOM_r2_Mag_26Feb25_3p3kV_300SA_p01_43_1_23834.d,nmdc:procsm-11-2pdv7p57
nmdc:bsm-11-2vp4nd49,60880_6_TOP_3_MAOM_r3_Mag_26Feb25_3p3kV_300SA_p01_43_1_23933.d,nmdc:procsm-11-2pdv7p57
nmdc:bsm-11-xwr0ac68,60923_1_B_1_WEOM_r1_Mag_04Jan24_300SA_p01_2_1_14447.d,nmdc:procsm-11-6n9wsy06
nmdc:bsm-11-xwr0ac68,60923_1_B_1_WEOM_r2_Mag_04Jan24_300SA_p01_2_1_14513.d,nmdc:procsm-11-6n9wsy06
nmdc:bsm-11-xwr0ac68,60923_1_B_1_WEOM_r3_Mag_04Jan24_300SA_p01_2_1_14628.d,nmdc:procsm-11-6n9wsy06
nmdc:bsm-11-xwr0ac68,60923_1_B_2_WEOM_r1_Mag_04Jan24_300SA_p01_30_1_14455.d,nmdc:procsm-11-2hpsm260
nmdc:bsm-11-xwr0ac68,60923_1_B_2_WEOM_r2_Mag_04Jan24_300SA_p01_30_1_14561.d,nmdc:procsm-11-2hpsm260
nmdc:bsm-11-xwr0ac68,60923_1_B_2_WEOM_r3_Mag_04Jan24_300SA_p01_30_1_14641.d,nmdc:procsm-11-2hpsm260
nmdc:bsm-11-xwr0ac68,60923_1_B_3_WEOM_r1_Mag_04Jan24_300SA_p01_10_1_14486.d,nmdc:procsm-11-nhzdes07
nmdc:bsm-11-xwr0ac68,60923_1_B_3_WEOM_r2_Mag_04Jan24_300SA_p01_10_1_14568.d,nmdc:procsm-11-nhzdes07
nmdc:bsm-11-xwr0ac68,60923_1_B_3_WEOM_r3_Mag_04Jan24_300SA_p01_10_1_14672.d,nmdc:procsm-11-nhzdes07
nmdc:bsm-11-xwr0ac68,60923_1_BTM_1_MAOM_r1_Mag_27Dec24_3p3kV_300SA_p01_4_1_21189.d,nmdc:procsm-11-wxfjz967
nmdc:bsm-11-xwr0ac68,60923_1_BTM_1_MAOM_r2_Mag_27Dec24_3p3kV_300SA_p01_4_1_21256.d,nmdc:procsm-11-wxfjz967
nmdc:bsm-11-xwr0ac68,60923_1_BTM_1_MAOM_r3_Mag_27Dec24_3p3kV_300SA_p01_4_1_21308.d,nmdc:procsm-11-wxfjz967
nmdc:bsm-11-xwr0ac68,60923_1_BTM_2_MAOM_r1_Mag_27Dec24_3p3kV_300SA_p01_5_1_21198.d,nmdc:procsm-11-5bqezr27
nmdc:bsm-11-xwr0ac68,60923_1_BTM_2_MAOM_r2_Mag_27Dec24_3p3kV_300SA_p01_5_1_21268.d,nmdc:procsm-11-5bqezr27
nmdc:bsm-11-xwr0ac68,60923_1_BTM_2_MAOM_r3_Mag_27Dec24_3p3kV_300SA_p01_5_1_21272.d,nmdc:procsm-11-5bqezr27
nmdc:bsm-11-xwr0ac68,60923_1_BTM_3_MAOM_r1_Mag_27Dec24_3p3kV_300SA_p01_6_1_21212.d,nmdc:procsm-11-zq7hcr53
nmdc:bsm-11-xwr0ac68,60923_1_BTM_3_MAOM_r2_Mag_27Dec24_3p3kV_300SA_p01_6_1_21225.d,nmdc:procsm-11-zq7hcr53
nmdc:bsm-11-xwr0ac68,60923_1_BTM_3_MAOM_r3_Mag_27Dec24_3p3kV_300SA_p01_6_1_21327.d,nmdc:procsm-11-zq7hcr53
nmdc:bsm-11-yarccp75,60923_1_T_1_WEOM_r1_Mag_04Jan24_300SA_p01_1_1_14431.d,nmdc:procsm-11-2a6q2h68
nmdc:bsm-11-yarccp75,60923_1_T_1_WEOM_r2_Mag_04Jan24_300SA_p01_1_1_14536.d,nmdc:procsm-11-2a6q2h68
nmdc:bsm-11-yarccp75,60923_1_T_1_WEOM_r3_Mag_04Jan24_300SA_p01_1_1_14624.d,nmdc:procsm-11-2a6q2h68
nmdc:bsm-11-yarccp75,60923_1_T_2_WEOM_r1_Mag_04Jan24_300SA_p01_29_1_14470.d,nmdc:procsm-11-rjmfww64
nmdc:bsm-11-yarccp75,60923_1_T_2_WEOM_r2_Mag_04Jan24_300SA_p01_29_1_14542.d,nmdc:procsm-11-rjmfww64
nmdc:bsm-11-yarccp75,60923_1_T_2_WEOM_r3_Mag_04Jan24_300SA_p01_29_1_14650.d,nmdc:procsm-11-rjmfww64
nmdc:bsm-11-yarccp75,60923_1_T_3_WEOM_r1_Mag_04Jan24_300SA_p01_9_1_14503.d,nmdc:procsm-11-tf29vc80
nmdc:bsm-11-yarccp75,60923_1_T_3_WEOM_r2_Mag_04Jan24_300SA_p01_9_1_14594.d,nmdc:procsm-11-tf29vc80
nmdc:bsm-11-yarccp75,60923_1_T_3_WEOM_r3_Mag_04Jan24_300SA_p01_9_1_14670.d,nmdc:procsm-11-tf29vc80
nmdc:bsm-11-yarccp75,60923_1_TOP_1_MAOM_r1_Mag_27Dec24_3p3kV_300SA_p01_1_1_21175.d,nmdc:procsm-11-xcsde866
nmdc:bsm-11-yarccp75,60923_1_TOP_1_MAOM_r2_Mag_27Dec24_3p3kV_300SA_p01_1_1_21223.d,nmdc:procsm-11-xcsde866
nmdc:bsm-11-yarccp75,60923_1_TOP_1_MAOM_r3_Mag_27Dec24_3p3kV_300SA_p01_1_1_21280.d,nmdc:procsm-11-xcsde866
nmdc:bsm-11-yarccp75,60923_1_TOP_2_MAOM_r1_Mag_27Dec24_3p3kV_300SA_p01_2_1_21186.d,nmdc:procsm-11-c09bsq91
nmdc:bsm-11-yarccp75,60923_1_TOP_2_MAOM_r2_Mag_27Dec24_3p3kV_300SA_p01_2_1_21260.d,nmdc:procsm-11-c09bsq91
nmdc:bsm-11-yarccp75,60923_1_TOP_2_MAOM_r3_Mag_27Dec24_3p3kV_300SA_p01_2_1_21312.d,nmdc:procsm-11-c09bsq91
nmdc:bsm-11-yarccp75,60923_1_TOP_3_MAOM_r1_Mag_27Dec24_3p3kV_300SA_p01_3_1_21194.d,nmdc:procsm-11-m40r8y56
nmdc:bsm-11-yarccp75,60923_1_TOP_3_MAOM_r2_Mag_27Dec24_3p3kV_300SA_p01_3_1_21269.d,nmdc:procsm-11-m40r8y56
nmdc:bsm-11-yarccp75,60923_1_TOP_3_MAOM_r3_Mag_27Dec24_3p3kV_300SA_p01_3_1_21282.d,nmdc:procsm-11-m40r8y56
nmdc:bsm-11-3p4q9s24,60923_10_B_1_WEOM_r1_Mag_04Jan24_300SA_p01_20_1_14428.d,nmdc:procsm-11-jk242102
nmdc:bsm-11-3p4q9s24,60923_10_B_1_WEOM_r2_Mag_04Jan24_300SA_p01_20_1_14534.d,nmdc:procsm-11-jk242102
nmdc:bsm-11-3p4q9s24,60923_10_B_1_WEOM_r3_Mag_04Jan24_300SA_p01_20_1_14606.d,nmdc:procsm-11-jk242102
nmdc:bsm-11-3p4q9s24,60923_10_B_2_WEOM_r1_Mag_04Jan24_300SA_p01_48_1_14468.d,nmdc:procsm-11-ck435d09
nmdc:bsm-11-3p4q9s24,60923_10_B_2_WEOM_r2_Mag_04Jan24_300SA_p01_48_1_14557.d,nmdc:procsm-11-ck435d09
nmdc:bsm-11-3p4q9s24,60923_10_B_2_WEOM_r3_Mag_04Jan24_300SA_p01_48_1_14649.d,nmdc:procsm-11-ck435d09
nmdc:bsm-11-3p4q9s24,60923_10_B_3_WEOM_r1_Mag_04Jan24_300SA_p01_28_1_14481.d,nmdc:procsm-11-9cwr0m22
nmdc:bsm-11-3p4q9s24,60923_10_B_3_WEOM_r2_Mag_04Jan24_300SA_p01_28_1_14585.d,nmdc:procsm-11-9cwr0m22
nmdc:bsm-11-3p4q9s24,60923_10_B_3_WEOM_r3_Mag_04Jan24_300SA_p01_28_1_14683.d,nmdc:procsm-11-9cwr0m22
nmdc:bsm-11-3p4q9s24,60923_10_BTM_1_MAOM_r1_Mag_29Jan25_3p3kV_300SA_p01_28_1_22595.d,nmdc:procsm-11-b64np966
nmdc:bsm-11-3p4q9s24,60923_10_BTM_1_MAOM_r2_Mag_29Jan25_3p3kV_300SA_p01_28_1_22615.d,nmdc:procsm-11-b64np966
nmdc:bsm-11-3p4q9s24,60923_10_BTM_1_MAOM_r3_Mag_29Jan25_3p3kV_300SA_p01_28_1_22719.d,nmdc:procsm-11-b64np966
nmdc:bsm-11-3p4q9s24,60923_10_BTM_2_MAOM_r1_Mag_29Jan25_3p3kV_300SA_p01_29_1_22598.d,nmdc:procsm-11-wwyxtg57
nmdc:bsm-11-3p4q9s24,60923_10_BTM_2_MAOM_r2_Mag_29Jan25_3p3kV_300SA_p01_29_1_22626.d,nmdc:procsm-11-wwyxtg57
nmdc:bsm-11-3p4q9s24,60923_10_BTM_2_MAOM_r3_Mag_29Jan25_3p3kV_300SA_p01_29_1_22686.d,nmdc:procsm-11-wwyxtg57
nmdc:bsm-11-3p4q9s24,60923_10_BTM_3_MAOM_r1_Mag_29Jan25_3p3kV_300SA_p01_30_1_22551.d,nmdc:procsm-11-6g4rk655
nmdc:bsm-11-3p4q9s24,60923_10_BTM_3_MAOM_r2_Mag_29Jan25_3p3kV_300SA_p01_30_1_22646.d,nmdc:procsm-11-6g4rk655
nmdc:bsm-11-3p4q9s24,60923_10_BTM_3_MAOM_r3_Mag_29Jan25_3p3kV_300SA_p01_30_1_22684.d,nmdc:procsm-11-6g4rk655
nmdc:bsm-11-4598j016,60923_10_T_1_WEOM_r1_Mag_04Jan24_300SA_p01_19_1_14443.d,nmdc:procsm-11-bkkjd758
nmdc:bsm-11-4598j016,60923_10_T_1_WEOM_r2_Mag_04Jan24_300SA_p01_19_1_14522.d,nmdc:procsm-11-bkkjd758
nmdc:bsm-11-4598j016,60923_10_T_1_WEOM_r3_Mag_04Jan24_300SA_p01_19_1_14611.d,nmdc:procsm-11-bkkjd758
nmdc:bsm-11-4598j016,60923_10_T_2_WEOM_r1_Mag_04Jan24_300SA_p01_47_1_14465.d,nmdc:procsm-11-0dwfc122
nmdc:bsm-11-4598j016,60923_10_T_2_WEOM_r2_Mag_04Jan24_300SA_p01_47_1_14548.d,nmdc:procsm-11-0dwfc122
nmdc:bsm-11-4598j016,60923_10_T_2_WEOM_r3_Mag_04Jan24_300SA_p01_47_1_14656.d,nmdc:procsm-11-0dwfc122
nmdc:bsm-11-4598j016,60923_10_T_3_WEOM_r1_Mag_04Jan24_300SA_p01_27_1_14480.d,nmdc:procsm-11-wkh7wc88
nmdc:bsm-11-4598j016,60923_10_T_3_WEOM_r2_Mag_04Jan24_300SA_p01_27_1_14582.d,nmdc:procsm-11-wkh7wc88
nmdc:bsm-11-4598j016,60923_10_T_3_WEOM_r3_Mag_04Jan24_300SA_p01_27_1_14667.d,nmdc:procsm-11-wkh7wc88
nmdc:bsm-11-4598j016,60923_10_TOP_1_MAOM_r1_Mag_29Jan25_3p3kV_300SA_p01_25_1_22554.d,nmdc:procsm-11-e8004915
nmdc:bsm-11-4598j016,60923_10_TOP_1_MAOM_r2_Mag_29Jan25_3p3kV_300SA_p01_25_1_22622.d,nmdc:procsm-11-e8004915
nmdc:bsm-11-4598j016,60923_10_TOP_1_MAOM_r3_Mag_29Jan25_3p3kV_300SA_p01_25_1_22680.d,nmdc:procsm-11-e8004915
nmdc:bsm-11-4598j016,60923_10_TOP_2_MAOM_r1_Mag_29Jan25_3p3kV_300SA_p01_26_1_22546.d,nmdc:procsm-11-hs3wgz52
nmdc:bsm-11-4598j016,60923_10_TOP_2_MAOM_r2_Mag_29Jan25_3p3kV_300SA_p01_26_1_22660.d,nmdc:procsm-11-hs3wgz52
nmdc:bsm-11-4598j016,60923_10_TOP_2_MAOM_r3_Mag_29Jan25_3p3kV_300SA_p01_26_1_22671.d,nmdc:procsm-11-hs3wgz52
nmdc:bsm-11-4598j016,60923_10_TOP_3_MAOM_r1_Mag_29Jan25_3p3kV_300SA_p01_27_1_22601.d,nmdc:procsm-11-xhfb9264
nmdc:bsm-11-4598j016,60923_10_TOP_3_MAOM_r2_Mag_29Jan25_3p3kV_300SA_p01_27_1_22618.d,nmdc:procsm-11-xhfb9264
nmdc:bsm-11-4598j016,60923_10_TOP_3_MAOM_r3_Mag_29Jan25_3p3kV_300SA_p01_27_1_22704.d,nmdc:procsm-11-xhfb9264
nmdc:bsm-11-cemf6c90,60923_11_B_1_WEOM_r1_Mag_04Jan24_300SA_p01_22_1_14435.d,nmdc:procsm-11-awqc1z24
nmdc:bsm-11-cemf6c90,60923_11_B_1_WEOM_r2_Mag_04Jan24_300SA_p01_22_1_14528.d,nmdc:procsm-11-awqc1z24
nmdc:bsm-11-cemf6c90,60923_11_B_1_WEOM_r3_Mag_04Jan24_300SA_p01_22_1_14614.d,nmdc:procsm-11-awqc1z24
nmdc:bsm-11-cemf6c90,60923_11_B_2_WEOM_r1_Mag_04Jan24_300SA_p01_2_1_14471.d,nmdc:procsm-11-zee7se25
nmdc:bsm-11-cemf6c90,60923_11_B_2_WEOM_r2_Mag_04Jan24_300SA_p01_2_1_14560.d,nmdc:procsm-11-zee7se25
nmdc:bsm-11-cemf6c90,60923_11_B_2_WEOM_r3_Mag_04Jan24_300SA_p01_2_1_14646.d,nmdc:procsm-11-zee7se25
nmdc:bsm-11-cemf6c90,60923_11_B_3_WEOM_r1_Mag_04Jan24_300SA_p01_30_1_14499.d,nmdc:procsm-11-g746t405
nmdc:bsm-11-cemf6c90,60923_11_B_3_WEOM_r2_Mag_04Jan24_300SA_p01_30_1_14573.d,nmdc:procsm-11-g746t405
nmdc:bsm-11-cemf6c90,60923_11_B_3_WEOM_r3_Mag_04Jan24_300SA_p01_30_1_14673.d,nmdc:procsm-11-g746t405
nmdc:bsm-11-cemf6c90,60923_11_BTM_1_MAOM_r1_Mag_29Jan25_3p3kV_300SA_p01_38_1_22582.d,nmdc:procsm-11-qbt22p84
nmdc:bsm-11-cemf6c90,60923_11_BTM_1_MAOM_r2_Mag_29Jan25_3p3kV_300SA_p01_38_1_22624.d,nmdc:procsm-11-qbt22p84
nmdc:bsm-11-cemf6c90,60923_11_BTM_1_MAOM_r3_Mag_29Jan25_3p3kV_300SA_p01_38_1_22690.d,nmdc:procsm-11-qbt22p84
nmdc:bsm-11-cemf6c90,60923_11_BTM_2_MAOM_r1_Mag_29Jan25_3p3kV_300SA_p01_39_1_22572.d,nmdc:procsm-11-b5g5mg03
nmdc:bsm-11-cemf6c90,60923_11_BTM_2_MAOM_r2_Mag_29Jan25_3p3kV_300SA_p01_39_1_22640.d,nmdc:procsm-11-b5g5mg03
nmdc:bsm-11-cemf6c90,60923_11_BTM_2_MAOM_r3_Mag_29Jan25_3p3kV_300SA_p01_39_1_22715.d,nmdc:procsm-11-b5g5mg03
nmdc:bsm-11-cemf6c90,60923_11_BTM_3_MAOM_r1_Mag_29Jan25_3p3kV_300SA_p01_40_1_22596.d,nmdc:procsm-11-e12d7s38
nmdc:bsm-11-cemf6c90,60923_11_BTM_3_MAOM_r2_Mag_29Jan25_3p3kV_300SA_p01_40_1_22644.d,nmdc:procsm-11-e12d7s38
nmdc:bsm-11-cemf6c90,60923_11_BTM_3_MAOM_r3_Mag_29Jan25_3p3kV_300SA_p01_40_1_22678.d,nmdc:procsm-11-e12d7s38
nmdc:bsm-11-7x79mg62,60923_11_T_1_WEOM_r1_Mag_04Jan24_300SA_p01_21_1_14425.d,nmdc:procsm-11-j34nsr23
nmdc:bsm-11-7x79mg62,60923_11_T_1_WEOM_r2_Mag_04Jan24_300SA_p01_21_1_14511.d,nmdc:procsm-11-j34nsr23
nmdc:bsm-11-7x79mg62,60923_11_T_1_WEOM_r3_Mag_04Jan24_300SA_p01_21_1_14625.d,nmdc:procsm-11-j34nsr23
nmdc:bsm-11-7x79mg62,60923_11_T_2_WEOM_r1_Mag_04Jan24_300SA_p01_1_1_14452.d,nmdc:procsm-11-denz8j64
nmdc:bsm-11-7x79mg62,60923_11_T_2_WEOM_r2_Mag_04Jan24_300SA_p01_1_1_14566.d,nmdc:procsm-11-denz8j64
nmdc:bsm-11-7x79mg62,60923_11_T_2_WEOM_r3_Mag_04Jan24_300SA_p01_1_1_14640.d,nmdc:procsm-11-denz8j64
nmdc:bsm-11-7x79mg62,60923_11_T_3_WEOM_r1_Mag_04Jan24_300SA_p01_29_1_14490.d,nmdc:procsm-11-9zmetd42
nmdc:bsm-11-7x79mg62,60923_11_T_3_WEOM_r2_Mag_04Jan24_300SA_p01_29_1_14583.d,nmdc:procsm-11-9zmetd42
nmdc:bsm-11-7x79mg62,60923_11_T_3_WEOM_r3_Mag_04Jan24_300SA_p01_29_1_14684.d,nmdc:procsm-11-9zmetd42
nmdc:bsm-11-7x79mg62,60923_11_TOP_1_MAOM_r1_Mag_29Jan25_3p3kV_300SA_p01_31_1_22558.d,nmdc:procsm-11-aynbfz56
nmdc:bsm-11-7x79mg62,60923_11_TOP_1_MAOM_r2_Mag_29Jan25_3p3kV_300SA_p01_31_1_22608.d,nmdc:procsm-11-aynbfz56
nmdc:bsm-11-7x79mg62,60923_11_TOP_1_MAOM_r3_Mag_29Jan25_3p3kV_300SA_p01_31_1_22692.d,nmdc:procsm-11-aynbfz56
nmdc:bsm-11-7x79mg62,60923_11_TOP_2_MAOM_r1_Mag_29Jan25_3p3kV_300SA_p01_32_1_22552.d,nmdc:procsm-11-66y86938
nmdc:bsm-11-7x79mg62,60923_11_TOP_2_MAOM_r2_Mag_29Jan25_3p3kV_300SA_p01_32_1_22623.d,nmdc:procsm-11-66y86938
nmdc:bsm-11-7x79mg62,60923_11_TOP_2_MAOM_r3_Mag_29Jan25_3p3kV_300SA_p01_32_1_22701.d,nmdc:procsm-11-66y86938
nmdc:bsm-11-7x79mg62,60923_11_TOP_3_MAOM_r1_Mag_29Jan25_3p3kV_300SA_p01_33_1_22550.d,nmdc:procsm-11-c0y2q131
nmdc:bsm-11-7x79mg62,60923_11_TOP_3_MAOM_r2_Mag_29Jan25_3p3kV_300SA_p01_33_1_22661.d,nmdc:procsm-11-c0y2q131
nmdc:bsm-11-7x79mg62,60923_11_TOP_3_MAOM_r3_Mag_13Jan25_3p3kV_300SA_p01_36_1_22116.d,nmdc:procsm-11-c0y2q131
nmdc:bsm-11-xajpcq62,60923_12_B_1_WEOM_r1_Mag_04Jan24_300SA_p01_24_1_14423.d,nmdc:procsm-11-qwzgg576
nmdc:bsm-11-xajpcq62,60923_12_B_1_WEOM_r2_Mag_04Jan24_300SA_p01_24_1_14527.d,nmdc:procsm-11-qwzgg576
nmdc:bsm-11-xajpcq62,60923_12_B_1_WEOM_r3_Mag_04Jan24_300SA_p01_24_1_14627.d,nmdc:procsm-11-qwzgg576
nmdc:bsm-11-xajpcq62,60923_12_B_2_WEOM_r1_Mag_04Jan24_300SA_p01_4_1_14457.d,nmdc:procsm-11-q6szc154
nmdc:bsm-11-xajpcq62,60923_12_B_2_WEOM_r2_Mag_04Jan24_300SA_p01_4_1_14544.d,nmdc:procsm-11-q6szc154
nmdc:bsm-11-xajpcq62,60923_12_B_2_WEOM_r3_Mag_04Jan24_300SA_p01_4_1_14654.d,nmdc:procsm-11-q6szc154
nmdc:bsm-11-xajpcq62,60923_12_B_3_WEOM_r1_Mag_04Jan24_300SA_p01_32_1_14497.d,nmdc:procsm-11-aqzj6a30
nmdc:bsm-11-xajpcq62,60923_12_B_3_WEOM_r2_Mag_04Jan24_300SA_p01_32_1_14589.d,nmdc:procsm-11-aqzj6a30
nmdc:bsm-11-xajpcq62,60923_12_B_3_WEOM_r3_Mag_04Jan24_300SA_p01_32_1_14678.d,nmdc:procsm-11-aqzj6a30
nmdc:bsm-11-xajpcq62,60923_12_BTM_1_MAOM_r1_Mag_29Jan25_3p3kV_300SA_p01_43_1_22580.d,nmdc:procsm-11-d6jfw481
nmdc:bsm-11-xajpcq62,60923_12_BTM_1_MAOM_r2_Mag_29Jan25_3p3kV_300SA_p01_43_1_22649.d,nmdc:procsm-11-d6jfw481
nmdc:bsm-11-xajpcq62,60923_12_BTM_1_MAOM_r3_Mag_29Jan25_3p3kV_300SA_p01_43_1_22683.d,nmdc:procsm-11-d6jfw481
nmdc:bsm-11-xajpcq62,60923_12_BTM_2_MAOM_r1_Mag_29Jan25_3p3kV_300SA_p01_44_1_22547.d,nmdc:procsm-11-5a5wh161
nmdc:bsm-11-xajpcq62,60923_12_BTM_2_MAOM_r2_Mag_29Jan25_3p3kV_300SA_p01_44_1_22627.d,nmdc:procsm-11-5a5wh161
nmdc:bsm-11-xajpcq62,60923_12_BTM_2_MAOM_r3_Mag_29Jan25_3p3kV_300SA_p01_44_1_22673.d,nmdc:procsm-11-5a5wh161
nmdc:bsm-11-xajpcq62,60923_12_BTM_3_MAOM_r1_Mag_29Jan25_3p3kV_300SA_p01_45_1_22586.d,nmdc:procsm-11-nnpvej15
nmdc:bsm-11-xajpcq62,60923_12_BTM_3_MAOM_r2_Mag_29Jan25_3p3kV_300SA_p01_45_1_22643.d,nmdc:procsm-11-nnpvej15
nmdc:bsm-11-xajpcq62,60923_12_BTM_3_MAOM_r3_Mag_29Jan25_3p3kV_300SA_p01_45_1_22702.d,nmdc:procsm-11-nnpvej15
nmdc:bsm-11-sngh0d75,60923_12_T_1_WEOM_r1_Mag_04Jan24_300SA_p01_23_1_14424.d,nmdc:procsm-11-fbpgjb26
nmdc:bsm-11-sngh0d75,60923_12_T_1_WEOM_r2_Mag_04Jan24_300SA_p01_23_1_14515.d,nmdc:procsm-11-fbpgjb26
nmdc:bsm-11-sngh0d75,60923_12_T_1_WEOM_r3_Mag_04Jan24_300SA_p01_23_1_14603.d,nmdc:procsm-11-fbpgjb26
nmdc:bsm-11-sngh0d75,60923_12_T_2_WEOM_r1_Mag_04Jan24_300SA_p01_3_1_14476.d,nmdc:procsm-11-xq4ntm33
nmdc:bsm-11-sngh0d75,60923_12_T_2_WEOM_r2_Mag_04Jan24_300SA_p01_3_1_14563.d,nmdc:procsm-11-xq4ntm33
nmdc:bsm-11-sngh0d75,60923_12_T_2_WEOM_r3_Mag_04Jan24_300SA_p01_3_1_14638.d,nmdc:procsm-11-xq4ntm33
nmdc:bsm-11-sngh0d75,60923_12_T_3_WEOM_r1_Mag_04Jan24_300SA_p01_31_1_14502.d,nmdc:procsm-11-5mca1t77
nmdc:bsm-11-sngh0d75,60923_12_T_3_WEOM_r2_Mag_04Jan24_300SA_p01_31_1_14572.d,nmdc:procsm-11-5mca1t77
nmdc:bsm-11-sngh0d75,60923_12_T_3_WEOM_r3_Mag_04Jan24_300SA_p01_31_1_14661.d,nmdc:procsm-11-5mca1t77
nmdc:bsm-11-sngh0d75,60923_12_TOP_1_MAOM_r1_Mag_29Jan25_3p3kV_300SA_p01_41_1_22594.d,nmdc:procsm-11-abqazr26
nmdc:bsm-11-sngh0d75,60923_12_TOP_1_MAOM_r2_Mag_29Jan25_3p3kV_300SA_p01_41_1_22658.d,nmdc:procsm-11-abqazr26
nmdc:bsm-11-sngh0d75,60923_12_TOP_1_MAOM_r3_Mag_29Jan25_3p3kV_300SA_p01_41_1_22682.d,nmdc:procsm-11-abqazr26
nmdc:bsm-11-sngh0d75,60923_12_TOP_2_MAOM_r1_Mag_29Jan25_3p3kV_300SA_p01_42_1_22545.d,nmdc:procsm-11-e691c895
nmdc:bsm-11-sngh0d75,60923_12_TOP_2_MAOM_r2_Mag_29Jan25_3p3kV_300SA_p01_42_1_22657.d,nmdc:procsm-11-e691c895
nmdc:bsm-11-sngh0d75,60923_12_TOP_2_MAOM_r3_Mag_29Jan25_3p3kV_300SA_p01_42_1_22679.d,nmdc:procsm-11-e691c895
nmdc:bsm-11-x57kpq54,60923_13_B_1_WEOM_r1_Mag_04Jan24_300SA_p01_26_1_14445.d,nmdc:procsm-11-9989jq77
nmdc:bsm-11-x57kpq54,60923_13_B_1_WEOM_r2_Mag_04Jan24_300SA_p01_26_1_14523.d,nmdc:procsm-11-9989jq77
nmdc:bsm-11-x57kpq54,60923_13_B_1_WEOM_r3_Mag_04Jan24_300SA_p01_26_1_14601.d,nmdc:procsm-11-9989jq77
nmdc:bsm-11-x57kpq54,60923_13_B_2_WEOM_r1_Mag_04Jan24_300SA_p01_6_1_14451.d,nmdc:procsm-11-cmsd4x38
nmdc:bsm-11-x57kpq54,60923_13_B_2_WEOM_r2_Mag_04Jan24_300SA_p01_6_1_14562.d,nmdc:procsm-11-cmsd4x38
nmdc:bsm-11-x57kpq54,60923_13_B_2_WEOM_r3_Mag_04Jan24_300SA_p01_6_1_14631.d,nmdc:procsm-11-cmsd4x38
nmdc:bsm-11-x57kpq54,60923_13_B_3_WEOM_r1_Mag_04Jan24_300SA_p01_34_1_14479.d,nmdc:procsm-11-x4zyfj79
nmdc:bsm-11-x57kpq54,60923_13_B_3_WEOM_r2_Mag_04Jan24_300SA_p01_34_1_14569.d,nmdc:procsm-11-x4zyfj79
nmdc:bsm-11-x57kpq54,60923_13_B_3_WEOM_r3_Mag_04Jan24_300SA_p01_34_1_14685.d,nmdc:procsm-11-x4zyfj79
nmdc:bsm-11-x57kpq54,60923_13_BTM_1_MAOM_r1_Mag_22Jan25_3p3kV_300SA_p01_1_1_22232.d,nmdc:procsm-11-2a0kxr10
nmdc:bsm-11-x57kpq54,60923_13_BTM_1_MAOM_r2_Mag_22Jan25_3p3kV_300SA_p01_1_1_22315.d,nmdc:procsm-11-2a0kxr10
nmdc:bsm-11-x57kpq54,60923_13_BTM_1_MAOM_r3_Mag_22Jan25_3p3kV_300SA_p01_1_1_22330.d,nmdc:procsm-11-2a0kxr10
nmdc:bsm-11-x57kpq54,60923_13_BTM_2_MAOM_r1_Mag_22Jan25_3p3kV_300SA_p01_2_1_22242.d,nmdc:procsm-11-cptfha93
nmdc:bsm-11-x57kpq54,60923_13_BTM_2_MAOM_r2_Mag_22Jan25_3p3kV_300SA_p01_2_1_22302.d,nmdc:procsm-11-cptfha93
nmdc:bsm-11-x57kpq54,60923_13_BTM_2_MAOM_r3_Mag_22Jan25_3p3kV_300SA_p01_2_1_22370.d,nmdc:procsm-11-cptfha93
nmdc:bsm-11-x57kpq54,60923_13_BTM_3_MAOM_r1_Mag_22Jan25_3p3kV_300SA_p01_3_1_22219.d,nmdc:procsm-11-xkqvz127
nmdc:bsm-11-x57kpq54,60923_13_BTM_3_MAOM_r2_Mag_22Jan25_3p3kV_300SA_p01_3_1_22257.d,nmdc:procsm-11-xkqvz127
nmdc:bsm-11-x57kpq54,60923_13_BTM_3_MAOM_r3_Mag_22Jan25_3p3kV_300SA_p01_3_1_22326.d,nmdc:procsm-11-xkqvz127
nmdc:bsm-11-ck686d84,60923_13_T_1_WEOM_r1_Mag_04Jan24_300SA_p01_25_1_14438.d,nmdc:procsm-11-2kcjxs73
nmdc:bsm-11-ck686d84,60923_13_T_1_WEOM_r2_Mag_04Jan24_300SA_p01_25_1_14520.d,nmdc:procsm-11-2kcjxs73
nmdc:bsm-11-ck686d84,60923_13_T_1_WEOM_r3_Mag_04Jan24_300SA_p01_25_1_14602.d,nmdc:procsm-11-2kcjxs73
nmdc:bsm-11-ck686d84,60923_13_T_2_WEOM_r1_Mag_04Jan24_300SA_p01_5_1_14458.d,nmdc:procsm-11-dkmg2f25
nmdc:bsm-11-ck686d84,60923_13_T_2_WEOM_r2_Mag_04Jan24_300SA_p01_5_1_14550.d,nmdc:procsm-11-dkmg2f25
nmdc:bsm-11-ck686d84,60923_13_T_2_WEOM_r3_Mag_04Jan24_300SA_p01_5_1_14648.d,nmdc:procsm-11-dkmg2f25
nmdc:bsm-11-ck686d84,60923_13_T_3_WEOM_r1_Mag_04Jan24_300SA_p01_33_1_14487.d,nmdc:procsm-11-78jecs92
nmdc:bsm-11-ck686d84,60923_13_T_3_WEOM_r2_Mag_04Jan24_300SA_p01_33_1_14574.d,nmdc:procsm-11-78jecs92
nmdc:bsm-11-ck686d84,60923_13_T_3_WEOM_r3_Mag_04Jan24_300SA_p01_33_1_14671.d,nmdc:procsm-11-78jecs92
nmdc:bsm-11-ck686d84,60923_13_TOP_1_MAOM_r1_Mag_29Jan25_3p3kV_300SA_p01_46_1_22553.d,nmdc:procsm-11-p8vv7h36
nmdc:bsm-11-ck686d84,60923_13_TOP_1_MAOM_r2_Mag_29Jan25_3p3kV_300SA_p01_46_1_22612.d,nmdc:procsm-11-p8vv7h36
nmdc:bsm-11-ck686d84,60923_13_TOP_1_MAOM_r3_Mag_29Jan25_3p3kV_300SA_p01_46_1_22669.d,nmdc:procsm-11-p8vv7h36
nmdc:bsm-11-ck686d84,60923_13_TOP_2_MAOM_r1_Mag_29Jan25_3p3kV_300SA_p01_47_1_22561.d,nmdc:procsm-11-ah9nvc31
nmdc:bsm-11-ck686d84,60923_13_TOP_2_MAOM_r2_Mag_29Jan25_3p3kV_300SA_p01_47_1_22634.d,nmdc:procsm-11-ah9nvc31
nmdc:bsm-11-ck686d84,60923_13_TOP_2_MAOM_r3_Mag_29Jan25_3p3kV_300SA_p01_47_1_22700.d,nmdc:procsm-11-ah9nvc31
nmdc:bsm-11-ck686d84,60923_13_TOP_3_MAOM_r1_Mag_29Jan25_3p3kV_300SA_p01_48_1_22571.d,nmdc:procsm-11-n917yb46
nmdc:bsm-11-ck686d84,60923_13_TOP_3_MAOM_r2_Mag_29Jan25_3p3kV_300SA_p01_48_1_22604.d,nmdc:procsm-11-n917yb46
nmdc:bsm-11-ck686d84,60923_13_TOP_3_MAOM_r3_Mag_29Jan25_3p3kV_300SA_p01_48_1_22685.d,nmdc:procsm-11-n917yb46
nmdc:bsm-11-g1acwr86,60923_14_B_1_WEOM_r1_Mag_04Jan24_300SA_p01_28_1_14439.d,nmdc:procsm-11-q0k1je09
nmdc:bsm-11-g1acwr86,60923_14_B_1_WEOM_r2_Mag_04Jan24_300SA_p01_28_1_14538.d,nmdc:procsm-11-q0k1je09
nmdc:bsm-11-g1acwr86,60923_14_B_1_WEOM_r3_Mag_04Jan24_300SA_p01_28_1_14605.d,nmdc:procsm-11-q0k1je09
nmdc:bsm-11-g1acwr86,60923_14_B_2_WEOM_r1_Mag_04Jan24_300SA_p01_8_1_14467.d,nmdc:procsm-11-bgkg1z61
nmdc:bsm-11-g1acwr86,60923_14_B_2_WEOM_r2_Mag_04Jan24_300SA_p01_8_1_14545.d,nmdc:procsm-11-bgkg1z61
nmdc:bsm-11-g1acwr86,60923_14_B_2_WEOM_r3_Mag_04Jan24_300SA_p01_8_1_14655.d,nmdc:procsm-11-bgkg1z61
nmdc:bsm-11-g1acwr86,60923_14_B_3_WEOM_r1_Mag_04Jan24_300SA_p01_36_1_14505.d,nmdc:procsm-11-30txdw49
nmdc:bsm-11-g1acwr86,60923_14_B_3_WEOM_r2_Mag_04Jan24_300SA_p01_36_1_14595.d,nmdc:procsm-11-30txdw49
nmdc:bsm-11-g1acwr86,60923_14_B_3_WEOM_r3_Mag_04Jan24_300SA_p01_36_1_14686.d,nmdc:procsm-11-30txdw49
nmdc:bsm-11-g1acwr86,60923_14_BTM_1_MAOM_r1_Mag_22Jan25_3p3kV_300SA_p01_7_1_22208.d,nmdc:procsm-11-25a12s34
nmdc:bsm-11-g1acwr86,60923_14_BTM_1_MAOM_r2_Mag_22Jan25_3p3kV_300SA_p01_7_1_22259.d,nmdc:procsm-11-25a12s34
nmdc:bsm-11-g1acwr86,60923_14_BTM_1_MAOM_r3_Mag_22Jan25_3p3kV_300SA_p01_7_1_22336.d,nmdc:procsm-11-25a12s34
nmdc:bsm-11-g1acwr86,60923_14_BTM_2_MAOM_r1_Mag_22Jan25_3p3kV_300SA_p01_8_1_22229.d,nmdc:procsm-11-6pk6c192
nmdc:bsm-11-g1acwr86,60923_14_BTM_2_MAOM_r2_Mag_22Jan25_3p3kV_300SA_p01_8_1_22298.d,nmdc:procsm-11-6pk6c192
nmdc:bsm-11-g1acwr86,60923_14_BTM_2_MAOM_r3_Mag_22Jan25_3p3kV_300SA_p01_8_1_22320.d,nmdc:procsm-11-6pk6c192
nmdc:bsm-11-g1acwr86,60923_14_BTM_3_MAOM_r1_Mag_22Jan25_3p3kV_300SA_p01_9_1_22236.d,nmdc:procsm-11-zmga1527
nmdc:bsm-11-g1acwr86,60923_14_BTM_3_MAOM_r2_Mag_22Jan25_3p3kV_300SA_p01_9_1_22310.d,nmdc:procsm-11-zmga1527
nmdc:bsm-11-g1acwr86,60923_14_BTM_3_MAOM_r3_Mag_22Jan25_3p3kV_300SA_p01_9_1_22316.d,nmdc:procsm-11-zmga1527
nmdc:bsm-11-yqscch07,60923_14_T_1_WEOM_r1_Mag_04Jan24_300SA_p01_27_1_14426.d,nmdc:procsm-11-t4kw6h22
nmdc:bsm-11-yqscch07,60923_14_T_1_WEOM_r2_Mag_04Jan24_300SA_p01_27_1_14510.d,nmdc:procsm-11-t4kw6h22
nmdc:bsm-11-yqscch07,60923_14_T_1_WEOM_r3_Mag_04Jan24_300SA_p01_27_1_14609.d,nmdc:procsm-11-t4kw6h22
nmdc:bsm-11-yqscch07,60923_14_T_2_WEOM_r1_Mag_04Jan24_300SA_p01_7_1_14456.d,nmdc:procsm-11-bvayw042
nmdc:bsm-11-yqscch07,60923_14_T_2_WEOM_r2_Mag_04Jan24_300SA_p01_7_1_14543.d,nmdc:procsm-11-bvayw042
nmdc:bsm-11-yqscch07,60923_14_T_2_WEOM_r3_Mag_04Jan24_300SA_p01_7_1_14632.d,nmdc:procsm-11-bvayw042
nmdc:bsm-11-yqscch07,60923_14_T_3_WEOM_r1_Mag_04Jan24_300SA_p01_35_1_14493.d,nmdc:procsm-11-gmqasg15
nmdc:bsm-11-yqscch07,60923_14_T_3_WEOM_r2_Mag_04Jan24_300SA_p01_35_1_14592.d,nmdc:procsm-11-gmqasg15
nmdc:bsm-11-yqscch07,60923_14_T_3_WEOM_r3_Mag_04Jan24_300SA_p01_35_1_14659.d,nmdc:procsm-11-gmqasg15
nmdc:bsm-11-yqscch07,60923_14_TOP_1_MAOM_r1_Mag_22Jan25_3p3kV_300SA_p01_4_1_22201.d,nmdc:procsm-11-cz13w081
nmdc:bsm-11-yqscch07,60923_14_TOP_1_MAOM_r2_Mag_22Jan25_3p3kV_300SA_p01_4_1_22309.d,nmdc:procsm-11-cz13w081
nmdc:bsm-11-yqscch07,60923_14_TOP_1_MAOM_r3_Mag_22Jan25_3p3kV_300SA_p01_4_1_22375.d,nmdc:procsm-11-cz13w081
nmdc:bsm-11-yqscch07,60923_14_TOP_2_MAOM_r1_Mag_22Jan25_3p3kV_300SA_p01_5_1_22247.d,nmdc:procsm-11-kvtp9k40
nmdc:bsm-11-yqscch07,60923_14_TOP_2_MAOM_r2_Mag_22Jan25_3p3kV_300SA_p01_5_1_22264.d,nmdc:procsm-11-kvtp9k40
nmdc:bsm-11-yqscch07,60923_14_TOP_2_MAOM_r3_Mag_22Jan25_3p3kV_300SA_p01_5_1_22365.d,nmdc:procsm-11-kvtp9k40
nmdc:bsm-11-yqscch07,60923_14_TOP_3_MAOM_r1_Mag_22Jan25_3p3kV_300SA_p01_6_1_22200.d,nmdc:procsm-11-mys7zd80
nmdc:bsm-11-yqscch07,60923_14_TOP_3_MAOM_r2_Mag_22Jan25_3p3kV_300SA_p01_6_1_22313.d,nmdc:procsm-11-mys7zd80
nmdc:bsm-11-yqscch07,60923_14_TOP_3_MAOM_r3_Mag_22Jan25_3p3kV_300SA_p01_6_1_22356.d,nmdc:procsm-11-mys7zd80
nmdc:bsm-11-md1zcz76,60923_15_B_1_WEOM_r1_Mag_04Mar24_300SA_p01_4_1_16827.d,nmdc:procsm-11-k0naav43
nmdc:bsm-11-md1zcz76,60923_15_B_1_WEOM_r2_Mag_04Mar24_300SA_p01_4_1_16854.d,nmdc:procsm-11-k0naav43
nmdc:bsm-11-md1zcz76,60923_15_B_1_WEOM_r3_Mag_04Mar24_300SA_p01_4_1_16941.d,nmdc:procsm-11-k0naav43
nmdc:bsm-11-md1zcz76,60923_15_B_2_WEOM_r1_Mag_04Mar24_300SA_p01_5_1_16817.d,nmdc:procsm-11-n7rp0449
nmdc:bsm-11-md1zcz76,60923_15_B_2_WEOM_r2_Mag_04Mar24_300SA_p01_5_1_16878.d,nmdc:procsm-11-n7rp0449
nmdc:bsm-11-md1zcz76,60923_15_B_2_WEOM_r3_Mag_04Mar24_300SA_p01_5_1_16945.d,nmdc:procsm-11-n7rp0449
nmdc:bsm-11-md1zcz76,60923_15_B_3_WEOM_r2_Mag_04Mar24_300SA_p01_6_1_16904.d,nmdc:procsm-11-q72k7d18
nmdc:bsm-11-md1zcz76,60923_15_B_3_WEOM_r3_Mag_04Mar24_300SA_p01_6_1_16952.d,nmdc:procsm-11-q72k7d18
nmdc:bsm-11-md1zcz76,60923_15_BTM_1_MAOM_r1_Mag_22Jan25_3p3kV_300SA_p01_13_1_22226.d,nmdc:procsm-11-b5abp212
nmdc:bsm-11-md1zcz76,60923_15_BTM_1_MAOM_r2_Mag_22Jan25_3p3kV_300SA_p01_13_1_22269.d,nmdc:procsm-11-b5abp212
nmdc:bsm-11-md1zcz76,60923_15_BTM_1_MAOM_r3_Mag_22Jan25_3p3kV_300SA_p01_13_1_22364.d,nmdc:procsm-11-b5abp212
nmdc:bsm-11-md1zcz76,60923_15_BTM_2_MAOM_r1_Mag_22Jan25_3p3kV_300SA_p01_14_1_22224.d,nmdc:procsm-11-2sdpka85
nmdc:bsm-11-md1zcz76,60923_15_BTM_2_MAOM_r2_Mag_22Jan25_3p3kV_300SA_p01_14_1_22295.d,nmdc:procsm-11-2sdpka85
nmdc:bsm-11-md1zcz76,60923_15_BTM_2_MAOM_r3_Mag_22Jan25_3p3kV_300SA_p01_14_1_22325.d,nmdc:procsm-11-2sdpka85
nmdc:bsm-11-md1zcz76,60923_15_BTM_3_MAOM_r1_Mag_22Jan25_3p3kV_300SA_p01_15_1_22241.d,nmdc:procsm-11-wfc3wx02
nmdc:bsm-11-md1zcz76,60923_15_BTM_3_MAOM_r2_Mag_22Jan25_3p3kV_300SA_p01_15_1_22288.d,nmdc:procsm-11-wfc3wx02
nmdc:bsm-11-md1zcz76,60923_15_BTM_3_MAOM_r3_Mag_22Jan25_3p3kV_300SA_p01_15_1_22358.d,nmdc:procsm-11-wfc3wx02
nmdc:bsm-11-nt8jv985,60923_15_T_1_WEOM_r1_Mag_04Mar24_300SA_p01_1_1_16844.d,nmdc:procsm-11-evz52q08
nmdc:bsm-11-nt8jv985,60923_15_T_1_WEOM_r2_Mag_04Mar24_300SA_p01_1_1_16896.d,nmdc:procsm-11-evz52q08
nmdc:bsm-11-nt8jv985,60923_15_T_1_WEOM_r3_Mag_04Mar24_300SA_p01_1_1_16926.d,nmdc:procsm-11-evz52q08
nmdc:bsm-11-nt8jv985,60923_15_T_2_WEOM_r1_Mag_04Mar24_300SA_p01_2_1_16796.d,nmdc:procsm-11-baf5pq34
nmdc:bsm-11-nt8jv985,60923_15_T_2_WEOM_r2_Mag_04Mar24_300SA_p01_2_1_16879.d,nmdc:procsm-11-baf5pq34
nmdc:bsm-11-nt8jv985,60923_15_T_2_WEOM_r3_Mag_04Mar24_300SA_p01_2_1_16915.d,nmdc:procsm-11-baf5pq34
nmdc:bsm-11-nt8jv985,60923_15_T_3_WEOM_r1_Mag_04Mar24_300SA_p01_3_1_16810.d,nmdc:procsm-11-t0nxe972
nmdc:bsm-11-nt8jv985,60923_15_T_3_WEOM_r2_Mag_04Mar24_300SA_p01_3_1_16897.d,nmdc:procsm-11-t0nxe972
nmdc:bsm-11-nt8jv985,60923_15_T_3_WEOM_r3_Mag_04Mar24_300SA_p01_3_1_16916.d,nmdc:procsm-11-t0nxe972
nmdc:bsm-11-nt8jv985,60923_15_TOP_1_MAOM_r1_Mag_22Jan25_3p3kV_300SA_p01_10_1_22223.d,nmdc:procsm-11-jsw0dp51
nmdc:bsm-11-nt8jv985,60923_15_TOP_1_MAOM_r2_Mag_22Jan25_3p3kV_300SA_p01_10_1_22301.d,nmdc:procsm-11-jsw0dp51
nmdc:bsm-11-nt8jv985,60923_15_TOP_1_MAOM_r3_Mag_22Jan25_3p3kV_300SA_p01_10_1_22368.d,nmdc:procsm-11-jsw0dp51
nmdc:bsm-11-nt8jv985,60923_15_TOP_2_MAOM_r1_Mag_22Jan25_3p3kV_300SA_p01_11_1_22238.d,nmdc:procsm-11-re5nz090
nmdc:bsm-11-nt8jv985,60923_15_TOP_2_MAOM_r2_Mag_22Jan25_3p3kV_300SA_p01_11_1_22276.d,nmdc:procsm-11-re5nz090
nmdc:bsm-11-nt8jv985,60923_15_TOP_2_MAOM_r3_Mag_22Jan25_3p3kV_300SA_p01_11_1_22348.d,nmdc:procsm-11-re5nz090
nmdc:bsm-11-nt8jv985,60923_15_TOP_3_MAOM_r1_Mag_22Jan25_3p3kV_300SA_p01_12_1_22234.d,nmdc:procsm-11-zt2yyw54
nmdc:bsm-11-nt8jv985,60923_15_TOP_3_MAOM_r2_Mag_22Jan25_3p3kV_300SA_p01_12_1_22277.d,nmdc:procsm-11-zt2yyw54
nmdc:bsm-11-nt8jv985,60923_15_TOP_3_MAOM_r3_Mag_22Jan25_3p3kV_300SA_p01_12_1_22317.d,nmdc:procsm-11-zt2yyw54
nmdc:bsm-11-cgxt5442,60923_16_B_1_WEOM_r1_Mag_04Mar24_300SA_p01_10_1_16807.d,nmdc:procsm-11-9z891897
nmdc:bsm-11-cgxt5442,60923_16_B_1_WEOM_r2_Mag_04Mar24_300SA_p01_10_1_16872.d,nmdc:procsm-11-9z891897
nmdc:bsm-11-cgxt5442,60923_16_B_1_WEOM_r3_Mag_04Mar24_300SA_p01_10_1_16960.d,nmdc:procsm-11-9z891897
nmdc:bsm-11-cgxt5442,60923_16_B_2_WEOM_r1_Mag_04Mar24_300SA_p01_11_1_16848.d,nmdc:procsm-11-np7atv83
nmdc:bsm-11-cgxt5442,60923_16_B_2_WEOM_r2_Mag_04Mar24_300SA_p01_11_1_16864.d,nmdc:procsm-11-np7atv83
nmdc:bsm-11-cgxt5442,60923_16_B_2_WEOM_r3_Mag_04Mar24_300SA_p01_11_1_16931.d,nmdc:procsm-11-np7atv83
nmdc:bsm-11-cgxt5442,60923_16_B_3_WEOM_r1_Mag_04Mar24_300SA_p01_12_1_16825.d,nmdc:procsm-11-6fvry471
nmdc:bsm-11-cgxt5442,60923_16_B_3_WEOM_r2_Mag_04Mar24_300SA_p01_12_1_16886.d,nmdc:procsm-11-6fvry471
nmdc:bsm-11-cgxt5442,60923_16_B_3_WEOM_r3_Mag_04Mar24_300SA_p01_12_1_16933.d,nmdc:procsm-11-6fvry471
nmdc:bsm-11-cgxt5442,60923_16_BTM_1_MAOM_r1_Mag_22Jan25_3p3kV_300SA_p01_19_1_22231.d,nmdc:procsm-11-09gg4j98
nmdc:bsm-11-cgxt5442,60923_16_BTM_1_MAOM_r2_Mag_22Jan25_3p3kV_300SA_p01_19_1_22282.d,nmdc:procsm-11-09gg4j98
nmdc:bsm-11-cgxt5442,60923_16_BTM_1_MAOM_r3_Mag_22Jan25_3p3kV_300SA_p01_19_1_22331.d,nmdc:procsm-11-09gg4j98
nmdc:bsm-11-cgxt5442,60923_16_BTM_2_MAOM_r1_Mag_22Jan25_3p3kV_300SA_p01_20_1_22251.d,nmdc:procsm-11-1rn0hf02
nmdc:bsm-11-cgxt5442,60923_16_BTM_2_MAOM_r2_Mag_22Jan25_3p3kV_300SA_p01_20_1_22256.d,nmdc:procsm-11-1rn0hf02
nmdc:bsm-11-cgxt5442,60923_16_BTM_2_MAOM_r3_Mag_22Jan25_3p3kV_300SA_p01_20_1_22352.d,nmdc:procsm-11-1rn0hf02
nmdc:bsm-11-cgxt5442,60923_16_BTM_3_MAOM_r1_Mag_22Jan25_3p3kV_300SA_p01_21_1_22235.d,nmdc:procsm-11-z07asq65
nmdc:bsm-11-cgxt5442,60923_16_BTM_3_MAOM_r2_Mag_22Jan25_3p3kV_300SA_p01_21_1_22271.d,nmdc:procsm-11-z07asq65
nmdc:bsm-11-cgxt5442,60923_16_BTM_3_MAOM_r3_Mag_22Jan25_3p3kV_300SA_p01_21_1_22321.d,nmdc:procsm-11-z07asq65
nmdc:bsm-11-yqht8070,60923_16_T_1_WEOM_r1_Mag_04Mar24_300SA_p01_7_1_16797.d,nmdc:procsm-11-ddjgj668
nmdc:bsm-11-yqht8070,60923_16_T_1_WEOM_r2_Mag_04Mar24_300SA_p01_7_1_16857.d,nmdc:procsm-11-ddjgj668
nmdc:bsm-11-yqht8070,60923_16_T_1_WEOM_r3_Mag_04Mar24_300SA_p01_7_1_16917.d,nmdc:procsm-11-ddjgj668
nmdc:bsm-11-yqht8070,60923_16_T_2_WEOM_r1_Mag_04Mar24_300SA_p01_8_1_16839.d,nmdc:procsm-11-bt77xc97
nmdc:bsm-11-yqht8070,60923_16_T_2_WEOM_r2_Mag_04Mar24_300SA_p01_8_1_16865.d,nmdc:procsm-11-bt77xc97
nmdc:bsm-11-yqht8070,60923_16_T_2_WEOM_r3_Mag_04Mar24_300SA_p01_8_1_16918.d,nmdc:procsm-11-bt77xc97
nmdc:bsm-11-yqht8070,60923_16_T_3_WEOM_r1_Mag_04Mar24_300SA_p01_9_1_16799.d,nmdc:procsm-11-zkhrv006
nmdc:bsm-11-yqht8070,60923_16_T_3_WEOM_r2_Mag_04Mar24_300SA_p01_9_1_16860.d,nmdc:procsm-11-zkhrv006
nmdc:bsm-11-yqht8070,60923_16_T_3_WEOM_r3_Mag_04Mar24_300SA_p01_9_1_16939.d,nmdc:procsm-11-zkhrv006
nmdc:bsm-11-yqht8070,60923_16_TOP_1_MAOM_r1_Mag_22Jan25_3p3kV_300SA_p01_16_1_22222.d,nmdc:procsm-11-0s4p9383
nmdc:bsm-11-yqht8070,60923_16_TOP_1_MAOM_r2_Mag_22Jan25_3p3kV_300SA_p01_16_1_22278.d,nmdc:procsm-11-0s4p9383
nmdc:bsm-11-yqht8070,60923_16_TOP_1_MAOM_r3_Mag_22Jan25_3p3kV_300SA_p01_16_1_22337.d,nmdc:procsm-11-0s4p9383
nmdc:bsm-11-yqht8070,60923_16_TOP_2_MAOM_r1_Mag_22Jan25_3p3kV_300SA_p01_17_1_22227.d,nmdc:procsm-11-na4ez157
nmdc:bsm-11-yqht8070,60923_16_TOP_2_MAOM_r2_Mag_22Jan25_3p3kV_300SA_p01_17_1_22292.d,nmdc:procsm-11-na4ez157
nmdc:bsm-11-yqht8070,60923_16_TOP_2_MAOM_r3_Mag_22Jan25_3p3kV_300SA_p01_17_1_22355.d,nmdc:procsm-11-na4ez157
nmdc:bsm-11-yqht8070,60923_16_TOP_3_MAOM_r1_Mag_22Jan25_3p3kV_300SA_p01_18_1_22252.d,nmdc:procsm-11-9xrwq875
nmdc:bsm-11-yqht8070,60923_16_TOP_3_MAOM_r2_Mag_22Jan25_3p3kV_300SA_p01_18_1_22286.d,nmdc:procsm-11-9xrwq875
nmdc:bsm-11-yqht8070,60923_16_TOP_3_MAOM_r3_Mag_22Jan25_3p3kV_300SA_p01_18_1_22369.d,nmdc:procsm-11-9xrwq875
nmdc:bsm-11-31qgat38,60923_17_B_1_WEOM_r1_Mag_04Mar24_300SA_p01_16_1_16813.d,nmdc:procsm-11-j7m2rb51
nmdc:bsm-11-31qgat38,60923_17_B_1_WEOM_r2_Mag_04Mar24_300SA_p01_16_1_16890.d,nmdc:procsm-11-j7m2rb51
nmdc:bsm-11-31qgat38,60923_17_B_1_WEOM_r3_Mag_04Mar24_300SA_p01_16_1_16954.d,nmdc:procsm-11-j7m2rb51
nmdc:bsm-11-31qgat38,60923_17_B_2_WEOM_r1_Mag_04Mar24_300SA_p01_17_1_16820.d,nmdc:procsm-11-79w7pa57
nmdc:bsm-11-31qgat38,60923_17_B_2_WEOM_r2_Mag_04Mar24_300SA_p01_17_1_16850.d,nmdc:procsm-11-79w7pa57
nmdc:bsm-11-31qgat38,60923_17_B_2_WEOM_r3_Mag_04Mar24_300SA_p01_17_1_16944.d,nmdc:procsm-11-79w7pa57
nmdc:bsm-11-31qgat38,60923_17_B_3_WEOM_r1_Mag_04Mar24_300SA_p01_18_1_16798.d,nmdc:procsm-11-bxrknv31
nmdc:bsm-11-31qgat38,60923_17_B_3_WEOM_r2_Mag_04Mar24_300SA_p01_18_1_16868.d,nmdc:procsm-11-bxrknv31
nmdc:bsm-11-31qgat38,60923_17_B_3_WEOM_r3_Mag_04Mar24_300SA_p01_18_1_16913.d,nmdc:procsm-11-bxrknv31
nmdc:bsm-11-31qgat38,60923_17_BTM_1_MAOM_r1_Mag_22Jan25_3p3kV_300SA_p01_29_1_22212.d,nmdc:procsm-11-hj649t65
nmdc:bsm-11-31qgat38,60923_17_BTM_1_MAOM_r2_Mag_22Jan25_3p3kV_300SA_p01_29_1_22267.d,nmdc:procsm-11-hj649t65
nmdc:bsm-11-31qgat38,60923_17_BTM_1_MAOM_r3_Mag_22Jan25_3p3kV_300SA_p01_29_1_22366.d,nmdc:procsm-11-hj649t65
nmdc:bsm-11-31qgat38,60923_17_BTM_2_MAOM_r1_Mag_22Jan25_3p3kV_300SA_p01_30_1_22204.d,nmdc:procsm-11-s8mv3208
nmdc:bsm-11-31qgat38,60923_17_BTM_2_MAOM_r2_Mag_22Jan25_3p3kV_300SA_p01_30_1_22268.d,nmdc:procsm-11-s8mv3208
nmdc:bsm-11-31qgat38,60923_17_BTM_2_MAOM_r3_Mag_22Jan25_3p3kV_300SA_p01_30_1_22353.d,nmdc:procsm-11-s8mv3208
nmdc:bsm-11-31qgat38,60923_17_BTM_3_MAOM_r1_Mag_22Jan25_3p3kV_300SA_p01_31_1_22255.d,nmdc:procsm-11-qt9dqt33
nmdc:bsm-11-31qgat38,60923_17_BTM_3_MAOM_r2_Mag_22Jan25_3p3kV_300SA_p01_31_1_22293.d,nmdc:procsm-11-qt9dqt33
nmdc:bsm-11-31qgat38,60923_17_BTM_3_MAOM_r3_Mag_22Jan25_3p3kV_300SA_p01_31_1_22334.d,nmdc:procsm-11-qt9dqt33
nmdc:bsm-11-k62cnz39,60923_17_T_1_WEOM_r1_Mag_04Mar24_300SA_p01_13_1_16843.d,nmdc:procsm-11-20c3zx22
nmdc:bsm-11-k62cnz39,60923_17_T_1_WEOM_r2_Mag_04Mar24_300SA_p01_13_1_16887.d,nmdc:procsm-11-20c3zx22
nmdc:bsm-11-k62cnz39,60923_17_T_1_WEOM_r3_Mag_04Mar24_300SA_p01_13_1_16962.d,nmdc:procsm-11-20c3zx22
nmdc:bsm-11-k62cnz39,60923_17_T_2_WEOM_r1_Mag_04Mar24_300SA_p01_14_1_16794.d,nmdc:procsm-11-q6yp1a95
nmdc:bsm-11-k62cnz39,60923_17_T_2_WEOM_r2_Mag_04Mar24_300SA_p01_14_1_16882.d,nmdc:procsm-11-q6yp1a95
nmdc:bsm-11-k62cnz39,60923_17_T_2_WEOM_r3_Mag_04Mar24_300SA_p01_14_1_16908.d,nmdc:procsm-11-q6yp1a95
nmdc:bsm-11-k62cnz39,60923_17_T_3_WEOM_r1_Mag_04Mar24_300SA_p01_15_1_16808.d,nmdc:procsm-11-7rbjk606
nmdc:bsm-11-k62cnz39,60923_17_T_3_WEOM_r2_Mag_04Mar24_300SA_p01_15_1_16851.d,nmdc:procsm-11-7rbjk606
nmdc:bsm-11-k62cnz39,60923_17_T_3_WEOM_r3_Mag_04Mar24_300SA_p01_15_1_16936.d,nmdc:procsm-11-7rbjk606
nmdc:bsm-11-k62cnz39,60923_17_TOP_1_MAOM_r1_Mag_22Jan25_3p3kV_300SA_p01_22_1_22233.d,nmdc:procsm-11-eawr5p87
nmdc:bsm-11-k62cnz39,60923_17_TOP_1_MAOM_r2_Mag_22Jan25_3p3kV_300SA_p01_22_1_22273.d,nmdc:procsm-11-eawr5p87
nmdc:bsm-11-k62cnz39,60923_17_TOP_1_MAOM_r3_Mag_22Jan25_3p3kV_300SA_p01_22_1_22351.d,nmdc:procsm-11-eawr5p87
nmdc:bsm-11-k62cnz39,60923_17_TOP_2_MAOM_r1_Mag_22Jan25_3p3kV_300SA_p01_23_1_22253.d,nmdc:procsm-11-7ngepe84
nmdc:bsm-11-k62cnz39,60923_17_TOP_2_MAOM_r2_Mag_22Jan25_3p3kV_300SA_p01_23_1_22308.d,nmdc:procsm-11-7ngepe84
nmdc:bsm-11-k62cnz39,60923_17_TOP_2_MAOM_r3_Mag_22Jan25_3p3kV_300SA_p01_23_1_22360.d,nmdc:procsm-11-7ngepe84
nmdc:bsm-11-k62cnz39,60923_17_TOP_3_MAOM_r1_Mag_22Jan25_3p3kV_300SA_p01_24_1_22211.d,nmdc:procsm-11-bdjxmp38
nmdc:bsm-11-k62cnz39,60923_17_TOP_3_MAOM_r2_Mag_22Jan25_3p3kV_300SA_p01_24_1_22289.d,nmdc:procsm-11-bdjxmp38
nmdc:bsm-11-k62cnz39,60923_17_TOP_3_MAOM_r3_Mag_22Jan25_3p3kV_300SA_p01_24_1_22335.d,nmdc:procsm-11-bdjxmp38
nmdc:bsm-11-bgq1sh57,60923_18_B_1_WEOM_r1_Mag_04Mar24_300SA_p01_22_1_16802.d,nmdc:procsm-11-0hj1jt57
nmdc:bsm-11-bgq1sh57,60923_18_B_1_WEOM_r2_Mag_04Mar24_300SA_p01_22_1_16866.d,nmdc:procsm-11-0hj1jt57
nmdc:bsm-11-bgq1sh57,60923_18_B_1_WEOM_r3_Mag_04Mar24_300SA_p01_22_1_16906.d,nmdc:procsm-11-0hj1jt57
nmdc:bsm-11-bgq1sh57,60923_18_B_2_WEOM_r1_Mag_04Mar24_300SA_p01_23_1_16846.d,nmdc:procsm-11-b3b43s81
nmdc:bsm-11-bgq1sh57,60923_18_B_2_WEOM_r2_Mag_04Mar24_300SA_p01_23_1_16861.d,nmdc:procsm-11-b3b43s81
nmdc:bsm-11-bgq1sh57,60923_18_B_2_WEOM_r3_Mag_04Mar24_300SA_p01_23_1_16951.d,nmdc:procsm-11-b3b43s81
nmdc:bsm-11-bgq1sh57,60923_18_B_3_WEOM_r1_Mag_04Mar24_300SA_p01_24_1_16823.d,nmdc:procsm-11-ky11tt94
nmdc:bsm-11-bgq1sh57,60923_18_B_3_WEOM_r2_Mag_04Mar24_300SA_p01_24_1_16885.d,nmdc:procsm-11-ky11tt94
nmdc:bsm-11-bgq1sh57,60923_18_B_3_WEOM_r3_Mag_04Mar24_300SA_p01_24_1_16961.d,nmdc:procsm-11-ky11tt94
nmdc:bsm-11-bgq1sh57,60923_18_BTM_1_MAOM_r1_Mag_22Jan25_3p3kV_300SA_p01_35_1_22207.d,nmdc:procsm-11-ffdwx672
nmdc:bsm-11-bgq1sh57,60923_18_BTM_1_MAOM_r2_Mag_22Jan25_3p3kV_300SA_p01_35_1_22258.d,nmdc:procsm-11-ffdwx672
nmdc:bsm-11-bgq1sh57,60923_18_BTM_1_MAOM_r3_Mag_22Jan25_3p3kV_300SA_p01_35_1_22340.d,nmdc:procsm-11-ffdwx672
nmdc:bsm-11-bgq1sh57,60923_18_BTM_2_MAOM_r1_Mag_22Jan25_3p3kV_300SA_p01_36_1_22248.d,nmdc:procsm-11-67799877
nmdc:bsm-11-bgq1sh57,60923_18_BTM_2_MAOM_r2_Mag_22Jan25_3p3kV_300SA_p01_36_1_22263.d,nmdc:procsm-11-67799877
nmdc:bsm-11-bgq1sh57,60923_18_BTM_2_MAOM_r3_Mag_22Jan25_3p3kV_300SA_p01_36_1_22329.d,nmdc:procsm-11-67799877
nmdc:bsm-11-bgq1sh57,60923_18_BTM_3_MAOM_r1_Mag_22Jan25_3p3kV_300SA_p01_37_1_22225.d,nmdc:procsm-11-v39bsy09
nmdc:bsm-11-bgq1sh57,60923_18_BTM_3_MAOM_r2_Mag_22Jan25_3p3kV_300SA_p01_37_1_22279.d,nmdc:procsm-11-v39bsy09
nmdc:bsm-11-bgq1sh57,60923_18_BTM_3_MAOM_r3_Mag_22Jan25_3p3kV_300SA_p01_37_1_22319.d,nmdc:procsm-11-v39bsy09
nmdc:bsm-11-4fy4ee20,60923_18_T_1_WEOM_r1_Mag_04Mar24_300SA_p01_19_1_16842.d,nmdc:procsm-11-0rzfev07
nmdc:bsm-11-4fy4ee20,60923_18_T_1_WEOM_r2_Mag_04Mar24_300SA_p01_19_1_16869.d,nmdc:procsm-11-0rzfev07
nmdc:bsm-11-4fy4ee20,60923_18_T_1_WEOM_r3_Mag_04Mar24_300SA_p01_19_1_16934.d,nmdc:procsm-11-0rzfev07
nmdc:bsm-11-4fy4ee20,60923_18_T_2_WEOM_r1_Mag_04Mar24_300SA_p01_20_1_16830.d,nmdc:procsm-11-p41gqr93
nmdc:bsm-11-4fy4ee20,60923_18_T_2_WEOM_r2_Mag_04Mar24_300SA_p01_20_1_16895.d,nmdc:procsm-11-p41gqr93
nmdc:bsm-11-4fy4ee20,60923_18_T_2_WEOM_r3_Mag_04Mar24_300SA_p01_20_1_16923.d,nmdc:procsm-11-p41gqr93
nmdc:bsm-11-4fy4ee20,60923_18_T_3_WEOM_r1_Mag_04Mar24_300SA_p01_21_1_16819.d,nmdc:procsm-11-tvrtc938
nmdc:bsm-11-4fy4ee20,60923_18_T_3_WEOM_r2_Mag_04Mar24_300SA_p01_21_1_16849.d,nmdc:procsm-11-tvrtc938
nmdc:bsm-11-4fy4ee20,60923_18_T_3_WEOM_r3_Mag_04Mar24_300SA_p01_21_1_16950.d,nmdc:procsm-11-tvrtc938
nmdc:bsm-11-4fy4ee20,60923_18_TOP_1_MAOM_r1_Mag_22Jan25_3p3kV_300SA_p01_32_1_22243.d,nmdc:procsm-11-chp5c157
nmdc:bsm-11-4fy4ee20,60923_18_TOP_1_MAOM_r2_Mag_22Jan25_3p3kV_300SA_p01_32_1_22265.d,nmdc:procsm-11-chp5c157
nmdc:bsm-11-4fy4ee20,60923_18_TOP_1_MAOM_r3_Mag_22Jan25_3p3kV_300SA_p01_32_1_22318.d,nmdc:procsm-11-chp5c157
nmdc:bsm-11-4fy4ee20,60923_18_TOP_2_MAOM_r1_Mag_22Jan25_3p3kV_300SA_p01_33_1_22244.d,nmdc:procsm-11-qt8j2584
nmdc:bsm-11-4fy4ee20,60923_18_TOP_2_MAOM_r2_Mag_22Jan25_3p3kV_300SA_p01_33_1_22281.d,nmdc:procsm-11-qt8j2584
nmdc:bsm-11-4fy4ee20,60923_18_TOP_2_MAOM_r3_Mag_22Jan25_3p3kV_300SA_p01_33_1_22357.d,nmdc:procsm-11-qt8j2584
nmdc:bsm-11-4fy4ee20,60923_18_TOP_3_MAOM_r1_Mag_22Jan25_3p3kV_300SA_p01_34_1_22199.d,nmdc:procsm-11-jfsv4y27
nmdc:bsm-11-4fy4ee20,60923_18_TOP_3_MAOM_r2_Mag_22Jan25_3p3kV_300SA_p01_34_1_22294.d,nmdc:procsm-11-jfsv4y27
nmdc:bsm-11-4fy4ee20,60923_18_TOP_3_MAOM_r3_Mag_22Jan25_3p3kV_300SA_p01_34_1_22342.d,nmdc:procsm-11-jfsv4y27
nmdc:bsm-11-4gv37a07,60923_19_B_1_WEOM_r1_Mag_04Mar24_300SA_p01_28_1_16834.d,nmdc:procsm-11-yk34hw62
nmdc:bsm-11-4gv37a07,60923_19_B_1_WEOM_r2_Mag_04Mar24_300SA_p01_28_1_16871.d,nmdc:procsm-11-yk34hw62
nmdc:bsm-11-4gv37a07,60923_19_B_1_WEOM_r3_Mag_04Mar24_300SA_p01_28_1_16937.d,nmdc:procsm-11-yk34hw62
nmdc:bsm-11-4gv37a07,60923_19_B_2_WEOM_r1_Mag_04Mar24_300SA_p01_29_1_16811.d,nmdc:procsm-11-33q15f35
nmdc:bsm-11-4gv37a07,60923_19_B_2_WEOM_r2_Mag_04Mar24_300SA_p01_29_1_16893.d,nmdc:procsm-11-33q15f35
nmdc:bsm-11-4gv37a07,60923_19_B_2_WEOM_r3_Mag_04Mar24_300SA_p01_29_1_16927.d,nmdc:procsm-11-33q15f35
nmdc:bsm-11-4gv37a07,60923_19_B_3_WEOM_r1_Mag_04Mar24_300SA_p01_30_1_16818.d,nmdc:procsm-11-8w03zn94
nmdc:bsm-11-4gv37a07,60923_19_B_3_WEOM_r2_Mag_04Mar24_300SA_p01_30_1_16892.d,nmdc:procsm-11-8w03zn94
nmdc:bsm-11-4gv37a07,60923_19_B_3_WEOM_r3_Mag_04Mar24_300SA_p01_30_1_16942.d,nmdc:procsm-11-8w03zn94
nmdc:bsm-11-4gv37a07,60923_19_BTM_1_MAOM_r1_Mag_22Jan25_3p3kV_300SA_p01_41_1_22246.d,nmdc:procsm-11-a69qdk64
nmdc:bsm-11-4gv37a07,60923_19_BTM_1_MAOM_r2_Mag_22Jan25_3p3kV_300SA_p01_41_1_22274.d,nmdc:procsm-11-a69qdk64
nmdc:bsm-11-4gv37a07,60923_19_BTM_1_MAOM_r3_Mag_22Jan25_3p3kV_300SA_p01_41_1_22324.d,nmdc:procsm-11-a69qdk64
nmdc:bsm-11-4gv37a07,60923_19_BTM_2_MAOM_r1_Mag_22Jan25_3p3kV_300SA_p01_42_1_22220.d,nmdc:procsm-11-f292cb02
nmdc:bsm-11-4gv37a07,60923_19_BTM_2_MAOM_r2_Mag_22Jan25_3p3kV_300SA_p01_42_1_22300.d,nmdc:procsm-11-f292cb02
nmdc:bsm-11-4gv37a07,60923_19_BTM_2_MAOM_r3_Mag_22Jan25_3p3kV_300SA_p01_42_1_22345.d,nmdc:procsm-11-f292cb02
nmdc:bsm-11-4gv37a07,60923_19_BTM_3_MAOM_r1_Mag_22Jan25_3p3kV_300SA_p01_43_1_22214.d,nmdc:procsm-11-w5rs7b15
nmdc:bsm-11-4gv37a07,60923_19_BTM_3_MAOM_r2_Mag_22Jan25_3p3kV_300SA_p01_43_1_22285.d,nmdc:procsm-11-w5rs7b15
nmdc:bsm-11-4gv37a07,60923_19_BTM_3_MAOM_r3_Mag_22Jan25_3p3kV_300SA_p01_43_1_22332.d,nmdc:procsm-11-w5rs7b15
nmdc:bsm-11-6799hx33,60923_19_T_1_WEOM_r1_Mag_04Mar24_300SA_p01_25_1_16800.d,nmdc:procsm-11-dtd3fk76
nmdc:bsm-11-6799hx33,60923_19_T_1_WEOM_r2_Mag_04Mar24_300SA_p01_25_1_16891.d,nmdc:procsm-11-dtd3fk76
nmdc:bsm-11-6799hx33,60923_19_T_1_WEOM_r3_Mag_04Mar24_300SA_p01_25_1_16957.d,nmdc:procsm-11-dtd3fk76
nmdc:bsm-11-6799hx33,60923_19_T_2_WEOM_r1_Mag_04Mar24_300SA_p01_26_1_16821.d,nmdc:procsm-11-b8eh7163
nmdc:bsm-11-6799hx33,60923_19_T_2_WEOM_r2_Mag_04Mar24_300SA_p01_26_1_16899.d,nmdc:procsm-11-b8eh7163
nmdc:bsm-11-6799hx33,60923_19_T_2_WEOM_r3_Mag_04Mar24_300SA_p01_26_1_16943.d,nmdc:procsm-11-b8eh7163
nmdc:bsm-11-6799hx33,60923_19_T_3_WEOM_r1_Mag_04Mar24_300SA_p01_27_1_16816.d,nmdc:procsm-11-2ybd1y06
nmdc:bsm-11-6799hx33,60923_19_T_3_WEOM_r2_Mag_04Mar24_300SA_p01_27_1_16901.d,nmdc:procsm-11-2ybd1y06
nmdc:bsm-11-6799hx33,60923_19_T_3_WEOM_r3_Mag_04Mar24_300SA_p01_27_1_16921.d,nmdc:procsm-11-2ybd1y06
nmdc:bsm-11-6799hx33,60923_19_TOP_1_MAOM_r1_Mag_22Jan25_3p3kV_300SA_p01_38_1_22221.d,nmdc:procsm-11-dk097j75
nmdc:bsm-11-6799hx33,60923_19_TOP_1_MAOM_r2_Mag_22Jan25_3p3kV_300SA_p01_38_1_22314.d,nmdc:procsm-11-dk097j75
nmdc:bsm-11-6799hx33,60923_19_TOP_1_MAOM_r3_Mag_22Jan25_3p3kV_300SA_p01_38_1_22343.d,nmdc:procsm-11-dk097j75
nmdc:bsm-11-6799hx33,60923_19_TOP_2_MAOM_r1_Mag_22Jan25_3p3kV_300SA_p01_39_1_22205.d,nmdc:procsm-11-yb1nqa23
nmdc:bsm-11-6799hx33,60923_19_TOP_2_MAOM_r2_Mag_22Jan25_3p3kV_300SA_p01_39_1_22280.d,nmdc:procsm-11-yb1nqa23
nmdc:bsm-11-6799hx33,60923_19_TOP_2_MAOM_r3_Mag_22Jan25_3p3kV_300SA_p01_39_1_22374.d,nmdc:procsm-11-yb1nqa23
nmdc:bsm-11-6799hx33,60923_19_TOP_3_MAOM_r1_Mag_22Jan25_3p3kV_300SA_p01_40_1_22202.d,nmdc:procsm-11-sfecet84
nmdc:bsm-11-6799hx33,60923_19_TOP_3_MAOM_r2_Mag_22Jan25_3p3kV_300SA_p01_40_1_22303.d,nmdc:procsm-11-sfecet84
nmdc:bsm-11-6799hx33,60923_19_TOP_3_MAOM_r3_Mag_22Jan25_3p3kV_300SA_p01_40_1_22338.d,nmdc:procsm-11-sfecet84
nmdc:bsm-11-z8ve6g64,60923_2_B_1_WEOM_r1_Mag_04Jan24_300SA_p01_4_1_14442.d,nmdc:procsm-11-h6qahk62
nmdc:bsm-11-z8ve6g64,60923_2_B_1_WEOM_r2_Mag_04Jan24_300SA_p01_4_1_14537.d,nmdc:procsm-11-h6qahk62
nmdc:bsm-11-z8ve6g64,60923_2_B_1_WEOM_r3_Mag_04Jan24_300SA_p01_4_1_14616.d,nmdc:procsm-11-h6qahk62
nmdc:bsm-11-z8ve6g64,60923_2_B_2_WEOM_r1_Mag_04Jan24_300SA_p01_32_1_14472.d,nmdc:procsm-11-bqw8js06
nmdc:bsm-11-z8ve6g64,60923_2_B_2_WEOM_r2_Mag_04Jan24_300SA_p01_32_1_14551.d,nmdc:procsm-11-bqw8js06
nmdc:bsm-11-z8ve6g64,60923_2_B_2_WEOM_r3_Mag_04Jan24_300SA_p01_32_1_14633.d,nmdc:procsm-11-bqw8js06
nmdc:bsm-11-z8ve6g64,60923_2_B_3_WEOM_r1_Mag_04Jan24_300SA_p01_12_1_14504.d,nmdc:procsm-11-ysxs6648
nmdc:bsm-11-z8ve6g64,60923_2_B_3_WEOM_r2_Mag_04Jan24_300SA_p01_12_1_14580.d,nmdc:procsm-11-ysxs6648
nmdc:bsm-11-z8ve6g64,60923_2_B_3_WEOM_r3_Mag_04Jan24_300SA_p01_12_1_14681.d,nmdc:procsm-11-ysxs6648
nmdc:bsm-11-z8ve6g64,60923_2_BTM_1_MAOM_r1_Mag_27Dec24_3p3kV_300SA_p01_10_1_21173.d,nmdc:procsm-11-sepab351
nmdc:bsm-11-z8ve6g64,60923_2_BTM_1_MAOM_r2_Mag_27Dec24_3p3kV_300SA_p01_10_1_21243.d,nmdc:procsm-11-sepab351
nmdc:bsm-11-z8ve6g64,60923_2_BTM_1_MAOM_r3_Mag_27Dec24_3p3kV_300SA_p01_10_1_21304.d,nmdc:procsm-11-sepab351
nmdc:bsm-11-z8ve6g64,60923_2_BTM_2_MAOM_r1_Mag_27Dec24_3p3kV_300SA_p01_11_1_21200.d,nmdc:procsm-11-6x5hqj07
nmdc:bsm-11-z8ve6g64,60923_2_BTM_2_MAOM_r2_Mag_27Dec24_3p3kV_300SA_p01_11_1_21236.d,nmdc:procsm-11-6x5hqj07
nmdc:bsm-11-z8ve6g64,60923_2_BTM_2_MAOM_r3_Mag_27Dec24_3p3kV_300SA_p01_11_1_21279.d,nmdc:procsm-11-6x5hqj07
nmdc:bsm-11-z8ve6g64,60923_2_BTM_3_MAOM_r1_Mag_27Dec24_3p3kV_300SA_p01_12_1_21210.d,nmdc:procsm-11-qwsxym40
nmdc:bsm-11-z8ve6g64,60923_2_BTM_3_MAOM_r2_Mag_27Dec24_3p3kV_300SA_p01_12_1_21247.d,nmdc:procsm-11-qwsxym40
nmdc:bsm-11-z8ve6g64,60923_2_BTM_3_MAOM_r3_Mag_27Dec24_3p3kV_300SA_p01_12_1_21300.d,nmdc:procsm-11-qwsxym40
nmdc:bsm-11-drbpkb58,60923_2_T_1_WEOM_r1_Mag_04Jan24_300SA_p01_3_1_14449.d,nmdc:procsm-11-gerd7q40
nmdc:bsm-11-drbpkb58,60923_2_T_1_WEOM_r2_Mag_04Jan24_300SA_p01_3_1_14524.d,nmdc:procsm-11-gerd7q40
nmdc:bsm-11-drbpkb58,60923_2_T_1_WEOM_r3_Mag_04Jan24_300SA_p01_3_1_14608.d,nmdc:procsm-11-gerd7q40
nmdc:bsm-11-drbpkb58,60923_2_T_2_WEOM_r1_Mag_04Jan24_300SA_p01_31_1_14453.d,nmdc:procsm-11-6qvc6113
nmdc:bsm-11-drbpkb58,60923_2_T_2_WEOM_r2_Mag_04Jan24_300SA_p01_31_1_14541.d,nmdc:procsm-11-6qvc6113
nmdc:bsm-11-drbpkb58,60923_2_T_2_WEOM_r3_Mag_04Jan24_300SA_p01_31_1_14630.d,nmdc:procsm-11-6qvc6113
nmdc:bsm-11-drbpkb58,60923_2_T_3_WEOM_r1_Mag_04Jan24_300SA_p01_11_1_14483.d,nmdc:procsm-11-yh7n2539
nmdc:bsm-11-drbpkb58,60923_2_T_3_WEOM_r2_Mag_04Jan24_300SA_p01_11_1_14590.d,nmdc:procsm-11-yh7n2539
nmdc:bsm-11-drbpkb58,60923_2_T_3_WEOM_r3_Mag_04Jan24_300SA_p01_11_1_14679.d,nmdc:procsm-11-yh7n2539
nmdc:bsm-11-drbpkb58,60923_2_TOP_1_MAOM_r1_Mag_27Dec24_3p3kV_300SA_p01_7_1_21201.d,nmdc:procsm-11-9ar0g314
nmdc:bsm-11-drbpkb58,60923_2_TOP_1_MAOM_r2_Mag_27Dec24_3p3kV_300SA_p01_7_1_21217.d,nmdc:procsm-11-9ar0g314
nmdc:bsm-11-drbpkb58,60923_2_TOP_1_MAOM_r3_Mag_27Dec24_3p3kV_300SA_p01_7_1_21313.d,nmdc:procsm-11-9ar0g314
nmdc:bsm-11-drbpkb58,60923_2_TOP_2_MAOM_r1_Mag_27Dec24_3p3kV_300SA_p01_8_1_21168.d,nmdc:procsm-11-tfymjc92
nmdc:bsm-11-drbpkb58,60923_2_TOP_2_MAOM_r2_Mag_27Dec24_3p3kV_300SA_p01_8_1_21246.d,nmdc:procsm-11-tfymjc92
nmdc:bsm-11-drbpkb58,60923_2_TOP_2_MAOM_r3_Mag_27Dec24_3p3kV_300SA_p01_8_1_21294.d,nmdc:procsm-11-tfymjc92
nmdc:bsm-11-drbpkb58,60923_2_TOP_3_MAOM_r1_Mag_27Dec24_3p3kV_300SA_p01_9_1_21165.d,nmdc:procsm-11-c8tzfd70
nmdc:bsm-11-drbpkb58,60923_2_TOP_3_MAOM_r2_Mag_27Dec24_3p3kV_300SA_p01_9_1_21219.d,nmdc:procsm-11-c8tzfd70
nmdc:bsm-11-drbpkb58,60923_2_TOP_3_MAOM_r3_Mag_27Dec24_3p3kV_300SA_p01_9_1_21326.d,nmdc:procsm-11-c8tzfd70
nmdc:bsm-11-94gy3937,60923_20_B_1_WEOM_r1_Mag_04Mar24_300SA_p01_34_1_16833.d,nmdc:procsm-11-kj08ee19
nmdc:bsm-11-94gy3937,60923_20_B_1_WEOM_r2_Mag_04Mar24_300SA_p01_34_1_16905.d,nmdc:procsm-11-kj08ee19
nmdc:bsm-11-94gy3937,60923_20_B_1_WEOM_r3_Mag_04Mar24_300SA_p01_34_1_16958.d,nmdc:procsm-11-kj08ee19
nmdc:bsm-11-94gy3937,60923_20_B_2_WEOM_r1_Mag_04Mar24_300SA_p01_35_1_16838.d,nmdc:procsm-11-fv2q4n02
nmdc:bsm-11-94gy3937,60923_20_B_2_WEOM_r2_Mag_04Mar24_300SA_p01_35_1_16862.d,nmdc:procsm-11-fv2q4n02
nmdc:bsm-11-94gy3937,60923_20_B_2_WEOM_r3_Mag_04Mar24_300SA_p01_35_1_16911.d,nmdc:procsm-11-fv2q4n02
nmdc:bsm-11-94gy3937,60923_20_B_3_WEOM_r1_Mag_04Mar24_300SA_p01_36_1_16795.d,nmdc:procsm-11-dym76x83
nmdc:bsm-11-94gy3937,60923_20_B_3_WEOM_r2_Mag_04Mar24_300SA_p01_36_1_16870.d,nmdc:procsm-11-dym76x83
nmdc:bsm-11-94gy3937,60923_20_B_3_WEOM_r3_Mag_04Mar24_300SA_p01_36_1_16919.d,nmdc:procsm-11-dym76x83
nmdc:bsm-11-94gy3937,60923_20_BTM_1_MAOM_r1_Mag_22Jan25_3p3kV_300SA_p01_47_1_22216.d,nmdc:procsm-11-gd55kz25
nmdc:bsm-11-94gy3937,60923_20_BTM_1_MAOM_r2_Mag_22Jan25_3p3kV_300SA_p01_47_1_22287.d,nmdc:procsm-11-gd55kz25
nmdc:bsm-11-94gy3937,60923_20_BTM_1_MAOM_r3_Mag_22Jan25_3p3kV_300SA_p01_47_1_22323.d,nmdc:procsm-11-gd55kz25
nmdc:bsm-11-94gy3937,60923_20_BTM_2_MAOM_r1_Mag_22Jan25_3p3kV_300SA_p01_48_1_22250.d,nmdc:procsm-11-ahcdq745
nmdc:bsm-11-94gy3937,60923_20_BTM_2_MAOM_r2_Mag_22Jan25_3p3kV_300SA_p01_48_1_22296.d,nmdc:procsm-11-ahcdq745
nmdc:bsm-11-94gy3937,60923_20_BTM_2_MAOM_r3_Mag_22Jan25_3p3kV_300SA_p01_48_1_22373.d,nmdc:procsm-11-ahcdq745
nmdc:bsm-11-94gy3937,60923_20_BTM_3_MAOM_r1_Mag_22Jan25_3p3kV_300SA_p01_49_1_22210.d,nmdc:procsm-11-td70hb91
nmdc:bsm-11-94gy3937,60923_20_BTM_3_MAOM_r2_Mag_22Jan25_3p3kV_300SA_p01_49_1_22260.d,nmdc:procsm-11-td70hb91
nmdc:bsm-11-94gy3937,60923_20_BTM_3_MAOM_r3_Mag_22Jan25_3p3kV_300SA_p01_49_1_22333.d,nmdc:procsm-11-td70hb91
nmdc:bsm-11-nynnec13,60923_20_T_1_WEOM_r1_Mag_04Mar24_300SA_p01_31_1_16835.d,nmdc:procsm-11-h8epkp14
nmdc:bsm-11-nynnec13,60923_20_T_1_WEOM_r2_Mag_04Mar24_300SA_p01_31_1_16852.d,nmdc:procsm-11-h8epkp14
nmdc:bsm-11-nynnec13,60923_20_T_1_WEOM_r3_Mag_04Mar24_300SA_p01_31_1_16907.d,nmdc:procsm-11-h8epkp14
nmdc:bsm-11-nynnec13,60923_20_T_2_WEOM_r1_Mag_04Mar24_300SA_p01_32_1_16828.d,nmdc:procsm-11-k0np5212
nmdc:bsm-11-nynnec13,60923_20_T_2_WEOM_r2_Mag_04Mar24_300SA_p01_32_1_16874.d,nmdc:procsm-11-k0np5212
nmdc:bsm-11-nynnec13,60923_20_T_2_WEOM_r3_Mag_04Mar24_300SA_p01_32_1_16930.d,nmdc:procsm-11-k0np5212
nmdc:bsm-11-nynnec13,60923_20_T_3_WEOM_r1_Mag_04Mar24_300SA_p01_33_1_16831.d,nmdc:procsm-11-91fgtt46
nmdc:bsm-11-nynnec13,60923_20_T_3_WEOM_r2_Mag_04Mar24_300SA_p01_33_1_16888.d,nmdc:procsm-11-91fgtt46
nmdc:bsm-11-nynnec13,60923_20_T_3_WEOM_r3_Mag_04Mar24_300SA_p01_33_1_16928.d,nmdc:procsm-11-91fgtt46
nmdc:bsm-11-nynnec13,60923_20_TOP_1_MAOM_r1_Mag_22Jan25_3p3kV_300SA_p01_44_1_22249.d,nmdc:procsm-11-zp0mbw67
nmdc:bsm-11-nynnec13,60923_20_TOP_1_MAOM_r2_Mag_22Jan25_3p3kV_300SA_p01_44_1_22291.d,nmdc:procsm-11-zp0mbw67
nmdc:bsm-11-nynnec13,60923_20_TOP_1_MAOM_r3_Mag_22Jan25_3p3kV_300SA_p01_44_1_22359.d,nmdc:procsm-11-zp0mbw67
nmdc:bsm-11-nynnec13,60923_20_TOP_2_MAOM_r1_Mag_22Jan25_3p3kV_300SA_p01_45_1_22237.d,nmdc:procsm-11-935v5z77
nmdc:bsm-11-nynnec13,60923_20_TOP_2_MAOM_r2_Mag_22Jan25_3p3kV_300SA_p01_45_1_22272.d,nmdc:procsm-11-935v5z77
nmdc:bsm-11-nynnec13,60923_20_TOP_2_MAOM_r3_Mag_22Jan25_3p3kV_300SA_p01_45_1_22367.d,nmdc:procsm-11-935v5z77
nmdc:bsm-11-nynnec13,60923_20_TOP_3_MAOM_r1_Mag_22Jan25_3p3kV_300SA_p01_46_1_22198.d,nmdc:procsm-11-39t95e57
nmdc:bsm-11-nynnec13,60923_20_TOP_3_MAOM_r2_Mag_22Jan25_3p3kV_300SA_p01_46_1_22312.d,nmdc:procsm-11-39t95e57
nmdc:bsm-11-nynnec13,60923_20_TOP_3_MAOM_r3_Mag_22Jan25_3p3kV_300SA_p01_46_1_22361.d,nmdc:procsm-11-39t95e57
nmdc:bsm-11-jqw92624,60923_21_B_1_WEOM_r1_Mag_04Mar24_300SA_p01_40_1_16845.d,nmdc:procsm-11-bgm3v594
nmdc:bsm-11-jqw92624,60923_21_B_1_WEOM_r2_Mag_04Mar24_300SA_p01_40_1_16876.d,nmdc:procsm-11-bgm3v594
nmdc:bsm-11-jqw92624,60923_21_B_1_WEOM_r3_Mag_04Mar24_300SA_p01_40_1_16910.d,nmdc:procsm-11-bgm3v594
nmdc:bsm-11-jqw92624,60923_21_B_2_WEOM_r1_Mag_04Mar24_300SA_p01_41_1_16826.d,nmdc:procsm-11-0cxcwb81
nmdc:bsm-11-jqw92624,60923_21_B_2_WEOM_r2_Mag_04Mar24_300SA_p01_41_1_16855.d,nmdc:procsm-11-0cxcwb81
nmdc:bsm-11-jqw92624,60923_21_B_2_WEOM_r3_Mag_04Mar24_300SA_p01_41_1_16932.d,nmdc:procsm-11-0cxcwb81
nmdc:bsm-11-jqw92624,60923_21_B_3_WEOM_r1_Mag_04Mar24_300SA_p01_42_1_16841.d,nmdc:procsm-11-0wqhv049
nmdc:bsm-11-jqw92624,60923_21_B_3_WEOM_r2_Mag_04Mar24_300SA_p01_42_1_16877.d,nmdc:procsm-11-0wqhv049
nmdc:bsm-11-jqw92624,60923_21_B_3_WEOM_r3_Mag_04Mar24_300SA_p01_42_1_16920.d,nmdc:procsm-11-0wqhv049
nmdc:bsm-11-jqw92624,60923_21_BTM_1_MAOM_r1_Mag_22Jan25_3p3kV_300SA_p01_4_1_22391.d,nmdc:procsm-11-pbmtgh66
nmdc:bsm-11-jqw92624,60923_21_BTM_1_MAOM_r2_Mag_22Jan25_3p3kV_300SA_p01_4_1_22464.d,nmdc:procsm-11-pbmtgh66
nmdc:bsm-11-jqw92624,60923_21_BTM_1_MAOM_r3_Mag_22Jan25_3p3kV_300SA_p01_4_1_22542.d,nmdc:procsm-11-pbmtgh66
nmdc:bsm-11-jqw92624,60923_21_BTM_2_MAOM_r1_Mag_22Jan25_3p3kV_300SA_p01_5_1_22407.d,nmdc:procsm-11-q2qpg804
nmdc:bsm-11-jqw92624,60923_21_BTM_2_MAOM_r2_Mag_22Jan25_3p3kV_300SA_p01_5_1_22447.d,nmdc:procsm-11-q2qpg804
nmdc:bsm-11-jqw92624,60923_21_BTM_2_MAOM_r3_Mag_22Jan25_3p3kV_300SA_p01_5_1_22497.d,nmdc:procsm-11-q2qpg804
nmdc:bsm-11-jqw92624,60923_21_BTM_3_MAOM_r1_Mag_22Jan25_3p3kV_300SA_p01_6_1_22385.d,nmdc:procsm-11-fww4pk28
nmdc:bsm-11-jqw92624,60923_21_BTM_3_MAOM_r2_Mag_22Jan25_3p3kV_300SA_p01_6_1_22440.d,nmdc:procsm-11-fww4pk28
nmdc:bsm-11-jqw92624,60923_21_BTM_3_MAOM_r3_Mag_22Jan25_3p3kV_300SA_p01_6_1_22524.d,nmdc:procsm-11-fww4pk28
nmdc:bsm-11-886pkh28,60923_21_T_1_WEOM_r1_Mag_04Mar24_300SA_p01_37_1_16806.d,nmdc:procsm-11-dmed3991
nmdc:bsm-11-886pkh28,60923_21_T_1_WEOM_r2_Mag_04Mar24_300SA_p01_37_1_16884.d,nmdc:procsm-11-dmed3991
nmdc:bsm-11-886pkh28,60923_21_T_1_WEOM_r3_Mag_04Mar24_300SA_p01_37_1_16956.d,nmdc:procsm-11-dmed3991
nmdc:bsm-11-886pkh28,60923_21_T_2_WEOM_r1_Mag_04Mar24_300SA_p01_38_1_16822.d,nmdc:procsm-11-q3dn2z10
nmdc:bsm-11-886pkh28,60923_21_T_2_WEOM_r2_Mag_04Mar24_300SA_p01_38_1_16900.d,nmdc:procsm-11-q3dn2z10
nmdc:bsm-11-886pkh28,60923_21_T_2_WEOM_r3_Mag_04Mar24_300SA_p01_38_1_16940.d,nmdc:procsm-11-q3dn2z10
nmdc:bsm-11-886pkh28,60923_21_T_3_WEOM_r1_Mag_04Mar24_300SA_p01_39_1_16804.d,nmdc:procsm-11-ypyy3f92
nmdc:bsm-11-886pkh28,60923_21_T_3_WEOM_r2_Mag_04Mar24_300SA_p01_39_1_16894.d,nmdc:procsm-11-ypyy3f92
nmdc:bsm-11-886pkh28,60923_21_T_3_WEOM_r3_Mag_04Mar24_300SA_p01_39_1_16963.d,nmdc:procsm-11-ypyy3f92
nmdc:bsm-11-886pkh28,60923_21_TOP_1_MAOM_r1_Mag_22Jan25_3p3kV_300SA_p01_1_1_22425.d,nmdc:procsm-11-zewj6f44
nmdc:bsm-11-886pkh28,60923_21_TOP_1_MAOM_r2_Mag_22Jan25_3p3kV_300SA_p01_1_1_22477.d,nmdc:procsm-11-zewj6f44
nmdc:bsm-11-886pkh28,60923_21_TOP_1_MAOM_r3_Mag_22Jan25_3p3kV_300SA_p01_1_1_22530.d,nmdc:procsm-11-zewj6f44
nmdc:bsm-11-886pkh28,60923_21_TOP_2_MAOM_r1_Mag_22Jan25_3p3kV_300SA_p01_2_1_22422.d,nmdc:procsm-11-0erzc594
nmdc:bsm-11-886pkh28,60923_21_TOP_2_MAOM_r2_Mag_22Jan25_3p3kV_300SA_p01_2_1_22456.d,nmdc:procsm-11-0erzc594
nmdc:bsm-11-886pkh28,60923_21_TOP_2_MAOM_r3_Mag_22Jan25_3p3kV_300SA_p01_2_1_22531.d,nmdc:procsm-11-0erzc594
nmdc:bsm-11-886pkh28,60923_21_TOP_3_MAOM_r1_Mag_22Jan25_3p3kV_300SA_p01_3_1_22410.d,nmdc:procsm-11-3a0fez46
nmdc:bsm-11-886pkh28,60923_21_TOP_3_MAOM_r2_Mag_22Jan25_3p3kV_300SA_p01_3_1_22445.d,nmdc:procsm-11-3a0fez46
nmdc:bsm-11-886pkh28,60923_21_TOP_3_MAOM_r3_Mag_22Jan25_3p3kV_300SA_p01_3_1_22532.d,nmdc:procsm-11-3a0fez46
nmdc:bsm-11-de24zv13,60923_3_B_1_WEOM_r1_Mag_04Jan24_300SA_p01_6_1_14420.d,nmdc:procsm-11-py9vvh46
nmdc:bsm-11-de24zv13,60923_3_B_1_WEOM_r2_Mag_04Jan24_300SA_p01_6_1_14525.d,nmdc:procsm-11-py9vvh46
nmdc:bsm-11-de24zv13,60923_3_B_1_WEOM_r3_Mag_04Jan24_300SA_p01_6_1_14600.d,nmdc:procsm-11-py9vvh46
nmdc:bsm-11-de24zv13,60923_3_B_2_WEOM_r1_Mag_04Jan24_300SA_p01_34_1_14450.d,nmdc:procsm-11-s3nbx642
nmdc:bsm-11-de24zv13,60923_3_B_2_WEOM_r2_Mag_04Jan24_300SA_p01_34_1_14558.d,nmdc:procsm-11-s3nbx642
nmdc:bsm-11-de24zv13,60923_3_B_2_WEOM_r3_Mag_04Jan24_300SA_p01_34_1_14657.d,nmdc:procsm-11-s3nbx642
nmdc:bsm-11-de24zv13,60923_3_B_3_WEOM_r1_Mag_04Jan24_300SA_p01_14_1_14507.d,nmdc:procsm-11-3khacn88
nmdc:bsm-11-de24zv13,60923_3_B_3_WEOM_r2_Mag_04Jan24_300SA_p01_14_1_14581.d,nmdc:procsm-11-3khacn88
nmdc:bsm-11-de24zv13,60923_3_B_3_WEOM_r3_Mag_04Jan24_300SA_p01_14_1_14660.d,nmdc:procsm-11-3khacn88
nmdc:bsm-11-de24zv13,60923_3_BTM_1_MAOM_r1_Mag_27Dec24_3p3kV_300SA_p01_16_1_21203.d,nmdc:procsm-11-92b88780
nmdc:bsm-11-de24zv13,60923_3_BTM_1_MAOM_r2_Mag_27Dec24_3p3kV_300SA_p01_16_1_21232.d,nmdc:procsm-11-92b88780
nmdc:bsm-11-de24zv13,60923_3_BTM_1_MAOM_r3_Mag_27Dec24_3p3kV_300SA_p01_16_1_21276.d,nmdc:procsm-11-92b88780
nmdc:bsm-11-de24zv13,60923_3_BTM_2_MAOM_r1_Mag_27Dec24_3p3kV_300SA_p01_17_1_21164.d,nmdc:procsm-11-36bqa281
nmdc:bsm-11-de24zv13,60923_3_BTM_2_MAOM_r2_Mag_27Dec24_3p3kV_300SA_p01_17_1_21244.d,nmdc:procsm-11-36bqa281
nmdc:bsm-11-de24zv13,60923_3_BTM_2_MAOM_r3_Mag_27Dec24_3p3kV_300SA_p01_17_1_21273.d,nmdc:procsm-11-36bqa281
nmdc:bsm-11-de24zv13,60923_3_BTM_3_MAOM_r1_Mag_27Dec24_3p3kV_300SA_p01_18_1_21166.d,nmdc:procsm-11-68cc5251
nmdc:bsm-11-de24zv13,60923_3_BTM_3_MAOM_r2_Mag_27Dec24_3p3kV_300SA_p01_18_1_21228.d,nmdc:procsm-11-68cc5251
nmdc:bsm-11-de24zv13,60923_3_BTM_3_MAOM_r3_Mag_27Dec24_3p3kV_300SA_p01_18_1_21307.d,nmdc:procsm-11-68cc5251
nmdc:bsm-11-8wv3sf12,60923_3_T_1_WEOM_r1_Mag_04Jan24_300SA_p01_5_1_14433.d,nmdc:procsm-11-2177dh74
nmdc:bsm-11-8wv3sf12,60923_3_T_1_WEOM_r2_Mag_04Jan24_300SA_p01_5_1_14519.d,nmdc:procsm-11-2177dh74
nmdc:bsm-11-8wv3sf12,60923_3_T_1_WEOM_r3_Mag_04Jan24_300SA_p01_5_1_14613.d,nmdc:procsm-11-2177dh74
nmdc:bsm-11-8wv3sf12,60923_3_T_2_WEOM_r1_Mag_04Jan24_300SA_p01_33_1_14459.d,nmdc:procsm-11-0naw7g48
nmdc:bsm-11-8wv3sf12,60923_3_T_2_WEOM_r2_Mag_04Jan24_300SA_p01_33_1_14546.d,nmdc:procsm-11-0naw7g48
nmdc:bsm-11-8wv3sf12,60923_3_T_2_WEOM_r3_Mag_04Jan24_300SA_p01_33_1_14636.d,nmdc:procsm-11-0naw7g48
nmdc:bsm-11-8wv3sf12,60923_3_T_3_WEOM_r1_Mag_04Jan24_300SA_p01_13_1_14500.d,nmdc:procsm-11-36yvr382
nmdc:bsm-11-8wv3sf12,60923_3_T_3_WEOM_r2_Mag_04Jan24_300SA_p01_13_1_14577.d,nmdc:procsm-11-36yvr382
nmdc:bsm-11-8wv3sf12,60923_3_T_3_WEOM_r3_Mag_04Jan24_300SA_p01_13_1_14674.d,nmdc:procsm-11-36yvr382
nmdc:bsm-11-8wv3sf12,60923_3_TOP_1_MAOM_r1_Mag_27Dec24_3p3kV_300SA_p01_13_1_21216.d,nmdc:procsm-11-26bw8x55
nmdc:bsm-11-8wv3sf12,60923_3_TOP_1_MAOM_r2_Mag_27Dec24_3p3kV_300SA_p01_13_1_21255.d,nmdc:procsm-11-26bw8x55
nmdc:bsm-11-8wv3sf12,60923_3_TOP_1_MAOM_r3_Mag_27Dec24_3p3kV_300SA_p01_13_1_21310.d,nmdc:procsm-11-26bw8x55
nmdc:bsm-11-8wv3sf12,60923_3_TOP_2_MAOM_r1_Mag_27Dec24_3p3kV_300SA_p01_14_1_21171.d,nmdc:procsm-11-ses4hj79
nmdc:bsm-11-8wv3sf12,60923_3_TOP_2_MAOM_r2_Mag_27Dec24_3p3kV_300SA_p01_14_1_21270.d,nmdc:procsm-11-ses4hj79
nmdc:bsm-11-8wv3sf12,60923_3_TOP_2_MAOM_r3_Mag_27Dec24_3p3kV_300SA_p01_14_1_21271.d,nmdc:procsm-11-ses4hj79
nmdc:bsm-11-8wv3sf12,60923_3_TOP_3_MAOM_r1_Mag_27Dec24_3p3kV_300SA_p01_15_1_21187.d,nmdc:procsm-11-fyj5wr57
nmdc:bsm-11-8wv3sf12,60923_3_TOP_3_MAOM_r2_Mag_27Dec24_3p3kV_300SA_p01_15_1_21261.d,nmdc:procsm-11-fyj5wr57
nmdc:bsm-11-8wv3sf12,60923_3_TOP_3_MAOM_r3_Mag_27Dec24_3p3kV_300SA_p01_15_1_21315.d,nmdc:procsm-11-fyj5wr57
nmdc:bsm-11-5fjw6z87,60923_4_B_1_WEOM_r1_Mag_04Jan24_300SA_p01_8_1_14427.d,nmdc:procsm-11-mn5j1n42
nmdc:bsm-11-5fjw6z87,60923_4_B_1_WEOM_r2_Mag_04Jan24_300SA_p01_8_1_14518.d,nmdc:procsm-11-mn5j1n42
nmdc:bsm-11-5fjw6z87,60923_4_B_1_WEOM_r3_Mag_04Jan24_300SA_p01_8_1_14619.d,nmdc:procsm-11-mn5j1n42
nmdc:bsm-11-5fjw6z87,60923_4_B_3_WEOM_r1_Mag_04Jan24_300SA_p01_16_1_14494.d,nmdc:procsm-11-tyjmen16
nmdc:bsm-11-5fjw6z87,60923_4_B_3_WEOM_r2_Mag_04Jan24_300SA_p01_16_1_14579.d,nmdc:procsm-11-tyjmen16
nmdc:bsm-11-5fjw6z87,60923_4_B_3_WEOM_r3_Mag_04Jan24_300SA_p01_16_1_14658.d,nmdc:procsm-11-tyjmen16
nmdc:bsm-11-5fjw6z87,60923_4_BTM_1_MAOM_r1_Mag_27Dec24_3p3kV_300SA_p01_22_1_21209.d,nmdc:procsm-11-fx730t62
nmdc:bsm-11-5fjw6z87,60923_4_BTM_1_MAOM_r2_Mag_27Dec24_3p3kV_300SA_p01_22_1_21227.d,nmdc:procsm-11-fx730t62
nmdc:bsm-11-5fjw6z87,60923_4_BTM_1_MAOM_r3_Mag_27Dec24_3p3kV_300SA_p01_22_1_21288.d,nmdc:procsm-11-fx730t62
nmdc:bsm-11-5fjw6z87,60923_4_BTM_2_MAOM_r1_Mag_27Dec24_3p3kV_300SA_p01_23_1_21211.d,nmdc:procsm-11-jycszs03
nmdc:bsm-11-5fjw6z87,60923_4_BTM_2_MAOM_r2_Mag_27Dec24_3p3kV_300SA_p01_23_1_21234.d,nmdc:procsm-11-jycszs03
nmdc:bsm-11-5fjw6z87,60923_4_BTM_2_MAOM_r3_Mag_27Dec24_3p3kV_300SA_p01_23_1_21295.d,nmdc:procsm-11-jycszs03
nmdc:bsm-11-5fjw6z87,60923_4_BTM_3_MAOM_r1_Mag_27Dec24_3p3kV_300SA_p01_24_1_21193.d,nmdc:procsm-11-wntgxw03
nmdc:bsm-11-5fjw6z87,60923_4_BTM_3_MAOM_r2_Mag_27Dec24_3p3kV_300SA_p01_24_1_21226.d,nmdc:procsm-11-wntgxw03
nmdc:bsm-11-5fjw6z87,60923_4_BTM_3_MAOM_r3_Mag_27Dec24_3p3kV_300SA_p01_24_1_21286.d,nmdc:procsm-11-wntgxw03
nmdc:bsm-11-xavsg426,60923_4_T_1_WEOM_r1_Mag_04Jan24_300SA_p01_7_1_14448.d,nmdc:procsm-11-a5bxtb31
nmdc:bsm-11-xavsg426,60923_4_T_1_WEOM_r2_Mag_04Jan24_300SA_p01_7_1_14512.d,nmdc:procsm-11-a5bxtb31
nmdc:bsm-11-xavsg426,60923_4_T_1_WEOM_r3_Mag_04Jan24_300SA_p01_7_1_14620.d,nmdc:procsm-11-a5bxtb31
nmdc:bsm-11-xavsg426,60923_4_T_2_WEOM_r1_Mag_04Jan24_300SA_p01_35_1_14474.d,nmdc:procsm-11-rpfd7x22
nmdc:bsm-11-xavsg426,60923_4_T_2_WEOM_r2_Mag_04Jan24_300SA_p01_35_1_14567.d,nmdc:procsm-11-rpfd7x22
nmdc:bsm-11-xavsg426,60923_4_T_2_WEOM_r3_Mag_04Jan24_300SA_p01_35_1_14639.d,nmdc:procsm-11-rpfd7x22
nmdc:bsm-11-xavsg426,60923_4_T_3_WEOM_r1_Mag_04Jan24_300SA_p01_15_1_14488.d,nmdc:procsm-11-8f896t39
nmdc:bsm-11-xavsg426,60923_4_T_3_WEOM_r2_Mag_04Jan24_300SA_p01_15_1_14596.d,nmdc:procsm-11-8f896t39
nmdc:bsm-11-xavsg426,60923_4_T_3_WEOM_r3_Mag_04Jan24_300SA_p01_15_1_14677.d,nmdc:procsm-11-8f896t39
nmdc:bsm-11-xavsg426,60923_4_TOP_1_MAOM_r1_Mag_27Dec24_3p3kV_300SA_p01_19_1_21197.d,nmdc:procsm-11-dma86a06
nmdc:bsm-11-xavsg426,60923_4_TOP_1_MAOM_r2_Mag_27Dec24_3p3kV_300SA_p01_19_1_21245.d,nmdc:procsm-11-dma86a06
nmdc:bsm-11-xavsg426,60923_4_TOP_1_MAOM_r3_Mag_27Dec24_3p3kV_300SA_p01_19_1_21291.d,nmdc:procsm-11-dma86a06
nmdc:bsm-11-xavsg426,60923_4_TOP_2_MAOM_r1_Mag_27Dec24_3p3kV_300SA_p01_20_1_21215.d,nmdc:procsm-11-rezkrv81
nmdc:bsm-11-xavsg426,60923_4_TOP_2_MAOM_r2_Mag_27Dec24_3p3kV_300SA_p01_20_1_21254.d,nmdc:procsm-11-rezkrv81
nmdc:bsm-11-xavsg426,60923_4_TOP_2_MAOM_r3_Mag_27Dec24_3p3kV_300SA_p01_20_1_21285.d,nmdc:procsm-11-rezkrv81
nmdc:bsm-11-xavsg426,60923_4_TOP_3_MAOM_r1_Mag_27Dec24_3p3kV_300SA_p01_21_1_21214.d,nmdc:procsm-11-cw4vzx11
nmdc:bsm-11-xavsg426,60923_4_TOP_3_MAOM_r2_Mag_27Dec24_3p3kV_300SA_p01_21_1_21266.d,nmdc:procsm-11-cw4vzx11
nmdc:bsm-11-xavsg426,60923_4_TOP_3_MAOM_r3_Mag_27Dec24_3p3kV_300SA_p01_21_1_21306.d,nmdc:procsm-11-cw4vzx11
nmdc:bsm-11-8qv5pe69,60923_5_B_1_WEOM_r1_Mag_04Jan24_300SA_p01_10_1_14432.d,nmdc:procsm-11-6w8ptg65
nmdc:bsm-11-8qv5pe69,60923_5_B_1_WEOM_r2_Mag_04Jan24_300SA_p01_10_1_14526.d,nmdc:procsm-11-6w8ptg65
nmdc:bsm-11-8qv5pe69,60923_5_B_1_WEOM_r3_Mag_04Jan24_300SA_p01_10_1_14617.d,nmdc:procsm-11-6w8ptg65
nmdc:bsm-11-8qv5pe69,60923_5_B_2_WEOM_r1_Mag_04Jan24_300SA_p01_38_1_14475.d,nmdc:procsm-11-gmv1w285
nmdc:bsm-11-8qv5pe69,60923_5_B_2_WEOM_r2_Mag_04Jan24_300SA_p01_38_1_14540.d,nmdc:procsm-11-gmv1w285
nmdc:bsm-11-8qv5pe69,60923_5_B_2_WEOM_r3_Mag_04Jan24_300SA_p01_38_1_14635.d,nmdc:procsm-11-gmv1w285
nmdc:bsm-11-8qv5pe69,60923_5_B_3_WEOM_r1_Mag_04Jan24_300SA_p01_18_1_14491.d,nmdc:procsm-11-vht7fe03
nmdc:bsm-11-8qv5pe69,60923_5_B_3_WEOM_r2_Mag_04Jan24_300SA_p01_18_1_14586.d,nmdc:procsm-11-vht7fe03
nmdc:bsm-11-8qv5pe69,60923_5_B_3_WEOM_r3_Mag_04Jan24_300SA_p01_18_1_14668.d,nmdc:procsm-11-vht7fe03
nmdc:bsm-11-8qv5pe69,60923_5_BTM_1_MAOM_r1_Mag_27Dec24_3p3kV_300SA_p01_28_1_21183.d,nmdc:procsm-11-969emp59
nmdc:bsm-11-8qv5pe69,60923_5_BTM_1_MAOM_r2_Mag_27Dec24_3p3kV_300SA_p01_28_1_21250.d,nmdc:procsm-11-969emp59
nmdc:bsm-11-8qv5pe69,60923_5_BTM_1_MAOM_r3_Mag_27Dec24_3p3kV_300SA_p01_28_1_21309.d,nmdc:procsm-11-969emp59
nmdc:bsm-11-8qv5pe69,60923_5_BTM_2_MAOM_r1_Mag_27Dec24_3p3kV_300SA_p01_29_1_21181.d,nmdc:procsm-11-ejzgmn61
nmdc:bsm-11-8qv5pe69,60923_5_BTM_2_MAOM_r2_Mag_27Dec24_3p3kV_300SA_p01_29_1_21264.d,nmdc:procsm-11-ejzgmn61
nmdc:bsm-11-8qv5pe69,60923_5_BTM_2_MAOM_r3_Mag_27Dec24_3p3kV_300SA_p01_29_1_21301.d,nmdc:procsm-11-ejzgmn61
nmdc:bsm-11-8qv5pe69,60923_5_BTM_3_MAOM_r1_Mag_27Dec24_3p3kV_300SA_p01_30_1_21170.d,nmdc:procsm-11-808mpe34
nmdc:bsm-11-8qv5pe69,60923_5_BTM_3_MAOM_r2_Mag_27Dec24_3p3kV_300SA_p01_30_1_21249.d,nmdc:procsm-11-808mpe34
nmdc:bsm-11-8qv5pe69,60923_5_BTM_3_MAOM_r3_Mag_27Dec24_3p3kV_300SA_p01_30_1_21289.d,nmdc:procsm-11-808mpe34
nmdc:bsm-11-ezpyrs72,60923_5_T_1_WEOM_r1_Mag_04Jan24_300SA_p01_9_1_14437.d,nmdc:procsm-11-q4frj402
nmdc:bsm-11-ezpyrs72,60923_5_T_1_WEOM_r2_Mag_04Jan24_300SA_p01_9_1_14533.d,nmdc:procsm-11-q4frj402
nmdc:bsm-11-ezpyrs72,60923_5_T_1_WEOM_r3_Mag_04Jan24_300SA_p01_9_1_14610.d,nmdc:procsm-11-q4frj402
nmdc:bsm-11-ezpyrs72,60923_5_T_2_WEOM_r1_Mag_04Jan24_300SA_p01_37_1_14461.d,nmdc:procsm-11-x1zzzr66
nmdc:bsm-11-ezpyrs72,60923_5_T_2_WEOM_r2_Mag_04Jan24_300SA_p01_37_1_14547.d,nmdc:procsm-11-x1zzzr66
nmdc:bsm-11-ezpyrs72,60923_5_T_2_WEOM_r3_Mag_04Jan24_300SA_p01_37_1_14637.d,nmdc:procsm-11-x1zzzr66
nmdc:bsm-11-ezpyrs72,60923_5_T_3_WEOM_r1_Mag_04Jan24_300SA_p01_17_1_14498.d,nmdc:procsm-11-3qgpnt49
nmdc:bsm-11-ezpyrs72,60923_5_T_3_WEOM_r2_Mag_04Jan24_300SA_p01_17_1_14570.d,nmdc:procsm-11-3qgpnt49
nmdc:bsm-11-ezpyrs72,60923_5_T_3_WEOM_r3_Mag_04Jan24_300SA_p01_17_1_14687.d,nmdc:procsm-11-3qgpnt49
nmdc:bsm-11-ezpyrs72,60923_5_TOP_1_MAOM_r1_Mag_27Dec24_3p3kV_300SA_p01_25_1_21192.d,nmdc:procsm-11-7bpx8k69
nmdc:bsm-11-ezpyrs72,60923_5_TOP_1_MAOM_r2_Mag_27Dec24_3p3kV_300SA_p01_25_1_21220.d,nmdc:procsm-11-7bpx8k69
nmdc:bsm-11-ezpyrs72,60923_5_TOP_1_MAOM_r3_Mag_27Dec24_3p3kV_300SA_p01_25_1_21277.d,nmdc:procsm-11-7bpx8k69
nmdc:bsm-11-ezpyrs72,60923_5_TOP_2_MAOM_r1_Mag_27Dec24_3p3kV_300SA_p01_26_1_21177.d,nmdc:procsm-11-sbz29536
nmdc:bsm-11-ezpyrs72,60923_5_TOP_2_MAOM_r2_Mag_27Dec24_3p3kV_300SA_p01_26_1_21222.d,nmdc:procsm-11-sbz29536
nmdc:bsm-11-ezpyrs72,60923_5_TOP_2_MAOM_r3_Mag_27Dec24_3p3kV_300SA_p01_26_1_21292.d,nmdc:procsm-11-sbz29536
nmdc:bsm-11-ezpyrs72,60923_5_TOP_3_MAOM_r1_Mag_27Dec24_3p3kV_300SA_p01_27_1_21195.d,nmdc:procsm-11-x0x7wh02
nmdc:bsm-11-ezpyrs72,60923_5_TOP_3_MAOM_r2_Mag_27Dec24_3p3kV_300SA_p01_27_1_21241.d,nmdc:procsm-11-x0x7wh02
nmdc:bsm-11-ezpyrs72,60923_5_TOP_3_MAOM_r3_Mag_27Dec24_3p3kV_300SA_p01_27_1_21283.d,nmdc:procsm-11-x0x7wh02
nmdc:bsm-11-920kpn04,60923_6_B_1_WEOM_r1_Mag_04Jan24_300SA_p01_12_1_14421.d,nmdc:procsm-11-fd470g55
nmdc:bsm-11-920kpn04,60923_6_B_1_WEOM_r2_Mag_04Jan24_300SA_p01_12_1_14539.d,nmdc:procsm-11-fd470g55
nmdc:bsm-11-920kpn04,60923_6_B_1_WEOM_r3_Mag_04Jan24_300SA_p01_12_1_14615.d,nmdc:procsm-11-fd470g55
nmdc:bsm-11-920kpn04,60923_6_B_2_WEOM_r1_Mag_04Jan24_300SA_p01_40_1_14454.d,nmdc:procsm-11-4hvhs388
nmdc:bsm-11-920kpn04,60923_6_B_2_WEOM_r2_Mag_04Jan24_300SA_p01_40_1_14556.d,nmdc:procsm-11-4hvhs388
nmdc:bsm-11-920kpn04,60923_6_B_2_WEOM_r3_Mag_04Jan24_300SA_p01_40_1_14642.d,nmdc:procsm-11-4hvhs388
nmdc:bsm-11-920kpn04,60923_6_B_3_WEOM_r1_Mag_04Jan24_300SA_p01_20_1_14496.d,nmdc:procsm-11-myt74w62
nmdc:bsm-11-920kpn04,60923_6_B_3_WEOM_r2_Mag_04Jan24_300SA_p01_20_1_14584.d,nmdc:procsm-11-myt74w62
nmdc:bsm-11-920kpn04,60923_6_B_3_WEOM_r3_Mag_04Jan24_300SA_p01_20_1_14680.d,nmdc:procsm-11-myt74w62
nmdc:bsm-11-920kpn04,60923_6_BTM_1_MAOM_r1_Mag_27Dec24_3p3kV_300SA_p01_34_1_21188.d,nmdc:procsm-11-a5b7z238
nmdc:bsm-11-920kpn04,60923_6_BTM_1_MAOM_r2_Mag_27Dec24_3p3kV_300SA_p01_34_1_21235.d,nmdc:procsm-11-a5b7z238
nmdc:bsm-11-920kpn04,60923_6_BTM_1_MAOM_r3_Mag_27Dec24_3p3kV_300SA_p01_34_1_21303.d,nmdc:procsm-11-a5b7z238
nmdc:bsm-11-920kpn04,60923_6_BTM_2_MAOM_r1_Mag_27Dec24_3p3kV_300SA_p01_35_1_21196.d,nmdc:procsm-11-vv5syk41
nmdc:bsm-11-920kpn04,60923_6_BTM_2_MAOM_r2_Mag_27Dec24_3p3kV_300SA_p01_35_1_21240.d,nmdc:procsm-11-vv5syk41
nmdc:bsm-11-920kpn04,60923_6_BTM_2_MAOM_r3_Mag_27Dec24_3p3kV_300SA_p01_35_1_21323.d,nmdc:procsm-11-vv5syk41
nmdc:bsm-11-920kpn04,60923_6_BTM_3_MAOM_r1_Mag_27Dec24_3p3kV_300SA_p01_36_1_21182.d,nmdc:procsm-11-xf7p8h71
nmdc:bsm-11-920kpn04,60923_6_BTM_3_MAOM_r2_Mag_27Dec24_3p3kV_300SA_p01_36_1_21239.d,nmdc:procsm-11-xf7p8h71
nmdc:bsm-11-920kpn04,60923_6_BTM_3_MAOM_r3_Mag_27Dec24_3p3kV_300SA_p01_36_1_21293.d,nmdc:procsm-11-xf7p8h71
nmdc:bsm-11-w76zc983,60923_6_T_1_WEOM_r1_Mag_04Jan24_300SA_p01_11_1_14444.d,nmdc:procsm-11-ct1agy02
nmdc:bsm-11-w76zc983,60923_6_T_1_WEOM_r2_Mag_04Jan24_300SA_p01_11_1_14535.d,nmdc:procsm-11-ct1agy02
nmdc:bsm-11-w76zc983,60923_6_T_1_WEOM_r3_Mag_04Jan24_300SA_p01_11_1_14623.d,nmdc:procsm-11-ct1agy02
nmdc:bsm-11-w76zc983,60923_6_T_2_WEOM_r1_Mag_04Jan24_300SA_p01_39_1_14477.d,nmdc:procsm-11-1scb4t95
nmdc:bsm-11-w76zc983,60923_6_T_2_WEOM_r2_Mag_04Jan24_300SA_p01_39_1_14565.d,nmdc:procsm-11-1scb4t95
nmdc:bsm-11-w76zc983,60923_6_T_2_WEOM_r3_Mag_04Jan24_300SA_p01_39_1_14645.d,nmdc:procsm-11-1scb4t95
nmdc:bsm-11-w76zc983,60923_6_T_3_WEOM_r1_Mag_04Jan24_300SA_p01_19_1_14482.d,nmdc:procsm-11-bbpt5730
nmdc:bsm-11-w76zc983,60923_6_T_3_WEOM_r2_Mag_04Jan24_300SA_p01_19_1_14578.d,nmdc:procsm-11-bbpt5730
nmdc:bsm-11-w76zc983,60923_6_T_3_WEOM_r3_Mag_04Jan24_300SA_p01_19_1_14676.d,nmdc:procsm-11-bbpt5730
nmdc:bsm-11-w76zc983,60923_6_TOP_1_MAOM_r1_Mag_27Dec24_3p3kV_300SA_p01_31_1_21191.d,nmdc:procsm-11-8pnkvq92
nmdc:bsm-11-w76zc983,60923_6_TOP_1_MAOM_r2_Mag_27Dec24_3p3kV_300SA_p01_31_1_21233.d,nmdc:procsm-11-8pnkvq92
nmdc:bsm-11-w76zc983,60923_6_TOP_1_MAOM_r3_Mag_27Dec24_3p3kV_300SA_p01_31_1_21299.d,nmdc:procsm-11-8pnkvq92
nmdc:bsm-11-w76zc983,60923_6_TOP_2_MAOM_r1_Mag_27Dec24_3p3kV_300SA_p01_32_1_21213.d,nmdc:procsm-11-55yy0581
nmdc:bsm-11-w76zc983,60923_6_TOP_2_MAOM_r2_Mag_27Dec24_3p3kV_300SA_p01_32_1_21248.d,nmdc:procsm-11-55yy0581
nmdc:bsm-11-w76zc983,60923_6_TOP_2_MAOM_r3_Mag_27Dec24_3p3kV_300SA_p01_32_1_21305.d,nmdc:procsm-11-55yy0581
nmdc:bsm-11-w76zc983,60923_6_TOP_3_MAOM_r1_Mag_27Dec24_3p3kV_300SA_p01_33_1_21190.d,nmdc:procsm-11-z31hzp17
nmdc:bsm-11-w76zc983,60923_6_TOP_3_MAOM_r2_Mag_27Dec24_3p3kV_300SA_p01_33_1_21221.d,nmdc:procsm-11-z31hzp17
nmdc:bsm-11-w76zc983,60923_6_TOP_3_MAOM_r3_Mag_27Dec24_3p3kV_300SA_p01_33_1_21324.d,nmdc:procsm-11-z31hzp17
nmdc:bsm-11-8mzebh25,60923_7_B_1_WEOM_r1_Mag_04Jan24_300SA_p01_14_1_14434.d,nmdc:procsm-11-ey60jf36
nmdc:bsm-11-8mzebh25,60923_7_B_1_WEOM_r2_Mag_04Jan24_300SA_p01_14_1_14521.d,nmdc:procsm-11-ey60jf36
nmdc:bsm-11-8mzebh25,60923_7_B_1_WEOM_r3_Mag_04Jan24_300SA_p01_14_1_14607.d,nmdc:procsm-11-ey60jf36
nmdc:bsm-11-8mzebh25,60923_7_B_3_WEOM_r1_Mag_04Jan24_300SA_p01_22_1_14489.d,nmdc:procsm-11-31d59y06
nmdc:bsm-11-8mzebh25,60923_7_B_3_WEOM_r2_Mag_04Jan24_300SA_p01_22_1_14593.d,nmdc:procsm-11-31d59y06
nmdc:bsm-11-8mzebh25,60923_7_B_3_WEOM_r3_Mag_04Jan24_300SA_p01_22_1_14662.d,nmdc:procsm-11-31d59y06
nmdc:bsm-11-8mzebh25,60923_7_BTM_1_MAOM_r1_Mag_27Dec24_3p3kV_300SA_p01_40_1_21199.d,nmdc:procsm-11-cvb5s657
nmdc:bsm-11-8mzebh25,60923_7_BTM_1_MAOM_r2_Mag_27Dec24_3p3kV_300SA_p01_40_1_21231.d,nmdc:procsm-11-cvb5s657
nmdc:bsm-11-8mzebh25,60923_7_BTM_1_MAOM_r3_Mag_27Dec24_3p3kV_300SA_p01_40_1_21325.d,nmdc:procsm-11-cvb5s657
nmdc:bsm-11-8mzebh25,60923_7_BTM_2_MAOM_r1_Mag_27Dec24_3p3kV_300SA_p01_41_1_21176.d,nmdc:procsm-11-9srasq13
nmdc:bsm-11-8mzebh25,60923_7_BTM_2_MAOM_r2_Mag_27Dec24_3p3kV_300SA_p01_41_1_21242.d,nmdc:procsm-11-9srasq13
nmdc:bsm-11-8mzebh25,60923_7_BTM_2_MAOM_r3_Mag_27Dec24_3p3kV_300SA_p01_41_1_21322.d,nmdc:procsm-11-9srasq13
nmdc:bsm-11-8mzebh25,60923_7_BTM_3_MAOM_r1_Mag_27Dec24_3p3kV_300SA_p01_42_1_21169.d,nmdc:procsm-11-k5g9xt61
nmdc:bsm-11-8mzebh25,60923_7_BTM_3_MAOM_r2_Mag_27Dec24_3p3kV_300SA_p01_42_1_21258.d,nmdc:procsm-11-k5g9xt61
nmdc:bsm-11-8mzebh25,60923_7_BTM_3_MAOM_r3_Mag_27Dec24_3p3kV_300SA_p01_42_1_21287.d,nmdc:procsm-11-k5g9xt61
nmdc:bsm-11-71pphw07,60923_7_T_1_WEOM_r1_Mag_04Jan24_300SA_p01_13_1_14436.d,nmdc:procsm-11-gw6mtc62
nmdc:bsm-11-71pphw07,60923_7_T_1_WEOM_r2_Mag_04Jan24_300SA_p01_13_1_14517.d,nmdc:procsm-11-gw6mtc62
nmdc:bsm-11-71pphw07,60923_7_T_1_WEOM_r3_Mag_04Jan24_300SA_p01_13_1_14626.d,nmdc:procsm-11-gw6mtc62
nmdc:bsm-11-71pphw07,60923_7_T_2_WEOM_r1_Mag_04Jan24_300SA_p01_41_1_14460.d,nmdc:procsm-11-gnsaq539
nmdc:bsm-11-71pphw07,60923_7_T_2_WEOM_r2_Mag_04Jan24_300SA_p01_41_1_14555.d,nmdc:procsm-11-gnsaq539
nmdc:bsm-11-71pphw07,60923_7_T_2_WEOM_r3_Mag_04Jan24_300SA_p01_41_1_14634.d,nmdc:procsm-11-gnsaq539
nmdc:bsm-11-71pphw07,60923_7_T_3_WEOM_r1_Mag_04Jan24_300SA_p01_21_1_14478.d,nmdc:procsm-11-cajm7w70
nmdc:bsm-11-71pphw07,60923_7_T_3_WEOM_r2_Mag_04Jan24_300SA_p01_21_1_14587.d,nmdc:procsm-11-cajm7w70
nmdc:bsm-11-71pphw07,60923_7_T_3_WEOM_r3_Mag_04Jan24_300SA_p01_21_1_14669.d,nmdc:procsm-11-cajm7w70
nmdc:bsm-11-71pphw07,60923_7_TOP_1_MAOM_r1_Mag_27Dec24_3p3kV_300SA_p01_37_1_21179.d,nmdc:procsm-11-5h5nbn33
nmdc:bsm-11-71pphw07,60923_7_TOP_1_MAOM_r2_Mag_27Dec24_3p3kV_300SA_p01_37_1_21267.d,nmdc:procsm-11-5h5nbn33
nmdc:bsm-11-71pphw07,60923_7_TOP_1_MAOM_r3_Mag_27Dec24_3p3kV_300SA_p01_37_1_21316.d,nmdc:procsm-11-5h5nbn33
nmdc:bsm-11-71pphw07,60923_7_TOP_2_MAOM_r1_Mag_27Dec24_3p3kV_300SA_p01_38_1_21204.d,nmdc:procsm-11-6q8agw16
nmdc:bsm-11-71pphw07,60923_7_TOP_2_MAOM_r2_Mag_27Dec24_3p3kV_300SA_p01_38_1_21265.d,nmdc:procsm-11-6q8agw16
nmdc:bsm-11-71pphw07,60923_7_TOP_2_MAOM_r3_Mag_27Dec24_3p3kV_300SA_p01_38_1_21317.d,nmdc:procsm-11-6q8agw16
nmdc:bsm-11-71pphw07,60923_7_TOP_3_MAOM_r1_Mag_27Dec24_3p3kV_300SA_p01_39_1_21178.d,nmdc:procsm-11-77pbdq43
nmdc:bsm-11-71pphw07,60923_7_TOP_3_MAOM_r2_Mag_27Dec24_3p3kV_300SA_p01_39_1_21259.d,nmdc:procsm-11-77pbdq43
nmdc:bsm-11-71pphw07,60923_7_TOP_3_MAOM_r3_Mag_27Dec24_3p3kV_300SA_p01_39_1_21281.d,nmdc:procsm-11-77pbdq43
nmdc:bsm-11-qb3m3164,60923_8_B_1_WEOM_r1_Mag_04Jan24_300SA_p01_16_1_14430.d,nmdc:procsm-11-r38s8458
nmdc:bsm-11-qb3m3164,60923_8_B_1_WEOM_r2_Mag_04Jan24_300SA_p01_16_1_14530.d,nmdc:procsm-11-r38s8458
nmdc:bsm-11-qb3m3164,60923_8_B_1_WEOM_r3_Mag_04Jan24_300SA_p01_16_1_14618.d,nmdc:procsm-11-r38s8458
nmdc:bsm-11-qb3m3164,60923_8_B_2_WEOM_r1_Mag_04Jan24_300SA_p01_44_1_14464.d,nmdc:procsm-11-s99mng21
nmdc:bsm-11-qb3m3164,60923_8_B_2_WEOM_r2_Mag_04Jan24_300SA_p01_44_1_14564.d,nmdc:procsm-11-s99mng21
nmdc:bsm-11-qb3m3164,60923_8_B_2_WEOM_r3_Mag_04Jan24_300SA_p01_44_1_14647.d,nmdc:procsm-11-s99mng21
nmdc:bsm-11-qb3m3164,60923_8_B_3_WEOM_r1_Mag_04Jan24_300SA_p01_24_1_14501.d,nmdc:procsm-11-kvgr1098
nmdc:bsm-11-qb3m3164,60923_8_B_3_WEOM_r2_Mag_04Jan24_300SA_p01_24_1_14597.d,nmdc:procsm-11-kvgr1098
nmdc:bsm-11-qb3m3164,60923_8_B_3_WEOM_r3_Mag_04Jan24_300SA_p01_24_1_14663.d,nmdc:procsm-11-kvgr1098
nmdc:bsm-11-qb3m3164,60923_8_BTM_1_MAOM_r1_Mag_13Jan25_3p3kV_300SA_p01_16_1_22001.d,nmdc:procsm-11-mzga2555
nmdc:bsm-11-qb3m3164,60923_8_BTM_1_MAOM_r2_Mag_13Jan25_3p3kV_300SA_p01_16_1_22059.d,nmdc:procsm-11-mzga2555
nmdc:bsm-11-qb3m3164,60923_8_BTM_1_MAOM_r3_Mag_13Jan25_3p3kV_300SA_p01_16_1_22127.d,nmdc:procsm-11-mzga2555
nmdc:bsm-11-qb3m3164,60923_8_BTM_2_MAOM_r1_Mag_13Jan25_3p3kV_300SA_p01_17_1_21993.d,nmdc:procsm-11-pqrhqm67
nmdc:bsm-11-qb3m3164,60923_8_BTM_2_MAOM_r2_Mag_13Jan25_3p3kV_300SA_p01_17_1_22024.d,nmdc:procsm-11-pqrhqm67
nmdc:bsm-11-qb3m3164,60923_8_BTM_2_MAOM_r3_Mag_13Jan25_3p3kV_300SA_p01_17_1_22105.d,nmdc:procsm-11-pqrhqm67
nmdc:bsm-11-qb3m3164,60923_8_BTM_3_MAOM_r1_Mag_13Jan25_3p3kV_300SA_p01_18_1_22010.d,nmdc:procsm-11-2n7z6j84
nmdc:bsm-11-qb3m3164,60923_8_BTM_3_MAOM_r2_Mag_13Jan25_3p3kV_300SA_p01_18_1_22052.d,nmdc:procsm-11-2n7z6j84
nmdc:bsm-11-qb3m3164,60923_8_BTM_3_MAOM_r3_Mag_13Jan25_3p3kV_300SA_p01_18_1_22119.d,nmdc:procsm-11-2n7z6j84
nmdc:bsm-11-6td2nm05,60923_8_T_1_WEOM_r1_Mag_04Jan24_300SA_p01_15_1_14446.d,nmdc:procsm-11-pa1hvw09
nmdc:bsm-11-6td2nm05,60923_8_T_1_WEOM_r2_Mag_04Jan24_300SA_p01_15_1_14516.d,nmdc:procsm-11-pa1hvw09
nmdc:bsm-11-6td2nm05,60923_8_T_1_WEOM_r3_Mag_04Jan24_300SA_p01_15_1_14629.d,nmdc:procsm-11-pa1hvw09
nmdc:bsm-11-6td2nm05,60923_8_T_2_WEOM_r1_Mag_04Jan24_300SA_p01_43_1_14473.d,nmdc:procsm-11-8se29719
nmdc:bsm-11-6td2nm05,60923_8_T_2_WEOM_r2_Mag_04Jan24_300SA_p01_43_1_14549.d,nmdc:procsm-11-8se29719
nmdc:bsm-11-6td2nm05,60923_8_T_2_WEOM_r3_Mag_04Jan24_300SA_p01_43_1_14652.d,nmdc:procsm-11-8se29719
nmdc:bsm-11-6td2nm05,60923_8_T_3_WEOM_r1_Mag_04Jan24_300SA_p01_23_1_14495.d,nmdc:procsm-11-rbjees45
nmdc:bsm-11-6td2nm05,60923_8_T_3_WEOM_r2_Mag_04Jan24_300SA_p01_23_1_14571.d,nmdc:procsm-11-rbjees45
nmdc:bsm-11-6td2nm05,60923_8_T_3_WEOM_r3_Mag_04Jan24_300SA_p01_23_1_14682.d,nmdc:procsm-11-rbjees45
nmdc:bsm-11-6td2nm05,60923_8_TOP_1_MAOM_r1_Mag_13Jan25_3p3kV_300SA_p01_13_1_22009.d,nmdc:procsm-11-e52w4s55
nmdc:bsm-11-6td2nm05,60923_8_TOP_1_MAOM_r2_Mag_13Jan25_3p3kV_300SA_p01_13_1_22034.d,nmdc:procsm-11-e52w4s55
nmdc:bsm-11-6td2nm05,60923_8_TOP_1_MAOM_r3_Mag_13Jan25_3p3kV_300SA_p01_13_1_22080.d,nmdc:procsm-11-e52w4s55
nmdc:bsm-11-6td2nm05,60923_8_TOP_2_MAOM_r1_Mag_13Jan25_3p3kV_300SA_p01_14_1_21963.d,nmdc:procsm-11-t6zxq152
nmdc:bsm-11-6td2nm05,60923_8_TOP_2_MAOM_r2_Mag_13Jan25_3p3kV_300SA_p01_14_1_22019.d,nmdc:procsm-11-t6zxq152
nmdc:bsm-11-6td2nm05,60923_8_TOP_2_MAOM_r3_Mag_13Jan25_3p3kV_300SA_p01_14_1_22133.d,nmdc:procsm-11-t6zxq152
nmdc:bsm-11-6td2nm05,60923_8_TOP_3_MAOM_r1_Mag_13Jan25_3p3kV_300SA_p01_15_1_22008.d,nmdc:procsm-11-zwnpkw98
nmdc:bsm-11-6td2nm05,60923_8_TOP_3_MAOM_r2_Mag_13Jan25_3p3kV_300SA_p01_15_1_22016.d,nmdc:procsm-11-zwnpkw98
nmdc:bsm-11-6td2nm05,60923_8_TOP_3_MAOM_r3_Mag_13Jan25_3p3kV_300SA_p01_15_1_22135.d,nmdc:procsm-11-zwnpkw98
nmdc:bsm-11-yt63wa34,60923_9_B_1_WEOM_r1_Mag_04Jan24_300SA_p01_18_1_14422.d,nmdc:procsm-11-68adhm30
nmdc:bsm-11-yt63wa34,60923_9_B_1_WEOM_r2_Mag_04Jan24_300SA_p01_18_1_14514.d,nmdc:procsm-11-68adhm30
nmdc:bsm-11-yt63wa34,60923_9_B_1_WEOM_r3_Mag_04Jan24_300SA_p01_18_1_14612.d,nmdc:procsm-11-68adhm30
nmdc:bsm-11-yt63wa34,60923_9_B_2_WEOM_r1_Mag_04Jan24_300SA_p01_46_1_14469.d,nmdc:procsm-11-2vbakv88
nmdc:bsm-11-yt63wa34,60923_9_B_2_WEOM_r2_Mag_04Jan24_300SA_p01_46_1_14554.d,nmdc:procsm-11-2vbakv88
nmdc:bsm-11-yt63wa34,60923_9_B_2_WEOM_r3_Mag_04Jan24_300SA_p01_46_1_14653.d,nmdc:procsm-11-2vbakv88
nmdc:bsm-11-yt63wa34,60923_9_B_3_WEOM_r1_Mag_04Jan24_300SA_p01_26_1_14506.d,nmdc:procsm-11-59p2es90
nmdc:bsm-11-yt63wa34,60923_9_B_3_WEOM_r2_Mag_04Jan24_300SA_p01_26_1_14588.d,nmdc:procsm-11-59p2es90
nmdc:bsm-11-yt63wa34,60923_9_B_3_WEOM_r3_Mag_04Jan24_300SA_p01_26_1_14675.d,nmdc:procsm-11-59p2es90
nmdc:bsm-11-yt63wa34,60923_9_BTM_1_MAOM_r1_Mag_29Jan25_3p3kV_300SA_p01_22_1_22574.d,nmdc:procsm-11-sjy87d22
nmdc:bsm-11-yt63wa34,60923_9_BTM_1_MAOM_r2_Mag_29Jan25_3p3kV_300SA_p01_22_1_22645.d,nmdc:procsm-11-sjy87d22
nmdc:bsm-11-yt63wa34,60923_9_BTM_1_MAOM_r3_Mag_29Jan25_3p3kV_300SA_p01_22_1_22703.d,nmdc:procsm-11-sjy87d22
nmdc:bsm-11-yt63wa34,60923_9_BTM_2_MAOM_r1_Mag_29Jan25_3p3kV_300SA_p01_23_1_22563.d,nmdc:procsm-11-sc5xpc52
nmdc:bsm-11-yt63wa34,60923_9_BTM_2_MAOM_r2_Mag_29Jan25_3p3kV_300SA_p01_23_1_22628.d,nmdc:procsm-11-sc5xpc52
nmdc:bsm-11-yt63wa34,60923_9_BTM_2_MAOM_r3_Mag_29Jan25_3p3kV_300SA_p01_23_1_22718.d,nmdc:procsm-11-sc5xpc52
nmdc:bsm-11-yt63wa34,60923_9_BTM_3_MAOM_r1_Mag_29Jan25_3p3kV_300SA_p01_24_1_22589.d,nmdc:procsm-11-gq4mns97
nmdc:bsm-11-yt63wa34,60923_9_BTM_3_MAOM_r2_Mag_29Jan25_3p3kV_300SA_p01_24_1_22636.d,nmdc:procsm-11-gq4mns97
nmdc:bsm-11-yt63wa34,60923_9_BTM_3_MAOM_r3_Mag_29Jan25_3p3kV_300SA_p01_24_1_22713.d,nmdc:procsm-11-gq4mns97
nmdc:bsm-11-zk87rj83,60923_9_T_1_WEOM_r1_Mag_04Jan24_300SA_p01_17_1_14429.d,nmdc:procsm-11-2s85pt02
nmdc:bsm-11-zk87rj83,60923_9_T_1_WEOM_r2_Mag_04Jan24_300SA_p01_17_1_14529.d,nmdc:procsm-11-2s85pt02
nmdc:bsm-11-zk87rj83,60923_9_T_1_WEOM_r3_Mag_04Jan24_300SA_p01_17_1_14604.d,nmdc:procsm-11-2s85pt02
nmdc:bsm-11-zk87rj83,60923_9_T_2_WEOM_r1_Mag_04Jan24_300SA_p01_45_1_14466.d,nmdc:procsm-11-e32zvr19
nmdc:bsm-11-zk87rj83,60923_9_T_2_WEOM_r2_Mag_04Jan24_300SA_p01_45_1_14559.d,nmdc:procsm-11-e32zvr19
nmdc:bsm-11-zk87rj83,60923_9_T_2_WEOM_r3_Mag_04Jan24_300SA_p01_45_1_14651.d,nmdc:procsm-11-e32zvr19
nmdc:bsm-11-zk87rj83,60923_9_T_3_WEOM_r1_Mag_04Jan24_300SA_p01_25_1_14492.d,nmdc:procsm-11-yty09954
nmdc:bsm-11-zk87rj83,60923_9_T_3_WEOM_r2_Mag_04Jan24_300SA_p01_25_1_14591.d,nmdc:procsm-11-yty09954
nmdc:bsm-11-zk87rj83,60923_9_T_3_WEOM_r3_Mag_04Jan24_300SA_p01_25_1_14664.d,nmdc:procsm-11-yty09954
nmdc:bsm-11-zk87rj83,60923_9_TOP_1_MAOM_r1_Mag_13Jan25_3p3kV_300SA_p01_19_1_21959.d,nmdc:procsm-11-wtq8hx62
nmdc:bsm-11-zk87rj83,60923_9_TOP_1_MAOM_r2_Mag_13Jan25_3p3kV_300SA_p01_19_1_22053.d,nmdc:procsm-11-wtq8hx62
nmdc:bsm-11-zk87rj83,60923_9_TOP_1_MAOM_r3_Mag_13Jan25_3p3kV_300SA_p01_19_1_22082.d,nmdc:procsm-11-wtq8hx62
nmdc:bsm-11-zk87rj83,60923_9_TOP_2_MAOM_r1_Mag_13Jan25_3p3kV_300SA_p01_20_1_21975.d,nmdc:procsm-11-shjax778
nmdc:bsm-11-zk87rj83,60923_9_TOP_2_MAOM_r2_Mag_13Jan25_3p3kV_300SA_p01_20_1_22015.d,nmdc:procsm-11-shjax778
nmdc:bsm-11-zk87rj83,60923_9_TOP_2_MAOM_r3_Mag_13Jan25_3p3kV_300SA_p01_20_1_22099.d,nmdc:procsm-11-shjax778
nmdc:bsm-11-zk87rj83,60923_9_TOP_3_MAOM_r1_Mag_13Jan25_3p3kV_300SA_p01_21_1_22007.d,nmdc:procsm-11-wetbqg96
nmdc:bsm-11-zk87rj83,60923_9_TOP_3_MAOM_r2_Mag_13Jan25_3p3kV_300SA_p01_21_1_22069.d,nmdc:procsm-11-wetbqg96
nmdc:bsm-11-zk87rj83,60923_9_TOP_3_MAOM_r3_Mag_13Jan25_3p3kV_300SA_p01_21_1_22093.d,nmdc:procsm-11-wetbqg96
nmdc:bsm-11-ynb8k575,60886_1_B_1_WEOM_r1_Mag_10Mar24_300SA_p01_4_1_17147.d,nmdc:procsm-11-cfdyrx44
nmdc:bsm-11-ynb8k575,60886_1_B_1_WEOM_r2_Mag_10Mar24_300SA_p01_4_1_17205.d,nmdc:procsm-11-cfdyrx44
nmdc:bsm-11-ynb8k575,60886_1_B_1_WEOM_r3_Mag_10Mar24_300SA_p01_4_1_17251.d,nmdc:procsm-11-cfdyrx44
nmdc:bsm-11-ynb8k575,60886_1_B_2_WEOM_r1_Mag_10Mar24_300SA_p01_5_1_17140.d,nmdc:procsm-11-zp4d5r65
nmdc:bsm-11-ynb8k575,60886_1_B_2_WEOM_r2_Mag_10Mar24_300SA_p01_5_1_17195.d,nmdc:procsm-11-zp4d5r65
nmdc:bsm-11-ynb8k575,60886_1_B_2_WEOM_r3_Mag_10Mar24_300SA_p01_5_1_17250.d,nmdc:procsm-11-zp4d5r65
nmdc:bsm-11-ynb8k575,60886_1_B_3_WEOM_r1_Mag_10Mar24_300SA_p01_6_1_17148.d,nmdc:procsm-11-jz00n057
nmdc:bsm-11-ynb8k575,60886_1_B_3_WEOM_r2_Mag_10Mar24_300SA_p01_6_1_17188.d,nmdc:procsm-11-jz00n057
nmdc:bsm-11-ynb8k575,60886_1_B_3_WEOM_r3_Mag_10Mar24_300SA_p01_6_1_17261.d,nmdc:procsm-11-jz00n057
nmdc:bsm-11-ynb8k575,60886_1_BTM_1_MAOM_r1_Mag_22Jan25_3p3kV_300SA_p01_10_1_22378.d,nmdc:procsm-11-q9bh9736
nmdc:bsm-11-ynb8k575,60886_1_BTM_1_MAOM_r2_Mag_22Jan25_3p3kV_300SA_p01_10_1_22458.d,nmdc:procsm-11-q9bh9736
nmdc:bsm-11-ynb8k575,60886_1_BTM_1_MAOM_r3_Mag_22Jan25_3p3kV_300SA_p01_10_1_22502.d,nmdc:procsm-11-q9bh9736
nmdc:bsm-11-ynb8k575,60886_1_BTM_2_MAOM_r1_Mag_22Jan25_3p3kV_300SA_p01_11_1_22418.d,nmdc:procsm-11-wfpngs51
nmdc:bsm-11-ynb8k575,60886_1_BTM_2_MAOM_r2_Mag_22Jan25_3p3kV_300SA_p01_11_1_22476.d,nmdc:procsm-11-wfpngs51
nmdc:bsm-11-ynb8k575,60886_1_BTM_2_MAOM_r3_Mag_22Jan25_3p3kV_300SA_p01_11_1_22520.d,nmdc:procsm-11-wfpngs51
nmdc:bsm-11-ynb8k575,60886_1_BTM_3_MAOM_r1_Mag_22Jan25_3p3kV_300SA_p01_12_1_22396.d,nmdc:procsm-11-3n3et665
nmdc:bsm-11-ynb8k575,60886_1_BTM_3_MAOM_r2_Mag_22Jan25_3p3kV_300SA_p01_12_1_22483.d,nmdc:procsm-11-3n3et665
nmdc:bsm-11-ynb8k575,60886_1_BTM_3_MAOM_r3_Mag_22Jan25_3p3kV_300SA_p01_12_1_22515.d,nmdc:procsm-11-3n3et665
nmdc:bsm-11-zta1hy24,60886_1_T_1_WEOM_r1_Mag_10Mar24_300SA_p01_1_1_17135.d,nmdc:procsm-11-0013mk17
nmdc:bsm-11-zta1hy24,60886_1_T_1_WEOM_r2_Mag_10Mar24_300SA_p01_1_1_17185.d,nmdc:procsm-11-0013mk17
nmdc:bsm-11-zta1hy24,60886_1_T_1_WEOM_r3_Mag_10Mar24_300SA_p01_1_1_17253.d,nmdc:procsm-11-0013mk17
nmdc:bsm-11-zta1hy24,60886_1_T_2_WEOM_r1_Mag_10Mar24_300SA_p01_2_1_17151.d,nmdc:procsm-11-ea5q0g87
nmdc:bsm-11-zta1hy24,60886_1_T_2_WEOM_r2_Mag_10Mar24_300SA_p01_2_1_17212.d,nmdc:procsm-11-ea5q0g87
nmdc:bsm-11-zta1hy24,60886_1_T_2_WEOM_r3_Mag_10Mar24_300SA_p01_2_1_17276.d,nmdc:procsm-11-ea5q0g87
nmdc:bsm-11-zta1hy24,60886_1_T_3_WEOM_r1_Mag_10Mar24_300SA_p01_3_1_17113.d,nmdc:procsm-11-4hs0ch60
nmdc:bsm-11-zta1hy24,60886_1_T_3_WEOM_r2_Mag_10Mar24_300SA_p01_3_1_17196.d,nmdc:procsm-11-4hs0ch60
nmdc:bsm-11-zta1hy24,60886_1_T_3_WEOM_r3_Mag_10Mar24_300SA_p01_3_1_17228.d,nmdc:procsm-11-4hs0ch60
nmdc:bsm-11-zta1hy24,60886_1_TOP_1_MAOM_r1_Mag_22Jan25_3p3kV_300SA_p01_7_1_22405.d,nmdc:procsm-11-1g38bk91
nmdc:bsm-11-zta1hy24,60886_1_TOP_1_MAOM_r2_Mag_22Jan25_3p3kV_300SA_p01_7_1_22441.d,nmdc:procsm-11-1g38bk91
nmdc:bsm-11-zta1hy24,60886_1_TOP_1_MAOM_r3_Mag_22Jan25_3p3kV_300SA_p01_7_1_22517.d,nmdc:procsm-11-1g38bk91
nmdc:bsm-11-zta1hy24,60886_1_TOP_2_MAOM_r1_Mag_22Jan25_3p3kV_300SA_p01_8_1_22390.d,nmdc:procsm-11-tpr32f43
nmdc:bsm-11-zta1hy24,60886_1_TOP_2_MAOM_r2_Mag_22Jan25_3p3kV_300SA_p01_8_1_22470.d,nmdc:procsm-11-tpr32f43
nmdc:bsm-11-zta1hy24,60886_1_TOP_2_MAOM_r3_Mag_22Jan25_3p3kV_300SA_p01_8_1_22500.d,nmdc:procsm-11-tpr32f43
nmdc:bsm-11-zta1hy24,60886_1_TOP_3_MAOM_r1_Mag_22Jan25_3p3kV_300SA_p01_9_1_22376.d,nmdc:procsm-11-5jy83w47
nmdc:bsm-11-zta1hy24,60886_1_TOP_3_MAOM_r2_Mag_22Jan25_3p3kV_300SA_p01_9_1_22448.d,nmdc:procsm-11-5jy83w47
nmdc:bsm-11-zta1hy24,60886_1_TOP_3_MAOM_r3_Mag_22Jan25_3p3kV_300SA_p01_9_1_22488.d,nmdc:procsm-11-5jy83w47
nmdc:bsm-11-zxb6qr14,60886_2_B_1_WEOM_r1_Mag_10Mar24_300SA_p01_10_1_17112.d,nmdc:procsm-11-754g7h55
nmdc:bsm-11-zxb6qr14,60886_2_B_1_WEOM_r2_Mag_10Mar24_300SA_p01_10_1_17217.d,nmdc:procsm-11-754g7h55
nmdc:bsm-11-zxb6qr14,60886_2_B_1_WEOM_r3_Mag_10Mar24_300SA_p01_10_1_17260.d,nmdc:procsm-11-754g7h55
nmdc:bsm-11-zxb6qr14,60886_2_B_2_WEOM_r1_Mag_10Mar24_300SA_p01_11_1_17163.d,nmdc:procsm-11-2etwae89
nmdc:bsm-11-zxb6qr14,60886_2_B_2_WEOM_r2_Mag_10Mar24_300SA_p01_11_1_17176.d,nmdc:procsm-11-2etwae89
nmdc:bsm-11-zxb6qr14,60886_2_B_2_WEOM_r3_Mag_10Mar24_300SA_p01_11_1_17267.d,nmdc:procsm-11-2etwae89
nmdc:bsm-11-zxb6qr14,60886_2_B_3_WEOM_r1_Mag_10Mar24_300SA_p01_12_1_17171.d,nmdc:procsm-11-v0762f11
nmdc:bsm-11-zxb6qr14,60886_2_B_3_WEOM_r2_Mag_10Mar24_300SA_p01_12_1_17223.d,nmdc:procsm-11-v0762f11
nmdc:bsm-11-zxb6qr14,60886_2_B_3_WEOM_r3_Mag_10Mar24_300SA_p01_12_1_17277.d,nmdc:procsm-11-v0762f11
nmdc:bsm-11-zxb6qr14,60886_2_BTM_1_MAOM_r1_Mag_22Jan25_3p3kV_300SA_p01_16_1_22386.d,nmdc:procsm-11-jvye4046
nmdc:bsm-11-zxb6qr14,60886_2_BTM_1_MAOM_r2_Mag_22Jan25_3p3kV_300SA_p01_16_1_22442.d,nmdc:procsm-11-jvye4046
nmdc:bsm-11-zxb6qr14,60886_2_BTM_1_MAOM_r3_Mag_22Jan25_3p3kV_300SA_p01_16_1_22536.d,nmdc:procsm-11-jvye4046
nmdc:bsm-11-zxb6qr14,60886_2_BTM_2_MAOM_r1_Mag_22Jan25_3p3kV_300SA_p01_17_1_22397.d,nmdc:procsm-11-mzh3qt37
nmdc:bsm-11-zxb6qr14,60886_2_BTM_2_MAOM_r2_Mag_22Jan25_3p3kV_300SA_p01_17_1_22473.d,nmdc:procsm-11-mzh3qt37
nmdc:bsm-11-zxb6qr14,60886_2_BTM_2_MAOM_r3_Mag_22Jan25_3p3kV_300SA_p01_17_1_22538.d,nmdc:procsm-11-mzh3qt37
nmdc:bsm-11-zxb6qr14,60886_2_BTM_3_MAOM_r1_Mag_22Jan25_3p3kV_300SA_p01_18_1_22420.d,nmdc:procsm-11-dg1z1r87
nmdc:bsm-11-zxb6qr14,60886_2_BTM_3_MAOM_r2_Mag_22Jan25_3p3kV_300SA_p01_18_1_22434.d,nmdc:procsm-11-dg1z1r87
nmdc:bsm-11-zxb6qr14,60886_2_BTM_3_MAOM_r3_Mag_22Jan25_3p3kV_300SA_p01_18_1_22527.d,nmdc:procsm-11-dg1z1r87
nmdc:bsm-11-prmpqc17,60886_2_T_1_WEOM_r1_Mag_10Mar24_300SA_p01_7_1_17154.d,nmdc:procsm-11-m29vnx11
nmdc:bsm-11-prmpqc17,60886_2_T_1_WEOM_r2_Mag_10Mar24_300SA_p01_7_1_17201.d,nmdc:procsm-11-m29vnx11
nmdc:bsm-11-prmpqc17,60886_2_T_1_WEOM_r3_Mag_10Mar24_300SA_p01_7_1_17269.d,nmdc:procsm-11-m29vnx11
nmdc:bsm-11-prmpqc17,60886_2_T_2_WEOM_r1_Mag_10Mar24_300SA_p01_8_1_17169.d,nmdc:procsm-11-p968x968
nmdc:bsm-11-prmpqc17,60886_2_T_2_WEOM_r2_Mag_10Mar24_300SA_p01_8_1_17219.d,nmdc:procsm-11-p968x968
nmdc:bsm-11-prmpqc17,60886_2_T_2_WEOM_r3_Mag_10Mar24_300SA_p01_8_1_17252.d,nmdc:procsm-11-p968x968
nmdc:bsm-11-prmpqc17,60886_2_T_3_WEOM_r1_Mag_10Mar24_300SA_p01_9_1_17116.d,nmdc:procsm-11-eb8yfc94
nmdc:bsm-11-prmpqc17,60886_2_T_3_WEOM_r2_Mag_10Mar24_300SA_p01_9_1_17174.d,nmdc:procsm-11-eb8yfc94
nmdc:bsm-11-prmpqc17,60886_2_T_3_WEOM_r3_Mag_10Mar24_300SA_p01_9_1_17244.d,nmdc:procsm-11-eb8yfc94
nmdc:bsm-11-prmpqc17,60886_2_TOP_1_MAOM_r1_Mag_22Jan25_3p3kV_300SA_p01_13_1_22414.d,nmdc:procsm-11-axxmsn58
nmdc:bsm-11-prmpqc17,60886_2_TOP_1_MAOM_r2_Mag_22Jan25_3p3kV_300SA_p01_13_1_22439.d,nmdc:procsm-11-axxmsn58
nmdc:bsm-11-prmpqc17,60886_2_TOP_1_MAOM_r3_Mag_22Jan25_3p3kV_300SA_p01_13_1_22498.d,nmdc:procsm-11-axxmsn58
nmdc:bsm-11-prmpqc17,60886_2_TOP_2_MAOM_r1_Mag_22Jan25_3p3kV_300SA_p01_14_1_22406.d,nmdc:procsm-11-vpvnfs91
nmdc:bsm-11-prmpqc17,60886_2_TOP_2_MAOM_r2_Mag_22Jan25_3p3kV_300SA_p01_14_1_22450.d,nmdc:procsm-11-vpvnfs91
nmdc:bsm-11-prmpqc17,60886_2_TOP_2_MAOM_r3_Mag_22Jan25_3p3kV_300SA_p01_14_1_22522.d,nmdc:procsm-11-vpvnfs91
nmdc:bsm-11-prmpqc17,60886_2_TOP_3_MAOM_r1_Mag_22Jan25_3p3kV_300SA_p01_15_1_22398.d,nmdc:procsm-11-bmr5d885
nmdc:bsm-11-prmpqc17,60886_2_TOP_3_MAOM_r2_Mag_22Jan25_3p3kV_300SA_p01_15_1_22485.d,nmdc:procsm-11-bmr5d885
nmdc:bsm-11-prmpqc17,60886_2_TOP_3_MAOM_r3_Mag_22Jan25_3p3kV_300SA_p01_15_1_22523.d,nmdc:procsm-11-bmr5d885
nmdc:bsm-11-xvyz1e29,60886_3_B_1_WEOM_r1_Mag_10Mar24_300SA_p01_16_1_17115.d,nmdc:procsm-11-sv06zz86
nmdc:bsm-11-xvyz1e29,60886_3_B_1_WEOM_r2_Mag_10Mar24_300SA_p01_16_1_17194.d,nmdc:procsm-11-sv06zz86
nmdc:bsm-11-xvyz1e29,60886_3_B_1_WEOM_r3_Mag_10Mar24_300SA_p01_16_1_17242.d,nmdc:procsm-11-sv06zz86
nmdc:bsm-11-xvyz1e29,60886_3_B_2_WEOM_r1_Mag_10Mar24_300SA_p01_17_1_17132.d,nmdc:procsm-11-1g97ws91
nmdc:bsm-11-xvyz1e29,60886_3_B_2_WEOM_r2_Mag_10Mar24_300SA_p01_17_1_17193.d,nmdc:procsm-11-1g97ws91
nmdc:bsm-11-xvyz1e29,60886_3_B_2_WEOM_r3_Mag_10Mar24_300SA_p01_17_1_17238.d,nmdc:procsm-11-1g97ws91
nmdc:bsm-11-xvyz1e29,60886_3_B_3_WEOM_r1_Mag_10Mar24_300SA_p01_18_1_17157.d,nmdc:procsm-11-62e65t03
nmdc:bsm-11-xvyz1e29,60886_3_B_3_WEOM_r2_Mag_10Mar24_300SA_p01_18_1_17207.d,nmdc:procsm-11-62e65t03
nmdc:bsm-11-xvyz1e29,60886_3_B_3_WEOM_r3_Mag_10Mar24_300SA_p01_18_1_17272.d,nmdc:procsm-11-62e65t03
nmdc:bsm-11-xvyz1e29,60886_3_BTM_1_MAOM_r1_Mag_22Jan25_3p3kV_300SA_p01_26_1_22377.d,nmdc:procsm-11-6vmh8213
nmdc:bsm-11-xvyz1e29,60886_3_BTM_1_MAOM_r2_Mag_22Jan25_3p3kV_300SA_p01_26_1_22457.d,nmdc:procsm-11-6vmh8213
nmdc:bsm-11-xvyz1e29,60886_3_BTM_1_MAOM_r3_Mag_22Jan25_3p3kV_300SA_p01_26_1_22539.d,nmdc:procsm-11-6vmh8213
nmdc:bsm-11-xvyz1e29,60886_3_BTM_2_MAOM_r1_Mag_22Jan25_3p3kV_300SA_p01_27_1_22429.d,nmdc:procsm-11-bd4xyy44
nmdc:bsm-11-xvyz1e29,60886_3_BTM_2_MAOM_r2_Mag_22Jan25_3p3kV_300SA_p01_27_1_22484.d,nmdc:procsm-11-bd4xyy44
nmdc:bsm-11-xvyz1e29,60886_3_BTM_2_MAOM_r3_Mag_22Jan25_3p3kV_300SA_p01_27_1_22494.d,nmdc:procsm-11-bd4xyy44
nmdc:bsm-11-xvyz1e29,60886_3_BTM_3_MAOM_r1_Mag_22Jan25_3p3kV_300SA_p01_28_1_22399.d,nmdc:procsm-11-3makns74
nmdc:bsm-11-xvyz1e29,60886_3_BTM_3_MAOM_r2_Mag_22Jan25_3p3kV_300SA_p01_28_1_22452.d,nmdc:procsm-11-3makns74
nmdc:bsm-11-xvyz1e29,60886_3_BTM_3_MAOM_r3_Mag_22Jan25_3p3kV_300SA_p01_28_1_22507.d,nmdc:procsm-11-3makns74
nmdc:bsm-11-frmj3f12,60886_3_T_1_WEOM_r1_Mag_10Mar24_300SA_p01_13_1_17160.d,nmdc:procsm-11-wndnhb82
nmdc:bsm-11-frmj3f12,60886_3_T_1_WEOM_r2_Mag_10Mar24_300SA_p01_13_1_17204.d,nmdc:procsm-11-wndnhb82
nmdc:bsm-11-frmj3f12,60886_3_T_1_WEOM_r3_Mag_10Mar24_300SA_p01_13_1_17264.d,nmdc:procsm-11-wndnhb82
nmdc:bsm-11-frmj3f12,60886_3_T_2_WEOM_r1_Mag_10Mar24_300SA_p01_14_1_17172.d,nmdc:procsm-11-8vy38026
nmdc:bsm-11-frmj3f12,60886_3_T_2_WEOM_r2_Mag_10Mar24_300SA_p01_14_1_17220.d,nmdc:procsm-11-8vy38026
nmdc:bsm-11-frmj3f12,60886_3_T_2_WEOM_r3_Mag_10Mar24_300SA_p01_14_1_17232.d,nmdc:procsm-11-8vy38026
nmdc:bsm-11-frmj3f12,60886_3_T_3_WEOM_r1_Mag_10Mar24_300SA_p01_15_1_17145.d,nmdc:procsm-11-yysxnj43
nmdc:bsm-11-frmj3f12,60886_3_T_3_WEOM_r2_Mag_10Mar24_300SA_p01_15_1_17222.d,nmdc:procsm-11-yysxnj43
nmdc:bsm-11-frmj3f12,60886_3_T_3_WEOM_r3_Mag_10Mar24_300SA_p01_15_1_17270.d,nmdc:procsm-11-yysxnj43
nmdc:bsm-11-frmj3f12,60886_3_TOP_1_MAOM_r1_Mag_22Jan25_3p3kV_300SA_p01_19_1_22400.d,nmdc:procsm-11-v39a3f97
nmdc:bsm-11-frmj3f12,60886_3_TOP_1_MAOM_r2_Mag_22Jan25_3p3kV_300SA_p01_19_1_22446.d,nmdc:procsm-11-v39a3f97
nmdc:bsm-11-frmj3f12,60886_3_TOP_1_MAOM_r3_Mag_22Jan25_3p3kV_300SA_p01_19_1_22512.d,nmdc:procsm-11-v39a3f97
nmdc:bsm-11-frmj3f12,60886_3_TOP_2_MAOM_r1_Mag_22Jan25_3p3kV_300SA_p01_20_1_22412.d,nmdc:procsm-11-mv6j9350
nmdc:bsm-11-frmj3f12,60886_3_TOP_2_MAOM_r2_Mag_22Jan25_3p3kV_300SA_p01_20_1_22475.d,nmdc:procsm-11-mv6j9350
nmdc:bsm-11-frmj3f12,60886_3_TOP_2_MAOM_r3_Mag_22Jan25_3p3kV_300SA_p01_20_1_22492.d,nmdc:procsm-11-mv6j9350
nmdc:bsm-11-frmj3f12,60886_3_TOP_3_MAOM_r1_Mag_22Jan25_3p3kV_300SA_p01_21_1_22381.d,nmdc:procsm-11-g7hq8k24
nmdc:bsm-11-frmj3f12,60886_3_TOP_3_MAOM_r2_Mag_22Jan25_3p3kV_300SA_p01_21_1_22487.d,nmdc:procsm-11-g7hq8k24
nmdc:bsm-11-frmj3f12,60886_3_TOP_3_MAOM_r3_Mag_22Jan25_3p3kV_300SA_p01_21_1_22518.d,nmdc:procsm-11-g7hq8k24
nmdc:bsm-11-epczt773,60886_4_B_1_WEOM_r1_Mag_10Mar24_300SA_p01_22_1_17131.d,nmdc:procsm-11-d0q55f83
nmdc:bsm-11-epczt773,60886_4_B_1_WEOM_r2_Mag_10Mar24_300SA_p01_22_1_17175.d,nmdc:procsm-11-d0q55f83
nmdc:bsm-11-epczt773,60886_4_B_1_WEOM_r3_Mag_10Mar24_300SA_p01_22_1_17237.d,nmdc:procsm-11-d0q55f83
nmdc:bsm-11-epczt773,60886_4_B_2_WEOM_r1_Mag_10Mar24_300SA_p01_23_1_17159.d,nmdc:procsm-11-rv9mxr63
nmdc:bsm-11-epczt773,60886_4_B_2_WEOM_r2_Mag_10Mar24_300SA_p01_23_1_17210.d,nmdc:procsm-11-rv9mxr63
nmdc:bsm-11-epczt773,60886_4_B_2_WEOM_r3_Mag_10Mar24_300SA_p01_23_1_17275.d,nmdc:procsm-11-rv9mxr63
nmdc:bsm-11-epczt773,60886_4_B_3_WEOM_r1_Mag_10Mar24_300SA_p01_24_1_17133.d,nmdc:procsm-11-mtc9wk75
nmdc:bsm-11-epczt773,60886_4_B_3_WEOM_r2_Mag_10Mar24_300SA_p01_24_1_17203.d,nmdc:procsm-11-mtc9wk75
nmdc:bsm-11-epczt773,60886_4_B_3_WEOM_r3_Mag_10Mar24_300SA_p01_24_1_17256.d,nmdc:procsm-11-mtc9wk75
nmdc:bsm-11-epczt773,60886_4_BTM_1_MAOM_r1_Mag_22Jan25_3p3kV_300SA_p01_32_1_22428.d,nmdc:procsm-11-qk25m861
nmdc:bsm-11-epczt773,60886_4_BTM_1_MAOM_r2_Mag_22Jan25_3p3kV_300SA_p01_32_1_22468.d,nmdc:procsm-11-qk25m861
nmdc:bsm-11-epczt773,60886_4_BTM_1_MAOM_r3_Mag_22Jan25_3p3kV_300SA_p01_32_1_22491.d,nmdc:procsm-11-qk25m861
nmdc:bsm-11-epczt773,60886_4_BTM_2_MAOM_r1_Mag_22Jan25_3p3kV_300SA_p01_33_1_22402.d,nmdc:procsm-11-kfsb1h42
nmdc:bsm-11-epczt773,60886_4_BTM_2_MAOM_r2_Mag_22Jan25_3p3kV_300SA_p01_33_1_22451.d,nmdc:procsm-11-kfsb1h42
nmdc:bsm-11-epczt773,60886_4_BTM_2_MAOM_r3_Mag_22Jan25_3p3kV_300SA_p01_33_1_22490.d,nmdc:procsm-11-kfsb1h42
nmdc:bsm-11-epczt773,60886_4_BTM_3_MAOM_r1_Mag_22Jan25_3p3kV_300SA_p01_34_1_22388.d,nmdc:procsm-11-305kcy43
nmdc:bsm-11-epczt773,60886_4_BTM_3_MAOM_r2_Mag_22Jan25_3p3kV_300SA_p01_34_1_22466.d,nmdc:procsm-11-305kcy43
nmdc:bsm-11-epczt773,60886_4_BTM_3_MAOM_r3_Mag_22Jan25_3p3kV_300SA_p01_34_1_22510.d,nmdc:procsm-11-305kcy43
nmdc:bsm-11-3s3gvn13,60886_4_T_1_WEOM_r1_Mag_10Mar24_300SA_p01_19_1_17136.d,nmdc:procsm-11-hax7sx02
nmdc:bsm-11-3s3gvn13,60886_4_T_1_WEOM_r2_Mag_10Mar24_300SA_p01_19_1_17215.d,nmdc:procsm-11-hax7sx02
nmdc:bsm-11-3s3gvn13,60886_4_T_1_WEOM_r3_Mag_10Mar24_300SA_p01_19_1_17239.d,nmdc:procsm-11-hax7sx02
nmdc:bsm-11-3s3gvn13,60886_4_T_2_WEOM_r1_Mag_10Mar24_300SA_p01_20_1_17144.d,nmdc:procsm-11-z9vxz502
nmdc:bsm-11-3s3gvn13,60886_4_T_2_WEOM_r2_Mag_10Mar24_300SA_p01_20_1_17225.d,nmdc:procsm-11-z9vxz502
nmdc:bsm-11-3s3gvn13,60886_4_T_2_WEOM_r3_Mag_10Mar24_300SA_p01_20_1_17271.d,nmdc:procsm-11-z9vxz502
nmdc:bsm-11-3s3gvn13,60886_4_T_3_WEOM_r1_Mag_10Mar24_300SA_p01_21_1_17156.d,nmdc:procsm-11-czqtsh11
nmdc:bsm-11-3s3gvn13,60886_4_T_3_WEOM_r2_Mag_10Mar24_300SA_p01_21_1_17213.d,nmdc:procsm-11-czqtsh11
nmdc:bsm-11-3s3gvn13,60886_4_T_3_WEOM_r3_Mag_10Mar24_300SA_p01_21_1_17249.d,nmdc:procsm-11-czqtsh11
nmdc:bsm-11-3s3gvn13,60886_4_TOP_1_MAOM_r1_Mag_22Jan25_3p3kV_300SA_p01_29_1_22383.d,nmdc:procsm-11-4v1jgk31
nmdc:bsm-11-3s3gvn13,60886_4_TOP_1_MAOM_r2_Mag_22Jan25_3p3kV_300SA_p01_29_1_22432.d,nmdc:procsm-11-4v1jgk31
nmdc:bsm-11-3s3gvn13,60886_4_TOP_1_MAOM_r3_Mag_22Jan25_3p3kV_300SA_p01_29_1_22519.d,nmdc:procsm-11-4v1jgk31
nmdc:bsm-11-3s3gvn13,60886_4_TOP_2_MAOM_r1_Mag_22Jan25_3p3kV_300SA_p01_30_1_22411.d,nmdc:procsm-11-4kcc4f92
nmdc:bsm-11-3s3gvn13,60886_4_TOP_2_MAOM_r2_Mag_22Jan25_3p3kV_300SA_p01_30_1_22472.d,nmdc:procsm-11-4kcc4f92
nmdc:bsm-11-3s3gvn13,60886_4_TOP_2_MAOM_r3_Mag_22Jan25_3p3kV_300SA_p01_30_1_22508.d,nmdc:procsm-11-4kcc4f92
nmdc:bsm-11-3s3gvn13,60886_4_TOP_3_MAOM_r1_Mag_22Jan25_3p3kV_300SA_p01_31_1_22419.d,nmdc:procsm-11-jm4y3734
nmdc:bsm-11-3s3gvn13,60886_4_TOP_3_MAOM_r2_Mag_22Jan25_3p3kV_300SA_p01_31_1_22433.d,nmdc:procsm-11-jm4y3734
nmdc:bsm-11-3s3gvn13,60886_4_TOP_3_MAOM_r3_Mag_22Jan25_3p3kV_300SA_p01_31_1_22513.d,nmdc:procsm-11-jm4y3734
nmdc:bsm-11-vga2jz16,60886_5_B_1_WEOM_r1_Mag_10Mar24_300SA_p01_28_1_17155.d,nmdc:procsm-11-4scyfh80
nmdc:bsm-11-vga2jz16,60886_5_B_1_WEOM_r2_Mag_10Mar24_300SA_p01_28_1_17189.d,nmdc:procsm-11-4scyfh80
nmdc:bsm-11-vga2jz16,60886_5_B_1_WEOM_r3_Mag_10Mar24_300SA_p01_28_1_17235.d,nmdc:procsm-11-4scyfh80
nmdc:bsm-11-vga2jz16,60886_5_B_2_WEOM_r2_Mag_10Mar24_300SA_p01_29_1_17179.d,nmdc:procsm-11-04pb6p51
nmdc:bsm-11-vga2jz16,60886_5_B_2_WEOM_r3_Mag_10Mar24_300SA_p01_29_1_17248.d,nmdc:procsm-11-04pb6p51
nmdc:bsm-11-vga2jz16,60886_5_B_3_WEOM_r1_Mag_10Mar24_300SA_p01_30_1_17150.d,nmdc:procsm-11-78d1ng24
nmdc:bsm-11-vga2jz16,60886_5_B_3_WEOM_r2_Mag_10Mar24_300SA_p01_30_1_17181.d,nmdc:procsm-11-78d1ng24
nmdc:bsm-11-vga2jz16,60886_5_B_3_WEOM_r3_Mag_10Mar24_300SA_p01_30_1_17265.d,nmdc:procsm-11-78d1ng24
nmdc:bsm-11-vga2jz16,60886_5_BTM_2_MAOM_r1_Mag_22Jan25_3p3kV_300SA_p01_38_1_22409.d,nmdc:procsm-11-vtdfnr50
nmdc:bsm-11-vga2jz16,60886_5_BTM_2_MAOM_r2_Mag_22Jan25_3p3kV_300SA_p01_38_1_22461.d,nmdc:procsm-11-vtdfnr50
nmdc:bsm-11-vga2jz16,60886_5_BTM_2_MAOM_r3_Mag_22Jan25_3p3kV_300SA_p01_38_1_22534.d,nmdc:procsm-11-vtdfnr50
nmdc:bsm-11-vga2jz16,60886_5_BTM_3_MAOM_r1_Mag_22Jan25_3p3kV_300SA_p01_39_1_22387.d,nmdc:procsm-11-9g82v193
nmdc:bsm-11-vga2jz16,60886_5_BTM_3_MAOM_r2_Mag_22Jan25_3p3kV_300SA_p01_39_1_22455.d,nmdc:procsm-11-9g82v193
nmdc:bsm-11-vga2jz16,60886_5_BTM_3_MAOM_r3_Mag_22Jan25_3p3kV_300SA_p01_39_1_22516.d,nmdc:procsm-11-9g82v193
nmdc:bsm-11-s3e2ex68,60886_5_T_1_WEOM_r1_Mag_10Mar24_300SA_p01_25_1_17141.d,nmdc:procsm-11-p4fmed31
nmdc:bsm-11-s3e2ex68,60886_5_T_1_WEOM_r2_Mag_10Mar24_300SA_p01_25_1_17224.d,nmdc:procsm-11-p4fmed31
nmdc:bsm-11-s3e2ex68,60886_5_T_1_WEOM_r3_Mag_10Mar24_300SA_p01_25_1_17262.d,nmdc:procsm-11-p4fmed31
nmdc:bsm-11-s3e2ex68,60886_5_T_2_WEOM_r1_Mag_10Mar24_300SA_p01_26_1_17168.d,nmdc:procsm-11-864peb66
nmdc:bsm-11-s3e2ex68,60886_5_T_2_WEOM_r2_Mag_10Mar24_300SA_p01_26_1_17198.d,nmdc:procsm-11-864peb66
nmdc:bsm-11-s3e2ex68,60886_5_T_2_WEOM_r3_Mag_10Mar24_300SA_p01_26_1_17227.d,nmdc:procsm-11-864peb66
nmdc:bsm-11-s3e2ex68,60886_5_T_3_WEOM_r1_Mag_10Mar24_300SA_p01_27_1_17139.d,nmdc:procsm-11-eqdx2236
nmdc:bsm-11-s3e2ex68,60886_5_T_3_WEOM_r2_Mag_10Mar24_300SA_p01_27_1_17184.d,nmdc:procsm-11-eqdx2236
nmdc:bsm-11-s3e2ex68,60886_5_T_3_WEOM_r3_Mag_10Mar24_300SA_p01_27_1_17234.d,nmdc:procsm-11-eqdx2236
nmdc:bsm-11-s3e2ex68,60886_5_TOP_1_MAOM_r1_Mag_22Jan25_3p3kV_300SA_p01_35_1_22395.d,nmdc:procsm-11-cnqh1a94
nmdc:bsm-11-s3e2ex68,60886_5_TOP_1_MAOM_r2_Mag_22Jan25_3p3kV_300SA_p01_35_1_22444.d,nmdc:procsm-11-cnqh1a94
nmdc:bsm-11-s3e2ex68,60886_5_TOP_1_MAOM_r3_Mag_22Jan25_3p3kV_300SA_p01_35_1_22514.d,nmdc:procsm-11-cnqh1a94
nmdc:bsm-11-s3e2ex68,60886_5_TOP_2_MAOM_r1_Mag_22Jan25_3p3kV_300SA_p01_36_1_22426.d,nmdc:procsm-11-q6znyr07
nmdc:bsm-11-s3e2ex68,60886_5_TOP_2_MAOM_r2_Mag_22Jan25_3p3kV_300SA_p01_36_1_22469.d,nmdc:procsm-11-q6znyr07
nmdc:bsm-11-s3e2ex68,60886_5_TOP_2_MAOM_r3_Mag_22Jan25_3p3kV_300SA_p01_36_1_22529.d,nmdc:procsm-11-q6znyr07
nmdc:bsm-11-s3e2ex68,60886_5_TOP_3_MAOM_r1_Mag_22Jan25_3p3kV_300SA_p01_37_1_22427.d,nmdc:procsm-11-kys4fa68
nmdc:bsm-11-s3e2ex68,60886_5_TOP_3_MAOM_r2_Mag_22Jan25_3p3kV_300SA_p01_37_1_22471.d,nmdc:procsm-11-kys4fa68
nmdc:bsm-11-s3e2ex68,60886_5_TOP_3_MAOM_r3_Mag_22Jan25_3p3kV_300SA_p01_37_1_22540.d,nmdc:procsm-11-kys4fa68
nmdc:bsm-11-c1s6dp89,60886_6_B_1_WEOM_r1_Mag_10Mar24_300SA_p01_34_1_17137.d,nmdc:procsm-11-j72tek07
nmdc:bsm-11-c1s6dp89,60886_6_B_1_WEOM_r2_Mag_10Mar24_300SA_p01_34_1_17180.d,nmdc:procsm-11-j72tek07
nmdc:bsm-11-c1s6dp89,60886_6_B_1_WEOM_r3_Mag_10Mar24_300SA_p01_34_1_17268.d,nmdc:procsm-11-j72tek07
nmdc:bsm-11-c1s6dp89,60886_6_B_2_WEOM_r1_Mag_10Mar24_300SA_p01_35_1_17162.d,nmdc:procsm-11-dx7mjn45
nmdc:bsm-11-c1s6dp89,60886_6_B_2_WEOM_r2_Mag_10Mar24_300SA_p01_35_1_17182.d,nmdc:procsm-11-dx7mjn45
nmdc:bsm-11-c1s6dp89,60886_6_B_2_WEOM_r3_Mag_10Mar24_300SA_p01_35_1_17241.d,nmdc:procsm-11-dx7mjn45
nmdc:bsm-11-c1s6dp89,60886_6_B_3_WEOM_r1_Mag_10Mar24_300SA_p01_36_1_17153.d,nmdc:procsm-11-gqwx8g46
nmdc:bsm-11-c1s6dp89,60886_6_B_3_WEOM_r2_Mag_10Mar24_300SA_p01_36_1_17191.d,nmdc:procsm-11-gqwx8g46
nmdc:bsm-11-c1s6dp89,60886_6_B_3_WEOM_r3_Mag_10Mar24_300SA_p01_36_1_17229.d,nmdc:procsm-11-gqwx8g46
nmdc:bsm-11-c1s6dp89,60886_6_BTM_1_MAOM_r1_Mag_22Jan25_3p3kV_300SA_p01_43_1_22384.d,nmdc:procsm-11-06xvf010
nmdc:bsm-11-c1s6dp89,60886_6_BTM_1_MAOM_r2_Mag_22Jan25_3p3kV_300SA_p01_43_1_22478.d,nmdc:procsm-11-06xvf010
nmdc:bsm-11-c1s6dp89,60886_6_BTM_1_MAOM_r3_Mag_22Jan25_3p3kV_300SA_p01_43_1_22509.d,nmdc:procsm-11-06xvf010
nmdc:bsm-11-c1s6dp89,60886_6_BTM_2_MAOM_r1_Mag_22Jan25_3p3kV_300SA_p01_44_1_22401.d,nmdc:procsm-11-8ce8k670
nmdc:bsm-11-c1s6dp89,60886_6_BTM_2_MAOM_r2_Mag_22Jan25_3p3kV_300SA_p01_44_1_22431.d,nmdc:procsm-11-8ce8k670
nmdc:bsm-11-c1s6dp89,60886_6_BTM_2_MAOM_r3_Mag_22Jan25_3p3kV_300SA_p01_44_1_22528.d,nmdc:procsm-11-8ce8k670
nmdc:bsm-11-c1s6dp89,60886_6_BTM_3_MAOM_r1_Mag_22Jan25_3p3kV_300SA_p01_45_1_22380.d,nmdc:procsm-11-0ptvex54
nmdc:bsm-11-c1s6dp89,60886_6_BTM_3_MAOM_r2_Mag_22Jan25_3p3kV_300SA_p01_45_1_22462.d,nmdc:procsm-11-0ptvex54
nmdc:bsm-11-c1s6dp89,60886_6_BTM_3_MAOM_r3_Mag_22Jan25_3p3kV_300SA_p01_45_1_22499.d,nmdc:procsm-11-0ptvex54
nmdc:bsm-11-6nsqhw29,60886_6_T_1_WEOM_r1_Mag_10Mar24_300SA_p01_31_1_17166.d,nmdc:procsm-11-dgp9kk65
nmdc:bsm-11-6nsqhw29,60886_6_T_1_WEOM_r2_Mag_10Mar24_300SA_p01_31_1_17216.d,nmdc:procsm-11-dgp9kk65
nmdc:bsm-11-6nsqhw29,60886_6_T_1_WEOM_r3_Mag_10Mar24_300SA_p01_31_1_17245.d,nmdc:procsm-11-dgp9kk65
nmdc:bsm-11-6nsqhw29,60886_6_T_2_WEOM_r1_Mag_10Mar24_300SA_p01_32_1_17114.d,nmdc:procsm-11-patag335
nmdc:bsm-11-6nsqhw29,60886_6_T_2_WEOM_r2_Mag_10Mar24_300SA_p01_32_1_17200.d,nmdc:procsm-11-patag335
nmdc:bsm-11-6nsqhw29,60886_6_T_2_WEOM_r3_Mag_10Mar24_300SA_p01_32_1_17246.d,nmdc:procsm-11-patag335
nmdc:bsm-11-6nsqhw29,60886_6_T_3_WEOM_r2_Mag_10Mar24_300SA_p01_33_1_17177.d,nmdc:procsm-11-q90z8z11
nmdc:bsm-11-6nsqhw29,60886_6_T_3_WEOM_r3_Mag_10Mar24_300SA_p01_33_1_17274.d,nmdc:procsm-11-q90z8z11
nmdc:bsm-11-6nsqhw29,60886_6_TOP_1_MAOM_r1_Mag_22Jan25_3p3kV_300SA_p01_40_1_22413.d,nmdc:procsm-11-541kvh15
nmdc:bsm-11-6nsqhw29,60886_6_TOP_1_MAOM_r2_Mag_22Jan25_3p3kV_300SA_p01_40_1_22449.d,nmdc:procsm-11-541kvh15
nmdc:bsm-11-6nsqhw29,60886_6_TOP_1_MAOM_r3_Mag_22Jan25_3p3kV_300SA_p01_40_1_22493.d,nmdc:procsm-11-541kvh15
nmdc:bsm-11-6nsqhw29,60886_6_TOP_2_MAOM_r1_Mag_22Jan25_3p3kV_300SA_p01_41_1_22382.d,nmdc:procsm-11-00davb47
nmdc:bsm-11-6nsqhw29,60886_6_TOP_2_MAOM_r2_Mag_22Jan25_3p3kV_300SA_p01_41_1_22479.d,nmdc:procsm-11-00davb47
nmdc:bsm-11-6nsqhw29,60886_6_TOP_2_MAOM_r3_Mag_22Jan25_3p3kV_300SA_p01_41_1_22521.d,nmdc:procsm-11-00davb47
nmdc:bsm-11-6nsqhw29,60886_6_TOP_3_MAOM_r1_Mag_22Jan25_3p3kV_300SA_p01_42_1_22403.d,nmdc:procsm-11-1anebt81
nmdc:bsm-11-6nsqhw29,60886_6_TOP_3_MAOM_r2_Mag_22Jan25_3p3kV_300SA_p01_42_1_22454.d,nmdc:procsm-11-1anebt81
nmdc:bsm-11-6nsqhw29,60886_6_TOP_3_MAOM_r3_Mag_22Jan25_3p3kV_300SA_p01_42_1_22496.d,nmdc:procsm-11-1anebt81
nmdc:bsm-11-xk1gw136,60933_1_T_1_WEOM_r1_Mag_18Jan24_300SA_p01_1_1_14702.d,nmdc:procsm-11-rphwv232
nmdc:bsm-11-xk1gw136,60933_1_T_1_WEOM_r2_Mag_18Jan24_300SA_p01_1_1_14807.d,nmdc:procsm-11-rphwv232
nmdc:bsm-11-xk1gw136,60933_1_T_1_WEOM_r3_Mag_18Jan24_300SA_p01_1_1_14916.d,nmdc:procsm-11-rphwv232
nmdc:bsm-11-xk1gw136,60933_1_T_2_WEOM_r1_Mag_18Jan24_300SA_p01_2_1_14742.d,nmdc:procsm-11-7kh1en20
nmdc:bsm-11-xk1gw136,60933_1_T_2_WEOM_r2_Mag_18Jan24_300SA_p01_2_1_14843.d,nmdc:procsm-11-7kh1en20
nmdc:bsm-11-xk1gw136,60933_1_T_2_WEOM_r3_Mag_18Jan24_300SA_p01_2_1_14939.d,nmdc:procsm-11-7kh1en20
nmdc:bsm-11-xk1gw136,60933_1_T_3_WEOM_r1_Mag_18Jan24_300SA_p01_3_1_14695.d,nmdc:procsm-11-4cngxz33
nmdc:bsm-11-xk1gw136,60933_1_T_3_WEOM_r2_Mag_18Jan24_300SA_p01_3_1_14817.d,nmdc:procsm-11-4cngxz33
nmdc:bsm-11-xk1gw136,60933_1_T_3_WEOM_r3_Mag_18Jan24_300SA_p01_3_1_14961.d,nmdc:procsm-11-4cngxz33
nmdc:bsm-11-xk1gw136,60933_1_TOP_1_MAOM_r1_Mag_05Jan25_3p3kV_300SA_p01_1_1_21607.d,nmdc:procsm-11-jp830823
nmdc:bsm-11-xk1gw136,60933_1_TOP_1_MAOM_r2_Mag_05Jan25_3p3kV_300SA_p01_1_1_21671.d,nmdc:procsm-11-jp830823
nmdc:bsm-11-xk1gw136,60933_1_TOP_1_MAOM_r3_Mag_20Jan25_3p3kV_300SA_p01_1_1_22147.d,nmdc:procsm-11-jp830823
nmdc:bsm-11-xk1gw136,60933_1_TOP_2_MAOM_r1_Mag_05Jan25_3p3kV_300SA_p01_2_1_21647.d,nmdc:procsm-11-jv6mkz28
nmdc:bsm-11-xk1gw136,60933_1_TOP_2_MAOM_r2_Mag_05Jan25_3p3kV_300SA_p01_2_1_21666.d,nmdc:procsm-11-jv6mkz28
nmdc:bsm-11-xk1gw136,60933_1_TOP_2_MAOM_r3_Mag_20Jan25_3p3kV_300SA_p01_2_1_22189.d,nmdc:procsm-11-jv6mkz28
nmdc:bsm-11-xk1gw136,60933_1_TOP_3_MAOM_r1_Mag_05Jan25_3p3kV_300SA_p01_3_1_21609.d,nmdc:procsm-11-5xj9wy28
nmdc:bsm-11-xk1gw136,60933_1_TOP_3_MAOM_r2_Mag_05Jan25_3p3kV_300SA_p01_3_1_21658.d,nmdc:procsm-11-5xj9wy28
nmdc:bsm-11-xk1gw136,60933_1_TOP_3_MAOM_r3_Mag_20Jan25_3p3kV_300SA_p01_3_1_22169.d,nmdc:procsm-11-5xj9wy28
nmdc:bsm-11-1g34vd94,60933_10_T_1_WEOM_r1_Mag_18Jan24_300SA_p01_46_1_14747.d,nmdc:procsm-11-9vg42h27
nmdc:bsm-11-1g34vd94,60933_10_T_1_WEOM_r2_Mag_18Jan24_300SA_p01_46_1_14816.d,nmdc:procsm-11-9vg42h27
nmdc:bsm-11-1g34vd94,60933_10_T_1_WEOM_r3_Mag_18Jan24_300SA_p01_46_1_14915.d,nmdc:procsm-11-9vg42h27
nmdc:bsm-11-1g34vd94,60933_10_T_2_WEOM_r1_Mag_18Jan24_300SA_p01_47_1_14730.d,nmdc:procsm-11-a8vqbc49
nmdc:bsm-11-1g34vd94,60933_10_T_2_WEOM_r2_Mag_18Jan24_300SA_p01_47_1_14804.d,nmdc:procsm-11-a8vqbc49
nmdc:bsm-11-1g34vd94,60933_10_T_2_WEOM_r3_Mag_18Jan24_300SA_p01_47_1_14912.d,nmdc:procsm-11-a8vqbc49
nmdc:bsm-11-1g34vd94,60933_10_T_3_WEOM_r1_Mag_18Jan24_300SA_p01_48_1_14704.d,nmdc:procsm-11-n8xepf34
nmdc:bsm-11-1g34vd94,60933_10_T_3_WEOM_r2_Mag_18Jan24_300SA_p01_48_1_14856.d,nmdc:procsm-11-n8xepf34
nmdc:bsm-11-1g34vd94,60933_10_T_3_WEOM_r3_Mag_18Jan24_300SA_p01_48_1_14932.d,nmdc:procsm-11-n8xepf34
nmdc:bsm-11-1g34vd94,60933_10_TOP_1_MAOM_r1_Mag_05Jan25_3p3kV_300SA_p01_50_1_21613.d,nmdc:procsm-11-pbsavv96
nmdc:bsm-11-1g34vd94,60933_10_TOP_1_MAOM_r2_Mag_05Jan25_3p3kV_300SA_p01_50_1_21689.d,nmdc:procsm-11-pbsavv96
nmdc:bsm-11-1g34vd94,60933_10_TOP_1_MAOM_r3_Mag_20Jan25_3p3kV_300SA_p01_50_1_22185.d,nmdc:procsm-11-pbsavv96
nmdc:bsm-11-1g34vd94,60933_10_TOP_2_MAOM_r1_Mag_05Jan25_3p3kV_300SA_p01_51_1_21624.d,nmdc:procsm-11-1r99g947
nmdc:bsm-11-1g34vd94,60933_10_TOP_2_MAOM_r2_Mag_05Jan25_3p3kV_300SA_p01_51_1_21700.d,nmdc:procsm-11-1r99g947
nmdc:bsm-11-1g34vd94,60933_10_TOP_2_MAOM_r3_Mag_20Jan25_3p3kV_300SA_p01_51_1_22141.d,nmdc:procsm-11-1r99g947
nmdc:bsm-11-1g34vd94,60933_10_TOP_3_MAOM_r1_Mag_05Jan25_3p3kV_300SA_p01_52_1_21645.d,nmdc:procsm-11-96r3nv18
nmdc:bsm-11-1g34vd94,60933_10_TOP_3_MAOM_r2_Mag_05Jan25_3p3kV_300SA_p01_52_1_21679.d,nmdc:procsm-11-96r3nv18
nmdc:bsm-11-1g34vd94,60933_10_TOP_3_MAOM_r3_Mag_05Jan25_3p3kV_300SA_p01_52_1_21713.d,nmdc:procsm-11-96r3nv18
nmdc:bsm-11-0mrh8a04,60933_11_B_1_WEOM_r1_Mag_12Feb24_300SA_p01_4_1_15069.d,nmdc:procsm-11-knxqb207
nmdc:bsm-11-0mrh8a04,60933_11_B_1_WEOM_r2_Mag_12Feb24_300SA_p01_4_1_15165.d,nmdc:procsm-11-knxqb207
nmdc:bsm-11-0mrh8a04,60933_11_B_1_WEOM_r3_Mag_12Feb24_300SA_p01_4_1_15220.d,nmdc:procsm-11-knxqb207
nmdc:bsm-11-0mrh8a04,60933_11_B_2_WEOM_r1_Mag_12Feb24_300SA_p01_5_1_15075.d,nmdc:procsm-11-1vjrk795
nmdc:bsm-11-0mrh8a04,60933_11_B_2_WEOM_r2_Mag_12Feb24_300SA_p01_5_1_15131.d,nmdc:procsm-11-1vjrk795
nmdc:bsm-11-0mrh8a04,60933_11_B_2_WEOM_r3_Mag_12Feb24_300SA_p01_5_1_15176.d,nmdc:procsm-11-1vjrk795
nmdc:bsm-11-0mrh8a04,60933_11_B_3_WEOM_r1_Mag_12Feb24_300SA_p01_6_1_15054.d,nmdc:procsm-11-gdksb730
nmdc:bsm-11-0mrh8a04,60933_11_B_3_WEOM_r2_Mag_12Feb24_300SA_p01_6_1_15110.d,nmdc:procsm-11-gdksb730
nmdc:bsm-11-0mrh8a04,60933_11_B_3_WEOM_r3_Mag_12Feb24_300SA_p01_6_1_15185.d,nmdc:procsm-11-gdksb730
nmdc:bsm-11-0mrh8a04,60933_11_BTM_1_MAOM_r1_Mag_13Jan25_3p3kV_300SA_p01_4_1_21828.d,nmdc:procsm-11-2y5ajy88
nmdc:bsm-11-0mrh8a04,60933_11_BTM_1_MAOM_r2_Mag_13Jan25_3p3kV_300SA_p01_4_1_21847.d,nmdc:procsm-11-2y5ajy88
nmdc:bsm-11-0mrh8a04,60933_11_BTM_1_MAOM_r3_Mag_13Jan25_3p3kV_300SA_p01_4_1_21944.d,nmdc:procsm-11-2y5ajy88
nmdc:bsm-11-0mrh8a04,60933_11_BTM_2_MAOM_r1_Mag_13Jan25_3p3kV_300SA_p01_5_1_21818.d,nmdc:procsm-11-3y2bvz67
nmdc:bsm-11-0mrh8a04,60933_11_BTM_2_MAOM_r2_Mag_13Jan25_3p3kV_300SA_p01_5_1_21856.d,nmdc:procsm-11-3y2bvz67
nmdc:bsm-11-0mrh8a04,60933_11_BTM_2_MAOM_r3_Mag_13Jan25_3p3kV_300SA_p01_5_1_21906.d,nmdc:procsm-11-3y2bvz67
nmdc:bsm-11-0mrh8a04,60933_11_BTM_3_MAOM_r1_Mag_13Jan25_3p3kV_300SA_p01_6_1_21829.d,nmdc:procsm-11-6z4jhf49
nmdc:bsm-11-0mrh8a04,60933_11_BTM_3_MAOM_r2_Mag_13Jan25_3p3kV_300SA_p01_6_1_21881.d,nmdc:procsm-11-6z4jhf49
nmdc:bsm-11-0mrh8a04,60933_11_BTM_3_MAOM_r3_Mag_13Jan25_3p3kV_300SA_p01_6_1_21918.d,nmdc:procsm-11-6z4jhf49
nmdc:bsm-11-0d7jqm05,60933_11_T_1_WEOM_r1_Mag_12Feb24_300SA_p01_1_1_15068.d,nmdc:procsm-11-va4ydg57
nmdc:bsm-11-0d7jqm05,60933_11_T_1_WEOM_r2_Mag_12Feb24_300SA_p01_1_1_15156.d,nmdc:procsm-11-va4ydg57
nmdc:bsm-11-0d7jqm05,60933_11_T_1_WEOM_r3_Mag_12Feb24_300SA_p01_1_1_15195.d,nmdc:procsm-11-va4ydg57
nmdc:bsm-11-0d7jqm05,60933_11_T_2_WEOM_r1_Mag_12Feb24_300SA_p01_2_1_15078.d,nmdc:procsm-11-1m992132
nmdc:bsm-11-0d7jqm05,60933_11_T_2_WEOM_r2_Mag_12Feb24_300SA_p01_2_1_15116.d,nmdc:procsm-11-1m992132
nmdc:bsm-11-0d7jqm05,60933_11_T_2_WEOM_r3_Mag_12Feb24_300SA_p01_2_1_15235.d,nmdc:procsm-11-1m992132
nmdc:bsm-11-0d7jqm05,60933_11_T_3_WEOM_r1_Mag_12Feb24_300SA_p01_3_1_15081.d,nmdc:procsm-11-2dcf5n73
nmdc:bsm-11-0d7jqm05,60933_11_T_3_WEOM_r2_Mag_12Feb24_300SA_p01_3_1_15127.d,nmdc:procsm-11-2dcf5n73
nmdc:bsm-11-0d7jqm05,60933_11_T_3_WEOM_r3_Mag_12Feb24_300SA_p01_3_1_15238.d,nmdc:procsm-11-2dcf5n73
nmdc:bsm-11-0d7jqm05,60933_11_TOP_1_MAOM_r1_Mag_13Jan25_3p3kV_300SA_p01_1_1_21788.d,nmdc:procsm-11-bcdfx771
nmdc:bsm-11-0d7jqm05,60933_11_TOP_1_MAOM_r2_Mag_13Jan25_3p3kV_300SA_p01_1_1_21894.d,nmdc:procsm-11-bcdfx771
nmdc:bsm-11-0d7jqm05,60933_11_TOP_1_MAOM_r3_Mag_13Jan25_3p3kV_300SA_p01_1_1_21940.d,nmdc:procsm-11-bcdfx771
nmdc:bsm-11-0d7jqm05,60933_11_TOP_2_MAOM_r1_Mag_13Jan25_3p3kV_300SA_p01_2_1_21809.d,nmdc:procsm-11-3y5by034
nmdc:bsm-11-0d7jqm05,60933_11_TOP_2_MAOM_r2_Mag_13Jan25_3p3kV_300SA_p01_2_1_21854.d,nmdc:procsm-11-3y5by034
nmdc:bsm-11-0d7jqm05,60933_11_TOP_2_MAOM_r3_Mag_13Jan25_3p3kV_300SA_p01_2_1_21912.d,nmdc:procsm-11-3y5by034
nmdc:bsm-11-0d7jqm05,60933_11_TOP_3_MAOM_r1_Mag_13Jan25_3p3kV_300SA_p01_3_1_21832.d,nmdc:procsm-11-p6hyh950
nmdc:bsm-11-0d7jqm05,60933_11_TOP_3_MAOM_r2_Mag_13Jan25_3p3kV_300SA_p01_3_1_21848.d,nmdc:procsm-11-p6hyh950
nmdc:bsm-11-0d7jqm05,60933_11_TOP_3_MAOM_r3_Mag_13Jan25_3p3kV_300SA_p01_3_1_21949.d,nmdc:procsm-11-p6hyh950
nmdc:bsm-11-abn6e039,60933_12_B_1_WEOM_r1_Mag_12Feb24_300SA_p01_10_1_15062.d,nmdc:procsm-11-bgcjvk03
nmdc:bsm-11-abn6e039,60933_12_B_1_WEOM_r2_Mag_12Feb24_300SA_p01_10_1_15162.d,nmdc:procsm-11-bgcjvk03
nmdc:bsm-11-abn6e039,60933_12_B_1_WEOM_r3_Mag_12Feb24_300SA_p01_10_1_15188.d,nmdc:procsm-11-bgcjvk03
nmdc:bsm-11-abn6e039,60933_12_B_2_WEOM_r1_Mag_12Feb24_300SA_p01_11_1_15060.d,nmdc:procsm-11-ej1e9t97
nmdc:bsm-11-abn6e039,60933_12_B_2_WEOM_r2_Mag_12Feb24_300SA_p01_11_1_15113.d,nmdc:procsm-11-ej1e9t97
nmdc:bsm-11-abn6e039,60933_12_B_2_WEOM_r3_Mag_12Feb24_300SA_p01_11_1_15222.d,nmdc:procsm-11-ej1e9t97
nmdc:bsm-11-abn6e039,60933_12_B_3_WEOM_r1_Mag_12Feb24_300SA_p01_12_1_15037.d,nmdc:procsm-11-erjs4071
nmdc:bsm-11-abn6e039,60933_12_B_3_WEOM_r2_Mag_12Feb24_300SA_p01_12_1_15163.d,nmdc:procsm-11-erjs4071
nmdc:bsm-11-abn6e039,60933_12_B_3_WEOM_r3_Mag_12Feb24_300SA_p01_12_1_15170.d,nmdc:procsm-11-erjs4071
nmdc:bsm-11-abn6e039,60933_12_BTM_1_MAOM_r1_Mag_13Jan25_3p3kV_300SA_p01_10_1_21784.d,nmdc:procsm-11-vjbxkk62
nmdc:bsm-11-abn6e039,60933_12_BTM_1_MAOM_r2_Mag_13Jan25_3p3kV_300SA_p01_10_1_21872.d,nmdc:procsm-11-vjbxkk62
nmdc:bsm-11-abn6e039,60933_12_BTM_1_MAOM_r3_Mag_13Jan25_3p3kV_300SA_p01_10_1_21898.d,nmdc:procsm-11-vjbxkk62
nmdc:bsm-11-abn6e039,60933_12_BTM_2_MAOM_r1_Mag_13Jan25_3p3kV_300SA_p01_11_1_21801.d,nmdc:procsm-11-qfyekz20
nmdc:bsm-11-abn6e039,60933_12_BTM_2_MAOM_r2_Mag_13Jan25_3p3kV_300SA_p01_11_1_21896.d,nmdc:procsm-11-qfyekz20
nmdc:bsm-11-abn6e039,60933_12_BTM_2_MAOM_r3_Mag_13Jan25_3p3kV_300SA_p01_11_1_21917.d,nmdc:procsm-11-qfyekz20
nmdc:bsm-11-abn6e039,60933_12_BTM_3_MAOM_r1_Mag_13Jan25_3p3kV_300SA_p01_12_1_21815.d,nmdc:procsm-11-2rccw059
nmdc:bsm-11-abn6e039,60933_12_BTM_3_MAOM_r2_Mag_13Jan25_3p3kV_300SA_p01_12_1_21878.d,nmdc:procsm-11-2rccw059
nmdc:bsm-11-abn6e039,60933_12_BTM_3_MAOM_r3_Mag_13Jan25_3p3kV_300SA_p01_12_1_21915.d,nmdc:procsm-11-2rccw059
nmdc:bsm-11-k2v6we66,60933_12_T_1_WEOM_r1_Mag_12Feb24_300SA_p01_7_1_15050.d,nmdc:procsm-11-g6m5v577
nmdc:bsm-11-k2v6we66,60933_12_T_1_WEOM_r2_Mag_12Feb24_300SA_p01_7_1_15169.d,nmdc:procsm-11-g6m5v577
nmdc:bsm-11-k2v6we66,60933_12_T_1_WEOM_r3_Mag_12Feb24_300SA_p01_7_1_15226.d,nmdc:procsm-11-g6m5v577
nmdc:bsm-11-k2v6we66,60933_12_T_2_WEOM_r1_Mag_12Feb24_300SA_p01_8_1_15091.d,nmdc:procsm-11-cj9tkp50
nmdc:bsm-11-k2v6we66,60933_12_T_2_WEOM_r2_Mag_12Feb24_300SA_p01_8_1_15122.d,nmdc:procsm-11-cj9tkp50
nmdc:bsm-11-k2v6we66,60933_12_T_2_WEOM_r3_Mag_12Feb24_300SA_p01_8_1_15173.d,nmdc:procsm-11-cj9tkp50
nmdc:bsm-11-k2v6we66,60933_12_T_3_WEOM_r1_Mag_12Feb24_300SA_p01_9_1_15099.d,nmdc:procsm-11-57m7j548
nmdc:bsm-11-k2v6we66,60933_12_T_3_WEOM_r2_Mag_12Feb24_300SA_p01_9_1_15108.d,nmdc:procsm-11-57m7j548
nmdc:bsm-11-k2v6we66,60933_12_T_3_WEOM_r3_Mag_12Feb24_300SA_p01_9_1_15239.d,nmdc:procsm-11-57m7j548
nmdc:bsm-11-k2v6we66,60933_12_TOP_1_MAOM_r1_Mag_31Jan25_3p3kV_300SA_p01_7_1_22727.d,nmdc:procsm-11-gff7kq35
nmdc:bsm-11-k2v6we66,60933_12_TOP_1_MAOM_r2_Mag_31Jan25_3p3kV_300SA_p01_7_1_22733.d,nmdc:procsm-11-gff7kq35
nmdc:bsm-11-k2v6we66,60933_12_TOP_1_MAOM_r3_Mag_31Jan25_3p3kV_300SA_p01_7_1_22738.d,nmdc:procsm-11-gff7kq35
nmdc:bsm-11-k2v6we66,60933_12_TOP_2_MAOM_r1_Mag_31Jan25_3p3kV_300SA_p01_8_1_22726.d,nmdc:procsm-11-7r7j5p19
nmdc:bsm-11-k2v6we66,60933_12_TOP_2_MAOM_r2_Mag_31Jan25_3p3kV_300SA_p01_8_1_22734.d,nmdc:procsm-11-7r7j5p19
nmdc:bsm-11-k2v6we66,60933_12_TOP_2_MAOM_r3_Mag_31Jan25_3p3kV_300SA_p01_8_1_22736.d,nmdc:procsm-11-7r7j5p19
nmdc:bsm-11-k2v6we66,60933_12_TOP_3_MAOM_r1_Mag_31Jan25_3p3kV_300SA_p01_9_1_22725.d,nmdc:procsm-11-kb7yqx27
nmdc:bsm-11-k2v6we66,60933_12_TOP_3_MAOM_r2_Mag_31Jan25_3p3kV_300SA_p01_9_1_22730.d,nmdc:procsm-11-kb7yqx27
nmdc:bsm-11-k2v6we66,60933_12_TOP_3_MAOM_r3_Mag_31Jan25_3p3kV_300SA_p01_9_1_22740.d,nmdc:procsm-11-kb7yqx27
nmdc:bsm-11-syvfmf69,60933_13_B_1_WEOM_r1_Mag_12Feb24_300SA_p01_16_1_15031.d,nmdc:procsm-11-wtg6h580
nmdc:bsm-11-syvfmf69,60933_13_B_1_WEOM_r2_Mag_12Feb24_300SA_p01_16_1_15155.d,nmdc:procsm-11-wtg6h580
nmdc:bsm-11-syvfmf69,60933_13_B_1_WEOM_r3_Mag_12Feb24_300SA_p01_16_1_15233.d,nmdc:procsm-11-wtg6h580
nmdc:bsm-11-syvfmf69,60933_13_B_2_WEOM_r1_Mag_12Feb24_300SA_p01_17_1_15072.d,nmdc:procsm-11-fa00x231
nmdc:bsm-11-syvfmf69,60933_13_B_2_WEOM_r2_Mag_12Feb24_300SA_p01_17_1_15138.d,nmdc:procsm-11-fa00x231
nmdc:bsm-11-syvfmf69,60933_13_B_2_WEOM_r3_Mag_12Feb24_300SA_p01_17_1_15215.d,nmdc:procsm-11-fa00x231
nmdc:bsm-11-syvfmf69,60933_13_B_3_WEOM_r1_Mag_12Feb24_300SA_p01_18_1_15036.d,nmdc:procsm-11-93cnng33
nmdc:bsm-11-syvfmf69,60933_13_B_3_WEOM_r2_Mag_12Feb24_300SA_p01_18_1_15133.d,nmdc:procsm-11-93cnng33
nmdc:bsm-11-syvfmf69,60933_13_B_3_WEOM_r3_Mag_12Feb24_300SA_p01_18_1_15197.d,nmdc:procsm-11-93cnng33
nmdc:bsm-11-syvfmf69,60933_13_BTM_1_MAOM_r1_Mag_13Jan25_3p3kV_300SA_p01_20_1_21794.d,nmdc:procsm-11-me7zfq21
nmdc:bsm-11-syvfmf69,60933_13_BTM_1_MAOM_r2_Mag_13Jan25_3p3kV_300SA_p01_20_1_21844.d,nmdc:procsm-11-me7zfq21
nmdc:bsm-11-syvfmf69,60933_13_BTM_1_MAOM_r3_Mag_13Jan25_3p3kV_300SA_p01_20_1_21914.d,nmdc:procsm-11-me7zfq21
nmdc:bsm-11-syvfmf69,60933_13_BTM_2_MAOM_r1_Mag_13Jan25_3p3kV_300SA_p01_21_1_21812.d,nmdc:procsm-11-dbxvbn28
nmdc:bsm-11-syvfmf69,60933_13_BTM_2_MAOM_r2_Mag_13Jan25_3p3kV_300SA_p01_21_1_21884.d,nmdc:procsm-11-dbxvbn28
nmdc:bsm-11-syvfmf69,60933_13_BTM_2_MAOM_r3_Mag_13Jan25_3p3kV_300SA_p01_21_1_21922.d,nmdc:procsm-11-dbxvbn28
nmdc:bsm-11-syvfmf69,60933_13_BTM_3_MAOM_r1_Mag_13Jan25_3p3kV_300SA_p01_22_1_21811.d,nmdc:procsm-11-zegrt720
nmdc:bsm-11-syvfmf69,60933_13_BTM_3_MAOM_r2_Mag_13Jan25_3p3kV_300SA_p01_22_1_21892.d,nmdc:procsm-11-zegrt720
nmdc:bsm-11-syvfmf69,60933_13_BTM_3_MAOM_r3_Mag_13Jan25_3p3kV_300SA_p01_22_1_21937.d,nmdc:procsm-11-zegrt720
nmdc:bsm-11-q1qph338,60933_13_T_1_WEOM_r1_Mag_12Feb24_300SA_p01_13_1_15064.d,nmdc:procsm-11-kvv4t659
nmdc:bsm-11-q1qph338,60933_13_T_1_WEOM_r2_Mag_12Feb24_300SA_p01_13_1_15117.d,nmdc:procsm-11-kvv4t659
nmdc:bsm-11-q1qph338,60933_13_T_1_WEOM_r3_Mag_12Feb24_300SA_p01_13_1_15182.d,nmdc:procsm-11-kvv4t659
nmdc:bsm-11-q1qph338,60933_13_T_2_WEOM_r1_Mag_12Feb24_300SA_p01_14_1_15061.d,nmdc:procsm-11-ads5by94
nmdc:bsm-11-q1qph338,60933_13_T_2_WEOM_r2_Mag_12Feb24_300SA_p01_14_1_15142.d,nmdc:procsm-11-ads5by94
nmdc:bsm-11-q1qph338,60933_13_T_2_WEOM_r3_Mag_12Feb24_300SA_p01_14_1_15231.d,nmdc:procsm-11-ads5by94
nmdc:bsm-11-q1qph338,60933_13_T_3_WEOM_r1_Mag_12Feb24_300SA_p01_15_1_15079.d,nmdc:procsm-11-1rnggc37
nmdc:bsm-11-q1qph338,60933_13_T_3_WEOM_r2_Mag_12Feb24_300SA_p01_15_1_15150.d,nmdc:procsm-11-1rnggc37
nmdc:bsm-11-q1qph338,60933_13_T_3_WEOM_r3_Mag_12Feb24_300SA_p01_15_1_15218.d,nmdc:procsm-11-1rnggc37
nmdc:bsm-11-q1qph338,60933_13_TOP_1_MAOM_r1_Mag_13Jan25_3p3kV_300SA_p01_17_1_21830.d,nmdc:procsm-11-jp7h3k96
nmdc:bsm-11-q1qph338,60933_13_TOP_1_MAOM_r2_Mag_13Jan25_3p3kV_300SA_p01_17_1_21857.d,nmdc:procsm-11-jp7h3k96
nmdc:bsm-11-q1qph338,60933_13_TOP_1_MAOM_r3_Mag_13Jan25_3p3kV_300SA_p01_17_1_21934.d,nmdc:procsm-11-jp7h3k96
nmdc:bsm-11-q1qph338,60933_13_TOP_2_MAOM_r1_Mag_13Jan25_3p3kV_300SA_p01_18_1_21810.d,nmdc:procsm-11-t4rrt235
nmdc:bsm-11-q1qph338,60933_13_TOP_2_MAOM_r2_Mag_13Jan25_3p3kV_300SA_p01_18_1_21852.d,nmdc:procsm-11-t4rrt235
nmdc:bsm-11-q1qph338,60933_13_TOP_2_MAOM_r3_Mag_13Jan25_3p3kV_300SA_p01_18_1_21943.d,nmdc:procsm-11-t4rrt235
nmdc:bsm-11-q1qph338,60933_13_TOP_3_MAOM_r1_Mag_13Jan25_3p3kV_300SA_p01_19_1_21799.d,nmdc:procsm-11-82r9ht81
nmdc:bsm-11-q1qph338,60933_13_TOP_3_MAOM_r2_Mag_13Jan25_3p3kV_300SA_p01_19_1_21883.d,nmdc:procsm-11-82r9ht81
nmdc:bsm-11-q1qph338,60933_13_TOP_3_MAOM_r3_Mag_13Jan25_3p3kV_300SA_p01_19_1_21939.d,nmdc:procsm-11-82r9ht81
nmdc:bsm-11-vdrxw629,60933_14_B_1_WEOM_r1_Mag_12Feb24_300SA_p01_22_1_15041.d,nmdc:procsm-11-bhktsg44
nmdc:bsm-11-vdrxw629,60933_14_B_1_WEOM_r2_Mag_12Feb24_300SA_p01_22_1_15128.d,nmdc:procsm-11-bhktsg44
nmdc:bsm-11-vdrxw629,60933_14_B_1_WEOM_r3_Mag_12Feb24_300SA_p01_22_1_15240.d,nmdc:procsm-11-bhktsg44
nmdc:bsm-11-vdrxw629,60933_14_B_2_WEOM_r1_Mag_12Feb24_300SA_p01_23_1_15076.d,nmdc:procsm-11-cbefbd16
nmdc:bsm-11-vdrxw629,60933_14_B_2_WEOM_r2_Mag_12Feb24_300SA_p01_23_1_15121.d,nmdc:procsm-11-cbefbd16
nmdc:bsm-11-vdrxw629,60933_14_B_2_WEOM_r3_Mag_12Feb24_300SA_p01_23_1_15212.d,nmdc:procsm-11-cbefbd16
nmdc:bsm-11-vdrxw629,60933_14_B_3_WEOM_r1_Mag_12Feb24_300SA_p01_24_1_15046.d,nmdc:procsm-11-223z4262
nmdc:bsm-11-vdrxw629,60933_14_B_3_WEOM_r2_Mag_12Feb24_300SA_p01_24_1_15143.d,nmdc:procsm-11-223z4262
nmdc:bsm-11-vdrxw629,60933_14_B_3_WEOM_r3_Mag_12Feb24_300SA_p01_24_1_15201.d,nmdc:procsm-11-223z4262
nmdc:bsm-11-vdrxw629,60933_14_BTM_1_MAOM_r1_Mag_13Jan25_3p3kV_300SA_p01_26_1_21786.d,nmdc:procsm-11-n609zy54
nmdc:bsm-11-vdrxw629,60933_14_BTM_1_MAOM_r2_Mag_13Jan25_3p3kV_300SA_p01_26_1_21879.d,nmdc:procsm-11-n609zy54
nmdc:bsm-11-vdrxw629,60933_14_BTM_1_MAOM_r3_Mag_13Jan25_3p3kV_300SA_p01_26_1_21954.d,nmdc:procsm-11-n609zy54
nmdc:bsm-11-vdrxw629,60933_14_BTM_2_MAOM_r1_Mag_13Jan25_3p3kV_300SA_p01_27_1_21795.d,nmdc:procsm-11-r1t20q71
nmdc:bsm-11-vdrxw629,60933_14_BTM_2_MAOM_r2_Mag_13Jan25_3p3kV_300SA_p01_27_1_21866.d,nmdc:procsm-11-r1t20q71
nmdc:bsm-11-vdrxw629,60933_14_BTM_2_MAOM_r3_Mag_13Jan25_3p3kV_300SA_p01_27_1_21900.d,nmdc:procsm-11-r1t20q71
nmdc:bsm-11-vdrxw629,60933_14_BTM_3_MAOM_r1_Mag_13Jan25_3p3kV_300SA_p01_28_1_21834.d,nmdc:procsm-11-7jw64a39
nmdc:bsm-11-vdrxw629,60933_14_BTM_3_MAOM_r2_Mag_13Jan25_3p3kV_300SA_p01_28_1_21874.d,nmdc:procsm-11-7jw64a39
nmdc:bsm-11-vdrxw629,60933_14_BTM_3_MAOM_r3_Mag_13Jan25_3p3kV_300SA_p01_28_1_21945.d,nmdc:procsm-11-7jw64a39
nmdc:bsm-11-27vjb865,60933_14_T_1_WEOM_r1_Mag_12Feb24_300SA_p01_19_1_15063.d,nmdc:procsm-11-jrwkm750
nmdc:bsm-11-27vjb865,60933_14_T_1_WEOM_r2_Mag_12Feb24_300SA_p01_19_1_15154.d,nmdc:procsm-11-jrwkm750
nmdc:bsm-11-27vjb865,60933_14_T_1_WEOM_r3_Mag_12Feb24_300SA_p01_19_1_15214.d,nmdc:procsm-11-jrwkm750
nmdc:bsm-11-27vjb865,60933_14_T_2_WEOM_r1_Mag_12Feb24_300SA_p01_20_1_15083.d,nmdc:procsm-11-asvpv927
nmdc:bsm-11-27vjb865,60933_14_T_2_WEOM_r2_Mag_12Feb24_300SA_p01_20_1_15134.d,nmdc:procsm-11-asvpv927
nmdc:bsm-11-27vjb865,60933_14_T_2_WEOM_r3_Mag_12Feb24_300SA_p01_20_1_15207.d,nmdc:procsm-11-asvpv927
nmdc:bsm-11-27vjb865,60933_14_T_3_WEOM_r1_Mag_12Feb24_300SA_p01_21_1_15084.d,nmdc:procsm-11-4x9sdq54
nmdc:bsm-11-27vjb865,60933_14_T_3_WEOM_r2_Mag_12Feb24_300SA_p01_21_1_15151.d,nmdc:procsm-11-4x9sdq54
nmdc:bsm-11-27vjb865,60933_14_T_3_WEOM_r3_Mag_12Feb24_300SA_p01_21_1_15172.d,nmdc:procsm-11-4x9sdq54
nmdc:bsm-11-27vjb865,60933_14_TOP_1_MAOM_r1_Mag_13Jan25_3p3kV_300SA_p01_23_1_21826.d,nmdc:procsm-11-2p4c3m63
nmdc:bsm-11-27vjb865,60933_14_TOP_1_MAOM_r2_Mag_13Jan25_3p3kV_300SA_p01_23_1_21840.d,nmdc:procsm-11-2p4c3m63
nmdc:bsm-11-27vjb865,60933_14_TOP_1_MAOM_r3_Mag_13Jan25_3p3kV_300SA_p01_23_1_21903.d,nmdc:procsm-11-2p4c3m63
nmdc:bsm-11-27vjb865,60933_14_TOP_2_MAOM_r1_Mag_13Jan25_3p3kV_300SA_p01_24_1_21821.d,nmdc:procsm-11-jnnb5p89
nmdc:bsm-11-27vjb865,60933_14_TOP_2_MAOM_r2_Mag_13Jan25_3p3kV_300SA_p01_24_1_21860.d,nmdc:procsm-11-jnnb5p89
nmdc:bsm-11-27vjb865,60933_14_TOP_2_MAOM_r3_Mag_13Jan25_3p3kV_300SA_p01_24_1_21901.d,nmdc:procsm-11-jnnb5p89
nmdc:bsm-11-27vjb865,60933_14_TOP_3_MAOM_r1_Mag_13Jan25_3p3kV_300SA_p01_25_1_21806.d,nmdc:procsm-11-0fdab667
nmdc:bsm-11-27vjb865,60933_14_TOP_3_MAOM_r2_Mag_13Jan25_3p3kV_300SA_p01_25_1_21838.d,nmdc:procsm-11-0fdab667
nmdc:bsm-11-27vjb865,60933_14_TOP_3_MAOM_r3_Mag_13Jan25_3p3kV_300SA_p01_25_1_21941.d,nmdc:procsm-11-0fdab667
nmdc:bsm-11-jf2ajs16,60933_15_B_1_WEOM_r1_Mag_12Feb24_300SA_p01_28_1_15086.d,nmdc:procsm-11-hnz1q387
nmdc:bsm-11-jf2ajs16,60933_15_B_1_WEOM_r2_Mag_12Feb24_300SA_p01_28_1_15119.d,nmdc:procsm-11-hnz1q387
nmdc:bsm-11-jf2ajs16,60933_15_B_1_WEOM_r3_Mag_12Feb24_300SA_p01_28_1_15190.d,nmdc:procsm-11-hnz1q387
nmdc:bsm-11-jf2ajs16,60933_15_B_2_WEOM_r1_Mag_12Feb24_300SA_p01_29_1_15034.d,nmdc:procsm-11-g2pwmh77
nmdc:bsm-11-jf2ajs16,60933_15_B_2_WEOM_r2_Mag_12Feb24_300SA_p01_29_1_15166.d,nmdc:procsm-11-g2pwmh77
nmdc:bsm-11-jf2ajs16,60933_15_B_2_WEOM_r3_Mag_12Feb24_300SA_p01_29_1_15237.d,nmdc:procsm-11-g2pwmh77
nmdc:bsm-11-jf2ajs16,60933_15_B_3_WEOM_r1_Mag_12Feb24_300SA_p01_30_1_15043.d,nmdc:procsm-11-0b14zg65
nmdc:bsm-11-jf2ajs16,60933_15_B_3_WEOM_r2_Mag_12Feb24_300SA_p01_30_1_15145.d,nmdc:procsm-11-0b14zg65
nmdc:bsm-11-jf2ajs16,60933_15_B_3_WEOM_r3_Mag_12Feb24_300SA_p01_30_1_15230.d,nmdc:procsm-11-0b14zg65
nmdc:bsm-11-jf2ajs16,60933_15_BTM_1_MAOM_r1_Mag_13Jan25_3p3kV_300SA_p01_32_1_21781.d,nmdc:procsm-11-8xabrb22
nmdc:bsm-11-jf2ajs16,60933_15_BTM_1_MAOM_r2_Mag_13Jan25_3p3kV_300SA_p01_32_1_21867.d,nmdc:procsm-11-8xabrb22
nmdc:bsm-11-jf2ajs16,60933_15_BTM_1_MAOM_r3_Mag_13Jan25_3p3kV_300SA_p01_32_1_21913.d,nmdc:procsm-11-8xabrb22
nmdc:bsm-11-jf2ajs16,60933_15_BTM_2_MAOM_r1_Mag_13Jan25_3p3kV_300SA_p01_33_1_21835.d,nmdc:procsm-11-72d8nw29
nmdc:bsm-11-jf2ajs16,60933_15_BTM_2_MAOM_r2_Mag_13Jan25_3p3kV_300SA_p01_33_1_21846.d,nmdc:procsm-11-72d8nw29
nmdc:bsm-11-jf2ajs16,60933_15_BTM_2_MAOM_r3_Mag_13Jan25_3p3kV_300SA_p01_33_1_21957.d,nmdc:procsm-11-72d8nw29
nmdc:bsm-11-jf2ajs16,60933_15_BTM_3_MAOM_r1_Mag_13Jan25_3p3kV_300SA_p01_34_1_21816.d,nmdc:procsm-11-wqxf0j98
nmdc:bsm-11-jf2ajs16,60933_15_BTM_3_MAOM_r2_Mag_13Jan25_3p3kV_300SA_p01_34_1_21845.d,nmdc:procsm-11-wqxf0j98
nmdc:bsm-11-jf2ajs16,60933_15_BTM_3_MAOM_r3_Mag_13Jan25_3p3kV_300SA_p01_34_1_21923.d,nmdc:procsm-11-wqxf0j98
nmdc:bsm-11-x0f7km04,60933_15_T_1_WEOM_r1_Mag_12Feb24_300SA_p01_25_1_15065.d,nmdc:procsm-11-e12dxd96
nmdc:bsm-11-x0f7km04,60933_15_T_1_WEOM_r2_Mag_12Feb24_300SA_p01_25_1_15100.d,nmdc:procsm-11-e12dxd96
nmdc:bsm-11-x0f7km04,60933_15_T_1_WEOM_r3_Mag_12Feb24_300SA_p01_25_1_15221.d,nmdc:procsm-11-e12dxd96
nmdc:bsm-11-x0f7km04,60933_15_T_2_WEOM_r1_Mag_12Feb24_300SA_p01_26_1_15053.d,nmdc:procsm-11-p3apxb58
nmdc:bsm-11-x0f7km04,60933_15_T_2_WEOM_r2_Mag_12Feb24_300SA_p01_26_1_15168.d,nmdc:procsm-11-p3apxb58
nmdc:bsm-11-x0f7km04,60933_15_T_2_WEOM_r3_Mag_12Feb24_300SA_p01_26_1_15187.d,nmdc:procsm-11-p3apxb58
nmdc:bsm-11-x0f7km04,60933_15_T_3_WEOM_r1_Mag_12Feb24_300SA_p01_27_1_15055.d,nmdc:procsm-11-6a17kx67
nmdc:bsm-11-x0f7km04,60933_15_T_3_WEOM_r2_Mag_12Feb24_300SA_p01_27_1_15153.d,nmdc:procsm-11-6a17kx67
nmdc:bsm-11-x0f7km04,60933_15_T_3_WEOM_r3_Mag_12Feb24_300SA_p01_27_1_15219.d,nmdc:procsm-11-6a17kx67
nmdc:bsm-11-x0f7km04,60933_15_TOP_1_MAOM_r1_Mag_13Jan25_3p3kV_300SA_p01_29_1_21789.d,nmdc:procsm-11-5fyh9285
nmdc:bsm-11-x0f7km04,60933_15_TOP_1_MAOM_r2_Mag_13Jan25_3p3kV_300SA_p01_29_1_21888.d,nmdc:procsm-11-5fyh9285
nmdc:bsm-11-x0f7km04,60933_15_TOP_1_MAOM_r3_Mag_13Jan25_3p3kV_300SA_p01_29_1_21935.d,nmdc:procsm-11-5fyh9285
nmdc:bsm-11-x0f7km04,60933_15_TOP_2_MAOM_r1_Mag_13Jan25_3p3kV_300SA_p01_30_1_21805.d,nmdc:procsm-11-cv7eyc19
nmdc:bsm-11-x0f7km04,60933_15_TOP_2_MAOM_r2_Mag_13Jan25_3p3kV_300SA_p01_30_1_21861.d,nmdc:procsm-11-cv7eyc19
nmdc:bsm-11-x0f7km04,60933_15_TOP_2_MAOM_r3_Mag_13Jan25_3p3kV_300SA_p01_30_1_21916.d,nmdc:procsm-11-cv7eyc19
nmdc:bsm-11-x0f7km04,60933_15_TOP_3_MAOM_r1_Mag_13Jan25_3p3kV_300SA_p01_31_1_21827.d,nmdc:procsm-11-y9f4yj60
nmdc:bsm-11-x0f7km04,60933_15_TOP_3_MAOM_r2_Mag_13Jan25_3p3kV_300SA_p01_31_1_21858.d,nmdc:procsm-11-y9f4yj60
nmdc:bsm-11-x0f7km04,60933_15_TOP_3_MAOM_r3_Mag_13Jan25_3p3kV_300SA_p01_31_1_21947.d,nmdc:procsm-11-y9f4yj60
nmdc:bsm-11-apzept82,60933_16_B_1_WEOM_r1_Mag_12Feb24_300SA_p01_34_1_15097.d,nmdc:procsm-11-wh3yna06
nmdc:bsm-11-apzept82,60933_16_B_1_WEOM_r2_Mag_12Feb24_300SA_p01_34_1_15161.d,nmdc:procsm-11-wh3yna06
nmdc:bsm-11-apzept82,60933_16_B_1_WEOM_r3_Mag_12Feb24_300SA_p01_34_1_15177.d,nmdc:procsm-11-wh3yna06
nmdc:bsm-11-apzept82,60933_16_B_2_WEOM_r1_Mag_12Feb24_300SA_p01_35_1_15067.d,nmdc:procsm-11-sc9x7483
nmdc:bsm-11-apzept82,60933_16_B_2_WEOM_r2_Mag_12Feb24_300SA_p01_35_1_15107.d,nmdc:procsm-11-sc9x7483
nmdc:bsm-11-apzept82,60933_16_B_2_WEOM_r3_Mag_12Feb24_300SA_p01_35_1_15206.d,nmdc:procsm-11-sc9x7483
nmdc:bsm-11-apzept82,60933_16_B_3_WEOM_r1_Mag_12Feb24_300SA_p01_36_1_15098.d,nmdc:procsm-11-r1texe26
nmdc:bsm-11-apzept82,60933_16_B_3_WEOM_r2_Mag_12Feb24_300SA_p01_36_1_15101.d,nmdc:procsm-11-r1texe26
nmdc:bsm-11-apzept82,60933_16_B_3_WEOM_r3_Mag_12Feb24_300SA_p01_36_1_15194.d,nmdc:procsm-11-r1texe26
nmdc:bsm-11-apzept82,60933_16_BTM_2_MAOM_r1_Mag_13Jan25_3p3kV_300SA_p01_38_1_21808.d,nmdc:procsm-11-83cdbg52
nmdc:bsm-11-apzept82,60933_16_BTM_2_MAOM_r2_Mag_13Jan25_3p3kV_300SA_p01_38_1_21869.d,nmdc:procsm-11-83cdbg52
nmdc:bsm-11-apzept82,60933_16_BTM_2_MAOM_r3_Mag_13Jan25_3p3kV_300SA_p01_38_1_21925.d,nmdc:procsm-11-83cdbg52
nmdc:bsm-11-apzept82,60933_16_BTM_3_MAOM_r1_Mag_13Jan25_3p3kV_300SA_p01_39_1_21833.d,nmdc:procsm-11-mq6fnb14
nmdc:bsm-11-apzept82,60933_16_BTM_3_MAOM_r2_Mag_13Jan25_3p3kV_300SA_p01_39_1_21897.d,nmdc:procsm-11-mq6fnb14
nmdc:bsm-11-apzept82,60933_16_BTM_3_MAOM_r3_Mag_13Jan25_3p3kV_300SA_p01_39_1_21909.d,nmdc:procsm-11-mq6fnb14
nmdc:bsm-11-xdnfxa02,60933_16_T_1_WEOM_r1_Mag_12Feb24_300SA_p01_31_1_15094.d,nmdc:procsm-11-b1hdz929
nmdc:bsm-11-xdnfxa02,60933_16_T_1_WEOM_r2_Mag_12Feb24_300SA_p01_31_1_15109.d,nmdc:procsm-11-b1hdz929
nmdc:bsm-11-xdnfxa02,60933_16_T_1_WEOM_r3_Mag_12Feb24_300SA_p01_31_1_15223.d,nmdc:procsm-11-b1hdz929
nmdc:bsm-11-xdnfxa02,60933_16_T_2_WEOM_r1_Mag_12Feb24_300SA_p01_32_1_15077.d,nmdc:procsm-11-44mamm52
nmdc:bsm-11-xdnfxa02,60933_16_T_2_WEOM_r2_Mag_12Feb24_300SA_p01_32_1_15132.d,nmdc:procsm-11-44mamm52
nmdc:bsm-11-xdnfxa02,60933_16_T_2_WEOM_r3_Mag_12Feb24_300SA_p01_32_1_15217.d,nmdc:procsm-11-44mamm52
nmdc:bsm-11-xdnfxa02,60933_16_T_3_WEOM_r1_Mag_12Feb24_300SA_p01_33_1_15052.d,nmdc:procsm-11-6sr0zy48
nmdc:bsm-11-xdnfxa02,60933_16_T_3_WEOM_r2_Mag_12Feb24_300SA_p01_33_1_15140.d,nmdc:procsm-11-6sr0zy48
nmdc:bsm-11-xdnfxa02,60933_16_T_3_WEOM_r3_Mag_12Feb24_300SA_p01_33_1_15171.d,nmdc:procsm-11-6sr0zy48
nmdc:bsm-11-xdnfxa02,60933_16_TOP_1_MAOM_r1_Mag_13Jan25_3p3kV_300SA_p01_35_1_21783.d,nmdc:procsm-11-ccs9bj94
nmdc:bsm-11-xdnfxa02,60933_16_TOP_1_MAOM_r2_Mag_13Jan25_3p3kV_300SA_p01_35_1_21849.d,nmdc:procsm-11-ccs9bj94
nmdc:bsm-11-xdnfxa02,60933_16_TOP_1_MAOM_r3_Mag_13Jan25_3p3kV_300SA_p01_35_1_21924.d,nmdc:procsm-11-ccs9bj94
nmdc:bsm-11-xdnfxa02,60933_16_TOP_2_MAOM_r1_Mag_13Jan25_3p3kV_300SA_p01_36_1_21813.d,nmdc:procsm-11-1pgfge56
nmdc:bsm-11-xdnfxa02,60933_16_TOP_2_MAOM_r2_Mag_13Jan25_3p3kV_300SA_p01_36_1_21839.d,nmdc:procsm-11-1pgfge56
nmdc:bsm-11-xdnfxa02,60933_16_TOP_2_MAOM_r3_Mag_13Jan25_3p3kV_300SA_p01_36_1_21927.d,nmdc:procsm-11-1pgfge56
nmdc:bsm-11-xdnfxa02,60933_16_TOP_3_MAOM_r1_Mag_13Jan25_3p3kV_300SA_p01_37_1_21823.d,nmdc:procsm-11-sj129n85
nmdc:bsm-11-xdnfxa02,60933_16_TOP_3_MAOM_r2_Mag_13Jan25_3p3kV_300SA_p01_37_1_21890.d,nmdc:procsm-11-sj129n85
nmdc:bsm-11-xdnfxa02,60933_16_TOP_3_MAOM_r3_Mag_13Jan25_3p3kV_300SA_p01_37_1_21958.d,nmdc:procsm-11-sj129n85
nmdc:bsm-11-fkyzkq80,60933_17_B_1_WEOM_r1_Mag_12Feb24_300SA_p01_40_1_15028.d,nmdc:procsm-11-wb412y34
nmdc:bsm-11-fkyzkq80,60933_17_B_1_WEOM_r2_Mag_12Feb24_300SA_p01_40_1_15124.d,nmdc:procsm-11-wb412y34
nmdc:bsm-11-fkyzkq80,60933_17_B_1_WEOM_r3_Mag_12Feb24_300SA_p01_40_1_15205.d,nmdc:procsm-11-wb412y34
nmdc:bsm-11-fkyzkq80,60933_17_B_2_WEOM_r1_Mag_12Feb24_300SA_p01_41_1_15039.d,nmdc:procsm-11-n68x8d87
nmdc:bsm-11-fkyzkq80,60933_17_B_2_WEOM_r2_Mag_12Feb24_300SA_p01_41_1_15160.d,nmdc:procsm-11-n68x8d87
nmdc:bsm-11-fkyzkq80,60933_17_B_2_WEOM_r3_Mag_12Feb24_300SA_p01_41_1_15193.d,nmdc:procsm-11-n68x8d87
nmdc:bsm-11-fkyzkq80,60933_17_B_3_WEOM_r1_Mag_12Feb24_300SA_p01_42_1_15056.d,nmdc:procsm-11-v0x45v35
nmdc:bsm-11-fkyzkq80,60933_17_B_3_WEOM_r2_Mag_12Feb24_300SA_p01_42_1_15130.d,nmdc:procsm-11-v0x45v35
nmdc:bsm-11-fkyzkq80,60933_17_B_3_WEOM_r3_Mag_12Feb24_300SA_p01_42_1_15216.d,nmdc:procsm-11-v0x45v35
nmdc:bsm-11-fkyzkq80,60933_17_BTM_1_MAOM_r1_Mag_13Jan25_3p3kV_300SA_p01_43_1_21796.d,nmdc:procsm-11-jcgwp608
nmdc:bsm-11-fkyzkq80,60933_17_BTM_1_MAOM_r2_Mag_13Jan25_3p3kV_300SA_p01_43_1_21889.d,nmdc:procsm-11-jcgwp608
nmdc:bsm-11-fkyzkq80,60933_17_BTM_1_MAOM_r3_Mag_13Jan25_3p3kV_300SA_p01_43_1_21956.d,nmdc:procsm-11-jcgwp608
nmdc:bsm-11-fkyzkq80,60933_17_BTM_2_MAOM_r1_Mag_13Jan25_3p3kV_300SA_p01_44_1_21800.d,nmdc:procsm-11-0js7ry21
nmdc:bsm-11-fkyzkq80,60933_17_BTM_2_MAOM_r2_Mag_13Jan25_3p3kV_300SA_p01_44_1_21893.d,nmdc:procsm-11-0js7ry21
nmdc:bsm-11-fkyzkq80,60933_17_BTM_2_MAOM_r3_Mag_13Jan25_3p3kV_300SA_p01_44_1_21904.d,nmdc:procsm-11-0js7ry21
nmdc:bsm-11-fkyzkq80,60933_17_BTM_3_MAOM_r1_Mag_13Jan25_3p3kV_300SA_p01_45_1_21802.d,nmdc:procsm-11-f1y2hq56
nmdc:bsm-11-fkyzkq80,60933_17_BTM_3_MAOM_r2_Mag_13Jan25_3p3kV_300SA_p01_45_1_21862.d,nmdc:procsm-11-f1y2hq56
nmdc:bsm-11-fkyzkq80,60933_17_BTM_3_MAOM_r3_Mag_13Jan25_3p3kV_300SA_p01_45_1_21948.d,nmdc:procsm-11-f1y2hq56
nmdc:bsm-11-951zby59,60933_17_T_1_WEOM_r1_Mag_12Feb24_300SA_p01_37_1_15044.d,nmdc:procsm-11-gkf54x60
nmdc:bsm-11-951zby59,60933_17_T_1_WEOM_r2_Mag_12Feb24_300SA_p01_37_1_15144.d,nmdc:procsm-11-gkf54x60
nmdc:bsm-11-951zby59,60933_17_T_1_WEOM_r3_Mag_12Feb24_300SA_p01_37_1_15186.d,nmdc:procsm-11-gkf54x60
nmdc:bsm-11-951zby59,60933_17_T_2_WEOM_r1_Mag_12Feb24_300SA_p01_38_1_15047.d,nmdc:procsm-11-rzpg3902
nmdc:bsm-11-951zby59,60933_17_T_2_WEOM_r2_Mag_12Feb24_300SA_p01_38_1_15111.d,nmdc:procsm-11-rzpg3902
nmdc:bsm-11-951zby59,60933_17_T_2_WEOM_r3_Mag_12Feb24_300SA_p01_38_1_15191.d,nmdc:procsm-11-rzpg3902
nmdc:bsm-11-951zby59,60933_17_T_3_WEOM_r1_Mag_12Feb24_300SA_p01_39_1_15035.d,nmdc:procsm-11-m6ka4684
nmdc:bsm-11-951zby59,60933_17_T_3_WEOM_r2_Mag_12Feb24_300SA_p01_39_1_15164.d,nmdc:procsm-11-m6ka4684
nmdc:bsm-11-951zby59,60933_17_T_3_WEOM_r3_Mag_12Feb24_300SA_p01_39_1_15213.d,nmdc:procsm-11-m6ka4684
nmdc:bsm-11-951zby59,60933_17_TOP_1_MAOM_r1_Mag_31Jan25_3p3kV_300SA_p01_40_1_22724.d,nmdc:procsm-11-90dgmy35
nmdc:bsm-11-951zby59,60933_17_TOP_1_MAOM_r2_Mag_31Jan25_3p3kV_300SA_p01_40_1_22731.d,nmdc:procsm-11-90dgmy35
nmdc:bsm-11-951zby59,60933_17_TOP_1_MAOM_r3_Mag_31Jan25_3p3kV_300SA_p01_40_1_22737.d,nmdc:procsm-11-90dgmy35
nmdc:bsm-11-951zby59,60933_17_TOP_2_MAOM_r2_Mag_31Jan25_3p3kV_300SA_p01_41_1_22735.d,nmdc:procsm-11-64bbff08
nmdc:bsm-11-951zby59,60933_17_TOP_2_MAOM_r3_Mag_31Jan25_3p3kV_300SA_p01_41_1_22741.d,nmdc:procsm-11-64bbff08
nmdc:bsm-11-951zby59,60933_17_TOP_3_MAOM_r1_Mag_31Jan25_3p3kV_300SA_p01_42_1_22729.d,nmdc:procsm-11-kd44ry62
nmdc:bsm-11-951zby59,60933_17_TOP_3_MAOM_r2_Mag_31Jan25_3p3kV_300SA_p01_42_1_22732.d,nmdc:procsm-11-kd44ry62
nmdc:bsm-11-951zby59,60933_17_TOP_3_MAOM_r3_Mag_31Jan25_3p3kV_300SA_p01_42_1_22739.d,nmdc:procsm-11-kd44ry62
nmdc:bsm-11-jedmbg95,60933_18_B_1_WEOM_r1_Mag_12Feb24_300SA_p01_46_1_15042.d,nmdc:procsm-11-sm04sz45
nmdc:bsm-11-jedmbg95,60933_18_B_1_WEOM_r2_Mag_12Feb24_300SA_p01_46_1_15106.d,nmdc:procsm-11-sm04sz45
nmdc:bsm-11-jedmbg95,60933_18_B_1_WEOM_r3_Mag_12Feb24_300SA_p01_46_1_15183.d,nmdc:procsm-11-sm04sz45
nmdc:bsm-11-jedmbg95,60933_18_B_2_WEOM_r1_Mag_12Feb24_300SA_p01_47_1_15051.d,nmdc:procsm-11-t8fagt14
nmdc:bsm-11-jedmbg95,60933_18_B_2_WEOM_r2_Mag_12Feb24_300SA_p01_47_1_15129.d,nmdc:procsm-11-t8fagt14
nmdc:bsm-11-jedmbg95,60933_18_B_2_WEOM_r3_Mag_12Feb24_300SA_p01_47_1_15175.d,nmdc:procsm-11-t8fagt14
nmdc:bsm-11-jedmbg95,60933_18_B_3_WEOM_r1_Mag_12Feb24_300SA_p01_48_1_15088.d,nmdc:procsm-11-rax6ta70
nmdc:bsm-11-jedmbg95,60933_18_B_3_WEOM_r2_Mag_12Feb24_300SA_p01_48_1_15139.d,nmdc:procsm-11-rax6ta70
nmdc:bsm-11-jedmbg95,60933_18_B_3_WEOM_r3_Mag_12Feb24_300SA_p01_48_1_15199.d,nmdc:procsm-11-rax6ta70
nmdc:bsm-11-jedmbg95,60933_18_BTM_1_MAOM_r1_Mag_29Jan25_3p3kV_300SA_p01_4_1_22575.d,nmdc:procsm-11-4dyw0h25
nmdc:bsm-11-jedmbg95,60933_18_BTM_1_MAOM_r2_Mag_29Jan25_3p3kV_300SA_p01_4_1_22652.d,nmdc:procsm-11-4dyw0h25
nmdc:bsm-11-jedmbg95,60933_18_BTM_1_MAOM_r3_Mag_29Jan25_3p3kV_300SA_p01_4_1_22693.d,nmdc:procsm-11-4dyw0h25
nmdc:bsm-11-jedmbg95,60933_18_BTM_2_MAOM_r1_Mag_29Jan25_3p3kV_300SA_p01_5_1_22602.d,nmdc:procsm-11-2902yt61
nmdc:bsm-11-jedmbg95,60933_18_BTM_2_MAOM_r2_Mag_29Jan25_3p3kV_300SA_p01_5_1_22639.d,nmdc:procsm-11-2902yt61
nmdc:bsm-11-jedmbg95,60933_18_BTM_2_MAOM_r3_Mag_29Jan25_3p3kV_300SA_p01_5_1_22674.d,nmdc:procsm-11-2902yt61
nmdc:bsm-11-jedmbg95,60933_18_BTM_3_MAOM_r1_Mag_29Jan25_3p3kV_300SA_p01_6_1_22570.d,nmdc:procsm-11-40nw2b84
nmdc:bsm-11-jedmbg95,60933_18_BTM_3_MAOM_r2_Mag_29Jan25_3p3kV_300SA_p01_6_1_22655.d,nmdc:procsm-11-40nw2b84
nmdc:bsm-11-jedmbg95,60933_18_BTM_3_MAOM_r3_Mag_29Jan25_3p3kV_300SA_p01_6_1_22665.d,nmdc:procsm-11-40nw2b84
nmdc:bsm-11-35y2vd49,60933_18_T_1_WEOM_r1_Mag_12Feb24_300SA_p01_43_1_15073.d,nmdc:procsm-11-2haec125
nmdc:bsm-11-35y2vd49,60933_18_T_1_WEOM_r2_Mag_12Feb24_300SA_p01_43_1_15102.d,nmdc:procsm-11-2haec125
nmdc:bsm-11-35y2vd49,60933_18_T_1_WEOM_r3_Mag_12Feb24_300SA_p01_43_1_15200.d,nmdc:procsm-11-2haec125
nmdc:bsm-11-35y2vd49,60933_18_T_2_WEOM_r1_Mag_12Feb24_300SA_p01_44_1_15029.d,nmdc:procsm-11-tc0bmj65
nmdc:bsm-11-35y2vd49,60933_18_T_2_WEOM_r2_Mag_12Feb24_300SA_p01_44_1_15152.d,nmdc:procsm-11-tc0bmj65
nmdc:bsm-11-35y2vd49,60933_18_T_2_WEOM_r3_Mag_12Feb24_300SA_p01_44_1_15198.d,nmdc:procsm-11-tc0bmj65
nmdc:bsm-11-35y2vd49,60933_18_T_3_WEOM_r1_Mag_12Feb24_300SA_p01_45_1_15066.d,nmdc:procsm-11-g4e66t28
nmdc:bsm-11-35y2vd49,60933_18_T_3_WEOM_r2_Mag_12Feb24_300SA_p01_45_1_15149.d,nmdc:procsm-11-g4e66t28
nmdc:bsm-11-35y2vd49,60933_18_T_3_WEOM_r3_Mag_12Feb24_300SA_p01_45_1_15179.d,nmdc:procsm-11-g4e66t28
nmdc:bsm-11-35y2vd49,60933_18_TOP_1_MAOM_r1_Mag_29Jan25_3p3kV_300SA_p01_1_1_22568.d,nmdc:procsm-11-tajhej95
nmdc:bsm-11-35y2vd49,60933_18_TOP_1_MAOM_r2_Mag_29Jan25_3p3kV_300SA_p01_1_1_22650.d,nmdc:procsm-11-tajhej95
nmdc:bsm-11-35y2vd49,60933_18_TOP_1_MAOM_r3_Mag_29Jan25_3p3kV_300SA_p01_1_1_22716.d,nmdc:procsm-11-tajhej95
nmdc:bsm-11-35y2vd49,60933_18_TOP_2_MAOM_r1_Mag_29Jan25_3p3kV_300SA_p01_2_1_22584.d,nmdc:procsm-11-whtth467
nmdc:bsm-11-35y2vd49,60933_18_TOP_2_MAOM_r2_Mag_29Jan25_3p3kV_300SA_p01_2_1_22635.d,nmdc:procsm-11-whtth467
nmdc:bsm-11-35y2vd49,60933_18_TOP_2_MAOM_r3_Mag_29Jan25_3p3kV_300SA_p01_2_1_22666.d,nmdc:procsm-11-whtth467
nmdc:bsm-11-35y2vd49,60933_18_TOP_3_MAOM_r1_Mag_29Jan25_3p3kV_300SA_p01_3_1_22562.d,nmdc:procsm-11-76v62714
nmdc:bsm-11-35y2vd49,60933_18_TOP_3_MAOM_r2_Mag_29Jan25_3p3kV_300SA_p01_3_1_22637.d,nmdc:procsm-11-76v62714
nmdc:bsm-11-35y2vd49,60933_18_TOP_3_MAOM_r3_Mag_29Jan25_3p3kV_300SA_p01_3_1_22699.d,nmdc:procsm-11-76v62714
nmdc:bsm-11-mqz7tj25,60933_19_B_1_WEOM_r1_Mag_12Feb24_300SA_p01_1_1_15082.d,nmdc:procsm-11-6y298g47
nmdc:bsm-11-mqz7tj25,60933_19_B_1_WEOM_r2_Mag_12Feb24_300SA_p01_1_1_15147.d,nmdc:procsm-11-6y298g47
nmdc:bsm-11-mqz7tj25,60933_19_B_1_WEOM_r3_Mag_12Feb24_300SA_p01_1_1_15184.d,nmdc:procsm-11-6y298g47
nmdc:bsm-11-mqz7tj25,60933_19_B_2_WEOM_r1_Mag_12Feb24_300SA_p01_2_1_15030.d,nmdc:procsm-11-4rj8dy65
nmdc:bsm-11-mqz7tj25,60933_19_B_2_WEOM_r2_Mag_12Feb24_300SA_p01_2_1_15118.d,nmdc:procsm-11-4rj8dy65
nmdc:bsm-11-mqz7tj25,60933_19_B_2_WEOM_r3_Mag_12Feb24_300SA_p01_2_1_15228.d,nmdc:procsm-11-4rj8dy65
nmdc:bsm-11-mqz7tj25,60933_19_B_3_WEOM_r1_Mag_12Feb24_300SA_p01_3_1_15058.d,nmdc:procsm-11-tvpfy205
nmdc:bsm-11-mqz7tj25,60933_19_B_3_WEOM_r2_Mag_12Feb24_300SA_p01_3_1_15157.d,nmdc:procsm-11-tvpfy205
nmdc:bsm-11-mqz7tj25,60933_19_B_3_WEOM_r3_Mag_12Feb24_300SA_p01_3_1_15211.d,nmdc:procsm-11-tvpfy205
nmdc:bsm-11-mqz7tj25,60933_19_BTM_1_MAOM_r1_Mag_29Jan25_3p3kV_300SA_p01_10_1_22576.d,nmdc:procsm-11-70kd2e87
nmdc:bsm-11-mqz7tj25,60933_19_BTM_1_MAOM_r2_Mag_29Jan25_3p3kV_300SA_p01_10_1_22641.d,nmdc:procsm-11-70kd2e87
nmdc:bsm-11-mqz7tj25,60933_19_BTM_1_MAOM_r3_Mag_29Jan25_3p3kV_300SA_p01_10_1_22694.d,nmdc:procsm-11-70kd2e87
nmdc:bsm-11-mqz7tj25,60933_19_BTM_2_MAOM_r1_Mag_29Jan25_3p3kV_300SA_p01_11_1_22556.d,nmdc:procsm-11-9qezk050
nmdc:bsm-11-mqz7tj25,60933_19_BTM_2_MAOM_r2_Mag_29Jan25_3p3kV_300SA_p01_11_1_22613.d,nmdc:procsm-11-9qezk050
nmdc:bsm-11-mqz7tj25,60933_19_BTM_2_MAOM_r3_Mag_29Jan25_3p3kV_300SA_p01_11_1_22721.d,nmdc:procsm-11-9qezk050
nmdc:bsm-11-mqz7tj25,60933_19_BTM_3_MAOM_r1_Mag_29Jan25_3p3kV_300SA_p01_12_1_22548.d,nmdc:procsm-11-f2yw2536
nmdc:bsm-11-mqz7tj25,60933_19_BTM_3_MAOM_r2_Mag_29Jan25_3p3kV_300SA_p01_12_1_22606.d,nmdc:procsm-11-f2yw2536
nmdc:bsm-11-mqz7tj25,60933_19_BTM_3_MAOM_r3_Mag_29Jan25_3p3kV_300SA_p01_12_1_22689.d,nmdc:procsm-11-f2yw2536
nmdc:bsm-11-9ypxen30,60933_19_T_1_WEOM_r1_Mag_12Feb24_300SA_p01_49_1_15040.d,nmdc:procsm-11-67ec2p17
nmdc:bsm-11-9ypxen30,60933_19_T_1_WEOM_r2_Mag_12Feb24_300SA_p01_49_1_15148.d,nmdc:procsm-11-67ec2p17
nmdc:bsm-11-9ypxen30,60933_19_T_1_WEOM_r3_Mag_12Feb24_300SA_p01_49_1_15236.d,nmdc:procsm-11-67ec2p17
nmdc:bsm-11-9ypxen30,60933_19_T_2_WEOM_r1_Mag_12Feb24_300SA_p01_50_1_15059.d,nmdc:procsm-11-c5zk2h82
nmdc:bsm-11-9ypxen30,60933_19_T_2_WEOM_r2_Mag_12Feb24_300SA_p01_50_1_15112.d,nmdc:procsm-11-c5zk2h82
nmdc:bsm-11-9ypxen30,60933_19_T_2_WEOM_r3_Mag_12Feb24_300SA_p01_50_1_15204.d,nmdc:procsm-11-c5zk2h82
nmdc:bsm-11-9ypxen30,60933_19_T_3_WEOM_r1_Mag_12Feb24_300SA_p01_51_1_15085.d,nmdc:procsm-11-5g75e683
nmdc:bsm-11-9ypxen30,60933_19_T_3_WEOM_r2_Mag_12Feb24_300SA_p01_51_1_15125.d,nmdc:procsm-11-5g75e683
nmdc:bsm-11-9ypxen30,60933_19_T_3_WEOM_r3_Mag_12Feb24_300SA_p01_51_1_15196.d,nmdc:procsm-11-5g75e683
nmdc:bsm-11-9ypxen30,60933_19_TOP_1_MAOM_r1_Mag_29Jan25_3p3kV_300SA_p01_7_1_22567.d,nmdc:procsm-11-awd12875
nmdc:bsm-11-9ypxen30,60933_19_TOP_1_MAOM_r2_Mag_29Jan25_3p3kV_300SA_p01_7_1_22651.d,nmdc:procsm-11-awd12875
nmdc:bsm-11-9ypxen30,60933_19_TOP_1_MAOM_r3_Mag_29Jan25_3p3kV_300SA_p01_7_1_22708.d,nmdc:procsm-11-awd12875
nmdc:bsm-11-9ypxen30,60933_19_TOP_2_MAOM_r1_Mag_29Jan25_3p3kV_300SA_p01_8_1_22591.d,nmdc:procsm-11-29mmah75
nmdc:bsm-11-9ypxen30,60933_19_TOP_2_MAOM_r2_Mag_29Jan25_3p3kV_300SA_p01_8_1_22616.d,nmdc:procsm-11-29mmah75
nmdc:bsm-11-9ypxen30,60933_19_TOP_2_MAOM_r3_Mag_29Jan25_3p3kV_300SA_p01_8_1_22711.d,nmdc:procsm-11-29mmah75
nmdc:bsm-11-9ypxen30,60933_19_TOP_3_MAOM_r1_Mag_29Jan25_3p3kV_300SA_p01_9_1_22560.d,nmdc:procsm-11-8sqyjg25
nmdc:bsm-11-9ypxen30,60933_19_TOP_3_MAOM_r2_Mag_29Jan25_3p3kV_300SA_p01_9_1_22621.d,nmdc:procsm-11-8sqyjg25
nmdc:bsm-11-9ypxen30,60933_19_TOP_3_MAOM_r3_Mag_29Jan25_3p3kV_300SA_p01_9_1_22668.d,nmdc:procsm-11-8sqyjg25
nmdc:bsm-11-rn3ztg26,60933_2_B_1_WEOM_r1_Mag_18Jan24_300SA_p01_7_1_14706.d,nmdc:procsm-11-6wtq9227
nmdc:bsm-11-rn3ztg26,60933_2_B_1_WEOM_r2_Mag_18Jan24_300SA_p01_7_1_14847.d,nmdc:procsm-11-6wtq9227
nmdc:bsm-11-rn3ztg26,60933_2_B_1_WEOM_r3_Mag_18Jan24_300SA_p01_7_1_14928.d,nmdc:procsm-11-6wtq9227
nmdc:bsm-11-rn3ztg26,60933_2_B_2_WEOM_r1_Mag_18Jan24_300SA_p01_8_1_14723.d,nmdc:procsm-11-pb0c2a97
nmdc:bsm-11-rn3ztg26,60933_2_B_2_WEOM_r2_Mag_18Jan24_300SA_p01_8_1_14806.d,nmdc:procsm-11-pb0c2a97
nmdc:bsm-11-rn3ztg26,60933_2_B_2_WEOM_r3_Mag_18Jan24_300SA_p01_8_1_14960.d,nmdc:procsm-11-pb0c2a97
nmdc:bsm-11-rn3ztg26,60933_2_B_3_WEOM_r1_Mag_18Jan24_300SA_p01_9_1_14721.d,nmdc:procsm-11-x27eqf70
nmdc:bsm-11-rn3ztg26,60933_2_B_3_WEOM_r2_Mag_18Jan24_300SA_p01_9_1_14826.d,nmdc:procsm-11-x27eqf70
nmdc:bsm-11-rn3ztg26,60933_2_B_3_WEOM_r3_Mag_18Jan24_300SA_p01_9_1_14946.d,nmdc:procsm-11-x27eqf70
nmdc:bsm-11-rn3ztg26,60933_2_BTM_1_MAOM_r1_Mag_05Jan25_3p3kV_300SA_p01_7_1_21599.d,nmdc:procsm-11-txvh1d47
nmdc:bsm-11-rn3ztg26,60933_2_BTM_1_MAOM_r2_Mag_05Jan25_3p3kV_300SA_p01_7_1_21682.d,nmdc:procsm-11-txvh1d47
nmdc:bsm-11-rn3ztg26,60933_2_BTM_1_MAOM_r3_Mag_20Jan25_3p3kV_300SA_p01_7_1_22165.d,nmdc:procsm-11-txvh1d47
nmdc:bsm-11-rn3ztg26,60933_2_BTM_2_MAOM_r1_Mag_05Jan25_3p3kV_300SA_p01_8_1_21623.d,nmdc:procsm-11-vbq7d862
nmdc:bsm-11-rn3ztg26,60933_2_BTM_2_MAOM_r2_Mag_05Jan25_3p3kV_300SA_p01_8_1_21657.d,nmdc:procsm-11-vbq7d862
nmdc:bsm-11-rn3ztg26,60933_2_BTM_2_MAOM_r3_Mag_20Jan25_3p3kV_300SA_p01_8_1_22150.d,nmdc:procsm-11-vbq7d862
nmdc:bsm-11-rn3ztg26,60933_2_BTM_3_MAOM_r1_Mag_05Jan25_3p3kV_300SA_p01_9_1_21602.d,nmdc:procsm-11-kdew3081
nmdc:bsm-11-rn3ztg26,60933_2_BTM_3_MAOM_r2_Mag_05Jan25_3p3kV_300SA_p01_9_1_21693.d,nmdc:procsm-11-kdew3081
nmdc:bsm-11-rn3ztg26,60933_2_BTM_3_MAOM_r3_Mag_20Jan25_3p3kV_300SA_p01_9_1_22178.d,nmdc:procsm-11-kdew3081
nmdc:bsm-11-p1rg8185,60933_2_T_1_WEOM_r1_Mag_18Jan24_300SA_p01_4_1_14744.d,nmdc:procsm-11-1t8rmn17
nmdc:bsm-11-p1rg8185,60933_2_T_1_WEOM_r2_Mag_18Jan24_300SA_p01_4_1_14821.d,nmdc:procsm-11-1t8rmn17
nmdc:bsm-11-p1rg8185,60933_2_T_1_WEOM_r3_Mag_18Jan24_300SA_p01_4_1_14938.d,nmdc:procsm-11-1t8rmn17
nmdc:bsm-11-p1rg8185,60933_2_T_2_WEOM_r1_Mag_18Jan24_300SA_p01_5_1_14734.d,nmdc:procsm-11-dq8xbc30
nmdc:bsm-11-p1rg8185,60933_2_T_2_WEOM_r2_Mag_18Jan24_300SA_p01_5_1_14799.d,nmdc:procsm-11-dq8xbc30
nmdc:bsm-11-p1rg8185,60933_2_T_2_WEOM_r3_Mag_18Jan24_300SA_p01_5_1_14950.d,nmdc:procsm-11-dq8xbc30
nmdc:bsm-11-p1rg8185,60933_2_T_3_WEOM_r1_Mag_18Jan24_300SA_p01_6_1_14696.d,nmdc:procsm-11-2cs56634
nmdc:bsm-11-p1rg8185,60933_2_T_3_WEOM_r2_Mag_18Jan24_300SA_p01_6_1_14844.d,nmdc:procsm-11-2cs56634
nmdc:bsm-11-p1rg8185,60933_2_T_3_WEOM_r3_Mag_18Jan24_300SA_p01_6_1_14945.d,nmdc:procsm-11-2cs56634
nmdc:bsm-11-p1rg8185,60933_2_TOP_1_MAOM_r1_Mag_05Jan25_3p3kV_300SA_p01_4_1_21593.d,nmdc:procsm-11-r8pe2v06
nmdc:bsm-11-p1rg8185,60933_2_TOP_1_MAOM_r2_Mag_05Jan25_3p3kV_300SA_p01_4_1_21703.d,nmdc:procsm-11-r8pe2v06
nmdc:bsm-11-p1rg8185,60933_2_TOP_1_MAOM_r3_Mag_20Jan25_3p3kV_300SA_p01_4_1_22140.d,nmdc:procsm-11-r8pe2v06
nmdc:bsm-11-p1rg8185,60933_2_TOP_2_MAOM_r1_Mag_05Jan25_3p3kV_300SA_p01_5_1_21614.d,nmdc:procsm-11-taazg749
nmdc:bsm-11-p1rg8185,60933_2_TOP_2_MAOM_r2_Mag_05Jan25_3p3kV_300SA_p01_5_1_21690.d,nmdc:procsm-11-taazg749
nmdc:bsm-11-p1rg8185,60933_2_TOP_2_MAOM_r3_Mag_20Jan25_3p3kV_300SA_p01_5_1_22139.d,nmdc:procsm-11-taazg749
nmdc:bsm-11-p1rg8185,60933_2_TOP_3_MAOM_r1_Mag_05Jan25_3p3kV_300SA_p01_6_1_21600.d,nmdc:procsm-11-dvamvp55
nmdc:bsm-11-p1rg8185,60933_2_TOP_3_MAOM_r2_Mag_05Jan25_3p3kV_300SA_p01_6_1_21695.d,nmdc:procsm-11-dvamvp55
nmdc:bsm-11-p1rg8185,60933_2_TOP_3_MAOM_r3_Mag_20Jan25_3p3kV_300SA_p01_6_1_22173.d,nmdc:procsm-11-dvamvp55
nmdc:bsm-11-689kqb07,60933_20_B_1_WEOM_r1_Mag_12Feb24_300SA_p01_7_1_15080.d,nmdc:procsm-11-kq7j3n13
nmdc:bsm-11-689kqb07,60933_20_B_1_WEOM_r2_Mag_12Feb24_300SA_p01_7_1_15120.d,nmdc:procsm-11-kq7j3n13
nmdc:bsm-11-689kqb07,60933_20_B_1_WEOM_r3_Mag_12Feb24_300SA_p01_7_1_15234.d,nmdc:procsm-11-kq7j3n13
nmdc:bsm-11-689kqb07,60933_20_B_2_WEOM_r1_Mag_12Feb24_300SA_p01_8_1_15045.d,nmdc:procsm-11-q50h5j59
nmdc:bsm-11-689kqb07,60933_20_B_2_WEOM_r2_Mag_12Feb24_300SA_p01_8_1_15135.d,nmdc:procsm-11-q50h5j59
nmdc:bsm-11-689kqb07,60933_20_B_2_WEOM_r3_Mag_12Feb24_300SA_p01_8_1_15232.d,nmdc:procsm-11-q50h5j59
nmdc:bsm-11-689kqb07,60933_20_B_3_WEOM_r1_Mag_12Feb24_300SA_p01_9_1_15087.d,nmdc:procsm-11-y0399x68
nmdc:bsm-11-689kqb07,60933_20_B_3_WEOM_r2_Mag_12Feb24_300SA_p01_9_1_15105.d,nmdc:procsm-11-y0399x68
nmdc:bsm-11-689kqb07,60933_20_B_3_WEOM_r3_Mag_12Feb24_300SA_p01_9_1_15189.d,nmdc:procsm-11-y0399x68
nmdc:bsm-11-689kqb07,60933_20_BTM_1_MAOM_r1_Mag_29Jan25_3p3kV_300SA_p01_16_1_22603.d,nmdc:procsm-11-09epdf06
nmdc:bsm-11-689kqb07,60933_20_BTM_1_MAOM_r2_Mag_29Jan25_3p3kV_300SA_p01_16_1_22629.d,nmdc:procsm-11-09epdf06
nmdc:bsm-11-689kqb07,60933_20_BTM_1_MAOM_r3_Mag_29Jan25_3p3kV_300SA_p01_16_1_22670.d,nmdc:procsm-11-09epdf06
nmdc:bsm-11-689kqb07,60933_20_BTM_2_MAOM_r1_Mag_29Jan25_3p3kV_300SA_p01_17_1_22593.d,nmdc:procsm-11-hctnxz56
nmdc:bsm-11-689kqb07,60933_20_BTM_2_MAOM_r2_Mag_29Jan25_3p3kV_300SA_p01_17_1_22620.d,nmdc:procsm-11-hctnxz56
nmdc:bsm-11-689kqb07,60933_20_BTM_2_MAOM_r3_Mag_29Jan25_3p3kV_300SA_p01_17_1_22695.d,nmdc:procsm-11-hctnxz56
nmdc:bsm-11-689kqb07,60933_20_BTM_3_MAOM_r1_Mag_29Jan25_3p3kV_300SA_p01_18_1_22581.d,nmdc:procsm-11-zfgfyv46
nmdc:bsm-11-689kqb07,60933_20_BTM_3_MAOM_r2_Mag_29Jan25_3p3kV_300SA_p01_18_1_22662.d,nmdc:procsm-11-zfgfyv46
nmdc:bsm-11-689kqb07,60933_20_BTM_3_MAOM_r3_Mag_29Jan25_3p3kV_300SA_p01_18_1_22687.d,nmdc:procsm-11-zfgfyv46
nmdc:bsm-11-ancrqc19,60933_20_T_1_WEOM_r1_Mag_12Feb24_300SA_p01_4_1_15096.d,nmdc:procsm-11-w4zqep30
nmdc:bsm-11-ancrqc19,60933_20_T_1_WEOM_r2_Mag_12Feb24_300SA_p01_4_1_15141.d,nmdc:procsm-11-w4zqep30
nmdc:bsm-11-ancrqc19,60933_20_T_1_WEOM_r3_Mag_12Feb24_300SA_p01_4_1_15229.d,nmdc:procsm-11-w4zqep30
nmdc:bsm-11-ancrqc19,60933_20_T_2_WEOM_r1_Mag_12Feb24_300SA_p01_5_1_15090.d,nmdc:procsm-11-exd49p45
nmdc:bsm-11-ancrqc19,60933_20_T_2_WEOM_r2_Mag_12Feb24_300SA_p01_5_1_15104.d,nmdc:procsm-11-exd49p45
nmdc:bsm-11-ancrqc19,60933_20_T_2_WEOM_r3_Mag_12Feb24_300SA_p01_5_1_15192.d,nmdc:procsm-11-exd49p45
nmdc:bsm-11-ancrqc19,60933_20_T_3_WEOM_r1_Mag_12Feb24_300SA_p01_6_1_15038.d,nmdc:procsm-11-mw74cm75
nmdc:bsm-11-ancrqc19,60933_20_T_3_WEOM_r2_Mag_12Feb24_300SA_p01_6_1_15126.d,nmdc:procsm-11-mw74cm75
nmdc:bsm-11-ancrqc19,60933_20_T_3_WEOM_r3_Mag_12Feb24_300SA_p01_6_1_15178.d,nmdc:procsm-11-mw74cm75
nmdc:bsm-11-ancrqc19,60933_20_TOP_1_MAOM_r1_Mag_29Jan25_3p3kV_300SA_p01_13_1_22559.d,nmdc:procsm-11-yeq79a16
nmdc:bsm-11-ancrqc19,60933_20_TOP_1_MAOM_r2_Mag_29Jan25_3p3kV_300SA_p01_13_1_22648.d,nmdc:procsm-11-yeq79a16
nmdc:bsm-11-ancrqc19,60933_20_TOP_1_MAOM_r3_Mag_29Jan25_3p3kV_300SA_p01_13_1_22717.d,nmdc:procsm-11-yeq79a16
nmdc:bsm-11-ancrqc19,60933_20_TOP_2_MAOM_r1_Mag_29Jan25_3p3kV_300SA_p01_14_1_22579.d,nmdc:procsm-11-77g6rx37
nmdc:bsm-11-ancrqc19,60933_20_TOP_2_MAOM_r2_Mag_29Jan25_3p3kV_300SA_p01_14_1_22663.d,nmdc:procsm-11-77g6rx37
nmdc:bsm-11-ancrqc19,60933_20_TOP_2_MAOM_r3_Mag_29Jan25_3p3kV_300SA_p01_14_1_22710.d,nmdc:procsm-11-77g6rx37
nmdc:bsm-11-ancrqc19,60933_20_TOP_3_MAOM_r1_Mag_29Jan25_3p3kV_300SA_p01_15_1_22599.d,nmdc:procsm-11-43s6cs92
nmdc:bsm-11-ancrqc19,60933_20_TOP_3_MAOM_r2_Mag_29Jan25_3p3kV_300SA_p01_15_1_22633.d,nmdc:procsm-11-43s6cs92
nmdc:bsm-11-ancrqc19,60933_20_TOP_3_MAOM_r3_Mag_29Jan25_3p3kV_300SA_p01_15_1_22712.d,nmdc:procsm-11-43s6cs92
nmdc:bsm-11-13bjmx86,60933_3_B_1_WEOM_r1_Mag_18Jan24_300SA_p01_13_1_14701.d,nmdc:procsm-11-z9qcwp61
nmdc:bsm-11-13bjmx86,60933_3_B_1_WEOM_r2_Mag_18Jan24_300SA_p01_13_1_14845.d,nmdc:procsm-11-z9qcwp61
nmdc:bsm-11-13bjmx86,60933_3_B_1_WEOM_r3_Mag_18Jan24_300SA_p01_13_1_14941.d,nmdc:procsm-11-z9qcwp61
nmdc:bsm-11-13bjmx86,60933_3_B_2_WEOM_r1_Mag_18Jan24_300SA_p01_14_1_14743.d,nmdc:procsm-11-wqb8pj88
nmdc:bsm-11-13bjmx86,60933_3_B_2_WEOM_r2_Mag_18Jan24_300SA_p01_14_1_14801.d,nmdc:procsm-11-wqb8pj88
nmdc:bsm-11-13bjmx86,60933_3_B_2_WEOM_r3_Mag_18Jan24_300SA_p01_14_1_14905.d,nmdc:procsm-11-wqb8pj88
nmdc:bsm-11-13bjmx86,60933_3_B_3_WEOM_r1_Mag_18Jan24_300SA_p01_15_1_14720.d,nmdc:procsm-11-2ackdg84
nmdc:bsm-11-13bjmx86,60933_3_B_3_WEOM_r2_Mag_18Jan24_300SA_p01_15_1_14823.d,nmdc:procsm-11-2ackdg84
nmdc:bsm-11-13bjmx86,60933_3_B_3_WEOM_r3_Mag_18Jan24_300SA_p01_15_1_14954.d,nmdc:procsm-11-2ackdg84
nmdc:bsm-11-13bjmx86,60933_3_BTM_1_MAOM_r1_Mag_05Jan25_3p3kV_300SA_p01_13_1_21620.d,nmdc:procsm-11-j81v3f65
nmdc:bsm-11-13bjmx86,60933_3_BTM_1_MAOM_r2_Mag_05Jan25_3p3kV_300SA_p01_13_1_21696.d,nmdc:procsm-11-j81v3f65
nmdc:bsm-11-13bjmx86,60933_3_BTM_1_MAOM_r3_Mag_20Jan25_3p3kV_300SA_p01_13_1_22181.d,nmdc:procsm-11-j81v3f65
nmdc:bsm-11-13bjmx86,60933_3_BTM_2_MAOM_r1_Mag_05Jan25_3p3kV_300SA_p01_14_1_21642.d,nmdc:procsm-11-5cq10895
nmdc:bsm-11-13bjmx86,60933_3_BTM_2_MAOM_r2_Mag_05Jan25_3p3kV_300SA_p01_14_1_21686.d,nmdc:procsm-11-5cq10895
nmdc:bsm-11-13bjmx86,60933_3_BTM_2_MAOM_r3_Mag_20Jan25_3p3kV_300SA_p01_14_1_22168.d,nmdc:procsm-11-5cq10895
nmdc:bsm-11-13bjmx86,60933_3_BTM_3_MAOM_r1_Mag_05Jan25_3p3kV_300SA_p01_15_1_21628.d,nmdc:procsm-11-rbzh7426
nmdc:bsm-11-13bjmx86,60933_3_BTM_3_MAOM_r2_Mag_05Jan25_3p3kV_300SA_p01_15_1_21701.d,nmdc:procsm-11-rbzh7426
nmdc:bsm-11-13bjmx86,60933_3_BTM_3_MAOM_r3_Mag_20Jan25_3p3kV_300SA_p01_15_1_22183.d,nmdc:procsm-11-rbzh7426
nmdc:bsm-11-3dva3q42,60933_3_T_1_WEOM_r1_Mag_18Jan24_300SA_p01_10_1_14751.d,nmdc:procsm-11-7qtt3122
nmdc:bsm-11-3dva3q42,60933_3_T_1_WEOM_r2_Mag_18Jan24_300SA_p01_10_1_14803.d,nmdc:procsm-11-7qtt3122
nmdc:bsm-11-3dva3q42,60933_3_T_1_WEOM_r3_Mag_18Jan24_300SA_p01_10_1_14962.d,nmdc:procsm-11-7qtt3122
nmdc:bsm-11-3dva3q42,60933_3_T_2_WEOM_r1_Mag_18Jan24_300SA_p01_11_1_14700.d,nmdc:procsm-11-abrq3831
nmdc:bsm-11-3dva3q42,60933_3_T_2_WEOM_r2_Mag_18Jan24_300SA_p01_11_1_14805.d,nmdc:procsm-11-abrq3831
nmdc:bsm-11-3dva3q42,60933_3_T_2_WEOM_r3_Mag_18Jan24_300SA_p01_11_1_14949.d,nmdc:procsm-11-abrq3831
nmdc:bsm-11-3dva3q42,60933_3_T_3_WEOM_r1_Mag_18Jan24_300SA_p01_12_1_14703.d,nmdc:procsm-11-xmvhqw10
nmdc:bsm-11-3dva3q42,60933_3_T_3_WEOM_r2_Mag_18Jan24_300SA_p01_12_1_14846.d,nmdc:procsm-11-xmvhqw10
nmdc:bsm-11-3dva3q42,60933_3_T_3_WEOM_r3_Mag_18Jan24_300SA_p01_12_1_14924.d,nmdc:procsm-11-xmvhqw10
nmdc:bsm-11-3dva3q42,60933_3_TOP_1_MAOM_r1_Mag_05Jan25_3p3kV_300SA_p01_10_1_21590.d,nmdc:procsm-11-5yrmrf48
nmdc:bsm-11-3dva3q42,60933_3_TOP_1_MAOM_r2_Mag_05Jan25_3p3kV_300SA_p01_10_1_21665.d,nmdc:procsm-11-5yrmrf48
nmdc:bsm-11-3dva3q42,60933_3_TOP_1_MAOM_r3_Mag_20Jan25_3p3kV_300SA_p01_10_1_22191.d,nmdc:procsm-11-5yrmrf48
nmdc:bsm-11-3dva3q42,60933_3_TOP_2_MAOM_r1_Mag_05Jan25_3p3kV_300SA_p01_11_1_21595.d,nmdc:procsm-11-8c0vw822
nmdc:bsm-11-3dva3q42,60933_3_TOP_2_MAOM_r2_Mag_05Jan25_3p3kV_300SA_p01_11_1_21653.d,nmdc:procsm-11-8c0vw822
nmdc:bsm-11-3dva3q42,60933_3_TOP_2_MAOM_r3_Mag_20Jan25_3p3kV_300SA_p01_11_1_22182.d,nmdc:procsm-11-8c0vw822
nmdc:bsm-11-6z2ztq51,60933_4_B_1_WEOM_r1_Mag_18Jan24_300SA_p01_19_1_14745.d,nmdc:procsm-11-wbrphj91
nmdc:bsm-11-6z2ztq51,60933_4_B_1_WEOM_r2_Mag_18Jan24_300SA_p01_19_1_14827.d,nmdc:procsm-11-wbrphj91
nmdc:bsm-11-6z2ztq51,60933_4_B_1_WEOM_r3_Mag_18Jan24_300SA_p01_19_1_14911.d,nmdc:procsm-11-wbrphj91
nmdc:bsm-11-6z2ztq51,60933_4_B_2_WEOM_r1_Mag_18Jan24_300SA_p01_20_1_14748.d,nmdc:procsm-11-3f19a683
nmdc:bsm-11-6z2ztq51,60933_4_B_2_WEOM_r2_Mag_18Jan24_300SA_p01_20_1_14834.d,nmdc:procsm-11-3f19a683
nmdc:bsm-11-6z2ztq51,60933_4_B_2_WEOM_r3_Mag_18Jan24_300SA_p01_20_1_14913.d,nmdc:procsm-11-3f19a683
nmdc:bsm-11-6z2ztq51,60933_4_B_3_WEOM_r1_Mag_18Jan24_300SA_p01_21_1_14711.d,nmdc:procsm-11-sqjsrj24
nmdc:bsm-11-6z2ztq51,60933_4_B_3_WEOM_r2_Mag_18Jan24_300SA_p01_21_1_14825.d,nmdc:procsm-11-sqjsrj24
nmdc:bsm-11-6z2ztq51,60933_4_B_3_WEOM_r3_Mag_18Jan24_300SA_p01_21_1_14919.d,nmdc:procsm-11-sqjsrj24
nmdc:bsm-11-6z2ztq51,60933_4_BTM_1_MAOM_r1_Mag_05Jan25_3p3kV_300SA_p01_19_1_21626.d,nmdc:procsm-11-vy233h70
nmdc:bsm-11-6z2ztq51,60933_4_BTM_1_MAOM_r2_Mag_05Jan25_3p3kV_300SA_p01_19_1_21651.d,nmdc:procsm-11-vy233h70
nmdc:bsm-11-6z2ztq51,60933_4_BTM_1_MAOM_r3_Mag_20Jan25_3p3kV_300SA_p01_19_1_22188.d,nmdc:procsm-11-vy233h70
nmdc:bsm-11-6z2ztq51,60933_4_BTM_3_MAOM_r1_Mag_05Jan25_3p3kV_300SA_p01_21_1_21592.d,nmdc:procsm-11-g1na4k25
nmdc:bsm-11-6z2ztq51,60933_4_BTM_3_MAOM_r2_Mag_05Jan25_3p3kV_300SA_p01_21_1_21649.d,nmdc:procsm-11-g1na4k25
nmdc:bsm-11-6z2ztq51,60933_4_BTM_3_MAOM_r3_Mag_20Jan25_3p3kV_300SA_p01_21_1_22190.d,nmdc:procsm-11-g1na4k25
nmdc:bsm-11-pywjet65,60933_4_T_1_WEOM_r1_Mag_18Jan24_300SA_p01_16_1_14741.d,nmdc:procsm-11-j3nndr56
nmdc:bsm-11-pywjet65,60933_4_T_1_WEOM_r2_Mag_18Jan24_300SA_p01_16_1_14831.d,nmdc:procsm-11-j3nndr56
nmdc:bsm-11-pywjet65,60933_4_T_1_WEOM_r3_Mag_18Jan24_300SA_p01_16_1_14907.d,nmdc:procsm-11-j3nndr56
nmdc:bsm-11-pywjet65,60933_4_T_2_WEOM_r1_Mag_18Jan24_300SA_p01_17_1_14750.d,nmdc:procsm-11-tc2w5q08
nmdc:bsm-11-pywjet65,60933_4_T_2_WEOM_r2_Mag_18Jan24_300SA_p01_17_1_14836.d,nmdc:procsm-11-tc2w5q08
nmdc:bsm-11-pywjet65,60933_4_T_2_WEOM_r3_Mag_18Jan24_300SA_p01_17_1_14953.d,nmdc:procsm-11-tc2w5q08
nmdc:bsm-11-pywjet65,60933_4_T_3_WEOM_r1_Mag_18Jan24_300SA_p01_18_1_14727.d,nmdc:procsm-11-3m5ans98
nmdc:bsm-11-pywjet65,60933_4_T_3_WEOM_r2_Mag_18Jan24_300SA_p01_18_1_14833.d,nmdc:procsm-11-3m5ans98
nmdc:bsm-11-pywjet65,60933_4_T_3_WEOM_r3_Mag_18Jan24_300SA_p01_18_1_14936.d,nmdc:procsm-11-3m5ans98
nmdc:bsm-11-pywjet65,60933_4_TOP_1_MAOM_r1_Mag_05Jan25_3p3kV_300SA_p01_16_1_21640.d,nmdc:procsm-11-qcpwg859
nmdc:bsm-11-pywjet65,60933_4_TOP_1_MAOM_r2_Mag_05Jan25_3p3kV_300SA_p01_16_1_21684.d,nmdc:procsm-11-qcpwg859
nmdc:bsm-11-pywjet65,60933_4_TOP_1_MAOM_r3_Mag_20Jan25_3p3kV_300SA_p01_16_1_22151.d,nmdc:procsm-11-qcpwg859
nmdc:bsm-11-pywjet65,60933_4_TOP_2_MAOM_r1_Mag_05Jan25_3p3kV_300SA_p01_17_1_21635.d,nmdc:procsm-11-60eeaq18
nmdc:bsm-11-pywjet65,60933_4_TOP_2_MAOM_r2_Mag_05Jan25_3p3kV_300SA_p01_17_1_21692.d,nmdc:procsm-11-60eeaq18
nmdc:bsm-11-pywjet65,60933_4_TOP_2_MAOM_r3_Mag_20Jan25_3p3kV_300SA_p01_17_1_22175.d,nmdc:procsm-11-60eeaq18
nmdc:bsm-11-pywjet65,60933_4_TOP_3_MAOM_r1_Mag_05Jan25_3p3kV_300SA_p01_18_1_21641.d,nmdc:procsm-11-ky0t9w41
nmdc:bsm-11-pywjet65,60933_4_TOP_3_MAOM_r2_Mag_05Jan25_3p3kV_300SA_p01_18_1_21709.d,nmdc:procsm-11-ky0t9w41
nmdc:bsm-11-pywjet65,60933_4_TOP_3_MAOM_r3_Mag_20Jan25_3p3kV_300SA_p01_18_1_22174.d,nmdc:procsm-11-ky0t9w41
nmdc:bsm-11-zke8tq38,60933_5_B_1_WEOM_r1_Mag_18Jan24_300SA_p01_25_1_14699.d,nmdc:procsm-11-g68t9k41
nmdc:bsm-11-zke8tq38,60933_5_B_1_WEOM_r2_Mag_18Jan24_300SA_p01_25_1_14851.d,nmdc:procsm-11-g68t9k41
nmdc:bsm-11-zke8tq38,60933_5_B_1_WEOM_r3_Mag_18Jan24_300SA_p01_25_1_14917.d,nmdc:procsm-11-g68t9k41
nmdc:bsm-11-zke8tq38,60933_5_B_2_WEOM_r1_Mag_18Jan24_300SA_p01_26_1_14714.d,nmdc:procsm-11-avbtdv60
nmdc:bsm-11-zke8tq38,60933_5_B_2_WEOM_r2_Mag_18Jan24_300SA_p01_26_1_14824.d,nmdc:procsm-11-avbtdv60
nmdc:bsm-11-zke8tq38,60933_5_B_2_WEOM_r3_Mag_18Jan24_300SA_p01_26_1_14927.d,nmdc:procsm-11-avbtdv60
nmdc:bsm-11-zke8tq38,60933_5_B_3_WEOM_r1_Mag_18Jan24_300SA_p01_27_1_14728.d,nmdc:procsm-11-tnd2pc46
nmdc:bsm-11-zke8tq38,60933_5_B_3_WEOM_r2_Mag_18Jan24_300SA_p01_27_1_14802.d,nmdc:procsm-11-tnd2pc46
nmdc:bsm-11-zke8tq38,60933_5_B_3_WEOM_r3_Mag_18Jan24_300SA_p01_27_1_14944.d,nmdc:procsm-11-tnd2pc46
nmdc:bsm-11-zke8tq38,60933_5_BTM_1_MAOM_r1_Mag_05Jan25_3p3kV_300SA_p01_29_1_21634.d,nmdc:procsm-11-86fp6f58
nmdc:bsm-11-zke8tq38,60933_5_BTM_1_MAOM_r2_Mag_05Jan25_3p3kV_300SA_p01_29_1_21672.d,nmdc:procsm-11-86fp6f58
nmdc:bsm-11-zke8tq38,60933_5_BTM_1_MAOM_r3_Mag_20Jan25_3p3kV_300SA_p01_29_1_22159.d,nmdc:procsm-11-86fp6f58
nmdc:bsm-11-zke8tq38,60933_5_BTM_2_MAOM_r1_Mag_05Jan25_3p3kV_300SA_p01_30_1_21625.d,nmdc:procsm-11-83paab25
nmdc:bsm-11-zke8tq38,60933_5_BTM_2_MAOM_r2_Mag_05Jan25_3p3kV_300SA_p01_30_1_21656.d,nmdc:procsm-11-83paab25
nmdc:bsm-11-zke8tq38,60933_5_BTM_2_MAOM_r3_Mag_20Jan25_3p3kV_300SA_p01_30_1_22154.d,nmdc:procsm-11-83paab25
nmdc:bsm-11-zke8tq38,60933_5_BTM_3_MAOM_r1_Mag_05Jan25_3p3kV_300SA_p01_31_1_21631.d,nmdc:procsm-11-bbx2rq96
nmdc:bsm-11-zke8tq38,60933_5_BTM_3_MAOM_r2_Mag_05Jan25_3p3kV_300SA_p01_31_1_21669.d,nmdc:procsm-11-bbx2rq96
nmdc:bsm-11-zke8tq38,60933_5_BTM_3_MAOM_r3_Mag_20Jan25_3p3kV_300SA_p01_31_1_22172.d,nmdc:procsm-11-bbx2rq96
nmdc:bsm-11-7rtk1z76,60933_5_T_1_WEOM_r1_Mag_18Jan24_300SA_p01_22_1_14746.d,nmdc:procsm-11-sjxmg691
nmdc:bsm-11-7rtk1z76,60933_5_T_1_WEOM_r2_Mag_18Jan24_300SA_p01_22_1_14839.d,nmdc:procsm-11-sjxmg691
nmdc:bsm-11-7rtk1z76,60933_5_T_1_WEOM_r3_Mag_18Jan24_300SA_p01_22_1_14920.d,nmdc:procsm-11-sjxmg691
nmdc:bsm-11-7rtk1z76,60933_5_T_2_WEOM_r1_Mag_18Jan24_300SA_p01_23_1_14713.d,nmdc:procsm-11-8dekb608
nmdc:bsm-11-7rtk1z76,60933_5_T_2_WEOM_r2_Mag_18Jan24_300SA_p01_23_1_14800.d,nmdc:procsm-11-8dekb608
nmdc:bsm-11-7rtk1z76,60933_5_T_2_WEOM_r3_Mag_18Jan24_300SA_p01_23_1_14951.d,nmdc:procsm-11-8dekb608
nmdc:bsm-11-7rtk1z76,60933_5_T_3_WEOM_r1_Mag_18Jan24_300SA_p01_24_1_14712.d,nmdc:procsm-11-vpm1qc90
nmdc:bsm-11-7rtk1z76,60933_5_T_3_WEOM_r2_Mag_18Jan24_300SA_p01_24_1_14808.d,nmdc:procsm-11-vpm1qc90
nmdc:bsm-11-7rtk1z76,60933_5_T_3_WEOM_r3_Mag_18Jan24_300SA_p01_24_1_14934.d,nmdc:procsm-11-vpm1qc90
nmdc:bsm-11-7rtk1z76,60933_5_TOP_1_MAOM_r1_Mag_05Jan25_3p3kV_300SA_p01_22_1_21604.d,nmdc:procsm-11-70j5nc93
nmdc:bsm-11-7rtk1z76,60933_5_TOP_1_MAOM_r2_Mag_05Jan25_3p3kV_300SA_p01_22_1_21697.d,nmdc:procsm-11-70j5nc93
nmdc:bsm-11-7rtk1z76,60933_5_TOP_1_MAOM_r3_Mag_20Jan25_3p3kV_300SA_p01_22_1_22155.d,nmdc:procsm-11-70j5nc93
nmdc:bsm-11-7rtk1z76,60933_5_TOP_2_MAOM_r1_Mag_05Jan25_3p3kV_300SA_p01_23_1_21615.d,nmdc:procsm-11-e6018k57
nmdc:bsm-11-7rtk1z76,60933_5_TOP_2_MAOM_r2_Mag_05Jan25_3p3kV_300SA_p01_23_1_21668.d,nmdc:procsm-11-e6018k57
nmdc:bsm-11-7rtk1z76,60933_5_TOP_2_MAOM_r3_Mag_20Jan25_3p3kV_300SA_p01_23_1_22156.d,nmdc:procsm-11-e6018k57
nmdc:bsm-11-7rtk1z76,60933_5_TOP_3_MAOM_r1_Mag_05Jan25_3p3kV_300SA_p01_24_1_21612.d,nmdc:procsm-11-nwb15d21
nmdc:bsm-11-7rtk1z76,60933_5_TOP_3_MAOM_r2_Mag_05Jan25_3p3kV_300SA_p01_24_1_21661.d,nmdc:procsm-11-nwb15d21
nmdc:bsm-11-7rtk1z76,60933_5_TOP_3_MAOM_r3_Mag_20Jan25_3p3kV_300SA_p01_24_1_22158.d,nmdc:procsm-11-nwb15d21
nmdc:bsm-11-1hbrcz12,60933_7_B_1_WEOM_r1_Mag_18Jan24_300SA_p01_37_1_14732.d,nmdc:procsm-11-kbszvg07
nmdc:bsm-11-1hbrcz12,60933_7_B_1_WEOM_r2_Mag_18Jan24_300SA_p01_37_1_14838.d,nmdc:procsm-11-kbszvg07
nmdc:bsm-11-1hbrcz12,60933_7_B_1_WEOM_r3_Mag_18Jan24_300SA_p01_37_1_14933.d,nmdc:procsm-11-kbszvg07
nmdc:bsm-11-1hbrcz12,60933_7_B_2_WEOM_r1_Mag_18Jan24_300SA_p01_38_1_14719.d,nmdc:procsm-11-3qehr541
nmdc:bsm-11-1hbrcz12,60933_7_B_2_WEOM_r2_Mag_18Jan24_300SA_p01_38_1_14813.d,nmdc:procsm-11-3qehr541
nmdc:bsm-11-1hbrcz12,60933_7_B_2_WEOM_r3_Mag_18Jan24_300SA_p01_38_1_14929.d,nmdc:procsm-11-3qehr541
nmdc:bsm-11-1hbrcz12,60933_7_B_3_WEOM_r1_Mag_18Jan24_300SA_p01_39_1_14718.d,nmdc:procsm-11-pnvba411
nmdc:bsm-11-1hbrcz12,60933_7_B_3_WEOM_r2_Mag_18Jan24_300SA_p01_39_1_14854.d,nmdc:procsm-11-pnvba411
nmdc:bsm-11-1hbrcz12,60933_7_B_3_WEOM_r3_Mag_18Jan24_300SA_p01_39_1_14930.d,nmdc:procsm-11-pnvba411
nmdc:bsm-11-1hbrcz12,60933_7_BTM_1_MAOM_r1_Mag_05Jan25_3p3kV_300SA_p01_41_1_21617.d,nmdc:procsm-11-yfncx973
nmdc:bsm-11-1hbrcz12,60933_7_BTM_1_MAOM_r2_Mag_05Jan25_3p3kV_300SA_p01_41_1_21650.d,nmdc:procsm-11-yfncx973
nmdc:bsm-11-1hbrcz12,60933_7_BTM_1_MAOM_r3_Mag_05Jan25_3p3kV_300SA_p01_41_1_21712.d,nmdc:procsm-11-yfncx973
nmdc:bsm-11-1hbrcz12,60933_7_BTM_2_MAOM_r1_Mag_05Jan25_3p3kV_300SA_p01_42_1_21591.d,nmdc:procsm-11-0mt6k577
nmdc:bsm-11-1hbrcz12,60933_7_BTM_2_MAOM_r2_Mag_05Jan25_3p3kV_300SA_p01_42_1_21673.d,nmdc:procsm-11-0mt6k577
nmdc:bsm-11-1hbrcz12,60933_7_BTM_2_MAOM_r3_Mag_20Jan25_3p3kV_300SA_p01_42_1_22146.d,nmdc:procsm-11-0mt6k577
nmdc:bsm-11-1hbrcz12,60933_7_BTM_3_MAOM_r1_Mag_05Jan25_3p3kV_300SA_p01_43_1_21597.d,nmdc:procsm-11-5y17w767
nmdc:bsm-11-1hbrcz12,60933_7_BTM_3_MAOM_r2_Mag_05Jan25_3p3kV_300SA_p01_43_1_21688.d,nmdc:procsm-11-5y17w767
nmdc:bsm-11-1hbrcz12,60933_7_BTM_3_MAOM_r3_Mag_20Jan25_3p3kV_300SA_p01_43_1_22164.d,nmdc:procsm-11-5y17w767
nmdc:bsm-11-n7st8t76,60933_7_T_1_WEOM_r1_Mag_18Jan24_300SA_p01_34_1_14740.d,nmdc:procsm-11-3enjt339
nmdc:bsm-11-n7st8t76,60933_7_T_1_WEOM_r2_Mag_18Jan24_300SA_p01_34_1_14830.d,nmdc:procsm-11-3enjt339
nmdc:bsm-11-n7st8t76,60933_7_T_1_WEOM_r3_Mag_18Jan24_300SA_p01_34_1_14942.d,nmdc:procsm-11-3enjt339
nmdc:bsm-11-n7st8t76,60933_7_T_2_WEOM_r1_Mag_18Jan24_300SA_p01_35_1_14709.d,nmdc:procsm-11-963epm34
nmdc:bsm-11-n7st8t76,60933_7_T_2_WEOM_r2_Mag_18Jan24_300SA_p01_35_1_14815.d,nmdc:procsm-11-963epm34
nmdc:bsm-11-n7st8t76,60933_7_T_2_WEOM_r3_Mag_18Jan24_300SA_p01_35_1_14906.d,nmdc:procsm-11-963epm34
nmdc:bsm-11-n7st8t76,60933_7_T_3_WEOM_r1_Mag_18Jan24_300SA_p01_36_1_14722.d,nmdc:procsm-11-znmcf221
nmdc:bsm-11-n7st8t76,60933_7_T_3_WEOM_r2_Mag_18Jan24_300SA_p01_36_1_14837.d,nmdc:procsm-11-znmcf221
nmdc:bsm-11-n7st8t76,60933_7_T_3_WEOM_r3_Mag_18Jan24_300SA_p01_36_1_14956.d,nmdc:procsm-11-znmcf221
nmdc:bsm-11-n7st8t76,60933_7_TOP_1_MAOM_r1_Mag_05Jan25_3p3kV_300SA_p01_38_1_21637.d,nmdc:procsm-11-11ree486
nmdc:bsm-11-n7st8t76,60933_7_TOP_1_MAOM_r2_Mag_05Jan25_3p3kV_300SA_p01_38_1_21663.d,nmdc:procsm-11-11ree486
nmdc:bsm-11-n7st8t76,60933_7_TOP_1_MAOM_r3_Mag_20Jan25_3p3kV_300SA_p01_38_1_22179.d,nmdc:procsm-11-11ree486
nmdc:bsm-11-n7st8t76,60933_7_TOP_2_MAOM_r1_Mag_05Jan25_3p3kV_300SA_p01_39_1_21596.d,nmdc:procsm-11-4qxa4a16
nmdc:bsm-11-n7st8t76,60933_7_TOP_2_MAOM_r2_Mag_05Jan25_3p3kV_300SA_p01_39_1_21683.d,nmdc:procsm-11-4qxa4a16
nmdc:bsm-11-n7st8t76,60933_7_TOP_2_MAOM_r3_Mag_20Jan25_3p3kV_300SA_p01_39_1_22138.d,nmdc:procsm-11-4qxa4a16
nmdc:bsm-11-n7st8t76,60933_7_TOP_3_MAOM_r1_Mag_05Jan25_3p3kV_300SA_p01_40_1_21608.d,nmdc:procsm-11-0rjhcq58
nmdc:bsm-11-n7st8t76,60933_7_TOP_3_MAOM_r2_Mag_05Jan25_3p3kV_300SA_p01_40_1_21675.d,nmdc:procsm-11-0rjhcq58
nmdc:bsm-11-n7st8t76,60933_7_TOP_3_MAOM_r3_Mag_20Jan25_3p3kV_300SA_p01_40_1_22148.d,nmdc:procsm-11-0rjhcq58
nmdc:bsm-11-87vzm356,60933_8_T_1_WEOM_r1_Mag_18Jan24_300SA_p01_40_1_14707.d,nmdc:procsm-11-pa1cba81
nmdc:bsm-11-87vzm356,60933_8_T_1_WEOM_r2_Mag_18Jan24_300SA_p01_40_1_14849.d,nmdc:procsm-11-pa1cba81
nmdc:bsm-11-87vzm356,60933_8_T_1_WEOM_r3_Mag_18Jan24_300SA_p01_40_1_14959.d,nmdc:procsm-11-pa1cba81
nmdc:bsm-11-87vzm356,60933_8_T_2_WEOM_r1_Mag_18Jan24_300SA_p01_41_1_14725.d,nmdc:procsm-11-9fvp9x26
nmdc:bsm-11-87vzm356,60933_8_T_2_WEOM_r2_Mag_18Jan24_300SA_p01_41_1_14822.d,nmdc:procsm-11-9fvp9x26
nmdc:bsm-11-87vzm356,60933_8_T_2_WEOM_r3_Mag_18Jan24_300SA_p01_41_1_14909.d,nmdc:procsm-11-9fvp9x26
nmdc:bsm-11-87vzm356,60933_8_T_3_WEOM_r1_Mag_18Jan24_300SA_p01_42_1_14731.d,nmdc:procsm-11-wsgmyv08
nmdc:bsm-11-87vzm356,60933_8_T_3_WEOM_r2_Mag_18Jan24_300SA_p01_42_1_14850.d,nmdc:procsm-11-wsgmyv08
nmdc:bsm-11-87vzm356,60933_8_T_3_WEOM_r3_Mag_18Jan24_300SA_p01_42_1_14914.d,nmdc:procsm-11-wsgmyv08
nmdc:bsm-11-87vzm356,60933_8_TOP_1_MAOM_r1_Mag_05Jan25_3p3kV_300SA_p01_44_1_21644.d,nmdc:procsm-11-czb0h611
nmdc:bsm-11-87vzm356,60933_8_TOP_1_MAOM_r2_Mag_05Jan25_3p3kV_300SA_p01_44_1_21678.d,nmdc:procsm-11-czb0h611
nmdc:bsm-11-87vzm356,60933_8_TOP_1_MAOM_r3_Mag_20Jan25_3p3kV_300SA_p01_44_1_22160.d,nmdc:procsm-11-czb0h611
nmdc:bsm-11-87vzm356,60933_8_TOP_2_MAOM_r1_Mag_05Jan25_3p3kV_300SA_p01_45_1_21616.d,nmdc:procsm-11-wwm5mc16
nmdc:bsm-11-87vzm356,60933_8_TOP_2_MAOM_r2_Mag_05Jan25_3p3kV_300SA_p01_45_1_21691.d,nmdc:procsm-11-wwm5mc16
nmdc:bsm-11-87vzm356,60933_8_TOP_2_MAOM_r3_Mag_20Jan25_3p3kV_300SA_p01_45_1_22186.d,nmdc:procsm-11-wwm5mc16
nmdc:bsm-11-87vzm356,60933_8_TOP_3_MAOM_r1_Mag_05Jan25_3p3kV_300SA_p01_46_1_21638.d,nmdc:procsm-11-pcv6fw43
nmdc:bsm-11-87vzm356,60933_8_TOP_3_MAOM_r2_Mag_05Jan25_3p3kV_300SA_p01_46_1_21659.d,nmdc:procsm-11-pcv6fw43
nmdc:bsm-11-87vzm356,60933_8_TOP_3_MAOM_r3_Mag_20Jan25_3p3kV_300SA_p01_46_1_22161.d,nmdc:procsm-11-pcv6fw43
nmdc:bsm-11-2wwn6q78,60933_9_T_1_WEOM_r1_Mag_18Jan24_300SA_p01_43_1_14726.d,nmdc:procsm-11-w0va4n45
nmdc:bsm-11-2wwn6q78,60933_9_T_1_WEOM_r2_Mag_18Jan24_300SA_p01_43_1_14810.d,nmdc:procsm-11-w0va4n45
nmdc:bsm-11-2wwn6q78,60933_9_T_1_WEOM_r3_Mag_18Jan24_300SA_p01_43_1_14957.d,nmdc:procsm-11-w0va4n45
nmdc:bsm-11-2wwn6q78,60933_9_T_2_WEOM_r1_Mag_18Jan24_300SA_p01_44_1_14735.d,nmdc:procsm-11-wg2rcz94
nmdc:bsm-11-2wwn6q78,60933_9_T_2_WEOM_r2_Mag_18Jan24_300SA_p01_44_1_14855.d,nmdc:procsm-11-wg2rcz94
nmdc:bsm-11-2wwn6q78,60933_9_T_2_WEOM_r3_Mag_18Jan24_300SA_p01_44_1_14958.d,nmdc:procsm-11-wg2rcz94
nmdc:bsm-11-2wwn6q78,60933_9_T_3_WEOM_r1_Mag_18Jan24_300SA_p01_45_1_14739.d,nmdc:procsm-11-g6kmt614
nmdc:bsm-11-2wwn6q78,60933_9_T_3_WEOM_r2_Mag_18Jan24_300SA_p01_45_1_14829.d,nmdc:procsm-11-g6kmt614
nmdc:bsm-11-2wwn6q78,60933_9_T_3_WEOM_r3_Mag_18Jan24_300SA_p01_45_1_14937.d,nmdc:procsm-11-g6kmt614
nmdc:bsm-11-2wwn6q78,60933_9_TOP_1_MAOM_r1_Mag_05Jan25_3p3kV_300SA_p01_47_1_21622.d,nmdc:procsm-11-q26q7782
nmdc:bsm-11-2wwn6q78,60933_9_TOP_1_MAOM_r2_Mag_05Jan25_3p3kV_300SA_p01_47_1_21685.d,nmdc:procsm-11-q26q7782
nmdc:bsm-11-2wwn6q78,60933_9_TOP_1_MAOM_r3_Mag_20Jan25_3p3kV_300SA_p01_47_1_22176.d,nmdc:procsm-11-q26q7782
nmdc:bsm-11-2wwn6q78,60933_9_TOP_2_MAOM_r1_Mag_05Jan25_3p3kV_300SA_p01_48_1_21627.d,nmdc:procsm-11-kwbfqb93
nmdc:bsm-11-2wwn6q78,60933_9_TOP_2_MAOM_r2_Mag_05Jan25_3p3kV_300SA_p01_48_1_21664.d,nmdc:procsm-11-kwbfqb93
nmdc:bsm-11-2wwn6q78,60933_9_TOP_2_MAOM_r3_Mag_20Jan25_3p3kV_300SA_p01_48_1_22149.d,nmdc:procsm-11-kwbfqb93
nmdc:bsm-11-2wwn6q78,60933_9_TOP_3_MAOM_r1_Mag_05Jan25_3p3kV_300SA_p01_49_1_21605.d,nmdc:procsm-11-m0hdbm48
nmdc:bsm-11-2wwn6q78,60933_9_TOP_3_MAOM_r2_Mag_05Jan25_3p3kV_300SA_p01_49_1_21674.d,nmdc:procsm-11-m0hdbm48
nmdc:bsm-11-2wwn6q78,60933_9_TOP_3_MAOM_r3_Mag_05Jan25_3p3kV_300SA_p01_49_1_21711.d,nmdc:procsm-11-m0hdbm48
nmdc:bsm-11-jvxy3212,60942_1_B_1_WEOM_r1_Mag_07Mar24_300SA_p01_4_1_16993.d,nmdc:procsm-11-emv8k391
nmdc:bsm-11-jvxy3212,60942_1_B_1_WEOM_r2_Mag_07Mar24_300SA_p01_4_1_17021.d,nmdc:procsm-11-emv8k391
nmdc:bsm-11-jvxy3212,60942_1_B_1_WEOM_r3_Mag_07Mar24_300SA_p01_4_1_17074.d,nmdc:procsm-11-emv8k391
nmdc:bsm-11-jvxy3212,60942_1_B_2_WEOM_r1_Mag_07Mar24_300SA_p01_5_1_16998.d,nmdc:procsm-11-pws3va05
nmdc:bsm-11-jvxy3212,60942_1_B_2_WEOM_r2_Mag_07Mar24_300SA_p01_5_1_17053.d,nmdc:procsm-11-pws3va05
nmdc:bsm-11-jvxy3212,60942_1_B_2_WEOM_r3_Mag_07Mar24_300SA_p01_5_1_17069.d,nmdc:procsm-11-pws3va05
nmdc:bsm-11-jvxy3212,60942_1_B_3_WEOM_r1_Mag_07Mar24_300SA_p01_6_1_16978.d,nmdc:procsm-11-rz8gg741
nmdc:bsm-11-jvxy3212,60942_1_B_3_WEOM_r2_Mag_07Mar24_300SA_p01_6_1_17049.d,nmdc:procsm-11-rz8gg741
nmdc:bsm-11-jvxy3212,60942_1_B_3_WEOM_r3_Mag_07Mar24_300SA_p01_6_1_17091.d,nmdc:procsm-11-rz8gg741
nmdc:bsm-11-jvxy3212,60942_1_BTM_1_MAOM_r1_Mag_19Feb25_3p3kV_300SA_p01_10_1_23498.d,nmdc:procsm-11-w0c2gq52
nmdc:bsm-11-jvxy3212,60942_1_BTM_1_MAOM_r2_Mag_19Feb25_3p3kV_300SA_p01_10_1_23526.d,nmdc:procsm-11-w0c2gq52
nmdc:bsm-11-jvxy3212,60942_1_BTM_1_MAOM_r3_Mag_19Feb25_3p3kV_300SA_p01_10_1_23584.d,nmdc:procsm-11-w0c2gq52
nmdc:bsm-11-jvxy3212,60942_1_BTM_2_MAOM_r1_Mag_19Feb25_3p3kV_300SA_p01_11_1_23483.d,nmdc:procsm-11-3d10p443
nmdc:bsm-11-jvxy3212,60942_1_BTM_2_MAOM_r2_Mag_19Feb25_3p3kV_300SA_p01_11_1_23523.d,nmdc:procsm-11-3d10p443
nmdc:bsm-11-jvxy3212,60942_1_BTM_2_MAOM_r3_Mag_19Feb25_3p3kV_300SA_p01_11_1_23566.d,nmdc:procsm-11-3d10p443
nmdc:bsm-11-jvxy3212,60942_1_BTM_3_MAOM_r1_Mag_19Feb25_3p3kV_300SA_p01_12_1_23479.d,nmdc:procsm-11-6pjnwc16
nmdc:bsm-11-jvxy3212,60942_1_BTM_3_MAOM_r2_Mag_19Feb25_3p3kV_300SA_p01_12_1_23536.d,nmdc:procsm-11-6pjnwc16
nmdc:bsm-11-jvxy3212,60942_1_BTM_3_MAOM_r3_Mag_19Feb25_3p3kV_300SA_p01_12_1_23591.d,nmdc:procsm-11-6pjnwc16
nmdc:bsm-11-cnz9t034,60942_1_T_1_WEOM_r1_Mag_07Mar24_300SA_p01_1_1_16994.d,nmdc:procsm-11-fgwkvg59
nmdc:bsm-11-cnz9t034,60942_1_T_1_WEOM_r2_Mag_07Mar24_300SA_p01_1_1_17025.d,nmdc:procsm-11-fgwkvg59
nmdc:bsm-11-cnz9t034,60942_1_T_1_WEOM_r3_Mag_07Mar24_300SA_p01_1_1_17077.d,nmdc:procsm-11-fgwkvg59
nmdc:bsm-11-cnz9t034,60942_1_T_2_WEOM_r1_Mag_07Mar24_300SA_p01_2_1_17002.d,nmdc:procsm-11-bb62ne42
nmdc:bsm-11-cnz9t034,60942_1_T_2_WEOM_r2_Mag_07Mar24_300SA_p01_2_1_17033.d,nmdc:procsm-11-bb62ne42
nmdc:bsm-11-cnz9t034,60942_1_T_2_WEOM_r3_Mag_07Mar24_300SA_p01_2_1_17092.d,nmdc:procsm-11-bb62ne42
nmdc:bsm-11-cnz9t034,60942_1_T_3_WEOM_r1_Mag_07Mar24_300SA_p01_3_1_16972.d,nmdc:procsm-11-zqhy0k42
nmdc:bsm-11-cnz9t034,60942_1_T_3_WEOM_r2_Mag_07Mar24_300SA_p01_3_1_17051.d,nmdc:procsm-11-zqhy0k42
nmdc:bsm-11-cnz9t034,60942_1_T_3_WEOM_r3_Mag_07Mar24_300SA_p01_3_1_17063.d,nmdc:procsm-11-zqhy0k42
nmdc:bsm-11-cnz9t034,60942_1_TOP_1_MAOM_r1_Mag_19Feb25_3p3kV_300SA_p01_7_1_23492.d,nmdc:procsm-11-8ky9g758
nmdc:bsm-11-cnz9t034,60942_1_TOP_1_MAOM_r2_Mag_19Feb25_3p3kV_300SA_p01_7_1_23525.d,nmdc:procsm-11-8ky9g758
nmdc:bsm-11-cnz9t034,60942_1_TOP_1_MAOM_r3_Mag_19Feb25_3p3kV_300SA_p01_7_1_23592.d,nmdc:procsm-11-8ky9g758
nmdc:bsm-11-cnz9t034,60942_1_TOP_2_MAOM_r1_Mag_19Feb25_3p3kV_300SA_p01_8_1_23462.d,nmdc:procsm-11-c71x4x70
nmdc:bsm-11-cnz9t034,60942_1_TOP_2_MAOM_r2_Mag_19Feb25_3p3kV_300SA_p01_8_1_23527.d,nmdc:procsm-11-c71x4x70
nmdc:bsm-11-cnz9t034,60942_1_TOP_2_MAOM_r3_Mag_19Feb25_3p3kV_300SA_p01_8_1_23565.d,nmdc:procsm-11-c71x4x70
nmdc:bsm-11-cnz9t034,60942_1_TOP_3_MAOM_r1_Mag_19Feb25_3p3kV_300SA_p01_9_1_23482.d,nmdc:procsm-11-p5hytx17
nmdc:bsm-11-cnz9t034,60942_1_TOP_3_MAOM_r2_Mag_19Feb25_3p3kV_300SA_p01_9_1_23514.d,nmdc:procsm-11-p5hytx17
nmdc:bsm-11-cnz9t034,60942_1_TOP_3_MAOM_r3_Mag_19Feb25_3p3kV_300SA_p01_9_1_23587.d,nmdc:procsm-11-p5hytx17
nmdc:bsm-11-cb5czh24,60942_2_B_1_WEOM_r1_Mag_07Mar24_300SA_p01_10_1_17004.d,nmdc:procsm-11-c280ff51
nmdc:bsm-11-cb5czh24,60942_2_B_1_WEOM_r2_Mag_07Mar24_300SA_p01_10_1_17057.d,nmdc:procsm-11-c280ff51
nmdc:bsm-11-cb5czh24,60942_2_B_1_WEOM_r3_Mag_07Mar24_300SA_p01_10_1_17078.d,nmdc:procsm-11-c280ff51
nmdc:bsm-11-cb5czh24,60942_2_B_2_WEOM_r1_Mag_07Mar24_300SA_p01_11_1_17003.d,nmdc:procsm-11-y71tzh48
nmdc:bsm-11-cb5czh24,60942_2_B_2_WEOM_r2_Mag_07Mar24_300SA_p01_11_1_17041.d,nmdc:procsm-11-y71tzh48
nmdc:bsm-11-cb5czh24,60942_2_B_2_WEOM_r3_Mag_07Mar24_300SA_p01_11_1_17104.d,nmdc:procsm-11-y71tzh48
nmdc:bsm-11-cb5czh24,60942_2_B_3_WEOM_r1_Mag_07Mar24_300SA_p01_12_1_17005.d,nmdc:procsm-11-zsykwa23
nmdc:bsm-11-cb5czh24,60942_2_B_3_WEOM_r2_Mag_07Mar24_300SA_p01_12_1_17056.d,nmdc:procsm-11-zsykwa23
nmdc:bsm-11-cb5czh24,60942_2_B_3_WEOM_r3_Mag_07Mar24_300SA_p01_12_1_17090.d,nmdc:procsm-11-zsykwa23
nmdc:bsm-11-cb5czh24,60942_2_BTM_1_MAOM_r1_Mag_19Feb25_3p3kV_300SA_p01_16_1_23496.d,nmdc:procsm-11-hkb34e25
nmdc:bsm-11-cb5czh24,60942_2_BTM_1_MAOM_r2_Mag_19Feb25_3p3kV_300SA_p01_16_1_23538.d,nmdc:procsm-11-hkb34e25
nmdc:bsm-11-cb5czh24,60942_2_BTM_1_MAOM_r3_Mag_19Feb25_3p3kV_300SA_p01_16_1_23593.d,nmdc:procsm-11-hkb34e25
nmdc:bsm-11-cb5czh24,60942_2_BTM_2_MAOM_r1_Mag_19Feb25_3p3kV_300SA_p01_17_1_23503.d,nmdc:procsm-11-qv8m2y55
nmdc:bsm-11-cb5czh24,60942_2_BTM_2_MAOM_r2_Mag_19Feb25_3p3kV_300SA_p01_17_1_23507.d,nmdc:procsm-11-qv8m2y55
nmdc:bsm-11-cb5czh24,60942_2_BTM_2_MAOM_r3_Mag_19Feb25_3p3kV_300SA_p01_17_1_23570.d,nmdc:procsm-11-qv8m2y55
nmdc:bsm-11-cb5czh24,60942_2_BTM_3_MAOM_r1_Mag_19Feb25_3p3kV_300SA_p01_18_1_23476.d,nmdc:procsm-11-37em8p67
nmdc:bsm-11-cb5czh24,60942_2_BTM_3_MAOM_r2_Mag_19Feb25_3p3kV_300SA_p01_18_1_23545.d,nmdc:procsm-11-37em8p67
nmdc:bsm-11-cb5czh24,60942_2_BTM_3_MAOM_r3_Mag_19Feb25_3p3kV_300SA_p01_18_1_23563.d,nmdc:procsm-11-37em8p67
nmdc:bsm-11-4z6nm386,60942_2_T_1_WEOM_r1_Mag_07Mar24_300SA_p01_7_1_16976.d,nmdc:procsm-11-54x1vv48
nmdc:bsm-11-4z6nm386,60942_2_T_1_WEOM_r2_Mag_07Mar24_300SA_p01_7_1_17048.d,nmdc:procsm-11-54x1vv48
nmdc:bsm-11-4z6nm386,60942_2_T_1_WEOM_r3_Mag_07Mar24_300SA_p01_7_1_17066.d,nmdc:procsm-11-54x1vv48
nmdc:bsm-11-4z6nm386,60942_2_T_2_WEOM_r1_Mag_07Mar24_300SA_p01_8_1_16971.d,nmdc:procsm-11-fqwrmw50
nmdc:bsm-11-4z6nm386,60942_2_T_2_WEOM_r2_Mag_07Mar24_300SA_p01_8_1_17058.d,nmdc:procsm-11-fqwrmw50
nmdc:bsm-11-4z6nm386,60942_2_T_2_WEOM_r3_Mag_07Mar24_300SA_p01_8_1_17087.d,nmdc:procsm-11-fqwrmw50
nmdc:bsm-11-4z6nm386,60942_2_T_3_WEOM_r1_Mag_07Mar24_300SA_p01_9_1_16969.d,nmdc:procsm-11-z19n5e29
nmdc:bsm-11-4z6nm386,60942_2_T_3_WEOM_r2_Mag_07Mar24_300SA_p01_9_1_17023.d,nmdc:procsm-11-z19n5e29
nmdc:bsm-11-4z6nm386,60942_2_T_3_WEOM_r3_Mag_07Mar24_300SA_p01_9_1_17064.d,nmdc:procsm-11-z19n5e29
nmdc:bsm-11-4z6nm386,60942_2_TOP_1_MAOM_r1_Mag_19Feb25_3p3kV_300SA_p01_13_1_23471.d,nmdc:procsm-11-t6gnjy58
nmdc:bsm-11-4z6nm386,60942_2_TOP_1_MAOM_r2_Mag_19Feb25_3p3kV_300SA_p01_13_1_23533.d,nmdc:procsm-11-t6gnjy58
nmdc:bsm-11-4z6nm386,60942_2_TOP_1_MAOM_r3_Mag_19Feb25_3p3kV_300SA_p01_13_1_23557.d,nmdc:procsm-11-t6gnjy58
nmdc:bsm-11-4z6nm386,60942_2_TOP_2_MAOM_r1_Mag_19Feb25_3p3kV_300SA_p01_14_1_23487.d,nmdc:procsm-11-y6p9kg65
nmdc:bsm-11-4z6nm386,60942_2_TOP_2_MAOM_r2_Mag_19Feb25_3p3kV_300SA_p01_14_1_23531.d,nmdc:procsm-11-y6p9kg65
nmdc:bsm-11-4z6nm386,60942_2_TOP_2_MAOM_r3_Mag_19Feb25_3p3kV_300SA_p01_14_1_23549.d,nmdc:procsm-11-y6p9kg65
nmdc:bsm-11-4z6nm386,60942_2_TOP_3_MAOM_r1_Mag_19Feb25_3p3kV_300SA_p01_15_1_23480.d,nmdc:procsm-11-4ph26e90
nmdc:bsm-11-4z6nm386,60942_2_TOP_3_MAOM_r2_Mag_19Feb25_3p3kV_300SA_p01_15_1_23516.d,nmdc:procsm-11-4ph26e90
nmdc:bsm-11-4z6nm386,60942_2_TOP_3_MAOM_r3_Mag_19Feb25_3p3kV_300SA_p01_15_1_23580.d,nmdc:procsm-11-4ph26e90
nmdc:bsm-11-4593y256,60942_3_B_1_WEOM_r1_Mag_07Mar24_300SA_p01_15_1_16980.d,nmdc:procsm-11-5cts3a52
nmdc:bsm-11-4593y256,60942_3_B_1_WEOM_r2_Mag_07Mar24_300SA_p01_15_1_17020.d,nmdc:procsm-11-5cts3a52
nmdc:bsm-11-4593y256,60942_3_B_1_WEOM_r3_Mag_07Mar24_300SA_p01_15_1_17102.d,nmdc:procsm-11-5cts3a52
nmdc:bsm-11-4593y256,60942_3_B_2_WEOM_r1_Mag_07Mar24_300SA_p01_16_1_16986.d,nmdc:procsm-11-8r95a952
nmdc:bsm-11-4593y256,60942_3_B_2_WEOM_r2_Mag_07Mar24_300SA_p01_16_1_17047.d,nmdc:procsm-11-8r95a952
nmdc:bsm-11-4593y256,60942_3_B_2_WEOM_r3_Mag_07Mar24_300SA_p01_16_1_17079.d,nmdc:procsm-11-8r95a952
nmdc:bsm-11-4593y256,60942_3_B_3_WEOM_r1_Mag_07Mar24_300SA_p01_17_1_16981.d,nmdc:procsm-11-fa21pg25
nmdc:bsm-11-4593y256,60942_3_B_3_WEOM_r2_Mag_07Mar24_300SA_p01_17_1_17030.d,nmdc:procsm-11-fa21pg25
nmdc:bsm-11-4593y256,60942_3_B_3_WEOM_r3_Mag_07Mar24_300SA_p01_17_1_17100.d,nmdc:procsm-11-fa21pg25
nmdc:bsm-11-4593y256,60942_3_BTM_1_MAOM_r1_Mag_03Feb25_3p3kV_300SA_p01_4_1_22925.d,nmdc:procsm-11-5are2a15
nmdc:bsm-11-4593y256,60942_3_BTM_1_MAOM_r2_Mag_03Feb25_3p3kV_300SA_p01_4_1_22950.d,nmdc:procsm-11-5are2a15
nmdc:bsm-11-4593y256,60942_3_BTM_1_MAOM_r3_Mag_03Feb25_3p3kV_300SA_p01_4_1_23025.d,nmdc:procsm-11-5are2a15
nmdc:bsm-11-4593y256,60942_3_BTM_2_MAOM_r1_Mag_03Feb25_3p3kV_300SA_p01_5_1_22902.d,nmdc:procsm-11-hhv5ap98
nmdc:bsm-11-4593y256,60942_3_BTM_2_MAOM_r2_Mag_03Feb25_3p3kV_300SA_p01_5_1_22982.d,nmdc:procsm-11-hhv5ap98
nmdc:bsm-11-4593y256,60942_3_BTM_2_MAOM_r3_Mag_03Feb25_3p3kV_300SA_p01_5_1_23034.d,nmdc:procsm-11-hhv5ap98
nmdc:bsm-11-4593y256,60942_3_BTM_3_MAOM_r1_Mag_03Feb25_3p3kV_300SA_p01_6_1_22926.d,nmdc:procsm-11-gcznyx36
nmdc:bsm-11-4593y256,60942_3_BTM_3_MAOM_r2_Mag_03Feb25_3p3kV_300SA_p01_6_1_22984.d,nmdc:procsm-11-gcznyx36
nmdc:bsm-11-4593y256,60942_3_BTM_3_MAOM_r3_Mag_03Feb25_3p3kV_300SA_p01_6_1_23039.d,nmdc:procsm-11-gcznyx36
nmdc:bsm-11-6bp4az05,60942_3_T_1_WEOM_r1_Mag_07Mar24_300SA_p01_13_1_16987.d,nmdc:procsm-11-c7ka8e95
nmdc:bsm-11-6bp4az05,60942_3_T_1_WEOM_r2_Mag_07Mar24_300SA_p01_13_1_17034.d,nmdc:procsm-11-c7ka8e95
nmdc:bsm-11-6bp4az05,60942_3_T_1_WEOM_r3_Mag_07Mar24_300SA_p01_13_1_17098.d,nmdc:procsm-11-c7ka8e95
nmdc:bsm-11-6bp4az05,60942_3_T_2_WEOM_r1_Mag_07Mar24_300SA_p01_14_1_17011.d,nmdc:procsm-11-e7bqck80
nmdc:bsm-11-6bp4az05,60942_3_T_2_WEOM_r2_Mag_07Mar24_300SA_p01_14_1_17054.d,nmdc:procsm-11-e7bqck80
nmdc:bsm-11-6bp4az05,60942_3_T_2_WEOM_r3_Mag_07Mar24_300SA_p01_14_1_17080.d,nmdc:procsm-11-e7bqck80
nmdc:bsm-11-6bp4az05,60942_3_TOP_1_MAOM_r1_Mag_19Feb25_3p3kV_300SA_p01_19_1_23497.d,nmdc:procsm-11-pkjrff46
nmdc:bsm-11-6bp4az05,60942_3_TOP_1_MAOM_r2_Mag_19Feb25_3p3kV_300SA_p01_19_1_23518.d,nmdc:procsm-11-pkjrff46
nmdc:bsm-11-6bp4az05,60942_3_TOP_1_MAOM_r3_Mag_19Feb25_3p3kV_300SA_p01_19_1_23577.d,nmdc:procsm-11-pkjrff46
nmdc:bsm-11-6bp4az05,60942_3_TOP_2_MAOM_r1_Mag_19Feb25_3p3kV_300SA_p01_20_1_23474.d,nmdc:procsm-11-2sgk0n02
nmdc:bsm-11-6bp4az05,60942_3_TOP_2_MAOM_r2_Mag_19Feb25_3p3kV_300SA_p01_20_1_23541.d,nmdc:procsm-11-2sgk0n02
nmdc:bsm-11-6bp4az05,60942_3_TOP_2_MAOM_r3_Mag_19Feb25_3p3kV_300SA_p01_20_1_23573.d,nmdc:procsm-11-2sgk0n02
nmdc:bsm-11-6bp4az05,60942_3_TOP_3_MAOM_r1_Mag_19Feb25_3p3kV_300SA_p01_21_1_23486.d,nmdc:procsm-11-s0096v73
nmdc:bsm-11-6bp4az05,60942_3_TOP_3_MAOM_r2_Mag_19Feb25_3p3kV_300SA_p01_21_1_23530.d,nmdc:procsm-11-s0096v73
nmdc:bsm-11-6bp4az05,60942_3_TOP_3_MAOM_r3_Mag_19Feb25_3p3kV_300SA_p01_21_1_23552.d,nmdc:procsm-11-s0096v73
nmdc:bsm-11-qc35jp03,60942_4_B_1_WEOM_r1_Mag_07Mar24_300SA_p01_21_1_17001.d,nmdc:procsm-11-6v4b1c84
nmdc:bsm-11-qc35jp03,60942_4_B_1_WEOM_r2_Mag_07Mar24_300SA_p01_21_1_17044.d,nmdc:procsm-11-6v4b1c84
nmdc:bsm-11-qc35jp03,60942_4_B_1_WEOM_r3_Mag_07Mar24_300SA_p01_21_1_17107.d,nmdc:procsm-11-6v4b1c84
nmdc:bsm-11-qc35jp03,60942_4_B_2_WEOM_r1_Mag_07Mar24_300SA_p01_22_1_16977.d,nmdc:procsm-11-2fsg6447
nmdc:bsm-11-qc35jp03,60942_4_B_2_WEOM_r2_Mag_07Mar24_300SA_p01_22_1_17016.d,nmdc:procsm-11-2fsg6447
nmdc:bsm-11-qc35jp03,60942_4_B_2_WEOM_r3_Mag_07Mar24_300SA_p01_22_1_17088.d,nmdc:procsm-11-2fsg6447
nmdc:bsm-11-qc35jp03,60942_4_B_3_WEOM_r1_Mag_07Mar24_300SA_p01_23_1_16984.d,nmdc:procsm-11-8e72an89
nmdc:bsm-11-qc35jp03,60942_4_B_3_WEOM_r2_Mag_07Mar24_300SA_p01_23_1_17018.d,nmdc:procsm-11-8e72an89
nmdc:bsm-11-qc35jp03,60942_4_B_3_WEOM_r3_Mag_07Mar24_300SA_p01_23_1_17083.d,nmdc:procsm-11-8e72an89
nmdc:bsm-11-qc35jp03,60942_4_BTM_1_MAOM_r1_Mag_03Feb25_3p3kV_300SA_p01_10_1_22922.d,nmdc:procsm-11-28e13d39
nmdc:bsm-11-qc35jp03,60942_4_BTM_1_MAOM_r2_Mag_03Feb25_3p3kV_300SA_p01_10_1_22972.d,nmdc:procsm-11-28e13d39
nmdc:bsm-11-qc35jp03,60942_4_BTM_1_MAOM_r3_Mag_03Feb25_3p3kV_300SA_p01_10_1_22994.d,nmdc:procsm-11-28e13d39
nmdc:bsm-11-qc35jp03,60942_4_BTM_2_MAOM_r1_Mag_03Feb25_3p3kV_300SA_p01_11_1_22915.d,nmdc:procsm-11-p3xa7w45
nmdc:bsm-11-qc35jp03,60942_4_BTM_2_MAOM_r2_Mag_03Feb25_3p3kV_300SA_p01_11_1_22992.d,nmdc:procsm-11-p3xa7w45
nmdc:bsm-11-qc35jp03,60942_4_BTM_2_MAOM_r3_Mag_03Feb25_3p3kV_300SA_p01_11_1_23028.d,nmdc:procsm-11-p3xa7w45
nmdc:bsm-11-qc35jp03,60942_4_BTM_3_MAOM_r1_Mag_03Feb25_3p3kV_300SA_p01_12_1_22912.d,nmdc:procsm-11-ab49by94
nmdc:bsm-11-qc35jp03,60942_4_BTM_3_MAOM_r2_Mag_03Feb25_3p3kV_300SA_p01_12_1_22953.d,nmdc:procsm-11-ab49by94
nmdc:bsm-11-qc35jp03,60942_4_BTM_3_MAOM_r3_Mag_03Feb25_3p3kV_300SA_p01_12_1_23000.d,nmdc:procsm-11-ab49by94
nmdc:bsm-11-qa0jpr97,60942_4_T_1_WEOM_r1_Mag_07Mar24_300SA_p01_18_1_16996.d,nmdc:procsm-11-37752821
nmdc:bsm-11-qa0jpr97,60942_4_T_1_WEOM_r2_Mag_07Mar24_300SA_p01_18_1_17017.d,nmdc:procsm-11-37752821
nmdc:bsm-11-qa0jpr97,60942_4_T_1_WEOM_r3_Mag_07Mar24_300SA_p01_18_1_17067.d,nmdc:procsm-11-37752821
nmdc:bsm-11-qa0jpr97,60942_4_T_1_WEOM_r3_Mag_07Mar24_300SA_p01_18_1_17068.d,nmdc:procsm-11-37752821
nmdc:bsm-11-qa0jpr97,60942_4_T_2_WEOM_r1_Mag_07Mar24_300SA_p01_19_1_17008.d,nmdc:procsm-11-ycx35m20
nmdc:bsm-11-qa0jpr97,60942_4_T_2_WEOM_r2_Mag_07Mar24_300SA_p01_19_1_17045.d,nmdc:procsm-11-ycx35m20
nmdc:bsm-11-qa0jpr97,60942_4_T_2_WEOM_r3_Mag_07Mar24_300SA_p01_19_1_17071.d,nmdc:procsm-11-ycx35m20
nmdc:bsm-11-qa0jpr97,60942_4_T_3_WEOM_r1_Mag_07Mar24_300SA_p01_20_1_16995.d,nmdc:procsm-11-03a07009
nmdc:bsm-11-qa0jpr97,60942_4_T_3_WEOM_r2_Mag_07Mar24_300SA_p01_20_1_17050.d,nmdc:procsm-11-03a07009
nmdc:bsm-11-qa0jpr97,60942_4_T_3_WEOM_r3_Mag_07Mar24_300SA_p01_20_1_17082.d,nmdc:procsm-11-03a07009
nmdc:bsm-11-qa0jpr97,60942_4_TOP_1_MAOM_r1_Mag_03Feb25_3p3kV_300SA_p01_7_1_22909.d,nmdc:procsm-11-akyp6r37
nmdc:bsm-11-qa0jpr97,60942_4_TOP_1_MAOM_r2_Mag_03Feb25_3p3kV_300SA_p01_7_1_22947.d,nmdc:procsm-11-akyp6r37
nmdc:bsm-11-qa0jpr97,60942_4_TOP_1_MAOM_r3_Mag_03Feb25_3p3kV_300SA_p01_7_1_23015.d,nmdc:procsm-11-akyp6r37
nmdc:bsm-11-qa0jpr97,60942_4_TOP_2_MAOM_r1_Mag_03Feb25_3p3kV_300SA_p01_8_1_22913.d,nmdc:procsm-11-b7xhmz38
nmdc:bsm-11-qa0jpr97,60942_4_TOP_2_MAOM_r2_Mag_03Feb25_3p3kV_300SA_p01_8_1_22970.d,nmdc:procsm-11-b7xhmz38
nmdc:bsm-11-qa0jpr97,60942_4_TOP_2_MAOM_r3_Mag_03Feb25_3p3kV_300SA_p01_8_1_23027.d,nmdc:procsm-11-b7xhmz38
nmdc:bsm-11-qa0jpr97,60942_4_TOP_3_MAOM_r1_Mag_03Feb25_3p3kV_300SA_p01_9_1_22892.d,nmdc:procsm-11-28zh7251
nmdc:bsm-11-qa0jpr97,60942_4_TOP_3_MAOM_r2_Mag_03Feb25_3p3kV_300SA_p01_9_1_22968.d,nmdc:procsm-11-28zh7251
nmdc:bsm-11-qa0jpr97,60942_4_TOP_3_MAOM_r3_Mag_03Feb25_3p3kV_300SA_p01_9_1_23017.d,nmdc:procsm-11-28zh7251
nmdc:bsm-11-5n815f77,60942_5_B_1_WEOM_r1_Mag_07Mar24_300SA_p01_27_1_16974.d,nmdc:procsm-11-ysckf711
nmdc:bsm-11-5n815f77,60942_5_B_1_WEOM_r2_Mag_07Mar24_300SA_p01_27_1_17043.d,nmdc:procsm-11-ysckf711
nmdc:bsm-11-5n815f77,60942_5_B_1_WEOM_r3_Mag_07Mar24_300SA_p01_27_1_17076.d,nmdc:procsm-11-ysckf711
nmdc:bsm-11-5n815f77,60942_5_B_2_WEOM_r1_Mag_07Mar24_300SA_p01_28_1_16997.d,nmdc:procsm-11-92tran04
nmdc:bsm-11-5n815f77,60942_5_B_2_WEOM_r2_Mag_07Mar24_300SA_p01_28_1_17026.d,nmdc:procsm-11-92tran04
nmdc:bsm-11-5n815f77,60942_5_B_2_WEOM_r3_Mag_07Mar24_300SA_p01_28_1_17084.d,nmdc:procsm-11-92tran04
nmdc:bsm-11-5n815f77,60942_5_B_3_WEOM_r1_Mag_07Mar24_300SA_p01_29_1_16989.d,nmdc:procsm-11-yz4z0734
nmdc:bsm-11-5n815f77,60942_5_B_3_WEOM_r2_Mag_07Mar24_300SA_p01_29_1_17042.d,nmdc:procsm-11-yz4z0734
nmdc:bsm-11-5n815f77,60942_5_B_3_WEOM_r3_Mag_07Mar24_300SA_p01_29_1_17106.d,nmdc:procsm-11-yz4z0734
nmdc:bsm-11-5n815f77,60942_5_BTM_1_MAOM_r1_Mag_03Feb25_3p3kV_300SA_p01_16_1_22938.d,nmdc:procsm-11-w90zdd03
nmdc:bsm-11-5n815f77,60942_5_BTM_1_MAOM_r2_Mag_03Feb25_3p3kV_300SA_p01_16_1_22990.d,nmdc:procsm-11-w90zdd03
nmdc:bsm-11-5n815f77,60942_5_BTM_1_MAOM_r3_Mag_03Feb25_3p3kV_300SA_p01_16_1_22998.d,nmdc:procsm-11-w90zdd03
nmdc:bsm-11-5n815f77,60942_5_BTM_2_MAOM_r1_Mag_03Feb25_3p3kV_300SA_p01_17_1_22908.d,nmdc:procsm-11-51yren24
nmdc:bsm-11-5n815f77,60942_5_BTM_2_MAOM_r2_Mag_03Feb25_3p3kV_300SA_p01_17_1_22956.d,nmdc:procsm-11-51yren24
nmdc:bsm-11-5n815f77,60942_5_BTM_2_MAOM_r3_Mag_03Feb25_3p3kV_300SA_p01_17_1_23040.d,nmdc:procsm-11-51yren24
nmdc:bsm-11-5n815f77,60942_5_BTM_3_MAOM_r1_Mag_03Feb25_3p3kV_300SA_p01_18_1_22901.d,nmdc:procsm-11-0sx5wn78
nmdc:bsm-11-5n815f77,60942_5_BTM_3_MAOM_r2_Mag_03Feb25_3p3kV_300SA_p01_18_1_22951.d,nmdc:procsm-11-0sx5wn78
nmdc:bsm-11-5n815f77,60942_5_BTM_3_MAOM_r3_Mag_03Feb25_3p3kV_300SA_p01_18_1_23018.d,nmdc:procsm-11-0sx5wn78
nmdc:bsm-11-q9mg6b87,60942_5_T_1_WEOM_r1_Mag_07Mar24_300SA_p01_24_1_16983.d,nmdc:procsm-11-zmbjxj02
nmdc:bsm-11-q9mg6b87,60942_5_T_1_WEOM_r2_Mag_07Mar24_300SA_p01_24_1_17022.d,nmdc:procsm-11-zmbjxj02
nmdc:bsm-11-q9mg6b87,60942_5_T_1_WEOM_r3_Mag_07Mar24_300SA_p01_24_1_17073.d,nmdc:procsm-11-zmbjxj02
nmdc:bsm-11-q9mg6b87,60942_5_T_2_WEOM_r1_Mag_07Mar24_300SA_p01_25_1_16992.d,nmdc:procsm-11-mbcf9769
nmdc:bsm-11-q9mg6b87,60942_5_T_2_WEOM_r2_Mag_07Mar24_300SA_p01_25_1_17037.d,nmdc:procsm-11-mbcf9769
nmdc:bsm-11-q9mg6b87,60942_5_T_2_WEOM_r3_Mag_07Mar24_300SA_p01_25_1_17103.d,nmdc:procsm-11-mbcf9769
nmdc:bsm-11-q9mg6b87,60942_5_T_3_WEOM_r1_Mag_07Mar24_300SA_p01_26_1_16975.d,nmdc:procsm-11-yr9k0p98
nmdc:bsm-11-q9mg6b87,60942_5_T_3_WEOM_r2_Mag_07Mar24_300SA_p01_26_1_17019.d,nmdc:procsm-11-yr9k0p98
nmdc:bsm-11-q9mg6b87,60942_5_T_3_WEOM_r3_Mag_07Mar24_300SA_p01_26_1_17095.d,nmdc:procsm-11-yr9k0p98
nmdc:bsm-11-q9mg6b87,60942_5_TOP_1_MAOM_r1_Mag_03Feb25_3p3kV_300SA_p01_13_1_22934.d,nmdc:procsm-11-cp2nn769
nmdc:bsm-11-q9mg6b87,60942_5_TOP_1_MAOM_r2_Mag_03Feb25_3p3kV_300SA_p01_13_1_22969.d,nmdc:procsm-11-cp2nn769
nmdc:bsm-11-q9mg6b87,60942_5_TOP_1_MAOM_r3_Mag_03Feb25_3p3kV_300SA_p01_13_1_23013.d,nmdc:procsm-11-cp2nn769
nmdc:bsm-11-q9mg6b87,60942_5_TOP_2_MAOM_r1_Mag_03Feb25_3p3kV_300SA_p01_14_1_22928.d,nmdc:procsm-11-w2t6p878
nmdc:bsm-11-q9mg6b87,60942_5_TOP_2_MAOM_r2_Mag_03Feb25_3p3kV_300SA_p01_14_1_22988.d,nmdc:procsm-11-w2t6p878
nmdc:bsm-11-q9mg6b87,60942_5_TOP_2_MAOM_r3_Mag_03Feb25_3p3kV_300SA_p01_14_1_23036.d,nmdc:procsm-11-w2t6p878
nmdc:bsm-11-q9mg6b87,60942_5_TOP_3_MAOM_r1_Mag_03Feb25_3p3kV_300SA_p01_15_1_22906.d,nmdc:procsm-11-jvwnbt91
nmdc:bsm-11-q9mg6b87,60942_5_TOP_3_MAOM_r2_Mag_03Feb25_3p3kV_300SA_p01_15_1_22974.d,nmdc:procsm-11-jvwnbt91
nmdc:bsm-11-q9mg6b87,60942_5_TOP_3_MAOM_r3_Mag_03Feb25_3p3kV_300SA_p01_15_1_23022.d,nmdc:procsm-11-jvwnbt91
nmdc:bsm-11-40fwmc66,60942_6_B_1_WEOM_r1_Mag_07Mar24_300SA_p01_33_1_16970.d,nmdc:procsm-11-076g0t51
nmdc:bsm-11-40fwmc66,60942_6_B_1_WEOM_r2_Mag_07Mar24_300SA_p01_33_1_17014.d,nmdc:procsm-11-076g0t51
nmdc:bsm-11-40fwmc66,60942_6_B_1_WEOM_r3_Mag_07Mar24_300SA_p01_33_1_17072.d,nmdc:procsm-11-076g0t51
nmdc:bsm-11-40fwmc66,60942_6_B_2_WEOM_r1_Mag_07Mar24_300SA_p01_34_1_17007.d,nmdc:procsm-11-yvkx1874
nmdc:bsm-11-40fwmc66,60942_6_B_2_WEOM_r2_Mag_07Mar24_300SA_p01_34_1_17036.d,nmdc:procsm-11-yvkx1874
nmdc:bsm-11-40fwmc66,60942_6_B_2_WEOM_r3_Mag_07Mar24_300SA_p01_34_1_17096.d,nmdc:procsm-11-yvkx1874
nmdc:bsm-11-40fwmc66,60942_6_B_3_WEOM_r1_Mag_07Mar24_300SA_p01_35_1_16968.d,nmdc:procsm-11-t62c9c29
nmdc:bsm-11-40fwmc66,60942_6_B_3_WEOM_r2_Mag_07Mar24_300SA_p01_35_1_17040.d,nmdc:procsm-11-t62c9c29
nmdc:bsm-11-40fwmc66,60942_6_B_3_WEOM_r3_Mag_07Mar24_300SA_p01_35_1_17105.d,nmdc:procsm-11-t62c9c29
nmdc:bsm-11-40fwmc66,60942_6_BTM_1_MAOM_r1_Mag_03Feb25_3p3kV_300SA_p01_26_1_22896.d,nmdc:procsm-11-04ydw150
nmdc:bsm-11-40fwmc66,60942_6_BTM_1_MAOM_r2_Mag_03Feb25_3p3kV_300SA_p01_26_1_22959.d,nmdc:procsm-11-04ydw150
nmdc:bsm-11-40fwmc66,60942_6_BTM_1_MAOM_r3_Mag_03Feb25_3p3kV_300SA_p01_26_1_23029.d,nmdc:procsm-11-04ydw150
nmdc:bsm-11-40fwmc66,60942_6_BTM_2_MAOM_r1_Mag_03Feb25_3p3kV_300SA_p01_27_1_22917.d,nmdc:procsm-11-xk9fh816
nmdc:bsm-11-40fwmc66,60942_6_BTM_2_MAOM_r2_Mag_03Feb25_3p3kV_300SA_p01_27_1_22957.d,nmdc:procsm-11-xk9fh816
nmdc:bsm-11-40fwmc66,60942_6_BTM_2_MAOM_r3_Mag_03Feb25_3p3kV_300SA_p01_27_1_23003.d,nmdc:procsm-11-xk9fh816
nmdc:bsm-11-40fwmc66,60942_6_BTM_3_MAOM_r1_Mag_03Feb25_3p3kV_300SA_p01_28_1_22940.d,nmdc:procsm-11-htmdt866
nmdc:bsm-11-40fwmc66,60942_6_BTM_3_MAOM_r2_Mag_03Feb25_3p3kV_300SA_p01_28_1_22946.d,nmdc:procsm-11-htmdt866
nmdc:bsm-11-40fwmc66,60942_6_BTM_3_MAOM_r3_Mag_03Feb25_3p3kV_300SA_p01_28_1_23023.d,nmdc:procsm-11-htmdt866
nmdc:bsm-11-rzefwb42,60942_6_T_1_WEOM_r1_Mag_07Mar24_300SA_p01_30_1_17010.d,nmdc:procsm-11-mry26b85
nmdc:bsm-11-rzefwb42,60942_6_T_1_WEOM_r2_Mag_07Mar24_300SA_p01_30_1_17031.d,nmdc:procsm-11-mry26b85
nmdc:bsm-11-rzefwb42,60942_6_T_1_WEOM_r3_Mag_07Mar24_300SA_p01_30_1_17081.d,nmdc:procsm-11-mry26b85
nmdc:bsm-11-rzefwb42,60942_6_T_2_WEOM_r1_Mag_07Mar24_300SA_p01_31_1_16999.d,nmdc:procsm-11-e33ez575
nmdc:bsm-11-rzefwb42,60942_6_T_2_WEOM_r2_Mag_07Mar24_300SA_p01_31_1_17060.d,nmdc:procsm-11-e33ez575
nmdc:bsm-11-rzefwb42,60942_6_T_2_WEOM_r3_Mag_07Mar24_300SA_p01_31_1_17099.d,nmdc:procsm-11-e33ez575
nmdc:bsm-11-rzefwb42,60942_6_T_3_WEOM_r1_Mag_07Mar24_300SA_p01_32_1_16985.d,nmdc:procsm-11-524qmy04
nmdc:bsm-11-rzefwb42,60942_6_T_3_WEOM_r2_Mag_07Mar24_300SA_p01_32_1_17059.d,nmdc:procsm-11-524qmy04
nmdc:bsm-11-rzefwb42,60942_6_T_3_WEOM_r3_Mag_07Mar24_300SA_p01_32_1_17089.d,nmdc:procsm-11-524qmy04
nmdc:bsm-11-rzefwb42,60942_6_TOP_1_MAOM_r1_Mag_03Feb25_3p3kV_300SA_p01_23_1_22916.d,nmdc:procsm-11-gxvynf29
nmdc:bsm-11-rzefwb42,60942_6_TOP_1_MAOM_r2_Mag_03Feb25_3p3kV_300SA_p01_23_1_22991.d,nmdc:procsm-11-gxvynf29
nmdc:bsm-11-rzefwb42,60942_6_TOP_1_MAOM_r3_Mag_03Feb25_3p3kV_300SA_p01_23_1_23020.d,nmdc:procsm-11-gxvynf29
nmdc:bsm-11-rzefwb42,60942_6_TOP_2_MAOM_r1_Mag_03Feb25_3p3kV_300SA_p01_24_1_22933.d,nmdc:procsm-11-jn7tcm20
nmdc:bsm-11-rzefwb42,60942_6_TOP_2_MAOM_r2_Mag_03Feb25_3p3kV_300SA_p01_24_1_22961.d,nmdc:procsm-11-jn7tcm20
nmdc:bsm-11-rzefwb42,60942_6_TOP_2_MAOM_r3_Mag_03Feb25_3p3kV_300SA_p01_24_1_23033.d,nmdc:procsm-11-jn7tcm20
nmdc:bsm-11-rzefwb42,60942_6_TOP_3_MAOM_r1_Mag_03Feb25_3p3kV_300SA_p01_25_1_22930.d,nmdc:procsm-11-wxkxf355
nmdc:bsm-11-rzefwb42,60942_6_TOP_3_MAOM_r2_Mag_03Feb25_3p3kV_300SA_p01_25_1_22963.d,nmdc:procsm-11-wxkxf355
nmdc:bsm-11-rzefwb42,60942_6_TOP_3_MAOM_r3_Mag_03Feb25_3p3kV_300SA_p01_25_1_23038.d,nmdc:procsm-11-wxkxf355
nmdc:bsm-11-eghj3s55,60932_1_B_1_WEOM_r1_Mag_21Feb24_300SA_p01_1_1_15519.d,nmdc:procsm-11-y46dfc52
nmdc:bsm-11-eghj3s55,60932_1_B_1_WEOM_r2_Mag_24Feb24_300SA_p01_1_1_15950.d,nmdc:procsm-11-y46dfc52
nmdc:bsm-11-eghj3s55,60932_1_B_1_WEOM_r3_Mag_24Feb24_300SA_p01_1_1_16003.d,nmdc:procsm-11-y46dfc52
nmdc:bsm-11-eghj3s55,60932_1_B_2_WEOM_r1_Mag_21Feb24_300SA_p01_2_1_15545.d,nmdc:procsm-11-13ph8n78
nmdc:bsm-11-eghj3s55,60932_1_B_2_WEOM_r2_Mag_24Feb24_300SA_p01_2_1_15965.d,nmdc:procsm-11-13ph8n78
nmdc:bsm-11-eghj3s55,60932_1_B_2_WEOM_r3_Mag_24Feb24_300SA_p01_2_1_16002.d,nmdc:procsm-11-13ph8n78
nmdc:bsm-11-eghj3s55,60932_1_B_3_WEOM_r1_Mag_21Feb24_300SA_p01_3_1_15540.d,nmdc:procsm-11-pvqbg190
nmdc:bsm-11-eghj3s55,60932_1_B_3_WEOM_r2_Mag_21Feb24_300SA_p01_3_1_15901.d,nmdc:procsm-11-pvqbg190
nmdc:bsm-11-eghj3s55,60932_1_B_3_WEOM_r2_Mag_24Feb24_300SA_p01_3_1_15927.d,nmdc:procsm-11-pvqbg190
nmdc:bsm-11-eghj3s55,60932_1_B_3_WEOM_r3_Mag_24Feb24_300SA_p01_3_1_15970.d,nmdc:procsm-11-pvqbg190
nmdc:bsm-11-eghj3s55,60932_1_BTM_1_MAOM_r1_Mag_10Feb25_3p3kV_300SA_p01_4_1_23083.d,nmdc:procsm-11-zg2tjg33
nmdc:bsm-11-eghj3s55,60932_1_BTM_1_MAOM_r2_Mag_10Feb25_3p3kV_300SA_p01_4_1_23138.d,nmdc:procsm-11-zg2tjg33
nmdc:bsm-11-eghj3s55,60932_1_BTM_1_MAOM_r3_Mag_10Feb25_3p3kV_300SA_p01_4_1_23180.d,nmdc:procsm-11-zg2tjg33
nmdc:bsm-11-eghj3s55,60932_1_BTM_2_MAOM_r1_Mag_10Feb25_3p3kV_300SA_p01_5_1_23055.d,nmdc:procsm-11-j0qxb641
nmdc:bsm-11-eghj3s55,60932_1_BTM_2_MAOM_r2_Mag_10Feb25_3p3kV_300SA_p01_5_1_23096.d,nmdc:procsm-11-j0qxb641
nmdc:bsm-11-eghj3s55,60932_1_BTM_2_MAOM_r3_Mag_10Feb25_3p3kV_300SA_p01_5_1_23186.d,nmdc:procsm-11-j0qxb641
nmdc:bsm-11-eghj3s55,60932_1_BTM_3_MAOM_r1_Mag_10Feb25_3p3kV_300SA_p01_6_1_23058.d,nmdc:procsm-11-7v01n483
nmdc:bsm-11-eghj3s55,60932_1_BTM_3_MAOM_r2_Mag_10Feb25_3p3kV_300SA_p01_6_1_23101.d,nmdc:procsm-11-7v01n483
nmdc:bsm-11-eghj3s55,60932_1_BTM_3_MAOM_r3_Mag_10Feb25_3p3kV_300SA_p01_6_1_23172.d,nmdc:procsm-11-7v01n483
nmdc:bsm-11-t9rs4r83,60932_1_T_1_WEOM_r1_Mag_21Feb24_300SA_p01_49_1_15525.d,nmdc:procsm-11-a5enjy66
nmdc:bsm-11-t9rs4r83,60932_1_T_1_WEOM_r2_Mag_24Feb24_300SA_p01_49_1_15937.d,nmdc:procsm-11-a5enjy66
nmdc:bsm-11-t9rs4r83,60932_1_T_1_WEOM_r3_Mag_24Feb24_300SA_p01_49_1_15977.d,nmdc:procsm-11-a5enjy66
nmdc:bsm-11-t9rs4r83,60932_1_T_2_WEOM_r1_Mag_21Feb24_300SA_p01_50_1_15537.d,nmdc:procsm-11-ns5p9175
nmdc:bsm-11-t9rs4r83,60932_1_T_2_WEOM_r2_Mag_24Feb24_300SA_p01_50_1_15935.d,nmdc:procsm-11-ns5p9175
nmdc:bsm-11-t9rs4r83,60932_1_T_2_WEOM_r3_Mag_24Feb24_300SA_p01_50_1_15988.d,nmdc:procsm-11-ns5p9175
nmdc:bsm-11-t9rs4r83,60932_1_T_3_WEOM_r1_Mag_21Feb24_300SA_p01_51_1_15541.d,nmdc:procsm-11-e02cdt27
nmdc:bsm-11-t9rs4r83,60932_1_T_3_WEOM_r2_Mag_21Feb24_300SA_p01_51_1_15890.d,nmdc:procsm-11-e02cdt27
nmdc:bsm-11-t9rs4r83,60932_1_T_3_WEOM_r2_Mag_24Feb24_300SA_p01_51_1_15916.d,nmdc:procsm-11-e02cdt27
nmdc:bsm-11-t9rs4r83,60932_1_T_3_WEOM_r3_Mag_24Feb24_300SA_p01_51_1_15983.d,nmdc:procsm-11-e02cdt27
nmdc:bsm-11-t9rs4r83,60932_1_TOP_1_MAOM_r1_Mag_10Feb25_3p3kV_300SA_p01_1_1_23048.d,nmdc:procsm-11-r9w32p72
nmdc:bsm-11-t9rs4r83,60932_1_TOP_1_MAOM_r2_Mag_10Feb25_3p3kV_300SA_p01_1_1_23135.d,nmdc:procsm-11-r9w32p72
nmdc:bsm-11-t9rs4r83,60932_1_TOP_1_MAOM_r3_Mag_10Feb25_3p3kV_300SA_p01_1_1_23175.d,nmdc:procsm-11-r9w32p72
nmdc:bsm-11-t9rs4r83,60932_1_TOP_2_MAOM_r1_Mag_10Feb25_3p3kV_300SA_p01_2_1_23070.d,nmdc:procsm-11-fa0vpx31
nmdc:bsm-11-t9rs4r83,60932_1_TOP_2_MAOM_r2_Mag_10Feb25_3p3kV_300SA_p01_2_1_23117.d,nmdc:procsm-11-fa0vpx31
nmdc:bsm-11-t9rs4r83,60932_1_TOP_2_MAOM_r3_Mag_10Feb25_3p3kV_300SA_p01_2_1_23165.d,nmdc:procsm-11-fa0vpx31
nmdc:bsm-11-t9rs4r83,60932_1_TOP_3_MAOM_r1_Mag_10Feb25_3p3kV_300SA_p01_3_1_23082.d,nmdc:procsm-11-n6cbpa41
nmdc:bsm-11-t9rs4r83,60932_1_TOP_3_MAOM_r2_Mag_10Feb25_3p3kV_300SA_p01_3_1_23113.d,nmdc:procsm-11-n6cbpa41
nmdc:bsm-11-t9rs4r83,60932_1_TOP_3_MAOM_r3_Mag_10Feb25_3p3kV_300SA_p01_3_1_23157.d,nmdc:procsm-11-n6cbpa41
nmdc:bsm-11-1wvswr68,60932_2_B_1_WEOM_r1_Mag_21Feb24_300SA_p01_6_1_15549.d,nmdc:procsm-11-ah14rw71
nmdc:bsm-11-1wvswr68,60932_2_B_1_WEOM_r2_Mag_24Feb24_300SA_p01_6_1_15959.d,nmdc:procsm-11-ah14rw71
nmdc:bsm-11-1wvswr68,60932_2_B_1_WEOM_r3_Mag_24Feb24_300SA_p01_6_1_16008.d,nmdc:procsm-11-ah14rw71
nmdc:bsm-11-1wvswr68,60932_2_B_2_WEOM_r1_Mag_21Feb24_300SA_p01_7_1_15546.d,nmdc:procsm-11-g8eg8e23
nmdc:bsm-11-1wvswr68,60932_2_B_2_WEOM_r2_Mag_24Feb24_300SA_p01_7_1_15951.d,nmdc:procsm-11-g8eg8e23
nmdc:bsm-11-1wvswr68,60932_2_B_2_WEOM_r3_Mag_24Feb24_300SA_p01_7_1_16005.d,nmdc:procsm-11-g8eg8e23
nmdc:bsm-11-1wvswr68,60932_2_B_3_WEOM_r1_Mag_21Feb24_300SA_p01_8_1_15516.d,nmdc:procsm-11-08nm7474
nmdc:bsm-11-1wvswr68,60932_2_B_3_WEOM_r2_Mag_24Feb24_300SA_p01_8_1_15942.d,nmdc:procsm-11-08nm7474
nmdc:bsm-11-1wvswr68,60932_2_B_3_WEOM_r3_Mag_24Feb24_300SA_p01_8_1_15984.d,nmdc:procsm-11-08nm7474
nmdc:bsm-11-1wvswr68,60932_2_BTM_1_MAOM_r1_Mag_10Feb25_3p3kV_300SA_p01_10_1_23051.d,nmdc:procsm-11-t5b03r10
nmdc:bsm-11-1wvswr68,60932_2_BTM_1_MAOM_r2_Mag_10Feb25_3p3kV_300SA_p01_10_1_23143.d,nmdc:procsm-11-t5b03r10
nmdc:bsm-11-1wvswr68,60932_2_BTM_1_MAOM_r3_Mag_10Feb25_3p3kV_300SA_p01_10_1_23183.d,nmdc:procsm-11-t5b03r10
nmdc:bsm-11-1wvswr68,60932_2_BTM_2_MAOM_r1_Mag_10Feb25_3p3kV_300SA_p01_11_1_23054.d,nmdc:procsm-11-kq5rv184
nmdc:bsm-11-1wvswr68,60932_2_BTM_2_MAOM_r2_Mag_10Feb25_3p3kV_300SA_p01_11_1_23122.d,nmdc:procsm-11-kq5rv184
nmdc:bsm-11-1wvswr68,60932_2_BTM_2_MAOM_r3_Mag_10Feb25_3p3kV_300SA_p01_11_1_23154.d,nmdc:procsm-11-kq5rv184
nmdc:bsm-11-1wvswr68,60932_2_BTM_3_MAOM_r1_Mag_10Feb25_3p3kV_300SA_p01_12_1_23064.d,nmdc:procsm-11-3bf94r75
nmdc:bsm-11-1wvswr68,60932_2_BTM_3_MAOM_r2_Mag_10Feb25_3p3kV_300SA_p01_12_1_23121.d,nmdc:procsm-11-3bf94r75
nmdc:bsm-11-1wvswr68,60932_2_BTM_3_MAOM_r3_Mag_10Feb25_3p3kV_300SA_p01_12_1_23149.d,nmdc:procsm-11-3bf94r75
nmdc:bsm-11-te4pw950,60932_2_T_2_WEOM_r1_Mag_21Feb24_300SA_p01_4_1_15551.d,nmdc:procsm-11-sbhpj041
nmdc:bsm-11-te4pw950,60932_2_T_2_WEOM_r2_Mag_21Feb24_300SA_p01_4_1_15893.d,nmdc:procsm-11-sbhpj041
nmdc:bsm-11-te4pw950,60932_2_T_2_WEOM_r2_Mag_24Feb24_300SA_p01_4_1_15919.d,nmdc:procsm-11-sbhpj041
nmdc:bsm-11-te4pw950,60932_2_T_2_WEOM_r3_Mag_24Feb24_300SA_p01_4_1_15990.d,nmdc:procsm-11-sbhpj041
nmdc:bsm-11-te4pw950,60932_2_T_3_WEOM_r1_Mag_21Feb24_300SA_p01_5_1_15520.d,nmdc:procsm-11-328fx439
nmdc:bsm-11-te4pw950,60932_2_T_3_WEOM_r2_Mag_24Feb24_300SA_p01_5_1_15944.d,nmdc:procsm-11-328fx439
nmdc:bsm-11-te4pw950,60932_2_T_3_WEOM_r3_Mag_24Feb24_300SA_p01_5_1_16000.d,nmdc:procsm-11-328fx439
nmdc:bsm-11-te4pw950,60932_2_TOP_1_MAOM_r1_Mag_10Feb25_3p3kV_300SA_p01_7_1_23094.d,nmdc:procsm-11-zrdz9k43
nmdc:bsm-11-te4pw950,60932_2_TOP_1_MAOM_r2_Mag_10Feb25_3p3kV_300SA_p01_7_1_23126.d,nmdc:procsm-11-zrdz9k43
nmdc:bsm-11-te4pw950,60932_2_TOP_1_MAOM_r3_Mag_10Feb25_3p3kV_300SA_p01_7_1_23193.d,nmdc:procsm-11-zrdz9k43
nmdc:bsm-11-te4pw950,60932_2_TOP_2_MAOM_r1_Mag_10Feb25_3p3kV_300SA_p01_8_1_23050.d,nmdc:procsm-11-craabt46
nmdc:bsm-11-te4pw950,60932_2_TOP_2_MAOM_r2_Mag_10Feb25_3p3kV_300SA_p01_8_1_23125.d,nmdc:procsm-11-craabt46
nmdc:bsm-11-te4pw950,60932_2_TOP_2_MAOM_r3_Mag_10Feb25_3p3kV_300SA_p01_8_1_23161.d,nmdc:procsm-11-craabt46
nmdc:bsm-11-te4pw950,60932_2_TOP_3_MAOM_r1_Mag_10Feb25_3p3kV_300SA_p01_9_1_23066.d,nmdc:procsm-11-6vr5wb32
nmdc:bsm-11-te4pw950,60932_2_TOP_3_MAOM_r2_Mag_10Feb25_3p3kV_300SA_p01_9_1_23128.d,nmdc:procsm-11-6vr5wb32
nmdc:bsm-11-te4pw950,60932_2_TOP_3_MAOM_r3_Mag_10Feb25_3p3kV_300SA_p01_9_1_23153.d,nmdc:procsm-11-6vr5wb32
nmdc:bsm-11-8mc07y60,60932_3_B_1_WEOM_r1_Mag_21Feb24_300SA_p01_12_1_15547.d,nmdc:procsm-11-w92j0s34
nmdc:bsm-11-8mc07y60,60932_3_B_1_WEOM_r2_Mag_24Feb24_300SA_p01_12_1_15956.d,nmdc:procsm-11-w92j0s34
nmdc:bsm-11-8mc07y60,60932_3_B_1_WEOM_r3_Mag_24Feb24_300SA_p01_12_1_15972.d,nmdc:procsm-11-w92j0s34
nmdc:bsm-11-8mc07y60,60932_3_B_2_WEOM_r1_Mag_21Feb24_300SA_p01_13_1_15884.d,nmdc:procsm-11-4z4f3n06
nmdc:bsm-11-8mc07y60,60932_3_B_2_WEOM_r1_Mag_24Feb24_300SA_p01_13_1_15910.d,nmdc:procsm-11-4z4f3n06
nmdc:bsm-11-8mc07y60,60932_3_B_2_WEOM_r2_Mag_24Feb24_300SA_p01_13_1_15962.d,nmdc:procsm-11-4z4f3n06
nmdc:bsm-11-8mc07y60,60932_3_B_2_WEOM_r3_Mag_24Feb24_300SA_p01_13_1_15989.d,nmdc:procsm-11-4z4f3n06
nmdc:bsm-11-8mc07y60,60932_3_B_3_WEOM_r1_Mag_21Feb24_300SA_p01_14_1_15524.d,nmdc:procsm-11-rh7zfg12
nmdc:bsm-11-8mc07y60,60932_3_B_3_WEOM_r2_Mag_21Feb24_300SA_p01_14_1_15903.d,nmdc:procsm-11-rh7zfg12
nmdc:bsm-11-8mc07y60,60932_3_B_3_WEOM_r2_Mag_24Feb24_300SA_p01_14_1_15929.d,nmdc:procsm-11-rh7zfg12
nmdc:bsm-11-8mc07y60,60932_3_B_3_WEOM_r3_Mag_24Feb24_300SA_p01_14_1_16009.d,nmdc:procsm-11-rh7zfg12
nmdc:bsm-11-8mc07y60,60932_3_BTM_1_MAOM_r1_Mag_10Feb25_3p3kV_300SA_p01_16_1_23061.d,nmdc:procsm-11-81p8a321
nmdc:bsm-11-8mc07y60,60932_3_BTM_1_MAOM_r2_Mag_10Feb25_3p3kV_300SA_p01_16_1_23118.d,nmdc:procsm-11-81p8a321
nmdc:bsm-11-8mc07y60,60932_3_BTM_1_MAOM_r3_Mag_10Feb25_3p3kV_300SA_p01_16_1_23192.d,nmdc:procsm-11-81p8a321
nmdc:bsm-11-8mc07y60,60932_3_BTM_2_MAOM_r1_Mag_10Feb25_3p3kV_300SA_p01_17_1_23049.d,nmdc:procsm-11-nrzqcx90
nmdc:bsm-11-8mc07y60,60932_3_BTM_2_MAOM_r2_Mag_10Feb25_3p3kV_300SA_p01_17_1_23097.d,nmdc:procsm-11-nrzqcx90
nmdc:bsm-11-8mc07y60,60932_3_BTM_2_MAOM_r3_Mag_10Feb25_3p3kV_300SA_p01_17_1_23182.d,nmdc:procsm-11-nrzqcx90
nmdc:bsm-11-8mc07y60,60932_3_BTM_3_MAOM_r1_Mag_10Feb25_3p3kV_300SA_p01_18_1_23047.d,nmdc:procsm-11-v8av5g22
nmdc:bsm-11-8mc07y60,60932_3_BTM_3_MAOM_r2_Mag_10Feb25_3p3kV_300SA_p01_18_1_23124.d,nmdc:procsm-11-v8av5g22
nmdc:bsm-11-8mc07y60,60932_3_BTM_3_MAOM_r3_Mag_10Feb25_3p3kV_300SA_p01_18_1_23189.d,nmdc:procsm-11-v8av5g22
nmdc:bsm-11-bng5qs79,60932_3_T_1_WEOM_r1_Mag_21Feb24_300SA_p01_9_1_15531.d,nmdc:procsm-11-padswt47
nmdc:bsm-11-bng5qs79,60932_3_T_1_WEOM_r2_Mag_21Feb24_300SA_p01_9_1_15902.d,nmdc:procsm-11-padswt47
nmdc:bsm-11-bng5qs79,60932_3_T_1_WEOM_r2_Mag_24Feb24_300SA_p01_9_1_15928.d,nmdc:procsm-11-padswt47
nmdc:bsm-11-bng5qs79,60932_3_T_1_WEOM_r3_Mag_24Feb24_300SA_p01_9_1_15985.d,nmdc:procsm-11-padswt47
nmdc:bsm-11-bng5qs79,60932_3_T_2_WEOM_r1_Mag_21Feb24_300SA_p01_10_1_15544.d,nmdc:procsm-11-hk9g6c50
nmdc:bsm-11-bng5qs79,60932_3_T_2_WEOM_r2_Mag_21Feb24_300SA_p01_10_1_15900.d,nmdc:procsm-11-hk9g6c50
nmdc:bsm-11-bng5qs79,60932_3_T_2_WEOM_r2_Mag_24Feb24_300SA_p01_10_1_15926.d,nmdc:procsm-11-hk9g6c50
nmdc:bsm-11-bng5qs79,60932_3_T_2_WEOM_r3_Mag_24Feb24_300SA_p01_10_1_15996.d,nmdc:procsm-11-hk9g6c50
nmdc:bsm-11-bng5qs79,60932_3_T_3_WEOM_r1_Mag_21Feb24_300SA_p01_11_1_15515.d,nmdc:procsm-11-yzty9638
nmdc:bsm-11-bng5qs79,60932_3_T_3_WEOM_r2_Mag_24Feb24_300SA_p01_11_1_15939.d,nmdc:procsm-11-yzty9638
nmdc:bsm-11-bng5qs79,60932_3_T_3_WEOM_r3_Mag_24Feb24_300SA_p01_11_1_15987.d,nmdc:procsm-11-yzty9638
nmdc:bsm-11-bng5qs79,60932_3_TOP_1_MAOM_r1_Mag_10Feb25_3p3kV_300SA_p01_13_1_23081.d,nmdc:procsm-11-6k1vmf06
nmdc:bsm-11-bng5qs79,60932_3_TOP_1_MAOM_r2_Mag_10Feb25_3p3kV_300SA_p01_13_1_23103.d,nmdc:procsm-11-6k1vmf06
nmdc:bsm-11-bng5qs79,60932_3_TOP_1_MAOM_r3_Mag_10Feb25_3p3kV_300SA_p01_13_1_23152.d,nmdc:procsm-11-6k1vmf06
nmdc:bsm-11-bng5qs79,60932_3_TOP_2_MAOM_r1_Mag_10Feb25_3p3kV_300SA_p01_14_1_23071.d,nmdc:procsm-11-6dfsd941
nmdc:bsm-11-bng5qs79,60932_3_TOP_2_MAOM_r2_Mag_10Feb25_3p3kV_300SA_p01_14_1_23099.d,nmdc:procsm-11-6dfsd941
nmdc:bsm-11-bng5qs79,60932_3_TOP_2_MAOM_r3_Mag_10Feb25_3p3kV_300SA_p01_14_1_23159.d,nmdc:procsm-11-6dfsd941
nmdc:bsm-11-bng5qs79,60932_3_TOP_3_MAOM_r1_Mag_10Feb25_3p3kV_300SA_p01_15_1_23073.d,nmdc:procsm-11-zgsp7b84
nmdc:bsm-11-bng5qs79,60932_3_TOP_3_MAOM_r2_Mag_10Feb25_3p3kV_300SA_p01_15_1_23114.d,nmdc:procsm-11-zgsp7b84
nmdc:bsm-11-bng5qs79,60932_3_TOP_3_MAOM_r3_Mag_10Feb25_3p3kV_300SA_p01_15_1_23181.d,nmdc:procsm-11-zgsp7b84
nmdc:bsm-11-35hcx775,60932_4_B_1_WEOM_r1_Mag_21Feb24_300SA_p01_18_1_15533.d,nmdc:procsm-11-dkgjwa11
nmdc:bsm-11-35hcx775,60932_4_B_1_WEOM_r2_Mag_24Feb24_300SA_p01_18_1_15958.d,nmdc:procsm-11-dkgjwa11
nmdc:bsm-11-35hcx775,60932_4_B_1_WEOM_r3_Mag_24Feb24_300SA_p01_18_1_15992.d,nmdc:procsm-11-dkgjwa11
nmdc:bsm-11-35hcx775,60932_4_B_2_WEOM_r1_Mag_21Feb24_300SA_p01_19_1_15532.d,nmdc:procsm-11-cdq67y26
nmdc:bsm-11-35hcx775,60932_4_B_2_WEOM_r2_Mag_24Feb24_300SA_p01_19_1_15961.d,nmdc:procsm-11-cdq67y26
nmdc:bsm-11-35hcx775,60932_4_B_2_WEOM_r3_Mag_24Feb24_300SA_p01_19_1_16004.d,nmdc:procsm-11-cdq67y26
nmdc:bsm-11-35hcx775,60932_4_B_3_WEOM_r1_Mag_21Feb24_300SA_p01_20_1_15530.d,nmdc:procsm-11-m8ndkb58
nmdc:bsm-11-35hcx775,60932_4_B_3_WEOM_r2_Mag_21Feb24_300SA_p01_20_1_15896.d,nmdc:procsm-11-m8ndkb58
nmdc:bsm-11-35hcx775,60932_4_B_3_WEOM_r2_Mag_24Feb24_300SA_p01_20_1_15922.d,nmdc:procsm-11-m8ndkb58
nmdc:bsm-11-35hcx775,60932_4_B_3_WEOM_r3_Mag_24Feb24_300SA_p01_20_1_15973.d,nmdc:procsm-11-m8ndkb58
nmdc:bsm-11-35hcx775,60932_4_BTM_1_MAOM_r1_Mag_10Feb25_3p3kV_300SA_p01_22_1_23084.d,nmdc:procsm-11-crwbsr03
nmdc:bsm-11-35hcx775,60932_4_BTM_1_MAOM_r2_Mag_10Feb25_3p3kV_300SA_p01_22_1_23131.d,nmdc:procsm-11-crwbsr03
nmdc:bsm-11-35hcx775,60932_4_BTM_1_MAOM_r3_Mag_10Feb25_3p3kV_300SA_p01_22_1_23174.d,nmdc:procsm-11-crwbsr03
nmdc:bsm-11-35hcx775,60932_4_BTM_2_MAOM_r1_Mag_10Feb25_3p3kV_300SA_p01_23_1_23079.d,nmdc:procsm-11-gn16fv93
nmdc:bsm-11-35hcx775,60932_4_BTM_2_MAOM_r2_Mag_10Feb25_3p3kV_300SA_p01_23_1_23109.d,nmdc:procsm-11-gn16fv93
nmdc:bsm-11-35hcx775,60932_4_BTM_2_MAOM_r3_Mag_10Feb25_3p3kV_300SA_p01_23_1_23185.d,nmdc:procsm-11-gn16fv93
nmdc:bsm-11-35hcx775,60932_4_BTM_3_MAOM_r1_Mag_10Feb25_3p3kV_300SA_p01_24_1_23062.d,nmdc:procsm-11-0x7ras75
nmdc:bsm-11-35hcx775,60932_4_BTM_3_MAOM_r2_Mag_10Feb25_3p3kV_300SA_p01_24_1_23105.d,nmdc:procsm-11-0x7ras75
nmdc:bsm-11-35hcx775,60932_4_BTM_3_MAOM_r3_Mag_10Feb25_3p3kV_300SA_p01_24_1_23184.d,nmdc:procsm-11-0x7ras75
nmdc:bsm-11-cwyc6p58,60932_4_T_1_WEOM_r1_Mag_21Feb24_300SA_p01_15_1_15527.d,nmdc:procsm-11-gnjc6208
nmdc:bsm-11-cwyc6p58,60932_4_T_1_WEOM_r2_Mag_24Feb24_300SA_p01_15_1_15933.d,nmdc:procsm-11-gnjc6208
nmdc:bsm-11-cwyc6p58,60932_4_T_1_WEOM_r3_Mag_24Feb24_300SA_p01_15_1_15993.d,nmdc:procsm-11-gnjc6208
nmdc:bsm-11-cwyc6p58,60932_4_T_2_WEOM_r1_Mag_21Feb24_300SA_p01_16_1_15522.d,nmdc:procsm-11-74ywct93
nmdc:bsm-11-cwyc6p58,60932_4_T_2_WEOM_r2_Mag_21Feb24_300SA_p01_16_1_15894.d,nmdc:procsm-11-74ywct93
nmdc:bsm-11-cwyc6p58,60932_4_T_2_WEOM_r2_Mag_24Feb24_300SA_p01_16_1_15920.d,nmdc:procsm-11-74ywct93
nmdc:bsm-11-cwyc6p58,60932_4_T_2_WEOM_r3_Mag_24Feb24_300SA_p01_16_1_15980.d,nmdc:procsm-11-74ywct93
nmdc:bsm-11-cwyc6p58,60932_4_T_3_WEOM_r1_Mag_21Feb24_300SA_p01_17_1_15517.d,nmdc:procsm-11-gs04j278
nmdc:bsm-11-cwyc6p58,60932_4_T_3_WEOM_r2_Mag_24Feb24_300SA_p01_17_1_15932.d,nmdc:procsm-11-gs04j278
nmdc:bsm-11-cwyc6p58,60932_4_T_3_WEOM_r3_Mag_24Feb24_300SA_p01_17_1_15968.d,nmdc:procsm-11-gs04j278
nmdc:bsm-11-cwyc6p58,60932_4_TOP_1_MAOM_r1_Mag_10Feb25_3p3kV_300SA_p01_19_1_23085.d,nmdc:procsm-11-p9wh9h45
nmdc:bsm-11-cwyc6p58,60932_4_TOP_1_MAOM_r2_Mag_10Feb25_3p3kV_300SA_p01_19_1_23141.d,nmdc:procsm-11-p9wh9h45
nmdc:bsm-11-cwyc6p58,60932_4_TOP_1_MAOM_r3_Mag_10Feb25_3p3kV_300SA_p01_19_1_23150.d,nmdc:procsm-11-p9wh9h45
nmdc:bsm-11-cwyc6p58,60932_4_TOP_2_MAOM_r1_Mag_10Feb25_3p3kV_300SA_p01_20_1_23087.d,nmdc:procsm-11-mhmp7d15
nmdc:bsm-11-cwyc6p58,60932_4_TOP_2_MAOM_r2_Mag_10Feb25_3p3kV_300SA_p01_20_1_23100.d,nmdc:procsm-11-mhmp7d15
nmdc:bsm-11-cwyc6p58,60932_4_TOP_2_MAOM_r3_Mag_10Feb25_3p3kV_300SA_p01_20_1_23169.d,nmdc:procsm-11-mhmp7d15
nmdc:bsm-11-cwyc6p58,60932_4_TOP_3_MAOM_r1_Mag_10Feb25_3p3kV_300SA_p01_21_1_23065.d,nmdc:procsm-11-n2hrdx54
nmdc:bsm-11-cwyc6p58,60932_4_TOP_3_MAOM_r2_Mag_10Feb25_3p3kV_300SA_p01_21_1_23136.d,nmdc:procsm-11-n2hrdx54
nmdc:bsm-11-cwyc6p58,60932_4_TOP_3_MAOM_r3_Mag_10Feb25_3p3kV_300SA_p01_21_1_23146.d,nmdc:procsm-11-n2hrdx54
nmdc:bsm-11-cassjt43,60932_5_B_1_WEOM_r1_Mag_21Feb24_300SA_p01_24_1_15553.d,nmdc:procsm-11-z5aamf59
nmdc:bsm-11-cassjt43,60932_5_B_1_WEOM_r2_Mag_24Feb24_300SA_p01_24_1_15949.d,nmdc:procsm-11-z5aamf59
nmdc:bsm-11-cassjt43,60932_5_B_1_WEOM_r3_Mag_24Feb24_300SA_p01_24_1_15999.d,nmdc:procsm-11-z5aamf59
nmdc:bsm-11-cassjt43,60932_5_B_2_WEOM_r1_Mag_21Feb24_300SA_p01_25_1_15514.d,nmdc:procsm-11-xg9eqf23
nmdc:bsm-11-cassjt43,60932_5_B_2_WEOM_r2_Mag_24Feb24_300SA_p01_25_1_15948.d,nmdc:procsm-11-xg9eqf23
nmdc:bsm-11-cassjt43,60932_5_B_2_WEOM_r3_Mag_24Feb24_300SA_p01_25_1_16012.d,nmdc:procsm-11-xg9eqf23
nmdc:bsm-11-cassjt43,60932_5_B_3_WEOM_r1_Mag_21Feb24_300SA_p01_26_1_15886.d,nmdc:procsm-11-enhec988
nmdc:bsm-11-cassjt43,60932_5_B_3_WEOM_r1_Mag_24Feb24_300SA_p01_26_1_15912.d,nmdc:procsm-11-enhec988
nmdc:bsm-11-cassjt43,60932_5_B_3_WEOM_r2_Mag_21Feb24_300SA_p01_26_1_15891.d,nmdc:procsm-11-enhec988
nmdc:bsm-11-cassjt43,60932_5_B_3_WEOM_r2_Mag_24Feb24_300SA_p01_26_1_15917.d,nmdc:procsm-11-enhec988
nmdc:bsm-11-cassjt43,60932_5_B_3_WEOM_r3_Mag_24Feb24_300SA_p01_26_1_16015.d,nmdc:procsm-11-enhec988
nmdc:bsm-11-cassjt43,60932_5_BTM_1_MAOM_r1_Mag_10Feb25_3p3kV_300SA_p01_32_1_23080.d,nmdc:procsm-11-befd6e35
nmdc:bsm-11-cassjt43,60932_5_BTM_1_MAOM_r2_Mag_10Feb25_3p3kV_300SA_p01_32_1_23130.d,nmdc:procsm-11-befd6e35
nmdc:bsm-11-cassjt43,60932_5_BTM_1_MAOM_r3_Mag_10Feb25_3p3kV_300SA_p01_32_1_23190.d,nmdc:procsm-11-befd6e35
nmdc:bsm-11-cassjt43,60932_5_BTM_2_MAOM_r1_Mag_10Feb25_3p3kV_300SA_p01_33_1_23075.d,nmdc:procsm-11-et5pt908
nmdc:bsm-11-cassjt43,60932_5_BTM_2_MAOM_r2_Mag_10Feb25_3p3kV_300SA_p01_33_1_23115.d,nmdc:procsm-11-et5pt908
nmdc:bsm-11-cassjt43,60932_5_BTM_2_MAOM_r3_Mag_10Feb25_3p3kV_300SA_p01_33_1_23176.d,nmdc:procsm-11-et5pt908
nmdc:bsm-11-cassjt43,60932_5_BTM_3_MAOM_r1_Mag_10Feb25_3p3kV_300SA_p01_34_1_23077.d,nmdc:procsm-11-2adhs522
nmdc:bsm-11-cassjt43,60932_5_BTM_3_MAOM_r2_Mag_10Feb25_3p3kV_300SA_p01_34_1_23104.d,nmdc:procsm-11-2adhs522
nmdc:bsm-11-cassjt43,60932_5_BTM_3_MAOM_r3_Mag_10Feb25_3p3kV_300SA_p01_34_1_23163.d,nmdc:procsm-11-2adhs522
nmdc:bsm-11-dqq7a656,60932_5_T_1_WEOM_r1_Mag_21Feb24_300SA_p01_21_1_15526.d,nmdc:procsm-11-1yjf6r77
nmdc:bsm-11-dqq7a656,60932_5_T_1_WEOM_r2_Mag_24Feb24_300SA_p01_21_1_15941.d,nmdc:procsm-11-1yjf6r77
nmdc:bsm-11-dqq7a656,60932_5_T_1_WEOM_r3_Mag_24Feb24_300SA_p01_21_1_16011.d,nmdc:procsm-11-1yjf6r77
nmdc:bsm-11-dqq7a656,60932_5_T_2_WEOM_r1_Mag_21Feb24_300SA_p01_22_1_15554.d,nmdc:procsm-11-86022t26
nmdc:bsm-11-dqq7a656,60932_5_T_2_WEOM_r2_Mag_24Feb24_300SA_p01_22_1_15960.d,nmdc:procsm-11-86022t26
nmdc:bsm-11-dqq7a656,60932_5_T_2_WEOM_r3_Mag_24Feb24_300SA_p01_22_1_15978.d,nmdc:procsm-11-86022t26
nmdc:bsm-11-dqq7a656,60932_5_T_3_WEOM_r1_Mag_21Feb24_300SA_p01_23_1_15552.d,nmdc:procsm-11-y2sbap45
nmdc:bsm-11-dqq7a656,60932_5_T_3_WEOM_r2_Mag_21Feb24_300SA_p01_23_1_15895.d,nmdc:procsm-11-y2sbap45
nmdc:bsm-11-dqq7a656,60932_5_T_3_WEOM_r2_Mag_24Feb24_300SA_p01_23_1_15921.d,nmdc:procsm-11-y2sbap45
nmdc:bsm-11-dqq7a656,60932_5_T_3_WEOM_r3_Mag_24Feb24_300SA_p01_23_1_15967.d,nmdc:procsm-11-y2sbap45
nmdc:bsm-11-dqq7a656,60932_5_TOP_1_MAOM_r1_Mag_10Feb25_3p3kV_300SA_p01_29_1_23056.d,nmdc:procsm-11-d7ebjs34
nmdc:bsm-11-dqq7a656,60932_5_TOP_1_MAOM_r2_Mag_10Feb25_3p3kV_300SA_p01_29_1_23098.d,nmdc:procsm-11-d7ebjs34
nmdc:bsm-11-dqq7a656,60932_5_TOP_1_MAOM_r3_Mag_10Feb25_3p3kV_300SA_p01_29_1_23168.d,nmdc:procsm-11-d7ebjs34
nmdc:bsm-11-dqq7a656,60932_5_TOP_2_MAOM_r1_Mag_10Feb25_3p3kV_300SA_p01_30_1_23091.d,nmdc:procsm-11-sajhnd14
nmdc:bsm-11-dqq7a656,60932_5_TOP_2_MAOM_r2_Mag_10Feb25_3p3kV_300SA_p01_30_1_23110.d,nmdc:procsm-11-sajhnd14
nmdc:bsm-11-dqq7a656,60932_5_TOP_2_MAOM_r3_Mag_10Feb25_3p3kV_300SA_p01_30_1_23188.d,nmdc:procsm-11-sajhnd14
nmdc:bsm-11-dqq7a656,60932_5_TOP_3_MAOM_r1_Mag_10Feb25_3p3kV_300SA_p01_31_1_23053.d,nmdc:procsm-11-8wdgw593
nmdc:bsm-11-dqq7a656,60932_5_TOP_3_MAOM_r2_Mag_10Feb25_3p3kV_300SA_p01_31_1_23107.d,nmdc:procsm-11-8wdgw593
nmdc:bsm-11-dqq7a656,60932_5_TOP_3_MAOM_r3_Mag_10Feb25_3p3kV_300SA_p01_31_1_23171.d,nmdc:procsm-11-8wdgw593
nmdc:bsm-11-t482pe76,60932_6_B_1_WEOM_r1_Mag_21Feb24_300SA_p01_30_1_15518.d,nmdc:procsm-11-c29rth05
nmdc:bsm-11-t482pe76,60932_6_B_1_WEOM_r2_Mag_21Feb24_300SA_p01_30_1_15897.d,nmdc:procsm-11-c29rth05
nmdc:bsm-11-t482pe76,60932_6_B_1_WEOM_r2_Mag_24Feb24_300SA_p01_30_1_15923.d,nmdc:procsm-11-c29rth05
nmdc:bsm-11-t482pe76,60932_6_B_1_WEOM_r3_Mag_24Feb24_300SA_p01_30_1_16010.d,nmdc:procsm-11-c29rth05
nmdc:bsm-11-t482pe76,60932_6_B_2_WEOM_r1_Mag_21Feb24_300SA_p01_31_1_15548.d,nmdc:procsm-11-ta89tf96
nmdc:bsm-11-t482pe76,60932_6_B_2_WEOM_r2_Mag_24Feb24_300SA_p01_31_1_15940.d,nmdc:procsm-11-ta89tf96
nmdc:bsm-11-t482pe76,60932_6_B_2_WEOM_r3_Mag_24Feb24_300SA_p01_31_1_15995.d,nmdc:procsm-11-ta89tf96
nmdc:bsm-11-t482pe76,60932_6_B_3_WEOM_r1_Mag_21Feb24_300SA_p01_32_1_15529.d,nmdc:procsm-11-hdwkvf31
nmdc:bsm-11-t482pe76,60932_6_B_3_WEOM_r2_Mag_21Feb24_300SA_p01_32_1_15898.d,nmdc:procsm-11-hdwkvf31
nmdc:bsm-11-t482pe76,60932_6_B_3_WEOM_r2_Mag_24Feb24_300SA_p01_32_1_15924.d,nmdc:procsm-11-hdwkvf31
nmdc:bsm-11-t482pe76,60932_6_B_3_WEOM_r3_Mag_24Feb24_300SA_p01_32_1_16016.d,nmdc:procsm-11-hdwkvf31
nmdc:bsm-11-t482pe76,60932_6_BTM_1_MAOM_r1_Mag_10Feb25_3p3kV_300SA_p01_38_1_23074.d,nmdc:procsm-11-rdcnd953
nmdc:bsm-11-t482pe76,60932_6_BTM_1_MAOM_r2_Mag_10Feb25_3p3kV_300SA_p01_38_1_23127.d,nmdc:procsm-11-rdcnd953
nmdc:bsm-11-t482pe76,60932_6_BTM_1_MAOM_r3_Mag_10Feb25_3p3kV_300SA_p01_38_1_23191.d,nmdc:procsm-11-rdcnd953
nmdc:bsm-11-t482pe76,60932_6_BTM_2_MAOM_r1_Mag_10Feb25_3p3kV_300SA_p01_39_1_23072.d,nmdc:procsm-11-0arp1852
nmdc:bsm-11-t482pe76,60932_6_BTM_2_MAOM_r2_Mag_10Feb25_3p3kV_300SA_p01_39_1_23119.d,nmdc:procsm-11-0arp1852
nmdc:bsm-11-t482pe76,60932_6_BTM_2_MAOM_r3_Mag_10Feb25_3p3kV_300SA_p01_39_1_23164.d,nmdc:procsm-11-0arp1852
nmdc:bsm-11-t482pe76,60932_6_BTM_3_MAOM_r1_Mag_10Feb25_3p3kV_300SA_p01_40_1_23059.d,nmdc:procsm-11-e2mhk140
nmdc:bsm-11-t482pe76,60932_6_BTM_3_MAOM_r2_Mag_10Feb25_3p3kV_300SA_p01_40_1_23106.d,nmdc:procsm-11-e2mhk140
nmdc:bsm-11-t482pe76,60932_6_BTM_3_MAOM_r3_Mag_10Feb25_3p3kV_300SA_p01_40_1_23145.d,nmdc:procsm-11-e2mhk140
nmdc:bsm-11-fhz04x18,60932_6_T_1_WEOM_r1_Mag_21Feb24_300SA_p01_27_1_15542.d,nmdc:procsm-11-4mpgey28
nmdc:bsm-11-fhz04x18,60932_6_T_1_WEOM_r2_Mag_24Feb24_300SA_p01_27_1_15943.d,nmdc:procsm-11-4mpgey28
nmdc:bsm-11-fhz04x18,60932_6_T_1_WEOM_r3_Mag_24Feb24_300SA_p01_27_1_15969.d,nmdc:procsm-11-4mpgey28
nmdc:bsm-11-fhz04x18,60932_6_T_2_WEOM_r1_Mag_21Feb24_300SA_p01_28_1_15888.d,nmdc:procsm-11-3dbz9f74
nmdc:bsm-11-fhz04x18,60932_6_T_2_WEOM_r1_Mag_24Feb24_300SA_p01_28_1_15914.d,nmdc:procsm-11-3dbz9f74
nmdc:bsm-11-fhz04x18,60932_6_T_2_WEOM_r2_Mag_24Feb24_300SA_p01_28_1_15946.d,nmdc:procsm-11-3dbz9f74
nmdc:bsm-11-fhz04x18,60932_6_T_2_WEOM_r3_Mag_24Feb24_300SA_p01_28_1_16007.d,nmdc:procsm-11-3dbz9f74
nmdc:bsm-11-fhz04x18,60932_6_T_3_WEOM_r1_Mag_21Feb24_300SA_p01_29_1_15885.d,nmdc:procsm-11-egntt140
nmdc:bsm-11-fhz04x18,60932_6_T_3_WEOM_r1_Mag_24Feb24_300SA_p01_29_1_15911.d,nmdc:procsm-11-egntt140
nmdc:bsm-11-fhz04x18,60932_6_T_3_WEOM_r2_Mag_24Feb24_300SA_p01_29_1_15955.d,nmdc:procsm-11-egntt140
nmdc:bsm-11-fhz04x18,60932_6_T_3_WEOM_r3_Mag_24Feb24_300SA_p01_29_1_15994.d,nmdc:procsm-11-egntt140
nmdc:bsm-11-fhz04x18,60932_6_TOP_1_MAOM_r1_Mag_10Feb25_3p3kV_300SA_p01_35_1_23093.d,nmdc:procsm-11-5yz49j84
nmdc:bsm-11-fhz04x18,60932_6_TOP_1_MAOM_r2_Mag_10Feb25_3p3kV_300SA_p01_35_1_23137.d,nmdc:procsm-11-5yz49j84
nmdc:bsm-11-fhz04x18,60932_6_TOP_1_MAOM_r3_Mag_10Feb25_3p3kV_300SA_p01_35_1_23160.d,nmdc:procsm-11-5yz49j84
nmdc:bsm-11-fhz04x18,60932_6_TOP_2_MAOM_r1_Mag_10Feb25_3p3kV_300SA_p01_36_1_23078.d,nmdc:procsm-11-zavxwm33
nmdc:bsm-11-fhz04x18,60932_6_TOP_2_MAOM_r2_Mag_10Feb25_3p3kV_300SA_p01_36_1_23132.d,nmdc:procsm-11-zavxwm33
nmdc:bsm-11-fhz04x18,60932_6_TOP_2_MAOM_r3_Mag_10Feb25_3p3kV_300SA_p01_36_1_23148.d,nmdc:procsm-11-zavxwm33
nmdc:bsm-11-fhz04x18,60932_6_TOP_3_MAOM_r1_Mag_10Feb25_3p3kV_300SA_p01_37_1_23095.d,nmdc:procsm-11-1z2des09
nmdc:bsm-11-fhz04x18,60932_6_TOP_3_MAOM_r2_Mag_10Feb25_3p3kV_300SA_p01_37_1_23140.d,nmdc:procsm-11-1z2des09
nmdc:bsm-11-fhz04x18,60932_6_TOP_3_MAOM_r3_Mag_10Feb25_3p3kV_300SA_p01_37_1_23166.d,nmdc:procsm-11-1z2des09
nmdc:bsm-11-zeq2dn27,60938_1_B_1_WEOM_r1_Mag_18Jan24_300SA_p01_4_1_14781.d,nmdc:procsm-11-f7zc9e50
nmdc:bsm-11-zeq2dn27,60938_1_B_1_WEOM_r2_Mag_18Jan24_300SA_p01_4_1_14865.d,nmdc:procsm-11-f7zc9e50
nmdc:bsm-11-zeq2dn27,60938_1_B_1_WEOM_r3_Mag_18Jan24_300SA_p01_4_1_14973.d,nmdc:procsm-11-f7zc9e50
nmdc:bsm-11-zeq2dn27,60938_1_B_2_WEOM_r1_Mag_18Jan24_300SA_p01_5_1_14757.d,nmdc:procsm-11-zx4cbd43
nmdc:bsm-11-zeq2dn27,60938_1_B_2_WEOM_r2_Mag_18Jan24_300SA_p01_5_1_14894.d,nmdc:procsm-11-zx4cbd43
nmdc:bsm-11-zeq2dn27,60938_1_B_2_WEOM_r3_Mag_18Jan24_300SA_p01_5_1_14991.d,nmdc:procsm-11-zx4cbd43
nmdc:bsm-11-zeq2dn27,60938_1_B_3_WEOM_r1_Mag_18Jan24_300SA_p01_6_1_14770.d,nmdc:procsm-11-w7vwzq31
nmdc:bsm-11-zeq2dn27,60938_1_B_3_WEOM_r2_Mag_18Jan24_300SA_p01_6_1_14861.d,nmdc:procsm-11-w7vwzq31
nmdc:bsm-11-zeq2dn27,60938_1_B_3_WEOM_r3_Mag_18Jan24_300SA_p01_6_1_14992.d,nmdc:procsm-11-w7vwzq31
nmdc:bsm-11-zeq2dn27,60938_1_BTM_1_MAOM_r1_Mag_03Feb25_3p3kV_300SA_p01_4_1_22775.d,nmdc:procsm-11-bcamzc56
nmdc:bsm-11-zeq2dn27,60938_1_BTM_1_MAOM_r2_Mag_03Feb25_3p3kV_300SA_p01_4_1_22840.d,nmdc:procsm-11-bcamzc56
nmdc:bsm-11-zeq2dn27,60938_1_BTM_1_MAOM_r3_Mag_03Feb25_3p3kV_300SA_p01_4_1_22866.d,nmdc:procsm-11-bcamzc56
nmdc:bsm-11-zeq2dn27,60938_1_BTM_2_MAOM_r1_Mag_03Feb25_3p3kV_300SA_p01_5_1_22760.d,nmdc:procsm-11-zddkfz21
nmdc:bsm-11-zeq2dn27,60938_1_BTM_2_MAOM_r2_Mag_03Feb25_3p3kV_300SA_p01_5_1_22829.d,nmdc:procsm-11-zddkfz21
nmdc:bsm-11-zeq2dn27,60938_1_BTM_2_MAOM_r3_Mag_03Feb25_3p3kV_300SA_p01_5_1_22873.d,nmdc:procsm-11-zddkfz21
nmdc:bsm-11-zeq2dn27,60938_1_BTM_3_MAOM_r1_Mag_03Feb25_3p3kV_300SA_p01_6_1_22761.d,nmdc:procsm-11-tfrx8y89
nmdc:bsm-11-zeq2dn27,60938_1_BTM_3_MAOM_r2_Mag_03Feb25_3p3kV_300SA_p01_6_1_22812.d,nmdc:procsm-11-tfrx8y89
nmdc:bsm-11-zeq2dn27,60938_1_BTM_3_MAOM_r3_Mag_03Feb25_3p3kV_300SA_p01_6_1_22879.d,nmdc:procsm-11-tfrx8y89
nmdc:bsm-11-pfe5kz26,60938_1_T_1_WEOM_r1_Mag_18Jan24_300SA_p01_1_1_14778.d,nmdc:procsm-11-rdbf0z19
nmdc:bsm-11-pfe5kz26,60938_1_T_1_WEOM_r2_Mag_18Jan24_300SA_p01_1_1_14889.d,nmdc:procsm-11-rdbf0z19
nmdc:bsm-11-pfe5kz26,60938_1_T_1_WEOM_r3_Mag_18Jan24_300SA_p01_1_1_14996.d,nmdc:procsm-11-rdbf0z19
nmdc:bsm-11-pfe5kz26,60938_1_T_2_WEOM_r1_Mag_18Jan24_300SA_p01_2_1_14796.d,nmdc:procsm-11-97hfnb54
nmdc:bsm-11-pfe5kz26,60938_1_T_2_WEOM_r2_Mag_18Jan24_300SA_p01_2_1_14878.d,nmdc:procsm-11-97hfnb54
nmdc:bsm-11-pfe5kz26,60938_1_T_2_WEOM_r3_Mag_18Jan24_300SA_p01_2_1_14969.d,nmdc:procsm-11-97hfnb54
nmdc:bsm-11-pfe5kz26,60938_1_T_3_WEOM_r1_Mag_18Jan24_300SA_p01_3_1_14763.d,nmdc:procsm-11-1e1yhq38
nmdc:bsm-11-pfe5kz26,60938_1_T_3_WEOM_r2_Mag_18Jan24_300SA_p01_3_1_14892.d,nmdc:procsm-11-1e1yhq38
nmdc:bsm-11-pfe5kz26,60938_1_T_3_WEOM_r3_Mag_18Jan24_300SA_p01_3_1_14981.d,nmdc:procsm-11-1e1yhq38
nmdc:bsm-11-pfe5kz26,60938_1_TOP_1_MAOM_r1_Mag_03Feb25_3p3kV_300SA_p01_1_1_22779.d,nmdc:procsm-11-zefesc18
nmdc:bsm-11-pfe5kz26,60938_1_TOP_1_MAOM_r2_Mag_03Feb25_3p3kV_300SA_p01_1_1_22830.d,nmdc:procsm-11-zefesc18
nmdc:bsm-11-pfe5kz26,60938_1_TOP_1_MAOM_r3_Mag_03Feb25_3p3kV_300SA_p01_1_1_22878.d,nmdc:procsm-11-zefesc18
nmdc:bsm-11-pfe5kz26,60938_1_TOP_2_MAOM_r1_Mag_03Feb25_3p3kV_300SA_p01_2_1_22780.d,nmdc:procsm-11-zeg4tk23
nmdc:bsm-11-pfe5kz26,60938_1_TOP_2_MAOM_r2_Mag_03Feb25_3p3kV_300SA_p01_2_1_22797.d,nmdc:procsm-11-zeg4tk23
nmdc:bsm-11-pfe5kz26,60938_1_TOP_2_MAOM_r3_Mag_03Feb25_3p3kV_300SA_p01_2_1_22858.d,nmdc:procsm-11-zeg4tk23
nmdc:bsm-11-pfe5kz26,60938_1_TOP_3_MAOM_r1_Mag_03Feb25_3p3kV_300SA_p01_3_1_22777.d,nmdc:procsm-11-0m8beg03
nmdc:bsm-11-pfe5kz26,60938_1_TOP_3_MAOM_r2_Mag_03Feb25_3p3kV_300SA_p01_3_1_22806.d,nmdc:procsm-11-0m8beg03
nmdc:bsm-11-pfe5kz26,60938_1_TOP_3_MAOM_r3_Mag_03Feb25_3p3kV_300SA_p01_3_1_22889.d,nmdc:procsm-11-0m8beg03
nmdc:bsm-11-3qqrvy97,60938_2_B_1_WEOM_r1_Mag_18Jan24_300SA_p01_10_1_14762.d,nmdc:procsm-11-fbybyg04
nmdc:bsm-11-3qqrvy97,60938_2_B_1_WEOM_r2_Mag_18Jan24_300SA_p01_10_1_14875.d,nmdc:procsm-11-fbybyg04
nmdc:bsm-11-3qqrvy97,60938_2_B_1_WEOM_r3_Mag_18Jan24_300SA_p01_10_1_15000.d,nmdc:procsm-11-fbybyg04
nmdc:bsm-11-3qqrvy97,60938_2_B_2_WEOM_r1_Mag_18Jan24_300SA_p01_11_1_14789.d,nmdc:procsm-11-v93jy187
nmdc:bsm-11-3qqrvy97,60938_2_B_2_WEOM_r2_Mag_18Jan24_300SA_p01_11_1_14863.d,nmdc:procsm-11-v93jy187
nmdc:bsm-11-3qqrvy97,60938_2_B_2_WEOM_r3_Mag_18Jan24_300SA_p01_11_1_14979.d,nmdc:procsm-11-v93jy187
nmdc:bsm-11-3qqrvy97,60938_2_B_3_WEOM_r1_Mag_18Jan24_300SA_p01_12_1_14787.d,nmdc:procsm-11-363tt834
nmdc:bsm-11-3qqrvy97,60938_2_B_3_WEOM_r2_Mag_18Jan24_300SA_p01_12_1_14893.d,nmdc:procsm-11-363tt834
nmdc:bsm-11-3qqrvy97,60938_2_B_3_WEOM_r3_Mag_18Jan24_300SA_p01_12_1_14998.d,nmdc:procsm-11-363tt834
nmdc:bsm-11-3qqrvy97,60938_2_BTM_1_MAOM_r1_Mag_03Feb25_3p3kV_300SA_p01_10_1_22771.d,nmdc:procsm-11-4vq0zt55
nmdc:bsm-11-3qqrvy97,60938_2_BTM_1_MAOM_r2_Mag_03Feb25_3p3kV_300SA_p01_10_1_22831.d,nmdc:procsm-11-4vq0zt55
nmdc:bsm-11-3qqrvy97,60938_2_BTM_1_MAOM_r3_Mag_03Feb25_3p3kV_300SA_p01_10_1_22846.d,nmdc:procsm-11-4vq0zt55
nmdc:bsm-11-3qqrvy97,60938_2_BTM_2_MAOM_r1_Mag_03Feb25_3p3kV_300SA_p01_11_1_22768.d,nmdc:procsm-11-5wv5b380
nmdc:bsm-11-3qqrvy97,60938_2_BTM_2_MAOM_r2_Mag_03Feb25_3p3kV_300SA_p01_11_1_22835.d,nmdc:procsm-11-5wv5b380
nmdc:bsm-11-3qqrvy97,60938_2_BTM_2_MAOM_r3_Mag_03Feb25_3p3kV_300SA_p01_11_1_22867.d,nmdc:procsm-11-5wv5b380
nmdc:bsm-11-3qqrvy97,60938_2_BTM_3_MAOM_r1_Mag_03Feb25_3p3kV_300SA_p01_12_1_22763.d,nmdc:procsm-11-5mbwe011
nmdc:bsm-11-3qqrvy97,60938_2_BTM_3_MAOM_r2_Mag_03Feb25_3p3kV_300SA_p01_12_1_22814.d,nmdc:procsm-11-5mbwe011
nmdc:bsm-11-3qqrvy97,60938_2_BTM_3_MAOM_r3_Mag_03Feb25_3p3kV_300SA_p01_12_1_22872.d,nmdc:procsm-11-5mbwe011
nmdc:bsm-11-76wdhf89,60938_2_T_1_WEOM_r1_Mag_18Jan24_300SA_p01_7_1_14772.d,nmdc:procsm-11-b2xp6561
nmdc:bsm-11-76wdhf89,60938_2_T_1_WEOM_r2_Mag_18Jan24_300SA_p01_7_1_14884.d,nmdc:procsm-11-b2xp6561
nmdc:bsm-11-76wdhf89,60938_2_T_1_WEOM_r3_Mag_18Jan24_300SA_p01_7_1_14983.d,nmdc:procsm-11-b2xp6561
nmdc:bsm-11-76wdhf89,60938_2_T_2_WEOM_r1_Mag_18Jan24_300SA_p01_8_1_14784.d,nmdc:procsm-11-ynkzm580
nmdc:bsm-11-76wdhf89,60938_2_T_2_WEOM_r2_Mag_18Jan24_300SA_p01_8_1_14874.d,nmdc:procsm-11-ynkzm580
nmdc:bsm-11-76wdhf89,60938_2_T_2_WEOM_r3_Mag_18Jan24_300SA_p01_8_1_14977.d,nmdc:procsm-11-ynkzm580
nmdc:bsm-11-76wdhf89,60938_2_T_3_WEOM_r1_Mag_18Jan24_300SA_p01_9_1_14794.d,nmdc:procsm-11-gzkybw94
nmdc:bsm-11-76wdhf89,60938_2_T_3_WEOM_r2_Mag_18Jan24_300SA_p01_9_1_14869.d,nmdc:procsm-11-gzkybw94
nmdc:bsm-11-76wdhf89,60938_2_T_3_WEOM_r3_Mag_18Jan24_300SA_p01_9_1_14975.d,nmdc:procsm-11-gzkybw94
nmdc:bsm-11-76wdhf89,60938_2_TOP_1_MAOM_r1_Mag_03Feb25_3p3kV_300SA_p01_7_1_22758.d,nmdc:procsm-11-7z8v2m44
nmdc:bsm-11-76wdhf89,60938_2_TOP_1_MAOM_r2_Mag_03Feb25_3p3kV_300SA_p01_7_1_22817.d,nmdc:procsm-11-7z8v2m44
nmdc:bsm-11-76wdhf89,60938_2_TOP_1_MAOM_r3_Mag_03Feb25_3p3kV_300SA_p01_7_1_22875.d,nmdc:procsm-11-7z8v2m44
nmdc:bsm-11-76wdhf89,60938_2_TOP_2_MAOM_r1_Mag_03Feb25_3p3kV_300SA_p01_8_1_22748.d,nmdc:procsm-11-hegt3n32
nmdc:bsm-11-76wdhf89,60938_2_TOP_2_MAOM_r2_Mag_03Feb25_3p3kV_300SA_p01_8_1_22803.d,nmdc:procsm-11-hegt3n32
nmdc:bsm-11-76wdhf89,60938_2_TOP_2_MAOM_r3_Mag_03Feb25_3p3kV_300SA_p01_8_1_22853.d,nmdc:procsm-11-hegt3n32
nmdc:bsm-11-76wdhf89,60938_2_TOP_3_MAOM_r1_Mag_03Feb25_3p3kV_300SA_p01_9_1_22765.d,nmdc:procsm-11-0knj6d75
nmdc:bsm-11-76wdhf89,60938_2_TOP_3_MAOM_r2_Mag_03Feb25_3p3kV_300SA_p01_9_1_22820.d,nmdc:procsm-11-0knj6d75
nmdc:bsm-11-76wdhf89,60938_2_TOP_3_MAOM_r3_Mag_03Feb25_3p3kV_300SA_p01_9_1_22883.d,nmdc:procsm-11-0knj6d75
nmdc:bsm-11-sbp1kn62,60938_3_B_1_WEOM_r1_Mag_18Jan24_300SA_p01_16_1_14759.d,nmdc:procsm-11-tvhcez21
nmdc:bsm-11-sbp1kn62,60938_3_B_1_WEOM_r2_Mag_18Jan24_300SA_p01_16_1_14887.d,nmdc:procsm-11-tvhcez21
nmdc:bsm-11-sbp1kn62,60938_3_B_1_WEOM_r3_Mag_18Jan24_300SA_p01_16_1_15005.d,nmdc:procsm-11-tvhcez21
nmdc:bsm-11-sbp1kn62,60938_3_B_2_WEOM_r1_Mag_18Jan24_300SA_p01_17_1_14786.d,nmdc:procsm-11-xgc39f13
nmdc:bsm-11-sbp1kn62,60938_3_B_2_WEOM_r2_Mag_18Jan24_300SA_p01_17_1_14897.d,nmdc:procsm-11-xgc39f13
nmdc:bsm-11-sbp1kn62,60938_3_B_2_WEOM_r3_Mag_18Jan24_300SA_p01_17_1_15002.d,nmdc:procsm-11-xgc39f13
nmdc:bsm-11-sbp1kn62,60938_3_B_3_WEOM_r1_Mag_18Jan24_300SA_p01_18_1_14760.d,nmdc:procsm-11-ns4n6b53
nmdc:bsm-11-sbp1kn62,60938_3_B_3_WEOM_r2_Mag_18Jan24_300SA_p01_18_1_14868.d,nmdc:procsm-11-ns4n6b53
nmdc:bsm-11-sbp1kn62,60938_3_B_3_WEOM_r3_Mag_18Jan24_300SA_p01_18_1_14980.d,nmdc:procsm-11-ns4n6b53
nmdc:bsm-11-sbp1kn62,60938_3_BTM_1_MAOM_r1_Mag_03Feb25_3p3kV_300SA_p01_16_1_22793.d,nmdc:procsm-11-t810hn21
nmdc:bsm-11-sbp1kn62,60938_3_BTM_1_MAOM_r2_Mag_03Feb25_3p3kV_300SA_p01_16_1_22841.d,nmdc:procsm-11-t810hn21
nmdc:bsm-11-sbp1kn62,60938_3_BTM_1_MAOM_r3_Mag_03Feb25_3p3kV_300SA_p01_16_1_22891.d,nmdc:procsm-11-t810hn21
nmdc:bsm-11-sbp1kn62,60938_3_BTM_2_MAOM_r1_Mag_03Feb25_3p3kV_300SA_p01_17_1_22755.d,nmdc:procsm-11-dw34gw88
nmdc:bsm-11-sbp1kn62,60938_3_BTM_2_MAOM_r2_Mag_03Feb25_3p3kV_300SA_p01_17_1_22837.d,nmdc:procsm-11-dw34gw88
nmdc:bsm-11-sbp1kn62,60938_3_BTM_2_MAOM_r3_Mag_03Feb25_3p3kV_300SA_p01_17_1_22863.d,nmdc:procsm-11-dw34gw88
nmdc:bsm-11-sbp1kn62,60938_3_BTM_3_MAOM_r1_Mag_03Feb25_3p3kV_300SA_p01_18_1_22783.d,nmdc:procsm-11-zw2dt233
nmdc:bsm-11-sbp1kn62,60938_3_BTM_3_MAOM_r2_Mag_03Feb25_3p3kV_300SA_p01_18_1_22839.d,nmdc:procsm-11-zw2dt233
nmdc:bsm-11-sbp1kn62,60938_3_BTM_3_MAOM_r3_Mag_03Feb25_3p3kV_300SA_p01_18_1_22860.d,nmdc:procsm-11-zw2dt233
nmdc:bsm-11-7rvzdq65,60938_3_T_1_WEOM_r1_Mag_18Jan24_300SA_p01_13_1_14769.d,nmdc:procsm-11-1he9k764
nmdc:bsm-11-7rvzdq65,60938_3_T_1_WEOM_r2_Mag_18Jan24_300SA_p01_13_1_14898.d,nmdc:procsm-11-1he9k764
nmdc:bsm-11-7rvzdq65,60938_3_T_1_WEOM_r3_Mag_18Jan24_300SA_p01_13_1_15007.d,nmdc:procsm-11-1he9k764
nmdc:bsm-11-7rvzdq65,60938_3_T_2_WEOM_r1_Mag_18Jan24_300SA_p01_14_1_14782.d,nmdc:procsm-11-t28k9879
nmdc:bsm-11-7rvzdq65,60938_3_T_2_WEOM_r2_Mag_18Jan24_300SA_p01_14_1_14888.d,nmdc:procsm-11-t28k9879
nmdc:bsm-11-7rvzdq65,60938_3_T_2_WEOM_r3_Mag_18Jan24_300SA_p01_14_1_14989.d,nmdc:procsm-11-t28k9879
nmdc:bsm-11-7rvzdq65,60938_3_T_3_WEOM_r1_Mag_18Jan24_300SA_p01_15_1_14774.d,nmdc:procsm-11-8e05zr13
nmdc:bsm-11-7rvzdq65,60938_3_T_3_WEOM_r2_Mag_18Jan24_300SA_p01_15_1_14864.d,nmdc:procsm-11-8e05zr13
nmdc:bsm-11-7rvzdq65,60938_3_T_3_WEOM_r3_Mag_18Jan24_300SA_p01_15_1_15006.d,nmdc:procsm-11-8e05zr13
nmdc:bsm-11-7rvzdq65,60938_3_TOP_1_MAOM_r1_Mag_03Feb25_3p3kV_300SA_p01_13_1_22785.d,nmdc:procsm-11-gt43a630
nmdc:bsm-11-7rvzdq65,60938_3_TOP_1_MAOM_r2_Mag_03Feb25_3p3kV_300SA_p01_13_1_22804.d,nmdc:procsm-11-gt43a630
nmdc:bsm-11-7rvzdq65,60938_3_TOP_1_MAOM_r3_Mag_03Feb25_3p3kV_300SA_p01_13_1_22888.d,nmdc:procsm-11-gt43a630
nmdc:bsm-11-7rvzdq65,60938_3_TOP_2_MAOM_r1_Mag_03Feb25_3p3kV_300SA_p01_14_1_22773.d,nmdc:procsm-11-f3q0ds53
nmdc:bsm-11-7rvzdq65,60938_3_TOP_2_MAOM_r2_Mag_03Feb25_3p3kV_300SA_p01_14_1_22824.d,nmdc:procsm-11-f3q0ds53
nmdc:bsm-11-7rvzdq65,60938_3_TOP_2_MAOM_r3_Mag_03Feb25_3p3kV_300SA_p01_14_1_22852.d,nmdc:procsm-11-f3q0ds53
nmdc:bsm-11-7rvzdq65,60938_3_TOP_3_MAOM_r1_Mag_03Feb25_3p3kV_300SA_p01_15_1_22791.d,nmdc:procsm-11-mwzsyz88
nmdc:bsm-11-7rvzdq65,60938_3_TOP_3_MAOM_r2_Mag_03Feb25_3p3kV_300SA_p01_15_1_22827.d,nmdc:procsm-11-mwzsyz88
nmdc:bsm-11-7rvzdq65,60938_3_TOP_3_MAOM_r3_Mag_03Feb25_3p3kV_300SA_p01_15_1_22865.d,nmdc:procsm-11-mwzsyz88
nmdc:bsm-11-7rb06p48,60938_4_B_1_WEOM_r1_Mag_18Jan24_300SA_p01_22_1_14755.d,nmdc:procsm-11-7y4daf03
nmdc:bsm-11-7rb06p48,60938_4_B_1_WEOM_r2_Mag_18Jan24_300SA_p01_22_1_14900.d,nmdc:procsm-11-7y4daf03
nmdc:bsm-11-7rb06p48,60938_4_B_1_WEOM_r3_Mag_18Jan24_300SA_p01_22_1_14994.d,nmdc:procsm-11-7y4daf03
nmdc:bsm-11-7rb06p48,60938_4_B_2_WEOM_r1_Mag_18Jan24_300SA_p01_23_1_14783.d,nmdc:procsm-11-x6ser337
nmdc:bsm-11-7rb06p48,60938_4_B_2_WEOM_r2_Mag_18Jan24_300SA_p01_23_1_14877.d,nmdc:procsm-11-x6ser337
nmdc:bsm-11-7rb06p48,60938_4_B_2_WEOM_r3_Mag_18Jan24_300SA_p01_23_1_14978.d,nmdc:procsm-11-x6ser337
nmdc:bsm-11-7rb06p48,60938_4_B_3_WEOM_r1_Mag_18Jan24_300SA_p01_24_1_14767.d,nmdc:procsm-11-edgzcy77
nmdc:bsm-11-7rb06p48,60938_4_B_3_WEOM_r2_Mag_18Jan24_300SA_p01_24_1_14876.d,nmdc:procsm-11-edgzcy77
nmdc:bsm-11-7rb06p48,60938_4_B_3_WEOM_r3_Mag_18Jan24_300SA_p01_24_1_15003.d,nmdc:procsm-11-edgzcy77
nmdc:bsm-11-7rb06p48,60938_4_BTM_1_MAOM_r1_Mag_03Feb25_3p3kV_300SA_p01_22_1_22769.d,nmdc:procsm-11-4n720089
nmdc:bsm-11-7rb06p48,60938_4_BTM_1_MAOM_r2_Mag_03Feb25_3p3kV_300SA_p01_22_1_22838.d,nmdc:procsm-11-4n720089
nmdc:bsm-11-7rb06p48,60938_4_BTM_1_MAOM_r3_Mag_03Feb25_3p3kV_300SA_p01_22_1_22885.d,nmdc:procsm-11-4n720089
nmdc:bsm-11-7rb06p48,60938_4_BTM_2_MAOM_r1_Mag_03Feb25_3p3kV_300SA_p01_23_1_22792.d,nmdc:procsm-11-27eke004
nmdc:bsm-11-7rb06p48,60938_4_BTM_2_MAOM_r2_Mag_03Feb25_3p3kV_300SA_p01_23_1_22809.d,nmdc:procsm-11-27eke004
nmdc:bsm-11-7rb06p48,60938_4_BTM_2_MAOM_r3_Mag_03Feb25_3p3kV_300SA_p01_23_1_22848.d,nmdc:procsm-11-27eke004
nmdc:bsm-11-7rb06p48,60938_4_BTM_3_MAOM_r1_Mag_03Feb25_3p3kV_300SA_p01_24_1_22751.d,nmdc:procsm-11-m39w3967
nmdc:bsm-11-7rb06p48,60938_4_BTM_3_MAOM_r2_Mag_03Feb25_3p3kV_300SA_p01_24_1_22796.d,nmdc:procsm-11-m39w3967
nmdc:bsm-11-7rb06p48,60938_4_BTM_3_MAOM_r3_Mag_03Feb25_3p3kV_300SA_p01_24_1_22861.d,nmdc:procsm-11-m39w3967
nmdc:bsm-11-hphxs123,60938_4_T_1_WEOM_r1_Mag_18Jan24_300SA_p01_19_1_14771.d,nmdc:procsm-11-3wtg5563
nmdc:bsm-11-hphxs123,60938_4_T_1_WEOM_r2_Mag_18Jan24_300SA_p01_19_1_14895.d,nmdc:procsm-11-3wtg5563
nmdc:bsm-11-hphxs123,60938_4_T_1_WEOM_r3_Mag_18Jan24_300SA_p01_19_1_14970.d,nmdc:procsm-11-3wtg5563
nmdc:bsm-11-hphxs123,60938_4_T_2_WEOM_r1_Mag_18Jan24_300SA_p01_20_1_14765.d,nmdc:procsm-11-w5acp540
nmdc:bsm-11-hphxs123,60938_4_T_2_WEOM_r2_Mag_18Jan24_300SA_p01_20_1_14859.d,nmdc:procsm-11-w5acp540
nmdc:bsm-11-hphxs123,60938_4_T_2_WEOM_r3_Mag_18Jan24_300SA_p01_20_1_14987.d,nmdc:procsm-11-w5acp540
nmdc:bsm-11-hphxs123,60938_4_T_3_WEOM_r1_Mag_18Jan24_300SA_p01_21_1_14785.d,nmdc:procsm-11-web09d93
nmdc:bsm-11-hphxs123,60938_4_T_3_WEOM_r2_Mag_18Jan24_300SA_p01_21_1_14870.d,nmdc:procsm-11-web09d93
nmdc:bsm-11-hphxs123,60938_4_T_3_WEOM_r3_Mag_18Jan24_300SA_p01_21_1_14990.d,nmdc:procsm-11-web09d93
nmdc:bsm-11-hphxs123,60938_4_TOP_1_MAOM_r1_Mag_03Feb25_3p3kV_300SA_p01_19_1_22757.d,nmdc:procsm-11-he2xmq62
nmdc:bsm-11-hphxs123,60938_4_TOP_1_MAOM_r2_Mag_03Feb25_3p3kV_300SA_p01_19_1_22798.d,nmdc:procsm-11-he2xmq62
nmdc:bsm-11-hphxs123,60938_4_TOP_1_MAOM_r3_Mag_03Feb25_3p3kV_300SA_p01_19_1_22882.d,nmdc:procsm-11-he2xmq62
nmdc:bsm-11-hphxs123,60938_4_TOP_2_MAOM_r1_Mag_03Feb25_3p3kV_300SA_p01_20_1_22786.d,nmdc:procsm-11-32z66594
nmdc:bsm-11-hphxs123,60938_4_TOP_2_MAOM_r2_Mag_03Feb25_3p3kV_300SA_p01_20_1_22843.d,nmdc:procsm-11-32z66594
nmdc:bsm-11-hphxs123,60938_4_TOP_2_MAOM_r3_Mag_03Feb25_3p3kV_300SA_p01_20_1_22857.d,nmdc:procsm-11-32z66594
nmdc:bsm-11-hphxs123,60938_4_TOP_3_MAOM_r1_Mag_03Feb25_3p3kV_300SA_p01_21_1_22790.d,nmdc:procsm-11-7fen9e04
nmdc:bsm-11-hphxs123,60938_4_TOP_3_MAOM_r2_Mag_03Feb25_3p3kV_300SA_p01_21_1_22819.d,nmdc:procsm-11-7fen9e04
nmdc:bsm-11-hphxs123,60938_4_TOP_3_MAOM_r3_Mag_03Feb25_3p3kV_300SA_p01_21_1_22871.d,nmdc:procsm-11-7fen9e04
nmdc:bsm-11-r095s137,60938_5_B_1_WEOM_r1_Mag_18Jan24_300SA_p01_28_1_14758.d,nmdc:procsm-11-ev1z5c32
nmdc:bsm-11-r095s137,60938_5_B_1_WEOM_r2_Mag_18Jan24_300SA_p01_28_1_14867.d,nmdc:procsm-11-ev1z5c32
nmdc:bsm-11-r095s137,60938_5_B_1_WEOM_r3_Mag_18Jan24_300SA_p01_28_1_14984.d,nmdc:procsm-11-ev1z5c32
nmdc:bsm-11-r095s137,60938_5_B_2_WEOM_r1_Mag_18Jan24_300SA_p01_29_1_14792.d,nmdc:procsm-11-mz5w4s76
nmdc:bsm-11-r095s137,60938_5_B_2_WEOM_r2_Mag_18Jan24_300SA_p01_29_1_14866.d,nmdc:procsm-11-mz5w4s76
nmdc:bsm-11-r095s137,60938_5_B_2_WEOM_r3_Mag_18Jan24_300SA_p01_29_1_14966.d,nmdc:procsm-11-mz5w4s76
nmdc:bsm-11-r095s137,60938_5_B_3_WEOM_r1_Mag_18Jan24_300SA_p01_30_1_14773.d,nmdc:procsm-11-tfcxfr48
nmdc:bsm-11-r095s137,60938_5_B_3_WEOM_r2_Mag_18Jan24_300SA_p01_30_1_14891.d,nmdc:procsm-11-tfcxfr48
nmdc:bsm-11-r095s137,60938_5_B_3_WEOM_r3_Mag_18Jan24_300SA_p01_30_1_14965.d,nmdc:procsm-11-tfcxfr48
nmdc:bsm-11-r095s137,60938_5_BTM_1_MAOM_r1_Mag_03Feb25_3p3kV_300SA_p01_32_1_22749.d,nmdc:procsm-11-ydcfg024
nmdc:bsm-11-r095s137,60938_5_BTM_1_MAOM_r2_Mag_03Feb25_3p3kV_300SA_p01_32_1_22799.d,nmdc:procsm-11-ydcfg024
nmdc:bsm-11-r095s137,60938_5_BTM_1_MAOM_r3_Mag_03Feb25_3p3kV_300SA_p01_32_1_22886.d,nmdc:procsm-11-ydcfg024
nmdc:bsm-11-r095s137,60938_5_BTM_2_MAOM_r1_Mag_03Feb25_3p3kV_300SA_p01_33_1_22795.d,nmdc:procsm-11-xp5d2n16
nmdc:bsm-11-r095s137,60938_5_BTM_2_MAOM_r2_Mag_03Feb25_3p3kV_300SA_p01_33_1_22828.d,nmdc:procsm-11-xp5d2n16
nmdc:bsm-11-r095s137,60938_5_BTM_2_MAOM_r3_Mag_03Feb25_3p3kV_300SA_p01_33_1_22844.d,nmdc:procsm-11-xp5d2n16
nmdc:bsm-11-r095s137,60938_5_BTM_3_MAOM_r1_Mag_03Feb25_3p3kV_300SA_p01_34_1_22784.d,nmdc:procsm-11-s0j11x02
nmdc:bsm-11-r095s137,60938_5_BTM_3_MAOM_r2_Mag_03Feb25_3p3kV_300SA_p01_34_1_22836.d,nmdc:procsm-11-s0j11x02
nmdc:bsm-11-r095s137,60938_5_BTM_3_MAOM_r3_Mag_03Feb25_3p3kV_300SA_p01_34_1_22870.d,nmdc:procsm-11-s0j11x02
nmdc:bsm-11-c4k60540,60938_5_T_1_WEOM_r1_Mag_18Jan24_300SA_p01_25_1_14793.d,nmdc:procsm-11-ntcjqf85
nmdc:bsm-11-c4k60540,60938_5_T_1_WEOM_r2_Mag_18Jan24_300SA_p01_25_1_14890.d,nmdc:procsm-11-ntcjqf85
nmdc:bsm-11-c4k60540,60938_5_T_1_WEOM_r3_Mag_18Jan24_300SA_p01_25_1_14974.d,nmdc:procsm-11-ntcjqf85
nmdc:bsm-11-c4k60540,60938_5_T_2_WEOM_r1_Mag_18Jan24_300SA_p01_26_1_14761.d,nmdc:procsm-11-tjf6av85
nmdc:bsm-11-c4k60540,60938_5_T_2_WEOM_r2_Mag_18Jan24_300SA_p01_26_1_14899.d,nmdc:procsm-11-tjf6av85
nmdc:bsm-11-c4k60540,60938_5_T_2_WEOM_r3_Mag_18Jan24_300SA_p01_26_1_14988.d,nmdc:procsm-11-tjf6av85
nmdc:bsm-11-c4k60540,60938_5_T_3_WEOM_r1_Mag_18Jan24_300SA_p01_27_1_14780.d,nmdc:procsm-11-whyfs436
nmdc:bsm-11-c4k60540,60938_5_T_3_WEOM_r2_Mag_18Jan24_300SA_p01_27_1_14883.d,nmdc:procsm-11-whyfs436
nmdc:bsm-11-c4k60540,60938_5_T_3_WEOM_r3_Mag_18Jan24_300SA_p01_27_1_14971.d,nmdc:procsm-11-whyfs436
nmdc:bsm-11-c4k60540,60938_5_TOP_1_MAOM_r1_Mag_03Feb25_3p3kV_300SA_p01_29_1_22754.d,nmdc:procsm-11-penevd93
nmdc:bsm-11-c4k60540,60938_5_TOP_1_MAOM_r2_Mag_03Feb25_3p3kV_300SA_p01_29_1_22842.d,nmdc:procsm-11-penevd93
nmdc:bsm-11-c4k60540,60938_5_TOP_1_MAOM_r3_Mag_03Feb25_3p3kV_300SA_p01_29_1_22849.d,nmdc:procsm-11-penevd93
nmdc:bsm-11-c4k60540,60938_5_TOP_2_MAOM_r1_Mag_03Feb25_3p3kV_300SA_p01_30_1_22750.d,nmdc:procsm-11-n5rd4z11
nmdc:bsm-11-c4k60540,60938_5_TOP_2_MAOM_r2_Mag_03Feb25_3p3kV_300SA_p01_30_1_22808.d,nmdc:procsm-11-n5rd4z11
nmdc:bsm-11-c4k60540,60938_5_TOP_2_MAOM_r3_Mag_03Feb25_3p3kV_300SA_p01_30_1_22869.d,nmdc:procsm-11-n5rd4z11
nmdc:bsm-11-c4k60540,60938_5_TOP_3_MAOM_r1_Mag_03Feb25_3p3kV_300SA_p01_31_1_22772.d,nmdc:procsm-11-tjfxn622
nmdc:bsm-11-c4k60540,60938_5_TOP_3_MAOM_r2_Mag_03Feb25_3p3kV_300SA_p01_31_1_22802.d,nmdc:procsm-11-tjfxn622
nmdc:bsm-11-c4k60540,60938_5_TOP_3_MAOM_r3_Mag_03Feb25_3p3kV_300SA_p01_31_1_22850.d,nmdc:procsm-11-tjfxn622
nmdc:bsm-11-btnka575,60938_6_B_1_WEOM_r1_Mag_18Jan24_300SA_p01_34_1_14790.d,nmdc:procsm-11-shgy4k64
nmdc:bsm-11-btnka575,60938_6_B_1_WEOM_r2_Mag_18Jan24_300SA_p01_34_1_14902.d,nmdc:procsm-11-shgy4k64
nmdc:bsm-11-btnka575,60938_6_B_1_WEOM_r3_Mag_18Jan24_300SA_p01_34_1_15008.d,nmdc:procsm-11-shgy4k64
nmdc:bsm-11-btnka575,60938_6_B_2_WEOM_r1_Mag_18Jan24_300SA_p01_35_1_14756.d,nmdc:procsm-11-nv4rx266
nmdc:bsm-11-btnka575,60938_6_B_2_WEOM_r2_Mag_18Jan24_300SA_p01_35_1_14886.d,nmdc:procsm-11-nv4rx266
nmdc:bsm-11-btnka575,60938_6_B_2_WEOM_r3_Mag_18Jan24_300SA_p01_35_1_15001.d,nmdc:procsm-11-nv4rx266
nmdc:bsm-11-btnka575,60938_6_B_3_WEOM_r1_Mag_18Jan24_300SA_p01_36_1_14791.d,nmdc:procsm-11-asqcpv14
nmdc:bsm-11-btnka575,60938_6_B_3_WEOM_r2_Mag_18Jan24_300SA_p01_36_1_14882.d,nmdc:procsm-11-asqcpv14
nmdc:bsm-11-btnka575,60938_6_B_3_WEOM_r3_Mag_18Jan24_300SA_p01_36_1_15004.d,nmdc:procsm-11-asqcpv14
nmdc:bsm-11-btnka575,60938_6_BTM_1_MAOM_r1_Mag_03Feb25_3p3kV_300SA_p01_38_1_22781.d,nmdc:procsm-11-zmbatv07
nmdc:bsm-11-btnka575,60938_6_BTM_1_MAOM_r2_Mag_03Feb25_3p3kV_300SA_p01_38_1_22822.d,nmdc:procsm-11-zmbatv07
nmdc:bsm-11-btnka575,60938_6_BTM_1_MAOM_r3_Mag_03Feb25_3p3kV_300SA_p01_38_1_22864.d,nmdc:procsm-11-zmbatv07
nmdc:bsm-11-btnka575,60938_6_BTM_2_MAOM_r1_Mag_03Feb25_3p3kV_300SA_p01_39_1_22759.d,nmdc:procsm-11-5scq5097
nmdc:bsm-11-btnka575,60938_6_BTM_2_MAOM_r2_Mag_03Feb25_3p3kV_300SA_p01_39_1_22825.d,nmdc:procsm-11-5scq5097
nmdc:bsm-11-btnka575,60938_6_BTM_2_MAOM_r3_Mag_03Feb25_3p3kV_300SA_p01_39_1_22880.d,nmdc:procsm-11-5scq5097
nmdc:bsm-11-btnka575,60938_6_BTM_3_MAOM_r1_Mag_03Feb25_3p3kV_300SA_p01_40_1_22764.d,nmdc:procsm-11-cqvbzz49
nmdc:bsm-11-btnka575,60938_6_BTM_3_MAOM_r2_Mag_03Feb25_3p3kV_300SA_p01_40_1_22823.d,nmdc:procsm-11-cqvbzz49
nmdc:bsm-11-btnka575,60938_6_BTM_3_MAOM_r3_Mag_03Feb25_3p3kV_300SA_p01_40_1_22859.d,nmdc:procsm-11-cqvbzz49
nmdc:bsm-11-nyqtyb09,60938_6_T_1_WEOM_r1_Mag_18Jan24_300SA_p01_31_1_14766.d,nmdc:procsm-11-11f41m92
nmdc:bsm-11-nyqtyb09,60938_6_T_1_WEOM_r2_Mag_18Jan24_300SA_p01_31_1_14881.d,nmdc:procsm-11-11f41m92
nmdc:bsm-11-nyqtyb09,60938_6_T_1_WEOM_r3_Mag_18Jan24_300SA_p01_31_1_14995.d,nmdc:procsm-11-11f41m92
nmdc:bsm-11-nyqtyb09,60938_6_T_2_WEOM_r1_Mag_18Jan24_300SA_p01_32_1_14795.d,nmdc:procsm-11-17d14k77
nmdc:bsm-11-nyqtyb09,60938_6_T_2_WEOM_r2_Mag_18Jan24_300SA_p01_32_1_14896.d,nmdc:procsm-11-17d14k77
nmdc:bsm-11-nyqtyb09,60938_6_T_2_WEOM_r3_Mag_18Jan24_300SA_p01_32_1_14976.d,nmdc:procsm-11-17d14k77
nmdc:bsm-11-nyqtyb09,60938_6_T_3_WEOM_r1_Mag_18Jan24_300SA_p01_33_1_14788.d,nmdc:procsm-11-m3hgs746
nmdc:bsm-11-nyqtyb09,60938_6_T_3_WEOM_r2_Mag_18Jan24_300SA_p01_33_1_14885.d,nmdc:procsm-11-m3hgs746
nmdc:bsm-11-nyqtyb09,60938_6_T_3_WEOM_r3_Mag_18Jan24_300SA_p01_33_1_14993.d,nmdc:procsm-11-m3hgs746
nmdc:bsm-11-nyqtyb09,60938_6_TOP_1_MAOM_r1_Mag_03Feb25_3p3kV_300SA_p01_35_1_22746.d,nmdc:procsm-11-8tqf2j87
nmdc:bsm-11-nyqtyb09,60938_6_TOP_1_MAOM_r2_Mag_03Feb25_3p3kV_300SA_p01_35_1_22800.d,nmdc:procsm-11-8tqf2j87
nmdc:bsm-11-nyqtyb09,60938_6_TOP_1_MAOM_r3_Mag_03Feb25_3p3kV_300SA_p01_35_1_22851.d,nmdc:procsm-11-8tqf2j87
nmdc:bsm-11-nyqtyb09,60938_6_TOP_2_MAOM_r1_Mag_03Feb25_3p3kV_300SA_p01_36_1_22776.d,nmdc:procsm-11-4a672395
nmdc:bsm-11-nyqtyb09,60938_6_TOP_2_MAOM_r2_Mag_03Feb25_3p3kV_300SA_p01_36_1_22818.d,nmdc:procsm-11-4a672395
nmdc:bsm-11-nyqtyb09,60938_6_TOP_2_MAOM_r3_Mag_03Feb25_3p3kV_300SA_p01_36_1_22890.d,nmdc:procsm-11-4a672395
nmdc:bsm-11-nyqtyb09,60938_6_TOP_3_MAOM_r1_Mag_03Feb25_3p3kV_300SA_p01_37_1_22753.d,nmdc:procsm-11-2gc67e45
nmdc:bsm-11-nyqtyb09,60938_6_TOP_3_MAOM_r2_Mag_03Feb25_3p3kV_300SA_p01_37_1_22815.d,nmdc:procsm-11-2gc67e45
nmdc:bsm-11-nyqtyb09,60938_6_TOP_3_MAOM_r3_Mag_03Feb25_3p3kV_300SA_p01_37_1_22884.d,nmdc:procsm-11-2gc67e45
nmdc:bsm-11-6kgp3e60,60946_1_B_1_WEOM_r1_Mag_23Feb24_300SA_p01_41_1_16028.d,nmdc:procsm-11-05jnbc75
nmdc:bsm-11-6kgp3e60,60946_1_B_1_WEOM_r2_Mag_23Feb24_300SA_p01_41_1_16044.d,nmdc:procsm-11-05jnbc75
nmdc:bsm-11-6kgp3e60,60946_1_B_1_WEOM_r3_Mag_23Feb24_300SA_p01_41_1_16065.d,nmdc:procsm-11-05jnbc75
nmdc:bsm-11-6kgp3e60,60946_1_B_2_WEOM_r1_Mag_23Feb24_300SA_p01_42_1_16029.d,nmdc:procsm-11-edrd7115
nmdc:bsm-11-6kgp3e60,60946_1_B_2_WEOM_r2_Mag_23Feb24_300SA_p01_42_1_16046.d,nmdc:procsm-11-edrd7115
nmdc:bsm-11-6kgp3e60,60946_1_B_2_WEOM_r3_Mag_23Feb24_300SA_p01_42_1_16067.d,nmdc:procsm-11-edrd7115
nmdc:bsm-11-6kgp3e60,60946_1_B_3_WEOM_r1_Mag_23Feb24_300SA_p01_43_1_16019.d,nmdc:procsm-11-5k87y472
nmdc:bsm-11-6kgp3e60,60946_1_B_3_WEOM_r2_Mag_23Feb24_300SA_p01_43_1_16036.d,nmdc:procsm-11-5k87y472
nmdc:bsm-11-6kgp3e60,60946_1_B_3_WEOM_r3_Mag_23Feb24_300SA_p01_43_1_16055.d,nmdc:procsm-11-5k87y472
nmdc:bsm-11-6kgp3e60,60946_1_BTM_1_MAOM_r1_Mag_03Feb25_3p3kV_300SA_p01_32_1_22927.d,nmdc:procsm-11-bw1kpn87
nmdc:bsm-11-6kgp3e60,60946_1_BTM_1_MAOM_r2_Mag_03Feb25_3p3kV_300SA_p01_32_1_22952.d,nmdc:procsm-11-bw1kpn87
nmdc:bsm-11-6kgp3e60,60946_1_BTM_1_MAOM_r3_Mag_03Feb25_3p3kV_300SA_p01_32_1_22999.d,nmdc:procsm-11-bw1kpn87
nmdc:bsm-11-6kgp3e60,60946_1_BTM_2_MAOM_r1_Mag_03Feb25_3p3kV_300SA_p01_33_1_22900.d,nmdc:procsm-11-9cjn5h79
nmdc:bsm-11-6kgp3e60,60946_1_BTM_2_MAOM_r2_Mag_03Feb25_3p3kV_300SA_p01_33_1_22979.d,nmdc:procsm-11-9cjn5h79
nmdc:bsm-11-6kgp3e60,60946_1_BTM_2_MAOM_r3_Mag_03Feb25_3p3kV_300SA_p01_33_1_23002.d,nmdc:procsm-11-9cjn5h79
nmdc:bsm-11-6kgp3e60,60946_1_BTM_3_MAOM_r1_Mag_03Feb25_3p3kV_300SA_p01_34_1_22935.d,nmdc:procsm-11-wf4a7w67
nmdc:bsm-11-6kgp3e60,60946_1_BTM_3_MAOM_r2_Mag_03Feb25_3p3kV_300SA_p01_34_1_22955.d,nmdc:procsm-11-wf4a7w67
nmdc:bsm-11-6kgp3e60,60946_1_BTM_3_MAOM_r3_Mag_03Feb25_3p3kV_300SA_p01_34_1_22996.d,nmdc:procsm-11-wf4a7w67
nmdc:bsm-11-m4kdmg08,60946_1_T_1_WEOM_r1_Mag_23Feb24_300SA_p01_38_1_16031.d,nmdc:procsm-11-kby02q15
nmdc:bsm-11-m4kdmg08,60946_1_T_1_WEOM_r2_Mag_23Feb24_300SA_p01_38_1_16050.d,nmdc:procsm-11-kby02q15
nmdc:bsm-11-m4kdmg08,60946_1_T_1_WEOM_r3_Mag_23Feb24_300SA_p01_38_1_16061.d,nmdc:procsm-11-kby02q15
nmdc:bsm-11-m4kdmg08,60946_1_T_2_WEOM_r1_Mag_23Feb24_300SA_p01_39_1_16021.d,nmdc:procsm-11-12f21d31
nmdc:bsm-11-m4kdmg08,60946_1_T_2_WEOM_r2_Mag_23Feb24_300SA_p01_39_1_16048.d,nmdc:procsm-11-12f21d31
nmdc:bsm-11-m4kdmg08,60946_1_T_2_WEOM_r3_Mag_23Feb24_300SA_p01_39_1_16064.d,nmdc:procsm-11-12f21d31
nmdc:bsm-11-m4kdmg08,60946_1_T_3_WEOM_r1_Mag_23Feb24_300SA_p01_40_1_16027.d,nmdc:procsm-11-rcyqg555
nmdc:bsm-11-m4kdmg08,60946_1_T_3_WEOM_r2_Mag_23Feb24_300SA_p01_40_1_16041.d,nmdc:procsm-11-rcyqg555
nmdc:bsm-11-m4kdmg08,60946_1_T_3_WEOM_r3_Mag_23Feb24_300SA_p01_40_1_16059.d,nmdc:procsm-11-rcyqg555
nmdc:bsm-11-m4kdmg08,60946_1_TOP_1_MAOM_r1_Mag_03Feb25_3p3kV_300SA_p01_29_1_22897.d,nmdc:procsm-11-89gm3715
nmdc:bsm-11-m4kdmg08,60946_1_TOP_1_MAOM_r2_Mag_03Feb25_3p3kV_300SA_p01_29_1_22981.d,nmdc:procsm-11-89gm3715
nmdc:bsm-11-m4kdmg08,60946_1_TOP_1_MAOM_r3_Mag_03Feb25_3p3kV_300SA_p01_29_1_23007.d,nmdc:procsm-11-89gm3715
nmdc:bsm-11-m4kdmg08,60946_1_TOP_2_MAOM_r1_Mag_03Feb25_3p3kV_300SA_p01_30_1_22941.d,nmdc:procsm-11-zq227s71
nmdc:bsm-11-m4kdmg08,60946_1_TOP_2_MAOM_r2_Mag_03Feb25_3p3kV_300SA_p01_30_1_22976.d,nmdc:procsm-11-zq227s71
nmdc:bsm-11-m4kdmg08,60946_1_TOP_2_MAOM_r3_Mag_03Feb25_3p3kV_300SA_p01_30_1_23041.d,nmdc:procsm-11-zq227s71
nmdc:bsm-11-m4kdmg08,60946_1_TOP_3_MAOM_r1_Mag_03Feb25_3p3kV_300SA_p01_31_1_22893.d,nmdc:procsm-11-d5yd0w98
nmdc:bsm-11-m4kdmg08,60946_1_TOP_3_MAOM_r2_Mag_03Feb25_3p3kV_300SA_p01_31_1_22978.d,nmdc:procsm-11-d5yd0w98
nmdc:bsm-11-m4kdmg08,60946_1_TOP_3_MAOM_r3_Mag_03Feb25_3p3kV_300SA_p01_31_1_22997.d,nmdc:procsm-11-d5yd0w98
nmdc:bsm-11-2mzwjp41,60946_2_B_1_WEOM_r1_Mag_23Feb24_300SA_p01_36_1_16023.d,nmdc:procsm-11-m13p3x12
nmdc:bsm-11-2mzwjp41,60946_2_B_1_WEOM_r2_Mag_23Feb24_300SA_p01_36_1_16049.d,nmdc:procsm-11-m13p3x12
nmdc:bsm-11-2mzwjp41,60946_2_B_1_WEOM_r3_Mag_23Feb24_300SA_p01_36_1_16054.d,nmdc:procsm-11-m13p3x12
nmdc:bsm-11-2mzwjp41,60946_2_B_2_WEOM_r1_Mag_23Feb24_300SA_p01_37_1_16020.d,nmdc:procsm-11-9vsb5h61
nmdc:bsm-11-2mzwjp41,60946_2_B_2_WEOM_r2_Mag_23Feb24_300SA_p01_37_1_16038.d,nmdc:procsm-11-9vsb5h61
nmdc:bsm-11-2mzwjp41,60946_2_B_2_WEOM_r3_Mag_23Feb24_300SA_p01_37_1_16060.d,nmdc:procsm-11-9vsb5h61
nmdc:bsm-11-2mzwjp41,60946_2_B_3_WEOM_r1_Mag_23Feb24_300SA_p01_38_1_16024.d,nmdc:procsm-11-jn06xn83
nmdc:bsm-11-2mzwjp41,60946_2_B_3_WEOM_r2_Mag_23Feb24_300SA_p01_38_1_16037.d,nmdc:procsm-11-jn06xn83
nmdc:bsm-11-2mzwjp41,60946_2_B_3_WEOM_r3_Mag_23Feb24_300SA_p01_38_1_16056.d,nmdc:procsm-11-jn06xn83
nmdc:bsm-11-2mzwjp41,60946_2_BTM_1_MAOM_r1_Mag_03Feb25_3p3kV_300SA_p01_38_1_22924.d,nmdc:procsm-11-b93sh981
nmdc:bsm-11-2mzwjp41,60946_2_BTM_1_MAOM_r2_Mag_03Feb25_3p3kV_300SA_p01_38_1_22983.d,nmdc:procsm-11-b93sh981
nmdc:bsm-11-2mzwjp41,60946_2_BTM_1_MAOM_r3_Mag_03Feb25_3p3kV_300SA_p01_38_1_23010.d,nmdc:procsm-11-b93sh981
nmdc:bsm-11-2mzwjp41,60946_2_BTM_2_MAOM_r1_Mag_03Feb25_3p3kV_300SA_p01_39_1_22919.d,nmdc:procsm-11-b509qh43
nmdc:bsm-11-2mzwjp41,60946_2_BTM_2_MAOM_r2_Mag_03Feb25_3p3kV_300SA_p01_39_1_22966.d,nmdc:procsm-11-b509qh43
nmdc:bsm-11-2mzwjp41,60946_2_BTM_2_MAOM_r3_Mag_03Feb25_3p3kV_300SA_p01_39_1_23012.d,nmdc:procsm-11-b509qh43
nmdc:bsm-11-2mzwjp41,60946_2_BTM_3_MAOM_r1_Mag_03Feb25_3p3kV_300SA_p01_40_1_22895.d,nmdc:procsm-11-670z4a04
nmdc:bsm-11-2mzwjp41,60946_2_BTM_3_MAOM_r2_Mag_03Feb25_3p3kV_300SA_p01_40_1_22945.d,nmdc:procsm-11-670z4a04
nmdc:bsm-11-2mzwjp41,60946_2_BTM_3_MAOM_r3_Mag_03Feb25_3p3kV_300SA_p01_40_1_23016.d,nmdc:procsm-11-670z4a04
nmdc:bsm-11-w7a2v965,60946_2_T_1_WEOM_r1_Mag_23Feb24_300SA_p01_33_1_16033.d,nmdc:procsm-11-vs6nc042
nmdc:bsm-11-w7a2v965,60946_2_T_1_WEOM_r2_Mag_23Feb24_300SA_p01_33_1_16047.d,nmdc:procsm-11-vs6nc042
nmdc:bsm-11-w7a2v965,60946_2_T_1_WEOM_r3_Mag_23Feb24_300SA_p01_33_1_16066.d,nmdc:procsm-11-vs6nc042
nmdc:bsm-11-w7a2v965,60946_2_T_2_WEOM_r1_Mag_23Feb24_300SA_p01_34_1_16030.d,nmdc:procsm-11-0c32dj67
nmdc:bsm-11-w7a2v965,60946_2_T_2_WEOM_r2_Mag_23Feb24_300SA_p01_34_1_16039.d,nmdc:procsm-11-0c32dj67
nmdc:bsm-11-w7a2v965,60946_2_T_2_WEOM_r3_Mag_23Feb24_300SA_p01_34_1_16057.d,nmdc:procsm-11-0c32dj67
nmdc:bsm-11-w7a2v965,60946_2_T_3_WEOM_r1_Mag_23Feb24_300SA_p01_35_1_16026.d,nmdc:procsm-11-2wrp3d18
nmdc:bsm-11-w7a2v965,60946_2_T_3_WEOM_r2_Mag_23Feb24_300SA_p01_35_1_16042.d,nmdc:procsm-11-2wrp3d18
nmdc:bsm-11-w7a2v965,60946_2_T_3_WEOM_r3_Mag_23Feb24_300SA_p01_35_1_16063.d,nmdc:procsm-11-2wrp3d18
nmdc:bsm-11-w7a2v965,60946_2_TOP_1_MAOM_r1_Mag_03Feb25_3p3kV_300SA_p01_35_1_22904.d,nmdc:procsm-11-6cc3nb68
nmdc:bsm-11-w7a2v965,60946_2_TOP_1_MAOM_r2_Mag_03Feb25_3p3kV_300SA_p01_35_1_22949.d,nmdc:procsm-11-6cc3nb68
nmdc:bsm-11-w7a2v965,60946_2_TOP_1_MAOM_r3_Mag_03Feb25_3p3kV_300SA_p01_35_1_23021.d,nmdc:procsm-11-6cc3nb68
nmdc:bsm-11-w7a2v965,60946_2_TOP_2_MAOM_r1_Mag_03Feb25_3p3kV_300SA_p01_36_1_22911.d,nmdc:procsm-11-p8rya315
nmdc:bsm-11-w7a2v965,60946_2_TOP_2_MAOM_r2_Mag_03Feb25_3p3kV_300SA_p01_36_1_22985.d,nmdc:procsm-11-p8rya315
nmdc:bsm-11-w7a2v965,60946_2_TOP_2_MAOM_r3_Mag_03Feb25_3p3kV_300SA_p01_36_1_23014.d,nmdc:procsm-11-p8rya315
nmdc:bsm-11-w7a2v965,60946_2_TOP_3_MAOM_r1_Mag_03Feb25_3p3kV_300SA_p01_37_1_22903.d,nmdc:procsm-11-qr2nzt52
nmdc:bsm-11-w7a2v965,60946_2_TOP_3_MAOM_r2_Mag_03Feb25_3p3kV_300SA_p01_37_1_22954.d,nmdc:procsm-11-qr2nzt52
nmdc:bsm-11-w7a2v965,60946_2_TOP_3_MAOM_r3_Mag_03Feb25_3p3kV_300SA_p01_37_1_23035.d,nmdc:procsm-11-qr2nzt52
