raw_data_file_short,file_path,is_calibration,calibration_file
Miesel_60009_67_BONA_Oea_POST_MSTplus5_33_H2O_SPE_r2_300SA_IATp03_9117.d,/home/bmeluch/NMDC/nom_processing/miesel_11_8bjf2432/raw/Miesel_60009_67_BONA_Oea_POST_MSTplus5_33_H2O_SPE_r2_300SA_IATp03_9117.d,False,/home/bmeluch/NMDC/nom_processing/miesel_11_8bjf2432/raw/Miesel_60009_QC_SRFAII_20ppm_r2_28Jan23_Fir_300SA_IATp01_9108.d
Miesel_60009_60_TALL_A1_POST_MST_33_Met_SPE_r1_30Jan23_Fir_300SA_IATp03_9198.d,/home/bmeluch/NMDC/nom_processing/miesel_11_8bjf2432/raw/Miesel_60009_60_TALL_A1_POST_MST_33_Met_SPE_r1_30Jan23_Fir_300SA_IATp03_9198.d,False,/home/bmeluch/NMDC/nom_processing/miesel_11_8bjf2432/raw/Miesel_60009_QC_SRFAII_20ppm_r2_28Jan23_Fir_300SA_IATp01_9168.d
Miesel_60009_70_DCFS_A1_POST_MSTplus5_33_Met_SPE_r2_300SA_IATp03_9564.d,/home/bmeluch/NMDC/nom_processing/miesel_11_8bjf2432/raw/Miesel_60009_70_DCFS_A1_POST_MSTplus5_33_Met_SPE_r2_300SA_IATp03_9564.d,False,/home/bmeluch/NMDC/nom_processing/miesel_11_8bjf2432/raw/Miesel_60009_QC_SRFAII_20ppm_30Jan23_Fir_300SA_IATp01_9389.d
Miesel_60009_05_CLBJ_A1_PRE_Met_SPE_r1_30Jan23_Fir_300SA_IATp03_9238.d,/home/bmeluch/NMDC/nom_processing/miesel_11_8bjf2432/raw/Miesel_60009_05_CLBJ_A1_PRE_Met_SPE_r1_30Jan23_Fir_300SA_IATp03_9238.d,False,/home/bmeluch/NMDC/nom_processing/miesel_11_8bjf2432/raw/Miesel_60009_QC_SRFAII_20ppm_30Jan23_Fir_300SA_IATp01_9235.d
Miesel_60009_65_BARR_Oaf_POST_MSTplus5_33_Met_SPE_r2_300SA_IATp03_9601.d,/home/bmeluch/NMDC/nom_processing/miesel_11_8bjf2432/raw/Miesel_60009_65_BARR_Oaf_POST_MSTplus5_33_Met_SPE_r2_300SA_IATp03_9601.d,False,/home/bmeluch/NMDC/nom_processing/miesel_11_8bjf2432/raw/Miesel_60009_QC_SRFAII_20ppm_10Feb23_Fir_300SA_IATp01_9585.d
Miesel_60009_07_DCFS_A1_PRE_H2O_SPE_r2_28Jan23_Fir_300SA_IATp03_9121.d,/home/bmeluch/NMDC/nom_processing/miesel_11_8bjf2432/raw/Miesel_60009_07_DCFS_A1_PRE_H2O_SPE_r2_28Jan23_Fir_300SA_IATp03_9121.d,False,/home/bmeluch/NMDC/nom_processing/miesel_11_8bjf2432/raw/Miesel_60009_QC_SRFAII_20ppm_r2_28Jan23_Fir_300SA_IATp01_9108.d
Miesel_60009_25_TREE_A1_PRE_Met_SPE_r2_300SA_IATp03_9565.d,/home/bmeluch/NMDC/nom_processing/miesel_11_8bjf2432/raw/Miesel_60009_25_TREE_A1_PRE_Met_SPE_r2_300SA_IATp03_9565.d,False,/home/bmeluch/NMDC/nom_processing/miesel_11_8bjf2432/raw/Miesel_60009_QC_SRFAII_20ppm_30Jan23_Fir_300SA_IATp01_9389.d
Miesel_60009_55_RMNP_A1_POST_MST_33_H2O_SPE_r2_28Jan23_Alder_300SA_IATp03_9102.d,/home/bmeluch/NMDC/nom_processing/miesel_11_8bjf2432/raw/Miesel_60009_55_RMNP_A1_POST_MST_33_H2O_SPE_r2_28Jan23_Alder_300SA_IATp03_9102.d,False,/home/bmeluch/NMDC/nom_processing/miesel_11_8bjf2432/raw/Miesel_60009_QC_SRFAII_20ppm_r1_26Jan23_Alder_300SA_IATp01_9076.d
Miesel_60009_68_CLBJ_A1_POST_MSTplus5_33_H2O_SPE_r2_300SA_IATp03_9154.d,/home/bmeluch/NMDC/nom_processing/miesel_11_8bjf2432/raw/Miesel_60009_68_CLBJ_A1_POST_MSTplus5_33_H2O_SPE_r2_300SA_IATp03_9154.d,False,/home/bmeluch/NMDC/nom_processing/miesel_11_8bjf2432/raw/Miesel_60009_QC_SRFAII_20ppm_r2_28Jan23_Fir_300SA_IATp01_9140.d
Miesel_60009_13_KONZ_A1_PRE_H2O_SPE_r2_28Jan23_Alder_300SA_IATp03_9091.d,/home/bmeluch/NMDC/nom_processing/miesel_11_8bjf2432/raw/Miesel_60009_13_KONZ_A1_PRE_H2O_SPE_r2_28Jan23_Alder_300SA_IATp03_9091.d,False,/home/bmeluch/NMDC/nom_processing/miesel_11_8bjf2432/raw/Miesel_60009_QC_SRFAII_20ppm_r1_26Jan23_Alder_300SA_IATp01_9076.d
Miesel_60009_50_MLBS_A_POST_MST_33_H2O_SPE_r2_28Jan23_Fir_300SA_IATp03_9143.d,/home/bmeluch/NMDC/nom_processing/miesel_11_8bjf2432/raw/Miesel_60009_50_MLBS_A_POST_MST_33_H2O_SPE_r2_28Jan23_Fir_300SA_IATp03_9143.d,False,/home/bmeluch/NMDC/nom_processing/miesel_11_8bjf2432/raw/Miesel_60009_QC_SRFAII_20ppm_r2_28Jan23_Fir_300SA_IATp01_9140.d
Miesel_60009_15_MOAB_A_PRE_H2O_SPE_r2_28Jan23_Alder_300SA_IATp03_9079.d,/home/bmeluch/NMDC/nom_processing/miesel_11_8bjf2432/raw/Miesel_60009_15_MOAB_A_PRE_H2O_SPE_r2_28Jan23_Alder_300SA_IATp03_9079.d,False,/home/bmeluch/NMDC/nom_processing/miesel_11_8bjf2432/raw/Miesel_60009_QC_SRFAII_20ppm_r1_26Jan23_Alder_300SA_IATp01_9076.d
Miesel_60009_39_BLAN_Ap1_POST_MST_33_Met_SPE_r1_300SA_IATp03_9260.d,/home/bmeluch/NMDC/nom_processing/miesel_11_8bjf2432/raw/Miesel_60009_39_BLAN_Ap1_POST_MST_33_Met_SPE_r1_300SA_IATp03_9260.d,False,/home/bmeluch/NMDC/nom_processing/miesel_11_8bjf2432/raw/Miesel_60009_QC_SRFAII_20ppm_30Jan23_Fir_300SA_IATp01_9235.d
Miesel_60009_41_CLBJ_A1_POST_MST_33_Met_SPE_r2_300SA_IATp03_9602.d,/home/bmeluch/NMDC/nom_processing/miesel_11_8bjf2432/raw/Miesel_60009_41_CLBJ_A1_POST_MST_33_Met_SPE_r2_300SA_IATp03_9602.d,False,/home/bmeluch/NMDC/nom_processing/miesel_11_8bjf2432/raw/Miesel_60009_QC_SRFAII_20ppm_10Feb23_Fir_300SA_IATp01_9585.d
Miesel_60009_14_MLBS_A_PRE_H2O_SPE_r1_26Jan23_Alder_300SA_IATp03_9071.d,/home/bmeluch/NMDC/nom_processing/miesel_11_8bjf2432/raw/Miesel_60009_14_MLBS_A_PRE_H2O_SPE_r1_26Jan23_Alder_300SA_IATp03_9071.d,False,/home/bmeluch/NMDC/nom_processing/miesel_11_8bjf2432/raw/Miesel_60009_QC_SRFAII_20ppm_r1_26Jan23_Alder_300SA_IATp01_9044.d
Miesel_60009_02_BARR_Oaf_PRE_Met_SPE_r1_300SA_IATp03_9274.d,/home/bmeluch/NMDC/nom_processing/miesel_11_8bjf2432/raw/Miesel_60009_02_BARR_Oaf_PRE_Met_SPE_r1_300SA_IATp03_9274.d,False,/home/bmeluch/NMDC/nom_processing/miesel_11_8bjf2432/raw/Miesel_60009_QC_SRFAII_20ppm_30Jan23_Fir_300SA_IATp01_9266.d
Miesel_60009_63_WREF_A1_POST_MST_33_Met_SPE_r1_300SA_IATp03_9264.d,/home/bmeluch/NMDC/nom_processing/miesel_11_8bjf2432/raw/Miesel_60009_63_WREF_A1_POST_MST_33_Met_SPE_r1_300SA_IATp03_9264.d,False,/home/bmeluch/NMDC/nom_processing/miesel_11_8bjf2432/raw/Miesel_60009_QC_SRFAII_20ppm_30Jan23_Fir_300SA_IATp01_9235.d
Miesel_60009_04_BONA_Oea_PRE_H2O_SPE_r2_28Jan23_Alder_300SA_IATp03_9103.d,/home/bmeluch/NMDC/nom_processing/miesel_11_8bjf2432/raw/Miesel_60009_04_BONA_Oea_PRE_H2O_SPE_r2_28Jan23_Alder_300SA_IATp03_9103.d,False,/home/bmeluch/NMDC/nom_processing/miesel_11_8bjf2432/raw/Miesel_60009_QC_SRFAII_20ppm_r1_26Jan23_Alder_300SA_IATp01_9076.d
Miesel_60009_05_CLBJ_A1_PRE_Met_SPE_r2_300SA_IATp03_9621.d,/home/bmeluch/NMDC/nom_processing/miesel_11_8bjf2432/raw/Miesel_60009_05_CLBJ_A1_PRE_Met_SPE_r2_300SA_IATp03_9621.d,False,/home/bmeluch/NMDC/nom_processing/miesel_11_8bjf2432/raw/Miesel_60009_QC_SRFAII_20ppm_10Feb23_Fir_300SA_IATp01_9617.d
Miesel_60009_42_CPER_A1_POST_MST_33_Met_SPE_r1_300SA_IATp03_9290.d,/home/bmeluch/NMDC/nom_processing/miesel_11_8bjf2432/raw/Miesel_60009_42_CPER_A1_POST_MST_33_Met_SPE_r1_300SA_IATp03_9290.d,False,/home/bmeluch/NMDC/nom_processing/miesel_11_8bjf2432/raw/Miesel_60009_QC_SRFAII_20ppm_30Jan23_Fir_300SA_IATp01_9266.d
Miesel_60009_20_SERC_A_PRE_H2O_SPE_r2_28Jan23_Fir_300SA_IATp03_9148.d,/home/bmeluch/NMDC/nom_processing/miesel_11_8bjf2432/raw/Miesel_60009_20_SERC_A_PRE_H2O_SPE_r2_28Jan23_Fir_300SA_IATp03_9148.d,False,/home/bmeluch/NMDC/nom_processing/miesel_11_8bjf2432/raw/Miesel_60009_QC_SRFAII_20ppm_r2_28Jan23_Fir_300SA_IATp01_9140.d
Miesel_60009_82_RMNP_A1_POST_MSTplus5_33_H2O_SPE_r1_300SA_IATp03_9072.d,/home/bmeluch/NMDC/nom_processing/miesel_11_8bjf2432/raw/Miesel_60009_82_RMNP_A1_POST_MSTplus5_33_H2O_SPE_r1_300SA_IATp03_9072.d,False,/home/bmeluch/NMDC/nom_processing/miesel_11_8bjf2432/raw/Miesel_60009_QC_SRFAII_20ppm_r1_26Jan23_Alder_300SA_IATp01_9044.d
Miesel_60009_50_MLBS_A_POST_MST_33_Met_SPE_r2_300SA_IATp03_9581.d,/home/bmeluch/NMDC/nom_processing/miesel_11_8bjf2432/raw/Miesel_60009_50_MLBS_A_POST_MST_33_Met_SPE_r2_300SA_IATp03_9581.d,False,/home/bmeluch/NMDC/nom_processing/miesel_11_8bjf2432/raw/Miesel_60009_QC_SRFAII_20ppm_30Jan23_Fir_300SA_IATp01_9389.d
Miesel_60009_44_DELA_A_POST_MST_33_Met_SPE_r2_300SA_IATp03_9578.d,/home/bmeluch/NMDC/nom_processing/miesel_11_8bjf2432/raw/Miesel_60009_44_DELA_A_POST_MST_33_Met_SPE_r2_300SA_IATp03_9578.d,False,/home/bmeluch/NMDC/nom_processing/miesel_11_8bjf2432/raw/Miesel_60009_QC_SRFAII_20ppm_30Jan23_Fir_300SA_IATp01_9389.d
Miesel_60009_80_NIWO_A_POST_MSTplus5_33_Met_SPE_r2_300SA_IATp03_9569.d,/home/bmeluch/NMDC/nom_processing/miesel_11_8bjf2432/raw/Miesel_60009_80_NIWO_A_POST_MSTplus5_33_Met_SPE_r2_300SA_IATp03_9569.d,False,/home/bmeluch/NMDC/nom_processing/miesel_11_8bjf2432/raw/Miesel_60009_QC_SRFAII_20ppm_30Jan23_Fir_300SA_IATp01_9389.d
Miesel_60009_03_BLAN_Ap1_PRE_Met_SPE_r1_300SA_IATp03_9247.d,/home/bmeluch/NMDC/nom_processing/miesel_11_8bjf2432/raw/Miesel_60009_03_BLAN_Ap1_PRE_Met_SPE_r1_300SA_IATp03_9247.d,False,/home/bmeluch/NMDC/nom_processing/miesel_11_8bjf2432/raw/Miesel_60009_QC_SRFAII_20ppm_30Jan23_Fir_300SA_IATp01_9235.d
Miesel_60009_16_NGPR_A_PRE_H2O_SPE_r1_26Jan23_Alder_300SA_IATp03_9022.d,/home/bmeluch/NMDC/nom_processing/miesel_11_8bjf2432/raw/Miesel_60009_16_NGPR_A_PRE_H2O_SPE_r1_26Jan23_Alder_300SA_IATp03_9022.d,False,/home/bmeluch/NMDC/nom_processing/miesel_11_8bjf2432/raw/Miesel_60009_QC_SRFAII_20ppm_r1_26Jan23_Alder_300SA_IATp01_9014.d
Miesel_60009_70_DCFS_A1_POST_MSTplus5_33_H2O_SPE_r2_300SA_IATp03_9163.d,/home/bmeluch/NMDC/nom_processing/miesel_11_8bjf2432/raw/Miesel_60009_70_DCFS_A1_POST_MSTplus5_33_H2O_SPE_r2_300SA_IATp03_9163.d,False,/home/bmeluch/NMDC/nom_processing/miesel_11_8bjf2432/raw/Miesel_60009_QC_SRFAII_20ppm_r2_28Jan23_Fir_300SA_IATp01_9140.d
Miesel_60009_01_ABBY_A_PRE_H2O_SPE_r2_28Jan23_Fir_300SA_IATp03_9113.d,/home/bmeluch/NMDC/nom_processing/miesel_11_8bjf2432/raw/Miesel_60009_01_ABBY_A_PRE_H2O_SPE_r2_28Jan23_Fir_300SA_IATp03_9113.d,False,/home/bmeluch/NMDC/nom_processing/miesel_11_8bjf2432/raw/Miesel_60009_QC_SRFAII_20ppm_r2_28Jan23_Fir_300SA_IATp01_9108.d
Miesel_60009_59_STEI_A1_POST_MST_33_Met_SPE_r1_30Jan23_Fir_300SA_IATp03_9195.d,/home/bmeluch/NMDC/nom_processing/miesel_11_8bjf2432/raw/Miesel_60009_59_STEI_A1_POST_MST_33_Met_SPE_r1_30Jan23_Fir_300SA_IATp03_9195.d,False,/home/bmeluch/NMDC/nom_processing/miesel_11_8bjf2432/raw/Miesel_60009_QC_SRFAII_20ppm_r2_28Jan23_Fir_300SA_IATp01_9168.d
Miesel_60009_19_RMNP_A1_PRE_H2O_SPE_r2_28Jan23_Fir_300SA_IATp03_9126.d,/home/bmeluch/NMDC/nom_processing/miesel_11_8bjf2432/raw/Miesel_60009_19_RMNP_A1_PRE_H2O_SPE_r2_28Jan23_Fir_300SA_IATp03_9126.d,False,/home/bmeluch/NMDC/nom_processing/miesel_11_8bjf2432/raw/Miesel_60009_QC_SRFAII_20ppm_r2_28Jan23_Fir_300SA_IATp01_9108.d
Miesel_60009_22_SOAP_A_PRE_H2O_SPE_r2_28Jan23_Alder_300SA_IATp03_9085.d,/home/bmeluch/NMDC/nom_processing/miesel_11_8bjf2432/raw/Miesel_60009_22_SOAP_A_PRE_H2O_SPE_r2_28Jan23_Alder_300SA_IATp03_9085.d,False,/home/bmeluch/NMDC/nom_processing/miesel_11_8bjf2432/raw/Miesel_60009_QC_SRFAII_20ppm_r1_26Jan23_Alder_300SA_IATp01_9076.d
Miesel_60009_53_NIWO_A_POST_MST_33_H2O_SPE_r2_28Jan23_Fir_300SA_IATp03_9136.d,/home/bmeluch/NMDC/nom_processing/miesel_11_8bjf2432/raw/Miesel_60009_53_NIWO_A_POST_MST_33_H2O_SPE_r2_28Jan23_Fir_300SA_IATp03_9136.d,False,/home/bmeluch/NMDC/nom_processing/miesel_11_8bjf2432/raw/Miesel_60009_QC_SRFAII_20ppm_r2_28Jan23_Fir_300SA_IATp01_9108.d
Miesel_60009_08_DELA_A_PRE_Met_SPE_r2_300SA_IATp03_9580.d,/home/bmeluch/NMDC/nom_processing/miesel_11_8bjf2432/raw/Miesel_60009_08_DELA_A_PRE_Met_SPE_r2_300SA_IATp03_9580.d,False,/home/bmeluch/NMDC/nom_processing/miesel_11_8bjf2432/raw/Miesel_60009_QC_SRFAII_20ppm_30Jan23_Fir_300SA_IATp01_9389.d
Miesel_60009_37_ABBY_A_POST_MST_33_Met_SPE_r2_300SA_IATp03_9630.d,/home/bmeluch/NMDC/nom_processing/miesel_11_8bjf2432/raw/Miesel_60009_37_ABBY_A_POST_MST_33_Met_SPE_r2_300SA_IATp03_9630.d,False,/home/bmeluch/NMDC/nom_processing/miesel_11_8bjf2432/raw/Miesel_60009_QC_SRFAII_20ppm_10Feb23_Fir_300SA_IATp01_9617.d
Miesel_60009_51_MOAB_A_POST_MST_33_H2O_SPE_r1_26Jan23_Alder_300SA_IATp03_9019.d,/home/bmeluch/NMDC/nom_processing/miesel_11_8bjf2432/raw/Miesel_60009_51_MOAB_A_POST_MST_33_H2O_SPE_r1_26Jan23_Alder_300SA_IATp03_9019.d,False,/home/bmeluch/NMDC/nom_processing/miesel_11_8bjf2432/raw/Miesel_60009_QC_SRFAII_20ppm_r1_26Jan23_Alder_300SA_IATp01_9014.d
Miesel_60009_80_NIWO_A_POST_MSTplus5_33_Met_SPE_r1_30Jan23_Fir_300SA_IATp03_9172.d,/home/bmeluch/NMDC/nom_processing/miesel_11_8bjf2432/raw/Miesel_60009_80_NIWO_A_POST_MSTplus5_33_Met_SPE_r1_30Jan23_Fir_300SA_IATp03_9172.d,False,/home/bmeluch/NMDC/nom_processing/miesel_11_8bjf2432/raw/Miesel_60009_QC_SRFAII_20ppm_r2_28Jan23_Fir_300SA_IATp01_9168.d
Miesel_60009_47_HEAL_Oae_POST_MST_33_Met_SPE_r2_300SA_IATp03_9572.d,/home/bmeluch/NMDC/nom_processing/miesel_11_8bjf2432/raw/Miesel_60009_47_HEAL_Oae_POST_MST_33_Met_SPE_r2_300SA_IATp03_9572.d,False,/home/bmeluch/NMDC/nom_processing/miesel_11_8bjf2432/raw/Miesel_60009_QC_SRFAII_20ppm_30Jan23_Fir_300SA_IATp01_9389.d
Miesel_60009_64_ABBY_A_POST_MSTplus5_33_Met_SPE_r1_300SA_IATp03_9280.d,/home/bmeluch/NMDC/nom_processing/miesel_11_8bjf2432/raw/Miesel_60009_64_ABBY_A_POST_MSTplus5_33_Met_SPE_r1_300SA_IATp03_9280.d,False,/home/bmeluch/NMDC/nom_processing/miesel_11_8bjf2432/raw/Miesel_60009_QC_SRFAII_20ppm_30Jan23_Fir_300SA_IATp01_9266.d
Miesel_60009_17_NIWO_A_PRE_H2O_SPE_r1_26Jan23_Alder_300SA_IATp03_9047.d,/home/bmeluch/NMDC/nom_processing/miesel_11_8bjf2432/raw/Miesel_60009_17_NIWO_A_PRE_H2O_SPE_r1_26Jan23_Alder_300SA_IATp03_9047.d,False,/home/bmeluch/NMDC/nom_processing/miesel_11_8bjf2432/raw/Miesel_60009_QC_SRFAII_20ppm_r1_26Jan23_Alder_300SA_IATp01_9044.d
Miesel_60009_07_DCFS_A1_PRE_H2O_SPE_r1_26Jan23_Alder_300SA_IATp03_8987.d,/home/bmeluch/NMDC/nom_processing/miesel_11_8bjf2432/raw/Miesel_60009_07_DCFS_A1_PRE_H2O_SPE_r1_26Jan23_Alder_300SA_IATp03_8987.d,False,/home/bmeluch/NMDC/nom_processing/miesel_11_8bjf2432/raw/Miesel_60009_QC_SRFAII_20ppm_r1_26Jan23_Alder_300SA_IATp01_8983.d
Miesel_60009_74_HEAL_Oae_POST_MSTplus5_33_H2O_SPE_r1_300SA_IATp03_9005.d,/home/bmeluch/NMDC/nom_processing/miesel_11_8bjf2432/raw/Miesel_60009_74_HEAL_Oae_POST_MSTplus5_33_H2O_SPE_r1_300SA_IATp03_9005.d,False,/home/bmeluch/NMDC/nom_processing/miesel_11_8bjf2432/raw/Miesel_60009_QC_SRFAII_20ppm_r1_26Jan23_Alder_300SA_IATp01_8983.d
Miesel_60009_39_BLAN_Ap1_POST_MST_33_H2O_SPE_r2_28Jan23_Alder_300SA_IATp03_9089.d,/home/bmeluch/NMDC/nom_processing/miesel_11_8bjf2432/raw/Miesel_60009_39_BLAN_Ap1_POST_MST_33_H2O_SPE_r2_28Jan23_Alder_300SA_IATp03_9089.d,False,/home/bmeluch/NMDC/nom_processing/miesel_11_8bjf2432/raw/Miesel_60009_QC_SRFAII_20ppm_r1_26Jan23_Alder_300SA_IATp01_9076.d
Miesel_60009_70_DCFS_A1_POST_MSTplus5_33_Met_SPE_r1_300SA_IATp03_9187.d,/home/bmeluch/NMDC/nom_processing/miesel_11_8bjf2432/raw/Miesel_60009_70_DCFS_A1_POST_MSTplus5_33_Met_SPE_r1_300SA_IATp03_9187.d,False,/home/bmeluch/NMDC/nom_processing/miesel_11_8bjf2432/raw/Miesel_60009_QC_SRFAII_20ppm_r2_28Jan23_Fir_300SA_IATp01_9168.d
Miesel_60009_44_DELA_A_POST_MST_33_Met_SPE_r1_30Jan23_Fir_300SA_IATp03_9175.d,/home/bmeluch/NMDC/nom_processing/miesel_11_8bjf2432/raw/Miesel_60009_44_DELA_A_POST_MST_33_Met_SPE_r1_30Jan23_Fir_300SA_IATp03_9175.d,False,/home/bmeluch/NMDC/nom_processing/miesel_11_8bjf2432/raw/Miesel_60009_QC_SRFAII_20ppm_r2_28Jan23_Fir_300SA_IATp01_9168.d
Miesel_60009_QC_SRFAII_20ppm_30Jan23_Fir_300SA_IATp01_9389.d,/home/bmeluch/NMDC/nom_processing/miesel_11_8bjf2432/raw/Miesel_60009_QC_SRFAII_20ppm_30Jan23_Fir_300SA_IATp01_9389.d,True,/home/bmeluch/NMDC/nom_processing/miesel_11_8bjf2432/raw/Miesel_60009_QC_SRFAII_20ppm_30Jan23_Fir_300SA_IATp01_9389.d
Miesel_60009_51_MOAB_A_POST_MST_33_Met_SPE_r2_300SA_IATp03_9642.d,/home/bmeluch/NMDC/nom_processing/miesel_11_8bjf2432/raw/Miesel_60009_51_MOAB_A_POST_MST_33_Met_SPE_r2_300SA_IATp03_9642.d,False,/home/bmeluch/NMDC/nom_processing/miesel_11_8bjf2432/raw/Miesel_60009_QC_SRFAII_20ppm_10Feb23_Fir_300SA_IATp01_9617.d
Miesel_60009_16_NGPR_A_PRE_Met_SPE_r1_30Jan23_Fir_300SA_IATp03_9196.d,/home/bmeluch/NMDC/nom_processing/miesel_11_8bjf2432/raw/Miesel_60009_16_NGPR_A_PRE_Met_SPE_r1_30Jan23_Fir_300SA_IATp03_9196.d,False,/home/bmeluch/NMDC/nom_processing/miesel_11_8bjf2432/raw/Miesel_60009_QC_SRFAII_20ppm_r2_28Jan23_Fir_300SA_IATp01_9168.d
Miesel_60009_44_DELA_A_POST_MST_33_H2O_SPE_r2_28Jan23_Fir_300SA_IATp03_9132.d,/home/bmeluch/NMDC/nom_processing/miesel_11_8bjf2432/raw/Miesel_60009_44_DELA_A_POST_MST_33_H2O_SPE_r2_28Jan23_Fir_300SA_IATp03_9132.d,False,/home/bmeluch/NMDC/nom_processing/miesel_11_8bjf2432/raw/Miesel_60009_QC_SRFAII_20ppm_r2_28Jan23_Fir_300SA_IATp01_9108.d
Miesel_60009_26_UNDE_A_PRE_H2O_SPE_r1_26Jan23_Alder_300SA_IATp03_8996.d,/home/bmeluch/NMDC/nom_processing/miesel_11_8bjf2432/raw/Miesel_60009_26_UNDE_A_PRE_H2O_SPE_r1_26Jan23_Alder_300SA_IATp03_8996.d,False,/home/bmeluch/NMDC/nom_processing/miesel_11_8bjf2432/raw/Miesel_60009_QC_SRFAII_20ppm_r1_26Jan23_Alder_300SA_IATp01_8983.d
Miesel_60009_55_RMNP_A1_POST_MST_33_H2O_SPE_r1_26Jan23_Alder_300SA_IATp03_9066.d,/home/bmeluch/NMDC/nom_processing/miesel_11_8bjf2432/raw/Miesel_60009_55_RMNP_A1_POST_MST_33_H2O_SPE_r1_26Jan23_Alder_300SA_IATp03_9066.d,False,/home/bmeluch/NMDC/nom_processing/miesel_11_8bjf2432/raw/Miesel_60009_QC_SRFAII_20ppm_r1_26Jan23_Alder_300SA_IATp01_9044.d
Miesel_60009_72_DSNY_A_POST_MSTplus5_33_Met_SPE_r1_300SA_IATp03_9291.d,/home/bmeluch/NMDC/nom_processing/miesel_11_8bjf2432/raw/Miesel_60009_72_DSNY_A_POST_MSTplus5_33_Met_SPE_r1_300SA_IATp03_9291.d,False,/home/bmeluch/NMDC/nom_processing/miesel_11_8bjf2432/raw/Miesel_60009_QC_SRFAII_20ppm_30Jan23_Fir_300SA_IATp01_9266.d
Miesel_60009_48_JORN_Ak_POST_MST_33_H2O_SPE_r1_26Jan23_Alder_300SA_IATp03_9068.d,/home/bmeluch/NMDC/nom_processing/miesel_11_8bjf2432/raw/Miesel_60009_48_JORN_Ak_POST_MST_33_H2O_SPE_r1_26Jan23_Alder_300SA_IATp03_9068.d,False,/home/bmeluch/NMDC/nom_processing/miesel_11_8bjf2432/raw/Miesel_60009_QC_SRFAII_20ppm_r1_26Jan23_Alder_300SA_IATp01_9044.d
Miesel_60009_71_DELA_A_POST_MSTplus5_33_H2O_SPE_r2_28Jan23_Fir_300SA_IATp03_9159.d,/home/bmeluch/NMDC/nom_processing/miesel_11_8bjf2432/raw/Miesel_60009_71_DELA_A_POST_MSTplus5_33_H2O_SPE_r2_28Jan23_Fir_300SA_IATp03_9159.d,False,/home/bmeluch/NMDC/nom_processing/miesel_11_8bjf2432/raw/Miesel_60009_QC_SRFAII_20ppm_r2_28Jan23_Fir_300SA_IATp01_9140.d
Miesel_60009_57_SJER_A_POST_MST_33_H2O_SPE_r2_28Jan23_Alder_300SA_IATp03_9096.d,/home/bmeluch/NMDC/nom_processing/miesel_11_8bjf2432/raw/Miesel_60009_57_SJER_A_POST_MST_33_H2O_SPE_r2_28Jan23_Alder_300SA_IATp03_9096.d,False,/home/bmeluch/NMDC/nom_processing/miesel_11_8bjf2432/raw/Miesel_60009_QC_SRFAII_20ppm_r1_26Jan23_Alder_300SA_IATp01_9076.d
Miesel_60009_86_STEI_A1_POST_MSTplus5_33_Met_SPE_r2_300SA_IATp03_9606.d,/home/bmeluch/NMDC/nom_processing/miesel_11_8bjf2432/raw/Miesel_60009_86_STEI_A1_POST_MSTplus5_33_Met_SPE_r2_300SA_IATp03_9606.d,False,/home/bmeluch/NMDC/nom_processing/miesel_11_8bjf2432/raw/Miesel_60009_QC_SRFAII_20ppm_10Feb23_Fir_300SA_IATp01_9585.d
Miesel_60009_12_JORN_Ak_PRE_H2O_SPE_r1_26Jan23_Alder_300SA_IATp03_9062.d,/home/bmeluch/NMDC/nom_processing/miesel_11_8bjf2432/raw/Miesel_60009_12_JORN_Ak_PRE_H2O_SPE_r1_26Jan23_Alder_300SA_IATp03_9062.d,False,/home/bmeluch/NMDC/nom_processing/miesel_11_8bjf2432/raw/Miesel_60009_QC_SRFAII_20ppm_r1_26Jan23_Alder_300SA_IATp01_9044.d
Miesel_60009_27_WREF_A1_PRE_Met_SPE_r2_300SA_IATp03_9598.d,/home/bmeluch/NMDC/nom_processing/miesel_11_8bjf2432/raw/Miesel_60009_27_WREF_A1_PRE_Met_SPE_r2_300SA_IATp03_9598.d,False,/home/bmeluch/NMDC/nom_processing/miesel_11_8bjf2432/raw/Miesel_60009_QC_SRFAII_20ppm_10Feb23_Fir_300SA_IATp01_9585.d
Miesel_60009_08_DELA_A_PRE_Met_SPE_r1_300SA_IATp03_9246.d,/home/bmeluch/NMDC/nom_processing/miesel_11_8bjf2432/raw/Miesel_60009_08_DELA_A_PRE_Met_SPE_r1_300SA_IATp03_9246.d,False,/home/bmeluch/NMDC/nom_processing/miesel_11_8bjf2432/raw/Miesel_60009_QC_SRFAII_20ppm_30Jan23_Fir_300SA_IATp01_9235.d
Miesel_60009_21_SJER_A_PRE_H2O_SPE_r1_26Jan23_Alder_300SA_IATp03_8990.d,/home/bmeluch/NMDC/nom_processing/miesel_11_8bjf2432/raw/Miesel_60009_21_SJER_A_PRE_H2O_SPE_r1_26Jan23_Alder_300SA_IATp03_8990.d,False,/home/bmeluch/NMDC/nom_processing/miesel_11_8bjf2432/raw/Miesel_60009_QC_SRFAII_20ppm_r1_26Jan23_Alder_300SA_IATp01_8983.d
Miesel_60009_72_DSNY_A_POST_MSTplus5_33_H2O_SPE_r1_300SA_IATp03_9010.d,/home/bmeluch/NMDC/nom_processing/miesel_11_8bjf2432/raw/Miesel_60009_72_DSNY_A_POST_MSTplus5_33_H2O_SPE_r1_300SA_IATp03_9010.d,False,/home/bmeluch/NMDC/nom_processing/miesel_11_8bjf2432/raw/Miesel_60009_QC_SRFAII_20ppm_r1_26Jan23_Alder_300SA_IATp01_8983.d
Miesel_60009_46_GRSM_A_POST_MST_33_Met_SPE_r2_300SA_IATp03_9609.d,/home/bmeluch/NMDC/nom_processing/miesel_11_8bjf2432/raw/Miesel_60009_46_GRSM_A_POST_MST_33_Met_SPE_r2_300SA_IATp03_9609.d,False,/home/bmeluch/NMDC/nom_processing/miesel_11_8bjf2432/raw/Miesel_60009_QC_SRFAII_20ppm_10Feb23_Fir_300SA_IATp01_9585.d
Miesel_60009_71_DELA_A_POST_MSTplus5_33_Met_SPE_r1_30Jan23_Fir_300SA_IATp03_9244.d,/home/bmeluch/NMDC/nom_processing/miesel_11_8bjf2432/raw/Miesel_60009_71_DELA_A_POST_MSTplus5_33_Met_SPE_r1_30Jan23_Fir_300SA_IATp03_9244.d,False,/home/bmeluch/NMDC/nom_processing/miesel_11_8bjf2432/raw/Miesel_60009_QC_SRFAII_20ppm_30Jan23_Fir_300SA_IATp01_9235.d
Miesel_60009_15_MOAB_A_PRE_Met_SPE_r1_300SA_IATp03_9262.d,/home/bmeluch/NMDC/nom_processing/miesel_11_8bjf2432/raw/Miesel_60009_15_MOAB_A_PRE_Met_SPE_r1_300SA_IATp03_9262.d,False,/home/bmeluch/NMDC/nom_processing/miesel_11_8bjf2432/raw/Miesel_60009_QC_SRFAII_20ppm_30Jan23_Fir_300SA_IATp01_9235.d
Miesel_60009_62_UNDE_A_POST_MST_33_H2O_SPE_r2_28Jan23_Alder_300SA_IATp03_9088.d,/home/bmeluch/NMDC/nom_processing/miesel_11_8bjf2432/raw/Miesel_60009_62_UNDE_A_POST_MST_33_H2O_SPE_r2_28Jan23_Alder_300SA_IATp03_9088.d,False,/home/bmeluch/NMDC/nom_processing/miesel_11_8bjf2432/raw/Miesel_60009_QC_SRFAII_20ppm_r1_26Jan23_Alder_300SA_IATp01_9076.d
Miesel_60009_QC_SRFAII_20ppm_r2_28Jan23_Fir_300SA_IATp01_9140.d,/home/bmeluch/NMDC/nom_processing/miesel_11_8bjf2432/raw/Miesel_60009_QC_SRFAII_20ppm_r2_28Jan23_Fir_300SA_IATp01_9140.d,True,/home/bmeluch/NMDC/nom_processing/miesel_11_8bjf2432/raw/Miesel_60009_QC_SRFAII_20ppm_r2_28Jan23_Fir_300SA_IATp01_9140.d
Miesel_60009_19_RMNP_A1_PRE_Met_SPE_r1_30Jan23_Fir_300SA_IATp03_9179.d,/home/bmeluch/NMDC/nom_processing/miesel_11_8bjf2432/raw/Miesel_60009_19_RMNP_A1_PRE_Met_SPE_r1_30Jan23_Fir_300SA_IATp03_9179.d,False,/home/bmeluch/NMDC/nom_processing/miesel_11_8bjf2432/raw/Miesel_60009_QC_SRFAII_20ppm_r2_28Jan23_Fir_300SA_IATp01_9168.d
Miesel_60009_43_DCFS_A1_POST_MST_33_Met_SPE_r1_300SA_IATp03_9270.d,/home/bmeluch/NMDC/nom_processing/miesel_11_8bjf2432/raw/Miesel_60009_43_DCFS_A1_POST_MST_33_Met_SPE_r1_300SA_IATp03_9270.d,False,/home/bmeluch/NMDC/nom_processing/miesel_11_8bjf2432/raw/Miesel_60009_QC_SRFAII_20ppm_30Jan23_Fir_300SA_IATp01_9266.d
Miesel_60009_71_DELA_A_POST_MSTplus5_33_H2O_SPE_r1_300SA_IATp03_8985.d,/home/bmeluch/NMDC/nom_processing/miesel_11_8bjf2432/raw/Miesel_60009_71_DELA_A_POST_MSTplus5_33_H2O_SPE_r1_300SA_IATp03_8985.d,False,/home/bmeluch/NMDC/nom_processing/miesel_11_8bjf2432/raw/Miesel_60009_QC_SRFAII_20ppm_r1_26Jan23_Alder_300SA_IATp01_8983.d
Miesel_60009_38_BARR_Oaf_POST_MST_33_H2O_SPE_r2_28Jan23_Fir_300SA_IATp03_9142.d,/home/bmeluch/NMDC/nom_processing/miesel_11_8bjf2432/raw/Miesel_60009_38_BARR_Oaf_POST_MST_33_H2O_SPE_r2_28Jan23_Fir_300SA_IATp03_9142.d,False,/home/bmeluch/NMDC/nom_processing/miesel_11_8bjf2432/raw/Miesel_60009_QC_SRFAII_20ppm_r2_28Jan23_Fir_300SA_IATp01_9140.d
Miesel_60009_17_NIWO_A_PRE_Met_SPE_r2_300SA_IATp03_9562.d,/home/bmeluch/NMDC/nom_processing/miesel_11_8bjf2432/raw/Miesel_60009_17_NIWO_A_PRE_Met_SPE_r2_300SA_IATp03_9562.d,False,/home/bmeluch/NMDC/nom_processing/miesel_11_8bjf2432/raw/Miesel_60009_QC_SRFAII_20ppm_30Jan23_Fir_300SA_IATp01_9389.d
Miesel_60009_57_SJER_A_POST_MST_33_H2O_SPE_r1_26Jan23_Alder_300SA_IATp03_9026.d,/home/bmeluch/NMDC/nom_processing/miesel_11_8bjf2432/raw/Miesel_60009_57_SJER_A_POST_MST_33_H2O_SPE_r1_26Jan23_Alder_300SA_IATp03_9026.d,False,/home/bmeluch/NMDC/nom_processing/miesel_11_8bjf2432/raw/Miesel_60009_QC_SRFAII_20ppm_r1_26Jan23_Alder_300SA_IATp01_9014.d
Miesel_60009_89_UNDE_A_POST_MSTplus5_33_Met_SPE_r2_300SA_IATp03_9604.d,/home/bmeluch/NMDC/nom_processing/miesel_11_8bjf2432/raw/Miesel_60009_89_UNDE_A_POST_MSTplus5_33_Met_SPE_r2_300SA_IATp03_9604.d,False,/home/bmeluch/NMDC/nom_processing/miesel_11_8bjf2432/raw/Miesel_60009_QC_SRFAII_20ppm_10Feb23_Fir_300SA_IATp01_9585.d
Miesel_60009_43_DCFS_A1_POST_MST_33_Met_SPE_r2_300SA_IATp03_9636.d,/home/bmeluch/NMDC/nom_processing/miesel_11_8bjf2432/raw/Miesel_60009_43_DCFS_A1_POST_MST_33_Met_SPE_r2_300SA_IATp03_9636.d,False,/home/bmeluch/NMDC/nom_processing/miesel_11_8bjf2432/raw/Miesel_60009_QC_SRFAII_20ppm_10Feb23_Fir_300SA_IATp01_9617.d
Miesel_60009_76_KONZ_A1_POST_MSTplus5_33_Met_SPE_r2_300SA_IATp03_9583.d,/home/bmeluch/NMDC/nom_processing/miesel_11_8bjf2432/raw/Miesel_60009_76_KONZ_A1_POST_MSTplus5_33_Met_SPE_r2_300SA_IATp03_9583.d,False,/home/bmeluch/NMDC/nom_processing/miesel_11_8bjf2432/raw/Miesel_60009_QC_SRFAII_20ppm_30Jan23_Fir_300SA_IATp01_9389.d
Miesel_60009_43_DCFS_A1_POST_MST_33_H2O_SPE_r1_26Jan23_Alder_300SA_IATp03_9023.d,/home/bmeluch/NMDC/nom_processing/miesel_11_8bjf2432/raw/Miesel_60009_43_DCFS_A1_POST_MST_33_H2O_SPE_r1_26Jan23_Alder_300SA_IATp03_9023.d,False,/home/bmeluch/NMDC/nom_processing/miesel_11_8bjf2432/raw/Miesel_60009_QC_SRFAII_20ppm_r1_26Jan23_Alder_300SA_IATp01_9014.d
Miesel_60009_37_ABBY_A_POST_MST_33_Met_SPE_r1_30Jan23_Fir_300SA_IATp03_9178.d,/home/bmeluch/NMDC/nom_processing/miesel_11_8bjf2432/raw/Miesel_60009_37_ABBY_A_POST_MST_33_Met_SPE_r1_30Jan23_Fir_300SA_IATp03_9178.d,False,/home/bmeluch/NMDC/nom_processing/miesel_11_8bjf2432/raw/Miesel_60009_QC_SRFAII_20ppm_r2_28Jan23_Fir_300SA_IATp01_9168.d
Miesel_60009_37_ABBY_A_POST_MST_33_H2O_SPE_r1_26Jan23_Alder_300SA_IATp03_9021.d,/home/bmeluch/NMDC/nom_processing/miesel_11_8bjf2432/raw/Miesel_60009_37_ABBY_A_POST_MST_33_H2O_SPE_r1_26Jan23_Alder_300SA_IATp03_9021.d,False,/home/bmeluch/NMDC/nom_processing/miesel_11_8bjf2432/raw/Miesel_60009_QC_SRFAII_20ppm_r1_26Jan23_Alder_300SA_IATp01_9014.d
Miesel_60009_63_WREF_A1_POST_MST_33_H2O_SPE_r2_28Jan23_Fir_300SA_IATp03_9123.d,/home/bmeluch/NMDC/nom_processing/miesel_11_8bjf2432/raw/Miesel_60009_63_WREF_A1_POST_MST_33_H2O_SPE_r2_28Jan23_Fir_300SA_IATp03_9123.d,False,/home/bmeluch/NMDC/nom_processing/miesel_11_8bjf2432/raw/Miesel_60009_QC_SRFAII_20ppm_r2_28Jan23_Fir_300SA_IATp01_9108.d
Miesel_60009_63_WREF_A1_POST_MST_33_H2O_SPE_r1_26Jan23_Alder_300SA_IATp03_8988.d,/home/bmeluch/NMDC/nom_processing/miesel_11_8bjf2432/raw/Miesel_60009_63_WREF_A1_POST_MST_33_H2O_SPE_r1_26Jan23_Alder_300SA_IATp03_8988.d,False,/home/bmeluch/NMDC/nom_processing/miesel_11_8bjf2432/raw/Miesel_60009_QC_SRFAII_20ppm_r1_26Jan23_Alder_300SA_IATp01_8983.d
Miesel_60009_40_BONA_Oea_POST_MST_33_Met_SPE_r1_30Jan23_Fir_300SA_IATp03_9239.d,/home/bmeluch/NMDC/nom_processing/miesel_11_8bjf2432/raw/Miesel_60009_40_BONA_Oea_POST_MST_33_Met_SPE_r1_30Jan23_Fir_300SA_IATp03_9239.d,False,/home/bmeluch/NMDC/nom_processing/miesel_11_8bjf2432/raw/Miesel_60009_QC_SRFAII_20ppm_30Jan23_Fir_300SA_IATp01_9235.d
Miesel_60009_66_BLAN_Ap1_POST_MSTplus5_33_Met_SPE_r1_300SA_IATp03_9245.d,/home/bmeluch/NMDC/nom_processing/miesel_11_8bjf2432/raw/Miesel_60009_66_BLAN_Ap1_POST_MSTplus5_33_Met_SPE_r1_300SA_IATp03_9245.d,False,/home/bmeluch/NMDC/nom_processing/miesel_11_8bjf2432/raw/Miesel_60009_QC_SRFAII_20ppm_30Jan23_Fir_300SA_IATp01_9235.d
Miesel_60009_QC_SRFAII_20ppm_30Jan23_Fir_300SA_IATp01_9328.d,/home/bmeluch/NMDC/nom_processing/miesel_11_8bjf2432/raw/Miesel_60009_QC_SRFAII_20ppm_30Jan23_Fir_300SA_IATp01_9328.d,True,/home/bmeluch/NMDC/nom_processing/miesel_11_8bjf2432/raw/Miesel_60009_QC_SRFAII_20ppm_30Jan23_Fir_300SA_IATp01_9328.d
Miesel_60009_23_STEI_A1_PRE_H2O_SPE_r1_26Jan23_Alder_300SA_IATp03_9033.d,/home/bmeluch/NMDC/nom_processing/miesel_11_8bjf2432/raw/Miesel_60009_23_STEI_A1_PRE_H2O_SPE_r1_26Jan23_Alder_300SA_IATp03_9033.d,False,/home/bmeluch/NMDC/nom_processing/miesel_11_8bjf2432/raw/Miesel_60009_QC_SRFAII_20ppm_r1_26Jan23_Alder_300SA_IATp01_9014.d
Miesel_60009_74_HEAL_Oae_POST_MSTplus5_33_H2O_SPE_r2_300SA_IATp03_9145.d,/home/bmeluch/NMDC/nom_processing/miesel_11_8bjf2432/raw/Miesel_60009_74_HEAL_Oae_POST_MSTplus5_33_H2O_SPE_r2_300SA_IATp03_9145.d,False,/home/bmeluch/NMDC/nom_processing/miesel_11_8bjf2432/raw/Miesel_60009_QC_SRFAII_20ppm_r2_28Jan23_Fir_300SA_IATp01_9140.d
Miesel_60009_05_CLBJ_A1_PRE_H2O_SPE_r1_26Jan23_Alder_300SA_IATp03_9013.d,/home/bmeluch/NMDC/nom_processing/miesel_11_8bjf2432/raw/Miesel_60009_05_CLBJ_A1_PRE_H2O_SPE_r1_26Jan23_Alder_300SA_IATp03_9013.d,False,/home/bmeluch/NMDC/nom_processing/miesel_11_8bjf2432/raw/Miesel_60009_QC_SRFAII_20ppm_r1_26Jan23_Alder_300SA_IATp01_8983.d
Miesel_60009_65_BARR_Oaf_POST_MSTplus5_33_H2O_SPE_r2_300SA_IATp03_9134.d,/home/bmeluch/NMDC/nom_processing/miesel_11_8bjf2432/raw/Miesel_60009_65_BARR_Oaf_POST_MSTplus5_33_H2O_SPE_r2_300SA_IATp03_9134.d,False,/home/bmeluch/NMDC/nom_processing/miesel_11_8bjf2432/raw/Miesel_60009_QC_SRFAII_20ppm_r2_28Jan23_Fir_300SA_IATp01_9108.d
Miesel_60009_QC_SRFAII_20ppm_30Jan23_Fir_300SA_IATp01_9360.d,/home/bmeluch/NMDC/nom_processing/miesel_11_8bjf2432/raw/Miesel_60009_QC_SRFAII_20ppm_30Jan23_Fir_300SA_IATp01_9360.d,True,/home/bmeluch/NMDC/nom_processing/miesel_11_8bjf2432/raw/Miesel_60009_QC_SRFAII_20ppm_30Jan23_Fir_300SA_IATp01_9360.d
Miesel_60009_53_NIWO_A_POST_MST_33_H2O_SPE_r1_26Jan23_Alder_300SA_IATp03_8997.d,/home/bmeluch/NMDC/nom_processing/miesel_11_8bjf2432/raw/Miesel_60009_53_NIWO_A_POST_MST_33_H2O_SPE_r1_26Jan23_Alder_300SA_IATp03_8997.d,False,/home/bmeluch/NMDC/nom_processing/miesel_11_8bjf2432/raw/Miesel_60009_QC_SRFAII_20ppm_r1_26Jan23_Alder_300SA_IATp01_8983.d
Miesel_60009_77_MLBS_A_POST_MSTplus5_33_H2O_SPE_r1_300SA_IATp03_9020.d,/home/bmeluch/NMDC/nom_processing/miesel_11_8bjf2432/raw/Miesel_60009_77_MLBS_A_POST_MSTplus5_33_H2O_SPE_r1_300SA_IATp03_9020.d,False,/home/bmeluch/NMDC/nom_processing/miesel_11_8bjf2432/raw/Miesel_60009_QC_SRFAII_20ppm_r1_26Jan23_Alder_300SA_IATp01_9014.d
Miesel_60009_83_SERC_A_POST_MSTplus5_33_Met_SPE_r2_300SA_IATp03_9557.d,/home/bmeluch/NMDC/nom_processing/miesel_11_8bjf2432/raw/Miesel_60009_83_SERC_A_POST_MSTplus5_33_Met_SPE_r2_300SA_IATp03_9557.d,False,/home/bmeluch/NMDC/nom_processing/miesel_11_8bjf2432/raw/Miesel_60009_QC_SRFAII_20ppm_30Jan23_Fir_300SA_IATp01_9389.d
Miesel_60009_58_SOAP_A_POST_MST_33_H2O_SPE_r2_28Jan23_Fir_300SA_IATp03_9111.d,/home/bmeluch/NMDC/nom_processing/miesel_11_8bjf2432/raw/Miesel_60009_58_SOAP_A_POST_MST_33_H2O_SPE_r2_28Jan23_Fir_300SA_IATp03_9111.d,False,/home/bmeluch/NMDC/nom_processing/miesel_11_8bjf2432/raw/Miesel_60009_QC_SRFAII_20ppm_r2_28Jan23_Fir_300SA_IATp01_9108.d
Miesel_60009_16_NGPR_A_PRE_H2O_SPE_r2_28Jan23_Fir_300SA_IATp03_9160.d,/home/bmeluch/NMDC/nom_processing/miesel_11_8bjf2432/raw/Miesel_60009_16_NGPR_A_PRE_H2O_SPE_r2_28Jan23_Fir_300SA_IATp03_9160.d,False,/home/bmeluch/NMDC/nom_processing/miesel_11_8bjf2432/raw/Miesel_60009_QC_SRFAII_20ppm_r2_28Jan23_Fir_300SA_IATp01_9140.d
Miesel_60009_71_DELA_A_POST_MSTplus5_33_Met_SPE_r2_300SA_IATp03_9590.d,/home/bmeluch/NMDC/nom_processing/miesel_11_8bjf2432/raw/Miesel_60009_71_DELA_A_POST_MSTplus5_33_Met_SPE_r2_300SA_IATp03_9590.d,False,/home/bmeluch/NMDC/nom_processing/miesel_11_8bjf2432/raw/Miesel_60009_QC_SRFAII_20ppm_10Feb23_Fir_300SA_IATp01_9585.d
Miesel_60009_72_DSNY_A_POST_MSTplus5_33_H2O_SPE_r2_28Jan23_Fir_300SA_IATp03_9149.d,/home/bmeluch/NMDC/nom_processing/miesel_11_8bjf2432/raw/Miesel_60009_72_DSNY_A_POST_MSTplus5_33_H2O_SPE_r2_28Jan23_Fir_300SA_IATp03_9149.d,False,/home/bmeluch/NMDC/nom_processing/miesel_11_8bjf2432/raw/Miesel_60009_QC_SRFAII_20ppm_r2_28Jan23_Fir_300SA_IATp01_9140.d
Miesel_60009_86_STEI_A1_POST_MSTplus5_33_Met_SPE_r1_300SA_IATp03_9281.d,/home/bmeluch/NMDC/nom_processing/miesel_11_8bjf2432/raw/Miesel_60009_86_STEI_A1_POST_MSTplus5_33_Met_SPE_r1_300SA_IATp03_9281.d,False,/home/bmeluch/NMDC/nom_processing/miesel_11_8bjf2432/raw/Miesel_60009_QC_SRFAII_20ppm_30Jan23_Fir_300SA_IATp01_9266.d
Miesel_60009_88_TREE_A1_POST_MSTplus5_33_Met_SPE_r2_300SA_IATp03_9570.d,/home/bmeluch/NMDC/nom_processing/miesel_11_8bjf2432/raw/Miesel_60009_88_TREE_A1_POST_MSTplus5_33_Met_SPE_r2_300SA_IATp03_9570.d,False,/home/bmeluch/NMDC/nom_processing/miesel_11_8bjf2432/raw/Miesel_60009_QC_SRFAII_20ppm_30Jan23_Fir_300SA_IATp01_9389.d
Miesel_60009_61_TREE_A1_POST_MST_33_H2O_SPE_r1_26Jan23_Alder_300SA_IATp03_9031.d,/home/bmeluch/NMDC/nom_processing/miesel_11_8bjf2432/raw/Miesel_60009_61_TREE_A1_POST_MST_33_H2O_SPE_r1_26Jan23_Alder_300SA_IATp03_9031.d,False,/home/bmeluch/NMDC/nom_processing/miesel_11_8bjf2432/raw/Miesel_60009_QC_SRFAII_20ppm_r1_26Jan23_Alder_300SA_IATp01_9014.d
Miesel_60009_85_SOAP_A_POST_MSTplus5_33_H2O_SPE_r1_300SA_IATp03_9034.d,/home/bmeluch/NMDC/nom_processing/miesel_11_8bjf2432/raw/Miesel_60009_85_SOAP_A_POST_MSTplus5_33_H2O_SPE_r1_300SA_IATp03_9034.d,False,/home/bmeluch/NMDC/nom_processing/miesel_11_8bjf2432/raw/Miesel_60009_QC_SRFAII_20ppm_r1_26Jan23_Alder_300SA_IATp01_9014.d
Miesel_60009_27_WREF_A1_PRE_H2O_SPE_r1_26Jan23_Alder_300SA_IATp03_9060.d,/home/bmeluch/NMDC/nom_processing/miesel_11_8bjf2432/raw/Miesel_60009_27_WREF_A1_PRE_H2O_SPE_r1_26Jan23_Alder_300SA_IATp03_9060.d,False,/home/bmeluch/NMDC/nom_processing/miesel_11_8bjf2432/raw/Miesel_60009_QC_SRFAII_20ppm_r1_26Jan23_Alder_300SA_IATp01_9044.d
Miesel_60009_02_BARR_Oaf_PRE_H2O_SPE_r2_28Jan23_Fir_300SA_IATp03_9119.d,/home/bmeluch/NMDC/nom_processing/miesel_11_8bjf2432/raw/Miesel_60009_02_BARR_Oaf_PRE_H2O_SPE_r2_28Jan23_Fir_300SA_IATp03_9119.d,False,/home/bmeluch/NMDC/nom_processing/miesel_11_8bjf2432/raw/Miesel_60009_QC_SRFAII_20ppm_r2_28Jan23_Fir_300SA_IATp01_9108.d
Miesel_60009_66_BLAN_Ap1_POST_MSTplus5_33_H2O_SPE_r1_300SA_IATp03_9052.d,/home/bmeluch/NMDC/nom_processing/miesel_11_8bjf2432/raw/Miesel_60009_66_BLAN_Ap1_POST_MSTplus5_33_H2O_SPE_r1_300SA_IATp03_9052.d,False,/home/bmeluch/NMDC/nom_processing/miesel_11_8bjf2432/raw/Miesel_60009_QC_SRFAII_20ppm_r1_26Jan23_Alder_300SA_IATp01_9044.d
Miesel_60009_41_CLBJ_A1_POST_MST_33_H2O_SPE_r2_28Jan23_Fir_300SA_IATp03_9133.d,/home/bmeluch/NMDC/nom_processing/miesel_11_8bjf2432/raw/Miesel_60009_41_CLBJ_A1_POST_MST_33_H2O_SPE_r2_28Jan23_Fir_300SA_IATp03_9133.d,False,/home/bmeluch/NMDC/nom_processing/miesel_11_8bjf2432/raw/Miesel_60009_QC_SRFAII_20ppm_r2_28Jan23_Fir_300SA_IATp01_9108.d
Miesel_60009_56_SERC_A_POST_MST_33_H2O_SPE_r1_26Jan23_Alder_300SA_IATp03_9002.d,/home/bmeluch/NMDC/nom_processing/miesel_11_8bjf2432/raw/Miesel_60009_56_SERC_A_POST_MST_33_H2O_SPE_r1_26Jan23_Alder_300SA_IATp03_9002.d,False,/home/bmeluch/NMDC/nom_processing/miesel_11_8bjf2432/raw/Miesel_60009_QC_SRFAII_20ppm_r1_26Jan23_Alder_300SA_IATp01_8983.d
Miesel_60009_20_SERC_A_PRE_H2O_SPE_r1_26Jan23_Alder_300SA_IATp03_9012.d,/home/bmeluch/NMDC/nom_processing/miesel_11_8bjf2432/raw/Miesel_60009_20_SERC_A_PRE_H2O_SPE_r1_26Jan23_Alder_300SA_IATp03_9012.d,False,/home/bmeluch/NMDC/nom_processing/miesel_11_8bjf2432/raw/Miesel_60009_QC_SRFAII_20ppm_r1_26Jan23_Alder_300SA_IATp01_8983.d
Miesel_60009_78_MOAB_A_POST_MSTplus5_33_H2O_SPE_r2_28Jan23_Fir_300SA_IATp03_9106.d,/home/bmeluch/NMDC/nom_processing/miesel_11_8bjf2432/raw/Miesel_60009_78_MOAB_A_POST_MSTplus5_33_H2O_SPE_r2_28Jan23_Fir_300SA_IATp03_9106.d,False,/home/bmeluch/NMDC/nom_processing/miesel_11_8bjf2432/raw/Miesel_60009_QC_SRFAII_20ppm_r1_26Jan23_Alder_300SA_IATp01_9076.d
Miesel_60009_79_NGPR_A_POST_MSTplus5_33_H2O_SPE_r2_300SA_IATp03_9090.d,/home/bmeluch/NMDC/nom_processing/miesel_11_8bjf2432/raw/Miesel_60009_79_NGPR_A_POST_MSTplus5_33_H2O_SPE_r2_300SA_IATp03_9090.d,False,/home/bmeluch/NMDC/nom_processing/miesel_11_8bjf2432/raw/Miesel_60009_QC_SRFAII_20ppm_r1_26Jan23_Alder_300SA_IATp01_9076.d
Miesel_60009_22_SOAP_A_PRE_H2O_SPE_r1_26Jan23_Alder_300SA_IATp03_9057.d,/home/bmeluch/NMDC/nom_processing/miesel_11_8bjf2432/raw/Miesel_60009_22_SOAP_A_PRE_H2O_SPE_r1_26Jan23_Alder_300SA_IATp03_9057.d,False,/home/bmeluch/NMDC/nom_processing/miesel_11_8bjf2432/raw/Miesel_60009_QC_SRFAII_20ppm_r1_26Jan23_Alder_300SA_IATp01_9044.d
Miesel_60009_13_KONZ_A1_PRE_H2O_SPE_r1_26Jan23_Alder_300SA_IATp03_9070.d,/home/bmeluch/NMDC/nom_processing/miesel_11_8bjf2432/raw/Miesel_60009_13_KONZ_A1_PRE_H2O_SPE_r1_26Jan23_Alder_300SA_IATp03_9070.d,False,/home/bmeluch/NMDC/nom_processing/miesel_11_8bjf2432/raw/Miesel_60009_QC_SRFAII_20ppm_r1_26Jan23_Alder_300SA_IATp01_9044.d
Miesel_60009_21_SJER_A_PRE_Met_SPE_r2_300SA_IATp03_9597.d,/home/bmeluch/NMDC/nom_processing/miesel_11_8bjf2432/raw/Miesel_60009_21_SJER_A_PRE_Met_SPE_r2_300SA_IATp03_9597.d,False,/home/bmeluch/NMDC/nom_processing/miesel_11_8bjf2432/raw/Miesel_60009_QC_SRFAII_20ppm_10Feb23_Fir_300SA_IATp01_9585.d
Miesel_60009_52_NGPR_A_POST_MST_33_Met_SPE_r1_30Jan23_Fir_300SA_IATp03_9182.d,/home/bmeluch/NMDC/nom_processing/miesel_11_8bjf2432/raw/Miesel_60009_52_NGPR_A_POST_MST_33_Met_SPE_r1_30Jan23_Fir_300SA_IATp03_9182.d,False,/home/bmeluch/NMDC/nom_processing/miesel_11_8bjf2432/raw/Miesel_60009_QC_SRFAII_20ppm_r2_28Jan23_Fir_300SA_IATp01_9168.d
Miesel_60009_64_ABBY_A_POST_MSTplus5_33_H2O_SPE_r1_300SA_IATp03_9056.d,/home/bmeluch/NMDC/nom_processing/miesel_11_8bjf2432/raw/Miesel_60009_64_ABBY_A_POST_MSTplus5_33_H2O_SPE_r1_300SA_IATp03_9056.d,False,/home/bmeluch/NMDC/nom_processing/miesel_11_8bjf2432/raw/Miesel_60009_QC_SRFAII_20ppm_r1_26Jan23_Alder_300SA_IATp01_9044.d
Miesel_60009_67_BONA_Oea_POST_MSTplus5_33_Met_SPE_r1_300SA_IATp03_9181.d,/home/bmeluch/NMDC/nom_processing/miesel_11_8bjf2432/raw/Miesel_60009_67_BONA_Oea_POST_MSTplus5_33_Met_SPE_r1_300SA_IATp03_9181.d,False,/home/bmeluch/NMDC/nom_processing/miesel_11_8bjf2432/raw/Miesel_60009_QC_SRFAII_20ppm_r2_28Jan23_Fir_300SA_IATp01_9168.d
Miesel_60009_01_ABBY_A_PRE_Met_SPE_r1_300SA_IATp03_9286.d,/home/bmeluch/NMDC/nom_processing/miesel_11_8bjf2432/raw/Miesel_60009_01_ABBY_A_PRE_Met_SPE_r1_300SA_IATp03_9286.d,False,/home/bmeluch/NMDC/nom_processing/miesel_11_8bjf2432/raw/Miesel_60009_QC_SRFAII_20ppm_30Jan23_Fir_300SA_IATp01_9266.d
Miesel_60009_88_TREE_A1_POST_MSTplus5_33_Met_SPE_r1_300SA_IATp03_9276.d,/home/bmeluch/NMDC/nom_processing/miesel_11_8bjf2432/raw/Miesel_60009_88_TREE_A1_POST_MSTplus5_33_Met_SPE_r1_300SA_IATp03_9276.d,False,/home/bmeluch/NMDC/nom_processing/miesel_11_8bjf2432/raw/Miesel_60009_QC_SRFAII_20ppm_30Jan23_Fir_300SA_IATp01_9266.d
Miesel_60009_41_CLBJ_A1_POST_MST_33_H2O_SPE_r1_26Jan23_Alder_300SA_IATp03_9039.d,/home/bmeluch/NMDC/nom_processing/miesel_11_8bjf2432/raw/Miesel_60009_41_CLBJ_A1_POST_MST_33_H2O_SPE_r1_26Jan23_Alder_300SA_IATp03_9039.d,False,/home/bmeluch/NMDC/nom_processing/miesel_11_8bjf2432/raw/Miesel_60009_QC_SRFAII_20ppm_r1_26Jan23_Alder_300SA_IATp01_9014.d
Miesel_60009_26_UNDE_A_PRE_Met_SPE_r2_300SA_IATp03_9640.d,/home/bmeluch/NMDC/nom_processing/miesel_11_8bjf2432/raw/Miesel_60009_26_UNDE_A_PRE_Met_SPE_r2_300SA_IATp03_9640.d,False,/home/bmeluch/NMDC/nom_processing/miesel_11_8bjf2432/raw/Miesel_60009_QC_SRFAII_20ppm_10Feb23_Fir_300SA_IATp01_9617.d
Miesel_60009_69_CPER_A1_POST_MSTplus5_33_Met_SPE_r1_300SA_IATp03_9190.d,/home/bmeluch/NMDC/nom_processing/miesel_11_8bjf2432/raw/Miesel_60009_69_CPER_A1_POST_MSTplus5_33_Met_SPE_r1_300SA_IATp03_9190.d,False,/home/bmeluch/NMDC/nom_processing/miesel_11_8bjf2432/raw/Miesel_60009_QC_SRFAII_20ppm_r2_28Jan23_Fir_300SA_IATp01_9168.d
Miesel_60009_78_MOAB_A_POST_MSTplus5_33_Met_SPE_r2_300SA_IATp03_9624.d,/home/bmeluch/NMDC/nom_processing/miesel_11_8bjf2432/raw/Miesel_60009_78_MOAB_A_POST_MSTplus5_33_Met_SPE_r2_300SA_IATp03_9624.d,False,/home/bmeluch/NMDC/nom_processing/miesel_11_8bjf2432/raw/Miesel_60009_QC_SRFAII_20ppm_10Feb23_Fir_300SA_IATp01_9617.d
Miesel_60009_QC_SRFAII_20ppm_30Jan23_Fir_300SA_IATp01_9234.d,/home/bmeluch/NMDC/nom_processing/miesel_11_8bjf2432/raw/Miesel_60009_QC_SRFAII_20ppm_30Jan23_Fir_300SA_IATp01_9234.d,True,/home/bmeluch/NMDC/nom_processing/miesel_11_8bjf2432/raw/Miesel_60009_QC_SRFAII_20ppm_30Jan23_Fir_300SA_IATp01_9234.d
Miesel_60009_54_OSBS_A_POST_MST_33_H2O_SPE_r2_28Jan23_Alder_300SA_IATp03_9095.d,/home/bmeluch/NMDC/nom_processing/miesel_11_8bjf2432/raw/Miesel_60009_54_OSBS_A_POST_MST_33_H2O_SPE_r2_28Jan23_Alder_300SA_IATp03_9095.d,False,/home/bmeluch/NMDC/nom_processing/miesel_11_8bjf2432/raw/Miesel_60009_QC_SRFAII_20ppm_r1_26Jan23_Alder_300SA_IATp01_9076.d
Miesel_60009_57_SJER_A_POST_MST_33_Met_SPE_r1_30Jan23_Fir_300SA_IATp03_9240.d,/home/bmeluch/NMDC/nom_processing/miesel_11_8bjf2432/raw/Miesel_60009_57_SJER_A_POST_MST_33_Met_SPE_r1_30Jan23_Fir_300SA_IATp03_9240.d,False,/home/bmeluch/NMDC/nom_processing/miesel_11_8bjf2432/raw/Miesel_60009_QC_SRFAII_20ppm_30Jan23_Fir_300SA_IATp01_9235.d
Miesel_60009_58_SOAP_A_POST_MST_33_Met_SPE_r2_300SA_IATp03_9561.d,/home/bmeluch/NMDC/nom_processing/miesel_11_8bjf2432/raw/Miesel_60009_58_SOAP_A_POST_MST_33_Met_SPE_r2_300SA_IATp03_9561.d,False,/home/bmeluch/NMDC/nom_processing/miesel_11_8bjf2432/raw/Miesel_60009_QC_SRFAII_20ppm_30Jan23_Fir_300SA_IATp01_9389.d
Miesel_60009_10_GRSM_A_PRE_H2O_SPE_r1_26Jan23_Alder_300SA_IATp03_9050.d,/home/bmeluch/NMDC/nom_processing/miesel_11_8bjf2432/raw/Miesel_60009_10_GRSM_A_PRE_H2O_SPE_r1_26Jan23_Alder_300SA_IATp03_9050.d,False,/home/bmeluch/NMDC/nom_processing/miesel_11_8bjf2432/raw/Miesel_60009_QC_SRFAII_20ppm_r1_26Jan23_Alder_300SA_IATp01_9044.d
Miesel_60009_65_BARR_Oaf_POST_MSTplus5_33_H2O_SPE_r1_300SA_IATp03_9067.d,/home/bmeluch/NMDC/nom_processing/miesel_11_8bjf2432/raw/Miesel_60009_65_BARR_Oaf_POST_MSTplus5_33_H2O_SPE_r1_300SA_IATp03_9067.d,False,/home/bmeluch/NMDC/nom_processing/miesel_11_8bjf2432/raw/Miesel_60009_QC_SRFAII_20ppm_r1_26Jan23_Alder_300SA_IATp01_9044.d
Miesel_60009_02_BARR_Oaf_PRE_Met_SPE_r2_300SA_IATp03_9608.d,/home/bmeluch/NMDC/nom_processing/miesel_11_8bjf2432/raw/Miesel_60009_02_BARR_Oaf_PRE_Met_SPE_r2_300SA_IATp03_9608.d,False,/home/bmeluch/NMDC/nom_processing/miesel_11_8bjf2432/raw/Miesel_60009_QC_SRFAII_20ppm_10Feb23_Fir_300SA_IATp01_9585.d
Miesel_60009_07_DCFS_A1_PRE_Met_SPE_r2_300SA_IATp03_9588.d,/home/bmeluch/NMDC/nom_processing/miesel_11_8bjf2432/raw/Miesel_60009_07_DCFS_A1_PRE_Met_SPE_r2_300SA_IATp03_9588.d,False,/home/bmeluch/NMDC/nom_processing/miesel_11_8bjf2432/raw/Miesel_60009_QC_SRFAII_20ppm_10Feb23_Fir_300SA_IATp01_9585.d
Miesel_60009_45_DSNY_A_POST_MST_33_Met_SPE_r1_300SA_IATp03_9268.d,/home/bmeluch/NMDC/nom_processing/miesel_11_8bjf2432/raw/Miesel_60009_45_DSNY_A_POST_MST_33_Met_SPE_r1_300SA_IATp03_9268.d,False,/home/bmeluch/NMDC/nom_processing/miesel_11_8bjf2432/raw/Miesel_60009_QC_SRFAII_20ppm_30Jan23_Fir_300SA_IATp01_9266.d
Miesel_60009_59_STEI_A1_POST_MST_33_H2O_SPE_r2_28Jan23_Fir_300SA_IATp03_9156.d,/home/bmeluch/NMDC/nom_processing/miesel_11_8bjf2432/raw/Miesel_60009_59_STEI_A1_POST_MST_33_H2O_SPE_r2_28Jan23_Fir_300SA_IATp03_9156.d,False,/home/bmeluch/NMDC/nom_processing/miesel_11_8bjf2432/raw/Miesel_60009_QC_SRFAII_20ppm_r2_28Jan23_Fir_300SA_IATp01_9140.d
Miesel_60009_75_JORN_Ak_POST_MSTplus5_33_Met_SPE_r1_300SA_IATp03_9193.d,/home/bmeluch/NMDC/nom_processing/miesel_11_8bjf2432/raw/Miesel_60009_75_JORN_Ak_POST_MSTplus5_33_Met_SPE_r1_300SA_IATp03_9193.d,False,/home/bmeluch/NMDC/nom_processing/miesel_11_8bjf2432/raw/Miesel_60009_QC_SRFAII_20ppm_r2_28Jan23_Fir_300SA_IATp01_9168.d
Miesel_60009_62_UNDE_A_POST_MST_33_H2O_SPE_r1_26Jan23_Alder_300SA_IATp03_9046.d,/home/bmeluch/NMDC/nom_processing/miesel_11_8bjf2432/raw/Miesel_60009_62_UNDE_A_POST_MST_33_H2O_SPE_r1_26Jan23_Alder_300SA_IATp03_9046.d,False,/home/bmeluch/NMDC/nom_processing/miesel_11_8bjf2432/raw/Miesel_60009_QC_SRFAII_20ppm_r1_26Jan23_Alder_300SA_IATp01_9044.d
Miesel_60009_QC_SRFAII_20ppm_r1_26Jan23_Alder_300SA_IATp01_9044.d,/home/bmeluch/NMDC/nom_processing/miesel_11_8bjf2432/raw/Miesel_60009_QC_SRFAII_20ppm_r1_26Jan23_Alder_300SA_IATp01_9044.d,True,/home/bmeluch/NMDC/nom_processing/miesel_11_8bjf2432/raw/Miesel_60009_QC_SRFAII_20ppm_r1_26Jan23_Alder_300SA_IATp01_9044.d
Miesel_60009_03_BLAN_Ap1_PRE_Met_SPE_r2_300SA_IATp03_9556.d,/home/bmeluch/NMDC/nom_processing/miesel_11_8bjf2432/raw/Miesel_60009_03_BLAN_Ap1_PRE_Met_SPE_r2_300SA_IATp03_9556.d,False,/home/bmeluch/NMDC/nom_processing/miesel_11_8bjf2432/raw/Miesel_60009_QC_SRFAII_20ppm_30Jan23_Fir_300SA_IATp01_9389.d
Miesel_60009_84_SJER_A_POST_MSTplus5_33_H2O_SPE_r2_28Jan23_Fir_300SA_IATp03_9165.d,/home/bmeluch/NMDC/nom_processing/miesel_11_8bjf2432/raw/Miesel_60009_84_SJER_A_POST_MSTplus5_33_H2O_SPE_r2_28Jan23_Fir_300SA_IATp03_9165.d,False,/home/bmeluch/NMDC/nom_processing/miesel_11_8bjf2432/raw/Miesel_60009_QC_SRFAII_20ppm_r2_28Jan23_Fir_300SA_IATp01_9140.d
Miesel_60009_90_WREF_A1_POST_MSTplus5_33_Met_SPE_r2_300SA_IATp03_9592.d,/home/bmeluch/NMDC/nom_processing/miesel_11_8bjf2432/raw/Miesel_60009_90_WREF_A1_POST_MSTplus5_33_Met_SPE_r2_300SA_IATp03_9592.d,False,/home/bmeluch/NMDC/nom_processing/miesel_11_8bjf2432/raw/Miesel_60009_QC_SRFAII_20ppm_10Feb23_Fir_300SA_IATp01_9585.d
Miesel_60009_88_TREE_A1_POST_MSTplus5_33_H2O_SPE_r2_300SA_IATp03_9157.d,/home/bmeluch/NMDC/nom_processing/miesel_11_8bjf2432/raw/Miesel_60009_88_TREE_A1_POST_MSTplus5_33_H2O_SPE_r2_300SA_IATp03_9157.d,False,/home/bmeluch/NMDC/nom_processing/miesel_11_8bjf2432/raw/Miesel_60009_QC_SRFAII_20ppm_r2_28Jan23_Fir_300SA_IATp01_9140.d
Miesel_60009_QC_SRFAII_20ppm_r1_26Jan23_Alder_300SA_IATp01_9075.d,/home/bmeluch/NMDC/nom_processing/miesel_11_8bjf2432/raw/Miesel_60009_QC_SRFAII_20ppm_r1_26Jan23_Alder_300SA_IATp01_9075.d,True,/home/bmeluch/NMDC/nom_processing/miesel_11_8bjf2432/raw/Miesel_60009_QC_SRFAII_20ppm_r1_26Jan23_Alder_300SA_IATp01_9075.d
Miesel_60009_QC_SRFAII_20ppm_r1_26Jan23_Alder_300SA_IATp01_9076.d,/home/bmeluch/NMDC/nom_processing/miesel_11_8bjf2432/raw/Miesel_60009_QC_SRFAII_20ppm_r1_26Jan23_Alder_300SA_IATp01_9076.d,True,/home/bmeluch/NMDC/nom_processing/miesel_11_8bjf2432/raw/Miesel_60009_QC_SRFAII_20ppm_r1_26Jan23_Alder_300SA_IATp01_9076.d
Miesel_60009_04_BONA_Oea_PRE_Met_SPE_r1_300SA_IATp03_9250.d,/home/bmeluch/NMDC/nom_processing/miesel_11_8bjf2432/raw/Miesel_60009_04_BONA_Oea_PRE_Met_SPE_r1_300SA_IATp03_9250.d,False,/home/bmeluch/NMDC/nom_processing/miesel_11_8bjf2432/raw/Miesel_60009_QC_SRFAII_20ppm_30Jan23_Fir_300SA_IATp01_9235.d
Miesel_60009_06_CPER_A1_PRE_Met_SPE_r1_300SA_IATp03_9249.d,/home/bmeluch/NMDC/nom_processing/miesel_11_8bjf2432/raw/Miesel_60009_06_CPER_A1_PRE_Met_SPE_r1_300SA_IATp03_9249.d,False,/home/bmeluch/NMDC/nom_processing/miesel_11_8bjf2432/raw/Miesel_60009_QC_SRFAII_20ppm_30Jan23_Fir_300SA_IATp01_9235.d
Miesel_60009_48_JORN_Ak_POST_MST_33_Met_SPE_r1_300SA_IATp03_9287.d,/home/bmeluch/NMDC/nom_processing/miesel_11_8bjf2432/raw/Miesel_60009_48_JORN_Ak_POST_MST_33_Met_SPE_r1_300SA_IATp03_9287.d,False,/home/bmeluch/NMDC/nom_processing/miesel_11_8bjf2432/raw/Miesel_60009_QC_SRFAII_20ppm_30Jan23_Fir_300SA_IATp01_9266.d
Miesel_60009_53_NIWO_A_POST_MST_33_Met_SPE_r2_300SA_IATp03_9632.d,/home/bmeluch/NMDC/nom_processing/miesel_11_8bjf2432/raw/Miesel_60009_53_NIWO_A_POST_MST_33_Met_SPE_r2_300SA_IATp03_9632.d,False,/home/bmeluch/NMDC/nom_processing/miesel_11_8bjf2432/raw/Miesel_60009_QC_SRFAII_20ppm_10Feb23_Fir_300SA_IATp01_9617.d
Miesel_60009_27_WREF_A1_PRE_H2O_SPE_r2_28Jan23_Fir_300SA_IATp03_9107.d,/home/bmeluch/NMDC/nom_processing/miesel_11_8bjf2432/raw/Miesel_60009_27_WREF_A1_PRE_H2O_SPE_r2_28Jan23_Fir_300SA_IATp03_9107.d,False,/home/bmeluch/NMDC/nom_processing/miesel_11_8bjf2432/raw/Miesel_60009_QC_SRFAII_20ppm_r1_26Jan23_Alder_300SA_IATp01_9076.d
Miesel_60009_49_KONZ_A1_POST_MST_33_H2O_SPE_r2_28Jan23_Alder_300SA_IATp03_9105.d,/home/bmeluch/NMDC/nom_processing/miesel_11_8bjf2432/raw/Miesel_60009_49_KONZ_A1_POST_MST_33_H2O_SPE_r2_28Jan23_Alder_300SA_IATp03_9105.d,False,/home/bmeluch/NMDC/nom_processing/miesel_11_8bjf2432/raw/Miesel_60009_QC_SRFAII_20ppm_r1_26Jan23_Alder_300SA_IATp01_9076.d
Miesel_60009_61_TREE_A1_POST_MST_33_Met_SPE_r2_300SA_IATp03_9633.d,/home/bmeluch/NMDC/nom_processing/miesel_11_8bjf2432/raw/Miesel_60009_61_TREE_A1_POST_MST_33_Met_SPE_r2_300SA_IATp03_9633.d,False,/home/bmeluch/NMDC/nom_processing/miesel_11_8bjf2432/raw/Miesel_60009_QC_SRFAII_20ppm_10Feb23_Fir_300SA_IATp01_9617.d
Miesel_60009_QC_SRFAII_20ppm_r1_26Jan23_Alder_300SA_IATp01_9014.d,/home/bmeluch/NMDC/nom_processing/miesel_11_8bjf2432/raw/Miesel_60009_QC_SRFAII_20ppm_r1_26Jan23_Alder_300SA_IATp01_9014.d,True,/home/bmeluch/NMDC/nom_processing/miesel_11_8bjf2432/raw/Miesel_60009_QC_SRFAII_20ppm_r1_26Jan23_Alder_300SA_IATp01_9014.d
Miesel_60009_79_NGPR_A_POST_MSTplus5_33_Met_SPE_r1_300SA_IATp03_9259.d,/home/bmeluch/NMDC/nom_processing/miesel_11_8bjf2432/raw/Miesel_60009_79_NGPR_A_POST_MSTplus5_33_Met_SPE_r1_300SA_IATp03_9259.d,False,/home/bmeluch/NMDC/nom_processing/miesel_11_8bjf2432/raw/Miesel_60009_QC_SRFAII_20ppm_30Jan23_Fir_300SA_IATp01_9235.d
Miesel_60009_83_SERC_A_POST_MSTplus5_33_Met_SPE_r1_300SA_IATp03_9269.d,/home/bmeluch/NMDC/nom_processing/miesel_11_8bjf2432/raw/Miesel_60009_83_SERC_A_POST_MSTplus5_33_Met_SPE_r1_300SA_IATp03_9269.d,False,/home/bmeluch/NMDC/nom_processing/miesel_11_8bjf2432/raw/Miesel_60009_QC_SRFAII_20ppm_30Jan23_Fir_300SA_IATp01_9266.d
Miesel_60009_84_SJER_A_POST_MSTplus5_33_Met_SPE_r2_300SA_IATp03_9627.d,/home/bmeluch/NMDC/nom_processing/miesel_11_8bjf2432/raw/Miesel_60009_84_SJER_A_POST_MSTplus5_33_Met_SPE_r2_300SA_IATp03_9627.d,False,/home/bmeluch/NMDC/nom_processing/miesel_11_8bjf2432/raw/Miesel_60009_QC_SRFAII_20ppm_10Feb23_Fir_300SA_IATp01_9617.d
Miesel_60009_83_SERC_A_POST_MSTplus5_33_H2O_SPE_r2_300SA_IATp03_9099.d,/home/bmeluch/NMDC/nom_processing/miesel_11_8bjf2432/raw/Miesel_60009_83_SERC_A_POST_MSTplus5_33_H2O_SPE_r2_300SA_IATp03_9099.d,False,/home/bmeluch/NMDC/nom_processing/miesel_11_8bjf2432/raw/Miesel_60009_QC_SRFAII_20ppm_r1_26Jan23_Alder_300SA_IATp01_9076.d
Miesel_60009_14_MLBS_A_PRE_Met_SPE_r1_30Jan23_Fir_300SA_IATp03_9173.d,/home/bmeluch/NMDC/nom_processing/miesel_11_8bjf2432/raw/Miesel_60009_14_MLBS_A_PRE_Met_SPE_r1_30Jan23_Fir_300SA_IATp03_9173.d,False,/home/bmeluch/NMDC/nom_processing/miesel_11_8bjf2432/raw/Miesel_60009_QC_SRFAII_20ppm_r2_28Jan23_Fir_300SA_IATp01_9168.d
Miesel_60009_45_DSNY_A_POST_MST_33_Met_SPE_r2_300SA_IATp03_9566.d,/home/bmeluch/NMDC/nom_processing/miesel_11_8bjf2432/raw/Miesel_60009_45_DSNY_A_POST_MST_33_Met_SPE_r2_300SA_IATp03_9566.d,False,/home/bmeluch/NMDC/nom_processing/miesel_11_8bjf2432/raw/Miesel_60009_QC_SRFAII_20ppm_30Jan23_Fir_300SA_IATp01_9389.d
Miesel_60009_85_SOAP_A_POST_MSTplus5_33_Met_SPE_r1_300SA_IATp03_9275.d,/home/bmeluch/NMDC/nom_processing/miesel_11_8bjf2432/raw/Miesel_60009_85_SOAP_A_POST_MSTplus5_33_Met_SPE_r1_300SA_IATp03_9275.d,False,/home/bmeluch/NMDC/nom_processing/miesel_11_8bjf2432/raw/Miesel_60009_QC_SRFAII_20ppm_30Jan23_Fir_300SA_IATp01_9266.d
Miesel_60009_39_BLAN_Ap1_POST_MST_33_Met_SPE_r2_300SA_IATp03_9616.d,/home/bmeluch/NMDC/nom_processing/miesel_11_8bjf2432/raw/Miesel_60009_39_BLAN_Ap1_POST_MST_33_Met_SPE_r2_300SA_IATp03_9616.d,False,/home/bmeluch/NMDC/nom_processing/miesel_11_8bjf2432/raw/Miesel_60009_QC_SRFAII_20ppm_10Feb23_Fir_300SA_IATp01_9585.d
Miesel_60009_15_MOAB_A_PRE_Met_SPE_r2_300SA_IATp03_9643.d,/home/bmeluch/NMDC/nom_processing/miesel_11_8bjf2432/raw/Miesel_60009_15_MOAB_A_PRE_Met_SPE_r2_300SA_IATp03_9643.d,False,/home/bmeluch/NMDC/nom_processing/miesel_11_8bjf2432/raw/Miesel_60009_QC_SRFAII_20ppm_10Feb23_Fir_300SA_IATp01_9617.d
Miesel_60009_75_JORN_Ak_POST_MSTplus5_33_H2O_SPE_r1_300SA_IATp03_8989.d,/home/bmeluch/NMDC/nom_processing/miesel_11_8bjf2432/raw/Miesel_60009_75_JORN_Ak_POST_MSTplus5_33_H2O_SPE_r1_300SA_IATp03_8989.d,False,/home/bmeluch/NMDC/nom_processing/miesel_11_8bjf2432/raw/Miesel_60009_QC_SRFAII_20ppm_r1_26Jan23_Alder_300SA_IATp01_8983.d
Miesel_60009_49_KONZ_A1_POST_MST_33_Met_SPE_r2_300SA_IATp03_9573.d,/home/bmeluch/NMDC/nom_processing/miesel_11_8bjf2432/raw/Miesel_60009_49_KONZ_A1_POST_MST_33_Met_SPE_r2_300SA_IATp03_9573.d,False,/home/bmeluch/NMDC/nom_processing/miesel_11_8bjf2432/raw/Miesel_60009_QC_SRFAII_20ppm_30Jan23_Fir_300SA_IATp01_9389.d
Miesel_60009_QC_SRFAII_20ppm_30Jan23_Fir_300SA_IATp01_9266.d,/home/bmeluch/NMDC/nom_processing/miesel_11_8bjf2432/raw/Miesel_60009_QC_SRFAII_20ppm_30Jan23_Fir_300SA_IATp01_9266.d,True,/home/bmeluch/NMDC/nom_processing/miesel_11_8bjf2432/raw/Miesel_60009_QC_SRFAII_20ppm_30Jan23_Fir_300SA_IATp01_9266.d
Miesel_60009_QC_SRFAII_20ppm_10Feb23_Fir_300SA_IATp01_9645.d,/home/bmeluch/NMDC/nom_processing/miesel_11_8bjf2432/raw/Miesel_60009_QC_SRFAII_20ppm_10Feb23_Fir_300SA_IATp01_9645.d,True,/home/bmeluch/NMDC/nom_processing/miesel_11_8bjf2432/raw/Miesel_60009_QC_SRFAII_20ppm_10Feb23_Fir_300SA_IATp01_9645.d
Miesel_60009_50_MLBS_A_POST_MST_33_Met_SPE_r1_300SA_IATp03_9288.d,/home/bmeluch/NMDC/nom_processing/miesel_11_8bjf2432/raw/Miesel_60009_50_MLBS_A_POST_MST_33_Met_SPE_r1_300SA_IATp03_9288.d,False,/home/bmeluch/NMDC/nom_processing/miesel_11_8bjf2432/raw/Miesel_60009_QC_SRFAII_20ppm_30Jan23_Fir_300SA_IATp01_9266.d
Miesel_60009_QC_SRFAII_20ppm_30Jan23_Fir_300SA_IATp01_9296.d,/home/bmeluch/NMDC/nom_processing/miesel_11_8bjf2432/raw/Miesel_60009_QC_SRFAII_20ppm_30Jan23_Fir_300SA_IATp01_9296.d,True,/home/bmeluch/NMDC/nom_processing/miesel_11_8bjf2432/raw/Miesel_60009_QC_SRFAII_20ppm_30Jan23_Fir_300SA_IATp01_9296.d
Miesel_60009_86_STEI_A1_POST_MSTplus5_33_H2O_SPE_r2_300SA_IATp03_9129.d,/home/bmeluch/NMDC/nom_processing/miesel_11_8bjf2432/raw/Miesel_60009_86_STEI_A1_POST_MSTplus5_33_H2O_SPE_r2_300SA_IATp03_9129.d,False,/home/bmeluch/NMDC/nom_processing/miesel_11_8bjf2432/raw/Miesel_60009_QC_SRFAII_20ppm_r2_28Jan23_Fir_300SA_IATp01_9108.d
Miesel_60009_77_MLBS_A_POST_MSTplus5_33_H2O_SPE_r2_300SA_IATp03_9098.d,/home/bmeluch/NMDC/nom_processing/miesel_11_8bjf2432/raw/Miesel_60009_77_MLBS_A_POST_MSTplus5_33_H2O_SPE_r2_300SA_IATp03_9098.d,False,/home/bmeluch/NMDC/nom_processing/miesel_11_8bjf2432/raw/Miesel_60009_QC_SRFAII_20ppm_r1_26Jan23_Alder_300SA_IATp01_9076.d
Miesel_60009_11_HEAL_Oae_PRE_H2O_SPE_r2_28Jan23_Alder_300SA_IATp03_9093.d,/home/bmeluch/NMDC/nom_processing/miesel_11_8bjf2432/raw/Miesel_60009_11_HEAL_Oae_PRE_H2O_SPE_r2_28Jan23_Alder_300SA_IATp03_9093.d,False,/home/bmeluch/NMDC/nom_processing/miesel_11_8bjf2432/raw/Miesel_60009_QC_SRFAII_20ppm_r1_26Jan23_Alder_300SA_IATp01_9076.d
Miesel_60009_57_SJER_A_POST_MST_33_Met_SPE_r2_300SA_IATp03_9620.d,/home/bmeluch/NMDC/nom_processing/miesel_11_8bjf2432/raw/Miesel_60009_57_SJER_A_POST_MST_33_Met_SPE_r2_300SA_IATp03_9620.d,False,/home/bmeluch/NMDC/nom_processing/miesel_11_8bjf2432/raw/Miesel_60009_QC_SRFAII_20ppm_10Feb23_Fir_300SA_IATp01_9617.d
Miesel_60009_90_WREF_A1_POST_MSTplus5_33_H2O_SPE_r1_300SA_IATp03_9040.d,/home/bmeluch/NMDC/nom_processing/miesel_11_8bjf2432/raw/Miesel_60009_90_WREF_A1_POST_MSTplus5_33_H2O_SPE_r1_300SA_IATp03_9040.d,False,/home/bmeluch/NMDC/nom_processing/miesel_11_8bjf2432/raw/Miesel_60009_QC_SRFAII_20ppm_r1_26Jan23_Alder_300SA_IATp01_9014.d
Miesel_60009_82_RMNP_A1_POST_MSTplus5_33_H2O_SPE_r2_300SA_IATp03_9161.d,/home/bmeluch/NMDC/nom_processing/miesel_11_8bjf2432/raw/Miesel_60009_82_RMNP_A1_POST_MSTplus5_33_H2O_SPE_r2_300SA_IATp03_9161.d,False,/home/bmeluch/NMDC/nom_processing/miesel_11_8bjf2432/raw/Miesel_60009_QC_SRFAII_20ppm_r2_28Jan23_Fir_300SA_IATp01_9140.d
Miesel_60009_QC_SRFAII_20ppm_10Feb23_Fir_300SA_IATp01_9617.d,/home/bmeluch/NMDC/nom_processing/miesel_11_8bjf2432/raw/Miesel_60009_QC_SRFAII_20ppm_10Feb23_Fir_300SA_IATp01_9617.d,True,/home/bmeluch/NMDC/nom_processing/miesel_11_8bjf2432/raw/Miesel_60009_QC_SRFAII_20ppm_10Feb23_Fir_300SA_IATp01_9617.d
Miesel_60009_84_SJER_A_POST_MSTplus5_33_Met_SPE_r1_30Jan23_Fir_300SA_IATp03_9194.d,/home/bmeluch/NMDC/nom_processing/miesel_11_8bjf2432/raw/Miesel_60009_84_SJER_A_POST_MSTplus5_33_Met_SPE_r1_30Jan23_Fir_300SA_IATp03_9194.d,False,/home/bmeluch/NMDC/nom_processing/miesel_11_8bjf2432/raw/Miesel_60009_QC_SRFAII_20ppm_r2_28Jan23_Fir_300SA_IATp01_9168.d
Miesel_60009_75_JORN_Ak_POST_MSTplus5_33_Met_SPE_r2_300SA_IATp03_9611.d,/home/bmeluch/NMDC/nom_processing/miesel_11_8bjf2432/raw/Miesel_60009_75_JORN_Ak_POST_MSTplus5_33_Met_SPE_r2_300SA_IATp03_9611.d,False,/home/bmeluch/NMDC/nom_processing/miesel_11_8bjf2432/raw/Miesel_60009_QC_SRFAII_20ppm_10Feb23_Fir_300SA_IATp01_9585.d
Miesel_60009_08_DELA_A_PRE_H2O_SPE_r1_26Jan23_Alder_300SA_IATp03_9016.d,/home/bmeluch/NMDC/nom_processing/miesel_11_8bjf2432/raw/Miesel_60009_08_DELA_A_PRE_H2O_SPE_r1_26Jan23_Alder_300SA_IATp03_9016.d,False,/home/bmeluch/NMDC/nom_processing/miesel_11_8bjf2432/raw/Miesel_60009_QC_SRFAII_20ppm_r1_26Jan23_Alder_300SA_IATp01_9014.d
Miesel_60009_54_OSBS_A_POST_MST_33_Met_SPE_r2_300SA_IATp03_9637.d,/home/bmeluch/NMDC/nom_processing/miesel_11_8bjf2432/raw/Miesel_60009_54_OSBS_A_POST_MST_33_Met_SPE_r2_300SA_IATp03_9637.d,False,/home/bmeluch/NMDC/nom_processing/miesel_11_8bjf2432/raw/Miesel_60009_QC_SRFAII_20ppm_10Feb23_Fir_300SA_IATp01_9617.d
Miesel_60009_01_ABBY_A_PRE_H2O_SPE_r1_26Jan23_Alder_300SA_IATp03_9009.d,/home/bmeluch/NMDC/nom_processing/miesel_11_8bjf2432/raw/Miesel_60009_01_ABBY_A_PRE_H2O_SPE_r1_26Jan23_Alder_300SA_IATp03_9009.d,False,/home/bmeluch/NMDC/nom_processing/miesel_11_8bjf2432/raw/Miesel_60009_QC_SRFAII_20ppm_r1_26Jan23_Alder_300SA_IATp01_8983.d
Miesel_60009_19_RMNP_A1_PRE_Met_SPE_r2_300SA_IATp03_9584.d,/home/bmeluch/NMDC/nom_processing/miesel_11_8bjf2432/raw/Miesel_60009_19_RMNP_A1_PRE_Met_SPE_r2_300SA_IATp03_9584.d,False,/home/bmeluch/NMDC/nom_processing/miesel_11_8bjf2432/raw/Miesel_60009_QC_SRFAII_20ppm_30Jan23_Fir_300SA_IATp01_9389.d
Miesel_60009_22_SOAP_A_PRE_Met_SPE_r1_30Jan23_Fir_300SA_IATp03_9184.d,/home/bmeluch/NMDC/nom_processing/miesel_11_8bjf2432/raw/Miesel_60009_22_SOAP_A_PRE_Met_SPE_r1_30Jan23_Fir_300SA_IATp03_9184.d,False,/home/bmeluch/NMDC/nom_processing/miesel_11_8bjf2432/raw/Miesel_60009_QC_SRFAII_20ppm_r2_28Jan23_Fir_300SA_IATp01_9168.d
Miesel_60009_10_GRSM_A_PRE_H2O_SPE_r2_28Jan23_Fir_300SA_IATp03_9114.d,/home/bmeluch/NMDC/nom_processing/miesel_11_8bjf2432/raw/Miesel_60009_10_GRSM_A_PRE_H2O_SPE_r2_28Jan23_Fir_300SA_IATp03_9114.d,False,/home/bmeluch/NMDC/nom_processing/miesel_11_8bjf2432/raw/Miesel_60009_QC_SRFAII_20ppm_r2_28Jan23_Fir_300SA_IATp01_9108.d
Miesel_60009_06_CPER_A1_PRE_Met_SPE_r2_300SA_IATp03_9555.d,/home/bmeluch/NMDC/nom_processing/miesel_11_8bjf2432/raw/Miesel_60009_06_CPER_A1_PRE_Met_SPE_r2_300SA_IATp03_9555.d,False,/home/bmeluch/NMDC/nom_processing/miesel_11_8bjf2432/raw/Miesel_60009_QC_SRFAII_20ppm_30Jan23_Fir_300SA_IATp01_9389.d
Miesel_60009_46_GRSM_A_POST_MST_33_H2O_SPE_r1_26Jan23_Alder_300SA_IATp03_9028.d,/home/bmeluch/NMDC/nom_processing/miesel_11_8bjf2432/raw/Miesel_60009_46_GRSM_A_POST_MST_33_H2O_SPE_r1_26Jan23_Alder_300SA_IATp03_9028.d,False,/home/bmeluch/NMDC/nom_processing/miesel_11_8bjf2432/raw/Miesel_60009_QC_SRFAII_20ppm_r1_26Jan23_Alder_300SA_IATp01_9014.d
Miesel_60009_47_HEAL_Oae_POST_MST_33_Met_SPE_r1_300SA_IATp03_9283.d,/home/bmeluch/NMDC/nom_processing/miesel_11_8bjf2432/raw/Miesel_60009_47_HEAL_Oae_POST_MST_33_Met_SPE_r1_300SA_IATp03_9283.d,False,/home/bmeluch/NMDC/nom_processing/miesel_11_8bjf2432/raw/Miesel_60009_QC_SRFAII_20ppm_30Jan23_Fir_300SA_IATp01_9266.d
Miesel_60009_86_STEI_A1_POST_MSTplus5_33_H2O_SPE_r1_300SA_IATp03_8992.d,/home/bmeluch/NMDC/nom_processing/miesel_11_8bjf2432/raw/Miesel_60009_86_STEI_A1_POST_MSTplus5_33_H2O_SPE_r1_300SA_IATp03_8992.d,False,/home/bmeluch/NMDC/nom_processing/miesel_11_8bjf2432/raw/Miesel_60009_QC_SRFAII_20ppm_r1_26Jan23_Alder_300SA_IATp01_8983.d
Miesel_60009_01_ABBY_A_PRE_Met_SPE_r2_300SA_IATp03_9559.d,/home/bmeluch/NMDC/nom_processing/miesel_11_8bjf2432/raw/Miesel_60009_01_ABBY_A_PRE_Met_SPE_r2_300SA_IATp03_9559.d,False,/home/bmeluch/NMDC/nom_processing/miesel_11_8bjf2432/raw/Miesel_60009_QC_SRFAII_20ppm_30Jan23_Fir_300SA_IATp01_9389.d
Miesel_60009_66_BLAN_Ap1_POST_MSTplus5_33_Met_SPE_r2_300SA_IATp03_9558.d,/home/bmeluch/NMDC/nom_processing/miesel_11_8bjf2432/raw/Miesel_60009_66_BLAN_Ap1_POST_MSTplus5_33_Met_SPE_r2_300SA_IATp03_9558.d,False,/home/bmeluch/NMDC/nom_processing/miesel_11_8bjf2432/raw/Miesel_60009_QC_SRFAII_20ppm_30Jan23_Fir_300SA_IATp01_9389.d
Miesel_60009_10_GRSM_A_PRE_Met_SPE_r2_300SA_IATp03_9560.d,/home/bmeluch/NMDC/nom_processing/miesel_11_8bjf2432/raw/Miesel_60009_10_GRSM_A_PRE_Met_SPE_r2_300SA_IATp03_9560.d,False,/home/bmeluch/NMDC/nom_processing/miesel_11_8bjf2432/raw/Miesel_60009_QC_SRFAII_20ppm_30Jan23_Fir_300SA_IATp01_9389.d
Miesel_60009_77_MLBS_A_POST_MSTplus5_33_Met_SPE_r2_300SA_IATp03_9622.d,/home/bmeluch/NMDC/nom_processing/miesel_11_8bjf2432/raw/Miesel_60009_77_MLBS_A_POST_MSTplus5_33_Met_SPE_r2_300SA_IATp03_9622.d,False,/home/bmeluch/NMDC/nom_processing/miesel_11_8bjf2432/raw/Miesel_60009_QC_SRFAII_20ppm_10Feb23_Fir_300SA_IATp01_9617.d
Miesel_60009_59_STEI_A1_POST_MST_33_Met_SPE_r2_300SA_IATp03_9574.d,/home/bmeluch/NMDC/nom_processing/miesel_11_8bjf2432/raw/Miesel_60009_59_STEI_A1_POST_MST_33_Met_SPE_r2_300SA_IATp03_9574.d,False,/home/bmeluch/NMDC/nom_processing/miesel_11_8bjf2432/raw/Miesel_60009_QC_SRFAII_20ppm_30Jan23_Fir_300SA_IATp01_9389.d
Miesel_60009_56_SERC_A_POST_MST_33_Met_SPE_r1_300SA_IATp03_9284.d,/home/bmeluch/NMDC/nom_processing/miesel_11_8bjf2432/raw/Miesel_60009_56_SERC_A_POST_MST_33_Met_SPE_r1_300SA_IATp03_9284.d,False,/home/bmeluch/NMDC/nom_processing/miesel_11_8bjf2432/raw/Miesel_60009_QC_SRFAII_20ppm_30Jan23_Fir_300SA_IATp01_9266.d
Miesel_60009_73_GRSM_A_POST_MSTplus5_33_H2O_SPE_r2_28Jan23_Fir_300SA_IATp03_9144.d,/home/bmeluch/NMDC/nom_processing/miesel_11_8bjf2432/raw/Miesel_60009_73_GRSM_A_POST_MSTplus5_33_H2O_SPE_r2_28Jan23_Fir_300SA_IATp03_9144.d,False,/home/bmeluch/NMDC/nom_processing/miesel_11_8bjf2432/raw/Miesel_60009_QC_SRFAII_20ppm_r2_28Jan23_Fir_300SA_IATp01_9140.d
Miesel_60009_21_SJER_A_PRE_H2O_SPE_r2_28Jan23_Fir_300SA_IATp03_9137.d,/home/bmeluch/NMDC/nom_processing/miesel_11_8bjf2432/raw/Miesel_60009_21_SJER_A_PRE_H2O_SPE_r2_28Jan23_Fir_300SA_IATp03_9137.d,False,/home/bmeluch/NMDC/nom_processing/miesel_11_8bjf2432/raw/Miesel_60009_QC_SRFAII_20ppm_r2_28Jan23_Fir_300SA_IATp01_9108.d
Miesel_60009_04_BONA_Oea_PRE_Met_SPE_r2_300SA_IATp03_9596.d,/home/bmeluch/NMDC/nom_processing/miesel_11_8bjf2432/raw/Miesel_60009_04_BONA_Oea_PRE_Met_SPE_r2_300SA_IATp03_9596.d,False,/home/bmeluch/NMDC/nom_processing/miesel_11_8bjf2432/raw/Miesel_60009_QC_SRFAII_20ppm_10Feb23_Fir_300SA_IATp01_9585.d
Miesel_60009_QC_SRFAII_20ppm_r2_28Jan23_Fir_300SA_IATp01_9168.d,/home/bmeluch/NMDC/nom_processing/miesel_11_8bjf2432/raw/Miesel_60009_QC_SRFAII_20ppm_r2_28Jan23_Fir_300SA_IATp01_9168.d,True,/home/bmeluch/NMDC/nom_processing/miesel_11_8bjf2432/raw/Miesel_60009_QC_SRFAII_20ppm_r2_28Jan23_Fir_300SA_IATp01_9168.d
Miesel_60009_61_TREE_A1_POST_MST_33_H2O_SPE_r2_28Jan23_Fir_300SA_IATp03_9122.d,/home/bmeluch/NMDC/nom_processing/miesel_11_8bjf2432/raw/Miesel_60009_61_TREE_A1_POST_MST_33_H2O_SPE_r2_28Jan23_Fir_300SA_IATp03_9122.d,False,/home/bmeluch/NMDC/nom_processing/miesel_11_8bjf2432/raw/Miesel_60009_QC_SRFAII_20ppm_r2_28Jan23_Fir_300SA_IATp01_9108.d
Miesel_60009_24_TALL_A1_PRE_H2O_SPE_r1_26Jan23_Alder_300SA_IATp03_9043.d,/home/bmeluch/NMDC/nom_processing/miesel_11_8bjf2432/raw/Miesel_60009_24_TALL_A1_PRE_H2O_SPE_r1_26Jan23_Alder_300SA_IATp03_9043.d,False,/home/bmeluch/NMDC/nom_processing/miesel_11_8bjf2432/raw/Miesel_60009_QC_SRFAII_20ppm_r1_26Jan23_Alder_300SA_IATp01_9014.d
Miesel_60009_56_SERC_A_POST_MST_33_Met_SPE_r2_300SA_IATp03_9594.d,/home/bmeluch/NMDC/nom_processing/miesel_11_8bjf2432/raw/Miesel_60009_56_SERC_A_POST_MST_33_Met_SPE_r2_300SA_IATp03_9594.d,False,/home/bmeluch/NMDC/nom_processing/miesel_11_8bjf2432/raw/Miesel_60009_QC_SRFAII_20ppm_10Feb23_Fir_300SA_IATp01_9585.d
Miesel_60009_19_RMNP_A1_PRE_H2O_SPE_r1_26Jan23_Alder_300SA_IATp03_9032.d,/home/bmeluch/NMDC/nom_processing/miesel_11_8bjf2432/raw/Miesel_60009_19_RMNP_A1_PRE_H2O_SPE_r1_26Jan23_Alder_300SA_IATp03_9032.d,False,/home/bmeluch/NMDC/nom_processing/miesel_11_8bjf2432/raw/Miesel_60009_QC_SRFAII_20ppm_r1_26Jan23_Alder_300SA_IATp01_9014.d
Miesel_60009_QC_SRFAII_20ppm_10Feb23_Fir_300SA_IATp01_9585.d,/home/bmeluch/NMDC/nom_processing/miesel_11_8bjf2432/raw/Miesel_60009_QC_SRFAII_20ppm_10Feb23_Fir_300SA_IATp01_9585.d,True,/home/bmeluch/NMDC/nom_processing/miesel_11_8bjf2432/raw/Miesel_60009_QC_SRFAII_20ppm_10Feb23_Fir_300SA_IATp01_9585.d
Miesel_60009_89_UNDE_A_POST_MSTplus5_33_H2O_SPE_r2_28Jan23_Fir_300SA_IATp03_9124.d,/home/bmeluch/NMDC/nom_processing/miesel_11_8bjf2432/raw/Miesel_60009_89_UNDE_A_POST_MSTplus5_33_H2O_SPE_r2_28Jan23_Fir_300SA_IATp03_9124.d,False,/home/bmeluch/NMDC/nom_processing/miesel_11_8bjf2432/raw/Miesel_60009_QC_SRFAII_20ppm_r2_28Jan23_Fir_300SA_IATp01_9108.d
Miesel_60009_73_GRSM_A_POST_MSTplus5_33_H2O_SPE_r1_300SA_IATp03_9064.d,/home/bmeluch/NMDC/nom_processing/miesel_11_8bjf2432/raw/Miesel_60009_73_GRSM_A_POST_MSTplus5_33_H2O_SPE_r1_300SA_IATp03_9064.d,False,/home/bmeluch/NMDC/nom_processing/miesel_11_8bjf2432/raw/Miesel_60009_QC_SRFAII_20ppm_r1_26Jan23_Alder_300SA_IATp01_9044.d
Miesel_60009_QC_SRFAII_20ppm_r1_26Jan23_Alder_300SA_IATp01_8982.d,/home/bmeluch/NMDC/nom_processing/miesel_11_8bjf2432/raw/Miesel_60009_QC_SRFAII_20ppm_r1_26Jan23_Alder_300SA_IATp01_8982.d,True,/home/bmeluch/NMDC/nom_processing/miesel_11_8bjf2432/raw/Miesel_60009_QC_SRFAII_20ppm_r1_26Jan23_Alder_300SA_IATp01_8982.d
Miesel_60009_54_OSBS_A_POST_MST_33_Met_SPE_r1_300SA_IATp03_9253.d,/home/bmeluch/NMDC/nom_processing/miesel_11_8bjf2432/raw/Miesel_60009_54_OSBS_A_POST_MST_33_Met_SPE_r1_300SA_IATp03_9253.d,False,/home/bmeluch/NMDC/nom_processing/miesel_11_8bjf2432/raw/Miesel_60009_QC_SRFAII_20ppm_30Jan23_Fir_300SA_IATp01_9235.d
Miesel_60009_23_STEI_A1_PRE_Met_SPE_r2_300SA_IATp03_9623.d,/home/bmeluch/NMDC/nom_processing/miesel_11_8bjf2432/raw/Miesel_60009_23_STEI_A1_PRE_Met_SPE_r2_300SA_IATp03_9623.d,False,/home/bmeluch/NMDC/nom_processing/miesel_11_8bjf2432/raw/Miesel_60009_QC_SRFAII_20ppm_10Feb23_Fir_300SA_IATp01_9617.d
Miesel_60009_50_MLBS_A_POST_MST_33_H2O_SPE_r1_26Jan23_Alder_300SA_IATp03_9001.d,/home/bmeluch/NMDC/nom_processing/miesel_11_8bjf2432/raw/Miesel_60009_50_MLBS_A_POST_MST_33_H2O_SPE_r1_26Jan23_Alder_300SA_IATp03_9001.d,False,/home/bmeluch/NMDC/nom_processing/miesel_11_8bjf2432/raw/Miesel_60009_QC_SRFAII_20ppm_r1_26Jan23_Alder_300SA_IATp01_8983.d
Miesel_60009_18_OSBS_A_PRE_Met_SPE_r1_30Jan23_Fir_300SA_IATp03_9191.d,/home/bmeluch/NMDC/nom_processing/miesel_11_8bjf2432/raw/Miesel_60009_18_OSBS_A_PRE_Met_SPE_r1_30Jan23_Fir_300SA_IATp03_9191.d,False,/home/bmeluch/NMDC/nom_processing/miesel_11_8bjf2432/raw/Miesel_60009_QC_SRFAII_20ppm_r2_28Jan23_Fir_300SA_IATp01_9168.d
Miesel_60009_03_BLAN_Ap1_PRE_H2O_SPE_r1_26Jan23_Alder_300SA_IATp03_9027.d,/home/bmeluch/NMDC/nom_processing/miesel_11_8bjf2432/raw/Miesel_60009_03_BLAN_Ap1_PRE_H2O_SPE_r1_26Jan23_Alder_300SA_IATp03_9027.d,False,/home/bmeluch/NMDC/nom_processing/miesel_11_8bjf2432/raw/Miesel_60009_QC_SRFAII_20ppm_r1_26Jan23_Alder_300SA_IATp01_9014.d
Miesel_60009_52_NGPR_A_POST_MST_33_Met_SPE_r2_300SA_IATp03_9613.d,/home/bmeluch/NMDC/nom_processing/miesel_11_8bjf2432/raw/Miesel_60009_52_NGPR_A_POST_MST_33_Met_SPE_r2_300SA_IATp03_9613.d,False,/home/bmeluch/NMDC/nom_processing/miesel_11_8bjf2432/raw/Miesel_60009_QC_SRFAII_20ppm_10Feb23_Fir_300SA_IATp01_9585.d
Miesel_60009_80_NIWO_A_POST_MSTplus5_33_H2O_SPE_r2_28Jan23_Fir_300SA_IATp03_9110.d,/home/bmeluch/NMDC/nom_processing/miesel_11_8bjf2432/raw/Miesel_60009_80_NIWO_A_POST_MSTplus5_33_H2O_SPE_r2_28Jan23_Fir_300SA_IATp03_9110.d,False,/home/bmeluch/NMDC/nom_processing/miesel_11_8bjf2432/raw/Miesel_60009_QC_SRFAII_20ppm_r2_28Jan23_Fir_300SA_IATp01_9108.d
Miesel_60009_84_SJER_A_POST_MSTplus5_33_H2O_SPE_r1_300SA_IATp03_8998.d,/home/bmeluch/NMDC/nom_processing/miesel_11_8bjf2432/raw/Miesel_60009_84_SJER_A_POST_MSTplus5_33_H2O_SPE_r1_300SA_IATp03_8998.d,False,/home/bmeluch/NMDC/nom_processing/miesel_11_8bjf2432/raw/Miesel_60009_QC_SRFAII_20ppm_r1_26Jan23_Alder_300SA_IATp01_8983.d
Miesel_60009_55_RMNP_A1_POST_MST_33_Met_SPE_r2_300SA_IATp03_9577.d,/home/bmeluch/NMDC/nom_processing/miesel_11_8bjf2432/raw/Miesel_60009_55_RMNP_A1_POST_MST_33_Met_SPE_r2_300SA_IATp03_9577.d,False,/home/bmeluch/NMDC/nom_processing/miesel_11_8bjf2432/raw/Miesel_60009_QC_SRFAII_20ppm_30Jan23_Fir_300SA_IATp01_9389.d
Miesel_60009_62_UNDE_A_POST_MST_33_Met_SPE_r1_300SA_IATp03_9256.d,/home/bmeluch/NMDC/nom_processing/miesel_11_8bjf2432/raw/Miesel_60009_62_UNDE_A_POST_MST_33_Met_SPE_r1_300SA_IATp03_9256.d,False,/home/bmeluch/NMDC/nom_processing/miesel_11_8bjf2432/raw/Miesel_60009_QC_SRFAII_20ppm_30Jan23_Fir_300SA_IATp01_9235.d
Miesel_60009_63_WREF_A1_POST_MST_33_Met_SPE_r2_300SA_IATp03_9612.d,/home/bmeluch/NMDC/nom_processing/miesel_11_8bjf2432/raw/Miesel_60009_63_WREF_A1_POST_MST_33_Met_SPE_r2_300SA_IATp03_9612.d,False,/home/bmeluch/NMDC/nom_processing/miesel_11_8bjf2432/raw/Miesel_60009_QC_SRFAII_20ppm_10Feb23_Fir_300SA_IATp01_9585.d
Miesel_60009_69_CPER_A1_POST_MSTplus5_33_H2O_SPE_r2_300SA_IATp03_9153.d,/home/bmeluch/NMDC/nom_processing/miesel_11_8bjf2432/raw/Miesel_60009_69_CPER_A1_POST_MSTplus5_33_H2O_SPE_r2_300SA_IATp03_9153.d,False,/home/bmeluch/NMDC/nom_processing/miesel_11_8bjf2432/raw/Miesel_60009_QC_SRFAII_20ppm_r2_28Jan23_Fir_300SA_IATp01_9140.d
Miesel_60009_72_DSNY_A_POST_MSTplus5_33_Met_SPE_r2_300SA_IATp03_9626.d,/home/bmeluch/NMDC/nom_processing/miesel_11_8bjf2432/raw/Miesel_60009_72_DSNY_A_POST_MSTplus5_33_Met_SPE_r2_300SA_IATp03_9626.d,False,/home/bmeluch/NMDC/nom_processing/miesel_11_8bjf2432/raw/Miesel_60009_QC_SRFAII_20ppm_10Feb23_Fir_300SA_IATp01_9617.d
Miesel_60009_60_TALL_A1_POST_MST_33_H2O_SPE_r1_26Jan23_Alder_300SA_IATp03_9037.d,/home/bmeluch/NMDC/nom_processing/miesel_11_8bjf2432/raw/Miesel_60009_60_TALL_A1_POST_MST_33_H2O_SPE_r1_26Jan23_Alder_300SA_IATp03_9037.d,False,/home/bmeluch/NMDC/nom_processing/miesel_11_8bjf2432/raw/Miesel_60009_QC_SRFAII_20ppm_r1_26Jan23_Alder_300SA_IATp01_9014.d
Miesel_60009_10_GRSM_A_PRE_Met_SPE_r1_30Jan23_Fir_300SA_IATp03_9180.d,/home/bmeluch/NMDC/nom_processing/miesel_11_8bjf2432/raw/Miesel_60009_10_GRSM_A_PRE_Met_SPE_r1_30Jan23_Fir_300SA_IATp03_9180.d,False,/home/bmeluch/NMDC/nom_processing/miesel_11_8bjf2432/raw/Miesel_60009_QC_SRFAII_20ppm_r2_28Jan23_Fir_300SA_IATp01_9168.d
Miesel_60009_64_ABBY_A_POST_MSTplus5_33_H2O_SPE_r2_300SA_IATp03_9086.d,/home/bmeluch/NMDC/nom_processing/miesel_11_8bjf2432/raw/Miesel_60009_64_ABBY_A_POST_MSTplus5_33_H2O_SPE_r2_300SA_IATp03_9086.d,False,/home/bmeluch/NMDC/nom_processing/miesel_11_8bjf2432/raw/Miesel_60009_QC_SRFAII_20ppm_r1_26Jan23_Alder_300SA_IATp01_9076.d
Miesel_60009_81_OSBS_A_POST_MSTplus5_33_Met_SPE_r2_300SA_IATp03_9568.d,/home/bmeluch/NMDC/nom_processing/miesel_11_8bjf2432/raw/Miesel_60009_81_OSBS_A_POST_MSTplus5_33_Met_SPE_r2_300SA_IATp03_9568.d,False,/home/bmeluch/NMDC/nom_processing/miesel_11_8bjf2432/raw/Miesel_60009_QC_SRFAII_20ppm_30Jan23_Fir_300SA_IATp01_9389.d
Miesel_60009_18_OSBS_A_PRE_Met_SPE_r2_300SA_IATp03_9589.d,/home/bmeluch/NMDC/nom_processing/miesel_11_8bjf2432/raw/Miesel_60009_18_OSBS_A_PRE_Met_SPE_r2_300SA_IATp03_9589.d,False,/home/bmeluch/NMDC/nom_processing/miesel_11_8bjf2432/raw/Miesel_60009_QC_SRFAII_20ppm_10Feb23_Fir_300SA_IATp01_9585.d
Miesel_60009_04_BONA_Oea_PRE_H2O_SPE_r1_26Jan23_Alder_300SA_IATp03_9004.d,/home/bmeluch/NMDC/nom_processing/miesel_11_8bjf2432/raw/Miesel_60009_04_BONA_Oea_PRE_H2O_SPE_r1_26Jan23_Alder_300SA_IATp03_9004.d,False,/home/bmeluch/NMDC/nom_processing/miesel_11_8bjf2432/raw/Miesel_60009_QC_SRFAII_20ppm_r1_26Jan23_Alder_300SA_IATp01_8983.d
Miesel_60009_85_SOAP_A_POST_MSTplus5_33_H2O_SPE_r2_28Jan23_Fir_300SA_IATp03_9166.d,/home/bmeluch/NMDC/nom_processing/miesel_11_8bjf2432/raw/Miesel_60009_85_SOAP_A_POST_MSTplus5_33_H2O_SPE_r2_28Jan23_Fir_300SA_IATp03_9166.d,False,/home/bmeluch/NMDC/nom_processing/miesel_11_8bjf2432/raw/Miesel_60009_QC_SRFAII_20ppm_r2_28Jan23_Fir_300SA_IATp01_9140.d
Miesel_60009_76_KONZ_A1_POST_MSTplus5_33_H2O_SPE_r1_300SA_IATp03_9065.d,/home/bmeluch/NMDC/nom_processing/miesel_11_8bjf2432/raw/Miesel_60009_76_KONZ_A1_POST_MSTplus5_33_H2O_SPE_r1_300SA_IATp03_9065.d,False,/home/bmeluch/NMDC/nom_processing/miesel_11_8bjf2432/raw/Miesel_60009_QC_SRFAII_20ppm_r1_26Jan23_Alder_300SA_IATp01_9044.d
Miesel_60009_60_TALL_A1_POST_MST_33_Met_SPE_r2_300SA_IATp03_9600.d,/home/bmeluch/NMDC/nom_processing/miesel_11_8bjf2432/raw/Miesel_60009_60_TALL_A1_POST_MST_33_Met_SPE_r2_300SA_IATp03_9600.d,False,/home/bmeluch/NMDC/nom_processing/miesel_11_8bjf2432/raw/Miesel_60009_QC_SRFAII_20ppm_10Feb23_Fir_300SA_IATp01_9585.d
Miesel_60009_62_UNDE_A_POST_MST_33_Met_SPE_r2_300SA_IATp03_9634.d,/home/bmeluch/NMDC/nom_processing/miesel_11_8bjf2432/raw/Miesel_60009_62_UNDE_A_POST_MST_33_Met_SPE_r2_300SA_IATp03_9634.d,False,/home/bmeluch/NMDC/nom_processing/miesel_11_8bjf2432/raw/Miesel_60009_QC_SRFAII_20ppm_10Feb23_Fir_300SA_IATp01_9617.d
Miesel_60009_18_OSBS_A_PRE_H2O_SPE_r1_26Jan23_Alder_300SA_IATp03_9054.d,/home/bmeluch/NMDC/nom_processing/miesel_11_8bjf2432/raw/Miesel_60009_18_OSBS_A_PRE_H2O_SPE_r1_26Jan23_Alder_300SA_IATp03_9054.d,False,/home/bmeluch/NMDC/nom_processing/miesel_11_8bjf2432/raw/Miesel_60009_QC_SRFAII_20ppm_r1_26Jan23_Alder_300SA_IATp01_9044.d
Miesel_60009_68_CLBJ_A1_POST_MSTplus5_33_Met_SPE_r1_300SA_IATp03_9254.d,/home/bmeluch/NMDC/nom_processing/miesel_11_8bjf2432/raw/Miesel_60009_68_CLBJ_A1_POST_MSTplus5_33_Met_SPE_r1_300SA_IATp03_9254.d,False,/home/bmeluch/NMDC/nom_processing/miesel_11_8bjf2432/raw/Miesel_60009_QC_SRFAII_20ppm_30Jan23_Fir_300SA_IATp01_9235.d
Miesel_60009_48_JORN_Ak_POST_MST_33_H2O_SPE_r2_28Jan23_Fir_300SA_IATp03_9112.d,/home/bmeluch/NMDC/nom_processing/miesel_11_8bjf2432/raw/Miesel_60009_48_JORN_Ak_POST_MST_33_H2O_SPE_r2_28Jan23_Fir_300SA_IATp03_9112.d,False,/home/bmeluch/NMDC/nom_processing/miesel_11_8bjf2432/raw/Miesel_60009_QC_SRFAII_20ppm_r2_28Jan23_Fir_300SA_IATp01_9108.d
Miesel_60009_78_MOAB_A_POST_MSTplus5_33_Met_SPE_r1_300SA_IATp03_9295.d,/home/bmeluch/NMDC/nom_processing/miesel_11_8bjf2432/raw/Miesel_60009_78_MOAB_A_POST_MSTplus5_33_Met_SPE_r1_300SA_IATp03_9295.d,False,/home/bmeluch/NMDC/nom_processing/miesel_11_8bjf2432/raw/Miesel_60009_QC_SRFAII_20ppm_30Jan23_Fir_300SA_IATp01_9266.d
Miesel_60009_26_UNDE_A_PRE_H2O_SPE_r2_28Jan23_Fir_300SA_IATp03_9155.d,/home/bmeluch/NMDC/nom_processing/miesel_11_8bjf2432/raw/Miesel_60009_26_UNDE_A_PRE_H2O_SPE_r2_28Jan23_Fir_300SA_IATp03_9155.d,False,/home/bmeluch/NMDC/nom_processing/miesel_11_8bjf2432/raw/Miesel_60009_QC_SRFAII_20ppm_r2_28Jan23_Fir_300SA_IATp01_9140.d
Miesel_60009_51_MOAB_A_POST_MST_33_H2O_SPE_r2_28Jan23_Fir_300SA_IATp03_9115.d,/home/bmeluch/NMDC/nom_processing/miesel_11_8bjf2432/raw/Miesel_60009_51_MOAB_A_POST_MST_33_H2O_SPE_r2_28Jan23_Fir_300SA_IATp03_9115.d,False,/home/bmeluch/NMDC/nom_processing/miesel_11_8bjf2432/raw/Miesel_60009_QC_SRFAII_20ppm_r2_28Jan23_Fir_300SA_IATp01_9108.d
Miesel_60009_70_DCFS_A1_POST_MSTplus5_33_H2O_SPE_r1_300SA_IATp03_9074.d,/home/bmeluch/NMDC/nom_processing/miesel_11_8bjf2432/raw/Miesel_60009_70_DCFS_A1_POST_MSTplus5_33_H2O_SPE_r1_300SA_IATp03_9074.d,False,/home/bmeluch/NMDC/nom_processing/miesel_11_8bjf2432/raw/Miesel_60009_QC_SRFAII_20ppm_r1_26Jan23_Alder_300SA_IATp01_9044.d
Miesel_60009_58_SOAP_A_POST_MST_33_Met_SPE_r1_30Jan23_Fir_300SA_IATp03_9242.d,/home/bmeluch/NMDC/nom_processing/miesel_11_8bjf2432/raw/Miesel_60009_58_SOAP_A_POST_MST_33_Met_SPE_r1_30Jan23_Fir_300SA_IATp03_9242.d,False,/home/bmeluch/NMDC/nom_processing/miesel_11_8bjf2432/raw/Miesel_60009_QC_SRFAII_20ppm_30Jan23_Fir_300SA_IATp01_9235.d
Miesel_60009_69_CPER_A1_POST_MSTplus5_33_Met_SPE_r2_300SA_IATp03_9599.d,/home/bmeluch/NMDC/nom_processing/miesel_11_8bjf2432/raw/Miesel_60009_69_CPER_A1_POST_MSTplus5_33_Met_SPE_r2_300SA_IATp03_9599.d,False,/home/bmeluch/NMDC/nom_processing/miesel_11_8bjf2432/raw/Miesel_60009_QC_SRFAII_20ppm_10Feb23_Fir_300SA_IATp01_9585.d
Miesel_60009_12_JORN_Ak_PRE_Met_SPE_r1_300SA_IATp03_9273.d,/home/bmeluch/NMDC/nom_processing/miesel_11_8bjf2432/raw/Miesel_60009_12_JORN_Ak_PRE_Met_SPE_r1_300SA_IATp03_9273.d,False,/home/bmeluch/NMDC/nom_processing/miesel_11_8bjf2432/raw/Miesel_60009_QC_SRFAII_20ppm_30Jan23_Fir_300SA_IATp01_9266.d
Miesel_60009_77_MLBS_A_POST_MSTplus5_33_Met_SPE_r1_300SA_IATp03_9388.d,/home/bmeluch/NMDC/nom_processing/miesel_11_8bjf2432/raw/Miesel_60009_77_MLBS_A_POST_MSTplus5_33_Met_SPE_r1_300SA_IATp03_9388.d,False,/home/bmeluch/NMDC/nom_processing/miesel_11_8bjf2432/raw/Miesel_60009_QC_SRFAII_20ppm_30Jan23_Fir_300SA_IATp01_9360.d
Miesel_60009_80_NIWO_A_POST_MSTplus5_33_H2O_SPE_r1_300SA_IATp03_9073.d,/home/bmeluch/NMDC/nom_processing/miesel_11_8bjf2432/raw/Miesel_60009_80_NIWO_A_POST_MSTplus5_33_H2O_SPE_r1_300SA_IATp03_9073.d,False,/home/bmeluch/NMDC/nom_processing/miesel_11_8bjf2432/raw/Miesel_60009_QC_SRFAII_20ppm_r1_26Jan23_Alder_300SA_IATp01_9044.d
Miesel_60009_QC_SRFAII_20ppm_30Jan23_Fir_300SA_IATp01_9235.d,/home/bmeluch/NMDC/nom_processing/miesel_11_8bjf2432/raw/Miesel_60009_QC_SRFAII_20ppm_30Jan23_Fir_300SA_IATp01_9235.d,True,/home/bmeluch/NMDC/nom_processing/miesel_11_8bjf2432/raw/Miesel_60009_QC_SRFAII_20ppm_30Jan23_Fir_300SA_IATp01_9235.d
Miesel_60009_68_CLBJ_A1_POST_MSTplus5_33_Met_SPE_r2_300SA_IATp03_9591.d,/home/bmeluch/NMDC/nom_processing/miesel_11_8bjf2432/raw/Miesel_60009_68_CLBJ_A1_POST_MSTplus5_33_Met_SPE_r2_300SA_IATp03_9591.d,False,/home/bmeluch/NMDC/nom_processing/miesel_11_8bjf2432/raw/Miesel_60009_QC_SRFAII_20ppm_10Feb23_Fir_300SA_IATp01_9585.d
Miesel_60009_68_CLBJ_A1_POST_MSTplus5_33_H2O_SPE_r1_26Jan23_IATp03_9000.d,/home/bmeluch/NMDC/nom_processing/miesel_11_8bjf2432/raw/Miesel_60009_68_CLBJ_A1_POST_MSTplus5_33_H2O_SPE_r1_26Jan23_IATp03_9000.d,False,/home/bmeluch/NMDC/nom_processing/miesel_11_8bjf2432/raw/Miesel_60009_QC_SRFAII_20ppm_r1_26Jan23_Alder_300SA_IATp01_8983.d
Miesel_60009_43_DCFS_A1_POST_MST_33_H2O_SPE_r2_28Jan23_Alder_300SA_IATp03_9080.d,/home/bmeluch/NMDC/nom_processing/miesel_11_8bjf2432/raw/Miesel_60009_43_DCFS_A1_POST_MST_33_H2O_SPE_r2_28Jan23_Alder_300SA_IATp03_9080.d,False,/home/bmeluch/NMDC/nom_processing/miesel_11_8bjf2432/raw/Miesel_60009_QC_SRFAII_20ppm_r1_26Jan23_Alder_300SA_IATp01_9076.d
Miesel_60009_79_NGPR_A_POST_MSTplus5_33_Met_SPE_r2_300SA_IATp03_9567.d,/home/bmeluch/NMDC/nom_processing/miesel_11_8bjf2432/raw/Miesel_60009_79_NGPR_A_POST_MSTplus5_33_Met_SPE_r2_300SA_IATp03_9567.d,False,/home/bmeluch/NMDC/nom_processing/miesel_11_8bjf2432/raw/Miesel_60009_QC_SRFAII_20ppm_30Jan23_Fir_300SA_IATp01_9389.d
Miesel_60009_24_TALL_A1_PRE_Met_SPE_r1_30Jan23_Fir_300SA_IATp03_9241.d,/home/bmeluch/NMDC/nom_processing/miesel_11_8bjf2432/raw/Miesel_60009_24_TALL_A1_PRE_Met_SPE_r1_30Jan23_Fir_300SA_IATp03_9241.d,False,/home/bmeluch/NMDC/nom_processing/miesel_11_8bjf2432/raw/Miesel_60009_QC_SRFAII_20ppm_30Jan23_Fir_300SA_IATp01_9235.d
Miesel_60009_87_TALL_A1_POST_MSTplus5_33_H2O_SPE_r1_300SA_IATp03_9058.d,/home/bmeluch/NMDC/nom_processing/miesel_11_8bjf2432/raw/Miesel_60009_87_TALL_A1_POST_MSTplus5_33_H2O_SPE_r1_300SA_IATp03_9058.d,False,/home/bmeluch/NMDC/nom_processing/miesel_11_8bjf2432/raw/Miesel_60009_QC_SRFAII_20ppm_r1_26Jan23_Alder_300SA_IATp01_9044.d
Miesel_60009_40_BONA_Oea_POST_MST_33_Met_SPE_r2_300SA_IATp03_9605.d,/home/bmeluch/NMDC/nom_processing/miesel_11_8bjf2432/raw/Miesel_60009_40_BONA_Oea_POST_MST_33_Met_SPE_r2_300SA_IATp03_9605.d,False,/home/bmeluch/NMDC/nom_processing/miesel_11_8bjf2432/raw/Miesel_60009_QC_SRFAII_20ppm_10Feb23_Fir_300SA_IATp01_9585.d
Miesel_60009_73_GRSM_A_POST_MSTplus5_33_Met_SPE_r1_30Jan23_Fir_300SA_IATp03_9237.d,/home/bmeluch/NMDC/nom_processing/miesel_11_8bjf2432/raw/Miesel_60009_73_GRSM_A_POST_MSTplus5_33_Met_SPE_r1_30Jan23_Fir_300SA_IATp03_9237.d,False,/home/bmeluch/NMDC/nom_processing/miesel_11_8bjf2432/raw/Miesel_60009_QC_SRFAII_20ppm_30Jan23_Fir_300SA_IATp01_9235.d
Miesel_60009_11_HEAL_Oae_PRE_H2O_SPE_r1_26Jan23_Alder_300SA_IATp03_8999.d,/home/bmeluch/NMDC/nom_processing/miesel_11_8bjf2432/raw/Miesel_60009_11_HEAL_Oae_PRE_H2O_SPE_r1_26Jan23_Alder_300SA_IATp03_8999.d,False,/home/bmeluch/NMDC/nom_processing/miesel_11_8bjf2432/raw/Miesel_60009_QC_SRFAII_20ppm_r1_26Jan23_Alder_300SA_IATp01_8983.d
Miesel_60009_87_TALL_A1_POST_MSTplus5_33_H2O_SPE_r2_300SA_IATp03_9146.d,/home/bmeluch/NMDC/nom_processing/miesel_11_8bjf2432/raw/Miesel_60009_87_TALL_A1_POST_MSTplus5_33_H2O_SPE_r2_300SA_IATp03_9146.d,False,/home/bmeluch/NMDC/nom_processing/miesel_11_8bjf2432/raw/Miesel_60009_QC_SRFAII_20ppm_r2_28Jan23_Fir_300SA_IATp01_9140.d
Miesel_60009_06_CPER_A1_PRE_H2O_SPE_r2_28Jan23_Fir_300SA_IATp03_9120.d,/home/bmeluch/NMDC/nom_processing/miesel_11_8bjf2432/raw/Miesel_60009_06_CPER_A1_PRE_H2O_SPE_r2_28Jan23_Fir_300SA_IATp03_9120.d,False,/home/bmeluch/NMDC/nom_processing/miesel_11_8bjf2432/raw/Miesel_60009_QC_SRFAII_20ppm_r2_28Jan23_Fir_300SA_IATp01_9108.d
Miesel_60009_56_SERC_A_POST_MST_33_H2O_SPE_r2_28Jan23_Fir_300SA_IATp03_9164.d,/home/bmeluch/NMDC/nom_processing/miesel_11_8bjf2432/raw/Miesel_60009_56_SERC_A_POST_MST_33_H2O_SPE_r2_28Jan23_Fir_300SA_IATp03_9164.d,False,/home/bmeluch/NMDC/nom_processing/miesel_11_8bjf2432/raw/Miesel_60009_QC_SRFAII_20ppm_r2_28Jan23_Fir_300SA_IATp01_9140.d
Miesel_60009_85_SOAP_A_POST_MSTplus5_33_Met_SPE_r2_300SA_IATp03_9615.d,/home/bmeluch/NMDC/nom_processing/miesel_11_8bjf2432/raw/Miesel_60009_85_SOAP_A_POST_MSTplus5_33_Met_SPE_r2_300SA_IATp03_9615.d,False,/home/bmeluch/NMDC/nom_processing/miesel_11_8bjf2432/raw/Miesel_60009_QC_SRFAII_20ppm_10Feb23_Fir_300SA_IATp01_9585.d
Miesel_60009_27_WREF_A1_PRE_Met_SPE_r1_300SA_IATp03_9277.d,/home/bmeluch/NMDC/nom_processing/miesel_11_8bjf2432/raw/Miesel_60009_27_WREF_A1_PRE_Met_SPE_r1_300SA_IATp03_9277.d,False,/home/bmeluch/NMDC/nom_processing/miesel_11_8bjf2432/raw/Miesel_60009_QC_SRFAII_20ppm_30Jan23_Fir_300SA_IATp01_9266.d
Miesel_60009_81_OSBS_A_POST_MSTplus5_33_H2O_SPE_r1_300SA_IATp03_8991.d,/home/bmeluch/NMDC/nom_processing/miesel_11_8bjf2432/raw/Miesel_60009_81_OSBS_A_POST_MSTplus5_33_H2O_SPE_r1_300SA_IATp03_8991.d,False,/home/bmeluch/NMDC/nom_processing/miesel_11_8bjf2432/raw/Miesel_60009_QC_SRFAII_20ppm_r1_26Jan23_Alder_300SA_IATp01_8983.d
Miesel_60009_42_CPER_A1_POST_MST_33_H2O_SPE_r1_26Jan23_Alder_300SA_IATp03_9011.d,/home/bmeluch/NMDC/nom_processing/miesel_11_8bjf2432/raw/Miesel_60009_42_CPER_A1_POST_MST_33_H2O_SPE_r1_26Jan23_Alder_300SA_IATp03_9011.d,False,/home/bmeluch/NMDC/nom_processing/miesel_11_8bjf2432/raw/Miesel_60009_QC_SRFAII_20ppm_r1_26Jan23_Alder_300SA_IATp01_8983.d
Miesel_60009_83_SERC_A_POST_MSTplus5_33_H2O_SPE_r1_300SA_IATp03_8986.d,/home/bmeluch/NMDC/nom_processing/miesel_11_8bjf2432/raw/Miesel_60009_83_SERC_A_POST_MSTplus5_33_H2O_SPE_r1_300SA_IATp03_8986.d,False,/home/bmeluch/NMDC/nom_processing/miesel_11_8bjf2432/raw/Miesel_60009_QC_SRFAII_20ppm_r1_26Jan23_Alder_300SA_IATp01_8983.d
Miesel_60009_38_BARR_Oaf_POST_MST_33_H2O_SPE_r1_26Jan23_Alder_300SA_IATp03_9053.d,/home/bmeluch/NMDC/nom_processing/miesel_11_8bjf2432/raw/Miesel_60009_38_BARR_Oaf_POST_MST_33_H2O_SPE_r1_26Jan23_Alder_300SA_IATp03_9053.d,False,/home/bmeluch/NMDC/nom_processing/miesel_11_8bjf2432/raw/Miesel_60009_QC_SRFAII_20ppm_r1_26Jan23_Alder_300SA_IATp01_9044.d
Miesel_60009_82_RMNP_A1_POST_MSTplus5_33_Met_SPE_r1_300SA_IATp03_9263.d,/home/bmeluch/NMDC/nom_processing/miesel_11_8bjf2432/raw/Miesel_60009_82_RMNP_A1_POST_MSTplus5_33_Met_SPE_r1_300SA_IATp03_9263.d,False,/home/bmeluch/NMDC/nom_processing/miesel_11_8bjf2432/raw/Miesel_60009_QC_SRFAII_20ppm_30Jan23_Fir_300SA_IATp01_9235.d
Miesel_60009_13_KONZ_A1_PRE_Met_SPE_r2_300SA_IATp03_9593.d,/home/bmeluch/NMDC/nom_processing/miesel_11_8bjf2432/raw/Miesel_60009_13_KONZ_A1_PRE_Met_SPE_r2_300SA_IATp03_9593.d,False,/home/bmeluch/NMDC/nom_processing/miesel_11_8bjf2432/raw/Miesel_60009_QC_SRFAII_20ppm_10Feb23_Fir_300SA_IATp01_9585.d
Miesel_60009_51_MOAB_A_POST_MST_33_Met_SPE_r1_30Jan23_Fir_300SA_IATp03_9171.d,/home/bmeluch/NMDC/nom_processing/miesel_11_8bjf2432/raw/Miesel_60009_51_MOAB_A_POST_MST_33_Met_SPE_r1_30Jan23_Fir_300SA_IATp03_9171.d,False,/home/bmeluch/NMDC/nom_processing/miesel_11_8bjf2432/raw/Miesel_60009_QC_SRFAII_20ppm_r2_28Jan23_Fir_300SA_IATp01_9168.d
Miesel_60009_23_STEI_A1_PRE_H2O_SPE_r2_28Jan23_Alder_300SA_IATp03_9094.d,/home/bmeluch/NMDC/nom_processing/miesel_11_8bjf2432/raw/Miesel_60009_23_STEI_A1_PRE_H2O_SPE_r2_28Jan23_Alder_300SA_IATp03_9094.d,False,/home/bmeluch/NMDC/nom_processing/miesel_11_8bjf2432/raw/Miesel_60009_QC_SRFAII_20ppm_r1_26Jan23_Alder_300SA_IATp01_9076.d
Miesel_60009_49_KONZ_A1_POST_MST_33_Met_SPE_r1_300SA_IATp03_9293.d,/home/bmeluch/NMDC/nom_processing/miesel_11_8bjf2432/raw/Miesel_60009_49_KONZ_A1_POST_MST_33_Met_SPE_r1_300SA_IATp03_9293.d,False,/home/bmeluch/NMDC/nom_processing/miesel_11_8bjf2432/raw/Miesel_60009_QC_SRFAII_20ppm_30Jan23_Fir_300SA_IATp01_9266.d
Miesel_60009_QC_SRFAII_20ppm_r2_28Jan23_Fir_300SA_IATp01_9108.d,/home/bmeluch/NMDC/nom_processing/miesel_11_8bjf2432/raw/Miesel_60009_QC_SRFAII_20ppm_r2_28Jan23_Fir_300SA_IATp01_9108.d,True,/home/bmeluch/NMDC/nom_processing/miesel_11_8bjf2432/raw/Miesel_60009_QC_SRFAII_20ppm_r2_28Jan23_Fir_300SA_IATp01_9108.d
Miesel_60009_08_DELA_A_PRE_H2O_SPE_r2_28Jan23_Alder_300SA_IATp03_9087.d,/home/bmeluch/NMDC/nom_processing/miesel_11_8bjf2432/raw/Miesel_60009_08_DELA_A_PRE_H2O_SPE_r2_28Jan23_Alder_300SA_IATp03_9087.d,False,/home/bmeluch/NMDC/nom_processing/miesel_11_8bjf2432/raw/Miesel_60009_QC_SRFAII_20ppm_r1_26Jan23_Alder_300SA_IATp01_9076.d
Miesel_60009_67_BONA_Oea_POST_MSTplus5_33_Met_SPE_r2_300SA_IATp03_9644.d,/home/bmeluch/NMDC/nom_processing/miesel_11_8bjf2432/raw/Miesel_60009_67_BONA_Oea_POST_MSTplus5_33_Met_SPE_r2_300SA_IATp03_9644.d,False,/home/bmeluch/NMDC/nom_processing/miesel_11_8bjf2432/raw/Miesel_60009_QC_SRFAII_20ppm_10Feb23_Fir_300SA_IATp01_9617.d
Miesel_60009_14_MLBS_A_PRE_H2O_SPE_r2_28Jan23_Fir_300SA_IATp03_9128.d,/home/bmeluch/NMDC/nom_processing/miesel_11_8bjf2432/raw/Miesel_60009_14_MLBS_A_PRE_H2O_SPE_r2_28Jan23_Fir_300SA_IATp03_9128.d,False,/home/bmeluch/NMDC/nom_processing/miesel_11_8bjf2432/raw/Miesel_60009_QC_SRFAII_20ppm_r2_28Jan23_Fir_300SA_IATp01_9108.d
Miesel_60009_81_OSBS_A_POST_MSTplus5_33_Met_SPE_r1_300SA_IATp03_9282.d,/home/bmeluch/NMDC/nom_processing/miesel_11_8bjf2432/raw/Miesel_60009_81_OSBS_A_POST_MSTplus5_33_Met_SPE_r1_300SA_IATp03_9282.d,False,/home/bmeluch/NMDC/nom_processing/miesel_11_8bjf2432/raw/Miesel_60009_QC_SRFAII_20ppm_30Jan23_Fir_300SA_IATp01_9266.d
Miesel_60009_66_BLAN_Ap1_POST_MSTplus5_33_H2O_SPE_r2_300SA_IATp03_9158.d,/home/bmeluch/NMDC/nom_processing/miesel_11_8bjf2432/raw/Miesel_60009_66_BLAN_Ap1_POST_MSTplus5_33_H2O_SPE_r2_300SA_IATp03_9158.d,False,/home/bmeluch/NMDC/nom_processing/miesel_11_8bjf2432/raw/Miesel_60009_QC_SRFAII_20ppm_r2_28Jan23_Fir_300SA_IATp01_9140.d
Miesel_60009_25_TREE_A1_PRE_H2O_SPE_r1_26Jan23_Alder_300SA_IATp03_9029.d,/home/bmeluch/NMDC/nom_processing/miesel_11_8bjf2432/raw/Miesel_60009_25_TREE_A1_PRE_H2O_SPE_r1_26Jan23_Alder_300SA_IATp03_9029.d,False,/home/bmeluch/NMDC/nom_processing/miesel_11_8bjf2432/raw/Miesel_60009_QC_SRFAII_20ppm_r1_26Jan23_Alder_300SA_IATp01_9014.d
Miesel_60009_21_SJER_A_PRE_Met_SPE_r1_300SA_IATp03_9251.d,/home/bmeluch/NMDC/nom_processing/miesel_11_8bjf2432/raw/Miesel_60009_21_SJER_A_PRE_Met_SPE_r1_300SA_IATp03_9251.d,False,/home/bmeluch/NMDC/nom_processing/miesel_11_8bjf2432/raw/Miesel_60009_QC_SRFAII_20ppm_30Jan23_Fir_300SA_IATp01_9235.d
Miesel_60009_76_KONZ_A1_POST_MSTplus5_33_H2O_SPE_r2_300SA_IATp03_9101.d,/home/bmeluch/NMDC/nom_processing/miesel_11_8bjf2432/raw/Miesel_60009_76_KONZ_A1_POST_MSTplus5_33_H2O_SPE_r2_300SA_IATp03_9101.d,False,/home/bmeluch/NMDC/nom_processing/miesel_11_8bjf2432/raw/Miesel_60009_QC_SRFAII_20ppm_r1_26Jan23_Alder_300SA_IATp01_9076.d
Miesel_60009_09_DSNY_A_PRE_Met_SPE_r1_300SA_IATp03_9248.d,/home/bmeluch/NMDC/nom_processing/miesel_11_8bjf2432/raw/Miesel_60009_09_DSNY_A_PRE_Met_SPE_r1_300SA_IATp03_9248.d,False,/home/bmeluch/NMDC/nom_processing/miesel_11_8bjf2432/raw/Miesel_60009_QC_SRFAII_20ppm_30Jan23_Fir_300SA_IATp01_9235.d
Miesel_60009_74_HEAL_Oae_POST_MSTplus5_33_Met_SPE_r1_300SA_IATp03_9186.d,/home/bmeluch/NMDC/nom_processing/miesel_11_8bjf2432/raw/Miesel_60009_74_HEAL_Oae_POST_MSTplus5_33_Met_SPE_r1_300SA_IATp03_9186.d,False,/home/bmeluch/NMDC/nom_processing/miesel_11_8bjf2432/raw/Miesel_60009_QC_SRFAII_20ppm_r2_28Jan23_Fir_300SA_IATp01_9168.d
Miesel_60009_16_NGPR_A_PRE_Met_SPE_r2_300SA_IATp03_9603.d,/home/bmeluch/NMDC/nom_processing/miesel_11_8bjf2432/raw/Miesel_60009_16_NGPR_A_PRE_Met_SPE_r2_300SA_IATp03_9603.d,False,/home/bmeluch/NMDC/nom_processing/miesel_11_8bjf2432/raw/Miesel_60009_QC_SRFAII_20ppm_10Feb23_Fir_300SA_IATp01_9585.d
Miesel_60009_03_BLAN_Ap1_PRE_H2O_SPE_r2_28Jan23_Alder_300SA_IATp03_9092.d,/home/bmeluch/NMDC/nom_processing/miesel_11_8bjf2432/raw/Miesel_60009_03_BLAN_Ap1_PRE_H2O_SPE_r2_28Jan23_Alder_300SA_IATp03_9092.d,False,/home/bmeluch/NMDC/nom_processing/miesel_11_8bjf2432/raw/Miesel_60009_QC_SRFAII_20ppm_r1_26Jan23_Alder_300SA_IATp01_9076.d
Miesel_60009_81_OSBS_A_POST_MSTplus5_33_H2O_SPE_r2_28Jan23_Fir_300SA_IATp03_9125.d,/home/bmeluch/NMDC/nom_processing/miesel_11_8bjf2432/raw/Miesel_60009_81_OSBS_A_POST_MSTplus5_33_H2O_SPE_r2_28Jan23_Fir_300SA_IATp03_9125.d,False,/home/bmeluch/NMDC/nom_processing/miesel_11_8bjf2432/raw/Miesel_60009_QC_SRFAII_20ppm_r2_28Jan23_Fir_300SA_IATp01_9108.d
Miesel_60009_48_JORN_Ak_POST_MST_33_Met_SPE_r2_300SA_IATp03_9614.d,/home/bmeluch/NMDC/nom_processing/miesel_11_8bjf2432/raw/Miesel_60009_48_JORN_Ak_POST_MST_33_Met_SPE_r2_300SA_IATp03_9614.d,False,/home/bmeluch/NMDC/nom_processing/miesel_11_8bjf2432/raw/Miesel_60009_QC_SRFAII_20ppm_10Feb23_Fir_300SA_IATp01_9585.d
Miesel_60009_46_GRSM_A_POST_MST_33_H2O_SPE_r2_28Jan23_Fir_300SA_IATp03_9152.d,/home/bmeluch/NMDC/nom_processing/miesel_11_8bjf2432/raw/Miesel_60009_46_GRSM_A_POST_MST_33_H2O_SPE_r2_28Jan23_Fir_300SA_IATp03_9152.d,False,/home/bmeluch/NMDC/nom_processing/miesel_11_8bjf2432/raw/Miesel_60009_QC_SRFAII_20ppm_r2_28Jan23_Fir_300SA_IATp01_9140.d
Miesel_60009_11_HEAL_Oae_PRE_Met_SPE_r1_300SA_IATp03_9285.d,/home/bmeluch/NMDC/nom_processing/miesel_11_8bjf2432/raw/Miesel_60009_11_HEAL_Oae_PRE_Met_SPE_r1_300SA_IATp03_9285.d,False,/home/bmeluch/NMDC/nom_processing/miesel_11_8bjf2432/raw/Miesel_60009_QC_SRFAII_20ppm_30Jan23_Fir_300SA_IATp01_9266.d
Miesel_60009_11_HEAL_Oae_PRE_Met_SPE_r2_300SA_IATp03_9631.d,/home/bmeluch/NMDC/nom_processing/miesel_11_8bjf2432/raw/Miesel_60009_11_HEAL_Oae_PRE_Met_SPE_r2_300SA_IATp03_9631.d,False,/home/bmeluch/NMDC/nom_processing/miesel_11_8bjf2432/raw/Miesel_60009_QC_SRFAII_20ppm_10Feb23_Fir_300SA_IATp01_9617.d
Miesel_60009_26_UNDE_A_PRE_Met_SPE_r1_300SA_IATp03_9279.d,/home/bmeluch/NMDC/nom_processing/miesel_11_8bjf2432/raw/Miesel_60009_26_UNDE_A_PRE_Met_SPE_r1_300SA_IATp03_9279.d,False,/home/bmeluch/NMDC/nom_processing/miesel_11_8bjf2432/raw/Miesel_60009_QC_SRFAII_20ppm_30Jan23_Fir_300SA_IATp01_9266.d
Miesel_60009_07_DCFS_A1_PRE_Met_SPE_r1_300SA_IATp03_9255.d,/home/bmeluch/NMDC/nom_processing/miesel_11_8bjf2432/raw/Miesel_60009_07_DCFS_A1_PRE_Met_SPE_r1_300SA_IATp03_9255.d,False,/home/bmeluch/NMDC/nom_processing/miesel_11_8bjf2432/raw/Miesel_60009_QC_SRFAII_20ppm_30Jan23_Fir_300SA_IATp01_9235.d
Miesel_60009_12_JORN_Ak_PRE_Met_SPE_r2_300SA_IATp03_9610.d,/home/bmeluch/NMDC/nom_processing/miesel_11_8bjf2432/raw/Miesel_60009_12_JORN_Ak_PRE_Met_SPE_r2_300SA_IATp03_9610.d,False,/home/bmeluch/NMDC/nom_processing/miesel_11_8bjf2432/raw/Miesel_60009_QC_SRFAII_20ppm_10Feb23_Fir_300SA_IATp01_9585.d
Miesel_60009_38_BARR_Oaf_POST_MST_33_Met_SPE_r2_300SA_IATp03_9635.d,/home/bmeluch/NMDC/nom_processing/miesel_11_8bjf2432/raw/Miesel_60009_38_BARR_Oaf_POST_MST_33_Met_SPE_r2_300SA_IATp03_9635.d,False,/home/bmeluch/NMDC/nom_processing/miesel_11_8bjf2432/raw/Miesel_60009_QC_SRFAII_20ppm_10Feb23_Fir_300SA_IATp01_9617.d
Miesel_60009_25_TREE_A1_PRE_Met_SPE_r1_300SA_IATp03_9292.d,/home/bmeluch/NMDC/nom_processing/miesel_11_8bjf2432/raw/Miesel_60009_25_TREE_A1_PRE_Met_SPE_r1_300SA_IATp03_9292.d,False,/home/bmeluch/NMDC/nom_processing/miesel_11_8bjf2432/raw/Miesel_60009_QC_SRFAII_20ppm_30Jan23_Fir_300SA_IATp01_9266.d
Miesel_60009_67_BONA_Oea_POST_MSTplus5_33_H2O_SPE_r1_300SA_IATp03_9036.d,/home/bmeluch/NMDC/nom_processing/miesel_11_8bjf2432/raw/Miesel_60009_67_BONA_Oea_POST_MSTplus5_33_H2O_SPE_r1_300SA_IATp03_9036.d,False,/home/bmeluch/NMDC/nom_processing/miesel_11_8bjf2432/raw/Miesel_60009_QC_SRFAII_20ppm_r1_26Jan23_Alder_300SA_IATp01_9014.d
Miesel_60009_47_HEAL_Oae_POST_MST_33_H2O_SPE_r1_26Jan23_Alder_300SA_IATp03_9007.d,/home/bmeluch/NMDC/nom_processing/miesel_11_8bjf2432/raw/Miesel_60009_47_HEAL_Oae_POST_MST_33_H2O_SPE_r1_26Jan23_Alder_300SA_IATp03_9007.d,False,/home/bmeluch/NMDC/nom_processing/miesel_11_8bjf2432/raw/Miesel_60009_QC_SRFAII_20ppm_r1_26Jan23_Alder_300SA_IATp01_8983.d
Miesel_60009_14_MLBS_A_PRE_Met_SPE_r2_300SA_IATp03_9628.d,/home/bmeluch/NMDC/nom_processing/miesel_11_8bjf2432/raw/Miesel_60009_14_MLBS_A_PRE_Met_SPE_r2_300SA_IATp03_9628.d,False,/home/bmeluch/NMDC/nom_processing/miesel_11_8bjf2432/raw/Miesel_60009_QC_SRFAII_20ppm_10Feb23_Fir_300SA_IATp01_9617.d
Miesel_60009_02_BARR_Oaf_PRE_H2O_SPE_r1_26Jan23_Alder_300SA_IATp03_9049.d,/home/bmeluch/NMDC/nom_processing/miesel_11_8bjf2432/raw/Miesel_60009_02_BARR_Oaf_PRE_H2O_SPE_r1_26Jan23_Alder_300SA_IATp03_9049.d,False,/home/bmeluch/NMDC/nom_processing/miesel_11_8bjf2432/raw/Miesel_60009_QC_SRFAII_20ppm_r1_26Jan23_Alder_300SA_IATp01_9044.d
Miesel_60009_15_MOAB_A_PRE_H2O_SPE_r1_26Jan23_Alder_300SA_IATp03_9018.d,/home/bmeluch/NMDC/nom_processing/miesel_11_8bjf2432/raw/Miesel_60009_15_MOAB_A_PRE_H2O_SPE_r1_26Jan23_Alder_300SA_IATp03_9018.d,False,/home/bmeluch/NMDC/nom_processing/miesel_11_8bjf2432/raw/Miesel_60009_QC_SRFAII_20ppm_r1_26Jan23_Alder_300SA_IATp01_9014.d
Miesel_60009_47_HEAL_Oae_POST_MST_33_H2O_SPE_r2_28Jan23_Fir_300SA_IATp03_9135.d,/home/bmeluch/NMDC/nom_processing/miesel_11_8bjf2432/raw/Miesel_60009_47_HEAL_Oae_POST_MST_33_H2O_SPE_r2_28Jan23_Fir_300SA_IATp03_9135.d,False,/home/bmeluch/NMDC/nom_processing/miesel_11_8bjf2432/raw/Miesel_60009_QC_SRFAII_20ppm_r2_28Jan23_Fir_300SA_IATp01_9108.d
Miesel_60009_17_NIWO_A_PRE_Met_SPE_r1_300SA_IATp03_9294.d,/home/bmeluch/NMDC/nom_processing/miesel_11_8bjf2432/raw/Miesel_60009_17_NIWO_A_PRE_Met_SPE_r1_300SA_IATp03_9294.d,False,/home/bmeluch/NMDC/nom_processing/miesel_11_8bjf2432/raw/Miesel_60009_QC_SRFAII_20ppm_30Jan23_Fir_300SA_IATp01_9266.d
Miesel_60009_69_CPER_A1_POST_MSTplus5_33_H2O_SPE_r1_300SA_IATp03_8995.d,/home/bmeluch/NMDC/nom_processing/miesel_11_8bjf2432/raw/Miesel_60009_69_CPER_A1_POST_MSTplus5_33_H2O_SPE_r1_300SA_IATp03_8995.d,False,/home/bmeluch/NMDC/nom_processing/miesel_11_8bjf2432/raw/Miesel_60009_QC_SRFAII_20ppm_r1_26Jan23_Alder_300SA_IATp01_8983.d
Miesel_60009_24_TALL_A1_PRE_H2O_SPE_r2_28Jan23_Fir_300SA_IATp03_9131.d,/home/bmeluch/NMDC/nom_processing/miesel_11_8bjf2432/raw/Miesel_60009_24_TALL_A1_PRE_H2O_SPE_r2_28Jan23_Fir_300SA_IATp03_9131.d,False,/home/bmeluch/NMDC/nom_processing/miesel_11_8bjf2432/raw/Miesel_60009_QC_SRFAII_20ppm_r2_28Jan23_Fir_300SA_IATp01_9108.d
Miesel_60009_89_UNDE_A_POST_MSTplus5_33_H2O_SPE_r1_300SA_IATp03_9063.d,/home/bmeluch/NMDC/nom_processing/miesel_11_8bjf2432/raw/Miesel_60009_89_UNDE_A_POST_MSTplus5_33_H2O_SPE_r1_300SA_IATp03_9063.d,False,/home/bmeluch/NMDC/nom_processing/miesel_11_8bjf2432/raw/Miesel_60009_QC_SRFAII_20ppm_r1_26Jan23_Alder_300SA_IATp01_9044.d
Miesel_60009_25_TREE_A1_PRE_H2O_SPE_r2_28Jan23_Fir_300SA_IATp03_9162.d,/home/bmeluch/NMDC/nom_processing/miesel_11_8bjf2432/raw/Miesel_60009_25_TREE_A1_PRE_H2O_SPE_r2_28Jan23_Fir_300SA_IATp03_9162.d,False,/home/bmeluch/NMDC/nom_processing/miesel_11_8bjf2432/raw/Miesel_60009_QC_SRFAII_20ppm_r2_28Jan23_Fir_300SA_IATp01_9140.d
Miesel_60009_17_NIWO_A_PRE_H2O_SPE_r2_28Jan23_Alder_300SA_IATp03_9104.d,/home/bmeluch/NMDC/nom_processing/miesel_11_8bjf2432/raw/Miesel_60009_17_NIWO_A_PRE_H2O_SPE_r2_28Jan23_Alder_300SA_IATp03_9104.d,False,/home/bmeluch/NMDC/nom_processing/miesel_11_8bjf2432/raw/Miesel_60009_QC_SRFAII_20ppm_r1_26Jan23_Alder_300SA_IATp01_9076.d
Miesel_60009_52_NGPR_A_POST_MST_33_H2O_SPE_r2_28Jan23_Fir_300SA_IATp03_9167.d,/home/bmeluch/NMDC/nom_processing/miesel_11_8bjf2432/raw/Miesel_60009_52_NGPR_A_POST_MST_33_H2O_SPE_r2_28Jan23_Fir_300SA_IATp03_9167.d,False,/home/bmeluch/NMDC/nom_processing/miesel_11_8bjf2432/raw/Miesel_60009_QC_SRFAII_20ppm_r2_28Jan23_Fir_300SA_IATp01_9140.d
Miesel_60009_09_DSNY_A_PRE_Met_SPE_r2_300SA_IATp03_9625.d,/home/bmeluch/NMDC/nom_processing/miesel_11_8bjf2432/raw/Miesel_60009_09_DSNY_A_PRE_Met_SPE_r2_300SA_IATp03_9625.d,False,/home/bmeluch/NMDC/nom_processing/miesel_11_8bjf2432/raw/Miesel_60009_QC_SRFAII_20ppm_10Feb23_Fir_300SA_IATp01_9617.d
Miesel_60009_76_KONZ_A1_POST_MSTplus5_33_Met_SPE_r1_300SA_IATp03_9272.d,/home/bmeluch/NMDC/nom_processing/miesel_11_8bjf2432/raw/Miesel_60009_76_KONZ_A1_POST_MSTplus5_33_Met_SPE_r1_300SA_IATp03_9272.d,False,/home/bmeluch/NMDC/nom_processing/miesel_11_8bjf2432/raw/Miesel_60009_QC_SRFAII_20ppm_30Jan23_Fir_300SA_IATp01_9266.d
Miesel_60009_64_ABBY_A_POST_MSTplus5_33_Met_SPE_r2_300SA_IATp03_9563.d,/home/bmeluch/NMDC/nom_processing/miesel_11_8bjf2432/raw/Miesel_60009_64_ABBY_A_POST_MSTplus5_33_Met_SPE_r2_300SA_IATp03_9563.d,False,/home/bmeluch/NMDC/nom_processing/miesel_11_8bjf2432/raw/Miesel_60009_QC_SRFAII_20ppm_30Jan23_Fir_300SA_IATp01_9389.d
Miesel_60009_44_DELA_A_POST_MST_33_H2O_SPE_r1_26Jan23_Alder_300SA_IATp03_9061.d,/home/bmeluch/NMDC/nom_processing/miesel_11_8bjf2432/raw/Miesel_60009_44_DELA_A_POST_MST_33_H2O_SPE_r1_26Jan23_Alder_300SA_IATp03_9061.d,False,/home/bmeluch/NMDC/nom_processing/miesel_11_8bjf2432/raw/Miesel_60009_QC_SRFAII_20ppm_r1_26Jan23_Alder_300SA_IATp01_9044.d
Miesel_60009_38_BARR_Oaf_POST_MST_33_Met_SPE_r1_30Jan23_Fir_300SA_IATp03_9183.d,/home/bmeluch/NMDC/nom_processing/miesel_11_8bjf2432/raw/Miesel_60009_38_BARR_Oaf_POST_MST_33_Met_SPE_r1_30Jan23_Fir_300SA_IATp03_9183.d,False,/home/bmeluch/NMDC/nom_processing/miesel_11_8bjf2432/raw/Miesel_60009_QC_SRFAII_20ppm_r2_28Jan23_Fir_300SA_IATp01_9168.d
Miesel_60009_20_SERC_A_PRE_Met_SPE_r2_300SA_IATp03_9629.d,/home/bmeluch/NMDC/nom_processing/miesel_11_8bjf2432/raw/Miesel_60009_20_SERC_A_PRE_Met_SPE_r2_300SA_IATp03_9629.d,False,/home/bmeluch/NMDC/nom_processing/miesel_11_8bjf2432/raw/Miesel_60009_QC_SRFAII_20ppm_10Feb23_Fir_300SA_IATp01_9617.d
Miesel_60009_23_STEI_A1_PRE_Met_SPE_r1_30Jan23_Fir_300SA_IATp03_9192.d,/home/bmeluch/NMDC/nom_processing/miesel_11_8bjf2432/raw/Miesel_60009_23_STEI_A1_PRE_Met_SPE_r1_30Jan23_Fir_300SA_IATp03_9192.d,False,/home/bmeluch/NMDC/nom_processing/miesel_11_8bjf2432/raw/Miesel_60009_QC_SRFAII_20ppm_r2_28Jan23_Fir_300SA_IATp01_9168.d
Miesel_60009_60_TALL_A1_POST_MST_33_H2O_SPE_r2_28Jan23_Fir_300SA_IATp03_9127.d,/home/bmeluch/NMDC/nom_processing/miesel_11_8bjf2432/raw/Miesel_60009_60_TALL_A1_POST_MST_33_H2O_SPE_r2_28Jan23_Fir_300SA_IATp03_9127.d,False,/home/bmeluch/NMDC/nom_processing/miesel_11_8bjf2432/raw/Miesel_60009_QC_SRFAII_20ppm_r2_28Jan23_Fir_300SA_IATp01_9108.d
Miesel_60009_40_BONA_Oea_POST_MST_33_H2O_SPE_r2_28Jan23_Alder_300SA_IATp03_9078.d,/home/bmeluch/NMDC/nom_processing/miesel_11_8bjf2432/raw/Miesel_60009_40_BONA_Oea_POST_MST_33_H2O_SPE_r2_28Jan23_Alder_300SA_IATp03_9078.d,False,/home/bmeluch/NMDC/nom_processing/miesel_11_8bjf2432/raw/Miesel_60009_QC_SRFAII_20ppm_r1_26Jan23_Alder_300SA_IATp01_9076.d
Miesel_60009_42_CPER_A1_POST_MST_33_H2O_SPE_r2_28Jan23_Alder_300SA_IATp03_9097.d,/home/bmeluch/NMDC/nom_processing/miesel_11_8bjf2432/raw/Miesel_60009_42_CPER_A1_POST_MST_33_H2O_SPE_r2_28Jan23_Alder_300SA_IATp03_9097.d,False,/home/bmeluch/NMDC/nom_processing/miesel_11_8bjf2432/raw/Miesel_60009_QC_SRFAII_20ppm_r1_26Jan23_Alder_300SA_IATp01_9076.d
Miesel_60009_54_OSBS_A_POST_MST_33_H2O_SPE_r1_26Jan23_Alder_300SA_IATp03_9003.d,/home/bmeluch/NMDC/nom_processing/miesel_11_8bjf2432/raw/Miesel_60009_54_OSBS_A_POST_MST_33_H2O_SPE_r1_26Jan23_Alder_300SA_IATp03_9003.d,False,/home/bmeluch/NMDC/nom_processing/miesel_11_8bjf2432/raw/Miesel_60009_QC_SRFAII_20ppm_r1_26Jan23_Alder_300SA_IATp01_8983.d
Miesel_60009_82_RMNP_A1_POST_MSTplus5_33_Met_SPE_r2_300SA_IATp03_9575.d,/home/bmeluch/NMDC/nom_processing/miesel_11_8bjf2432/raw/Miesel_60009_82_RMNP_A1_POST_MSTplus5_33_Met_SPE_r2_300SA_IATp03_9575.d,False,/home/bmeluch/NMDC/nom_processing/miesel_11_8bjf2432/raw/Miesel_60009_QC_SRFAII_20ppm_30Jan23_Fir_300SA_IATp01_9389.d
Miesel_60009_53_NIWO_A_POST_MST_33_Met_SPE_r1_300SA_IATp03_9265.d,/home/bmeluch/NMDC/nom_processing/miesel_11_8bjf2432/raw/Miesel_60009_53_NIWO_A_POST_MST_33_Met_SPE_r1_300SA_IATp03_9265.d,False,/home/bmeluch/NMDC/nom_processing/miesel_11_8bjf2432/raw/Miesel_60009_QC_SRFAII_20ppm_30Jan23_Fir_300SA_IATp01_9235.d
Miesel_60009_73_GRSM_A_POST_MSTplus5_33_Met_SPE_r2_300SA_IATp03_9607.d,/home/bmeluch/NMDC/nom_processing/miesel_11_8bjf2432/raw/Miesel_60009_73_GRSM_A_POST_MSTplus5_33_Met_SPE_r2_300SA_IATp03_9607.d,False,/home/bmeluch/NMDC/nom_processing/miesel_11_8bjf2432/raw/Miesel_60009_QC_SRFAII_20ppm_10Feb23_Fir_300SA_IATp01_9585.d
Miesel_60009_61_TREE_A1_POST_MST_33_Met_SPE_r1_30Jan23_Fir_300SA_IATp03_9177.d,/home/bmeluch/NMDC/nom_processing/miesel_11_8bjf2432/raw/Miesel_60009_61_TREE_A1_POST_MST_33_Met_SPE_r1_30Jan23_Fir_300SA_IATp03_9177.d,False,/home/bmeluch/NMDC/nom_processing/miesel_11_8bjf2432/raw/Miesel_60009_QC_SRFAII_20ppm_r2_28Jan23_Fir_300SA_IATp01_9168.d
Miesel_60009_90_WREF_A1_POST_MSTplus5_33_Met_SPE_r1_300SA_IATp03_9199.d,/home/bmeluch/NMDC/nom_processing/miesel_11_8bjf2432/raw/Miesel_60009_90_WREF_A1_POST_MSTplus5_33_Met_SPE_r1_300SA_IATp03_9199.d,False,/home/bmeluch/NMDC/nom_processing/miesel_11_8bjf2432/raw/Miesel_60009_QC_SRFAII_20ppm_r2_28Jan23_Fir_300SA_IATp01_9168.d
Miesel_60009_65_BARR_Oaf_POST_MSTplus5_33_Met_SPE_r1_300SA_IATp03_9243.d,/home/bmeluch/NMDC/nom_processing/miesel_11_8bjf2432/raw/Miesel_60009_65_BARR_Oaf_POST_MSTplus5_33_Met_SPE_r1_300SA_IATp03_9243.d,False,/home/bmeluch/NMDC/nom_processing/miesel_11_8bjf2432/raw/Miesel_60009_QC_SRFAII_20ppm_30Jan23_Fir_300SA_IATp01_9235.d
Miesel_60009_42_CPER_A1_POST_MST_33_Met_SPE_r2_300SA_IATp03_9641.d,/home/bmeluch/NMDC/nom_processing/miesel_11_8bjf2432/raw/Miesel_60009_42_CPER_A1_POST_MST_33_Met_SPE_r2_300SA_IATp03_9641.d,False,/home/bmeluch/NMDC/nom_processing/miesel_11_8bjf2432/raw/Miesel_60009_QC_SRFAII_20ppm_10Feb23_Fir_300SA_IATp01_9617.d
Miesel_60009_79_NGPR_A_POST_MSTplus5_33_H2O_SPE_r1_300SA_IATp03_9051.d,/home/bmeluch/NMDC/nom_processing/miesel_11_8bjf2432/raw/Miesel_60009_79_NGPR_A_POST_MSTplus5_33_H2O_SPE_r1_300SA_IATp03_9051.d,False,/home/bmeluch/NMDC/nom_processing/miesel_11_8bjf2432/raw/Miesel_60009_QC_SRFAII_20ppm_r1_26Jan23_Alder_300SA_IATp01_9044.d
Miesel_60009_90_WREF_A1_POST_MSTplus5_33_H2O_SPE_r2_300SA_IATp03_9139.d,/home/bmeluch/NMDC/nom_processing/miesel_11_8bjf2432/raw/Miesel_60009_90_WREF_A1_POST_MSTplus5_33_H2O_SPE_r2_300SA_IATp03_9139.d,False,/home/bmeluch/NMDC/nom_processing/miesel_11_8bjf2432/raw/Miesel_60009_QC_SRFAII_20ppm_r2_28Jan23_Fir_300SA_IATp01_9108.d
Miesel_60009_89_UNDE_A_POST_MSTplus5_33_Met_SPE_r1_300SA_IATp03_9258.d,/home/bmeluch/NMDC/nom_processing/miesel_11_8bjf2432/raw/Miesel_60009_89_UNDE_A_POST_MSTplus5_33_Met_SPE_r1_300SA_IATp03_9258.d,False,/home/bmeluch/NMDC/nom_processing/miesel_11_8bjf2432/raw/Miesel_60009_QC_SRFAII_20ppm_30Jan23_Fir_300SA_IATp01_9235.d
Miesel_60009_06_CPER_A1_PRE_H2O_SPE_r1_26Jan23_Alder_300SA_IATp03_9025.d,/home/bmeluch/NMDC/nom_processing/miesel_11_8bjf2432/raw/Miesel_60009_06_CPER_A1_PRE_H2O_SPE_r1_26Jan23_Alder_300SA_IATp03_9025.d,False,/home/bmeluch/NMDC/nom_processing/miesel_11_8bjf2432/raw/Miesel_60009_QC_SRFAII_20ppm_r1_26Jan23_Alder_300SA_IATp01_9014.d
Miesel_60009_39_BLAN_Ap1_POST_MST_33_H2O_SPE_r1_26Jan23_Alder_300SA_IATp03_8994.d,/home/bmeluch/NMDC/nom_processing/miesel_11_8bjf2432/raw/Miesel_60009_39_BLAN_Ap1_POST_MST_33_H2O_SPE_r1_26Jan23_Alder_300SA_IATp03_8994.d,False,/home/bmeluch/NMDC/nom_processing/miesel_11_8bjf2432/raw/Miesel_60009_QC_SRFAII_20ppm_r1_26Jan23_Alder_300SA_IATp01_8983.d
Miesel_60009_QC_SRFAII_20ppm_r1_26Jan23_Alder_300SA_IATp01_8983.d,/home/bmeluch/NMDC/nom_processing/miesel_11_8bjf2432/raw/Miesel_60009_QC_SRFAII_20ppm_r1_26Jan23_Alder_300SA_IATp01_8983.d,True,/home/bmeluch/NMDC/nom_processing/miesel_11_8bjf2432/raw/Miesel_60009_QC_SRFAII_20ppm_r1_26Jan23_Alder_300SA_IATp01_8983.d
Miesel_60009_09_DSNY_A_PRE_H2O_SPE_r1_26Jan23_Alder_300SA_IATp03_9006.d,/home/bmeluch/NMDC/nom_processing/miesel_11_8bjf2432/raw/Miesel_60009_09_DSNY_A_PRE_H2O_SPE_r1_26Jan23_Alder_300SA_IATp03_9006.d,False,/home/bmeluch/NMDC/nom_processing/miesel_11_8bjf2432/raw/Miesel_60009_QC_SRFAII_20ppm_r1_26Jan23_Alder_300SA_IATp01_8983.d
Miesel_60009_22_SOAP_A_PRE_Met_SPE_r2_300SA_IATp03_9579.d,/home/bmeluch/NMDC/nom_processing/miesel_11_8bjf2432/raw/Miesel_60009_22_SOAP_A_PRE_Met_SPE_r2_300SA_IATp03_9579.d,False,/home/bmeluch/NMDC/nom_processing/miesel_11_8bjf2432/raw/Miesel_60009_QC_SRFAII_20ppm_30Jan23_Fir_300SA_IATp01_9389.d
Miesel_60009_87_TALL_A1_POST_MSTplus5_33_Met_SPE_r2_300SA_IATp03_9638.d,/home/bmeluch/NMDC/nom_processing/miesel_11_8bjf2432/raw/Miesel_60009_87_TALL_A1_POST_MSTplus5_33_Met_SPE_r2_300SA_IATp03_9638.d,False,/home/bmeluch/NMDC/nom_processing/miesel_11_8bjf2432/raw/Miesel_60009_QC_SRFAII_20ppm_10Feb23_Fir_300SA_IATp01_9617.d
Miesel_60009_52_NGPR_A_POST_MST_33_H2O_SPE_r1_26Jan23_Alder_300SA_IATp03_9030.d,/home/bmeluch/NMDC/nom_processing/miesel_11_8bjf2432/raw/Miesel_60009_52_NGPR_A_POST_MST_33_H2O_SPE_r1_26Jan23_Alder_300SA_IATp03_9030.d,False,/home/bmeluch/NMDC/nom_processing/miesel_11_8bjf2432/raw/Miesel_60009_QC_SRFAII_20ppm_r1_26Jan23_Alder_300SA_IATp01_9014.d
Miesel_60009_58_SOAP_A_POST_MST_33_H2O_SPE_r1_26Jan23_Alder_300SA_IATp03_9048.d,/home/bmeluch/NMDC/nom_processing/miesel_11_8bjf2432/raw/Miesel_60009_58_SOAP_A_POST_MST_33_H2O_SPE_r1_26Jan23_Alder_300SA_IATp03_9048.d,False,/home/bmeluch/NMDC/nom_processing/miesel_11_8bjf2432/raw/Miesel_60009_QC_SRFAII_20ppm_r1_26Jan23_Alder_300SA_IATp01_9044.d
Miesel_60009_09_DSNY_A_PRE_H2O_SPE_r2_28Jan23_Alder_300SA_IATp03_9100.d,/home/bmeluch/NMDC/nom_processing/miesel_11_8bjf2432/raw/Miesel_60009_09_DSNY_A_PRE_H2O_SPE_r2_28Jan23_Alder_300SA_IATp03_9100.d,False,/home/bmeluch/NMDC/nom_processing/miesel_11_8bjf2432/raw/Miesel_60009_QC_SRFAII_20ppm_r1_26Jan23_Alder_300SA_IATp01_9076.d
Miesel_60009_05_CLBJ_A1_PRE_H2O_SPE_r2_28Jan23_Fir_300SA_IATp03_9150.d,/home/bmeluch/NMDC/nom_processing/miesel_11_8bjf2432/raw/Miesel_60009_05_CLBJ_A1_PRE_H2O_SPE_r2_28Jan23_Fir_300SA_IATp03_9150.d,False,/home/bmeluch/NMDC/nom_processing/miesel_11_8bjf2432/raw/Miesel_60009_QC_SRFAII_20ppm_r2_28Jan23_Fir_300SA_IATp01_9140.d
Miesel_60009_13_KONZ_A1_PRE_Met_SPE_r1_300SA_IATp03_9289.d,/home/bmeluch/NMDC/nom_processing/miesel_11_8bjf2432/raw/Miesel_60009_13_KONZ_A1_PRE_Met_SPE_r1_300SA_IATp03_9289.d,False,/home/bmeluch/NMDC/nom_processing/miesel_11_8bjf2432/raw/Miesel_60009_QC_SRFAII_20ppm_30Jan23_Fir_300SA_IATp01_9266.d
Miesel_60009_87_TALL_A1_POST_MSTplus5_33_Met_SPE_r1_300SA_IATp03_9174.d,/home/bmeluch/NMDC/nom_processing/miesel_11_8bjf2432/raw/Miesel_60009_87_TALL_A1_POST_MSTplus5_33_Met_SPE_r1_300SA_IATp03_9174.d,False,/home/bmeluch/NMDC/nom_processing/miesel_11_8bjf2432/raw/Miesel_60009_QC_SRFAII_20ppm_r2_28Jan23_Fir_300SA_IATp01_9168.d
Miesel_60009_46_GRSM_A_POST_MST_33_Met_SPE_r1_300SA_IATp03_9257.d,/home/bmeluch/NMDC/nom_processing/miesel_11_8bjf2432/raw/Miesel_60009_46_GRSM_A_POST_MST_33_Met_SPE_r1_300SA_IATp03_9257.d,False,/home/bmeluch/NMDC/nom_processing/miesel_11_8bjf2432/raw/Miesel_60009_QC_SRFAII_20ppm_30Jan23_Fir_300SA_IATp01_9235.d
Miesel_60009_12_JORN_Ak_PRE_H2O_SPE_r2_28Jan23_Fir_300SA_IATp03_9147.d,/home/bmeluch/NMDC/nom_processing/miesel_11_8bjf2432/raw/Miesel_60009_12_JORN_Ak_PRE_H2O_SPE_r2_28Jan23_Fir_300SA_IATp03_9147.d,False,/home/bmeluch/NMDC/nom_processing/miesel_11_8bjf2432/raw/Miesel_60009_QC_SRFAII_20ppm_r2_28Jan23_Fir_300SA_IATp01_9140.d
Miesel_60009_45_DSNY_A_POST_MST_33_H2O_SPE_r2_28Jan23_Alder_300SA_IATp03_9081.d,/home/bmeluch/NMDC/nom_processing/miesel_11_8bjf2432/raw/Miesel_60009_45_DSNY_A_POST_MST_33_H2O_SPE_r2_28Jan23_Alder_300SA_IATp03_9081.d,False,/home/bmeluch/NMDC/nom_processing/miesel_11_8bjf2432/raw/Miesel_60009_QC_SRFAII_20ppm_r1_26Jan23_Alder_300SA_IATp01_9076.d
Miesel_60009_18_OSBS_A_PRE_H2O_SPE_r2_28Jan23_Fir_300SA_IATp03_9130.d,/home/bmeluch/NMDC/nom_processing/miesel_11_8bjf2432/raw/Miesel_60009_18_OSBS_A_PRE_H2O_SPE_r2_28Jan23_Fir_300SA_IATp03_9130.d,False,/home/bmeluch/NMDC/nom_processing/miesel_11_8bjf2432/raw/Miesel_60009_QC_SRFAII_20ppm_r2_28Jan23_Fir_300SA_IATp01_9108.d
Miesel_60009_24_TALL_A1_PRE_Met_SPE_r2_300SA_IATp03_9587.d,/home/bmeluch/NMDC/nom_processing/miesel_11_8bjf2432/raw/Miesel_60009_24_TALL_A1_PRE_Met_SPE_r2_300SA_IATp03_9587.d,False,/home/bmeluch/NMDC/nom_processing/miesel_11_8bjf2432/raw/Miesel_60009_QC_SRFAII_20ppm_10Feb23_Fir_300SA_IATp01_9585.d
Miesel_60009_78_MOAB_A_POST_MSTplus5_33_H2O_SPE_r1_300SA_IATp03_9059.d,/home/bmeluch/NMDC/nom_processing/miesel_11_8bjf2432/raw/Miesel_60009_78_MOAB_A_POST_MSTplus5_33_H2O_SPE_r1_300SA_IATp03_9059.d,False,/home/bmeluch/NMDC/nom_processing/miesel_11_8bjf2432/raw/Miesel_60009_QC_SRFAII_20ppm_r1_26Jan23_Alder_300SA_IATp01_9044.d
Miesel_60009_49_KONZ_A1_POST_MST_33_H2O_SPE_r1_26Jan23_Alder_300SA_IATp03_9017.d,/home/bmeluch/NMDC/nom_processing/miesel_11_8bjf2432/raw/Miesel_60009_49_KONZ_A1_POST_MST_33_H2O_SPE_r1_26Jan23_Alder_300SA_IATp03_9017.d,False,/home/bmeluch/NMDC/nom_processing/miesel_11_8bjf2432/raw/Miesel_60009_QC_SRFAII_20ppm_r1_26Jan23_Alder_300SA_IATp01_9014.d
Miesel_60009_45_DSNY_A_POST_MST_33_H2O_SPE_r1_26Jan23_Alder_300SA_IATp03_9042.d,/home/bmeluch/NMDC/nom_processing/miesel_11_8bjf2432/raw/Miesel_60009_45_DSNY_A_POST_MST_33_H2O_SPE_r1_26Jan23_Alder_300SA_IATp03_9042.d,False,/home/bmeluch/NMDC/nom_processing/miesel_11_8bjf2432/raw/Miesel_60009_QC_SRFAII_20ppm_r1_26Jan23_Alder_300SA_IATp01_9014.d
Miesel_60009_41_CLBJ_A1_POST_MST_33_Met_SPE_r1_30Jan23_Fir_300SA_IATp03_9188.d,/home/bmeluch/NMDC/nom_processing/miesel_11_8bjf2432/raw/Miesel_60009_41_CLBJ_A1_POST_MST_33_Met_SPE_r1_30Jan23_Fir_300SA_IATp03_9188.d,False,/home/bmeluch/NMDC/nom_processing/miesel_11_8bjf2432/raw/Miesel_60009_QC_SRFAII_20ppm_r2_28Jan23_Fir_300SA_IATp01_9168.d
Miesel_60009_74_HEAL_Oae_POST_MSTplus5_33_Met_SPE_r2_300SA_IATp03_9619.d,/home/bmeluch/NMDC/nom_processing/miesel_11_8bjf2432/raw/Miesel_60009_74_HEAL_Oae_POST_MSTplus5_33_Met_SPE_r2_300SA_IATp03_9619.d,False,/home/bmeluch/NMDC/nom_processing/miesel_11_8bjf2432/raw/Miesel_60009_QC_SRFAII_20ppm_10Feb23_Fir_300SA_IATp01_9617.d
Miesel_60009_59_STEI_A1_POST_MST_33_H2O_SPE_r1_26Jan23_Alder_300SA_IATp03_9041.d,/home/bmeluch/NMDC/nom_processing/miesel_11_8bjf2432/raw/Miesel_60009_59_STEI_A1_POST_MST_33_H2O_SPE_r1_26Jan23_Alder_300SA_IATp03_9041.d,False,/home/bmeluch/NMDC/nom_processing/miesel_11_8bjf2432/raw/Miesel_60009_QC_SRFAII_20ppm_r1_26Jan23_Alder_300SA_IATp01_9014.d
Miesel_60009_55_RMNP_A1_POST_MST_33_Met_SPE_r1_30Jan23_Fir_300SA_IATp03_9185.d,/home/bmeluch/NMDC/nom_processing/miesel_11_8bjf2432/raw/Miesel_60009_55_RMNP_A1_POST_MST_33_Met_SPE_r1_30Jan23_Fir_300SA_IATp03_9185.d,False,/home/bmeluch/NMDC/nom_processing/miesel_11_8bjf2432/raw/Miesel_60009_QC_SRFAII_20ppm_r2_28Jan23_Fir_300SA_IATp01_9168.d
Miesel_60009_75_JORN_Ak_POST_MSTplus5_33_H2O_SPE_r2_300SA_IATp03_9082.d,/home/bmeluch/NMDC/nom_processing/miesel_11_8bjf2432/raw/Miesel_60009_75_JORN_Ak_POST_MSTplus5_33_H2O_SPE_r2_300SA_IATp03_9082.d,False,/home/bmeluch/NMDC/nom_processing/miesel_11_8bjf2432/raw/Miesel_60009_QC_SRFAII_20ppm_r1_26Jan23_Alder_300SA_IATp01_9076.d
Miesel_60009_88_TREE_A1_POST_MSTplus5_33_H2O_SPE_r1_300SA_IATp03_9038.d,/home/bmeluch/NMDC/nom_processing/miesel_11_8bjf2432/raw/Miesel_60009_88_TREE_A1_POST_MSTplus5_33_H2O_SPE_r1_300SA_IATp03_9038.d,False,/home/bmeluch/NMDC/nom_processing/miesel_11_8bjf2432/raw/Miesel_60009_QC_SRFAII_20ppm_r1_26Jan23_Alder_300SA_IATp01_9014.d
Miesel_60009_20_SERC_A_PRE_Met_SPE_r1_30Jan23_Fir_300SA_IATp03_9189.d,/home/bmeluch/NMDC/nom_processing/miesel_11_8bjf2432/raw/Miesel_60009_20_SERC_A_PRE_Met_SPE_r1_30Jan23_Fir_300SA_IATp03_9189.d,False,/home/bmeluch/NMDC/nom_processing/miesel_11_8bjf2432/raw/Miesel_60009_QC_SRFAII_20ppm_r2_28Jan23_Fir_300SA_IATp01_9168.d
Miesel_60009_40_BONA_Oea_POST_MST_33_H2O_SPE_r1_26Jan23_Alder_300SA_IATp03_9035.d,/home/bmeluch/NMDC/nom_processing/miesel_11_8bjf2432/raw/Miesel_60009_40_BONA_Oea_POST_MST_33_H2O_SPE_r1_26Jan23_Alder_300SA_IATp03_9035.d,False,/home/bmeluch/NMDC/nom_processing/miesel_11_8bjf2432/raw/Miesel_60009_QC_SRFAII_20ppm_r1_26Jan23_Alder_300SA_IATp01_9014.d
Miesel_60009_37_ABBY_A_POST_MST_33_H2O_SPE_r2_28Jan23_Fir_300SA_IATp03_9118.d,/home/bmeluch/NMDC/nom_processing/miesel_11_8bjf2432/raw/Miesel_60009_37_ABBY_A_POST_MST_33_H2O_SPE_r2_28Jan23_Fir_300SA_IATp03_9118.d,False,/home/bmeluch/NMDC/nom_processing/miesel_11_8bjf2432/raw/Miesel_60009_QC_SRFAII_20ppm_r2_28Jan23_Fir_300SA_IATp01_9108.d
