sample_id,raw_data_file,processed_data_directory,srfa_calib_path,calibration_id,mass_spec_configuration_name,instrument_used,processing_institution_workflow,processing_institution_generation,instrument_analysis_end_date,instrument_instance_specifier,associated_studies
nmdc:bsm-11-a1n8m774,/home/bmeluch/NMDC/nom_processing/monet_nom/raw/60920_1_B_1_WEOM_r1_Mag_21Dec23_300SA_p01_2_1_13994.d,/home/bmeluch/NMDC/nom_processing/monet_nom/processed_20260701/60920_1_B_1_WEOM_r1_Mag_21Dec23_300SA_p01_2_1_13994,/home/bmeluch/NMDC/nom_processing/monet_nom/raw/QC_SRFAII_23_01_20ppm_r0_Mag_21Dec23_300SA_p01_54_1_13983.d,nmdc:calib-14-hhn3qb47,"EMSL NOM full profile mass spectrometry, negative",7T FT-ICR MS,EMSL,EMSL,2023-12-22T03:56:19Z,placeholder,['nmdc:sty-11-graz4n71']
nmdc:bsm-11-a1n8m774,/home/bmeluch/NMDC/nom_processing/monet_nom/raw/60920_1_B_1_WEOM_r2_Mag_21Dec23_300SA_p01_2_1_14081.d,/home/bmeluch/NMDC/nom_processing/monet_nom/processed_20260701/60920_1_B_1_WEOM_r2_Mag_21Dec23_300SA_p01_2_1_14081,/home/bmeluch/NMDC/nom_processing/monet_nom/raw/QC_SRFAII_23_01_20ppm_r2_Mag_21Dec23_300SA_p01_54_1_14075.d,nmdc:calib-14-hhn3qb47,"EMSL NOM full profile mass spectrometry, negative",7T FT-ICR MS,EMSL,EMSL,2023-12-23T18:29:47Z,placeholder,['nmdc:sty-11-graz4n71']
nmdc:bsm-11-a1n8m774,/home/bmeluch/NMDC/nom_processing/monet_nom/raw/60920_1_B_1_WEOM_r3_Mag_21Dec23_300SA_p01_2_1_14138.d,/home/bmeluch/NMDC/nom_processing/monet_nom/processed_20260701/60920_1_B_1_WEOM_r3_Mag_21Dec23_300SA_p01_2_1_14138,/home/bmeluch/NMDC/nom_processing/monet_nom/raw/QC_SRFAII_23_01_20ppm_r2_Mag_21Dec23_300SA_p01_54_1_14119.d,nmdc:calib-14-hhn3qb47,"EMSL NOM full profile mass spectrometry, negative",7T FT-ICR MS,EMSL,EMSL,2023-12-25T20:52:49Z,placeholder,['nmdc:sty-11-graz4n71']
nmdc:bsm-11-a1n8m774,/home/bmeluch/NMDC/nom_processing/monet_nom/raw/60920_1_B_2_WEOM_r1_Mag_21Dec23_300SA_p01_21_1_14020.d,/home/bmeluch/NMDC/nom_processing/monet_nom/processed_20260701/60920_1_B_2_WEOM_r1_Mag_21Dec23_300SA_p01_21_1_14020,/home/bmeluch/NMDC/nom_processing/monet_nom/raw/QC_SRFAII_23_01_20ppm_r1_Mag_21Dec23_300SA_p01_54_1_14008.d,nmdc:calib-14-hhn3qb47,"EMSL NOM full profile mass spectrometry, negative",7T FT-ICR MS,EMSL,EMSL,2023-12-22T15:27:42Z,placeholder,['nmdc:sty-11-graz4n71']
nmdc:bsm-11-a1n8m774,/home/bmeluch/NMDC/nom_processing/monet_nom/raw/60920_1_B_2_WEOM_r2_Mag_21Dec23_300SA_p01_21_1_14086.d,/home/bmeluch/NMDC/nom_processing/monet_nom/processed_20260701/60920_1_B_2_WEOM_r2_Mag_21Dec23_300SA_p01_21_1_14086,/home/bmeluch/NMDC/nom_processing/monet_nom/raw/QC_SRFAII_23_01_20ppm_r2_Mag_21Dec23_300SA_p01_54_1_14075.d,nmdc:calib-14-hhn3qb47,"EMSL NOM full profile mass spectrometry, negative",7T FT-ICR MS,EMSL,EMSL,2023-12-24T21:50:03Z,placeholder,['nmdc:sty-11-graz4n71']
nmdc:bsm-11-a1n8m774,/home/bmeluch/NMDC/nom_processing/monet_nom/raw/60920_1_B_2_WEOM_r3_Mag_21Dec23_300SA_p01_21_1_14173.d,/home/bmeluch/NMDC/nom_processing/monet_nom/processed_20260701/60920_1_B_2_WEOM_r3_Mag_21Dec23_300SA_p01_21_1_14173,/home/bmeluch/NMDC/nom_processing/monet_nom/raw/QC_SRFAII_23_01_20ppm_r3_Mag_21Dec23_300SA_p01_54_1_14164.d,nmdc:calib-14-hhn3qb47,"EMSL NOM full profile mass spectrometry, negative",7T FT-ICR MS,EMSL,EMSL,2023-12-26T12:23:31Z,placeholder,['nmdc:sty-11-graz4n71']
nmdc:bsm-11-a1n8m774,/home/bmeluch/NMDC/nom_processing/monet_nom/raw/60920_1_B_3_WEOM_r1_Mag_21Dec23_300SA_p01_2_1_14035.d,/home/bmeluch/NMDC/nom_processing/monet_nom/processed_20260701/60920_1_B_3_WEOM_r1_Mag_21Dec23_300SA_p01_2_1_14035,/home/bmeluch/NMDC/nom_processing/monet_nom/raw/QC_SRFAII_23_01_20ppm_r1_Mag_21Dec23_300SA_p01_54_1_14030.d,nmdc:calib-14-hhn3qb47,"EMSL NOM full profile mass spectrometry, negative",7T FT-ICR MS,EMSL,EMSL,2023-12-22T22:06:32Z,placeholder,['nmdc:sty-11-graz4n71']
nmdc:bsm-11-a1n8m774,/home/bmeluch/NMDC/nom_processing/monet_nom/raw/60920_1_B_3_WEOM_r2_Mag_21Dec23_300SA_p01_2_1_14109.d,/home/bmeluch/NMDC/nom_processing/monet_nom/processed_20260701/60920_1_B_3_WEOM_r2_Mag_21Dec23_300SA_p01_2_1_14109,/home/bmeluch/NMDC/nom_processing/monet_nom/raw/QC_SRFAII_23_01_20ppm_r2_Mag_21Dec23_300SA_p01_54_1_14097.d,nmdc:calib-14-hhn3qb47,"EMSL NOM full profile mass spectrometry, negative",7T FT-ICR MS,EMSL,EMSL,2023-12-25T08:01:40Z,placeholder,['nmdc:sty-11-graz4n71']
nmdc:bsm-11-a1n8m774,/home/bmeluch/NMDC/nom_processing/monet_nom/raw/60920_1_B_3_WEOM_r3_Mag_21Dec23_300SA_p01_2_1_14182.d,/home/bmeluch/NMDC/nom_processing/monet_nom/processed_20260701/60920_1_B_3_WEOM_r3_Mag_21Dec23_300SA_p01_2_1_14182,/home/bmeluch/NMDC/nom_processing/monet_nom/raw/QC_SRFAII_23_01_20ppm_r3_Mag_21Dec23_300SA_p01_54_1_14164.d,nmdc:calib-14-hhn3qb47,"EMSL NOM full profile mass spectrometry, negative",7T FT-ICR MS,EMSL,EMSL,2023-12-26T16:22:50Z,placeholder,['nmdc:sty-11-graz4n71']
nmdc:bsm-11-hd837a83,/home/bmeluch/NMDC/nom_processing/monet_nom/raw/60920_1_T_1_WEOM_r1_Mag_21Dec23_300SA_p01_1_1_14006.d,/home/bmeluch/NMDC/nom_processing/monet_nom/processed_20260701/60920_1_T_1_WEOM_r1_Mag_21Dec23_300SA_p01_1_1_14006,/home/bmeluch/NMDC/nom_processing/monet_nom/raw/QC_SRFAII_23_01_20ppm_r0_Mag_21Dec23_300SA_p01_54_1_13983.d,nmdc:calib-14-hhn3qb47,"EMSL NOM full profile mass spectrometry, negative",7T FT-ICR MS,EMSL,EMSL,2023-12-22T09:15:24Z,placeholder,['nmdc:sty-11-graz4n71']
nmdc:bsm-11-hd837a83,/home/bmeluch/NMDC/nom_processing/monet_nom/raw/60920_1_T_1_WEOM_r2_Mag_21Dec23_300SA_p01_1_1_14073.d,/home/bmeluch/NMDC/nom_processing/monet_nom/processed_20260701/60920_1_T_1_WEOM_r2_Mag_21Dec23_300SA_p01_1_1_14073,/home/bmeluch/NMDC/nom_processing/monet_nom/raw/QC_SRFAII_23_01_20ppm_r1_Mag_21Dec23_300SA_p01_54_1_14052.d,nmdc:calib-14-hhn3qb47,"EMSL NOM full profile mass spectrometry, negative",7T FT-ICR MS,EMSL,EMSL,2023-12-23T14:57:03Z,placeholder,['nmdc:sty-11-graz4n71']
nmdc:bsm-11-hd837a83,/home/bmeluch/NMDC/nom_processing/monet_nom/raw/60920_1_T_1_WEOM_r3_Mag_21Dec23_300SA_p01_1_1_14148.d,/home/bmeluch/NMDC/nom_processing/monet_nom/processed_20260701/60920_1_T_1_WEOM_r3_Mag_21Dec23_300SA_p01_1_1_14148,/home/bmeluch/NMDC/nom_processing/monet_nom/raw/QC_SRFAII_23_01_20ppm_r3_Mag_21Dec23_300SA_p01_54_1_14142.d,nmdc:calib-14-hhn3qb47,"EMSL NOM full profile mass spectrometry, negative",7T FT-ICR MS,EMSL,EMSL,2023-12-26T01:18:42Z,placeholder,['nmdc:sty-11-graz4n71']
nmdc:bsm-11-hd837a83,/home/bmeluch/NMDC/nom_processing/monet_nom/raw/60920_1_T_2_WEOM_r1_Mag_21Dec23_300SA_p01_20_1_14019.d,/home/bmeluch/NMDC/nom_processing/monet_nom/processed_20260701/60920_1_T_2_WEOM_r1_Mag_21Dec23_300SA_p01_20_1_14019,/home/bmeluch/NMDC/nom_processing/monet_nom/raw/QC_SRFAII_23_01_20ppm_r1_Mag_21Dec23_300SA_p01_54_1_14008.d,nmdc:calib-14-hhn3qb47,"EMSL NOM full profile mass spectrometry, negative",7T FT-ICR MS,EMSL,EMSL,2023-12-22T15:01:06Z,placeholder,['nmdc:sty-11-graz4n71']
nmdc:bsm-11-hd837a83,/home/bmeluch/NMDC/nom_processing/monet_nom/raw/60920_1_T_2_WEOM_r2_Mag_21Dec23_300SA_p01_20_1_14087.d,/home/bmeluch/NMDC/nom_processing/monet_nom/processed_20260701/60920_1_T_2_WEOM_r2_Mag_21Dec23_300SA_p01_20_1_14087,/home/bmeluch/NMDC/nom_processing/monet_nom/raw/QC_SRFAII_23_01_20ppm_r2_Mag_21Dec23_300SA_p01_54_1_14075.d,nmdc:calib-14-hhn3qb47,"EMSL NOM full profile mass spectrometry, negative",7T FT-ICR MS,EMSL,EMSL,2023-12-24T22:16:38Z,placeholder,['nmdc:sty-11-graz4n71']
nmdc:bsm-11-hd837a83,/home/bmeluch/NMDC/nom_processing/monet_nom/raw/60920_1_T_2_WEOM_r3_Mag_21Dec23_300SA_p01_20_1_14172.d,/home/bmeluch/NMDC/nom_processing/monet_nom/processed_20260701/60920_1_T_2_WEOM_r3_Mag_21Dec23_300SA_p01_20_1_14172,/home/bmeluch/NMDC/nom_processing/monet_nom/raw/QC_SRFAII_23_01_20ppm_r3_Mag_21Dec23_300SA_p01_54_1_14164.d,nmdc:calib-14-hhn3qb47,"EMSL NOM full profile mass spectrometry, negative",7T FT-ICR MS,EMSL,EMSL,2023-12-26T11:56:55Z,placeholder,['nmdc:sty-11-graz4n71']
nmdc:bsm-11-hd837a83,/home/bmeluch/NMDC/nom_processing/monet_nom/raw/60920_1_T_3_WEOM_r1_Mag_21Dec23_300SA_p01_1_1_14042.d,/home/bmeluch/NMDC/nom_processing/monet_nom/processed_20260701/60920_1_T_3_WEOM_r1_Mag_21Dec23_300SA_p01_1_1_14042,/home/bmeluch/NMDC/nom_processing/monet_nom/raw/QC_SRFAII_23_01_20ppm_r1_Mag_21Dec23_300SA_p01_54_1_14030.d,nmdc:calib-14-hhn3qb47,"EMSL NOM full profile mass spectrometry, negative",7T FT-ICR MS,EMSL,EMSL,2023-12-23T01:12:40Z,placeholder,['nmdc:sty-11-graz4n71']
nmdc:bsm-11-hd837a83,/home/bmeluch/NMDC/nom_processing/monet_nom/raw/60920_1_T_3_WEOM_r2_Mag_21Dec23_300SA_p01_1_1_14114.d,/home/bmeluch/NMDC/nom_processing/monet_nom/processed_20260701/60920_1_T_3_WEOM_r2_Mag_21Dec23_300SA_p01_1_1_14114,/home/bmeluch/NMDC/nom_processing/monet_nom/raw/QC_SRFAII_23_01_20ppm_r2_Mag_21Dec23_300SA_p01_54_1_14097.d,nmdc:calib-14-hhn3qb47,"EMSL NOM full profile mass spectrometry, negative",7T FT-ICR MS,EMSL,EMSL,2023-12-25T10:14:39Z,placeholder,['nmdc:sty-11-graz4n71']
nmdc:bsm-11-hd837a83,/home/bmeluch/NMDC/nom_processing/monet_nom/raw/60920_1_T_3_WEOM_r3_Mag_21Dec23_300SA_p01_1_1_14190.d,/home/bmeluch/NMDC/nom_processing/monet_nom/processed_20260701/60920_1_T_3_WEOM_r3_Mag_21Dec23_300SA_p01_1_1_14190,/home/bmeluch/NMDC/nom_processing/monet_nom/raw/QC_SRFAII_23_01_20ppm_r3_Mag_21Dec23_300SA_p01_54_1_14186.d,nmdc:calib-14-hhn3qb47,"EMSL NOM full profile mass spectrometry, negative",7T FT-ICR MS,EMSL,EMSL,2023-12-26T19:55:35Z,placeholder,['nmdc:sty-11-graz4n71']
nmdc:bsm-11-pq19kv96,/home/bmeluch/NMDC/nom_processing/monet_nom/raw/60920_10_T_1_WEOM_r1_Mag_21Dec23_300SA_p01_18_1_13992.d,/home/bmeluch/NMDC/nom_processing/monet_nom/processed_20260701/60920_10_T_1_WEOM_r1_Mag_21Dec23_300SA_p01_18_1_13992,/home/bmeluch/NMDC/nom_processing/monet_nom/raw/QC_SRFAII_23_01_20ppm_r0_Mag_21Dec23_300SA_p01_54_1_13983.d,nmdc:calib-14-hhn3qb47,"EMSL NOM full profile mass spectrometry, negative",7T FT-ICR MS,EMSL,EMSL,2023-12-22T03:03:08Z,placeholder,['nmdc:sty-11-graz4n71']
nmdc:bsm-11-pq19kv96,/home/bmeluch/NMDC/nom_processing/monet_nom/raw/60920_10_T_1_WEOM_r2_Mag_21Dec23_300SA_p01_18_1_14069.d,/home/bmeluch/NMDC/nom_processing/monet_nom/processed_20260701/60920_10_T_1_WEOM_r2_Mag_21Dec23_300SA_p01_18_1_14069,/home/bmeluch/NMDC/nom_processing/monet_nom/raw/QC_SRFAII_23_01_20ppm_r1_Mag_21Dec23_300SA_p01_54_1_14052.d,nmdc:calib-14-hhn3qb47,"EMSL NOM full profile mass spectrometry, negative",7T FT-ICR MS,EMSL,EMSL,2023-12-23T13:10:41Z,placeholder,['nmdc:sty-11-graz4n71']
nmdc:bsm-11-pq19kv96,/home/bmeluch/NMDC/nom_processing/monet_nom/raw/60920_10_T_1_WEOM_r3_Mag_21Dec23_300SA_p01_18_1_14153.d,/home/bmeluch/NMDC/nom_processing/monet_nom/processed_20260701/60920_10_T_1_WEOM_r3_Mag_21Dec23_300SA_p01_18_1_14153,/home/bmeluch/NMDC/nom_processing/monet_nom/raw/QC_SRFAII_23_01_20ppm_r3_Mag_21Dec23_300SA_p01_54_1_14142.d,nmdc:calib-14-hhn3qb47,"EMSL NOM full profile mass spectrometry, negative",7T FT-ICR MS,EMSL,EMSL,2023-12-26T03:31:40Z,placeholder,['nmdc:sty-11-graz4n71']
nmdc:bsm-11-pq19kv96,/home/bmeluch/NMDC/nom_processing/monet_nom/raw/60920_10_T_2_WEOM_r1_Mag_21Dec23_300SA_p01_37_1_14017.d,/home/bmeluch/NMDC/nom_processing/monet_nom/processed_20260701/60920_10_T_2_WEOM_r1_Mag_21Dec23_300SA_p01_37_1_14017,/home/bmeluch/NMDC/nom_processing/monet_nom/raw/QC_SRFAII_23_01_20ppm_r1_Mag_21Dec23_300SA_p01_54_1_14008.d,nmdc:calib-14-hhn3qb47,"EMSL NOM full profile mass spectrometry, negative",7T FT-ICR MS,EMSL,EMSL,2023-12-22T14:07:55Z,placeholder,['nmdc:sty-11-graz4n71']
nmdc:bsm-11-pq19kv96,/home/bmeluch/NMDC/nom_processing/monet_nom/raw/60920_10_T_2_WEOM_r2_Mag_21Dec23_300SA_p01_37_1_14099.d,/home/bmeluch/NMDC/nom_processing/monet_nom/processed_20260701/60920_10_T_2_WEOM_r2_Mag_21Dec23_300SA_p01_37_1_14099,/home/bmeluch/NMDC/nom_processing/monet_nom/raw/QC_SRFAII_23_01_20ppm_r2_Mag_21Dec23_300SA_p01_54_1_14097.d,nmdc:calib-14-hhn3qb47,"EMSL NOM full profile mass spectrometry, negative",7T FT-ICR MS,EMSL,EMSL,2023-12-25T03:35:45Z,placeholder,['nmdc:sty-11-graz4n71']
nmdc:bsm-11-pq19kv96,/home/bmeluch/NMDC/nom_processing/monet_nom/raw/60920_10_T_2_WEOM_r3_Mag_21Dec23_300SA_p01_37_1_14175.d,/home/bmeluch/NMDC/nom_processing/monet_nom/processed_20260701/60920_10_T_2_WEOM_r3_Mag_21Dec23_300SA_p01_37_1_14175,/home/bmeluch/NMDC/nom_processing/monet_nom/raw/QC_SRFAII_23_01_20ppm_r3_Mag_21Dec23_300SA_p01_54_1_14164.d,nmdc:calib-14-hhn3qb47,"EMSL NOM full profile mass spectrometry, negative",7T FT-ICR MS,EMSL,EMSL,2023-12-26T13:16:42Z,placeholder,['nmdc:sty-11-graz4n71']
nmdc:bsm-11-pq19kv96,/home/bmeluch/NMDC/nom_processing/monet_nom/raw/60920_10_T_3_WEOM_r1_Mag_21Dec23_300SA_p01_18_1_14041.d,/home/bmeluch/NMDC/nom_processing/monet_nom/processed_20260701/60920_10_T_3_WEOM_r1_Mag_21Dec23_300SA_p01_18_1_14041,/home/bmeluch/NMDC/nom_processing/monet_nom/raw/QC_SRFAII_23_01_20ppm_r1_Mag_21Dec23_300SA_p01_54_1_14030.d,nmdc:calib-14-hhn3qb47,"EMSL NOM full profile mass spectrometry, negative",7T FT-ICR MS,EMSL,EMSL,2023-12-23T00:46:05Z,placeholder,['nmdc:sty-11-graz4n71']
nmdc:bsm-11-pq19kv96,/home/bmeluch/NMDC/nom_processing/monet_nom/raw/60920_10_T_3_WEOM_r2_Mag_21Dec23_300SA_p01_18_1_14122.d,/home/bmeluch/NMDC/nom_processing/monet_nom/processed_20260701/60920_10_T_3_WEOM_r2_Mag_21Dec23_300SA_p01_18_1_14122,/home/bmeluch/NMDC/nom_processing/monet_nom/raw/QC_SRFAII_23_01_20ppm_r2_Mag_21Dec23_300SA_p01_54_1_14119.d,nmdc:calib-14-hhn3qb47,"EMSL NOM full profile mass spectrometry, negative",7T FT-ICR MS,EMSL,EMSL,2023-12-25T13:47:22Z,placeholder,['nmdc:sty-11-graz4n71']
nmdc:bsm-11-pq19kv96,/home/bmeluch/NMDC/nom_processing/monet_nom/raw/60920_10_T_3_WEOM_r3_Mag_21Dec23_300SA_p01_18_1_14180.d,/home/bmeluch/NMDC/nom_processing/monet_nom/processed_20260701/60920_10_T_3_WEOM_r3_Mag_21Dec23_300SA_p01_18_1_14180,/home/bmeluch/NMDC/nom_processing/monet_nom/raw/QC_SRFAII_23_01_20ppm_r3_Mag_21Dec23_300SA_p01_54_1_14164.d,nmdc:calib-14-hhn3qb47,"EMSL NOM full profile mass spectrometry, negative",7T FT-ICR MS,EMSL,EMSL,2023-12-26T15:29:40Z,placeholder,['nmdc:sty-11-graz4n71']
nmdc:bsm-11-7dqfmc60,/home/bmeluch/NMDC/nom_processing/monet_nom/raw/60920_11_T_1_WEOM_r1_Mag_21Dec23_300SA_p01_19_1_13987.d,/home/bmeluch/NMDC/nom_processing/monet_nom/processed_20260701/60920_11_T_1_WEOM_r1_Mag_21Dec23_300SA_p01_19_1_13987,/home/bmeluch/NMDC/nom_processing/monet_nom/raw/QC_SRFAII_23_01_20ppm_r0_Mag_21Dec23_300SA_p01_54_1_13983.d,nmdc:calib-14-hhn3qb47,"EMSL NOM full profile mass spectrometry, negative",7T FT-ICR MS,EMSL,EMSL,2023-12-22T00:50:09Z,placeholder,['nmdc:sty-11-graz4n71']
nmdc:bsm-11-7dqfmc60,/home/bmeluch/NMDC/nom_processing/monet_nom/raw/60920_11_T_1_WEOM_r1_Mag_21Dec23_300SA_p01_19_1_14007.d,/home/bmeluch/NMDC/nom_processing/monet_nom/processed_20260701/60920_11_T_1_WEOM_r1_Mag_21Dec23_300SA_p01_19_1_14007,/home/bmeluch/NMDC/nom_processing/monet_nom/raw/QC_SRFAII_23_01_20ppm_r0_Mag_21Dec23_300SA_p01_54_1_13983.d,nmdc:calib-14-hhn3qb47,"EMSL NOM full profile mass spectrometry, negative",7T FT-ICR MS,EMSL,EMSL,2023-12-22T09:42:00Z,placeholder,['nmdc:sty-11-graz4n71']
nmdc:bsm-11-7dqfmc60,/home/bmeluch/NMDC/nom_processing/monet_nom/raw/60920_11_T_1_WEOM_r2_Mag_21Dec23_300SA_p01_19_1_14060.d,/home/bmeluch/NMDC/nom_processing/monet_nom/processed_20260701/60920_11_T_1_WEOM_r2_Mag_21Dec23_300SA_p01_19_1_14060,/home/bmeluch/NMDC/nom_processing/monet_nom/raw/QC_SRFAII_23_01_20ppm_r1_Mag_21Dec23_300SA_p01_54_1_14052.d,nmdc:calib-14-hhn3qb47,"EMSL NOM full profile mass spectrometry, negative",7T FT-ICR MS,EMSL,EMSL,2023-12-23T09:11:20Z,placeholder,['nmdc:sty-11-graz4n71']
nmdc:bsm-11-7dqfmc60,/home/bmeluch/NMDC/nom_processing/monet_nom/raw/60920_11_T_1_WEOM_r2_Mag_21Dec23_300SA_p01_19_1_14074.d,/home/bmeluch/NMDC/nom_processing/monet_nom/processed_20260701/60920_11_T_1_WEOM_r2_Mag_21Dec23_300SA_p01_19_1_14074,/home/bmeluch/NMDC/nom_processing/monet_nom/raw/QC_SRFAII_23_01_20ppm_r1_Mag_21Dec23_300SA_p01_54_1_14052.d,nmdc:calib-14-hhn3qb47,"EMSL NOM full profile mass spectrometry, negative",7T FT-ICR MS,EMSL,EMSL,2023-12-23T15:23:37Z,placeholder,['nmdc:sty-11-graz4n71']
nmdc:bsm-11-7dqfmc60,/home/bmeluch/NMDC/nom_processing/monet_nom/raw/60920_11_T_1_WEOM_r3_Mag_21Dec23_300SA_p01_19_1_14139.d,/home/bmeluch/NMDC/nom_processing/monet_nom/processed_20260701/60920_11_T_1_WEOM_r3_Mag_21Dec23_300SA_p01_19_1_14139,/home/bmeluch/NMDC/nom_processing/monet_nom/raw/QC_SRFAII_23_01_20ppm_r2_Mag_21Dec23_300SA_p01_54_1_14119.d,nmdc:calib-14-hhn3qb47,"EMSL NOM full profile mass spectrometry, negative",7T FT-ICR MS,EMSL,EMSL,2023-12-25T21:19:24Z,placeholder,['nmdc:sty-11-graz4n71']
nmdc:bsm-11-7dqfmc60,/home/bmeluch/NMDC/nom_processing/monet_nom/raw/60920_11_T_1_WEOM_r3_Mag_21Dec23_300SA_p01_19_1_14141.d,/home/bmeluch/NMDC/nom_processing/monet_nom/processed_20260701/60920_11_T_1_WEOM_r3_Mag_21Dec23_300SA_p01_19_1_14141,/home/bmeluch/NMDC/nom_processing/monet_nom/raw/QC_SRFAII_23_01_20ppm_r2_Mag_21Dec23_300SA_p01_54_1_14119.d,nmdc:calib-14-hhn3qb47,"EMSL NOM full profile mass spectrometry, negative",7T FT-ICR MS,EMSL,EMSL,2023-12-25T22:12:35Z,placeholder,['nmdc:sty-11-graz4n71']
nmdc:bsm-11-7dqfmc60,/home/bmeluch/NMDC/nom_processing/monet_nom/raw/60920_11_T_2_WEOM_r1_Mag_21Dec23_300SA_p01_38_1_14028.d,/home/bmeluch/NMDC/nom_processing/monet_nom/processed_20260701/60920_11_T_2_WEOM_r1_Mag_21Dec23_300SA_p01_38_1_14028,/home/bmeluch/NMDC/nom_processing/monet_nom/raw/QC_SRFAII_23_01_20ppm_r1_Mag_21Dec23_300SA_p01_54_1_14008.d,nmdc:calib-14-hhn3qb47,"EMSL NOM full profile mass spectrometry, negative",7T FT-ICR MS,EMSL,EMSL,2023-12-22T19:00:24Z,placeholder,['nmdc:sty-11-graz4n71']
nmdc:bsm-11-7dqfmc60,/home/bmeluch/NMDC/nom_processing/monet_nom/raw/60920_11_T_2_WEOM_r2_Mag_21Dec23_300SA_p01_38_1_14104.d,/home/bmeluch/NMDC/nom_processing/monet_nom/processed_20260701/60920_11_T_2_WEOM_r2_Mag_21Dec23_300SA_p01_38_1_14104,/home/bmeluch/NMDC/nom_processing/monet_nom/raw/QC_SRFAII_23_01_20ppm_r2_Mag_21Dec23_300SA_p01_54_1_14097.d,nmdc:calib-14-hhn3qb47,"EMSL NOM full profile mass spectrometry, negative",7T FT-ICR MS,EMSL,EMSL,2023-12-25T05:48:43Z,placeholder,['nmdc:sty-11-graz4n71']
nmdc:bsm-11-7dqfmc60,/home/bmeluch/NMDC/nom_processing/monet_nom/raw/60920_11_T_2_WEOM_r3_Mag_21Dec23_300SA_p01_38_1_14171.d,/home/bmeluch/NMDC/nom_processing/monet_nom/processed_20260701/60920_11_T_2_WEOM_r3_Mag_21Dec23_300SA_p01_38_1_14171,/home/bmeluch/NMDC/nom_processing/monet_nom/raw/QC_SRFAII_23_01_20ppm_r3_Mag_21Dec23_300SA_p01_54_1_14164.d,nmdc:calib-14-hhn3qb47,"EMSL NOM full profile mass spectrometry, negative",7T FT-ICR MS,EMSL,EMSL,2023-12-26T11:30:21Z,placeholder,['nmdc:sty-11-graz4n71']
nmdc:bsm-11-7dqfmc60,/home/bmeluch/NMDC/nom_processing/monet_nom/raw/60920_11_T_3_WEOM_r1_Mag_21Dec23_300SA_p01_19_1_14044.d,/home/bmeluch/NMDC/nom_processing/monet_nom/processed_20260701/60920_11_T_3_WEOM_r1_Mag_21Dec23_300SA_p01_19_1_14044,/home/bmeluch/NMDC/nom_processing/monet_nom/raw/QC_SRFAII_23_01_20ppm_r1_Mag_21Dec23_300SA_p01_54_1_14030.d,nmdc:calib-14-hhn3qb47,"EMSL NOM full profile mass spectrometry, negative",7T FT-ICR MS,EMSL,EMSL,2023-12-23T02:05:52Z,placeholder,['nmdc:sty-11-graz4n71']
nmdc:bsm-11-7dqfmc60,/home/bmeluch/NMDC/nom_processing/monet_nom/raw/60920_11_T_3_WEOM_r2_Mag_21Dec23_300SA_p01_19_1_14118.d,/home/bmeluch/NMDC/nom_processing/monet_nom/processed_20260701/60920_11_T_3_WEOM_r2_Mag_21Dec23_300SA_p01_19_1_14118,/home/bmeluch/NMDC/nom_processing/monet_nom/raw/QC_SRFAII_23_01_20ppm_r2_Mag_21Dec23_300SA_p01_54_1_14097.d,nmdc:calib-14-hhn3qb47,"EMSL NOM full profile mass spectrometry, negative",7T FT-ICR MS,EMSL,EMSL,2023-12-25T12:01:00Z,placeholder,['nmdc:sty-11-graz4n71']
nmdc:bsm-11-7dqfmc60,/home/bmeluch/NMDC/nom_processing/monet_nom/raw/60920_11_T_3_WEOM_r3_Mag_21Dec23_300SA_p01_19_1_14198.d,/home/bmeluch/NMDC/nom_processing/monet_nom/processed_20260701/60920_11_T_3_WEOM_r3_Mag_21Dec23_300SA_p01_19_1_14198,/home/bmeluch/NMDC/nom_processing/monet_nom/raw/QC_SRFAII_23_01_20ppm_r3_Mag_21Dec23_300SA_p01_54_1_14186.d,nmdc:calib-14-hhn3qb47,"EMSL NOM full profile mass spectrometry, negative",7T FT-ICR MS,EMSL,EMSL,2023-12-26T23:28:18Z,placeholder,['nmdc:sty-11-graz4n71']
nmdc:bsm-11-r9zdf051,/home/bmeluch/NMDC/nom_processing/monet_nom/raw/60920_2_B_1_WEOM_r1_Mag_21Dec23_300SA_p01_4_1_14002.d,/home/bmeluch/NMDC/nom_processing/monet_nom/processed_20260701/60920_2_B_1_WEOM_r1_Mag_21Dec23_300SA_p01_4_1_14002,/home/bmeluch/NMDC/nom_processing/monet_nom/raw/QC_SRFAII_23_01_20ppm_r0_Mag_21Dec23_300SA_p01_54_1_13983.d,nmdc:calib-14-hhn3qb47,"EMSL NOM full profile mass spectrometry, negative",7T FT-ICR MS,EMSL,EMSL,2023-12-22T07:29:02Z,placeholder,['nmdc:sty-11-graz4n71']
nmdc:bsm-11-r9zdf051,/home/bmeluch/NMDC/nom_processing/monet_nom/raw/60920_2_B_1_WEOM_r2_Mag_21Dec23_300SA_p01_4_1_14064.d,/home/bmeluch/NMDC/nom_processing/monet_nom/processed_20260701/60920_2_B_1_WEOM_r2_Mag_21Dec23_300SA_p01_4_1_14064,/home/bmeluch/NMDC/nom_processing/monet_nom/raw/QC_SRFAII_23_01_20ppm_r1_Mag_21Dec23_300SA_p01_54_1_14052.d,nmdc:calib-14-hhn3qb47,"EMSL NOM full profile mass spectrometry, negative",7T FT-ICR MS,EMSL,EMSL,2023-12-23T10:57:42Z,placeholder,['nmdc:sty-11-graz4n71']
nmdc:bsm-11-r9zdf051,/home/bmeluch/NMDC/nom_processing/monet_nom/raw/60920_2_B_1_WEOM_r3_Mag_21Dec23_300SA_p01_4_1_14144.d,/home/bmeluch/NMDC/nom_processing/monet_nom/processed_20260701/60920_2_B_1_WEOM_r3_Mag_21Dec23_300SA_p01_4_1_14144,/home/bmeluch/NMDC/nom_processing/monet_nom/raw/QC_SRFAII_23_01_20ppm_r3_Mag_21Dec23_300SA_p01_54_1_14142.d,nmdc:calib-14-hhn3qb47,"EMSL NOM full profile mass spectrometry, negative",7T FT-ICR MS,EMSL,EMSL,2023-12-25T23:32:20Z,placeholder,['nmdc:sty-11-graz4n71']
nmdc:bsm-11-r9zdf051,/home/bmeluch/NMDC/nom_processing/monet_nom/raw/60920_2_B_2_WEOM_r1_Mag_21Dec23_300SA_p01_23_1_14018.d,/home/bmeluch/NMDC/nom_processing/monet_nom/processed_20260701/60920_2_B_2_WEOM_r1_Mag_21Dec23_300SA_p01_23_1_14018,/home/bmeluch/NMDC/nom_processing/monet_nom/raw/QC_SRFAII_23_01_20ppm_r1_Mag_21Dec23_300SA_p01_54_1_14008.d,nmdc:calib-14-hhn3qb47,"EMSL NOM full profile mass spectrometry, negative",7T FT-ICR MS,EMSL,EMSL,2023-12-22T14:34:30Z,placeholder,['nmdc:sty-11-graz4n71']
nmdc:bsm-11-r9zdf051,/home/bmeluch/NMDC/nom_processing/monet_nom/raw/60920_2_B_2_WEOM_r2_Mag_21Dec23_300SA_p01_23_1_14090.d,/home/bmeluch/NMDC/nom_processing/monet_nom/processed_20260701/60920_2_B_2_WEOM_r2_Mag_21Dec23_300SA_p01_23_1_14090,/home/bmeluch/NMDC/nom_processing/monet_nom/raw/QC_SRFAII_23_01_20ppm_r2_Mag_21Dec23_300SA_p01_54_1_14075.d,nmdc:calib-14-hhn3qb47,"EMSL NOM full profile mass spectrometry, negative",7T FT-ICR MS,EMSL,EMSL,2023-12-24T23:36:25Z,placeholder,['nmdc:sty-11-graz4n71']
nmdc:bsm-11-r9zdf051,/home/bmeluch/NMDC/nom_processing/monet_nom/raw/60920_2_B_2_WEOM_r3_Mag_21Dec23_300SA_p01_23_1_14157.d,/home/bmeluch/NMDC/nom_processing/monet_nom/processed_20260701/60920_2_B_2_WEOM_r3_Mag_21Dec23_300SA_p01_23_1_14157,/home/bmeluch/NMDC/nom_processing/monet_nom/raw/QC_SRFAII_23_01_20ppm_r3_Mag_21Dec23_300SA_p01_54_1_14142.d,nmdc:calib-14-hhn3qb47,"EMSL NOM full profile mass spectrometry, negative",7T FT-ICR MS,EMSL,EMSL,2023-12-26T05:18:02Z,placeholder,['nmdc:sty-11-graz4n71']
nmdc:bsm-11-r9zdf051,/home/bmeluch/NMDC/nom_processing/monet_nom/raw/60920_2_B_3_WEOM_r1_Mag_21Dec23_300SA_p01_4_1_14054.d,/home/bmeluch/NMDC/nom_processing/monet_nom/processed_20260701/60920_2_B_3_WEOM_r1_Mag_21Dec23_300SA_p01_4_1_14054,/home/bmeluch/NMDC/nom_processing/monet_nom/raw/QC_SRFAII_23_01_20ppm_r1_Mag_21Dec23_300SA_p01_54_1_14052.d,nmdc:calib-14-hhn3qb47,"EMSL NOM full profile mass spectrometry, negative",7T FT-ICR MS,EMSL,EMSL,2023-12-23T06:31:46Z,placeholder,['nmdc:sty-11-graz4n71']
nmdc:bsm-11-r9zdf051,/home/bmeluch/NMDC/nom_processing/monet_nom/raw/60920_2_B_3_WEOM_r2_Mag_21Dec23_300SA_p01_4_1_14110.d,/home/bmeluch/NMDC/nom_processing/monet_nom/processed_20260701/60920_2_B_3_WEOM_r2_Mag_21Dec23_300SA_p01_4_1_14110,/home/bmeluch/NMDC/nom_processing/monet_nom/raw/QC_SRFAII_23_01_20ppm_r2_Mag_21Dec23_300SA_p01_54_1_14097.d,nmdc:calib-14-hhn3qb47,"EMSL NOM full profile mass spectrometry, negative",7T FT-ICR MS,EMSL,EMSL,2023-12-25T08:28:15Z,placeholder,['nmdc:sty-11-graz4n71']
nmdc:bsm-11-r9zdf051,/home/bmeluch/NMDC/nom_processing/monet_nom/raw/60920_2_B_3_WEOM_r3_Mag_21Dec23_300SA_p01_4_1_14183.d,/home/bmeluch/NMDC/nom_processing/monet_nom/processed_20260701/60920_2_B_3_WEOM_r3_Mag_21Dec23_300SA_p01_4_1_14183,/home/bmeluch/NMDC/nom_processing/monet_nom/raw/QC_SRFAII_23_01_20ppm_r3_Mag_21Dec23_300SA_p01_54_1_14164.d,nmdc:calib-14-hhn3qb47,"EMSL NOM full profile mass spectrometry, negative",7T FT-ICR MS,EMSL,EMSL,2023-12-26T16:49:26Z,placeholder,['nmdc:sty-11-graz4n71']
nmdc:bsm-11-rh9qzh71,/home/bmeluch/NMDC/nom_processing/monet_nom/raw/60920_2_T_1_WEOM_r1_Mag_21Dec23_300SA_p01_3_1_13995.d,/home/bmeluch/NMDC/nom_processing/monet_nom/processed_20260701/60920_2_T_1_WEOM_r1_Mag_21Dec23_300SA_p01_3_1_13995,/home/bmeluch/NMDC/nom_processing/monet_nom/raw/QC_SRFAII_23_01_20ppm_r0_Mag_21Dec23_300SA_p01_54_1_13983.d,nmdc:calib-14-hhn3qb47,"EMSL NOM full profile mass spectrometry, negative",7T FT-ICR MS,EMSL,EMSL,2023-12-22T04:22:54Z,placeholder,['nmdc:sty-11-graz4n71']
nmdc:bsm-11-rh9qzh71,/home/bmeluch/NMDC/nom_processing/monet_nom/raw/60920_2_T_1_WEOM_r2_Mag_21Dec23_300SA_p01_3_1_14078.d,/home/bmeluch/NMDC/nom_processing/monet_nom/processed_20260701/60920_2_T_1_WEOM_r2_Mag_21Dec23_300SA_p01_3_1_14078,/home/bmeluch/NMDC/nom_processing/monet_nom/raw/QC_SRFAII_23_01_20ppm_r2_Mag_21Dec23_300SA_p01_54_1_14075.d,nmdc:calib-14-hhn3qb47,"EMSL NOM full profile mass spectrometry, negative",7T FT-ICR MS,EMSL,EMSL,2023-12-23T17:10:00Z,placeholder,['nmdc:sty-11-graz4n71']
nmdc:bsm-11-rh9qzh71,/home/bmeluch/NMDC/nom_processing/monet_nom/raw/60920_2_T_1_WEOM_r3_Mag_21Dec23_300SA_p01_3_1_14133.d,/home/bmeluch/NMDC/nom_processing/monet_nom/processed_20260701/60920_2_T_1_WEOM_r3_Mag_21Dec23_300SA_p01_3_1_14133,/home/bmeluch/NMDC/nom_processing/monet_nom/raw/QC_SRFAII_23_01_20ppm_r2_Mag_21Dec23_300SA_p01_54_1_14119.d,nmdc:calib-14-hhn3qb47,"EMSL NOM full profile mass spectrometry, negative",7T FT-ICR MS,EMSL,EMSL,2023-12-25T18:39:51Z,placeholder,['nmdc:sty-11-graz4n71']
nmdc:bsm-11-rh9qzh71,/home/bmeluch/NMDC/nom_processing/monet_nom/raw/60920_2_T_2_WEOM_r1_Mag_21Dec23_300SA_p01_22_1_14023.d,/home/bmeluch/NMDC/nom_processing/monet_nom/processed_20260701/60920_2_T_2_WEOM_r1_Mag_21Dec23_300SA_p01_22_1_14023,/home/bmeluch/NMDC/nom_processing/monet_nom/raw/QC_SRFAII_23_01_20ppm_r1_Mag_21Dec23_300SA_p01_54_1_14008.d,nmdc:calib-14-hhn3qb47,"EMSL NOM full profile mass spectrometry, negative",7T FT-ICR MS,EMSL,EMSL,2023-12-22T16:47:28Z,placeholder,['nmdc:sty-11-graz4n71']
nmdc:bsm-11-rh9qzh71,/home/bmeluch/NMDC/nom_processing/monet_nom/raw/60920_2_T_2_WEOM_r2_Mag_21Dec23_300SA_p01_22_1_14101.d,/home/bmeluch/NMDC/nom_processing/monet_nom/processed_20260701/60920_2_T_2_WEOM_r2_Mag_21Dec23_300SA_p01_22_1_14101,/home/bmeluch/NMDC/nom_processing/monet_nom/raw/QC_SRFAII_23_01_20ppm_r2_Mag_21Dec23_300SA_p01_54_1_14097.d,nmdc:calib-14-hhn3qb47,"EMSL NOM full profile mass spectrometry, negative",7T FT-ICR MS,EMSL,EMSL,2023-12-25T04:28:56Z,placeholder,['nmdc:sty-11-graz4n71']
nmdc:bsm-11-rh9qzh71,/home/bmeluch/NMDC/nom_processing/monet_nom/raw/60920_2_T_2_WEOM_r3_Mag_21Dec23_300SA_p01_22_1_14168.d,/home/bmeluch/NMDC/nom_processing/monet_nom/processed_20260701/60920_2_T_2_WEOM_r3_Mag_21Dec23_300SA_p01_22_1_14168,/home/bmeluch/NMDC/nom_processing/monet_nom/raw/QC_SRFAII_23_01_20ppm_r3_Mag_21Dec23_300SA_p01_54_1_14164.d,nmdc:calib-14-hhn3qb47,"EMSL NOM full profile mass spectrometry, negative",7T FT-ICR MS,EMSL,EMSL,2023-12-26T10:10:34Z,placeholder,['nmdc:sty-11-graz4n71']
nmdc:bsm-11-rh9qzh71,/home/bmeluch/NMDC/nom_processing/monet_nom/raw/60920_2_T_3_WEOM_r1_Mag_21Dec23_300SA_p01_3_1_14049.d,/home/bmeluch/NMDC/nom_processing/monet_nom/processed_20260701/60920_2_T_3_WEOM_r1_Mag_21Dec23_300SA_p01_3_1_14049,/home/bmeluch/NMDC/nom_processing/monet_nom/raw/QC_SRFAII_23_01_20ppm_r1_Mag_21Dec23_300SA_p01_54_1_14030.d,nmdc:calib-14-hhn3qb47,"EMSL NOM full profile mass spectrometry, negative",7T FT-ICR MS,EMSL,EMSL,2023-12-23T04:18:48Z,placeholder,['nmdc:sty-11-graz4n71']
nmdc:bsm-11-rh9qzh71,/home/bmeluch/NMDC/nom_processing/monet_nom/raw/60920_2_T_3_WEOM_r2_Mag_21Dec23_300SA_p01_3_1_14112.d,/home/bmeluch/NMDC/nom_processing/monet_nom/processed_20260701/60920_2_T_3_WEOM_r2_Mag_21Dec23_300SA_p01_3_1_14112,/home/bmeluch/NMDC/nom_processing/monet_nom/raw/QC_SRFAII_23_01_20ppm_r2_Mag_21Dec23_300SA_p01_54_1_14097.d,nmdc:calib-14-hhn3qb47,"EMSL NOM full profile mass spectrometry, negative",7T FT-ICR MS,EMSL,EMSL,2023-12-25T09:21:27Z,placeholder,['nmdc:sty-11-graz4n71']
nmdc:bsm-11-rh9qzh71,/home/bmeluch/NMDC/nom_processing/monet_nom/raw/60920_2_T_3_WEOM_r3_Mag_21Dec23_300SA_p01_3_1_14196.d,/home/bmeluch/NMDC/nom_processing/monet_nom/processed_20260701/60920_2_T_3_WEOM_r3_Mag_21Dec23_300SA_p01_3_1_14196,/home/bmeluch/NMDC/nom_processing/monet_nom/raw/QC_SRFAII_23_01_20ppm_r3_Mag_21Dec23_300SA_p01_54_1_14186.d,nmdc:calib-14-hhn3qb47,"EMSL NOM full profile mass spectrometry, negative",7T FT-ICR MS,EMSL,EMSL,2023-12-26T22:35:07Z,placeholder,['nmdc:sty-11-graz4n71']
nmdc:bsm-11-js7fx643,/home/bmeluch/NMDC/nom_processing/monet_nom/raw/60920_3_B_1_WEOM_r1_Mag_21Dec23_300SA_p01_6_1_14010.d,/home/bmeluch/NMDC/nom_processing/monet_nom/processed_20260701/60920_3_B_1_WEOM_r1_Mag_21Dec23_300SA_p01_6_1_14010,/home/bmeluch/NMDC/nom_processing/monet_nom/raw/QC_SRFAII_23_01_20ppm_r1_Mag_21Dec23_300SA_p01_54_1_14008.d,nmdc:calib-14-hhn3qb47,"EMSL NOM full profile mass spectrometry, negative",7T FT-ICR MS,EMSL,EMSL,2023-12-22T11:01:47Z,placeholder,['nmdc:sty-11-graz4n71']
nmdc:bsm-11-js7fx643,/home/bmeluch/NMDC/nom_processing/monet_nom/raw/60920_3_B_1_WEOM_r2_Mag_21Dec23_300SA_p01_6_1_14067.d,/home/bmeluch/NMDC/nom_processing/monet_nom/processed_20260701/60920_3_B_1_WEOM_r2_Mag_21Dec23_300SA_p01_6_1_14067,/home/bmeluch/NMDC/nom_processing/monet_nom/raw/QC_SRFAII_23_01_20ppm_r1_Mag_21Dec23_300SA_p01_54_1_14052.d,nmdc:calib-14-hhn3qb47,"EMSL NOM full profile mass spectrometry, negative",7T FT-ICR MS,EMSL,EMSL,2023-12-23T12:17:30Z,placeholder,['nmdc:sty-11-graz4n71']
nmdc:bsm-11-js7fx643,/home/bmeluch/NMDC/nom_processing/monet_nom/raw/60920_3_B_1_WEOM_r3_Mag_21Dec23_300SA_p01_6_1_14146.d,/home/bmeluch/NMDC/nom_processing/monet_nom/processed_20260701/60920_3_B_1_WEOM_r3_Mag_21Dec23_300SA_p01_6_1_14146,/home/bmeluch/NMDC/nom_processing/monet_nom/raw/QC_SRFAII_23_01_20ppm_r3_Mag_21Dec23_300SA_p01_54_1_14142.d,nmdc:calib-14-hhn3qb47,"EMSL NOM full profile mass spectrometry, negative",7T FT-ICR MS,EMSL,EMSL,2023-12-26T00:25:31Z,placeholder,['nmdc:sty-11-graz4n71']
nmdc:bsm-11-js7fx643,/home/bmeluch/NMDC/nom_processing/monet_nom/raw/60920_3_B_2_WEOM_r1_Mag_21Dec23_300SA_p01_25_1_14027.d,/home/bmeluch/NMDC/nom_processing/monet_nom/processed_20260701/60920_3_B_2_WEOM_r1_Mag_21Dec23_300SA_p01_25_1_14027,/home/bmeluch/NMDC/nom_processing/monet_nom/raw/QC_SRFAII_23_01_20ppm_r1_Mag_21Dec23_300SA_p01_54_1_14008.d,nmdc:calib-14-hhn3qb47,"EMSL NOM full profile mass spectrometry, negative",7T FT-ICR MS,EMSL,EMSL,2023-12-22T18:33:50Z,placeholder,['nmdc:sty-11-graz4n71']
nmdc:bsm-11-js7fx643,/home/bmeluch/NMDC/nom_processing/monet_nom/raw/60920_3_B_2_WEOM_r2_Mag_21Dec23_300SA_p01_25_1_14083.d,/home/bmeluch/NMDC/nom_processing/monet_nom/processed_20260701/60920_3_B_2_WEOM_r2_Mag_21Dec23_300SA_p01_25_1_14083,/home/bmeluch/NMDC/nom_processing/monet_nom/raw/QC_SRFAII_23_01_20ppm_r2_Mag_21Dec23_300SA_p01_54_1_14075.d,nmdc:calib-14-hhn3qb47,"EMSL NOM full profile mass spectrometry, negative",7T FT-ICR MS,EMSL,EMSL,2023-12-23T19:22:57Z,placeholder,['nmdc:sty-11-graz4n71']
nmdc:bsm-11-js7fx643,/home/bmeluch/NMDC/nom_processing/monet_nom/raw/60920_3_B_2_WEOM_r3_Mag_21Dec23_300SA_p01_25_1_14166.d,/home/bmeluch/NMDC/nom_processing/monet_nom/processed_20260701/60920_3_B_2_WEOM_r3_Mag_21Dec23_300SA_p01_25_1_14166,/home/bmeluch/NMDC/nom_processing/monet_nom/raw/QC_SRFAII_23_01_20ppm_r3_Mag_21Dec23_300SA_p01_54_1_14164.d,nmdc:calib-14-hhn3qb47,"EMSL NOM full profile mass spectrometry, negative",7T FT-ICR MS,EMSL,EMSL,2023-12-26T09:17:23Z,placeholder,['nmdc:sty-11-graz4n71']
nmdc:bsm-11-js7fx643,/home/bmeluch/NMDC/nom_processing/monet_nom/raw/60920_3_B_3_WEOM_r1_Mag_21Dec23_300SA_p01_6_1_14043.d,/home/bmeluch/NMDC/nom_processing/monet_nom/processed_20260701/60920_3_B_3_WEOM_r1_Mag_21Dec23_300SA_p01_6_1_14043,/home/bmeluch/NMDC/nom_processing/monet_nom/raw/QC_SRFAII_23_01_20ppm_r1_Mag_21Dec23_300SA_p01_54_1_14030.d,nmdc:calib-14-hhn3qb47,"EMSL NOM full profile mass spectrometry, negative",7T FT-ICR MS,EMSL,EMSL,2023-12-23T01:39:16Z,placeholder,['nmdc:sty-11-graz4n71']
nmdc:bsm-11-js7fx643,/home/bmeluch/NMDC/nom_processing/monet_nom/raw/60920_3_B_3_WEOM_r2_Mag_21Dec23_300SA_p01_6_1_14123.d,/home/bmeluch/NMDC/nom_processing/monet_nom/processed_20260701/60920_3_B_3_WEOM_r2_Mag_21Dec23_300SA_p01_6_1_14123,/home/bmeluch/NMDC/nom_processing/monet_nom/raw/QC_SRFAII_23_01_20ppm_r2_Mag_21Dec23_300SA_p01_54_1_14119.d,nmdc:calib-14-hhn3qb47,"EMSL NOM full profile mass spectrometry, negative",7T FT-ICR MS,EMSL,EMSL,2023-12-25T14:13:58Z,placeholder,['nmdc:sty-11-graz4n71']
nmdc:bsm-11-js7fx643,/home/bmeluch/NMDC/nom_processing/monet_nom/raw/60920_3_B_3_WEOM_r3_Mag_21Dec23_300SA_p01_6_1_14192.d,/home/bmeluch/NMDC/nom_processing/monet_nom/processed_20260701/60920_3_B_3_WEOM_r3_Mag_21Dec23_300SA_p01_6_1_14192,/home/bmeluch/NMDC/nom_processing/monet_nom/raw/QC_SRFAII_23_01_20ppm_r3_Mag_21Dec23_300SA_p01_54_1_14186.d,nmdc:calib-14-hhn3qb47,"EMSL NOM full profile mass spectrometry, negative",7T FT-ICR MS,EMSL,EMSL,2023-12-26T20:48:45Z,placeholder,['nmdc:sty-11-graz4n71']
nmdc:bsm-11-gzkzbg65,/home/bmeluch/NMDC/nom_processing/monet_nom/raw/60920_3_T_1_WEOM_r1_Mag_21Dec23_300SA_p01_5_1_13990.d,/home/bmeluch/NMDC/nom_processing/monet_nom/processed_20260701/60920_3_T_1_WEOM_r1_Mag_21Dec23_300SA_p01_5_1_13990,/home/bmeluch/NMDC/nom_processing/monet_nom/raw/QC_SRFAII_23_01_20ppm_r0_Mag_21Dec23_300SA_p01_54_1_13983.d,nmdc:calib-14-hhn3qb47,"EMSL NOM full profile mass spectrometry, negative",7T FT-ICR MS,EMSL,EMSL,2023-12-22T02:09:57Z,placeholder,['nmdc:sty-11-graz4n71']
nmdc:bsm-11-gzkzbg65,/home/bmeluch/NMDC/nom_processing/monet_nom/raw/60920_3_T_1_WEOM_r3_Mag_21Dec23_300SA_p01_5_1_14137.d,/home/bmeluch/NMDC/nom_processing/monet_nom/processed_20260701/60920_3_T_1_WEOM_r3_Mag_21Dec23_300SA_p01_5_1_14137,/home/bmeluch/NMDC/nom_processing/monet_nom/raw/QC_SRFAII_23_01_20ppm_r2_Mag_21Dec23_300SA_p01_54_1_14119.d,nmdc:calib-14-hhn3qb47,"EMSL NOM full profile mass spectrometry, negative",7T FT-ICR MS,EMSL,EMSL,2023-12-25T20:26:13Z,placeholder,['nmdc:sty-11-graz4n71']
nmdc:bsm-11-gzkzbg65,/home/bmeluch/NMDC/nom_processing/monet_nom/raw/60920_3_T_2_WEOM_r1_Mag_21Dec23_300SA_p01_24_1_14029.d,/home/bmeluch/NMDC/nom_processing/monet_nom/processed_20260701/60920_3_T_2_WEOM_r1_Mag_21Dec23_300SA_p01_24_1_14029,/home/bmeluch/NMDC/nom_processing/monet_nom/raw/QC_SRFAII_23_01_20ppm_r1_Mag_21Dec23_300SA_p01_54_1_14008.d,nmdc:calib-14-hhn3qb47,"EMSL NOM full profile mass spectrometry, negative",7T FT-ICR MS,EMSL,EMSL,2023-12-22T19:27:00Z,placeholder,['nmdc:sty-11-graz4n71']
nmdc:bsm-11-gzkzbg65,/home/bmeluch/NMDC/nom_processing/monet_nom/raw/60920_3_T_2_WEOM_r2_Mag_21Dec23_300SA_p01_24_1_14092.d,/home/bmeluch/NMDC/nom_processing/monet_nom/processed_20260701/60920_3_T_2_WEOM_r2_Mag_21Dec23_300SA_p01_24_1_14092,/home/bmeluch/NMDC/nom_processing/monet_nom/raw/QC_SRFAII_23_01_20ppm_r2_Mag_21Dec23_300SA_p01_54_1_14075.d,nmdc:calib-14-hhn3qb47,"EMSL NOM full profile mass spectrometry, negative",7T FT-ICR MS,EMSL,EMSL,2023-12-25T00:29:36Z,placeholder,['nmdc:sty-11-graz4n71']
nmdc:bsm-11-gzkzbg65,/home/bmeluch/NMDC/nom_processing/monet_nom/raw/60920_3_T_2_WEOM_r3_Mag_21Dec23_300SA_p01_24_1_14163.d,/home/bmeluch/NMDC/nom_processing/monet_nom/processed_20260701/60920_3_T_2_WEOM_r3_Mag_21Dec23_300SA_p01_24_1_14163,/home/bmeluch/NMDC/nom_processing/monet_nom/raw/QC_SRFAII_23_01_20ppm_r3_Mag_21Dec23_300SA_p01_54_1_14142.d,nmdc:calib-14-hhn3qb47,"EMSL NOM full profile mass spectrometry, negative",7T FT-ICR MS,EMSL,EMSL,2023-12-26T07:57:36Z,placeholder,['nmdc:sty-11-graz4n71']
nmdc:bsm-11-gzkzbg65,/home/bmeluch/NMDC/nom_processing/monet_nom/raw/60920_3_T_3_WEOM_r1_Mag_21Dec23_300SA_p01_5_1_14050.d,/home/bmeluch/NMDC/nom_processing/monet_nom/processed_20260701/60920_3_T_3_WEOM_r1_Mag_21Dec23_300SA_p01_5_1_14050,/home/bmeluch/NMDC/nom_processing/monet_nom/raw/QC_SRFAII_23_01_20ppm_r1_Mag_21Dec23_300SA_p01_54_1_14030.d,nmdc:calib-14-hhn3qb47,"EMSL NOM full profile mass spectrometry, negative",7T FT-ICR MS,EMSL,EMSL,2023-12-23T04:45:25Z,placeholder,['nmdc:sty-11-graz4n71']
nmdc:bsm-11-gzkzbg65,/home/bmeluch/NMDC/nom_processing/monet_nom/raw/60920_3_T_3_WEOM_r2_Mag_21Dec23_300SA_p01_5_1_14128.d,/home/bmeluch/NMDC/nom_processing/monet_nom/processed_20260701/60920_3_T_3_WEOM_r2_Mag_21Dec23_300SA_p01_5_1_14128,/home/bmeluch/NMDC/nom_processing/monet_nom/raw/QC_SRFAII_23_01_20ppm_r2_Mag_21Dec23_300SA_p01_54_1_14119.d,nmdc:calib-14-hhn3qb47,"EMSL NOM full profile mass spectrometry, negative",7T FT-ICR MS,EMSL,EMSL,2023-12-25T16:26:56Z,placeholder,['nmdc:sty-11-graz4n71']
nmdc:bsm-11-gzkzbg65,/home/bmeluch/NMDC/nom_processing/monet_nom/raw/60920_3_T_3_WEOM_r3_Mag_21Dec23_300SA_p01_5_1_14188.d,/home/bmeluch/NMDC/nom_processing/monet_nom/processed_20260701/60920_3_T_3_WEOM_r3_Mag_21Dec23_300SA_p01_5_1_14188,/home/bmeluch/NMDC/nom_processing/monet_nom/raw/QC_SRFAII_23_01_20ppm_r3_Mag_21Dec23_300SA_p01_54_1_14186.d,nmdc:calib-14-hhn3qb47,"EMSL NOM full profile mass spectrometry, negative",7T FT-ICR MS,EMSL,EMSL,2023-12-26T19:02:23Z,placeholder,['nmdc:sty-11-graz4n71']
nmdc:bsm-11-t5bdp614,/home/bmeluch/NMDC/nom_processing/monet_nom/raw/60920_4_B_1_WEOM_r1_Mag_21Dec23_300SA_p01_8_1_14000.d,/home/bmeluch/NMDC/nom_processing/monet_nom/processed_20260701/60920_4_B_1_WEOM_r1_Mag_21Dec23_300SA_p01_8_1_14000,/home/bmeluch/NMDC/nom_processing/monet_nom/raw/QC_SRFAII_23_01_20ppm_r0_Mag_21Dec23_300SA_p01_54_1_13983.d,nmdc:calib-14-hhn3qb47,"EMSL NOM full profile mass spectrometry, negative",7T FT-ICR MS,EMSL,EMSL,2023-12-22T06:35:52Z,placeholder,['nmdc:sty-11-graz4n71']
nmdc:bsm-11-t5bdp614,/home/bmeluch/NMDC/nom_processing/monet_nom/raw/60920_4_B_1_WEOM_r2_Mag_21Dec23_300SA_p01_8_1_14065.d,/home/bmeluch/NMDC/nom_processing/monet_nom/processed_20260701/60920_4_B_1_WEOM_r2_Mag_21Dec23_300SA_p01_8_1_14065,/home/bmeluch/NMDC/nom_processing/monet_nom/raw/QC_SRFAII_23_01_20ppm_r1_Mag_21Dec23_300SA_p01_54_1_14052.d,nmdc:calib-14-hhn3qb47,"EMSL NOM full profile mass spectrometry, negative",7T FT-ICR MS,EMSL,EMSL,2023-12-23T11:24:17Z,placeholder,['nmdc:sty-11-graz4n71']
nmdc:bsm-11-t5bdp614,/home/bmeluch/NMDC/nom_processing/monet_nom/raw/60920_4_B_1_WEOM_r3_Mag_21Dec23_300SA_p01_8_1_14140.d,/home/bmeluch/NMDC/nom_processing/monet_nom/processed_20260701/60920_4_B_1_WEOM_r3_Mag_21Dec23_300SA_p01_8_1_14140,/home/bmeluch/NMDC/nom_processing/monet_nom/raw/QC_SRFAII_23_01_20ppm_r2_Mag_21Dec23_300SA_p01_54_1_14119.d,nmdc:calib-14-hhn3qb47,"EMSL NOM full profile mass spectrometry, negative",7T FT-ICR MS,EMSL,EMSL,2023-12-25T21:46:00Z,placeholder,['nmdc:sty-11-graz4n71']
nmdc:bsm-11-t5bdp614,/home/bmeluch/NMDC/nom_processing/monet_nom/raw/60920_4_B_2_WEOM_r1_Mag_21Dec23_300SA_p01_27_1_14024.d,/home/bmeluch/NMDC/nom_processing/monet_nom/processed_20260701/60920_4_B_2_WEOM_r1_Mag_21Dec23_300SA_p01_27_1_14024,/home/bmeluch/NMDC/nom_processing/monet_nom/raw/QC_SRFAII_23_01_20ppm_r1_Mag_21Dec23_300SA_p01_54_1_14008.d,nmdc:calib-14-hhn3qb47,"EMSL NOM full profile mass spectrometry, negative",7T FT-ICR MS,EMSL,EMSL,2023-12-22T17:14:04Z,placeholder,['nmdc:sty-11-graz4n71']
nmdc:bsm-11-t5bdp614,/home/bmeluch/NMDC/nom_processing/monet_nom/raw/60920_4_B_2_WEOM_r2_Mag_21Dec23_300SA_p01_27_1_14103.d,/home/bmeluch/NMDC/nom_processing/monet_nom/processed_20260701/60920_4_B_2_WEOM_r2_Mag_21Dec23_300SA_p01_27_1_14103,/home/bmeluch/NMDC/nom_processing/monet_nom/raw/QC_SRFAII_23_01_20ppm_r2_Mag_21Dec23_300SA_p01_54_1_14097.d,nmdc:calib-14-hhn3qb47,"EMSL NOM full profile mass spectrometry, negative",7T FT-ICR MS,EMSL,EMSL,2023-12-25T05:22:08Z,placeholder,['nmdc:sty-11-graz4n71']
nmdc:bsm-11-t5bdp614,/home/bmeluch/NMDC/nom_processing/monet_nom/raw/60920_4_B_2_WEOM_r3_Mag_21Dec23_300SA_p01_27_1_14167.d,/home/bmeluch/NMDC/nom_processing/monet_nom/processed_20260701/60920_4_B_2_WEOM_r3_Mag_21Dec23_300SA_p01_27_1_14167,/home/bmeluch/NMDC/nom_processing/monet_nom/raw/QC_SRFAII_23_01_20ppm_r3_Mag_21Dec23_300SA_p01_54_1_14164.d,nmdc:calib-14-hhn3qb47,"EMSL NOM full profile mass spectrometry, negative",7T FT-ICR MS,EMSL,EMSL,2023-12-26T09:43:59Z,placeholder,['nmdc:sty-11-graz4n71']
nmdc:bsm-11-t5bdp614,/home/bmeluch/NMDC/nom_processing/monet_nom/raw/60920_4_B_3_WEOM_r1_Mag_21Dec23_300SA_p01_8_1_14056.d,/home/bmeluch/NMDC/nom_processing/monet_nom/processed_20260701/60920_4_B_3_WEOM_r1_Mag_21Dec23_300SA_p01_8_1_14056,/home/bmeluch/NMDC/nom_processing/monet_nom/raw/QC_SRFAII_23_01_20ppm_r1_Mag_21Dec23_300SA_p01_54_1_14052.d,nmdc:calib-14-hhn3qb47,"EMSL NOM full profile mass spectrometry, negative",7T FT-ICR MS,EMSL,EMSL,2023-12-23T07:24:57Z,placeholder,['nmdc:sty-11-graz4n71']
nmdc:bsm-11-t5bdp614,/home/bmeluch/NMDC/nom_processing/monet_nom/raw/60920_4_B_3_WEOM_r2_Mag_21Dec23_300SA_p01_8_1_14124.d,/home/bmeluch/NMDC/nom_processing/monet_nom/processed_20260701/60920_4_B_3_WEOM_r2_Mag_21Dec23_300SA_p01_8_1_14124,/home/bmeluch/NMDC/nom_processing/monet_nom/raw/QC_SRFAII_23_01_20ppm_r2_Mag_21Dec23_300SA_p01_54_1_14119.d,nmdc:calib-14-hhn3qb47,"EMSL NOM full profile mass spectrometry, negative",7T FT-ICR MS,EMSL,EMSL,2023-12-25T14:40:33Z,placeholder,['nmdc:sty-11-graz4n71']
nmdc:bsm-11-t5bdp614,/home/bmeluch/NMDC/nom_processing/monet_nom/raw/60920_4_B_3_WEOM_r3_Mag_21Dec23_300SA_p01_8_1_14181.d,/home/bmeluch/NMDC/nom_processing/monet_nom/processed_20260701/60920_4_B_3_WEOM_r3_Mag_21Dec23_300SA_p01_8_1_14181,/home/bmeluch/NMDC/nom_processing/monet_nom/raw/QC_SRFAII_23_01_20ppm_r3_Mag_21Dec23_300SA_p01_54_1_14164.d,nmdc:calib-14-hhn3qb47,"EMSL NOM full profile mass spectrometry, negative",7T FT-ICR MS,EMSL,EMSL,2023-12-26T15:56:14Z,placeholder,['nmdc:sty-11-graz4n71']
nmdc:bsm-11-n9bkbd72,/home/bmeluch/NMDC/nom_processing/monet_nom/raw/60920_4_T_1_WEOM_r1_Mag_21Dec23_300SA_p01_7_1_13998.d,/home/bmeluch/NMDC/nom_processing/monet_nom/processed_20260701/60920_4_T_1_WEOM_r1_Mag_21Dec23_300SA_p01_7_1_13998,/home/bmeluch/NMDC/nom_processing/monet_nom/raw/QC_SRFAII_23_01_20ppm_r0_Mag_21Dec23_300SA_p01_54_1_13983.d,nmdc:calib-14-hhn3qb47,"EMSL NOM full profile mass spectrometry, negative",7T FT-ICR MS,EMSL,EMSL,2023-12-22T05:42:40Z,placeholder,['nmdc:sty-11-graz4n71']
nmdc:bsm-11-n9bkbd72,/home/bmeluch/NMDC/nom_processing/monet_nom/raw/60920_4_T_1_WEOM_r2_Mag_21Dec23_300SA_p01_7_1_14082.d,/home/bmeluch/NMDC/nom_processing/monet_nom/processed_20260701/60920_4_T_1_WEOM_r2_Mag_21Dec23_300SA_p01_7_1_14082,/home/bmeluch/NMDC/nom_processing/monet_nom/raw/QC_SRFAII_23_01_20ppm_r2_Mag_21Dec23_300SA_p01_54_1_14075.d,nmdc:calib-14-hhn3qb47,"EMSL NOM full profile mass spectrometry, negative",7T FT-ICR MS,EMSL,EMSL,2023-12-23T18:56:22Z,placeholder,['nmdc:sty-11-graz4n71']
nmdc:bsm-11-n9bkbd72,/home/bmeluch/NMDC/nom_processing/monet_nom/raw/60920_4_T_1_WEOM_r3_Mag_21Dec23_300SA_p01_7_1_14135.d,/home/bmeluch/NMDC/nom_processing/monet_nom/processed_20260701/60920_4_T_1_WEOM_r3_Mag_21Dec23_300SA_p01_7_1_14135,/home/bmeluch/NMDC/nom_processing/monet_nom/raw/QC_SRFAII_23_01_20ppm_r2_Mag_21Dec23_300SA_p01_54_1_14119.d,nmdc:calib-14-hhn3qb47,"EMSL NOM full profile mass spectrometry, negative",7T FT-ICR MS,EMSL,EMSL,2023-12-25T19:33:02Z,placeholder,['nmdc:sty-11-graz4n71']
nmdc:bsm-11-n9bkbd72,/home/bmeluch/NMDC/nom_processing/monet_nom/raw/60920_4_T_2_WEOM_r1_Mag_21Dec23_300SA_p01_26_1_14012.d,/home/bmeluch/NMDC/nom_processing/monet_nom/processed_20260701/60920_4_T_2_WEOM_r1_Mag_21Dec23_300SA_p01_26_1_14012,/home/bmeluch/NMDC/nom_processing/monet_nom/raw/QC_SRFAII_23_01_20ppm_r1_Mag_21Dec23_300SA_p01_54_1_14008.d,nmdc:calib-14-hhn3qb47,"EMSL NOM full profile mass spectrometry, negative",7T FT-ICR MS,EMSL,EMSL,2023-12-22T11:54:57Z,placeholder,['nmdc:sty-11-graz4n71']
nmdc:bsm-11-n9bkbd72,/home/bmeluch/NMDC/nom_processing/monet_nom/raw/60920_4_T_2_WEOM_r2_Mag_21Dec23_300SA_p01_26_1_14102.d,/home/bmeluch/NMDC/nom_processing/monet_nom/processed_20260701/60920_4_T_2_WEOM_r2_Mag_21Dec23_300SA_p01_26_1_14102,/home/bmeluch/NMDC/nom_processing/monet_nom/raw/QC_SRFAII_23_01_20ppm_r2_Mag_21Dec23_300SA_p01_54_1_14097.d,nmdc:calib-14-hhn3qb47,"EMSL NOM full profile mass spectrometry, negative",7T FT-ICR MS,EMSL,EMSL,2023-12-25T04:55:32Z,placeholder,['nmdc:sty-11-graz4n71']
nmdc:bsm-11-n9bkbd72,/home/bmeluch/NMDC/nom_processing/monet_nom/raw/60920_4_T_2_WEOM_r3_Mag_21Dec23_300SA_p01_26_1_14156.d,/home/bmeluch/NMDC/nom_processing/monet_nom/processed_20260701/60920_4_T_2_WEOM_r3_Mag_21Dec23_300SA_p01_26_1_14156,/home/bmeluch/NMDC/nom_processing/monet_nom/raw/QC_SRFAII_23_01_20ppm_r3_Mag_21Dec23_300SA_p01_54_1_14142.d,nmdc:calib-14-hhn3qb47,"EMSL NOM full profile mass spectrometry, negative",7T FT-ICR MS,EMSL,EMSL,2023-12-26T04:51:27Z,placeholder,['nmdc:sty-11-graz4n71']
nmdc:bsm-11-n9bkbd72,/home/bmeluch/NMDC/nom_processing/monet_nom/raw/60920_4_T_3_WEOM_r1_Mag_21Dec23_300SA_p01_7_1_14040.d,/home/bmeluch/NMDC/nom_processing/monet_nom/processed_20260701/60920_4_T_3_WEOM_r1_Mag_21Dec23_300SA_p01_7_1_14040,/home/bmeluch/NMDC/nom_processing/monet_nom/raw/QC_SRFAII_23_01_20ppm_r1_Mag_21Dec23_300SA_p01_54_1_14030.d,nmdc:calib-14-hhn3qb47,"EMSL NOM full profile mass spectrometry, negative",7T FT-ICR MS,EMSL,EMSL,2023-12-23T00:19:30Z,placeholder,['nmdc:sty-11-graz4n71']
nmdc:bsm-11-n9bkbd72,/home/bmeluch/NMDC/nom_processing/monet_nom/raw/60920_4_T_3_WEOM_r2_Mag_21Dec23_300SA_p01_7_1_14125.d,/home/bmeluch/NMDC/nom_processing/monet_nom/processed_20260701/60920_4_T_3_WEOM_r2_Mag_21Dec23_300SA_p01_7_1_14125,/home/bmeluch/NMDC/nom_processing/monet_nom/raw/QC_SRFAII_23_01_20ppm_r2_Mag_21Dec23_300SA_p01_54_1_14119.d,nmdc:calib-14-hhn3qb47,"EMSL NOM full profile mass spectrometry, negative",7T FT-ICR MS,EMSL,EMSL,2023-12-25T15:07:09Z,placeholder,['nmdc:sty-11-graz4n71']
nmdc:bsm-11-n9bkbd72,/home/bmeluch/NMDC/nom_processing/monet_nom/raw/60920_4_T_3_WEOM_r3_Mag_21Dec23_300SA_p01_7_1_14184.d,/home/bmeluch/NMDC/nom_processing/monet_nom/processed_20260701/60920_4_T_3_WEOM_r3_Mag_21Dec23_300SA_p01_7_1_14184,/home/bmeluch/NMDC/nom_processing/monet_nom/raw/QC_SRFAII_23_01_20ppm_r3_Mag_21Dec23_300SA_p01_54_1_14164.d,nmdc:calib-14-hhn3qb47,"EMSL NOM full profile mass spectrometry, negative",7T FT-ICR MS,EMSL,EMSL,2023-12-26T17:16:02Z,placeholder,['nmdc:sty-11-graz4n71']
nmdc:bsm-11-1wwh5q40,/home/bmeluch/NMDC/nom_processing/monet_nom/raw/60920_5_B_1_WEOM_r1_Mag_21Dec23_300SA_p01_10_1_13989.d,/home/bmeluch/NMDC/nom_processing/monet_nom/processed_20260701/60920_5_B_1_WEOM_r1_Mag_21Dec23_300SA_p01_10_1_13989,/home/bmeluch/NMDC/nom_processing/monet_nom/raw/QC_SRFAII_23_01_20ppm_r0_Mag_21Dec23_300SA_p01_54_1_13983.d,nmdc:calib-14-hhn3qb47,"EMSL NOM full profile mass spectrometry, negative",7T FT-ICR MS,EMSL,EMSL,2023-12-22T01:43:21Z,placeholder,['nmdc:sty-11-graz4n71']
nmdc:bsm-11-1wwh5q40,/home/bmeluch/NMDC/nom_processing/monet_nom/raw/60920_5_B_1_WEOM_r2_Mag_21Dec23_300SA_p01_10_1_14079.d,/home/bmeluch/NMDC/nom_processing/monet_nom/processed_20260701/60920_5_B_1_WEOM_r2_Mag_21Dec23_300SA_p01_10_1_14079,/home/bmeluch/NMDC/nom_processing/monet_nom/raw/QC_SRFAII_23_01_20ppm_r2_Mag_21Dec23_300SA_p01_54_1_14075.d,nmdc:calib-14-hhn3qb47,"EMSL NOM full profile mass spectrometry, negative",7T FT-ICR MS,EMSL,EMSL,2023-12-23T17:36:36Z,placeholder,['nmdc:sty-11-graz4n71']
nmdc:bsm-11-1wwh5q40,/home/bmeluch/NMDC/nom_processing/monet_nom/raw/60920_5_B_1_WEOM_r3_Mag_21Dec23_300SA_p01_10_1_14149.d,/home/bmeluch/NMDC/nom_processing/monet_nom/processed_20260701/60920_5_B_1_WEOM_r3_Mag_21Dec23_300SA_p01_10_1_14149,/home/bmeluch/NMDC/nom_processing/monet_nom/raw/QC_SRFAII_23_01_20ppm_r3_Mag_21Dec23_300SA_p01_54_1_14142.d,nmdc:calib-14-hhn3qb47,"EMSL NOM full profile mass spectrometry, negative",7T FT-ICR MS,EMSL,EMSL,2023-12-26T01:45:17Z,placeholder,['nmdc:sty-11-graz4n71']
nmdc:bsm-11-1wwh5q40,/home/bmeluch/NMDC/nom_processing/monet_nom/raw/60920_5_B_2_WEOM_r1_Mag_21Dec23_300SA_p01_29_1_14014.d,/home/bmeluch/NMDC/nom_processing/monet_nom/processed_20260701/60920_5_B_2_WEOM_r1_Mag_21Dec23_300SA_p01_29_1_14014,/home/bmeluch/NMDC/nom_processing/monet_nom/raw/QC_SRFAII_23_01_20ppm_r1_Mag_21Dec23_300SA_p01_54_1_14008.d,nmdc:calib-14-hhn3qb47,"EMSL NOM full profile mass spectrometry, negative",7T FT-ICR MS,EMSL,EMSL,2023-12-22T12:48:09Z,placeholder,['nmdc:sty-11-graz4n71']
nmdc:bsm-11-1wwh5q40,/home/bmeluch/NMDC/nom_processing/monet_nom/raw/60920_5_B_2_WEOM_r2_Mag_21Dec23_300SA_p01_29_1_14105.d,/home/bmeluch/NMDC/nom_processing/monet_nom/processed_20260701/60920_5_B_2_WEOM_r2_Mag_21Dec23_300SA_p01_29_1_14105,/home/bmeluch/NMDC/nom_processing/monet_nom/raw/QC_SRFAII_23_01_20ppm_r2_Mag_21Dec23_300SA_p01_54_1_14097.d,nmdc:calib-14-hhn3qb47,"EMSL NOM full profile mass spectrometry, negative",7T FT-ICR MS,EMSL,EMSL,2023-12-25T06:15:18Z,placeholder,['nmdc:sty-11-graz4n71']
nmdc:bsm-11-1wwh5q40,/home/bmeluch/NMDC/nom_processing/monet_nom/raw/60920_5_B_2_WEOM_r3_Mag_21Dec23_300SA_p01_29_1_14174.d,/home/bmeluch/NMDC/nom_processing/monet_nom/processed_20260701/60920_5_B_2_WEOM_r3_Mag_21Dec23_300SA_p01_29_1_14174,/home/bmeluch/NMDC/nom_processing/monet_nom/raw/QC_SRFAII_23_01_20ppm_r3_Mag_21Dec23_300SA_p01_54_1_14164.d,nmdc:calib-14-hhn3qb47,"EMSL NOM full profile mass spectrometry, negative",7T FT-ICR MS,EMSL,EMSL,2023-12-26T12:50:07Z,placeholder,['nmdc:sty-11-graz4n71']
nmdc:bsm-11-1wwh5q40,/home/bmeluch/NMDC/nom_processing/monet_nom/raw/60920_5_B_3_WEOM_r1_Mag_21Dec23_300SA_p01_10_1_14047.d,/home/bmeluch/NMDC/nom_processing/monet_nom/processed_20260701/60920_5_B_3_WEOM_r1_Mag_21Dec23_300SA_p01_10_1_14047,/home/bmeluch/NMDC/nom_processing/monet_nom/raw/QC_SRFAII_23_01_20ppm_r1_Mag_21Dec23_300SA_p01_54_1_14030.d,nmdc:calib-14-hhn3qb47,"EMSL NOM full profile mass spectrometry, negative",7T FT-ICR MS,EMSL,EMSL,2023-12-23T03:25:37Z,placeholder,['nmdc:sty-11-graz4n71']
nmdc:bsm-11-1wwh5q40,/home/bmeluch/NMDC/nom_processing/monet_nom/raw/60920_5_B_3_WEOM_r2_Mag_21Dec23_300SA_p01_10_1_14121.d,/home/bmeluch/NMDC/nom_processing/monet_nom/processed_20260701/60920_5_B_3_WEOM_r2_Mag_21Dec23_300SA_p01_10_1_14121,/home/bmeluch/NMDC/nom_processing/monet_nom/raw/QC_SRFAII_23_01_20ppm_r2_Mag_21Dec23_300SA_p01_54_1_14119.d,nmdc:calib-14-hhn3qb47,"EMSL NOM full profile mass spectrometry, negative",7T FT-ICR MS,EMSL,EMSL,2023-12-25T13:20:46Z,placeholder,['nmdc:sty-11-graz4n71']
nmdc:bsm-11-1wwh5q40,/home/bmeluch/NMDC/nom_processing/monet_nom/raw/60920_5_B_3_WEOM_r3_Mag_21Dec23_300SA_p01_10_1_14199.d,/home/bmeluch/NMDC/nom_processing/monet_nom/processed_20260701/60920_5_B_3_WEOM_r3_Mag_21Dec23_300SA_p01_10_1_14199,/home/bmeluch/NMDC/nom_processing/monet_nom/raw/QC_SRFAII_23_01_20ppm_r3_Mag_21Dec23_300SA_p01_54_1_14186.d,nmdc:calib-14-hhn3qb47,"EMSL NOM full profile mass spectrometry, negative",7T FT-ICR MS,EMSL,EMSL,2023-12-26T23:54:53Z,placeholder,['nmdc:sty-11-graz4n71']
nmdc:bsm-11-az4q4459,/home/bmeluch/NMDC/nom_processing/monet_nom/raw/60920_5_T_1_WEOM_r1_Mag_21Dec23_300SA_p01_9_1_14001.d,/home/bmeluch/NMDC/nom_processing/monet_nom/processed_20260701/60920_5_T_1_WEOM_r1_Mag_21Dec23_300SA_p01_9_1_14001,/home/bmeluch/NMDC/nom_processing/monet_nom/raw/QC_SRFAII_23_01_20ppm_r0_Mag_21Dec23_300SA_p01_54_1_13983.d,nmdc:calib-14-hhn3qb47,"EMSL NOM full profile mass spectrometry, negative",7T FT-ICR MS,EMSL,EMSL,2023-12-22T07:02:27Z,placeholder,['nmdc:sty-11-graz4n71']
nmdc:bsm-11-az4q4459,/home/bmeluch/NMDC/nom_processing/monet_nom/raw/60920_5_T_1_WEOM_r2_Mag_21Dec23_300SA_p01_9_1_14063.d,/home/bmeluch/NMDC/nom_processing/monet_nom/processed_20260701/60920_5_T_1_WEOM_r2_Mag_21Dec23_300SA_p01_9_1_14063,/home/bmeluch/NMDC/nom_processing/monet_nom/raw/QC_SRFAII_23_01_20ppm_r1_Mag_21Dec23_300SA_p01_54_1_14052.d,nmdc:calib-14-hhn3qb47,"EMSL NOM full profile mass spectrometry, negative",7T FT-ICR MS,EMSL,EMSL,2023-12-23T10:31:06Z,placeholder,['nmdc:sty-11-graz4n71']
nmdc:bsm-11-az4q4459,/home/bmeluch/NMDC/nom_processing/monet_nom/raw/60920_5_T_1_WEOM_r3_Mag_21Dec23_300SA_p01_9_1_14131.d,/home/bmeluch/NMDC/nom_processing/monet_nom/processed_20260701/60920_5_T_1_WEOM_r3_Mag_21Dec23_300SA_p01_9_1_14131,/home/bmeluch/NMDC/nom_processing/monet_nom/raw/QC_SRFAII_23_01_20ppm_r2_Mag_21Dec23_300SA_p01_54_1_14119.d,nmdc:calib-14-hhn3qb47,"EMSL NOM full profile mass spectrometry, negative",7T FT-ICR MS,EMSL,EMSL,2023-12-25T17:46:41Z,placeholder,['nmdc:sty-11-graz4n71']
nmdc:bsm-11-az4q4459,/home/bmeluch/NMDC/nom_processing/monet_nom/raw/60920_5_T_2_WEOM_r1_Mag_21Dec23_300SA_p01_28_1_14032.d,/home/bmeluch/NMDC/nom_processing/monet_nom/processed_20260701/60920_5_T_2_WEOM_r1_Mag_21Dec23_300SA_p01_28_1_14032,/home/bmeluch/NMDC/nom_processing/monet_nom/raw/QC_SRFAII_23_01_20ppm_r1_Mag_21Dec23_300SA_p01_54_1_14030.d,nmdc:calib-14-hhn3qb47,"EMSL NOM full profile mass spectrometry, negative",7T FT-ICR MS,EMSL,EMSL,2023-12-22T20:46:45Z,placeholder,['nmdc:sty-11-graz4n71']
nmdc:bsm-11-az4q4459,/home/bmeluch/NMDC/nom_processing/monet_nom/raw/60920_5_T_2_WEOM_r2_Mag_21Dec23_300SA_p01_28_1_14095.d,/home/bmeluch/NMDC/nom_processing/monet_nom/processed_20260701/60920_5_T_2_WEOM_r2_Mag_21Dec23_300SA_p01_28_1_14095,/home/bmeluch/NMDC/nom_processing/monet_nom/raw/QC_SRFAII_23_01_20ppm_r2_Mag_21Dec23_300SA_p01_54_1_14075.d,nmdc:calib-14-hhn3qb47,"EMSL NOM full profile mass spectrometry, negative",7T FT-ICR MS,EMSL,EMSL,2023-12-25T01:49:23Z,placeholder,['nmdc:sty-11-graz4n71']
nmdc:bsm-11-az4q4459,/home/bmeluch/NMDC/nom_processing/monet_nom/raw/60920_5_T_2_WEOM_r3_Mag_21Dec23_300SA_p01_28_1_14162.d,/home/bmeluch/NMDC/nom_processing/monet_nom/processed_20260701/60920_5_T_2_WEOM_r3_Mag_21Dec23_300SA_p01_28_1_14162,/home/bmeluch/NMDC/nom_processing/monet_nom/raw/QC_SRFAII_23_01_20ppm_r3_Mag_21Dec23_300SA_p01_54_1_14142.d,nmdc:calib-14-hhn3qb47,"EMSL NOM full profile mass spectrometry, negative",7T FT-ICR MS,EMSL,EMSL,2023-12-26T07:31:00Z,placeholder,['nmdc:sty-11-graz4n71']
nmdc:bsm-11-az4q4459,/home/bmeluch/NMDC/nom_processing/monet_nom/raw/60920_5_T_3_WEOM_r1_Mag_21Dec23_300SA_p01_9_1_14045.d,/home/bmeluch/NMDC/nom_processing/monet_nom/processed_20260701/60920_5_T_3_WEOM_r1_Mag_21Dec23_300SA_p01_9_1_14045,/home/bmeluch/NMDC/nom_processing/monet_nom/raw/QC_SRFAII_23_01_20ppm_r1_Mag_21Dec23_300SA_p01_54_1_14030.d,nmdc:calib-14-hhn3qb47,"EMSL NOM full profile mass spectrometry, negative",7T FT-ICR MS,EMSL,EMSL,2023-12-23T02:32:27Z,placeholder,['nmdc:sty-11-graz4n71']
nmdc:bsm-11-az4q4459,/home/bmeluch/NMDC/nom_processing/monet_nom/raw/60920_5_T_3_WEOM_r2_Mag_21Dec23_300SA_p01_9_1_14111.d,/home/bmeluch/NMDC/nom_processing/monet_nom/processed_20260701/60920_5_T_3_WEOM_r2_Mag_21Dec23_300SA_p01_9_1_14111,/home/bmeluch/NMDC/nom_processing/monet_nom/raw/QC_SRFAII_23_01_20ppm_r2_Mag_21Dec23_300SA_p01_54_1_14097.d,nmdc:calib-14-hhn3qb47,"EMSL NOM full profile mass spectrometry, negative",7T FT-ICR MS,EMSL,EMSL,2023-12-25T08:54:51Z,placeholder,['nmdc:sty-11-graz4n71']
nmdc:bsm-11-az4q4459,/home/bmeluch/NMDC/nom_processing/monet_nom/raw/60920_5_T_3_WEOM_r3_Mag_21Dec23_300SA_p01_9_1_14193.d,/home/bmeluch/NMDC/nom_processing/monet_nom/processed_20260701/60920_5_T_3_WEOM_r3_Mag_21Dec23_300SA_p01_9_1_14193,/home/bmeluch/NMDC/nom_processing/monet_nom/raw/QC_SRFAII_23_01_20ppm_r3_Mag_21Dec23_300SA_p01_54_1_14186.d,nmdc:calib-14-hhn3qb47,"EMSL NOM full profile mass spectrometry, negative",7T FT-ICR MS,EMSL,EMSL,2023-12-26T21:15:21Z,placeholder,['nmdc:sty-11-graz4n71']
nmdc:bsm-11-f2s5qy43,/home/bmeluch/NMDC/nom_processing/monet_nom/raw/60920_6_B_1_WEOM_r1_Mag_21Dec23_300SA_p01_12_1_14005.d,/home/bmeluch/NMDC/nom_processing/monet_nom/processed_20260701/60920_6_B_1_WEOM_r1_Mag_21Dec23_300SA_p01_12_1_14005,/home/bmeluch/NMDC/nom_processing/monet_nom/raw/QC_SRFAII_23_01_20ppm_r0_Mag_21Dec23_300SA_p01_54_1_13983.d,nmdc:calib-14-hhn3qb47,"EMSL NOM full profile mass spectrometry, negative",7T FT-ICR MS,EMSL,EMSL,2023-12-22T08:48:48Z,placeholder,['nmdc:sty-11-graz4n71']
nmdc:bsm-11-f2s5qy43,/home/bmeluch/NMDC/nom_processing/monet_nom/raw/60920_6_B_1_WEOM_r2_Mag_21Dec23_300SA_p01_12_1_14070.d,/home/bmeluch/NMDC/nom_processing/monet_nom/processed_20260701/60920_6_B_1_WEOM_r2_Mag_21Dec23_300SA_p01_12_1_14070,/home/bmeluch/NMDC/nom_processing/monet_nom/raw/QC_SRFAII_23_01_20ppm_r1_Mag_21Dec23_300SA_p01_54_1_14052.d,nmdc:calib-14-hhn3qb47,"EMSL NOM full profile mass spectrometry, negative",7T FT-ICR MS,EMSL,EMSL,2023-12-23T13:37:16Z,placeholder,['nmdc:sty-11-graz4n71']
nmdc:bsm-11-f2s5qy43,/home/bmeluch/NMDC/nom_processing/monet_nom/raw/60920_6_B_1_WEOM_r3_Mag_21Dec23_300SA_p01_12_1_14151.d,/home/bmeluch/NMDC/nom_processing/monet_nom/processed_20260701/60920_6_B_1_WEOM_r3_Mag_21Dec23_300SA_p01_12_1_14151,/home/bmeluch/NMDC/nom_processing/monet_nom/raw/QC_SRFAII_23_01_20ppm_r3_Mag_21Dec23_300SA_p01_54_1_14142.d,nmdc:calib-14-hhn3qb47,"EMSL NOM full profile mass spectrometry, negative",7T FT-ICR MS,EMSL,EMSL,2023-12-26T02:38:29Z,placeholder,['nmdc:sty-11-graz4n71']
nmdc:bsm-11-f2s5qy43,/home/bmeluch/NMDC/nom_processing/monet_nom/raw/60920_6_B_2_WEOM_r1_Mag_21Dec23_300SA_p01_31_1_14033.d,/home/bmeluch/NMDC/nom_processing/monet_nom/processed_20260701/60920_6_B_2_WEOM_r1_Mag_21Dec23_300SA_p01_31_1_14033,/home/bmeluch/NMDC/nom_processing/monet_nom/raw/QC_SRFAII_23_01_20ppm_r1_Mag_21Dec23_300SA_p01_54_1_14030.d,nmdc:calib-14-hhn3qb47,"EMSL NOM full profile mass spectrometry, negative",7T FT-ICR MS,EMSL,EMSL,2023-12-22T21:13:21Z,placeholder,['nmdc:sty-11-graz4n71']
nmdc:bsm-11-f2s5qy43,/home/bmeluch/NMDC/nom_processing/monet_nom/raw/60920_6_B_2_WEOM_r2_Mag_21Dec23_300SA_p01_31_1_14085.d,/home/bmeluch/NMDC/nom_processing/monet_nom/processed_20260701/60920_6_B_2_WEOM_r2_Mag_21Dec23_300SA_p01_31_1_14085,/home/bmeluch/NMDC/nom_processing/monet_nom/raw/QC_SRFAII_23_01_20ppm_r2_Mag_21Dec23_300SA_p01_54_1_14075.d,nmdc:calib-14-hhn3qb47,"EMSL NOM full profile mass spectrometry, negative",7T FT-ICR MS,EMSL,EMSL,2023-12-23T20:16:07Z,placeholder,['nmdc:sty-11-graz4n71']
nmdc:bsm-11-f2s5qy43,/home/bmeluch/NMDC/nom_processing/monet_nom/raw/60920_6_B_2_WEOM_r3_Mag_21Dec23_300SA_p01_31_1_14155.d,/home/bmeluch/NMDC/nom_processing/monet_nom/processed_20260701/60920_6_B_2_WEOM_r3_Mag_21Dec23_300SA_p01_31_1_14155,/home/bmeluch/NMDC/nom_processing/monet_nom/raw/QC_SRFAII_23_01_20ppm_r3_Mag_21Dec23_300SA_p01_54_1_14142.d,nmdc:calib-14-hhn3qb47,"EMSL NOM full profile mass spectrometry, negative",7T FT-ICR MS,EMSL,EMSL,2023-12-26T04:24:51Z,placeholder,['nmdc:sty-11-graz4n71']
nmdc:bsm-11-f2s5qy43,/home/bmeluch/NMDC/nom_processing/monet_nom/raw/60920_6_B_3_WEOM_r1_Mag_21Dec23_300SA_p01_12_1_14039.d,/home/bmeluch/NMDC/nom_processing/monet_nom/processed_20260701/60920_6_B_3_WEOM_r1_Mag_21Dec23_300SA_p01_12_1_14039,/home/bmeluch/NMDC/nom_processing/monet_nom/raw/QC_SRFAII_23_01_20ppm_r1_Mag_21Dec23_300SA_p01_54_1_14030.d,nmdc:calib-14-hhn3qb47,"EMSL NOM full profile mass spectrometry, negative",7T FT-ICR MS,EMSL,EMSL,2023-12-22T23:52:54Z,placeholder,['nmdc:sty-11-graz4n71']
nmdc:bsm-11-f2s5qy43,/home/bmeluch/NMDC/nom_processing/monet_nom/raw/60920_6_B_3_WEOM_r2_Mag_21Dec23_300SA_p01_12_1_14115.d,/home/bmeluch/NMDC/nom_processing/monet_nom/processed_20260701/60920_6_B_3_WEOM_r2_Mag_21Dec23_300SA_p01_12_1_14115,/home/bmeluch/NMDC/nom_processing/monet_nom/raw/QC_SRFAII_23_01_20ppm_r2_Mag_21Dec23_300SA_p01_54_1_14097.d,nmdc:calib-14-hhn3qb47,"EMSL NOM full profile mass spectrometry, negative",7T FT-ICR MS,EMSL,EMSL,2023-12-25T10:41:14Z,placeholder,['nmdc:sty-11-graz4n71']
nmdc:bsm-11-f2s5qy43,/home/bmeluch/NMDC/nom_processing/monet_nom/raw/60920_6_B_3_WEOM_r3_Mag_21Dec23_300SA_p01_12_1_14179.d,/home/bmeluch/NMDC/nom_processing/monet_nom/processed_20260701/60920_6_B_3_WEOM_r3_Mag_21Dec23_300SA_p01_12_1_14179,/home/bmeluch/NMDC/nom_processing/monet_nom/raw/QC_SRFAII_23_01_20ppm_r3_Mag_21Dec23_300SA_p01_54_1_14164.d,nmdc:calib-14-hhn3qb47,"EMSL NOM full profile mass spectrometry, negative",7T FT-ICR MS,EMSL,EMSL,2023-12-26T15:03:04Z,placeholder,['nmdc:sty-11-graz4n71']
nmdc:bsm-11-t9224y81,/home/bmeluch/NMDC/nom_processing/monet_nom/raw/60920_6_T_1_WEOM_r1_Mag_21Dec23_300SA_p01_11_1_14003.d,/home/bmeluch/NMDC/nom_processing/monet_nom/processed_20260701/60920_6_T_1_WEOM_r1_Mag_21Dec23_300SA_p01_11_1_14003,/home/bmeluch/NMDC/nom_processing/monet_nom/raw/QC_SRFAII_23_01_20ppm_r0_Mag_21Dec23_300SA_p01_54_1_13983.d,nmdc:calib-14-hhn3qb47,"EMSL NOM full profile mass spectrometry, negative",7T FT-ICR MS,EMSL,EMSL,2023-12-22T07:55:37Z,placeholder,['nmdc:sty-11-graz4n71']
nmdc:bsm-11-t9224y81,/home/bmeluch/NMDC/nom_processing/monet_nom/raw/60920_6_T_1_WEOM_r2_Mag_21Dec23_300SA_p01_11_1_14072.d,/home/bmeluch/NMDC/nom_processing/monet_nom/processed_20260701/60920_6_T_1_WEOM_r2_Mag_21Dec23_300SA_p01_11_1_14072,/home/bmeluch/NMDC/nom_processing/monet_nom/raw/QC_SRFAII_23_01_20ppm_r1_Mag_21Dec23_300SA_p01_54_1_14052.d,nmdc:calib-14-hhn3qb47,"EMSL NOM full profile mass spectrometry, negative",7T FT-ICR MS,EMSL,EMSL,2023-12-23T14:30:27Z,placeholder,['nmdc:sty-11-graz4n71']
nmdc:bsm-11-t9224y81,/home/bmeluch/NMDC/nom_processing/monet_nom/raw/60920_6_T_1_WEOM_r3_Mag_21Dec23_300SA_p01_11_1_14147.d,/home/bmeluch/NMDC/nom_processing/monet_nom/processed_20260701/60920_6_T_1_WEOM_r3_Mag_21Dec23_300SA_p01_11_1_14147,/home/bmeluch/NMDC/nom_processing/monet_nom/raw/QC_SRFAII_23_01_20ppm_r3_Mag_21Dec23_300SA_p01_54_1_14142.d,nmdc:calib-14-hhn3qb47,"EMSL NOM full profile mass spectrometry, negative",7T FT-ICR MS,EMSL,EMSL,2023-12-26T00:52:06Z,placeholder,['nmdc:sty-11-graz4n71']
nmdc:bsm-11-t9224y81,/home/bmeluch/NMDC/nom_processing/monet_nom/raw/60920_6_T_2_WEOM_r1_Mag_21Dec23_300SA_p01_30_1_14026.d,/home/bmeluch/NMDC/nom_processing/monet_nom/processed_20260701/60920_6_T_2_WEOM_r1_Mag_21Dec23_300SA_p01_30_1_14026,/home/bmeluch/NMDC/nom_processing/monet_nom/raw/QC_SRFAII_23_01_20ppm_r1_Mag_21Dec23_300SA_p01_54_1_14008.d,nmdc:calib-14-hhn3qb47,"EMSL NOM full profile mass spectrometry, negative",7T FT-ICR MS,EMSL,EMSL,2023-12-22T18:07:15Z,placeholder,['nmdc:sty-11-graz4n71']
nmdc:bsm-11-t9224y81,/home/bmeluch/NMDC/nom_processing/monet_nom/raw/60920_6_T_2_WEOM_r2_Mag_21Dec23_300SA_p01_30_1_14094.d,/home/bmeluch/NMDC/nom_processing/monet_nom/processed_20260701/60920_6_T_2_WEOM_r2_Mag_21Dec23_300SA_p01_30_1_14094,/home/bmeluch/NMDC/nom_processing/monet_nom/raw/QC_SRFAII_23_01_20ppm_r2_Mag_21Dec23_300SA_p01_54_1_14075.d,nmdc:calib-14-hhn3qb47,"EMSL NOM full profile mass spectrometry, negative",7T FT-ICR MS,EMSL,EMSL,2023-12-25T01:22:47Z,placeholder,['nmdc:sty-11-graz4n71']
nmdc:bsm-11-t9224y81,/home/bmeluch/NMDC/nom_processing/monet_nom/raw/60920_6_T_2_WEOM_r3_Mag_21Dec23_300SA_p01_30_1_14177.d,/home/bmeluch/NMDC/nom_processing/monet_nom/processed_20260701/60920_6_T_2_WEOM_r3_Mag_21Dec23_300SA_p01_30_1_14177,/home/bmeluch/NMDC/nom_processing/monet_nom/raw/QC_SRFAII_23_01_20ppm_r3_Mag_21Dec23_300SA_p01_54_1_14164.d,nmdc:calib-14-hhn3qb47,"EMSL NOM full profile mass spectrometry, negative",7T FT-ICR MS,EMSL,EMSL,2023-12-26T14:09:52Z,placeholder,['nmdc:sty-11-graz4n71']
nmdc:bsm-11-t9224y81,/home/bmeluch/NMDC/nom_processing/monet_nom/raw/60920_6_T_3_WEOM_r1_Mag_21Dec23_300SA_p01_11_1_14037.d,/home/bmeluch/NMDC/nom_processing/monet_nom/processed_20260701/60920_6_T_3_WEOM_r1_Mag_21Dec23_300SA_p01_11_1_14037,/home/bmeluch/NMDC/nom_processing/monet_nom/raw/QC_SRFAII_23_01_20ppm_r1_Mag_21Dec23_300SA_p01_54_1_14030.d,nmdc:calib-14-hhn3qb47,"EMSL NOM full profile mass spectrometry, negative",7T FT-ICR MS,EMSL,EMSL,2023-12-22T22:59:44Z,placeholder,['nmdc:sty-11-graz4n71']
nmdc:bsm-11-t9224y81,/home/bmeluch/NMDC/nom_processing/monet_nom/raw/60920_6_T_3_WEOM_r2_Mag_21Dec23_300SA_p01_11_1_14108.d,/home/bmeluch/NMDC/nom_processing/monet_nom/processed_20260701/60920_6_T_3_WEOM_r2_Mag_21Dec23_300SA_p01_11_1_14108,/home/bmeluch/NMDC/nom_processing/monet_nom/raw/QC_SRFAII_23_01_20ppm_r2_Mag_21Dec23_300SA_p01_54_1_14097.d,nmdc:calib-14-hhn3qb47,"EMSL NOM full profile mass spectrometry, negative",7T FT-ICR MS,EMSL,EMSL,2023-12-25T07:35:05Z,placeholder,['nmdc:sty-11-graz4n71']
nmdc:bsm-11-t9224y81,/home/bmeluch/NMDC/nom_processing/monet_nom/raw/60920_6_T_3_WEOM_r3_Mag_21Dec23_300SA_p01_11_1_14189.d,/home/bmeluch/NMDC/nom_processing/monet_nom/processed_20260701/60920_6_T_3_WEOM_r3_Mag_21Dec23_300SA_p01_11_1_14189,/home/bmeluch/NMDC/nom_processing/monet_nom/raw/QC_SRFAII_23_01_20ppm_r3_Mag_21Dec23_300SA_p01_54_1_14186.d,nmdc:calib-14-hhn3qb47,"EMSL NOM full profile mass spectrometry, negative",7T FT-ICR MS,EMSL,EMSL,2023-12-26T19:28:58Z,placeholder,['nmdc:sty-11-graz4n71']
nmdc:bsm-11-b1pbsr87,/home/bmeluch/NMDC/nom_processing/monet_nom/raw/60920_7_T_1_WEOM_r1_Mag_21Dec23_300SA_p01_13_1_13999.d,/home/bmeluch/NMDC/nom_processing/monet_nom/processed_20260701/60920_7_T_1_WEOM_r1_Mag_21Dec23_300SA_p01_13_1_13999,/home/bmeluch/NMDC/nom_processing/monet_nom/raw/QC_SRFAII_23_01_20ppm_r0_Mag_21Dec23_300SA_p01_54_1_13983.d,nmdc:calib-14-hhn3qb47,"EMSL NOM full profile mass spectrometry, negative",7T FT-ICR MS,EMSL,EMSL,2023-12-22T06:09:16Z,placeholder,['nmdc:sty-11-graz4n71']
nmdc:bsm-11-b1pbsr87,/home/bmeluch/NMDC/nom_processing/monet_nom/raw/60920_7_T_1_WEOM_r2_Mag_21Dec23_300SA_p01_13_1_14080.d,/home/bmeluch/NMDC/nom_processing/monet_nom/processed_20260701/60920_7_T_1_WEOM_r2_Mag_21Dec23_300SA_p01_13_1_14080,/home/bmeluch/NMDC/nom_processing/monet_nom/raw/QC_SRFAII_23_01_20ppm_r2_Mag_21Dec23_300SA_p01_54_1_14075.d,nmdc:calib-14-hhn3qb47,"EMSL NOM full profile mass spectrometry, negative",7T FT-ICR MS,EMSL,EMSL,2023-12-23T18:03:11Z,placeholder,['nmdc:sty-11-graz4n71']
nmdc:bsm-11-b1pbsr87,/home/bmeluch/NMDC/nom_processing/monet_nom/raw/60920_7_T_1_WEOM_r3_Mag_21Dec23_300SA_p01_13_1_14154.d,/home/bmeluch/NMDC/nom_processing/monet_nom/processed_20260701/60920_7_T_1_WEOM_r3_Mag_21Dec23_300SA_p01_13_1_14154,/home/bmeluch/NMDC/nom_processing/monet_nom/raw/QC_SRFAII_23_01_20ppm_r3_Mag_21Dec23_300SA_p01_54_1_14142.d,nmdc:calib-14-hhn3qb47,"EMSL NOM full profile mass spectrometry, negative",7T FT-ICR MS,EMSL,EMSL,2023-12-26T03:58:15Z,placeholder,['nmdc:sty-11-graz4n71']
nmdc:bsm-11-b1pbsr87,/home/bmeluch/NMDC/nom_processing/monet_nom/raw/60920_7_T_2_WEOM_r1_Mag_21Dec23_300SA_p01_32_1_14016.d,/home/bmeluch/NMDC/nom_processing/monet_nom/processed_20260701/60920_7_T_2_WEOM_r1_Mag_21Dec23_300SA_p01_32_1_14016,/home/bmeluch/NMDC/nom_processing/monet_nom/raw/QC_SRFAII_23_01_20ppm_r1_Mag_21Dec23_300SA_p01_54_1_14008.d,nmdc:calib-14-hhn3qb47,"EMSL NOM full profile mass spectrometry, negative",7T FT-ICR MS,EMSL,EMSL,2023-12-22T13:41:20Z,placeholder,['nmdc:sty-11-graz4n71']
nmdc:bsm-11-b1pbsr87,/home/bmeluch/NMDC/nom_processing/monet_nom/raw/60920_7_T_2_WEOM_r2_Mag_21Dec23_300SA_p01_32_1_14091.d,/home/bmeluch/NMDC/nom_processing/monet_nom/processed_20260701/60920_7_T_2_WEOM_r2_Mag_21Dec23_300SA_p01_32_1_14091,/home/bmeluch/NMDC/nom_processing/monet_nom/raw/QC_SRFAII_23_01_20ppm_r2_Mag_21Dec23_300SA_p01_54_1_14075.d,nmdc:calib-14-hhn3qb47,"EMSL NOM full profile mass spectrometry, negative",7T FT-ICR MS,EMSL,EMSL,2023-12-25T00:03:01Z,placeholder,['nmdc:sty-11-graz4n71']
nmdc:bsm-11-b1pbsr87,/home/bmeluch/NMDC/nom_processing/monet_nom/raw/60920_7_T_2_WEOM_r3_Mag_21Dec23_300SA_p01_32_1_14176.d,/home/bmeluch/NMDC/nom_processing/monet_nom/processed_20260701/60920_7_T_2_WEOM_r3_Mag_21Dec23_300SA_p01_32_1_14176,/home/bmeluch/NMDC/nom_processing/monet_nom/raw/QC_SRFAII_23_01_20ppm_r3_Mag_21Dec23_300SA_p01_54_1_14164.d,nmdc:calib-14-hhn3qb47,"EMSL NOM full profile mass spectrometry, negative",7T FT-ICR MS,EMSL,EMSL,2023-12-26T13:43:17Z,placeholder,['nmdc:sty-11-graz4n71']
nmdc:bsm-11-b1pbsr87,/home/bmeluch/NMDC/nom_processing/monet_nom/raw/60920_7_T_3_WEOM_r1_Mag_21Dec23_300SA_p01_13_1_14048.d,/home/bmeluch/NMDC/nom_processing/monet_nom/processed_20260701/60920_7_T_3_WEOM_r1_Mag_21Dec23_300SA_p01_13_1_14048,/home/bmeluch/NMDC/nom_processing/monet_nom/raw/QC_SRFAII_23_01_20ppm_r1_Mag_21Dec23_300SA_p01_54_1_14030.d,nmdc:calib-14-hhn3qb47,"EMSL NOM full profile mass spectrometry, negative",7T FT-ICR MS,EMSL,EMSL,2023-12-23T03:52:13Z,placeholder,['nmdc:sty-11-graz4n71']
nmdc:bsm-11-b1pbsr87,/home/bmeluch/NMDC/nom_processing/monet_nom/raw/60920_7_T_3_WEOM_r2_Mag_21Dec23_300SA_p01_13_1_14116.d,/home/bmeluch/NMDC/nom_processing/monet_nom/processed_20260701/60920_7_T_3_WEOM_r2_Mag_21Dec23_300SA_p01_13_1_14116,/home/bmeluch/NMDC/nom_processing/monet_nom/raw/QC_SRFAII_23_01_20ppm_r2_Mag_21Dec23_300SA_p01_54_1_14097.d,nmdc:calib-14-hhn3qb47,"EMSL NOM full profile mass spectrometry, negative",7T FT-ICR MS,EMSL,EMSL,2023-12-25T11:07:49Z,placeholder,['nmdc:sty-11-graz4n71']
nmdc:bsm-11-b1pbsr87,/home/bmeluch/NMDC/nom_processing/monet_nom/raw/60920_7_T_3_WEOM_r3_Mag_21Dec23_300SA_p01_13_1_14191.d,/home/bmeluch/NMDC/nom_processing/monet_nom/processed_20260701/60920_7_T_3_WEOM_r3_Mag_21Dec23_300SA_p01_13_1_14191,/home/bmeluch/NMDC/nom_processing/monet_nom/raw/QC_SRFAII_23_01_20ppm_r3_Mag_21Dec23_300SA_p01_54_1_14186.d,nmdc:calib-14-hhn3qb47,"EMSL NOM full profile mass spectrometry, negative",7T FT-ICR MS,EMSL,EMSL,2023-12-26T20:22:10Z,placeholder,['nmdc:sty-11-graz4n71']
nmdc:bsm-11-w24nxz84,/home/bmeluch/NMDC/nom_processing/monet_nom/raw/60920_8_B_1_WEOM_r1_Mag_21Dec23_300SA_p01_15_1_13993.d,/home/bmeluch/NMDC/nom_processing/monet_nom/processed_20260701/60920_8_B_1_WEOM_r1_Mag_21Dec23_300SA_p01_15_1_13993,/home/bmeluch/NMDC/nom_processing/monet_nom/raw/QC_SRFAII_23_01_20ppm_r0_Mag_21Dec23_300SA_p01_54_1_13983.d,nmdc:calib-14-hhn3qb47,"EMSL NOM full profile mass spectrometry, negative",7T FT-ICR MS,EMSL,EMSL,2023-12-22T03:29:43Z,placeholder,['nmdc:sty-11-graz4n71']
nmdc:bsm-11-w24nxz84,/home/bmeluch/NMDC/nom_processing/monet_nom/raw/60920_8_B_1_WEOM_r2_Mag_21Dec23_300SA_p01_15_1_14066.d,/home/bmeluch/NMDC/nom_processing/monet_nom/processed_20260701/60920_8_B_1_WEOM_r2_Mag_21Dec23_300SA_p01_15_1_14066,/home/bmeluch/NMDC/nom_processing/monet_nom/raw/QC_SRFAII_23_01_20ppm_r1_Mag_21Dec23_300SA_p01_54_1_14052.d,nmdc:calib-14-hhn3qb47,"EMSL NOM full profile mass spectrometry, negative",7T FT-ICR MS,EMSL,EMSL,2023-12-23T11:50:53Z,placeholder,['nmdc:sty-11-graz4n71']
nmdc:bsm-11-w24nxz84,/home/bmeluch/NMDC/nom_processing/monet_nom/raw/60920_8_B_1_WEOM_r3_Mag_21Dec23_300SA_p01_15_1_14150.d,/home/bmeluch/NMDC/nom_processing/monet_nom/processed_20260701/60920_8_B_1_WEOM_r3_Mag_21Dec23_300SA_p01_15_1_14150,/home/bmeluch/NMDC/nom_processing/monet_nom/raw/QC_SRFAII_23_01_20ppm_r3_Mag_21Dec23_300SA_p01_54_1_14142.d,nmdc:calib-14-hhn3qb47,"EMSL NOM full profile mass spectrometry, negative",7T FT-ICR MS,EMSL,EMSL,2023-12-26T02:11:53Z,placeholder,['nmdc:sty-11-graz4n71']
nmdc:bsm-11-w24nxz84,/home/bmeluch/NMDC/nom_processing/monet_nom/raw/60920_8_B_2_WEOM_r1_Mag_21Dec23_300SA_p01_34_1_14021.d,/home/bmeluch/NMDC/nom_processing/monet_nom/processed_20260701/60920_8_B_2_WEOM_r1_Mag_21Dec23_300SA_p01_34_1_14021,/home/bmeluch/NMDC/nom_processing/monet_nom/raw/QC_SRFAII_23_01_20ppm_r1_Mag_21Dec23_300SA_p01_54_1_14008.d,nmdc:calib-14-hhn3qb47,"EMSL NOM full profile mass spectrometry, negative",7T FT-ICR MS,EMSL,EMSL,2023-12-22T15:54:17Z,placeholder,['nmdc:sty-11-graz4n71']
nmdc:bsm-11-w24nxz84,/home/bmeluch/NMDC/nom_processing/monet_nom/raw/60920_8_B_2_WEOM_r2_Mag_21Dec23_300SA_p01_34_1_14096.d,/home/bmeluch/NMDC/nom_processing/monet_nom/processed_20260701/60920_8_B_2_WEOM_r2_Mag_21Dec23_300SA_p01_34_1_14096,/home/bmeluch/NMDC/nom_processing/monet_nom/raw/QC_SRFAII_23_01_20ppm_r2_Mag_21Dec23_300SA_p01_54_1_14075.d,nmdc:calib-14-hhn3qb47,"EMSL NOM full profile mass spectrometry, negative",7T FT-ICR MS,EMSL,EMSL,2023-12-25T02:15:59Z,placeholder,['nmdc:sty-11-graz4n71']
nmdc:bsm-11-w24nxz84,/home/bmeluch/NMDC/nom_processing/monet_nom/raw/60920_8_B_2_WEOM_r3_Mag_21Dec23_300SA_p01_34_1_14158.d,/home/bmeluch/NMDC/nom_processing/monet_nom/processed_20260701/60920_8_B_2_WEOM_r3_Mag_21Dec23_300SA_p01_34_1_14158,/home/bmeluch/NMDC/nom_processing/monet_nom/raw/QC_SRFAII_23_01_20ppm_r3_Mag_21Dec23_300SA_p01_54_1_14142.d,nmdc:calib-14-hhn3qb47,"EMSL NOM full profile mass spectrometry, negative",7T FT-ICR MS,EMSL,EMSL,2023-12-26T05:44:37Z,placeholder,['nmdc:sty-11-graz4n71']
nmdc:bsm-11-w24nxz84,/home/bmeluch/NMDC/nom_processing/monet_nom/raw/60920_8_B_3_WEOM_r1_Mag_21Dec23_300SA_p01_15_1_14038.d,/home/bmeluch/NMDC/nom_processing/monet_nom/processed_20260701/60920_8_B_3_WEOM_r1_Mag_21Dec23_300SA_p01_15_1_14038,/home/bmeluch/NMDC/nom_processing/monet_nom/raw/QC_SRFAII_23_01_20ppm_r1_Mag_21Dec23_300SA_p01_54_1_14030.d,nmdc:calib-14-hhn3qb47,"EMSL NOM full profile mass spectrometry, negative",7T FT-ICR MS,EMSL,EMSL,2023-12-22T23:26:19Z,placeholder,['nmdc:sty-11-graz4n71']
nmdc:bsm-11-w24nxz84,/home/bmeluch/NMDC/nom_processing/monet_nom/raw/60920_8_B_3_WEOM_r2_Mag_21Dec23_300SA_p01_15_1_14107.d,/home/bmeluch/NMDC/nom_processing/monet_nom/processed_20260701/60920_8_B_3_WEOM_r2_Mag_21Dec23_300SA_p01_15_1_14107,/home/bmeluch/NMDC/nom_processing/monet_nom/raw/QC_SRFAII_23_01_20ppm_r2_Mag_21Dec23_300SA_p01_54_1_14097.d,nmdc:calib-14-hhn3qb47,"EMSL NOM full profile mass spectrometry, negative",7T FT-ICR MS,EMSL,EMSL,2023-12-25T07:08:29Z,placeholder,['nmdc:sty-11-graz4n71']
nmdc:bsm-11-w24nxz84,/home/bmeluch/NMDC/nom_processing/monet_nom/raw/60920_8_B_3_WEOM_r3_Mag_21Dec23_300SA_p01_15_1_14185.d,/home/bmeluch/NMDC/nom_processing/monet_nom/processed_20260701/60920_8_B_3_WEOM_r3_Mag_21Dec23_300SA_p01_15_1_14185,/home/bmeluch/NMDC/nom_processing/monet_nom/raw/QC_SRFAII_23_01_20ppm_r3_Mag_21Dec23_300SA_p01_54_1_14164.d,nmdc:calib-14-hhn3qb47,"EMSL NOM full profile mass spectrometry, negative",7T FT-ICR MS,EMSL,EMSL,2023-12-26T17:42:36Z,placeholder,['nmdc:sty-11-graz4n71']
nmdc:bsm-11-vevzsa28,/home/bmeluch/NMDC/nom_processing/monet_nom/raw/60920_8_T_1_WEOM_r1_Mag_21Dec23_300SA_p01_14_1_13996.d,/home/bmeluch/NMDC/nom_processing/monet_nom/processed_20260701/60920_8_T_1_WEOM_r1_Mag_21Dec23_300SA_p01_14_1_13996,/home/bmeluch/NMDC/nom_processing/monet_nom/raw/QC_SRFAII_23_01_20ppm_r0_Mag_21Dec23_300SA_p01_54_1_13983.d,nmdc:calib-14-hhn3qb47,"EMSL NOM full profile mass spectrometry, negative",7T FT-ICR MS,EMSL,EMSL,2023-12-22T04:49:30Z,placeholder,['nmdc:sty-11-graz4n71']
nmdc:bsm-11-vevzsa28,/home/bmeluch/NMDC/nom_processing/monet_nom/raw/60920_8_T_1_WEOM_r2_Mag_21Dec23_300SA_p01_14_1_14059.d,/home/bmeluch/NMDC/nom_processing/monet_nom/processed_20260701/60920_8_T_1_WEOM_r2_Mag_21Dec23_300SA_p01_14_1_14059,/home/bmeluch/NMDC/nom_processing/monet_nom/raw/QC_SRFAII_23_01_20ppm_r1_Mag_21Dec23_300SA_p01_54_1_14052.d,nmdc:calib-14-hhn3qb47,"EMSL NOM full profile mass spectrometry, negative",7T FT-ICR MS,EMSL,EMSL,2023-12-23T08:44:45Z,placeholder,['nmdc:sty-11-graz4n71']
nmdc:bsm-11-vevzsa28,/home/bmeluch/NMDC/nom_processing/monet_nom/raw/60920_8_T_1_WEOM_r3_Mag_21Dec23_300SA_p01_14_1_14134.d,/home/bmeluch/NMDC/nom_processing/monet_nom/processed_20260701/60920_8_T_1_WEOM_r3_Mag_21Dec23_300SA_p01_14_1_14134,/home/bmeluch/NMDC/nom_processing/monet_nom/raw/QC_SRFAII_23_01_20ppm_r2_Mag_21Dec23_300SA_p01_54_1_14119.d,nmdc:calib-14-hhn3qb47,"EMSL NOM full profile mass spectrometry, negative",7T FT-ICR MS,EMSL,EMSL,2023-12-25T19:06:27Z,placeholder,['nmdc:sty-11-graz4n71']
nmdc:bsm-11-vevzsa28,/home/bmeluch/NMDC/nom_processing/monet_nom/raw/60920_8_T_2_WEOM_r1_Mag_21Dec23_300SA_p01_33_1_14011.d,/home/bmeluch/NMDC/nom_processing/monet_nom/processed_20260701/60920_8_T_2_WEOM_r1_Mag_21Dec23_300SA_p01_33_1_14011,/home/bmeluch/NMDC/nom_processing/monet_nom/raw/QC_SRFAII_23_01_20ppm_r1_Mag_21Dec23_300SA_p01_54_1_14008.d,nmdc:calib-14-hhn3qb47,"EMSL NOM full profile mass spectrometry, negative",7T FT-ICR MS,EMSL,EMSL,2023-12-22T11:28:22Z,placeholder,['nmdc:sty-11-graz4n71']
nmdc:bsm-11-vevzsa28,/home/bmeluch/NMDC/nom_processing/monet_nom/raw/60920_8_T_2_WEOM_r2_Mag_21Dec23_300SA_p01_33_1_14100.d,/home/bmeluch/NMDC/nom_processing/monet_nom/processed_20260701/60920_8_T_2_WEOM_r2_Mag_21Dec23_300SA_p01_33_1_14100,/home/bmeluch/NMDC/nom_processing/monet_nom/raw/QC_SRFAII_23_01_20ppm_r2_Mag_21Dec23_300SA_p01_54_1_14097.d,nmdc:calib-14-hhn3qb47,"EMSL NOM full profile mass spectrometry, negative",7T FT-ICR MS,EMSL,EMSL,2023-12-25T04:02:21Z,placeholder,['nmdc:sty-11-graz4n71']
nmdc:bsm-11-vevzsa28,/home/bmeluch/NMDC/nom_processing/monet_nom/raw/60920_8_T_2_WEOM_r3_Mag_21Dec23_300SA_p01_33_1_14160.d,/home/bmeluch/NMDC/nom_processing/monet_nom/processed_20260701/60920_8_T_2_WEOM_r3_Mag_21Dec23_300SA_p01_33_1_14160,/home/bmeluch/NMDC/nom_processing/monet_nom/raw/QC_SRFAII_23_01_20ppm_r3_Mag_21Dec23_300SA_p01_54_1_14142.d,nmdc:calib-14-hhn3qb47,"EMSL NOM full profile mass spectrometry, negative",7T FT-ICR MS,EMSL,EMSL,2023-12-26T06:37:48Z,placeholder,['nmdc:sty-11-graz4n71']
nmdc:bsm-11-vevzsa28,/home/bmeluch/NMDC/nom_processing/monet_nom/raw/60920_8_T_3_WEOM_r1_Mag_21Dec23_300SA_p01_14_1_14034.d,/home/bmeluch/NMDC/nom_processing/monet_nom/processed_20260701/60920_8_T_3_WEOM_r1_Mag_21Dec23_300SA_p01_14_1_14034,/home/bmeluch/NMDC/nom_processing/monet_nom/raw/QC_SRFAII_23_01_20ppm_r1_Mag_21Dec23_300SA_p01_54_1_14030.d,nmdc:calib-14-hhn3qb47,"EMSL NOM full profile mass spectrometry, negative",7T FT-ICR MS,EMSL,EMSL,2023-12-22T21:39:57Z,placeholder,['nmdc:sty-11-graz4n71']
nmdc:bsm-11-vevzsa28,/home/bmeluch/NMDC/nom_processing/monet_nom/raw/60920_8_T_3_WEOM_r2_Mag_21Dec23_300SA_p01_14_1_14127.d,/home/bmeluch/NMDC/nom_processing/monet_nom/processed_20260701/60920_8_T_3_WEOM_r2_Mag_21Dec23_300SA_p01_14_1_14127,/home/bmeluch/NMDC/nom_processing/monet_nom/raw/QC_SRFAII_23_01_20ppm_r2_Mag_21Dec23_300SA_p01_54_1_14119.d,nmdc:calib-14-hhn3qb47,"EMSL NOM full profile mass spectrometry, negative",7T FT-ICR MS,EMSL,EMSL,2023-12-25T16:00:20Z,placeholder,['nmdc:sty-11-graz4n71']
nmdc:bsm-11-vevzsa28,/home/bmeluch/NMDC/nom_processing/monet_nom/raw/60920_8_T_3_WEOM_r3_Mag_21Dec23_300SA_p01_14_1_14197.d,/home/bmeluch/NMDC/nom_processing/monet_nom/processed_20260701/60920_8_T_3_WEOM_r3_Mag_21Dec23_300SA_p01_14_1_14197,/home/bmeluch/NMDC/nom_processing/monet_nom/raw/QC_SRFAII_23_01_20ppm_r3_Mag_21Dec23_300SA_p01_54_1_14186.d,nmdc:calib-14-hhn3qb47,"EMSL NOM full profile mass spectrometry, negative",7T FT-ICR MS,EMSL,EMSL,2023-12-26T23:01:43Z,placeholder,['nmdc:sty-11-graz4n71']
nmdc:bsm-11-p33zs385,/home/bmeluch/NMDC/nom_processing/monet_nom/raw/60920_9_B_1_WEOM_r1_Mag_21Dec23_300SA_p01_17_1_14004.d,/home/bmeluch/NMDC/nom_processing/monet_nom/processed_20260701/60920_9_B_1_WEOM_r1_Mag_21Dec23_300SA_p01_17_1_14004,/home/bmeluch/NMDC/nom_processing/monet_nom/raw/QC_SRFAII_23_01_20ppm_r0_Mag_21Dec23_300SA_p01_54_1_13983.d,nmdc:calib-14-hhn3qb47,"EMSL NOM full profile mass spectrometry, negative",7T FT-ICR MS,EMSL,EMSL,2023-12-22T08:22:13Z,placeholder,['nmdc:sty-11-graz4n71']
nmdc:bsm-11-p33zs385,/home/bmeluch/NMDC/nom_processing/monet_nom/raw/60920_9_B_1_WEOM_r2_Mag_21Dec23_300SA_p01_17_1_14077.d,/home/bmeluch/NMDC/nom_processing/monet_nom/processed_20260701/60920_9_B_1_WEOM_r2_Mag_21Dec23_300SA_p01_17_1_14077,/home/bmeluch/NMDC/nom_processing/monet_nom/raw/QC_SRFAII_23_01_20ppm_r2_Mag_21Dec23_300SA_p01_54_1_14075.d,nmdc:calib-14-hhn3qb47,"EMSL NOM full profile mass spectrometry, negative",7T FT-ICR MS,EMSL,EMSL,2023-12-23T16:43:24Z,placeholder,['nmdc:sty-11-graz4n71']
nmdc:bsm-11-p33zs385,/home/bmeluch/NMDC/nom_processing/monet_nom/raw/60920_9_B_1_WEOM_r3_Mag_21Dec23_300SA_p01_17_1_14145.d,/home/bmeluch/NMDC/nom_processing/monet_nom/processed_20260701/60920_9_B_1_WEOM_r3_Mag_21Dec23_300SA_p01_17_1_14145,/home/bmeluch/NMDC/nom_processing/monet_nom/raw/QC_SRFAII_23_01_20ppm_r3_Mag_21Dec23_300SA_p01_54_1_14142.d,nmdc:calib-14-hhn3qb47,"EMSL NOM full profile mass spectrometry, negative",7T FT-ICR MS,EMSL,EMSL,2023-12-25T23:58:55Z,placeholder,['nmdc:sty-11-graz4n71']
nmdc:bsm-11-p33zs385,/home/bmeluch/NMDC/nom_processing/monet_nom/raw/60920_9_B_2_WEOM_r1_Mag_21Dec23_300SA_p01_36_1_14015.d,/home/bmeluch/NMDC/nom_processing/monet_nom/processed_20260701/60920_9_B_2_WEOM_r1_Mag_21Dec23_300SA_p01_36_1_14015,/home/bmeluch/NMDC/nom_processing/monet_nom/raw/QC_SRFAII_23_01_20ppm_r1_Mag_21Dec23_300SA_p01_54_1_14008.d,nmdc:calib-14-hhn3qb47,"EMSL NOM full profile mass spectrometry, negative",7T FT-ICR MS,EMSL,EMSL,2023-12-22T13:14:44Z,placeholder,['nmdc:sty-11-graz4n71']
nmdc:bsm-11-p33zs385,/home/bmeluch/NMDC/nom_processing/monet_nom/raw/60920_9_B_2_WEOM_r2_Mag_21Dec23_300SA_p01_36_1_14093.d,/home/bmeluch/NMDC/nom_processing/monet_nom/processed_20260701/60920_9_B_2_WEOM_r2_Mag_21Dec23_300SA_p01_36_1_14093,/home/bmeluch/NMDC/nom_processing/monet_nom/raw/QC_SRFAII_23_01_20ppm_r2_Mag_21Dec23_300SA_p01_54_1_14075.d,nmdc:calib-14-hhn3qb47,"EMSL NOM full profile mass spectrometry, negative",7T FT-ICR MS,EMSL,EMSL,2023-12-25T00:56:12Z,placeholder,['nmdc:sty-11-graz4n71']
nmdc:bsm-11-p33zs385,/home/bmeluch/NMDC/nom_processing/monet_nom/raw/60920_9_B_2_WEOM_r3_Mag_21Dec23_300SA_p01_36_1_14169.d,/home/bmeluch/NMDC/nom_processing/monet_nom/processed_20260701/60920_9_B_2_WEOM_r3_Mag_21Dec23_300SA_p01_36_1_14169,/home/bmeluch/NMDC/nom_processing/monet_nom/raw/QC_SRFAII_23_01_20ppm_r3_Mag_21Dec23_300SA_p01_54_1_14164.d,nmdc:calib-14-hhn3qb47,"EMSL NOM full profile mass spectrometry, negative",7T FT-ICR MS,EMSL,EMSL,2023-12-26T10:37:09Z,placeholder,['nmdc:sty-11-graz4n71']
nmdc:bsm-11-p33zs385,/home/bmeluch/NMDC/nom_processing/monet_nom/raw/60920_9_B_3_WEOM_r1_Mag_21Dec23_300SA_p01_17_1_14055.d,/home/bmeluch/NMDC/nom_processing/monet_nom/processed_20260701/60920_9_B_3_WEOM_r1_Mag_21Dec23_300SA_p01_17_1_14055,/home/bmeluch/NMDC/nom_processing/monet_nom/raw/QC_SRFAII_23_01_20ppm_r1_Mag_21Dec23_300SA_p01_54_1_14052.d,nmdc:calib-14-hhn3qb47,"EMSL NOM full profile mass spectrometry, negative",7T FT-ICR MS,EMSL,EMSL,2023-12-23T06:58:21Z,placeholder,['nmdc:sty-11-graz4n71']
nmdc:bsm-11-p33zs385,/home/bmeluch/NMDC/nom_processing/monet_nom/raw/60920_9_B_3_WEOM_r2_Mag_21Dec23_300SA_p01_17_1_14113.d,/home/bmeluch/NMDC/nom_processing/monet_nom/processed_20260701/60920_9_B_3_WEOM_r2_Mag_21Dec23_300SA_p01_17_1_14113,/home/bmeluch/NMDC/nom_processing/monet_nom/raw/QC_SRFAII_23_01_20ppm_r2_Mag_21Dec23_300SA_p01_54_1_14097.d,nmdc:calib-14-hhn3qb47,"EMSL NOM full profile mass spectrometry, negative",7T FT-ICR MS,EMSL,EMSL,2023-12-25T09:48:02Z,placeholder,['nmdc:sty-11-graz4n71']
nmdc:bsm-11-p33zs385,/home/bmeluch/NMDC/nom_processing/monet_nom/raw/60920_9_B_3_WEOM_r3_Mag_21Dec23_300SA_p01_17_1_14200.d,/home/bmeluch/NMDC/nom_processing/monet_nom/processed_20260701/60920_9_B_3_WEOM_r3_Mag_21Dec23_300SA_p01_17_1_14200,/home/bmeluch/NMDC/nom_processing/monet_nom/raw/QC_SRFAII_23_01_20ppm_r3_Mag_21Dec23_300SA_p01_54_1_14186.d,nmdc:calib-14-hhn3qb47,"EMSL NOM full profile mass spectrometry, negative",7T FT-ICR MS,EMSL,EMSL,2023-12-27T00:21:28Z,placeholder,['nmdc:sty-11-graz4n71']
nmdc:bsm-11-27z46k86,/home/bmeluch/NMDC/nom_processing/monet_nom/raw/60920_9_T_1_WEOM_r1_Mag_21Dec23_300SA_p01_16_1_13997.d,/home/bmeluch/NMDC/nom_processing/monet_nom/processed_20260701/60920_9_T_1_WEOM_r1_Mag_21Dec23_300SA_p01_16_1_13997,/home/bmeluch/NMDC/nom_processing/monet_nom/raw/QC_SRFAII_23_01_20ppm_r0_Mag_21Dec23_300SA_p01_54_1_13983.d,nmdc:calib-14-hhn3qb47,"EMSL NOM full profile mass spectrometry, negative",7T FT-ICR MS,EMSL,EMSL,2023-12-22T05:16:05Z,placeholder,['nmdc:sty-11-graz4n71']
nmdc:bsm-11-27z46k86,/home/bmeluch/NMDC/nom_processing/monet_nom/raw/60920_9_T_1_WEOM_r2_Mag_21Dec23_300SA_p01_16_1_14061.d,/home/bmeluch/NMDC/nom_processing/monet_nom/processed_20260701/60920_9_T_1_WEOM_r2_Mag_21Dec23_300SA_p01_16_1_14061,/home/bmeluch/NMDC/nom_processing/monet_nom/raw/QC_SRFAII_23_01_20ppm_r1_Mag_21Dec23_300SA_p01_54_1_14052.d,nmdc:calib-14-hhn3qb47,"EMSL NOM full profile mass spectrometry, negative",7T FT-ICR MS,EMSL,EMSL,2023-12-23T09:37:55Z,placeholder,['nmdc:sty-11-graz4n71']
nmdc:bsm-11-27z46k86,/home/bmeluch/NMDC/nom_processing/monet_nom/raw/60920_9_T_1_WEOM_r3_Mag_21Dec23_300SA_p01_16_1_14152.d,/home/bmeluch/NMDC/nom_processing/monet_nom/processed_20260701/60920_9_T_1_WEOM_r3_Mag_21Dec23_300SA_p01_16_1_14152,/home/bmeluch/NMDC/nom_processing/monet_nom/raw/QC_SRFAII_23_01_20ppm_r3_Mag_21Dec23_300SA_p01_54_1_14142.d,nmdc:calib-14-hhn3qb47,"EMSL NOM full profile mass spectrometry, negative",7T FT-ICR MS,EMSL,EMSL,2023-12-26T03:05:04Z,placeholder,['nmdc:sty-11-graz4n71']
nmdc:bsm-11-27z46k86,/home/bmeluch/NMDC/nom_processing/monet_nom/raw/60920_9_T_2_WEOM_r1_Mag_21Dec23_300SA_p01_35_1_14013.d,/home/bmeluch/NMDC/nom_processing/monet_nom/processed_20260701/60920_9_T_2_WEOM_r1_Mag_21Dec23_300SA_p01_35_1_14013,/home/bmeluch/NMDC/nom_processing/monet_nom/raw/QC_SRFAII_23_01_20ppm_r1_Mag_21Dec23_300SA_p01_54_1_14008.d,nmdc:calib-14-hhn3qb47,"EMSL NOM full profile mass spectrometry, negative",7T FT-ICR MS,EMSL,EMSL,2023-12-22T12:21:33Z,placeholder,['nmdc:sty-11-graz4n71']
nmdc:bsm-11-27z46k86,/home/bmeluch/NMDC/nom_processing/monet_nom/raw/60920_9_T_2_WEOM_r2_Mag_21Dec23_300SA_p01_35_1_14088.d,/home/bmeluch/NMDC/nom_processing/monet_nom/processed_20260701/60920_9_T_2_WEOM_r2_Mag_21Dec23_300SA_p01_35_1_14088,/home/bmeluch/NMDC/nom_processing/monet_nom/raw/QC_SRFAII_23_01_20ppm_r2_Mag_21Dec23_300SA_p01_54_1_14075.d,nmdc:calib-14-hhn3qb47,"EMSL NOM full profile mass spectrometry, negative",7T FT-ICR MS,EMSL,EMSL,2023-12-24T22:43:14Z,placeholder,['nmdc:sty-11-graz4n71']
nmdc:bsm-11-27z46k86,/home/bmeluch/NMDC/nom_processing/monet_nom/raw/60920_9_T_2_WEOM_r3_Mag_21Dec23_300SA_p01_35_1_14161.d,/home/bmeluch/NMDC/nom_processing/monet_nom/processed_20260701/60920_9_T_2_WEOM_r3_Mag_21Dec23_300SA_p01_35_1_14161,/home/bmeluch/NMDC/nom_processing/monet_nom/raw/QC_SRFAII_23_01_20ppm_r3_Mag_21Dec23_300SA_p01_54_1_14142.d,nmdc:calib-14-hhn3qb47,"EMSL NOM full profile mass spectrometry, negative",7T FT-ICR MS,EMSL,EMSL,2023-12-26T07:04:24Z,placeholder,['nmdc:sty-11-graz4n71']
nmdc:bsm-11-27z46k86,/home/bmeluch/NMDC/nom_processing/monet_nom/raw/60920_9_T_3_WEOM_r1_Mag_21Dec23_300SA_p01_16_1_14036.d,/home/bmeluch/NMDC/nom_processing/monet_nom/processed_20260701/60920_9_T_3_WEOM_r1_Mag_21Dec23_300SA_p01_16_1_14036,/home/bmeluch/NMDC/nom_processing/monet_nom/raw/QC_SRFAII_23_01_20ppm_r1_Mag_21Dec23_300SA_p01_54_1_14030.d,nmdc:calib-14-hhn3qb47,"EMSL NOM full profile mass spectrometry, negative",7T FT-ICR MS,EMSL,EMSL,2023-12-22T22:33:09Z,placeholder,['nmdc:sty-11-graz4n71']
nmdc:bsm-11-27z46k86,/home/bmeluch/NMDC/nom_processing/monet_nom/raw/60920_9_T_3_WEOM_r2_Mag_21Dec23_300SA_p01_16_1_14117.d,/home/bmeluch/NMDC/nom_processing/monet_nom/processed_20260701/60920_9_T_3_WEOM_r2_Mag_21Dec23_300SA_p01_16_1_14117,/home/bmeluch/NMDC/nom_processing/monet_nom/raw/QC_SRFAII_23_01_20ppm_r2_Mag_21Dec23_300SA_p01_54_1_14097.d,nmdc:calib-14-hhn3qb47,"EMSL NOM full profile mass spectrometry, negative",7T FT-ICR MS,EMSL,EMSL,2023-12-25T11:34:25Z,placeholder,['nmdc:sty-11-graz4n71']
nmdc:bsm-11-27z46k86,/home/bmeluch/NMDC/nom_processing/monet_nom/raw/60920_9_T_3_WEOM_r3_Mag_21Dec23_300SA_p01_16_1_14194.d,/home/bmeluch/NMDC/nom_processing/monet_nom/processed_20260701/60920_9_T_3_WEOM_r3_Mag_21Dec23_300SA_p01_16_1_14194,/home/bmeluch/NMDC/nom_processing/monet_nom/raw/QC_SRFAII_23_01_20ppm_r3_Mag_21Dec23_300SA_p01_54_1_14186.d,nmdc:calib-14-hhn3qb47,"EMSL NOM full profile mass spectrometry, negative",7T FT-ICR MS,EMSL,EMSL,2023-12-26T21:41:56Z,placeholder,['nmdc:sty-11-graz4n71']
nmdc:bsm-11-xwr0ac68,/home/bmeluch/NMDC/nom_processing/monet_nom/raw/60923_1_B_1_WEOM_r1_Mag_04Jan24_300SA_p01_2_1_14447.d,/home/bmeluch/NMDC/nom_processing/monet_nom/processed_20260701/60923_1_B_1_WEOM_r1_Mag_04Jan24_300SA_p01_2_1_14447,/home/bmeluch/NMDC/nom_processing/monet_nom/raw/QC_SRFAII_23_01_20ppm_r1_Mag_04Jan24_300SA_p01_54_1_14440.d,nmdc:calib-14-hhn3qb47,"EMSL NOM full profile mass spectrometry, negative",7T FT-ICR MS,EMSL,EMSL,2024-01-05T14:02:03Z,placeholder,['nmdc:sty-11-w4tp3f29']
nmdc:bsm-11-xwr0ac68,/home/bmeluch/NMDC/nom_processing/monet_nom/raw/60923_1_B_1_WEOM_r2_Mag_04Jan24_300SA_p01_2_1_14513.d,/home/bmeluch/NMDC/nom_processing/monet_nom/processed_20260701/60923_1_B_1_WEOM_r2_Mag_04Jan24_300SA_p01_2_1_14513,/home/bmeluch/NMDC/nom_processing/monet_nom/raw/QC_SRFAII_23_01_20ppm_r1_Mag_04Jan24_300SA_p01_54_1_14508.d,nmdc:calib-14-hhn3qb47,"EMSL NOM full profile mass spectrometry, negative",7T FT-ICR MS,EMSL,EMSL,2024-01-06T19:16:58Z,placeholder,['nmdc:sty-11-w4tp3f29']
nmdc:bsm-11-xwr0ac68,/home/bmeluch/NMDC/nom_processing/monet_nom/raw/60923_1_B_1_WEOM_r3_Mag_04Jan24_300SA_p01_2_1_14628.d,/home/bmeluch/NMDC/nom_processing/monet_nom/processed_20260701/60923_1_B_1_WEOM_r3_Mag_04Jan24_300SA_p01_2_1_14628,/home/bmeluch/NMDC/nom_processing/monet_nom/raw/QC_SRFAII_23_01_20ppm_r3_Mag_04Jan24_300SA_p01_52_1_14621.d,nmdc:calib-14-hhn3qb47,"EMSL NOM full profile mass spectrometry, negative",7T FT-ICR MS,EMSL,EMSL,2024-01-08T22:15:13Z,placeholder,['nmdc:sty-11-w4tp3f29']
nmdc:bsm-11-xwr0ac68,/home/bmeluch/NMDC/nom_processing/monet_nom/raw/60923_1_B_2_WEOM_r1_Mag_04Jan24_300SA_p01_30_1_14455.d,/home/bmeluch/NMDC/nom_processing/monet_nom/processed_20260701/60923_1_B_2_WEOM_r1_Mag_04Jan24_300SA_p01_30_1_14455,/home/bmeluch/NMDC/nom_processing/monet_nom/raw/QC_SRFAII_23_01_20ppm_r1_Mag_04Jan24_300SA_p01_54_1_14440.d,nmdc:calib-14-hhn3qb47,"EMSL NOM full profile mass spectrometry, negative",7T FT-ICR MS,EMSL,EMSL,2024-01-05T17:34:48Z,placeholder,['nmdc:sty-11-w4tp3f29']
nmdc:bsm-11-xwr0ac68,/home/bmeluch/NMDC/nom_processing/monet_nom/raw/60923_1_B_2_WEOM_r2_Mag_04Jan24_300SA_p01_30_1_14561.d,/home/bmeluch/NMDC/nom_processing/monet_nom/processed_20260701/60923_1_B_2_WEOM_r2_Mag_04Jan24_300SA_p01_30_1_14561,/home/bmeluch/NMDC/nom_processing/monet_nom/raw/QC_SRFAII_23_01_20ppm_r2_Mag_04Jan24_300SA_p01_52_1_14552.d,nmdc:calib-14-hhn3qb47,"EMSL NOM full profile mass spectrometry, negative",7T FT-ICR MS,EMSL,EMSL,2024-01-07T16:33:31Z,placeholder,['nmdc:sty-11-w4tp3f29']
nmdc:bsm-11-xwr0ac68,/home/bmeluch/NMDC/nom_processing/monet_nom/raw/60923_1_B_2_WEOM_r3_Mag_04Jan24_300SA_p01_30_1_14641.d,/home/bmeluch/NMDC/nom_processing/monet_nom/processed_20260701/60923_1_B_2_WEOM_r3_Mag_04Jan24_300SA_p01_30_1_14641,/home/bmeluch/NMDC/nom_processing/monet_nom/raw/QC_SRFAII_23_01_20ppm_r3_Mag_04Jan24_300SA_p01_52_1_14621.d,nmdc:calib-14-hhn3qb47,"EMSL NOM full profile mass spectrometry, negative",7T FT-ICR MS,EMSL,EMSL,2024-01-09T04:00:53Z,placeholder,['nmdc:sty-11-w4tp3f29']
nmdc:bsm-11-xwr0ac68,/home/bmeluch/NMDC/nom_processing/monet_nom/raw/60923_1_B_3_WEOM_r1_Mag_04Jan24_300SA_p01_10_1_14486.d,/home/bmeluch/NMDC/nom_processing/monet_nom/processed_20260701/60923_1_B_3_WEOM_r1_Mag_04Jan24_300SA_p01_10_1_14486,/home/bmeluch/NMDC/nom_processing/monet_nom/raw/QC_SRFAII_23_01_20ppm_r1_Mag_04Jan24_300SA_p01_54_1_14484.d,nmdc:calib-14-hhn3qb47,"EMSL NOM full profile mass spectrometry, negative",7T FT-ICR MS,EMSL,EMSL,2024-01-06T07:19:01Z,placeholder,['nmdc:sty-11-w4tp3f29']
nmdc:bsm-11-xwr0ac68,/home/bmeluch/NMDC/nom_processing/monet_nom/raw/60923_1_B_3_WEOM_r2_Mag_04Jan24_300SA_p01_10_1_14568.d,/home/bmeluch/NMDC/nom_processing/monet_nom/processed_20260701/60923_1_B_3_WEOM_r2_Mag_04Jan24_300SA_p01_10_1_14568,/home/bmeluch/NMDC/nom_processing/monet_nom/raw/QC_SRFAII_23_01_20ppm_r2_Mag_04Jan24_300SA_p01_52_1_14552.d,nmdc:calib-14-hhn3qb47,"EMSL NOM full profile mass spectrometry, negative",7T FT-ICR MS,EMSL,EMSL,2024-01-07T19:39:39Z,placeholder,['nmdc:sty-11-w4tp3f29']
nmdc:bsm-11-xwr0ac68,/home/bmeluch/NMDC/nom_processing/monet_nom/raw/60923_1_B_3_WEOM_r3_Mag_04Jan24_300SA_p01_10_1_14672.d,/home/bmeluch/NMDC/nom_processing/monet_nom/processed_20260701/60923_1_B_3_WEOM_r3_Mag_04Jan24_300SA_p01_10_1_14672,/home/bmeluch/NMDC/nom_processing/monet_nom/raw/QC_SRFAII_23_01_20ppm_r3_Mag_04Jan24_300SA_p01_52_1_14665.d,nmdc:calib-14-hhn3qb47,"EMSL NOM full profile mass spectrometry, negative",7T FT-ICR MS,EMSL,EMSL,2024-01-09T17:45:12Z,placeholder,['nmdc:sty-11-w4tp3f29']
nmdc:bsm-11-yarccp75,/home/bmeluch/NMDC/nom_processing/monet_nom/raw/60923_1_T_1_WEOM_r1_Mag_04Jan24_300SA_p01_1_1_14431.d,/home/bmeluch/NMDC/nom_processing/monet_nom/processed_20260701/60923_1_T_1_WEOM_r1_Mag_04Jan24_300SA_p01_1_1_14431,/home/bmeluch/NMDC/nom_processing/monet_nom/raw/QC_SRFAII_23_01_20ppm_r0_Mag_04Jan24_300SA_p01_54_1_14418.d,nmdc:calib-14-hhn3qb47,"EMSL NOM full profile mass spectrometry, negative",7T FT-ICR MS,EMSL,EMSL,2024-01-05T06:56:37Z,placeholder,['nmdc:sty-11-w4tp3f29']
nmdc:bsm-11-yarccp75,/home/bmeluch/NMDC/nom_processing/monet_nom/raw/60923_1_T_1_WEOM_r2_Mag_04Jan24_300SA_p01_1_1_14536.d,/home/bmeluch/NMDC/nom_processing/monet_nom/processed_20260701/60923_1_T_1_WEOM_r2_Mag_04Jan24_300SA_p01_1_1_14536,/home/bmeluch/NMDC/nom_processing/monet_nom/raw/QC_SRFAII_23_01_20ppm_r2_Mag_04Jan24_300SA_p01_54_1_14531.d,nmdc:calib-14-hhn3qb47,"EMSL NOM full profile mass spectrometry, negative",7T FT-ICR MS,EMSL,EMSL,2024-01-07T05:28:37Z,placeholder,['nmdc:sty-11-w4tp3f29']
nmdc:bsm-11-yarccp75,/home/bmeluch/NMDC/nom_processing/monet_nom/raw/60923_1_T_1_WEOM_r3_Mag_04Jan24_300SA_p01_1_1_14624.d,/home/bmeluch/NMDC/nom_processing/monet_nom/processed_20260701/60923_1_T_1_WEOM_r3_Mag_04Jan24_300SA_p01_1_1_14624,/home/bmeluch/NMDC/nom_processing/monet_nom/raw/QC_SRFAII_23_01_20ppm_r3_Mag_04Jan24_300SA_p01_52_1_14621.d,nmdc:calib-14-hhn3qb47,"EMSL NOM full profile mass spectrometry, negative",7T FT-ICR MS,EMSL,EMSL,2024-01-08T20:28:53Z,placeholder,['nmdc:sty-11-w4tp3f29']
nmdc:bsm-11-yarccp75,/home/bmeluch/NMDC/nom_processing/monet_nom/raw/60923_1_T_2_WEOM_r1_Mag_04Jan24_300SA_p01_29_1_14470.d,/home/bmeluch/NMDC/nom_processing/monet_nom/processed_20260701/60923_1_T_2_WEOM_r1_Mag_04Jan24_300SA_p01_29_1_14470,/home/bmeluch/NMDC/nom_processing/monet_nom/raw/QC_SRFAII_23_01_20ppm_r1_Mag_04Jan24_300SA_p01_54_1_14462.d,nmdc:calib-14-hhn3qb47,"EMSL NOM full profile mass spectrometry, negative",7T FT-ICR MS,EMSL,EMSL,2024-01-06T00:13:37Z,placeholder,['nmdc:sty-11-w4tp3f29']
nmdc:bsm-11-yarccp75,/home/bmeluch/NMDC/nom_processing/monet_nom/raw/60923_1_T_2_WEOM_r2_Mag_04Jan24_300SA_p01_29_1_14542.d,/home/bmeluch/NMDC/nom_processing/monet_nom/processed_20260701/60923_1_T_2_WEOM_r2_Mag_04Jan24_300SA_p01_29_1_14542,/home/bmeluch/NMDC/nom_processing/monet_nom/raw/QC_SRFAII_23_01_20ppm_r2_Mag_04Jan24_300SA_p01_54_1_14531.d,nmdc:calib-14-hhn3qb47,"EMSL NOM full profile mass spectrometry, negative",7T FT-ICR MS,EMSL,EMSL,2024-01-07T08:08:10Z,placeholder,['nmdc:sty-11-w4tp3f29']
nmdc:bsm-11-yarccp75,/home/bmeluch/NMDC/nom_processing/monet_nom/raw/60923_1_T_2_WEOM_r3_Mag_04Jan24_300SA_p01_29_1_14650.d,/home/bmeluch/NMDC/nom_processing/monet_nom/processed_20260701/60923_1_T_2_WEOM_r3_Mag_04Jan24_300SA_p01_29_1_14650,/home/bmeluch/NMDC/nom_processing/monet_nom/raw/QC_SRFAII_23_01_20ppm_r3_Mag_04Jan24_300SA_p01_52_1_14643.d,nmdc:calib-14-hhn3qb47,"EMSL NOM full profile mass spectrometry, negative",7T FT-ICR MS,EMSL,EMSL,2024-01-09T08:00:12Z,placeholder,['nmdc:sty-11-w4tp3f29']
nmdc:bsm-11-yarccp75,/home/bmeluch/NMDC/nom_processing/monet_nom/raw/60923_1_T_3_WEOM_r1_Mag_04Jan24_300SA_p01_9_1_14503.d,/home/bmeluch/NMDC/nom_processing/monet_nom/processed_20260701/60923_1_T_3_WEOM_r1_Mag_04Jan24_300SA_p01_9_1_14503,/home/bmeluch/NMDC/nom_processing/monet_nom/raw/QC_SRFAII_23_01_20ppm_r1_Mag_04Jan24_300SA_p01_54_1_14484.d,nmdc:calib-14-hhn3qb47,"EMSL NOM full profile mass spectrometry, negative",7T FT-ICR MS,EMSL,EMSL,2024-01-06T14:51:04Z,placeholder,['nmdc:sty-11-w4tp3f29']
nmdc:bsm-11-yarccp75,/home/bmeluch/NMDC/nom_processing/monet_nom/raw/60923_1_T_3_WEOM_r2_Mag_04Jan24_300SA_p01_9_1_14594.d,/home/bmeluch/NMDC/nom_processing/monet_nom/processed_20260701/60923_1_T_3_WEOM_r2_Mag_04Jan24_300SA_p01_9_1_14594,/home/bmeluch/NMDC/nom_processing/monet_nom/raw/QC_SRFAII_23_01_20ppm_r2_Mag_04Jan24_300SA_p01_52_1_14575.d,nmdc:calib-14-hhn3qb47,"EMSL NOM full profile mass spectrometry, negative",7T FT-ICR MS,EMSL,EMSL,2024-01-08T07:11:04Z,placeholder,['nmdc:sty-11-w4tp3f29']
nmdc:bsm-11-yarccp75,/home/bmeluch/NMDC/nom_processing/monet_nom/raw/60923_1_T_3_WEOM_r3_Mag_04Jan24_300SA_p01_9_1_14670.d,/home/bmeluch/NMDC/nom_processing/monet_nom/processed_20260701/60923_1_T_3_WEOM_r3_Mag_04Jan24_300SA_p01_9_1_14670,/home/bmeluch/NMDC/nom_processing/monet_nom/raw/QC_SRFAII_23_01_20ppm_r3_Mag_04Jan24_300SA_p01_52_1_14665.d,nmdc:calib-14-hhn3qb47,"EMSL NOM full profile mass spectrometry, negative",7T FT-ICR MS,EMSL,EMSL,2024-01-09T16:52:01Z,placeholder,['nmdc:sty-11-w4tp3f29']
nmdc:bsm-11-3p4q9s24,/home/bmeluch/NMDC/nom_processing/monet_nom/raw/60923_10_B_1_WEOM_r1_Mag_04Jan24_300SA_p01_20_1_14428.d,/home/bmeluch/NMDC/nom_processing/monet_nom/processed_20260701/60923_10_B_1_WEOM_r1_Mag_04Jan24_300SA_p01_20_1_14428,/home/bmeluch/NMDC/nom_processing/monet_nom/raw/QC_SRFAII_23_01_20ppm_r0_Mag_04Jan24_300SA_p01_54_1_14418.d,nmdc:calib-14-hhn3qb47,"EMSL NOM full profile mass spectrometry, negative",7T FT-ICR MS,EMSL,EMSL,2024-01-05T05:36:51Z,placeholder,['nmdc:sty-11-w4tp3f29']
nmdc:bsm-11-3p4q9s24,/home/bmeluch/NMDC/nom_processing/monet_nom/raw/60923_10_B_1_WEOM_r2_Mag_04Jan24_300SA_p01_20_1_14534.d,/home/bmeluch/NMDC/nom_processing/monet_nom/processed_20260701/60923_10_B_1_WEOM_r2_Mag_04Jan24_300SA_p01_20_1_14534,/home/bmeluch/NMDC/nom_processing/monet_nom/raw/QC_SRFAII_23_01_20ppm_r2_Mag_04Jan24_300SA_p01_54_1_14531.d,nmdc:calib-14-hhn3qb47,"EMSL NOM full profile mass spectrometry, negative",7T FT-ICR MS,EMSL,EMSL,2024-01-07T04:35:26Z,placeholder,['nmdc:sty-11-w4tp3f29']
nmdc:bsm-11-3p4q9s24,/home/bmeluch/NMDC/nom_processing/monet_nom/raw/60923_10_B_1_WEOM_r3_Mag_04Jan24_300SA_p01_20_1_14606.d,/home/bmeluch/NMDC/nom_processing/monet_nom/processed_20260701/60923_10_B_1_WEOM_r3_Mag_04Jan24_300SA_p01_20_1_14606,/home/bmeluch/NMDC/nom_processing/monet_nom/raw/QC_SRFAII_23_01_20ppm_r2_Mag_04Jan24_300SA_p01_52_1_14598.d,nmdc:calib-14-hhn3qb47,"EMSL NOM full profile mass spectrometry, negative",7T FT-ICR MS,EMSL,EMSL,2024-01-08T12:30:12Z,placeholder,['nmdc:sty-11-w4tp3f29']
nmdc:bsm-11-3p4q9s24,/home/bmeluch/NMDC/nom_processing/monet_nom/raw/60923_10_B_2_WEOM_r1_Mag_04Jan24_300SA_p01_48_1_14468.d,/home/bmeluch/NMDC/nom_processing/monet_nom/processed_20260701/60923_10_B_2_WEOM_r1_Mag_04Jan24_300SA_p01_48_1_14468,/home/bmeluch/NMDC/nom_processing/monet_nom/raw/QC_SRFAII_23_01_20ppm_r1_Mag_04Jan24_300SA_p01_54_1_14462.d,nmdc:calib-14-hhn3qb47,"EMSL NOM full profile mass spectrometry, negative",7T FT-ICR MS,EMSL,EMSL,2024-01-05T23:20:27Z,placeholder,['nmdc:sty-11-w4tp3f29']
nmdc:bsm-11-3p4q9s24,/home/bmeluch/NMDC/nom_processing/monet_nom/raw/60923_10_B_2_WEOM_r2_Mag_04Jan24_300SA_p01_48_1_14557.d,/home/bmeluch/NMDC/nom_processing/monet_nom/processed_20260701/60923_10_B_2_WEOM_r2_Mag_04Jan24_300SA_p01_48_1_14557,/home/bmeluch/NMDC/nom_processing/monet_nom/raw/QC_SRFAII_23_01_20ppm_r2_Mag_04Jan24_300SA_p01_52_1_14552.d,nmdc:calib-14-hhn3qb47,"EMSL NOM full profile mass spectrometry, negative",7T FT-ICR MS,EMSL,EMSL,2024-01-07T14:47:08Z,placeholder,['nmdc:sty-11-w4tp3f29']
nmdc:bsm-11-3p4q9s24,/home/bmeluch/NMDC/nom_processing/monet_nom/raw/60923_10_B_2_WEOM_r3_Mag_04Jan24_300SA_p01_48_1_14649.d,/home/bmeluch/NMDC/nom_processing/monet_nom/processed_20260701/60923_10_B_2_WEOM_r3_Mag_04Jan24_300SA_p01_48_1_14649,/home/bmeluch/NMDC/nom_processing/monet_nom/raw/QC_SRFAII_23_01_20ppm_r3_Mag_04Jan24_300SA_p01_52_1_14643.d,nmdc:calib-14-hhn3qb47,"EMSL NOM full profile mass spectrometry, negative",7T FT-ICR MS,EMSL,EMSL,2024-01-09T07:33:37Z,placeholder,['nmdc:sty-11-w4tp3f29']
nmdc:bsm-11-3p4q9s24,/home/bmeluch/NMDC/nom_processing/monet_nom/raw/60923_10_B_3_WEOM_r1_Mag_04Jan24_300SA_p01_28_1_14481.d,/home/bmeluch/NMDC/nom_processing/monet_nom/processed_20260701/60923_10_B_3_WEOM_r1_Mag_04Jan24_300SA_p01_28_1_14481,/home/bmeluch/NMDC/nom_processing/monet_nom/raw/QC_SRFAII_23_01_20ppm_r1_Mag_04Jan24_300SA_p01_54_1_14462.d,nmdc:calib-14-hhn3qb47,"EMSL NOM full profile mass spectrometry, negative",7T FT-ICR MS,EMSL,EMSL,2024-01-06T05:06:04Z,placeholder,['nmdc:sty-11-w4tp3f29']
nmdc:bsm-11-3p4q9s24,/home/bmeluch/NMDC/nom_processing/monet_nom/raw/60923_10_B_3_WEOM_r2_Mag_04Jan24_300SA_p01_28_1_14585.d,/home/bmeluch/NMDC/nom_processing/monet_nom/processed_20260701/60923_10_B_3_WEOM_r2_Mag_04Jan24_300SA_p01_28_1_14585,/home/bmeluch/NMDC/nom_processing/monet_nom/raw/QC_SRFAII_23_01_20ppm_r2_Mag_04Jan24_300SA_p01_52_1_14575.d,nmdc:calib-14-hhn3qb47,"EMSL NOM full profile mass spectrometry, negative",7T FT-ICR MS,EMSL,EMSL,2024-01-08T03:11:44Z,placeholder,['nmdc:sty-11-w4tp3f29']
nmdc:bsm-11-3p4q9s24,/home/bmeluch/NMDC/nom_processing/monet_nom/raw/60923_10_B_3_WEOM_r3_Mag_04Jan24_300SA_p01_28_1_14683.d,/home/bmeluch/NMDC/nom_processing/monet_nom/processed_20260701/60923_10_B_3_WEOM_r3_Mag_04Jan24_300SA_p01_28_1_14683,/home/bmeluch/NMDC/nom_processing/monet_nom/raw/QC_SRFAII_23_01_20ppm_r3_Mag_04Jan24_300SA_p01_52_1_14665.d,nmdc:calib-14-hhn3qb47,"EMSL NOM full profile mass spectrometry, negative",7T FT-ICR MS,EMSL,EMSL,2024-01-09T22:37:40Z,placeholder,['nmdc:sty-11-w4tp3f29']
nmdc:bsm-11-4598j016,/home/bmeluch/NMDC/nom_processing/monet_nom/raw/60923_10_T_1_WEOM_r1_Mag_04Jan24_300SA_p01_19_1_14443.d,/home/bmeluch/NMDC/nom_processing/monet_nom/processed_20260701/60923_10_T_1_WEOM_r1_Mag_04Jan24_300SA_p01_19_1_14443,/home/bmeluch/NMDC/nom_processing/monet_nom/raw/QC_SRFAII_23_01_20ppm_r1_Mag_04Jan24_300SA_p01_54_1_14440.d,nmdc:calib-14-hhn3qb47,"EMSL NOM full profile mass spectrometry, negative",7T FT-ICR MS,EMSL,EMSL,2024-01-05T12:15:39Z,placeholder,['nmdc:sty-11-w4tp3f29']
nmdc:bsm-11-4598j016,/home/bmeluch/NMDC/nom_processing/monet_nom/raw/60923_10_T_1_WEOM_r2_Mag_04Jan24_300SA_p01_19_1_14522.d,/home/bmeluch/NMDC/nom_processing/monet_nom/processed_20260701/60923_10_T_1_WEOM_r2_Mag_04Jan24_300SA_p01_19_1_14522,/home/bmeluch/NMDC/nom_processing/monet_nom/raw/QC_SRFAII_23_01_20ppm_r1_Mag_04Jan24_300SA_p01_54_1_14508.d,nmdc:calib-14-hhn3qb47,"EMSL NOM full profile mass spectrometry, negative",7T FT-ICR MS,EMSL,EMSL,2024-01-06T23:16:17Z,placeholder,['nmdc:sty-11-w4tp3f29']
nmdc:bsm-11-4598j016,/home/bmeluch/NMDC/nom_processing/monet_nom/raw/60923_10_T_1_WEOM_r3_Mag_04Jan24_300SA_p01_19_1_14611.d,/home/bmeluch/NMDC/nom_processing/monet_nom/processed_20260701/60923_10_T_1_WEOM_r3_Mag_04Jan24_300SA_p01_19_1_14611,/home/bmeluch/NMDC/nom_processing/monet_nom/raw/QC_SRFAII_23_01_20ppm_r2_Mag_04Jan24_300SA_p01_52_1_14598.d,nmdc:calib-14-hhn3qb47,"EMSL NOM full profile mass spectrometry, negative",7T FT-ICR MS,EMSL,EMSL,2024-01-08T14:43:10Z,placeholder,['nmdc:sty-11-w4tp3f29']
nmdc:bsm-11-4598j016,/home/bmeluch/NMDC/nom_processing/monet_nom/raw/60923_10_T_2_WEOM_r1_Mag_04Jan24_300SA_p01_47_1_14465.d,/home/bmeluch/NMDC/nom_processing/monet_nom/processed_20260701/60923_10_T_2_WEOM_r1_Mag_04Jan24_300SA_p01_47_1_14465,/home/bmeluch/NMDC/nom_processing/monet_nom/raw/QC_SRFAII_23_01_20ppm_r1_Mag_04Jan24_300SA_p01_54_1_14462.d,nmdc:calib-14-hhn3qb47,"EMSL NOM full profile mass spectrometry, negative",7T FT-ICR MS,EMSL,EMSL,2024-01-05T22:00:41Z,placeholder,['nmdc:sty-11-w4tp3f29']
nmdc:bsm-11-4598j016,/home/bmeluch/NMDC/nom_processing/monet_nom/raw/60923_10_T_2_WEOM_r2_Mag_04Jan24_300SA_p01_47_1_14548.d,/home/bmeluch/NMDC/nom_processing/monet_nom/processed_20260701/60923_10_T_2_WEOM_r2_Mag_04Jan24_300SA_p01_47_1_14548,/home/bmeluch/NMDC/nom_processing/monet_nom/raw/QC_SRFAII_23_01_20ppm_r2_Mag_04Jan24_300SA_p01_54_1_14531.d,nmdc:calib-14-hhn3qb47,"EMSL NOM full profile mass spectrometry, negative",7T FT-ICR MS,EMSL,EMSL,2024-01-07T10:47:48Z,placeholder,['nmdc:sty-11-w4tp3f29']
nmdc:bsm-11-4598j016,/home/bmeluch/NMDC/nom_processing/monet_nom/raw/60923_10_T_2_WEOM_r3_Mag_04Jan24_300SA_p01_47_1_14656.d,/home/bmeluch/NMDC/nom_processing/monet_nom/processed_20260701/60923_10_T_2_WEOM_r3_Mag_04Jan24_300SA_p01_47_1_14656,/home/bmeluch/NMDC/nom_processing/monet_nom/raw/QC_SRFAII_23_01_20ppm_r3_Mag_04Jan24_300SA_p01_52_1_14643.d,nmdc:calib-14-hhn3qb47,"EMSL NOM full profile mass spectrometry, negative",7T FT-ICR MS,EMSL,EMSL,2024-01-09T10:39:45Z,placeholder,['nmdc:sty-11-w4tp3f29']
nmdc:bsm-11-4598j016,/home/bmeluch/NMDC/nom_processing/monet_nom/raw/60923_10_T_3_WEOM_r1_Mag_04Jan24_300SA_p01_27_1_14480.d,/home/bmeluch/NMDC/nom_processing/monet_nom/processed_20260701/60923_10_T_3_WEOM_r1_Mag_04Jan24_300SA_p01_27_1_14480,/home/bmeluch/NMDC/nom_processing/monet_nom/raw/QC_SRFAII_23_01_20ppm_r1_Mag_04Jan24_300SA_p01_54_1_14462.d,nmdc:calib-14-hhn3qb47,"EMSL NOM full profile mass spectrometry, negative",7T FT-ICR MS,EMSL,EMSL,2024-01-06T04:39:29Z,placeholder,['nmdc:sty-11-w4tp3f29']
nmdc:bsm-11-4598j016,/home/bmeluch/NMDC/nom_processing/monet_nom/raw/60923_10_T_3_WEOM_r2_Mag_04Jan24_300SA_p01_27_1_14582.d,/home/bmeluch/NMDC/nom_processing/monet_nom/processed_20260701/60923_10_T_3_WEOM_r2_Mag_04Jan24_300SA_p01_27_1_14582,/home/bmeluch/NMDC/nom_processing/monet_nom/raw/QC_SRFAII_23_01_20ppm_r2_Mag_04Jan24_300SA_p01_52_1_14575.d,nmdc:calib-14-hhn3qb47,"EMSL NOM full profile mass spectrometry, negative",7T FT-ICR MS,EMSL,EMSL,2024-01-08T01:51:58Z,placeholder,['nmdc:sty-11-w4tp3f29']
nmdc:bsm-11-4598j016,/home/bmeluch/NMDC/nom_processing/monet_nom/raw/60923_10_T_3_WEOM_r3_Mag_04Jan24_300SA_p01_27_1_14667.d,/home/bmeluch/NMDC/nom_processing/monet_nom/processed_20260701/60923_10_T_3_WEOM_r3_Mag_04Jan24_300SA_p01_27_1_14667,/home/bmeluch/NMDC/nom_processing/monet_nom/raw/QC_SRFAII_23_01_20ppm_r3_Mag_04Jan24_300SA_p01_52_1_14665.d,nmdc:calib-14-hhn3qb47,"EMSL NOM full profile mass spectrometry, negative",7T FT-ICR MS,EMSL,EMSL,2024-01-09T15:32:16Z,placeholder,['nmdc:sty-11-w4tp3f29']
nmdc:bsm-11-cemf6c90,/home/bmeluch/NMDC/nom_processing/monet_nom/raw/60923_11_B_1_WEOM_r1_Mag_04Jan24_300SA_p01_22_1_14435.d,/home/bmeluch/NMDC/nom_processing/monet_nom/processed_20260701/60923_11_B_1_WEOM_r1_Mag_04Jan24_300SA_p01_22_1_14435,/home/bmeluch/NMDC/nom_processing/monet_nom/raw/QC_SRFAII_23_01_20ppm_r0_Mag_04Jan24_300SA_p01_54_1_14418.d,nmdc:calib-14-hhn3qb47,"EMSL NOM full profile mass spectrometry, negative",7T FT-ICR MS,EMSL,EMSL,2024-01-05T08:42:57Z,placeholder,['nmdc:sty-11-w4tp3f29']
nmdc:bsm-11-cemf6c90,/home/bmeluch/NMDC/nom_processing/monet_nom/raw/60923_11_B_1_WEOM_r2_Mag_04Jan24_300SA_p01_22_1_14528.d,/home/bmeluch/NMDC/nom_processing/monet_nom/processed_20260701/60923_11_B_1_WEOM_r2_Mag_04Jan24_300SA_p01_22_1_14528,/home/bmeluch/NMDC/nom_processing/monet_nom/raw/QC_SRFAII_23_01_20ppm_r1_Mag_04Jan24_300SA_p01_54_1_14508.d,nmdc:calib-14-hhn3qb47,"EMSL NOM full profile mass spectrometry, negative",7T FT-ICR MS,EMSL,EMSL,2024-01-07T01:55:51Z,placeholder,['nmdc:sty-11-w4tp3f29']
nmdc:bsm-11-cemf6c90,/home/bmeluch/NMDC/nom_processing/monet_nom/raw/60923_11_B_1_WEOM_r3_Mag_04Jan24_300SA_p01_22_1_14614.d,/home/bmeluch/NMDC/nom_processing/monet_nom/processed_20260701/60923_11_B_1_WEOM_r3_Mag_04Jan24_300SA_p01_22_1_14614,/home/bmeluch/NMDC/nom_processing/monet_nom/raw/QC_SRFAII_23_01_20ppm_r2_Mag_04Jan24_300SA_p01_52_1_14598.d,nmdc:calib-14-hhn3qb47,"EMSL NOM full profile mass spectrometry, negative",7T FT-ICR MS,EMSL,EMSL,2024-01-08T16:02:57Z,placeholder,['nmdc:sty-11-w4tp3f29']
nmdc:bsm-11-cemf6c90,/home/bmeluch/NMDC/nom_processing/monet_nom/raw/60923_11_B_2_WEOM_r1_Mag_04Jan24_300SA_p01_2_1_14471.d,/home/bmeluch/NMDC/nom_processing/monet_nom/processed_20260701/60923_11_B_2_WEOM_r1_Mag_04Jan24_300SA_p01_2_1_14471,/home/bmeluch/NMDC/nom_processing/monet_nom/raw/QC_SRFAII_23_01_20ppm_r1_Mag_04Jan24_300SA_p01_54_1_14462.d,nmdc:calib-14-hhn3qb47,"EMSL NOM full profile mass spectrometry, negative",7T FT-ICR MS,EMSL,EMSL,2024-01-06T00:40:12Z,placeholder,['nmdc:sty-11-w4tp3f29']
nmdc:bsm-11-cemf6c90,/home/bmeluch/NMDC/nom_processing/monet_nom/raw/60923_11_B_2_WEOM_r2_Mag_04Jan24_300SA_p01_2_1_14560.d,/home/bmeluch/NMDC/nom_processing/monet_nom/processed_20260701/60923_11_B_2_WEOM_r2_Mag_04Jan24_300SA_p01_2_1_14560,/home/bmeluch/NMDC/nom_processing/monet_nom/raw/QC_SRFAII_23_01_20ppm_r2_Mag_04Jan24_300SA_p01_52_1_14552.d,nmdc:calib-14-hhn3qb47,"EMSL NOM full profile mass spectrometry, negative",7T FT-ICR MS,EMSL,EMSL,2024-01-07T16:06:56Z,placeholder,['nmdc:sty-11-w4tp3f29']
nmdc:bsm-11-cemf6c90,/home/bmeluch/NMDC/nom_processing/monet_nom/raw/60923_11_B_2_WEOM_r3_Mag_04Jan24_300SA_p01_2_1_14646.d,/home/bmeluch/NMDC/nom_processing/monet_nom/processed_20260701/60923_11_B_2_WEOM_r3_Mag_04Jan24_300SA_p01_2_1_14646,/home/bmeluch/NMDC/nom_processing/monet_nom/raw/QC_SRFAII_23_01_20ppm_r3_Mag_04Jan24_300SA_p01_52_1_14643.d,nmdc:calib-14-hhn3qb47,"EMSL NOM full profile mass spectrometry, negative",7T FT-ICR MS,EMSL,EMSL,2024-01-09T06:13:51Z,placeholder,['nmdc:sty-11-w4tp3f29']
nmdc:bsm-11-cemf6c90,/home/bmeluch/NMDC/nom_processing/monet_nom/raw/60923_11_B_3_WEOM_r1_Mag_04Jan24_300SA_p01_30_1_14499.d,/home/bmeluch/NMDC/nom_processing/monet_nom/processed_20260701/60923_11_B_3_WEOM_r1_Mag_04Jan24_300SA_p01_30_1_14499,/home/bmeluch/NMDC/nom_processing/monet_nom/raw/QC_SRFAII_23_01_20ppm_r1_Mag_04Jan24_300SA_p01_54_1_14484.d,nmdc:calib-14-hhn3qb47,"EMSL NOM full profile mass spectrometry, negative",7T FT-ICR MS,EMSL,EMSL,2024-01-06T13:04:43Z,placeholder,['nmdc:sty-11-w4tp3f29']
nmdc:bsm-11-cemf6c90,/home/bmeluch/NMDC/nom_processing/monet_nom/raw/60923_11_B_3_WEOM_r2_Mag_04Jan24_300SA_p01_30_1_14573.d,/home/bmeluch/NMDC/nom_processing/monet_nom/processed_20260701/60923_11_B_3_WEOM_r2_Mag_04Jan24_300SA_p01_30_1_14573,/home/bmeluch/NMDC/nom_processing/monet_nom/raw/QC_SRFAII_23_01_20ppm_r2_Mag_04Jan24_300SA_p01_52_1_14552.d,nmdc:calib-14-hhn3qb47,"EMSL NOM full profile mass spectrometry, negative",7T FT-ICR MS,EMSL,EMSL,2024-01-07T21:52:37Z,placeholder,['nmdc:sty-11-w4tp3f29']
nmdc:bsm-11-cemf6c90,/home/bmeluch/NMDC/nom_processing/monet_nom/raw/60923_11_B_3_WEOM_r3_Mag_04Jan24_300SA_p01_30_1_14673.d,/home/bmeluch/NMDC/nom_processing/monet_nom/processed_20260701/60923_11_B_3_WEOM_r3_Mag_04Jan24_300SA_p01_30_1_14673,/home/bmeluch/NMDC/nom_processing/monet_nom/raw/QC_SRFAII_23_01_20ppm_r3_Mag_04Jan24_300SA_p01_52_1_14665.d,nmdc:calib-14-hhn3qb47,"EMSL NOM full profile mass spectrometry, negative",7T FT-ICR MS,EMSL,EMSL,2024-01-09T18:11:47Z,placeholder,['nmdc:sty-11-w4tp3f29']
nmdc:bsm-11-7x79mg62,/home/bmeluch/NMDC/nom_processing/monet_nom/raw/60923_11_T_1_WEOM_r1_Mag_04Jan24_300SA_p01_21_1_14425.d,/home/bmeluch/NMDC/nom_processing/monet_nom/processed_20260701/60923_11_T_1_WEOM_r1_Mag_04Jan24_300SA_p01_21_1_14425,/home/bmeluch/NMDC/nom_processing/monet_nom/raw/QC_SRFAII_23_01_20ppm_r0_Mag_04Jan24_300SA_p01_54_1_14418.d,nmdc:calib-14-hhn3qb47,"EMSL NOM full profile mass spectrometry, negative",7T FT-ICR MS,EMSL,EMSL,2024-01-05T04:17:03Z,placeholder,['nmdc:sty-11-w4tp3f29']
nmdc:bsm-11-7x79mg62,/home/bmeluch/NMDC/nom_processing/monet_nom/raw/60923_11_T_1_WEOM_r2_Mag_04Jan24_300SA_p01_21_1_14511.d,/home/bmeluch/NMDC/nom_processing/monet_nom/processed_20260701/60923_11_T_1_WEOM_r2_Mag_04Jan24_300SA_p01_21_1_14511,/home/bmeluch/NMDC/nom_processing/monet_nom/raw/QC_SRFAII_23_01_20ppm_r1_Mag_04Jan24_300SA_p01_54_1_14508.d,nmdc:calib-14-hhn3qb47,"EMSL NOM full profile mass spectrometry, negative",7T FT-ICR MS,EMSL,EMSL,2024-01-06T18:23:48Z,placeholder,['nmdc:sty-11-w4tp3f29']
nmdc:bsm-11-7x79mg62,/home/bmeluch/NMDC/nom_processing/monet_nom/raw/60923_11_T_1_WEOM_r3_Mag_04Jan24_300SA_p01_21_1_14625.d,/home/bmeluch/NMDC/nom_processing/monet_nom/processed_20260701/60923_11_T_1_WEOM_r3_Mag_04Jan24_300SA_p01_21_1_14625,/home/bmeluch/NMDC/nom_processing/monet_nom/raw/QC_SRFAII_23_01_20ppm_r3_Mag_04Jan24_300SA_p01_52_1_14621.d,nmdc:calib-14-hhn3qb47,"EMSL NOM full profile mass spectrometry, negative",7T FT-ICR MS,EMSL,EMSL,2024-01-08T20:55:28Z,placeholder,['nmdc:sty-11-w4tp3f29']
nmdc:bsm-11-7x79mg62,/home/bmeluch/NMDC/nom_processing/monet_nom/raw/60923_11_T_2_WEOM_r1_Mag_04Jan24_300SA_p01_1_1_14452.d,/home/bmeluch/NMDC/nom_processing/monet_nom/processed_20260701/60923_11_T_2_WEOM_r1_Mag_04Jan24_300SA_p01_1_1_14452,/home/bmeluch/NMDC/nom_processing/monet_nom/raw/QC_SRFAII_23_01_20ppm_r1_Mag_04Jan24_300SA_p01_54_1_14440.d,nmdc:calib-14-hhn3qb47,"EMSL NOM full profile mass spectrometry, negative",7T FT-ICR MS,EMSL,EMSL,2024-01-05T16:15:01Z,placeholder,['nmdc:sty-11-w4tp3f29']
nmdc:bsm-11-7x79mg62,/home/bmeluch/NMDC/nom_processing/monet_nom/raw/60923_11_T_2_WEOM_r2_Mag_04Jan24_300SA_p01_1_1_14566.d,/home/bmeluch/NMDC/nom_processing/monet_nom/processed_20260701/60923_11_T_2_WEOM_r2_Mag_04Jan24_300SA_p01_1_1_14566,/home/bmeluch/NMDC/nom_processing/monet_nom/raw/QC_SRFAII_23_01_20ppm_r2_Mag_04Jan24_300SA_p01_52_1_14552.d,nmdc:calib-14-hhn3qb47,"EMSL NOM full profile mass spectrometry, negative",7T FT-ICR MS,EMSL,EMSL,2024-01-07T18:46:28Z,placeholder,['nmdc:sty-11-w4tp3f29']
nmdc:bsm-11-7x79mg62,/home/bmeluch/NMDC/nom_processing/monet_nom/raw/60923_11_T_2_WEOM_r3_Mag_04Jan24_300SA_p01_1_1_14640.d,/home/bmeluch/NMDC/nom_processing/monet_nom/processed_20260701/60923_11_T_2_WEOM_r3_Mag_04Jan24_300SA_p01_1_1_14640,/home/bmeluch/NMDC/nom_processing/monet_nom/raw/QC_SRFAII_23_01_20ppm_r3_Mag_04Jan24_300SA_p01_52_1_14621.d,nmdc:calib-14-hhn3qb47,"EMSL NOM full profile mass spectrometry, negative",7T FT-ICR MS,EMSL,EMSL,2024-01-09T03:34:19Z,placeholder,['nmdc:sty-11-w4tp3f29']
nmdc:bsm-11-7x79mg62,/home/bmeluch/NMDC/nom_processing/monet_nom/raw/60923_11_T_3_WEOM_r1_Mag_04Jan24_300SA_p01_29_1_14490.d,/home/bmeluch/NMDC/nom_processing/monet_nom/processed_20260701/60923_11_T_3_WEOM_r1_Mag_04Jan24_300SA_p01_29_1_14490,/home/bmeluch/NMDC/nom_processing/monet_nom/raw/QC_SRFAII_23_01_20ppm_r1_Mag_04Jan24_300SA_p01_54_1_14484.d,nmdc:calib-14-hhn3qb47,"EMSL NOM full profile mass spectrometry, negative",7T FT-ICR MS,EMSL,EMSL,2024-01-06T09:05:22Z,placeholder,['nmdc:sty-11-w4tp3f29']
nmdc:bsm-11-7x79mg62,/home/bmeluch/NMDC/nom_processing/monet_nom/raw/60923_11_T_3_WEOM_r2_Mag_04Jan24_300SA_p01_29_1_14583.d,/home/bmeluch/NMDC/nom_processing/monet_nom/processed_20260701/60923_11_T_3_WEOM_r2_Mag_04Jan24_300SA_p01_29_1_14583,/home/bmeluch/NMDC/nom_processing/monet_nom/raw/QC_SRFAII_23_01_20ppm_r2_Mag_04Jan24_300SA_p01_52_1_14575.d,nmdc:calib-14-hhn3qb47,"EMSL NOM full profile mass spectrometry, negative",7T FT-ICR MS,EMSL,EMSL,2024-01-08T02:18:33Z,placeholder,['nmdc:sty-11-w4tp3f29']
nmdc:bsm-11-7x79mg62,/home/bmeluch/NMDC/nom_processing/monet_nom/raw/60923_11_T_3_WEOM_r3_Mag_04Jan24_300SA_p01_29_1_14684.d,/home/bmeluch/NMDC/nom_processing/monet_nom/processed_20260701/60923_11_T_3_WEOM_r3_Mag_04Jan24_300SA_p01_29_1_14684,/home/bmeluch/NMDC/nom_processing/monet_nom/raw/QC_SRFAII_23_01_20ppm_r3_Mag_04Jan24_300SA_p01_52_1_14665.d,nmdc:calib-14-hhn3qb47,"EMSL NOM full profile mass spectrometry, negative",7T FT-ICR MS,EMSL,EMSL,2024-01-09T23:04:15Z,placeholder,['nmdc:sty-11-w4tp3f29']
nmdc:bsm-11-xajpcq62,/home/bmeluch/NMDC/nom_processing/monet_nom/raw/60923_12_B_1_WEOM_r1_Mag_04Jan24_300SA_p01_24_1_14423.d,/home/bmeluch/NMDC/nom_processing/monet_nom/processed_20260701/60923_12_B_1_WEOM_r1_Mag_04Jan24_300SA_p01_24_1_14423,/home/bmeluch/NMDC/nom_processing/monet_nom/raw/QC_SRFAII_23_01_20ppm_r0_Mag_04Jan24_300SA_p01_54_1_14418.d,nmdc:calib-14-hhn3qb47,"EMSL NOM full profile mass spectrometry, negative",7T FT-ICR MS,EMSL,EMSL,2024-01-05T03:23:53Z,placeholder,['nmdc:sty-11-w4tp3f29']
nmdc:bsm-11-xajpcq62,/home/bmeluch/NMDC/nom_processing/monet_nom/raw/60923_12_B_1_WEOM_r2_Mag_04Jan24_300SA_p01_24_1_14527.d,/home/bmeluch/NMDC/nom_processing/monet_nom/processed_20260701/60923_12_B_1_WEOM_r2_Mag_04Jan24_300SA_p01_24_1_14527,/home/bmeluch/NMDC/nom_processing/monet_nom/raw/QC_SRFAII_23_01_20ppm_r1_Mag_04Jan24_300SA_p01_54_1_14508.d,nmdc:calib-14-hhn3qb47,"EMSL NOM full profile mass spectrometry, negative",7T FT-ICR MS,EMSL,EMSL,2024-01-07T01:29:15Z,placeholder,['nmdc:sty-11-w4tp3f29']
nmdc:bsm-11-xajpcq62,/home/bmeluch/NMDC/nom_processing/monet_nom/raw/60923_12_B_1_WEOM_r3_Mag_04Jan24_300SA_p01_24_1_14627.d,/home/bmeluch/NMDC/nom_processing/monet_nom/processed_20260701/60923_12_B_1_WEOM_r3_Mag_04Jan24_300SA_p01_24_1_14627,/home/bmeluch/NMDC/nom_processing/monet_nom/raw/QC_SRFAII_23_01_20ppm_r3_Mag_04Jan24_300SA_p01_52_1_14621.d,nmdc:calib-14-hhn3qb47,"EMSL NOM full profile mass spectrometry, negative",7T FT-ICR MS,EMSL,EMSL,2024-01-08T21:48:38Z,placeholder,['nmdc:sty-11-w4tp3f29']
nmdc:bsm-11-xajpcq62,/home/bmeluch/NMDC/nom_processing/monet_nom/raw/60923_12_B_2_WEOM_r1_Mag_04Jan24_300SA_p01_4_1_14457.d,/home/bmeluch/NMDC/nom_processing/monet_nom/processed_20260701/60923_12_B_2_WEOM_r1_Mag_04Jan24_300SA_p01_4_1_14457,/home/bmeluch/NMDC/nom_processing/monet_nom/raw/QC_SRFAII_23_01_20ppm_r1_Mag_04Jan24_300SA_p01_54_1_14440.d,nmdc:calib-14-hhn3qb47,"EMSL NOM full profile mass spectrometry, negative",7T FT-ICR MS,EMSL,EMSL,2024-01-05T18:27:57Z,placeholder,['nmdc:sty-11-w4tp3f29']
nmdc:bsm-11-xajpcq62,/home/bmeluch/NMDC/nom_processing/monet_nom/raw/60923_12_B_2_WEOM_r2_Mag_04Jan24_300SA_p01_4_1_14544.d,/home/bmeluch/NMDC/nom_processing/monet_nom/processed_20260701/60923_12_B_2_WEOM_r2_Mag_04Jan24_300SA_p01_4_1_14544,/home/bmeluch/NMDC/nom_processing/monet_nom/raw/QC_SRFAII_23_01_20ppm_r2_Mag_04Jan24_300SA_p01_54_1_14531.d,nmdc:calib-14-hhn3qb47,"EMSL NOM full profile mass spectrometry, negative",7T FT-ICR MS,EMSL,EMSL,2024-01-07T09:01:21Z,placeholder,['nmdc:sty-11-w4tp3f29']
nmdc:bsm-11-xajpcq62,/home/bmeluch/NMDC/nom_processing/monet_nom/raw/60923_12_B_2_WEOM_r3_Mag_04Jan24_300SA_p01_4_1_14654.d,/home/bmeluch/NMDC/nom_processing/monet_nom/processed_20260701/60923_12_B_2_WEOM_r3_Mag_04Jan24_300SA_p01_4_1_14654,/home/bmeluch/NMDC/nom_processing/monet_nom/raw/QC_SRFAII_23_01_20ppm_r3_Mag_04Jan24_300SA_p01_52_1_14643.d,nmdc:calib-14-hhn3qb47,"EMSL NOM full profile mass spectrometry, negative",7T FT-ICR MS,EMSL,EMSL,2024-01-09T09:46:36Z,placeholder,['nmdc:sty-11-w4tp3f29']
nmdc:bsm-11-xajpcq62,/home/bmeluch/NMDC/nom_processing/monet_nom/raw/60923_12_B_3_WEOM_r1_Mag_04Jan24_300SA_p01_32_1_14497.d,/home/bmeluch/NMDC/nom_processing/monet_nom/processed_20260701/60923_12_B_3_WEOM_r1_Mag_04Jan24_300SA_p01_32_1_14497,/home/bmeluch/NMDC/nom_processing/monet_nom/raw/QC_SRFAII_23_01_20ppm_r1_Mag_04Jan24_300SA_p01_54_1_14484.d,nmdc:calib-14-hhn3qb47,"EMSL NOM full profile mass spectrometry, negative",7T FT-ICR MS,EMSL,EMSL,2024-01-06T12:11:31Z,placeholder,['nmdc:sty-11-w4tp3f29']
nmdc:bsm-11-xajpcq62,/home/bmeluch/NMDC/nom_processing/monet_nom/raw/60923_12_B_3_WEOM_r2_Mag_04Jan24_300SA_p01_32_1_14589.d,/home/bmeluch/NMDC/nom_processing/monet_nom/processed_20260701/60923_12_B_3_WEOM_r2_Mag_04Jan24_300SA_p01_32_1_14589,/home/bmeluch/NMDC/nom_processing/monet_nom/raw/QC_SRFAII_23_01_20ppm_r2_Mag_04Jan24_300SA_p01_52_1_14575.d,nmdc:calib-14-hhn3qb47,"EMSL NOM full profile mass spectrometry, negative",7T FT-ICR MS,EMSL,EMSL,2024-01-08T04:58:06Z,placeholder,['nmdc:sty-11-w4tp3f29']
nmdc:bsm-11-xajpcq62,/home/bmeluch/NMDC/nom_processing/monet_nom/raw/60923_12_B_3_WEOM_r3_Mag_04Jan24_300SA_p01_32_1_14678.d,/home/bmeluch/NMDC/nom_processing/monet_nom/processed_20260701/60923_12_B_3_WEOM_r3_Mag_04Jan24_300SA_p01_32_1_14678,/home/bmeluch/NMDC/nom_processing/monet_nom/raw/QC_SRFAII_23_01_20ppm_r3_Mag_04Jan24_300SA_p01_52_1_14665.d,nmdc:calib-14-hhn3qb47,"EMSL NOM full profile mass spectrometry, negative",7T FT-ICR MS,EMSL,EMSL,2024-01-09T20:24:44Z,placeholder,['nmdc:sty-11-w4tp3f29']
nmdc:bsm-11-sngh0d75,/home/bmeluch/NMDC/nom_processing/monet_nom/raw/60923_12_T_1_WEOM_r1_Mag_04Jan24_300SA_p01_23_1_14424.d,/home/bmeluch/NMDC/nom_processing/monet_nom/processed_20260701/60923_12_T_1_WEOM_r1_Mag_04Jan24_300SA_p01_23_1_14424,/home/bmeluch/NMDC/nom_processing/monet_nom/raw/QC_SRFAII_23_01_20ppm_r0_Mag_04Jan24_300SA_p01_54_1_14418.d,nmdc:calib-14-hhn3qb47,"EMSL NOM full profile mass spectrometry, negative",7T FT-ICR MS,EMSL,EMSL,2024-01-05T03:50:28Z,placeholder,['nmdc:sty-11-w4tp3f29']
nmdc:bsm-11-sngh0d75,/home/bmeluch/NMDC/nom_processing/monet_nom/raw/60923_12_T_1_WEOM_r2_Mag_04Jan24_300SA_p01_23_1_14515.d,/home/bmeluch/NMDC/nom_processing/monet_nom/processed_20260701/60923_12_T_1_WEOM_r2_Mag_04Jan24_300SA_p01_23_1_14515,/home/bmeluch/NMDC/nom_processing/monet_nom/raw/QC_SRFAII_23_01_20ppm_r1_Mag_04Jan24_300SA_p01_54_1_14508.d,nmdc:calib-14-hhn3qb47,"EMSL NOM full profile mass spectrometry, negative",7T FT-ICR MS,EMSL,EMSL,2024-01-06T20:10:10Z,placeholder,['nmdc:sty-11-w4tp3f29']
nmdc:bsm-11-sngh0d75,/home/bmeluch/NMDC/nom_processing/monet_nom/raw/60923_12_T_1_WEOM_r3_Mag_04Jan24_300SA_p01_23_1_14603.d,/home/bmeluch/NMDC/nom_processing/monet_nom/processed_20260701/60923_12_T_1_WEOM_r3_Mag_04Jan24_300SA_p01_23_1_14603,/home/bmeluch/NMDC/nom_processing/monet_nom/raw/QC_SRFAII_23_01_20ppm_r2_Mag_04Jan24_300SA_p01_52_1_14598.d,nmdc:calib-14-hhn3qb47,"EMSL NOM full profile mass spectrometry, negative",7T FT-ICR MS,EMSL,EMSL,2024-01-08T11:10:25Z,placeholder,['nmdc:sty-11-w4tp3f29']
nmdc:bsm-11-sngh0d75,/home/bmeluch/NMDC/nom_processing/monet_nom/raw/60923_12_T_2_WEOM_r1_Mag_04Jan24_300SA_p01_3_1_14476.d,/home/bmeluch/NMDC/nom_processing/monet_nom/processed_20260701/60923_12_T_2_WEOM_r1_Mag_04Jan24_300SA_p01_3_1_14476,/home/bmeluch/NMDC/nom_processing/monet_nom/raw/QC_SRFAII_23_01_20ppm_r1_Mag_04Jan24_300SA_p01_54_1_14462.d,nmdc:calib-14-hhn3qb47,"EMSL NOM full profile mass spectrometry, negative",7T FT-ICR MS,EMSL,EMSL,2024-01-06T02:53:08Z,placeholder,['nmdc:sty-11-w4tp3f29']
nmdc:bsm-11-sngh0d75,/home/bmeluch/NMDC/nom_processing/monet_nom/raw/60923_12_T_2_WEOM_r2_Mag_04Jan24_300SA_p01_3_1_14563.d,/home/bmeluch/NMDC/nom_processing/monet_nom/processed_20260701/60923_12_T_2_WEOM_r2_Mag_04Jan24_300SA_p01_3_1_14563,/home/bmeluch/NMDC/nom_processing/monet_nom/raw/QC_SRFAII_23_01_20ppm_r2_Mag_04Jan24_300SA_p01_52_1_14552.d,nmdc:calib-14-hhn3qb47,"EMSL NOM full profile mass spectrometry, negative",7T FT-ICR MS,EMSL,EMSL,2024-01-07T17:26:42Z,placeholder,['nmdc:sty-11-w4tp3f29']
nmdc:bsm-11-sngh0d75,/home/bmeluch/NMDC/nom_processing/monet_nom/raw/60923_12_T_2_WEOM_r3_Mag_04Jan24_300SA_p01_3_1_14638.d,/home/bmeluch/NMDC/nom_processing/monet_nom/processed_20260701/60923_12_T_2_WEOM_r3_Mag_04Jan24_300SA_p01_3_1_14638,/home/bmeluch/NMDC/nom_processing/monet_nom/raw/QC_SRFAII_23_01_20ppm_r3_Mag_04Jan24_300SA_p01_52_1_14621.d,nmdc:calib-14-hhn3qb47,"EMSL NOM full profile mass spectrometry, negative",7T FT-ICR MS,EMSL,EMSL,2024-01-09T02:41:07Z,placeholder,['nmdc:sty-11-w4tp3f29']
nmdc:bsm-11-sngh0d75,/home/bmeluch/NMDC/nom_processing/monet_nom/raw/60923_12_T_3_WEOM_r1_Mag_04Jan24_300SA_p01_31_1_14502.d,/home/bmeluch/NMDC/nom_processing/monet_nom/processed_20260701/60923_12_T_3_WEOM_r1_Mag_04Jan24_300SA_p01_31_1_14502,/home/bmeluch/NMDC/nom_processing/monet_nom/raw/QC_SRFAII_23_01_20ppm_r1_Mag_04Jan24_300SA_p01_54_1_14484.d,nmdc:calib-14-hhn3qb47,"EMSL NOM full profile mass spectrometry, negative",7T FT-ICR MS,EMSL,EMSL,2024-01-06T14:24:28Z,placeholder,['nmdc:sty-11-w4tp3f29']
nmdc:bsm-11-sngh0d75,/home/bmeluch/NMDC/nom_processing/monet_nom/raw/60923_12_T_3_WEOM_r2_Mag_04Jan24_300SA_p01_31_1_14572.d,/home/bmeluch/NMDC/nom_processing/monet_nom/processed_20260701/60923_12_T_3_WEOM_r2_Mag_04Jan24_300SA_p01_31_1_14572,/home/bmeluch/NMDC/nom_processing/monet_nom/raw/QC_SRFAII_23_01_20ppm_r2_Mag_04Jan24_300SA_p01_52_1_14552.d,nmdc:calib-14-hhn3qb47,"EMSL NOM full profile mass spectrometry, negative",7T FT-ICR MS,EMSL,EMSL,2024-01-07T21:26:01Z,placeholder,['nmdc:sty-11-w4tp3f29']
nmdc:bsm-11-sngh0d75,/home/bmeluch/NMDC/nom_processing/monet_nom/raw/60923_12_T_3_WEOM_r3_Mag_04Jan24_300SA_p01_31_1_14661.d,/home/bmeluch/NMDC/nom_processing/monet_nom/processed_20260701/60923_12_T_3_WEOM_r3_Mag_04Jan24_300SA_p01_31_1_14661,/home/bmeluch/NMDC/nom_processing/monet_nom/raw/QC_SRFAII_23_01_20ppm_r3_Mag_04Jan24_300SA_p01_52_1_14643.d,nmdc:calib-14-hhn3qb47,"EMSL NOM full profile mass spectrometry, negative",7T FT-ICR MS,EMSL,EMSL,2024-01-09T12:52:43Z,placeholder,['nmdc:sty-11-w4tp3f29']
nmdc:bsm-11-x57kpq54,/home/bmeluch/NMDC/nom_processing/monet_nom/raw/60923_13_B_1_WEOM_r1_Mag_04Jan24_300SA_p01_26_1_14445.d,/home/bmeluch/NMDC/nom_processing/monet_nom/processed_20260701/60923_13_B_1_WEOM_r1_Mag_04Jan24_300SA_p01_26_1_14445,/home/bmeluch/NMDC/nom_processing/monet_nom/raw/QC_SRFAII_23_01_20ppm_r1_Mag_04Jan24_300SA_p01_54_1_14440.d,nmdc:calib-14-hhn3qb47,"EMSL NOM full profile mass spectrometry, negative",7T FT-ICR MS,EMSL,EMSL,2024-01-05T13:08:52Z,placeholder,['nmdc:sty-11-w4tp3f29']
nmdc:bsm-11-x57kpq54,/home/bmeluch/NMDC/nom_processing/monet_nom/raw/60923_13_B_1_WEOM_r2_Mag_04Jan24_300SA_p01_26_1_14523.d,/home/bmeluch/NMDC/nom_processing/monet_nom/processed_20260701/60923_13_B_1_WEOM_r2_Mag_04Jan24_300SA_p01_26_1_14523,/home/bmeluch/NMDC/nom_processing/monet_nom/raw/QC_SRFAII_23_01_20ppm_r1_Mag_04Jan24_300SA_p01_54_1_14508.d,nmdc:calib-14-hhn3qb47,"EMSL NOM full profile mass spectrometry, negative",7T FT-ICR MS,EMSL,EMSL,2024-01-06T23:42:54Z,placeholder,['nmdc:sty-11-w4tp3f29']
nmdc:bsm-11-x57kpq54,/home/bmeluch/NMDC/nom_processing/monet_nom/raw/60923_13_B_1_WEOM_r3_Mag_04Jan24_300SA_p01_26_1_14601.d,/home/bmeluch/NMDC/nom_processing/monet_nom/processed_20260701/60923_13_B_1_WEOM_r3_Mag_04Jan24_300SA_p01_26_1_14601,/home/bmeluch/NMDC/nom_processing/monet_nom/raw/QC_SRFAII_23_01_20ppm_r2_Mag_04Jan24_300SA_p01_52_1_14598.d,nmdc:calib-14-hhn3qb47,"EMSL NOM full profile mass spectrometry, negative",7T FT-ICR MS,EMSL,EMSL,2024-01-08T10:17:14Z,placeholder,['nmdc:sty-11-w4tp3f29']
nmdc:bsm-11-x57kpq54,/home/bmeluch/NMDC/nom_processing/monet_nom/raw/60923_13_B_2_WEOM_r1_Mag_04Jan24_300SA_p01_6_1_14451.d,/home/bmeluch/NMDC/nom_processing/monet_nom/processed_20260701/60923_13_B_2_WEOM_r1_Mag_04Jan24_300SA_p01_6_1_14451,/home/bmeluch/NMDC/nom_processing/monet_nom/raw/QC_SRFAII_23_01_20ppm_r1_Mag_04Jan24_300SA_p01_54_1_14440.d,nmdc:calib-14-hhn3qb47,"EMSL NOM full profile mass spectrometry, negative",7T FT-ICR MS,EMSL,EMSL,2024-01-05T15:48:25Z,placeholder,['nmdc:sty-11-w4tp3f29']
nmdc:bsm-11-x57kpq54,/home/bmeluch/NMDC/nom_processing/monet_nom/raw/60923_13_B_2_WEOM_r2_Mag_04Jan24_300SA_p01_6_1_14562.d,/home/bmeluch/NMDC/nom_processing/monet_nom/processed_20260701/60923_13_B_2_WEOM_r2_Mag_04Jan24_300SA_p01_6_1_14562,/home/bmeluch/NMDC/nom_processing/monet_nom/raw/QC_SRFAII_23_01_20ppm_r2_Mag_04Jan24_300SA_p01_52_1_14552.d,nmdc:calib-14-hhn3qb47,"EMSL NOM full profile mass spectrometry, negative",7T FT-ICR MS,EMSL,EMSL,2024-01-07T17:00:07Z,placeholder,['nmdc:sty-11-w4tp3f29']
nmdc:bsm-11-x57kpq54,/home/bmeluch/NMDC/nom_processing/monet_nom/raw/60923_13_B_2_WEOM_r3_Mag_04Jan24_300SA_p01_6_1_14631.d,/home/bmeluch/NMDC/nom_processing/monet_nom/processed_20260701/60923_13_B_2_WEOM_r3_Mag_04Jan24_300SA_p01_6_1_14631,/home/bmeluch/NMDC/nom_processing/monet_nom/raw/QC_SRFAII_23_01_20ppm_r3_Mag_04Jan24_300SA_p01_52_1_14621.d,nmdc:calib-14-hhn3qb47,"EMSL NOM full profile mass spectrometry, negative",7T FT-ICR MS,EMSL,EMSL,2024-01-08T23:34:59Z,placeholder,['nmdc:sty-11-w4tp3f29']
nmdc:bsm-11-x57kpq54,/home/bmeluch/NMDC/nom_processing/monet_nom/raw/60923_13_B_3_WEOM_r1_Mag_04Jan24_300SA_p01_34_1_14479.d,/home/bmeluch/NMDC/nom_processing/monet_nom/processed_20260701/60923_13_B_3_WEOM_r1_Mag_04Jan24_300SA_p01_34_1_14479,/home/bmeluch/NMDC/nom_processing/monet_nom/raw/QC_SRFAII_23_01_20ppm_r1_Mag_04Jan24_300SA_p01_54_1_14462.d,nmdc:calib-14-hhn3qb47,"EMSL NOM full profile mass spectrometry, negative",7T FT-ICR MS,EMSL,EMSL,2024-01-06T04:12:54Z,placeholder,['nmdc:sty-11-w4tp3f29']
nmdc:bsm-11-x57kpq54,/home/bmeluch/NMDC/nom_processing/monet_nom/raw/60923_13_B_3_WEOM_r2_Mag_04Jan24_300SA_p01_34_1_14569.d,/home/bmeluch/NMDC/nom_processing/monet_nom/processed_20260701/60923_13_B_3_WEOM_r2_Mag_04Jan24_300SA_p01_34_1_14569,/home/bmeluch/NMDC/nom_processing/monet_nom/raw/QC_SRFAII_23_01_20ppm_r2_Mag_04Jan24_300SA_p01_52_1_14552.d,nmdc:calib-14-hhn3qb47,"EMSL NOM full profile mass spectrometry, negative",7T FT-ICR MS,EMSL,EMSL,2024-01-07T20:06:15Z,placeholder,['nmdc:sty-11-w4tp3f29']
nmdc:bsm-11-x57kpq54,/home/bmeluch/NMDC/nom_processing/monet_nom/raw/60923_13_B_3_WEOM_r3_Mag_04Jan24_300SA_p01_34_1_14685.d,/home/bmeluch/NMDC/nom_processing/monet_nom/processed_20260701/60923_13_B_3_WEOM_r3_Mag_04Jan24_300SA_p01_34_1_14685,/home/bmeluch/NMDC/nom_processing/monet_nom/raw/QC_SRFAII_23_01_20ppm_r3_Mag_04Jan24_300SA_p01_52_1_14665.d,nmdc:calib-14-hhn3qb47,"EMSL NOM full profile mass spectrometry, negative",7T FT-ICR MS,EMSL,EMSL,2024-01-09T23:30:49Z,placeholder,['nmdc:sty-11-w4tp3f29']
nmdc:bsm-11-ck686d84,/home/bmeluch/NMDC/nom_processing/monet_nom/raw/60923_13_T_1_WEOM_r1_Mag_04Jan24_300SA_p01_25_1_14438.d,/home/bmeluch/NMDC/nom_processing/monet_nom/processed_20260701/60923_13_T_1_WEOM_r1_Mag_04Jan24_300SA_p01_25_1_14438,/home/bmeluch/NMDC/nom_processing/monet_nom/raw/QC_SRFAII_23_01_20ppm_r0_Mag_04Jan24_300SA_p01_54_1_14418.d,nmdc:calib-14-hhn3qb47,"EMSL NOM full profile mass spectrometry, negative",7T FT-ICR MS,EMSL,EMSL,2024-01-05T10:02:43Z,placeholder,['nmdc:sty-11-w4tp3f29']
nmdc:bsm-11-ck686d84,/home/bmeluch/NMDC/nom_processing/monet_nom/raw/60923_13_T_1_WEOM_r2_Mag_04Jan24_300SA_p01_25_1_14520.d,/home/bmeluch/NMDC/nom_processing/monet_nom/processed_20260701/60923_13_T_1_WEOM_r2_Mag_04Jan24_300SA_p01_25_1_14520,/home/bmeluch/NMDC/nom_processing/monet_nom/raw/QC_SRFAII_23_01_20ppm_r1_Mag_04Jan24_300SA_p01_54_1_14508.d,nmdc:calib-14-hhn3qb47,"EMSL NOM full profile mass spectrometry, negative",7T FT-ICR MS,EMSL,EMSL,2024-01-06T22:23:07Z,placeholder,['nmdc:sty-11-w4tp3f29']
nmdc:bsm-11-ck686d84,/home/bmeluch/NMDC/nom_processing/monet_nom/raw/60923_13_T_1_WEOM_r3_Mag_04Jan24_300SA_p01_25_1_14602.d,/home/bmeluch/NMDC/nom_processing/monet_nom/processed_20260701/60923_13_T_1_WEOM_r3_Mag_04Jan24_300SA_p01_25_1_14602,/home/bmeluch/NMDC/nom_processing/monet_nom/raw/QC_SRFAII_23_01_20ppm_r2_Mag_04Jan24_300SA_p01_52_1_14598.d,nmdc:calib-14-hhn3qb47,"EMSL NOM full profile mass spectrometry, negative",7T FT-ICR MS,EMSL,EMSL,2024-01-08T10:43:49Z,placeholder,['nmdc:sty-11-w4tp3f29']
nmdc:bsm-11-ck686d84,/home/bmeluch/NMDC/nom_processing/monet_nom/raw/60923_13_T_2_WEOM_r1_Mag_04Jan24_300SA_p01_5_1_14458.d,/home/bmeluch/NMDC/nom_processing/monet_nom/processed_20260701/60923_13_T_2_WEOM_r1_Mag_04Jan24_300SA_p01_5_1_14458,/home/bmeluch/NMDC/nom_processing/monet_nom/raw/QC_SRFAII_23_01_20ppm_r1_Mag_04Jan24_300SA_p01_54_1_14440.d,nmdc:calib-14-hhn3qb47,"EMSL NOM full profile mass spectrometry, negative",7T FT-ICR MS,EMSL,EMSL,2024-01-05T18:54:34Z,placeholder,['nmdc:sty-11-w4tp3f29']
nmdc:bsm-11-ck686d84,/home/bmeluch/NMDC/nom_processing/monet_nom/raw/60923_13_T_2_WEOM_r2_Mag_04Jan24_300SA_p01_5_1_14550.d,/home/bmeluch/NMDC/nom_processing/monet_nom/processed_20260701/60923_13_T_2_WEOM_r2_Mag_04Jan24_300SA_p01_5_1_14550,/home/bmeluch/NMDC/nom_processing/monet_nom/raw/QC_SRFAII_23_01_20ppm_r2_Mag_04Jan24_300SA_p01_54_1_14531.d,nmdc:calib-14-hhn3qb47,"EMSL NOM full profile mass spectrometry, negative",7T FT-ICR MS,EMSL,EMSL,2024-01-07T11:40:58Z,placeholder,['nmdc:sty-11-w4tp3f29']
nmdc:bsm-11-ck686d84,/home/bmeluch/NMDC/nom_processing/monet_nom/raw/60923_13_T_2_WEOM_r3_Mag_04Jan24_300SA_p01_5_1_14648.d,/home/bmeluch/NMDC/nom_processing/monet_nom/processed_20260701/60923_13_T_2_WEOM_r3_Mag_04Jan24_300SA_p01_5_1_14648,/home/bmeluch/NMDC/nom_processing/monet_nom/raw/QC_SRFAII_23_01_20ppm_r3_Mag_04Jan24_300SA_p01_52_1_14643.d,nmdc:calib-14-hhn3qb47,"EMSL NOM full profile mass spectrometry, negative",7T FT-ICR MS,EMSL,EMSL,2024-01-09T07:07:02Z,placeholder,['nmdc:sty-11-w4tp3f29']
nmdc:bsm-11-ck686d84,/home/bmeluch/NMDC/nom_processing/monet_nom/raw/60923_13_T_3_WEOM_r1_Mag_04Jan24_300SA_p01_33_1_14487.d,/home/bmeluch/NMDC/nom_processing/monet_nom/processed_20260701/60923_13_T_3_WEOM_r1_Mag_04Jan24_300SA_p01_33_1_14487,/home/bmeluch/NMDC/nom_processing/monet_nom/raw/QC_SRFAII_23_01_20ppm_r1_Mag_04Jan24_300SA_p01_54_1_14484.d,nmdc:calib-14-hhn3qb47,"EMSL NOM full profile mass spectrometry, negative",7T FT-ICR MS,EMSL,EMSL,2024-01-06T07:45:36Z,placeholder,['nmdc:sty-11-w4tp3f29']
nmdc:bsm-11-ck686d84,/home/bmeluch/NMDC/nom_processing/monet_nom/raw/60923_13_T_3_WEOM_r2_Mag_04Jan24_300SA_p01_33_1_14574.d,/home/bmeluch/NMDC/nom_processing/monet_nom/processed_20260701/60923_13_T_3_WEOM_r2_Mag_04Jan24_300SA_p01_33_1_14574,/home/bmeluch/NMDC/nom_processing/monet_nom/raw/QC_SRFAII_23_01_20ppm_r2_Mag_04Jan24_300SA_p01_52_1_14552.d,nmdc:calib-14-hhn3qb47,"EMSL NOM full profile mass spectrometry, negative",7T FT-ICR MS,EMSL,EMSL,2024-01-07T22:19:14Z,placeholder,['nmdc:sty-11-w4tp3f29']
nmdc:bsm-11-ck686d84,/home/bmeluch/NMDC/nom_processing/monet_nom/raw/60923_13_T_3_WEOM_r3_Mag_04Jan24_300SA_p01_33_1_14671.d,/home/bmeluch/NMDC/nom_processing/monet_nom/processed_20260701/60923_13_T_3_WEOM_r3_Mag_04Jan24_300SA_p01_33_1_14671,/home/bmeluch/NMDC/nom_processing/monet_nom/raw/QC_SRFAII_23_01_20ppm_r3_Mag_04Jan24_300SA_p01_52_1_14665.d,nmdc:calib-14-hhn3qb47,"EMSL NOM full profile mass spectrometry, negative",7T FT-ICR MS,EMSL,EMSL,2024-01-09T17:18:37Z,placeholder,['nmdc:sty-11-w4tp3f29']
nmdc:bsm-11-g1acwr86,/home/bmeluch/NMDC/nom_processing/monet_nom/raw/60923_14_B_1_WEOM_r1_Mag_04Jan24_300SA_p01_28_1_14439.d,/home/bmeluch/NMDC/nom_processing/monet_nom/processed_20260701/60923_14_B_1_WEOM_r1_Mag_04Jan24_300SA_p01_28_1_14439,/home/bmeluch/NMDC/nom_processing/monet_nom/raw/QC_SRFAII_23_01_20ppm_r0_Mag_04Jan24_300SA_p01_54_1_14418.d,nmdc:calib-14-hhn3qb47,"EMSL NOM full profile mass spectrometry, negative",7T FT-ICR MS,EMSL,EMSL,2024-01-05T10:29:19Z,placeholder,['nmdc:sty-11-w4tp3f29']
nmdc:bsm-11-g1acwr86,/home/bmeluch/NMDC/nom_processing/monet_nom/raw/60923_14_B_1_WEOM_r2_Mag_04Jan24_300SA_p01_28_1_14538.d,/home/bmeluch/NMDC/nom_processing/monet_nom/processed_20260701/60923_14_B_1_WEOM_r2_Mag_04Jan24_300SA_p01_28_1_14538,/home/bmeluch/NMDC/nom_processing/monet_nom/raw/QC_SRFAII_23_01_20ppm_r2_Mag_04Jan24_300SA_p01_54_1_14531.d,nmdc:calib-14-hhn3qb47,"EMSL NOM full profile mass spectrometry, negative",7T FT-ICR MS,EMSL,EMSL,2024-01-07T06:21:49Z,placeholder,['nmdc:sty-11-w4tp3f29']
nmdc:bsm-11-g1acwr86,/home/bmeluch/NMDC/nom_processing/monet_nom/raw/60923_14_B_1_WEOM_r3_Mag_04Jan24_300SA_p01_28_1_14605.d,/home/bmeluch/NMDC/nom_processing/monet_nom/processed_20260701/60923_14_B_1_WEOM_r3_Mag_04Jan24_300SA_p01_28_1_14605,/home/bmeluch/NMDC/nom_processing/monet_nom/raw/QC_SRFAII_23_01_20ppm_r2_Mag_04Jan24_300SA_p01_52_1_14598.d,nmdc:calib-14-hhn3qb47,"EMSL NOM full profile mass spectrometry, negative",7T FT-ICR MS,EMSL,EMSL,2024-01-08T12:03:36Z,placeholder,['nmdc:sty-11-w4tp3f29']
nmdc:bsm-11-g1acwr86,/home/bmeluch/NMDC/nom_processing/monet_nom/raw/60923_14_B_2_WEOM_r1_Mag_04Jan24_300SA_p01_8_1_14467.d,/home/bmeluch/NMDC/nom_processing/monet_nom/processed_20260701/60923_14_B_2_WEOM_r1_Mag_04Jan24_300SA_p01_8_1_14467,/home/bmeluch/NMDC/nom_processing/monet_nom/raw/QC_SRFAII_23_01_20ppm_r1_Mag_04Jan24_300SA_p01_54_1_14462.d,nmdc:calib-14-hhn3qb47,"EMSL NOM full profile mass spectrometry, negative",7T FT-ICR MS,EMSL,EMSL,2024-01-05T22:53:51Z,placeholder,['nmdc:sty-11-w4tp3f29']
nmdc:bsm-11-g1acwr86,/home/bmeluch/NMDC/nom_processing/monet_nom/raw/60923_14_B_2_WEOM_r2_Mag_04Jan24_300SA_p01_8_1_14545.d,/home/bmeluch/NMDC/nom_processing/monet_nom/processed_20260701/60923_14_B_2_WEOM_r2_Mag_04Jan24_300SA_p01_8_1_14545,/home/bmeluch/NMDC/nom_processing/monet_nom/raw/QC_SRFAII_23_01_20ppm_r2_Mag_04Jan24_300SA_p01_54_1_14531.d,nmdc:calib-14-hhn3qb47,"EMSL NOM full profile mass spectrometry, negative",7T FT-ICR MS,EMSL,EMSL,2024-01-07T09:28:02Z,placeholder,['nmdc:sty-11-w4tp3f29']
nmdc:bsm-11-g1acwr86,/home/bmeluch/NMDC/nom_processing/monet_nom/raw/60923_14_B_2_WEOM_r3_Mag_04Jan24_300SA_p01_8_1_14655.d,/home/bmeluch/NMDC/nom_processing/monet_nom/processed_20260701/60923_14_B_2_WEOM_r3_Mag_04Jan24_300SA_p01_8_1_14655,/home/bmeluch/NMDC/nom_processing/monet_nom/raw/QC_SRFAII_23_01_20ppm_r3_Mag_04Jan24_300SA_p01_52_1_14643.d,nmdc:calib-14-hhn3qb47,"EMSL NOM full profile mass spectrometry, negative",7T FT-ICR MS,EMSL,EMSL,2024-01-09T10:13:10Z,placeholder,['nmdc:sty-11-w4tp3f29']
nmdc:bsm-11-g1acwr86,/home/bmeluch/NMDC/nom_processing/monet_nom/raw/60923_14_B_3_WEOM_r1_Mag_04Jan24_300SA_p01_36_1_14505.d,/home/bmeluch/NMDC/nom_processing/monet_nom/processed_20260701/60923_14_B_3_WEOM_r1_Mag_04Jan24_300SA_p01_36_1_14505,/home/bmeluch/NMDC/nom_processing/monet_nom/raw/QC_SRFAII_23_01_20ppm_r1_Mag_04Jan24_300SA_p01_54_1_14484.d,nmdc:calib-14-hhn3qb47,"EMSL NOM full profile mass spectrometry, negative",7T FT-ICR MS,EMSL,EMSL,2024-01-06T15:44:15Z,placeholder,['nmdc:sty-11-w4tp3f29']
nmdc:bsm-11-g1acwr86,/home/bmeluch/NMDC/nom_processing/monet_nom/raw/60923_14_B_3_WEOM_r2_Mag_04Jan24_300SA_p01_36_1_14595.d,/home/bmeluch/NMDC/nom_processing/monet_nom/processed_20260701/60923_14_B_3_WEOM_r2_Mag_04Jan24_300SA_p01_36_1_14595,/home/bmeluch/NMDC/nom_processing/monet_nom/raw/QC_SRFAII_23_01_20ppm_r2_Mag_04Jan24_300SA_p01_52_1_14575.d,nmdc:calib-14-hhn3qb47,"EMSL NOM full profile mass spectrometry, negative",7T FT-ICR MS,EMSL,EMSL,2024-01-08T07:37:40Z,placeholder,['nmdc:sty-11-w4tp3f29']
nmdc:bsm-11-g1acwr86,/home/bmeluch/NMDC/nom_processing/monet_nom/raw/60923_14_B_3_WEOM_r3_Mag_04Jan24_300SA_p01_36_1_14686.d,/home/bmeluch/NMDC/nom_processing/monet_nom/processed_20260701/60923_14_B_3_WEOM_r3_Mag_04Jan24_300SA_p01_36_1_14686,/home/bmeluch/NMDC/nom_processing/monet_nom/raw/QC_SRFAII_23_01_20ppm_r3_Mag_04Jan24_300SA_p01_52_1_14665.d,nmdc:calib-14-hhn3qb47,"EMSL NOM full profile mass spectrometry, negative",7T FT-ICR MS,EMSL,EMSL,2024-01-09T23:57:25Z,placeholder,['nmdc:sty-11-w4tp3f29']
nmdc:bsm-11-yqscch07,/home/bmeluch/NMDC/nom_processing/monet_nom/raw/60923_14_T_1_WEOM_r1_Mag_04Jan24_300SA_p01_27_1_14426.d,/home/bmeluch/NMDC/nom_processing/monet_nom/processed_20260701/60923_14_T_1_WEOM_r1_Mag_04Jan24_300SA_p01_27_1_14426,/home/bmeluch/NMDC/nom_processing/monet_nom/raw/QC_SRFAII_23_01_20ppm_r0_Mag_04Jan24_300SA_p01_54_1_14418.d,nmdc:calib-14-hhn3qb47,"EMSL NOM full profile mass spectrometry, negative",7T FT-ICR MS,EMSL,EMSL,2024-01-05T04:43:39Z,placeholder,['nmdc:sty-11-w4tp3f29']
nmdc:bsm-11-yqscch07,/home/bmeluch/NMDC/nom_processing/monet_nom/raw/60923_14_T_1_WEOM_r2_Mag_04Jan24_300SA_p01_27_1_14510.d,/home/bmeluch/NMDC/nom_processing/monet_nom/processed_20260701/60923_14_T_1_WEOM_r2_Mag_04Jan24_300SA_p01_27_1_14510,/home/bmeluch/NMDC/nom_processing/monet_nom/raw/QC_SRFAII_23_01_20ppm_r1_Mag_04Jan24_300SA_p01_54_1_14508.d,nmdc:calib-14-hhn3qb47,"EMSL NOM full profile mass spectrometry, negative",7T FT-ICR MS,EMSL,EMSL,2024-01-06T17:57:12Z,placeholder,['nmdc:sty-11-w4tp3f29']
nmdc:bsm-11-yqscch07,/home/bmeluch/NMDC/nom_processing/monet_nom/raw/60923_14_T_1_WEOM_r3_Mag_04Jan24_300SA_p01_27_1_14609.d,/home/bmeluch/NMDC/nom_processing/monet_nom/processed_20260701/60923_14_T_1_WEOM_r3_Mag_04Jan24_300SA_p01_27_1_14609,/home/bmeluch/NMDC/nom_processing/monet_nom/raw/QC_SRFAII_23_01_20ppm_r2_Mag_04Jan24_300SA_p01_52_1_14598.d,nmdc:calib-14-hhn3qb47,"EMSL NOM full profile mass spectrometry, negative",7T FT-ICR MS,EMSL,EMSL,2024-01-08T13:49:59Z,placeholder,['nmdc:sty-11-w4tp3f29']
nmdc:bsm-11-yqscch07,/home/bmeluch/NMDC/nom_processing/monet_nom/raw/60923_14_T_2_WEOM_r1_Mag_04Jan24_300SA_p01_7_1_14456.d,/home/bmeluch/NMDC/nom_processing/monet_nom/processed_20260701/60923_14_T_2_WEOM_r1_Mag_04Jan24_300SA_p01_7_1_14456,/home/bmeluch/NMDC/nom_processing/monet_nom/raw/QC_SRFAII_23_01_20ppm_r1_Mag_04Jan24_300SA_p01_54_1_14440.d,nmdc:calib-14-hhn3qb47,"EMSL NOM full profile mass spectrometry, negative",7T FT-ICR MS,EMSL,EMSL,2024-01-05T18:01:23Z,placeholder,['nmdc:sty-11-w4tp3f29']
nmdc:bsm-11-yqscch07,/home/bmeluch/NMDC/nom_processing/monet_nom/raw/60923_14_T_2_WEOM_r2_Mag_04Jan24_300SA_p01_7_1_14543.d,/home/bmeluch/NMDC/nom_processing/monet_nom/processed_20260701/60923_14_T_2_WEOM_r2_Mag_04Jan24_300SA_p01_7_1_14543,/home/bmeluch/NMDC/nom_processing/monet_nom/raw/QC_SRFAII_23_01_20ppm_r2_Mag_04Jan24_300SA_p01_54_1_14531.d,nmdc:calib-14-hhn3qb47,"EMSL NOM full profile mass spectrometry, negative",7T FT-ICR MS,EMSL,EMSL,2024-01-07T08:34:45Z,placeholder,['nmdc:sty-11-w4tp3f29']
nmdc:bsm-11-yqscch07,/home/bmeluch/NMDC/nom_processing/monet_nom/raw/60923_14_T_2_WEOM_r3_Mag_04Jan24_300SA_p01_7_1_14632.d,/home/bmeluch/NMDC/nom_processing/monet_nom/processed_20260701/60923_14_T_2_WEOM_r3_Mag_04Jan24_300SA_p01_7_1_14632,/home/bmeluch/NMDC/nom_processing/monet_nom/raw/QC_SRFAII_23_01_20ppm_r3_Mag_04Jan24_300SA_p01_52_1_14621.d,nmdc:calib-14-hhn3qb47,"EMSL NOM full profile mass spectrometry, negative",7T FT-ICR MS,EMSL,EMSL,2024-01-09T00:01:35Z,placeholder,['nmdc:sty-11-w4tp3f29']
nmdc:bsm-11-yqscch07,/home/bmeluch/NMDC/nom_processing/monet_nom/raw/60923_14_T_3_WEOM_r1_Mag_04Jan24_300SA_p01_35_1_14493.d,/home/bmeluch/NMDC/nom_processing/monet_nom/processed_20260701/60923_14_T_3_WEOM_r1_Mag_04Jan24_300SA_p01_35_1_14493,/home/bmeluch/NMDC/nom_processing/monet_nom/raw/QC_SRFAII_23_01_20ppm_r1_Mag_04Jan24_300SA_p01_54_1_14484.d,nmdc:calib-14-hhn3qb47,"EMSL NOM full profile mass spectrometry, negative",7T FT-ICR MS,EMSL,EMSL,2024-01-06T10:25:09Z,placeholder,['nmdc:sty-11-w4tp3f29']
nmdc:bsm-11-yqscch07,/home/bmeluch/NMDC/nom_processing/monet_nom/raw/60923_14_T_3_WEOM_r2_Mag_04Jan24_300SA_p01_35_1_14592.d,/home/bmeluch/NMDC/nom_processing/monet_nom/processed_20260701/60923_14_T_3_WEOM_r2_Mag_04Jan24_300SA_p01_35_1_14592,/home/bmeluch/NMDC/nom_processing/monet_nom/raw/QC_SRFAII_23_01_20ppm_r2_Mag_04Jan24_300SA_p01_52_1_14575.d,nmdc:calib-14-hhn3qb47,"EMSL NOM full profile mass spectrometry, negative",7T FT-ICR MS,EMSL,EMSL,2024-01-08T06:17:54Z,placeholder,['nmdc:sty-11-w4tp3f29']
nmdc:bsm-11-yqscch07,/home/bmeluch/NMDC/nom_processing/monet_nom/raw/60923_14_T_3_WEOM_r3_Mag_04Jan24_300SA_p01_35_1_14659.d,/home/bmeluch/NMDC/nom_processing/monet_nom/processed_20260701/60923_14_T_3_WEOM_r3_Mag_04Jan24_300SA_p01_35_1_14659,/home/bmeluch/NMDC/nom_processing/monet_nom/raw/QC_SRFAII_23_01_20ppm_r3_Mag_04Jan24_300SA_p01_52_1_14643.d,nmdc:calib-14-hhn3qb47,"EMSL NOM full profile mass spectrometry, negative",7T FT-ICR MS,EMSL,EMSL,2024-01-09T11:59:33Z,placeholder,['nmdc:sty-11-w4tp3f29']
nmdc:bsm-11-z8ve6g64,/home/bmeluch/NMDC/nom_processing/monet_nom/raw/60923_2_B_1_WEOM_r1_Mag_04Jan24_300SA_p01_4_1_14442.d,/home/bmeluch/NMDC/nom_processing/monet_nom/processed_20260701/60923_2_B_1_WEOM_r1_Mag_04Jan24_300SA_p01_4_1_14442,/home/bmeluch/NMDC/nom_processing/monet_nom/raw/QC_SRFAII_23_01_20ppm_r1_Mag_04Jan24_300SA_p01_54_1_14440.d,nmdc:calib-14-hhn3qb47,"EMSL NOM full profile mass spectrometry, negative",7T FT-ICR MS,EMSL,EMSL,2024-01-05T11:49:05Z,placeholder,['nmdc:sty-11-w4tp3f29']
nmdc:bsm-11-z8ve6g64,/home/bmeluch/NMDC/nom_processing/monet_nom/raw/60923_2_B_1_WEOM_r2_Mag_04Jan24_300SA_p01_4_1_14537.d,/home/bmeluch/NMDC/nom_processing/monet_nom/processed_20260701/60923_2_B_1_WEOM_r2_Mag_04Jan24_300SA_p01_4_1_14537,/home/bmeluch/NMDC/nom_processing/monet_nom/raw/QC_SRFAII_23_01_20ppm_r2_Mag_04Jan24_300SA_p01_54_1_14531.d,nmdc:calib-14-hhn3qb47,"EMSL NOM full profile mass spectrometry, negative",7T FT-ICR MS,EMSL,EMSL,2024-01-07T05:55:13Z,placeholder,['nmdc:sty-11-w4tp3f29']
nmdc:bsm-11-z8ve6g64,/home/bmeluch/NMDC/nom_processing/monet_nom/raw/60923_2_B_1_WEOM_r3_Mag_04Jan24_300SA_p01_4_1_14616.d,/home/bmeluch/NMDC/nom_processing/monet_nom/processed_20260701/60923_2_B_1_WEOM_r3_Mag_04Jan24_300SA_p01_4_1_14616,/home/bmeluch/NMDC/nom_processing/monet_nom/raw/QC_SRFAII_23_01_20ppm_r2_Mag_04Jan24_300SA_p01_52_1_14598.d,nmdc:calib-14-hhn3qb47,"EMSL NOM full profile mass spectrometry, negative",7T FT-ICR MS,EMSL,EMSL,2024-01-08T16:56:09Z,placeholder,['nmdc:sty-11-w4tp3f29']
nmdc:bsm-11-z8ve6g64,/home/bmeluch/NMDC/nom_processing/monet_nom/raw/60923_2_B_2_WEOM_r1_Mag_04Jan24_300SA_p01_32_1_14472.d,/home/bmeluch/NMDC/nom_processing/monet_nom/processed_20260701/60923_2_B_2_WEOM_r1_Mag_04Jan24_300SA_p01_32_1_14472,/home/bmeluch/NMDC/nom_processing/monet_nom/raw/QC_SRFAII_23_01_20ppm_r1_Mag_04Jan24_300SA_p01_54_1_14462.d,nmdc:calib-14-hhn3qb47,"EMSL NOM full profile mass spectrometry, negative",7T FT-ICR MS,EMSL,EMSL,2024-01-06T01:06:47Z,placeholder,['nmdc:sty-11-w4tp3f29']
nmdc:bsm-11-z8ve6g64,/home/bmeluch/NMDC/nom_processing/monet_nom/raw/60923_2_B_2_WEOM_r2_Mag_04Jan24_300SA_p01_32_1_14551.d,/home/bmeluch/NMDC/nom_processing/monet_nom/processed_20260701/60923_2_B_2_WEOM_r2_Mag_04Jan24_300SA_p01_32_1_14551,/home/bmeluch/NMDC/nom_processing/monet_nom/raw/QC_SRFAII_23_01_20ppm_r2_Mag_04Jan24_300SA_p01_54_1_14531.d,nmdc:calib-14-hhn3qb47,"EMSL NOM full profile mass spectrometry, negative",7T FT-ICR MS,EMSL,EMSL,2024-01-07T12:07:33Z,placeholder,['nmdc:sty-11-w4tp3f29']
nmdc:bsm-11-z8ve6g64,/home/bmeluch/NMDC/nom_processing/monet_nom/raw/60923_2_B_2_WEOM_r3_Mag_04Jan24_300SA_p01_32_1_14633.d,/home/bmeluch/NMDC/nom_processing/monet_nom/processed_20260701/60923_2_B_2_WEOM_r3_Mag_04Jan24_300SA_p01_32_1_14633,/home/bmeluch/NMDC/nom_processing/monet_nom/raw/QC_SRFAII_23_01_20ppm_r3_Mag_04Jan24_300SA_p01_52_1_14621.d,nmdc:calib-14-hhn3qb47,"EMSL NOM full profile mass spectrometry, negative",7T FT-ICR MS,EMSL,EMSL,2024-01-09T00:28:09Z,placeholder,['nmdc:sty-11-w4tp3f29']
nmdc:bsm-11-z8ve6g64,/home/bmeluch/NMDC/nom_processing/monet_nom/raw/60923_2_B_3_WEOM_r1_Mag_04Jan24_300SA_p01_12_1_14504.d,/home/bmeluch/NMDC/nom_processing/monet_nom/processed_20260701/60923_2_B_3_WEOM_r1_Mag_04Jan24_300SA_p01_12_1_14504,/home/bmeluch/NMDC/nom_processing/monet_nom/raw/QC_SRFAII_23_01_20ppm_r1_Mag_04Jan24_300SA_p01_54_1_14484.d,nmdc:calib-14-hhn3qb47,"EMSL NOM full profile mass spectrometry, negative",7T FT-ICR MS,EMSL,EMSL,2024-01-06T15:17:39Z,placeholder,['nmdc:sty-11-w4tp3f29']
nmdc:bsm-11-z8ve6g64,/home/bmeluch/NMDC/nom_processing/monet_nom/raw/60923_2_B_3_WEOM_r2_Mag_04Jan24_300SA_p01_12_1_14580.d,/home/bmeluch/NMDC/nom_processing/monet_nom/processed_20260701/60923_2_B_3_WEOM_r2_Mag_04Jan24_300SA_p01_12_1_14580,/home/bmeluch/NMDC/nom_processing/monet_nom/raw/QC_SRFAII_23_01_20ppm_r2_Mag_04Jan24_300SA_p01_52_1_14575.d,nmdc:calib-14-hhn3qb47,"EMSL NOM full profile mass spectrometry, negative",7T FT-ICR MS,EMSL,EMSL,2024-01-08T00:58:47Z,placeholder,['nmdc:sty-11-w4tp3f29']
nmdc:bsm-11-z8ve6g64,/home/bmeluch/NMDC/nom_processing/monet_nom/raw/60923_2_B_3_WEOM_r3_Mag_04Jan24_300SA_p01_12_1_14681.d,/home/bmeluch/NMDC/nom_processing/monet_nom/processed_20260701/60923_2_B_3_WEOM_r3_Mag_04Jan24_300SA_p01_12_1_14681,/home/bmeluch/NMDC/nom_processing/monet_nom/raw/QC_SRFAII_23_01_20ppm_r3_Mag_04Jan24_300SA_p01_52_1_14665.d,nmdc:calib-14-hhn3qb47,"EMSL NOM full profile mass spectrometry, negative",7T FT-ICR MS,EMSL,EMSL,2024-01-09T21:44:29Z,placeholder,['nmdc:sty-11-w4tp3f29']
nmdc:bsm-11-drbpkb58,/home/bmeluch/NMDC/nom_processing/monet_nom/raw/60923_2_T_1_WEOM_r1_Mag_04Jan24_300SA_p01_3_1_14449.d,/home/bmeluch/NMDC/nom_processing/monet_nom/processed_20260701/60923_2_T_1_WEOM_r1_Mag_04Jan24_300SA_p01_3_1_14449,/home/bmeluch/NMDC/nom_processing/monet_nom/raw/QC_SRFAII_23_01_20ppm_r1_Mag_04Jan24_300SA_p01_54_1_14440.d,nmdc:calib-14-hhn3qb47,"EMSL NOM full profile mass spectrometry, negative",7T FT-ICR MS,EMSL,EMSL,2024-01-05T14:55:14Z,placeholder,['nmdc:sty-11-w4tp3f29']
nmdc:bsm-11-drbpkb58,/home/bmeluch/NMDC/nom_processing/monet_nom/raw/60923_2_T_1_WEOM_r2_Mag_04Jan24_300SA_p01_3_1_14524.d,/home/bmeluch/NMDC/nom_processing/monet_nom/processed_20260701/60923_2_T_1_WEOM_r2_Mag_04Jan24_300SA_p01_3_1_14524,/home/bmeluch/NMDC/nom_processing/monet_nom/raw/QC_SRFAII_23_01_20ppm_r1_Mag_04Jan24_300SA_p01_54_1_14508.d,nmdc:calib-14-hhn3qb47,"EMSL NOM full profile mass spectrometry, negative",7T FT-ICR MS,EMSL,EMSL,2024-01-07T00:09:28Z,placeholder,['nmdc:sty-11-w4tp3f29']
nmdc:bsm-11-drbpkb58,/home/bmeluch/NMDC/nom_processing/monet_nom/raw/60923_2_T_1_WEOM_r3_Mag_04Jan24_300SA_p01_3_1_14608.d,/home/bmeluch/NMDC/nom_processing/monet_nom/processed_20260701/60923_2_T_1_WEOM_r3_Mag_04Jan24_300SA_p01_3_1_14608,/home/bmeluch/NMDC/nom_processing/monet_nom/raw/QC_SRFAII_23_01_20ppm_r2_Mag_04Jan24_300SA_p01_52_1_14598.d,nmdc:calib-14-hhn3qb47,"EMSL NOM full profile mass spectrometry, negative",7T FT-ICR MS,EMSL,EMSL,2024-01-08T13:23:24Z,placeholder,['nmdc:sty-11-w4tp3f29']
nmdc:bsm-11-drbpkb58,/home/bmeluch/NMDC/nom_processing/monet_nom/raw/60923_2_T_2_WEOM_r1_Mag_04Jan24_300SA_p01_31_1_14453.d,/home/bmeluch/NMDC/nom_processing/monet_nom/processed_20260701/60923_2_T_2_WEOM_r1_Mag_04Jan24_300SA_p01_31_1_14453,/home/bmeluch/NMDC/nom_processing/monet_nom/raw/QC_SRFAII_23_01_20ppm_r1_Mag_04Jan24_300SA_p01_54_1_14440.d,nmdc:calib-14-hhn3qb47,"EMSL NOM full profile mass spectrometry, negative",7T FT-ICR MS,EMSL,EMSL,2024-01-05T16:41:37Z,placeholder,['nmdc:sty-11-w4tp3f29']
nmdc:bsm-11-drbpkb58,/home/bmeluch/NMDC/nom_processing/monet_nom/raw/60923_2_T_2_WEOM_r2_Mag_04Jan24_300SA_p01_31_1_14541.d,/home/bmeluch/NMDC/nom_processing/monet_nom/processed_20260701/60923_2_T_2_WEOM_r2_Mag_04Jan24_300SA_p01_31_1_14541,/home/bmeluch/NMDC/nom_processing/monet_nom/raw/QC_SRFAII_23_01_20ppm_r2_Mag_04Jan24_300SA_p01_54_1_14531.d,nmdc:calib-14-hhn3qb47,"EMSL NOM full profile mass spectrometry, negative",7T FT-ICR MS,EMSL,EMSL,2024-01-07T07:41:34Z,placeholder,['nmdc:sty-11-w4tp3f29']
nmdc:bsm-11-drbpkb58,/home/bmeluch/NMDC/nom_processing/monet_nom/raw/60923_2_T_2_WEOM_r3_Mag_04Jan24_300SA_p01_31_1_14630.d,/home/bmeluch/NMDC/nom_processing/monet_nom/processed_20260701/60923_2_T_2_WEOM_r3_Mag_04Jan24_300SA_p01_31_1_14630,/home/bmeluch/NMDC/nom_processing/monet_nom/raw/QC_SRFAII_23_01_20ppm_r3_Mag_04Jan24_300SA_p01_52_1_14621.d,nmdc:calib-14-hhn3qb47,"EMSL NOM full profile mass spectrometry, negative",7T FT-ICR MS,EMSL,EMSL,2024-01-08T23:08:24Z,placeholder,['nmdc:sty-11-w4tp3f29']
nmdc:bsm-11-drbpkb58,/home/bmeluch/NMDC/nom_processing/monet_nom/raw/60923_2_T_3_WEOM_r1_Mag_04Jan24_300SA_p01_11_1_14483.d,/home/bmeluch/NMDC/nom_processing/monet_nom/processed_20260701/60923_2_T_3_WEOM_r1_Mag_04Jan24_300SA_p01_11_1_14483,/home/bmeluch/NMDC/nom_processing/monet_nom/raw/QC_SRFAII_23_01_20ppm_r1_Mag_04Jan24_300SA_p01_54_1_14462.d,nmdc:calib-14-hhn3qb47,"EMSL NOM full profile mass spectrometry, negative",7T FT-ICR MS,EMSL,EMSL,2024-01-06T05:59:14Z,placeholder,['nmdc:sty-11-w4tp3f29']
nmdc:bsm-11-drbpkb58,/home/bmeluch/NMDC/nom_processing/monet_nom/raw/60923_2_T_3_WEOM_r2_Mag_04Jan24_300SA_p01_11_1_14590.d,/home/bmeluch/NMDC/nom_processing/monet_nom/processed_20260701/60923_2_T_3_WEOM_r2_Mag_04Jan24_300SA_p01_11_1_14590,/home/bmeluch/NMDC/nom_processing/monet_nom/raw/QC_SRFAII_23_01_20ppm_r2_Mag_04Jan24_300SA_p01_52_1_14575.d,nmdc:calib-14-hhn3qb47,"EMSL NOM full profile mass spectrometry, negative",7T FT-ICR MS,EMSL,EMSL,2024-01-08T05:24:41Z,placeholder,['nmdc:sty-11-w4tp3f29']
nmdc:bsm-11-drbpkb58,/home/bmeluch/NMDC/nom_processing/monet_nom/raw/60923_2_T_3_WEOM_r3_Mag_04Jan24_300SA_p01_11_1_14679.d,/home/bmeluch/NMDC/nom_processing/monet_nom/processed_20260701/60923_2_T_3_WEOM_r3_Mag_04Jan24_300SA_p01_11_1_14679,/home/bmeluch/NMDC/nom_processing/monet_nom/raw/QC_SRFAII_23_01_20ppm_r3_Mag_04Jan24_300SA_p01_52_1_14665.d,nmdc:calib-14-hhn3qb47,"EMSL NOM full profile mass spectrometry, negative",7T FT-ICR MS,EMSL,EMSL,2024-01-09T20:51:19Z,placeholder,['nmdc:sty-11-w4tp3f29']
nmdc:bsm-11-de24zv13,/home/bmeluch/NMDC/nom_processing/monet_nom/raw/60923_3_B_1_WEOM_r1_Mag_04Jan24_300SA_p01_6_1_14420.d,/home/bmeluch/NMDC/nom_processing/monet_nom/processed_20260701/60923_3_B_1_WEOM_r1_Mag_04Jan24_300SA_p01_6_1_14420,/home/bmeluch/NMDC/nom_processing/monet_nom/raw/QC_SRFAII_23_01_20ppm_r0_Mag_04Jan24_300SA_p01_54_1_14418.d,nmdc:calib-14-hhn3qb47,"EMSL NOM full profile mass spectrometry, negative",7T FT-ICR MS,EMSL,EMSL,2024-01-05T02:04:07Z,placeholder,['nmdc:sty-11-w4tp3f29']
nmdc:bsm-11-de24zv13,/home/bmeluch/NMDC/nom_processing/monet_nom/raw/60923_3_B_1_WEOM_r2_Mag_04Jan24_300SA_p01_6_1_14525.d,/home/bmeluch/NMDC/nom_processing/monet_nom/processed_20260701/60923_3_B_1_WEOM_r2_Mag_04Jan24_300SA_p01_6_1_14525,/home/bmeluch/NMDC/nom_processing/monet_nom/raw/QC_SRFAII_23_01_20ppm_r1_Mag_04Jan24_300SA_p01_54_1_14508.d,nmdc:calib-14-hhn3qb47,"EMSL NOM full profile mass spectrometry, negative",7T FT-ICR MS,EMSL,EMSL,2024-01-07T00:36:04Z,placeholder,['nmdc:sty-11-w4tp3f29']
nmdc:bsm-11-de24zv13,/home/bmeluch/NMDC/nom_processing/monet_nom/raw/60923_3_B_1_WEOM_r3_Mag_04Jan24_300SA_p01_6_1_14600.d,/home/bmeluch/NMDC/nom_processing/monet_nom/processed_20260701/60923_3_B_1_WEOM_r3_Mag_04Jan24_300SA_p01_6_1_14600,/home/bmeluch/NMDC/nom_processing/monet_nom/raw/QC_SRFAII_23_01_20ppm_r2_Mag_04Jan24_300SA_p01_52_1_14598.d,nmdc:calib-14-hhn3qb47,"EMSL NOM full profile mass spectrometry, negative",7T FT-ICR MS,EMSL,EMSL,2024-01-08T09:50:38Z,placeholder,['nmdc:sty-11-w4tp3f29']
nmdc:bsm-11-de24zv13,/home/bmeluch/NMDC/nom_processing/monet_nom/raw/60923_3_B_2_WEOM_r1_Mag_04Jan24_300SA_p01_34_1_14450.d,/home/bmeluch/NMDC/nom_processing/monet_nom/processed_20260701/60923_3_B_2_WEOM_r1_Mag_04Jan24_300SA_p01_34_1_14450,/home/bmeluch/NMDC/nom_processing/monet_nom/raw/QC_SRFAII_23_01_20ppm_r1_Mag_04Jan24_300SA_p01_54_1_14440.d,nmdc:calib-14-hhn3qb47,"EMSL NOM full profile mass spectrometry, negative",7T FT-ICR MS,EMSL,EMSL,2024-01-05T15:21:50Z,placeholder,['nmdc:sty-11-w4tp3f29']
nmdc:bsm-11-de24zv13,/home/bmeluch/NMDC/nom_processing/monet_nom/raw/60923_3_B_2_WEOM_r2_Mag_04Jan24_300SA_p01_34_1_14558.d,/home/bmeluch/NMDC/nom_processing/monet_nom/processed_20260701/60923_3_B_2_WEOM_r2_Mag_04Jan24_300SA_p01_34_1_14558,/home/bmeluch/NMDC/nom_processing/monet_nom/raw/QC_SRFAII_23_01_20ppm_r2_Mag_04Jan24_300SA_p01_52_1_14552.d,nmdc:calib-14-hhn3qb47,"EMSL NOM full profile mass spectrometry, negative",7T FT-ICR MS,EMSL,EMSL,2024-01-07T15:13:43Z,placeholder,['nmdc:sty-11-w4tp3f29']
nmdc:bsm-11-de24zv13,/home/bmeluch/NMDC/nom_processing/monet_nom/raw/60923_3_B_2_WEOM_r3_Mag_04Jan24_300SA_p01_34_1_14657.d,/home/bmeluch/NMDC/nom_processing/monet_nom/processed_20260701/60923_3_B_2_WEOM_r3_Mag_04Jan24_300SA_p01_34_1_14657,/home/bmeluch/NMDC/nom_processing/monet_nom/raw/QC_SRFAII_23_01_20ppm_r3_Mag_04Jan24_300SA_p01_52_1_14643.d,nmdc:calib-14-hhn3qb47,"EMSL NOM full profile mass spectrometry, negative",7T FT-ICR MS,EMSL,EMSL,2024-01-09T11:06:21Z,placeholder,['nmdc:sty-11-w4tp3f29']
nmdc:bsm-11-de24zv13,/home/bmeluch/NMDC/nom_processing/monet_nom/raw/60923_3_B_3_WEOM_r1_Mag_04Jan24_300SA_p01_14_1_14507.d,/home/bmeluch/NMDC/nom_processing/monet_nom/processed_20260701/60923_3_B_3_WEOM_r1_Mag_04Jan24_300SA_p01_14_1_14507,/home/bmeluch/NMDC/nom_processing/monet_nom/raw/QC_SRFAII_23_01_20ppm_r1_Mag_04Jan24_300SA_p01_54_1_14484.d,nmdc:calib-14-hhn3qb47,"EMSL NOM full profile mass spectrometry, negative",7T FT-ICR MS,EMSL,EMSL,2024-01-06T16:37:26Z,placeholder,['nmdc:sty-11-w4tp3f29']
nmdc:bsm-11-de24zv13,/home/bmeluch/NMDC/nom_processing/monet_nom/raw/60923_3_B_3_WEOM_r2_Mag_04Jan24_300SA_p01_14_1_14581.d,/home/bmeluch/NMDC/nom_processing/monet_nom/processed_20260701/60923_3_B_3_WEOM_r2_Mag_04Jan24_300SA_p01_14_1_14581,/home/bmeluch/NMDC/nom_processing/monet_nom/raw/QC_SRFAII_23_01_20ppm_r2_Mag_04Jan24_300SA_p01_52_1_14575.d,nmdc:calib-14-hhn3qb47,"EMSL NOM full profile mass spectrometry, negative",7T FT-ICR MS,EMSL,EMSL,2024-01-08T01:25:23Z,placeholder,['nmdc:sty-11-w4tp3f29']
nmdc:bsm-11-de24zv13,/home/bmeluch/NMDC/nom_processing/monet_nom/raw/60923_3_B_3_WEOM_r3_Mag_04Jan24_300SA_p01_14_1_14660.d,/home/bmeluch/NMDC/nom_processing/monet_nom/processed_20260701/60923_3_B_3_WEOM_r3_Mag_04Jan24_300SA_p01_14_1_14660,/home/bmeluch/NMDC/nom_processing/monet_nom/raw/QC_SRFAII_23_01_20ppm_r3_Mag_04Jan24_300SA_p01_52_1_14643.d,nmdc:calib-14-hhn3qb47,"EMSL NOM full profile mass spectrometry, negative",7T FT-ICR MS,EMSL,EMSL,2024-01-09T12:26:08Z,placeholder,['nmdc:sty-11-w4tp3f29']
nmdc:bsm-11-8wv3sf12,/home/bmeluch/NMDC/nom_processing/monet_nom/raw/60923_3_T_1_WEOM_r1_Mag_04Jan24_300SA_p01_5_1_14433.d,/home/bmeluch/NMDC/nom_processing/monet_nom/processed_20260701/60923_3_T_1_WEOM_r1_Mag_04Jan24_300SA_p01_5_1_14433,/home/bmeluch/NMDC/nom_processing/monet_nom/raw/QC_SRFAII_23_01_20ppm_r0_Mag_04Jan24_300SA_p01_54_1_14418.d,nmdc:calib-14-hhn3qb47,"EMSL NOM full profile mass spectrometry, negative",7T FT-ICR MS,EMSL,EMSL,2024-01-05T07:49:47Z,placeholder,['nmdc:sty-11-w4tp3f29']
nmdc:bsm-11-8wv3sf12,/home/bmeluch/NMDC/nom_processing/monet_nom/raw/60923_3_T_1_WEOM_r2_Mag_04Jan24_300SA_p01_5_1_14519.d,/home/bmeluch/NMDC/nom_processing/monet_nom/processed_20260701/60923_3_T_1_WEOM_r2_Mag_04Jan24_300SA_p01_5_1_14519,/home/bmeluch/NMDC/nom_processing/monet_nom/raw/QC_SRFAII_23_01_20ppm_r1_Mag_04Jan24_300SA_p01_54_1_14508.d,nmdc:calib-14-hhn3qb47,"EMSL NOM full profile mass spectrometry, negative",7T FT-ICR MS,EMSL,EMSL,2024-01-06T21:56:31Z,placeholder,['nmdc:sty-11-w4tp3f29']
nmdc:bsm-11-8wv3sf12,/home/bmeluch/NMDC/nom_processing/monet_nom/raw/60923_3_T_1_WEOM_r3_Mag_04Jan24_300SA_p01_5_1_14613.d,/home/bmeluch/NMDC/nom_processing/monet_nom/processed_20260701/60923_3_T_1_WEOM_r3_Mag_04Jan24_300SA_p01_5_1_14613,/home/bmeluch/NMDC/nom_processing/monet_nom/raw/QC_SRFAII_23_01_20ppm_r2_Mag_04Jan24_300SA_p01_52_1_14598.d,nmdc:calib-14-hhn3qb47,"EMSL NOM full profile mass spectrometry, negative",7T FT-ICR MS,EMSL,EMSL,2024-01-08T15:36:22Z,placeholder,['nmdc:sty-11-w4tp3f29']
nmdc:bsm-11-8wv3sf12,/home/bmeluch/NMDC/nom_processing/monet_nom/raw/60923_3_T_2_WEOM_r1_Mag_04Jan24_300SA_p01_33_1_14459.d,/home/bmeluch/NMDC/nom_processing/monet_nom/processed_20260701/60923_3_T_2_WEOM_r1_Mag_04Jan24_300SA_p01_33_1_14459,/home/bmeluch/NMDC/nom_processing/monet_nom/raw/QC_SRFAII_23_01_20ppm_r1_Mag_04Jan24_300SA_p01_54_1_14440.d,nmdc:calib-14-hhn3qb47,"EMSL NOM full profile mass spectrometry, negative",7T FT-ICR MS,EMSL,EMSL,2024-01-05T19:21:09Z,placeholder,['nmdc:sty-11-w4tp3f29']
nmdc:bsm-11-8wv3sf12,/home/bmeluch/NMDC/nom_processing/monet_nom/raw/60923_3_T_2_WEOM_r2_Mag_04Jan24_300SA_p01_33_1_14546.d,/home/bmeluch/NMDC/nom_processing/monet_nom/processed_20260701/60923_3_T_2_WEOM_r2_Mag_04Jan24_300SA_p01_33_1_14546,/home/bmeluch/NMDC/nom_processing/monet_nom/raw/QC_SRFAII_23_01_20ppm_r2_Mag_04Jan24_300SA_p01_54_1_14531.d,nmdc:calib-14-hhn3qb47,"EMSL NOM full profile mass spectrometry, negative",7T FT-ICR MS,EMSL,EMSL,2024-01-07T09:54:37Z,placeholder,['nmdc:sty-11-w4tp3f29']
nmdc:bsm-11-8wv3sf12,/home/bmeluch/NMDC/nom_processing/monet_nom/raw/60923_3_T_2_WEOM_r3_Mag_04Jan24_300SA_p01_33_1_14636.d,/home/bmeluch/NMDC/nom_processing/monet_nom/processed_20260701/60923_3_T_2_WEOM_r3_Mag_04Jan24_300SA_p01_33_1_14636,/home/bmeluch/NMDC/nom_processing/monet_nom/raw/QC_SRFAII_23_01_20ppm_r3_Mag_04Jan24_300SA_p01_52_1_14621.d,nmdc:calib-14-hhn3qb47,"EMSL NOM full profile mass spectrometry, negative",7T FT-ICR MS,EMSL,EMSL,2024-01-09T01:47:56Z,placeholder,['nmdc:sty-11-w4tp3f29']
nmdc:bsm-11-8wv3sf12,/home/bmeluch/NMDC/nom_processing/monet_nom/raw/60923_3_T_3_WEOM_r1_Mag_04Jan24_300SA_p01_13_1_14500.d,/home/bmeluch/NMDC/nom_processing/monet_nom/processed_20260701/60923_3_T_3_WEOM_r1_Mag_04Jan24_300SA_p01_13_1_14500,/home/bmeluch/NMDC/nom_processing/monet_nom/raw/QC_SRFAII_23_01_20ppm_r1_Mag_04Jan24_300SA_p01_54_1_14484.d,nmdc:calib-14-hhn3qb47,"EMSL NOM full profile mass spectrometry, negative",7T FT-ICR MS,EMSL,EMSL,2024-01-06T13:31:18Z,placeholder,['nmdc:sty-11-w4tp3f29']
nmdc:bsm-11-8wv3sf12,/home/bmeluch/NMDC/nom_processing/monet_nom/raw/60923_3_T_3_WEOM_r2_Mag_04Jan24_300SA_p01_13_1_14577.d,/home/bmeluch/NMDC/nom_processing/monet_nom/processed_20260701/60923_3_T_3_WEOM_r2_Mag_04Jan24_300SA_p01_13_1_14577,/home/bmeluch/NMDC/nom_processing/monet_nom/raw/QC_SRFAII_23_01_20ppm_r2_Mag_04Jan24_300SA_p01_52_1_14575.d,nmdc:calib-14-hhn3qb47,"EMSL NOM full profile mass spectrometry, negative",7T FT-ICR MS,EMSL,EMSL,2024-01-07T23:39:01Z,placeholder,['nmdc:sty-11-w4tp3f29']
nmdc:bsm-11-8wv3sf12,/home/bmeluch/NMDC/nom_processing/monet_nom/raw/60923_3_T_3_WEOM_r3_Mag_04Jan24_300SA_p01_13_1_14674.d,/home/bmeluch/NMDC/nom_processing/monet_nom/processed_20260701/60923_3_T_3_WEOM_r3_Mag_04Jan24_300SA_p01_13_1_14674,/home/bmeluch/NMDC/nom_processing/monet_nom/raw/QC_SRFAII_23_01_20ppm_r3_Mag_04Jan24_300SA_p01_52_1_14665.d,nmdc:calib-14-hhn3qb47,"EMSL NOM full profile mass spectrometry, negative",7T FT-ICR MS,EMSL,EMSL,2024-01-09T18:38:22Z,placeholder,['nmdc:sty-11-w4tp3f29']
nmdc:bsm-11-5fjw6z87,/home/bmeluch/NMDC/nom_processing/monet_nom/raw/60923_4_B_1_WEOM_r1_Mag_04Jan24_300SA_p01_8_1_14427.d,/home/bmeluch/NMDC/nom_processing/monet_nom/processed_20260701/60923_4_B_1_WEOM_r1_Mag_04Jan24_300SA_p01_8_1_14427,/home/bmeluch/NMDC/nom_processing/monet_nom/raw/QC_SRFAII_23_01_20ppm_r0_Mag_04Jan24_300SA_p01_54_1_14418.d,nmdc:calib-14-hhn3qb47,"EMSL NOM full profile mass spectrometry, negative",7T FT-ICR MS,EMSL,EMSL,2024-01-05T05:10:15Z,placeholder,['nmdc:sty-11-w4tp3f29']
nmdc:bsm-11-5fjw6z87,/home/bmeluch/NMDC/nom_processing/monet_nom/raw/60923_4_B_1_WEOM_r2_Mag_04Jan24_300SA_p01_8_1_14518.d,/home/bmeluch/NMDC/nom_processing/monet_nom/processed_20260701/60923_4_B_1_WEOM_r2_Mag_04Jan24_300SA_p01_8_1_14518,/home/bmeluch/NMDC/nom_processing/monet_nom/raw/QC_SRFAII_23_01_20ppm_r1_Mag_04Jan24_300SA_p01_54_1_14508.d,nmdc:calib-14-hhn3qb47,"EMSL NOM full profile mass spectrometry, negative",7T FT-ICR MS,EMSL,EMSL,2024-01-06T21:29:57Z,placeholder,['nmdc:sty-11-w4tp3f29']
nmdc:bsm-11-5fjw6z87,/home/bmeluch/NMDC/nom_processing/monet_nom/raw/60923_4_B_1_WEOM_r3_Mag_04Jan24_300SA_p01_8_1_14619.d,/home/bmeluch/NMDC/nom_processing/monet_nom/processed_20260701/60923_4_B_1_WEOM_r3_Mag_04Jan24_300SA_p01_8_1_14619,/home/bmeluch/NMDC/nom_processing/monet_nom/raw/QC_SRFAII_23_01_20ppm_r2_Mag_04Jan24_300SA_p01_52_1_14598.d,nmdc:calib-14-hhn3qb47,"EMSL NOM full profile mass spectrometry, negative",7T FT-ICR MS,EMSL,EMSL,2024-01-08T18:15:56Z,placeholder,['nmdc:sty-11-w4tp3f29']
nmdc:bsm-11-5fjw6z87,/home/bmeluch/NMDC/nom_processing/monet_nom/raw/60923_4_B_3_WEOM_r1_Mag_04Jan24_300SA_p01_16_1_14494.d,/home/bmeluch/NMDC/nom_processing/monet_nom/processed_20260701/60923_4_B_3_WEOM_r1_Mag_04Jan24_300SA_p01_16_1_14494,/home/bmeluch/NMDC/nom_processing/monet_nom/raw/QC_SRFAII_23_01_20ppm_r1_Mag_04Jan24_300SA_p01_54_1_14484.d,nmdc:calib-14-hhn3qb47,"EMSL NOM full profile mass spectrometry, negative",7T FT-ICR MS,EMSL,EMSL,2024-01-06T10:51:44Z,placeholder,['nmdc:sty-11-w4tp3f29']
nmdc:bsm-11-5fjw6z87,/home/bmeluch/NMDC/nom_processing/monet_nom/raw/60923_4_B_3_WEOM_r2_Mag_04Jan24_300SA_p01_16_1_14579.d,/home/bmeluch/NMDC/nom_processing/monet_nom/processed_20260701/60923_4_B_3_WEOM_r2_Mag_04Jan24_300SA_p01_16_1_14579,/home/bmeluch/NMDC/nom_processing/monet_nom/raw/QC_SRFAII_23_01_20ppm_r2_Mag_04Jan24_300SA_p01_52_1_14575.d,nmdc:calib-14-hhn3qb47,"EMSL NOM full profile mass spectrometry, negative",7T FT-ICR MS,EMSL,EMSL,2024-01-08T00:32:12Z,placeholder,['nmdc:sty-11-w4tp3f29']
nmdc:bsm-11-5fjw6z87,/home/bmeluch/NMDC/nom_processing/monet_nom/raw/60923_4_B_3_WEOM_r3_Mag_04Jan24_300SA_p01_16_1_14658.d,/home/bmeluch/NMDC/nom_processing/monet_nom/processed_20260701/60923_4_B_3_WEOM_r3_Mag_04Jan24_300SA_p01_16_1_14658,/home/bmeluch/NMDC/nom_processing/monet_nom/raw/QC_SRFAII_23_01_20ppm_r3_Mag_04Jan24_300SA_p01_52_1_14643.d,nmdc:calib-14-hhn3qb47,"EMSL NOM full profile mass spectrometry, negative",7T FT-ICR MS,EMSL,EMSL,2024-01-09T11:32:57Z,placeholder,['nmdc:sty-11-w4tp3f29']
nmdc:bsm-11-xavsg426,/home/bmeluch/NMDC/nom_processing/monet_nom/raw/60923_4_T_1_WEOM_r1_Mag_04Jan24_300SA_p01_7_1_14448.d,/home/bmeluch/NMDC/nom_processing/monet_nom/processed_20260701/60923_4_T_1_WEOM_r1_Mag_04Jan24_300SA_p01_7_1_14448,/home/bmeluch/NMDC/nom_processing/monet_nom/raw/QC_SRFAII_23_01_20ppm_r1_Mag_04Jan24_300SA_p01_54_1_14440.d,nmdc:calib-14-hhn3qb47,"EMSL NOM full profile mass spectrometry, negative",7T FT-ICR MS,EMSL,EMSL,2024-01-05T14:28:39Z,placeholder,['nmdc:sty-11-w4tp3f29']
nmdc:bsm-11-xavsg426,/home/bmeluch/NMDC/nom_processing/monet_nom/raw/60923_4_T_1_WEOM_r2_Mag_04Jan24_300SA_p01_7_1_14512.d,/home/bmeluch/NMDC/nom_processing/monet_nom/processed_20260701/60923_4_T_1_WEOM_r2_Mag_04Jan24_300SA_p01_7_1_14512,/home/bmeluch/NMDC/nom_processing/monet_nom/raw/QC_SRFAII_23_01_20ppm_r1_Mag_04Jan24_300SA_p01_54_1_14508.d,nmdc:calib-14-hhn3qb47,"EMSL NOM full profile mass spectrometry, negative",7T FT-ICR MS,EMSL,EMSL,2024-01-06T18:50:23Z,placeholder,['nmdc:sty-11-w4tp3f29']
nmdc:bsm-11-xavsg426,/home/bmeluch/NMDC/nom_processing/monet_nom/raw/60923_4_T_1_WEOM_r3_Mag_04Jan24_300SA_p01_7_1_14620.d,/home/bmeluch/NMDC/nom_processing/monet_nom/processed_20260701/60923_4_T_1_WEOM_r3_Mag_04Jan24_300SA_p01_7_1_14620,/home/bmeluch/NMDC/nom_processing/monet_nom/raw/QC_SRFAII_23_01_20ppm_r2_Mag_04Jan24_300SA_p01_52_1_14598.d,nmdc:calib-14-hhn3qb47,"EMSL NOM full profile mass spectrometry, negative",7T FT-ICR MS,EMSL,EMSL,2024-01-08T18:42:32Z,placeholder,['nmdc:sty-11-w4tp3f29']
nmdc:bsm-11-xavsg426,/home/bmeluch/NMDC/nom_processing/monet_nom/raw/60923_4_T_2_WEOM_r1_Mag_04Jan24_300SA_p01_35_1_14474.d,/home/bmeluch/NMDC/nom_processing/monet_nom/processed_20260701/60923_4_T_2_WEOM_r1_Mag_04Jan24_300SA_p01_35_1_14474,/home/bmeluch/NMDC/nom_processing/monet_nom/raw/QC_SRFAII_23_01_20ppm_r1_Mag_04Jan24_300SA_p01_54_1_14462.d,nmdc:calib-14-hhn3qb47,"EMSL NOM full profile mass spectrometry, negative",7T FT-ICR MS,EMSL,EMSL,2024-01-06T01:59:58Z,placeholder,['nmdc:sty-11-w4tp3f29']
nmdc:bsm-11-xavsg426,/home/bmeluch/NMDC/nom_processing/monet_nom/raw/60923_4_T_2_WEOM_r2_Mag_04Jan24_300SA_p01_35_1_14567.d,/home/bmeluch/NMDC/nom_processing/monet_nom/processed_20260701/60923_4_T_2_WEOM_r2_Mag_04Jan24_300SA_p01_35_1_14567,/home/bmeluch/NMDC/nom_processing/monet_nom/raw/QC_SRFAII_23_01_20ppm_r2_Mag_04Jan24_300SA_p01_52_1_14552.d,nmdc:calib-14-hhn3qb47,"EMSL NOM full profile mass spectrometry, negative",7T FT-ICR MS,EMSL,EMSL,2024-01-07T19:13:04Z,placeholder,['nmdc:sty-11-w4tp3f29']
nmdc:bsm-11-xavsg426,/home/bmeluch/NMDC/nom_processing/monet_nom/raw/60923_4_T_2_WEOM_r3_Mag_04Jan24_300SA_p01_35_1_14639.d,/home/bmeluch/NMDC/nom_processing/monet_nom/processed_20260701/60923_4_T_2_WEOM_r3_Mag_04Jan24_300SA_p01_35_1_14639,/home/bmeluch/NMDC/nom_processing/monet_nom/raw/QC_SRFAII_23_01_20ppm_r3_Mag_04Jan24_300SA_p01_52_1_14621.d,nmdc:calib-14-hhn3qb47,"EMSL NOM full profile mass spectrometry, negative",7T FT-ICR MS,EMSL,EMSL,2024-01-09T03:07:42Z,placeholder,['nmdc:sty-11-w4tp3f29']
nmdc:bsm-11-xavsg426,/home/bmeluch/NMDC/nom_processing/monet_nom/raw/60923_4_T_3_WEOM_r1_Mag_04Jan24_300SA_p01_15_1_14488.d,/home/bmeluch/NMDC/nom_processing/monet_nom/processed_20260701/60923_4_T_3_WEOM_r1_Mag_04Jan24_300SA_p01_15_1_14488,/home/bmeluch/NMDC/nom_processing/monet_nom/raw/QC_SRFAII_23_01_20ppm_r1_Mag_04Jan24_300SA_p01_54_1_14484.d,nmdc:calib-14-hhn3qb47,"EMSL NOM full profile mass spectrometry, negative",7T FT-ICR MS,EMSL,EMSL,2024-01-06T08:12:12Z,placeholder,['nmdc:sty-11-w4tp3f29']
nmdc:bsm-11-xavsg426,/home/bmeluch/NMDC/nom_processing/monet_nom/raw/60923_4_T_3_WEOM_r2_Mag_04Jan24_300SA_p01_15_1_14596.d,/home/bmeluch/NMDC/nom_processing/monet_nom/processed_20260701/60923_4_T_3_WEOM_r2_Mag_04Jan24_300SA_p01_15_1_14596,/home/bmeluch/NMDC/nom_processing/monet_nom/raw/QC_SRFAII_23_01_20ppm_r2_Mag_04Jan24_300SA_p01_52_1_14575.d,nmdc:calib-14-hhn3qb47,"EMSL NOM full profile mass spectrometry, negative",7T FT-ICR MS,EMSL,EMSL,2024-01-08T08:04:16Z,placeholder,['nmdc:sty-11-w4tp3f29']
nmdc:bsm-11-xavsg426,/home/bmeluch/NMDC/nom_processing/monet_nom/raw/60923_4_T_3_WEOM_r3_Mag_04Jan24_300SA_p01_15_1_14677.d,/home/bmeluch/NMDC/nom_processing/monet_nom/processed_20260701/60923_4_T_3_WEOM_r3_Mag_04Jan24_300SA_p01_15_1_14677,/home/bmeluch/NMDC/nom_processing/monet_nom/raw/QC_SRFAII_23_01_20ppm_r3_Mag_04Jan24_300SA_p01_52_1_14665.d,nmdc:calib-14-hhn3qb47,"EMSL NOM full profile mass spectrometry, negative",7T FT-ICR MS,EMSL,EMSL,2024-01-09T19:58:08Z,placeholder,['nmdc:sty-11-w4tp3f29']
nmdc:bsm-11-8qv5pe69,/home/bmeluch/NMDC/nom_processing/monet_nom/raw/60923_5_B_1_WEOM_r1_Mag_04Jan24_300SA_p01_10_1_14432.d,/home/bmeluch/NMDC/nom_processing/monet_nom/processed_20260701/60923_5_B_1_WEOM_r1_Mag_04Jan24_300SA_p01_10_1_14432,/home/bmeluch/NMDC/nom_processing/monet_nom/raw/QC_SRFAII_23_01_20ppm_r0_Mag_04Jan24_300SA_p01_54_1_14418.d,nmdc:calib-14-hhn3qb47,"EMSL NOM full profile mass spectrometry, negative",7T FT-ICR MS,EMSL,EMSL,2024-01-05T07:23:12Z,placeholder,['nmdc:sty-11-w4tp3f29']
nmdc:bsm-11-8qv5pe69,/home/bmeluch/NMDC/nom_processing/monet_nom/raw/60923_5_B_1_WEOM_r2_Mag_04Jan24_300SA_p01_10_1_14526.d,/home/bmeluch/NMDC/nom_processing/monet_nom/processed_20260701/60923_5_B_1_WEOM_r2_Mag_04Jan24_300SA_p01_10_1_14526,/home/bmeluch/NMDC/nom_processing/monet_nom/raw/QC_SRFAII_23_01_20ppm_r1_Mag_04Jan24_300SA_p01_54_1_14508.d,nmdc:calib-14-hhn3qb47,"EMSL NOM full profile mass spectrometry, negative",7T FT-ICR MS,EMSL,EMSL,2024-01-07T01:02:40Z,placeholder,['nmdc:sty-11-w4tp3f29']
nmdc:bsm-11-8qv5pe69,/home/bmeluch/NMDC/nom_processing/monet_nom/raw/60923_5_B_1_WEOM_r3_Mag_04Jan24_300SA_p01_10_1_14617.d,/home/bmeluch/NMDC/nom_processing/monet_nom/processed_20260701/60923_5_B_1_WEOM_r3_Mag_04Jan24_300SA_p01_10_1_14617,/home/bmeluch/NMDC/nom_processing/monet_nom/raw/QC_SRFAII_23_01_20ppm_r2_Mag_04Jan24_300SA_p01_52_1_14598.d,nmdc:calib-14-hhn3qb47,"EMSL NOM full profile mass spectrometry, negative",7T FT-ICR MS,EMSL,EMSL,2024-01-08T17:22:45Z,placeholder,['nmdc:sty-11-w4tp3f29']
nmdc:bsm-11-8qv5pe69,/home/bmeluch/NMDC/nom_processing/monet_nom/raw/60923_5_B_2_WEOM_r1_Mag_04Jan24_300SA_p01_38_1_14475.d,/home/bmeluch/NMDC/nom_processing/monet_nom/processed_20260701/60923_5_B_2_WEOM_r1_Mag_04Jan24_300SA_p01_38_1_14475,/home/bmeluch/NMDC/nom_processing/monet_nom/raw/QC_SRFAII_23_01_20ppm_r1_Mag_04Jan24_300SA_p01_54_1_14462.d,nmdc:calib-14-hhn3qb47,"EMSL NOM full profile mass spectrometry, negative",7T FT-ICR MS,EMSL,EMSL,2024-01-06T02:26:33Z,placeholder,['nmdc:sty-11-w4tp3f29']
nmdc:bsm-11-8qv5pe69,/home/bmeluch/NMDC/nom_processing/monet_nom/raw/60923_5_B_2_WEOM_r2_Mag_04Jan24_300SA_p01_38_1_14540.d,/home/bmeluch/NMDC/nom_processing/monet_nom/processed_20260701/60923_5_B_2_WEOM_r2_Mag_04Jan24_300SA_p01_38_1_14540,/home/bmeluch/NMDC/nom_processing/monet_nom/raw/QC_SRFAII_23_01_20ppm_r2_Mag_04Jan24_300SA_p01_54_1_14531.d,nmdc:calib-14-hhn3qb47,"EMSL NOM full profile mass spectrometry, negative",7T FT-ICR MS,EMSL,EMSL,2024-01-07T07:15:00Z,placeholder,['nmdc:sty-11-w4tp3f29']
nmdc:bsm-11-8qv5pe69,/home/bmeluch/NMDC/nom_processing/monet_nom/raw/60923_5_B_2_WEOM_r3_Mag_04Jan24_300SA_p01_38_1_14635.d,/home/bmeluch/NMDC/nom_processing/monet_nom/processed_20260701/60923_5_B_2_WEOM_r3_Mag_04Jan24_300SA_p01_38_1_14635,/home/bmeluch/NMDC/nom_processing/monet_nom/raw/QC_SRFAII_23_01_20ppm_r3_Mag_04Jan24_300SA_p01_52_1_14621.d,nmdc:calib-14-hhn3qb47,"EMSL NOM full profile mass spectrometry, negative",7T FT-ICR MS,EMSL,EMSL,2024-01-09T01:21:21Z,placeholder,['nmdc:sty-11-w4tp3f29']
nmdc:bsm-11-8qv5pe69,/home/bmeluch/NMDC/nom_processing/monet_nom/raw/60923_5_B_3_WEOM_r1_Mag_04Jan24_300SA_p01_18_1_14491.d,/home/bmeluch/NMDC/nom_processing/monet_nom/processed_20260701/60923_5_B_3_WEOM_r1_Mag_04Jan24_300SA_p01_18_1_14491,/home/bmeluch/NMDC/nom_processing/monet_nom/raw/QC_SRFAII_23_01_20ppm_r1_Mag_04Jan24_300SA_p01_54_1_14484.d,nmdc:calib-14-hhn3qb47,"EMSL NOM full profile mass spectrometry, negative",7T FT-ICR MS,EMSL,EMSL,2024-01-06T09:31:58Z,placeholder,['nmdc:sty-11-w4tp3f29']
nmdc:bsm-11-8qv5pe69,/home/bmeluch/NMDC/nom_processing/monet_nom/raw/60923_5_B_3_WEOM_r2_Mag_04Jan24_300SA_p01_18_1_14586.d,/home/bmeluch/NMDC/nom_processing/monet_nom/processed_20260701/60923_5_B_3_WEOM_r2_Mag_04Jan24_300SA_p01_18_1_14586,/home/bmeluch/NMDC/nom_processing/monet_nom/raw/QC_SRFAII_23_01_20ppm_r2_Mag_04Jan24_300SA_p01_52_1_14575.d,nmdc:calib-14-hhn3qb47,"EMSL NOM full profile mass spectrometry, negative",7T FT-ICR MS,EMSL,EMSL,2024-01-08T03:38:20Z,placeholder,['nmdc:sty-11-w4tp3f29']
nmdc:bsm-11-8qv5pe69,/home/bmeluch/NMDC/nom_processing/monet_nom/raw/60923_5_B_3_WEOM_r3_Mag_04Jan24_300SA_p01_18_1_14668.d,/home/bmeluch/NMDC/nom_processing/monet_nom/processed_20260701/60923_5_B_3_WEOM_r3_Mag_04Jan24_300SA_p01_18_1_14668,/home/bmeluch/NMDC/nom_processing/monet_nom/raw/QC_SRFAII_23_01_20ppm_r3_Mag_04Jan24_300SA_p01_52_1_14665.d,nmdc:calib-14-hhn3qb47,"EMSL NOM full profile mass spectrometry, negative",7T FT-ICR MS,EMSL,EMSL,2024-01-09T15:58:51Z,placeholder,['nmdc:sty-11-w4tp3f29']
nmdc:bsm-11-ezpyrs72,/home/bmeluch/NMDC/nom_processing/monet_nom/raw/60923_5_T_1_WEOM_r1_Mag_04Jan24_300SA_p01_9_1_14437.d,/home/bmeluch/NMDC/nom_processing/monet_nom/processed_20260701/60923_5_T_1_WEOM_r1_Mag_04Jan24_300SA_p01_9_1_14437,/home/bmeluch/NMDC/nom_processing/monet_nom/raw/QC_SRFAII_23_01_20ppm_r0_Mag_04Jan24_300SA_p01_54_1_14418.d,nmdc:calib-14-hhn3qb47,"EMSL NOM full profile mass spectrometry, negative",7T FT-ICR MS,EMSL,EMSL,2024-01-05T09:36:08Z,placeholder,['nmdc:sty-11-w4tp3f29']
nmdc:bsm-11-ezpyrs72,/home/bmeluch/NMDC/nom_processing/monet_nom/raw/60923_5_T_1_WEOM_r2_Mag_04Jan24_300SA_p01_9_1_14533.d,/home/bmeluch/NMDC/nom_processing/monet_nom/processed_20260701/60923_5_T_1_WEOM_r2_Mag_04Jan24_300SA_p01_9_1_14533,/home/bmeluch/NMDC/nom_processing/monet_nom/raw/QC_SRFAII_23_01_20ppm_r2_Mag_04Jan24_300SA_p01_54_1_14531.d,nmdc:calib-14-hhn3qb47,"EMSL NOM full profile mass spectrometry, negative",7T FT-ICR MS,EMSL,EMSL,2024-01-07T04:08:50Z,placeholder,['nmdc:sty-11-w4tp3f29']
nmdc:bsm-11-ezpyrs72,/home/bmeluch/NMDC/nom_processing/monet_nom/raw/60923_5_T_1_WEOM_r3_Mag_04Jan24_300SA_p01_9_1_14610.d,/home/bmeluch/NMDC/nom_processing/monet_nom/processed_20260701/60923_5_T_1_WEOM_r3_Mag_04Jan24_300SA_p01_9_1_14610,/home/bmeluch/NMDC/nom_processing/monet_nom/raw/QC_SRFAII_23_01_20ppm_r2_Mag_04Jan24_300SA_p01_52_1_14598.d,nmdc:calib-14-hhn3qb47,"EMSL NOM full profile mass spectrometry, negative",7T FT-ICR MS,EMSL,EMSL,2024-01-08T14:16:35Z,placeholder,['nmdc:sty-11-w4tp3f29']
nmdc:bsm-11-ezpyrs72,/home/bmeluch/NMDC/nom_processing/monet_nom/raw/60923_5_T_2_WEOM_r1_Mag_04Jan24_300SA_p01_37_1_14461.d,/home/bmeluch/NMDC/nom_processing/monet_nom/processed_20260701/60923_5_T_2_WEOM_r1_Mag_04Jan24_300SA_p01_37_1_14461,/home/bmeluch/NMDC/nom_processing/monet_nom/raw/QC_SRFAII_23_01_20ppm_r1_Mag_04Jan24_300SA_p01_54_1_14440.d,nmdc:calib-14-hhn3qb47,"EMSL NOM full profile mass spectrometry, negative",7T FT-ICR MS,EMSL,EMSL,2024-01-05T20:14:20Z,placeholder,['nmdc:sty-11-w4tp3f29']
nmdc:bsm-11-ezpyrs72,/home/bmeluch/NMDC/nom_processing/monet_nom/raw/60923_5_T_2_WEOM_r2_Mag_04Jan24_300SA_p01_37_1_14547.d,/home/bmeluch/NMDC/nom_processing/monet_nom/processed_20260701/60923_5_T_2_WEOM_r2_Mag_04Jan24_300SA_p01_37_1_14547,/home/bmeluch/NMDC/nom_processing/monet_nom/raw/QC_SRFAII_23_01_20ppm_r2_Mag_04Jan24_300SA_p01_54_1_14531.d,nmdc:calib-14-hhn3qb47,"EMSL NOM full profile mass spectrometry, negative",7T FT-ICR MS,EMSL,EMSL,2024-01-07T10:21:12Z,placeholder,['nmdc:sty-11-w4tp3f29']
nmdc:bsm-11-ezpyrs72,/home/bmeluch/NMDC/nom_processing/monet_nom/raw/60923_5_T_2_WEOM_r3_Mag_04Jan24_300SA_p01_37_1_14637.d,/home/bmeluch/NMDC/nom_processing/monet_nom/processed_20260701/60923_5_T_2_WEOM_r3_Mag_04Jan24_300SA_p01_37_1_14637,/home/bmeluch/NMDC/nom_processing/monet_nom/raw/QC_SRFAII_23_01_20ppm_r3_Mag_04Jan24_300SA_p01_52_1_14621.d,nmdc:calib-14-hhn3qb47,"EMSL NOM full profile mass spectrometry, negative",7T FT-ICR MS,EMSL,EMSL,2024-01-09T02:14:31Z,placeholder,['nmdc:sty-11-w4tp3f29']
nmdc:bsm-11-ezpyrs72,/home/bmeluch/NMDC/nom_processing/monet_nom/raw/60923_5_T_3_WEOM_r1_Mag_04Jan24_300SA_p01_17_1_14498.d,/home/bmeluch/NMDC/nom_processing/monet_nom/processed_20260701/60923_5_T_3_WEOM_r1_Mag_04Jan24_300SA_p01_17_1_14498,/home/bmeluch/NMDC/nom_processing/monet_nom/raw/QC_SRFAII_23_01_20ppm_r1_Mag_04Jan24_300SA_p01_54_1_14484.d,nmdc:calib-14-hhn3qb47,"EMSL NOM full profile mass spectrometry, negative",7T FT-ICR MS,EMSL,EMSL,2024-01-06T12:38:07Z,placeholder,['nmdc:sty-11-w4tp3f29']
nmdc:bsm-11-ezpyrs72,/home/bmeluch/NMDC/nom_processing/monet_nom/raw/60923_5_T_3_WEOM_r2_Mag_04Jan24_300SA_p01_17_1_14570.d,/home/bmeluch/NMDC/nom_processing/monet_nom/processed_20260701/60923_5_T_3_WEOM_r2_Mag_04Jan24_300SA_p01_17_1_14570,/home/bmeluch/NMDC/nom_processing/monet_nom/raw/QC_SRFAII_23_01_20ppm_r2_Mag_04Jan24_300SA_p01_52_1_14552.d,nmdc:calib-14-hhn3qb47,"EMSL NOM full profile mass spectrometry, negative",7T FT-ICR MS,EMSL,EMSL,2024-01-07T20:32:51Z,placeholder,['nmdc:sty-11-w4tp3f29']
nmdc:bsm-11-ezpyrs72,/home/bmeluch/NMDC/nom_processing/monet_nom/raw/60923_5_T_3_WEOM_r3_Mag_04Jan24_300SA_p01_17_1_14687.d,/home/bmeluch/NMDC/nom_processing/monet_nom/processed_20260701/60923_5_T_3_WEOM_r3_Mag_04Jan24_300SA_p01_17_1_14687,/home/bmeluch/NMDC/nom_processing/monet_nom/raw/QC_SRFAII_23_01_20ppm_r3_Mag_04Jan24_300SA_p01_52_1_14665.d,nmdc:calib-14-hhn3qb47,"EMSL NOM full profile mass spectrometry, negative",7T FT-ICR MS,EMSL,EMSL,2024-01-10T00:24:01Z,placeholder,['nmdc:sty-11-w4tp3f29']
nmdc:bsm-11-920kpn04,/home/bmeluch/NMDC/nom_processing/monet_nom/raw/60923_6_B_1_WEOM_r1_Mag_04Jan24_300SA_p01_12_1_14421.d,/home/bmeluch/NMDC/nom_processing/monet_nom/processed_20260701/60923_6_B_1_WEOM_r1_Mag_04Jan24_300SA_p01_12_1_14421,/home/bmeluch/NMDC/nom_processing/monet_nom/raw/QC_SRFAII_23_01_20ppm_r0_Mag_04Jan24_300SA_p01_54_1_14418.d,nmdc:calib-14-hhn3qb47,"EMSL NOM full profile mass spectrometry, negative",7T FT-ICR MS,EMSL,EMSL,2024-01-05T02:30:42Z,placeholder,['nmdc:sty-11-w4tp3f29']
nmdc:bsm-11-920kpn04,/home/bmeluch/NMDC/nom_processing/monet_nom/raw/60923_6_B_1_WEOM_r2_Mag_04Jan24_300SA_p01_12_1_14539.d,/home/bmeluch/NMDC/nom_processing/monet_nom/processed_20260701/60923_6_B_1_WEOM_r2_Mag_04Jan24_300SA_p01_12_1_14539,/home/bmeluch/NMDC/nom_processing/monet_nom/raw/QC_SRFAII_23_01_20ppm_r2_Mag_04Jan24_300SA_p01_54_1_14531.d,nmdc:calib-14-hhn3qb47,"EMSL NOM full profile mass spectrometry, negative",7T FT-ICR MS,EMSL,EMSL,2024-01-07T06:48:24Z,placeholder,['nmdc:sty-11-w4tp3f29']
nmdc:bsm-11-920kpn04,/home/bmeluch/NMDC/nom_processing/monet_nom/raw/60923_6_B_1_WEOM_r3_Mag_04Jan24_300SA_p01_12_1_14615.d,/home/bmeluch/NMDC/nom_processing/monet_nom/processed_20260701/60923_6_B_1_WEOM_r3_Mag_04Jan24_300SA_p01_12_1_14615,/home/bmeluch/NMDC/nom_processing/monet_nom/raw/QC_SRFAII_23_01_20ppm_r2_Mag_04Jan24_300SA_p01_52_1_14598.d,nmdc:calib-14-hhn3qb47,"EMSL NOM full profile mass spectrometry, negative",7T FT-ICR MS,EMSL,EMSL,2024-01-08T16:29:33Z,placeholder,['nmdc:sty-11-w4tp3f29']
nmdc:bsm-11-920kpn04,/home/bmeluch/NMDC/nom_processing/monet_nom/raw/60923_6_B_2_WEOM_r1_Mag_04Jan24_300SA_p01_40_1_14454.d,/home/bmeluch/NMDC/nom_processing/monet_nom/processed_20260701/60923_6_B_2_WEOM_r1_Mag_04Jan24_300SA_p01_40_1_14454,/home/bmeluch/NMDC/nom_processing/monet_nom/raw/QC_SRFAII_23_01_20ppm_r1_Mag_04Jan24_300SA_p01_54_1_14440.d,nmdc:calib-14-hhn3qb47,"EMSL NOM full profile mass spectrometry, negative",7T FT-ICR MS,EMSL,EMSL,2024-01-05T17:08:12Z,placeholder,['nmdc:sty-11-w4tp3f29']
nmdc:bsm-11-920kpn04,/home/bmeluch/NMDC/nom_processing/monet_nom/raw/60923_6_B_2_WEOM_r2_Mag_04Jan24_300SA_p01_40_1_14556.d,/home/bmeluch/NMDC/nom_processing/monet_nom/processed_20260701/60923_6_B_2_WEOM_r2_Mag_04Jan24_300SA_p01_40_1_14556,/home/bmeluch/NMDC/nom_processing/monet_nom/raw/QC_SRFAII_23_01_20ppm_r2_Mag_04Jan24_300SA_p01_52_1_14552.d,nmdc:calib-14-hhn3qb47,"EMSL NOM full profile mass spectrometry, negative",7T FT-ICR MS,EMSL,EMSL,2024-01-07T14:20:32Z,placeholder,['nmdc:sty-11-w4tp3f29']
nmdc:bsm-11-920kpn04,/home/bmeluch/NMDC/nom_processing/monet_nom/raw/60923_6_B_2_WEOM_r3_Mag_04Jan24_300SA_p01_40_1_14642.d,/home/bmeluch/NMDC/nom_processing/monet_nom/processed_20260701/60923_6_B_2_WEOM_r3_Mag_04Jan24_300SA_p01_40_1_14642,/home/bmeluch/NMDC/nom_processing/monet_nom/raw/QC_SRFAII_23_01_20ppm_r3_Mag_04Jan24_300SA_p01_52_1_14621.d,nmdc:calib-14-hhn3qb47,"EMSL NOM full profile mass spectrometry, negative",7T FT-ICR MS,EMSL,EMSL,2024-01-09T04:27:28Z,placeholder,['nmdc:sty-11-w4tp3f29']
nmdc:bsm-11-920kpn04,/home/bmeluch/NMDC/nom_processing/monet_nom/raw/60923_6_B_3_WEOM_r1_Mag_04Jan24_300SA_p01_20_1_14496.d,/home/bmeluch/NMDC/nom_processing/monet_nom/processed_20260701/60923_6_B_3_WEOM_r1_Mag_04Jan24_300SA_p01_20_1_14496,/home/bmeluch/NMDC/nom_processing/monet_nom/raw/QC_SRFAII_23_01_20ppm_r1_Mag_04Jan24_300SA_p01_54_1_14484.d,nmdc:calib-14-hhn3qb47,"EMSL NOM full profile mass spectrometry, negative",7T FT-ICR MS,EMSL,EMSL,2024-01-06T11:44:55Z,placeholder,['nmdc:sty-11-w4tp3f29']
nmdc:bsm-11-920kpn04,/home/bmeluch/NMDC/nom_processing/monet_nom/raw/60923_6_B_3_WEOM_r2_Mag_04Jan24_300SA_p01_20_1_14584.d,/home/bmeluch/NMDC/nom_processing/monet_nom/processed_20260701/60923_6_B_3_WEOM_r2_Mag_04Jan24_300SA_p01_20_1_14584,/home/bmeluch/NMDC/nom_processing/monet_nom/raw/QC_SRFAII_23_01_20ppm_r2_Mag_04Jan24_300SA_p01_52_1_14575.d,nmdc:calib-14-hhn3qb47,"EMSL NOM full profile mass spectrometry, negative",7T FT-ICR MS,EMSL,EMSL,2024-01-08T02:45:08Z,placeholder,['nmdc:sty-11-w4tp3f29']
nmdc:bsm-11-920kpn04,/home/bmeluch/NMDC/nom_processing/monet_nom/raw/60923_6_B_3_WEOM_r3_Mag_04Jan24_300SA_p01_20_1_14680.d,/home/bmeluch/NMDC/nom_processing/monet_nom/processed_20260701/60923_6_B_3_WEOM_r3_Mag_04Jan24_300SA_p01_20_1_14680,/home/bmeluch/NMDC/nom_processing/monet_nom/raw/QC_SRFAII_23_01_20ppm_r3_Mag_04Jan24_300SA_p01_52_1_14665.d,nmdc:calib-14-hhn3qb47,"EMSL NOM full profile mass spectrometry, negative",7T FT-ICR MS,EMSL,EMSL,2024-01-09T21:17:54Z,placeholder,['nmdc:sty-11-w4tp3f29']
nmdc:bsm-11-w76zc983,/home/bmeluch/NMDC/nom_processing/monet_nom/raw/60923_6_T_1_WEOM_r1_Mag_04Jan24_300SA_p01_11_1_14444.d,/home/bmeluch/NMDC/nom_processing/monet_nom/processed_20260701/60923_6_T_1_WEOM_r1_Mag_04Jan24_300SA_p01_11_1_14444,/home/bmeluch/NMDC/nom_processing/monet_nom/raw/QC_SRFAII_23_01_20ppm_r1_Mag_04Jan24_300SA_p01_54_1_14440.d,nmdc:calib-14-hhn3qb47,"EMSL NOM full profile mass spectrometry, negative",7T FT-ICR MS,EMSL,EMSL,2024-01-05T12:42:16Z,placeholder,['nmdc:sty-11-w4tp3f29']
nmdc:bsm-11-w76zc983,/home/bmeluch/NMDC/nom_processing/monet_nom/raw/60923_6_T_1_WEOM_r2_Mag_04Jan24_300SA_p01_11_1_14535.d,/home/bmeluch/NMDC/nom_processing/monet_nom/processed_20260701/60923_6_T_1_WEOM_r2_Mag_04Jan24_300SA_p01_11_1_14535,/home/bmeluch/NMDC/nom_processing/monet_nom/raw/QC_SRFAII_23_01_20ppm_r2_Mag_04Jan24_300SA_p01_54_1_14531.d,nmdc:calib-14-hhn3qb47,"EMSL NOM full profile mass spectrometry, negative",7T FT-ICR MS,EMSL,EMSL,2024-01-07T05:02:01Z,placeholder,['nmdc:sty-11-w4tp3f29']
nmdc:bsm-11-w76zc983,/home/bmeluch/NMDC/nom_processing/monet_nom/raw/60923_6_T_1_WEOM_r3_Mag_04Jan24_300SA_p01_11_1_14623.d,/home/bmeluch/NMDC/nom_processing/monet_nom/processed_20260701/60923_6_T_1_WEOM_r3_Mag_04Jan24_300SA_p01_11_1_14623,/home/bmeluch/NMDC/nom_processing/monet_nom/raw/QC_SRFAII_23_01_20ppm_r3_Mag_04Jan24_300SA_p01_52_1_14621.d,nmdc:calib-14-hhn3qb47,"EMSL NOM full profile mass spectrometry, negative",7T FT-ICR MS,EMSL,EMSL,2024-01-08T20:02:18Z,placeholder,['nmdc:sty-11-w4tp3f29']
nmdc:bsm-11-w76zc983,/home/bmeluch/NMDC/nom_processing/monet_nom/raw/60923_6_T_2_WEOM_r1_Mag_04Jan24_300SA_p01_39_1_14477.d,/home/bmeluch/NMDC/nom_processing/monet_nom/processed_20260701/60923_6_T_2_WEOM_r1_Mag_04Jan24_300SA_p01_39_1_14477,/home/bmeluch/NMDC/nom_processing/monet_nom/raw/QC_SRFAII_23_01_20ppm_r1_Mag_04Jan24_300SA_p01_54_1_14462.d,nmdc:calib-14-hhn3qb47,"EMSL NOM full profile mass spectrometry, negative",7T FT-ICR MS,EMSL,EMSL,2024-01-06T03:19:43Z,placeholder,['nmdc:sty-11-w4tp3f29']
nmdc:bsm-11-w76zc983,/home/bmeluch/NMDC/nom_processing/monet_nom/raw/60923_6_T_2_WEOM_r2_Mag_04Jan24_300SA_p01_39_1_14565.d,/home/bmeluch/NMDC/nom_processing/monet_nom/processed_20260701/60923_6_T_2_WEOM_r2_Mag_04Jan24_300SA_p01_39_1_14565,/home/bmeluch/NMDC/nom_processing/monet_nom/raw/QC_SRFAII_23_01_20ppm_r2_Mag_04Jan24_300SA_p01_52_1_14552.d,nmdc:calib-14-hhn3qb47,"EMSL NOM full profile mass spectrometry, negative",7T FT-ICR MS,EMSL,EMSL,2024-01-07T18:19:52Z,placeholder,['nmdc:sty-11-w4tp3f29']
nmdc:bsm-11-w76zc983,/home/bmeluch/NMDC/nom_processing/monet_nom/raw/60923_6_T_2_WEOM_r3_Mag_04Jan24_300SA_p01_39_1_14645.d,/home/bmeluch/NMDC/nom_processing/monet_nom/processed_20260701/60923_6_T_2_WEOM_r3_Mag_04Jan24_300SA_p01_39_1_14645,/home/bmeluch/NMDC/nom_processing/monet_nom/raw/QC_SRFAII_23_01_20ppm_r3_Mag_04Jan24_300SA_p01_52_1_14643.d,nmdc:calib-14-hhn3qb47,"EMSL NOM full profile mass spectrometry, negative",7T FT-ICR MS,EMSL,EMSL,2024-01-09T05:47:15Z,placeholder,['nmdc:sty-11-w4tp3f29']
nmdc:bsm-11-w76zc983,/home/bmeluch/NMDC/nom_processing/monet_nom/raw/60923_6_T_3_WEOM_r1_Mag_04Jan24_300SA_p01_19_1_14482.d,/home/bmeluch/NMDC/nom_processing/monet_nom/processed_20260701/60923_6_T_3_WEOM_r1_Mag_04Jan24_300SA_p01_19_1_14482,/home/bmeluch/NMDC/nom_processing/monet_nom/raw/QC_SRFAII_23_01_20ppm_r1_Mag_04Jan24_300SA_p01_54_1_14462.d,nmdc:calib-14-hhn3qb47,"EMSL NOM full profile mass spectrometry, negative",7T FT-ICR MS,EMSL,EMSL,2024-01-06T05:32:39Z,placeholder,['nmdc:sty-11-w4tp3f29']
nmdc:bsm-11-w76zc983,/home/bmeluch/NMDC/nom_processing/monet_nom/raw/60923_6_T_3_WEOM_r2_Mag_04Jan24_300SA_p01_19_1_14578.d,/home/bmeluch/NMDC/nom_processing/monet_nom/processed_20260701/60923_6_T_3_WEOM_r2_Mag_04Jan24_300SA_p01_19_1_14578,/home/bmeluch/NMDC/nom_processing/monet_nom/raw/QC_SRFAII_23_01_20ppm_r2_Mag_04Jan24_300SA_p01_52_1_14575.d,nmdc:calib-14-hhn3qb47,"EMSL NOM full profile mass spectrometry, negative",7T FT-ICR MS,EMSL,EMSL,2024-01-08T00:05:36Z,placeholder,['nmdc:sty-11-w4tp3f29']
nmdc:bsm-11-w76zc983,/home/bmeluch/NMDC/nom_processing/monet_nom/raw/60923_6_T_3_WEOM_r3_Mag_04Jan24_300SA_p01_19_1_14676.d,/home/bmeluch/NMDC/nom_processing/monet_nom/processed_20260701/60923_6_T_3_WEOM_r3_Mag_04Jan24_300SA_p01_19_1_14676,/home/bmeluch/NMDC/nom_processing/monet_nom/raw/QC_SRFAII_23_01_20ppm_r3_Mag_04Jan24_300SA_p01_52_1_14665.d,nmdc:calib-14-hhn3qb47,"EMSL NOM full profile mass spectrometry, negative",7T FT-ICR MS,EMSL,EMSL,2024-01-09T19:31:32Z,placeholder,['nmdc:sty-11-w4tp3f29']
nmdc:bsm-11-8mzebh25,/home/bmeluch/NMDC/nom_processing/monet_nom/raw/60923_7_B_1_WEOM_r1_Mag_04Jan24_300SA_p01_14_1_14434.d,/home/bmeluch/NMDC/nom_processing/monet_nom/processed_20260701/60923_7_B_1_WEOM_r1_Mag_04Jan24_300SA_p01_14_1_14434,/home/bmeluch/NMDC/nom_processing/monet_nom/raw/QC_SRFAII_23_01_20ppm_r0_Mag_04Jan24_300SA_p01_54_1_14418.d,nmdc:calib-14-hhn3qb47,"EMSL NOM full profile mass spectrometry, negative",7T FT-ICR MS,EMSL,EMSL,2024-01-05T08:16:22Z,placeholder,['nmdc:sty-11-w4tp3f29']
nmdc:bsm-11-8mzebh25,/home/bmeluch/NMDC/nom_processing/monet_nom/raw/60923_7_B_1_WEOM_r2_Mag_04Jan24_300SA_p01_14_1_14521.d,/home/bmeluch/NMDC/nom_processing/monet_nom/processed_20260701/60923_7_B_1_WEOM_r2_Mag_04Jan24_300SA_p01_14_1_14521,/home/bmeluch/NMDC/nom_processing/monet_nom/raw/QC_SRFAII_23_01_20ppm_r1_Mag_04Jan24_300SA_p01_54_1_14508.d,nmdc:calib-14-hhn3qb47,"EMSL NOM full profile mass spectrometry, negative",7T FT-ICR MS,EMSL,EMSL,2024-01-06T22:49:42Z,placeholder,['nmdc:sty-11-w4tp3f29']
nmdc:bsm-11-8mzebh25,/home/bmeluch/NMDC/nom_processing/monet_nom/raw/60923_7_B_1_WEOM_r3_Mag_04Jan24_300SA_p01_14_1_14607.d,/home/bmeluch/NMDC/nom_processing/monet_nom/processed_20260701/60923_7_B_1_WEOM_r3_Mag_04Jan24_300SA_p01_14_1_14607,/home/bmeluch/NMDC/nom_processing/monet_nom/raw/QC_SRFAII_23_01_20ppm_r2_Mag_04Jan24_300SA_p01_52_1_14598.d,nmdc:calib-14-hhn3qb47,"EMSL NOM full profile mass spectrometry, negative",7T FT-ICR MS,EMSL,EMSL,2024-01-08T12:56:48Z,placeholder,['nmdc:sty-11-w4tp3f29']
nmdc:bsm-11-8mzebh25,/home/bmeluch/NMDC/nom_processing/monet_nom/raw/60923_7_B_3_WEOM_r1_Mag_04Jan24_300SA_p01_22_1_14489.d,/home/bmeluch/NMDC/nom_processing/monet_nom/processed_20260701/60923_7_B_3_WEOM_r1_Mag_04Jan24_300SA_p01_22_1_14489,/home/bmeluch/NMDC/nom_processing/monet_nom/raw/QC_SRFAII_23_01_20ppm_r1_Mag_04Jan24_300SA_p01_54_1_14484.d,nmdc:calib-14-hhn3qb47,"EMSL NOM full profile mass spectrometry, negative",7T FT-ICR MS,EMSL,EMSL,2024-01-06T08:38:47Z,placeholder,['nmdc:sty-11-w4tp3f29']
nmdc:bsm-11-8mzebh25,/home/bmeluch/NMDC/nom_processing/monet_nom/raw/60923_7_B_3_WEOM_r2_Mag_04Jan24_300SA_p01_22_1_14593.d,/home/bmeluch/NMDC/nom_processing/monet_nom/processed_20260701/60923_7_B_3_WEOM_r2_Mag_04Jan24_300SA_p01_22_1_14593,/home/bmeluch/NMDC/nom_processing/monet_nom/raw/QC_SRFAII_23_01_20ppm_r2_Mag_04Jan24_300SA_p01_52_1_14575.d,nmdc:calib-14-hhn3qb47,"EMSL NOM full profile mass spectrometry, negative",7T FT-ICR MS,EMSL,EMSL,2024-01-08T06:44:29Z,placeholder,['nmdc:sty-11-w4tp3f29']
nmdc:bsm-11-8mzebh25,/home/bmeluch/NMDC/nom_processing/monet_nom/raw/60923_7_B_3_WEOM_r3_Mag_04Jan24_300SA_p01_22_1_14662.d,/home/bmeluch/NMDC/nom_processing/monet_nom/processed_20260701/60923_7_B_3_WEOM_r3_Mag_04Jan24_300SA_p01_22_1_14662,/home/bmeluch/NMDC/nom_processing/monet_nom/raw/QC_SRFAII_23_01_20ppm_r3_Mag_04Jan24_300SA_p01_52_1_14643.d,nmdc:calib-14-hhn3qb47,"EMSL NOM full profile mass spectrometry, negative",7T FT-ICR MS,EMSL,EMSL,2024-01-09T13:19:18Z,placeholder,['nmdc:sty-11-w4tp3f29']
nmdc:bsm-11-71pphw07,/home/bmeluch/NMDC/nom_processing/monet_nom/raw/60923_7_T_1_WEOM_r1_Mag_04Jan24_300SA_p01_13_1_14436.d,/home/bmeluch/NMDC/nom_processing/monet_nom/processed_20260701/60923_7_T_1_WEOM_r1_Mag_04Jan24_300SA_p01_13_1_14436,/home/bmeluch/NMDC/nom_processing/monet_nom/raw/QC_SRFAII_23_01_20ppm_r0_Mag_04Jan24_300SA_p01_54_1_14418.d,nmdc:calib-14-hhn3qb47,"EMSL NOM full profile mass spectrometry, negative",7T FT-ICR MS,EMSL,EMSL,2024-01-05T09:09:33Z,placeholder,['nmdc:sty-11-w4tp3f29']
nmdc:bsm-11-71pphw07,/home/bmeluch/NMDC/nom_processing/monet_nom/raw/60923_7_T_1_WEOM_r2_Mag_04Jan24_300SA_p01_13_1_14517.d,/home/bmeluch/NMDC/nom_processing/monet_nom/processed_20260701/60923_7_T_1_WEOM_r2_Mag_04Jan24_300SA_p01_13_1_14517,/home/bmeluch/NMDC/nom_processing/monet_nom/raw/QC_SRFAII_23_01_20ppm_r1_Mag_04Jan24_300SA_p01_54_1_14508.d,nmdc:calib-14-hhn3qb47,"EMSL NOM full profile mass spectrometry, negative",7T FT-ICR MS,EMSL,EMSL,2024-01-06T21:03:21Z,placeholder,['nmdc:sty-11-w4tp3f29']
nmdc:bsm-11-71pphw07,/home/bmeluch/NMDC/nom_processing/monet_nom/raw/60923_7_T_1_WEOM_r3_Mag_04Jan24_300SA_p01_13_1_14626.d,/home/bmeluch/NMDC/nom_processing/monet_nom/processed_20260701/60923_7_T_1_WEOM_r3_Mag_04Jan24_300SA_p01_13_1_14626,/home/bmeluch/NMDC/nom_processing/monet_nom/raw/QC_SRFAII_23_01_20ppm_r3_Mag_04Jan24_300SA_p01_52_1_14621.d,nmdc:calib-14-hhn3qb47,"EMSL NOM full profile mass spectrometry, negative",7T FT-ICR MS,EMSL,EMSL,2024-01-08T21:22:03Z,placeholder,['nmdc:sty-11-w4tp3f29']
nmdc:bsm-11-71pphw07,/home/bmeluch/NMDC/nom_processing/monet_nom/raw/60923_7_T_2_WEOM_r1_Mag_04Jan24_300SA_p01_41_1_14460.d,/home/bmeluch/NMDC/nom_processing/monet_nom/processed_20260701/60923_7_T_2_WEOM_r1_Mag_04Jan24_300SA_p01_41_1_14460,/home/bmeluch/NMDC/nom_processing/monet_nom/raw/QC_SRFAII_23_01_20ppm_r1_Mag_04Jan24_300SA_p01_54_1_14440.d,nmdc:calib-14-hhn3qb47,"EMSL NOM full profile mass spectrometry, negative",7T FT-ICR MS,EMSL,EMSL,2024-01-05T19:47:44Z,placeholder,['nmdc:sty-11-w4tp3f29']
nmdc:bsm-11-71pphw07,/home/bmeluch/NMDC/nom_processing/monet_nom/raw/60923_7_T_2_WEOM_r2_Mag_04Jan24_300SA_p01_41_1_14555.d,/home/bmeluch/NMDC/nom_processing/monet_nom/processed_20260701/60923_7_T_2_WEOM_r2_Mag_04Jan24_300SA_p01_41_1_14555,/home/bmeluch/NMDC/nom_processing/monet_nom/raw/QC_SRFAII_23_01_20ppm_r2_Mag_04Jan24_300SA_p01_52_1_14552.d,nmdc:calib-14-hhn3qb47,"EMSL NOM full profile mass spectrometry, negative",7T FT-ICR MS,EMSL,EMSL,2024-01-07T13:53:56Z,placeholder,['nmdc:sty-11-w4tp3f29']
nmdc:bsm-11-71pphw07,/home/bmeluch/NMDC/nom_processing/monet_nom/raw/60923_7_T_2_WEOM_r3_Mag_04Jan24_300SA_p01_41_1_14634.d,/home/bmeluch/NMDC/nom_processing/monet_nom/processed_20260701/60923_7_T_2_WEOM_r3_Mag_04Jan24_300SA_p01_41_1_14634,/home/bmeluch/NMDC/nom_processing/monet_nom/raw/QC_SRFAII_23_01_20ppm_r3_Mag_04Jan24_300SA_p01_52_1_14621.d,nmdc:calib-14-hhn3qb47,"EMSL NOM full profile mass spectrometry, negative",7T FT-ICR MS,EMSL,EMSL,2024-01-09T00:54:45Z,placeholder,['nmdc:sty-11-w4tp3f29']
nmdc:bsm-11-71pphw07,/home/bmeluch/NMDC/nom_processing/monet_nom/raw/60923_7_T_3_WEOM_r1_Mag_04Jan24_300SA_p01_21_1_14478.d,/home/bmeluch/NMDC/nom_processing/monet_nom/processed_20260701/60923_7_T_3_WEOM_r1_Mag_04Jan24_300SA_p01_21_1_14478,/home/bmeluch/NMDC/nom_processing/monet_nom/raw/QC_SRFAII_23_01_20ppm_r1_Mag_04Jan24_300SA_p01_54_1_14462.d,nmdc:calib-14-hhn3qb47,"EMSL NOM full profile mass spectrometry, negative",7T FT-ICR MS,EMSL,EMSL,2024-01-06T03:46:19Z,placeholder,['nmdc:sty-11-w4tp3f29']
nmdc:bsm-11-71pphw07,/home/bmeluch/NMDC/nom_processing/monet_nom/raw/60923_7_T_3_WEOM_r2_Mag_04Jan24_300SA_p01_21_1_14587.d,/home/bmeluch/NMDC/nom_processing/monet_nom/processed_20260701/60923_7_T_3_WEOM_r2_Mag_04Jan24_300SA_p01_21_1_14587,/home/bmeluch/NMDC/nom_processing/monet_nom/raw/QC_SRFAII_23_01_20ppm_r2_Mag_04Jan24_300SA_p01_52_1_14575.d,nmdc:calib-14-hhn3qb47,"EMSL NOM full profile mass spectrometry, negative",7T FT-ICR MS,EMSL,EMSL,2024-01-08T04:04:55Z,placeholder,['nmdc:sty-11-w4tp3f29']
nmdc:bsm-11-71pphw07,/home/bmeluch/NMDC/nom_processing/monet_nom/raw/60923_7_T_3_WEOM_r3_Mag_04Jan24_300SA_p01_21_1_14669.d,/home/bmeluch/NMDC/nom_processing/monet_nom/processed_20260701/60923_7_T_3_WEOM_r3_Mag_04Jan24_300SA_p01_21_1_14669,/home/bmeluch/NMDC/nom_processing/monet_nom/raw/QC_SRFAII_23_01_20ppm_r3_Mag_04Jan24_300SA_p01_52_1_14665.d,nmdc:calib-14-hhn3qb47,"EMSL NOM full profile mass spectrometry, negative",7T FT-ICR MS,EMSL,EMSL,2024-01-09T16:25:26Z,placeholder,['nmdc:sty-11-w4tp3f29']
nmdc:bsm-11-qb3m3164,/home/bmeluch/NMDC/nom_processing/monet_nom/raw/60923_8_B_1_WEOM_r1_Mag_04Jan24_300SA_p01_16_1_14430.d,/home/bmeluch/NMDC/nom_processing/monet_nom/processed_20260701/60923_8_B_1_WEOM_r1_Mag_04Jan24_300SA_p01_16_1_14430,/home/bmeluch/NMDC/nom_processing/monet_nom/raw/QC_SRFAII_23_01_20ppm_r0_Mag_04Jan24_300SA_p01_54_1_14418.d,nmdc:calib-14-hhn3qb47,"EMSL NOM full profile mass spectrometry, negative",7T FT-ICR MS,EMSL,EMSL,2024-01-05T06:30:02Z,placeholder,['nmdc:sty-11-w4tp3f29']
nmdc:bsm-11-qb3m3164,/home/bmeluch/NMDC/nom_processing/monet_nom/raw/60923_8_B_1_WEOM_r2_Mag_04Jan24_300SA_p01_16_1_14530.d,/home/bmeluch/NMDC/nom_processing/monet_nom/processed_20260701/60923_8_B_1_WEOM_r2_Mag_04Jan24_300SA_p01_16_1_14530,/home/bmeluch/NMDC/nom_processing/monet_nom/raw/QC_SRFAII_23_01_20ppm_r1_Mag_04Jan24_300SA_p01_54_1_14508.d,nmdc:calib-14-hhn3qb47,"EMSL NOM full profile mass spectrometry, negative",7T FT-ICR MS,EMSL,EMSL,2024-01-07T02:49:03Z,placeholder,['nmdc:sty-11-w4tp3f29']
nmdc:bsm-11-qb3m3164,/home/bmeluch/NMDC/nom_processing/monet_nom/raw/60923_8_B_1_WEOM_r3_Mag_04Jan24_300SA_p01_16_1_14618.d,/home/bmeluch/NMDC/nom_processing/monet_nom/processed_20260701/60923_8_B_1_WEOM_r3_Mag_04Jan24_300SA_p01_16_1_14618,/home/bmeluch/NMDC/nom_processing/monet_nom/raw/QC_SRFAII_23_01_20ppm_r2_Mag_04Jan24_300SA_p01_52_1_14598.d,nmdc:calib-14-hhn3qb47,"EMSL NOM full profile mass spectrometry, negative",7T FT-ICR MS,EMSL,EMSL,2024-01-08T17:49:21Z,placeholder,['nmdc:sty-11-w4tp3f29']
nmdc:bsm-11-qb3m3164,/home/bmeluch/NMDC/nom_processing/monet_nom/raw/60923_8_B_2_WEOM_r1_Mag_04Jan24_300SA_p01_44_1_14464.d,/home/bmeluch/NMDC/nom_processing/monet_nom/processed_20260701/60923_8_B_2_WEOM_r1_Mag_04Jan24_300SA_p01_44_1_14464,/home/bmeluch/NMDC/nom_processing/monet_nom/raw/QC_SRFAII_23_01_20ppm_r1_Mag_04Jan24_300SA_p01_54_1_14462.d,nmdc:calib-14-hhn3qb47,"EMSL NOM full profile mass spectrometry, negative",7T FT-ICR MS,EMSL,EMSL,2024-01-05T21:34:06Z,placeholder,['nmdc:sty-11-w4tp3f29']
nmdc:bsm-11-qb3m3164,/home/bmeluch/NMDC/nom_processing/monet_nom/raw/60923_8_B_2_WEOM_r2_Mag_04Jan24_300SA_p01_44_1_14564.d,/home/bmeluch/NMDC/nom_processing/monet_nom/processed_20260701/60923_8_B_2_WEOM_r2_Mag_04Jan24_300SA_p01_44_1_14564,/home/bmeluch/NMDC/nom_processing/monet_nom/raw/QC_SRFAII_23_01_20ppm_r2_Mag_04Jan24_300SA_p01_52_1_14552.d,nmdc:calib-14-hhn3qb47,"EMSL NOM full profile mass spectrometry, negative",7T FT-ICR MS,EMSL,EMSL,2024-01-07T17:53:17Z,placeholder,['nmdc:sty-11-w4tp3f29']
nmdc:bsm-11-qb3m3164,/home/bmeluch/NMDC/nom_processing/monet_nom/raw/60923_8_B_2_WEOM_r3_Mag_04Jan24_300SA_p01_44_1_14647.d,/home/bmeluch/NMDC/nom_processing/monet_nom/processed_20260701/60923_8_B_2_WEOM_r3_Mag_04Jan24_300SA_p01_44_1_14647,/home/bmeluch/NMDC/nom_processing/monet_nom/raw/QC_SRFAII_23_01_20ppm_r3_Mag_04Jan24_300SA_p01_52_1_14643.d,nmdc:calib-14-hhn3qb47,"EMSL NOM full profile mass spectrometry, negative",7T FT-ICR MS,EMSL,EMSL,2024-01-09T06:40:26Z,placeholder,['nmdc:sty-11-w4tp3f29']
nmdc:bsm-11-qb3m3164,/home/bmeluch/NMDC/nom_processing/monet_nom/raw/60923_8_B_3_WEOM_r1_Mag_04Jan24_300SA_p01_24_1_14501.d,/home/bmeluch/NMDC/nom_processing/monet_nom/processed_20260701/60923_8_B_3_WEOM_r1_Mag_04Jan24_300SA_p01_24_1_14501,/home/bmeluch/NMDC/nom_processing/monet_nom/raw/QC_SRFAII_23_01_20ppm_r1_Mag_04Jan24_300SA_p01_54_1_14484.d,nmdc:calib-14-hhn3qb47,"EMSL NOM full profile mass spectrometry, negative",7T FT-ICR MS,EMSL,EMSL,2024-01-06T13:57:53Z,placeholder,['nmdc:sty-11-w4tp3f29']
nmdc:bsm-11-qb3m3164,/home/bmeluch/NMDC/nom_processing/monet_nom/raw/60923_8_B_3_WEOM_r2_Mag_04Jan24_300SA_p01_24_1_14597.d,/home/bmeluch/NMDC/nom_processing/monet_nom/processed_20260701/60923_8_B_3_WEOM_r2_Mag_04Jan24_300SA_p01_24_1_14597,/home/bmeluch/NMDC/nom_processing/monet_nom/raw/QC_SRFAII_23_01_20ppm_r2_Mag_04Jan24_300SA_p01_52_1_14575.d,nmdc:calib-14-hhn3qb47,"EMSL NOM full profile mass spectrometry, negative",7T FT-ICR MS,EMSL,EMSL,2024-01-08T08:30:51Z,placeholder,['nmdc:sty-11-w4tp3f29']
nmdc:bsm-11-qb3m3164,/home/bmeluch/NMDC/nom_processing/monet_nom/raw/60923_8_B_3_WEOM_r3_Mag_04Jan24_300SA_p01_24_1_14663.d,/home/bmeluch/NMDC/nom_processing/monet_nom/processed_20260701/60923_8_B_3_WEOM_r3_Mag_04Jan24_300SA_p01_24_1_14663,/home/bmeluch/NMDC/nom_processing/monet_nom/raw/QC_SRFAII_23_01_20ppm_r3_Mag_04Jan24_300SA_p01_52_1_14643.d,nmdc:calib-14-hhn3qb47,"EMSL NOM full profile mass spectrometry, negative",7T FT-ICR MS,EMSL,EMSL,2024-01-09T13:45:53Z,placeholder,['nmdc:sty-11-w4tp3f29']
nmdc:bsm-11-6td2nm05,/home/bmeluch/NMDC/nom_processing/monet_nom/raw/60923_8_T_1_WEOM_r1_Mag_04Jan24_300SA_p01_15_1_14446.d,/home/bmeluch/NMDC/nom_processing/monet_nom/processed_20260701/60923_8_T_1_WEOM_r1_Mag_04Jan24_300SA_p01_15_1_14446,/home/bmeluch/NMDC/nom_processing/monet_nom/raw/QC_SRFAII_23_01_20ppm_r1_Mag_04Jan24_300SA_p01_54_1_14440.d,nmdc:calib-14-hhn3qb47,"EMSL NOM full profile mass spectrometry, negative",7T FT-ICR MS,EMSL,EMSL,2024-01-05T13:35:28Z,placeholder,['nmdc:sty-11-w4tp3f29']
nmdc:bsm-11-6td2nm05,/home/bmeluch/NMDC/nom_processing/monet_nom/raw/60923_8_T_1_WEOM_r2_Mag_04Jan24_300SA_p01_15_1_14516.d,/home/bmeluch/NMDC/nom_processing/monet_nom/processed_20260701/60923_8_T_1_WEOM_r2_Mag_04Jan24_300SA_p01_15_1_14516,/home/bmeluch/NMDC/nom_processing/monet_nom/raw/QC_SRFAII_23_01_20ppm_r1_Mag_04Jan24_300SA_p01_54_1_14508.d,nmdc:calib-14-hhn3qb47,"EMSL NOM full profile mass spectrometry, negative",7T FT-ICR MS,EMSL,EMSL,2024-01-06T20:36:46Z,placeholder,['nmdc:sty-11-w4tp3f29']
nmdc:bsm-11-6td2nm05,/home/bmeluch/NMDC/nom_processing/monet_nom/raw/60923_8_T_1_WEOM_r3_Mag_04Jan24_300SA_p01_15_1_14629.d,/home/bmeluch/NMDC/nom_processing/monet_nom/processed_20260701/60923_8_T_1_WEOM_r3_Mag_04Jan24_300SA_p01_15_1_14629,/home/bmeluch/NMDC/nom_processing/monet_nom/raw/QC_SRFAII_23_01_20ppm_r3_Mag_04Jan24_300SA_p01_52_1_14621.d,nmdc:calib-14-hhn3qb47,"EMSL NOM full profile mass spectrometry, negative",7T FT-ICR MS,EMSL,EMSL,2024-01-08T22:41:48Z,placeholder,['nmdc:sty-11-w4tp3f29']
nmdc:bsm-11-6td2nm05,/home/bmeluch/NMDC/nom_processing/monet_nom/raw/60923_8_T_2_WEOM_r1_Mag_04Jan24_300SA_p01_43_1_14473.d,/home/bmeluch/NMDC/nom_processing/monet_nom/processed_20260701/60923_8_T_2_WEOM_r1_Mag_04Jan24_300SA_p01_43_1_14473,/home/bmeluch/NMDC/nom_processing/monet_nom/raw/QC_SRFAII_23_01_20ppm_r1_Mag_04Jan24_300SA_p01_54_1_14462.d,nmdc:calib-14-hhn3qb47,"EMSL NOM full profile mass spectrometry, negative",7T FT-ICR MS,EMSL,EMSL,2024-01-06T01:33:23Z,placeholder,['nmdc:sty-11-w4tp3f29']
nmdc:bsm-11-6td2nm05,/home/bmeluch/NMDC/nom_processing/monet_nom/raw/60923_8_T_2_WEOM_r2_Mag_04Jan24_300SA_p01_43_1_14549.d,/home/bmeluch/NMDC/nom_processing/monet_nom/processed_20260701/60923_8_T_2_WEOM_r2_Mag_04Jan24_300SA_p01_43_1_14549,/home/bmeluch/NMDC/nom_processing/monet_nom/raw/QC_SRFAII_23_01_20ppm_r2_Mag_04Jan24_300SA_p01_54_1_14531.d,nmdc:calib-14-hhn3qb47,"EMSL NOM full profile mass spectrometry, negative",7T FT-ICR MS,EMSL,EMSL,2024-01-07T11:14:23Z,placeholder,['nmdc:sty-11-w4tp3f29']
nmdc:bsm-11-6td2nm05,/home/bmeluch/NMDC/nom_processing/monet_nom/raw/60923_8_T_2_WEOM_r3_Mag_04Jan24_300SA_p01_43_1_14652.d,/home/bmeluch/NMDC/nom_processing/monet_nom/processed_20260701/60923_8_T_2_WEOM_r3_Mag_04Jan24_300SA_p01_43_1_14652,/home/bmeluch/NMDC/nom_processing/monet_nom/raw/QC_SRFAII_23_01_20ppm_r3_Mag_04Jan24_300SA_p01_52_1_14643.d,nmdc:calib-14-hhn3qb47,"EMSL NOM full profile mass spectrometry, negative",7T FT-ICR MS,EMSL,EMSL,2024-01-09T08:53:24Z,placeholder,['nmdc:sty-11-w4tp3f29']
nmdc:bsm-11-6td2nm05,/home/bmeluch/NMDC/nom_processing/monet_nom/raw/60923_8_T_3_WEOM_r1_Mag_04Jan24_300SA_p01_23_1_14495.d,/home/bmeluch/NMDC/nom_processing/monet_nom/processed_20260701/60923_8_T_3_WEOM_r1_Mag_04Jan24_300SA_p01_23_1_14495,/home/bmeluch/NMDC/nom_processing/monet_nom/raw/QC_SRFAII_23_01_20ppm_r1_Mag_04Jan24_300SA_p01_54_1_14484.d,nmdc:calib-14-hhn3qb47,"EMSL NOM full profile mass spectrometry, negative",7T FT-ICR MS,EMSL,EMSL,2024-01-06T11:18:19Z,placeholder,['nmdc:sty-11-w4tp3f29']
nmdc:bsm-11-6td2nm05,/home/bmeluch/NMDC/nom_processing/monet_nom/raw/60923_8_T_3_WEOM_r2_Mag_04Jan24_300SA_p01_23_1_14571.d,/home/bmeluch/NMDC/nom_processing/monet_nom/processed_20260701/60923_8_T_3_WEOM_r2_Mag_04Jan24_300SA_p01_23_1_14571,/home/bmeluch/NMDC/nom_processing/monet_nom/raw/QC_SRFAII_23_01_20ppm_r2_Mag_04Jan24_300SA_p01_52_1_14552.d,nmdc:calib-14-hhn3qb47,"EMSL NOM full profile mass spectrometry, negative",7T FT-ICR MS,EMSL,EMSL,2024-01-07T20:59:27Z,placeholder,['nmdc:sty-11-w4tp3f29']
nmdc:bsm-11-6td2nm05,/home/bmeluch/NMDC/nom_processing/monet_nom/raw/60923_8_T_3_WEOM_r3_Mag_04Jan24_300SA_p01_23_1_14682.d,/home/bmeluch/NMDC/nom_processing/monet_nom/processed_20260701/60923_8_T_3_WEOM_r3_Mag_04Jan24_300SA_p01_23_1_14682,/home/bmeluch/NMDC/nom_processing/monet_nom/raw/QC_SRFAII_23_01_20ppm_r3_Mag_04Jan24_300SA_p01_52_1_14665.d,nmdc:calib-14-hhn3qb47,"EMSL NOM full profile mass spectrometry, negative",7T FT-ICR MS,EMSL,EMSL,2024-01-09T22:11:05Z,placeholder,['nmdc:sty-11-w4tp3f29']
nmdc:bsm-11-yt63wa34,/home/bmeluch/NMDC/nom_processing/monet_nom/raw/60923_9_B_1_WEOM_r1_Mag_04Jan24_300SA_p01_18_1_14422.d,/home/bmeluch/NMDC/nom_processing/monet_nom/processed_20260701/60923_9_B_1_WEOM_r1_Mag_04Jan24_300SA_p01_18_1_14422,/home/bmeluch/NMDC/nom_processing/monet_nom/raw/QC_SRFAII_23_01_20ppm_r0_Mag_04Jan24_300SA_p01_54_1_14418.d,nmdc:calib-14-hhn3qb47,"EMSL NOM full profile mass spectrometry, negative",7T FT-ICR MS,EMSL,EMSL,2024-01-05T02:57:17Z,placeholder,['nmdc:sty-11-w4tp3f29']
nmdc:bsm-11-yt63wa34,/home/bmeluch/NMDC/nom_processing/monet_nom/raw/60923_9_B_1_WEOM_r2_Mag_04Jan24_300SA_p01_18_1_14514.d,/home/bmeluch/NMDC/nom_processing/monet_nom/processed_20260701/60923_9_B_1_WEOM_r2_Mag_04Jan24_300SA_p01_18_1_14514,/home/bmeluch/NMDC/nom_processing/monet_nom/raw/QC_SRFAII_23_01_20ppm_r1_Mag_04Jan24_300SA_p01_54_1_14508.d,nmdc:calib-14-hhn3qb47,"EMSL NOM full profile mass spectrometry, negative",7T FT-ICR MS,EMSL,EMSL,2024-01-06T19:43:34Z,placeholder,['nmdc:sty-11-w4tp3f29']
nmdc:bsm-11-yt63wa34,/home/bmeluch/NMDC/nom_processing/monet_nom/raw/60923_9_B_1_WEOM_r3_Mag_04Jan24_300SA_p01_18_1_14612.d,/home/bmeluch/NMDC/nom_processing/monet_nom/processed_20260701/60923_9_B_1_WEOM_r3_Mag_04Jan24_300SA_p01_18_1_14612,/home/bmeluch/NMDC/nom_processing/monet_nom/raw/QC_SRFAII_23_01_20ppm_r2_Mag_04Jan24_300SA_p01_52_1_14598.d,nmdc:calib-14-hhn3qb47,"EMSL NOM full profile mass spectrometry, negative",7T FT-ICR MS,EMSL,EMSL,2024-01-08T15:09:46Z,placeholder,['nmdc:sty-11-w4tp3f29']
nmdc:bsm-11-yt63wa34,/home/bmeluch/NMDC/nom_processing/monet_nom/raw/60923_9_B_2_WEOM_r1_Mag_04Jan24_300SA_p01_46_1_14469.d,/home/bmeluch/NMDC/nom_processing/monet_nom/processed_20260701/60923_9_B_2_WEOM_r1_Mag_04Jan24_300SA_p01_46_1_14469,/home/bmeluch/NMDC/nom_processing/monet_nom/raw/QC_SRFAII_23_01_20ppm_r1_Mag_04Jan24_300SA_p01_54_1_14462.d,nmdc:calib-14-hhn3qb47,"EMSL NOM full profile mass spectrometry, negative",7T FT-ICR MS,EMSL,EMSL,2024-01-05T23:47:02Z,placeholder,['nmdc:sty-11-w4tp3f29']
nmdc:bsm-11-yt63wa34,/home/bmeluch/NMDC/nom_processing/monet_nom/raw/60923_9_B_2_WEOM_r2_Mag_04Jan24_300SA_p01_46_1_14554.d,/home/bmeluch/NMDC/nom_processing/monet_nom/processed_20260701/60923_9_B_2_WEOM_r2_Mag_04Jan24_300SA_p01_46_1_14554,/home/bmeluch/NMDC/nom_processing/monet_nom/raw/QC_SRFAII_23_01_20ppm_r2_Mag_04Jan24_300SA_p01_52_1_14552.d,nmdc:calib-14-hhn3qb47,"EMSL NOM full profile mass spectrometry, negative",7T FT-ICR MS,EMSL,EMSL,2024-01-07T13:27:21Z,placeholder,['nmdc:sty-11-w4tp3f29']
nmdc:bsm-11-yt63wa34,/home/bmeluch/NMDC/nom_processing/monet_nom/raw/60923_9_B_2_WEOM_r3_Mag_04Jan24_300SA_p01_46_1_14653.d,/home/bmeluch/NMDC/nom_processing/monet_nom/processed_20260701/60923_9_B_2_WEOM_r3_Mag_04Jan24_300SA_p01_46_1_14653,/home/bmeluch/NMDC/nom_processing/monet_nom/raw/QC_SRFAII_23_01_20ppm_r3_Mag_04Jan24_300SA_p01_52_1_14643.d,nmdc:calib-14-hhn3qb47,"EMSL NOM full profile mass spectrometry, negative",7T FT-ICR MS,EMSL,EMSL,2024-01-09T09:20:00Z,placeholder,['nmdc:sty-11-w4tp3f29']
nmdc:bsm-11-yt63wa34,/home/bmeluch/NMDC/nom_processing/monet_nom/raw/60923_9_B_3_WEOM_r1_Mag_04Jan24_300SA_p01_26_1_14506.d,/home/bmeluch/NMDC/nom_processing/monet_nom/processed_20260701/60923_9_B_3_WEOM_r1_Mag_04Jan24_300SA_p01_26_1_14506,/home/bmeluch/NMDC/nom_processing/monet_nom/raw/QC_SRFAII_23_01_20ppm_r1_Mag_04Jan24_300SA_p01_54_1_14484.d,nmdc:calib-14-hhn3qb47,"EMSL NOM full profile mass spectrometry, negative",7T FT-ICR MS,EMSL,EMSL,2024-01-06T16:10:50Z,placeholder,['nmdc:sty-11-w4tp3f29']
nmdc:bsm-11-yt63wa34,/home/bmeluch/NMDC/nom_processing/monet_nom/raw/60923_9_B_3_WEOM_r2_Mag_04Jan24_300SA_p01_26_1_14588.d,/home/bmeluch/NMDC/nom_processing/monet_nom/processed_20260701/60923_9_B_3_WEOM_r2_Mag_04Jan24_300SA_p01_26_1_14588,/home/bmeluch/NMDC/nom_processing/monet_nom/raw/QC_SRFAII_23_01_20ppm_r2_Mag_04Jan24_300SA_p01_52_1_14575.d,nmdc:calib-14-hhn3qb47,"EMSL NOM full profile mass spectrometry, negative",7T FT-ICR MS,EMSL,EMSL,2024-01-08T04:31:30Z,placeholder,['nmdc:sty-11-w4tp3f29']
nmdc:bsm-11-yt63wa34,/home/bmeluch/NMDC/nom_processing/monet_nom/raw/60923_9_B_3_WEOM_r3_Mag_04Jan24_300SA_p01_26_1_14675.d,/home/bmeluch/NMDC/nom_processing/monet_nom/processed_20260701/60923_9_B_3_WEOM_r3_Mag_04Jan24_300SA_p01_26_1_14675,/home/bmeluch/NMDC/nom_processing/monet_nom/raw/QC_SRFAII_23_01_20ppm_r3_Mag_04Jan24_300SA_p01_52_1_14665.d,nmdc:calib-14-hhn3qb47,"EMSL NOM full profile mass spectrometry, negative",7T FT-ICR MS,EMSL,EMSL,2024-01-09T19:04:57Z,placeholder,['nmdc:sty-11-w4tp3f29']
nmdc:bsm-11-zk87rj83,/home/bmeluch/NMDC/nom_processing/monet_nom/raw/60923_9_T_1_WEOM_r1_Mag_04Jan24_300SA_p01_17_1_14429.d,/home/bmeluch/NMDC/nom_processing/monet_nom/processed_20260701/60923_9_T_1_WEOM_r1_Mag_04Jan24_300SA_p01_17_1_14429,/home/bmeluch/NMDC/nom_processing/monet_nom/raw/QC_SRFAII_23_01_20ppm_r0_Mag_04Jan24_300SA_p01_54_1_14418.d,nmdc:calib-14-hhn3qb47,"EMSL NOM full profile mass spectrometry, negative",7T FT-ICR MS,EMSL,EMSL,2024-01-05T06:03:26Z,placeholder,['nmdc:sty-11-w4tp3f29']
nmdc:bsm-11-zk87rj83,/home/bmeluch/NMDC/nom_processing/monet_nom/raw/60923_9_T_1_WEOM_r2_Mag_04Jan24_300SA_p01_17_1_14529.d,/home/bmeluch/NMDC/nom_processing/monet_nom/processed_20260701/60923_9_T_1_WEOM_r2_Mag_04Jan24_300SA_p01_17_1_14529,/home/bmeluch/NMDC/nom_processing/monet_nom/raw/QC_SRFAII_23_01_20ppm_r1_Mag_04Jan24_300SA_p01_54_1_14508.d,nmdc:calib-14-hhn3qb47,"EMSL NOM full profile mass spectrometry, negative",7T FT-ICR MS,EMSL,EMSL,2024-01-07T02:22:26Z,placeholder,['nmdc:sty-11-w4tp3f29']
nmdc:bsm-11-zk87rj83,/home/bmeluch/NMDC/nom_processing/monet_nom/raw/60923_9_T_1_WEOM_r3_Mag_04Jan24_300SA_p01_17_1_14604.d,/home/bmeluch/NMDC/nom_processing/monet_nom/processed_20260701/60923_9_T_1_WEOM_r3_Mag_04Jan24_300SA_p01_17_1_14604,/home/bmeluch/NMDC/nom_processing/monet_nom/raw/QC_SRFAII_23_01_20ppm_r2_Mag_04Jan24_300SA_p01_52_1_14598.d,nmdc:calib-14-hhn3qb47,"EMSL NOM full profile mass spectrometry, negative",7T FT-ICR MS,EMSL,EMSL,2024-01-08T11:37:01Z,placeholder,['nmdc:sty-11-w4tp3f29']
nmdc:bsm-11-zk87rj83,/home/bmeluch/NMDC/nom_processing/monet_nom/raw/60923_9_T_2_WEOM_r1_Mag_04Jan24_300SA_p01_45_1_14466.d,/home/bmeluch/NMDC/nom_processing/monet_nom/processed_20260701/60923_9_T_2_WEOM_r1_Mag_04Jan24_300SA_p01_45_1_14466,/home/bmeluch/NMDC/nom_processing/monet_nom/raw/QC_SRFAII_23_01_20ppm_r1_Mag_04Jan24_300SA_p01_54_1_14462.d,nmdc:calib-14-hhn3qb47,"EMSL NOM full profile mass spectrometry, negative",7T FT-ICR MS,EMSL,EMSL,2024-01-05T22:27:16Z,placeholder,['nmdc:sty-11-w4tp3f29']
nmdc:bsm-11-zk87rj83,/home/bmeluch/NMDC/nom_processing/monet_nom/raw/60923_9_T_2_WEOM_r2_Mag_04Jan24_300SA_p01_45_1_14559.d,/home/bmeluch/NMDC/nom_processing/monet_nom/processed_20260701/60923_9_T_2_WEOM_r2_Mag_04Jan24_300SA_p01_45_1_14559,/home/bmeluch/NMDC/nom_processing/monet_nom/raw/QC_SRFAII_23_01_20ppm_r2_Mag_04Jan24_300SA_p01_52_1_14552.d,nmdc:calib-14-hhn3qb47,"EMSL NOM full profile mass spectrometry, negative",7T FT-ICR MS,EMSL,EMSL,2024-01-07T15:40:20Z,placeholder,['nmdc:sty-11-w4tp3f29']
nmdc:bsm-11-zk87rj83,/home/bmeluch/NMDC/nom_processing/monet_nom/raw/60923_9_T_2_WEOM_r3_Mag_04Jan24_300SA_p01_45_1_14651.d,/home/bmeluch/NMDC/nom_processing/monet_nom/processed_20260701/60923_9_T_2_WEOM_r3_Mag_04Jan24_300SA_p01_45_1_14651,/home/bmeluch/NMDC/nom_processing/monet_nom/raw/QC_SRFAII_23_01_20ppm_r3_Mag_04Jan24_300SA_p01_52_1_14643.d,nmdc:calib-14-hhn3qb47,"EMSL NOM full profile mass spectrometry, negative",7T FT-ICR MS,EMSL,EMSL,2024-01-09T08:26:48Z,placeholder,['nmdc:sty-11-w4tp3f29']
nmdc:bsm-11-zk87rj83,/home/bmeluch/NMDC/nom_processing/monet_nom/raw/60923_9_T_3_WEOM_r1_Mag_04Jan24_300SA_p01_25_1_14492.d,/home/bmeluch/NMDC/nom_processing/monet_nom/processed_20260701/60923_9_T_3_WEOM_r1_Mag_04Jan24_300SA_p01_25_1_14492,/home/bmeluch/NMDC/nom_processing/monet_nom/raw/QC_SRFAII_23_01_20ppm_r1_Mag_04Jan24_300SA_p01_54_1_14484.d,nmdc:calib-14-hhn3qb47,"EMSL NOM full profile mass spectrometry, negative",7T FT-ICR MS,EMSL,EMSL,2024-01-06T09:58:33Z,placeholder,['nmdc:sty-11-w4tp3f29']
nmdc:bsm-11-zk87rj83,/home/bmeluch/NMDC/nom_processing/monet_nom/raw/60923_9_T_3_WEOM_r2_Mag_04Jan24_300SA_p01_25_1_14591.d,/home/bmeluch/NMDC/nom_processing/monet_nom/processed_20260701/60923_9_T_3_WEOM_r2_Mag_04Jan24_300SA_p01_25_1_14591,/home/bmeluch/NMDC/nom_processing/monet_nom/raw/QC_SRFAII_23_01_20ppm_r2_Mag_04Jan24_300SA_p01_52_1_14575.d,nmdc:calib-14-hhn3qb47,"EMSL NOM full profile mass spectrometry, negative",7T FT-ICR MS,EMSL,EMSL,2024-01-08T05:51:17Z,placeholder,['nmdc:sty-11-w4tp3f29']
nmdc:bsm-11-zk87rj83,/home/bmeluch/NMDC/nom_processing/monet_nom/raw/60923_9_T_3_WEOM_r3_Mag_04Jan24_300SA_p01_25_1_14664.d,/home/bmeluch/NMDC/nom_processing/monet_nom/processed_20260701/60923_9_T_3_WEOM_r3_Mag_04Jan24_300SA_p01_25_1_14664,/home/bmeluch/NMDC/nom_processing/monet_nom/raw/QC_SRFAII_23_01_20ppm_r3_Mag_04Jan24_300SA_p01_52_1_14643.d,nmdc:calib-14-hhn3qb47,"EMSL NOM full profile mass spectrometry, negative",7T FT-ICR MS,EMSL,EMSL,2024-01-09T14:12:29Z,placeholder,['nmdc:sty-11-w4tp3f29']
