file_path,file_name,file_size_bytes
/Volumes/LaCie/nmdc_data/mcmahon_11_fkbnah04/raw/20181217_KBL_TM_Lakes_GEODES_All3_QE-HF_C18_USDAY46918_NEG_MSMS_59_GEO-SP-4-F_1_Rg80to1200-CE102040-0-4-S1_Run214.mzML,20181217_KBL_TM_Lakes_GEODES_All3_QE-HF_C18_USDAY46918_NEG_MSMS_59_GEO-SP-4-F_1_Rg80to1200-CE102040-0-4-S1_Run214.mzML,79408212
/Volumes/LaCie/nmdc_data/mcmahon_11_fkbnah04/raw/20180918_KBL_TM_Lakes_GEODES_All3_QE-HF_HILICZ-VF1_USHXG01161_POS_MSMS_72_GEO-TB-8-F_1_Rg70to1050-CE102040-0-1-S1_Run257.mzML,20180918_KBL_TM_Lakes_GEODES_All3_QE-HF_HILICZ-VF1_USHXG01161_POS_MSMS_72_GEO-TB-8-F_1_Rg70to1050-CE102040-0-1-S1_Run257.mzML,195825373
/Volumes/LaCie/nmdc_data/mcmahon_11_fkbnah04/raw/20181217_KBL_TM_Lakes_GEODES_All3_QE-HF_C18_USDAY46918_NEG_MSMS_60_GEO-SP-8-F_1_Rg80to1200-CE102040-0-4-S1_Run217.mzML,20181217_KBL_TM_Lakes_GEODES_All3_QE-HF_C18_USDAY46918_NEG_MSMS_60_GEO-SP-8-F_1_Rg80to1200-CE102040-0-4-S1_Run217.mzML,80260640
/Volumes/LaCie/nmdc_data/mcmahon_11_fkbnah04/raw/20180918_KBL_TM_Lakes_GEODES_All3_QE-HF_HILICZ-VF1_USHXG01161_NEG_MSMS_46_GEO-ME-44-F_1_Rg70to1050-CE102040-0-7-S1_Run172.mzML,20180918_KBL_TM_Lakes_GEODES_All3_QE-HF_HILICZ-VF1_USHXG01161_NEG_MSMS_46_GEO-ME-44-F_1_Rg70to1050-CE102040-0-7-S1_Run172.mzML,170357752
/Volumes/LaCie/nmdc_data/mcmahon_11_fkbnah04/raw/20180918_KBL_TM_Lakes_GEODES_All3_QE-HF_HILICZ-VF1_USHXG01161_NEG_MSMS_49_GEO-SP-0-F_1_Rg70to1050-CE102040-0-4-S1_Run181.mzML,20180918_KBL_TM_Lakes_GEODES_All3_QE-HF_HILICZ-VF1_USHXG01161_NEG_MSMS_49_GEO-SP-0-F_1_Rg70to1050-CE102040-0-4-S1_Run181.mzML,177075154
/Volumes/LaCie/nmdc_data/mcmahon_11_fkbnah04/raw/20180918_KBL_TM_Lakes_Mendota_DepthDate_QE-139_HILICZ-VF1_USHXG01161_POS_MSMS_13_ME-20170908-metabo-13_1_Rg70to1050-CE102040-13p4-S1_Run54.mzML,20180918_KBL_TM_Lakes_Mendota_DepthDate_QE-139_HILICZ-VF1_USHXG01161_POS_MSMS_13_ME-20170908-metabo-13_1_Rg70to1050-CE102040-13p4-S1_Run54.mzML,178864108
/Volumes/LaCie/nmdc_data/mcmahon_11_fkbnah04/raw/20181217_KBL_TM_Lakes_GEODES_All3_QE-HF_C18_USDAY46918_POS_MSMS_47_GEO-ME-4-F_1_Rg80to1200-CE102040-0-7-S1_Run174.mzML,20181217_KBL_TM_Lakes_GEODES_All3_QE-HF_C18_USDAY46918_POS_MSMS_47_GEO-ME-4-F_1_Rg80to1200-CE102040-0-7-S1_Run174.mzML,98807062
/Volumes/LaCie/nmdc_data/mcmahon_11_fkbnah04/raw/20181217_KBL_TM_Lakes_GEODES_All3_QE-HF_C18_USDAY46918_NEG_MSMS_25_GEO-TB-0-UF_1_Rg80to1200-CE102040-0-1-S1_Run96.mzML,20181217_KBL_TM_Lakes_GEODES_All3_QE-HF_C18_USDAY46918_NEG_MSMS_25_GEO-TB-0-UF_1_Rg80to1200-CE102040-0-1-S1_Run96.mzML,91387579
/Volumes/LaCie/nmdc_data/mcmahon_11_fkbnah04/raw/20181217_KBL_TM_Lakes_Mendota_DepthDate_QE-HF_C18_USDAY46918_POS_MSMS_33_ExCtrl-JGI_1_Rg80to1200-CE102040-ExCtrl-S1_Run12.mzML,20181217_KBL_TM_Lakes_Mendota_DepthDate_QE-HF_C18_USDAY46918_POS_MSMS_33_ExCtrl-JGI_1_Rg80to1200-CE102040-ExCtrl-S1_Run12.mzML,80348387
/Volumes/LaCie/nmdc_data/mcmahon_11_fkbnah04/raw/20181217_KBL_TM_Lakes_Mendota_DepthDate_QE-HF_C18_USDAY46918_POS_MSMS_18_ME-20171004-metabo-18_1_Rg80to1200-CE102040-13p5-S1_Run74.mzML,20181217_KBL_TM_Lakes_Mendota_DepthDate_QE-HF_C18_USDAY46918_POS_MSMS_18_ME-20171004-metabo-18_1_Rg80to1200-CE102040-13p5-S1_Run74.mzML,93881000
/Volumes/LaCie/nmdc_data/mcmahon_11_fkbnah04/raw/20180918_KBL_TM_Lakes_GEODES_All3_QE-HF_HILICZ-VF1_USHXG01161_POS_MSMS_31_GEO-TB-32-UF_1_Rg70to1050-CE102040-0-1-S1_Run121.mzML,20180918_KBL_TM_Lakes_GEODES_All3_QE-HF_HILICZ-VF1_USHXG01161_POS_MSMS_31_GEO-TB-32-UF_1_Rg70to1050-CE102040-0-1-S1_Run121.mzML,186810854
/Volumes/LaCie/nmdc_data/mcmahon_11_fkbnah04/raw/20180918_KBL_TM_Lakes_GEODES_All3_QE-HF_HILICZ-VF1_USHXG01161_NEG_MSMS_45_GEO-ME-40-F_1_Rg70to1050-CE102040-0-7-S1_Run164.mzML,20180918_KBL_TM_Lakes_GEODES_All3_QE-HF_HILICZ-VF1_USHXG01161_NEG_MSMS_45_GEO-ME-40-F_1_Rg70to1050-CE102040-0-7-S1_Run164.mzML,170551805
/Volumes/LaCie/nmdc_data/mcmahon_11_fkbnah04/raw/20181217_KBL_TM_Lakes_Mendota_DepthDate_QE-HF_C18_USDAY46918_POS_MSMS_28_ME-20171019-metabo-28_1_Rg80to1200-CE102040-18p2-S1_Run107.mzML,20181217_KBL_TM_Lakes_Mendota_DepthDate_QE-HF_C18_USDAY46918_POS_MSMS_28_ME-20171019-metabo-28_1_Rg80to1200-CE102040-18p2-S1_Run107.mzML,94334700
/Volumes/LaCie/nmdc_data/mcmahon_11_fkbnah04/raw/20180918_KBL_TM_Lakes_GEODES_All3_QE-HF_HILICZ-VF1_USHXG01161_POS_MSMS_39_GEO-ME-16-F_1_Rg70to1050-CE102040-0-7-S1_Run145.mzML,20180918_KBL_TM_Lakes_GEODES_All3_QE-HF_HILICZ-VF1_USHXG01161_POS_MSMS_39_GEO-ME-16-F_1_Rg70to1050-CE102040-0-7-S1_Run145.mzML,173173282
/Volumes/LaCie/nmdc_data/mcmahon_11_fkbnah04/raw/20181217_KBL_TM_Lakes_Mendota_DepthDate_QE-HF_C18_USDAY46918_POS_MSMS_25_ME-20171019-metabo-25_1_Rg80to1200-CE102040-16p3-S1_Run98.mzML,20181217_KBL_TM_Lakes_Mendota_DepthDate_QE-HF_C18_USDAY46918_POS_MSMS_25_ME-20171019-metabo-25_1_Rg80to1200-CE102040-16p3-S1_Run98.mzML,93676035
/Volumes/LaCie/nmdc_data/mcmahon_11_fkbnah04/raw/20160526_HILIC___NEG_MSMS_KBL_Qex_UV_Lake_Mendota______Run9.mzML,20160526_HILIC___NEG_MSMS_KBL_Qex_UV_Lake_Mendota______Run9.mzML,237322829
/Volumes/LaCie/nmdc_data/mcmahon_11_fkbnah04/raw/20181217_KBL_TM_Lakes_GEODES_All3_QE-HF_C18_USDAY46918_NEG_MSMS_57_GEO-SP-40-F_1_Rg80to1200-CE102040-0-4-S1_Run208.mzML,20181217_KBL_TM_Lakes_GEODES_All3_QE-HF_C18_USDAY46918_NEG_MSMS_57_GEO-SP-40-F_1_Rg80to1200-CE102040-0-4-S1_Run208.mzML,80111787
/Volumes/LaCie/nmdc_data/mcmahon_11_fkbnah04/raw/20180918_KBL_TM_Lakes_Mendota_DepthDate_QE-139_HILICZ-VF1_USHXG01161_POS_MSMS_28_ME-20171019-metabo-28_1_Rg70to1050-CE102040-18p2-S1_Run107.mzML,20180918_KBL_TM_Lakes_Mendota_DepthDate_QE-139_HILICZ-VF1_USHXG01161_POS_MSMS_28_ME-20171019-metabo-28_1_Rg70to1050-CE102040-18p2-S1_Run107.mzML,179144897
/Volumes/LaCie/nmdc_data/mcmahon_11_fkbnah04/raw/20181217_KBL_TM_Lakes_GEODES_All3_QE-HF_C18_USDAY46918_POS_MSMS_49_GEO-SP-0-F_1_Rg80to1200-CE102040-0-4-S1_Run180.mzML,20181217_KBL_TM_Lakes_GEODES_All3_QE-HF_C18_USDAY46918_POS_MSMS_49_GEO-SP-0-F_1_Rg80to1200-CE102040-0-4-S1_Run180.mzML,99937809
/Volumes/LaCie/nmdc_data/mcmahon_11_fkbnah04/raw/20180918_KBL_TM_Lakes_Mendota_DepthDate_QE-139_HILICZ-VF1_USHXG01161_POS_MSMS_1_ME-20170811-metabo-1_1_Rg70to1050-CE102040-21p25-S1_Run15.mzML,20180918_KBL_TM_Lakes_Mendota_DepthDate_QE-139_HILICZ-VF1_USHXG01161_POS_MSMS_1_ME-20170811-metabo-1_1_Rg70to1050-CE102040-21p25-S1_Run15.mzML,179341858
/Volumes/LaCie/nmdc_data/mcmahon_11_fkbnah04/raw/20180918_KBL_TM_Lakes_GEODES_All3_QE-HF_HILICZ-VF1_USHXG01161_POS_MSMS_42_GEO-ME-28-F_1_Rg70to1050-CE102040-0-7-S1_Run154.mzML,20180918_KBL_TM_Lakes_GEODES_All3_QE-HF_HILICZ-VF1_USHXG01161_POS_MSMS_42_GEO-ME-28-F_1_Rg70to1050-CE102040-0-7-S1_Run154.mzML,175050794
/Volumes/LaCie/nmdc_data/mcmahon_11_fkbnah04/raw/20180918_KBL_TM_Lakes_GEODES_All3_QE-HF_HILICZ-VF1_USHXG01161_POS_MSMS_68_GEO-TB-36-F_1_Rg70to1050-CE102040-0-1-S1_Run245.mzML,20180918_KBL_TM_Lakes_GEODES_All3_QE-HF_HILICZ-VF1_USHXG01161_POS_MSMS_68_GEO-TB-36-F_1_Rg70to1050-CE102040-0-1-S1_Run245.mzML,196468557
/Volumes/LaCie/nmdc_data/mcmahon_11_fkbnah04/raw/20180918_KBL_TM_Lakes_GEODES_All3_QE-HF_HILICZ-VF1_USHXG01161_POS_MSMS_43_GEO-ME-32-F_1_Rg70to1050-CE102040-0-7-S1_Run157.mzML,20180918_KBL_TM_Lakes_GEODES_All3_QE-HF_HILICZ-VF1_USHXG01161_POS_MSMS_43_GEO-ME-32-F_1_Rg70to1050-CE102040-0-7-S1_Run157.mzML,176742470
/Volumes/LaCie/nmdc_data/mcmahon_11_fkbnah04/raw/20180918_KBL_TM_Lakes_GEODES_All3_QE-HF_HILICZ-VF1_USHXG01161_POS_MSMS_64_GEO-TB-20-F_1_Rg70to1050-CE102040-0-1-S1_Run233.mzML,20180918_KBL_TM_Lakes_GEODES_All3_QE-HF_HILICZ-VF1_USHXG01161_POS_MSMS_64_GEO-TB-20-F_1_Rg70to1050-CE102040-0-1-S1_Run233.mzML,193250735
/Volumes/LaCie/nmdc_data/mcmahon_11_fkbnah04/raw/20180918_KBL_TM_Lakes_Mendota_DepthDate_QE-139_HILICZ-VF1_USHXG01161_NEG_MSMS_2_ME-20170811-metabo-2_1_Rg70to1050-CE102040-18p08-S1_Run19.mzML,20180918_KBL_TM_Lakes_Mendota_DepthDate_QE-139_HILICZ-VF1_USHXG01161_NEG_MSMS_2_ME-20170811-metabo-2_1_Rg70to1050-CE102040-18p08-S1_Run19.mzML,168727256
/Volumes/LaCie/nmdc_data/mcmahon_11_fkbnah04/raw/20180918_KBL_TM_Lakes_GEODES_All3_QE-HF_HILICZ-VF1_USHXG01161_POS_MSMS_10_GEO-ME-44-UF_1_Rg70to1050-CE102040-0-7-S1_Run45.mzML,20180918_KBL_TM_Lakes_GEODES_All3_QE-HF_HILICZ-VF1_USHXG01161_POS_MSMS_10_GEO-ME-44-UF_1_Rg70to1050-CE102040-0-7-S1_Run45.mzML,169845182
/Volumes/LaCie/nmdc_data/mcmahon_11_fkbnah04/raw/20181217_KBL_TM_Lakes_GEODES_All3_QE-HF_C18_USDAY46918_POS_MSMS_13_GEO-SP-0-UF_1_Rg80to1200-CE102040-0-4-S1_Run54.mzML,20181217_KBL_TM_Lakes_GEODES_All3_QE-HF_C18_USDAY46918_POS_MSMS_13_GEO-SP-0-UF_1_Rg80to1200-CE102040-0-4-S1_Run54.mzML,103632277
/Volumes/LaCie/nmdc_data/mcmahon_11_fkbnah04/raw/20180918_KBL_TM_Lakes_Mendota_DepthDate_QE-139_HILICZ-VF1_USHXG01161_NEG_MSMS_9_ME-20170908-metabo-9_1_Rg70to1050-CE102040-22p2-S1_Run40.mzML,20180918_KBL_TM_Lakes_Mendota_DepthDate_QE-139_HILICZ-VF1_USHXG01161_NEG_MSMS_9_ME-20170908-metabo-9_1_Rg70to1050-CE102040-22p2-S1_Run40.mzML,172222199
/Volumes/LaCie/nmdc_data/mcmahon_11_fkbnah04/raw/20181217_KBL_TM_Lakes_GEODES_All3_QE-HF_C18_USDAY46918_POS_MSMS_59_GEO-SP-4-F_1_Rg80to1200-CE102040-0-4-S1_Run213.mzML,20181217_KBL_TM_Lakes_GEODES_All3_QE-HF_C18_USDAY46918_POS_MSMS_59_GEO-SP-4-F_1_Rg80to1200-CE102040-0-4-S1_Run213.mzML,98557536
/Volumes/LaCie/nmdc_data/mcmahon_11_fkbnah04/raw/20180918_KBL_TM_Lakes_GEODES_All3_QE-HF_HILICZ-VF1_USHXG01161_POS_MSMS_57_GEO-SP-40-F_1_Rg70to1050-CE102040-0-4-S1_Run207.mzML,20180918_KBL_TM_Lakes_GEODES_All3_QE-HF_HILICZ-VF1_USHXG01161_POS_MSMS_57_GEO-SP-40-F_1_Rg70to1050-CE102040-0-4-S1_Run207.mzML,178989133
/Volumes/LaCie/nmdc_data/mcmahon_11_fkbnah04/raw/20181217_KBL_TM_Lakes_Mendota_DepthDate_QE-HF_C18_USDAY46918_NEG_MSMS_14_ME-20170908-metabo-14_1_Rg80to1200-CE102040-12p5-S1_Run58.mzML,20181217_KBL_TM_Lakes_Mendota_DepthDate_QE-HF_C18_USDAY46918_NEG_MSMS_14_ME-20170908-metabo-14_1_Rg80to1200-CE102040-12p5-S1_Run58.mzML,75068456
/Volumes/LaCie/nmdc_data/mcmahon_11_fkbnah04/raw/20181217_KBL_TM_Lakes_Mendota_DepthDate_QE-HF_C18_USDAY46918_NEG_MSMS_1_ME-20170811-metabo-1_1_Rg80to1200-CE102040-21p25-S1_Run16.mzML,20181217_KBL_TM_Lakes_Mendota_DepthDate_QE-HF_C18_USDAY46918_NEG_MSMS_1_ME-20170811-metabo-1_1_Rg80to1200-CE102040-21p25-S1_Run16.mzML,76483529
/Volumes/LaCie/nmdc_data/mcmahon_11_fkbnah04/raw/20180918_KBL_TM_Lakes_GEODES_All3_QE-HF_HILICZ-VF1_USHXG01161_NEG_MSMS_5_GEO-ME-24-UF_1_Rg70to1050-CE102040-0-7-S1_Run31.mzML,20180918_KBL_TM_Lakes_GEODES_All3_QE-HF_HILICZ-VF1_USHXG01161_NEG_MSMS_5_GEO-ME-24-UF_1_Rg70to1050-CE102040-0-7-S1_Run31.mzML,170963979
/Volumes/LaCie/nmdc_data/mcmahon_11_fkbnah04/raw/20180918_KBL_TM_Lakes_GEODES_All3_QE-HF_HILICZ-VF1_USHXG01161_NEG_MSMS_27_GEO-TB-16-UF_1_Rg70to1050-CE102040-0-1-S1_Run105.mzML,20180918_KBL_TM_Lakes_GEODES_All3_QE-HF_HILICZ-VF1_USHXG01161_NEG_MSMS_27_GEO-TB-16-UF_1_Rg70to1050-CE102040-0-1-S1_Run105.mzML,200348231
/Volumes/LaCie/nmdc_data/mcmahon_11_fkbnah04/raw/20181217_KBL_TM_Lakes_Mendota_DepthDate_QE-HF_C18_USDAY46918_POS_MSMS_14_ME-20170908-metabo-14_1_Rg80to1200-CE102040-12p5-S1_Run57.mzML,20181217_KBL_TM_Lakes_Mendota_DepthDate_QE-HF_C18_USDAY46918_POS_MSMS_14_ME-20170908-metabo-14_1_Rg80to1200-CE102040-12p5-S1_Run57.mzML,95844579
/Volumes/LaCie/nmdc_data/mcmahon_11_fkbnah04/raw/20180918_KBL_TM_Lakes_GEODES_All3_QE-HF_HILICZ-VF1_USHXG01161_POS_MSMS_20_GEO-SP-36-UF_1_Rg70to1050-CE102040-0-4-S1_Run80.mzML,20180918_KBL_TM_Lakes_GEODES_All3_QE-HF_HILICZ-VF1_USHXG01161_POS_MSMS_20_GEO-SP-36-UF_1_Rg70to1050-CE102040-0-4-S1_Run80.mzML,174863228
/Volumes/LaCie/nmdc_data/mcmahon_11_fkbnah04/raw/20181217_KBL_TM_Lakes_GEODES_All3_QE-HF_C18_USDAY46918_POS_MSMS_19_GEO-SP-32-UF_1_Rg80to1200-CE102040-0-4-S1_Run77.mzML,20181217_KBL_TM_Lakes_GEODES_All3_QE-HF_C18_USDAY46918_POS_MSMS_19_GEO-SP-32-UF_1_Rg80to1200-CE102040-0-4-S1_Run77.mzML,102817056
/Volumes/LaCie/nmdc_data/mcmahon_11_fkbnah04/raw/20181217_KBL_TM_Lakes_GEODES_All3_QE-HF_C18_USDAY46918_POS_MSMS_22_GEO-SP-44-UF_1_Rg80to1200-CE102040-0-4-S1_Run86.mzML,20181217_KBL_TM_Lakes_GEODES_All3_QE-HF_C18_USDAY46918_POS_MSMS_22_GEO-SP-44-UF_1_Rg80to1200-CE102040-0-4-S1_Run86.mzML,103528470
/Volumes/LaCie/nmdc_data/mcmahon_11_fkbnah04/raw/20180918_KBL_TM_Lakes_GEODES_All3_QE-HF_HILICZ-VF1_USHXG01161_NEG_MSMS_44_GEO-ME-36-F_1_Rg70to1050-CE102040-0-7-S1_Run161.mzML,20180918_KBL_TM_Lakes_GEODES_All3_QE-HF_HILICZ-VF1_USHXG01161_NEG_MSMS_44_GEO-ME-36-F_1_Rg70to1050-CE102040-0-7-S1_Run161.mzML,171591918
/Volumes/LaCie/nmdc_data/mcmahon_11_fkbnah04/raw/20181217_KBL_TM_Lakes_GEODES_All3_QE-HF_C18_USDAY46918_POS_MSMS_26_GEO-TB-12-UF_1_Rg80to1200-CE102040-0-1-S1_Run101.mzML,20181217_KBL_TM_Lakes_GEODES_All3_QE-HF_C18_USDAY46918_POS_MSMS_26_GEO-TB-12-UF_1_Rg80to1200-CE102040-0-1-S1_Run101.mzML,107365685
/Volumes/LaCie/nmdc_data/mcmahon_11_fkbnah04/raw/20181217_KBL_TM_Lakes_Mendota_DepthDate_QE-HF_C18_USDAY46918_POS_MSMS_21_ME-20171004-metabo-21_1_Rg80to1200-CE102040-17p3-S1_Run83.mzML,20181217_KBL_TM_Lakes_Mendota_DepthDate_QE-HF_C18_USDAY46918_POS_MSMS_21_ME-20171004-metabo-21_1_Rg80to1200-CE102040-17p3-S1_Run83.mzML,95669953
/Volumes/LaCie/nmdc_data/mcmahon_11_fkbnah04/raw/20180918_KBL_TM_Lakes_GEODES_All3_QE-HF_HILICZ-VF1_USHXG01161_NEG_MSMS_76_ExCtrl-JGI_3_Rg70to1050-CE102040-ExCtrl-S1_Run196.mzML,20180918_KBL_TM_Lakes_GEODES_All3_QE-HF_HILICZ-VF1_USHXG01161_NEG_MSMS_76_ExCtrl-JGI_3_Rg70to1050-CE102040-ExCtrl-S1_Run196.mzML,157324986
/Volumes/LaCie/nmdc_data/mcmahon_11_fkbnah04/raw/20181217_KBL_TM_Lakes_GEODES_All3_QE-HF_C18_USDAY46918_NEG_MSMS_62_GEO-TB-12-F_1_Rg80to1200-CE102040-0-1-S1_Run228.mzML,20181217_KBL_TM_Lakes_GEODES_All3_QE-HF_C18_USDAY46918_NEG_MSMS_62_GEO-TB-12-F_1_Rg80to1200-CE102040-0-1-S1_Run228.mzML,86130696
/Volumes/LaCie/nmdc_data/mcmahon_11_fkbnah04/raw/20181217_KBL_TM_Lakes_Mendota_DepthDate_QE-HF_C18_USDAY46918_NEG_MSMS_2_ME-20170811-metabo-2_1_Rg80to1200-CE102040-18p08-S1_Run19.mzML,20181217_KBL_TM_Lakes_Mendota_DepthDate_QE-HF_C18_USDAY46918_NEG_MSMS_2_ME-20170811-metabo-2_1_Rg80to1200-CE102040-18p08-S1_Run19.mzML,76311419
/Volumes/LaCie/nmdc_data/mcmahon_11_fkbnah04/raw/20181217_KBL_TM_Lakes_GEODES_All3_QE-HF_C18_USDAY46918_NEG_MSMS_2_GEO-ME-12-UF_1_Rg80to1200-CE102040-0-7-S1_Run22.mzML,20181217_KBL_TM_Lakes_GEODES_All3_QE-HF_C18_USDAY46918_NEG_MSMS_2_GEO-ME-12-UF_1_Rg80to1200-CE102040-0-7-S1_Run22.mzML,86636902
/Volumes/LaCie/nmdc_data/mcmahon_11_fkbnah04/raw/20180918_KBL_TM_Lakes_Mendota_DepthDate_QE-139_HILICZ-VF1_USHXG01161_POS_MSMS_26_ME-20171019-metabo-26_1_Rg70to1050-CE102040-17p3-S1_Run101.mzML,20180918_KBL_TM_Lakes_Mendota_DepthDate_QE-139_HILICZ-VF1_USHXG01161_POS_MSMS_26_ME-20171019-metabo-26_1_Rg70to1050-CE102040-17p3-S1_Run101.mzML,178009709
/Volumes/LaCie/nmdc_data/mcmahon_11_fkbnah04/raw/20181217_KBL_TM_Lakes_Mendota_DepthDate_QE-HF_C18_USDAY46918_POS_MSMS_15_ME-20170908-metabo-15_1_Rg80to1200-CE102040-11p5-S1_Run60.mzML,20181217_KBL_TM_Lakes_Mendota_DepthDate_QE-HF_C18_USDAY46918_POS_MSMS_15_ME-20170908-metabo-15_1_Rg80to1200-CE102040-11p5-S1_Run60.mzML,96157921
/Volumes/LaCie/nmdc_data/mcmahon_11_fkbnah04/raw/20181217_KBL_TM_Lakes_Mendota_DepthDate_QE-HF_C18_USDAY46918_NEG_MSMS_30_ME-20171101-metabo-30_1_Rg80to1200-CE102040-11p9-S1_Run114.mzML,20181217_KBL_TM_Lakes_Mendota_DepthDate_QE-HF_C18_USDAY46918_NEG_MSMS_30_ME-20171101-metabo-30_1_Rg80to1200-CE102040-11p9-S1_Run114.mzML,69266273
/Volumes/LaCie/nmdc_data/mcmahon_11_fkbnah04/raw/20181217_KBL_TM_Lakes_GEODES_All3_QE-HF_C18_USDAY46918_NEG_MSMS_43_GEO-ME-32-F_1_Rg80to1200-CE102040-0-7-S1_Run158.mzML,20181217_KBL_TM_Lakes_GEODES_All3_QE-HF_C18_USDAY46918_NEG_MSMS_43_GEO-ME-32-F_1_Rg80to1200-CE102040-0-7-S1_Run158.mzML,79570987
/Volumes/LaCie/nmdc_data/mcmahon_11_fkbnah04/raw/20180918_KBL_TM_Lakes_GEODES_All3_QE-HF_HILICZ-VF1_USHXG01161_NEG_MSMS_26_GEO-TB-12-UF_1_Rg70to1050-CE102040-0-1-S1_Run102.mzML,20180918_KBL_TM_Lakes_GEODES_All3_QE-HF_HILICZ-VF1_USHXG01161_NEG_MSMS_26_GEO-TB-12-UF_1_Rg70to1050-CE102040-0-1-S1_Run102.mzML,199180195
/Volumes/LaCie/nmdc_data/mcmahon_11_fkbnah04/raw/20181217_KBL_TM_Lakes_Mendota_DepthDate_QE-HF_C18_USDAY46918_NEG_MSMS_26_ME-20171019-metabo-26_1_Rg80to1200-CE102040-17p3-S1_Run102.mzML,20181217_KBL_TM_Lakes_Mendota_DepthDate_QE-HF_C18_USDAY46918_NEG_MSMS_26_ME-20171019-metabo-26_1_Rg80to1200-CE102040-17p3-S1_Run102.mzML,71755136
/Volumes/LaCie/nmdc_data/mcmahon_11_fkbnah04/raw/20181217_KBL_TM_Lakes_GEODES_All3_QE-HF_C18_USDAY46918_NEG_MSMS_50_GEO-SP-12-F_1_Rg80to1200-CE102040-0-4-S1_Run184.mzML,20181217_KBL_TM_Lakes_GEODES_All3_QE-HF_C18_USDAY46918_NEG_MSMS_50_GEO-SP-12-F_1_Rg80to1200-CE102040-0-4-S1_Run184.mzML,78306192
/Volumes/LaCie/nmdc_data/mcmahon_11_fkbnah04/raw/20181217_KBL_TM_Lakes_GEODES_All3_QE-HF_C18_USDAY46918_NEG_MSMS_42_GEO-ME-28-F_1_Rg80to1200-CE102040-0-7-S1_Run155.mzML,20181217_KBL_TM_Lakes_GEODES_All3_QE-HF_C18_USDAY46918_NEG_MSMS_42_GEO-ME-28-F_1_Rg80to1200-CE102040-0-7-S1_Run155.mzML,78552270
/Volumes/LaCie/nmdc_data/mcmahon_11_fkbnah04/raw/20181217_KBL_TM_Lakes_Mendota_DepthDate_QE-HF_C18_USDAY46918_POS_MSMS_23_ME-20171004-metabo-23_1_Rg80to1200-CE102040-12p9-S1_Run92.mzML,20181217_KBL_TM_Lakes_Mendota_DepthDate_QE-HF_C18_USDAY46918_POS_MSMS_23_ME-20171004-metabo-23_1_Rg80to1200-CE102040-12p9-S1_Run92.mzML,92402893
/Volumes/LaCie/nmdc_data/mcmahon_11_fkbnah04/raw/20180918_KBL_TM_Lakes_GEODES_All3_QE-HF_HILICZ-VF1_USHXG01161_POS_MSMS_60_GEO-SP-8-F_1_Rg70to1050-CE102040-0-4-S1_Run216.mzML,20180918_KBL_TM_Lakes_GEODES_All3_QE-HF_HILICZ-VF1_USHXG01161_POS_MSMS_60_GEO-SP-8-F_1_Rg70to1050-CE102040-0-4-S1_Run216.mzML,179939705
/Volumes/LaCie/nmdc_data/mcmahon_11_fkbnah04/raw/20180918_KBL_TM_Lakes_GEODES_All3_QE-HF_HILICZ-VF1_USHXG01161_POS_MSMS_34_GEO-TB-44-UF_1_Rg70to1050-CE102040-0-1-S1_Run130.mzML,20180918_KBL_TM_Lakes_GEODES_All3_QE-HF_HILICZ-VF1_USHXG01161_POS_MSMS_34_GEO-TB-44-UF_1_Rg70to1050-CE102040-0-1-S1_Run130.mzML,187041343
/Volumes/LaCie/nmdc_data/mcmahon_11_fkbnah04/raw/20180918_KBL_TM_Lakes_Mendota_DepthDate_QE-139_HILICZ-VF1_USHXG01161_NEG_MSMS_23_ME-20171004-metabo-23_1_Rg70to1050-CE102040-12p9-S1_Run93.mzML,20180918_KBL_TM_Lakes_Mendota_DepthDate_QE-139_HILICZ-VF1_USHXG01161_NEG_MSMS_23_ME-20171004-metabo-23_1_Rg70to1050-CE102040-12p9-S1_Run93.mzML,174008947
/Volumes/LaCie/nmdc_data/mcmahon_11_fkbnah04/raw/20181217_KBL_TM_Lakes_GEODES_All3_QE-HF_C18_USDAY46918_POS_MSMS_35_GEO-TB-4-UF_1_Rg80to1200-CE102040-0-1-S1_Run133.mzML,20181217_KBL_TM_Lakes_GEODES_All3_QE-HF_C18_USDAY46918_POS_MSMS_35_GEO-TB-4-UF_1_Rg80to1200-CE102040-0-1-S1_Run133.mzML,107470365
/Volumes/LaCie/nmdc_data/mcmahon_11_fkbnah04/raw/20180918_KBL_TM_Lakes_Mendota_DepthDate_QE-139_HILICZ-VF1_USHXG01161_POS_MSMS_33_ExCtrl-JGI_1_Rg70to1050-CE102040-ExCtrl-S1_Run12.mzML,20180918_KBL_TM_Lakes_Mendota_DepthDate_QE-139_HILICZ-VF1_USHXG01161_POS_MSMS_33_ExCtrl-JGI_1_Rg70to1050-CE102040-ExCtrl-S1_Run12.mzML,166381110
/Volumes/LaCie/nmdc_data/mcmahon_11_fkbnah04/raw/20181217_KBL_TM_Lakes_Mendota_DepthDate_QE-HF_C18_USDAY46918_POS_MSMS_3_ME-20170811-metabo-3_1_Rg80to1200-CE102040-15p3-S1_Run21.mzML,20181217_KBL_TM_Lakes_Mendota_DepthDate_QE-HF_C18_USDAY46918_POS_MSMS_3_ME-20170811-metabo-3_1_Rg80to1200-CE102040-15p3-S1_Run21.mzML,95987722
/Volumes/LaCie/nmdc_data/mcmahon_11_fkbnah04/raw/20181217_KBL_TM_Lakes_Mendota_DepthDate_QE-HF_C18_USDAY46918_NEG_MSMS_13_ME-20170908-metabo-13_1_Rg80to1200-CE102040-13p4-S1_Run55.mzML,20181217_KBL_TM_Lakes_Mendota_DepthDate_QE-HF_C18_USDAY46918_NEG_MSMS_13_ME-20170908-metabo-13_1_Rg80to1200-CE102040-13p4-S1_Run55.mzML,76520534
/Volumes/LaCie/nmdc_data/mcmahon_11_fkbnah04/raw/20181217_KBL_TM_Lakes_GEODES_All3_QE-HF_C18_USDAY46918_POS_MSMS_27_GEO-TB-16-UF_1_Rg80to1200-CE102040-0-1-S1_Run104.mzML,20181217_KBL_TM_Lakes_GEODES_All3_QE-HF_C18_USDAY46918_POS_MSMS_27_GEO-TB-16-UF_1_Rg80to1200-CE102040-0-1-S1_Run104.mzML,108248497
/Volumes/LaCie/nmdc_data/mcmahon_11_fkbnah04/raw/20180918_KBL_TM_Lakes_GEODES_All3_QE-HF_HILICZ-VF1_USHXG01161_NEG_MSMS_57_GEO-SP-40-F_1_Rg70to1050-CE102040-0-4-S1_Run208.mzML,20180918_KBL_TM_Lakes_GEODES_All3_QE-HF_HILICZ-VF1_USHXG01161_NEG_MSMS_57_GEO-SP-40-F_1_Rg70to1050-CE102040-0-4-S1_Run208.mzML,177691478
/Volumes/LaCie/nmdc_data/mcmahon_11_fkbnah04/raw/20180918_KBL_TM_Lakes_GEODES_All3_QE-HF_HILICZ-VF1_USHXG01161_POS_MSMS_18_GEO-SP-28-UF_1_Rg70to1050-CE102040-0-4-S1_Run74.mzML,20180918_KBL_TM_Lakes_GEODES_All3_QE-HF_HILICZ-VF1_USHXG01161_POS_MSMS_18_GEO-SP-28-UF_1_Rg70to1050-CE102040-0-4-S1_Run74.mzML,175307815
/Volumes/LaCie/nmdc_data/mcmahon_11_fkbnah04/raw/20180918_KBL_TM_Lakes_Mendota_DepthDate_QE-139_HILICZ-VF1_USHXG01161_POS_MSMS_12_ME-20170908-metabo-12_1_Rg70to1050-CE102040-14p5-S1_Run51.mzML,20180918_KBL_TM_Lakes_Mendota_DepthDate_QE-139_HILICZ-VF1_USHXG01161_POS_MSMS_12_ME-20170908-metabo-12_1_Rg70to1050-CE102040-14p5-S1_Run51.mzML,184211436
/Volumes/LaCie/nmdc_data/mcmahon_11_fkbnah04/raw/20181217_KBL_TM_Lakes_GEODES_All3_QE-HF_C18_USDAY46918_POS_MSMS_60_GEO-SP-8-F_1_Rg80to1200-CE102040-0-4-S1_Run216.mzML,20181217_KBL_TM_Lakes_GEODES_All3_QE-HF_C18_USDAY46918_POS_MSMS_60_GEO-SP-8-F_1_Rg80to1200-CE102040-0-4-S1_Run216.mzML,98861826
/Volumes/LaCie/nmdc_data/mcmahon_11_fkbnah04/raw/20180918_KBL_TM_Lakes_GEODES_All3_QE-HF_HILICZ-VF1_USHXG01161_NEG_MSMS_24_GEO-SP-8-UF_1_Rg70to1050-CE102040-0-4-S1_Run93.mzML,20180918_KBL_TM_Lakes_GEODES_All3_QE-HF_HILICZ-VF1_USHXG01161_NEG_MSMS_24_GEO-SP-8-UF_1_Rg70to1050-CE102040-0-4-S1_Run93.mzML,178895769
/Volumes/LaCie/nmdc_data/mcmahon_11_fkbnah04/raw/20180918_KBL_TM_Lakes_Mendota_DepthDate_QE-139_HILICZ-VF1_USHXG01161_NEG_MSMS_6_ME-20170811-metabo-6_1_Rg70to1050-CE102040-10p3-S1_Run31.mzML,20180918_KBL_TM_Lakes_Mendota_DepthDate_QE-139_HILICZ-VF1_USHXG01161_NEG_MSMS_6_ME-20170811-metabo-6_1_Rg70to1050-CE102040-10p3-S1_Run31.mzML,172998138
/Volumes/LaCie/nmdc_data/mcmahon_11_fkbnah04/raw/20181217_KBL_TM_Lakes_GEODES_All3_QE-HF_C18_USDAY46918_NEG_MSMS_55_GEO-SP-32-F_1_Rg80to1200-CE102040-0-4-S1_Run202.mzML,20181217_KBL_TM_Lakes_GEODES_All3_QE-HF_C18_USDAY46918_NEG_MSMS_55_GEO-SP-32-F_1_Rg80to1200-CE102040-0-4-S1_Run202.mzML,77833646
/Volumes/LaCie/nmdc_data/mcmahon_11_fkbnah04/raw/20181217_KBL_TM_Lakes_GEODES_All3_QE-HF_C18_USDAY46918_POS_MSMS_73_ExCtrl-User_1_Rg80to1200-CE102040-ExCtrl-S1_Run12.mzML,20181217_KBL_TM_Lakes_GEODES_All3_QE-HF_C18_USDAY46918_POS_MSMS_73_ExCtrl-User_1_Rg80to1200-CE102040-ExCtrl-S1_Run12.mzML,99482459
/Volumes/LaCie/nmdc_data/mcmahon_11_fkbnah04/raw/20180918_KBL_TM_Lakes_GEODES_All3_QE-HF_HILICZ-VF1_USHXG01161_POS_MSMS_36_GEO-TB-8-UF_1_Rg70to1050-CE102040-0-1-S1_Run136.mzML,20180918_KBL_TM_Lakes_GEODES_All3_QE-HF_HILICZ-VF1_USHXG01161_POS_MSMS_36_GEO-TB-8-UF_1_Rg70to1050-CE102040-0-1-S1_Run136.mzML,191536504
/Volumes/LaCie/nmdc_data/mcmahon_11_fkbnah04/raw/20181217_KBL_TM_Lakes_GEODES_All3_QE-HF_C18_USDAY46918_POS_MSMS_11_GEO-ME-4-UF_1_Rg80to1200-CE102040-0-7-S1_Run48.mzML,20181217_KBL_TM_Lakes_GEODES_All3_QE-HF_C18_USDAY46918_POS_MSMS_11_GEO-ME-4-UF_1_Rg80to1200-CE102040-0-7-S1_Run48.mzML,105084501
/Volumes/LaCie/nmdc_data/mcmahon_11_fkbnah04/raw/20180918_KBL_TM_Lakes_Mendota_DepthDate_QE-139_HILICZ-VF1_USHXG01161_NEG_MSMS_26_ME-20171019-metabo-26_1_Rg70to1050-CE102040-17p3-S1_Run102.mzML,20180918_KBL_TM_Lakes_Mendota_DepthDate_QE-139_HILICZ-VF1_USHXG01161_NEG_MSMS_26_ME-20171019-metabo-26_1_Rg70to1050-CE102040-17p3-S1_Run102.mzML,173257147
/Volumes/LaCie/nmdc_data/mcmahon_11_fkbnah04/raw/20181217_KBL_TM_Lakes_Mendota_DepthDate_QE-HF_C18_USDAY46918_NEG_MSMS_17_ME-20171004-metabo-17_1_Rg80to1200-CE102040-14p5-S1_Run72.mzML,20181217_KBL_TM_Lakes_Mendota_DepthDate_QE-HF_C18_USDAY46918_NEG_MSMS_17_ME-20171004-metabo-17_1_Rg80to1200-CE102040-14p5-S1_Run72.mzML,73557456
/Volumes/LaCie/nmdc_data/mcmahon_11_fkbnah04/raw/20181217_KBL_TM_Lakes_GEODES_All3_QE-HF_C18_USDAY46918_NEG_MSMS_24_GEO-SP-8-UF_1_Rg80to1200-CE102040-0-4-S1_Run93.mzML,20181217_KBL_TM_Lakes_GEODES_All3_QE-HF_C18_USDAY46918_NEG_MSMS_24_GEO-SP-8-UF_1_Rg80to1200-CE102040-0-4-S1_Run93.mzML,86030291
/Volumes/LaCie/nmdc_data/mcmahon_11_fkbnah04/raw/20180918_KBL_TM_Lakes_Mendota_DepthDate_QE-139_HILICZ-VF1_USHXG01161_POS_MSMS_25_ME-20171019-metabo-25_1_Rg70to1050-CE102040-16p3-S1_Run98.mzML,20180918_KBL_TM_Lakes_Mendota_DepthDate_QE-139_HILICZ-VF1_USHXG01161_POS_MSMS_25_ME-20171019-metabo-25_1_Rg70to1050-CE102040-16p3-S1_Run98.mzML,186289822
/Volumes/LaCie/nmdc_data/mcmahon_11_fkbnah04/raw/20180918_KBL_TM_Lakes_GEODES_All3_QE-HF_HILICZ-VF1_USHXG01161_POS_MSMS_56_GEO-SP-36-F_1_Rg70to1050-CE102040-0-4-S1_Run204.mzML,20180918_KBL_TM_Lakes_GEODES_All3_QE-HF_HILICZ-VF1_USHXG01161_POS_MSMS_56_GEO-SP-36-F_1_Rg70to1050-CE102040-0-4-S1_Run204.mzML,179096780
/Volumes/LaCie/nmdc_data/mcmahon_11_fkbnah04/raw/20180918_KBL_TM_Lakes_GEODES_All3_QE-HF_HILICZ-VF1_USHXG01161_NEG_MSMS_54_GEO-SP-28-F_1_Rg70to1050-CE102040-0-4-S1_Run199.mzML,20180918_KBL_TM_Lakes_GEODES_All3_QE-HF_HILICZ-VF1_USHXG01161_NEG_MSMS_54_GEO-SP-28-F_1_Rg70to1050-CE102040-0-4-S1_Run199.mzML,180340274
/Volumes/LaCie/nmdc_data/mcmahon_11_fkbnah04/raw/20180918_KBL_TM_Lakes_GEODES_All3_QE-HF_HILICZ-VF1_USHXG01161_POS_MSMS_13_GEO-SP-0-UF_1_Rg70to1050-CE102040-0-4-S1_Run54.mzML,20180918_KBL_TM_Lakes_GEODES_All3_QE-HF_HILICZ-VF1_USHXG01161_POS_MSMS_13_GEO-SP-0-UF_1_Rg70to1050-CE102040-0-4-S1_Run54.mzML,171643051
/Volumes/LaCie/nmdc_data/mcmahon_11_fkbnah04/raw/20180918_KBL_TM_Lakes_GEODES_All3_QE-HF_HILICZ-VF1_USHXG01161_NEG_MSMS_8_GEO-ME-36-UF_1_Rg70to1050-CE102040-0-7-S1_Run40.mzML,20180918_KBL_TM_Lakes_GEODES_All3_QE-HF_HILICZ-VF1_USHXG01161_NEG_MSMS_8_GEO-ME-36-UF_1_Rg70to1050-CE102040-0-7-S1_Run40.mzML,169771655
/Volumes/LaCie/nmdc_data/mcmahon_11_fkbnah04/raw/20181217_KBL_TM_Lakes_Mendota_DepthDate_QE-HF_C18_USDAY46918_NEG_MSMS_28_ME-20171019-metabo-28_1_Rg80to1200-CE102040-18p2-S1_Run108.mzML,20181217_KBL_TM_Lakes_Mendota_DepthDate_QE-HF_C18_USDAY46918_NEG_MSMS_28_ME-20171019-metabo-28_1_Rg80to1200-CE102040-18p2-S1_Run108.mzML,73558086
/Volumes/LaCie/nmdc_data/mcmahon_11_fkbnah04/raw/20180918_KBL_TM_Lakes_Mendota_DepthDate_QE-139_HILICZ-VF1_USHXG01161_POS_MSMS_16_ME-20170908-metabo-16_1_Rg70to1050-CE102040-0p1-S1_Run63.mzML,20180918_KBL_TM_Lakes_Mendota_DepthDate_QE-139_HILICZ-VF1_USHXG01161_POS_MSMS_16_ME-20170908-metabo-16_1_Rg70to1050-CE102040-0p1-S1_Run63.mzML,182514052
/Volumes/LaCie/nmdc_data/mcmahon_11_fkbnah04/raw/20180918_KBL_TM_Lakes_GEODES_All3_QE-HF_HILICZ-VF1_USHXG01161_POS_MSMS_54_GEO-SP-28-F_1_Rg70to1050-CE102040-0-4-S1_Run198.mzML,20180918_KBL_TM_Lakes_GEODES_All3_QE-HF_HILICZ-VF1_USHXG01161_POS_MSMS_54_GEO-SP-28-F_1_Rg70to1050-CE102040-0-4-S1_Run198.mzML,178155608
/Volumes/LaCie/nmdc_data/mcmahon_11_fkbnah04/raw/20181217_KBL_TM_Lakes_GEODES_All3_QE-HF_C18_USDAY46918_POS_MSMS_40_GEO-ME-20-F_1_Rg80to1200-CE102040-0-7-S1_Run148.mzML,20181217_KBL_TM_Lakes_GEODES_All3_QE-HF_C18_USDAY46918_POS_MSMS_40_GEO-ME-20-F_1_Rg80to1200-CE102040-0-7-S1_Run148.mzML,100406679
/Volumes/LaCie/nmdc_data/mcmahon_11_fkbnah04/raw/20180918_KBL_TM_Lakes_GEODES_All3_QE-HF_HILICZ-VF1_USHXG01161_POS_MSMS_55_GEO-SP-32-F_1_Rg70to1050-CE102040-0-4-S1_Run201.mzML,20180918_KBL_TM_Lakes_GEODES_All3_QE-HF_HILICZ-VF1_USHXG01161_POS_MSMS_55_GEO-SP-32-F_1_Rg70to1050-CE102040-0-4-S1_Run201.mzML,178149852
/Volumes/LaCie/nmdc_data/mcmahon_11_fkbnah04/raw/20180918_KBL_TM_Lakes_GEODES_All3_QE-HF_HILICZ-VF1_USHXG01161_NEG_MSMS_61_GEO-TB-0-F_1_Rg70to1050-CE102040-0-1-S1_Run225.mzML,20180918_KBL_TM_Lakes_GEODES_All3_QE-HF_HILICZ-VF1_USHXG01161_NEG_MSMS_61_GEO-TB-0-F_1_Rg70to1050-CE102040-0-1-S1_Run225.mzML,197137877
/Volumes/LaCie/nmdc_data/mcmahon_11_fkbnah04/raw/20181217_KBL_TM_Lakes_GEODES_All3_QE-HF_C18_USDAY46918_POS_MSMS_8_GEO-ME-36-UF_1_Rg80to1200-CE102040-0-7-S1_Run39.mzML,20181217_KBL_TM_Lakes_GEODES_All3_QE-HF_C18_USDAY46918_POS_MSMS_8_GEO-ME-36-UF_1_Rg80to1200-CE102040-0-7-S1_Run39.mzML,105670870
/Volumes/LaCie/nmdc_data/mcmahon_11_fkbnah04/raw/20181217_KBL_TM_Lakes_GEODES_All3_QE-HF_C18_USDAY46918_NEG_MSMS_30_GEO-TB-28-UF_1_Rg80to1200-CE102040-0-1-S1_Run114.mzML,20181217_KBL_TM_Lakes_GEODES_All3_QE-HF_C18_USDAY46918_NEG_MSMS_30_GEO-TB-28-UF_1_Rg80to1200-CE102040-0-1-S1_Run114.mzML,90195818
/Volumes/LaCie/nmdc_data/mcmahon_11_fkbnah04/raw/20180918_KBL_TM_Lakes_Mendota_DepthDate_QE-139_HILICZ-VF1_USHXG01161_NEG_MSMS_1_ME-20170811-metabo-1_1_Rg70to1050-CE102040-21p25-S1_Run16.mzML,20180918_KBL_TM_Lakes_Mendota_DepthDate_QE-139_HILICZ-VF1_USHXG01161_NEG_MSMS_1_ME-20170811-metabo-1_1_Rg70to1050-CE102040-21p25-S1_Run16.mzML,171283836
/Volumes/LaCie/nmdc_data/mcmahon_11_fkbnah04/raw/20181217_KBL_TM_Lakes_GEODES_All3_QE-HF_C18_USDAY46918_NEG_MSMS_11_GEO-ME-4-UF_1_Rg80to1200-CE102040-0-7-S1_Run49.mzML,20181217_KBL_TM_Lakes_GEODES_All3_QE-HF_C18_USDAY46918_NEG_MSMS_11_GEO-ME-4-UF_1_Rg80to1200-CE102040-0-7-S1_Run49.mzML,85373770
/Volumes/LaCie/nmdc_data/mcmahon_11_fkbnah04/raw/20181217_KBL_TM_Lakes_GEODES_All3_QE-HF_C18_USDAY46918_POS_MSMS_55_GEO-SP-32-F_1_Rg80to1200-CE102040-0-4-S1_Run201.mzML,20181217_KBL_TM_Lakes_GEODES_All3_QE-HF_C18_USDAY46918_POS_MSMS_55_GEO-SP-32-F_1_Rg80to1200-CE102040-0-4-S1_Run201.mzML,98279013
/Volumes/LaCie/nmdc_data/mcmahon_11_fkbnah04/raw/20181217_KBL_TM_Lakes_GEODES_All3_QE-HF_C18_USDAY46918_POS_MSMS_72_GEO-TB-8-F_1_Rg80to1200-CE102040-0-1-S1_Run257.mzML,20181217_KBL_TM_Lakes_GEODES_All3_QE-HF_C18_USDAY46918_POS_MSMS_72_GEO-TB-8-F_1_Rg80to1200-CE102040-0-1-S1_Run257.mzML,99001705
/Volumes/LaCie/nmdc_data/mcmahon_11_fkbnah04/raw/20180918_KBL_TM_Lakes_GEODES_All3_QE-HF_HILICZ-VF1_USHXG01161_POS_MSMS_67_GEO-TB-32-F_1_Rg70to1050-CE102040-0-1-S1_Run242.mzML,20180918_KBL_TM_Lakes_GEODES_All3_QE-HF_HILICZ-VF1_USHXG01161_POS_MSMS_67_GEO-TB-32-F_1_Rg70to1050-CE102040-0-1-S1_Run242.mzML,189970152
/Volumes/LaCie/nmdc_data/mcmahon_11_fkbnah04/raw/20180918_KBL_TM_Lakes_GEODES_All3_QE-HF_HILICZ-VF1_USHXG01161_NEG_MSMS_23_GEO-SP-4-UF_1_Rg70to1050-CE102040-0-4-S1_Run90.mzML,20180918_KBL_TM_Lakes_GEODES_All3_QE-HF_HILICZ-VF1_USHXG01161_NEG_MSMS_23_GEO-SP-4-UF_1_Rg70to1050-CE102040-0-4-S1_Run90.mzML,177907175
/Volumes/LaCie/nmdc_data/mcmahon_11_fkbnah04/raw/20180918_KBL_TM_Lakes_GEODES_All3_QE-HF_HILICZ-VF1_USHXG01161_NEG_MSMS_58_GEO-SP-44-F_1_Rg70to1050-CE102040-0-4-S1_Run211.mzML,20180918_KBL_TM_Lakes_GEODES_All3_QE-HF_HILICZ-VF1_USHXG01161_NEG_MSMS_58_GEO-SP-44-F_1_Rg70to1050-CE102040-0-4-S1_Run211.mzML,178325817
/Volumes/LaCie/nmdc_data/mcmahon_11_fkbnah04/raw/20181217_KBL_TM_Lakes_Mendota_DepthDate_QE-HF_C18_USDAY46918_POS_MSMS_13_ME-20170908-metabo-13_1_Rg80to1200-CE102040-13p4-S1_Run54.mzML,20181217_KBL_TM_Lakes_Mendota_DepthDate_QE-HF_C18_USDAY46918_POS_MSMS_13_ME-20170908-metabo-13_1_Rg80to1200-CE102040-13p4-S1_Run54.mzML,95524177
/Volumes/LaCie/nmdc_data/mcmahon_11_fkbnah04/raw/20180918_KBL_TM_Lakes_GEODES_All3_QE-HF_HILICZ-VF1_USHXG01161_NEG_MSMS_19_GEO-SP-32-UF_1_Rg70to1050-CE102040-0-4-S1_Run78.mzML,20180918_KBL_TM_Lakes_GEODES_All3_QE-HF_HILICZ-VF1_USHXG01161_NEG_MSMS_19_GEO-SP-32-UF_1_Rg70to1050-CE102040-0-4-S1_Run78.mzML,178759463
/Volumes/LaCie/nmdc_data/mcmahon_11_fkbnah04/raw/20181217_KBL_TM_Lakes_Mendota_DepthDate_QE-HF_C18_USDAY46918_NEG_MSMS_35_ExCtrl-JGI_3_Rg80to1200-CE102040-ExCtrl-S1_Run90.mzML,20181217_KBL_TM_Lakes_Mendota_DepthDate_QE-HF_C18_USDAY46918_NEG_MSMS_35_ExCtrl-JGI_3_Rg80to1200-CE102040-ExCtrl-S1_Run90.mzML,59231446
/Volumes/LaCie/nmdc_data/mcmahon_11_fkbnah04/raw/20180918_KBL_TM_Lakes_GEODES_All3_QE-HF_HILICZ-VF1_USHXG01161_NEG_MSMS_66_GEO-TB-28-F_1_Rg70to1050-CE102040-0-1-S1_Run240.mzML,20180918_KBL_TM_Lakes_GEODES_All3_QE-HF_HILICZ-VF1_USHXG01161_NEG_MSMS_66_GEO-TB-28-F_1_Rg70to1050-CE102040-0-1-S1_Run240.mzML,199664188
/Volumes/LaCie/nmdc_data/mcmahon_11_fkbnah04/raw/20180918_KBL_TM_Lakes_GEODES_All3_QE-HF_HILICZ-VF1_USHXG01161_NEG_MSMS_33_GEO-TB-40-UF_1_Rg70to1050-CE102040-0-1-S1_Run128.mzML,20180918_KBL_TM_Lakes_GEODES_All3_QE-HF_HILICZ-VF1_USHXG01161_NEG_MSMS_33_GEO-TB-40-UF_1_Rg70to1050-CE102040-0-1-S1_Run128.mzML,201343688
/Volumes/LaCie/nmdc_data/mcmahon_11_fkbnah04/raw/20181217_KBL_TM_Lakes_Mendota_DepthDate_QE-HF_C18_USDAY46918_POS_MSMS_6_ME-20170811-metabo-6_1_Rg80to1200-CE102040-10p3-S1_Run30.mzML,20181217_KBL_TM_Lakes_Mendota_DepthDate_QE-HF_C18_USDAY46918_POS_MSMS_6_ME-20170811-metabo-6_1_Rg80to1200-CE102040-10p3-S1_Run30.mzML,96192187
/Volumes/LaCie/nmdc_data/mcmahon_11_fkbnah04/raw/20160526_HILIC___POS_MSMS_KBL_Qex_UV_Lake_Mendota______Run8.mzML,20160526_HILIC___POS_MSMS_KBL_Qex_UV_Lake_Mendota______Run8.mzML,175070342
/Volumes/LaCie/nmdc_data/mcmahon_11_fkbnah04/raw/20180918_KBL_TM_Lakes_Mendota_DepthDate_QE-139_HILICZ-VF1_USHXG01161_NEG_MSMS_18_ME-20171004-metabo-18_1_Rg70to1050-CE102040-13p5-S1_Run75.mzML,20180918_KBL_TM_Lakes_Mendota_DepthDate_QE-139_HILICZ-VF1_USHXG01161_NEG_MSMS_18_ME-20171004-metabo-18_1_Rg70to1050-CE102040-13p5-S1_Run75.mzML,174915920
/Volumes/LaCie/nmdc_data/mcmahon_11_fkbnah04/raw/20180918_KBL_TM_Lakes_GEODES_All3_QE-HF_HILICZ-VF1_USHXG01161_NEG_MSMS_4_GEO-ME-20-UF_1_Rg70to1050-CE102040-0-7-S1_Run28.mzML,20180918_KBL_TM_Lakes_GEODES_All3_QE-HF_HILICZ-VF1_USHXG01161_NEG_MSMS_4_GEO-ME-20-UF_1_Rg70to1050-CE102040-0-7-S1_Run28.mzML,170345184
/Volumes/LaCie/nmdc_data/mcmahon_11_fkbnah04/raw/20180918_KBL_TM_Lakes_Mendota_DepthDate_QE-139_HILICZ-VF1_USHXG01161_POS_MSMS_22_ME-20171004-metabo-22_1_Rg70to1050-CE102040-19p8-S1_Run86.mzML,20180918_KBL_TM_Lakes_Mendota_DepthDate_QE-139_HILICZ-VF1_USHXG01161_POS_MSMS_22_ME-20171004-metabo-22_1_Rg70to1050-CE102040-19p8-S1_Run86.mzML,178156010
/Volumes/LaCie/nmdc_data/mcmahon_11_fkbnah04/raw/20180918_KBL_TM_Lakes_GEODES_All3_QE-HF_HILICZ-VF1_USHXG01161_NEG_MSMS_56_GEO-SP-36-F_1_Rg70to1050-CE102040-0-4-S1_Run205.mzML,20180918_KBL_TM_Lakes_GEODES_All3_QE-HF_HILICZ-VF1_USHXG01161_NEG_MSMS_56_GEO-SP-36-F_1_Rg70to1050-CE102040-0-4-S1_Run205.mzML,179636580
/Volumes/LaCie/nmdc_data/mcmahon_11_fkbnah04/raw/20180918_KBL_TM_Lakes_GEODES_All3_QE-HF_HILICZ-VF1_USHXG01161_POS_MSMS_22_GEO-SP-44-UF_1_Rg70to1050-CE102040-0-4-S1_Run86.mzML,20180918_KBL_TM_Lakes_GEODES_All3_QE-HF_HILICZ-VF1_USHXG01161_POS_MSMS_22_GEO-SP-44-UF_1_Rg70to1050-CE102040-0-4-S1_Run86.mzML,174555522
/Volumes/LaCie/nmdc_data/mcmahon_11_fkbnah04/raw/20180918_KBL_TM_Lakes_Mendota_DepthDate_QE-139_HILICZ-VF1_USHXG01161_POS_MSMS_8_ME-20170811-metabo-8_1_Rg70to1050-CE102040-0p5-S1_Run36.mzML,20180918_KBL_TM_Lakes_Mendota_DepthDate_QE-139_HILICZ-VF1_USHXG01161_POS_MSMS_8_ME-20170811-metabo-8_1_Rg70to1050-CE102040-0p5-S1_Run36.mzML,178565888
/Volumes/LaCie/nmdc_data/mcmahon_11_fkbnah04/raw/20180918_KBL_TM_Lakes_GEODES_All3_QE-HF_HILICZ-VF1_USHXG01161_NEG_MSMS_14_GEO-SP-12-UF_1_Rg70to1050-CE102040-0-4-S1_Run58.mzML,20180918_KBL_TM_Lakes_GEODES_All3_QE-HF_HILICZ-VF1_USHXG01161_NEG_MSMS_14_GEO-SP-12-UF_1_Rg70to1050-CE102040-0-4-S1_Run58.mzML,178102777
/Volumes/LaCie/nmdc_data/mcmahon_11_fkbnah04/raw/20180918_KBL_TM_Lakes_GEODES_All3_QE-HF_HILICZ-VF1_USHXG01161_NEG_MSMS_11_GEO-ME-4-UF_1_Rg70to1050-CE102040-0-7-S1_Run49.mzML,20180918_KBL_TM_Lakes_GEODES_All3_QE-HF_HILICZ-VF1_USHXG01161_NEG_MSMS_11_GEO-ME-4-UF_1_Rg70to1050-CE102040-0-7-S1_Run49.mzML,172031866
/Volumes/LaCie/nmdc_data/mcmahon_11_fkbnah04/raw/20180918_KBL_TM_Lakes_GEODES_All3_QE-HF_HILICZ-VF1_USHXG01161_POS_MSMS_5_GEO-ME-24-UF_1_Rg70to1050-CE102040-0-7-S1_Run30.mzML,20180918_KBL_TM_Lakes_GEODES_All3_QE-HF_HILICZ-VF1_USHXG01161_POS_MSMS_5_GEO-ME-24-UF_1_Rg70to1050-CE102040-0-7-S1_Run30.mzML,171490022
/Volumes/LaCie/nmdc_data/mcmahon_11_fkbnah04/raw/20181217_KBL_TM_Lakes_GEODES_All3_QE-HF_C18_USDAY46918_NEG_MSMS_17_GEO-SP-24-UF_1_Rg80to1200-CE102040-0-4-S1_Run72.mzML,20181217_KBL_TM_Lakes_GEODES_All3_QE-HF_C18_USDAY46918_NEG_MSMS_17_GEO-SP-24-UF_1_Rg80to1200-CE102040-0-4-S1_Run72.mzML,85522205
/Volumes/LaCie/nmdc_data/mcmahon_11_fkbnah04/raw/20180918_KBL_TM_Lakes_GEODES_All3_QE-HF_HILICZ-VF1_USHXG01161_POS_MSMS_53_GEO-SP-24-F_1_Rg70to1050-CE102040-0-4-S1_Run192.mzML,20180918_KBL_TM_Lakes_GEODES_All3_QE-HF_HILICZ-VF1_USHXG01161_POS_MSMS_53_GEO-SP-24-F_1_Rg70to1050-CE102040-0-4-S1_Run192.mzML,177044843
/Volumes/LaCie/nmdc_data/mcmahon_11_fkbnah04/raw/20181217_KBL_TM_Lakes_GEODES_All3_QE-HF_C18_USDAY46918_NEG_MSMS_38_GEO-ME-12-F_1_Rg80to1200-CE102040-0-7-S1_Run143.mzML,20181217_KBL_TM_Lakes_GEODES_All3_QE-HF_C18_USDAY46918_NEG_MSMS_38_GEO-ME-12-F_1_Rg80to1200-CE102040-0-7-S1_Run143.mzML,82048454
/Volumes/LaCie/nmdc_data/mcmahon_11_fkbnah04/raw/20181217_KBL_TM_Lakes_GEODES_All3_QE-HF_C18_USDAY46918_NEG_MSMS_44_GEO-ME-36-F_1_Rg80to1200-CE102040-0-7-S1_Run161.mzML,20181217_KBL_TM_Lakes_GEODES_All3_QE-HF_C18_USDAY46918_NEG_MSMS_44_GEO-ME-36-F_1_Rg80to1200-CE102040-0-7-S1_Run161.mzML,81605192
/Volumes/LaCie/nmdc_data/mcmahon_11_fkbnah04/raw/20181217_KBL_TM_Lakes_GEODES_All3_QE-HF_C18_USDAY46918_NEG_MSMS_40_GEO-ME-20-F_1_Rg80to1200-CE102040-0-7-S1_Run149.mzML,20181217_KBL_TM_Lakes_GEODES_All3_QE-HF_C18_USDAY46918_NEG_MSMS_40_GEO-ME-20-F_1_Rg80to1200-CE102040-0-7-S1_Run149.mzML,79573189
/Volumes/LaCie/nmdc_data/mcmahon_11_fkbnah04/raw/20181217_KBL_TM_Lakes_Mendota_DepthDate_QE-HF_C18_USDAY46918_POS_MSMS_22_ME-20171004-metabo-22_1_Rg80to1200-CE102040-19p8-S1_Run86.mzML,20181217_KBL_TM_Lakes_Mendota_DepthDate_QE-HF_C18_USDAY46918_POS_MSMS_22_ME-20171004-metabo-22_1_Rg80to1200-CE102040-19p8-S1_Run86.mzML,94657838
/Volumes/LaCie/nmdc_data/mcmahon_11_fkbnah04/raw/20180918_KBL_TM_Lakes_GEODES_All3_QE-HF_HILICZ-VF1_USHXG01161_NEG_MSMS_62_GEO-TB-12-F_1_Rg70to1050-CE102040-0-1-S1_Run228.mzML,20180918_KBL_TM_Lakes_GEODES_All3_QE-HF_HILICZ-VF1_USHXG01161_NEG_MSMS_62_GEO-TB-12-F_1_Rg70to1050-CE102040-0-1-S1_Run228.mzML,199693300
/Volumes/LaCie/nmdc_data/mcmahon_11_fkbnah04/raw/20181217_KBL_TM_Lakes_GEODES_All3_QE-HF_C18_USDAY46918_POS_MSMS_62_GEO-TB-12-F_1_Rg80to1200-CE102040-0-1-S1_Run227.mzML,20181217_KBL_TM_Lakes_GEODES_All3_QE-HF_C18_USDAY46918_POS_MSMS_62_GEO-TB-12-F_1_Rg80to1200-CE102040-0-1-S1_Run227.mzML,100653534
/Volumes/LaCie/nmdc_data/mcmahon_11_fkbnah04/raw/20181217_KBL_TM_Lakes_GEODES_All3_QE-HF_C18_USDAY46918_NEG_MSMS_19_GEO-SP-32-UF_1_Rg80to1200-CE102040-0-4-S1_Run78.mzML,20181217_KBL_TM_Lakes_GEODES_All3_QE-HF_C18_USDAY46918_NEG_MSMS_19_GEO-SP-32-UF_1_Rg80to1200-CE102040-0-4-S1_Run78.mzML,85623970
/Volumes/LaCie/nmdc_data/mcmahon_11_fkbnah04/raw/20180918_KBL_TM_Lakes_GEODES_All3_QE-HF_HILICZ-VF1_USHXG01161_POS_MSMS_41_GEO-ME-24-F_1_Rg70to1050-CE102040-0-7-S1_Run151.mzML,20180918_KBL_TM_Lakes_GEODES_All3_QE-HF_HILICZ-VF1_USHXG01161_POS_MSMS_41_GEO-ME-24-F_1_Rg70to1050-CE102040-0-7-S1_Run151.mzML,176324944
/Volumes/LaCie/nmdc_data/mcmahon_11_fkbnah04/raw/20181217_KBL_TM_Lakes_GEODES_All3_QE-HF_C18_USDAY46918_NEG_MSMS_5_GEO-ME-24-UF_1_Rg80to1200-CE102040-0-7-S1_Run31.mzML,20181217_KBL_TM_Lakes_GEODES_All3_QE-HF_C18_USDAY46918_NEG_MSMS_5_GEO-ME-24-UF_1_Rg80to1200-CE102040-0-7-S1_Run31.mzML,85519436
/Volumes/LaCie/nmdc_data/mcmahon_11_fkbnah04/raw/20181217_KBL_TM_Lakes_GEODES_All3_QE-HF_C18_USDAY46918_NEG_MSMS_10_GEO-ME-44-UF_1_Rg80to1200-CE102040-0-7-S1_Run46.mzML,20181217_KBL_TM_Lakes_GEODES_All3_QE-HF_C18_USDAY46918_NEG_MSMS_10_GEO-ME-44-UF_1_Rg80to1200-CE102040-0-7-S1_Run46.mzML,84880841
/Volumes/LaCie/nmdc_data/mcmahon_11_fkbnah04/raw/20180918_KBL_TM_Lakes_Mendota_DepthDate_QE-139_HILICZ-VF1_USHXG01161_NEG_MSMS_16_ME-20170908-metabo-16_1_Rg70to1050-CE102040-0p1-S1_Run64.mzML,20180918_KBL_TM_Lakes_Mendota_DepthDate_QE-139_HILICZ-VF1_USHXG01161_NEG_MSMS_16_ME-20170908-metabo-16_1_Rg70to1050-CE102040-0p1-S1_Run64.mzML,178101518
/Volumes/LaCie/nmdc_data/mcmahon_11_fkbnah04/raw/20180918_KBL_TM_Lakes_GEODES_All3_QE-HF_HILICZ-VF1_USHXG01161_NEG_MSMS_50_GEO-SP-12-F_1_Rg70to1050-CE102040-0-4-S1_Run184.mzML,20180918_KBL_TM_Lakes_GEODES_All3_QE-HF_HILICZ-VF1_USHXG01161_NEG_MSMS_50_GEO-SP-12-F_1_Rg70to1050-CE102040-0-4-S1_Run184.mzML,178268998
/Volumes/LaCie/nmdc_data/mcmahon_11_fkbnah04/raw/20181217_KBL_TM_Lakes_Mendota_DepthDate_QE-HF_C18_USDAY46918_POS_MSMS_8_ME-20170811-metabo-8_1_Rg80to1200-CE102040-0p5-S1_Run36.mzML,20181217_KBL_TM_Lakes_Mendota_DepthDate_QE-HF_C18_USDAY46918_POS_MSMS_8_ME-20170811-metabo-8_1_Rg80to1200-CE102040-0p5-S1_Run36.mzML,96259389
/Volumes/LaCie/nmdc_data/mcmahon_11_fkbnah04/raw/20180918_KBL_TM_Lakes_GEODES_All3_QE-HF_HILICZ-VF1_USHXG01161_POS_MSMS_35_GEO-TB-4-UF_1_Rg70to1050-CE102040-0-1-S1_Run133.mzML,20180918_KBL_TM_Lakes_GEODES_All3_QE-HF_HILICZ-VF1_USHXG01161_POS_MSMS_35_GEO-TB-4-UF_1_Rg70to1050-CE102040-0-1-S1_Run133.mzML,191442198
/Volumes/LaCie/nmdc_data/mcmahon_11_fkbnah04/raw/20180918_KBL_TM_Lakes_GEODES_All3_QE-HF_HILICZ-VF1_USHXG01161_NEG_MSMS_29_GEO-TB-24-UF_1_Rg70to1050-CE102040-0-1-S1_Run111.mzML,20180918_KBL_TM_Lakes_GEODES_All3_QE-HF_HILICZ-VF1_USHXG01161_NEG_MSMS_29_GEO-TB-24-UF_1_Rg70to1050-CE102040-0-1-S1_Run111.mzML,199075135
/Volumes/LaCie/nmdc_data/mcmahon_11_fkbnah04/raw/20181217_KBL_TM_Lakes_GEODES_All3_QE-HF_C18_USDAY46918_POS_MSMS_51_GEO-SP-16-F_1_Rg80to1200-CE102040-0-4-S1_Run186.mzML,20181217_KBL_TM_Lakes_GEODES_All3_QE-HF_C18_USDAY46918_POS_MSMS_51_GEO-SP-16-F_1_Rg80to1200-CE102040-0-4-S1_Run186.mzML,99162202
/Volumes/LaCie/nmdc_data/mcmahon_11_fkbnah04/raw/20180918_KBL_TM_Lakes_GEODES_All3_QE-HF_HILICZ-VF1_USHXG01161_NEG_MSMS_32_GEO-TB-36-UF_1_Rg70to1050-CE102040-0-1-S1_Run125.mzML,20180918_KBL_TM_Lakes_GEODES_All3_QE-HF_HILICZ-VF1_USHXG01161_NEG_MSMS_32_GEO-TB-36-UF_1_Rg70to1050-CE102040-0-1-S1_Run125.mzML,200026917
/Volumes/LaCie/nmdc_data/mcmahon_11_fkbnah04/raw/20181217_KBL_TM_Lakes_Mendota_DepthDate_QE-HF_C18_USDAY46918_POS_MSMS_5_ME-20170811-metabo-5_1_Rg80to1200-CE102040-11p5-S1_Run27.mzML,20181217_KBL_TM_Lakes_Mendota_DepthDate_QE-HF_C18_USDAY46918_POS_MSMS_5_ME-20170811-metabo-5_1_Rg80to1200-CE102040-11p5-S1_Run27.mzML,95890881
/Volumes/LaCie/nmdc_data/mcmahon_11_fkbnah04/raw/20181217_KBL_TM_Lakes_Mendota_DepthDate_QE-HF_C18_USDAY46918_POS_MSMS_27_ME-20171019-metabo-27_1_Rg80to1200-CE102040-17p8-S1_Run104.mzML,20181217_KBL_TM_Lakes_Mendota_DepthDate_QE-HF_C18_USDAY46918_POS_MSMS_27_ME-20171019-metabo-27_1_Rg80to1200-CE102040-17p8-S1_Run104.mzML,94504219
/Volumes/LaCie/nmdc_data/mcmahon_11_fkbnah04/raw/20180918_KBL_TM_Lakes_GEODES_All3_QE-HF_HILICZ-VF1_USHXG01161_NEG_MSMS_68_GEO-TB-36-F_1_Rg70to1050-CE102040-0-1-S1_Run246.mzML,20180918_KBL_TM_Lakes_GEODES_All3_QE-HF_HILICZ-VF1_USHXG01161_NEG_MSMS_68_GEO-TB-36-F_1_Rg70to1050-CE102040-0-1-S1_Run246.mzML,202092426
/Volumes/LaCie/nmdc_data/mcmahon_11_fkbnah04/raw/20180918_KBL_TM_Lakes_Mendota_DepthDate_QE-139_HILICZ-VF1_USHXG01161_NEG_MSMS_11_ME-20170908-metabo-11_1_Rg70to1050-CE102040-16p1-S1_Run46.mzML,20180918_KBL_TM_Lakes_Mendota_DepthDate_QE-139_HILICZ-VF1_USHXG01161_NEG_MSMS_11_ME-20170908-metabo-11_1_Rg70to1050-CE102040-16p1-S1_Run46.mzML,172578476
/Volumes/LaCie/nmdc_data/mcmahon_11_fkbnah04/raw/20181217_KBL_TM_Lakes_GEODES_All3_QE-HF_C18_USDAY46918_POS_MSMS_5_GEO-ME-24-UF_1_Rg80to1200-CE102040-0-7-S1_Run30.mzML,20181217_KBL_TM_Lakes_GEODES_All3_QE-HF_C18_USDAY46918_POS_MSMS_5_GEO-ME-24-UF_1_Rg80to1200-CE102040-0-7-S1_Run30.mzML,103962270
/Volumes/LaCie/nmdc_data/mcmahon_11_fkbnah04/raw/20181217_KBL_TM_Lakes_GEODES_All3_QE-HF_C18_USDAY46918_POS_MSMS_31_GEO-TB-32-UF_1_Rg80to1200-CE102040-0-1-S1_Run121.mzML,20181217_KBL_TM_Lakes_GEODES_All3_QE-HF_C18_USDAY46918_POS_MSMS_31_GEO-TB-32-UF_1_Rg80to1200-CE102040-0-1-S1_Run121.mzML,106746736
/Volumes/LaCie/nmdc_data/mcmahon_11_fkbnah04/raw/20181217_KBL_TM_Lakes_Mendota_DepthDate_QE-HF_C18_USDAY46918_NEG_MSMS_3_ME-20170811-metabo-3_1_Rg80to1200-CE102040-15p3-S1_Run22.mzML,20181217_KBL_TM_Lakes_Mendota_DepthDate_QE-HF_C18_USDAY46918_NEG_MSMS_3_ME-20170811-metabo-3_1_Rg80to1200-CE102040-15p3-S1_Run22.mzML,75543848
/Volumes/LaCie/nmdc_data/mcmahon_11_fkbnah04/raw/20180918_KBL_TM_Lakes_GEODES_All3_QE-HF_HILICZ-VF1_USHXG01161_NEG_MSMS_6_GEO-ME-28-UF_1_Rg70to1050-CE102040-0-7-S1_Run34.mzML,20180918_KBL_TM_Lakes_GEODES_All3_QE-HF_HILICZ-VF1_USHXG01161_NEG_MSMS_6_GEO-ME-28-UF_1_Rg70to1050-CE102040-0-7-S1_Run34.mzML,170493649
/Volumes/LaCie/nmdc_data/mcmahon_11_fkbnah04/raw/20160526_HILIC___NEG_MSMS_KBL_Qex_UV_Lake_ExtractionBlank______Run6.mzML,20160526_HILIC___NEG_MSMS_KBL_Qex_UV_Lake_ExtractionBlank______Run6.mzML,228945884
/Volumes/LaCie/nmdc_data/mcmahon_11_fkbnah04/raw/20180918_KBL_TM_Lakes_Mendota_DepthDate_QE-139_HILICZ-VF1_USHXG01161_NEG_MSMS_14_ME-20170908-metabo-14_1_Rg70to1050-CE102040-12p5-S1_Run58.mzML,20180918_KBL_TM_Lakes_Mendota_DepthDate_QE-139_HILICZ-VF1_USHXG01161_NEG_MSMS_14_ME-20170908-metabo-14_1_Rg70to1050-CE102040-12p5-S1_Run58.mzML,172065009
/Volumes/LaCie/nmdc_data/mcmahon_11_fkbnah04/raw/20181217_KBL_TM_Lakes_GEODES_All3_QE-HF_C18_USDAY46918_NEG_MSMS_34_GEO-TB-44-UF_1_Rg80to1200-CE102040-0-1-S1_Run131.mzML,20181217_KBL_TM_Lakes_GEODES_All3_QE-HF_C18_USDAY46918_NEG_MSMS_34_GEO-TB-44-UF_1_Rg80to1200-CE102040-0-1-S1_Run131.mzML,90140291
/Volumes/LaCie/nmdc_data/mcmahon_11_fkbnah04/raw/20181217_KBL_TM_Lakes_GEODES_All3_QE-HF_C18_USDAY46918_POS_MSMS_25_GEO-TB-0-UF_1_Rg80to1200-CE102040-0-1-S1_Run95.mzML,20181217_KBL_TM_Lakes_GEODES_All3_QE-HF_C18_USDAY46918_POS_MSMS_25_GEO-TB-0-UF_1_Rg80to1200-CE102040-0-1-S1_Run95.mzML,108514575
/Volumes/LaCie/nmdc_data/mcmahon_11_fkbnah04/raw/20181217_KBL_TM_Lakes_GEODES_All3_QE-HF_C18_USDAY46918_NEG_MSMS_65_GEO-TB-24-F_1_Rg80to1200-CE102040-0-1-S1_Run237.mzML,20181217_KBL_TM_Lakes_GEODES_All3_QE-HF_C18_USDAY46918_NEG_MSMS_65_GEO-TB-24-F_1_Rg80to1200-CE102040-0-1-S1_Run237.mzML,84966520
/Volumes/LaCie/nmdc_data/mcmahon_11_fkbnah04/raw/20180918_KBL_TM_Lakes_GEODES_All3_QE-HF_HILICZ-VF1_USHXG01161_NEG_MSMS_63_GEO-TB-16-F_1_Rg70to1050-CE102040-0-1-S1_Run231.mzML,20180918_KBL_TM_Lakes_GEODES_All3_QE-HF_HILICZ-VF1_USHXG01161_NEG_MSMS_63_GEO-TB-16-F_1_Rg70to1050-CE102040-0-1-S1_Run231.mzML,202083191
/Volumes/LaCie/nmdc_data/mcmahon_11_fkbnah04/raw/20160526_HILIC___NEG_MSMS_KBL_Qex_UV_Lake_Sparkling______Run12.mzML,20160526_HILIC___NEG_MSMS_KBL_Qex_UV_Lake_Sparkling______Run12.mzML,234784576
/Volumes/LaCie/nmdc_data/mcmahon_11_fkbnah04/raw/20181217_KBL_TM_Lakes_GEODES_All3_QE-HF_C18_USDAY46918_NEG_MSMS_70_GEO-TB-44-F_1_Rg80to1200-CE102040-0-1-S1_Run252.mzML,20181217_KBL_TM_Lakes_GEODES_All3_QE-HF_C18_USDAY46918_NEG_MSMS_70_GEO-TB-44-F_1_Rg80to1200-CE102040-0-1-S1_Run252.mzML,86076751
/Volumes/LaCie/nmdc_data/mcmahon_11_fkbnah04/raw/20180918_KBL_TM_Lakes_Mendota_DepthDate_QE-139_HILICZ-VF1_USHXG01161_NEG_MSMS_12_ME-20170908-metabo-12_1_Rg70to1050-CE102040-14p5-S1_Run52.mzML,20180918_KBL_TM_Lakes_Mendota_DepthDate_QE-139_HILICZ-VF1_USHXG01161_NEG_MSMS_12_ME-20170908-metabo-12_1_Rg70to1050-CE102040-14p5-S1_Run52.mzML,172570734
/Volumes/LaCie/nmdc_data/mcmahon_11_fkbnah04/raw/20180918_KBL_TM_Lakes_GEODES_All3_QE-HF_HILICZ-VF1_USHXG01161_POS_MSMS_6_GEO-ME-28-UF_1_Rg70to1050-CE102040-0-7-S1_Run33.mzML,20180918_KBL_TM_Lakes_GEODES_All3_QE-HF_HILICZ-VF1_USHXG01161_POS_MSMS_6_GEO-ME-28-UF_1_Rg70to1050-CE102040-0-7-S1_Run33.mzML,172594452
/Volumes/LaCie/nmdc_data/mcmahon_11_fkbnah04/raw/20180918_KBL_TM_Lakes_Mendota_DepthDate_QE-139_HILICZ-VF1_USHXG01161_POS_MSMS_18_ME-20171004-metabo-18_1_Rg70to1050-CE102040-13p5-S1_Run74.mzML,20180918_KBL_TM_Lakes_Mendota_DepthDate_QE-139_HILICZ-VF1_USHXG01161_POS_MSMS_18_ME-20171004-metabo-18_1_Rg70to1050-CE102040-13p5-S1_Run74.mzML,176952685
/Volumes/LaCie/nmdc_data/mcmahon_11_fkbnah04/raw/20180918_KBL_TM_Lakes_GEODES_All3_QE-HF_HILICZ-VF1_USHXG01161_NEG_MSMS_38_GEO-ME-12-F_1_Rg70to1050-CE102040-0-7-S1_Run143.mzML,20180918_KBL_TM_Lakes_GEODES_All3_QE-HF_HILICZ-VF1_USHXG01161_NEG_MSMS_38_GEO-ME-12-F_1_Rg70to1050-CE102040-0-7-S1_Run143.mzML,169045518
/Volumes/LaCie/nmdc_data/mcmahon_11_fkbnah04/raw/20180918_KBL_TM_Lakes_GEODES_All3_QE-HF_HILICZ-VF1_USHXG01161_POS_MSMS_3_GEO-ME-16-UF_1_Rg70to1050-CE102040-0-7-S1_Run24.mzML,20180918_KBL_TM_Lakes_GEODES_All3_QE-HF_HILICZ-VF1_USHXG01161_POS_MSMS_3_GEO-ME-16-UF_1_Rg70to1050-CE102040-0-7-S1_Run24.mzML,171645339
/Volumes/LaCie/nmdc_data/mcmahon_11_fkbnah04/raw/20180918_KBL_TM_Lakes_GEODES_All3_QE-HF_HILICZ-VF1_USHXG01161_NEG_MSMS_20_GEO-SP-36-UF_1_Rg70to1050-CE102040-0-4-S1_Run81.mzML,20180918_KBL_TM_Lakes_GEODES_All3_QE-HF_HILICZ-VF1_USHXG01161_NEG_MSMS_20_GEO-SP-36-UF_1_Rg70to1050-CE102040-0-4-S1_Run81.mzML,179675144
/Volumes/LaCie/nmdc_data/mcmahon_11_fkbnah04/raw/20180918_KBL_TM_Lakes_Mendota_DepthDate_QE-139_HILICZ-VF1_USHXG01161_NEG_MSMS_10_ME-20170908-metabo-10_1_Rg70to1050-CE102040-18-S1_Run43.mzML,20180918_KBL_TM_Lakes_Mendota_DepthDate_QE-139_HILICZ-VF1_USHXG01161_NEG_MSMS_10_ME-20170908-metabo-10_1_Rg70to1050-CE102040-18-S1_Run43.mzML,171854021
/Volumes/LaCie/nmdc_data/mcmahon_11_fkbnah04/raw/20180918_KBL_TM_Lakes_Mendota_DepthDate_QE-139_HILICZ-VF1_USHXG01161_POS_MSMS_31_ME-20171101-metabo-31_1_Rg70to1050-CE102040-20-S1_Run116.mzML,20180918_KBL_TM_Lakes_Mendota_DepthDate_QE-139_HILICZ-VF1_USHXG01161_POS_MSMS_31_ME-20171101-metabo-31_1_Rg70to1050-CE102040-20-S1_Run116.mzML,172421405
/Volumes/LaCie/nmdc_data/mcmahon_11_fkbnah04/raw/20180918_KBL_TM_Lakes_GEODES_All3_QE-HF_HILICZ-VF1_USHXG01161_POS_MSMS_2_GEO-ME-12-UF_1_Rg70to1050-CE102040-0-7-S1_Run21.mzML,20180918_KBL_TM_Lakes_GEODES_All3_QE-HF_HILICZ-VF1_USHXG01161_POS_MSMS_2_GEO-ME-12-UF_1_Rg70to1050-CE102040-0-7-S1_Run21.mzML,171626682
/Volumes/LaCie/nmdc_data/mcmahon_11_fkbnah04/raw/20181217_KBL_TM_Lakes_GEODES_All3_QE-HF_C18_USDAY46918_NEG_MSMS_45_GEO-ME-40-F_1_Rg80to1200-CE102040-0-7-S1_Run164.mzML,20181217_KBL_TM_Lakes_GEODES_All3_QE-HF_C18_USDAY46918_NEG_MSMS_45_GEO-ME-40-F_1_Rg80to1200-CE102040-0-7-S1_Run164.mzML,78362788
/Volumes/LaCie/nmdc_data/mcmahon_11_fkbnah04/raw/20181217_KBL_TM_Lakes_GEODES_All3_QE-HF_C18_USDAY46918_NEG_MSMS_46_GEO-ME-44-F_1_Rg80to1200-CE102040-0-7-S1_Run172.mzML,20181217_KBL_TM_Lakes_GEODES_All3_QE-HF_C18_USDAY46918_NEG_MSMS_46_GEO-ME-44-F_1_Rg80to1200-CE102040-0-7-S1_Run172.mzML,77619098
/Volumes/LaCie/nmdc_data/mcmahon_11_fkbnah04/raw/20180918_KBL_TM_Lakes_GEODES_All3_QE-HF_HILICZ-VF1_USHXG01161_NEG_MSMS_25_GEO-TB-0-UF_1_Rg70to1050-CE102040-0-1-S1_Run96.mzML,20180918_KBL_TM_Lakes_GEODES_All3_QE-HF_HILICZ-VF1_USHXG01161_NEG_MSMS_25_GEO-TB-0-UF_1_Rg70to1050-CE102040-0-1-S1_Run96.mzML,197998658
/Volumes/LaCie/nmdc_data/mcmahon_11_fkbnah04/raw/20181217_KBL_TM_Lakes_GEODES_All3_QE-HF_C18_USDAY46918_POS_MSMS_6_GEO-ME-28-UF_1_Rg80to1200-CE102040-0-7-S1_Run33.mzML,20181217_KBL_TM_Lakes_GEODES_All3_QE-HF_C18_USDAY46918_POS_MSMS_6_GEO-ME-28-UF_1_Rg80to1200-CE102040-0-7-S1_Run33.mzML,105757380
/Volumes/LaCie/nmdc_data/mcmahon_11_fkbnah04/raw/20180918_KBL_TM_Lakes_Mendota_DepthDate_QE-139_HILICZ-VF1_USHXG01161_POS_MSMS_6_ME-20170811-metabo-6_1_Rg70to1050-CE102040-10p3-S1_Run30.mzML,20180918_KBL_TM_Lakes_Mendota_DepthDate_QE-139_HILICZ-VF1_USHXG01161_POS_MSMS_6_ME-20170811-metabo-6_1_Rg70to1050-CE102040-10p3-S1_Run30.mzML,178004082
/Volumes/LaCie/nmdc_data/mcmahon_11_fkbnah04/raw/20181217_KBL_TM_Lakes_Mendota_DepthDate_QE-HF_C18_USDAY46918_NEG_MSMS_16_ME-20170908-metabo-16_1_Rg80to1200-CE102040-0p1-S1_Run64.mzML,20181217_KBL_TM_Lakes_Mendota_DepthDate_QE-HF_C18_USDAY46918_NEG_MSMS_16_ME-20170908-metabo-16_1_Rg80to1200-CE102040-0p1-S1_Run64.mzML,78606686
/Volumes/LaCie/nmdc_data/mcmahon_11_fkbnah04/raw/20181217_KBL_TM_Lakes_GEODES_All3_QE-HF_C18_USDAY46918_POS_MSMS_12_GEO-ME-8-UF_1_Rg80to1200-CE102040-0-7-S1_Run51.mzML,20181217_KBL_TM_Lakes_GEODES_All3_QE-HF_C18_USDAY46918_POS_MSMS_12_GEO-ME-8-UF_1_Rg80to1200-CE102040-0-7-S1_Run51.mzML,103993831
/Volumes/LaCie/nmdc_data/mcmahon_11_fkbnah04/raw/20180918_KBL_TM_Lakes_GEODES_All3_QE-HF_HILICZ-VF1_USHXG01161_POS_MSMS_16_GEO-SP-20-UF_1_Rg70to1050-CE102040-0-4-S1_Run68.mzML,20180918_KBL_TM_Lakes_GEODES_All3_QE-HF_HILICZ-VF1_USHXG01161_POS_MSMS_16_GEO-SP-20-UF_1_Rg70to1050-CE102040-0-4-S1_Run68.mzML,173884161
/Volumes/LaCie/nmdc_data/mcmahon_11_fkbnah04/raw/20180918_KBL_TM_Lakes_Mendota_DepthDate_QE-139_HILICZ-VF1_USHXG01161_POS_MSMS_35_ExCtrl-JGI_3_Rg70to1050-CE102040-ExCtrl-S1_Run89.mzML,20180918_KBL_TM_Lakes_Mendota_DepthDate_QE-139_HILICZ-VF1_USHXG01161_POS_MSMS_35_ExCtrl-JGI_3_Rg70to1050-CE102040-ExCtrl-S1_Run89.mzML,156450849
/Volumes/LaCie/nmdc_data/mcmahon_11_fkbnah04/raw/20181217_KBL_TM_Lakes_GEODES_All3_QE-HF_C18_USDAY46918_NEG_MSMS_14_GEO-SP-12-UF_1_Rg80to1200-CE102040-0-4-S1_Run58.mzML,20181217_KBL_TM_Lakes_GEODES_All3_QE-HF_C18_USDAY46918_NEG_MSMS_14_GEO-SP-12-UF_1_Rg80to1200-CE102040-0-4-S1_Run58.mzML,86479228
/Volumes/LaCie/nmdc_data/mcmahon_11_fkbnah04/raw/20181217_KBL_TM_Lakes_GEODES_All3_QE-HF_C18_USDAY46918_NEG_MSMS_9_GEO-ME-40-UF_1_Rg80to1200-CE102040-0-7-S1_Run43.mzML,20181217_KBL_TM_Lakes_GEODES_All3_QE-HF_C18_USDAY46918_NEG_MSMS_9_GEO-ME-40-UF_1_Rg80to1200-CE102040-0-7-S1_Run43.mzML,84458291
/Volumes/LaCie/nmdc_data/mcmahon_11_fkbnah04/raw/20180918_KBL_TM_Lakes_GEODES_All3_QE-HF_HILICZ-VF1_USHXG01161_POS_MSMS_19_GEO-SP-32-UF_1_Rg70to1050-CE102040-0-4-S1_Run77.mzML,20180918_KBL_TM_Lakes_GEODES_All3_QE-HF_HILICZ-VF1_USHXG01161_POS_MSMS_19_GEO-SP-32-UF_1_Rg70to1050-CE102040-0-4-S1_Run77.mzML,175060482
/Volumes/LaCie/nmdc_data/mcmahon_11_fkbnah04/raw/20180918_KBL_TM_Lakes_GEODES_All3_QE-HF_HILICZ-VF1_USHXG01161_NEG_MSMS_43_GEO-ME-32-F_1_Rg70to1050-CE102040-0-7-S1_Run158.mzML,20180918_KBL_TM_Lakes_GEODES_All3_QE-HF_HILICZ-VF1_USHXG01161_NEG_MSMS_43_GEO-ME-32-F_1_Rg70to1050-CE102040-0-7-S1_Run158.mzML,172013661
/Volumes/LaCie/nmdc_data/mcmahon_11_fkbnah04/raw/20180918_KBL_TM_Lakes_GEODES_All3_QE-HF_HILICZ-VF1_USHXG01161_NEG_MSMS_47_GEO-ME-4-F_1_Rg70to1050-CE102040-0-7-S1_Run175.mzML,20180918_KBL_TM_Lakes_GEODES_All3_QE-HF_HILICZ-VF1_USHXG01161_NEG_MSMS_47_GEO-ME-4-F_1_Rg70to1050-CE102040-0-7-S1_Run175.mzML,168854368
/Volumes/LaCie/nmdc_data/mcmahon_11_fkbnah04/raw/20181217_KBL_TM_Lakes_GEODES_All3_QE-HF_C18_USDAY46918_POS_MSMS_44_GEO-ME-36-F_1_Rg80to1200-CE102040-0-7-S1_Run160.mzML,20181217_KBL_TM_Lakes_GEODES_All3_QE-HF_C18_USDAY46918_POS_MSMS_44_GEO-ME-36-F_1_Rg80to1200-CE102040-0-7-S1_Run160.mzML,100344709
/Volumes/LaCie/nmdc_data/mcmahon_11_fkbnah04/raw/20181217_KBL_TM_Lakes_GEODES_All3_QE-HF_C18_USDAY46918_NEG_MSMS_73_ExCtrl-User_1_Rg80to1200-CE102040-ExCtrl-S1_Run13.mzML,20181217_KBL_TM_Lakes_GEODES_All3_QE-HF_C18_USDAY46918_NEG_MSMS_73_ExCtrl-User_1_Rg80to1200-CE102040-ExCtrl-S1_Run13.mzML,86830790
/Volumes/LaCie/nmdc_data/mcmahon_11_fkbnah04/raw/20180918_KBL_TM_Lakes_Mendota_DepthDate_QE-139_HILICZ-VF1_USHXG01161_NEG_MSMS_3_ME-20170811-metabo-3_1_Rg70to1050-CE102040-15p3-S1_Run22.mzML,20180918_KBL_TM_Lakes_Mendota_DepthDate_QE-139_HILICZ-VF1_USHXG01161_NEG_MSMS_3_ME-20170811-metabo-3_1_Rg70to1050-CE102040-15p3-S1_Run22.mzML,169213259
/Volumes/LaCie/nmdc_data/mcmahon_11_fkbnah04/raw/20181217_KBL_TM_Lakes_Mendota_DepthDate_QE-HF_C18_USDAY46918_POS_MSMS_16_ME-20170908-metabo-16_1_Rg80to1200-CE102040-0p1-S1_Run63.mzML,20181217_KBL_TM_Lakes_Mendota_DepthDate_QE-HF_C18_USDAY46918_POS_MSMS_16_ME-20170908-metabo-16_1_Rg80to1200-CE102040-0p1-S1_Run63.mzML,98673957
/Volumes/LaCie/nmdc_data/mcmahon_11_fkbnah04/raw/20181217_KBL_TM_Lakes_GEODES_All3_QE-HF_C18_USDAY46918_POS_MSMS_34_GEO-TB-44-UF_1_Rg80to1200-CE102040-0-1-S1_Run130.mzML,20181217_KBL_TM_Lakes_GEODES_All3_QE-HF_C18_USDAY46918_POS_MSMS_34_GEO-TB-44-UF_1_Rg80to1200-CE102040-0-1-S1_Run130.mzML,105695319
/Volumes/LaCie/nmdc_data/mcmahon_11_fkbnah04/raw/20181217_KBL_TM_Lakes_Mendota_DepthDate_QE-HF_C18_USDAY46918_NEG_MSMS_9_ME-20170908-metabo-9_1_Rg80to1200-CE102040-22p2-S1_Run40.mzML,20181217_KBL_TM_Lakes_Mendota_DepthDate_QE-HF_C18_USDAY46918_NEG_MSMS_9_ME-20170908-metabo-9_1_Rg80to1200-CE102040-22p2-S1_Run40.mzML,77201786
/Volumes/LaCie/nmdc_data/mcmahon_11_fkbnah04/raw/20160526_HILIC___POS_MSMS_KBL_Qex_UV_Lake_Sparkling______Run11.mzML,20160526_HILIC___POS_MSMS_KBL_Qex_UV_Lake_Sparkling______Run11.mzML,171600144
/Volumes/LaCie/nmdc_data/mcmahon_11_fkbnah04/raw/20181217_KBL_TM_Lakes_GEODES_All3_QE-HF_C18_USDAY46918_NEG_MSMS_13_GEO-SP-0-UF_1_Rg80to1200-CE102040-0-4-S1_Run55.mzML,20181217_KBL_TM_Lakes_GEODES_All3_QE-HF_C18_USDAY46918_NEG_MSMS_13_GEO-SP-0-UF_1_Rg80to1200-CE102040-0-4-S1_Run55.mzML,87229948
/Volumes/LaCie/nmdc_data/mcmahon_11_fkbnah04/raw/20160526_HILIC___NEG_MSMS_KBL_Qex_UV_Lake_TroutBob______Run15.mzML,20160526_HILIC___NEG_MSMS_KBL_Qex_UV_Lake_TroutBob______Run15.mzML,244514402
/Volumes/LaCie/nmdc_data/mcmahon_11_fkbnah04/raw/20180918_KBL_TM_Lakes_GEODES_All3_QE-HF_HILICZ-VF1_USHXG01161_POS_MSMS_29_GEO-TB-24-UF_1_Rg70to1050-CE102040-0-1-S1_Run110.mzML,20180918_KBL_TM_Lakes_GEODES_All3_QE-HF_HILICZ-VF1_USHXG01161_POS_MSMS_29_GEO-TB-24-UF_1_Rg70to1050-CE102040-0-1-S1_Run110.mzML,187431221
/Volumes/LaCie/nmdc_data/mcmahon_11_fkbnah04/raw/20180918_KBL_TM_Lakes_GEODES_All3_QE-HF_HILICZ-VF1_USHXG01161_NEG_MSMS_18_GEO-SP-28-UF_1_Rg70to1050-CE102040-0-4-S1_Run75.mzML,20180918_KBL_TM_Lakes_GEODES_All3_QE-HF_HILICZ-VF1_USHXG01161_NEG_MSMS_18_GEO-SP-28-UF_1_Rg70to1050-CE102040-0-4-S1_Run75.mzML,178842203
/Volumes/LaCie/nmdc_data/mcmahon_11_fkbnah04/raw/20181217_KBL_TM_Lakes_GEODES_All3_QE-HF_C18_USDAY46918_NEG_MSMS_31_GEO-TB-32-UF_1_Rg80to1200-CE102040-0-1-S1_Run122.mzML,20181217_KBL_TM_Lakes_GEODES_All3_QE-HF_C18_USDAY46918_NEG_MSMS_31_GEO-TB-32-UF_1_Rg80to1200-CE102040-0-1-S1_Run122.mzML,92001234
/Volumes/LaCie/nmdc_data/mcmahon_11_fkbnah04/raw/20180918_KBL_TM_Lakes_GEODES_All3_QE-HF_HILICZ-VF1_USHXG01161_NEG_MSMS_59_GEO-SP-4-F_1_Rg70to1050-CE102040-0-4-S1_Run214.mzML,20180918_KBL_TM_Lakes_GEODES_All3_QE-HF_HILICZ-VF1_USHXG01161_NEG_MSMS_59_GEO-SP-4-F_1_Rg70to1050-CE102040-0-4-S1_Run214.mzML,177521780
/Volumes/LaCie/nmdc_data/mcmahon_11_fkbnah04/raw/20181217_KBL_TM_Lakes_GEODES_All3_QE-HF_C18_USDAY46918_POS_MSMS_64_GEO-TB-20-F_1_Rg80to1200-CE102040-0-1-S1_Run233.mzML,20181217_KBL_TM_Lakes_GEODES_All3_QE-HF_C18_USDAY46918_POS_MSMS_64_GEO-TB-20-F_1_Rg80to1200-CE102040-0-1-S1_Run233.mzML,100234262
/Volumes/LaCie/nmdc_data/mcmahon_11_fkbnah04/raw/20180918_KBL_TM_Lakes_GEODES_All3_QE-HF_HILICZ-VF1_USHXG01161_NEG_MSMS_30_GEO-TB-28-UF_1_Rg70to1050-CE102040-0-1-S1_Run114.mzML,20180918_KBL_TM_Lakes_GEODES_All3_QE-HF_HILICZ-VF1_USHXG01161_NEG_MSMS_30_GEO-TB-28-UF_1_Rg70to1050-CE102040-0-1-S1_Run114.mzML,198272003
/Volumes/LaCie/nmdc_data/mcmahon_11_fkbnah04/raw/20181217_KBL_TM_Lakes_Mendota_DepthDate_QE-HF_C18_USDAY46918_POS_MSMS_30_ME-20171101-metabo-30_1_Rg80to1200-CE102040-11p9-S1_Run113.mzML,20181217_KBL_TM_Lakes_Mendota_DepthDate_QE-HF_C18_USDAY46918_POS_MSMS_30_ME-20171101-metabo-30_1_Rg80to1200-CE102040-11p9-S1_Run113.mzML,91557111
/Volumes/LaCie/nmdc_data/mcmahon_11_fkbnah04/raw/20181217_KBL_TM_Lakes_GEODES_All3_QE-HF_C18_USDAY46918_POS_MSMS_45_GEO-ME-40-F_1_Rg80to1200-CE102040-0-7-S1_Run163.mzML,20181217_KBL_TM_Lakes_GEODES_All3_QE-HF_C18_USDAY46918_POS_MSMS_45_GEO-ME-40-F_1_Rg80to1200-CE102040-0-7-S1_Run163.mzML,98798410
/Volumes/LaCie/nmdc_data/mcmahon_11_fkbnah04/raw/20180918_KBL_TM_Lakes_Mendota_DepthDate_QE-139_HILICZ-VF1_USHXG01161_POS_MSMS_14_ME-20170908-metabo-14_1_Rg70to1050-CE102040-12p5-S1_Run57.mzML,20180918_KBL_TM_Lakes_Mendota_DepthDate_QE-139_HILICZ-VF1_USHXG01161_POS_MSMS_14_ME-20170908-metabo-14_1_Rg70to1050-CE102040-12p5-S1_Run57.mzML,180962308
/Volumes/LaCie/nmdc_data/mcmahon_11_fkbnah04/raw/20181217_KBL_TM_Lakes_GEODES_All3_QE-HF_C18_USDAY46918_POS_MSMS_14_GEO-SP-12-UF_1_Rg80to1200-CE102040-0-4-S1_Run57.mzML,20181217_KBL_TM_Lakes_GEODES_All3_QE-HF_C18_USDAY46918_POS_MSMS_14_GEO-SP-12-UF_1_Rg80to1200-CE102040-0-4-S1_Run57.mzML,104482483
/Volumes/LaCie/nmdc_data/mcmahon_11_fkbnah04/raw/20181217_KBL_TM_Lakes_Mendota_DepthDate_QE-HF_C18_USDAY46918_POS_MSMS_35_ExCtrl-JGI_3_Rg80to1200-CE102040-ExCtrl-S1_Run89.mzML,20181217_KBL_TM_Lakes_Mendota_DepthDate_QE-HF_C18_USDAY46918_POS_MSMS_35_ExCtrl-JGI_3_Rg80to1200-CE102040-ExCtrl-S1_Run89.mzML,72406732
/Volumes/LaCie/nmdc_data/mcmahon_11_fkbnah04/raw/20180918_KBL_TM_Lakes_GEODES_All3_QE-HF_HILICZ-VF1_USHXG01161_NEG_MSMS_21_GEO-SP-40-UF_1_Rg70to1050-CE102040-0-4-S1_Run84.mzML,20180918_KBL_TM_Lakes_GEODES_All3_QE-HF_HILICZ-VF1_USHXG01161_NEG_MSMS_21_GEO-SP-40-UF_1_Rg70to1050-CE102040-0-4-S1_Run84.mzML,178185330
/Volumes/LaCie/nmdc_data/mcmahon_11_fkbnah04/raw/20180918_KBL_TM_Lakes_GEODES_All3_QE-HF_HILICZ-VF1_USHXG01161_NEG_MSMS_9_GEO-ME-40-UF_1_Rg70to1050-CE102040-0-7-S1_Run43.mzML,20180918_KBL_TM_Lakes_GEODES_All3_QE-HF_HILICZ-VF1_USHXG01161_NEG_MSMS_9_GEO-ME-40-UF_1_Rg70to1050-CE102040-0-7-S1_Run43.mzML,168119623
/Volumes/LaCie/nmdc_data/mcmahon_11_fkbnah04/raw/20180918_KBL_TM_Lakes_GEODES_All3_QE-HF_HILICZ-VF1_USHXG01161_POS_MSMS_32_GEO-TB-36-UF_1_Rg70to1050-CE102040-0-1-S1_Run124.mzML,20180918_KBL_TM_Lakes_GEODES_All3_QE-HF_HILICZ-VF1_USHXG01161_POS_MSMS_32_GEO-TB-36-UF_1_Rg70to1050-CE102040-0-1-S1_Run124.mzML,189195404
/Volumes/LaCie/nmdc_data/mcmahon_11_fkbnah04/raw/20181217_KBL_TM_Lakes_GEODES_All3_QE-HF_C18_USDAY46918_NEG_MSMS_54_GEO-SP-28-F_1_Rg80to1200-CE102040-0-4-S1_Run199.mzML,20181217_KBL_TM_Lakes_GEODES_All3_QE-HF_C18_USDAY46918_NEG_MSMS_54_GEO-SP-28-F_1_Rg80to1200-CE102040-0-4-S1_Run199.mzML,77453782
/Volumes/LaCie/nmdc_data/mcmahon_11_fkbnah04/raw/20180918_KBL_TM_Lakes_GEODES_All3_QE-HF_HILICZ-VF1_USHXG01161_POS_MSMS_61_GEO-TB-0-F_1_Rg70to1050-CE102040-0-1-S1_Run224.mzML,20180918_KBL_TM_Lakes_GEODES_All3_QE-HF_HILICZ-VF1_USHXG01161_POS_MSMS_61_GEO-TB-0-F_1_Rg70to1050-CE102040-0-1-S1_Run224.mzML,188750033
/Volumes/LaCie/nmdc_data/mcmahon_11_fkbnah04/raw/20181217_KBL_TM_Lakes_GEODES_All3_QE-HF_C18_USDAY46918_POS_MSMS_61_GEO-TB-0-F_1_Rg80to1200-CE102040-0-1-S1_Run224.mzML,20181217_KBL_TM_Lakes_GEODES_All3_QE-HF_C18_USDAY46918_POS_MSMS_61_GEO-TB-0-F_1_Rg80to1200-CE102040-0-1-S1_Run224.mzML,98305653
/Volumes/LaCie/nmdc_data/mcmahon_11_fkbnah04/raw/20180918_KBL_TM_Lakes_Mendota_DepthDate_QE-139_HILICZ-VF1_USHXG01161_POS_MSMS_10_ME-20170908-metabo-10_1_Rg70to1050-CE102040-18-S1_Run42.mzML,20180918_KBL_TM_Lakes_Mendota_DepthDate_QE-139_HILICZ-VF1_USHXG01161_POS_MSMS_10_ME-20170908-metabo-10_1_Rg70to1050-CE102040-18-S1_Run42.mzML,178371232
/Volumes/LaCie/nmdc_data/mcmahon_11_fkbnah04/raw/20181217_KBL_TM_Lakes_Mendota_DepthDate_QE-HF_C18_USDAY46918_POS_MSMS_17_ME-20171004-metabo-17_1_Rg80to1200-CE102040-14p5-S1_Run71.mzML,20181217_KBL_TM_Lakes_Mendota_DepthDate_QE-HF_C18_USDAY46918_POS_MSMS_17_ME-20171004-metabo-17_1_Rg80to1200-CE102040-14p5-S1_Run71.mzML,95056645
/Volumes/LaCie/nmdc_data/mcmahon_11_fkbnah04/raw/20180918_KBL_TM_Lakes_Mendota_DepthDate_QE-139_HILICZ-VF1_USHXG01161_POS_MSMS_7_ME-20170811-metabo-7_1_Rg70to1050-CE102040-9p5-S1_Run33.mzML,20180918_KBL_TM_Lakes_Mendota_DepthDate_QE-139_HILICZ-VF1_USHXG01161_POS_MSMS_7_ME-20170811-metabo-7_1_Rg70to1050-CE102040-9p5-S1_Run33.mzML,179139605
/Volumes/LaCie/nmdc_data/mcmahon_11_fkbnah04/raw/20180918_KBL_TM_Lakes_Mendota_DepthDate_QE-139_HILICZ-VF1_USHXG01161_NEG_MSMS_21_ME-20171004-metabo-21_1_Rg70to1050-CE102040-17p3-S1_Run84.mzML,20180918_KBL_TM_Lakes_Mendota_DepthDate_QE-139_HILICZ-VF1_USHXG01161_NEG_MSMS_21_ME-20171004-metabo-21_1_Rg70to1050-CE102040-17p3-S1_Run84.mzML,176322854
/Volumes/LaCie/nmdc_data/mcmahon_11_fkbnah04/raw/20180918_KBL_TM_Lakes_GEODES_All3_QE-HF_HILICZ-VF1_USHXG01161_POS_MSMS_27_GEO-TB-16-UF_1_Rg70to1050-CE102040-0-1-S1_Run104.mzML,20180918_KBL_TM_Lakes_GEODES_All3_QE-HF_HILICZ-VF1_USHXG01161_POS_MSMS_27_GEO-TB-16-UF_1_Rg70to1050-CE102040-0-1-S1_Run104.mzML,190146055
/Volumes/LaCie/nmdc_data/mcmahon_11_fkbnah04/raw/20180918_KBL_TM_Lakes_GEODES_All3_QE-HF_HILICZ-VF1_USHXG01161_POS_MSMS_30_GEO-TB-28-UF_1_Rg70to1050-CE102040-0-1-S1_Run113.mzML,20180918_KBL_TM_Lakes_GEODES_All3_QE-HF_HILICZ-VF1_USHXG01161_POS_MSMS_30_GEO-TB-28-UF_1_Rg70to1050-CE102040-0-1-S1_Run113.mzML,186550064
/Volumes/LaCie/nmdc_data/mcmahon_11_fkbnah04/raw/20160526_HILIC___POS_MSMS_KBL_Qex_UV_Lake_TroutBob______Run14.mzML,20160526_HILIC___POS_MSMS_KBL_Qex_UV_Lake_TroutBob______Run14.mzML,175626603
/Volumes/LaCie/nmdc_data/mcmahon_11_fkbnah04/raw/20181217_KBL_TM_Lakes_GEODES_All3_QE-HF_C18_USDAY46918_NEG_MSMS_16_GEO-SP-20-UF_1_Rg80to1200-CE102040-0-4-S1_Run69.mzML,20181217_KBL_TM_Lakes_GEODES_All3_QE-HF_C18_USDAY46918_NEG_MSMS_16_GEO-SP-20-UF_1_Rg80to1200-CE102040-0-4-S1_Run69.mzML,86671420
/Volumes/LaCie/nmdc_data/mcmahon_11_fkbnah04/raw/20181217_KBL_TM_Lakes_GEODES_All3_QE-HF_C18_USDAY46918_POS_MSMS_66_GEO-TB-28-F_1_Rg80to1200-CE102040-0-1-S1_Run239.mzML,20181217_KBL_TM_Lakes_GEODES_All3_QE-HF_C18_USDAY46918_POS_MSMS_66_GEO-TB-28-F_1_Rg80to1200-CE102040-0-1-S1_Run239.mzML,100858241
/Volumes/LaCie/nmdc_data/mcmahon_11_fkbnah04/raw/20181217_KBL_TM_Lakes_GEODES_All3_QE-HF_C18_USDAY46918_NEG_MSMS_28_GEO-TB-20-UF_1_Rg80to1200-CE102040-0-1-S1_Run108.mzML,20181217_KBL_TM_Lakes_GEODES_All3_QE-HF_C18_USDAY46918_NEG_MSMS_28_GEO-TB-20-UF_1_Rg80to1200-CE102040-0-1-S1_Run108.mzML,91929049
/Volumes/LaCie/nmdc_data/mcmahon_11_fkbnah04/raw/20180918_KBL_TM_Lakes_GEODES_All3_QE-HF_HILICZ-VF1_USHXG01161_POS_MSMS_40_GEO-ME-20-F_1_Rg70to1050-CE102040-0-7-S1_Run148.mzML,20180918_KBL_TM_Lakes_GEODES_All3_QE-HF_HILICZ-VF1_USHXG01161_POS_MSMS_40_GEO-ME-20-F_1_Rg70to1050-CE102040-0-7-S1_Run148.mzML,174076011
/Volumes/LaCie/nmdc_data/mcmahon_11_fkbnah04/raw/20181217_KBL_TM_Lakes_GEODES_All3_QE-HF_C18_USDAY46918_NEG_MSMS_29_GEO-TB-24-UF_1_Rg80to1200-CE102040-0-1-S1_Run111.mzML,20181217_KBL_TM_Lakes_GEODES_All3_QE-HF_C18_USDAY46918_NEG_MSMS_29_GEO-TB-24-UF_1_Rg80to1200-CE102040-0-1-S1_Run111.mzML,89584042
/Volumes/LaCie/nmdc_data/mcmahon_11_fkbnah04/raw/20181217_KBL_TM_Lakes_Mendota_DepthDate_QE-HF_C18_USDAY46918_NEG_MSMS_15_ME-20170908-metabo-15_1_Rg80to1200-CE102040-11p5-S1_Run61.mzML,20181217_KBL_TM_Lakes_Mendota_DepthDate_QE-HF_C18_USDAY46918_NEG_MSMS_15_ME-20170908-metabo-15_1_Rg80to1200-CE102040-11p5-S1_Run61.mzML,75669428
/Volumes/LaCie/nmdc_data/mcmahon_11_fkbnah04/raw/20181217_KBL_TM_Lakes_GEODES_All3_QE-HF_C18_USDAY46918_NEG_MSMS_71_GEO-TB-4-F_1_Rg80to1200-CE102040-0-1-S1_Run255.mzML,20181217_KBL_TM_Lakes_GEODES_All3_QE-HF_C18_USDAY46918_NEG_MSMS_71_GEO-TB-4-F_1_Rg80to1200-CE102040-0-1-S1_Run255.mzML,85695020
/Volumes/LaCie/nmdc_data/mcmahon_11_fkbnah04/raw/20181217_KBL_TM_Lakes_GEODES_All3_QE-HF_C18_USDAY46918_POS_MSMS_4_GEO-ME-20-UF_1_Rg80to1200-CE102040-0-7-S1_Run27.mzML,20181217_KBL_TM_Lakes_GEODES_All3_QE-HF_C18_USDAY46918_POS_MSMS_4_GEO-ME-20-UF_1_Rg80to1200-CE102040-0-7-S1_Run27.mzML,105139396
/Volumes/LaCie/nmdc_data/mcmahon_11_fkbnah04/raw/20181217_KBL_TM_Lakes_Mendota_DepthDate_QE-HF_C18_USDAY46918_POS_MSMS_31_ME-20171101-metabo-31_1_Rg80to1200-CE102040-20-S1_Run116.mzML,20181217_KBL_TM_Lakes_Mendota_DepthDate_QE-HF_C18_USDAY46918_POS_MSMS_31_ME-20171101-metabo-31_1_Rg80to1200-CE102040-20-S1_Run116.mzML,89969551
/Volumes/LaCie/nmdc_data/mcmahon_11_fkbnah04/raw/20181217_KBL_TM_Lakes_Mendota_DepthDate_QE-HF_C18_USDAY46918_NEG_MSMS_21_ME-20171004-metabo-21_1_Rg80to1200-CE102040-17p3-S1_Run84.mzML,20181217_KBL_TM_Lakes_Mendota_DepthDate_QE-HF_C18_USDAY46918_NEG_MSMS_21_ME-20171004-metabo-21_1_Rg80to1200-CE102040-17p3-S1_Run84.mzML,75418625
/Volumes/LaCie/nmdc_data/mcmahon_11_fkbnah04/raw/20180918_KBL_TM_Lakes_GEODES_All3_QE-HF_HILICZ-VF1_USHXG01161_NEG_MSMS_36_GEO-TB-8-UF_1_Rg70to1050-CE102040-0-1-S1_Run137.mzML,20180918_KBL_TM_Lakes_GEODES_All3_QE-HF_HILICZ-VF1_USHXG01161_NEG_MSMS_36_GEO-TB-8-UF_1_Rg70to1050-CE102040-0-1-S1_Run137.mzML,201250579
/Volumes/LaCie/nmdc_data/mcmahon_11_fkbnah04/raw/20180918_KBL_TM_Lakes_GEODES_All3_QE-HF_HILICZ-VF1_USHXG01161_POS_MSMS_63_GEO-TB-16-F_1_Rg70to1050-CE102040-0-1-S1_Run230.mzML,20180918_KBL_TM_Lakes_GEODES_All3_QE-HF_HILICZ-VF1_USHXG01161_POS_MSMS_63_GEO-TB-16-F_1_Rg70to1050-CE102040-0-1-S1_Run230.mzML,198136341
/Volumes/LaCie/nmdc_data/mcmahon_11_fkbnah04/raw/20181217_KBL_TM_Lakes_Mendota_DepthDate_QE-HF_C18_USDAY46918_POS_MSMS_2_ME-20170811-metabo-2_1_Rg80to1200-CE102040-18p08-S1_Run18.mzML,20181217_KBL_TM_Lakes_Mendota_DepthDate_QE-HF_C18_USDAY46918_POS_MSMS_2_ME-20170811-metabo-2_1_Rg80to1200-CE102040-18p08-S1_Run18.mzML,98938762
/Volumes/LaCie/nmdc_data/mcmahon_11_fkbnah04/raw/20181217_KBL_TM_Lakes_GEODES_All3_QE-HF_C18_USDAY46918_POS_MSMS_70_GEO-TB-44-F_1_Rg80to1200-CE102040-0-1-S1_Run251.mzML,20181217_KBL_TM_Lakes_GEODES_All3_QE-HF_C18_USDAY46918_POS_MSMS_70_GEO-TB-44-F_1_Rg80to1200-CE102040-0-1-S1_Run251.mzML,100915594
/Volumes/LaCie/nmdc_data/mcmahon_11_fkbnah04/raw/20181217_KBL_TM_Lakes_GEODES_All3_QE-HF_C18_USDAY46918_POS_MSMS_38_GEO-ME-12-F_1_Rg80to1200-CE102040-0-7-S1_Run142.mzML,20181217_KBL_TM_Lakes_GEODES_All3_QE-HF_C18_USDAY46918_POS_MSMS_38_GEO-ME-12-F_1_Rg80to1200-CE102040-0-7-S1_Run142.mzML,102169690
/Volumes/LaCie/nmdc_data/mcmahon_11_fkbnah04/raw/20180918_KBL_TM_Lakes_GEODES_All3_QE-HF_HILICZ-VF1_USHXG01161_NEG_MSMS_60_GEO-SP-8-F_1_Rg70to1050-CE102040-0-4-S1_Run217.mzML,20180918_KBL_TM_Lakes_GEODES_All3_QE-HF_HILICZ-VF1_USHXG01161_NEG_MSMS_60_GEO-SP-8-F_1_Rg70to1050-CE102040-0-4-S1_Run217.mzML,178321194
/Volumes/LaCie/nmdc_data/mcmahon_11_fkbnah04/raw/20180918_KBL_TM_Lakes_GEODES_All3_QE-HF_HILICZ-VF1_USHXG01161_POS_MSMS_71_GEO-TB-4-F_1_Rg70to1050-CE102040-0-1-S1_Run254.mzML,20180918_KBL_TM_Lakes_GEODES_All3_QE-HF_HILICZ-VF1_USHXG01161_POS_MSMS_71_GEO-TB-4-F_1_Rg70to1050-CE102040-0-1-S1_Run254.mzML,196199309
/Volumes/LaCie/nmdc_data/mcmahon_11_fkbnah04/raw/20181217_KBL_TM_Lakes_GEODES_All3_QE-HF_C18_USDAY46918_POS_MSMS_1_GEO-ME-0-UF_1_Rg80to1200-CE102040-0-7-S1_Run18.mzML,20181217_KBL_TM_Lakes_GEODES_All3_QE-HF_C18_USDAY46918_POS_MSMS_1_GEO-ME-0-UF_1_Rg80to1200-CE102040-0-7-S1_Run18.mzML,104553797
/Volumes/LaCie/nmdc_data/mcmahon_11_fkbnah04/raw/20181217_KBL_TM_Lakes_GEODES_All3_QE-HF_C18_USDAY46918_POS_MSMS_52_GEO-SP-20-F_1_Rg80to1200-CE102040-0-4-S1_Run189.mzML,20181217_KBL_TM_Lakes_GEODES_All3_QE-HF_C18_USDAY46918_POS_MSMS_52_GEO-SP-20-F_1_Rg80to1200-CE102040-0-4-S1_Run189.mzML,98214238
/Volumes/LaCie/nmdc_data/mcmahon_11_fkbnah04/raw/20181217_KBL_TM_Lakes_GEODES_All3_QE-HF_C18_USDAY46918_POS_MSMS_2_GEO-ME-12-UF_1_Rg80to1200-CE102040-0-7-S1_Run21.mzML,20181217_KBL_TM_Lakes_GEODES_All3_QE-HF_C18_USDAY46918_POS_MSMS_2_GEO-ME-12-UF_1_Rg80to1200-CE102040-0-7-S1_Run21.mzML,105802506
/Volumes/LaCie/nmdc_data/mcmahon_11_fkbnah04/raw/20180918_KBL_TM_Lakes_GEODES_All3_QE-HF_HILICZ-VF1_USHXG01161_NEG_MSMS_52_GEO-SP-20-F_1_Rg70to1050-CE102040-0-4-S1_Run190.mzML,20180918_KBL_TM_Lakes_GEODES_All3_QE-HF_HILICZ-VF1_USHXG01161_NEG_MSMS_52_GEO-SP-20-F_1_Rg70to1050-CE102040-0-4-S1_Run190.mzML,176677342
/Volumes/LaCie/nmdc_data/mcmahon_11_fkbnah04/raw/20181217_KBL_TM_Lakes_GEODES_All3_QE-HF_C18_USDAY46918_POS_MSMS_24_GEO-SP-8-UF_1_Rg80to1200-CE102040-0-4-S1_Run92.mzML,20181217_KBL_TM_Lakes_GEODES_All3_QE-HF_C18_USDAY46918_POS_MSMS_24_GEO-SP-8-UF_1_Rg80to1200-CE102040-0-4-S1_Run92.mzML,103863231
/Volumes/LaCie/nmdc_data/mcmahon_11_fkbnah04/raw/20180918_KBL_TM_Lakes_GEODES_All3_QE-HF_HILICZ-VF1_USHXG01161_POS_MSMS_24_GEO-SP-8-UF_1_Rg70to1050-CE102040-0-4-S1_Run92.mzML,20180918_KBL_TM_Lakes_GEODES_All3_QE-HF_HILICZ-VF1_USHXG01161_POS_MSMS_24_GEO-SP-8-UF_1_Rg70to1050-CE102040-0-4-S1_Run92.mzML,176712732
/Volumes/LaCie/nmdc_data/mcmahon_11_fkbnah04/raw/20180918_KBL_TM_Lakes_GEODES_All3_QE-HF_HILICZ-VF1_USHXG01161_NEG_MSMS_73_ExCtrl-User_1_Rg70to1050-CE102040-ExCtrl-S1_Run13.mzML,20180918_KBL_TM_Lakes_GEODES_All3_QE-HF_HILICZ-VF1_USHXG01161_NEG_MSMS_73_ExCtrl-User_1_Rg70to1050-CE102040-ExCtrl-S1_Run13.mzML,163179506
/Volumes/LaCie/nmdc_data/mcmahon_11_fkbnah04/raw/20180918_KBL_TM_Lakes_GEODES_All3_QE-HF_HILICZ-VF1_USHXG01161_NEG_MSMS_69_GEO-TB-40-F_1_Rg70to1050-CE102040-0-1-S1_Run249.mzML,20180918_KBL_TM_Lakes_GEODES_All3_QE-HF_HILICZ-VF1_USHXG01161_NEG_MSMS_69_GEO-TB-40-F_1_Rg70to1050-CE102040-0-1-S1_Run249.mzML,203040013
/Volumes/LaCie/nmdc_data/mcmahon_11_fkbnah04/raw/20181217_KBL_TM_Lakes_GEODES_All3_QE-HF_C18_USDAY46918_POS_MSMS_23_GEO-SP-4-UF_1_Rg80to1200-CE102040-0-4-S1_Run89.mzML,20181217_KBL_TM_Lakes_GEODES_All3_QE-HF_C18_USDAY46918_POS_MSMS_23_GEO-SP-4-UF_1_Rg80to1200-CE102040-0-4-S1_Run89.mzML,104248805
/Volumes/LaCie/nmdc_data/mcmahon_11_fkbnah04/raw/20180918_KBL_TM_Lakes_GEODES_All3_QE-HF_HILICZ-VF1_USHXG01161_NEG_MSMS_67_GEO-TB-32-F_1_Rg70to1050-CE102040-0-1-S1_Run243.mzML,20180918_KBL_TM_Lakes_GEODES_All3_QE-HF_HILICZ-VF1_USHXG01161_NEG_MSMS_67_GEO-TB-32-F_1_Rg70to1050-CE102040-0-1-S1_Run243.mzML,200270710
/Volumes/LaCie/nmdc_data/mcmahon_11_fkbnah04/raw/20180918_KBL_TM_Lakes_GEODES_All3_QE-HF_HILICZ-VF1_USHXG01161_POS_MSMS_17_GEO-SP-24-UF_1_Rg70to1050-CE102040-0-4-S1_Run71.mzML,20180918_KBL_TM_Lakes_GEODES_All3_QE-HF_HILICZ-VF1_USHXG01161_POS_MSMS_17_GEO-SP-24-UF_1_Rg70to1050-CE102040-0-4-S1_Run71.mzML,173590288
/Volumes/LaCie/nmdc_data/mcmahon_11_fkbnah04/raw/20181217_KBL_TM_Lakes_GEODES_All3_QE-HF_C18_USDAY46918_POS_MSMS_7_GEO-ME-32-UF_1_Rg80to1200-CE102040-0-7-S1_Run36.mzML,20181217_KBL_TM_Lakes_GEODES_All3_QE-HF_C18_USDAY46918_POS_MSMS_7_GEO-ME-32-UF_1_Rg80to1200-CE102040-0-7-S1_Run36.mzML,104136651
/Volumes/LaCie/nmdc_data/mcmahon_11_fkbnah04/raw/20181217_KBL_TM_Lakes_Mendota_DepthDate_QE-HF_C18_USDAY46918_NEG_MSMS_10_ME-20170908-metabo-10_1_Rg80to1200-CE102040-18-S1_Run43.mzML,20181217_KBL_TM_Lakes_Mendota_DepthDate_QE-HF_C18_USDAY46918_NEG_MSMS_10_ME-20170908-metabo-10_1_Rg80to1200-CE102040-18-S1_Run43.mzML,75672326
/Volumes/LaCie/nmdc_data/mcmahon_11_fkbnah04/raw/20180918_KBL_TM_Lakes_GEODES_All3_QE-HF_HILICZ-VF1_USHXG01161_NEG_MSMS_42_GEO-ME-28-F_1_Rg70to1050-CE102040-0-7-S1_Run155.mzML,20180918_KBL_TM_Lakes_GEODES_All3_QE-HF_HILICZ-VF1_USHXG01161_NEG_MSMS_42_GEO-ME-28-F_1_Rg70to1050-CE102040-0-7-S1_Run155.mzML,169464017
/Volumes/LaCie/nmdc_data/mcmahon_11_fkbnah04/raw/20181217_KBL_TM_Lakes_GEODES_All3_QE-HF_C18_USDAY46918_NEG_MSMS_36_GEO-TB-8-UF_1_Rg80to1200-CE102040-0-1-S1_Run137.mzML,20181217_KBL_TM_Lakes_GEODES_All3_QE-HF_C18_USDAY46918_NEG_MSMS_36_GEO-TB-8-UF_1_Rg80to1200-CE102040-0-1-S1_Run137.mzML,91318153
/Volumes/LaCie/nmdc_data/mcmahon_11_fkbnah04/raw/20181217_KBL_TM_Lakes_Mendota_DepthDate_QE-HF_C18_USDAY46918_NEG_MSMS_23_ME-20171004-metabo-23_1_Rg80to1200-CE102040-12p9-S1_Run93.mzML,20181217_KBL_TM_Lakes_Mendota_DepthDate_QE-HF_C18_USDAY46918_NEG_MSMS_23_ME-20171004-metabo-23_1_Rg80to1200-CE102040-12p9-S1_Run93.mzML,70300119
/Volumes/LaCie/nmdc_data/mcmahon_11_fkbnah04/raw/20181217_KBL_TM_Lakes_Mendota_DepthDate_QE-HF_C18_USDAY46918_NEG_MSMS_31_ME-20171101-metabo-31_1_Rg80to1200-CE102040-20-S1_Run117.mzML,20181217_KBL_TM_Lakes_Mendota_DepthDate_QE-HF_C18_USDAY46918_NEG_MSMS_31_ME-20171101-metabo-31_1_Rg80to1200-CE102040-20-S1_Run117.mzML,67186247
/Volumes/LaCie/nmdc_data/mcmahon_11_fkbnah04/raw/20180918_KBL_TM_Lakes_GEODES_All3_QE-HF_HILICZ-VF1_USHXG01161_POS_MSMS_45_GEO-ME-40-F_1_Rg70to1050-CE102040-0-7-S1_Run163.mzML,20180918_KBL_TM_Lakes_GEODES_All3_QE-HF_HILICZ-VF1_USHXG01161_POS_MSMS_45_GEO-ME-40-F_1_Rg70to1050-CE102040-0-7-S1_Run163.mzML,175042726
/Volumes/LaCie/nmdc_data/mcmahon_11_fkbnah04/raw/20180918_KBL_TM_Lakes_GEODES_All3_QE-HF_HILICZ-VF1_USHXG01161_NEG_MSMS_35_GEO-TB-4-UF_1_Rg70to1050-CE102040-0-1-S1_Run134.mzML,20180918_KBL_TM_Lakes_GEODES_All3_QE-HF_HILICZ-VF1_USHXG01161_NEG_MSMS_35_GEO-TB-4-UF_1_Rg70to1050-CE102040-0-1-S1_Run134.mzML,201250325
/Volumes/LaCie/nmdc_data/mcmahon_11_fkbnah04/raw/20181217_KBL_TM_Lakes_GEODES_All3_QE-HF_C18_USDAY46918_NEG_MSMS_18_GEO-SP-28-UF_1_Rg80to1200-CE102040-0-4-S1_Run75.mzML,20181217_KBL_TM_Lakes_GEODES_All3_QE-HF_C18_USDAY46918_NEG_MSMS_18_GEO-SP-28-UF_1_Rg80to1200-CE102040-0-4-S1_Run75.mzML,86054819
/Volumes/LaCie/nmdc_data/mcmahon_11_fkbnah04/raw/20180918_KBL_TM_Lakes_GEODES_All3_QE-HF_HILICZ-VF1_USHXG01161_NEG_MSMS_37_GEO-ME-0-F_1_Rg70to1050-CE102040-0-7-S1_Run140.mzML,20180918_KBL_TM_Lakes_GEODES_All3_QE-HF_HILICZ-VF1_USHXG01161_NEG_MSMS_37_GEO-ME-0-F_1_Rg70to1050-CE102040-0-7-S1_Run140.mzML,170044245
/Volumes/LaCie/nmdc_data/mcmahon_11_fkbnah04/raw/20180918_KBL_TM_Lakes_GEODES_All3_QE-HF_HILICZ-VF1_USHXG01161_POS_MSMS_26_GEO-TB-12-UF_1_Rg70to1050-CE102040-0-1-S1_Run101.mzML,20180918_KBL_TM_Lakes_GEODES_All3_QE-HF_HILICZ-VF1_USHXG01161_POS_MSMS_26_GEO-TB-12-UF_1_Rg70to1050-CE102040-0-1-S1_Run101.mzML,188262333
/Volumes/LaCie/nmdc_data/mcmahon_11_fkbnah04/raw/20181217_KBL_TM_Lakes_Mendota_DepthDate_QE-HF_C18_USDAY46918_NEG_MSMS_22_ME-20171004-metabo-22_1_Rg80to1200-CE102040-19p8-S1_Run87.mzML,20181217_KBL_TM_Lakes_Mendota_DepthDate_QE-HF_C18_USDAY46918_NEG_MSMS_22_ME-20171004-metabo-22_1_Rg80to1200-CE102040-19p8-S1_Run87.mzML,73632592
/Volumes/LaCie/nmdc_data/mcmahon_11_fkbnah04/raw/20180918_KBL_TM_Lakes_GEODES_All3_QE-HF_HILICZ-VF1_USHXG01161_POS_MSMS_33_GEO-TB-40-UF_1_Rg70to1050-CE102040-0-1-S1_Run127.mzML,20180918_KBL_TM_Lakes_GEODES_All3_QE-HF_HILICZ-VF1_USHXG01161_POS_MSMS_33_GEO-TB-40-UF_1_Rg70to1050-CE102040-0-1-S1_Run127.mzML,190692856
/Volumes/LaCie/nmdc_data/mcmahon_11_fkbnah04/raw/20180918_KBL_TM_Lakes_GEODES_All3_QE-HF_HILICZ-VF1_USHXG01161_NEG_MSMS_34_GEO-TB-44-UF_1_Rg70to1050-CE102040-0-1-S1_Run131.mzML,20180918_KBL_TM_Lakes_GEODES_All3_QE-HF_HILICZ-VF1_USHXG01161_NEG_MSMS_34_GEO-TB-44-UF_1_Rg70to1050-CE102040-0-1-S1_Run131.mzML,199525712
/Volumes/LaCie/nmdc_data/mcmahon_11_fkbnah04/raw/20180918_KBL_TM_Lakes_GEODES_All3_QE-HF_HILICZ-VF1_USHXG01161_NEG_MSMS_17_GEO-SP-24-UF_1_Rg70to1050-CE102040-0-4-S1_Run72.mzML,20180918_KBL_TM_Lakes_GEODES_All3_QE-HF_HILICZ-VF1_USHXG01161_NEG_MSMS_17_GEO-SP-24-UF_1_Rg70to1050-CE102040-0-4-S1_Run72.mzML,178955739
/Volumes/LaCie/nmdc_data/mcmahon_11_fkbnah04/raw/20180918_KBL_TM_Lakes_Mendota_DepthDate_QE-139_HILICZ-VF1_USHXG01161_POS_MSMS_3_ME-20170811-metabo-3_1_Rg70to1050-CE102040-15p3-S1_Run21.mzML,20180918_KBL_TM_Lakes_Mendota_DepthDate_QE-139_HILICZ-VF1_USHXG01161_POS_MSMS_3_ME-20170811-metabo-3_1_Rg70to1050-CE102040-15p3-S1_Run21.mzML,176578915
/Volumes/LaCie/nmdc_data/mcmahon_11_fkbnah04/raw/20181217_KBL_TM_Lakes_Mendota_DepthDate_QE-HF_C18_USDAY46918_POS_MSMS_29_ME-20171101-metabo-29_1_Rg80to1200-CE102040-2p1-S1_Run110.mzML,20181217_KBL_TM_Lakes_Mendota_DepthDate_QE-HF_C18_USDAY46918_POS_MSMS_29_ME-20171101-metabo-29_1_Rg80to1200-CE102040-2p1-S1_Run110.mzML,92048383
/Volumes/LaCie/nmdc_data/mcmahon_11_fkbnah04/raw/20180918_KBL_TM_Lakes_GEODES_All3_QE-HF_HILICZ-VF1_USHXG01161_NEG_MSMS_65_GEO-TB-24-F_1_Rg70to1050-CE102040-0-1-S1_Run237.mzML,20180918_KBL_TM_Lakes_GEODES_All3_QE-HF_HILICZ-VF1_USHXG01161_NEG_MSMS_65_GEO-TB-24-F_1_Rg70to1050-CE102040-0-1-S1_Run237.mzML,199896891
/Volumes/LaCie/nmdc_data/mcmahon_11_fkbnah04/raw/20181217_KBL_TM_Lakes_GEODES_All3_QE-HF_C18_USDAY46918_POS_MSMS_63_GEO-TB-16-F_1_Rg80to1200-CE102040-0-1-S1_Run230.mzML,20181217_KBL_TM_Lakes_GEODES_All3_QE-HF_C18_USDAY46918_POS_MSMS_63_GEO-TB-16-F_1_Rg80to1200-CE102040-0-1-S1_Run230.mzML,101087173
/Volumes/LaCie/nmdc_data/mcmahon_11_fkbnah04/raw/20181217_KBL_TM_Lakes_Mendota_DepthDate_QE-HF_C18_USDAY46918_NEG_MSMS_5_ME-20170811-metabo-5_1_Rg80to1200-CE102040-11p5-S1_Run28.mzML,20181217_KBL_TM_Lakes_Mendota_DepthDate_QE-HF_C18_USDAY46918_NEG_MSMS_5_ME-20170811-metabo-5_1_Rg80to1200-CE102040-11p5-S1_Run28.mzML,73957044
/Volumes/LaCie/nmdc_data/mcmahon_11_fkbnah04/raw/20180918_KBL_TM_Lakes_GEODES_All3_QE-HF_HILICZ-VF1_USHXG01161_POS_MSMS_48_GEO-ME-8-F_1_Rg70to1050-CE102040-0-7-S1_Run177.mzML,20180918_KBL_TM_Lakes_GEODES_All3_QE-HF_HILICZ-VF1_USHXG01161_POS_MSMS_48_GEO-ME-8-F_1_Rg70to1050-CE102040-0-7-S1_Run177.mzML,174980302
/Volumes/LaCie/nmdc_data/mcmahon_11_fkbnah04/raw/20181217_KBL_TM_Lakes_Mendota_DepthDate_QE-HF_C18_USDAY46918_POS_MSMS_20_ME-20171004-metabo-20_1_Rg80to1200-CE102040-10p8-S1_Run80.mzML,20181217_KBL_TM_Lakes_Mendota_DepthDate_QE-HF_C18_USDAY46918_POS_MSMS_20_ME-20171004-metabo-20_1_Rg80to1200-CE102040-10p8-S1_Run80.mzML,95435816
/Volumes/LaCie/nmdc_data/mcmahon_11_fkbnah04/raw/20180918_KBL_TM_Lakes_GEODES_All3_QE-HF_HILICZ-VF1_USHXG01161_NEG_MSMS_75_ExCtrl-JGI_2_Rg70to1050-CE102040-ExCtrl-S1_Run99.mzML,20180918_KBL_TM_Lakes_GEODES_All3_QE-HF_HILICZ-VF1_USHXG01161_NEG_MSMS_75_ExCtrl-JGI_2_Rg70to1050-CE102040-ExCtrl-S1_Run99.mzML,157123150
/Volumes/LaCie/nmdc_data/mcmahon_11_fkbnah04/raw/20180918_KBL_TM_Lakes_GEODES_All3_QE-HF_HILICZ-VF1_USHXG01161_NEG_MSMS_74_ExCtrl-JGI_1_Rg70to1050-CE102040-ExCtrl-S1_Run16.mzML,20180918_KBL_TM_Lakes_GEODES_All3_QE-HF_HILICZ-VF1_USHXG01161_NEG_MSMS_74_ExCtrl-JGI_1_Rg70to1050-CE102040-ExCtrl-S1_Run16.mzML,157847875
/Volumes/LaCie/nmdc_data/mcmahon_11_fkbnah04/raw/20181217_KBL_TM_Lakes_GEODES_All3_QE-HF_C18_USDAY46918_NEG_MSMS_27_GEO-TB-16-UF_1_Rg80to1200-CE102040-0-1-S1_Run105.mzML,20181217_KBL_TM_Lakes_GEODES_All3_QE-HF_C18_USDAY46918_NEG_MSMS_27_GEO-TB-16-UF_1_Rg80to1200-CE102040-0-1-S1_Run105.mzML,91568069
/Volumes/LaCie/nmdc_data/mcmahon_11_fkbnah04/raw/20181217_KBL_TM_Lakes_GEODES_All3_QE-HF_C18_USDAY46918_POS_MSMS_46_GEO-ME-44-F_1_Rg80to1200-CE102040-0-7-S1_Run171.mzML,20181217_KBL_TM_Lakes_GEODES_All3_QE-HF_C18_USDAY46918_POS_MSMS_46_GEO-ME-44-F_1_Rg80to1200-CE102040-0-7-S1_Run171.mzML,98849071
/Volumes/LaCie/nmdc_data/mcmahon_11_fkbnah04/raw/20181217_KBL_TM_Lakes_Mendota_DepthDate_QE-HF_C18_USDAY46918_POS_MSMS_11_ME-20170908-metabo-11_1_Rg80to1200-CE102040-16p1-S1_Run45.mzML,20181217_KBL_TM_Lakes_Mendota_DepthDate_QE-HF_C18_USDAY46918_POS_MSMS_11_ME-20170908-metabo-11_1_Rg80to1200-CE102040-16p1-S1_Run45.mzML,94803512
/Volumes/LaCie/nmdc_data/mcmahon_11_fkbnah04/raw/20180918_KBL_TM_Lakes_GEODES_All3_QE-HF_HILICZ-VF1_USHXG01161_NEG_MSMS_40_GEO-ME-20-F_1_Rg70to1050-CE102040-0-7-S1_Run149.mzML,20180918_KBL_TM_Lakes_GEODES_All3_QE-HF_HILICZ-VF1_USHXG01161_NEG_MSMS_40_GEO-ME-20-F_1_Rg70to1050-CE102040-0-7-S1_Run149.mzML,167662477
/Volumes/LaCie/nmdc_data/mcmahon_11_fkbnah04/raw/20180918_KBL_TM_Lakes_Mendota_DepthDate_QE-139_HILICZ-VF1_USHXG01161_NEG_MSMS_28_ME-20171019-metabo-28_1_Rg70to1050-CE102040-18p2-S1_Run108.mzML,20180918_KBL_TM_Lakes_Mendota_DepthDate_QE-139_HILICZ-VF1_USHXG01161_NEG_MSMS_28_ME-20171019-metabo-28_1_Rg70to1050-CE102040-18p2-S1_Run108.mzML,175240296
/Volumes/LaCie/nmdc_data/mcmahon_11_fkbnah04/raw/20181217_KBL_TM_Lakes_GEODES_All3_QE-HF_C18_USDAY46918_NEG_MSMS_39_GEO-ME-16-F_1_Rg80to1200-CE102040-0-7-S1_Run146.mzML,20181217_KBL_TM_Lakes_GEODES_All3_QE-HF_C18_USDAY46918_NEG_MSMS_39_GEO-ME-16-F_1_Rg80to1200-CE102040-0-7-S1_Run146.mzML,81243446
/Volumes/LaCie/nmdc_data/mcmahon_11_fkbnah04/raw/20181217_KBL_TM_Lakes_GEODES_All3_QE-HF_C18_USDAY46918_NEG_MSMS_49_GEO-SP-0-F_1_Rg80to1200-CE102040-0-4-S1_Run181.mzML,20181217_KBL_TM_Lakes_GEODES_All3_QE-HF_C18_USDAY46918_NEG_MSMS_49_GEO-SP-0-F_1_Rg80to1200-CE102040-0-4-S1_Run181.mzML,83002885
/Volumes/LaCie/nmdc_data/mcmahon_11_fkbnah04/raw/20181217_KBL_TM_Lakes_Mendota_DepthDate_QE-HF_C18_USDAY46918_NEG_MSMS_11_ME-20170908-metabo-11_1_Rg80to1200-CE102040-16p1-S1_Run46.mzML,20181217_KBL_TM_Lakes_Mendota_DepthDate_QE-HF_C18_USDAY46918_NEG_MSMS_11_ME-20170908-metabo-11_1_Rg80to1200-CE102040-16p1-S1_Run46.mzML,76617448
/Volumes/LaCie/nmdc_data/mcmahon_11_fkbnah04/raw/20180918_KBL_TM_Lakes_GEODES_All3_QE-HF_HILICZ-VF1_USHXG01161_NEG_MSMS_10_GEO-ME-44-UF_1_Rg70to1050-CE102040-0-7-S1_Run46.mzML,20180918_KBL_TM_Lakes_GEODES_All3_QE-HF_HILICZ-VF1_USHXG01161_NEG_MSMS_10_GEO-ME-44-UF_1_Rg70to1050-CE102040-0-7-S1_Run46.mzML,168891206
/Volumes/LaCie/nmdc_data/mcmahon_11_fkbnah04/raw/20180918_KBL_TM_Lakes_GEODES_All3_QE-HF_HILICZ-VF1_USHXG01161_POS_MSMS_15_GEO-SP-16-UF_1_Rg70to1050-CE102040-0-4-S1_Run60.mzML,20180918_KBL_TM_Lakes_GEODES_All3_QE-HF_HILICZ-VF1_USHXG01161_POS_MSMS_15_GEO-SP-16-UF_1_Rg70to1050-CE102040-0-4-S1_Run60.mzML,173100477
/Volumes/LaCie/nmdc_data/mcmahon_11_fkbnah04/raw/20180918_KBL_TM_Lakes_GEODES_All3_QE-HF_HILICZ-VF1_USHXG01161_NEG_MSMS_1_GEO-ME-0-UF_1_Rg70to1050-CE102040-0-7-S1_Run19.mzML,20180918_KBL_TM_Lakes_GEODES_All3_QE-HF_HILICZ-VF1_USHXG01161_NEG_MSMS_1_GEO-ME-0-UF_1_Rg70to1050-CE102040-0-7-S1_Run19.mzML,170682663
/Volumes/LaCie/nmdc_data/mcmahon_11_fkbnah04/raw/20180918_KBL_TM_Lakes_GEODES_All3_QE-HF_HILICZ-VF1_USHXG01161_NEG_MSMS_3_GEO-ME-16-UF_1_Rg70to1050-CE102040-0-7-S1_Run25.mzML,20180918_KBL_TM_Lakes_GEODES_All3_QE-HF_HILICZ-VF1_USHXG01161_NEG_MSMS_3_GEO-ME-16-UF_1_Rg70to1050-CE102040-0-7-S1_Run25.mzML,169887449
/Volumes/LaCie/nmdc_data/mcmahon_11_fkbnah04/raw/20181217_KBL_TM_Lakes_GEODES_All3_QE-HF_C18_USDAY46918_POS_MSMS_65_GEO-TB-24-F_1_Rg80to1200-CE102040-0-1-S1_Run236.mzML,20181217_KBL_TM_Lakes_GEODES_All3_QE-HF_C18_USDAY46918_POS_MSMS_65_GEO-TB-24-F_1_Rg80to1200-CE102040-0-1-S1_Run236.mzML,99116864
/Volumes/LaCie/nmdc_data/mcmahon_11_fkbnah04/raw/20181217_KBL_TM_Lakes_GEODES_All3_QE-HF_C18_USDAY46918_NEG_MSMS_58_GEO-SP-44-F_1_Rg80to1200-CE102040-0-4-S1_Run211.mzML,20181217_KBL_TM_Lakes_GEODES_All3_QE-HF_C18_USDAY46918_NEG_MSMS_58_GEO-SP-44-F_1_Rg80to1200-CE102040-0-4-S1_Run211.mzML,78809770
/Volumes/LaCie/nmdc_data/mcmahon_11_fkbnah04/raw/20180918_KBL_TM_Lakes_GEODES_All3_QE-HF_HILICZ-VF1_USHXG01161_POS_MSMS_49_GEO-SP-0-F_1_Rg70to1050-CE102040-0-4-S1_Run180.mzML,20180918_KBL_TM_Lakes_GEODES_All3_QE-HF_HILICZ-VF1_USHXG01161_POS_MSMS_49_GEO-SP-0-F_1_Rg70to1050-CE102040-0-4-S1_Run180.mzML,176781656
/Volumes/LaCie/nmdc_data/mcmahon_11_fkbnah04/raw/20180918_KBL_TM_Lakes_Mendota_DepthDate_QE-139_HILICZ-VF1_USHXG01161_NEG_MSMS_24_ME-20171004-metabo-24_1_Rg70to1050-CE102040-0p5-S1_Run96.mzML,20180918_KBL_TM_Lakes_Mendota_DepthDate_QE-139_HILICZ-VF1_USHXG01161_NEG_MSMS_24_ME-20171004-metabo-24_1_Rg70to1050-CE102040-0p5-S1_Run96.mzML,171185457
/Volumes/LaCie/nmdc_data/mcmahon_11_fkbnah04/raw/20180918_KBL_TM_Lakes_GEODES_All3_QE-HF_HILICZ-VF1_USHXG01161_POS_MSMS_74_ExCtrl-JGI_1_Rg70to1050-CE102040-ExCtrl-S1_Run15.mzML,20180918_KBL_TM_Lakes_GEODES_All3_QE-HF_HILICZ-VF1_USHXG01161_POS_MSMS_74_ExCtrl-JGI_1_Rg70to1050-CE102040-ExCtrl-S1_Run15.mzML,157159873
/Volumes/LaCie/nmdc_data/mcmahon_11_fkbnah04/raw/20181217_KBL_TM_Lakes_Mendota_DepthDate_QE-HF_C18_USDAY46918_POS_MSMS_7_ME-20170811-metabo-7_1_Rg80to1200-CE102040-9p5-S1_Run33.mzML,20181217_KBL_TM_Lakes_Mendota_DepthDate_QE-HF_C18_USDAY46918_POS_MSMS_7_ME-20170811-metabo-7_1_Rg80to1200-CE102040-9p5-S1_Run33.mzML,96524816
/Volumes/LaCie/nmdc_data/mcmahon_11_fkbnah04/raw/20180918_KBL_TM_Lakes_Mendota_DepthDate_QE-139_HILICZ-VF1_USHXG01161_POS_MSMS_19_ME-20171004-metabo-19_1_Rg70to1050-CE102040-13-S1_Run77.mzML,20180918_KBL_TM_Lakes_Mendota_DepthDate_QE-139_HILICZ-VF1_USHXG01161_POS_MSMS_19_ME-20171004-metabo-19_1_Rg70to1050-CE102040-13-S1_Run77.mzML,180648525
/Volumes/LaCie/nmdc_data/mcmahon_11_fkbnah04/raw/20181217_KBL_TM_Lakes_GEODES_All3_QE-HF_C18_USDAY46918_POS_MSMS_17_GEO-SP-24-UF_1_Rg80to1200-CE102040-0-4-S1_Run71.mzML,20181217_KBL_TM_Lakes_GEODES_All3_QE-HF_C18_USDAY46918_POS_MSMS_17_GEO-SP-24-UF_1_Rg80to1200-CE102040-0-4-S1_Run71.mzML,102081774
/Volumes/LaCie/nmdc_data/mcmahon_11_fkbnah04/raw/20180918_KBL_TM_Lakes_GEODES_All3_QE-HF_HILICZ-VF1_USHXG01161_NEG_MSMS_72_GEO-TB-8-F_1_Rg70to1050-CE102040-0-1-S1_Run258.mzML,20180918_KBL_TM_Lakes_GEODES_All3_QE-HF_HILICZ-VF1_USHXG01161_NEG_MSMS_72_GEO-TB-8-F_1_Rg70to1050-CE102040-0-1-S1_Run258.mzML,202179446
/Volumes/LaCie/nmdc_data/mcmahon_11_fkbnah04/raw/20180918_KBL_TM_Lakes_Mendota_DepthDate_QE-139_HILICZ-VF1_USHXG01161_POS_MSMS_24_ME-20171004-metabo-24_1_Rg70to1050-CE102040-0p5-S1_Run95.mzML,20180918_KBL_TM_Lakes_Mendota_DepthDate_QE-139_HILICZ-VF1_USHXG01161_POS_MSMS_24_ME-20171004-metabo-24_1_Rg70to1050-CE102040-0p5-S1_Run95.mzML,173899909
/Volumes/LaCie/nmdc_data/mcmahon_11_fkbnah04/raw/20181217_KBL_TM_Lakes_GEODES_All3_QE-HF_C18_USDAY46918_NEG_MSMS_4_GEO-ME-20-UF_1_Rg80to1200-CE102040-0-7-S1_Run28.mzML,20181217_KBL_TM_Lakes_GEODES_All3_QE-HF_C18_USDAY46918_NEG_MSMS_4_GEO-ME-20-UF_1_Rg80to1200-CE102040-0-7-S1_Run28.mzML,86654253
/Volumes/LaCie/nmdc_data/mcmahon_11_fkbnah04/raw/20181217_KBL_TM_Lakes_Mendota_DepthDate_QE-HF_C18_USDAY46918_POS_MSMS_24_ME-20171004-metabo-24_1_Rg80to1200-CE102040-0p5-S1_Run95.mzML,20181217_KBL_TM_Lakes_Mendota_DepthDate_QE-HF_C18_USDAY46918_POS_MSMS_24_ME-20171004-metabo-24_1_Rg80to1200-CE102040-0p5-S1_Run95.mzML,90708122
/Volumes/LaCie/nmdc_data/mcmahon_11_fkbnah04/raw/20180918_KBL_TM_Lakes_GEODES_All3_QE-HF_HILICZ-VF1_USHXG01161_NEG_MSMS_51_GEO-SP-16-F_1_Rg70to1050-CE102040-0-4-S1_Run187.mzML,20180918_KBL_TM_Lakes_GEODES_All3_QE-HF_HILICZ-VF1_USHXG01161_NEG_MSMS_51_GEO-SP-16-F_1_Rg70to1050-CE102040-0-4-S1_Run187.mzML,178716887
/Volumes/LaCie/nmdc_data/mcmahon_11_fkbnah04/raw/20181217_KBL_TM_Lakes_GEODES_All3_QE-HF_C18_USDAY46918_NEG_MSMS_67_GEO-TB-32-F_1_Rg80to1200-CE102040-0-1-S1_Run243.mzML,20181217_KBL_TM_Lakes_GEODES_All3_QE-HF_C18_USDAY46918_NEG_MSMS_67_GEO-TB-32-F_1_Rg80to1200-CE102040-0-1-S1_Run243.mzML,85699454
/Volumes/LaCie/nmdc_data/mcmahon_11_fkbnah04/raw/20181217_KBL_TM_Lakes_GEODES_All3_QE-HF_C18_USDAY46918_NEG_MSMS_64_GEO-TB-20-F_1_Rg80to1200-CE102040-0-1-S1_Run234.mzML,20181217_KBL_TM_Lakes_GEODES_All3_QE-HF_C18_USDAY46918_NEG_MSMS_64_GEO-TB-20-F_1_Rg80to1200-CE102040-0-1-S1_Run234.mzML,84688328
/Volumes/LaCie/nmdc_data/mcmahon_11_fkbnah04/raw/20181217_KBL_TM_Lakes_GEODES_All3_QE-HF_C18_USDAY46918_POS_MSMS_33_GEO-TB-40-UF_1_Rg80to1200-CE102040-0-1-S1_Run127.mzML,20181217_KBL_TM_Lakes_GEODES_All3_QE-HF_C18_USDAY46918_POS_MSMS_33_GEO-TB-40-UF_1_Rg80to1200-CE102040-0-1-S1_Run127.mzML,106331735
/Volumes/LaCie/nmdc_data/mcmahon_11_fkbnah04/raw/20180918_KBL_TM_Lakes_GEODES_All3_QE-HF_HILICZ-VF1_USHXG01161_POS_MSMS_73_ExCtrl-User_1_Rg70to1050-CE102040-ExCtrl-S1_Run12.mzML,20180918_KBL_TM_Lakes_GEODES_All3_QE-HF_HILICZ-VF1_USHXG01161_POS_MSMS_73_ExCtrl-User_1_Rg70to1050-CE102040-ExCtrl-S1_Run12.mzML,160519961
/Volumes/LaCie/nmdc_data/mcmahon_11_fkbnah04/raw/20181217_KBL_TM_Lakes_GEODES_All3_QE-HF_C18_USDAY46918_NEG_MSMS_48_GEO-ME-8-F_1_Rg80to1200-CE102040-0-7-S1_Run178.mzML,20181217_KBL_TM_Lakes_GEODES_All3_QE-HF_C18_USDAY46918_NEG_MSMS_48_GEO-ME-8-F_1_Rg80to1200-CE102040-0-7-S1_Run178.mzML,77493391
/Volumes/LaCie/nmdc_data/mcmahon_11_fkbnah04/raw/20181217_KBL_TM_Lakes_GEODES_All3_QE-HF_C18_USDAY46918_POS_MSMS_71_GEO-TB-4-F_1_Rg80to1200-CE102040-0-1-S1_Run254.mzML,20181217_KBL_TM_Lakes_GEODES_All3_QE-HF_C18_USDAY46918_POS_MSMS_71_GEO-TB-4-F_1_Rg80to1200-CE102040-0-1-S1_Run254.mzML,99712000
/Volumes/LaCie/nmdc_data/mcmahon_11_fkbnah04/raw/20181217_KBL_TM_Lakes_GEODES_All3_QE-HF_C18_USDAY46918_NEG_MSMS_56_GEO-SP-36-F_1_Rg80to1200-CE102040-0-4-S1_Run205.mzML,20181217_KBL_TM_Lakes_GEODES_All3_QE-HF_C18_USDAY46918_NEG_MSMS_56_GEO-SP-36-F_1_Rg80to1200-CE102040-0-4-S1_Run205.mzML,77098679
/Volumes/LaCie/nmdc_data/mcmahon_11_fkbnah04/raw/20181217_KBL_TM_Lakes_GEODES_All3_QE-HF_C18_USDAY46918_NEG_MSMS_26_GEO-TB-12-UF_1_Rg80to1200-CE102040-0-1-S1_Run102.mzML,20181217_KBL_TM_Lakes_GEODES_All3_QE-HF_C18_USDAY46918_NEG_MSMS_26_GEO-TB-12-UF_1_Rg80to1200-CE102040-0-1-S1_Run102.mzML,91594043
/Volumes/LaCie/nmdc_data/mcmahon_11_fkbnah04/raw/20181217_KBL_TM_Lakes_GEODES_All3_QE-HF_C18_USDAY46918_POS_MSMS_58_GEO-SP-44-F_1_Rg80to1200-CE102040-0-4-S1_Run210.mzML,20181217_KBL_TM_Lakes_GEODES_All3_QE-HF_C18_USDAY46918_POS_MSMS_58_GEO-SP-44-F_1_Rg80to1200-CE102040-0-4-S1_Run210.mzML,98757954
/Volumes/LaCie/nmdc_data/mcmahon_11_fkbnah04/raw/20181217_KBL_TM_Lakes_GEODES_All3_QE-HF_C18_USDAY46918_NEG_MSMS_75_ExCtrl-JGI_2_Rg80to1200-CE102040-ExCtrl-S1_Run99.mzML,20181217_KBL_TM_Lakes_GEODES_All3_QE-HF_C18_USDAY46918_NEG_MSMS_75_ExCtrl-JGI_2_Rg80to1200-CE102040-ExCtrl-S1_Run99.mzML,74697075
/Volumes/LaCie/nmdc_data/mcmahon_11_fkbnah04/raw/20181217_KBL_TM_Lakes_GEODES_All3_QE-HF_C18_USDAY46918_POS_MSMS_32_GEO-TB-36-UF_1_Rg80to1200-CE102040-0-1-S1_Run124.mzML,20181217_KBL_TM_Lakes_GEODES_All3_QE-HF_C18_USDAY46918_POS_MSMS_32_GEO-TB-36-UF_1_Rg80to1200-CE102040-0-1-S1_Run124.mzML,106518450
/Volumes/LaCie/nmdc_data/mcmahon_11_fkbnah04/raw/20180918_KBL_TM_Lakes_Mendota_DepthDate_QE-139_HILICZ-VF1_USHXG01161_NEG_MSMS_33_ExCtrl-JGI_1_Rg70to1050-CE102040-ExCtrl-S1_Run13.mzML,20180918_KBL_TM_Lakes_Mendota_DepthDate_QE-139_HILICZ-VF1_USHXG01161_NEG_MSMS_33_ExCtrl-JGI_1_Rg70to1050-CE102040-ExCtrl-S1_Run13.mzML,160617373
/Volumes/LaCie/nmdc_data/mcmahon_11_fkbnah04/raw/20180918_KBL_TM_Lakes_Mendota_DepthDate_QE-139_HILICZ-VF1_USHXG01161_POS_MSMS_17_ME-20171004-metabo-17_1_Rg70to1050-CE102040-14p5-S1_Run71.mzML,20180918_KBL_TM_Lakes_Mendota_DepthDate_QE-139_HILICZ-VF1_USHXG01161_POS_MSMS_17_ME-20171004-metabo-17_1_Rg70to1050-CE102040-14p5-S1_Run71.mzML,176477635
/Volumes/LaCie/nmdc_data/mcmahon_11_fkbnah04/raw/20181217_KBL_TM_Lakes_GEODES_All3_QE-HF_C18_USDAY46918_POS_MSMS_37_GEO-ME-0-F_1_Rg80to1200-CE102040-0-7-S1_Run139.mzML,20181217_KBL_TM_Lakes_GEODES_All3_QE-HF_C18_USDAY46918_POS_MSMS_37_GEO-ME-0-F_1_Rg80to1200-CE102040-0-7-S1_Run139.mzML,100298055
/Volumes/LaCie/nmdc_data/mcmahon_11_fkbnah04/raw/20181217_KBL_TM_Lakes_Mendota_DepthDate_QE-HF_C18_USDAY46918_POS_MSMS_10_ME-20170908-metabo-10_1_Rg80to1200-CE102040-18-S1_Run42.mzML,20181217_KBL_TM_Lakes_Mendota_DepthDate_QE-HF_C18_USDAY46918_POS_MSMS_10_ME-20170908-metabo-10_1_Rg80to1200-CE102040-18-S1_Run42.mzML,94345686
/Volumes/LaCie/nmdc_data/mcmahon_11_fkbnah04/raw/20181217_KBL_TM_Lakes_GEODES_All3_QE-HF_C18_USDAY46918_POS_MSMS_56_GEO-SP-36-F_1_Rg80to1200-CE102040-0-4-S1_Run204.mzML,20181217_KBL_TM_Lakes_GEODES_All3_QE-HF_C18_USDAY46918_POS_MSMS_56_GEO-SP-36-F_1_Rg80to1200-CE102040-0-4-S1_Run204.mzML,96726197
/Volumes/LaCie/nmdc_data/mcmahon_11_fkbnah04/raw/20180918_KBL_TM_Lakes_GEODES_All3_QE-HF_HILICZ-VF1_USHXG01161_NEG_MSMS_16_GEO-SP-20-UF_1_Rg70to1050-CE102040-0-4-S1_Run69.mzML,20180918_KBL_TM_Lakes_GEODES_All3_QE-HF_HILICZ-VF1_USHXG01161_NEG_MSMS_16_GEO-SP-20-UF_1_Rg70to1050-CE102040-0-4-S1_Run69.mzML,177472943
/Volumes/LaCie/nmdc_data/mcmahon_11_fkbnah04/raw/20181217_KBL_TM_Lakes_GEODES_All3_QE-HF_C18_USDAY46918_POS_MSMS_69_GEO-TB-40-F_1_Rg80to1200-CE102040-0-1-S1_Run248.mzML,20181217_KBL_TM_Lakes_GEODES_All3_QE-HF_C18_USDAY46918_POS_MSMS_69_GEO-TB-40-F_1_Rg80to1200-CE102040-0-1-S1_Run248.mzML,100391083
/Volumes/LaCie/nmdc_data/mcmahon_11_fkbnah04/raw/20181217_KBL_TM_Lakes_GEODES_All3_QE-HF_C18_USDAY46918_NEG_MSMS_51_GEO-SP-16-F_1_Rg80to1200-CE102040-0-4-S1_Run187.mzML,20181217_KBL_TM_Lakes_GEODES_All3_QE-HF_C18_USDAY46918_NEG_MSMS_51_GEO-SP-16-F_1_Rg80to1200-CE102040-0-4-S1_Run187.mzML,79041283
/Volumes/LaCie/nmdc_data/mcmahon_11_fkbnah04/raw/20181217_KBL_TM_Lakes_GEODES_All3_QE-HF_C18_USDAY46918_NEG_MSMS_35_GEO-TB-4-UF_1_Rg80to1200-CE102040-0-1-S1_Run134.mzML,20181217_KBL_TM_Lakes_GEODES_All3_QE-HF_C18_USDAY46918_NEG_MSMS_35_GEO-TB-4-UF_1_Rg80to1200-CE102040-0-1-S1_Run134.mzML,91513913
/Volumes/LaCie/nmdc_data/mcmahon_11_fkbnah04/raw/20180918_KBL_TM_Lakes_GEODES_All3_QE-HF_HILICZ-VF1_USHXG01161_POS_MSMS_50_GEO-SP-12-F_1_Rg70to1050-CE102040-0-4-S1_Run183.mzML,20180918_KBL_TM_Lakes_GEODES_All3_QE-HF_HILICZ-VF1_USHXG01161_POS_MSMS_50_GEO-SP-12-F_1_Rg70to1050-CE102040-0-4-S1_Run183.mzML,179004333
/Volumes/LaCie/nmdc_data/mcmahon_11_fkbnah04/raw/20181217_KBL_TM_Lakes_Mendota_DepthDate_QE-HF_C18_USDAY46918_NEG_MSMS_29_ME-20171101-metabo-29_1_Rg80to1200-CE102040-2p1-S1_Run111.mzML,20181217_KBL_TM_Lakes_Mendota_DepthDate_QE-HF_C18_USDAY46918_NEG_MSMS_29_ME-20171101-metabo-29_1_Rg80to1200-CE102040-2p1-S1_Run111.mzML,69501877
/Volumes/LaCie/nmdc_data/mcmahon_11_fkbnah04/raw/20181217_KBL_TM_Lakes_Mendota_DepthDate_QE-HF_C18_USDAY46918_NEG_MSMS_8_ME-20170811-metabo-8_1_Rg80to1200-CE102040-0p5-S1_Run37.mzML,20181217_KBL_TM_Lakes_Mendota_DepthDate_QE-HF_C18_USDAY46918_NEG_MSMS_8_ME-20170811-metabo-8_1_Rg80to1200-CE102040-0p5-S1_Run37.mzML,76474800
/Volumes/LaCie/nmdc_data/mcmahon_11_fkbnah04/raw/20181217_KBL_TM_Lakes_GEODES_All3_QE-HF_C18_USDAY46918_POS_MSMS_57_GEO-SP-40-F_1_Rg80to1200-CE102040-0-4-S1_Run207.mzML,20181217_KBL_TM_Lakes_GEODES_All3_QE-HF_C18_USDAY46918_POS_MSMS_57_GEO-SP-40-F_1_Rg80to1200-CE102040-0-4-S1_Run207.mzML,97759403
/Volumes/LaCie/nmdc_data/mcmahon_11_fkbnah04/raw/20181217_KBL_TM_Lakes_Mendota_DepthDate_QE-HF_C18_USDAY46918_POS_MSMS_1_ME-20170811-metabo-1_1_Rg80to1200-CE102040-21p25-S1_Run15.mzML,20181217_KBL_TM_Lakes_Mendota_DepthDate_QE-HF_C18_USDAY46918_POS_MSMS_1_ME-20170811-metabo-1_1_Rg80to1200-CE102040-21p25-S1_Run15.mzML,98592853
/Volumes/LaCie/nmdc_data/mcmahon_11_fkbnah04/raw/20180918_KBL_TM_Lakes_GEODES_All3_QE-HF_HILICZ-VF1_USHXG01161_POS_MSMS_14_GEO-SP-12-UF_1_Rg70to1050-CE102040-0-4-S1_Run57.mzML,20180918_KBL_TM_Lakes_GEODES_All3_QE-HF_HILICZ-VF1_USHXG01161_POS_MSMS_14_GEO-SP-12-UF_1_Rg70to1050-CE102040-0-4-S1_Run57.mzML,175848221
/Volumes/LaCie/nmdc_data/mcmahon_11_fkbnah04/raw/20180918_KBL_TM_Lakes_GEODES_All3_QE-HF_HILICZ-VF1_USHXG01161_POS_MSMS_23_GEO-SP-4-UF_1_Rg70to1050-CE102040-0-4-S1_Run89.mzML,20180918_KBL_TM_Lakes_GEODES_All3_QE-HF_HILICZ-VF1_USHXG01161_POS_MSMS_23_GEO-SP-4-UF_1_Rg70to1050-CE102040-0-4-S1_Run89.mzML,174918656
/Volumes/LaCie/nmdc_data/mcmahon_11_fkbnah04/raw/20180918_KBL_TM_Lakes_Mendota_DepthDate_QE-139_HILICZ-VF1_USHXG01161_NEG_MSMS_13_ME-20170908-metabo-13_1_Rg70to1050-CE102040-13p4-S1_Run55.mzML,20180918_KBL_TM_Lakes_Mendota_DepthDate_QE-139_HILICZ-VF1_USHXG01161_NEG_MSMS_13_ME-20170908-metabo-13_1_Rg70to1050-CE102040-13p4-S1_Run55.mzML,170952787
/Volumes/LaCie/nmdc_data/mcmahon_11_fkbnah04/raw/20180918_KBL_TM_Lakes_Mendota_DepthDate_QE-139_HILICZ-VF1_USHXG01161_NEG_MSMS_35_ExCtrl-JGI_3_Rg70to1050-CE102040-ExCtrl-S1_Run90.mzML,20180918_KBL_TM_Lakes_Mendota_DepthDate_QE-139_HILICZ-VF1_USHXG01161_NEG_MSMS_35_ExCtrl-JGI_3_Rg70to1050-CE102040-ExCtrl-S1_Run90.mzML,154032701
/Volumes/LaCie/nmdc_data/mcmahon_11_fkbnah04/raw/20180918_KBL_TM_Lakes_Mendota_DepthDate_QE-139_HILICZ-VF1_USHXG01161_POS_MSMS_9_ME-20170908-metabo-9_1_Rg70to1050-CE102040-22p2-S1_Run39.mzML,20180918_KBL_TM_Lakes_Mendota_DepthDate_QE-139_HILICZ-VF1_USHXG01161_POS_MSMS_9_ME-20170908-metabo-9_1_Rg70to1050-CE102040-22p2-S1_Run39.mzML,178911410
/Volumes/LaCie/nmdc_data/mcmahon_11_fkbnah04/raw/20180918_KBL_TM_Lakes_GEODES_All3_QE-HF_HILICZ-VF1_USHXG01161_POS_MSMS_62_GEO-TB-12-F_1_Rg70to1050-CE102040-0-1-S1_Run227.mzML,20180918_KBL_TM_Lakes_GEODES_All3_QE-HF_HILICZ-VF1_USHXG01161_POS_MSMS_62_GEO-TB-12-F_1_Rg70to1050-CE102040-0-1-S1_Run227.mzML,195645785
/Volumes/LaCie/nmdc_data/mcmahon_11_fkbnah04/raw/20181217_KBL_TM_Lakes_GEODES_All3_QE-HF_C18_USDAY46918_POS_MSMS_16_GEO-SP-20-UF_1_Rg80to1200-CE102040-0-4-S1_Run68.mzML,20181217_KBL_TM_Lakes_GEODES_All3_QE-HF_C18_USDAY46918_POS_MSMS_16_GEO-SP-20-UF_1_Rg80to1200-CE102040-0-4-S1_Run68.mzML,103836424
/Volumes/LaCie/nmdc_data/mcmahon_11_fkbnah04/raw/20180918_KBL_TM_Lakes_Mendota_DepthDate_QE-139_HILICZ-VF1_USHXG01161_POS_MSMS_20_ME-20171004-metabo-20_1_Rg70to1050-CE102040-10p8-S1_Run80.mzML,20180918_KBL_TM_Lakes_Mendota_DepthDate_QE-139_HILICZ-VF1_USHXG01161_POS_MSMS_20_ME-20171004-metabo-20_1_Rg70to1050-CE102040-10p8-S1_Run80.mzML,178215027
/Volumes/LaCie/nmdc_data/mcmahon_11_fkbnah04/raw/20180918_KBL_TM_Lakes_GEODES_All3_QE-HF_HILICZ-VF1_USHXG01161_NEG_MSMS_41_GEO-ME-24-F_1_Rg70to1050-CE102040-0-7-S1_Run152.mzML,20180918_KBL_TM_Lakes_GEODES_All3_QE-HF_HILICZ-VF1_USHXG01161_NEG_MSMS_41_GEO-ME-24-F_1_Rg70to1050-CE102040-0-7-S1_Run152.mzML,171984745
/Volumes/LaCie/nmdc_data/mcmahon_11_fkbnah04/raw/20180918_KBL_TM_Lakes_GEODES_All3_QE-HF_HILICZ-VF1_USHXG01161_POS_MSMS_46_GEO-ME-44-F_1_Rg70to1050-CE102040-0-7-S1_Run171.mzML,20180918_KBL_TM_Lakes_GEODES_All3_QE-HF_HILICZ-VF1_USHXG01161_POS_MSMS_46_GEO-ME-44-F_1_Rg70to1050-CE102040-0-7-S1_Run171.mzML,174987556
/Volumes/LaCie/nmdc_data/mcmahon_11_fkbnah04/raw/20181217_KBL_TM_Lakes_Mendota_DepthDate_QE-HF_C18_USDAY46918_NEG_MSMS_27_ME-20171019-metabo-27_1_Rg80to1200-CE102040-17p8-S1_Run105.mzML,20181217_KBL_TM_Lakes_Mendota_DepthDate_QE-HF_C18_USDAY46918_NEG_MSMS_27_ME-20171019-metabo-27_1_Rg80to1200-CE102040-17p8-S1_Run105.mzML,73499828
/Volumes/LaCie/nmdc_data/mcmahon_11_fkbnah04/raw/20180918_KBL_TM_Lakes_Mendota_DepthDate_QE-139_HILICZ-VF1_USHXG01161_NEG_MSMS_34_ExCtrl-JGI_2_Rg70to1050-CE102040-ExCtrl-S1_Run49.mzML,20180918_KBL_TM_Lakes_Mendota_DepthDate_QE-139_HILICZ-VF1_USHXG01161_NEG_MSMS_34_ExCtrl-JGI_2_Rg70to1050-CE102040-ExCtrl-S1_Run49.mzML,156522224
/Volumes/LaCie/nmdc_data/mcmahon_11_fkbnah04/raw/20180918_KBL_TM_Lakes_Mendota_DepthDate_QE-139_HILICZ-VF1_USHXG01161_NEG_MSMS_25_ME-20171019-metabo-25_1_Rg70to1050-CE102040-16p3-S1_Run99.mzML,20180918_KBL_TM_Lakes_Mendota_DepthDate_QE-139_HILICZ-VF1_USHXG01161_NEG_MSMS_25_ME-20171019-metabo-25_1_Rg70to1050-CE102040-16p3-S1_Run99.mzML,176229537
/Volumes/LaCie/nmdc_data/mcmahon_11_fkbnah04/raw/20180918_KBL_TM_Lakes_GEODES_All3_QE-HF_HILICZ-VF1_USHXG01161_NEG_MSMS_55_GEO-SP-32-F_1_Rg70to1050-CE102040-0-4-S1_Run202.mzML,20180918_KBL_TM_Lakes_GEODES_All3_QE-HF_HILICZ-VF1_USHXG01161_NEG_MSMS_55_GEO-SP-32-F_1_Rg70to1050-CE102040-0-4-S1_Run202.mzML,178841269
/Volumes/LaCie/nmdc_data/mcmahon_11_fkbnah04/raw/20180918_KBL_TM_Lakes_Mendota_DepthDate_QE-139_HILICZ-VF1_USHXG01161_NEG_MSMS_8_ME-20170811-metabo-8_1_Rg70to1050-CE102040-0p5-S1_Run37.mzML,20180918_KBL_TM_Lakes_Mendota_DepthDate_QE-139_HILICZ-VF1_USHXG01161_NEG_MSMS_8_ME-20170811-metabo-8_1_Rg70to1050-CE102040-0p5-S1_Run37.mzML,173999642
/Volumes/LaCie/nmdc_data/mcmahon_11_fkbnah04/raw/20181217_KBL_TM_Lakes_GEODES_All3_QE-HF_C18_USDAY46918_POS_MSMS_29_GEO-TB-24-UF_1_Rg80to1200-CE102040-0-1-S1_Run110.mzML,20181217_KBL_TM_Lakes_GEODES_All3_QE-HF_C18_USDAY46918_POS_MSMS_29_GEO-TB-24-UF_1_Rg80to1200-CE102040-0-1-S1_Run110.mzML,105495734
/Volumes/LaCie/nmdc_data/mcmahon_11_fkbnah04/raw/20181217_KBL_TM_Lakes_GEODES_All3_QE-HF_C18_USDAY46918_NEG_MSMS_74_ExCtrl-JGI_1_Rg80to1200-CE102040-ExCtrl-S1_Run16.mzML,20181217_KBL_TM_Lakes_GEODES_All3_QE-HF_C18_USDAY46918_NEG_MSMS_74_ExCtrl-JGI_1_Rg80to1200-CE102040-ExCtrl-S1_Run16.mzML,81589959
/Volumes/LaCie/nmdc_data/mcmahon_11_fkbnah04/raw/20180918_KBL_TM_Lakes_GEODES_All3_QE-HF_HILICZ-VF1_USHXG01161_NEG_MSMS_7_GEO-ME-32-UF_1_Rg70to1050-CE102040-0-7-S1_Run37.mzML,20180918_KBL_TM_Lakes_GEODES_All3_QE-HF_HILICZ-VF1_USHXG01161_NEG_MSMS_7_GEO-ME-32-UF_1_Rg70to1050-CE102040-0-7-S1_Run37.mzML,172403511
/Volumes/LaCie/nmdc_data/mcmahon_11_fkbnah04/raw/20180918_KBL_TM_Lakes_GEODES_All3_QE-HF_HILICZ-VF1_USHXG01161_NEG_MSMS_12_GEO-ME-8-UF_1_Rg70to1050-CE102040-0-7-S1_Run52.mzML,20180918_KBL_TM_Lakes_GEODES_All3_QE-HF_HILICZ-VF1_USHXG01161_NEG_MSMS_12_GEO-ME-8-UF_1_Rg70to1050-CE102040-0-7-S1_Run52.mzML,170146454
/Volumes/LaCie/nmdc_data/mcmahon_11_fkbnah04/raw/20180918_KBL_TM_Lakes_GEODES_All3_QE-HF_HILICZ-VF1_USHXG01161_NEG_MSMS_15_GEO-SP-16-UF_1_Rg70to1050-CE102040-0-4-S1_Run61.mzML,20180918_KBL_TM_Lakes_GEODES_All3_QE-HF_HILICZ-VF1_USHXG01161_NEG_MSMS_15_GEO-SP-16-UF_1_Rg70to1050-CE102040-0-4-S1_Run61.mzML,175890539
/Volumes/LaCie/nmdc_data/mcmahon_11_fkbnah04/raw/20181217_KBL_TM_Lakes_GEODES_All3_QE-HF_C18_USDAY46918_POS_MSMS_53_GEO-SP-24-F_1_Rg80to1200-CE102040-0-4-S1_Run192.mzML,20181217_KBL_TM_Lakes_GEODES_All3_QE-HF_C18_USDAY46918_POS_MSMS_53_GEO-SP-24-F_1_Rg80to1200-CE102040-0-4-S1_Run192.mzML,98262297
/Volumes/LaCie/nmdc_data/mcmahon_11_fkbnah04/raw/20181217_KBL_TM_Lakes_GEODES_All3_QE-HF_C18_USDAY46918_NEG_MSMS_37_GEO-ME-0-F_1_Rg80to1200-CE102040-0-7-S1_Run140.mzML,20181217_KBL_TM_Lakes_GEODES_All3_QE-HF_C18_USDAY46918_NEG_MSMS_37_GEO-ME-0-F_1_Rg80to1200-CE102040-0-7-S1_Run140.mzML,81328636
/Volumes/LaCie/nmdc_data/mcmahon_11_fkbnah04/raw/20180918_KBL_TM_Lakes_Mendota_DepthDate_QE-139_HILICZ-VF1_USHXG01161_POS_MSMS_15_ME-20170908-metabo-15_1_Rg70to1050-CE102040-11p5-S1_Run60.mzML,20180918_KBL_TM_Lakes_Mendota_DepthDate_QE-139_HILICZ-VF1_USHXG01161_POS_MSMS_15_ME-20170908-metabo-15_1_Rg70to1050-CE102040-11p5-S1_Run60.mzML,183245654
/Volumes/LaCie/nmdc_data/mcmahon_11_fkbnah04/raw/20180918_KBL_TM_Lakes_GEODES_All3_QE-HF_HILICZ-VF1_USHXG01161_NEG_MSMS_70_GEO-TB-44-F_1_Rg70to1050-CE102040-0-1-S1_Run252.mzML,20180918_KBL_TM_Lakes_GEODES_All3_QE-HF_HILICZ-VF1_USHXG01161_NEG_MSMS_70_GEO-TB-44-F_1_Rg70to1050-CE102040-0-1-S1_Run252.mzML,202376149
/Volumes/LaCie/nmdc_data/mcmahon_11_fkbnah04/raw/20181217_KBL_TM_Lakes_Mendota_DepthDate_QE-HF_C18_USDAY46918_POS_MSMS_4_ME-20170811-metabo-4_1_Rg80to1200-CE102040-13p15-S1_Run24.mzML,20181217_KBL_TM_Lakes_Mendota_DepthDate_QE-HF_C18_USDAY46918_POS_MSMS_4_ME-20170811-metabo-4_1_Rg80to1200-CE102040-13p15-S1_Run24.mzML,96353683
/Volumes/LaCie/nmdc_data/mcmahon_11_fkbnah04/raw/20181217_KBL_TM_Lakes_Mendota_DepthDate_QE-HF_C18_USDAY46918_POS_MSMS_34_ExCtrl-JGI_2_Rg80to1200-CE102040-ExCtrl-S1_Run48.mzML,20181217_KBL_TM_Lakes_Mendota_DepthDate_QE-HF_C18_USDAY46918_POS_MSMS_34_ExCtrl-JGI_2_Rg80to1200-CE102040-ExCtrl-S1_Run48.mzML,78156105
/Volumes/LaCie/nmdc_data/mcmahon_11_fkbnah04/raw/20181217_KBL_TM_Lakes_Mendota_DepthDate_QE-HF_C18_USDAY46918_NEG_MSMS_18_ME-20171004-metabo-18_1_Rg80to1200-CE102040-13p5-S1_Run75.mzML,20181217_KBL_TM_Lakes_Mendota_DepthDate_QE-HF_C18_USDAY46918_NEG_MSMS_18_ME-20171004-metabo-18_1_Rg80to1200-CE102040-13p5-S1_Run75.mzML,72322698
/Volumes/LaCie/nmdc_data/mcmahon_11_fkbnah04/raw/20180918_KBL_TM_Lakes_GEODES_All3_QE-HF_HILICZ-VF1_USHXG01161_NEG_MSMS_39_GEO-ME-16-F_1_Rg70to1050-CE102040-0-7-S1_Run146.mzML,20180918_KBL_TM_Lakes_GEODES_All3_QE-HF_HILICZ-VF1_USHXG01161_NEG_MSMS_39_GEO-ME-16-F_1_Rg70to1050-CE102040-0-7-S1_Run146.mzML,168084889
/Volumes/LaCie/nmdc_data/mcmahon_11_fkbnah04/raw/20180918_KBL_TM_Lakes_Mendota_DepthDate_QE-139_HILICZ-VF1_USHXG01161_POS_MSMS_29_ME-20171101-metabo-29_1_Rg70to1050-CE102040-2p1-S1_Run110.mzML,20180918_KBL_TM_Lakes_Mendota_DepthDate_QE-139_HILICZ-VF1_USHXG01161_POS_MSMS_29_ME-20171101-metabo-29_1_Rg70to1050-CE102040-2p1-S1_Run110.mzML,175640553
/Volumes/LaCie/nmdc_data/mcmahon_11_fkbnah04/raw/20180918_KBL_TM_Lakes_GEODES_All3_QE-HF_HILICZ-VF1_USHXG01161_POS_MSMS_1_GEO-ME-0-UF_1_Rg70to1050-CE102040-0-7-S1_Run18.mzML,20180918_KBL_TM_Lakes_GEODES_All3_QE-HF_HILICZ-VF1_USHXG01161_POS_MSMS_1_GEO-ME-0-UF_1_Rg70to1050-CE102040-0-7-S1_Run18.mzML,169917227
/Volumes/LaCie/nmdc_data/mcmahon_11_fkbnah04/raw/20180918_KBL_TM_Lakes_GEODES_All3_QE-HF_HILICZ-VF1_USHXG01161_POS_MSMS_47_GEO-ME-4-F_1_Rg70to1050-CE102040-0-7-S1_Run174.mzML,20180918_KBL_TM_Lakes_GEODES_All3_QE-HF_HILICZ-VF1_USHXG01161_POS_MSMS_47_GEO-ME-4-F_1_Rg70to1050-CE102040-0-7-S1_Run174.mzML,174238145
/Volumes/LaCie/nmdc_data/mcmahon_11_fkbnah04/raw/20181217_KBL_TM_Lakes_GEODES_All3_QE-HF_C18_USDAY46918_NEG_MSMS_3_GEO-ME-16-UF_1_Rg80to1200-CE102040-0-7-S1_Run25.mzML,20181217_KBL_TM_Lakes_GEODES_All3_QE-HF_C18_USDAY46918_NEG_MSMS_3_GEO-ME-16-UF_1_Rg80to1200-CE102040-0-7-S1_Run25.mzML,86453117
/Volumes/LaCie/nmdc_data/mcmahon_11_fkbnah04/raw/20180918_KBL_TM_Lakes_Mendota_DepthDate_QE-139_HILICZ-VF1_USHXG01161_NEG_MSMS_22_ME-20171004-metabo-22_1_Rg70to1050-CE102040-19p8-S1_Run87.mzML,20180918_KBL_TM_Lakes_Mendota_DepthDate_QE-139_HILICZ-VF1_USHXG01161_NEG_MSMS_22_ME-20171004-metabo-22_1_Rg70to1050-CE102040-19p8-S1_Run87.mzML,174922296
/Volumes/LaCie/nmdc_data/mcmahon_11_fkbnah04/raw/20160526_HILIC___POS_MSMS_KBL_Qex_UV_Lake_ExtractionBlank______Run5.mzML,20160526_HILIC___POS_MSMS_KBL_Qex_UV_Lake_ExtractionBlank______Run5.mzML,166526052
/Volumes/LaCie/nmdc_data/mcmahon_11_fkbnah04/raw/20181217_KBL_TM_Lakes_GEODES_All3_QE-HF_C18_USDAY46918_POS_MSMS_50_GEO-SP-12-F_1_Rg80to1200-CE102040-0-4-S1_Run183.mzML,20181217_KBL_TM_Lakes_GEODES_All3_QE-HF_C18_USDAY46918_POS_MSMS_50_GEO-SP-12-F_1_Rg80to1200-CE102040-0-4-S1_Run183.mzML,99720417
/Volumes/LaCie/nmdc_data/mcmahon_11_fkbnah04/raw/20180918_KBL_TM_Lakes_Mendota_DepthDate_QE-139_HILICZ-VF1_USHXG01161_POS_MSMS_30_ME-20171101-metabo-30_1_Rg70to1050-CE102040-11p9-S1_Run113.mzML,20180918_KBL_TM_Lakes_Mendota_DepthDate_QE-139_HILICZ-VF1_USHXG01161_POS_MSMS_30_ME-20171101-metabo-30_1_Rg70to1050-CE102040-11p9-S1_Run113.mzML,173980682
/Volumes/LaCie/nmdc_data/mcmahon_11_fkbnah04/raw/20180918_KBL_TM_Lakes_GEODES_All3_QE-HF_HILICZ-VF1_USHXG01161_NEG_MSMS_31_GEO-TB-32-UF_1_Rg70to1050-CE102040-0-1-S1_Run122.mzML,20180918_KBL_TM_Lakes_GEODES_All3_QE-HF_HILICZ-VF1_USHXG01161_NEG_MSMS_31_GEO-TB-32-UF_1_Rg70to1050-CE102040-0-1-S1_Run122.mzML,200114164
/Volumes/LaCie/nmdc_data/mcmahon_11_fkbnah04/raw/20180918_KBL_TM_Lakes_Mendota_DepthDate_QE-139_HILICZ-VF1_USHXG01161_NEG_MSMS_27_ME-20171019-metabo-27_1_Rg70to1050-CE102040-17p8-S1_Run105.mzML,20180918_KBL_TM_Lakes_Mendota_DepthDate_QE-139_HILICZ-VF1_USHXG01161_NEG_MSMS_27_ME-20171019-metabo-27_1_Rg70to1050-CE102040-17p8-S1_Run105.mzML,173498602
/Volumes/LaCie/nmdc_data/mcmahon_11_fkbnah04/raw/20180918_KBL_TM_Lakes_Mendota_DepthDate_QE-139_HILICZ-VF1_USHXG01161_POS_MSMS_23_ME-20171004-metabo-23_1_Rg70to1050-CE102040-12p9-S1_Run92.mzML,20180918_KBL_TM_Lakes_Mendota_DepthDate_QE-139_HILICZ-VF1_USHXG01161_POS_MSMS_23_ME-20171004-metabo-23_1_Rg70to1050-CE102040-12p9-S1_Run92.mzML,176061373
/Volumes/LaCie/nmdc_data/mcmahon_11_fkbnah04/raw/20181217_KBL_TM_Lakes_GEODES_All3_QE-HF_C18_USDAY46918_POS_MSMS_21_GEO-SP-40-UF_1_Rg80to1200-CE102040-0-4-S1_Run83.mzML,20181217_KBL_TM_Lakes_GEODES_All3_QE-HF_C18_USDAY46918_POS_MSMS_21_GEO-SP-40-UF_1_Rg80to1200-CE102040-0-4-S1_Run83.mzML,104899289
/Volumes/LaCie/nmdc_data/mcmahon_11_fkbnah04/raw/20181217_KBL_TM_Lakes_GEODES_All3_QE-HF_C18_USDAY46918_POS_MSMS_28_GEO-TB-20-UF_1_Rg80to1200-CE102040-0-1-S1_Run107.mzML,20181217_KBL_TM_Lakes_GEODES_All3_QE-HF_C18_USDAY46918_POS_MSMS_28_GEO-TB-20-UF_1_Rg80to1200-CE102040-0-1-S1_Run107.mzML,106674570
/Volumes/LaCie/nmdc_data/mcmahon_11_fkbnah04/raw/20180918_KBL_TM_Lakes_Mendota_DepthDate_QE-139_HILICZ-VF1_USHXG01161_POS_MSMS_2_ME-20170811-metabo-2_1_Rg70to1050-CE102040-18p08-S1_Run18.mzML,20180918_KBL_TM_Lakes_Mendota_DepthDate_QE-139_HILICZ-VF1_USHXG01161_POS_MSMS_2_ME-20170811-metabo-2_1_Rg70to1050-CE102040-18p08-S1_Run18.mzML,183677456
/Volumes/LaCie/nmdc_data/mcmahon_11_fkbnah04/raw/20181217_KBL_TM_Lakes_GEODES_All3_QE-HF_C18_USDAY46918_POS_MSMS_74_ExCtrl-JGI_1_Rg80to1200-CE102040-ExCtrl-S1_Run15.mzML,20181217_KBL_TM_Lakes_GEODES_All3_QE-HF_C18_USDAY46918_POS_MSMS_74_ExCtrl-JGI_1_Rg80to1200-CE102040-ExCtrl-S1_Run15.mzML,90056358
/Volumes/LaCie/nmdc_data/mcmahon_11_fkbnah04/raw/20181217_KBL_TM_Lakes_Mendota_DepthDate_QE-HF_C18_USDAY46918_NEG_MSMS_12_ME-20170908-metabo-12_1_Rg80to1200-CE102040-14p5-S1_Run52.mzML,20181217_KBL_TM_Lakes_Mendota_DepthDate_QE-HF_C18_USDAY46918_NEG_MSMS_12_ME-20170908-metabo-12_1_Rg80to1200-CE102040-14p5-S1_Run52.mzML,78285685
/Volumes/LaCie/nmdc_data/mcmahon_11_fkbnah04/raw/20180918_KBL_TM_Lakes_GEODES_All3_QE-HF_HILICZ-VF1_USHXG01161_POS_MSMS_38_GEO-ME-12-F_1_Rg70to1050-CE102040-0-7-S1_Run142.mzML,20180918_KBL_TM_Lakes_GEODES_All3_QE-HF_HILICZ-VF1_USHXG01161_POS_MSMS_38_GEO-ME-12-F_1_Rg70to1050-CE102040-0-7-S1_Run142.mzML,176599573
/Volumes/LaCie/nmdc_data/mcmahon_11_fkbnah04/raw/20181217_KBL_TM_Lakes_GEODES_All3_QE-HF_C18_USDAY46918_NEG_MSMS_47_GEO-ME-4-F_1_Rg80to1200-CE102040-0-7-S1_Run175.mzML,20181217_KBL_TM_Lakes_GEODES_All3_QE-HF_C18_USDAY46918_NEG_MSMS_47_GEO-ME-4-F_1_Rg80to1200-CE102040-0-7-S1_Run175.mzML,77700636
/Volumes/LaCie/nmdc_data/mcmahon_11_fkbnah04/raw/20180918_KBL_TM_Lakes_Mendota_DepthDate_QE-139_HILICZ-VF1_USHXG01161_NEG_MSMS_17_ME-20171004-metabo-17_1_Rg70to1050-CE102040-14p5-S1_Run72.mzML,20180918_KBL_TM_Lakes_Mendota_DepthDate_QE-139_HILICZ-VF1_USHXG01161_NEG_MSMS_17_ME-20171004-metabo-17_1_Rg70to1050-CE102040-14p5-S1_Run72.mzML,173674296
/Volumes/LaCie/nmdc_data/mcmahon_11_fkbnah04/raw/20181217_KBL_TM_Lakes_GEODES_All3_QE-HF_C18_USDAY46918_POS_MSMS_10_GEO-ME-44-UF_1_Rg80to1200-CE102040-0-7-S1_Run45.mzML,20181217_KBL_TM_Lakes_GEODES_All3_QE-HF_C18_USDAY46918_POS_MSMS_10_GEO-ME-44-UF_1_Rg80to1200-CE102040-0-7-S1_Run45.mzML,103946589
/Volumes/LaCie/nmdc_data/mcmahon_11_fkbnah04/raw/20181217_KBL_TM_Lakes_Mendota_DepthDate_QE-HF_C18_USDAY46918_NEG_MSMS_4_ME-20170811-metabo-4_1_Rg80to1200-CE102040-13p15-S1_Run25.mzML,20181217_KBL_TM_Lakes_Mendota_DepthDate_QE-HF_C18_USDAY46918_NEG_MSMS_4_ME-20170811-metabo-4_1_Rg80to1200-CE102040-13p15-S1_Run25.mzML,74420918
/Volumes/LaCie/nmdc_data/mcmahon_11_fkbnah04/raw/20180918_KBL_TM_Lakes_GEODES_All3_QE-HF_HILICZ-VF1_USHXG01161_NEG_MSMS_71_GEO-TB-4-F_1_Rg70to1050-CE102040-0-1-S1_Run255.mzML,20180918_KBL_TM_Lakes_GEODES_All3_QE-HF_HILICZ-VF1_USHXG01161_NEG_MSMS_71_GEO-TB-4-F_1_Rg70to1050-CE102040-0-1-S1_Run255.mzML,201331809
/Volumes/LaCie/nmdc_data/mcmahon_11_fkbnah04/raw/20180918_KBL_TM_Lakes_GEODES_All3_QE-HF_HILICZ-VF1_USHXG01161_POS_MSMS_11_GEO-ME-4-UF_1_Rg70to1050-CE102040-0-7-S1_Run48.mzML,20180918_KBL_TM_Lakes_GEODES_All3_QE-HF_HILICZ-VF1_USHXG01161_POS_MSMS_11_GEO-ME-4-UF_1_Rg70to1050-CE102040-0-7-S1_Run48.mzML,175081584
/Volumes/LaCie/nmdc_data/mcmahon_11_fkbnah04/raw/20180918_KBL_TM_Lakes_Mendota_DepthDate_QE-139_HILICZ-VF1_USHXG01161_NEG_MSMS_29_ME-20171101-metabo-29_1_Rg70to1050-CE102040-2p1-S1_Run111.mzML,20180918_KBL_TM_Lakes_Mendota_DepthDate_QE-139_HILICZ-VF1_USHXG01161_NEG_MSMS_29_ME-20171101-metabo-29_1_Rg70to1050-CE102040-2p1-S1_Run111.mzML,175210669
/Volumes/LaCie/nmdc_data/mcmahon_11_fkbnah04/raw/20181217_KBL_TM_Lakes_GEODES_All3_QE-HF_C18_USDAY46918_NEG_MSMS_69_GEO-TB-40-F_1_Rg80to1200-CE102040-0-1-S1_Run249.mzML,20181217_KBL_TM_Lakes_GEODES_All3_QE-HF_C18_USDAY46918_NEG_MSMS_69_GEO-TB-40-F_1_Rg80to1200-CE102040-0-1-S1_Run249.mzML,85367017
/Volumes/LaCie/nmdc_data/mcmahon_11_fkbnah04/raw/20181217_KBL_TM_Lakes_GEODES_All3_QE-HF_C18_USDAY46918_POS_MSMS_54_GEO-SP-28-F_1_Rg80to1200-CE102040-0-4-S1_Run198.mzML,20181217_KBL_TM_Lakes_GEODES_All3_QE-HF_C18_USDAY46918_POS_MSMS_54_GEO-SP-28-F_1_Rg80to1200-CE102040-0-4-S1_Run198.mzML,97676421
/Volumes/LaCie/nmdc_data/mcmahon_11_fkbnah04/raw/20180918_KBL_TM_Lakes_Mendota_DepthDate_QE-139_HILICZ-VF1_USHXG01161_NEG_MSMS_5_ME-20170811-metabo-5_1_Rg70to1050-CE102040-11p5-S1_Run28.mzML,20180918_KBL_TM_Lakes_Mendota_DepthDate_QE-139_HILICZ-VF1_USHXG01161_NEG_MSMS_5_ME-20170811-metabo-5_1_Rg70to1050-CE102040-11p5-S1_Run28.mzML,171520679
/Volumes/LaCie/nmdc_data/mcmahon_11_fkbnah04/raw/20180918_KBL_TM_Lakes_GEODES_All3_QE-HF_HILICZ-VF1_USHXG01161_NEG_MSMS_48_GEO-ME-8-F_1_Rg70to1050-CE102040-0-7-S1_Run178.mzML,20180918_KBL_TM_Lakes_GEODES_All3_QE-HF_HILICZ-VF1_USHXG01161_NEG_MSMS_48_GEO-ME-8-F_1_Rg70to1050-CE102040-0-7-S1_Run178.mzML,169162187
/Volumes/LaCie/nmdc_data/mcmahon_11_fkbnah04/raw/20180918_KBL_TM_Lakes_GEODES_All3_QE-HF_HILICZ-VF1_USHXG01161_POS_MSMS_28_GEO-TB-20-UF_1_Rg70to1050-CE102040-0-1-S1_Run107.mzML,20180918_KBL_TM_Lakes_GEODES_All3_QE-HF_HILICZ-VF1_USHXG01161_POS_MSMS_28_GEO-TB-20-UF_1_Rg70to1050-CE102040-0-1-S1_Run107.mzML,191074321
/Volumes/LaCie/nmdc_data/mcmahon_11_fkbnah04/raw/20181217_KBL_TM_Lakes_GEODES_All3_QE-HF_C18_USDAY46918_POS_MSMS_39_GEO-ME-16-F_1_Rg80to1200-CE102040-0-7-S1_Run145.mzML,20181217_KBL_TM_Lakes_GEODES_All3_QE-HF_C18_USDAY46918_POS_MSMS_39_GEO-ME-16-F_1_Rg80to1200-CE102040-0-7-S1_Run145.mzML,101011781
/Volumes/LaCie/nmdc_data/mcmahon_11_fkbnah04/raw/20181217_KBL_TM_Lakes_GEODES_All3_QE-HF_C18_USDAY46918_NEG_MSMS_53_GEO-SP-24-F_1_Rg80to1200-CE102040-0-4-S1_Run193.mzML,20181217_KBL_TM_Lakes_GEODES_All3_QE-HF_C18_USDAY46918_NEG_MSMS_53_GEO-SP-24-F_1_Rg80to1200-CE102040-0-4-S1_Run193.mzML,79829046
/Volumes/LaCie/nmdc_data/mcmahon_11_fkbnah04/raw/20180918_KBL_TM_Lakes_GEODES_All3_QE-HF_HILICZ-VF1_USHXG01161_POS_MSMS_51_GEO-SP-16-F_1_Rg70to1050-CE102040-0-4-S1_Run186.mzML,20180918_KBL_TM_Lakes_GEODES_All3_QE-HF_HILICZ-VF1_USHXG01161_POS_MSMS_51_GEO-SP-16-F_1_Rg70to1050-CE102040-0-4-S1_Run186.mzML,179503193
/Volumes/LaCie/nmdc_data/mcmahon_11_fkbnah04/raw/20181217_KBL_TM_Lakes_GEODES_All3_QE-HF_C18_USDAY46918_POS_MSMS_9_GEO-ME-40-UF_1_Rg80to1200-CE102040-0-7-S1_Run42.mzML,20181217_KBL_TM_Lakes_GEODES_All3_QE-HF_C18_USDAY46918_POS_MSMS_9_GEO-ME-40-UF_1_Rg80to1200-CE102040-0-7-S1_Run42.mzML,103955552
/Volumes/LaCie/nmdc_data/mcmahon_11_fkbnah04/raw/20181217_KBL_TM_Lakes_Mendota_DepthDate_QE-HF_C18_USDAY46918_NEG_MSMS_33_ExCtrl-JGI_1_Rg80to1200-CE102040-ExCtrl-S1_Run13.mzML,20181217_KBL_TM_Lakes_Mendota_DepthDate_QE-HF_C18_USDAY46918_NEG_MSMS_33_ExCtrl-JGI_1_Rg80to1200-CE102040-ExCtrl-S1_Run13.mzML,65747970
/Volumes/LaCie/nmdc_data/mcmahon_11_fkbnah04/raw/20180918_KBL_TM_Lakes_GEODES_All3_QE-HF_HILICZ-VF1_USHXG01161_POS_MSMS_7_GEO-ME-32-UF_1_Rg70to1050-CE102040-0-7-S1_Run36.mzML,20180918_KBL_TM_Lakes_GEODES_All3_QE-HF_HILICZ-VF1_USHXG01161_POS_MSMS_7_GEO-ME-32-UF_1_Rg70to1050-CE102040-0-7-S1_Run36.mzML,173009203
/Volumes/LaCie/nmdc_data/mcmahon_11_fkbnah04/raw/20181217_KBL_TM_Lakes_GEODES_All3_QE-HF_C18_USDAY46918_NEG_MSMS_15_GEO-SP-16-UF_1_Rg80to1200-CE102040-0-4-S1_Run61.mzML,20181217_KBL_TM_Lakes_GEODES_All3_QE-HF_C18_USDAY46918_NEG_MSMS_15_GEO-SP-16-UF_1_Rg80to1200-CE102040-0-4-S1_Run61.mzML,86222884
/Volumes/LaCie/nmdc_data/mcmahon_11_fkbnah04/raw/20181217_KBL_TM_Lakes_GEODES_All3_QE-HF_C18_USDAY46918_POS_MSMS_42_GEO-ME-28-F_1_Rg80to1200-CE102040-0-7-S1_Run154.mzML,20181217_KBL_TM_Lakes_GEODES_All3_QE-HF_C18_USDAY46918_POS_MSMS_42_GEO-ME-28-F_1_Rg80to1200-CE102040-0-7-S1_Run154.mzML,99807111
/Volumes/LaCie/nmdc_data/mcmahon_11_fkbnah04/raw/20181217_KBL_TM_Lakes_Mendota_DepthDate_QE-HF_C18_USDAY46918_NEG_MSMS_34_ExCtrl-JGI_2_Rg80to1200-CE102040-ExCtrl-S1_Run49.mzML,20181217_KBL_TM_Lakes_Mendota_DepthDate_QE-HF_C18_USDAY46918_NEG_MSMS_34_ExCtrl-JGI_2_Rg80to1200-CE102040-ExCtrl-S1_Run49.mzML,62769603
/Volumes/LaCie/nmdc_data/mcmahon_11_fkbnah04/raw/20180918_KBL_TM_Lakes_Mendota_DepthDate_QE-139_HILICZ-VF1_USHXG01161_POS_MSMS_27_ME-20171019-metabo-27_1_Rg70to1050-CE102040-17p8-S1_Run104.mzML,20180918_KBL_TM_Lakes_Mendota_DepthDate_QE-139_HILICZ-VF1_USHXG01161_POS_MSMS_27_ME-20171019-metabo-27_1_Rg70to1050-CE102040-17p8-S1_Run104.mzML,177891300
/Volumes/LaCie/nmdc_data/mcmahon_11_fkbnah04/raw/20181217_KBL_TM_Lakes_Mendota_DepthDate_QE-HF_C18_USDAY46918_POS_MSMS_26_ME-20171019-metabo-26_1_Rg80to1200-CE102040-17p3-S1_Run101.mzML,20181217_KBL_TM_Lakes_Mendota_DepthDate_QE-HF_C18_USDAY46918_POS_MSMS_26_ME-20171019-metabo-26_1_Rg80to1200-CE102040-17p3-S1_Run101.mzML,93508326
/Volumes/LaCie/nmdc_data/mcmahon_11_fkbnah04/raw/20181217_KBL_TM_Lakes_GEODES_All3_QE-HF_C18_USDAY46918_NEG_MSMS_1_GEO-ME-0-UF_1_Rg80to1200-CE102040-0-7-S1_Run19.mzML,20181217_KBL_TM_Lakes_GEODES_All3_QE-HF_C18_USDAY46918_NEG_MSMS_1_GEO-ME-0-UF_1_Rg80to1200-CE102040-0-7-S1_Run19.mzML,86721218
/Volumes/LaCie/nmdc_data/mcmahon_11_fkbnah04/raw/20181217_KBL_TM_Lakes_Mendota_DepthDate_QE-HF_C18_USDAY46918_NEG_MSMS_24_ME-20171004-metabo-24_1_Rg80to1200-CE102040-0p5-S1_Run96.mzML,20181217_KBL_TM_Lakes_Mendota_DepthDate_QE-HF_C18_USDAY46918_NEG_MSMS_24_ME-20171004-metabo-24_1_Rg80to1200-CE102040-0p5-S1_Run96.mzML,67640504
/Volumes/LaCie/nmdc_data/mcmahon_11_fkbnah04/raw/20181217_KBL_TM_Lakes_Mendota_DepthDate_QE-HF_C18_USDAY46918_NEG_MSMS_25_ME-20171019-metabo-25_1_Rg80to1200-CE102040-16p3-S1_Run99.mzML,20181217_KBL_TM_Lakes_Mendota_DepthDate_QE-HF_C18_USDAY46918_NEG_MSMS_25_ME-20171019-metabo-25_1_Rg80to1200-CE102040-16p3-S1_Run99.mzML,70871920
/Volumes/LaCie/nmdc_data/mcmahon_11_fkbnah04/raw/20180918_KBL_TM_Lakes_GEODES_All3_QE-HF_HILICZ-VF1_USHXG01161_NEG_MSMS_22_GEO-SP-44-UF_1_Rg70to1050-CE102040-0-4-S1_Run87.mzML,20180918_KBL_TM_Lakes_GEODES_All3_QE-HF_HILICZ-VF1_USHXG01161_NEG_MSMS_22_GEO-SP-44-UF_1_Rg70to1050-CE102040-0-4-S1_Run87.mzML,177849250
/Volumes/LaCie/nmdc_data/mcmahon_11_fkbnah04/raw/20181217_KBL_TM_Lakes_GEODES_All3_QE-HF_C18_USDAY46918_NEG_MSMS_66_GEO-TB-28-F_1_Rg80to1200-CE102040-0-1-S1_Run240.mzML,20181217_KBL_TM_Lakes_GEODES_All3_QE-HF_C18_USDAY46918_NEG_MSMS_66_GEO-TB-28-F_1_Rg80to1200-CE102040-0-1-S1_Run240.mzML,86130560
/Volumes/LaCie/nmdc_data/mcmahon_11_fkbnah04/raw/20181217_KBL_TM_Lakes_GEODES_All3_QE-HF_C18_USDAY46918_NEG_MSMS_32_GEO-TB-36-UF_1_Rg80to1200-CE102040-0-1-S1_Run125.mzML,20181217_KBL_TM_Lakes_GEODES_All3_QE-HF_C18_USDAY46918_NEG_MSMS_32_GEO-TB-36-UF_1_Rg80to1200-CE102040-0-1-S1_Run125.mzML,91599448
/Volumes/LaCie/nmdc_data/mcmahon_11_fkbnah04/raw/20180918_KBL_TM_Lakes_GEODES_All3_QE-HF_HILICZ-VF1_USHXG01161_POS_MSMS_65_GEO-TB-24-F_1_Rg70to1050-CE102040-0-1-S1_Run236.mzML,20180918_KBL_TM_Lakes_GEODES_All3_QE-HF_HILICZ-VF1_USHXG01161_POS_MSMS_65_GEO-TB-24-F_1_Rg70to1050-CE102040-0-1-S1_Run236.mzML,192021953
/Volumes/LaCie/nmdc_data/mcmahon_11_fkbnah04/raw/20181217_KBL_TM_Lakes_GEODES_All3_QE-HF_C18_USDAY46918_POS_MSMS_41_GEO-ME-24-F_1_Rg80to1200-CE102040-0-7-S1_Run151.mzML,20181217_KBL_TM_Lakes_GEODES_All3_QE-HF_C18_USDAY46918_POS_MSMS_41_GEO-ME-24-F_1_Rg80to1200-CE102040-0-7-S1_Run151.mzML,101173743
/Volumes/LaCie/nmdc_data/mcmahon_11_fkbnah04/raw/20181217_KBL_TM_Lakes_GEODES_All3_QE-HF_C18_USDAY46918_POS_MSMS_30_GEO-TB-28-UF_1_Rg80to1200-CE102040-0-1-S1_Run113.mzML,20181217_KBL_TM_Lakes_GEODES_All3_QE-HF_C18_USDAY46918_POS_MSMS_30_GEO-TB-28-UF_1_Rg80to1200-CE102040-0-1-S1_Run113.mzML,105986146
/Volumes/LaCie/nmdc_data/mcmahon_11_fkbnah04/raw/20181217_KBL_TM_Lakes_GEODES_All3_QE-HF_C18_USDAY46918_POS_MSMS_68_GEO-TB-36-F_1_Rg80to1200-CE102040-0-1-S1_Run245.mzML,20181217_KBL_TM_Lakes_GEODES_All3_QE-HF_C18_USDAY46918_POS_MSMS_68_GEO-TB-36-F_1_Rg80to1200-CE102040-0-1-S1_Run245.mzML,100133405
/Volumes/LaCie/nmdc_data/mcmahon_11_fkbnah04/raw/20180918_KBL_TM_Lakes_GEODES_All3_QE-HF_HILICZ-VF1_USHXG01161_NEG_MSMS_13_GEO-SP-0-UF_1_Rg70to1050-CE102040-0-4-S1_Run55.mzML,20180918_KBL_TM_Lakes_GEODES_All3_QE-HF_HILICZ-VF1_USHXG01161_NEG_MSMS_13_GEO-SP-0-UF_1_Rg70to1050-CE102040-0-4-S1_Run55.mzML,176636027
/Volumes/LaCie/nmdc_data/mcmahon_11_fkbnah04/raw/20180918_KBL_TM_Lakes_Mendota_DepthDate_QE-139_HILICZ-VF1_USHXG01161_NEG_MSMS_20_ME-20171004-metabo-20_1_Rg70to1050-CE102040-10p8-S1_Run81.mzML,20180918_KBL_TM_Lakes_Mendota_DepthDate_QE-139_HILICZ-VF1_USHXG01161_NEG_MSMS_20_ME-20171004-metabo-20_1_Rg70to1050-CE102040-10p8-S1_Run81.mzML,176633184
/Volumes/LaCie/nmdc_data/mcmahon_11_fkbnah04/raw/20180918_KBL_TM_Lakes_Mendota_DepthDate_QE-139_HILICZ-VF1_USHXG01161_POS_MSMS_11_ME-20170908-metabo-11_1_Rg70to1050-CE102040-16p1-S1_Run45.mzML,20180918_KBL_TM_Lakes_Mendota_DepthDate_QE-139_HILICZ-VF1_USHXG01161_POS_MSMS_11_ME-20170908-metabo-11_1_Rg70to1050-CE102040-16p1-S1_Run45.mzML,175799818
/Volumes/LaCie/nmdc_data/mcmahon_11_fkbnah04/raw/20181217_KBL_TM_Lakes_GEODES_All3_QE-HF_C18_USDAY46918_POS_MSMS_3_GEO-ME-16-UF_1_Rg80to1200-CE102040-0-7-S1_Run24.mzML,20181217_KBL_TM_Lakes_GEODES_All3_QE-HF_C18_USDAY46918_POS_MSMS_3_GEO-ME-16-UF_1_Rg80to1200-CE102040-0-7-S1_Run24.mzML,106146549
/Volumes/LaCie/nmdc_data/mcmahon_11_fkbnah04/raw/20180918_KBL_TM_Lakes_GEODES_All3_QE-HF_HILICZ-VF1_USHXG01161_NEG_MSMS_64_GEO-TB-20-F_1_Rg70to1050-CE102040-0-1-S1_Run234.mzML,20180918_KBL_TM_Lakes_GEODES_All3_QE-HF_HILICZ-VF1_USHXG01161_NEG_MSMS_64_GEO-TB-20-F_1_Rg70to1050-CE102040-0-1-S1_Run234.mzML,200796309
/Volumes/LaCie/nmdc_data/mcmahon_11_fkbnah04/raw/20180918_KBL_TM_Lakes_Mendota_DepthDate_QE-139_HILICZ-VF1_USHXG01161_POS_MSMS_4_ME-20170811-metabo-4_1_Rg70to1050-CE102040-13p15-S1_Run24.mzML,20180918_KBL_TM_Lakes_Mendota_DepthDate_QE-139_HILICZ-VF1_USHXG01161_POS_MSMS_4_ME-20170811-metabo-4_1_Rg70to1050-CE102040-13p15-S1_Run24.mzML,178614982
/Volumes/LaCie/nmdc_data/mcmahon_11_fkbnah04/raw/20180918_KBL_TM_Lakes_GEODES_All3_QE-HF_HILICZ-VF1_USHXG01161_POS_MSMS_52_GEO-SP-20-F_1_Rg70to1050-CE102040-0-4-S1_Run189.mzML,20180918_KBL_TM_Lakes_GEODES_All3_QE-HF_HILICZ-VF1_USHXG01161_POS_MSMS_52_GEO-SP-20-F_1_Rg70to1050-CE102040-0-4-S1_Run189.mzML,177235000
/Volumes/LaCie/nmdc_data/mcmahon_11_fkbnah04/raw/20180918_KBL_TM_Lakes_Mendota_DepthDate_QE-139_HILICZ-VF1_USHXG01161_NEG_MSMS_30_ME-20171101-metabo-30_1_Rg70to1050-CE102040-11p9-S1_Run114.mzML,20180918_KBL_TM_Lakes_Mendota_DepthDate_QE-139_HILICZ-VF1_USHXG01161_NEG_MSMS_30_ME-20171101-metabo-30_1_Rg70to1050-CE102040-11p9-S1_Run114.mzML,174665259
/Volumes/LaCie/nmdc_data/mcmahon_11_fkbnah04/raw/20180918_KBL_TM_Lakes_GEODES_All3_QE-HF_HILICZ-VF1_USHXG01161_POS_MSMS_76_ExCtrl-JGI_3_Rg70to1050-CE102040-ExCtrl-S1_Run195.mzML,20180918_KBL_TM_Lakes_GEODES_All3_QE-HF_HILICZ-VF1_USHXG01161_POS_MSMS_76_ExCtrl-JGI_3_Rg70to1050-CE102040-ExCtrl-S1_Run195.mzML,162407921
/Volumes/LaCie/nmdc_data/mcmahon_11_fkbnah04/raw/20180918_KBL_TM_Lakes_GEODES_All3_QE-HF_HILICZ-VF1_USHXG01161_POS_MSMS_9_GEO-ME-40-UF_1_Rg70to1050-CE102040-0-7-S1_Run42.mzML,20180918_KBL_TM_Lakes_GEODES_All3_QE-HF_HILICZ-VF1_USHXG01161_POS_MSMS_9_GEO-ME-40-UF_1_Rg70to1050-CE102040-0-7-S1_Run42.mzML,170436305
/Volumes/LaCie/nmdc_data/mcmahon_11_fkbnah04/raw/20181217_KBL_TM_Lakes_GEODES_All3_QE-HF_C18_USDAY46918_NEG_MSMS_52_GEO-SP-20-F_1_Rg80to1200-CE102040-0-4-S1_Run190.mzML,20181217_KBL_TM_Lakes_GEODES_All3_QE-HF_C18_USDAY46918_NEG_MSMS_52_GEO-SP-20-F_1_Rg80to1200-CE102040-0-4-S1_Run190.mzML,78764661
/Volumes/LaCie/nmdc_data/mcmahon_11_fkbnah04/raw/20181217_KBL_TM_Lakes_GEODES_All3_QE-HF_C18_USDAY46918_POS_MSMS_15_GEO-SP-16-UF_1_Rg80to1200-CE102040-0-4-S1_Run60.mzML,20181217_KBL_TM_Lakes_GEODES_All3_QE-HF_C18_USDAY46918_POS_MSMS_15_GEO-SP-16-UF_1_Rg80to1200-CE102040-0-4-S1_Run60.mzML,104271723
/Volumes/LaCie/nmdc_data/mcmahon_11_fkbnah04/raw/20181217_KBL_TM_Lakes_GEODES_All3_QE-HF_C18_USDAY46918_NEG_MSMS_8_GEO-ME-36-UF_1_Rg80to1200-CE102040-0-7-S1_Run40.mzML,20181217_KBL_TM_Lakes_GEODES_All3_QE-HF_C18_USDAY46918_NEG_MSMS_8_GEO-ME-36-UF_1_Rg80to1200-CE102040-0-7-S1_Run40.mzML,84732314
/Volumes/LaCie/nmdc_data/mcmahon_11_fkbnah04/raw/20180918_KBL_TM_Lakes_Mendota_DepthDate_QE-139_HILICZ-VF1_USHXG01161_NEG_MSMS_19_ME-20171004-metabo-19_1_Rg70to1050-CE102040-13-S1_Run78.mzML,20180918_KBL_TM_Lakes_Mendota_DepthDate_QE-139_HILICZ-VF1_USHXG01161_NEG_MSMS_19_ME-20171004-metabo-19_1_Rg70to1050-CE102040-13-S1_Run78.mzML,177731930
/Volumes/LaCie/nmdc_data/mcmahon_11_fkbnah04/raw/20180918_KBL_TM_Lakes_Mendota_DepthDate_QE-139_HILICZ-VF1_USHXG01161_NEG_MSMS_15_ME-20170908-metabo-15_1_Rg70to1050-CE102040-11p5-S1_Run61.mzML,20180918_KBL_TM_Lakes_Mendota_DepthDate_QE-139_HILICZ-VF1_USHXG01161_NEG_MSMS_15_ME-20170908-metabo-15_1_Rg70to1050-CE102040-11p5-S1_Run61.mzML,178259179
/Volumes/LaCie/nmdc_data/mcmahon_11_fkbnah04/raw/20181217_KBL_TM_Lakes_GEODES_All3_QE-HF_C18_USDAY46918_NEG_MSMS_63_GEO-TB-16-F_1_Rg80to1200-CE102040-0-1-S1_Run231.mzML,20181217_KBL_TM_Lakes_GEODES_All3_QE-HF_C18_USDAY46918_NEG_MSMS_63_GEO-TB-16-F_1_Rg80to1200-CE102040-0-1-S1_Run231.mzML,87615494
/Volumes/LaCie/nmdc_data/mcmahon_11_fkbnah04/raw/20181217_KBL_TM_Lakes_GEODES_All3_QE-HF_C18_USDAY46918_NEG_MSMS_20_GEO-SP-36-UF_1_Rg80to1200-CE102040-0-4-S1_Run81.mzML,20181217_KBL_TM_Lakes_GEODES_All3_QE-HF_C18_USDAY46918_NEG_MSMS_20_GEO-SP-36-UF_1_Rg80to1200-CE102040-0-4-S1_Run81.mzML,86412018
/Volumes/LaCie/nmdc_data/mcmahon_11_fkbnah04/raw/20181217_KBL_TM_Lakes_Mendota_DepthDate_QE-HF_C18_USDAY46918_NEG_MSMS_20_ME-20171004-metabo-20_1_Rg80to1200-CE102040-10p8-S1_Run81.mzML,20181217_KBL_TM_Lakes_Mendota_DepthDate_QE-HF_C18_USDAY46918_NEG_MSMS_20_ME-20171004-metabo-20_1_Rg80to1200-CE102040-10p8-S1_Run81.mzML,75384156
/Volumes/LaCie/nmdc_data/mcmahon_11_fkbnah04/raw/20181217_KBL_TM_Lakes_Mendota_DepthDate_QE-HF_C18_USDAY46918_POS_MSMS_9_ME-20170908-metabo-9_1_Rg80to1200-CE102040-22p2-S1_Run39.mzML,20181217_KBL_TM_Lakes_Mendota_DepthDate_QE-HF_C18_USDAY46918_POS_MSMS_9_ME-20170908-metabo-9_1_Rg80to1200-CE102040-22p2-S1_Run39.mzML,97366220
/Volumes/LaCie/nmdc_data/mcmahon_11_fkbnah04/raw/20180918_KBL_TM_Lakes_Mendota_DepthDate_QE-139_HILICZ-VF1_USHXG01161_POS_MSMS_21_ME-20171004-metabo-21_1_Rg70to1050-CE102040-17p3-S1_Run83.mzML,20180918_KBL_TM_Lakes_Mendota_DepthDate_QE-139_HILICZ-VF1_USHXG01161_POS_MSMS_21_ME-20171004-metabo-21_1_Rg70to1050-CE102040-17p3-S1_Run83.mzML,179529266
/Volumes/LaCie/nmdc_data/mcmahon_11_fkbnah04/raw/20180918_KBL_TM_Lakes_Mendota_DepthDate_QE-139_HILICZ-VF1_USHXG01161_NEG_MSMS_31_ME-20171101-metabo-31_1_Rg70to1050-CE102040-20-S1_Run117.mzML,20180918_KBL_TM_Lakes_Mendota_DepthDate_QE-139_HILICZ-VF1_USHXG01161_NEG_MSMS_31_ME-20171101-metabo-31_1_Rg70to1050-CE102040-20-S1_Run117.mzML,174184492
/Volumes/LaCie/nmdc_data/mcmahon_11_fkbnah04/raw/20181217_KBL_TM_Lakes_GEODES_All3_QE-HF_C18_USDAY46918_NEG_MSMS_41_GEO-ME-24-F_1_Rg80to1200-CE102040-0-7-S1_Run152.mzML,20181217_KBL_TM_Lakes_GEODES_All3_QE-HF_C18_USDAY46918_NEG_MSMS_41_GEO-ME-24-F_1_Rg80to1200-CE102040-0-7-S1_Run152.mzML,82003748
/Volumes/LaCie/nmdc_data/mcmahon_11_fkbnah04/raw/20180918_KBL_TM_Lakes_GEODES_All3_QE-HF_HILICZ-VF1_USHXG01161_NEG_MSMS_53_GEO-SP-24-F_1_Rg70to1050-CE102040-0-4-S1_Run193.mzML,20180918_KBL_TM_Lakes_GEODES_All3_QE-HF_HILICZ-VF1_USHXG01161_NEG_MSMS_53_GEO-SP-24-F_1_Rg70to1050-CE102040-0-4-S1_Run193.mzML,178121223
/Volumes/LaCie/nmdc_data/mcmahon_11_fkbnah04/raw/20181217_KBL_TM_Lakes_GEODES_All3_QE-HF_C18_USDAY46918_NEG_MSMS_6_GEO-ME-28-UF_1_Rg80to1200-CE102040-0-7-S1_Run34.mzML,20181217_KBL_TM_Lakes_GEODES_All3_QE-HF_C18_USDAY46918_NEG_MSMS_6_GEO-ME-28-UF_1_Rg80to1200-CE102040-0-7-S1_Run34.mzML,85315123
/Volumes/LaCie/nmdc_data/mcmahon_11_fkbnah04/raw/20181217_KBL_TM_Lakes_GEODES_All3_QE-HF_C18_USDAY46918_POS_MSMS_18_GEO-SP-28-UF_1_Rg80to1200-CE102040-0-4-S1_Run74.mzML,20181217_KBL_TM_Lakes_GEODES_All3_QE-HF_C18_USDAY46918_POS_MSMS_18_GEO-SP-28-UF_1_Rg80to1200-CE102040-0-4-S1_Run74.mzML,104718295
/Volumes/LaCie/nmdc_data/mcmahon_11_fkbnah04/raw/20181217_KBL_TM_Lakes_Mendota_DepthDate_QE-HF_C18_USDAY46918_POS_MSMS_12_ME-20170908-metabo-12_1_Rg80to1200-CE102040-14p5-S1_Run51.mzML,20181217_KBL_TM_Lakes_Mendota_DepthDate_QE-HF_C18_USDAY46918_POS_MSMS_12_ME-20170908-metabo-12_1_Rg80to1200-CE102040-14p5-S1_Run51.mzML,97771674
/Volumes/LaCie/nmdc_data/mcmahon_11_fkbnah04/raw/20181217_KBL_TM_Lakes_GEODES_All3_QE-HF_C18_USDAY46918_POS_MSMS_67_GEO-TB-32-F_1_Rg80to1200-CE102040-0-1-S1_Run242.mzML,20181217_KBL_TM_Lakes_GEODES_All3_QE-HF_C18_USDAY46918_POS_MSMS_67_GEO-TB-32-F_1_Rg80to1200-CE102040-0-1-S1_Run242.mzML,99131009
/Volumes/LaCie/nmdc_data/mcmahon_11_fkbnah04/raw/20180918_KBL_TM_Lakes_GEODES_All3_QE-HF_HILICZ-VF1_USHXG01161_NEG_MSMS_28_GEO-TB-20-UF_1_Rg70to1050-CE102040-0-1-S1_Run108.mzML,20180918_KBL_TM_Lakes_GEODES_All3_QE-HF_HILICZ-VF1_USHXG01161_NEG_MSMS_28_GEO-TB-20-UF_1_Rg70to1050-CE102040-0-1-S1_Run108.mzML,201186399
/Volumes/LaCie/nmdc_data/mcmahon_11_fkbnah04/raw/20180918_KBL_TM_Lakes_GEODES_All3_QE-HF_HILICZ-VF1_USHXG01161_POS_MSMS_75_ExCtrl-JGI_2_Rg70to1050-CE102040-ExCtrl-S1_Run98.mzML,20180918_KBL_TM_Lakes_GEODES_All3_QE-HF_HILICZ-VF1_USHXG01161_POS_MSMS_75_ExCtrl-JGI_2_Rg70to1050-CE102040-ExCtrl-S1_Run98.mzML,160502776
/Volumes/LaCie/nmdc_data/mcmahon_11_fkbnah04/raw/20180918_KBL_TM_Lakes_GEODES_All3_QE-HF_HILICZ-VF1_USHXG01161_POS_MSMS_70_GEO-TB-44-F_1_Rg70to1050-CE102040-0-1-S1_Run251.mzML,20180918_KBL_TM_Lakes_GEODES_All3_QE-HF_HILICZ-VF1_USHXG01161_POS_MSMS_70_GEO-TB-44-F_1_Rg70to1050-CE102040-0-1-S1_Run251.mzML,195721034
/Volumes/LaCie/nmdc_data/mcmahon_11_fkbnah04/raw/20181217_KBL_TM_Lakes_GEODES_All3_QE-HF_C18_USDAY46918_POS_MSMS_75_ExCtrl-JGI_2_Rg80to1200-CE102040-ExCtrl-S1_Run98.mzML,20181217_KBL_TM_Lakes_GEODES_All3_QE-HF_C18_USDAY46918_POS_MSMS_75_ExCtrl-JGI_2_Rg80to1200-CE102040-ExCtrl-S1_Run98.mzML,88880289
/Volumes/LaCie/nmdc_data/mcmahon_11_fkbnah04/raw/20180918_KBL_TM_Lakes_GEODES_All3_QE-HF_HILICZ-VF1_USHXG01161_POS_MSMS_8_GEO-ME-36-UF_1_Rg70to1050-CE102040-0-7-S1_Run39.mzML,20180918_KBL_TM_Lakes_GEODES_All3_QE-HF_HILICZ-VF1_USHXG01161_POS_MSMS_8_GEO-ME-36-UF_1_Rg70to1050-CE102040-0-7-S1_Run39.mzML,172075373
/Volumes/LaCie/nmdc_data/mcmahon_11_fkbnah04/raw/20181217_KBL_TM_Lakes_GEODES_All3_QE-HF_C18_USDAY46918_NEG_MSMS_76_ExCtrl-JGI_3_Rg80to1200-CE102040-ExCtrl-S1_Run196.mzML,20181217_KBL_TM_Lakes_GEODES_All3_QE-HF_C18_USDAY46918_NEG_MSMS_76_ExCtrl-JGI_3_Rg80to1200-CE102040-ExCtrl-S1_Run196.mzML,67780037
/Volumes/LaCie/nmdc_data/mcmahon_11_fkbnah04/raw/20181217_KBL_TM_Lakes_GEODES_All3_QE-HF_C18_USDAY46918_NEG_MSMS_23_GEO-SP-4-UF_1_Rg80to1200-CE102040-0-4-S1_Run90.mzML,20181217_KBL_TM_Lakes_GEODES_All3_QE-HF_C18_USDAY46918_NEG_MSMS_23_GEO-SP-4-UF_1_Rg80to1200-CE102040-0-4-S1_Run90.mzML,85020934
/Volumes/LaCie/nmdc_data/mcmahon_11_fkbnah04/raw/20181217_KBL_TM_Lakes_GEODES_All3_QE-HF_C18_USDAY46918_NEG_MSMS_22_GEO-SP-44-UF_1_Rg80to1200-CE102040-0-4-S1_Run87.mzML,20181217_KBL_TM_Lakes_GEODES_All3_QE-HF_C18_USDAY46918_NEG_MSMS_22_GEO-SP-44-UF_1_Rg80to1200-CE102040-0-4-S1_Run87.mzML,84770573
/Volumes/LaCie/nmdc_data/mcmahon_11_fkbnah04/raw/20180918_KBL_TM_Lakes_GEODES_All3_QE-HF_HILICZ-VF1_USHXG01161_POS_MSMS_25_GEO-TB-0-UF_1_Rg70to1050-CE102040-0-1-S1_Run95.mzML,20180918_KBL_TM_Lakes_GEODES_All3_QE-HF_HILICZ-VF1_USHXG01161_POS_MSMS_25_GEO-TB-0-UF_1_Rg70to1050-CE102040-0-1-S1_Run95.mzML,185837708
/Volumes/LaCie/nmdc_data/mcmahon_11_fkbnah04/raw/20181217_KBL_TM_Lakes_GEODES_All3_QE-HF_C18_USDAY46918_POS_MSMS_20_GEO-SP-36-UF_1_Rg80to1200-CE102040-0-4-S1_Run80.mzML,20181217_KBL_TM_Lakes_GEODES_All3_QE-HF_C18_USDAY46918_POS_MSMS_20_GEO-SP-36-UF_1_Rg80to1200-CE102040-0-4-S1_Run80.mzML,102348186
/Volumes/LaCie/nmdc_data/mcmahon_11_fkbnah04/raw/20180918_KBL_TM_Lakes_Mendota_DepthDate_QE-139_HILICZ-VF1_USHXG01161_POS_MSMS_34_ExCtrl-JGI_2_Rg70to1050-CE102040-ExCtrl-S1_Run48.mzML,20180918_KBL_TM_Lakes_Mendota_DepthDate_QE-139_HILICZ-VF1_USHXG01161_POS_MSMS_34_ExCtrl-JGI_2_Rg70to1050-CE102040-ExCtrl-S1_Run48.mzML,163281364
/Volumes/LaCie/nmdc_data/mcmahon_11_fkbnah04/raw/20180918_KBL_TM_Lakes_GEODES_All3_QE-HF_HILICZ-VF1_USHXG01161_POS_MSMS_12_GEO-ME-8-UF_1_Rg70to1050-CE102040-0-7-S1_Run51.mzML,20180918_KBL_TM_Lakes_GEODES_All3_QE-HF_HILICZ-VF1_USHXG01161_POS_MSMS_12_GEO-ME-8-UF_1_Rg70to1050-CE102040-0-7-S1_Run51.mzML,172000488
/Volumes/LaCie/nmdc_data/mcmahon_11_fkbnah04/raw/20181217_KBL_TM_Lakes_Mendota_DepthDate_QE-HF_C18_USDAY46918_NEG_MSMS_19_ME-20171004-metabo-19_1_Rg80to1200-CE102040-13-S1_Run78.mzML,20181217_KBL_TM_Lakes_Mendota_DepthDate_QE-HF_C18_USDAY46918_NEG_MSMS_19_ME-20171004-metabo-19_1_Rg80to1200-CE102040-13-S1_Run78.mzML,73160161
/Volumes/LaCie/nmdc_data/mcmahon_11_fkbnah04/raw/20180918_KBL_TM_Lakes_GEODES_All3_QE-HF_HILICZ-VF1_USHXG01161_POS_MSMS_4_GEO-ME-20-UF_1_Rg70to1050-CE102040-0-7-S1_Run27.mzML,20180918_KBL_TM_Lakes_GEODES_All3_QE-HF_HILICZ-VF1_USHXG01161_POS_MSMS_4_GEO-ME-20-UF_1_Rg70to1050-CE102040-0-7-S1_Run27.mzML,171316457
/Volumes/LaCie/nmdc_data/mcmahon_11_fkbnah04/raw/20181217_KBL_TM_Lakes_GEODES_All3_QE-HF_C18_USDAY46918_POS_MSMS_36_GEO-TB-8-UF_1_Rg80to1200-CE102040-0-1-S1_Run136.mzML,20181217_KBL_TM_Lakes_GEODES_All3_QE-HF_C18_USDAY46918_POS_MSMS_36_GEO-TB-8-UF_1_Rg80to1200-CE102040-0-1-S1_Run136.mzML,107226195
/Volumes/LaCie/nmdc_data/mcmahon_11_fkbnah04/raw/20181217_KBL_TM_Lakes_GEODES_All3_QE-HF_C18_USDAY46918_NEG_MSMS_68_GEO-TB-36-F_1_Rg80to1200-CE102040-0-1-S1_Run246.mzML,20181217_KBL_TM_Lakes_GEODES_All3_QE-HF_C18_USDAY46918_NEG_MSMS_68_GEO-TB-36-F_1_Rg80to1200-CE102040-0-1-S1_Run246.mzML,85472547
/Volumes/LaCie/nmdc_data/mcmahon_11_fkbnah04/raw/20181217_KBL_TM_Lakes_GEODES_All3_QE-HF_C18_USDAY46918_NEG_MSMS_21_GEO-SP-40-UF_1_Rg80to1200-CE102040-0-4-S1_Run84.mzML,20181217_KBL_TM_Lakes_GEODES_All3_QE-HF_C18_USDAY46918_NEG_MSMS_21_GEO-SP-40-UF_1_Rg80to1200-CE102040-0-4-S1_Run84.mzML,86317771
/Volumes/LaCie/nmdc_data/mcmahon_11_fkbnah04/raw/20181217_KBL_TM_Lakes_GEODES_All3_QE-HF_C18_USDAY46918_NEG_MSMS_12_GEO-ME-8-UF_1_Rg80to1200-CE102040-0-7-S1_Run52.mzML,20181217_KBL_TM_Lakes_GEODES_All3_QE-HF_C18_USDAY46918_NEG_MSMS_12_GEO-ME-8-UF_1_Rg80to1200-CE102040-0-7-S1_Run52.mzML,85003098
/Volumes/LaCie/nmdc_data/mcmahon_11_fkbnah04/raw/20180918_KBL_TM_Lakes_GEODES_All3_QE-HF_HILICZ-VF1_USHXG01161_POS_MSMS_58_GEO-SP-44-F_1_Rg70to1050-CE102040-0-4-S1_Run210.mzML,20180918_KBL_TM_Lakes_GEODES_All3_QE-HF_HILICZ-VF1_USHXG01161_POS_MSMS_58_GEO-SP-44-F_1_Rg70to1050-CE102040-0-4-S1_Run210.mzML,180100147
/Volumes/LaCie/nmdc_data/mcmahon_11_fkbnah04/raw/20181217_KBL_TM_Lakes_GEODES_All3_QE-HF_C18_USDAY46918_POS_MSMS_43_GEO-ME-32-F_1_Rg80to1200-CE102040-0-7-S1_Run157.mzML,20181217_KBL_TM_Lakes_GEODES_All3_QE-HF_C18_USDAY46918_POS_MSMS_43_GEO-ME-32-F_1_Rg80to1200-CE102040-0-7-S1_Run157.mzML,100857845
/Volumes/LaCie/nmdc_data/mcmahon_11_fkbnah04/raw/20181217_KBL_TM_Lakes_GEODES_All3_QE-HF_C18_USDAY46918_NEG_MSMS_33_GEO-TB-40-UF_1_Rg80to1200-CE102040-0-1-S1_Run128.mzML,20181217_KBL_TM_Lakes_GEODES_All3_QE-HF_C18_USDAY46918_NEG_MSMS_33_GEO-TB-40-UF_1_Rg80to1200-CE102040-0-1-S1_Run128.mzML,91643619
/Volumes/LaCie/nmdc_data/mcmahon_11_fkbnah04/raw/20181217_KBL_TM_Lakes_Mendota_DepthDate_QE-HF_C18_USDAY46918_NEG_MSMS_7_ME-20170811-metabo-7_1_Rg80to1200-CE102040-9p5-S1_Run34.mzML,20181217_KBL_TM_Lakes_Mendota_DepthDate_QE-HF_C18_USDAY46918_NEG_MSMS_7_ME-20170811-metabo-7_1_Rg80to1200-CE102040-9p5-S1_Run34.mzML,75313927
/Volumes/LaCie/nmdc_data/mcmahon_11_fkbnah04/raw/20181217_KBL_TM_Lakes_Mendota_DepthDate_QE-HF_C18_USDAY46918_NEG_MSMS_6_ME-20170811-metabo-6_1_Rg80to1200-CE102040-10p3-S1_Run31.mzML,20181217_KBL_TM_Lakes_Mendota_DepthDate_QE-HF_C18_USDAY46918_NEG_MSMS_6_ME-20170811-metabo-6_1_Rg80to1200-CE102040-10p3-S1_Run31.mzML,73819918
/Volumes/LaCie/nmdc_data/mcmahon_11_fkbnah04/raw/20180918_KBL_TM_Lakes_GEODES_All3_QE-HF_HILICZ-VF1_USHXG01161_POS_MSMS_59_GEO-SP-4-F_1_Rg70to1050-CE102040-0-4-S1_Run213.mzML,20180918_KBL_TM_Lakes_GEODES_All3_QE-HF_HILICZ-VF1_USHXG01161_POS_MSMS_59_GEO-SP-4-F_1_Rg70to1050-CE102040-0-4-S1_Run213.mzML,179449501
/Volumes/LaCie/nmdc_data/mcmahon_11_fkbnah04/raw/20180918_KBL_TM_Lakes_Mendota_DepthDate_QE-139_HILICZ-VF1_USHXG01161_POS_MSMS_5_ME-20170811-metabo-5_1_Rg70to1050-CE102040-11p5-S1_Run27.mzML,20180918_KBL_TM_Lakes_Mendota_DepthDate_QE-139_HILICZ-VF1_USHXG01161_POS_MSMS_5_ME-20170811-metabo-5_1_Rg70to1050-CE102040-11p5-S1_Run27.mzML,177282097
/Volumes/LaCie/nmdc_data/mcmahon_11_fkbnah04/raw/20181217_KBL_TM_Lakes_GEODES_All3_QE-HF_C18_USDAY46918_NEG_MSMS_61_GEO-TB-0-F_1_Rg80to1200-CE102040-0-1-S1_Run225.mzML,20181217_KBL_TM_Lakes_GEODES_All3_QE-HF_C18_USDAY46918_NEG_MSMS_61_GEO-TB-0-F_1_Rg80to1200-CE102040-0-1-S1_Run225.mzML,85490998
/Volumes/LaCie/nmdc_data/mcmahon_11_fkbnah04/raw/20180918_KBL_TM_Lakes_GEODES_All3_QE-HF_HILICZ-VF1_USHXG01161_POS_MSMS_66_GEO-TB-28-F_1_Rg70to1050-CE102040-0-1-S1_Run239.mzML,20180918_KBL_TM_Lakes_GEODES_All3_QE-HF_HILICZ-VF1_USHXG01161_POS_MSMS_66_GEO-TB-28-F_1_Rg70to1050-CE102040-0-1-S1_Run239.mzML,193840254
/Volumes/LaCie/nmdc_data/mcmahon_11_fkbnah04/raw/20180918_KBL_TM_Lakes_GEODES_All3_QE-HF_HILICZ-VF1_USHXG01161_POS_MSMS_44_GEO-ME-36-F_1_Rg70to1050-CE102040-0-7-S1_Run160.mzML,20180918_KBL_TM_Lakes_GEODES_All3_QE-HF_HILICZ-VF1_USHXG01161_POS_MSMS_44_GEO-ME-36-F_1_Rg70to1050-CE102040-0-7-S1_Run160.mzML,175774194
/Volumes/LaCie/nmdc_data/mcmahon_11_fkbnah04/raw/20181217_KBL_TM_Lakes_GEODES_All3_QE-HF_C18_USDAY46918_POS_MSMS_76_ExCtrl-JGI_3_Rg80to1200-CE102040-ExCtrl-S1_Run195.mzML,20181217_KBL_TM_Lakes_GEODES_All3_QE-HF_C18_USDAY46918_POS_MSMS_76_ExCtrl-JGI_3_Rg80to1200-CE102040-ExCtrl-S1_Run195.mzML,83330016
/Volumes/LaCie/nmdc_data/mcmahon_11_fkbnah04/raw/20180918_KBL_TM_Lakes_GEODES_All3_QE-HF_HILICZ-VF1_USHXG01161_POS_MSMS_37_GEO-ME-0-F_1_Rg70to1050-CE102040-0-7-S1_Run139.mzML,20180918_KBL_TM_Lakes_GEODES_All3_QE-HF_HILICZ-VF1_USHXG01161_POS_MSMS_37_GEO-ME-0-F_1_Rg70to1050-CE102040-0-7-S1_Run139.mzML,175398236
/Volumes/LaCie/nmdc_data/mcmahon_11_fkbnah04/raw/20181217_KBL_TM_Lakes_GEODES_All3_QE-HF_C18_USDAY46918_NEG_MSMS_7_GEO-ME-32-UF_1_Rg80to1200-CE102040-0-7-S1_Run37.mzML,20181217_KBL_TM_Lakes_GEODES_All3_QE-HF_C18_USDAY46918_NEG_MSMS_7_GEO-ME-32-UF_1_Rg80to1200-CE102040-0-7-S1_Run37.mzML,85555733
/Volumes/LaCie/nmdc_data/mcmahon_11_fkbnah04/raw/20180918_KBL_TM_Lakes_Mendota_DepthDate_QE-139_HILICZ-VF1_USHXG01161_NEG_MSMS_4_ME-20170811-metabo-4_1_Rg70to1050-CE102040-13p15-S1_Run25.mzML,20180918_KBL_TM_Lakes_Mendota_DepthDate_QE-139_HILICZ-VF1_USHXG01161_NEG_MSMS_4_ME-20170811-metabo-4_1_Rg70to1050-CE102040-13p15-S1_Run25.mzML,170558354
/Volumes/LaCie/nmdc_data/mcmahon_11_fkbnah04/raw/20181217_KBL_TM_Lakes_GEODES_All3_QE-HF_C18_USDAY46918_NEG_MSMS_72_GEO-TB-8-F_1_Rg80to1200-CE102040-0-1-S1_Run258.mzML,20181217_KBL_TM_Lakes_GEODES_All3_QE-HF_C18_USDAY46918_NEG_MSMS_72_GEO-TB-8-F_1_Rg80to1200-CE102040-0-1-S1_Run258.mzML,83568971
/Volumes/LaCie/nmdc_data/mcmahon_11_fkbnah04/raw/20180918_KBL_TM_Lakes_GEODES_All3_QE-HF_HILICZ-VF1_USHXG01161_NEG_MSMS_2_GEO-ME-12-UF_1_Rg70to1050-CE102040-0-7-S1_Run22.mzML,20180918_KBL_TM_Lakes_GEODES_All3_QE-HF_HILICZ-VF1_USHXG01161_NEG_MSMS_2_GEO-ME-12-UF_1_Rg70to1050-CE102040-0-7-S1_Run22.mzML,169864715
/Volumes/LaCie/nmdc_data/mcmahon_11_fkbnah04/raw/20181217_KBL_TM_Lakes_Mendota_DepthDate_QE-HF_C18_USDAY46918_POS_MSMS_19_ME-20171004-metabo-19_1_Rg80to1200-CE102040-13-S1_Run77.mzML,20181217_KBL_TM_Lakes_Mendota_DepthDate_QE-HF_C18_USDAY46918_POS_MSMS_19_ME-20171004-metabo-19_1_Rg80to1200-CE102040-13-S1_Run77.mzML,95784769
/Volumes/LaCie/nmdc_data/mcmahon_11_fkbnah04/raw/20180918_KBL_TM_Lakes_GEODES_All3_QE-HF_HILICZ-VF1_USHXG01161_POS_MSMS_21_GEO-SP-40-UF_1_Rg70to1050-CE102040-0-4-S1_Run83.mzML,20180918_KBL_TM_Lakes_GEODES_All3_QE-HF_HILICZ-VF1_USHXG01161_POS_MSMS_21_GEO-SP-40-UF_1_Rg70to1050-CE102040-0-4-S1_Run83.mzML,175088908
/Volumes/LaCie/nmdc_data/mcmahon_11_fkbnah04/raw/20180918_KBL_TM_Lakes_Mendota_DepthDate_QE-139_HILICZ-VF1_USHXG01161_NEG_MSMS_7_ME-20170811-metabo-7_1_Rg70to1050-CE102040-9p5-S1_Run34.mzML,20180918_KBL_TM_Lakes_Mendota_DepthDate_QE-139_HILICZ-VF1_USHXG01161_NEG_MSMS_7_ME-20170811-metabo-7_1_Rg70to1050-CE102040-9p5-S1_Run34.mzML,172706589
/Volumes/LaCie/nmdc_data/mcmahon_11_fkbnah04/raw/20180918_KBL_TM_Lakes_GEODES_All3_QE-HF_HILICZ-VF1_USHXG01161_POS_MSMS_69_GEO-TB-40-F_1_Rg70to1050-CE102040-0-1-S1_Run248.mzML,20180918_KBL_TM_Lakes_GEODES_All3_QE-HF_HILICZ-VF1_USHXG01161_POS_MSMS_69_GEO-TB-40-F_1_Rg70to1050-CE102040-0-1-S1_Run248.mzML,196569078
