raw_file_path,biosample_id,biosample_name,match_confidence
/home/bmeluch/NMDC/nom_processing/monet_nom_metadata/raw/60846_12_B_1_WEOM_r1_Mag_16Feb24_300SA_p01_34_1_15279,nmdc:bsm-11-hr140144,60846_12_BTM,high
/home/bmeluch/NMDC/nom_processing/monet_nom_metadata/raw/60846_12_B_1_WEOM_r2_Mag_16Feb24_300SA_p01_34_1_15311,nmdc:bsm-11-hr140144,60846_12_BTM,high
/home/bmeluch/NMDC/nom_processing/monet_nom_metadata/raw/60846_12_B_1_WEOM_r3_Mag_16Feb24_300SA_p01_34_1_15352,nmdc:bsm-11-hr140144,60846_12_BTM,high
/home/bmeluch/NMDC/nom_processing/monet_nom_metadata/raw/60846_12_B_2_WEOM_r1_Mag_16Feb24_300SA_p01_35_1_15245,nmdc:bsm-11-hr140144,60846_12_BTM,high
/home/bmeluch/NMDC/nom_processing/monet_nom_metadata/raw/60846_12_B_2_WEOM_r2_Mag_16Feb24_300SA_p01_35_1_15313,nmdc:bsm-11-hr140144,60846_12_BTM,high
/home/bmeluch/NMDC/nom_processing/monet_nom_metadata/raw/60846_12_B_2_WEOM_r3_Mag_16Feb24_300SA_p01_35_1_15350,nmdc:bsm-11-hr140144,60846_12_BTM,high
/home/bmeluch/NMDC/nom_processing/monet_nom_metadata/raw/60846_12_B_3_WEOM_r1_Mag_16Feb24_300SA_p01_36_1_15258,nmdc:bsm-11-hr140144,60846_12_BTM,high
/home/bmeluch/NMDC/nom_processing/monet_nom_metadata/raw/60846_12_B_3_WEOM_r2_Mag_16Feb24_300SA_p01_36_1_15299,nmdc:bsm-11-hr140144,60846_12_BTM,high
/home/bmeluch/NMDC/nom_processing/monet_nom_metadata/raw/60846_12_B_3_WEOM_r3_Mag_16Feb24_300SA_p01_36_1_15343,nmdc:bsm-11-hr140144,60846_12_BTM,high
/home/bmeluch/NMDC/nom_processing/monet_nom_metadata/raw/60846_12_BTM_1_MAOM_r1_Mag_02Jan25_3p3kV_300SA_p01_22_1_21465,nmdc:bsm-11-hr140144,60846_12_BTM,high
/home/bmeluch/NMDC/nom_processing/monet_nom_metadata/raw/60846_12_BTM_1_MAOM_r2_Mag_02Jan25_3p3kV_300SA_p01_22_1_21521,nmdc:bsm-11-hr140144,60846_12_BTM,high
/home/bmeluch/NMDC/nom_processing/monet_nom_metadata/raw/60846_12_BTM_1_MAOM_r3_Mag_02Jan25_3p3kV_300SA_p01_22_1_21541,nmdc:bsm-11-hr140144,60846_12_BTM,high
/home/bmeluch/NMDC/nom_processing/monet_nom_metadata/raw/60846_12_BTM_2_MAOM_r1_Mag_02Jan25_3p3kV_300SA_p01_23_1_21425,nmdc:bsm-11-hr140144,60846_12_BTM,high
/home/bmeluch/NMDC/nom_processing/monet_nom_metadata/raw/60846_12_BTM_2_MAOM_r2_Mag_02Jan25_3p3kV_300SA_p01_23_1_21490,nmdc:bsm-11-hr140144,60846_12_BTM,high
/home/bmeluch/NMDC/nom_processing/monet_nom_metadata/raw/60846_12_BTM_2_MAOM_r3_Mag_02Jan25_3p3kV_300SA_p01_23_1_21536,nmdc:bsm-11-hr140144,60846_12_BTM,high
/home/bmeluch/NMDC/nom_processing/monet_nom_metadata/raw/60846_12_BTM_3_MAOM_r1_Mag_02Jan25_3p3kV_300SA_p01_24_1_21450,nmdc:bsm-11-hr140144,60846_12_BTM,high
/home/bmeluch/NMDC/nom_processing/monet_nom_metadata/raw/60846_12_BTM_3_MAOM_r2_Mag_02Jan25_3p3kV_300SA_p01_24_1_21496,nmdc:bsm-11-hr140144,60846_12_BTM,high
/home/bmeluch/NMDC/nom_processing/monet_nom_metadata/raw/60846_12_BTM_3_MAOM_r3_Mag_02Jan25_3p3kV_300SA_p01_24_1_21566,nmdc:bsm-11-hr140144,60846_12_BTM,high
/home/bmeluch/NMDC/nom_processing/monet_nom_metadata/raw/60846_12_T_1_WEOM_r1_Mag_16Feb24_300SA_p01_31_1_15247,nmdc:bsm-11-efd32t52,60846_12_TOP,high
/home/bmeluch/NMDC/nom_processing/monet_nom_metadata/raw/60846_12_T_1_WEOM_r2_Mag_16Feb24_300SA_p01_31_1_15314,nmdc:bsm-11-efd32t52,60846_12_TOP,high
/home/bmeluch/NMDC/nom_processing/monet_nom_metadata/raw/60846_12_T_1_WEOM_r3_Mag_16Feb24_300SA_p01_31_1_15323,nmdc:bsm-11-efd32t52,60846_12_TOP,high
/home/bmeluch/NMDC/nom_processing/monet_nom_metadata/raw/60846_12_T_2_WEOM_r1_Mag_16Feb24_300SA_p01_32_1_15243,nmdc:bsm-11-efd32t52,60846_12_TOP,high
/home/bmeluch/NMDC/nom_processing/monet_nom_metadata/raw/60846_12_T_2_WEOM_r2_Mag_16Feb24_300SA_p01_32_1_15305,nmdc:bsm-11-efd32t52,60846_12_TOP,high
/home/bmeluch/NMDC/nom_processing/monet_nom_metadata/raw/60846_12_T_2_WEOM_r3_Mag_16Feb24_300SA_p01_32_1_15357,nmdc:bsm-11-efd32t52,60846_12_TOP,high
/home/bmeluch/NMDC/nom_processing/monet_nom_metadata/raw/60846_12_T_3_WEOM_r1_Mag_16Feb24_300SA_p01_33_1_15253,nmdc:bsm-11-efd32t52,60846_12_TOP,high
/home/bmeluch/NMDC/nom_processing/monet_nom_metadata/raw/60846_12_T_3_WEOM_r2_Mag_16Feb24_300SA_p01_33_1_15295,nmdc:bsm-11-efd32t52,60846_12_TOP,high
/home/bmeluch/NMDC/nom_processing/monet_nom_metadata/raw/60846_12_T_3_WEOM_r3_Mag_16Feb24_300SA_p01_33_1_15347,nmdc:bsm-11-efd32t52,60846_12_TOP,high
/home/bmeluch/NMDC/nom_processing/monet_nom_metadata/raw/60846_12_TOP_1_MAOM_r1_Mag_02Jan25_3p3kV_300SA_p01_19_1_21476,nmdc:bsm-11-efd32t52,60846_12_TOP,high
/home/bmeluch/NMDC/nom_processing/monet_nom_metadata/raw/60846_12_TOP_1_MAOM_r2_Mag_02Jan25_3p3kV_300SA_p01_19_1_21480,nmdc:bsm-11-efd32t52,60846_12_TOP,high
/home/bmeluch/NMDC/nom_processing/monet_nom_metadata/raw/60846_12_TOP_1_MAOM_r3_Mag_02Jan25_3p3kV_300SA_p01_19_1_21580,nmdc:bsm-11-efd32t52,60846_12_TOP,high
/home/bmeluch/NMDC/nom_processing/monet_nom_metadata/raw/60846_12_TOP_2_MAOM_r1_Mag_02Jan25_3p3kV_300SA_p01_20_1_21440,nmdc:bsm-11-efd32t52,60846_12_TOP,high
/home/bmeluch/NMDC/nom_processing/monet_nom_metadata/raw/60846_12_TOP_2_MAOM_r2_Mag_02Jan25_3p3kV_300SA_p01_20_1_21497,nmdc:bsm-11-efd32t52,60846_12_TOP,high
/home/bmeluch/NMDC/nom_processing/monet_nom_metadata/raw/60846_12_TOP_2_MAOM_r3_Mag_02Jan25_3p3kV_300SA_p01_20_1_21558,nmdc:bsm-11-efd32t52,60846_12_TOP,high
/home/bmeluch/NMDC/nom_processing/monet_nom_metadata/raw/60846_12_TOP_3_MAOM_r1_Mag_02Jan25_3p3kV_300SA_p01_21_1_21468,nmdc:bsm-11-efd32t52,60846_12_TOP,high
/home/bmeluch/NMDC/nom_processing/monet_nom_metadata/raw/60846_12_TOP_3_MAOM_r2_Mag_02Jan25_3p3kV_300SA_p01_21_1_21516,nmdc:bsm-11-efd32t52,60846_12_TOP,high
/home/bmeluch/NMDC/nom_processing/monet_nom_metadata/raw/60846_12_TOP_3_MAOM_r3_Mag_02Jan25_3p3kV_300SA_p01_21_1_21572,nmdc:bsm-11-efd32t52,60846_12_TOP,high
/home/bmeluch/NMDC/nom_processing/monet_nom_metadata/raw/60846_17_B_1_WEOM_r1_Mag_16Feb24_300SA_p01_40_1_15246,nmdc:bsm-11-d1bfx194,60846_17_BTM,high
/home/bmeluch/NMDC/nom_processing/monet_nom_metadata/raw/60846_17_B_1_WEOM_r2_Mag_16Feb24_300SA_p01_40_1_15297,nmdc:bsm-11-d1bfx194,60846_17_BTM,high
/home/bmeluch/NMDC/nom_processing/monet_nom_metadata/raw/60846_17_B_1_WEOM_r3_Mag_16Feb24_300SA_p01_40_1_15349,nmdc:bsm-11-d1bfx194,60846_17_BTM,high
/home/bmeluch/NMDC/nom_processing/monet_nom_metadata/raw/60846_17_B_2_WEOM_r1_Mag_16Feb24_300SA_p01_41_1_15249,nmdc:bsm-11-d1bfx194,60846_17_BTM,high
/home/bmeluch/NMDC/nom_processing/monet_nom_metadata/raw/60846_17_B_2_WEOM_r2_Mag_16Feb24_300SA_p01_41_1_15283,nmdc:bsm-11-d1bfx194,60846_17_BTM,high
/home/bmeluch/NMDC/nom_processing/monet_nom_metadata/raw/60846_17_B_2_WEOM_r3_Mag_16Feb24_300SA_p01_41_1_15324,nmdc:bsm-11-d1bfx194,60846_17_BTM,high
/home/bmeluch/NMDC/nom_processing/monet_nom_metadata/raw/60846_17_B_3_WEOM_r1_Mag_16Feb24_300SA_p01_42_1_15266,nmdc:bsm-11-d1bfx194,60846_17_BTM,high
/home/bmeluch/NMDC/nom_processing/monet_nom_metadata/raw/60846_17_B_3_WEOM_r2_Mag_16Feb24_300SA_p01_42_1_15285,nmdc:bsm-11-d1bfx194,60846_17_BTM,high
/home/bmeluch/NMDC/nom_processing/monet_nom_metadata/raw/60846_17_B_3_WEOM_r3_Mag_16Feb24_300SA_p01_42_1_15359,nmdc:bsm-11-d1bfx194,60846_17_BTM,high
/home/bmeluch/NMDC/nom_processing/monet_nom_metadata/raw/60846_17_BTM_1_MAOM_r1_Mag_02Jan25_3p3kV_300SA_p01_32_1_21427,nmdc:bsm-11-d1bfx194,60846_17_BTM,high
/home/bmeluch/NMDC/nom_processing/monet_nom_metadata/raw/60846_17_BTM_1_MAOM_r2_Mag_02Jan25_3p3kV_300SA_p01_32_1_21506,nmdc:bsm-11-d1bfx194,60846_17_BTM,high
/home/bmeluch/NMDC/nom_processing/monet_nom_metadata/raw/60846_17_BTM_1_MAOM_r3_Mag_02Jan25_3p3kV_300SA_p01_32_1_21581,nmdc:bsm-11-d1bfx194,60846_17_BTM,high
/home/bmeluch/NMDC/nom_processing/monet_nom_metadata/raw/60846_17_BTM_2_MAOM_r1_Mag_02Jan25_3p3kV_300SA_p01_33_1_21458,nmdc:bsm-11-d1bfx194,60846_17_BTM,high
/home/bmeluch/NMDC/nom_processing/monet_nom_metadata/raw/60846_17_BTM_2_MAOM_r2_Mag_02Jan25_3p3kV_300SA_p01_33_1_21486,nmdc:bsm-11-d1bfx194,60846_17_BTM,high
/home/bmeluch/NMDC/nom_processing/monet_nom_metadata/raw/60846_17_BTM_2_MAOM_r3_Mag_02Jan25_3p3kV_300SA_p01_33_1_21579,nmdc:bsm-11-d1bfx194,60846_17_BTM,high
/home/bmeluch/NMDC/nom_processing/monet_nom_metadata/raw/60846_17_BTM_3_MAOM_r1_Mag_02Jan25_3p3kV_300SA_p01_34_1_21473,nmdc:bsm-11-d1bfx194,60846_17_BTM,high
/home/bmeluch/NMDC/nom_processing/monet_nom_metadata/raw/60846_17_BTM_3_MAOM_r2_Mag_02Jan25_3p3kV_300SA_p01_34_1_21527,nmdc:bsm-11-d1bfx194,60846_17_BTM,high
/home/bmeluch/NMDC/nom_processing/monet_nom_metadata/raw/60846_17_BTM_3_MAOM_r3_Mag_02Jan25_3p3kV_300SA_p01_34_1_21568,nmdc:bsm-11-d1bfx194,60846_17_BTM,high
/home/bmeluch/NMDC/nom_processing/monet_nom_metadata/raw/60846_17_T_1_WEOM_r1_Mag_16Feb24_300SA_p01_37_1_15267,nmdc:bsm-11-qr2b2k15,60846_17_TOP,high
/home/bmeluch/NMDC/nom_processing/monet_nom_metadata/raw/60846_17_T_1_WEOM_r2_Mag_16Feb24_300SA_p01_37_1_15300,nmdc:bsm-11-qr2b2k15,60846_17_TOP,high
/home/bmeluch/NMDC/nom_processing/monet_nom_metadata/raw/60846_17_T_1_WEOM_r3_Mag_16Feb24_300SA_p01_37_1_15336,nmdc:bsm-11-qr2b2k15,60846_17_TOP,high
/home/bmeluch/NMDC/nom_processing/monet_nom_metadata/raw/60846_17_T_2_WEOM_r1_Mag_16Feb24_300SA_p01_38_1_15257,nmdc:bsm-11-qr2b2k15,60846_17_TOP,high
/home/bmeluch/NMDC/nom_processing/monet_nom_metadata/raw/60846_17_T_2_WEOM_r2_Mag_16Feb24_300SA_p01_38_1_15320,nmdc:bsm-11-qr2b2k15,60846_17_TOP,high
/home/bmeluch/NMDC/nom_processing/monet_nom_metadata/raw/60846_17_T_2_WEOM_r3_Mag_16Feb24_300SA_p01_38_1_15332,nmdc:bsm-11-qr2b2k15,60846_17_TOP,high
/home/bmeluch/NMDC/nom_processing/monet_nom_metadata/raw/60846_17_T_3_WEOM_r1_Mag_16Feb24_300SA_p01_39_1_15263,nmdc:bsm-11-qr2b2k15,60846_17_TOP,high
/home/bmeluch/NMDC/nom_processing/monet_nom_metadata/raw/60846_17_T_3_WEOM_r2_Mag_16Feb24_300SA_p01_39_1_15318,nmdc:bsm-11-qr2b2k15,60846_17_TOP,high
/home/bmeluch/NMDC/nom_processing/monet_nom_metadata/raw/60846_17_T_3_WEOM_r3_Mag_16Feb24_300SA_p01_39_1_15334,nmdc:bsm-11-qr2b2k15,60846_17_TOP,high
/home/bmeluch/NMDC/nom_processing/monet_nom_metadata/raw/60846_17_TOP_1_MAOM_r1_Mag_02Jan25_3p3kV_300SA_p01_29_1_21448,nmdc:bsm-11-qr2b2k15,60846_17_TOP,high
/home/bmeluch/NMDC/nom_processing/monet_nom_metadata/raw/60846_17_TOP_1_MAOM_r2_Mag_02Jan25_3p3kV_300SA_p01_29_1_21479,nmdc:bsm-11-qr2b2k15,60846_17_TOP,high
/home/bmeluch/NMDC/nom_processing/monet_nom_metadata/raw/60846_17_TOP_1_MAOM_r3_Mag_02Jan25_3p3kV_300SA_p01_29_1_21585,nmdc:bsm-11-qr2b2k15,60846_17_TOP,high
/home/bmeluch/NMDC/nom_processing/monet_nom_metadata/raw/60846_17_TOP_2_MAOM_r1_Mag_02Jan25_3p3kV_300SA_p01_30_1_21460,nmdc:bsm-11-qr2b2k15,60846_17_TOP,high
/home/bmeluch/NMDC/nom_processing/monet_nom_metadata/raw/60846_17_TOP_2_MAOM_r2_Mag_02Jan25_3p3kV_300SA_p01_30_1_21507,nmdc:bsm-11-qr2b2k15,60846_17_TOP,high
/home/bmeluch/NMDC/nom_processing/monet_nom_metadata/raw/60846_17_TOP_2_MAOM_r3_Mag_02Jan25_3p3kV_300SA_p01_30_1_21546,nmdc:bsm-11-qr2b2k15,60846_17_TOP,high
/home/bmeluch/NMDC/nom_processing/monet_nom_metadata/raw/60846_17_TOP_3_MAOM_r1_Mag_02Jan25_3p3kV_300SA_p01_31_1_21474,nmdc:bsm-11-qr2b2k15,60846_17_TOP,high
/home/bmeluch/NMDC/nom_processing/monet_nom_metadata/raw/60846_17_TOP_3_MAOM_r2_Mag_02Jan25_3p3kV_300SA_p01_31_1_21494,nmdc:bsm-11-qr2b2k15,60846_17_TOP,high
/home/bmeluch/NMDC/nom_processing/monet_nom_metadata/raw/60846_17_TOP_3_MAOM_r3_Mag_02Jan25_3p3kV_300SA_p01_31_1_21570,nmdc:bsm-11-qr2b2k15,60846_17_TOP,high
/home/bmeluch/NMDC/nom_processing/monet_nom_metadata/raw/60846_2_B_1_WEOM_r1_Mag_16Feb24_300SA_p01_16_1_15272,nmdc:bsm-11-4828jb36,60846_2_BTM,high
/home/bmeluch/NMDC/nom_processing/monet_nom_metadata/raw/60846_2_B_1_WEOM_r2_Mag_16Feb24_300SA_p01_16_1_15291,nmdc:bsm-11-4828jb36,60846_2_BTM,high
/home/bmeluch/NMDC/nom_processing/monet_nom_metadata/raw/60846_2_B_1_WEOM_r3_Mag_16Feb24_300SA_p01_16_1_15344,nmdc:bsm-11-4828jb36,60846_2_BTM,high
/home/bmeluch/NMDC/nom_processing/monet_nom_metadata/raw/60846_2_B_2_WEOM_r1_Mag_16Feb24_300SA_p01_17_1_15278,nmdc:bsm-11-4828jb36,60846_2_BTM,high
/home/bmeluch/NMDC/nom_processing/monet_nom_metadata/raw/60846_2_B_2_WEOM_r2_Mag_16Feb24_300SA_p01_17_1_15294,nmdc:bsm-11-4828jb36,60846_2_BTM,high
/home/bmeluch/NMDC/nom_processing/monet_nom_metadata/raw/60846_2_B_2_WEOM_r3_Mag_16Feb24_300SA_p01_17_1_15335,nmdc:bsm-11-4828jb36,60846_2_BTM,high
/home/bmeluch/NMDC/nom_processing/monet_nom_metadata/raw/60846_2_B_3_WEOM_r1_Mag_16Feb24_300SA_p01_18_1_15271,nmdc:bsm-11-4828jb36,60846_2_BTM,high
/home/bmeluch/NMDC/nom_processing/monet_nom_metadata/raw/60846_2_B_3_WEOM_r2_Mag_16Feb24_300SA_p01_18_1_15303,nmdc:bsm-11-4828jb36,60846_2_BTM,high
/home/bmeluch/NMDC/nom_processing/monet_nom_metadata/raw/60846_2_B_3_WEOM_r3_Mag_16Feb24_300SA_p01_18_1_15358,nmdc:bsm-11-4828jb36,60846_2_BTM,high
/home/bmeluch/NMDC/nom_processing/monet_nom_metadata/raw/60846_2_BTM_1_MAOM_r1_Mag_02Jan25_3p3kV_300SA_p01_4_1_21428,nmdc:bsm-11-4828jb36,60846_2_BTM,high
/home/bmeluch/NMDC/nom_processing/monet_nom_metadata/raw/60846_2_BTM_1_MAOM_r2_Mag_02Jan25_3p3kV_300SA_p01_4_1_21495,nmdc:bsm-11-4828jb36,60846_2_BTM,high
/home/bmeluch/NMDC/nom_processing/monet_nom_metadata/raw/60846_2_BTM_1_MAOM_r3_Mag_02Jan25_3p3kV_300SA_p01_4_1_21569,nmdc:bsm-11-4828jb36,60846_2_BTM,high
/home/bmeluch/NMDC/nom_processing/monet_nom_metadata/raw/60846_2_BTM_2_MAOM_r1_Mag_02Jan25_3p3kV_300SA_p01_5_1_21431,nmdc:bsm-11-4828jb36,60846_2_BTM,high
/home/bmeluch/NMDC/nom_processing/monet_nom_metadata/raw/60846_2_BTM_2_MAOM_r2_Mag_02Jan25_3p3kV_300SA_p01_5_1_21518,nmdc:bsm-11-4828jb36,60846_2_BTM,high
/home/bmeluch/NMDC/nom_processing/monet_nom_metadata/raw/60846_2_BTM_2_MAOM_r3_Mag_02Jan25_3p3kV_300SA_p01_5_1_21542,nmdc:bsm-11-4828jb36,60846_2_BTM,high
/home/bmeluch/NMDC/nom_processing/monet_nom_metadata/raw/60846_2_BTM_3_MAOM_r1_Mag_02Jan25_3p3kV_300SA_p01_6_1_21461,nmdc:bsm-11-4828jb36,60846_2_BTM,high
/home/bmeluch/NMDC/nom_processing/monet_nom_metadata/raw/60846_2_BTM_3_MAOM_r2_Mag_02Jan25_3p3kV_300SA_p01_6_1_21520,nmdc:bsm-11-4828jb36,60846_2_BTM,high
/home/bmeluch/NMDC/nom_processing/monet_nom_metadata/raw/60846_2_BTM_3_MAOM_r3_Mag_02Jan25_3p3kV_300SA_p01_6_1_21562,nmdc:bsm-11-4828jb36,60846_2_BTM,high
/home/bmeluch/NMDC/nom_processing/monet_nom_metadata/raw/60846_2_T_1_WEOM_r1_Mag_16Feb24_300SA_p01_13_1_15250,nmdc:bsm-11-r545d929,60846_2_TOP,high
/home/bmeluch/NMDC/nom_processing/monet_nom_metadata/raw/60846_2_T_1_WEOM_r2_Mag_16Feb24_300SA_p01_13_1_15307,nmdc:bsm-11-r545d929,60846_2_TOP,high
/home/bmeluch/NMDC/nom_processing/monet_nom_metadata/raw/60846_2_T_1_WEOM_r3_Mag_16Feb24_300SA_p01_13_1_15345,nmdc:bsm-11-r545d929,60846_2_TOP,high
/home/bmeluch/NMDC/nom_processing/monet_nom_metadata/raw/60846_2_T_2_WEOM_r1_Mag_16Feb24_300SA_p01_14_1_15269,nmdc:bsm-11-r545d929,60846_2_TOP,high
/home/bmeluch/NMDC/nom_processing/monet_nom_metadata/raw/60846_2_T_2_WEOM_r2_Mag_16Feb24_300SA_p01_14_1_15317,nmdc:bsm-11-r545d929,60846_2_TOP,high
/home/bmeluch/NMDC/nom_processing/monet_nom_metadata/raw/60846_2_T_2_WEOM_r3_Mag_16Feb24_300SA_p01_14_1_15356,nmdc:bsm-11-r545d929,60846_2_TOP,high
/home/bmeluch/NMDC/nom_processing/monet_nom_metadata/raw/60846_2_T_3_WEOM_r1_Mag_16Feb24_300SA_p01_15_1_15268,nmdc:bsm-11-r545d929,60846_2_TOP,high
/home/bmeluch/NMDC/nom_processing/monet_nom_metadata/raw/60846_2_T_3_WEOM_r2_Mag_16Feb24_300SA_p01_15_1_15284,nmdc:bsm-11-r545d929,60846_2_TOP,high
/home/bmeluch/NMDC/nom_processing/monet_nom_metadata/raw/60846_2_T_3_WEOM_r3_Mag_16Feb24_300SA_p01_15_1_15330,nmdc:bsm-11-r545d929,60846_2_TOP,high
/home/bmeluch/NMDC/nom_processing/monet_nom_metadata/raw/60846_2_TOP_1_MAOM_r1_Mag_02Jan25_3p3kV_300SA_p01_1_1_21454,nmdc:bsm-11-r545d929,60846_2_TOP,high
/home/bmeluch/NMDC/nom_processing/monet_nom_metadata/raw/60846_2_TOP_1_MAOM_r2_Mag_02Jan25_3p3kV_300SA_p01_1_1_21530,nmdc:bsm-11-r545d929,60846_2_TOP,high
/home/bmeluch/NMDC/nom_processing/monet_nom_metadata/raw/60846_2_TOP_1_MAOM_r3_Mag_02Jan25_3p3kV_300SA_p01_1_1_21575,nmdc:bsm-11-r545d929,60846_2_TOP,high
/home/bmeluch/NMDC/nom_processing/monet_nom_metadata/raw/60846_2_TOP_2_MAOM_r1_Mag_02Jan25_3p3kV_300SA_p01_2_1_21437,nmdc:bsm-11-r545d929,60846_2_TOP,high
/home/bmeluch/NMDC/nom_processing/monet_nom_metadata/raw/60846_2_TOP_2_MAOM_r2_Mag_02Jan25_3p3kV_300SA_p01_2_1_21517,nmdc:bsm-11-r545d929,60846_2_TOP,high
/home/bmeluch/NMDC/nom_processing/monet_nom_metadata/raw/60846_2_TOP_2_MAOM_r3_Mag_02Jan25_3p3kV_300SA_p01_2_1_21544,nmdc:bsm-11-r545d929,60846_2_TOP,high
/home/bmeluch/NMDC/nom_processing/monet_nom_metadata/raw/60846_2_TOP_3_MAOM_r1_Mag_02Jan25_3p3kV_300SA_p01_3_1_21462,nmdc:bsm-11-r545d929,60846_2_TOP,high
/home/bmeluch/NMDC/nom_processing/monet_nom_metadata/raw/60846_2_TOP_3_MAOM_r2_Mag_02Jan25_3p3kV_300SA_p01_3_1_21523,nmdc:bsm-11-r545d929,60846_2_TOP,high
/home/bmeluch/NMDC/nom_processing/monet_nom_metadata/raw/60846_2_TOP_3_MAOM_r3_Mag_02Jan25_3p3kV_300SA_p01_3_1_21556,nmdc:bsm-11-r545d929,60846_2_TOP,high
/home/bmeluch/NMDC/nom_processing/monet_nom_metadata/raw/60846_5_B_1_WEOM_r1_Mag_16Feb24_300SA_p01_22_1_15244,nmdc:bsm-11-hbagyt36,60846_5_BTM,high
/home/bmeluch/NMDC/nom_processing/monet_nom_metadata/raw/60846_5_B_1_WEOM_r2_Mag_16Feb24_300SA_p01_22_1_15288,nmdc:bsm-11-hbagyt36,60846_5_BTM,high
/home/bmeluch/NMDC/nom_processing/monet_nom_metadata/raw/60846_5_B_1_WEOM_r3_Mag_16Feb24_300SA_p01_22_1_15354,nmdc:bsm-11-hbagyt36,60846_5_BTM,high
/home/bmeluch/NMDC/nom_processing/monet_nom_metadata/raw/60846_5_B_2_WEOM_r1_Mag_16Feb24_300SA_p01_23_1_15251,nmdc:bsm-11-hbagyt36,60846_5_BTM,high
/home/bmeluch/NMDC/nom_processing/monet_nom_metadata/raw/60846_5_B_2_WEOM_r2_Mag_16Feb24_300SA_p01_23_1_15304,nmdc:bsm-11-hbagyt36,60846_5_BTM,high
/home/bmeluch/NMDC/nom_processing/monet_nom_metadata/raw/60846_5_B_2_WEOM_r3_Mag_16Feb24_300SA_p01_23_1_15340,nmdc:bsm-11-hbagyt36,60846_5_BTM,high
/home/bmeluch/NMDC/nom_processing/monet_nom_metadata/raw/60846_5_B_3_WEOM_r1_Mag_16Feb24_300SA_p01_24_1_15270,nmdc:bsm-11-hbagyt36,60846_5_BTM,high
/home/bmeluch/NMDC/nom_processing/monet_nom_metadata/raw/60846_5_B_3_WEOM_r2_Mag_16Feb24_300SA_p01_24_1_15290,nmdc:bsm-11-hbagyt36,60846_5_BTM,high
/home/bmeluch/NMDC/nom_processing/monet_nom_metadata/raw/60846_5_B_3_WEOM_r3_Mag_16Feb24_300SA_p01_24_1_15355,nmdc:bsm-11-hbagyt36,60846_5_BTM,high
/home/bmeluch/NMDC/nom_processing/monet_nom_metadata/raw/60846_5_BTM_1_MAOM_r1_Mag_02Jan25_3p3kV_300SA_p01_10_1_21475,nmdc:bsm-11-hbagyt36,60846_5_BTM,high
/home/bmeluch/NMDC/nom_processing/monet_nom_metadata/raw/60846_5_BTM_1_MAOM_r2_Mag_02Jan25_3p3kV_300SA_p01_10_1_21492,nmdc:bsm-11-hbagyt36,60846_5_BTM,high
/home/bmeluch/NMDC/nom_processing/monet_nom_metadata/raw/60846_5_BTM_1_MAOM_r3_Mag_02Jan25_3p3kV_300SA_p01_10_1_21545,nmdc:bsm-11-hbagyt36,60846_5_BTM,high
/home/bmeluch/NMDC/nom_processing/monet_nom_metadata/raw/60846_5_BTM_2_MAOM_r1_Mag_02Jan25_3p3kV_300SA_p01_11_1_21457,nmdc:bsm-11-hbagyt36,60846_5_BTM,high
/home/bmeluch/NMDC/nom_processing/monet_nom_metadata/raw/60846_5_BTM_2_MAOM_r2_Mag_02Jan25_3p3kV_300SA_p01_11_1_21514,nmdc:bsm-11-hbagyt36,60846_5_BTM,high
/home/bmeluch/NMDC/nom_processing/monet_nom_metadata/raw/60846_5_BTM_2_MAOM_r3_Mag_02Jan25_3p3kV_300SA_p01_11_1_21549,nmdc:bsm-11-hbagyt36,60846_5_BTM,high
/home/bmeluch/NMDC/nom_processing/monet_nom_metadata/raw/60846_5_BTM_3_MAOM_r1_Mag_02Jan25_3p3kV_300SA_p01_12_1_21443,nmdc:bsm-11-hbagyt36,60846_5_BTM,high
/home/bmeluch/NMDC/nom_processing/monet_nom_metadata/raw/60846_5_BTM_3_MAOM_r2_Mag_02Jan25_3p3kV_300SA_p01_12_1_21501,nmdc:bsm-11-hbagyt36,60846_5_BTM,high
/home/bmeluch/NMDC/nom_processing/monet_nom_metadata/raw/60846_5_BTM_3_MAOM_r3_Mag_02Jan25_3p3kV_300SA_p01_12_1_21560,nmdc:bsm-11-hbagyt36,60846_5_BTM,high
/home/bmeluch/NMDC/nom_processing/monet_nom_metadata/raw/60846_5_T_1_WEOM_r1_Mag_16Feb24_300SA_p01_19_1_15252,nmdc:bsm-11-3gxmkt35,60846_5_TOP,high
/home/bmeluch/NMDC/nom_processing/monet_nom_metadata/raw/60846_5_T_1_WEOM_r2_Mag_16Feb24_300SA_p01_19_1_15316,nmdc:bsm-11-3gxmkt35,60846_5_TOP,high
/home/bmeluch/NMDC/nom_processing/monet_nom_metadata/raw/60846_5_T_1_WEOM_r3_Mag_16Feb24_300SA_p01_19_1_15325,nmdc:bsm-11-3gxmkt35,60846_5_TOP,high
/home/bmeluch/NMDC/nom_processing/monet_nom_metadata/raw/60846_5_T_2_WEOM_r1_Mag_16Feb24_300SA_p01_20_1_15255,nmdc:bsm-11-3gxmkt35,60846_5_TOP,high
/home/bmeluch/NMDC/nom_processing/monet_nom_metadata/raw/60846_5_T_2_WEOM_r2_Mag_16Feb24_300SA_p01_20_1_15298,nmdc:bsm-11-3gxmkt35,60846_5_TOP,high
/home/bmeluch/NMDC/nom_processing/monet_nom_metadata/raw/60846_5_T_2_WEOM_r3_Mag_16Feb24_300SA_p01_20_1_15326,nmdc:bsm-11-3gxmkt35,60846_5_TOP,high
/home/bmeluch/NMDC/nom_processing/monet_nom_metadata/raw/60846_5_T_3_WEOM_r1_Mag_16Feb24_300SA_p01_21_1_15274,nmdc:bsm-11-3gxmkt35,60846_5_TOP,high
/home/bmeluch/NMDC/nom_processing/monet_nom_metadata/raw/60846_5_T_3_WEOM_r2_Mag_16Feb24_300SA_p01_21_1_15293,nmdc:bsm-11-3gxmkt35,60846_5_TOP,high
/home/bmeluch/NMDC/nom_processing/monet_nom_metadata/raw/60846_5_T_3_WEOM_r3_Mag_16Feb24_300SA_p01_21_1_15329,nmdc:bsm-11-3gxmkt35,60846_5_TOP,high
/home/bmeluch/NMDC/nom_processing/monet_nom_metadata/raw/60846_5_TOP_1_MAOM_r1_Mag_02Jan25_3p3kV_300SA_p01_7_1_21472,nmdc:bsm-11-3gxmkt35,60846_5_TOP,high
/home/bmeluch/NMDC/nom_processing/monet_nom_metadata/raw/60846_5_TOP_1_MAOM_r2_Mag_02Jan25_3p3kV_300SA_p01_7_1_21529,nmdc:bsm-11-3gxmkt35,60846_5_TOP,high
/home/bmeluch/NMDC/nom_processing/monet_nom_metadata/raw/60846_5_TOP_1_MAOM_r3_Mag_02Jan25_3p3kV_300SA_p01_7_1_21553,nmdc:bsm-11-3gxmkt35,60846_5_TOP,high
/home/bmeluch/NMDC/nom_processing/monet_nom_metadata/raw/60846_5_TOP_2_MAOM_r1_Mag_02Jan25_3p3kV_300SA_p01_8_1_21471,nmdc:bsm-11-3gxmkt35,60846_5_TOP,high
/home/bmeluch/NMDC/nom_processing/monet_nom_metadata/raw/60846_5_TOP_2_MAOM_r2_Mag_02Jan25_3p3kV_300SA_p01_8_1_21525,nmdc:bsm-11-3gxmkt35,60846_5_TOP,high
/home/bmeluch/NMDC/nom_processing/monet_nom_metadata/raw/60846_5_TOP_2_MAOM_r3_Mag_02Jan25_3p3kV_300SA_p01_8_1_21550,nmdc:bsm-11-3gxmkt35,60846_5_TOP,high
/home/bmeluch/NMDC/nom_processing/monet_nom_metadata/raw/60846_5_TOP_3_MAOM_r1_Mag_02Jan25_3p3kV_300SA_p01_9_1_21449,nmdc:bsm-11-3gxmkt35,60846_5_TOP,high
/home/bmeluch/NMDC/nom_processing/monet_nom_metadata/raw/60846_5_TOP_3_MAOM_r2_Mag_02Jan25_3p3kV_300SA_p01_9_1_21503,nmdc:bsm-11-3gxmkt35,60846_5_TOP,high
/home/bmeluch/NMDC/nom_processing/monet_nom_metadata/raw/60846_5_TOP_3_MAOM_r3_Mag_02Jan25_3p3kV_300SA_p01_9_1_21534,nmdc:bsm-11-3gxmkt35,60846_5_TOP,high
/home/bmeluch/NMDC/nom_processing/monet_nom_metadata/raw/60846_7_B_1_WEOM_r1_Mag_16Feb24_300SA_p01_28_1_15280,nmdc:bsm-11-26x8tg56,60846_7_BTM,high
/home/bmeluch/NMDC/nom_processing/monet_nom_metadata/raw/60846_7_B_1_WEOM_r2_Mag_16Feb24_300SA_p01_28_1_15296,nmdc:bsm-11-26x8tg56,60846_7_BTM,high
/home/bmeluch/NMDC/nom_processing/monet_nom_metadata/raw/60846_7_B_1_WEOM_r3_Mag_16Feb24_300SA_p01_28_1_15328,nmdc:bsm-11-26x8tg56,60846_7_BTM,high
/home/bmeluch/NMDC/nom_processing/monet_nom_metadata/raw/60846_7_B_2_WEOM_r1_Mag_16Feb24_300SA_p01_29_1_15260,nmdc:bsm-11-26x8tg56,60846_7_BTM,high
/home/bmeluch/NMDC/nom_processing/monet_nom_metadata/raw/60846_7_B_2_WEOM_r2_Mag_16Feb24_300SA_p01_29_1_15306,nmdc:bsm-11-26x8tg56,60846_7_BTM,high
/home/bmeluch/NMDC/nom_processing/monet_nom_metadata/raw/60846_7_B_2_WEOM_r3_Mag_16Feb24_300SA_p01_29_1_15339,nmdc:bsm-11-26x8tg56,60846_7_BTM,high
/home/bmeluch/NMDC/nom_processing/monet_nom_metadata/raw/60846_7_B_3_WEOM_r1_Mag_16Feb24_300SA_p01_30_1_15275,nmdc:bsm-11-26x8tg56,60846_7_BTM,high
/home/bmeluch/NMDC/nom_processing/monet_nom_metadata/raw/60846_7_B_3_WEOM_r2_Mag_16Feb24_300SA_p01_30_1_15308,nmdc:bsm-11-26x8tg56,60846_7_BTM,high
/home/bmeluch/NMDC/nom_processing/monet_nom_metadata/raw/60846_7_B_3_WEOM_r3_Mag_16Feb24_300SA_p01_30_1_15338,nmdc:bsm-11-26x8tg56,60846_7_BTM,high
/home/bmeluch/NMDC/nom_processing/monet_nom_metadata/raw/60846_7_BTM_1_MAOM_r1_Mag_02Jan25_3p3kV_300SA_p01_16_1_21439,nmdc:bsm-11-26x8tg56,60846_7_BTM,high
/home/bmeluch/NMDC/nom_processing/monet_nom_metadata/raw/60846_7_BTM_1_MAOM_r2_Mag_02Jan25_3p3kV_300SA_p01_16_1_21531,nmdc:bsm-11-26x8tg56,60846_7_BTM,high
/home/bmeluch/NMDC/nom_processing/monet_nom_metadata/raw/60846_7_BTM_1_MAOM_r3_Mag_02Jan25_3p3kV_300SA_p01_16_1_21538,nmdc:bsm-11-26x8tg56,60846_7_BTM,high
/home/bmeluch/NMDC/nom_processing/monet_nom_metadata/raw/60846_7_BTM_2_MAOM_r1_Mag_02Jan25_3p3kV_300SA_p01_17_1_21430,nmdc:bsm-11-26x8tg56,60846_7_BTM,high
/home/bmeluch/NMDC/nom_processing/monet_nom_metadata/raw/60846_7_BTM_2_MAOM_r2_Mag_02Jan25_3p3kV_300SA_p01_17_1_21522,nmdc:bsm-11-26x8tg56,60846_7_BTM,high
/home/bmeluch/NMDC/nom_processing/monet_nom_metadata/raw/60846_7_BTM_2_MAOM_r3_Mag_02Jan25_3p3kV_300SA_p01_17_1_21571,nmdc:bsm-11-26x8tg56,60846_7_BTM,high
/home/bmeluch/NMDC/nom_processing/monet_nom_metadata/raw/60846_7_BTM_3_MAOM_r1_Mag_02Jan25_3p3kV_300SA_p01_18_1_21429,nmdc:bsm-11-26x8tg56,60846_7_BTM,high
/home/bmeluch/NMDC/nom_processing/monet_nom_metadata/raw/60846_7_BTM_3_MAOM_r2_Mag_02Jan25_3p3kV_300SA_p01_18_1_21498,nmdc:bsm-11-26x8tg56,60846_7_BTM,high
/home/bmeluch/NMDC/nom_processing/monet_nom_metadata/raw/60846_7_BTM_3_MAOM_r3_Mag_02Jan25_3p3kV_300SA_p01_18_1_21551,nmdc:bsm-11-26x8tg56,60846_7_BTM,high
/home/bmeluch/NMDC/nom_processing/monet_nom_metadata/raw/60846_7_T_1_WEOM_r1_Mag_16Feb24_300SA_p01_25_1_15273,nmdc:bsm-11-y7vevc12,60846_7_TOP,high
/home/bmeluch/NMDC/nom_processing/monet_nom_metadata/raw/60846_7_T_1_WEOM_r2_Mag_16Feb24_300SA_p01_25_1_15286,nmdc:bsm-11-y7vevc12,60846_7_TOP,high
/home/bmeluch/NMDC/nom_processing/monet_nom_metadata/raw/60846_7_T_1_WEOM_r3_Mag_16Feb24_300SA_p01_25_1_15353,nmdc:bsm-11-y7vevc12,60846_7_TOP,high
/home/bmeluch/NMDC/nom_processing/monet_nom_metadata/raw/60846_7_T_2_WEOM_r1_Mag_16Feb24_300SA_p01_26_1_15276,nmdc:bsm-11-y7vevc12,60846_7_TOP,high
/home/bmeluch/NMDC/nom_processing/monet_nom_metadata/raw/60846_7_T_2_WEOM_r2_Mag_16Feb24_300SA_p01_26_1_15287,nmdc:bsm-11-y7vevc12,60846_7_TOP,high
/home/bmeluch/NMDC/nom_processing/monet_nom_metadata/raw/60846_7_T_2_WEOM_r3_Mag_16Feb24_300SA_p01_26_1_15337,nmdc:bsm-11-y7vevc12,60846_7_TOP,high
/home/bmeluch/NMDC/nom_processing/monet_nom_metadata/raw/60846_7_T_3_WEOM_r1_Mag_16Feb24_300SA_p01_27_1_15254,nmdc:bsm-11-y7vevc12,60846_7_TOP,high
/home/bmeluch/NMDC/nom_processing/monet_nom_metadata/raw/60846_7_T_3_WEOM_r2_Mag_16Feb24_300SA_p01_27_1_15319,nmdc:bsm-11-y7vevc12,60846_7_TOP,high
/home/bmeluch/NMDC/nom_processing/monet_nom_metadata/raw/60846_7_T_3_WEOM_r3_Mag_16Feb24_300SA_p01_27_1_15333,nmdc:bsm-11-y7vevc12,60846_7_TOP,high
/home/bmeluch/NMDC/nom_processing/monet_nom_metadata/raw/60846_7_TOP_1_MAOM_r1_Mag_02Jan25_3p3kV_300SA_p01_13_1_21470,nmdc:bsm-11-y7vevc12,60846_7_TOP,high
/home/bmeluch/NMDC/nom_processing/monet_nom_metadata/raw/60846_7_TOP_1_MAOM_r2_Mag_02Jan25_3p3kV_300SA_p01_13_1_21481,nmdc:bsm-11-y7vevc12,60846_7_TOP,high
/home/bmeluch/NMDC/nom_processing/monet_nom_metadata/raw/60846_7_TOP_1_MAOM_r3_Mag_02Jan25_3p3kV_300SA_p01_13_1_21559,nmdc:bsm-11-y7vevc12,60846_7_TOP,high
/home/bmeluch/NMDC/nom_processing/monet_nom_metadata/raw/60846_7_TOP_2_MAOM_r1_Mag_02Jan25_3p3kV_300SA_p01_14_1_21464,nmdc:bsm-11-y7vevc12,60846_7_TOP,high
/home/bmeluch/NMDC/nom_processing/monet_nom_metadata/raw/60846_7_TOP_2_MAOM_r2_Mag_02Jan25_3p3kV_300SA_p01_14_1_21505,nmdc:bsm-11-y7vevc12,60846_7_TOP,high
/home/bmeluch/NMDC/nom_processing/monet_nom_metadata/raw/60846_7_TOP_2_MAOM_r3_Mag_02Jan25_3p3kV_300SA_p01_14_1_21539,nmdc:bsm-11-y7vevc12,60846_7_TOP,high
/home/bmeluch/NMDC/nom_processing/monet_nom_metadata/raw/60846_7_TOP_3_MAOM_r1_Mag_02Jan25_3p3kV_300SA_p01_15_1_21469,nmdc:bsm-11-y7vevc12,60846_7_TOP,high
/home/bmeluch/NMDC/nom_processing/monet_nom_metadata/raw/60846_7_TOP_3_MAOM_r2_Mag_02Jan25_3p3kV_300SA_p01_15_1_21483,nmdc:bsm-11-y7vevc12,60846_7_TOP,high
/home/bmeluch/NMDC/nom_processing/monet_nom_metadata/raw/60846_7_TOP_3_MAOM_r3_Mag_02Jan25_3p3kV_300SA_p01_15_1_21587,nmdc:bsm-11-y7vevc12,60846_7_TOP,high
/home/bmeluch/NMDC/nom_processing/monet_nom_metadata/raw/60880_1_B_1_WEOM_r1_Mag_16Feb24_300SA_p01_18_1_15368,nmdc:bsm-11-pp31dx51,60880_1_BTM,high
/home/bmeluch/NMDC/nom_processing/monet_nom_metadata/raw/60880_1_B_1_WEOM_r2_Mag_16Feb24_300SA_p01_18_1_15416,nmdc:bsm-11-pp31dx51,60880_1_BTM,high
/home/bmeluch/NMDC/nom_processing/monet_nom_metadata/raw/60880_1_B_1_WEOM_r3_Mag_16Feb24_300SA_p01_18_1_15446,nmdc:bsm-11-pp31dx51,60880_1_BTM,high
/home/bmeluch/NMDC/nom_processing/monet_nom_metadata/raw/60880_1_B_2_WEOM_r1_Mag_16Feb24_300SA_p01_19_1_15380,nmdc:bsm-11-pp31dx51,60880_1_BTM,high
/home/bmeluch/NMDC/nom_processing/monet_nom_metadata/raw/60880_1_B_2_WEOM_r2_Mag_16Feb24_300SA_p01_19_1_15398,nmdc:bsm-11-pp31dx51,60880_1_BTM,high
/home/bmeluch/NMDC/nom_processing/monet_nom_metadata/raw/60880_1_B_2_WEOM_r3_Mag_16Feb24_300SA_p01_19_1_15438,nmdc:bsm-11-pp31dx51,60880_1_BTM,high
/home/bmeluch/NMDC/nom_processing/monet_nom_metadata/raw/60880_1_BTM_1_MAOM_r1_Mag_02Jan25_3p3kV_300SA_p01_38_1_21436,nmdc:bsm-11-pp31dx51,60880_1_BTM,high
/home/bmeluch/NMDC/nom_processing/monet_nom_metadata/raw/60880_1_BTM_1_MAOM_r2_Mag_02Jan25_3p3kV_300SA_p01_38_1_21484,nmdc:bsm-11-pp31dx51,60880_1_BTM,high
/home/bmeluch/NMDC/nom_processing/monet_nom_metadata/raw/60880_1_BTM_1_MAOM_r3_Mag_02Jan25_3p3kV_300SA_p01_38_1_21537,nmdc:bsm-11-pp31dx51,60880_1_BTM,high
/home/bmeluch/NMDC/nom_processing/monet_nom_metadata/raw/60880_1_BTM_2_MAOM_r1_Mag_02Jan25_3p3kV_300SA_p01_39_1_21453,nmdc:bsm-11-pp31dx51,60880_1_BTM,high
/home/bmeluch/NMDC/nom_processing/monet_nom_metadata/raw/60880_1_BTM_2_MAOM_r2_Mag_02Jan25_3p3kV_300SA_p01_39_1_21526,nmdc:bsm-11-pp31dx51,60880_1_BTM,high
/home/bmeluch/NMDC/nom_processing/monet_nom_metadata/raw/60880_1_BTM_2_MAOM_r3_Mag_02Jan25_3p3kV_300SA_p01_39_1_21582,nmdc:bsm-11-pp31dx51,60880_1_BTM,high
/home/bmeluch/NMDC/nom_processing/monet_nom_metadata/raw/60880_1_BTM_3_MAOM_r1_Mag_02Jan25_3p3kV_300SA_p01_40_1_21477,nmdc:bsm-11-pp31dx51,60880_1_BTM,high
/home/bmeluch/NMDC/nom_processing/monet_nom_metadata/raw/60880_1_BTM_3_MAOM_r2_Mag_02Jan25_3p3kV_300SA_p01_40_1_21515,nmdc:bsm-11-pp31dx51,60880_1_BTM,high
/home/bmeluch/NMDC/nom_processing/monet_nom_metadata/raw/60880_1_BTM_3_MAOM_r3_Mag_02Jan25_3p3kV_300SA_p01_40_1_21563,nmdc:bsm-11-pp31dx51,60880_1_BTM,high
/home/bmeluch/NMDC/nom_processing/monet_nom_metadata/raw/60880_1_T_2_WEOM_r1_Mag_16Feb24_300SA_p01_16_1_15363,nmdc:bsm-11-2mbdf872,60880_1_TOP,high
/home/bmeluch/NMDC/nom_processing/monet_nom_metadata/raw/60880_1_T_2_WEOM_r2_Mag_16Feb24_300SA_p01_16_1_15419,nmdc:bsm-11-2mbdf872,60880_1_TOP,high
/home/bmeluch/NMDC/nom_processing/monet_nom_metadata/raw/60880_1_T_2_WEOM_r3_Mag_16Feb24_300SA_p01_16_1_15443,nmdc:bsm-11-2mbdf872,60880_1_TOP,high
/home/bmeluch/NMDC/nom_processing/monet_nom_metadata/raw/60880_1_T_3_WEOM_r1_Mag_16Feb24_300SA_p01_17_1_15374,nmdc:bsm-11-2mbdf872,60880_1_TOP,high
/home/bmeluch/NMDC/nom_processing/monet_nom_metadata/raw/60880_1_T_3_WEOM_r2_Mag_16Feb24_300SA_p01_17_1_15412,nmdc:bsm-11-2mbdf872,60880_1_TOP,high
/home/bmeluch/NMDC/nom_processing/monet_nom_metadata/raw/60880_1_T_3_WEOM_r3_Mag_16Feb24_300SA_p01_17_1_15442,nmdc:bsm-11-2mbdf872,60880_1_TOP,high
/home/bmeluch/NMDC/nom_processing/monet_nom_metadata/raw/60880_1_TOP_1_MAOM_r1_Mag_02Jan25_3p3kV_300SA_p01_35_1_21446,nmdc:bsm-11-2mbdf872,60880_1_TOP,high
/home/bmeluch/NMDC/nom_processing/monet_nom_metadata/raw/60880_1_TOP_1_MAOM_r2_Mag_02Jan25_3p3kV_300SA_p01_35_1_21491,nmdc:bsm-11-2mbdf872,60880_1_TOP,high
/home/bmeluch/NMDC/nom_processing/monet_nom_metadata/raw/60880_1_TOP_1_MAOM_r3_Mag_02Jan25_3p3kV_300SA_p01_35_1_21578,nmdc:bsm-11-2mbdf872,60880_1_TOP,high
/home/bmeluch/NMDC/nom_processing/monet_nom_metadata/raw/60880_1_TOP_2_MAOM_r1_Mag_02Jan25_3p3kV_300SA_p01_36_1_21433,nmdc:bsm-11-2mbdf872,60880_1_TOP,high
/home/bmeluch/NMDC/nom_processing/monet_nom_metadata/raw/60880_1_TOP_2_MAOM_r2_Mag_02Jan25_3p3kV_300SA_p01_36_1_21524,nmdc:bsm-11-2mbdf872,60880_1_TOP,high
/home/bmeluch/NMDC/nom_processing/monet_nom_metadata/raw/60880_1_TOP_2_MAOM_r3_Mag_02Jan25_3p3kV_300SA_p01_36_1_21540,nmdc:bsm-11-2mbdf872,60880_1_TOP,high
/home/bmeluch/NMDC/nom_processing/monet_nom_metadata/raw/60880_1_TOP_3_MAOM_r1_Mag_02Jan25_3p3kV_300SA_p01_37_1_21426,nmdc:bsm-11-2mbdf872,60880_1_TOP,high
/home/bmeluch/NMDC/nom_processing/monet_nom_metadata/raw/60880_1_TOP_3_MAOM_r2_Mag_02Jan25_3p3kV_300SA_p01_37_1_21493,nmdc:bsm-11-2mbdf872,60880_1_TOP,high
/home/bmeluch/NMDC/nom_processing/monet_nom_metadata/raw/60880_1_TOP_3_MAOM_r3_Mag_02Jan25_3p3kV_300SA_p01_37_1_21557,nmdc:bsm-11-2mbdf872,60880_1_TOP,high
/home/bmeluch/NMDC/nom_processing/monet_nom_metadata/raw/60880_2_B_1_WEOM_r1_Mag_16Feb24_300SA_p01_23_1_15377,nmdc:bsm-11-s41v0f79,60880_2_BTM,high
/home/bmeluch/NMDC/nom_processing/monet_nom_metadata/raw/60880_2_B_1_WEOM_r2_Mag_16Feb24_300SA_p01_23_1_15399,nmdc:bsm-11-s41v0f79,60880_2_BTM,high
/home/bmeluch/NMDC/nom_processing/monet_nom_metadata/raw/60880_2_B_1_WEOM_r3_Mag_16Feb24_300SA_p01_23_1_15444,nmdc:bsm-11-s41v0f79,60880_2_BTM,high
/home/bmeluch/NMDC/nom_processing/monet_nom_metadata/raw/60880_2_B_2_WEOM_r1_Mag_16Feb24_300SA_p01_24_1_15376,nmdc:bsm-11-s41v0f79,60880_2_BTM,high
/home/bmeluch/NMDC/nom_processing/monet_nom_metadata/raw/60880_2_B_2_WEOM_r2_Mag_16Feb24_300SA_p01_24_1_15422,nmdc:bsm-11-s41v0f79,60880_2_BTM,high
/home/bmeluch/NMDC/nom_processing/monet_nom_metadata/raw/60880_2_B_2_WEOM_r3_Mag_16Feb24_300SA_p01_24_1_15450,nmdc:bsm-11-s41v0f79,60880_2_BTM,high
/home/bmeluch/NMDC/nom_processing/monet_nom_metadata/raw/60880_2_B_3_WEOM_r1_Mag_16Feb24_300SA_p01_25_1_15386,nmdc:bsm-11-s41v0f79,60880_2_BTM,high
/home/bmeluch/NMDC/nom_processing/monet_nom_metadata/raw/60880_2_B_3_WEOM_r2_Mag_16Feb24_300SA_p01_25_1_15400,nmdc:bsm-11-s41v0f79,60880_2_BTM,high
/home/bmeluch/NMDC/nom_processing/monet_nom_metadata/raw/60880_2_B_3_WEOM_r3_Mag_16Feb24_300SA_p01_25_1_15434,nmdc:bsm-11-s41v0f79,60880_2_BTM,high
/home/bmeluch/NMDC/nom_processing/monet_nom_metadata/raw/60880_2_BTM_1_MAOM_r1_Mag_02Jan25_3p3kV_300SA_p01_44_1_21452,nmdc:bsm-11-s41v0f79,60880_2_BTM,high
/home/bmeluch/NMDC/nom_processing/monet_nom_metadata/raw/60880_2_BTM_1_MAOM_r2_Mag_02Jan25_3p3kV_300SA_p01_44_1_21502,nmdc:bsm-11-s41v0f79,60880_2_BTM,high
/home/bmeluch/NMDC/nom_processing/monet_nom_metadata/raw/60880_2_BTM_1_MAOM_r3_Mag_02Jan25_3p3kV_300SA_p01_44_1_21552,nmdc:bsm-11-s41v0f79,60880_2_BTM,high
/home/bmeluch/NMDC/nom_processing/monet_nom_metadata/raw/60880_2_BTM_2_MAOM_r1_Mag_02Jan25_3p3kV_300SA_p01_45_1_21435,nmdc:bsm-11-s41v0f79,60880_2_BTM,high
/home/bmeluch/NMDC/nom_processing/monet_nom_metadata/raw/60880_2_BTM_2_MAOM_r2_Mag_02Jan25_3p3kV_300SA_p01_45_1_21528,nmdc:bsm-11-s41v0f79,60880_2_BTM,high
/home/bmeluch/NMDC/nom_processing/monet_nom_metadata/raw/60880_2_BTM_2_MAOM_r3_Mag_02Jan25_3p3kV_300SA_p01_45_1_21565,nmdc:bsm-11-s41v0f79,60880_2_BTM,high
/home/bmeluch/NMDC/nom_processing/monet_nom_metadata/raw/60880_2_BTM_3_MAOM_r1_Mag_02Jan25_3p3kV_300SA_p01_46_1_21451,nmdc:bsm-11-s41v0f79,60880_2_BTM,high
/home/bmeluch/NMDC/nom_processing/monet_nom_metadata/raw/60880_2_BTM_3_MAOM_r2_Mag_02Jan25_3p3kV_300SA_p01_46_1_21512,nmdc:bsm-11-s41v0f79,60880_2_BTM,high
/home/bmeluch/NMDC/nom_processing/monet_nom_metadata/raw/60880_2_BTM_3_MAOM_r3_Mag_02Jan25_3p3kV_300SA_p01_46_1_21583,nmdc:bsm-11-s41v0f79,60880_2_BTM,high
/home/bmeluch/NMDC/nom_processing/monet_nom_metadata/raw/60880_2_T_1_WEOM_r1_Mag_16Feb24_300SA_p01_20_1_15369,nmdc:bsm-11-5vjamr09,60880_2_TOP,high
/home/bmeluch/NMDC/nom_processing/monet_nom_metadata/raw/60880_2_T_1_WEOM_r2_Mag_16Feb24_300SA_p01_20_1_15396,nmdc:bsm-11-5vjamr09,60880_2_TOP,high
/home/bmeluch/NMDC/nom_processing/monet_nom_metadata/raw/60880_2_T_1_WEOM_r3_Mag_16Feb24_300SA_p01_20_1_15433,nmdc:bsm-11-5vjamr09,60880_2_TOP,high
/home/bmeluch/NMDC/nom_processing/monet_nom_metadata/raw/60880_2_T_2_WEOM_r1_Mag_16Feb24_300SA_p01_21_1_15366,nmdc:bsm-11-5vjamr09,60880_2_TOP,high
/home/bmeluch/NMDC/nom_processing/monet_nom_metadata/raw/60880_2_T_2_WEOM_r2_Mag_16Feb24_300SA_p01_21_1_15394,nmdc:bsm-11-5vjamr09,60880_2_TOP,high
/home/bmeluch/NMDC/nom_processing/monet_nom_metadata/raw/60880_2_T_2_WEOM_r3_Mag_16Feb24_300SA_p01_21_1_15436,nmdc:bsm-11-5vjamr09,60880_2_TOP,high
/home/bmeluch/NMDC/nom_processing/monet_nom_metadata/raw/60880_2_T_3_WEOM_r1_Mag_16Feb24_300SA_p01_22_1_15375,nmdc:bsm-11-5vjamr09,60880_2_TOP,high
/home/bmeluch/NMDC/nom_processing/monet_nom_metadata/raw/60880_2_T_3_WEOM_r2_Mag_16Feb24_300SA_p01_22_1_15401,nmdc:bsm-11-5vjamr09,60880_2_TOP,high
/home/bmeluch/NMDC/nom_processing/monet_nom_metadata/raw/60880_2_T_3_WEOM_r3_Mag_16Feb24_300SA_p01_22_1_15429,nmdc:bsm-11-5vjamr09,60880_2_TOP,high
/home/bmeluch/NMDC/nom_processing/monet_nom_metadata/raw/60880_2_TOP_1_MAOM_r1_Mag_02Jan25_3p3kV_300SA_p01_41_1_21441,nmdc:bsm-11-5vjamr09,60880_2_TOP,high
/home/bmeluch/NMDC/nom_processing/monet_nom_metadata/raw/60880_2_TOP_1_MAOM_r2_Mag_02Jan25_3p3kV_300SA_p01_41_1_21485,nmdc:bsm-11-5vjamr09,60880_2_TOP,high
/home/bmeluch/NMDC/nom_processing/monet_nom_metadata/raw/60880_2_TOP_1_MAOM_r3_Mag_02Jan25_3p3kV_300SA_p01_41_1_21574,nmdc:bsm-11-5vjamr09,60880_2_TOP,high
/home/bmeluch/NMDC/nom_processing/monet_nom_metadata/raw/60880_2_TOP_2_MAOM_r1_Mag_02Jan25_3p3kV_300SA_p01_42_1_21442,nmdc:bsm-11-5vjamr09,60880_2_TOP,high
/home/bmeluch/NMDC/nom_processing/monet_nom_metadata/raw/60880_2_TOP_2_MAOM_r2_Mag_02Jan25_3p3kV_300SA_p01_42_1_21513,nmdc:bsm-11-5vjamr09,60880_2_TOP,high
/home/bmeluch/NMDC/nom_processing/monet_nom_metadata/raw/60880_2_TOP_2_MAOM_r3_Mag_02Jan25_3p3kV_300SA_p01_42_1_21535,nmdc:bsm-11-5vjamr09,60880_2_TOP,high
/home/bmeluch/NMDC/nom_processing/monet_nom_metadata/raw/60880_2_TOP_3_MAOM_r1_Mag_02Jan25_3p3kV_300SA_p01_43_1_21438,nmdc:bsm-11-5vjamr09,60880_2_TOP,high
/home/bmeluch/NMDC/nom_processing/monet_nom_metadata/raw/60880_2_TOP_3_MAOM_r2_Mag_02Jan25_3p3kV_300SA_p01_43_1_21482,nmdc:bsm-11-5vjamr09,60880_2_TOP,high
/home/bmeluch/NMDC/nom_processing/monet_nom_metadata/raw/60880_2_TOP_3_MAOM_r3_Mag_02Jan25_3p3kV_300SA_p01_43_1_21567,nmdc:bsm-11-5vjamr09,60880_2_TOP,high
/home/bmeluch/NMDC/nom_processing/monet_nom_metadata/raw/60880_3_B_1_WEOM_r1_Mag_16Feb24_300SA_p01_29_1_15388,nmdc:bsm-11-866ak216,60880_3_BTM,high
/home/bmeluch/NMDC/nom_processing/monet_nom_metadata/raw/60880_3_B_1_WEOM_r2_Mag_16Feb24_300SA_p01_29_1_15411,nmdc:bsm-11-866ak216,60880_3_BTM,high
/home/bmeluch/NMDC/nom_processing/monet_nom_metadata/raw/60880_3_B_1_WEOM_r3_Mag_16Feb24_300SA_p01_29_1_15430,nmdc:bsm-11-866ak216,60880_3_BTM,high
/home/bmeluch/NMDC/nom_processing/monet_nom_metadata/raw/60880_3_B_2_WEOM_r1_Mag_16Feb24_300SA_p01_30_1_15372,nmdc:bsm-11-866ak216,60880_3_BTM,high
/home/bmeluch/NMDC/nom_processing/monet_nom_metadata/raw/60880_3_B_2_WEOM_r2_Mag_16Feb24_300SA_p01_30_1_15395,nmdc:bsm-11-866ak216,60880_3_BTM,high
/home/bmeluch/NMDC/nom_processing/monet_nom_metadata/raw/60880_3_B_2_WEOM_r3_Mag_16Feb24_300SA_p01_30_1_15431,nmdc:bsm-11-866ak216,60880_3_BTM,high
/home/bmeluch/NMDC/nom_processing/monet_nom_metadata/raw/60880_3_B_3_WEOM_r1_Mag_16Feb24_300SA_p01_31_1_15373,nmdc:bsm-11-866ak216,60880_3_BTM,high
/home/bmeluch/NMDC/nom_processing/monet_nom_metadata/raw/60880_3_B_3_WEOM_r2_Mag_16Feb24_300SA_p01_31_1_15408,nmdc:bsm-11-866ak216,60880_3_BTM,high
/home/bmeluch/NMDC/nom_processing/monet_nom_metadata/raw/60880_3_B_3_WEOM_r3_Mag_16Feb24_300SA_p01_31_1_15435,nmdc:bsm-11-866ak216,60880_3_BTM,high
/home/bmeluch/NMDC/nom_processing/monet_nom_metadata/raw/60880_3_BTM_1_MAOM_r1_Mag_27Dec24_3p3kV_300SA_p01_4_1_21349,nmdc:bsm-11-866ak216,60880_3_BTM,high
/home/bmeluch/NMDC/nom_processing/monet_nom_metadata/raw/60880_3_BTM_1_MAOM_r2_Mag_27Dec24_3p3kV_300SA_p01_4_1_21375,nmdc:bsm-11-866ak216,60880_3_BTM,high
/home/bmeluch/NMDC/nom_processing/monet_nom_metadata/raw/60880_3_BTM_1_MAOM_r3_Mag_27Dec24_3p3kV_300SA_p01_4_1_21392,nmdc:bsm-11-866ak216,60880_3_BTM,high
/home/bmeluch/NMDC/nom_processing/monet_nom_metadata/raw/60880_3_BTM_2_MAOM_r1_Mag_27Dec24_3p3kV_300SA_p01_5_1_21337,nmdc:bsm-11-866ak216,60880_3_BTM,high
/home/bmeluch/NMDC/nom_processing/monet_nom_metadata/raw/60880_3_BTM_2_MAOM_r2_Mag_27Dec24_3p3kV_300SA_p01_5_1_21382,nmdc:bsm-11-866ak216,60880_3_BTM,high
/home/bmeluch/NMDC/nom_processing/monet_nom_metadata/raw/60880_3_BTM_2_MAOM_r3_Mag_27Dec24_3p3kV_300SA_p01_5_1_21404,nmdc:bsm-11-866ak216,60880_3_BTM,high
/home/bmeluch/NMDC/nom_processing/monet_nom_metadata/raw/60880_3_BTM_3_MAOM_r1_Mag_27Dec24_3p3kV_300SA_p01_6_1_21347,nmdc:bsm-11-866ak216,60880_3_BTM,high
/home/bmeluch/NMDC/nom_processing/monet_nom_metadata/raw/60880_3_BTM_3_MAOM_r2_Mag_27Dec24_3p3kV_300SA_p01_6_1_21377,nmdc:bsm-11-866ak216,60880_3_BTM,high
/home/bmeluch/NMDC/nom_processing/monet_nom_metadata/raw/60880_3_BTM_3_MAOM_r3_Mag_27Dec24_3p3kV_300SA_p01_6_1_21414,nmdc:bsm-11-866ak216,60880_3_BTM,high
/home/bmeluch/NMDC/nom_processing/monet_nom_metadata/raw/60880_3_T_1_WEOM_r1_Mag_16Feb24_300SA_p01_26_1_15381,nmdc:bsm-11-t27vqt47,60880_3_TOP,high
/home/bmeluch/NMDC/nom_processing/monet_nom_metadata/raw/60880_3_T_1_WEOM_r2_Mag_16Feb24_300SA_p01_26_1_15417,nmdc:bsm-11-t27vqt47,60880_3_TOP,high
/home/bmeluch/NMDC/nom_processing/monet_nom_metadata/raw/60880_3_T_1_WEOM_r3_Mag_16Feb24_300SA_p01_26_1_15441,nmdc:bsm-11-t27vqt47,60880_3_TOP,high
/home/bmeluch/NMDC/nom_processing/monet_nom_metadata/raw/60880_3_T_2_WEOM_r1_Mag_16Feb24_300SA_p01_27_1_15387,nmdc:bsm-11-t27vqt47,60880_3_TOP,high
/home/bmeluch/NMDC/nom_processing/monet_nom_metadata/raw/60880_3_T_2_WEOM_r2_Mag_16Feb24_300SA_p01_27_1_15402,nmdc:bsm-11-t27vqt47,60880_3_TOP,high
/home/bmeluch/NMDC/nom_processing/monet_nom_metadata/raw/60880_3_T_2_WEOM_r3_Mag_16Feb24_300SA_p01_27_1_15424,nmdc:bsm-11-t27vqt47,60880_3_TOP,high
/home/bmeluch/NMDC/nom_processing/monet_nom_metadata/raw/60880_3_T_3_WEOM_r1_Mag_16Feb24_300SA_p01_28_1_15365,nmdc:bsm-11-t27vqt47,60880_3_TOP,high
/home/bmeluch/NMDC/nom_processing/monet_nom_metadata/raw/60880_3_T_3_WEOM_r2_Mag_16Feb24_300SA_p01_28_1_15407,nmdc:bsm-11-t27vqt47,60880_3_TOP,high
/home/bmeluch/NMDC/nom_processing/monet_nom_metadata/raw/60880_3_T_3_WEOM_r3_Mag_16Feb24_300SA_p01_28_1_15426,nmdc:bsm-11-t27vqt47,60880_3_TOP,high
/home/bmeluch/NMDC/nom_processing/monet_nom_metadata/raw/60880_3_TOP_1_MAOM_r1_Mag_27Dec24_3p3kV_300SA_p01_1_1_21335,nmdc:bsm-11-t27vqt47,60880_3_TOP,high
/home/bmeluch/NMDC/nom_processing/monet_nom_metadata/raw/60880_3_TOP_1_MAOM_r2_Mag_27Dec24_3p3kV_300SA_p01_1_1_21358,nmdc:bsm-11-t27vqt47,60880_3_TOP,high
/home/bmeluch/NMDC/nom_processing/monet_nom_metadata/raw/60880_3_TOP_1_MAOM_r3_Mag_27Dec24_3p3kV_300SA_p01_1_1_21407,nmdc:bsm-11-t27vqt47,60880_3_TOP,high
/home/bmeluch/NMDC/nom_processing/monet_nom_metadata/raw/60880_3_TOP_2_MAOM_r1_Mag_27Dec24_3p3kV_300SA_p01_2_1_21352,nmdc:bsm-11-t27vqt47,60880_3_TOP,high
/home/bmeluch/NMDC/nom_processing/monet_nom_metadata/raw/60880_3_TOP_2_MAOM_r2_Mag_27Dec24_3p3kV_300SA_p01_2_1_21385,nmdc:bsm-11-t27vqt47,60880_3_TOP,high
/home/bmeluch/NMDC/nom_processing/monet_nom_metadata/raw/60880_3_TOP_2_MAOM_r3_Mag_27Dec24_3p3kV_300SA_p01_2_1_21391,nmdc:bsm-11-t27vqt47,60880_3_TOP,high
/home/bmeluch/NMDC/nom_processing/monet_nom_metadata/raw/60880_3_TOP_3_MAOM_r1_Mag_27Dec24_3p3kV_300SA_p01_3_1_21331,nmdc:bsm-11-t27vqt47,60880_3_TOP,high
/home/bmeluch/NMDC/nom_processing/monet_nom_metadata/raw/60880_3_TOP_3_MAOM_r2_Mag_27Dec24_3p3kV_300SA_p01_3_1_21384,nmdc:bsm-11-t27vqt47,60880_3_TOP,high
/home/bmeluch/NMDC/nom_processing/monet_nom_metadata/raw/60880_3_TOP_3_MAOM_r3_Mag_27Dec24_3p3kV_300SA_p01_3_1_21416,nmdc:bsm-11-t27vqt47,60880_3_TOP,high
/home/bmeluch/NMDC/nom_processing/monet_nom_metadata/raw/60880_4_B_1_WEOM_r1_Mag_16Feb24_300SA_p01_35_1_15391,nmdc:bsm-11-939ej177,60880_4_BTM,high
/home/bmeluch/NMDC/nom_processing/monet_nom_metadata/raw/60880_4_B_1_WEOM_r2_Mag_16Feb24_300SA_p01_35_1_15413,nmdc:bsm-11-939ej177,60880_4_BTM,high
/home/bmeluch/NMDC/nom_processing/monet_nom_metadata/raw/60880_4_B_1_WEOM_r3_Mag_16Feb24_300SA_p01_35_1_15447,nmdc:bsm-11-939ej177,60880_4_BTM,high
/home/bmeluch/NMDC/nom_processing/monet_nom_metadata/raw/60880_4_B_2_WEOM_r1_Mag_16Feb24_300SA_p01_36_1_15371,nmdc:bsm-11-939ej177,60880_4_BTM,high
/home/bmeluch/NMDC/nom_processing/monet_nom_metadata/raw/60880_4_B_2_WEOM_r2_Mag_16Feb24_300SA_p01_36_1_15393,nmdc:bsm-11-939ej177,60880_4_BTM,high
/home/bmeluch/NMDC/nom_processing/monet_nom_metadata/raw/60880_4_B_2_WEOM_r3_Mag_16Feb24_300SA_p01_36_1_15440,nmdc:bsm-11-939ej177,60880_4_BTM,high
/home/bmeluch/NMDC/nom_processing/monet_nom_metadata/raw/60880_4_B_3_WEOM_r1_Mag_16Feb24_300SA_p01_37_1_15370,nmdc:bsm-11-939ej177,60880_4_BTM,high
/home/bmeluch/NMDC/nom_processing/monet_nom_metadata/raw/60880_4_B_3_WEOM_r2_Mag_16Feb24_300SA_p01_37_1_15421,nmdc:bsm-11-939ej177,60880_4_BTM,high
/home/bmeluch/NMDC/nom_processing/monet_nom_metadata/raw/60880_4_B_3_WEOM_r3_Mag_16Feb24_300SA_p01_37_1_15437,nmdc:bsm-11-939ej177,60880_4_BTM,high
/home/bmeluch/NMDC/nom_processing/monet_nom_metadata/raw/60880_4_BTM_1_MAOM_r1_Mag_27Dec24_3p3kV_300SA_p01_10_1_21355,nmdc:bsm-11-939ej177,60880_4_BTM,high
/home/bmeluch/NMDC/nom_processing/monet_nom_metadata/raw/60880_4_BTM_1_MAOM_r2_Mag_27Dec24_3p3kV_300SA_p01_10_1_21363,nmdc:bsm-11-939ej177,60880_4_BTM,high
/home/bmeluch/NMDC/nom_processing/monet_nom_metadata/raw/60880_4_BTM_1_MAOM_r3_Mag_27Dec24_3p3kV_300SA_p01_10_1_21398,nmdc:bsm-11-939ej177,60880_4_BTM,high
/home/bmeluch/NMDC/nom_processing/monet_nom_metadata/raw/60880_4_BTM_2_MAOM_r1_Mag_27Dec24_3p3kV_300SA_p01_11_1_21357,nmdc:bsm-11-939ej177,60880_4_BTM,high
/home/bmeluch/NMDC/nom_processing/monet_nom_metadata/raw/60880_4_BTM_2_MAOM_r2_Mag_27Dec24_3p3kV_300SA_p01_11_1_21386,nmdc:bsm-11-939ej177,60880_4_BTM,high
/home/bmeluch/NMDC/nom_processing/monet_nom_metadata/raw/60880_4_BTM_2_MAOM_r3_Mag_27Dec24_3p3kV_300SA_p01_11_1_21399,nmdc:bsm-11-939ej177,60880_4_BTM,high
/home/bmeluch/NMDC/nom_processing/monet_nom_metadata/raw/60880_4_BTM_3_MAOM_r1_Mag_27Dec24_3p3kV_300SA_p01_12_1_21328,nmdc:bsm-11-939ej177,60880_4_BTM,high
/home/bmeluch/NMDC/nom_processing/monet_nom_metadata/raw/60880_4_BTM_3_MAOM_r2_Mag_27Dec24_3p3kV_300SA_p01_12_1_21373,nmdc:bsm-11-939ej177,60880_4_BTM,high
/home/bmeluch/NMDC/nom_processing/monet_nom_metadata/raw/60880_4_BTM_3_MAOM_r3_Mag_27Dec24_3p3kV_300SA_p01_12_1_21395,nmdc:bsm-11-939ej177,60880_4_BTM,high
/home/bmeluch/NMDC/nom_processing/monet_nom_metadata/raw/60880_4_T_1_WEOM_r1_Mag_16Feb24_300SA_p01_32_1_15389,nmdc:bsm-11-eejbkc73,60880_4_TOP,high
/home/bmeluch/NMDC/nom_processing/monet_nom_metadata/raw/60880_4_T_1_WEOM_r2_Mag_16Feb24_300SA_p01_32_1_15420,nmdc:bsm-11-eejbkc73,60880_4_TOP,high
/home/bmeluch/NMDC/nom_processing/monet_nom_metadata/raw/60880_4_T_1_WEOM_r3_Mag_16Feb24_300SA_p01_32_1_15449,nmdc:bsm-11-eejbkc73,60880_4_TOP,high
/home/bmeluch/NMDC/nom_processing/monet_nom_metadata/raw/60880_4_T_2_WEOM_r1_Mag_16Feb24_300SA_p01_33_1_15382,nmdc:bsm-11-eejbkc73,60880_4_TOP,high
/home/bmeluch/NMDC/nom_processing/monet_nom_metadata/raw/60880_4_T_2_WEOM_r2_Mag_16Feb24_300SA_p01_33_1_15410,nmdc:bsm-11-eejbkc73,60880_4_TOP,high
/home/bmeluch/NMDC/nom_processing/monet_nom_metadata/raw/60880_4_T_2_WEOM_r3_Mag_16Feb24_300SA_p01_33_1_15445,nmdc:bsm-11-eejbkc73,60880_4_TOP,high
/home/bmeluch/NMDC/nom_processing/monet_nom_metadata/raw/60880_4_T_3_WEOM_r1_Mag_16Feb24_300SA_p01_34_1_15378,nmdc:bsm-11-eejbkc73,60880_4_TOP,high
/home/bmeluch/NMDC/nom_processing/monet_nom_metadata/raw/60880_4_T_3_WEOM_r2_Mag_16Feb24_300SA_p01_34_1_15415,nmdc:bsm-11-eejbkc73,60880_4_TOP,high
/home/bmeluch/NMDC/nom_processing/monet_nom_metadata/raw/60880_4_T_3_WEOM_r3_Mag_16Feb24_300SA_p01_34_1_15425,nmdc:bsm-11-eejbkc73,60880_4_TOP,high
/home/bmeluch/NMDC/nom_processing/monet_nom_metadata/raw/60880_4_TOP_1_MAOM_r1_Mag_27Dec24_3p3kV_300SA_p01_7_1_21338,nmdc:bsm-11-eejbkc73,60880_4_TOP,high
/home/bmeluch/NMDC/nom_processing/monet_nom_metadata/raw/60880_4_TOP_1_MAOM_r2_Mag_27Dec24_3p3kV_300SA_p01_7_1_21381,nmdc:bsm-11-eejbkc73,60880_4_TOP,high
/home/bmeluch/NMDC/nom_processing/monet_nom_metadata/raw/60880_4_TOP_1_MAOM_r3_Mag_27Dec24_3p3kV_300SA_p01_7_1_21417,nmdc:bsm-11-eejbkc73,60880_4_TOP,high
/home/bmeluch/NMDC/nom_processing/monet_nom_metadata/raw/60880_4_TOP_2_MAOM_r1_Mag_27Dec24_3p3kV_300SA_p01_8_1_21353,nmdc:bsm-11-eejbkc73,60880_4_TOP,high
/home/bmeluch/NMDC/nom_processing/monet_nom_metadata/raw/60880_4_TOP_2_MAOM_r2_Mag_27Dec24_3p3kV_300SA_p01_8_1_21374,nmdc:bsm-11-eejbkc73,60880_4_TOP,high
/home/bmeluch/NMDC/nom_processing/monet_nom_metadata/raw/60880_4_TOP_2_MAOM_r3_Mag_27Dec24_3p3kV_300SA_p01_8_1_21401,nmdc:bsm-11-eejbkc73,60880_4_TOP,high
/home/bmeluch/NMDC/nom_processing/monet_nom_metadata/raw/60880_4_TOP_3_MAOM_r1_Mag_27Dec24_3p3kV_300SA_p01_9_1_21340,nmdc:bsm-11-eejbkc73,60880_4_TOP,high
/home/bmeluch/NMDC/nom_processing/monet_nom_metadata/raw/60880_4_TOP_3_MAOM_r2_Mag_27Dec24_3p3kV_300SA_p01_9_1_21368,nmdc:bsm-11-eejbkc73,60880_4_TOP,high
/home/bmeluch/NMDC/nom_processing/monet_nom_metadata/raw/60880_4_TOP_3_MAOM_r3_Mag_27Dec24_3p3kV_300SA_p01_9_1_21406,nmdc:bsm-11-eejbkc73,60880_4_TOP,high
/home/bmeluch/NMDC/nom_processing/monet_nom_metadata/raw/60880_5_BTM_1_MAOM_r1_Mag_26Feb25_3p3kV_300SA_p01_38_1_23812,nmdc:bsm-11-p8dkr741,60880_5_BTM,high
/home/bmeluch/NMDC/nom_processing/monet_nom_metadata/raw/60880_5_BTM_1_MAOM_r2_Mag_26Feb25_3p3kV_300SA_p01_38_1_23832,nmdc:bsm-11-p8dkr741,60880_5_BTM,high
/home/bmeluch/NMDC/nom_processing/monet_nom_metadata/raw/60880_5_BTM_1_MAOM_r3_Mag_26Feb25_3p3kV_300SA_p01_38_1_23919,nmdc:bsm-11-p8dkr741,60880_5_BTM,high
/home/bmeluch/NMDC/nom_processing/monet_nom_metadata/raw/60880_5_BTM_2_MAOM_r1_Mag_26Feb25_3p3kV_300SA_p01_39_1_23815,nmdc:bsm-11-p8dkr741,60880_5_BTM,high
/home/bmeluch/NMDC/nom_processing/monet_nom_metadata/raw/60880_5_BTM_2_MAOM_r2_Mag_26Feb25_3p3kV_300SA_p01_39_1_23870,nmdc:bsm-11-p8dkr741,60880_5_BTM,high
/home/bmeluch/NMDC/nom_processing/monet_nom_metadata/raw/60880_5_BTM_2_MAOM_r3_Mag_26Feb25_3p3kV_300SA_p01_39_1_23889,nmdc:bsm-11-p8dkr741,60880_5_BTM,high
/home/bmeluch/NMDC/nom_processing/monet_nom_metadata/raw/60880_5_BTM_3_MAOM_r1_Mag_26Feb25_3p3kV_300SA_p01_40_1_23801,nmdc:bsm-11-p8dkr741,60880_5_BTM,high
/home/bmeluch/NMDC/nom_processing/monet_nom_metadata/raw/60880_5_BTM_3_MAOM_r2_Mag_26Feb25_3p3kV_300SA_p01_40_1_23828,nmdc:bsm-11-p8dkr741,60880_5_BTM,high
/home/bmeluch/NMDC/nom_processing/monet_nom_metadata/raw/60880_5_BTM_3_MAOM_r3_Mag_26Feb25_3p3kV_300SA_p01_40_1_23876,nmdc:bsm-11-p8dkr741,60880_5_BTM,high
/home/bmeluch/NMDC/nom_processing/monet_nom_metadata/raw/60880_5_TOP_1_MAOM_r1_Mag_26Feb25_3p3kV_300SA_p01_35_1_23793,nmdc:bsm-11-6ccma634,60880_5_TOP,high
/home/bmeluch/NMDC/nom_processing/monet_nom_metadata/raw/60880_5_TOP_1_MAOM_r2_Mag_26Feb25_3p3kV_300SA_p01_35_1_23859,nmdc:bsm-11-6ccma634,60880_5_TOP,high
/home/bmeluch/NMDC/nom_processing/monet_nom_metadata/raw/60880_5_TOP_1_MAOM_r3_Mag_26Feb25_3p3kV_300SA_p01_35_1_23916,nmdc:bsm-11-6ccma634,60880_5_TOP,high
/home/bmeluch/NMDC/nom_processing/monet_nom_metadata/raw/60880_5_TOP_2_MAOM_r1_Mag_26Feb25_3p3kV_300SA_p01_36_1_23788,nmdc:bsm-11-6ccma634,60880_5_TOP,high
/home/bmeluch/NMDC/nom_processing/monet_nom_metadata/raw/60880_5_TOP_2_MAOM_r2_Mag_26Feb25_3p3kV_300SA_p01_36_1_23830,nmdc:bsm-11-6ccma634,60880_5_TOP,high
/home/bmeluch/NMDC/nom_processing/monet_nom_metadata/raw/60880_5_TOP_2_MAOM_r3_Mag_26Feb25_3p3kV_300SA_p01_36_1_23902,nmdc:bsm-11-6ccma634,60880_5_TOP,high
/home/bmeluch/NMDC/nom_processing/monet_nom_metadata/raw/60880_5_TOP_3_MAOM_r1_Mag_26Feb25_3p3kV_300SA_p01_37_1_23777,nmdc:bsm-11-6ccma634,60880_5_TOP,high
/home/bmeluch/NMDC/nom_processing/monet_nom_metadata/raw/60880_5_TOP_3_MAOM_r2_Mag_26Feb25_3p3kV_300SA_p01_37_1_23833,nmdc:bsm-11-6ccma634,60880_5_TOP,high
/home/bmeluch/NMDC/nom_processing/monet_nom_metadata/raw/60880_5_TOP_3_MAOM_r3_Mag_26Feb25_3p3kV_300SA_p01_37_1_23903,nmdc:bsm-11-6ccma634,60880_5_TOP,high
/home/bmeluch/NMDC/nom_processing/monet_nom_metadata/raw/60880_6_BTM_1_MAOM_r1_Mag_26Feb25_3p3kV_300SA_p01_44_1_23779,nmdc:bsm-11-a14anh64,60880_6_BTM,high
/home/bmeluch/NMDC/nom_processing/monet_nom_metadata/raw/60880_6_BTM_1_MAOM_r2_Mag_26Feb25_3p3kV_300SA_p01_44_1_23845,nmdc:bsm-11-a14anh64,60880_6_BTM,high
/home/bmeluch/NMDC/nom_processing/monet_nom_metadata/raw/60880_6_BTM_1_MAOM_r3_Mag_26Feb25_3p3kV_300SA_p01_44_1_23883,nmdc:bsm-11-a14anh64,60880_6_BTM,high
/home/bmeluch/NMDC/nom_processing/monet_nom_metadata/raw/60880_6_BTM_2_MAOM_r1_Mag_26Feb25_3p3kV_300SA_p01_45_1_23805,nmdc:bsm-11-a14anh64,60880_6_BTM,high
/home/bmeluch/NMDC/nom_processing/monet_nom_metadata/raw/60880_6_BTM_2_MAOM_r2_Mag_26Feb25_3p3kV_300SA_p01_45_1_23868,nmdc:bsm-11-a14anh64,60880_6_BTM,high
/home/bmeluch/NMDC/nom_processing/monet_nom_metadata/raw/60880_6_BTM_2_MAOM_r3_Mag_26Feb25_3p3kV_300SA_p01_45_1_23900,nmdc:bsm-11-a14anh64,60880_6_BTM,high
/home/bmeluch/NMDC/nom_processing/monet_nom_metadata/raw/60880_6_BTM_3_MAOM_r1_Mag_26Feb25_3p3kV_300SA_p01_46_1_23770,nmdc:bsm-11-a14anh64,60880_6_BTM,high
/home/bmeluch/NMDC/nom_processing/monet_nom_metadata/raw/60880_6_BTM_3_MAOM_r2_Mag_26Feb25_3p3kV_300SA_p01_46_1_23875,nmdc:bsm-11-a14anh64,60880_6_BTM,high
/home/bmeluch/NMDC/nom_processing/monet_nom_metadata/raw/60880_6_BTM_3_MAOM_r3_Mag_26Feb25_3p3kV_300SA_p01_46_1_23921,nmdc:bsm-11-a14anh64,60880_6_BTM,high
/home/bmeluch/NMDC/nom_processing/monet_nom_metadata/raw/60880_6_TOP_1_MAOM_r1_Mag_26Feb25_3p3kV_300SA_p01_41_1_23782,nmdc:bsm-11-2vp4nd49,60880_6_TOP,high
/home/bmeluch/NMDC/nom_processing/monet_nom_metadata/raw/60880_6_TOP_1_MAOM_r2_Mag_26Feb25_3p3kV_300SA_p01_41_1_23837,nmdc:bsm-11-2vp4nd49,60880_6_TOP,high
/home/bmeluch/NMDC/nom_processing/monet_nom_metadata/raw/60880_6_TOP_1_MAOM_r3_Mag_26Feb25_3p3kV_300SA_p01_41_1_23882,nmdc:bsm-11-2vp4nd49,60880_6_TOP,high
/home/bmeluch/NMDC/nom_processing/monet_nom_metadata/raw/60880_6_TOP_2_MAOM_r1_Mag_26Feb25_3p3kV_300SA_p01_42_1_23808,nmdc:bsm-11-2vp4nd49,60880_6_TOP,high
/home/bmeluch/NMDC/nom_processing/monet_nom_metadata/raw/60880_6_TOP_2_MAOM_r2_Mag_26Feb25_3p3kV_300SA_p01_42_1_23853,nmdc:bsm-11-2vp4nd49,60880_6_TOP,high
/home/bmeluch/NMDC/nom_processing/monet_nom_metadata/raw/60880_6_TOP_2_MAOM_r3_Mag_26Feb25_3p3kV_300SA_p01_42_1_23880,nmdc:bsm-11-2vp4nd49,60880_6_TOP,high
/home/bmeluch/NMDC/nom_processing/monet_nom_metadata/raw/60880_6_TOP_3_MAOM_r1_Mag_26Feb25_3p3kV_300SA_p01_43_1_23806,nmdc:bsm-11-2vp4nd49,60880_6_TOP,high
/home/bmeluch/NMDC/nom_processing/monet_nom_metadata/raw/60880_6_TOP_3_MAOM_r2_Mag_26Feb25_3p3kV_300SA_p01_43_1_23834,nmdc:bsm-11-2vp4nd49,60880_6_TOP,high
/home/bmeluch/NMDC/nom_processing/monet_nom_metadata/raw/60880_6_TOP_3_MAOM_r3_Mag_26Feb25_3p3kV_300SA_p01_43_1_23933,nmdc:bsm-11-2vp4nd49,60880_6_TOP,high
/home/bmeluch/NMDC/nom_processing/monet_nom_metadata/raw/60881_1_B_1_WEOM_r1_Mag_01May24_300SA_p01_1_1_18114,nmdc:bsm-11-ydsqvv39,60881_1_BTM,high
/home/bmeluch/NMDC/nom_processing/monet_nom_metadata/raw/60881_1_B_1_WEOM_r2_Mag_01May24_300SA_p01_1_1_18185,nmdc:bsm-11-ydsqvv39,60881_1_BTM,high
/home/bmeluch/NMDC/nom_processing/monet_nom_metadata/raw/60881_1_B_1_WEOM_r3_Mag_01May24_300SA_p01_1_1_18228,nmdc:bsm-11-ydsqvv39,60881_1_BTM,high
/home/bmeluch/NMDC/nom_processing/monet_nom_metadata/raw/60881_1_B_2_WEOM_r1_Mag_01May24_300SA_p01_2_1_18119,nmdc:bsm-11-ydsqvv39,60881_1_BTM,high
/home/bmeluch/NMDC/nom_processing/monet_nom_metadata/raw/60881_1_B_2_WEOM_r2_Mag_01May24_300SA_p01_2_1_18131,nmdc:bsm-11-ydsqvv39,60881_1_BTM,high
/home/bmeluch/NMDC/nom_processing/monet_nom_metadata/raw/60881_1_B_2_WEOM_r3_Mag_01May24_300SA_p01_2_1_18233,nmdc:bsm-11-ydsqvv39,60881_1_BTM,high
/home/bmeluch/NMDC/nom_processing/monet_nom_metadata/raw/60881_1_B_3_WEOM_r1_Mag_01May24_300SA_p01_3_1_18090,nmdc:bsm-11-ydsqvv39,60881_1_BTM,high
/home/bmeluch/NMDC/nom_processing/monet_nom_metadata/raw/60881_1_B_3_WEOM_r2_Mag_01May24_300SA_p01_3_1_18165,nmdc:bsm-11-ydsqvv39,60881_1_BTM,high
/home/bmeluch/NMDC/nom_processing/monet_nom_metadata/raw/60881_1_B_3_WEOM_r3_Mag_01May24_300SA_p01_3_1_18224,nmdc:bsm-11-ydsqvv39,60881_1_BTM,high
/home/bmeluch/NMDC/nom_processing/monet_nom_metadata/raw/60881_1_BTM_1_MAOM_r1_Mag_10Feb25_3p3kV_300SA_p01_4_1_23228,nmdc:bsm-11-ydsqvv39,60881_1_BTM,high
/home/bmeluch/NMDC/nom_processing/monet_nom_metadata/raw/60881_1_BTM_1_MAOM_r2_Mag_10Feb25_3p3kV_300SA_p01_4_1_23248,nmdc:bsm-11-ydsqvv39,60881_1_BTM,high
/home/bmeluch/NMDC/nom_processing/monet_nom_metadata/raw/60881_1_BTM_1_MAOM_r3_Mag_10Feb25_3p3kV_300SA_p01_4_1_23306,nmdc:bsm-11-ydsqvv39,60881_1_BTM,high
/home/bmeluch/NMDC/nom_processing/monet_nom_metadata/raw/60881_1_BTM_2_MAOM_r1_Mag_10Feb25_3p3kV_300SA_p01_5_1_23209,nmdc:bsm-11-ydsqvv39,60881_1_BTM,high
/home/bmeluch/NMDC/nom_processing/monet_nom_metadata/raw/60881_1_BTM_2_MAOM_r2_Mag_10Feb25_3p3kV_300SA_p01_5_1_23254,nmdc:bsm-11-ydsqvv39,60881_1_BTM,high
/home/bmeluch/NMDC/nom_processing/monet_nom_metadata/raw/60881_1_BTM_2_MAOM_r3_Mag_10Feb25_3p3kV_300SA_p01_5_1_23291,nmdc:bsm-11-ydsqvv39,60881_1_BTM,high
/home/bmeluch/NMDC/nom_processing/monet_nom_metadata/raw/60881_1_BTM_3_MAOM_r1_Mag_10Feb25_3p3kV_300SA_p01_6_1_23202,nmdc:bsm-11-ydsqvv39,60881_1_BTM,high
/home/bmeluch/NMDC/nom_processing/monet_nom_metadata/raw/60881_1_BTM_3_MAOM_r2_Mag_10Feb25_3p3kV_300SA_p01_6_1_23271,nmdc:bsm-11-ydsqvv39,60881_1_BTM,high
/home/bmeluch/NMDC/nom_processing/monet_nom_metadata/raw/60881_1_BTM_3_MAOM_r3_Mag_10Feb25_3p3kV_300SA_p01_6_1_23298,nmdc:bsm-11-ydsqvv39,60881_1_BTM,high
/home/bmeluch/NMDC/nom_processing/monet_nom_metadata/raw/60881_1_T_1_WEOM_r1_Mag_01May24_300SA_p01_45_1_18128,nmdc:bsm-11-4s3knx85,60881_1_TOP,high
/home/bmeluch/NMDC/nom_processing/monet_nom_metadata/raw/60881_1_T_1_WEOM_r2_Mag_01May24_300SA_p01_45_1_18162,nmdc:bsm-11-4s3knx85,60881_1_TOP,high
/home/bmeluch/NMDC/nom_processing/monet_nom_metadata/raw/60881_1_T_1_WEOM_r3_Mag_01May24_300SA_p01_45_1_18196,nmdc:bsm-11-4s3knx85,60881_1_TOP,high
/home/bmeluch/NMDC/nom_processing/monet_nom_metadata/raw/60881_1_T_2_WEOM_r1_Mag_01May24_300SA_p01_46_1_18084,nmdc:bsm-11-4s3knx85,60881_1_TOP,high
/home/bmeluch/NMDC/nom_processing/monet_nom_metadata/raw/60881_1_T_2_WEOM_r2_Mag_01May24_300SA_p01_46_1_18150,nmdc:bsm-11-4s3knx85,60881_1_TOP,high
/home/bmeluch/NMDC/nom_processing/monet_nom_metadata/raw/60881_1_T_2_WEOM_r3_Mag_01May24_300SA_p01_46_1_18226,nmdc:bsm-11-4s3knx85,60881_1_TOP,high
/home/bmeluch/NMDC/nom_processing/monet_nom_metadata/raw/60881_1_T_3_WEOM_r1_Mag_01May24_300SA_p01_47_1_18112,nmdc:bsm-11-4s3knx85,60881_1_TOP,high
/home/bmeluch/NMDC/nom_processing/monet_nom_metadata/raw/60881_1_T_3_WEOM_r2_Mag_01May24_300SA_p01_47_1_18148,nmdc:bsm-11-4s3knx85,60881_1_TOP,high
/home/bmeluch/NMDC/nom_processing/monet_nom_metadata/raw/60881_1_T_3_WEOM_r3_Mag_01May24_300SA_p01_47_1_18237,nmdc:bsm-11-4s3knx85,60881_1_TOP,high
/home/bmeluch/NMDC/nom_processing/monet_nom_metadata/raw/60881_1_TOP_1_MAOM_r1_Mag_10Feb25_3p3kV_300SA_p01_1_1_23201,nmdc:bsm-11-4s3knx85,60881_1_TOP,high
/home/bmeluch/NMDC/nom_processing/monet_nom_metadata/raw/60881_1_TOP_1_MAOM_r2_Mag_10Feb25_3p3kV_300SA_p01_1_1_23274,nmdc:bsm-11-4s3knx85,60881_1_TOP,high
/home/bmeluch/NMDC/nom_processing/monet_nom_metadata/raw/60881_1_TOP_1_MAOM_r3_Mag_10Feb25_3p3kV_300SA_p01_1_1_23282,nmdc:bsm-11-4s3knx85,60881_1_TOP,high
/home/bmeluch/NMDC/nom_processing/monet_nom_metadata/raw/60881_1_TOP_2_MAOM_r1_Mag_10Feb25_3p3kV_300SA_p01_2_1_23205,nmdc:bsm-11-4s3knx85,60881_1_TOP,high
/home/bmeluch/NMDC/nom_processing/monet_nom_metadata/raw/60881_1_TOP_2_MAOM_r2_Mag_10Feb25_3p3kV_300SA_p01_2_1_23255,nmdc:bsm-11-4s3knx85,60881_1_TOP,high
/home/bmeluch/NMDC/nom_processing/monet_nom_metadata/raw/60881_1_TOP_2_MAOM_r3_Mag_10Feb25_3p3kV_300SA_p01_2_1_23312,nmdc:bsm-11-4s3knx85,60881_1_TOP,high
/home/bmeluch/NMDC/nom_processing/monet_nom_metadata/raw/60881_1_TOP_3_MAOM_r1_Mag_10Feb25_3p3kV_300SA_p01_3_1_23229,nmdc:bsm-11-4s3knx85,60881_1_TOP,high
/home/bmeluch/NMDC/nom_processing/monet_nom_metadata/raw/60881_1_TOP_3_MAOM_r2_Mag_10Feb25_3p3kV_300SA_p01_3_1_23257,nmdc:bsm-11-4s3knx85,60881_1_TOP,high
/home/bmeluch/NMDC/nom_processing/monet_nom_metadata/raw/60881_1_TOP_3_MAOM_r3_Mag_10Feb25_3p3kV_300SA_p01_3_1_23308,nmdc:bsm-11-4s3knx85,60881_1_TOP,high
/home/bmeluch/NMDC/nom_processing/monet_nom_metadata/raw/60881_2_B_1_WEOM_r1_Mag_01May24_300SA_p01_7_1_18085,nmdc:bsm-11-2bgdbr64,60881_2_BTM,high
/home/bmeluch/NMDC/nom_processing/monet_nom_metadata/raw/60881_2_B_1_WEOM_r2_Mag_01May24_300SA_p01_7_1_18138,nmdc:bsm-11-2bgdbr64,60881_2_BTM,high
/home/bmeluch/NMDC/nom_processing/monet_nom_metadata/raw/60881_2_B_1_WEOM_r3_Mag_01May24_300SA_p01_7_1_18205,nmdc:bsm-11-2bgdbr64,60881_2_BTM,high
/home/bmeluch/NMDC/nom_processing/monet_nom_metadata/raw/60881_2_B_2_WEOM_r1_Mag_01May24_300SA_p01_8_1_18121,nmdc:bsm-11-2bgdbr64,60881_2_BTM,high
/home/bmeluch/NMDC/nom_processing/monet_nom_metadata/raw/60881_2_B_2_WEOM_r2_Mag_01May24_300SA_p01_8_1_18176,nmdc:bsm-11-2bgdbr64,60881_2_BTM,high
/home/bmeluch/NMDC/nom_processing/monet_nom_metadata/raw/60881_2_B_2_WEOM_r3_Mag_01May24_300SA_p01_8_1_18258,nmdc:bsm-11-2bgdbr64,60881_2_BTM,high
/home/bmeluch/NMDC/nom_processing/monet_nom_metadata/raw/60881_2_B_3_WEOM_r1_Mag_01May24_300SA_p01_9_1_18078,nmdc:bsm-11-2bgdbr64,60881_2_BTM,high
/home/bmeluch/NMDC/nom_processing/monet_nom_metadata/raw/60881_2_B_3_WEOM_r2_Mag_01May24_300SA_p01_9_1_18181,nmdc:bsm-11-2bgdbr64,60881_2_BTM,high
/home/bmeluch/NMDC/nom_processing/monet_nom_metadata/raw/60881_2_B_3_WEOM_r3_Mag_01May24_300SA_p01_9_1_18208,nmdc:bsm-11-2bgdbr64,60881_2_BTM,high
/home/bmeluch/NMDC/nom_processing/monet_nom_metadata/raw/60881_2_BTM_1_MAOM_r1_Mag_10Feb25_3p3kV_300SA_p01_10_1_23225,nmdc:bsm-11-2bgdbr64,60881_2_BTM,high
/home/bmeluch/NMDC/nom_processing/monet_nom_metadata/raw/60881_2_BTM_1_MAOM_r2_Mag_10Feb25_3p3kV_300SA_p01_10_1_23252,nmdc:bsm-11-2bgdbr64,60881_2_BTM,high
/home/bmeluch/NMDC/nom_processing/monet_nom_metadata/raw/60881_2_BTM_1_MAOM_r3_Mag_10Feb25_3p3kV_300SA_p01_10_1_23280,nmdc:bsm-11-2bgdbr64,60881_2_BTM,high
/home/bmeluch/NMDC/nom_processing/monet_nom_metadata/raw/60881_2_BTM_2_MAOM_r1_Mag_10Feb25_3p3kV_300SA_p01_11_1_23207,nmdc:bsm-11-2bgdbr64,60881_2_BTM,high
/home/bmeluch/NMDC/nom_processing/monet_nom_metadata/raw/60881_2_BTM_2_MAOM_r2_Mag_10Feb25_3p3kV_300SA_p01_11_1_23261,nmdc:bsm-11-2bgdbr64,60881_2_BTM,high
/home/bmeluch/NMDC/nom_processing/monet_nom_metadata/raw/60881_2_BTM_2_MAOM_r3_Mag_10Feb25_3p3kV_300SA_p01_11_1_23318,nmdc:bsm-11-2bgdbr64,60881_2_BTM,high
/home/bmeluch/NMDC/nom_processing/monet_nom_metadata/raw/60881_2_BTM_3_MAOM_r1_Mag_10Feb25_3p3kV_300SA_p01_12_1_23214,nmdc:bsm-11-2bgdbr64,60881_2_BTM,high
/home/bmeluch/NMDC/nom_processing/monet_nom_metadata/raw/60881_2_BTM_3_MAOM_r2_Mag_10Feb25_3p3kV_300SA_p01_12_1_23276,nmdc:bsm-11-2bgdbr64,60881_2_BTM,high
/home/bmeluch/NMDC/nom_processing/monet_nom_metadata/raw/60881_2_BTM_3_MAOM_r3_Mag_10Feb25_3p3kV_300SA_p01_12_1_23281,nmdc:bsm-11-2bgdbr64,60881_2_BTM,high
/home/bmeluch/NMDC/nom_processing/monet_nom_metadata/raw/60881_2_T_1_WEOM_r1_Mag_01May24_300SA_p01_4_1_18069,nmdc:bsm-11-rs5kjx19,60881_2_TOP,high
/home/bmeluch/NMDC/nom_processing/monet_nom_metadata/raw/60881_2_T_1_WEOM_r2_Mag_01May24_300SA_p01_4_1_18166,nmdc:bsm-11-rs5kjx19,60881_2_TOP,high
/home/bmeluch/NMDC/nom_processing/monet_nom_metadata/raw/60881_2_T_1_WEOM_r3_Mag_01May24_300SA_p01_4_1_18247,nmdc:bsm-11-rs5kjx19,60881_2_TOP,high
/home/bmeluch/NMDC/nom_processing/monet_nom_metadata/raw/60881_2_T_2_WEOM_r1_Mag_01May24_300SA_p01_5_1_18123,nmdc:bsm-11-rs5kjx19,60881_2_TOP,high
/home/bmeluch/NMDC/nom_processing/monet_nom_metadata/raw/60881_2_T_2_WEOM_r2_Mag_01May24_300SA_p01_5_1_18145,nmdc:bsm-11-rs5kjx19,60881_2_TOP,high
/home/bmeluch/NMDC/nom_processing/monet_nom_metadata/raw/60881_2_T_2_WEOM_r3_Mag_01May24_300SA_p01_5_1_18227,nmdc:bsm-11-rs5kjx19,60881_2_TOP,high
/home/bmeluch/NMDC/nom_processing/monet_nom_metadata/raw/60881_2_T_3_WEOM_r1_Mag_01May24_300SA_p01_6_1_18095,nmdc:bsm-11-rs5kjx19,60881_2_TOP,high
/home/bmeluch/NMDC/nom_processing/monet_nom_metadata/raw/60881_2_T_3_WEOM_r2_Mag_01May24_300SA_p01_6_1_18180,nmdc:bsm-11-rs5kjx19,60881_2_TOP,high
/home/bmeluch/NMDC/nom_processing/monet_nom_metadata/raw/60881_2_T_3_WEOM_r3_Mag_01May24_300SA_p01_6_1_18236,nmdc:bsm-11-rs5kjx19,60881_2_TOP,high
/home/bmeluch/NMDC/nom_processing/monet_nom_metadata/raw/60881_2_TOP_1_MAOM_r1_Mag_10Feb25_3p3kV_300SA_p01_7_1_23215,nmdc:bsm-11-rs5kjx19,60881_2_TOP,high
/home/bmeluch/NMDC/nom_processing/monet_nom_metadata/raw/60881_2_TOP_1_MAOM_r2_Mag_10Feb25_3p3kV_300SA_p01_7_1_23251,nmdc:bsm-11-rs5kjx19,60881_2_TOP,high
/home/bmeluch/NMDC/nom_processing/monet_nom_metadata/raw/60881_2_TOP_1_MAOM_r3_Mag_10Feb25_3p3kV_300SA_p01_7_1_23305,nmdc:bsm-11-rs5kjx19,60881_2_TOP,high
/home/bmeluch/NMDC/nom_processing/monet_nom_metadata/raw/60881_2_TOP_2_MAOM_r1_Mag_10Feb25_3p3kV_300SA_p01_8_1_23226,nmdc:bsm-11-rs5kjx19,60881_2_TOP,high
/home/bmeluch/NMDC/nom_processing/monet_nom_metadata/raw/60881_2_TOP_2_MAOM_r2_Mag_10Feb25_3p3kV_300SA_p01_8_1_23246,nmdc:bsm-11-rs5kjx19,60881_2_TOP,high
/home/bmeluch/NMDC/nom_processing/monet_nom_metadata/raw/60881_2_TOP_2_MAOM_r3_Mag_10Feb25_3p3kV_300SA_p01_8_1_23314,nmdc:bsm-11-rs5kjx19,60881_2_TOP,high
/home/bmeluch/NMDC/nom_processing/monet_nom_metadata/raw/60881_2_TOP_3_MAOM_r1_Mag_10Feb25_3p3kV_300SA_p01_9_1_23231,nmdc:bsm-11-rs5kjx19,60881_2_TOP,high
/home/bmeluch/NMDC/nom_processing/monet_nom_metadata/raw/60881_2_TOP_3_MAOM_r2_Mag_10Feb25_3p3kV_300SA_p01_9_1_23241,nmdc:bsm-11-rs5kjx19,60881_2_TOP,high
/home/bmeluch/NMDC/nom_processing/monet_nom_metadata/raw/60881_2_TOP_3_MAOM_r3_Mag_10Feb25_3p3kV_300SA_p01_9_1_23299,nmdc:bsm-11-rs5kjx19,60881_2_TOP,high
/home/bmeluch/NMDC/nom_processing/monet_nom_metadata/raw/60881_3_B_1_WEOM_r1_Mag_01May24_300SA_p01_13_1_18089,nmdc:bsm-11-40exhw90,60881_3_BTM,high
/home/bmeluch/NMDC/nom_processing/monet_nom_metadata/raw/60881_3_B_1_WEOM_r2_Mag_01May24_300SA_p01_13_1_18158,nmdc:bsm-11-40exhw90,60881_3_BTM,high
/home/bmeluch/NMDC/nom_processing/monet_nom_metadata/raw/60881_3_B_1_WEOM_r3_Mag_01May24_300SA_p01_13_1_18202,nmdc:bsm-11-40exhw90,60881_3_BTM,high
/home/bmeluch/NMDC/nom_processing/monet_nom_metadata/raw/60881_3_B_2_WEOM_r1_Mag_01May24_300SA_p01_14_1_18077,nmdc:bsm-11-40exhw90,60881_3_BTM,high
/home/bmeluch/NMDC/nom_processing/monet_nom_metadata/raw/60881_3_B_2_WEOM_r2_Mag_01May24_300SA_p01_14_1_18170,nmdc:bsm-11-40exhw90,60881_3_BTM,high
/home/bmeluch/NMDC/nom_processing/monet_nom_metadata/raw/60881_3_B_2_WEOM_r3_Mag_01May24_300SA_p01_14_1_18221,nmdc:bsm-11-40exhw90,60881_3_BTM,high
/home/bmeluch/NMDC/nom_processing/monet_nom_metadata/raw/60881_3_B_3_WEOM_r1_Mag_01May24_300SA_p01_15_1_18124,nmdc:bsm-11-40exhw90,60881_3_BTM,high
/home/bmeluch/NMDC/nom_processing/monet_nom_metadata/raw/60881_3_B_3_WEOM_r2_Mag_01May24_300SA_p01_15_1_18191,nmdc:bsm-11-40exhw90,60881_3_BTM,high
/home/bmeluch/NMDC/nom_processing/monet_nom_metadata/raw/60881_3_B_3_WEOM_r3_Mag_01May24_300SA_p01_15_1_18210,nmdc:bsm-11-40exhw90,60881_3_BTM,high
/home/bmeluch/NMDC/nom_processing/monet_nom_metadata/raw/60881_3_BTM_1_MAOM_r1_Mag_10Feb25_3p3kV_300SA_p01_16_1_23219,nmdc:bsm-11-40exhw90,60881_3_BTM,high
/home/bmeluch/NMDC/nom_processing/monet_nom_metadata/raw/60881_3_BTM_1_MAOM_r2_Mag_10Feb25_3p3kV_300SA_p01_16_1_23239,nmdc:bsm-11-40exhw90,60881_3_BTM,high
/home/bmeluch/NMDC/nom_processing/monet_nom_metadata/raw/60881_3_BTM_1_MAOM_r3_Mag_10Feb25_3p3kV_300SA_p01_16_1_23284,nmdc:bsm-11-40exhw90,60881_3_BTM,high
/home/bmeluch/NMDC/nom_processing/monet_nom_metadata/raw/60881_3_BTM_2_MAOM_r1_Mag_10Feb25_3p3kV_300SA_p01_17_1_23212,nmdc:bsm-11-40exhw90,60881_3_BTM,high
/home/bmeluch/NMDC/nom_processing/monet_nom_metadata/raw/60881_3_BTM_2_MAOM_r2_Mag_10Feb25_3p3kV_300SA_p01_17_1_23264,nmdc:bsm-11-40exhw90,60881_3_BTM,high
/home/bmeluch/NMDC/nom_processing/monet_nom_metadata/raw/60881_3_BTM_2_MAOM_r3_Mag_10Feb25_3p3kV_300SA_p01_17_1_23295,nmdc:bsm-11-40exhw90,60881_3_BTM,high
/home/bmeluch/NMDC/nom_processing/monet_nom_metadata/raw/60881_3_BTM_3_MAOM_r1_Mag_10Feb25_3p3kV_300SA_p01_18_1_23206,nmdc:bsm-11-40exhw90,60881_3_BTM,high
/home/bmeluch/NMDC/nom_processing/monet_nom_metadata/raw/60881_3_BTM_3_MAOM_r2_Mag_10Feb25_3p3kV_300SA_p01_18_1_23256,nmdc:bsm-11-40exhw90,60881_3_BTM,high
/home/bmeluch/NMDC/nom_processing/monet_nom_metadata/raw/60881_3_BTM_3_MAOM_r3_Mag_10Feb25_3p3kV_300SA_p01_18_1_23301,nmdc:bsm-11-40exhw90,60881_3_BTM,high
/home/bmeluch/NMDC/nom_processing/monet_nom_metadata/raw/60881_3_T_1_WEOM_r1_Mag_01May24_300SA_p01_10_1_18115,nmdc:bsm-11-1j2zwp66,60881_3_TOP,high
/home/bmeluch/NMDC/nom_processing/monet_nom_metadata/raw/60881_3_T_1_WEOM_r2_Mag_01May24_300SA_p01_10_1_18144,nmdc:bsm-11-1j2zwp66,60881_3_TOP,high
/home/bmeluch/NMDC/nom_processing/monet_nom_metadata/raw/60881_3_T_1_WEOM_r3_Mag_01May24_300SA_p01_10_1_18244,nmdc:bsm-11-1j2zwp66,60881_3_TOP,high
/home/bmeluch/NMDC/nom_processing/monet_nom_metadata/raw/60881_3_T_2_WEOM_r1_Mag_01May24_300SA_p01_11_1_18083,nmdc:bsm-11-1j2zwp66,60881_3_TOP,high
/home/bmeluch/NMDC/nom_processing/monet_nom_metadata/raw/60881_3_T_2_WEOM_r2_Mag_01May24_300SA_p01_11_1_18134,nmdc:bsm-11-1j2zwp66,60881_3_TOP,high
/home/bmeluch/NMDC/nom_processing/monet_nom_metadata/raw/60881_3_T_2_WEOM_r3_Mag_01May24_300SA_p01_11_1_18211,nmdc:bsm-11-1j2zwp66,60881_3_TOP,high
/home/bmeluch/NMDC/nom_processing/monet_nom_metadata/raw/60881_3_T_3_WEOM_r1_Mag_01May24_300SA_p01_12_1_18106,nmdc:bsm-11-1j2zwp66,60881_3_TOP,high
/home/bmeluch/NMDC/nom_processing/monet_nom_metadata/raw/60881_3_T_3_WEOM_r2_Mag_01May24_300SA_p01_12_1_18192,nmdc:bsm-11-1j2zwp66,60881_3_TOP,high
/home/bmeluch/NMDC/nom_processing/monet_nom_metadata/raw/60881_3_T_3_WEOM_r3_Mag_01May24_300SA_p01_12_1_18203,nmdc:bsm-11-1j2zwp66,60881_3_TOP,high
/home/bmeluch/NMDC/nom_processing/monet_nom_metadata/raw/60881_3_TOP_1_MAOM_r1_Mag_10Feb25_3p3kV_300SA_p01_13_1_23223,nmdc:bsm-11-1j2zwp66,60881_3_TOP,high
/home/bmeluch/NMDC/nom_processing/monet_nom_metadata/raw/60881_3_TOP_1_MAOM_r2_Mag_10Feb25_3p3kV_300SA_p01_13_1_23253,nmdc:bsm-11-1j2zwp66,60881_3_TOP,high
/home/bmeluch/NMDC/nom_processing/monet_nom_metadata/raw/60881_3_TOP_1_MAOM_r3_Mag_10Feb25_3p3kV_300SA_p01_13_1_23279,nmdc:bsm-11-1j2zwp66,60881_3_TOP,high
/home/bmeluch/NMDC/nom_processing/monet_nom_metadata/raw/60881_3_TOP_2_MAOM_r1_Mag_10Feb25_3p3kV_300SA_p01_14_1_23204,nmdc:bsm-11-1j2zwp66,60881_3_TOP,high
/home/bmeluch/NMDC/nom_processing/monet_nom_metadata/raw/60881_3_TOP_2_MAOM_r2_Mag_10Feb25_3p3kV_300SA_p01_14_1_23268,nmdc:bsm-11-1j2zwp66,60881_3_TOP,high
/home/bmeluch/NMDC/nom_processing/monet_nom_metadata/raw/60881_3_TOP_2_MAOM_r3_Mag_10Feb25_3p3kV_300SA_p01_14_1_23290,nmdc:bsm-11-1j2zwp66,60881_3_TOP,high
/home/bmeluch/NMDC/nom_processing/monet_nom_metadata/raw/60881_3_TOP_3_MAOM_r1_Mag_10Feb25_3p3kV_300SA_p01_15_1_23210,nmdc:bsm-11-1j2zwp66,60881_3_TOP,high
/home/bmeluch/NMDC/nom_processing/monet_nom_metadata/raw/60881_3_TOP_3_MAOM_r2_Mag_10Feb25_3p3kV_300SA_p01_15_1_23260,nmdc:bsm-11-1j2zwp66,60881_3_TOP,high
/home/bmeluch/NMDC/nom_processing/monet_nom_metadata/raw/60881_3_TOP_3_MAOM_r3_Mag_10Feb25_3p3kV_300SA_p01_15_1_23315,nmdc:bsm-11-1j2zwp66,60881_3_TOP,high
/home/bmeluch/NMDC/nom_processing/monet_nom_metadata/raw/60881_4_B_1_WEOM_r1_Mag_01May24_300SA_p01_19_1_18110,nmdc:bsm-11-tnf8y875,60881_4_BTM,high
/home/bmeluch/NMDC/nom_processing/monet_nom_metadata/raw/60881_4_B_1_WEOM_r2_Mag_01May24_300SA_p01_19_1_18153,nmdc:bsm-11-tnf8y875,60881_4_BTM,high
/home/bmeluch/NMDC/nom_processing/monet_nom_metadata/raw/60881_4_B_1_WEOM_r3_Mag_01May24_300SA_p01_19_1_18197,nmdc:bsm-11-tnf8y875,60881_4_BTM,high
/home/bmeluch/NMDC/nom_processing/monet_nom_metadata/raw/60881_4_B_2_WEOM_r1_Mag_01May24_300SA_p01_20_1_18066,nmdc:bsm-11-tnf8y875,60881_4_BTM,high
/home/bmeluch/NMDC/nom_processing/monet_nom_metadata/raw/60881_4_B_2_WEOM_r2_Mag_01May24_300SA_p01_20_1_18178,nmdc:bsm-11-tnf8y875,60881_4_BTM,high
/home/bmeluch/NMDC/nom_processing/monet_nom_metadata/raw/60881_4_B_2_WEOM_r3_Mag_01May24_300SA_p01_20_1_18212,nmdc:bsm-11-tnf8y875,60881_4_BTM,high
/home/bmeluch/NMDC/nom_processing/monet_nom_metadata/raw/60881_4_B_3_WEOM_r1_Mag_01May24_300SA_p01_21_1_18101,nmdc:bsm-11-tnf8y875,60881_4_BTM,high
/home/bmeluch/NMDC/nom_processing/monet_nom_metadata/raw/60881_4_B_3_WEOM_r2_Mag_01May24_300SA_p01_21_1_18132,nmdc:bsm-11-tnf8y875,60881_4_BTM,high
/home/bmeluch/NMDC/nom_processing/monet_nom_metadata/raw/60881_4_B_3_WEOM_r3_Mag_01May24_300SA_p01_21_1_18256,nmdc:bsm-11-tnf8y875,60881_4_BTM,high
/home/bmeluch/NMDC/nom_processing/monet_nom_metadata/raw/60881_4_BTM_1_MAOM_r1_Mag_10Feb25_3p3kV_300SA_p01_22_1_23232,nmdc:bsm-11-tnf8y875,60881_4_BTM,high
/home/bmeluch/NMDC/nom_processing/monet_nom_metadata/raw/60881_4_BTM_1_MAOM_r2_Mag_10Feb25_3p3kV_300SA_p01_22_1_23262,nmdc:bsm-11-tnf8y875,60881_4_BTM,high
/home/bmeluch/NMDC/nom_processing/monet_nom_metadata/raw/60881_4_BTM_1_MAOM_r3_Mag_10Feb25_3p3kV_300SA_p01_22_1_23307,nmdc:bsm-11-tnf8y875,60881_4_BTM,high
/home/bmeluch/NMDC/nom_processing/monet_nom_metadata/raw/60881_4_BTM_2_MAOM_r1_Mag_10Feb25_3p3kV_300SA_p01_23_1_23211,nmdc:bsm-11-tnf8y875,60881_4_BTM,high
/home/bmeluch/NMDC/nom_processing/monet_nom_metadata/raw/60881_4_BTM_2_MAOM_r2_Mag_10Feb25_3p3kV_300SA_p01_23_1_23258,nmdc:bsm-11-tnf8y875,60881_4_BTM,high
/home/bmeluch/NMDC/nom_processing/monet_nom_metadata/raw/60881_4_BTM_2_MAOM_r3_Mag_10Feb25_3p3kV_300SA_p01_23_1_23317,nmdc:bsm-11-tnf8y875,60881_4_BTM,high
/home/bmeluch/NMDC/nom_processing/monet_nom_metadata/raw/60881_4_BTM_3_MAOM_r1_Mag_10Feb25_3p3kV_300SA_p01_24_1_23196,nmdc:bsm-11-tnf8y875,60881_4_BTM,high
/home/bmeluch/NMDC/nom_processing/monet_nom_metadata/raw/60881_4_BTM_3_MAOM_r2_Mag_10Feb25_3p3kV_300SA_p01_24_1_23263,nmdc:bsm-11-tnf8y875,60881_4_BTM,high
/home/bmeluch/NMDC/nom_processing/monet_nom_metadata/raw/60881_4_BTM_3_MAOM_r3_Mag_10Feb25_3p3kV_300SA_p01_24_1_23303,nmdc:bsm-11-tnf8y875,60881_4_BTM,high
/home/bmeluch/NMDC/nom_processing/monet_nom_metadata/raw/60881_4_T_1_WEOM_r1_Mag_01May24_300SA_p01_16_1_18094,nmdc:bsm-11-03e00r49,60881_4_TOP,high
/home/bmeluch/NMDC/nom_processing/monet_nom_metadata/raw/60881_4_T_1_WEOM_r2_Mag_01May24_300SA_p01_16_1_18163,nmdc:bsm-11-03e00r49,60881_4_TOP,high
/home/bmeluch/NMDC/nom_processing/monet_nom_metadata/raw/60881_4_T_1_WEOM_r3_Mag_01May24_300SA_p01_16_1_18215,nmdc:bsm-11-03e00r49,60881_4_TOP,high
/home/bmeluch/NMDC/nom_processing/monet_nom_metadata/raw/60881_4_T_2_WEOM_r1_Mag_01May24_300SA_p01_17_1_18113,nmdc:bsm-11-03e00r49,60881_4_TOP,high
/home/bmeluch/NMDC/nom_processing/monet_nom_metadata/raw/60881_4_T_2_WEOM_r2_Mag_01May24_300SA_p01_17_1_18136,nmdc:bsm-11-03e00r49,60881_4_TOP,high
/home/bmeluch/NMDC/nom_processing/monet_nom_metadata/raw/60881_4_T_2_WEOM_r3_Mag_01May24_300SA_p01_17_1_18240,nmdc:bsm-11-03e00r49,60881_4_TOP,high
/home/bmeluch/NMDC/nom_processing/monet_nom_metadata/raw/60881_4_T_3_WEOM_r1_Mag_01May24_300SA_p01_18_1_18100,nmdc:bsm-11-03e00r49,60881_4_TOP,high
/home/bmeluch/NMDC/nom_processing/monet_nom_metadata/raw/60881_4_T_3_WEOM_r2_Mag_01May24_300SA_p01_18_1_18179,nmdc:bsm-11-03e00r49,60881_4_TOP,high
/home/bmeluch/NMDC/nom_processing/monet_nom_metadata/raw/60881_4_T_3_WEOM_r3_Mag_01May24_300SA_p01_18_1_18209,nmdc:bsm-11-03e00r49,60881_4_TOP,high
/home/bmeluch/NMDC/nom_processing/monet_nom_metadata/raw/60881_4_TOP_1_MAOM_r1_Mag_10Feb25_3p3kV_300SA_p01_19_1_23218,nmdc:bsm-11-03e00r49,60881_4_TOP,high
/home/bmeluch/NMDC/nom_processing/monet_nom_metadata/raw/60881_4_TOP_1_MAOM_r2_Mag_10Feb25_3p3kV_300SA_p01_19_1_23249,nmdc:bsm-11-03e00r49,60881_4_TOP,high
/home/bmeluch/NMDC/nom_processing/monet_nom_metadata/raw/60881_4_TOP_1_MAOM_r3_Mag_10Feb25_3p3kV_300SA_p01_19_1_23296,nmdc:bsm-11-03e00r49,60881_4_TOP,high
/home/bmeluch/NMDC/nom_processing/monet_nom_metadata/raw/60881_4_TOP_2_MAOM_r1_Mag_10Feb25_3p3kV_300SA_p01_20_1_23234,nmdc:bsm-11-03e00r49,60881_4_TOP,high
/home/bmeluch/NMDC/nom_processing/monet_nom_metadata/raw/60881_4_TOP_2_MAOM_r2_Mag_10Feb25_3p3kV_300SA_p01_20_1_23240,nmdc:bsm-11-03e00r49,60881_4_TOP,high
/home/bmeluch/NMDC/nom_processing/monet_nom_metadata/raw/60881_4_TOP_2_MAOM_r3_Mag_10Feb25_3p3kV_300SA_p01_20_1_23302,nmdc:bsm-11-03e00r49,60881_4_TOP,high
/home/bmeluch/NMDC/nom_processing/monet_nom_metadata/raw/60881_4_TOP_3_MAOM_r1_Mag_10Feb25_3p3kV_300SA_p01_21_1_23235,nmdc:bsm-11-03e00r49,60881_4_TOP,high
/home/bmeluch/NMDC/nom_processing/monet_nom_metadata/raw/60881_4_TOP_3_MAOM_r2_Mag_10Feb25_3p3kV_300SA_p01_21_1_23247,nmdc:bsm-11-03e00r49,60881_4_TOP,high
/home/bmeluch/NMDC/nom_processing/monet_nom_metadata/raw/60881_4_TOP_3_MAOM_r3_Mag_10Feb25_3p3kV_300SA_p01_21_1_23309,nmdc:bsm-11-03e00r49,60881_4_TOP,high
/home/bmeluch/NMDC/nom_processing/monet_nom_metadata/raw/60881_5_B_1_WEOM_r1_Mag_01May24_300SA_p01_25_1_18070,nmdc:bsm-11-bznks112,60881_5_BTM,high
/home/bmeluch/NMDC/nom_processing/monet_nom_metadata/raw/60881_5_B_1_WEOM_r2_Mag_01May24_300SA_p01_25_1_18182,nmdc:bsm-11-bznks112,60881_5_BTM,high
/home/bmeluch/NMDC/nom_processing/monet_nom_metadata/raw/60881_5_B_1_WEOM_r3_Mag_01May24_300SA_p01_25_1_18232,nmdc:bsm-11-bznks112,60881_5_BTM,high
/home/bmeluch/NMDC/nom_processing/monet_nom_metadata/raw/60881_5_B_2_WEOM_r1_Mag_01May24_300SA_p01_26_1_18120,nmdc:bsm-11-bznks112,60881_5_BTM,high
/home/bmeluch/NMDC/nom_processing/monet_nom_metadata/raw/60881_5_B_2_WEOM_r2_Mag_01May24_300SA_p01_26_1_18177,nmdc:bsm-11-bznks112,60881_5_BTM,high
/home/bmeluch/NMDC/nom_processing/monet_nom_metadata/raw/60881_5_B_2_WEOM_r3_Mag_01May24_300SA_p01_26_1_18223,nmdc:bsm-11-bznks112,60881_5_BTM,high
/home/bmeluch/NMDC/nom_processing/monet_nom_metadata/raw/60881_5_B_3_WEOM_r1_Mag_01May24_300SA_p01_27_1_18098,nmdc:bsm-11-bznks112,60881_5_BTM,high
/home/bmeluch/NMDC/nom_processing/monet_nom_metadata/raw/60881_5_B_3_WEOM_r2_Mag_01May24_300SA_p01_27_1_18133,nmdc:bsm-11-bznks112,60881_5_BTM,high
/home/bmeluch/NMDC/nom_processing/monet_nom_metadata/raw/60881_5_B_3_WEOM_r3_Mag_01May24_300SA_p01_27_1_18213,nmdc:bsm-11-bznks112,60881_5_BTM,high
/home/bmeluch/NMDC/nom_processing/monet_nom_metadata/raw/60881_5_BTM_1_MAOM_r1_Mag_10Feb25_3p3kV_300SA_p01_28_1_23208,nmdc:bsm-11-bznks112,60881_5_BTM,high
/home/bmeluch/NMDC/nom_processing/monet_nom_metadata/raw/60881_5_BTM_1_MAOM_r2_Mag_10Feb25_3p3kV_300SA_p01_28_1_23237,nmdc:bsm-11-bznks112,60881_5_BTM,high
/home/bmeluch/NMDC/nom_processing/monet_nom_metadata/raw/60881_5_BTM_1_MAOM_r3_Mag_10Feb25_3p3kV_300SA_p01_28_1_23319,nmdc:bsm-11-bznks112,60881_5_BTM,high
/home/bmeluch/NMDC/nom_processing/monet_nom_metadata/raw/60881_5_BTM_2_MAOM_r1_Mag_10Feb25_3p3kV_300SA_p01_29_1_23230,nmdc:bsm-11-bznks112,60881_5_BTM,high
/home/bmeluch/NMDC/nom_processing/monet_nom_metadata/raw/60881_5_BTM_2_MAOM_r2_Mag_10Feb25_3p3kV_300SA_p01_29_1_23238,nmdc:bsm-11-bznks112,60881_5_BTM,high
/home/bmeluch/NMDC/nom_processing/monet_nom_metadata/raw/60881_5_BTM_2_MAOM_r3_Mag_10Feb25_3p3kV_300SA_p01_29_1_23285,nmdc:bsm-11-bznks112,60881_5_BTM,high
/home/bmeluch/NMDC/nom_processing/monet_nom_metadata/raw/60881_5_BTM_3_MAOM_r1_Mag_10Feb25_3p3kV_300SA_p01_30_1_23197,nmdc:bsm-11-bznks112,60881_5_BTM,high
/home/bmeluch/NMDC/nom_processing/monet_nom_metadata/raw/60881_5_BTM_3_MAOM_r2_Mag_10Feb25_3p3kV_300SA_p01_30_1_23273,nmdc:bsm-11-bznks112,60881_5_BTM,high
/home/bmeluch/NMDC/nom_processing/monet_nom_metadata/raw/60881_5_BTM_3_MAOM_r3_Mag_10Feb25_3p3kV_300SA_p01_30_1_23286,nmdc:bsm-11-bznks112,60881_5_BTM,high
/home/bmeluch/NMDC/nom_processing/monet_nom_metadata/raw/60881_5_T_1_WEOM_r1_Mag_01May24_300SA_p01_22_1_18072,nmdc:bsm-11-jgwzbt27,60881_5_TOP,high
/home/bmeluch/NMDC/nom_processing/monet_nom_metadata/raw/60881_5_T_1_WEOM_r2_Mag_01May24_300SA_p01_22_1_18147,nmdc:bsm-11-jgwzbt27,60881_5_TOP,high
/home/bmeluch/NMDC/nom_processing/monet_nom_metadata/raw/60881_5_T_1_WEOM_r3_Mag_01May24_300SA_p01_22_1_18235,nmdc:bsm-11-jgwzbt27,60881_5_TOP,high
/home/bmeluch/NMDC/nom_processing/monet_nom_metadata/raw/60881_5_T_2_WEOM_r1_Mag_01May24_300SA_p01_23_1_18127,nmdc:bsm-11-jgwzbt27,60881_5_TOP,high
/home/bmeluch/NMDC/nom_processing/monet_nom_metadata/raw/60881_5_T_2_WEOM_r2_Mag_01May24_300SA_p01_23_1_18187,nmdc:bsm-11-jgwzbt27,60881_5_TOP,high
/home/bmeluch/NMDC/nom_processing/monet_nom_metadata/raw/60881_5_T_2_WEOM_r3_Mag_01May24_300SA_p01_23_1_18218,nmdc:bsm-11-jgwzbt27,60881_5_TOP,high
/home/bmeluch/NMDC/nom_processing/monet_nom_metadata/raw/60881_5_T_3_WEOM_r1_Mag_01May24_300SA_p01_24_1_18117,nmdc:bsm-11-jgwzbt27,60881_5_TOP,high
/home/bmeluch/NMDC/nom_processing/monet_nom_metadata/raw/60881_5_T_3_WEOM_r2_Mag_01May24_300SA_p01_24_1_18169,nmdc:bsm-11-jgwzbt27,60881_5_TOP,high
/home/bmeluch/NMDC/nom_processing/monet_nom_metadata/raw/60881_5_T_3_WEOM_r3_Mag_01May24_300SA_p01_24_1_18242,nmdc:bsm-11-jgwzbt27,60881_5_TOP,high
/home/bmeluch/NMDC/nom_processing/monet_nom_metadata/raw/60881_5_TOP_1_MAOM_r1_Mag_10Feb25_3p3kV_300SA_p01_25_1_23203,nmdc:bsm-11-jgwzbt27,60881_5_TOP,high
/home/bmeluch/NMDC/nom_processing/monet_nom_metadata/raw/60881_5_TOP_1_MAOM_r2_Mag_10Feb25_3p3kV_300SA_p01_25_1_23242,nmdc:bsm-11-jgwzbt27,60881_5_TOP,high
/home/bmeluch/NMDC/nom_processing/monet_nom_metadata/raw/60881_5_TOP_1_MAOM_r3_Mag_10Feb25_3p3kV_300SA_p01_25_1_23293,nmdc:bsm-11-jgwzbt27,60881_5_TOP,high
/home/bmeluch/NMDC/nom_processing/monet_nom_metadata/raw/60881_5_TOP_2_MAOM_r1_Mag_10Feb25_3p3kV_300SA_p01_26_1_23216,nmdc:bsm-11-jgwzbt27,60881_5_TOP,high
/home/bmeluch/NMDC/nom_processing/monet_nom_metadata/raw/60881_5_TOP_2_MAOM_r2_Mag_10Feb25_3p3kV_300SA_p01_26_1_23277,nmdc:bsm-11-jgwzbt27,60881_5_TOP,high
/home/bmeluch/NMDC/nom_processing/monet_nom_metadata/raw/60881_5_TOP_2_MAOM_r3_Mag_10Feb25_3p3kV_300SA_p01_26_1_23313,nmdc:bsm-11-jgwzbt27,60881_5_TOP,high
/home/bmeluch/NMDC/nom_processing/monet_nom_metadata/raw/60881_5_TOP_3_MAOM_r1_Mag_10Feb25_3p3kV_300SA_p01_27_1_23213,nmdc:bsm-11-jgwzbt27,60881_5_TOP,high
/home/bmeluch/NMDC/nom_processing/monet_nom_metadata/raw/60881_5_TOP_3_MAOM_r2_Mag_10Feb25_3p3kV_300SA_p01_27_1_23236,nmdc:bsm-11-jgwzbt27,60881_5_TOP,high
/home/bmeluch/NMDC/nom_processing/monet_nom_metadata/raw/60881_5_TOP_3_MAOM_r3_Mag_10Feb25_3p3kV_300SA_p01_27_1_23294,nmdc:bsm-11-jgwzbt27,60881_5_TOP,high
/home/bmeluch/NMDC/nom_processing/monet_nom_metadata/raw/60881_6_B_1_WEOM_r1_Mag_01May24_300SA_p01_30_1_18102,nmdc:bsm-11-9a8tgq19,60881_6_BTM,high
/home/bmeluch/NMDC/nom_processing/monet_nom_metadata/raw/60881_6_B_1_WEOM_r2_Mag_01May24_300SA_p01_30_1_18171,nmdc:bsm-11-9a8tgq19,60881_6_BTM,high
/home/bmeluch/NMDC/nom_processing/monet_nom_metadata/raw/60881_6_B_1_WEOM_r3_Mag_01May24_300SA_p01_30_1_18250,nmdc:bsm-11-9a8tgq19,60881_6_BTM,high
/home/bmeluch/NMDC/nom_processing/monet_nom_metadata/raw/60881_6_B_2_WEOM_r1_Mag_01May24_300SA_p01_31_1_18093,nmdc:bsm-11-9a8tgq19,60881_6_BTM,high
/home/bmeluch/NMDC/nom_processing/monet_nom_metadata/raw/60881_6_B_2_WEOM_r2_Mag_01May24_300SA_p01_31_1_18164,nmdc:bsm-11-9a8tgq19,60881_6_BTM,high
/home/bmeluch/NMDC/nom_processing/monet_nom_metadata/raw/60881_6_B_2_WEOM_r3_Mag_01May24_300SA_p01_31_1_18246,nmdc:bsm-11-9a8tgq19,60881_6_BTM,high
/home/bmeluch/NMDC/nom_processing/monet_nom_metadata/raw/60881_6_B_3_WEOM_r1_Mag_01May24_300SA_p01_32_1_18079,nmdc:bsm-11-9a8tgq19,60881_6_BTM,high
/home/bmeluch/NMDC/nom_processing/monet_nom_metadata/raw/60881_6_B_3_WEOM_r2_Mag_01May24_300SA_p01_32_1_18159,nmdc:bsm-11-9a8tgq19,60881_6_BTM,high
/home/bmeluch/NMDC/nom_processing/monet_nom_metadata/raw/60881_6_B_3_WEOM_r3_Mag_01May24_300SA_p01_32_1_18245,nmdc:bsm-11-9a8tgq19,60881_6_BTM,high
/home/bmeluch/NMDC/nom_processing/monet_nom_metadata/raw/60881_6_BTM_1_MAOM_r1_Mag_10Feb25_3p3kV_300SA_p01_34_1_23198,nmdc:bsm-11-9a8tgq19,60881_6_BTM,high
/home/bmeluch/NMDC/nom_processing/monet_nom_metadata/raw/60881_6_BTM_1_MAOM_r2_Mag_10Feb25_3p3kV_300SA_p01_34_1_23275,nmdc:bsm-11-9a8tgq19,60881_6_BTM,high
/home/bmeluch/NMDC/nom_processing/monet_nom_metadata/raw/60881_6_BTM_1_MAOM_r3_Mag_10Feb25_3p3kV_300SA_p01_34_1_23289,nmdc:bsm-11-9a8tgq19,60881_6_BTM,high
/home/bmeluch/NMDC/nom_processing/monet_nom_metadata/raw/60881_6_BTM_2_MAOM_r1_Mag_10Feb25_3p3kV_300SA_p01_35_1_23194,nmdc:bsm-11-9a8tgq19,60881_6_BTM,high
/home/bmeluch/NMDC/nom_processing/monet_nom_metadata/raw/60881_6_BTM_2_MAOM_r2_Mag_10Feb25_3p3kV_300SA_p01_35_1_23269,nmdc:bsm-11-9a8tgq19,60881_6_BTM,high
/home/bmeluch/NMDC/nom_processing/monet_nom_metadata/raw/60881_6_BTM_2_MAOM_r3_Mag_10Feb25_3p3kV_300SA_p01_35_1_23304,nmdc:bsm-11-9a8tgq19,60881_6_BTM,high
/home/bmeluch/NMDC/nom_processing/monet_nom_metadata/raw/60881_6_BTM_3_MAOM_r1_Mag_10Feb25_3p3kV_300SA_p01_36_1_23217,nmdc:bsm-11-9a8tgq19,60881_6_BTM,high
/home/bmeluch/NMDC/nom_processing/monet_nom_metadata/raw/60881_6_BTM_3_MAOM_r2_Mag_10Feb25_3p3kV_300SA_p01_36_1_23259,nmdc:bsm-11-9a8tgq19,60881_6_BTM,high
/home/bmeluch/NMDC/nom_processing/monet_nom_metadata/raw/60881_6_BTM_3_MAOM_r3_Mag_10Feb25_3p3kV_300SA_p01_36_1_23316,nmdc:bsm-11-9a8tgq19,60881_6_BTM,high
/home/bmeluch/NMDC/nom_processing/monet_nom_metadata/raw/60881_6_T_1_WEOM_r1_Mag_01May24_300SA_p01_28_1_18068,nmdc:bsm-11-bv6tv085,60881_6_TOP,high
/home/bmeluch/NMDC/nom_processing/monet_nom_metadata/raw/60881_6_T_1_WEOM_r2_Mag_01May24_300SA_p01_28_1_18183,nmdc:bsm-11-bv6tv085,60881_6_TOP,high
/home/bmeluch/NMDC/nom_processing/monet_nom_metadata/raw/60881_6_T_1_WEOM_r3_Mag_01May24_300SA_p01_28_1_18220,nmdc:bsm-11-bv6tv085,60881_6_TOP,high
/home/bmeluch/NMDC/nom_processing/monet_nom_metadata/raw/60881_6_T_2_WEOM_r1_Mag_01May24_300SA_p01_29_1_18126,nmdc:bsm-11-bv6tv085,60881_6_TOP,high
/home/bmeluch/NMDC/nom_processing/monet_nom_metadata/raw/60881_6_T_2_WEOM_r2_Mag_01May24_300SA_p01_29_1_18188,nmdc:bsm-11-bv6tv085,60881_6_TOP,high
/home/bmeluch/NMDC/nom_processing/monet_nom_metadata/raw/60881_6_T_2_WEOM_r3_Mag_01May24_300SA_p01_29_1_18241,nmdc:bsm-11-bv6tv085,60881_6_TOP,high
/home/bmeluch/NMDC/nom_processing/monet_nom_metadata/raw/60881_6_TOP_1_MAOM_r1_Mag_10Feb25_3p3kV_300SA_p01_31_1_23227,nmdc:bsm-11-bv6tv085,60881_6_TOP,high
/home/bmeluch/NMDC/nom_processing/monet_nom_metadata/raw/60881_6_TOP_1_MAOM_r2_Mag_10Feb25_3p3kV_300SA_p01_31_1_23267,nmdc:bsm-11-bv6tv085,60881_6_TOP,high
/home/bmeluch/NMDC/nom_processing/monet_nom_metadata/raw/60881_6_TOP_1_MAOM_r3_Mag_10Feb25_3p3kV_300SA_p01_31_1_23292,nmdc:bsm-11-bv6tv085,60881_6_TOP,high
/home/bmeluch/NMDC/nom_processing/monet_nom_metadata/raw/60881_6_TOP_2_MAOM_r1_Mag_10Feb25_3p3kV_300SA_p01_32_1_23224,nmdc:bsm-11-bv6tv085,60881_6_TOP,high
/home/bmeluch/NMDC/nom_processing/monet_nom_metadata/raw/60881_6_TOP_2_MAOM_r2_Mag_10Feb25_3p3kV_300SA_p01_32_1_23250,nmdc:bsm-11-bv6tv085,60881_6_TOP,high
/home/bmeluch/NMDC/nom_processing/monet_nom_metadata/raw/60881_6_TOP_2_MAOM_r3_Mag_10Feb25_3p3kV_300SA_p01_32_1_23300,nmdc:bsm-11-bv6tv085,60881_6_TOP,high
/home/bmeluch/NMDC/nom_processing/monet_nom_metadata/raw/60881_6_TOP_3_MAOM_r1_Mag_10Feb25_3p3kV_300SA_p01_33_1_23220,nmdc:bsm-11-bv6tv085,60881_6_TOP,high
/home/bmeluch/NMDC/nom_processing/monet_nom_metadata/raw/60881_6_TOP_3_MAOM_r2_Mag_10Feb25_3p3kV_300SA_p01_33_1_23272,nmdc:bsm-11-bv6tv085,60881_6_TOP,high
/home/bmeluch/NMDC/nom_processing/monet_nom_metadata/raw/60881_6_TOP_3_MAOM_r3_Mag_10Feb25_3p3kV_300SA_p01_33_1_23278,nmdc:bsm-11-bv6tv085,60881_6_TOP,high
/home/bmeluch/NMDC/nom_processing/monet_nom_metadata/raw/60886_1_B_1_WEOM_r1_Mag_10Mar24_300SA_p01_4_1_17147,nmdc:bsm-11-ynb8k575,60886_1_BTM,high
/home/bmeluch/NMDC/nom_processing/monet_nom_metadata/raw/60886_1_B_1_WEOM_r2_Mag_10Mar24_300SA_p01_4_1_17205,nmdc:bsm-11-ynb8k575,60886_1_BTM,high
/home/bmeluch/NMDC/nom_processing/monet_nom_metadata/raw/60886_1_B_1_WEOM_r3_Mag_10Mar24_300SA_p01_4_1_17251,nmdc:bsm-11-ynb8k575,60886_1_BTM,high
/home/bmeluch/NMDC/nom_processing/monet_nom_metadata/raw/60886_1_B_2_WEOM_r1_Mag_10Mar24_300SA_p01_5_1_17140,nmdc:bsm-11-ynb8k575,60886_1_BTM,high
/home/bmeluch/NMDC/nom_processing/monet_nom_metadata/raw/60886_1_B_2_WEOM_r2_Mag_10Mar24_300SA_p01_5_1_17195,nmdc:bsm-11-ynb8k575,60886_1_BTM,high
/home/bmeluch/NMDC/nom_processing/monet_nom_metadata/raw/60886_1_B_2_WEOM_r3_Mag_10Mar24_300SA_p01_5_1_17250,nmdc:bsm-11-ynb8k575,60886_1_BTM,high
/home/bmeluch/NMDC/nom_processing/monet_nom_metadata/raw/60886_1_B_3_WEOM_r1_Mag_10Mar24_300SA_p01_6_1_17148,nmdc:bsm-11-ynb8k575,60886_1_BTM,high
/home/bmeluch/NMDC/nom_processing/monet_nom_metadata/raw/60886_1_B_3_WEOM_r2_Mag_10Mar24_300SA_p01_6_1_17188,nmdc:bsm-11-ynb8k575,60886_1_BTM,high
/home/bmeluch/NMDC/nom_processing/monet_nom_metadata/raw/60886_1_B_3_WEOM_r3_Mag_10Mar24_300SA_p01_6_1_17261,nmdc:bsm-11-ynb8k575,60886_1_BTM,high
/home/bmeluch/NMDC/nom_processing/monet_nom_metadata/raw/60886_1_BTM_1_MAOM_r1_Mag_22Jan25_3p3kV_300SA_p01_10_1_22378,nmdc:bsm-11-ynb8k575,60886_1_BTM,high
/home/bmeluch/NMDC/nom_processing/monet_nom_metadata/raw/60886_1_BTM_1_MAOM_r2_Mag_22Jan25_3p3kV_300SA_p01_10_1_22458,nmdc:bsm-11-ynb8k575,60886_1_BTM,high
/home/bmeluch/NMDC/nom_processing/monet_nom_metadata/raw/60886_1_BTM_1_MAOM_r3_Mag_22Jan25_3p3kV_300SA_p01_10_1_22502,nmdc:bsm-11-ynb8k575,60886_1_BTM,high
/home/bmeluch/NMDC/nom_processing/monet_nom_metadata/raw/60886_1_BTM_2_MAOM_r1_Mag_22Jan25_3p3kV_300SA_p01_11_1_22418,nmdc:bsm-11-ynb8k575,60886_1_BTM,high
/home/bmeluch/NMDC/nom_processing/monet_nom_metadata/raw/60886_1_BTM_2_MAOM_r2_Mag_22Jan25_3p3kV_300SA_p01_11_1_22476,nmdc:bsm-11-ynb8k575,60886_1_BTM,high
/home/bmeluch/NMDC/nom_processing/monet_nom_metadata/raw/60886_1_BTM_2_MAOM_r3_Mag_22Jan25_3p3kV_300SA_p01_11_1_22520,nmdc:bsm-11-ynb8k575,60886_1_BTM,high
/home/bmeluch/NMDC/nom_processing/monet_nom_metadata/raw/60886_1_BTM_3_MAOM_r1_Mag_22Jan25_3p3kV_300SA_p01_12_1_22396,nmdc:bsm-11-ynb8k575,60886_1_BTM,high
/home/bmeluch/NMDC/nom_processing/monet_nom_metadata/raw/60886_1_BTM_3_MAOM_r2_Mag_22Jan25_3p3kV_300SA_p01_12_1_22483,nmdc:bsm-11-ynb8k575,60886_1_BTM,high
/home/bmeluch/NMDC/nom_processing/monet_nom_metadata/raw/60886_1_BTM_3_MAOM_r3_Mag_22Jan25_3p3kV_300SA_p01_12_1_22515,nmdc:bsm-11-ynb8k575,60886_1_BTM,high
/home/bmeluch/NMDC/nom_processing/monet_nom_metadata/raw/60886_1_T_1_WEOM_r1_Mag_10Mar24_300SA_p01_1_1_17135,nmdc:bsm-11-zta1hy24,60886_1_TOP,high
/home/bmeluch/NMDC/nom_processing/monet_nom_metadata/raw/60886_1_T_1_WEOM_r2_Mag_10Mar24_300SA_p01_1_1_17185,nmdc:bsm-11-zta1hy24,60886_1_TOP,high
/home/bmeluch/NMDC/nom_processing/monet_nom_metadata/raw/60886_1_T_1_WEOM_r3_Mag_10Mar24_300SA_p01_1_1_17253,nmdc:bsm-11-zta1hy24,60886_1_TOP,high
/home/bmeluch/NMDC/nom_processing/monet_nom_metadata/raw/60886_1_T_2_WEOM_r1_Mag_10Mar24_300SA_p01_2_1_17151,nmdc:bsm-11-zta1hy24,60886_1_TOP,high
/home/bmeluch/NMDC/nom_processing/monet_nom_metadata/raw/60886_1_T_2_WEOM_r2_Mag_10Mar24_300SA_p01_2_1_17212,nmdc:bsm-11-zta1hy24,60886_1_TOP,high
/home/bmeluch/NMDC/nom_processing/monet_nom_metadata/raw/60886_1_T_2_WEOM_r3_Mag_10Mar24_300SA_p01_2_1_17276,nmdc:bsm-11-zta1hy24,60886_1_TOP,high
/home/bmeluch/NMDC/nom_processing/monet_nom_metadata/raw/60886_1_T_3_WEOM_r1_Mag_10Mar24_300SA_p01_3_1_17113,nmdc:bsm-11-zta1hy24,60886_1_TOP,high
/home/bmeluch/NMDC/nom_processing/monet_nom_metadata/raw/60886_1_T_3_WEOM_r2_Mag_10Mar24_300SA_p01_3_1_17196,nmdc:bsm-11-zta1hy24,60886_1_TOP,high
/home/bmeluch/NMDC/nom_processing/monet_nom_metadata/raw/60886_1_T_3_WEOM_r3_Mag_10Mar24_300SA_p01_3_1_17228,nmdc:bsm-11-zta1hy24,60886_1_TOP,high
/home/bmeluch/NMDC/nom_processing/monet_nom_metadata/raw/60886_1_TOP_1_MAOM_r1_Mag_22Jan25_3p3kV_300SA_p01_7_1_22405,nmdc:bsm-11-zta1hy24,60886_1_TOP,high
/home/bmeluch/NMDC/nom_processing/monet_nom_metadata/raw/60886_1_TOP_1_MAOM_r2_Mag_22Jan25_3p3kV_300SA_p01_7_1_22441,nmdc:bsm-11-zta1hy24,60886_1_TOP,high
/home/bmeluch/NMDC/nom_processing/monet_nom_metadata/raw/60886_1_TOP_1_MAOM_r3_Mag_22Jan25_3p3kV_300SA_p01_7_1_22517,nmdc:bsm-11-zta1hy24,60886_1_TOP,high
/home/bmeluch/NMDC/nom_processing/monet_nom_metadata/raw/60886_1_TOP_2_MAOM_r1_Mag_22Jan25_3p3kV_300SA_p01_8_1_22390,nmdc:bsm-11-zta1hy24,60886_1_TOP,high
/home/bmeluch/NMDC/nom_processing/monet_nom_metadata/raw/60886_1_TOP_2_MAOM_r2_Mag_22Jan25_3p3kV_300SA_p01_8_1_22470,nmdc:bsm-11-zta1hy24,60886_1_TOP,high
/home/bmeluch/NMDC/nom_processing/monet_nom_metadata/raw/60886_1_TOP_2_MAOM_r3_Mag_22Jan25_3p3kV_300SA_p01_8_1_22500,nmdc:bsm-11-zta1hy24,60886_1_TOP,high
/home/bmeluch/NMDC/nom_processing/monet_nom_metadata/raw/60886_1_TOP_3_MAOM_r1_Mag_22Jan25_3p3kV_300SA_p01_9_1_22376,nmdc:bsm-11-zta1hy24,60886_1_TOP,high
/home/bmeluch/NMDC/nom_processing/monet_nom_metadata/raw/60886_1_TOP_3_MAOM_r2_Mag_22Jan25_3p3kV_300SA_p01_9_1_22448,nmdc:bsm-11-zta1hy24,60886_1_TOP,high
/home/bmeluch/NMDC/nom_processing/monet_nom_metadata/raw/60886_1_TOP_3_MAOM_r3_Mag_22Jan25_3p3kV_300SA_p01_9_1_22488,nmdc:bsm-11-zta1hy24,60886_1_TOP,high
/home/bmeluch/NMDC/nom_processing/monet_nom_metadata/raw/60886_2_B_1_WEOM_r1_Mag_10Mar24_300SA_p01_10_1_17112,nmdc:bsm-11-zxb6qr14,60886_2_BTM,high
/home/bmeluch/NMDC/nom_processing/monet_nom_metadata/raw/60886_2_B_1_WEOM_r2_Mag_10Mar24_300SA_p01_10_1_17217,nmdc:bsm-11-zxb6qr14,60886_2_BTM,high
/home/bmeluch/NMDC/nom_processing/monet_nom_metadata/raw/60886_2_B_1_WEOM_r3_Mag_10Mar24_300SA_p01_10_1_17260,nmdc:bsm-11-zxb6qr14,60886_2_BTM,high
/home/bmeluch/NMDC/nom_processing/monet_nom_metadata/raw/60886_2_B_2_WEOM_r1_Mag_10Mar24_300SA_p01_11_1_17163,nmdc:bsm-11-zxb6qr14,60886_2_BTM,high
/home/bmeluch/NMDC/nom_processing/monet_nom_metadata/raw/60886_2_B_2_WEOM_r2_Mag_10Mar24_300SA_p01_11_1_17176,nmdc:bsm-11-zxb6qr14,60886_2_BTM,high
/home/bmeluch/NMDC/nom_processing/monet_nom_metadata/raw/60886_2_B_2_WEOM_r3_Mag_10Mar24_300SA_p01_11_1_17267,nmdc:bsm-11-zxb6qr14,60886_2_BTM,high
/home/bmeluch/NMDC/nom_processing/monet_nom_metadata/raw/60886_2_B_3_WEOM_r1_Mag_10Mar24_300SA_p01_12_1_17171,nmdc:bsm-11-zxb6qr14,60886_2_BTM,high
/home/bmeluch/NMDC/nom_processing/monet_nom_metadata/raw/60886_2_B_3_WEOM_r2_Mag_10Mar24_300SA_p01_12_1_17223,nmdc:bsm-11-zxb6qr14,60886_2_BTM,high
/home/bmeluch/NMDC/nom_processing/monet_nom_metadata/raw/60886_2_B_3_WEOM_r3_Mag_10Mar24_300SA_p01_12_1_17277,nmdc:bsm-11-zxb6qr14,60886_2_BTM,high
/home/bmeluch/NMDC/nom_processing/monet_nom_metadata/raw/60886_2_BTM_1_MAOM_r1_Mag_22Jan25_3p3kV_300SA_p01_16_1_22386,nmdc:bsm-11-zxb6qr14,60886_2_BTM,high
/home/bmeluch/NMDC/nom_processing/monet_nom_metadata/raw/60886_2_BTM_1_MAOM_r2_Mag_22Jan25_3p3kV_300SA_p01_16_1_22442,nmdc:bsm-11-zxb6qr14,60886_2_BTM,high
/home/bmeluch/NMDC/nom_processing/monet_nom_metadata/raw/60886_2_BTM_1_MAOM_r3_Mag_22Jan25_3p3kV_300SA_p01_16_1_22536,nmdc:bsm-11-zxb6qr14,60886_2_BTM,high
/home/bmeluch/NMDC/nom_processing/monet_nom_metadata/raw/60886_2_BTM_2_MAOM_r1_Mag_22Jan25_3p3kV_300SA_p01_17_1_22397,nmdc:bsm-11-zxb6qr14,60886_2_BTM,high
/home/bmeluch/NMDC/nom_processing/monet_nom_metadata/raw/60886_2_BTM_2_MAOM_r2_Mag_22Jan25_3p3kV_300SA_p01_17_1_22473,nmdc:bsm-11-zxb6qr14,60886_2_BTM,high
/home/bmeluch/NMDC/nom_processing/monet_nom_metadata/raw/60886_2_BTM_2_MAOM_r3_Mag_22Jan25_3p3kV_300SA_p01_17_1_22538,nmdc:bsm-11-zxb6qr14,60886_2_BTM,high
/home/bmeluch/NMDC/nom_processing/monet_nom_metadata/raw/60886_2_BTM_3_MAOM_r1_Mag_22Jan25_3p3kV_300SA_p01_18_1_22420,nmdc:bsm-11-zxb6qr14,60886_2_BTM,high
/home/bmeluch/NMDC/nom_processing/monet_nom_metadata/raw/60886_2_BTM_3_MAOM_r2_Mag_22Jan25_3p3kV_300SA_p01_18_1_22434,nmdc:bsm-11-zxb6qr14,60886_2_BTM,high
/home/bmeluch/NMDC/nom_processing/monet_nom_metadata/raw/60886_2_BTM_3_MAOM_r3_Mag_22Jan25_3p3kV_300SA_p01_18_1_22527,nmdc:bsm-11-zxb6qr14,60886_2_BTM,high
/home/bmeluch/NMDC/nom_processing/monet_nom_metadata/raw/60886_2_T_1_WEOM_r1_Mag_10Mar24_300SA_p01_7_1_17154,nmdc:bsm-11-prmpqc17,60886_2_TOP,high
/home/bmeluch/NMDC/nom_processing/monet_nom_metadata/raw/60886_2_T_1_WEOM_r2_Mag_10Mar24_300SA_p01_7_1_17201,nmdc:bsm-11-prmpqc17,60886_2_TOP,high
/home/bmeluch/NMDC/nom_processing/monet_nom_metadata/raw/60886_2_T_1_WEOM_r3_Mag_10Mar24_300SA_p01_7_1_17269,nmdc:bsm-11-prmpqc17,60886_2_TOP,high
/home/bmeluch/NMDC/nom_processing/monet_nom_metadata/raw/60886_2_T_2_WEOM_r1_Mag_10Mar24_300SA_p01_8_1_17169,nmdc:bsm-11-prmpqc17,60886_2_TOP,high
/home/bmeluch/NMDC/nom_processing/monet_nom_metadata/raw/60886_2_T_2_WEOM_r2_Mag_10Mar24_300SA_p01_8_1_17219,nmdc:bsm-11-prmpqc17,60886_2_TOP,high
/home/bmeluch/NMDC/nom_processing/monet_nom_metadata/raw/60886_2_T_2_WEOM_r3_Mag_10Mar24_300SA_p01_8_1_17252,nmdc:bsm-11-prmpqc17,60886_2_TOP,high
/home/bmeluch/NMDC/nom_processing/monet_nom_metadata/raw/60886_2_T_3_WEOM_r1_Mag_10Mar24_300SA_p01_9_1_17116,nmdc:bsm-11-prmpqc17,60886_2_TOP,high
/home/bmeluch/NMDC/nom_processing/monet_nom_metadata/raw/60886_2_T_3_WEOM_r2_Mag_10Mar24_300SA_p01_9_1_17174,nmdc:bsm-11-prmpqc17,60886_2_TOP,high
/home/bmeluch/NMDC/nom_processing/monet_nom_metadata/raw/60886_2_T_3_WEOM_r3_Mag_10Mar24_300SA_p01_9_1_17244,nmdc:bsm-11-prmpqc17,60886_2_TOP,high
/home/bmeluch/NMDC/nom_processing/monet_nom_metadata/raw/60886_2_TOP_1_MAOM_r1_Mag_22Jan25_3p3kV_300SA_p01_13_1_22414,nmdc:bsm-11-prmpqc17,60886_2_TOP,high
/home/bmeluch/NMDC/nom_processing/monet_nom_metadata/raw/60886_2_TOP_1_MAOM_r2_Mag_22Jan25_3p3kV_300SA_p01_13_1_22439,nmdc:bsm-11-prmpqc17,60886_2_TOP,high
/home/bmeluch/NMDC/nom_processing/monet_nom_metadata/raw/60886_2_TOP_1_MAOM_r3_Mag_22Jan25_3p3kV_300SA_p01_13_1_22498,nmdc:bsm-11-prmpqc17,60886_2_TOP,high
/home/bmeluch/NMDC/nom_processing/monet_nom_metadata/raw/60886_2_TOP_2_MAOM_r1_Mag_22Jan25_3p3kV_300SA_p01_14_1_22406,nmdc:bsm-11-prmpqc17,60886_2_TOP,high
/home/bmeluch/NMDC/nom_processing/monet_nom_metadata/raw/60886_2_TOP_2_MAOM_r2_Mag_22Jan25_3p3kV_300SA_p01_14_1_22450,nmdc:bsm-11-prmpqc17,60886_2_TOP,high
/home/bmeluch/NMDC/nom_processing/monet_nom_metadata/raw/60886_2_TOP_2_MAOM_r3_Mag_22Jan25_3p3kV_300SA_p01_14_1_22522,nmdc:bsm-11-prmpqc17,60886_2_TOP,high
/home/bmeluch/NMDC/nom_processing/monet_nom_metadata/raw/60886_2_TOP_3_MAOM_r1_Mag_22Jan25_3p3kV_300SA_p01_15_1_22398,nmdc:bsm-11-prmpqc17,60886_2_TOP,high
/home/bmeluch/NMDC/nom_processing/monet_nom_metadata/raw/60886_2_TOP_3_MAOM_r2_Mag_22Jan25_3p3kV_300SA_p01_15_1_22485,nmdc:bsm-11-prmpqc17,60886_2_TOP,high
/home/bmeluch/NMDC/nom_processing/monet_nom_metadata/raw/60886_2_TOP_3_MAOM_r3_Mag_22Jan25_3p3kV_300SA_p01_15_1_22523,nmdc:bsm-11-prmpqc17,60886_2_TOP,high
/home/bmeluch/NMDC/nom_processing/monet_nom_metadata/raw/60886_3_B_1_WEOM_r1_Mag_10Mar24_300SA_p01_16_1_17115,nmdc:bsm-11-xvyz1e29,60886_3_BTM,high
/home/bmeluch/NMDC/nom_processing/monet_nom_metadata/raw/60886_3_B_1_WEOM_r2_Mag_10Mar24_300SA_p01_16_1_17194,nmdc:bsm-11-xvyz1e29,60886_3_BTM,high
/home/bmeluch/NMDC/nom_processing/monet_nom_metadata/raw/60886_3_B_1_WEOM_r3_Mag_10Mar24_300SA_p01_16_1_17242,nmdc:bsm-11-xvyz1e29,60886_3_BTM,high
/home/bmeluch/NMDC/nom_processing/monet_nom_metadata/raw/60886_3_B_2_WEOM_r1_Mag_10Mar24_300SA_p01_17_1_17132,nmdc:bsm-11-xvyz1e29,60886_3_BTM,high
/home/bmeluch/NMDC/nom_processing/monet_nom_metadata/raw/60886_3_B_2_WEOM_r2_Mag_10Mar24_300SA_p01_17_1_17193,nmdc:bsm-11-xvyz1e29,60886_3_BTM,high
/home/bmeluch/NMDC/nom_processing/monet_nom_metadata/raw/60886_3_B_2_WEOM_r3_Mag_10Mar24_300SA_p01_17_1_17238,nmdc:bsm-11-xvyz1e29,60886_3_BTM,high
/home/bmeluch/NMDC/nom_processing/monet_nom_metadata/raw/60886_3_B_3_WEOM_r1_Mag_10Mar24_300SA_p01_18_1_17157,nmdc:bsm-11-xvyz1e29,60886_3_BTM,high
/home/bmeluch/NMDC/nom_processing/monet_nom_metadata/raw/60886_3_B_3_WEOM_r2_Mag_10Mar24_300SA_p01_18_1_17207,nmdc:bsm-11-xvyz1e29,60886_3_BTM,high
/home/bmeluch/NMDC/nom_processing/monet_nom_metadata/raw/60886_3_B_3_WEOM_r3_Mag_10Mar24_300SA_p01_18_1_17272,nmdc:bsm-11-xvyz1e29,60886_3_BTM,high
/home/bmeluch/NMDC/nom_processing/monet_nom_metadata/raw/60886_3_BTM_1_MAOM_r1_Mag_22Jan25_3p3kV_300SA_p01_26_1_22377,nmdc:bsm-11-xvyz1e29,60886_3_BTM,high
/home/bmeluch/NMDC/nom_processing/monet_nom_metadata/raw/60886_3_BTM_1_MAOM_r2_Mag_22Jan25_3p3kV_300SA_p01_26_1_22457,nmdc:bsm-11-xvyz1e29,60886_3_BTM,high
/home/bmeluch/NMDC/nom_processing/monet_nom_metadata/raw/60886_3_BTM_1_MAOM_r3_Mag_22Jan25_3p3kV_300SA_p01_26_1_22539,nmdc:bsm-11-xvyz1e29,60886_3_BTM,high
/home/bmeluch/NMDC/nom_processing/monet_nom_metadata/raw/60886_3_BTM_2_MAOM_r1_Mag_22Jan25_3p3kV_300SA_p01_27_1_22429,nmdc:bsm-11-xvyz1e29,60886_3_BTM,high
/home/bmeluch/NMDC/nom_processing/monet_nom_metadata/raw/60886_3_BTM_2_MAOM_r2_Mag_22Jan25_3p3kV_300SA_p01_27_1_22484,nmdc:bsm-11-xvyz1e29,60886_3_BTM,high
/home/bmeluch/NMDC/nom_processing/monet_nom_metadata/raw/60886_3_BTM_2_MAOM_r3_Mag_22Jan25_3p3kV_300SA_p01_27_1_22494,nmdc:bsm-11-xvyz1e29,60886_3_BTM,high
/home/bmeluch/NMDC/nom_processing/monet_nom_metadata/raw/60886_3_BTM_3_MAOM_r1_Mag_22Jan25_3p3kV_300SA_p01_28_1_22399,nmdc:bsm-11-xvyz1e29,60886_3_BTM,high
/home/bmeluch/NMDC/nom_processing/monet_nom_metadata/raw/60886_3_BTM_3_MAOM_r2_Mag_22Jan25_3p3kV_300SA_p01_28_1_22452,nmdc:bsm-11-xvyz1e29,60886_3_BTM,high
/home/bmeluch/NMDC/nom_processing/monet_nom_metadata/raw/60886_3_BTM_3_MAOM_r3_Mag_22Jan25_3p3kV_300SA_p01_28_1_22507,nmdc:bsm-11-xvyz1e29,60886_3_BTM,high
/home/bmeluch/NMDC/nom_processing/monet_nom_metadata/raw/60886_3_T_1_WEOM_r1_Mag_10Mar24_300SA_p01_13_1_17160,nmdc:bsm-11-frmj3f12,60886_3_TOP,high
/home/bmeluch/NMDC/nom_processing/monet_nom_metadata/raw/60886_3_T_1_WEOM_r2_Mag_10Mar24_300SA_p01_13_1_17204,nmdc:bsm-11-frmj3f12,60886_3_TOP,high
/home/bmeluch/NMDC/nom_processing/monet_nom_metadata/raw/60886_3_T_1_WEOM_r3_Mag_10Mar24_300SA_p01_13_1_17264,nmdc:bsm-11-frmj3f12,60886_3_TOP,high
/home/bmeluch/NMDC/nom_processing/monet_nom_metadata/raw/60886_3_T_2_WEOM_r1_Mag_10Mar24_300SA_p01_14_1_17172,nmdc:bsm-11-frmj3f12,60886_3_TOP,high
/home/bmeluch/NMDC/nom_processing/monet_nom_metadata/raw/60886_3_T_2_WEOM_r2_Mag_10Mar24_300SA_p01_14_1_17220,nmdc:bsm-11-frmj3f12,60886_3_TOP,high
/home/bmeluch/NMDC/nom_processing/monet_nom_metadata/raw/60886_3_T_2_WEOM_r3_Mag_10Mar24_300SA_p01_14_1_17232,nmdc:bsm-11-frmj3f12,60886_3_TOP,high
/home/bmeluch/NMDC/nom_processing/monet_nom_metadata/raw/60886_3_T_3_WEOM_r1_Mag_10Mar24_300SA_p01_15_1_17145,nmdc:bsm-11-frmj3f12,60886_3_TOP,high
/home/bmeluch/NMDC/nom_processing/monet_nom_metadata/raw/60886_3_T_3_WEOM_r2_Mag_10Mar24_300SA_p01_15_1_17222,nmdc:bsm-11-frmj3f12,60886_3_TOP,high
/home/bmeluch/NMDC/nom_processing/monet_nom_metadata/raw/60886_3_T_3_WEOM_r3_Mag_10Mar24_300SA_p01_15_1_17270,nmdc:bsm-11-frmj3f12,60886_3_TOP,high
/home/bmeluch/NMDC/nom_processing/monet_nom_metadata/raw/60886_3_TOP_1_MAOM_r1_Mag_22Jan25_3p3kV_300SA_p01_19_1_22400,nmdc:bsm-11-frmj3f12,60886_3_TOP,high
/home/bmeluch/NMDC/nom_processing/monet_nom_metadata/raw/60886_3_TOP_1_MAOM_r2_Mag_22Jan25_3p3kV_300SA_p01_19_1_22446,nmdc:bsm-11-frmj3f12,60886_3_TOP,high
/home/bmeluch/NMDC/nom_processing/monet_nom_metadata/raw/60886_3_TOP_1_MAOM_r3_Mag_22Jan25_3p3kV_300SA_p01_19_1_22512,nmdc:bsm-11-frmj3f12,60886_3_TOP,high
/home/bmeluch/NMDC/nom_processing/monet_nom_metadata/raw/60886_3_TOP_2_MAOM_r1_Mag_22Jan25_3p3kV_300SA_p01_20_1_22412,nmdc:bsm-11-frmj3f12,60886_3_TOP,high
/home/bmeluch/NMDC/nom_processing/monet_nom_metadata/raw/60886_3_TOP_2_MAOM_r2_Mag_22Jan25_3p3kV_300SA_p01_20_1_22475,nmdc:bsm-11-frmj3f12,60886_3_TOP,high
/home/bmeluch/NMDC/nom_processing/monet_nom_metadata/raw/60886_3_TOP_2_MAOM_r3_Mag_22Jan25_3p3kV_300SA_p01_20_1_22492,nmdc:bsm-11-frmj3f12,60886_3_TOP,high
/home/bmeluch/NMDC/nom_processing/monet_nom_metadata/raw/60886_3_TOP_3_MAOM_r1_Mag_22Jan25_3p3kV_300SA_p01_21_1_22381,nmdc:bsm-11-frmj3f12,60886_3_TOP,high
/home/bmeluch/NMDC/nom_processing/monet_nom_metadata/raw/60886_3_TOP_3_MAOM_r2_Mag_22Jan25_3p3kV_300SA_p01_21_1_22487,nmdc:bsm-11-frmj3f12,60886_3_TOP,high
/home/bmeluch/NMDC/nom_processing/monet_nom_metadata/raw/60886_3_TOP_3_MAOM_r3_Mag_22Jan25_3p3kV_300SA_p01_21_1_22518,nmdc:bsm-11-frmj3f12,60886_3_TOP,high
/home/bmeluch/NMDC/nom_processing/monet_nom_metadata/raw/60886_4_B_1_WEOM_r1_Mag_10Mar24_300SA_p01_22_1_17131,nmdc:bsm-11-epczt773,60886_4_BTM,high
/home/bmeluch/NMDC/nom_processing/monet_nom_metadata/raw/60886_4_B_1_WEOM_r2_Mag_10Mar24_300SA_p01_22_1_17175,nmdc:bsm-11-epczt773,60886_4_BTM,high
/home/bmeluch/NMDC/nom_processing/monet_nom_metadata/raw/60886_4_B_1_WEOM_r3_Mag_10Mar24_300SA_p01_22_1_17237,nmdc:bsm-11-epczt773,60886_4_BTM,high
/home/bmeluch/NMDC/nom_processing/monet_nom_metadata/raw/60886_4_B_2_WEOM_r1_Mag_10Mar24_300SA_p01_23_1_17159,nmdc:bsm-11-epczt773,60886_4_BTM,high
/home/bmeluch/NMDC/nom_processing/monet_nom_metadata/raw/60886_4_B_2_WEOM_r2_Mag_10Mar24_300SA_p01_23_1_17210,nmdc:bsm-11-epczt773,60886_4_BTM,high
/home/bmeluch/NMDC/nom_processing/monet_nom_metadata/raw/60886_4_B_2_WEOM_r3_Mag_10Mar24_300SA_p01_23_1_17275,nmdc:bsm-11-epczt773,60886_4_BTM,high
/home/bmeluch/NMDC/nom_processing/monet_nom_metadata/raw/60886_4_B_3_WEOM_r1_Mag_10Mar24_300SA_p01_24_1_17133,nmdc:bsm-11-epczt773,60886_4_BTM,high
/home/bmeluch/NMDC/nom_processing/monet_nom_metadata/raw/60886_4_B_3_WEOM_r2_Mag_10Mar24_300SA_p01_24_1_17203,nmdc:bsm-11-epczt773,60886_4_BTM,high
/home/bmeluch/NMDC/nom_processing/monet_nom_metadata/raw/60886_4_B_3_WEOM_r3_Mag_10Mar24_300SA_p01_24_1_17256,nmdc:bsm-11-epczt773,60886_4_BTM,high
/home/bmeluch/NMDC/nom_processing/monet_nom_metadata/raw/60886_4_BTM_1_MAOM_r1_Mag_22Jan25_3p3kV_300SA_p01_32_1_22428,nmdc:bsm-11-epczt773,60886_4_BTM,high
/home/bmeluch/NMDC/nom_processing/monet_nom_metadata/raw/60886_4_BTM_1_MAOM_r2_Mag_22Jan25_3p3kV_300SA_p01_32_1_22468,nmdc:bsm-11-epczt773,60886_4_BTM,high
/home/bmeluch/NMDC/nom_processing/monet_nom_metadata/raw/60886_4_BTM_1_MAOM_r3_Mag_22Jan25_3p3kV_300SA_p01_32_1_22491,nmdc:bsm-11-epczt773,60886_4_BTM,high
/home/bmeluch/NMDC/nom_processing/monet_nom_metadata/raw/60886_4_BTM_2_MAOM_r1_Mag_22Jan25_3p3kV_300SA_p01_33_1_22402,nmdc:bsm-11-epczt773,60886_4_BTM,high
/home/bmeluch/NMDC/nom_processing/monet_nom_metadata/raw/60886_4_BTM_2_MAOM_r2_Mag_22Jan25_3p3kV_300SA_p01_33_1_22451,nmdc:bsm-11-epczt773,60886_4_BTM,high
/home/bmeluch/NMDC/nom_processing/monet_nom_metadata/raw/60886_4_BTM_2_MAOM_r3_Mag_22Jan25_3p3kV_300SA_p01_33_1_22490,nmdc:bsm-11-epczt773,60886_4_BTM,high
/home/bmeluch/NMDC/nom_processing/monet_nom_metadata/raw/60886_4_BTM_3_MAOM_r1_Mag_22Jan25_3p3kV_300SA_p01_34_1_22388,nmdc:bsm-11-epczt773,60886_4_BTM,high
/home/bmeluch/NMDC/nom_processing/monet_nom_metadata/raw/60886_4_BTM_3_MAOM_r2_Mag_22Jan25_3p3kV_300SA_p01_34_1_22466,nmdc:bsm-11-epczt773,60886_4_BTM,high
/home/bmeluch/NMDC/nom_processing/monet_nom_metadata/raw/60886_4_BTM_3_MAOM_r3_Mag_22Jan25_3p3kV_300SA_p01_34_1_22510,nmdc:bsm-11-epczt773,60886_4_BTM,high
/home/bmeluch/NMDC/nom_processing/monet_nom_metadata/raw/60886_4_T_1_WEOM_r1_Mag_10Mar24_300SA_p01_19_1_17136,nmdc:bsm-11-3s3gvn13,60886_4_TOP,high
/home/bmeluch/NMDC/nom_processing/monet_nom_metadata/raw/60886_4_T_1_WEOM_r2_Mag_10Mar24_300SA_p01_19_1_17215,nmdc:bsm-11-3s3gvn13,60886_4_TOP,high
/home/bmeluch/NMDC/nom_processing/monet_nom_metadata/raw/60886_4_T_1_WEOM_r3_Mag_10Mar24_300SA_p01_19_1_17239,nmdc:bsm-11-3s3gvn13,60886_4_TOP,high
/home/bmeluch/NMDC/nom_processing/monet_nom_metadata/raw/60886_4_T_2_WEOM_r1_Mag_10Mar24_300SA_p01_20_1_17144,nmdc:bsm-11-3s3gvn13,60886_4_TOP,high
/home/bmeluch/NMDC/nom_processing/monet_nom_metadata/raw/60886_4_T_2_WEOM_r2_Mag_10Mar24_300SA_p01_20_1_17225,nmdc:bsm-11-3s3gvn13,60886_4_TOP,high
/home/bmeluch/NMDC/nom_processing/monet_nom_metadata/raw/60886_4_T_2_WEOM_r3_Mag_10Mar24_300SA_p01_20_1_17271,nmdc:bsm-11-3s3gvn13,60886_4_TOP,high
/home/bmeluch/NMDC/nom_processing/monet_nom_metadata/raw/60886_4_T_3_WEOM_r1_Mag_10Mar24_300SA_p01_21_1_17156,nmdc:bsm-11-3s3gvn13,60886_4_TOP,high
/home/bmeluch/NMDC/nom_processing/monet_nom_metadata/raw/60886_4_T_3_WEOM_r2_Mag_10Mar24_300SA_p01_21_1_17213,nmdc:bsm-11-3s3gvn13,60886_4_TOP,high
/home/bmeluch/NMDC/nom_processing/monet_nom_metadata/raw/60886_4_T_3_WEOM_r3_Mag_10Mar24_300SA_p01_21_1_17249,nmdc:bsm-11-3s3gvn13,60886_4_TOP,high
/home/bmeluch/NMDC/nom_processing/monet_nom_metadata/raw/60886_4_TOP_1_MAOM_r1_Mag_22Jan25_3p3kV_300SA_p01_29_1_22383,nmdc:bsm-11-3s3gvn13,60886_4_TOP,high
/home/bmeluch/NMDC/nom_processing/monet_nom_metadata/raw/60886_4_TOP_1_MAOM_r2_Mag_22Jan25_3p3kV_300SA_p01_29_1_22432,nmdc:bsm-11-3s3gvn13,60886_4_TOP,high
/home/bmeluch/NMDC/nom_processing/monet_nom_metadata/raw/60886_4_TOP_1_MAOM_r3_Mag_22Jan25_3p3kV_300SA_p01_29_1_22519,nmdc:bsm-11-3s3gvn13,60886_4_TOP,high
/home/bmeluch/NMDC/nom_processing/monet_nom_metadata/raw/60886_4_TOP_2_MAOM_r1_Mag_22Jan25_3p3kV_300SA_p01_30_1_22411,nmdc:bsm-11-3s3gvn13,60886_4_TOP,high
/home/bmeluch/NMDC/nom_processing/monet_nom_metadata/raw/60886_4_TOP_2_MAOM_r2_Mag_22Jan25_3p3kV_300SA_p01_30_1_22472,nmdc:bsm-11-3s3gvn13,60886_4_TOP,high
/home/bmeluch/NMDC/nom_processing/monet_nom_metadata/raw/60886_4_TOP_2_MAOM_r3_Mag_22Jan25_3p3kV_300SA_p01_30_1_22508,nmdc:bsm-11-3s3gvn13,60886_4_TOP,high
/home/bmeluch/NMDC/nom_processing/monet_nom_metadata/raw/60886_4_TOP_3_MAOM_r1_Mag_22Jan25_3p3kV_300SA_p01_31_1_22419,nmdc:bsm-11-3s3gvn13,60886_4_TOP,high
/home/bmeluch/NMDC/nom_processing/monet_nom_metadata/raw/60886_4_TOP_3_MAOM_r2_Mag_22Jan25_3p3kV_300SA_p01_31_1_22433,nmdc:bsm-11-3s3gvn13,60886_4_TOP,high
/home/bmeluch/NMDC/nom_processing/monet_nom_metadata/raw/60886_4_TOP_3_MAOM_r3_Mag_22Jan25_3p3kV_300SA_p01_31_1_22513,nmdc:bsm-11-3s3gvn13,60886_4_TOP,high
/home/bmeluch/NMDC/nom_processing/monet_nom_metadata/raw/60886_5_B_1_WEOM_r1_Mag_10Mar24_300SA_p01_28_1_17155,nmdc:bsm-11-vga2jz16,60886_5_BTM,high
/home/bmeluch/NMDC/nom_processing/monet_nom_metadata/raw/60886_5_B_1_WEOM_r2_Mag_10Mar24_300SA_p01_28_1_17189,nmdc:bsm-11-vga2jz16,60886_5_BTM,high
/home/bmeluch/NMDC/nom_processing/monet_nom_metadata/raw/60886_5_B_1_WEOM_r3_Mag_10Mar24_300SA_p01_28_1_17235,nmdc:bsm-11-vga2jz16,60886_5_BTM,high
/home/bmeluch/NMDC/nom_processing/monet_nom_metadata/raw/60886_5_B_2_WEOM_r2_Mag_10Mar24_300SA_p01_29_1_17179,nmdc:bsm-11-vga2jz16,60886_5_BTM,high
/home/bmeluch/NMDC/nom_processing/monet_nom_metadata/raw/60886_5_B_2_WEOM_r3_Mag_10Mar24_300SA_p01_29_1_17248,nmdc:bsm-11-vga2jz16,60886_5_BTM,high
/home/bmeluch/NMDC/nom_processing/monet_nom_metadata/raw/60886_5_B_3_WEOM_r1_Mag_10Mar24_300SA_p01_30_1_17150,nmdc:bsm-11-vga2jz16,60886_5_BTM,high
/home/bmeluch/NMDC/nom_processing/monet_nom_metadata/raw/60886_5_B_3_WEOM_r2_Mag_10Mar24_300SA_p01_30_1_17181,nmdc:bsm-11-vga2jz16,60886_5_BTM,high
/home/bmeluch/NMDC/nom_processing/monet_nom_metadata/raw/60886_5_B_3_WEOM_r3_Mag_10Mar24_300SA_p01_30_1_17265,nmdc:bsm-11-vga2jz16,60886_5_BTM,high
/home/bmeluch/NMDC/nom_processing/monet_nom_metadata/raw/60886_5_BTM_2_MAOM_r1_Mag_22Jan25_3p3kV_300SA_p01_38_1_22409,nmdc:bsm-11-vga2jz16,60886_5_BTM,high
/home/bmeluch/NMDC/nom_processing/monet_nom_metadata/raw/60886_5_BTM_2_MAOM_r2_Mag_22Jan25_3p3kV_300SA_p01_38_1_22461,nmdc:bsm-11-vga2jz16,60886_5_BTM,high
/home/bmeluch/NMDC/nom_processing/monet_nom_metadata/raw/60886_5_BTM_2_MAOM_r3_Mag_22Jan25_3p3kV_300SA_p01_38_1_22534,nmdc:bsm-11-vga2jz16,60886_5_BTM,high
/home/bmeluch/NMDC/nom_processing/monet_nom_metadata/raw/60886_5_BTM_3_MAOM_r1_Mag_22Jan25_3p3kV_300SA_p01_39_1_22387,nmdc:bsm-11-vga2jz16,60886_5_BTM,high
/home/bmeluch/NMDC/nom_processing/monet_nom_metadata/raw/60886_5_BTM_3_MAOM_r2_Mag_22Jan25_3p3kV_300SA_p01_39_1_22455,nmdc:bsm-11-vga2jz16,60886_5_BTM,high
/home/bmeluch/NMDC/nom_processing/monet_nom_metadata/raw/60886_5_BTM_3_MAOM_r3_Mag_22Jan25_3p3kV_300SA_p01_39_1_22516,nmdc:bsm-11-vga2jz16,60886_5_BTM,high
/home/bmeluch/NMDC/nom_processing/monet_nom_metadata/raw/60886_5_T_1_WEOM_r1_Mag_10Mar24_300SA_p01_25_1_17141,nmdc:bsm-11-s3e2ex68,60886_5_TOP,high
/home/bmeluch/NMDC/nom_processing/monet_nom_metadata/raw/60886_5_T_1_WEOM_r2_Mag_10Mar24_300SA_p01_25_1_17224,nmdc:bsm-11-s3e2ex68,60886_5_TOP,high
/home/bmeluch/NMDC/nom_processing/monet_nom_metadata/raw/60886_5_T_1_WEOM_r3_Mag_10Mar24_300SA_p01_25_1_17262,nmdc:bsm-11-s3e2ex68,60886_5_TOP,high
/home/bmeluch/NMDC/nom_processing/monet_nom_metadata/raw/60886_5_T_2_WEOM_r1_Mag_10Mar24_300SA_p01_26_1_17168,nmdc:bsm-11-s3e2ex68,60886_5_TOP,high
/home/bmeluch/NMDC/nom_processing/monet_nom_metadata/raw/60886_5_T_2_WEOM_r2_Mag_10Mar24_300SA_p01_26_1_17198,nmdc:bsm-11-s3e2ex68,60886_5_TOP,high
/home/bmeluch/NMDC/nom_processing/monet_nom_metadata/raw/60886_5_T_2_WEOM_r3_Mag_10Mar24_300SA_p01_26_1_17227,nmdc:bsm-11-s3e2ex68,60886_5_TOP,high
/home/bmeluch/NMDC/nom_processing/monet_nom_metadata/raw/60886_5_T_3_WEOM_r1_Mag_10Mar24_300SA_p01_27_1_17139,nmdc:bsm-11-s3e2ex68,60886_5_TOP,high
/home/bmeluch/NMDC/nom_processing/monet_nom_metadata/raw/60886_5_T_3_WEOM_r2_Mag_10Mar24_300SA_p01_27_1_17184,nmdc:bsm-11-s3e2ex68,60886_5_TOP,high
/home/bmeluch/NMDC/nom_processing/monet_nom_metadata/raw/60886_5_T_3_WEOM_r3_Mag_10Mar24_300SA_p01_27_1_17234,nmdc:bsm-11-s3e2ex68,60886_5_TOP,high
/home/bmeluch/NMDC/nom_processing/monet_nom_metadata/raw/60886_5_TOP_1_MAOM_r1_Mag_22Jan25_3p3kV_300SA_p01_35_1_22395,nmdc:bsm-11-s3e2ex68,60886_5_TOP,high
/home/bmeluch/NMDC/nom_processing/monet_nom_metadata/raw/60886_5_TOP_1_MAOM_r2_Mag_22Jan25_3p3kV_300SA_p01_35_1_22444,nmdc:bsm-11-s3e2ex68,60886_5_TOP,high
/home/bmeluch/NMDC/nom_processing/monet_nom_metadata/raw/60886_5_TOP_1_MAOM_r3_Mag_22Jan25_3p3kV_300SA_p01_35_1_22514,nmdc:bsm-11-s3e2ex68,60886_5_TOP,high
/home/bmeluch/NMDC/nom_processing/monet_nom_metadata/raw/60886_5_TOP_2_MAOM_r1_Mag_22Jan25_3p3kV_300SA_p01_36_1_22426,nmdc:bsm-11-s3e2ex68,60886_5_TOP,high
/home/bmeluch/NMDC/nom_processing/monet_nom_metadata/raw/60886_5_TOP_2_MAOM_r2_Mag_22Jan25_3p3kV_300SA_p01_36_1_22469,nmdc:bsm-11-s3e2ex68,60886_5_TOP,high
/home/bmeluch/NMDC/nom_processing/monet_nom_metadata/raw/60886_5_TOP_2_MAOM_r3_Mag_22Jan25_3p3kV_300SA_p01_36_1_22529,nmdc:bsm-11-s3e2ex68,60886_5_TOP,high
/home/bmeluch/NMDC/nom_processing/monet_nom_metadata/raw/60886_5_TOP_3_MAOM_r1_Mag_22Jan25_3p3kV_300SA_p01_37_1_22427,nmdc:bsm-11-s3e2ex68,60886_5_TOP,high
/home/bmeluch/NMDC/nom_processing/monet_nom_metadata/raw/60886_5_TOP_3_MAOM_r2_Mag_22Jan25_3p3kV_300SA_p01_37_1_22471,nmdc:bsm-11-s3e2ex68,60886_5_TOP,high
/home/bmeluch/NMDC/nom_processing/monet_nom_metadata/raw/60886_5_TOP_3_MAOM_r3_Mag_22Jan25_3p3kV_300SA_p01_37_1_22540,nmdc:bsm-11-s3e2ex68,60886_5_TOP,high
/home/bmeluch/NMDC/nom_processing/monet_nom_metadata/raw/60886_6_B_1_WEOM_r1_Mag_10Mar24_300SA_p01_34_1_17137,nmdc:bsm-11-c1s6dp89,60886_6_BTM,high
/home/bmeluch/NMDC/nom_processing/monet_nom_metadata/raw/60886_6_B_1_WEOM_r2_Mag_10Mar24_300SA_p01_34_1_17180,nmdc:bsm-11-c1s6dp89,60886_6_BTM,high
/home/bmeluch/NMDC/nom_processing/monet_nom_metadata/raw/60886_6_B_1_WEOM_r3_Mag_10Mar24_300SA_p01_34_1_17268,nmdc:bsm-11-c1s6dp89,60886_6_BTM,high
/home/bmeluch/NMDC/nom_processing/monet_nom_metadata/raw/60886_6_B_2_WEOM_r1_Mag_10Mar24_300SA_p01_35_1_17162,nmdc:bsm-11-c1s6dp89,60886_6_BTM,high
/home/bmeluch/NMDC/nom_processing/monet_nom_metadata/raw/60886_6_B_2_WEOM_r2_Mag_10Mar24_300SA_p01_35_1_17182,nmdc:bsm-11-c1s6dp89,60886_6_BTM,high
/home/bmeluch/NMDC/nom_processing/monet_nom_metadata/raw/60886_6_B_2_WEOM_r3_Mag_10Mar24_300SA_p01_35_1_17241,nmdc:bsm-11-c1s6dp89,60886_6_BTM,high
/home/bmeluch/NMDC/nom_processing/monet_nom_metadata/raw/60886_6_B_3_WEOM_r1_Mag_10Mar24_300SA_p01_36_1_17153,nmdc:bsm-11-c1s6dp89,60886_6_BTM,high
/home/bmeluch/NMDC/nom_processing/monet_nom_metadata/raw/60886_6_B_3_WEOM_r2_Mag_10Mar24_300SA_p01_36_1_17191,nmdc:bsm-11-c1s6dp89,60886_6_BTM,high
/home/bmeluch/NMDC/nom_processing/monet_nom_metadata/raw/60886_6_B_3_WEOM_r3_Mag_10Mar24_300SA_p01_36_1_17229,nmdc:bsm-11-c1s6dp89,60886_6_BTM,high
/home/bmeluch/NMDC/nom_processing/monet_nom_metadata/raw/60886_6_BTM_1_MAOM_r1_Mag_22Jan25_3p3kV_300SA_p01_43_1_22384,nmdc:bsm-11-c1s6dp89,60886_6_BTM,high
/home/bmeluch/NMDC/nom_processing/monet_nom_metadata/raw/60886_6_BTM_1_MAOM_r2_Mag_22Jan25_3p3kV_300SA_p01_43_1_22478,nmdc:bsm-11-c1s6dp89,60886_6_BTM,high
/home/bmeluch/NMDC/nom_processing/monet_nom_metadata/raw/60886_6_BTM_1_MAOM_r3_Mag_22Jan25_3p3kV_300SA_p01_43_1_22509,nmdc:bsm-11-c1s6dp89,60886_6_BTM,high
/home/bmeluch/NMDC/nom_processing/monet_nom_metadata/raw/60886_6_BTM_2_MAOM_r1_Mag_22Jan25_3p3kV_300SA_p01_44_1_22401,nmdc:bsm-11-c1s6dp89,60886_6_BTM,high
/home/bmeluch/NMDC/nom_processing/monet_nom_metadata/raw/60886_6_BTM_2_MAOM_r2_Mag_22Jan25_3p3kV_300SA_p01_44_1_22431,nmdc:bsm-11-c1s6dp89,60886_6_BTM,high
/home/bmeluch/NMDC/nom_processing/monet_nom_metadata/raw/60886_6_BTM_2_MAOM_r3_Mag_22Jan25_3p3kV_300SA_p01_44_1_22528,nmdc:bsm-11-c1s6dp89,60886_6_BTM,high
/home/bmeluch/NMDC/nom_processing/monet_nom_metadata/raw/60886_6_BTM_3_MAOM_r1_Mag_22Jan25_3p3kV_300SA_p01_45_1_22380,nmdc:bsm-11-c1s6dp89,60886_6_BTM,high
/home/bmeluch/NMDC/nom_processing/monet_nom_metadata/raw/60886_6_BTM_3_MAOM_r2_Mag_22Jan25_3p3kV_300SA_p01_45_1_22462,nmdc:bsm-11-c1s6dp89,60886_6_BTM,high
/home/bmeluch/NMDC/nom_processing/monet_nom_metadata/raw/60886_6_BTM_3_MAOM_r3_Mag_22Jan25_3p3kV_300SA_p01_45_1_22499,nmdc:bsm-11-c1s6dp89,60886_6_BTM,high
/home/bmeluch/NMDC/nom_processing/monet_nom_metadata/raw/60886_6_T_1_WEOM_r1_Mag_10Mar24_300SA_p01_31_1_17166,nmdc:bsm-11-6nsqhw29,60886_6_TOP,high
/home/bmeluch/NMDC/nom_processing/monet_nom_metadata/raw/60886_6_T_1_WEOM_r2_Mag_10Mar24_300SA_p01_31_1_17216,nmdc:bsm-11-6nsqhw29,60886_6_TOP,high
/home/bmeluch/NMDC/nom_processing/monet_nom_metadata/raw/60886_6_T_1_WEOM_r3_Mag_10Mar24_300SA_p01_31_1_17245,nmdc:bsm-11-6nsqhw29,60886_6_TOP,high
/home/bmeluch/NMDC/nom_processing/monet_nom_metadata/raw/60886_6_T_2_WEOM_r1_Mag_10Mar24_300SA_p01_32_1_17114,nmdc:bsm-11-6nsqhw29,60886_6_TOP,high
/home/bmeluch/NMDC/nom_processing/monet_nom_metadata/raw/60886_6_T_2_WEOM_r2_Mag_10Mar24_300SA_p01_32_1_17200,nmdc:bsm-11-6nsqhw29,60886_6_TOP,high
/home/bmeluch/NMDC/nom_processing/monet_nom_metadata/raw/60886_6_T_2_WEOM_r3_Mag_10Mar24_300SA_p01_32_1_17246,nmdc:bsm-11-6nsqhw29,60886_6_TOP,high
/home/bmeluch/NMDC/nom_processing/monet_nom_metadata/raw/60886_6_T_3_WEOM_r2_Mag_10Mar24_300SA_p01_33_1_17177,nmdc:bsm-11-6nsqhw29,60886_6_TOP,high
/home/bmeluch/NMDC/nom_processing/monet_nom_metadata/raw/60886_6_T_3_WEOM_r3_Mag_10Mar24_300SA_p01_33_1_17274,nmdc:bsm-11-6nsqhw29,60886_6_TOP,high
/home/bmeluch/NMDC/nom_processing/monet_nom_metadata/raw/60886_6_TOP_1_MAOM_r1_Mag_22Jan25_3p3kV_300SA_p01_40_1_22413,nmdc:bsm-11-6nsqhw29,60886_6_TOP,high
/home/bmeluch/NMDC/nom_processing/monet_nom_metadata/raw/60886_6_TOP_1_MAOM_r2_Mag_22Jan25_3p3kV_300SA_p01_40_1_22449,nmdc:bsm-11-6nsqhw29,60886_6_TOP,high
/home/bmeluch/NMDC/nom_processing/monet_nom_metadata/raw/60886_6_TOP_1_MAOM_r3_Mag_22Jan25_3p3kV_300SA_p01_40_1_22493,nmdc:bsm-11-6nsqhw29,60886_6_TOP,high
/home/bmeluch/NMDC/nom_processing/monet_nom_metadata/raw/60886_6_TOP_2_MAOM_r1_Mag_22Jan25_3p3kV_300SA_p01_41_1_22382,nmdc:bsm-11-6nsqhw29,60886_6_TOP,high
/home/bmeluch/NMDC/nom_processing/monet_nom_metadata/raw/60886_6_TOP_2_MAOM_r2_Mag_22Jan25_3p3kV_300SA_p01_41_1_22479,nmdc:bsm-11-6nsqhw29,60886_6_TOP,high
/home/bmeluch/NMDC/nom_processing/monet_nom_metadata/raw/60886_6_TOP_2_MAOM_r3_Mag_22Jan25_3p3kV_300SA_p01_41_1_22521,nmdc:bsm-11-6nsqhw29,60886_6_TOP,high
/home/bmeluch/NMDC/nom_processing/monet_nom_metadata/raw/60886_6_TOP_3_MAOM_r1_Mag_22Jan25_3p3kV_300SA_p01_42_1_22403,nmdc:bsm-11-6nsqhw29,60886_6_TOP,high
/home/bmeluch/NMDC/nom_processing/monet_nom_metadata/raw/60886_6_TOP_3_MAOM_r2_Mag_22Jan25_3p3kV_300SA_p01_42_1_22454,nmdc:bsm-11-6nsqhw29,60886_6_TOP,high
/home/bmeluch/NMDC/nom_processing/monet_nom_metadata/raw/60886_6_TOP_3_MAOM_r3_Mag_22Jan25_3p3kV_300SA_p01_42_1_22496,nmdc:bsm-11-6nsqhw29,60886_6_TOP,high
/home/bmeluch/NMDC/nom_processing/monet_nom_metadata/raw/60920_1_B_1_WEOM_r1_Mag_21Dec23_300SA_p01_2_1_13994,nmdc:bsm-11-a1n8m774,60920_1_BTM,high
/home/bmeluch/NMDC/nom_processing/monet_nom_metadata/raw/60920_1_B_1_WEOM_r2_Mag_21Dec23_300SA_p01_2_1_14081,nmdc:bsm-11-a1n8m774,60920_1_BTM,high
/home/bmeluch/NMDC/nom_processing/monet_nom_metadata/raw/60920_1_B_1_WEOM_r3_Mag_21Dec23_300SA_p01_2_1_14138,nmdc:bsm-11-a1n8m774,60920_1_BTM,high
/home/bmeluch/NMDC/nom_processing/monet_nom_metadata/raw/60920_1_B_2_WEOM_r1_Mag_21Dec23_300SA_p01_21_1_14020,nmdc:bsm-11-a1n8m774,60920_1_BTM,high
/home/bmeluch/NMDC/nom_processing/monet_nom_metadata/raw/60920_1_B_2_WEOM_r2_Mag_21Dec23_300SA_p01_21_1_14086,nmdc:bsm-11-a1n8m774,60920_1_BTM,high
/home/bmeluch/NMDC/nom_processing/monet_nom_metadata/raw/60920_1_B_2_WEOM_r3_Mag_21Dec23_300SA_p01_21_1_14173,nmdc:bsm-11-a1n8m774,60920_1_BTM,high
/home/bmeluch/NMDC/nom_processing/monet_nom_metadata/raw/60920_1_B_3_WEOM_r1_Mag_21Dec23_300SA_p01_2_1_14035,nmdc:bsm-11-a1n8m774,60920_1_BTM,high
/home/bmeluch/NMDC/nom_processing/monet_nom_metadata/raw/60920_1_B_3_WEOM_r2_Mag_21Dec23_300SA_p01_2_1_14109,nmdc:bsm-11-a1n8m774,60920_1_BTM,high
/home/bmeluch/NMDC/nom_processing/monet_nom_metadata/raw/60920_1_B_3_WEOM_r3_Mag_21Dec23_300SA_p01_2_1_14182,nmdc:bsm-11-a1n8m774,60920_1_BTM,high
/home/bmeluch/NMDC/nom_processing/monet_nom_metadata/raw/60920_1_BTM_1_MAOM_r1_Mag_19Feb25_3p3kV_300SA_p01_4_1_23363,nmdc:bsm-11-a1n8m774,60920_1_BTM,high
/home/bmeluch/NMDC/nom_processing/monet_nom_metadata/raw/60920_1_BTM_1_MAOM_r2_Mag_19Feb25_3p3kV_300SA_p01_4_1_23400,nmdc:bsm-11-a1n8m774,60920_1_BTM,high
/home/bmeluch/NMDC/nom_processing/monet_nom_metadata/raw/60920_1_BTM_1_MAOM_r3_Mag_19Feb25_3p3kV_300SA_p01_4_1_23437,nmdc:bsm-11-a1n8m774,60920_1_BTM,high
/home/bmeluch/NMDC/nom_processing/monet_nom_metadata/raw/60920_1_BTM_2_MAOM_r1_Mag_19Feb25_3p3kV_300SA_p01_5_1_23374,nmdc:bsm-11-a1n8m774,60920_1_BTM,high
/home/bmeluch/NMDC/nom_processing/monet_nom_metadata/raw/60920_1_BTM_2_MAOM_r2_Mag_19Feb25_3p3kV_300SA_p01_5_1_23398,nmdc:bsm-11-a1n8m774,60920_1_BTM,high
/home/bmeluch/NMDC/nom_processing/monet_nom_metadata/raw/60920_1_BTM_2_MAOM_r3_Mag_19Feb25_3p3kV_300SA_p01_5_1_23422,nmdc:bsm-11-a1n8m774,60920_1_BTM,high
/home/bmeluch/NMDC/nom_processing/monet_nom_metadata/raw/60920_1_BTM_3_MAOM_r1_Mag_19Feb25_3p3kV_300SA_p01_6_1_23370,nmdc:bsm-11-a1n8m774,60920_1_BTM,high
/home/bmeluch/NMDC/nom_processing/monet_nom_metadata/raw/60920_1_BTM_3_MAOM_r2_Mag_19Feb25_3p3kV_300SA_p01_6_1_23390,nmdc:bsm-11-a1n8m774,60920_1_BTM,high
/home/bmeluch/NMDC/nom_processing/monet_nom_metadata/raw/60920_1_BTM_3_MAOM_r3_Mag_19Feb25_3p3kV_300SA_p01_6_1_23428,nmdc:bsm-11-a1n8m774,60920_1_BTM,high
/home/bmeluch/NMDC/nom_processing/monet_nom_metadata/raw/60920_1_T_1_WEOM_r1_Mag_21Dec23_300SA_p01_1_1_14006,nmdc:bsm-11-hd837a83,60920_1_TOP,high
/home/bmeluch/NMDC/nom_processing/monet_nom_metadata/raw/60920_1_T_1_WEOM_r2_Mag_21Dec23_300SA_p01_1_1_14073,nmdc:bsm-11-hd837a83,60920_1_TOP,high
/home/bmeluch/NMDC/nom_processing/monet_nom_metadata/raw/60920_1_T_1_WEOM_r3_Mag_21Dec23_300SA_p01_1_1_14148,nmdc:bsm-11-hd837a83,60920_1_TOP,high
/home/bmeluch/NMDC/nom_processing/monet_nom_metadata/raw/60920_1_T_2_WEOM_r1_Mag_21Dec23_300SA_p01_20_1_14019,nmdc:bsm-11-hd837a83,60920_1_TOP,high
/home/bmeluch/NMDC/nom_processing/monet_nom_metadata/raw/60920_1_T_2_WEOM_r2_Mag_21Dec23_300SA_p01_20_1_14087,nmdc:bsm-11-hd837a83,60920_1_TOP,high
/home/bmeluch/NMDC/nom_processing/monet_nom_metadata/raw/60920_1_T_2_WEOM_r3_Mag_21Dec23_300SA_p01_20_1_14172,nmdc:bsm-11-hd837a83,60920_1_TOP,high
/home/bmeluch/NMDC/nom_processing/monet_nom_metadata/raw/60920_1_T_3_WEOM_r1_Mag_21Dec23_300SA_p01_1_1_14042,nmdc:bsm-11-hd837a83,60920_1_TOP,high
/home/bmeluch/NMDC/nom_processing/monet_nom_metadata/raw/60920_1_T_3_WEOM_r2_Mag_21Dec23_300SA_p01_1_1_14114,nmdc:bsm-11-hd837a83,60920_1_TOP,high
/home/bmeluch/NMDC/nom_processing/monet_nom_metadata/raw/60920_1_T_3_WEOM_r3_Mag_21Dec23_300SA_p01_1_1_14190,nmdc:bsm-11-hd837a83,60920_1_TOP,high
/home/bmeluch/NMDC/nom_processing/monet_nom_metadata/raw/60920_1_TOP_1_MAOM_r1_Mag_19Feb25_3p3kV_300SA_p01_1_1_23366,nmdc:bsm-11-hd837a83,60920_1_TOP,high
/home/bmeluch/NMDC/nom_processing/monet_nom_metadata/raw/60920_1_TOP_1_MAOM_r2_Mag_19Feb25_3p3kV_300SA_p01_1_1_23379,nmdc:bsm-11-hd837a83,60920_1_TOP,high
/home/bmeluch/NMDC/nom_processing/monet_nom_metadata/raw/60920_1_TOP_1_MAOM_r3_Mag_19Feb25_3p3kV_300SA_p01_1_1_23453,nmdc:bsm-11-hd837a83,60920_1_TOP,high
/home/bmeluch/NMDC/nom_processing/monet_nom_metadata/raw/60920_1_TOP_2_MAOM_r1_Mag_19Feb25_3p3kV_300SA_p01_2_1_23377,nmdc:bsm-11-hd837a83,60920_1_TOP,high
/home/bmeluch/NMDC/nom_processing/monet_nom_metadata/raw/60920_1_TOP_2_MAOM_r2_Mag_19Feb25_3p3kV_300SA_p01_2_1_23382,nmdc:bsm-11-hd837a83,60920_1_TOP,high
/home/bmeluch/NMDC/nom_processing/monet_nom_metadata/raw/60920_1_TOP_2_MAOM_r3_Mag_19Feb25_3p3kV_300SA_p01_2_1_23444,nmdc:bsm-11-hd837a83,60920_1_TOP,high
/home/bmeluch/NMDC/nom_processing/monet_nom_metadata/raw/60920_1_TOP_3_MAOM_r1_Mag_19Feb25_3p3kV_300SA_p01_3_1_23369,nmdc:bsm-11-hd837a83,60920_1_TOP,high
/home/bmeluch/NMDC/nom_processing/monet_nom_metadata/raw/60920_1_TOP_3_MAOM_r2_Mag_19Feb25_3p3kV_300SA_p01_3_1_23391,nmdc:bsm-11-hd837a83,60920_1_TOP,high
/home/bmeluch/NMDC/nom_processing/monet_nom_metadata/raw/60920_1_TOP_3_MAOM_r3_Mag_19Feb25_3p3kV_300SA_p01_3_1_23420,nmdc:bsm-11-hd837a83,60920_1_TOP,high
/home/bmeluch/NMDC/nom_processing/monet_nom_metadata/raw/60920_10_T_1_WEOM_r1_Mag_21Dec23_300SA_p01_18_1_13992,nmdc:bsm-11-pq19kv96,60920_10_TOP,high
/home/bmeluch/NMDC/nom_processing/monet_nom_metadata/raw/60920_10_T_1_WEOM_r2_Mag_21Dec23_300SA_p01_18_1_14069,nmdc:bsm-11-pq19kv96,60920_10_TOP,high
/home/bmeluch/NMDC/nom_processing/monet_nom_metadata/raw/60920_10_T_1_WEOM_r3_Mag_21Dec23_300SA_p01_18_1_14153,nmdc:bsm-11-pq19kv96,60920_10_TOP,high
/home/bmeluch/NMDC/nom_processing/monet_nom_metadata/raw/60920_10_T_2_WEOM_r1_Mag_21Dec23_300SA_p01_37_1_14017,nmdc:bsm-11-pq19kv96,60920_10_TOP,high
/home/bmeluch/NMDC/nom_processing/monet_nom_metadata/raw/60920_10_T_2_WEOM_r2_Mag_21Dec23_300SA_p01_37_1_14099,nmdc:bsm-11-pq19kv96,60920_10_TOP,high
/home/bmeluch/NMDC/nom_processing/monet_nom_metadata/raw/60920_10_T_2_WEOM_r3_Mag_21Dec23_300SA_p01_37_1_14175,nmdc:bsm-11-pq19kv96,60920_10_TOP,high
/home/bmeluch/NMDC/nom_processing/monet_nom_metadata/raw/60920_10_T_3_WEOM_r1_Mag_21Dec23_300SA_p01_18_1_14041,nmdc:bsm-11-pq19kv96,60920_10_TOP,high
/home/bmeluch/NMDC/nom_processing/monet_nom_metadata/raw/60920_10_T_3_WEOM_r2_Mag_21Dec23_300SA_p01_18_1_14122,nmdc:bsm-11-pq19kv96,60920_10_TOP,high
/home/bmeluch/NMDC/nom_processing/monet_nom_metadata/raw/60920_10_T_3_WEOM_r3_Mag_21Dec23_300SA_p01_18_1_14180,nmdc:bsm-11-pq19kv96,60920_10_TOP,high
/home/bmeluch/NMDC/nom_processing/monet_nom_metadata/raw/60920_10_TOP_1_MAOM_r1_Mag_23Dec24_3p3kV_300SA_p01_45_1_21032,nmdc:bsm-11-pq19kv96,60920_10_TOP,high
/home/bmeluch/NMDC/nom_processing/monet_nom_metadata/raw/60920_10_TOP_1_MAOM_r2_Mag_23Dec24_3p3kV_300SA_p01_45_1_21092,nmdc:bsm-11-pq19kv96,60920_10_TOP,high
/home/bmeluch/NMDC/nom_processing/monet_nom_metadata/raw/60920_10_TOP_1_MAOM_r3_Mag_23Dec24_3p3kV_300SA_p01_45_1_21146,nmdc:bsm-11-pq19kv96,60920_10_TOP,high
/home/bmeluch/NMDC/nom_processing/monet_nom_metadata/raw/60920_10_TOP_2_MAOM_r1_Mag_23Dec24_3p3kV_300SA_p01_46_1_21037,nmdc:bsm-11-pq19kv96,60920_10_TOP,high
/home/bmeluch/NMDC/nom_processing/monet_nom_metadata/raw/60920_10_TOP_2_MAOM_r2_Mag_23Dec24_3p3kV_300SA_p01_46_1_21081,nmdc:bsm-11-pq19kv96,60920_10_TOP,high
/home/bmeluch/NMDC/nom_processing/monet_nom_metadata/raw/60920_10_TOP_2_MAOM_r3_Mag_23Dec24_3p3kV_300SA_p01_46_1_21157,nmdc:bsm-11-pq19kv96,60920_10_TOP,high
/home/bmeluch/NMDC/nom_processing/monet_nom_metadata/raw/60920_10_TOP_3_MAOM_r1_Mag_23Dec24_3p3kV_300SA_p01_47_1_21038,nmdc:bsm-11-pq19kv96,60920_10_TOP,high
/home/bmeluch/NMDC/nom_processing/monet_nom_metadata/raw/60920_10_TOP_3_MAOM_r2_Mag_23Dec24_3p3kV_300SA_p01_47_1_21080,nmdc:bsm-11-pq19kv96,60920_10_TOP,high
/home/bmeluch/NMDC/nom_processing/monet_nom_metadata/raw/60920_10_TOP_3_MAOM_r3_Mag_23Dec24_3p3kV_300SA_p01_47_1_21136,nmdc:bsm-11-pq19kv96,60920_10_TOP,high
/home/bmeluch/NMDC/nom_processing/monet_nom_metadata/raw/60920_11_T_1_WEOM_r1_Mag_21Dec23_300SA_p01_19_1_13987,nmdc:bsm-11-7dqfmc60,60920_11_TOP,high
/home/bmeluch/NMDC/nom_processing/monet_nom_metadata/raw/60920_11_T_1_WEOM_r1_Mag_21Dec23_300SA_p01_19_1_14007,nmdc:bsm-11-7dqfmc60,60920_11_TOP,high
/home/bmeluch/NMDC/nom_processing/monet_nom_metadata/raw/60920_11_T_1_WEOM_r2_Mag_21Dec23_300SA_p01_19_1_14060,nmdc:bsm-11-7dqfmc60,60920_11_TOP,high
/home/bmeluch/NMDC/nom_processing/monet_nom_metadata/raw/60920_11_T_1_WEOM_r2_Mag_21Dec23_300SA_p01_19_1_14074,nmdc:bsm-11-7dqfmc60,60920_11_TOP,high
/home/bmeluch/NMDC/nom_processing/monet_nom_metadata/raw/60920_11_T_1_WEOM_r3_Mag_21Dec23_300SA_p01_19_1_14139,nmdc:bsm-11-7dqfmc60,60920_11_TOP,high
/home/bmeluch/NMDC/nom_processing/monet_nom_metadata/raw/60920_11_T_1_WEOM_r3_Mag_21Dec23_300SA_p01_19_1_14141,nmdc:bsm-11-7dqfmc60,60920_11_TOP,high
/home/bmeluch/NMDC/nom_processing/monet_nom_metadata/raw/60920_11_T_2_WEOM_r1_Mag_21Dec23_300SA_p01_38_1_14028,nmdc:bsm-11-7dqfmc60,60920_11_TOP,high
/home/bmeluch/NMDC/nom_processing/monet_nom_metadata/raw/60920_11_T_2_WEOM_r2_Mag_21Dec23_300SA_p01_38_1_14104,nmdc:bsm-11-7dqfmc60,60920_11_TOP,high
/home/bmeluch/NMDC/nom_processing/monet_nom_metadata/raw/60920_11_T_2_WEOM_r3_Mag_21Dec23_300SA_p01_38_1_14171,nmdc:bsm-11-7dqfmc60,60920_11_TOP,high
/home/bmeluch/NMDC/nom_processing/monet_nom_metadata/raw/60920_11_T_3_WEOM_r1_Mag_21Dec23_300SA_p01_19_1_14044,nmdc:bsm-11-7dqfmc60,60920_11_TOP,high
/home/bmeluch/NMDC/nom_processing/monet_nom_metadata/raw/60920_11_T_3_WEOM_r2_Mag_21Dec23_300SA_p01_19_1_14118,nmdc:bsm-11-7dqfmc60,60920_11_TOP,high
/home/bmeluch/NMDC/nom_processing/monet_nom_metadata/raw/60920_11_T_3_WEOM_r3_Mag_21Dec23_300SA_p01_19_1_14198,nmdc:bsm-11-7dqfmc60,60920_11_TOP,high
/home/bmeluch/NMDC/nom_processing/monet_nom_metadata/raw/60920_11_TOP_1_MAOM_r1_Mag_19Dec24_3p3kV_300SA_p01_48_1_21011,nmdc:bsm-11-7dqfmc60,60920_11_TOP,high
/home/bmeluch/NMDC/nom_processing/monet_nom_metadata/raw/60920_11_TOP_1_MAOM_r2_Mag_23Dec24_3p3kV_300SA_p01_48_1_21099,nmdc:bsm-11-7dqfmc60,60920_11_TOP,high
/home/bmeluch/NMDC/nom_processing/monet_nom_metadata/raw/60920_11_TOP_1_MAOM_r3_Mag_23Dec24_3p3kV_300SA_p01_48_1_21155,nmdc:bsm-11-7dqfmc60,60920_11_TOP,high
/home/bmeluch/NMDC/nom_processing/monet_nom_metadata/raw/60920_11_TOP_2_MAOM_r1_Mag_23Dec24_3p3kV_300SA_p01_49_1_21033,nmdc:bsm-11-7dqfmc60,60920_11_TOP,high
/home/bmeluch/NMDC/nom_processing/monet_nom_metadata/raw/60920_11_TOP_2_MAOM_r2_Mag_23Dec24_3p3kV_300SA_p01_49_1_21086,nmdc:bsm-11-7dqfmc60,60920_11_TOP,high
/home/bmeluch/NMDC/nom_processing/monet_nom_metadata/raw/60920_11_TOP_2_MAOM_r3_Mag_23Dec24_3p3kV_300SA_p01_49_1_21138,nmdc:bsm-11-7dqfmc60,60920_11_TOP,high
/home/bmeluch/NMDC/nom_processing/monet_nom_metadata/raw/60920_11_TOP_3_MAOM_r1_Mag_23Dec24_3p3kV_300SA_p01_50_1_21034,nmdc:bsm-11-7dqfmc60,60920_11_TOP,high
/home/bmeluch/NMDC/nom_processing/monet_nom_metadata/raw/60920_11_TOP_3_MAOM_r2_Mag_23Dec24_3p3kV_300SA_p01_50_1_21098,nmdc:bsm-11-7dqfmc60,60920_11_TOP,high
/home/bmeluch/NMDC/nom_processing/monet_nom_metadata/raw/60920_11_TOP_3_MAOM_r3_Mag_23Dec24_3p3kV_300SA_p01_50_1_21153,nmdc:bsm-11-7dqfmc60,60920_11_TOP,high
/home/bmeluch/NMDC/nom_processing/monet_nom_metadata/raw/60920_2_B_1_WEOM_r1_Mag_21Dec23_300SA_p01_4_1_14002,nmdc:bsm-11-r9zdf051,60920_2_BTM,high
/home/bmeluch/NMDC/nom_processing/monet_nom_metadata/raw/60920_2_B_1_WEOM_r2_Mag_21Dec23_300SA_p01_4_1_14064,nmdc:bsm-11-r9zdf051,60920_2_BTM,high
/home/bmeluch/NMDC/nom_processing/monet_nom_metadata/raw/60920_2_B_1_WEOM_r3_Mag_21Dec23_300SA_p01_4_1_14144,nmdc:bsm-11-r9zdf051,60920_2_BTM,high
/home/bmeluch/NMDC/nom_processing/monet_nom_metadata/raw/60920_2_B_2_WEOM_r1_Mag_21Dec23_300SA_p01_23_1_14018,nmdc:bsm-11-r9zdf051,60920_2_BTM,high
/home/bmeluch/NMDC/nom_processing/monet_nom_metadata/raw/60920_2_B_2_WEOM_r2_Mag_21Dec23_300SA_p01_23_1_14090,nmdc:bsm-11-r9zdf051,60920_2_BTM,high
/home/bmeluch/NMDC/nom_processing/monet_nom_metadata/raw/60920_2_B_2_WEOM_r3_Mag_21Dec23_300SA_p01_23_1_14157,nmdc:bsm-11-r9zdf051,60920_2_BTM,high
/home/bmeluch/NMDC/nom_processing/monet_nom_metadata/raw/60920_2_B_3_WEOM_r1_Mag_21Dec23_300SA_p01_4_1_14054,nmdc:bsm-11-r9zdf051,60920_2_BTM,high
/home/bmeluch/NMDC/nom_processing/monet_nom_metadata/raw/60920_2_B_3_WEOM_r2_Mag_21Dec23_300SA_p01_4_1_14110,nmdc:bsm-11-r9zdf051,60920_2_BTM,high
/home/bmeluch/NMDC/nom_processing/monet_nom_metadata/raw/60920_2_B_3_WEOM_r3_Mag_21Dec23_300SA_p01_4_1_14183,nmdc:bsm-11-r9zdf051,60920_2_BTM,high
/home/bmeluch/NMDC/nom_processing/monet_nom_metadata/raw/60920_2_BTM_1_MAOM_r1_Mag_19Feb25_3p3kV_300SA_p01_10_1_23367,nmdc:bsm-11-r9zdf051,60920_2_BTM,high
/home/bmeluch/NMDC/nom_processing/monet_nom_metadata/raw/60920_2_BTM_1_MAOM_r2_Mag_19Feb25_3p3kV_300SA_p01_10_1_23392,nmdc:bsm-11-r9zdf051,60920_2_BTM,high
/home/bmeluch/NMDC/nom_processing/monet_nom_metadata/raw/60920_2_BTM_1_MAOM_r3_Mag_19Feb25_3p3kV_300SA_p01_10_1_23459,nmdc:bsm-11-r9zdf051,60920_2_BTM,high
/home/bmeluch/NMDC/nom_processing/monet_nom_metadata/raw/60920_2_BTM_2_MAOM_r1_Mag_19Feb25_3p3kV_300SA_p01_11_1_23355,nmdc:bsm-11-r9zdf051,60920_2_BTM,high
/home/bmeluch/NMDC/nom_processing/monet_nom_metadata/raw/60920_2_BTM_2_MAOM_r2_Mag_19Feb25_3p3kV_300SA_p01_11_1_23406,nmdc:bsm-11-r9zdf051,60920_2_BTM,high
/home/bmeluch/NMDC/nom_processing/monet_nom_metadata/raw/60920_2_BTM_2_MAOM_r3_Mag_19Feb25_3p3kV_300SA_p01_11_1_23451,nmdc:bsm-11-r9zdf051,60920_2_BTM,high
/home/bmeluch/NMDC/nom_processing/monet_nom_metadata/raw/60920_2_BTM_3_MAOM_r1_Mag_19Feb25_3p3kV_300SA_p01_12_1_23352,nmdc:bsm-11-r9zdf051,60920_2_BTM,high
/home/bmeluch/NMDC/nom_processing/monet_nom_metadata/raw/60920_2_BTM_3_MAOM_r2_Mag_19Feb25_3p3kV_300SA_p01_12_1_23394,nmdc:bsm-11-r9zdf051,60920_2_BTM,high
/home/bmeluch/NMDC/nom_processing/monet_nom_metadata/raw/60920_2_BTM_3_MAOM_r3_Mag_19Feb25_3p3kV_300SA_p01_12_1_23455,nmdc:bsm-11-r9zdf051,60920_2_BTM,high
/home/bmeluch/NMDC/nom_processing/monet_nom_metadata/raw/60920_2_T_1_WEOM_r1_Mag_21Dec23_300SA_p01_3_1_13995,nmdc:bsm-11-rh9qzh71,60920_2_TOP,high
/home/bmeluch/NMDC/nom_processing/monet_nom_metadata/raw/60920_2_T_1_WEOM_r2_Mag_21Dec23_300SA_p01_3_1_14078,nmdc:bsm-11-rh9qzh71,60920_2_TOP,high
/home/bmeluch/NMDC/nom_processing/monet_nom_metadata/raw/60920_2_T_1_WEOM_r3_Mag_21Dec23_300SA_p01_3_1_14133,nmdc:bsm-11-rh9qzh71,60920_2_TOP,high
/home/bmeluch/NMDC/nom_processing/monet_nom_metadata/raw/60920_2_T_2_WEOM_r1_Mag_21Dec23_300SA_p01_22_1_14023,nmdc:bsm-11-rh9qzh71,60920_2_TOP,high
/home/bmeluch/NMDC/nom_processing/monet_nom_metadata/raw/60920_2_T_2_WEOM_r2_Mag_21Dec23_300SA_p01_22_1_14101,nmdc:bsm-11-rh9qzh71,60920_2_TOP,high
/home/bmeluch/NMDC/nom_processing/monet_nom_metadata/raw/60920_2_T_2_WEOM_r3_Mag_21Dec23_300SA_p01_22_1_14168,nmdc:bsm-11-rh9qzh71,60920_2_TOP,high
/home/bmeluch/NMDC/nom_processing/monet_nom_metadata/raw/60920_2_T_3_WEOM_r1_Mag_21Dec23_300SA_p01_3_1_14049,nmdc:bsm-11-rh9qzh71,60920_2_TOP,high
/home/bmeluch/NMDC/nom_processing/monet_nom_metadata/raw/60920_2_T_3_WEOM_r2_Mag_21Dec23_300SA_p01_3_1_14112,nmdc:bsm-11-rh9qzh71,60920_2_TOP,high
/home/bmeluch/NMDC/nom_processing/monet_nom_metadata/raw/60920_2_T_3_WEOM_r3_Mag_21Dec23_300SA_p01_3_1_14196,nmdc:bsm-11-rh9qzh71,60920_2_TOP,high
/home/bmeluch/NMDC/nom_processing/monet_nom_metadata/raw/60920_2_TOP_1_MAOM_r1_Mag_19Feb25_3p3kV_300SA_p01_7_1_23344,nmdc:bsm-11-rh9qzh71,60920_2_TOP,high
/home/bmeluch/NMDC/nom_processing/monet_nom_metadata/raw/60920_2_TOP_1_MAOM_r2_Mag_19Feb25_3p3kV_300SA_p01_7_1_23393,nmdc:bsm-11-rh9qzh71,60920_2_TOP,high
/home/bmeluch/NMDC/nom_processing/monet_nom_metadata/raw/60920_2_TOP_1_MAOM_r3_Mag_19Feb25_3p3kV_300SA_p01_7_1_23457,nmdc:bsm-11-rh9qzh71,60920_2_TOP,high
/home/bmeluch/NMDC/nom_processing/monet_nom_metadata/raw/60920_2_TOP_2_MAOM_r1_Mag_19Feb25_3p3kV_300SA_p01_8_1_23340,nmdc:bsm-11-rh9qzh71,60920_2_TOP,high
/home/bmeluch/NMDC/nom_processing/monet_nom_metadata/raw/60920_2_TOP_2_MAOM_r2_Mag_19Feb25_3p3kV_300SA_p01_8_1_23419,nmdc:bsm-11-rh9qzh71,60920_2_TOP,high
/home/bmeluch/NMDC/nom_processing/monet_nom_metadata/raw/60920_2_TOP_2_MAOM_r3_Mag_19Feb25_3p3kV_300SA_p01_8_1_23439,nmdc:bsm-11-rh9qzh71,60920_2_TOP,high
/home/bmeluch/NMDC/nom_processing/monet_nom_metadata/raw/60920_2_TOP_3_MAOM_r1_Mag_19Feb25_3p3kV_300SA_p01_9_1_23350,nmdc:bsm-11-rh9qzh71,60920_2_TOP,high
/home/bmeluch/NMDC/nom_processing/monet_nom_metadata/raw/60920_2_TOP_3_MAOM_r2_Mag_19Feb25_3p3kV_300SA_p01_9_1_23415,nmdc:bsm-11-rh9qzh71,60920_2_TOP,high
/home/bmeluch/NMDC/nom_processing/monet_nom_metadata/raw/60920_2_TOP_3_MAOM_r3_Mag_19Feb25_3p3kV_300SA_p01_9_1_23458,nmdc:bsm-11-rh9qzh71,60920_2_TOP,high
/home/bmeluch/NMDC/nom_processing/monet_nom_metadata/raw/60920_3_B_1_WEOM_r1_Mag_21Dec23_300SA_p01_6_1_14010,nmdc:bsm-11-js7fx643,60920_3_BTM,high
/home/bmeluch/NMDC/nom_processing/monet_nom_metadata/raw/60920_3_B_1_WEOM_r2_Mag_21Dec23_300SA_p01_6_1_14067,nmdc:bsm-11-js7fx643,60920_3_BTM,high
/home/bmeluch/NMDC/nom_processing/monet_nom_metadata/raw/60920_3_B_1_WEOM_r3_Mag_21Dec23_300SA_p01_6_1_14146,nmdc:bsm-11-js7fx643,60920_3_BTM,high
/home/bmeluch/NMDC/nom_processing/monet_nom_metadata/raw/60920_3_B_2_WEOM_r1_Mag_21Dec23_300SA_p01_25_1_14027,nmdc:bsm-11-js7fx643,60920_3_BTM,high
/home/bmeluch/NMDC/nom_processing/monet_nom_metadata/raw/60920_3_B_2_WEOM_r2_Mag_21Dec23_300SA_p01_25_1_14083,nmdc:bsm-11-js7fx643,60920_3_BTM,high
/home/bmeluch/NMDC/nom_processing/monet_nom_metadata/raw/60920_3_B_2_WEOM_r3_Mag_21Dec23_300SA_p01_25_1_14166,nmdc:bsm-11-js7fx643,60920_3_BTM,high
/home/bmeluch/NMDC/nom_processing/monet_nom_metadata/raw/60920_3_B_3_WEOM_r1_Mag_21Dec23_300SA_p01_6_1_14043,nmdc:bsm-11-js7fx643,60920_3_BTM,high
/home/bmeluch/NMDC/nom_processing/monet_nom_metadata/raw/60920_3_B_3_WEOM_r2_Mag_21Dec23_300SA_p01_6_1_14123,nmdc:bsm-11-js7fx643,60920_3_BTM,high
/home/bmeluch/NMDC/nom_processing/monet_nom_metadata/raw/60920_3_B_3_WEOM_r3_Mag_21Dec23_300SA_p01_6_1_14192,nmdc:bsm-11-js7fx643,60920_3_BTM,high
/home/bmeluch/NMDC/nom_processing/monet_nom_metadata/raw/60920_3_BTM_1_MAOM_r1_Mag_19Feb25_3p3kV_300SA_p01_16_1_23346,nmdc:bsm-11-js7fx643,60920_3_BTM,high
/home/bmeluch/NMDC/nom_processing/monet_nom_metadata/raw/60920_3_BTM_1_MAOM_r2_Mag_19Feb25_3p3kV_300SA_p01_16_1_23417,nmdc:bsm-11-js7fx643,60920_3_BTM,high
/home/bmeluch/NMDC/nom_processing/monet_nom_metadata/raw/60920_3_BTM_1_MAOM_r3_Mag_19Feb25_3p3kV_300SA_p01_16_1_23445,nmdc:bsm-11-js7fx643,60920_3_BTM,high
/home/bmeluch/NMDC/nom_processing/monet_nom_metadata/raw/60920_3_BTM_2_MAOM_r1_Mag_19Feb25_3p3kV_300SA_p01_17_1_23368,nmdc:bsm-11-js7fx643,60920_3_BTM,high
/home/bmeluch/NMDC/nom_processing/monet_nom_metadata/raw/60920_3_BTM_2_MAOM_r2_Mag_19Feb25_3p3kV_300SA_p01_17_1_23388,nmdc:bsm-11-js7fx643,60920_3_BTM,high
/home/bmeluch/NMDC/nom_processing/monet_nom_metadata/raw/60920_3_BTM_2_MAOM_r3_Mag_19Feb25_3p3kV_300SA_p01_17_1_23438,nmdc:bsm-11-js7fx643,60920_3_BTM,high
/home/bmeluch/NMDC/nom_processing/monet_nom_metadata/raw/60920_3_BTM_3_MAOM_r1_Mag_19Feb25_3p3kV_300SA_p01_18_1_23375,nmdc:bsm-11-js7fx643,60920_3_BTM,high
/home/bmeluch/NMDC/nom_processing/monet_nom_metadata/raw/60920_3_BTM_3_MAOM_r2_Mag_19Feb25_3p3kV_300SA_p01_18_1_23404,nmdc:bsm-11-js7fx643,60920_3_BTM,high
/home/bmeluch/NMDC/nom_processing/monet_nom_metadata/raw/60920_3_BTM_3_MAOM_r3_Mag_19Feb25_3p3kV_300SA_p01_18_1_23433,nmdc:bsm-11-js7fx643,60920_3_BTM,high
/home/bmeluch/NMDC/nom_processing/monet_nom_metadata/raw/60920_3_T_1_WEOM_r1_Mag_21Dec23_300SA_p01_5_1_13990,nmdc:bsm-11-gzkzbg65,60920_3_TOP,high
/home/bmeluch/NMDC/nom_processing/monet_nom_metadata/raw/60920_3_T_1_WEOM_r3_Mag_21Dec23_300SA_p01_5_1_14137,nmdc:bsm-11-gzkzbg65,60920_3_TOP,high
/home/bmeluch/NMDC/nom_processing/monet_nom_metadata/raw/60920_3_T_2_WEOM_r1_Mag_21Dec23_300SA_p01_24_1_14029,nmdc:bsm-11-gzkzbg65,60920_3_TOP,high
/home/bmeluch/NMDC/nom_processing/monet_nom_metadata/raw/60920_3_T_2_WEOM_r2_Mag_21Dec23_300SA_p01_24_1_14092,nmdc:bsm-11-gzkzbg65,60920_3_TOP,high
/home/bmeluch/NMDC/nom_processing/monet_nom_metadata/raw/60920_3_T_2_WEOM_r3_Mag_21Dec23_300SA_p01_24_1_14163,nmdc:bsm-11-gzkzbg65,60920_3_TOP,high
/home/bmeluch/NMDC/nom_processing/monet_nom_metadata/raw/60920_3_T_3_WEOM_r1_Mag_21Dec23_300SA_p01_5_1_14050,nmdc:bsm-11-gzkzbg65,60920_3_TOP,high
/home/bmeluch/NMDC/nom_processing/monet_nom_metadata/raw/60920_3_T_3_WEOM_r2_Mag_21Dec23_300SA_p01_5_1_14128,nmdc:bsm-11-gzkzbg65,60920_3_TOP,high
/home/bmeluch/NMDC/nom_processing/monet_nom_metadata/raw/60920_3_T_3_WEOM_r3_Mag_21Dec23_300SA_p01_5_1_14188,nmdc:bsm-11-gzkzbg65,60920_3_TOP,high
/home/bmeluch/NMDC/nom_processing/monet_nom_metadata/raw/60920_3_TOP_1_MAOM_r1_Mag_19Feb25_3p3kV_300SA_p01_13_1_23343,nmdc:bsm-11-gzkzbg65,60920_3_TOP,high
/home/bmeluch/NMDC/nom_processing/monet_nom_metadata/raw/60920_3_TOP_1_MAOM_r2_Mag_19Feb25_3p3kV_300SA_p01_13_1_23378,nmdc:bsm-11-gzkzbg65,60920_3_TOP,high
/home/bmeluch/NMDC/nom_processing/monet_nom_metadata/raw/60920_3_TOP_1_MAOM_r3_Mag_19Feb25_3p3kV_300SA_p01_13_1_23441,nmdc:bsm-11-gzkzbg65,60920_3_TOP,high
/home/bmeluch/NMDC/nom_processing/monet_nom_metadata/raw/60920_3_TOP_2_MAOM_r1_Mag_19Feb25_3p3kV_300SA_p01_14_1_23349,nmdc:bsm-11-gzkzbg65,60920_3_TOP,high
/home/bmeluch/NMDC/nom_processing/monet_nom_metadata/raw/60920_3_TOP_2_MAOM_r2_Mag_19Feb25_3p3kV_300SA_p01_14_1_23408,nmdc:bsm-11-gzkzbg65,60920_3_TOP,high
/home/bmeluch/NMDC/nom_processing/monet_nom_metadata/raw/60920_3_TOP_2_MAOM_r3_Mag_19Feb25_3p3kV_300SA_p01_14_1_23423,nmdc:bsm-11-gzkzbg65,60920_3_TOP,high
/home/bmeluch/NMDC/nom_processing/monet_nom_metadata/raw/60920_3_TOP_3_MAOM_r1_Mag_19Feb25_3p3kV_300SA_p01_15_1_23345,nmdc:bsm-11-gzkzbg65,60920_3_TOP,high
/home/bmeluch/NMDC/nom_processing/monet_nom_metadata/raw/60920_3_TOP_3_MAOM_r2_Mag_19Feb25_3p3kV_300SA_p01_15_1_23385,nmdc:bsm-11-gzkzbg65,60920_3_TOP,high
/home/bmeluch/NMDC/nom_processing/monet_nom_metadata/raw/60920_3_TOP_3_MAOM_r3_Mag_19Feb25_3p3kV_300SA_p01_15_1_23450,nmdc:bsm-11-gzkzbg65,60920_3_TOP,high
/home/bmeluch/NMDC/nom_processing/monet_nom_metadata/raw/60920_4_B_1_WEOM_r1_Mag_21Dec23_300SA_p01_8_1_14000,nmdc:bsm-11-t5bdp614,60920_4_BTM,high
/home/bmeluch/NMDC/nom_processing/monet_nom_metadata/raw/60920_4_B_1_WEOM_r2_Mag_21Dec23_300SA_p01_8_1_14065,nmdc:bsm-11-t5bdp614,60920_4_BTM,high
/home/bmeluch/NMDC/nom_processing/monet_nom_metadata/raw/60920_4_B_1_WEOM_r3_Mag_21Dec23_300SA_p01_8_1_14140,nmdc:bsm-11-t5bdp614,60920_4_BTM,high
/home/bmeluch/NMDC/nom_processing/monet_nom_metadata/raw/60920_4_B_2_WEOM_r1_Mag_21Dec23_300SA_p01_27_1_14024,nmdc:bsm-11-t5bdp614,60920_4_BTM,high
/home/bmeluch/NMDC/nom_processing/monet_nom_metadata/raw/60920_4_B_2_WEOM_r2_Mag_21Dec23_300SA_p01_27_1_14103,nmdc:bsm-11-t5bdp614,60920_4_BTM,high
/home/bmeluch/NMDC/nom_processing/monet_nom_metadata/raw/60920_4_B_2_WEOM_r3_Mag_21Dec23_300SA_p01_27_1_14167,nmdc:bsm-11-t5bdp614,60920_4_BTM,high
/home/bmeluch/NMDC/nom_processing/monet_nom_metadata/raw/60920_4_B_3_WEOM_r1_Mag_21Dec23_300SA_p01_8_1_14056,nmdc:bsm-11-t5bdp614,60920_4_BTM,high
/home/bmeluch/NMDC/nom_processing/monet_nom_metadata/raw/60920_4_B_3_WEOM_r2_Mag_21Dec23_300SA_p01_8_1_14124,nmdc:bsm-11-t5bdp614,60920_4_BTM,high
/home/bmeluch/NMDC/nom_processing/monet_nom_metadata/raw/60920_4_B_3_WEOM_r3_Mag_21Dec23_300SA_p01_8_1_14181,nmdc:bsm-11-t5bdp614,60920_4_BTM,high
/home/bmeluch/NMDC/nom_processing/monet_nom_metadata/raw/60920_4_BTM_1_MAOM_r1_Mag_19Feb25_3p3kV_300SA_p01_22_1_23357,nmdc:bsm-11-t5bdp614,60920_4_BTM,high
/home/bmeluch/NMDC/nom_processing/monet_nom_metadata/raw/60920_4_BTM_1_MAOM_r2_Mag_19Feb25_3p3kV_300SA_p01_22_1_23418,nmdc:bsm-11-t5bdp614,60920_4_BTM,high
/home/bmeluch/NMDC/nom_processing/monet_nom_metadata/raw/60920_4_BTM_1_MAOM_r3_Mag_19Feb25_3p3kV_300SA_p01_22_1_23454,nmdc:bsm-11-t5bdp614,60920_4_BTM,high
/home/bmeluch/NMDC/nom_processing/monet_nom_metadata/raw/60920_4_BTM_2_MAOM_r1_Mag_19Feb25_3p3kV_300SA_p01_23_1_23354,nmdc:bsm-11-t5bdp614,60920_4_BTM,high
/home/bmeluch/NMDC/nom_processing/monet_nom_metadata/raw/60920_4_BTM_2_MAOM_r2_Mag_19Feb25_3p3kV_300SA_p01_23_1_23401,nmdc:bsm-11-t5bdp614,60920_4_BTM,high
/home/bmeluch/NMDC/nom_processing/monet_nom_metadata/raw/60920_4_BTM_2_MAOM_r3_Mag_19Feb25_3p3kV_300SA_p01_23_1_23430,nmdc:bsm-11-t5bdp614,60920_4_BTM,high
/home/bmeluch/NMDC/nom_processing/monet_nom_metadata/raw/60920_4_BTM_3_MAOM_r1_Mag_19Feb25_3p3kV_300SA_p01_24_1_23373,nmdc:bsm-11-t5bdp614,60920_4_BTM,high
/home/bmeluch/NMDC/nom_processing/monet_nom_metadata/raw/60920_4_BTM_3_MAOM_r2_Mag_19Feb25_3p3kV_300SA_p01_24_1_23399,nmdc:bsm-11-t5bdp614,60920_4_BTM,high
/home/bmeluch/NMDC/nom_processing/monet_nom_metadata/raw/60920_4_BTM_3_MAOM_r3_Mag_19Feb25_3p3kV_300SA_p01_24_1_23436,nmdc:bsm-11-t5bdp614,60920_4_BTM,high
/home/bmeluch/NMDC/nom_processing/monet_nom_metadata/raw/60920_4_T_1_WEOM_r1_Mag_21Dec23_300SA_p01_7_1_13998,nmdc:bsm-11-n9bkbd72,60920_4_TOP,high
/home/bmeluch/NMDC/nom_processing/monet_nom_metadata/raw/60920_4_T_1_WEOM_r2_Mag_21Dec23_300SA_p01_7_1_14082,nmdc:bsm-11-n9bkbd72,60920_4_TOP,high
/home/bmeluch/NMDC/nom_processing/monet_nom_metadata/raw/60920_4_T_1_WEOM_r3_Mag_21Dec23_300SA_p01_7_1_14135,nmdc:bsm-11-n9bkbd72,60920_4_TOP,high
/home/bmeluch/NMDC/nom_processing/monet_nom_metadata/raw/60920_4_T_2_WEOM_r1_Mag_21Dec23_300SA_p01_26_1_14012,nmdc:bsm-11-n9bkbd72,60920_4_TOP,high
/home/bmeluch/NMDC/nom_processing/monet_nom_metadata/raw/60920_4_T_2_WEOM_r2_Mag_21Dec23_300SA_p01_26_1_14102,nmdc:bsm-11-n9bkbd72,60920_4_TOP,high
/home/bmeluch/NMDC/nom_processing/monet_nom_metadata/raw/60920_4_T_2_WEOM_r3_Mag_21Dec23_300SA_p01_26_1_14156,nmdc:bsm-11-n9bkbd72,60920_4_TOP,high
/home/bmeluch/NMDC/nom_processing/monet_nom_metadata/raw/60920_4_T_3_WEOM_r1_Mag_21Dec23_300SA_p01_7_1_14040,nmdc:bsm-11-n9bkbd72,60920_4_TOP,high
/home/bmeluch/NMDC/nom_processing/monet_nom_metadata/raw/60920_4_T_3_WEOM_r2_Mag_21Dec23_300SA_p01_7_1_14125,nmdc:bsm-11-n9bkbd72,60920_4_TOP,high
/home/bmeluch/NMDC/nom_processing/monet_nom_metadata/raw/60920_4_T_3_WEOM_r3_Mag_21Dec23_300SA_p01_7_1_14184,nmdc:bsm-11-n9bkbd72,60920_4_TOP,high
/home/bmeluch/NMDC/nom_processing/monet_nom_metadata/raw/60920_4_TOP_1_MAOM_r1_Mag_19Feb25_3p3kV_300SA_p01_19_1_23338,nmdc:bsm-11-n9bkbd72,60920_4_TOP,high
/home/bmeluch/NMDC/nom_processing/monet_nom_metadata/raw/60920_4_TOP_1_MAOM_r2_Mag_19Feb25_3p3kV_300SA_p01_19_1_23397,nmdc:bsm-11-n9bkbd72,60920_4_TOP,high
/home/bmeluch/NMDC/nom_processing/monet_nom_metadata/raw/60920_4_TOP_1_MAOM_r3_Mag_19Feb25_3p3kV_300SA_p01_19_1_23442,nmdc:bsm-11-n9bkbd72,60920_4_TOP,high
/home/bmeluch/NMDC/nom_processing/monet_nom_metadata/raw/60920_4_TOP_2_MAOM_r1_Mag_19Feb25_3p3kV_300SA_p01_20_1_23356,nmdc:bsm-11-n9bkbd72,60920_4_TOP,high
/home/bmeluch/NMDC/nom_processing/monet_nom_metadata/raw/60920_4_TOP_2_MAOM_r2_Mag_19Feb25_3p3kV_300SA_p01_20_1_23387,nmdc:bsm-11-n9bkbd72,60920_4_TOP,high
/home/bmeluch/NMDC/nom_processing/monet_nom_metadata/raw/60920_4_TOP_2_MAOM_r3_Mag_19Feb25_3p3kV_300SA_p01_20_1_23443,nmdc:bsm-11-n9bkbd72,60920_4_TOP,high
/home/bmeluch/NMDC/nom_processing/monet_nom_metadata/raw/60920_4_TOP_3_MAOM_r1_Mag_19Feb25_3p3kV_300SA_p01_21_1_23347,nmdc:bsm-11-n9bkbd72,60920_4_TOP,high
/home/bmeluch/NMDC/nom_processing/monet_nom_metadata/raw/60920_4_TOP_3_MAOM_r2_Mag_19Feb25_3p3kV_300SA_p01_21_1_23396,nmdc:bsm-11-n9bkbd72,60920_4_TOP,high
/home/bmeluch/NMDC/nom_processing/monet_nom_metadata/raw/60920_4_TOP_3_MAOM_r3_Mag_19Feb25_3p3kV_300SA_p01_21_1_23426,nmdc:bsm-11-n9bkbd72,60920_4_TOP,high
/home/bmeluch/NMDC/nom_processing/monet_nom_metadata/raw/60920_5_B_1_WEOM_r1_Mag_21Dec23_300SA_p01_10_1_13989,nmdc:bsm-11-1wwh5q40,60920_5_BTM,high
/home/bmeluch/NMDC/nom_processing/monet_nom_metadata/raw/60920_5_B_1_WEOM_r2_Mag_21Dec23_300SA_p01_10_1_14079,nmdc:bsm-11-1wwh5q40,60920_5_BTM,high
/home/bmeluch/NMDC/nom_processing/monet_nom_metadata/raw/60920_5_B_1_WEOM_r3_Mag_21Dec23_300SA_p01_10_1_14149,nmdc:bsm-11-1wwh5q40,60920_5_BTM,high
/home/bmeluch/NMDC/nom_processing/monet_nom_metadata/raw/60920_5_B_2_WEOM_r1_Mag_21Dec23_300SA_p01_29_1_14014,nmdc:bsm-11-1wwh5q40,60920_5_BTM,high
/home/bmeluch/NMDC/nom_processing/monet_nom_metadata/raw/60920_5_B_2_WEOM_r2_Mag_21Dec23_300SA_p01_29_1_14105,nmdc:bsm-11-1wwh5q40,60920_5_BTM,high
/home/bmeluch/NMDC/nom_processing/monet_nom_metadata/raw/60920_5_B_2_WEOM_r3_Mag_21Dec23_300SA_p01_29_1_14174,nmdc:bsm-11-1wwh5q40,60920_5_BTM,high
/home/bmeluch/NMDC/nom_processing/monet_nom_metadata/raw/60920_5_B_3_WEOM_r1_Mag_21Dec23_300SA_p01_10_1_14047,nmdc:bsm-11-1wwh5q40,60920_5_BTM,high
/home/bmeluch/NMDC/nom_processing/monet_nom_metadata/raw/60920_5_B_3_WEOM_r2_Mag_21Dec23_300SA_p01_10_1_14121,nmdc:bsm-11-1wwh5q40,60920_5_BTM,high
/home/bmeluch/NMDC/nom_processing/monet_nom_metadata/raw/60920_5_B_3_WEOM_r3_Mag_21Dec23_300SA_p01_10_1_14199,nmdc:bsm-11-1wwh5q40,60920_5_BTM,high
/home/bmeluch/NMDC/nom_processing/monet_nom_metadata/raw/60920_5_BTM_1_MAOM_r1_Mag_19Feb25_3p3kV_300SA_p01_28_1_23362,nmdc:bsm-11-1wwh5q40,60920_5_BTM,high
/home/bmeluch/NMDC/nom_processing/monet_nom_metadata/raw/60920_5_BTM_1_MAOM_r2_Mag_19Feb25_3p3kV_300SA_p01_28_1_23411,nmdc:bsm-11-1wwh5q40,60920_5_BTM,high
/home/bmeluch/NMDC/nom_processing/monet_nom_metadata/raw/60920_5_BTM_1_MAOM_r3_Mag_19Feb25_3p3kV_300SA_p01_28_1_23440,nmdc:bsm-11-1wwh5q40,60920_5_BTM,high
/home/bmeluch/NMDC/nom_processing/monet_nom_metadata/raw/60920_5_BTM_2_MAOM_r1_Mag_19Feb25_3p3kV_300SA_p01_29_1_23348,nmdc:bsm-11-1wwh5q40,60920_5_BTM,high
/home/bmeluch/NMDC/nom_processing/monet_nom_metadata/raw/60920_5_BTM_2_MAOM_r2_Mag_19Feb25_3p3kV_300SA_p01_29_1_23384,nmdc:bsm-11-1wwh5q40,60920_5_BTM,high
/home/bmeluch/NMDC/nom_processing/monet_nom_metadata/raw/60920_5_BTM_2_MAOM_r3_Mag_19Feb25_3p3kV_300SA_p01_29_1_23460,nmdc:bsm-11-1wwh5q40,60920_5_BTM,high
/home/bmeluch/NMDC/nom_processing/monet_nom_metadata/raw/60920_5_BTM_3_MAOM_r1_Mag_19Feb25_3p3kV_300SA_p01_30_1_23361,nmdc:bsm-11-1wwh5q40,60920_5_BTM,high
/home/bmeluch/NMDC/nom_processing/monet_nom_metadata/raw/60920_5_BTM_3_MAOM_r2_Mag_19Feb25_3p3kV_300SA_p01_30_1_23386,nmdc:bsm-11-1wwh5q40,60920_5_BTM,high
/home/bmeluch/NMDC/nom_processing/monet_nom_metadata/raw/60920_5_BTM_3_MAOM_r3_Mag_19Feb25_3p3kV_300SA_p01_30_1_23421,nmdc:bsm-11-1wwh5q40,60920_5_BTM,high
/home/bmeluch/NMDC/nom_processing/monet_nom_metadata/raw/60920_5_T_1_WEOM_r1_Mag_21Dec23_300SA_p01_9_1_14001,nmdc:bsm-11-az4q4459,60920_5_TOP,high
/home/bmeluch/NMDC/nom_processing/monet_nom_metadata/raw/60920_5_T_1_WEOM_r2_Mag_21Dec23_300SA_p01_9_1_14063,nmdc:bsm-11-az4q4459,60920_5_TOP,high
/home/bmeluch/NMDC/nom_processing/monet_nom_metadata/raw/60920_5_T_1_WEOM_r3_Mag_21Dec23_300SA_p01_9_1_14131,nmdc:bsm-11-az4q4459,60920_5_TOP,high
/home/bmeluch/NMDC/nom_processing/monet_nom_metadata/raw/60920_5_T_2_WEOM_r1_Mag_21Dec23_300SA_p01_28_1_14032,nmdc:bsm-11-az4q4459,60920_5_TOP,high
/home/bmeluch/NMDC/nom_processing/monet_nom_metadata/raw/60920_5_T_2_WEOM_r2_Mag_21Dec23_300SA_p01_28_1_14095,nmdc:bsm-11-az4q4459,60920_5_TOP,high
/home/bmeluch/NMDC/nom_processing/monet_nom_metadata/raw/60920_5_T_2_WEOM_r3_Mag_21Dec23_300SA_p01_28_1_14162,nmdc:bsm-11-az4q4459,60920_5_TOP,high
/home/bmeluch/NMDC/nom_processing/monet_nom_metadata/raw/60920_5_T_3_WEOM_r1_Mag_21Dec23_300SA_p01_9_1_14045,nmdc:bsm-11-az4q4459,60920_5_TOP,high
/home/bmeluch/NMDC/nom_processing/monet_nom_metadata/raw/60920_5_T_3_WEOM_r2_Mag_21Dec23_300SA_p01_9_1_14111,nmdc:bsm-11-az4q4459,60920_5_TOP,high
/home/bmeluch/NMDC/nom_processing/monet_nom_metadata/raw/60920_5_T_3_WEOM_r3_Mag_21Dec23_300SA_p01_9_1_14193,nmdc:bsm-11-az4q4459,60920_5_TOP,high
/home/bmeluch/NMDC/nom_processing/monet_nom_metadata/raw/60920_5_TOP_1_MAOM_r1_Mag_19Feb25_3p3kV_300SA_p01_25_1_23364,nmdc:bsm-11-az4q4459,60920_5_TOP,high
/home/bmeluch/NMDC/nom_processing/monet_nom_metadata/raw/60920_5_TOP_1_MAOM_r2_Mag_19Feb25_3p3kV_300SA_p01_25_1_23414,nmdc:bsm-11-az4q4459,60920_5_TOP,high
/home/bmeluch/NMDC/nom_processing/monet_nom_metadata/raw/60920_5_TOP_1_MAOM_r3_Mag_19Feb25_3p3kV_300SA_p01_25_1_23435,nmdc:bsm-11-az4q4459,60920_5_TOP,high
/home/bmeluch/NMDC/nom_processing/monet_nom_metadata/raw/60920_5_TOP_2_MAOM_r1_Mag_19Feb25_3p3kV_300SA_p01_26_1_23365,nmdc:bsm-11-az4q4459,60920_5_TOP,high
/home/bmeluch/NMDC/nom_processing/monet_nom_metadata/raw/60920_5_TOP_2_MAOM_r2_Mag_19Feb25_3p3kV_300SA_p01_26_1_23410,nmdc:bsm-11-az4q4459,60920_5_TOP,high
/home/bmeluch/NMDC/nom_processing/monet_nom_metadata/raw/60920_5_TOP_2_MAOM_r3_Mag_19Feb25_3p3kV_300SA_p01_26_1_23432,nmdc:bsm-11-az4q4459,60920_5_TOP,high
/home/bmeluch/NMDC/nom_processing/monet_nom_metadata/raw/60920_5_TOP_3_MAOM_r1_Mag_19Feb25_3p3kV_300SA_p01_27_1_23339,nmdc:bsm-11-az4q4459,60920_5_TOP,high
/home/bmeluch/NMDC/nom_processing/monet_nom_metadata/raw/60920_5_TOP_3_MAOM_r2_Mag_19Feb25_3p3kV_300SA_p01_27_1_23407,nmdc:bsm-11-az4q4459,60920_5_TOP,high
/home/bmeluch/NMDC/nom_processing/monet_nom_metadata/raw/60920_5_TOP_3_MAOM_r3_Mag_19Feb25_3p3kV_300SA_p01_27_1_23434,nmdc:bsm-11-az4q4459,60920_5_TOP,high
/home/bmeluch/NMDC/nom_processing/monet_nom_metadata/raw/60920_6_B_1_WEOM_r1_Mag_21Dec23_300SA_p01_12_1_14005,nmdc:bsm-11-f2s5qy43,60920_6_BTM,high
/home/bmeluch/NMDC/nom_processing/monet_nom_metadata/raw/60920_6_B_1_WEOM_r2_Mag_21Dec23_300SA_p01_12_1_14070,nmdc:bsm-11-f2s5qy43,60920_6_BTM,high
/home/bmeluch/NMDC/nom_processing/monet_nom_metadata/raw/60920_6_B_1_WEOM_r3_Mag_21Dec23_300SA_p01_12_1_14151,nmdc:bsm-11-f2s5qy43,60920_6_BTM,high
/home/bmeluch/NMDC/nom_processing/monet_nom_metadata/raw/60920_6_B_2_WEOM_r1_Mag_21Dec23_300SA_p01_31_1_14033,nmdc:bsm-11-f2s5qy43,60920_6_BTM,high
/home/bmeluch/NMDC/nom_processing/monet_nom_metadata/raw/60920_6_B_2_WEOM_r2_Mag_21Dec23_300SA_p01_31_1_14085,nmdc:bsm-11-f2s5qy43,60920_6_BTM,high
/home/bmeluch/NMDC/nom_processing/monet_nom_metadata/raw/60920_6_B_2_WEOM_r3_Mag_21Dec23_300SA_p01_31_1_14155,nmdc:bsm-11-f2s5qy43,60920_6_BTM,high
/home/bmeluch/NMDC/nom_processing/monet_nom_metadata/raw/60920_6_B_3_WEOM_r1_Mag_21Dec23_300SA_p01_12_1_14039,nmdc:bsm-11-f2s5qy43,60920_6_BTM,high
/home/bmeluch/NMDC/nom_processing/monet_nom_metadata/raw/60920_6_B_3_WEOM_r2_Mag_21Dec23_300SA_p01_12_1_14115,nmdc:bsm-11-f2s5qy43,60920_6_BTM,high
/home/bmeluch/NMDC/nom_processing/monet_nom_metadata/raw/60920_6_B_3_WEOM_r3_Mag_21Dec23_300SA_p01_12_1_14179,nmdc:bsm-11-f2s5qy43,60920_6_BTM,high
/home/bmeluch/NMDC/nom_processing/monet_nom_metadata/raw/60920_6_BTM_1_MAOM_r1_Mag_19Feb25_3p3kV_300SA_p01_34_1_23371,nmdc:bsm-11-f2s5qy43,60920_6_BTM,high
/home/bmeluch/NMDC/nom_processing/monet_nom_metadata/raw/60920_6_BTM_1_MAOM_r2_Mag_19Feb25_3p3kV_300SA_p01_34_1_23412,nmdc:bsm-11-f2s5qy43,60920_6_BTM,high
/home/bmeluch/NMDC/nom_processing/monet_nom_metadata/raw/60920_6_BTM_1_MAOM_r3_Mag_19Feb25_3p3kV_300SA_p01_34_1_23461,nmdc:bsm-11-f2s5qy43,60920_6_BTM,high
/home/bmeluch/NMDC/nom_processing/monet_nom_metadata/raw/60920_6_BTM_2_MAOM_r1_Mag_19Feb25_3p3kV_300SA_p01_35_1_23372,nmdc:bsm-11-f2s5qy43,60920_6_BTM,high
/home/bmeluch/NMDC/nom_processing/monet_nom_metadata/raw/60920_6_BTM_2_MAOM_r2_Mag_19Feb25_3p3kV_300SA_p01_35_1_23405,nmdc:bsm-11-f2s5qy43,60920_6_BTM,high
/home/bmeluch/NMDC/nom_processing/monet_nom_metadata/raw/60920_6_BTM_2_MAOM_r3_Mag_19Feb25_3p3kV_300SA_p01_35_1_23427,nmdc:bsm-11-f2s5qy43,60920_6_BTM,high
/home/bmeluch/NMDC/nom_processing/monet_nom_metadata/raw/60920_6_BTM_3_MAOM_r1_Mag_19Feb25_3p3kV_300SA_p01_36_1_23360,nmdc:bsm-11-f2s5qy43,60920_6_BTM,high
/home/bmeluch/NMDC/nom_processing/monet_nom_metadata/raw/60920_6_BTM_3_MAOM_r2_Mag_19Feb25_3p3kV_300SA_p01_36_1_23416,nmdc:bsm-11-f2s5qy43,60920_6_BTM,high
/home/bmeluch/NMDC/nom_processing/monet_nom_metadata/raw/60920_6_BTM_3_MAOM_r3_Mag_19Feb25_3p3kV_300SA_p01_36_1_23456,nmdc:bsm-11-f2s5qy43,60920_6_BTM,high
/home/bmeluch/NMDC/nom_processing/monet_nom_metadata/raw/60920_6_T_1_WEOM_r1_Mag_21Dec23_300SA_p01_11_1_14003,nmdc:bsm-11-t9224y81,60920_6_TOP,high
/home/bmeluch/NMDC/nom_processing/monet_nom_metadata/raw/60920_6_T_1_WEOM_r2_Mag_21Dec23_300SA_p01_11_1_14072,nmdc:bsm-11-t9224y81,60920_6_TOP,high
/home/bmeluch/NMDC/nom_processing/monet_nom_metadata/raw/60920_6_T_1_WEOM_r3_Mag_21Dec23_300SA_p01_11_1_14147,nmdc:bsm-11-t9224y81,60920_6_TOP,high
/home/bmeluch/NMDC/nom_processing/monet_nom_metadata/raw/60920_6_T_2_WEOM_r1_Mag_21Dec23_300SA_p01_30_1_14026,nmdc:bsm-11-t9224y81,60920_6_TOP,high
/home/bmeluch/NMDC/nom_processing/monet_nom_metadata/raw/60920_6_T_2_WEOM_r2_Mag_21Dec23_300SA_p01_30_1_14094,nmdc:bsm-11-t9224y81,60920_6_TOP,high
/home/bmeluch/NMDC/nom_processing/monet_nom_metadata/raw/60920_6_T_2_WEOM_r3_Mag_21Dec23_300SA_p01_30_1_14177,nmdc:bsm-11-t9224y81,60920_6_TOP,high
/home/bmeluch/NMDC/nom_processing/monet_nom_metadata/raw/60920_6_T_3_WEOM_r1_Mag_21Dec23_300SA_p01_11_1_14037,nmdc:bsm-11-t9224y81,60920_6_TOP,high
/home/bmeluch/NMDC/nom_processing/monet_nom_metadata/raw/60920_6_T_3_WEOM_r2_Mag_21Dec23_300SA_p01_11_1_14108,nmdc:bsm-11-t9224y81,60920_6_TOP,high
/home/bmeluch/NMDC/nom_processing/monet_nom_metadata/raw/60920_6_T_3_WEOM_r3_Mag_21Dec23_300SA_p01_11_1_14189,nmdc:bsm-11-t9224y81,60920_6_TOP,high
/home/bmeluch/NMDC/nom_processing/monet_nom_metadata/raw/60920_6_TOP_1_MAOM_r1_Mag_19Feb25_3p3kV_300SA_p01_31_1_23353,nmdc:bsm-11-t9224y81,60920_6_TOP,high
/home/bmeluch/NMDC/nom_processing/monet_nom_metadata/raw/60920_6_TOP_1_MAOM_r2_Mag_19Feb25_3p3kV_300SA_p01_31_1_23383,nmdc:bsm-11-t9224y81,60920_6_TOP,high
/home/bmeluch/NMDC/nom_processing/monet_nom_metadata/raw/60920_6_TOP_1_MAOM_r3_Mag_19Feb25_3p3kV_300SA_p01_31_1_23448,nmdc:bsm-11-t9224y81,60920_6_TOP,high
/home/bmeluch/NMDC/nom_processing/monet_nom_metadata/raw/60920_6_TOP_2_MAOM_r1_Mag_19Feb25_3p3kV_300SA_p01_32_1_23342,nmdc:bsm-11-t9224y81,60920_6_TOP,high
/home/bmeluch/NMDC/nom_processing/monet_nom_metadata/raw/60920_6_TOP_2_MAOM_r2_Mag_19Feb25_3p3kV_300SA_p01_32_1_23389,nmdc:bsm-11-t9224y81,60920_6_TOP,high
/home/bmeluch/NMDC/nom_processing/monet_nom_metadata/raw/60920_6_TOP_2_MAOM_r3_Mag_19Feb25_3p3kV_300SA_p01_32_1_23452,nmdc:bsm-11-t9224y81,60920_6_TOP,high
/home/bmeluch/NMDC/nom_processing/monet_nom_metadata/raw/60920_6_TOP_3_MAOM_r1_Mag_19Feb25_3p3kV_300SA_p01_33_1_23376,nmdc:bsm-11-t9224y81,60920_6_TOP,high
/home/bmeluch/NMDC/nom_processing/monet_nom_metadata/raw/60920_6_TOP_3_MAOM_r2_Mag_19Feb25_3p3kV_300SA_p01_33_1_23395,nmdc:bsm-11-t9224y81,60920_6_TOP,high
/home/bmeluch/NMDC/nom_processing/monet_nom_metadata/raw/60920_6_TOP_3_MAOM_r3_Mag_19Feb25_3p3kV_300SA_p01_33_1_23431,nmdc:bsm-11-t9224y81,60920_6_TOP,high
/home/bmeluch/NMDC/nom_processing/monet_nom_metadata/raw/60920_7_T_1_WEOM_r1_Mag_21Dec23_300SA_p01_13_1_13999,nmdc:bsm-11-b1pbsr87,60920_7_TOP,high
/home/bmeluch/NMDC/nom_processing/monet_nom_metadata/raw/60920_7_T_1_WEOM_r2_Mag_21Dec23_300SA_p01_13_1_14080,nmdc:bsm-11-b1pbsr87,60920_7_TOP,high
/home/bmeluch/NMDC/nom_processing/monet_nom_metadata/raw/60920_7_T_1_WEOM_r3_Mag_21Dec23_300SA_p01_13_1_14154,nmdc:bsm-11-b1pbsr87,60920_7_TOP,high
/home/bmeluch/NMDC/nom_processing/monet_nom_metadata/raw/60920_7_T_2_WEOM_r1_Mag_21Dec23_300SA_p01_32_1_14016,nmdc:bsm-11-b1pbsr87,60920_7_TOP,high
/home/bmeluch/NMDC/nom_processing/monet_nom_metadata/raw/60920_7_T_2_WEOM_r2_Mag_21Dec23_300SA_p01_32_1_14091,nmdc:bsm-11-b1pbsr87,60920_7_TOP,high
/home/bmeluch/NMDC/nom_processing/monet_nom_metadata/raw/60920_7_T_2_WEOM_r3_Mag_21Dec23_300SA_p01_32_1_14176,nmdc:bsm-11-b1pbsr87,60920_7_TOP,high
/home/bmeluch/NMDC/nom_processing/monet_nom_metadata/raw/60920_7_T_3_WEOM_r1_Mag_21Dec23_300SA_p01_13_1_14048,nmdc:bsm-11-b1pbsr87,60920_7_TOP,high
/home/bmeluch/NMDC/nom_processing/monet_nom_metadata/raw/60920_7_T_3_WEOM_r2_Mag_21Dec23_300SA_p01_13_1_14116,nmdc:bsm-11-b1pbsr87,60920_7_TOP,high
/home/bmeluch/NMDC/nom_processing/monet_nom_metadata/raw/60920_7_T_3_WEOM_r3_Mag_21Dec23_300SA_p01_13_1_14191,nmdc:bsm-11-b1pbsr87,60920_7_TOP,high
/home/bmeluch/NMDC/nom_processing/monet_nom_metadata/raw/60920_7_TOP_1_MAOM_r1_Mag_03Feb25_3p3kV_300SA_p01_1_1_22937,nmdc:bsm-11-b1pbsr87,60920_7_TOP,high
/home/bmeluch/NMDC/nom_processing/monet_nom_metadata/raw/60920_7_TOP_1_MAOM_r2_Mag_03Feb25_3p3kV_300SA_p01_1_1_22977,nmdc:bsm-11-b1pbsr87,60920_7_TOP,high
/home/bmeluch/NMDC/nom_processing/monet_nom_metadata/raw/60920_7_TOP_1_MAOM_r3_Mag_03Feb25_3p3kV_300SA_p01_1_1_23026,nmdc:bsm-11-b1pbsr87,60920_7_TOP,high
/home/bmeluch/NMDC/nom_processing/monet_nom_metadata/raw/60920_7_TOP_2_MAOM_r1_Mag_03Feb25_3p3kV_300SA_p01_2_1_22932,nmdc:bsm-11-b1pbsr87,60920_7_TOP,high
/home/bmeluch/NMDC/nom_processing/monet_nom_metadata/raw/60920_7_TOP_2_MAOM_r2_Mag_03Feb25_3p3kV_300SA_p01_2_1_22958,nmdc:bsm-11-b1pbsr87,60920_7_TOP,high
/home/bmeluch/NMDC/nom_processing/monet_nom_metadata/raw/60920_7_TOP_2_MAOM_r3_Mag_03Feb25_3p3kV_300SA_p01_2_1_23005,nmdc:bsm-11-b1pbsr87,60920_7_TOP,high
/home/bmeluch/NMDC/nom_processing/monet_nom_metadata/raw/60920_7_TOP_3_MAOM_r1_Mag_03Feb25_3p3kV_300SA_p01_3_1_22939,nmdc:bsm-11-b1pbsr87,60920_7_TOP,high
/home/bmeluch/NMDC/nom_processing/monet_nom_metadata/raw/60920_7_TOP_3_MAOM_r2_Mag_03Feb25_3p3kV_300SA_p01_3_1_22962,nmdc:bsm-11-b1pbsr87,60920_7_TOP,high
/home/bmeluch/NMDC/nom_processing/monet_nom_metadata/raw/60920_7_TOP_3_MAOM_r3_Mag_03Feb25_3p3kV_300SA_p01_3_1_23004,nmdc:bsm-11-b1pbsr87,60920_7_TOP,high
/home/bmeluch/NMDC/nom_processing/monet_nom_metadata/raw/60920_8_B_1_WEOM_r1_Mag_21Dec23_300SA_p01_15_1_13993,nmdc:bsm-11-w24nxz84,60920_8_BTM,high
/home/bmeluch/NMDC/nom_processing/monet_nom_metadata/raw/60920_8_B_1_WEOM_r2_Mag_21Dec23_300SA_p01_15_1_14066,nmdc:bsm-11-w24nxz84,60920_8_BTM,high
/home/bmeluch/NMDC/nom_processing/monet_nom_metadata/raw/60920_8_B_1_WEOM_r3_Mag_21Dec23_300SA_p01_15_1_14150,nmdc:bsm-11-w24nxz84,60920_8_BTM,high
/home/bmeluch/NMDC/nom_processing/monet_nom_metadata/raw/60920_8_B_2_WEOM_r1_Mag_21Dec23_300SA_p01_34_1_14021,nmdc:bsm-11-w24nxz84,60920_8_BTM,high
/home/bmeluch/NMDC/nom_processing/monet_nom_metadata/raw/60920_8_B_2_WEOM_r2_Mag_21Dec23_300SA_p01_34_1_14096,nmdc:bsm-11-w24nxz84,60920_8_BTM,high
/home/bmeluch/NMDC/nom_processing/monet_nom_metadata/raw/60920_8_B_2_WEOM_r3_Mag_21Dec23_300SA_p01_34_1_14158,nmdc:bsm-11-w24nxz84,60920_8_BTM,high
/home/bmeluch/NMDC/nom_processing/monet_nom_metadata/raw/60920_8_B_3_WEOM_r1_Mag_21Dec23_300SA_p01_15_1_14038,nmdc:bsm-11-w24nxz84,60920_8_BTM,high
/home/bmeluch/NMDC/nom_processing/monet_nom_metadata/raw/60920_8_B_3_WEOM_r2_Mag_21Dec23_300SA_p01_15_1_14107,nmdc:bsm-11-w24nxz84,60920_8_BTM,high
/home/bmeluch/NMDC/nom_processing/monet_nom_metadata/raw/60920_8_B_3_WEOM_r3_Mag_21Dec23_300SA_p01_15_1_14185,nmdc:bsm-11-w24nxz84,60920_8_BTM,high
/home/bmeluch/NMDC/nom_processing/monet_nom_metadata/raw/60920_8_BTM_1_MAOM_r1_Mag_23Dec24_3p3kV_300SA_p01_36_1_21040,nmdc:bsm-11-w24nxz84,60920_8_BTM,high
/home/bmeluch/NMDC/nom_processing/monet_nom_metadata/raw/60920_8_BTM_1_MAOM_r2_Mag_23Dec24_3p3kV_300SA_p01_36_1_21093,nmdc:bsm-11-w24nxz84,60920_8_BTM,high
/home/bmeluch/NMDC/nom_processing/monet_nom_metadata/raw/60920_8_BTM_1_MAOM_r3_Mag_23Dec24_3p3kV_300SA_p01_36_1_21142,nmdc:bsm-11-w24nxz84,60920_8_BTM,high
/home/bmeluch/NMDC/nom_processing/monet_nom_metadata/raw/60920_8_BTM_2_MAOM_r1_Mag_23Dec24_3p3kV_300SA_p01_37_1_21041,nmdc:bsm-11-w24nxz84,60920_8_BTM,high
/home/bmeluch/NMDC/nom_processing/monet_nom_metadata/raw/60920_8_BTM_2_MAOM_r2_Mag_23Dec24_3p3kV_300SA_p01_37_1_21091,nmdc:bsm-11-w24nxz84,60920_8_BTM,high
/home/bmeluch/NMDC/nom_processing/monet_nom_metadata/raw/60920_8_BTM_2_MAOM_r3_Mag_23Dec24_3p3kV_300SA_p01_37_1_21151,nmdc:bsm-11-w24nxz84,60920_8_BTM,high
/home/bmeluch/NMDC/nom_processing/monet_nom_metadata/raw/60920_8_BTM_3_MAOM_r1_Mag_19Dec24_3p3kV_300SA_p01_38_1_21003,nmdc:bsm-11-w24nxz84,60920_8_BTM,high
/home/bmeluch/NMDC/nom_processing/monet_nom_metadata/raw/60920_8_BTM_3_MAOM_r2_Mag_23Dec24_3p3kV_300SA_p01_38_1_21088,nmdc:bsm-11-w24nxz84,60920_8_BTM,high
/home/bmeluch/NMDC/nom_processing/monet_nom_metadata/raw/60920_8_BTM_3_MAOM_r3_Mag_23Dec24_3p3kV_300SA_p01_38_1_21152,nmdc:bsm-11-w24nxz84,60920_8_BTM,high
/home/bmeluch/NMDC/nom_processing/monet_nom_metadata/raw/60920_8_T_1_WEOM_r1_Mag_21Dec23_300SA_p01_14_1_13996,nmdc:bsm-11-vevzsa28,60920_8_TOP,high
/home/bmeluch/NMDC/nom_processing/monet_nom_metadata/raw/60920_8_T_1_WEOM_r2_Mag_21Dec23_300SA_p01_14_1_14059,nmdc:bsm-11-vevzsa28,60920_8_TOP,high
/home/bmeluch/NMDC/nom_processing/monet_nom_metadata/raw/60920_8_T_1_WEOM_r3_Mag_21Dec23_300SA_p01_14_1_14134,nmdc:bsm-11-vevzsa28,60920_8_TOP,high
/home/bmeluch/NMDC/nom_processing/monet_nom_metadata/raw/60920_8_T_2_WEOM_r1_Mag_21Dec23_300SA_p01_33_1_14011,nmdc:bsm-11-vevzsa28,60920_8_TOP,high
/home/bmeluch/NMDC/nom_processing/monet_nom_metadata/raw/60920_8_T_2_WEOM_r2_Mag_21Dec23_300SA_p01_33_1_14100,nmdc:bsm-11-vevzsa28,60920_8_TOP,high
/home/bmeluch/NMDC/nom_processing/monet_nom_metadata/raw/60920_8_T_2_WEOM_r3_Mag_21Dec23_300SA_p01_33_1_14160,nmdc:bsm-11-vevzsa28,60920_8_TOP,high
/home/bmeluch/NMDC/nom_processing/monet_nom_metadata/raw/60920_8_T_3_WEOM_r1_Mag_21Dec23_300SA_p01_14_1_14034,nmdc:bsm-11-vevzsa28,60920_8_TOP,high
/home/bmeluch/NMDC/nom_processing/monet_nom_metadata/raw/60920_8_T_3_WEOM_r2_Mag_21Dec23_300SA_p01_14_1_14127,nmdc:bsm-11-vevzsa28,60920_8_TOP,high
/home/bmeluch/NMDC/nom_processing/monet_nom_metadata/raw/60920_8_T_3_WEOM_r3_Mag_21Dec23_300SA_p01_14_1_14197,nmdc:bsm-11-vevzsa28,60920_8_TOP,high
/home/bmeluch/NMDC/nom_processing/monet_nom_metadata/raw/60920_8_TOP_1_MAOM_r1_Mag_23Dec24_3p3kV_300SA_p01_33_1_21030,nmdc:bsm-11-vevzsa28,60920_8_TOP,high
/home/bmeluch/NMDC/nom_processing/monet_nom_metadata/raw/60920_8_TOP_1_MAOM_r2_Mag_23Dec24_3p3kV_300SA_p01_33_1_21084,nmdc:bsm-11-vevzsa28,60920_8_TOP,high
/home/bmeluch/NMDC/nom_processing/monet_nom_metadata/raw/60920_8_TOP_1_MAOM_r3_Mag_23Dec24_3p3kV_300SA_p01_33_1_21145,nmdc:bsm-11-vevzsa28,60920_8_TOP,high
/home/bmeluch/NMDC/nom_processing/monet_nom_metadata/raw/60920_8_TOP_2_MAOM_r1_Mag_23Dec24_3p3kV_300SA_p01_34_1_21036,nmdc:bsm-11-vevzsa28,60920_8_TOP,high
/home/bmeluch/NMDC/nom_processing/monet_nom_metadata/raw/60920_8_TOP_2_MAOM_r2_Mag_23Dec24_3p3kV_300SA_p01_34_1_21082,nmdc:bsm-11-vevzsa28,60920_8_TOP,high
/home/bmeluch/NMDC/nom_processing/monet_nom_metadata/raw/60920_8_TOP_2_MAOM_r3_Mag_23Dec24_3p3kV_300SA_p01_34_1_21144,nmdc:bsm-11-vevzsa28,60920_8_TOP,high
/home/bmeluch/NMDC/nom_processing/monet_nom_metadata/raw/60920_8_TOP_3_MAOM_r1_Mag_19Dec24_3p3kV_300SA_p01_35_1_21006,nmdc:bsm-11-vevzsa28,60920_8_TOP,high
/home/bmeluch/NMDC/nom_processing/monet_nom_metadata/raw/60920_8_TOP_3_MAOM_r2_Mag_23Dec24_3p3kV_300SA_p01_35_1_21090,nmdc:bsm-11-vevzsa28,60920_8_TOP,high
/home/bmeluch/NMDC/nom_processing/monet_nom_metadata/raw/60920_8_TOP_3_MAOM_r3_Mag_23Dec24_3p3kV_300SA_p01_35_1_21143,nmdc:bsm-11-vevzsa28,60920_8_TOP,high
/home/bmeluch/NMDC/nom_processing/monet_nom_metadata/raw/60920_9_B_1_WEOM_r1_Mag_21Dec23_300SA_p01_17_1_14004,nmdc:bsm-11-p33zs385,60920_9_BTM,high
/home/bmeluch/NMDC/nom_processing/monet_nom_metadata/raw/60920_9_B_1_WEOM_r2_Mag_21Dec23_300SA_p01_17_1_14077,nmdc:bsm-11-p33zs385,60920_9_BTM,high
/home/bmeluch/NMDC/nom_processing/monet_nom_metadata/raw/60920_9_B_1_WEOM_r3_Mag_21Dec23_300SA_p01_17_1_14145,nmdc:bsm-11-p33zs385,60920_9_BTM,high
/home/bmeluch/NMDC/nom_processing/monet_nom_metadata/raw/60920_9_B_2_WEOM_r1_Mag_21Dec23_300SA_p01_36_1_14015,nmdc:bsm-11-p33zs385,60920_9_BTM,high
/home/bmeluch/NMDC/nom_processing/monet_nom_metadata/raw/60920_9_B_2_WEOM_r2_Mag_21Dec23_300SA_p01_36_1_14093,nmdc:bsm-11-p33zs385,60920_9_BTM,high
/home/bmeluch/NMDC/nom_processing/monet_nom_metadata/raw/60920_9_B_2_WEOM_r3_Mag_21Dec23_300SA_p01_36_1_14169,nmdc:bsm-11-p33zs385,60920_9_BTM,high
/home/bmeluch/NMDC/nom_processing/monet_nom_metadata/raw/60920_9_B_3_WEOM_r1_Mag_21Dec23_300SA_p01_17_1_14055,nmdc:bsm-11-p33zs385,60920_9_BTM,high
/home/bmeluch/NMDC/nom_processing/monet_nom_metadata/raw/60920_9_B_3_WEOM_r2_Mag_21Dec23_300SA_p01_17_1_14113,nmdc:bsm-11-p33zs385,60920_9_BTM,high
/home/bmeluch/NMDC/nom_processing/monet_nom_metadata/raw/60920_9_B_3_WEOM_r3_Mag_21Dec23_300SA_p01_17_1_14200,nmdc:bsm-11-p33zs385,60920_9_BTM,high
/home/bmeluch/NMDC/nom_processing/monet_nom_metadata/raw/60920_9_BTM_1_MAOM_r1_Mag_23Dec24_3p3kV_300SA_p01_42_1_21039,nmdc:bsm-11-p33zs385,60920_9_BTM,high
/home/bmeluch/NMDC/nom_processing/monet_nom_metadata/raw/60920_9_BTM_1_MAOM_r2_Mag_23Dec24_3p3kV_300SA_p01_42_1_21100,nmdc:bsm-11-p33zs385,60920_9_BTM,high
/home/bmeluch/NMDC/nom_processing/monet_nom_metadata/raw/60920_9_BTM_1_MAOM_r3_Mag_23Dec24_3p3kV_300SA_p01_42_1_21135,nmdc:bsm-11-p33zs385,60920_9_BTM,high
/home/bmeluch/NMDC/nom_processing/monet_nom_metadata/raw/60920_9_BTM_2_MAOM_r1_Mag_23Dec24_3p3kV_300SA_p01_43_1_21035,nmdc:bsm-11-p33zs385,60920_9_BTM,high
/home/bmeluch/NMDC/nom_processing/monet_nom_metadata/raw/60920_9_BTM_2_MAOM_r2_Mag_23Dec24_3p3kV_300SA_p01_43_1_21078,nmdc:bsm-11-p33zs385,60920_9_BTM,high
/home/bmeluch/NMDC/nom_processing/monet_nom_metadata/raw/60920_9_BTM_2_MAOM_r3_Mag_23Dec24_3p3kV_300SA_p01_43_1_21139,nmdc:bsm-11-p33zs385,60920_9_BTM,high
/home/bmeluch/NMDC/nom_processing/monet_nom_metadata/raw/60920_9_BTM_3_MAOM_r1_Mag_19Dec24_3p3kV_300SA_p01_44_1_21010,nmdc:bsm-11-p33zs385,60920_9_BTM,high
/home/bmeluch/NMDC/nom_processing/monet_nom_metadata/raw/60920_9_BTM_3_MAOM_r2_Mag_23Dec24_3p3kV_300SA_p01_44_1_21094,nmdc:bsm-11-p33zs385,60920_9_BTM,high
/home/bmeluch/NMDC/nom_processing/monet_nom_metadata/raw/60920_9_BTM_3_MAOM_r3_Mag_23Dec24_3p3kV_300SA_p01_44_1_21148,nmdc:bsm-11-p33zs385,60920_9_BTM,high
/home/bmeluch/NMDC/nom_processing/monet_nom_metadata/raw/60920_9_T_1_WEOM_r1_Mag_21Dec23_300SA_p01_16_1_13997,nmdc:bsm-11-27z46k86,60920_9_TOP,high
/home/bmeluch/NMDC/nom_processing/monet_nom_metadata/raw/60920_9_T_1_WEOM_r2_Mag_21Dec23_300SA_p01_16_1_14061,nmdc:bsm-11-27z46k86,60920_9_TOP,high
/home/bmeluch/NMDC/nom_processing/monet_nom_metadata/raw/60920_9_T_1_WEOM_r3_Mag_21Dec23_300SA_p01_16_1_14152,nmdc:bsm-11-27z46k86,60920_9_TOP,high
/home/bmeluch/NMDC/nom_processing/monet_nom_metadata/raw/60920_9_T_2_WEOM_r1_Mag_21Dec23_300SA_p01_35_1_14013,nmdc:bsm-11-27z46k86,60920_9_TOP,high
/home/bmeluch/NMDC/nom_processing/monet_nom_metadata/raw/60920_9_T_2_WEOM_r2_Mag_21Dec23_300SA_p01_35_1_14088,nmdc:bsm-11-27z46k86,60920_9_TOP,high
/home/bmeluch/NMDC/nom_processing/monet_nom_metadata/raw/60920_9_T_2_WEOM_r3_Mag_21Dec23_300SA_p01_35_1_14161,nmdc:bsm-11-27z46k86,60920_9_TOP,high
/home/bmeluch/NMDC/nom_processing/monet_nom_metadata/raw/60920_9_T_3_WEOM_r1_Mag_21Dec23_300SA_p01_16_1_14036,nmdc:bsm-11-27z46k86,60920_9_TOP,high
/home/bmeluch/NMDC/nom_processing/monet_nom_metadata/raw/60920_9_T_3_WEOM_r2_Mag_21Dec23_300SA_p01_16_1_14117,nmdc:bsm-11-27z46k86,60920_9_TOP,high
/home/bmeluch/NMDC/nom_processing/monet_nom_metadata/raw/60920_9_T_3_WEOM_r3_Mag_21Dec23_300SA_p01_16_1_14194,nmdc:bsm-11-27z46k86,60920_9_TOP,high
/home/bmeluch/NMDC/nom_processing/monet_nom_metadata/raw/60920_9_TOP_1_MAOM_r1_Mag_19Dec24_3p3kV_300SA_p01_39_1_21008,nmdc:bsm-11-27z46k86,60920_9_TOP,high
/home/bmeluch/NMDC/nom_processing/monet_nom_metadata/raw/60920_9_TOP_1_MAOM_r2_Mag_23Dec24_3p3kV_300SA_p01_39_1_21089,nmdc:bsm-11-27z46k86,60920_9_TOP,high
/home/bmeluch/NMDC/nom_processing/monet_nom_metadata/raw/60920_9_TOP_1_MAOM_r3_Mag_23Dec24_3p3kV_300SA_p01_39_1_21137,nmdc:bsm-11-27z46k86,60920_9_TOP,high
/home/bmeluch/NMDC/nom_processing/monet_nom_metadata/raw/60920_9_TOP_2_MAOM_r1_Mag_19Dec24_3p3kV_300SA_p01_40_1_21005,nmdc:bsm-11-27z46k86,60920_9_TOP,high
/home/bmeluch/NMDC/nom_processing/monet_nom_metadata/raw/60920_9_TOP_2_MAOM_r2_Mag_23Dec24_3p3kV_300SA_p01_40_1_21087,nmdc:bsm-11-27z46k86,60920_9_TOP,high
/home/bmeluch/NMDC/nom_processing/monet_nom_metadata/raw/60920_9_TOP_2_MAOM_r3_Mag_23Dec24_3p3kV_300SA_p01_40_1_21156,nmdc:bsm-11-27z46k86,60920_9_TOP,high
/home/bmeluch/NMDC/nom_processing/monet_nom_metadata/raw/60920_9_TOP_3_MAOM_r1_Mag_19Dec24_3p3kV_300SA_p01_41_1_21007,nmdc:bsm-11-27z46k86,60920_9_TOP,high
/home/bmeluch/NMDC/nom_processing/monet_nom_metadata/raw/60920_9_TOP_3_MAOM_r2_Mag_23Dec24_3p3kV_300SA_p01_41_1_21097,nmdc:bsm-11-27z46k86,60920_9_TOP,high
/home/bmeluch/NMDC/nom_processing/monet_nom_metadata/raw/60920_9_TOP_3_MAOM_r3_Mag_23Dec24_3p3kV_300SA_p01_41_1_21150,nmdc:bsm-11-27z46k86,60920_9_TOP,high
/home/bmeluch/NMDC/nom_processing/monet_nom_metadata/raw/60921_1_TOP_1_MAOM_r1_Mag_26Feb25_3p3kV_300SA_p01_1_1_23941,nmdc:bsm-11-wwdpxt52,60921_1_TOP,high
/home/bmeluch/NMDC/nom_processing/monet_nom_metadata/raw/60921_1_TOP_1_MAOM_r2_Mag_26Feb25_3p3kV_300SA_p01_1_1_23943,nmdc:bsm-11-wwdpxt52,60921_1_TOP,high
/home/bmeluch/NMDC/nom_processing/monet_nom_metadata/raw/60921_1_TOP_1_MAOM_r3_Mag_26Feb25_3p3kV_300SA_p01_1_1_23957,nmdc:bsm-11-wwdpxt52,60921_1_TOP,high
/home/bmeluch/NMDC/nom_processing/monet_nom_metadata/raw/60921_1_TOP_2_MAOM_r1_Mag_26Feb25_3p3kV_300SA_p01_2_1_23937,nmdc:bsm-11-wwdpxt52,60921_1_TOP,high
/home/bmeluch/NMDC/nom_processing/monet_nom_metadata/raw/60921_1_TOP_2_MAOM_r2_Mag_26Feb25_3p3kV_300SA_p01_2_1_23942,nmdc:bsm-11-wwdpxt52,60921_1_TOP,high
/home/bmeluch/NMDC/nom_processing/monet_nom_metadata/raw/60921_1_TOP_2_MAOM_r3_Mag_26Feb25_3p3kV_300SA_p01_2_1_23954,nmdc:bsm-11-wwdpxt52,60921_1_TOP,high
/home/bmeluch/NMDC/nom_processing/monet_nom_metadata/raw/60921_1_TOP_3_MAOM_r1_Mag_26Feb25_3p3kV_300SA_p01_3_1_23938,nmdc:bsm-11-wwdpxt52,60921_1_TOP,high
/home/bmeluch/NMDC/nom_processing/monet_nom_metadata/raw/60921_1_TOP_3_MAOM_r2_Mag_26Feb25_3p3kV_300SA_p01_3_1_23949,nmdc:bsm-11-wwdpxt52,60921_1_TOP,high
/home/bmeluch/NMDC/nom_processing/monet_nom_metadata/raw/60921_1_TOP_3_MAOM_r3_Mag_26Feb25_3p3kV_300SA_p01_3_1_23958,nmdc:bsm-11-wwdpxt52,60921_1_TOP,high
/home/bmeluch/NMDC/nom_processing/monet_nom_metadata/raw/60921_2_BTM_1_MAOM_r1_Mag_26Feb25_3p3kV_300SA_p01_4_1_23935,nmdc:bsm-11-n2jgxf07,60921_2_BTM,high
/home/bmeluch/NMDC/nom_processing/monet_nom_metadata/raw/60921_2_BTM_1_MAOM_r2_Mag_26Feb25_3p3kV_300SA_p01_4_1_23946,nmdc:bsm-11-n2jgxf07,60921_2_BTM,high
/home/bmeluch/NMDC/nom_processing/monet_nom_metadata/raw/60921_2_BTM_1_MAOM_r3_Mag_26Feb25_3p3kV_300SA_p01_4_1_23960,nmdc:bsm-11-n2jgxf07,60921_2_BTM,high
/home/bmeluch/NMDC/nom_processing/monet_nom_metadata/raw/60921_2_BTM_2_MAOM_r1_Mag_26Feb25_3p3kV_300SA_p01_5_1_23934,nmdc:bsm-11-n2jgxf07,60921_2_BTM,high
/home/bmeluch/NMDC/nom_processing/monet_nom_metadata/raw/60921_2_BTM_2_MAOM_r2_Mag_26Feb25_3p3kV_300SA_p01_5_1_23944,nmdc:bsm-11-n2jgxf07,60921_2_BTM,high
/home/bmeluch/NMDC/nom_processing/monet_nom_metadata/raw/60921_2_BTM_2_MAOM_r3_Mag_26Feb25_3p3kV_300SA_p01_5_1_23955,nmdc:bsm-11-n2jgxf07,60921_2_BTM,high
/home/bmeluch/NMDC/nom_processing/monet_nom_metadata/raw/60921_2_BTM_3_MAOM_r1_Mag_26Feb25_3p3kV_300SA_p01_6_1_23939,nmdc:bsm-11-n2jgxf07,60921_2_BTM,high
/home/bmeluch/NMDC/nom_processing/monet_nom_metadata/raw/60921_2_BTM_3_MAOM_r2_Mag_26Feb25_3p3kV_300SA_p01_6_1_23947,nmdc:bsm-11-n2jgxf07,60921_2_BTM,high
/home/bmeluch/NMDC/nom_processing/monet_nom_metadata/raw/60921_2_BTM_3_MAOM_r3_Mag_26Feb25_3p3kV_300SA_p01_6_1_23959,nmdc:bsm-11-n2jgxf07,60921_2_BTM,high
/home/bmeluch/NMDC/nom_processing/monet_nom_metadata/raw/60921_3_B_1_WEOM_r1_Mag_21Feb24_300SA_p01_47_1_15464,nmdc:bsm-11-xaahg319,60921_3_BTM,high
/home/bmeluch/NMDC/nom_processing/monet_nom_metadata/raw/60921_3_B_1_WEOM_r2_Mag_21Feb24_300SA_p01_47_1_15480,nmdc:bsm-11-xaahg319,60921_3_BTM,high
/home/bmeluch/NMDC/nom_processing/monet_nom_metadata/raw/60921_3_B_1_WEOM_r3_Mag_21Feb24_300SA_p01_47_1_15496,nmdc:bsm-11-xaahg319,60921_3_BTM,high
/home/bmeluch/NMDC/nom_processing/monet_nom_metadata/raw/60921_3_B_2_WEOM_r1_Mag_21Feb24_300SA_p01_48_1_15473,nmdc:bsm-11-xaahg319,60921_3_BTM,high
/home/bmeluch/NMDC/nom_processing/monet_nom_metadata/raw/60921_3_B_2_WEOM_r2_Mag_21Feb24_300SA_p01_48_1_15481,nmdc:bsm-11-xaahg319,60921_3_BTM,high
/home/bmeluch/NMDC/nom_processing/monet_nom_metadata/raw/60921_3_B_2_WEOM_r3_Mag_21Feb24_300SA_p01_48_1_15509,nmdc:bsm-11-xaahg319,60921_3_BTM,high
/home/bmeluch/NMDC/nom_processing/monet_nom_metadata/raw/60921_3_B_3_WEOM_r1_Mag_21Feb24_300SA_p01_49_1_15469,nmdc:bsm-11-xaahg319,60921_3_BTM,high
/home/bmeluch/NMDC/nom_processing/monet_nom_metadata/raw/60921_3_B_3_WEOM_r2_Mag_21Feb24_300SA_p01_49_1_15491,nmdc:bsm-11-xaahg319,60921_3_BTM,high
/home/bmeluch/NMDC/nom_processing/monet_nom_metadata/raw/60921_3_B_3_WEOM_r3_Mag_21Feb24_300SA_p01_49_1_15506,nmdc:bsm-11-xaahg319,60921_3_BTM,high
/home/bmeluch/NMDC/nom_processing/monet_nom_metadata/raw/60921_3_BTM_1_MAOM_r1_Mag_27Dec24_3p3kV_300SA_p01_16_1_21333,nmdc:bsm-11-xaahg319,60921_3_BTM,high
/home/bmeluch/NMDC/nom_processing/monet_nom_metadata/raw/60921_3_BTM_1_MAOM_r2_Mag_27Dec24_3p3kV_300SA_p01_16_1_21380,nmdc:bsm-11-xaahg319,60921_3_BTM,high
/home/bmeluch/NMDC/nom_processing/monet_nom_metadata/raw/60921_3_BTM_1_MAOM_r3_Mag_27Dec24_3p3kV_300SA_p01_16_1_21412,nmdc:bsm-11-xaahg319,60921_3_BTM,high
/home/bmeluch/NMDC/nom_processing/monet_nom_metadata/raw/60921_3_BTM_2_MAOM_r1_Mag_27Dec24_3p3kV_300SA_p01_17_1_21334,nmdc:bsm-11-xaahg319,60921_3_BTM,high
/home/bmeluch/NMDC/nom_processing/monet_nom_metadata/raw/60921_3_BTM_2_MAOM_r2_Mag_27Dec24_3p3kV_300SA_p01_17_1_21367,nmdc:bsm-11-xaahg319,60921_3_BTM,high
/home/bmeluch/NMDC/nom_processing/monet_nom_metadata/raw/60921_3_BTM_2_MAOM_r3_Mag_27Dec24_3p3kV_300SA_p01_17_1_21393,nmdc:bsm-11-xaahg319,60921_3_BTM,high
/home/bmeluch/NMDC/nom_processing/monet_nom_metadata/raw/60921_3_BTM_3_MAOM_r1_Mag_27Dec24_3p3kV_300SA_p01_18_1_21354,nmdc:bsm-11-xaahg319,60921_3_BTM,high
/home/bmeluch/NMDC/nom_processing/monet_nom_metadata/raw/60921_3_BTM_3_MAOM_r2_Mag_27Dec24_3p3kV_300SA_p01_18_1_21359,nmdc:bsm-11-xaahg319,60921_3_BTM,high
/home/bmeluch/NMDC/nom_processing/monet_nom_metadata/raw/60921_3_BTM_3_MAOM_r3_Mag_27Dec24_3p3kV_300SA_p01_18_1_21418,nmdc:bsm-11-xaahg319,60921_3_BTM,high
/home/bmeluch/NMDC/nom_processing/monet_nom_metadata/raw/60921_3_T_1_WEOM_r1_Mag_21Feb24_300SA_p01_44_1_15468,nmdc:bsm-11-7m2z1396,60921_3_TOP,high
/home/bmeluch/NMDC/nom_processing/monet_nom_metadata/raw/60921_3_T_1_WEOM_r2_Mag_21Feb24_300SA_p01_44_1_15477,nmdc:bsm-11-7m2z1396,60921_3_TOP,high
/home/bmeluch/NMDC/nom_processing/monet_nom_metadata/raw/60921_3_T_1_WEOM_r3_Mag_21Feb24_300SA_p01_44_1_15503,nmdc:bsm-11-7m2z1396,60921_3_TOP,high
/home/bmeluch/NMDC/nom_processing/monet_nom_metadata/raw/60921_3_T_2_WEOM_r1_Mag_21Feb24_300SA_p01_45_1_15471,nmdc:bsm-11-7m2z1396,60921_3_TOP,high
/home/bmeluch/NMDC/nom_processing/monet_nom_metadata/raw/60921_3_T_2_WEOM_r2_Mag_21Feb24_300SA_p01_45_1_15488,nmdc:bsm-11-7m2z1396,60921_3_TOP,high
/home/bmeluch/NMDC/nom_processing/monet_nom_metadata/raw/60921_3_T_2_WEOM_r3_Mag_21Feb24_300SA_p01_45_1_15504,nmdc:bsm-11-7m2z1396,60921_3_TOP,high
/home/bmeluch/NMDC/nom_processing/monet_nom_metadata/raw/60921_3_T_3_WEOM_r1_Mag_21Feb24_300SA_p01_46_1_15467,nmdc:bsm-11-7m2z1396,60921_3_TOP,high
/home/bmeluch/NMDC/nom_processing/monet_nom_metadata/raw/60921_3_T_3_WEOM_r2_Mag_21Feb24_300SA_p01_46_1_15487,nmdc:bsm-11-7m2z1396,60921_3_TOP,high
/home/bmeluch/NMDC/nom_processing/monet_nom_metadata/raw/60921_3_T_3_WEOM_r3_Mag_21Feb24_300SA_p01_46_1_15497,nmdc:bsm-11-7m2z1396,60921_3_TOP,high
/home/bmeluch/NMDC/nom_processing/monet_nom_metadata/raw/60921_3_TOP_1_MAOM_r1_Mag_27Dec24_3p3kV_300SA_p01_13_1_21339,nmdc:bsm-11-7m2z1396,60921_3_TOP,high
/home/bmeluch/NMDC/nom_processing/monet_nom_metadata/raw/60921_3_TOP_1_MAOM_r2_Mag_27Dec24_3p3kV_300SA_p01_13_1_21376,nmdc:bsm-11-7m2z1396,60921_3_TOP,high
/home/bmeluch/NMDC/nom_processing/monet_nom_metadata/raw/60921_3_TOP_1_MAOM_r3_Mag_27Dec24_3p3kV_300SA_p01_13_1_21400,nmdc:bsm-11-7m2z1396,60921_3_TOP,high
/home/bmeluch/NMDC/nom_processing/monet_nom_metadata/raw/60921_3_TOP_2_MAOM_r1_Mag_27Dec24_3p3kV_300SA_p01_14_1_21336,nmdc:bsm-11-7m2z1396,60921_3_TOP,high
/home/bmeluch/NMDC/nom_processing/monet_nom_metadata/raw/60921_3_TOP_2_MAOM_r2_Mag_27Dec24_3p3kV_300SA_p01_14_1_21389,nmdc:bsm-11-7m2z1396,60921_3_TOP,high
/home/bmeluch/NMDC/nom_processing/monet_nom_metadata/raw/60921_3_TOP_2_MAOM_r3_Mag_27Dec24_3p3kV_300SA_p01_14_1_21402,nmdc:bsm-11-7m2z1396,60921_3_TOP,high
/home/bmeluch/NMDC/nom_processing/monet_nom_metadata/raw/60921_3_TOP_3_MAOM_r1_Mag_27Dec24_3p3kV_300SA_p01_15_1_21346,nmdc:bsm-11-7m2z1396,60921_3_TOP,high
/home/bmeluch/NMDC/nom_processing/monet_nom_metadata/raw/60921_3_TOP_3_MAOM_r2_Mag_27Dec24_3p3kV_300SA_p01_15_1_21378,nmdc:bsm-11-7m2z1396,60921_3_TOP,high
/home/bmeluch/NMDC/nom_processing/monet_nom_metadata/raw/60921_3_TOP_3_MAOM_r3_Mag_27Dec24_3p3kV_300SA_p01_15_1_21403,nmdc:bsm-11-7m2z1396,60921_3_TOP,high
/home/bmeluch/NMDC/nom_processing/monet_nom_metadata/raw/60921_4_B_1_WEOM_r1_Mag_21Feb24_300SA_p01_2_1_15463,nmdc:bsm-11-9q6yc161,60921_4_BTM,high
/home/bmeluch/NMDC/nom_processing/monet_nom_metadata/raw/60921_4_B_1_WEOM_r2_Mag_21Feb24_300SA_p01_2_1_15489,nmdc:bsm-11-9q6yc161,60921_4_BTM,high
/home/bmeluch/NMDC/nom_processing/monet_nom_metadata/raw/60921_4_B_1_WEOM_r3_Mag_21Feb24_300SA_p01_2_1_15511,nmdc:bsm-11-9q6yc161,60921_4_BTM,high
/home/bmeluch/NMDC/nom_processing/monet_nom_metadata/raw/60921_4_B_2_WEOM_r1_Mag_21Feb24_300SA_p01_3_1_15462,nmdc:bsm-11-9q6yc161,60921_4_BTM,high
/home/bmeluch/NMDC/nom_processing/monet_nom_metadata/raw/60921_4_B_2_WEOM_r2_Mag_21Feb24_300SA_p01_3_1_15492,nmdc:bsm-11-9q6yc161,60921_4_BTM,high
/home/bmeluch/NMDC/nom_processing/monet_nom_metadata/raw/60921_4_B_2_WEOM_r3_Mag_21Feb24_300SA_p01_3_1_15495,nmdc:bsm-11-9q6yc161,60921_4_BTM,high
/home/bmeluch/NMDC/nom_processing/monet_nom_metadata/raw/60921_4_B_3_WEOM_r1_Mag_21Feb24_300SA_p01_4_1_15470,nmdc:bsm-11-9q6yc161,60921_4_BTM,high
/home/bmeluch/NMDC/nom_processing/monet_nom_metadata/raw/60921_4_B_3_WEOM_r2_Mag_21Feb24_300SA_p01_4_1_15485,nmdc:bsm-11-9q6yc161,60921_4_BTM,high
/home/bmeluch/NMDC/nom_processing/monet_nom_metadata/raw/60921_4_B_3_WEOM_r3_Mag_21Feb24_300SA_p01_4_1_15501,nmdc:bsm-11-9q6yc161,60921_4_BTM,high
/home/bmeluch/NMDC/nom_processing/monet_nom_metadata/raw/60921_4_BTM_1_MAOM_r1_Mag_27Dec24_3p3kV_300SA_p01_24_1_21350,nmdc:bsm-11-9q6yc161,60921_4_BTM,high
/home/bmeluch/NMDC/nom_processing/monet_nom_metadata/raw/60921_4_BTM_1_MAOM_r2_Mag_27Dec24_3p3kV_300SA_p01_24_1_21371,nmdc:bsm-11-9q6yc161,60921_4_BTM,high
/home/bmeluch/NMDC/nom_processing/monet_nom_metadata/raw/60921_4_BTM_1_MAOM_r3_Mag_27Dec24_3p3kV_300SA_p01_24_1_21408,nmdc:bsm-11-9q6yc161,60921_4_BTM,high
/home/bmeluch/NMDC/nom_processing/monet_nom_metadata/raw/60921_4_BTM_2_MAOM_r1_Mag_27Dec24_3p3kV_300SA_p01_25_1_21330,nmdc:bsm-11-9q6yc161,60921_4_BTM,high
/home/bmeluch/NMDC/nom_processing/monet_nom_metadata/raw/60921_4_BTM_2_MAOM_r2_Mag_27Dec24_3p3kV_300SA_p01_25_1_21361,nmdc:bsm-11-9q6yc161,60921_4_BTM,high
/home/bmeluch/NMDC/nom_processing/monet_nom_metadata/raw/60921_4_BTM_2_MAOM_r3_Mag_27Dec24_3p3kV_300SA_p01_25_1_21394,nmdc:bsm-11-9q6yc161,60921_4_BTM,high
/home/bmeluch/NMDC/nom_processing/monet_nom_metadata/raw/60921_4_BTM_3_MAOM_r1_Mag_27Dec24_3p3kV_300SA_p01_26_1_21345,nmdc:bsm-11-9q6yc161,60921_4_BTM,high
/home/bmeluch/NMDC/nom_processing/monet_nom_metadata/raw/60921_4_BTM_3_MAOM_r2_Mag_27Dec24_3p3kV_300SA_p01_26_1_21372,nmdc:bsm-11-9q6yc161,60921_4_BTM,high
/home/bmeluch/NMDC/nom_processing/monet_nom_metadata/raw/60921_4_BTM_3_MAOM_r3_Mag_27Dec24_3p3kV_300SA_p01_26_1_21415,nmdc:bsm-11-9q6yc161,60921_4_BTM,high
/home/bmeluch/NMDC/nom_processing/monet_nom_metadata/raw/60921_4_T_1_WEOM_r1_Mag_21Feb24_300SA_p01_50_1_15461,nmdc:bsm-11-27nnkj09,60921_4_TOP,high
/home/bmeluch/NMDC/nom_processing/monet_nom_metadata/raw/60921_4_T_1_WEOM_r2_Mag_21Feb24_300SA_p01_50_1_15479,nmdc:bsm-11-27nnkj09,60921_4_TOP,high
/home/bmeluch/NMDC/nom_processing/monet_nom_metadata/raw/60921_4_T_1_WEOM_r3_Mag_21Feb24_300SA_p01_50_1_15500,nmdc:bsm-11-27nnkj09,60921_4_TOP,high
/home/bmeluch/NMDC/nom_processing/monet_nom_metadata/raw/60921_4_T_2_WEOM_r1_Mag_21Feb24_300SA_p01_51_1_15459,nmdc:bsm-11-27nnkj09,60921_4_TOP,high
/home/bmeluch/NMDC/nom_processing/monet_nom_metadata/raw/60921_4_T_2_WEOM_r2_Mag_21Feb24_300SA_p01_51_1_15476,nmdc:bsm-11-27nnkj09,60921_4_TOP,high
/home/bmeluch/NMDC/nom_processing/monet_nom_metadata/raw/60921_4_T_2_WEOM_r3_Mag_21Feb24_300SA_p01_51_1_15505,nmdc:bsm-11-27nnkj09,60921_4_TOP,high
/home/bmeluch/NMDC/nom_processing/monet_nom_metadata/raw/60921_4_T_3_WEOM_r1_Mag_21Feb24_300SA_p01_1_1_15465,nmdc:bsm-11-27nnkj09,60921_4_TOP,high
/home/bmeluch/NMDC/nom_processing/monet_nom_metadata/raw/60921_4_T_3_WEOM_r2_Mag_21Feb24_300SA_p01_1_1_15484,nmdc:bsm-11-27nnkj09,60921_4_TOP,high
/home/bmeluch/NMDC/nom_processing/monet_nom_metadata/raw/60921_4_T_3_WEOM_r3_Mag_21Feb24_300SA_p01_1_1_15510,nmdc:bsm-11-27nnkj09,60921_4_TOP,high
/home/bmeluch/NMDC/nom_processing/monet_nom_metadata/raw/60921_4_TOP_1_MAOM_r1_Mag_27Dec24_3p3kV_300SA_p01_21_1_21329,nmdc:bsm-11-27nnkj09,60921_4_TOP,high
/home/bmeluch/NMDC/nom_processing/monet_nom_metadata/raw/60921_4_TOP_1_MAOM_r2_Mag_27Dec24_3p3kV_300SA_p01_21_1_21369,nmdc:bsm-11-27nnkj09,60921_4_TOP,high
/home/bmeluch/NMDC/nom_processing/monet_nom_metadata/raw/60921_4_TOP_1_MAOM_r3_Mag_27Dec24_3p3kV_300SA_p01_21_1_21413,nmdc:bsm-11-27nnkj09,60921_4_TOP,high
/home/bmeluch/NMDC/nom_processing/monet_nom_metadata/raw/60921_4_TOP_2_MAOM_r1_Mag_27Dec24_3p3kV_300SA_p01_22_1_21344,nmdc:bsm-11-27nnkj09,60921_4_TOP,high
/home/bmeluch/NMDC/nom_processing/monet_nom_metadata/raw/60921_4_TOP_2_MAOM_r2_Mag_27Dec24_3p3kV_300SA_p01_22_1_21362,nmdc:bsm-11-27nnkj09,60921_4_TOP,high
/home/bmeluch/NMDC/nom_processing/monet_nom_metadata/raw/60921_4_TOP_2_MAOM_r3_Mag_27Dec24_3p3kV_300SA_p01_22_1_21397,nmdc:bsm-11-27nnkj09,60921_4_TOP,high
/home/bmeluch/NMDC/nom_processing/monet_nom_metadata/raw/60921_4_TOP_3_MAOM_r1_Mag_27Dec24_3p3kV_300SA_p01_23_1_21351,nmdc:bsm-11-27nnkj09,60921_4_TOP,high
/home/bmeluch/NMDC/nom_processing/monet_nom_metadata/raw/60921_4_TOP_3_MAOM_r2_Mag_27Dec24_3p3kV_300SA_p01_23_1_21390,nmdc:bsm-11-27nnkj09,60921_4_TOP,high
/home/bmeluch/NMDC/nom_processing/monet_nom_metadata/raw/60921_4_TOP_3_MAOM_r3_Mag_27Dec24_3p3kV_300SA_p01_23_1_21411,nmdc:bsm-11-27nnkj09,60921_4_TOP,high
/home/bmeluch/NMDC/nom_processing/monet_nom_metadata/raw/60923_1_B_1_WEOM_r1_Mag_04Jan24_300SA_p01_2_1_14447,nmdc:bsm-11-xwr0ac68,60923_1_BTM,high
/home/bmeluch/NMDC/nom_processing/monet_nom_metadata/raw/60923_1_B_1_WEOM_r2_Mag_04Jan24_300SA_p01_2_1_14513,nmdc:bsm-11-xwr0ac68,60923_1_BTM,high
/home/bmeluch/NMDC/nom_processing/monet_nom_metadata/raw/60923_1_B_1_WEOM_r3_Mag_04Jan24_300SA_p01_2_1_14628,nmdc:bsm-11-xwr0ac68,60923_1_BTM,high
/home/bmeluch/NMDC/nom_processing/monet_nom_metadata/raw/60923_1_B_2_WEOM_r1_Mag_04Jan24_300SA_p01_30_1_14455,nmdc:bsm-11-xwr0ac68,60923_1_BTM,high
/home/bmeluch/NMDC/nom_processing/monet_nom_metadata/raw/60923_1_B_2_WEOM_r2_Mag_04Jan24_300SA_p01_30_1_14561,nmdc:bsm-11-xwr0ac68,60923_1_BTM,high
/home/bmeluch/NMDC/nom_processing/monet_nom_metadata/raw/60923_1_B_2_WEOM_r3_Mag_04Jan24_300SA_p01_30_1_14641,nmdc:bsm-11-xwr0ac68,60923_1_BTM,high
/home/bmeluch/NMDC/nom_processing/monet_nom_metadata/raw/60923_1_B_3_WEOM_r1_Mag_04Jan24_300SA_p01_10_1_14486,nmdc:bsm-11-xwr0ac68,60923_1_BTM,high
/home/bmeluch/NMDC/nom_processing/monet_nom_metadata/raw/60923_1_B_3_WEOM_r2_Mag_04Jan24_300SA_p01_10_1_14568,nmdc:bsm-11-xwr0ac68,60923_1_BTM,high
/home/bmeluch/NMDC/nom_processing/monet_nom_metadata/raw/60923_1_B_3_WEOM_r3_Mag_04Jan24_300SA_p01_10_1_14672,nmdc:bsm-11-xwr0ac68,60923_1_BTM,high
/home/bmeluch/NMDC/nom_processing/monet_nom_metadata/raw/60923_1_BTM_1_MAOM_r1_Mag_27Dec24_3p3kV_300SA_p01_4_1_21189,nmdc:bsm-11-xwr0ac68,60923_1_BTM,high
/home/bmeluch/NMDC/nom_processing/monet_nom_metadata/raw/60923_1_BTM_1_MAOM_r2_Mag_27Dec24_3p3kV_300SA_p01_4_1_21256,nmdc:bsm-11-xwr0ac68,60923_1_BTM,high
/home/bmeluch/NMDC/nom_processing/monet_nom_metadata/raw/60923_1_BTM_1_MAOM_r3_Mag_27Dec24_3p3kV_300SA_p01_4_1_21308,nmdc:bsm-11-xwr0ac68,60923_1_BTM,high
/home/bmeluch/NMDC/nom_processing/monet_nom_metadata/raw/60923_1_BTM_2_MAOM_r1_Mag_27Dec24_3p3kV_300SA_p01_5_1_21198,nmdc:bsm-11-xwr0ac68,60923_1_BTM,high
/home/bmeluch/NMDC/nom_processing/monet_nom_metadata/raw/60923_1_BTM_2_MAOM_r2_Mag_27Dec24_3p3kV_300SA_p01_5_1_21268,nmdc:bsm-11-xwr0ac68,60923_1_BTM,high
/home/bmeluch/NMDC/nom_processing/monet_nom_metadata/raw/60923_1_BTM_2_MAOM_r3_Mag_27Dec24_3p3kV_300SA_p01_5_1_21272,nmdc:bsm-11-xwr0ac68,60923_1_BTM,high
/home/bmeluch/NMDC/nom_processing/monet_nom_metadata/raw/60923_1_BTM_3_MAOM_r1_Mag_27Dec24_3p3kV_300SA_p01_6_1_21212,nmdc:bsm-11-xwr0ac68,60923_1_BTM,high
/home/bmeluch/NMDC/nom_processing/monet_nom_metadata/raw/60923_1_BTM_3_MAOM_r2_Mag_27Dec24_3p3kV_300SA_p01_6_1_21225,nmdc:bsm-11-xwr0ac68,60923_1_BTM,high
/home/bmeluch/NMDC/nom_processing/monet_nom_metadata/raw/60923_1_BTM_3_MAOM_r3_Mag_27Dec24_3p3kV_300SA_p01_6_1_21327,nmdc:bsm-11-xwr0ac68,60923_1_BTM,high
/home/bmeluch/NMDC/nom_processing/monet_nom_metadata/raw/60923_1_T_1_WEOM_r1_Mag_04Jan24_300SA_p01_1_1_14431,nmdc:bsm-11-yarccp75,60923_1_TOP,high
/home/bmeluch/NMDC/nom_processing/monet_nom_metadata/raw/60923_1_T_1_WEOM_r2_Mag_04Jan24_300SA_p01_1_1_14536,nmdc:bsm-11-yarccp75,60923_1_TOP,high
/home/bmeluch/NMDC/nom_processing/monet_nom_metadata/raw/60923_1_T_1_WEOM_r3_Mag_04Jan24_300SA_p01_1_1_14624,nmdc:bsm-11-yarccp75,60923_1_TOP,high
/home/bmeluch/NMDC/nom_processing/monet_nom_metadata/raw/60923_1_T_2_WEOM_r1_Mag_04Jan24_300SA_p01_29_1_14470,nmdc:bsm-11-yarccp75,60923_1_TOP,high
/home/bmeluch/NMDC/nom_processing/monet_nom_metadata/raw/60923_1_T_2_WEOM_r2_Mag_04Jan24_300SA_p01_29_1_14542,nmdc:bsm-11-yarccp75,60923_1_TOP,high
/home/bmeluch/NMDC/nom_processing/monet_nom_metadata/raw/60923_1_T_2_WEOM_r3_Mag_04Jan24_300SA_p01_29_1_14650,nmdc:bsm-11-yarccp75,60923_1_TOP,high
/home/bmeluch/NMDC/nom_processing/monet_nom_metadata/raw/60923_1_T_3_WEOM_r1_Mag_04Jan24_300SA_p01_9_1_14503,nmdc:bsm-11-yarccp75,60923_1_TOP,high
/home/bmeluch/NMDC/nom_processing/monet_nom_metadata/raw/60923_1_T_3_WEOM_r2_Mag_04Jan24_300SA_p01_9_1_14594,nmdc:bsm-11-yarccp75,60923_1_TOP,high
/home/bmeluch/NMDC/nom_processing/monet_nom_metadata/raw/60923_1_T_3_WEOM_r3_Mag_04Jan24_300SA_p01_9_1_14670,nmdc:bsm-11-yarccp75,60923_1_TOP,high
/home/bmeluch/NMDC/nom_processing/monet_nom_metadata/raw/60923_1_TOP_1_MAOM_r1_Mag_27Dec24_3p3kV_300SA_p01_1_1_21175,nmdc:bsm-11-yarccp75,60923_1_TOP,high
/home/bmeluch/NMDC/nom_processing/monet_nom_metadata/raw/60923_1_TOP_1_MAOM_r2_Mag_27Dec24_3p3kV_300SA_p01_1_1_21223,nmdc:bsm-11-yarccp75,60923_1_TOP,high
/home/bmeluch/NMDC/nom_processing/monet_nom_metadata/raw/60923_1_TOP_1_MAOM_r3_Mag_27Dec24_3p3kV_300SA_p01_1_1_21280,nmdc:bsm-11-yarccp75,60923_1_TOP,high
/home/bmeluch/NMDC/nom_processing/monet_nom_metadata/raw/60923_1_TOP_2_MAOM_r1_Mag_27Dec24_3p3kV_300SA_p01_2_1_21186,nmdc:bsm-11-yarccp75,60923_1_TOP,high
/home/bmeluch/NMDC/nom_processing/monet_nom_metadata/raw/60923_1_TOP_2_MAOM_r2_Mag_27Dec24_3p3kV_300SA_p01_2_1_21260,nmdc:bsm-11-yarccp75,60923_1_TOP,high
/home/bmeluch/NMDC/nom_processing/monet_nom_metadata/raw/60923_1_TOP_2_MAOM_r3_Mag_27Dec24_3p3kV_300SA_p01_2_1_21312,nmdc:bsm-11-yarccp75,60923_1_TOP,high
/home/bmeluch/NMDC/nom_processing/monet_nom_metadata/raw/60923_1_TOP_3_MAOM_r1_Mag_27Dec24_3p3kV_300SA_p01_3_1_21194,nmdc:bsm-11-yarccp75,60923_1_TOP,high
/home/bmeluch/NMDC/nom_processing/monet_nom_metadata/raw/60923_1_TOP_3_MAOM_r2_Mag_27Dec24_3p3kV_300SA_p01_3_1_21269,nmdc:bsm-11-yarccp75,60923_1_TOP,high
/home/bmeluch/NMDC/nom_processing/monet_nom_metadata/raw/60923_1_TOP_3_MAOM_r3_Mag_27Dec24_3p3kV_300SA_p01_3_1_21282,nmdc:bsm-11-yarccp75,60923_1_TOP,high
/home/bmeluch/NMDC/nom_processing/monet_nom_metadata/raw/60923_10_B_1_WEOM_r1_Mag_04Jan24_300SA_p01_20_1_14428,nmdc:bsm-11-3p4q9s24,60923_10_BTM,high
/home/bmeluch/NMDC/nom_processing/monet_nom_metadata/raw/60923_10_B_1_WEOM_r2_Mag_04Jan24_300SA_p01_20_1_14534,nmdc:bsm-11-3p4q9s24,60923_10_BTM,high
/home/bmeluch/NMDC/nom_processing/monet_nom_metadata/raw/60923_10_B_1_WEOM_r3_Mag_04Jan24_300SA_p01_20_1_14606,nmdc:bsm-11-3p4q9s24,60923_10_BTM,high
/home/bmeluch/NMDC/nom_processing/monet_nom_metadata/raw/60923_10_B_2_WEOM_r1_Mag_04Jan24_300SA_p01_48_1_14468,nmdc:bsm-11-3p4q9s24,60923_10_BTM,high
/home/bmeluch/NMDC/nom_processing/monet_nom_metadata/raw/60923_10_B_2_WEOM_r2_Mag_04Jan24_300SA_p01_48_1_14557,nmdc:bsm-11-3p4q9s24,60923_10_BTM,high
/home/bmeluch/NMDC/nom_processing/monet_nom_metadata/raw/60923_10_B_2_WEOM_r3_Mag_04Jan24_300SA_p01_48_1_14649,nmdc:bsm-11-3p4q9s24,60923_10_BTM,high
/home/bmeluch/NMDC/nom_processing/monet_nom_metadata/raw/60923_10_B_3_WEOM_r1_Mag_04Jan24_300SA_p01_28_1_14481,nmdc:bsm-11-3p4q9s24,60923_10_BTM,high
/home/bmeluch/NMDC/nom_processing/monet_nom_metadata/raw/60923_10_B_3_WEOM_r2_Mag_04Jan24_300SA_p01_28_1_14585,nmdc:bsm-11-3p4q9s24,60923_10_BTM,high
/home/bmeluch/NMDC/nom_processing/monet_nom_metadata/raw/60923_10_B_3_WEOM_r3_Mag_04Jan24_300SA_p01_28_1_14683,nmdc:bsm-11-3p4q9s24,60923_10_BTM,high
/home/bmeluch/NMDC/nom_processing/monet_nom_metadata/raw/60923_10_BTM_1_MAOM_r1_Mag_29Jan25_3p3kV_300SA_p01_28_1_22595,nmdc:bsm-11-3p4q9s24,60923_10_BTM,high
/home/bmeluch/NMDC/nom_processing/monet_nom_metadata/raw/60923_10_BTM_1_MAOM_r2_Mag_29Jan25_3p3kV_300SA_p01_28_1_22615,nmdc:bsm-11-3p4q9s24,60923_10_BTM,high
/home/bmeluch/NMDC/nom_processing/monet_nom_metadata/raw/60923_10_BTM_1_MAOM_r3_Mag_29Jan25_3p3kV_300SA_p01_28_1_22719,nmdc:bsm-11-3p4q9s24,60923_10_BTM,high
/home/bmeluch/NMDC/nom_processing/monet_nom_metadata/raw/60923_10_BTM_2_MAOM_r1_Mag_29Jan25_3p3kV_300SA_p01_29_1_22598,nmdc:bsm-11-3p4q9s24,60923_10_BTM,high
/home/bmeluch/NMDC/nom_processing/monet_nom_metadata/raw/60923_10_BTM_2_MAOM_r2_Mag_29Jan25_3p3kV_300SA_p01_29_1_22626,nmdc:bsm-11-3p4q9s24,60923_10_BTM,high
/home/bmeluch/NMDC/nom_processing/monet_nom_metadata/raw/60923_10_BTM_2_MAOM_r3_Mag_29Jan25_3p3kV_300SA_p01_29_1_22686,nmdc:bsm-11-3p4q9s24,60923_10_BTM,high
/home/bmeluch/NMDC/nom_processing/monet_nom_metadata/raw/60923_10_BTM_3_MAOM_r1_Mag_29Jan25_3p3kV_300SA_p01_30_1_22551,nmdc:bsm-11-3p4q9s24,60923_10_BTM,high
/home/bmeluch/NMDC/nom_processing/monet_nom_metadata/raw/60923_10_BTM_3_MAOM_r2_Mag_29Jan25_3p3kV_300SA_p01_30_1_22646,nmdc:bsm-11-3p4q9s24,60923_10_BTM,high
/home/bmeluch/NMDC/nom_processing/monet_nom_metadata/raw/60923_10_BTM_3_MAOM_r3_Mag_29Jan25_3p3kV_300SA_p01_30_1_22684,nmdc:bsm-11-3p4q9s24,60923_10_BTM,high
/home/bmeluch/NMDC/nom_processing/monet_nom_metadata/raw/60923_10_T_1_WEOM_r1_Mag_04Jan24_300SA_p01_19_1_14443,nmdc:bsm-11-4598j016,60923_10_TOP,high
/home/bmeluch/NMDC/nom_processing/monet_nom_metadata/raw/60923_10_T_1_WEOM_r2_Mag_04Jan24_300SA_p01_19_1_14522,nmdc:bsm-11-4598j016,60923_10_TOP,high
/home/bmeluch/NMDC/nom_processing/monet_nom_metadata/raw/60923_10_T_1_WEOM_r3_Mag_04Jan24_300SA_p01_19_1_14611,nmdc:bsm-11-4598j016,60923_10_TOP,high
/home/bmeluch/NMDC/nom_processing/monet_nom_metadata/raw/60923_10_T_2_WEOM_r1_Mag_04Jan24_300SA_p01_47_1_14465,nmdc:bsm-11-4598j016,60923_10_TOP,high
/home/bmeluch/NMDC/nom_processing/monet_nom_metadata/raw/60923_10_T_2_WEOM_r2_Mag_04Jan24_300SA_p01_47_1_14548,nmdc:bsm-11-4598j016,60923_10_TOP,high
/home/bmeluch/NMDC/nom_processing/monet_nom_metadata/raw/60923_10_T_2_WEOM_r3_Mag_04Jan24_300SA_p01_47_1_14656,nmdc:bsm-11-4598j016,60923_10_TOP,high
/home/bmeluch/NMDC/nom_processing/monet_nom_metadata/raw/60923_10_T_3_WEOM_r1_Mag_04Jan24_300SA_p01_27_1_14480,nmdc:bsm-11-4598j016,60923_10_TOP,high
/home/bmeluch/NMDC/nom_processing/monet_nom_metadata/raw/60923_10_T_3_WEOM_r2_Mag_04Jan24_300SA_p01_27_1_14582,nmdc:bsm-11-4598j016,60923_10_TOP,high
/home/bmeluch/NMDC/nom_processing/monet_nom_metadata/raw/60923_10_T_3_WEOM_r3_Mag_04Jan24_300SA_p01_27_1_14667,nmdc:bsm-11-4598j016,60923_10_TOP,high
/home/bmeluch/NMDC/nom_processing/monet_nom_metadata/raw/60923_10_TOP_1_MAOM_r1_Mag_29Jan25_3p3kV_300SA_p01_25_1_22554,nmdc:bsm-11-4598j016,60923_10_TOP,high
/home/bmeluch/NMDC/nom_processing/monet_nom_metadata/raw/60923_10_TOP_1_MAOM_r2_Mag_29Jan25_3p3kV_300SA_p01_25_1_22622,nmdc:bsm-11-4598j016,60923_10_TOP,high
/home/bmeluch/NMDC/nom_processing/monet_nom_metadata/raw/60923_10_TOP_1_MAOM_r3_Mag_29Jan25_3p3kV_300SA_p01_25_1_22680,nmdc:bsm-11-4598j016,60923_10_TOP,high
/home/bmeluch/NMDC/nom_processing/monet_nom_metadata/raw/60923_10_TOP_2_MAOM_r1_Mag_29Jan25_3p3kV_300SA_p01_26_1_22546,nmdc:bsm-11-4598j016,60923_10_TOP,high
/home/bmeluch/NMDC/nom_processing/monet_nom_metadata/raw/60923_10_TOP_2_MAOM_r2_Mag_29Jan25_3p3kV_300SA_p01_26_1_22660,nmdc:bsm-11-4598j016,60923_10_TOP,high
/home/bmeluch/NMDC/nom_processing/monet_nom_metadata/raw/60923_10_TOP_2_MAOM_r3_Mag_29Jan25_3p3kV_300SA_p01_26_1_22671,nmdc:bsm-11-4598j016,60923_10_TOP,high
/home/bmeluch/NMDC/nom_processing/monet_nom_metadata/raw/60923_10_TOP_3_MAOM_r1_Mag_29Jan25_3p3kV_300SA_p01_27_1_22601,nmdc:bsm-11-4598j016,60923_10_TOP,high
/home/bmeluch/NMDC/nom_processing/monet_nom_metadata/raw/60923_10_TOP_3_MAOM_r2_Mag_29Jan25_3p3kV_300SA_p01_27_1_22618,nmdc:bsm-11-4598j016,60923_10_TOP,high
/home/bmeluch/NMDC/nom_processing/monet_nom_metadata/raw/60923_10_TOP_3_MAOM_r3_Mag_29Jan25_3p3kV_300SA_p01_27_1_22704,nmdc:bsm-11-4598j016,60923_10_TOP,high
/home/bmeluch/NMDC/nom_processing/monet_nom_metadata/raw/60923_11_B_1_WEOM_r1_Mag_04Jan24_300SA_p01_22_1_14435,nmdc:bsm-11-cemf6c90,60923_11_BTM,high
/home/bmeluch/NMDC/nom_processing/monet_nom_metadata/raw/60923_11_B_1_WEOM_r2_Mag_04Jan24_300SA_p01_22_1_14528,nmdc:bsm-11-cemf6c90,60923_11_BTM,high
/home/bmeluch/NMDC/nom_processing/monet_nom_metadata/raw/60923_11_B_1_WEOM_r3_Mag_04Jan24_300SA_p01_22_1_14614,nmdc:bsm-11-cemf6c90,60923_11_BTM,high
/home/bmeluch/NMDC/nom_processing/monet_nom_metadata/raw/60923_11_B_2_WEOM_r1_Mag_04Jan24_300SA_p01_2_1_14471,nmdc:bsm-11-cemf6c90,60923_11_BTM,high
/home/bmeluch/NMDC/nom_processing/monet_nom_metadata/raw/60923_11_B_2_WEOM_r2_Mag_04Jan24_300SA_p01_2_1_14560,nmdc:bsm-11-cemf6c90,60923_11_BTM,high
/home/bmeluch/NMDC/nom_processing/monet_nom_metadata/raw/60923_11_B_2_WEOM_r3_Mag_04Jan24_300SA_p01_2_1_14646,nmdc:bsm-11-cemf6c90,60923_11_BTM,high
/home/bmeluch/NMDC/nom_processing/monet_nom_metadata/raw/60923_11_B_3_WEOM_r1_Mag_04Jan24_300SA_p01_30_1_14499,nmdc:bsm-11-cemf6c90,60923_11_BTM,high
/home/bmeluch/NMDC/nom_processing/monet_nom_metadata/raw/60923_11_B_3_WEOM_r2_Mag_04Jan24_300SA_p01_30_1_14573,nmdc:bsm-11-cemf6c90,60923_11_BTM,high
/home/bmeluch/NMDC/nom_processing/monet_nom_metadata/raw/60923_11_B_3_WEOM_r3_Mag_04Jan24_300SA_p01_30_1_14673,nmdc:bsm-11-cemf6c90,60923_11_BTM,high
/home/bmeluch/NMDC/nom_processing/monet_nom_metadata/raw/60923_11_BTM_1_MAOM_r1_Mag_29Jan25_3p3kV_300SA_p01_38_1_22582,nmdc:bsm-11-cemf6c90,60923_11_BTM,high
/home/bmeluch/NMDC/nom_processing/monet_nom_metadata/raw/60923_11_BTM_1_MAOM_r2_Mag_29Jan25_3p3kV_300SA_p01_38_1_22624,nmdc:bsm-11-cemf6c90,60923_11_BTM,high
/home/bmeluch/NMDC/nom_processing/monet_nom_metadata/raw/60923_11_BTM_1_MAOM_r3_Mag_29Jan25_3p3kV_300SA_p01_38_1_22690,nmdc:bsm-11-cemf6c90,60923_11_BTM,high
/home/bmeluch/NMDC/nom_processing/monet_nom_metadata/raw/60923_11_BTM_2_MAOM_r1_Mag_29Jan25_3p3kV_300SA_p01_39_1_22572,nmdc:bsm-11-cemf6c90,60923_11_BTM,high
/home/bmeluch/NMDC/nom_processing/monet_nom_metadata/raw/60923_11_BTM_2_MAOM_r2_Mag_29Jan25_3p3kV_300SA_p01_39_1_22640,nmdc:bsm-11-cemf6c90,60923_11_BTM,high
/home/bmeluch/NMDC/nom_processing/monet_nom_metadata/raw/60923_11_BTM_2_MAOM_r3_Mag_29Jan25_3p3kV_300SA_p01_39_1_22715,nmdc:bsm-11-cemf6c90,60923_11_BTM,high
/home/bmeluch/NMDC/nom_processing/monet_nom_metadata/raw/60923_11_BTM_3_MAOM_r1_Mag_29Jan25_3p3kV_300SA_p01_40_1_22596,nmdc:bsm-11-cemf6c90,60923_11_BTM,high
/home/bmeluch/NMDC/nom_processing/monet_nom_metadata/raw/60923_11_BTM_3_MAOM_r2_Mag_29Jan25_3p3kV_300SA_p01_40_1_22644,nmdc:bsm-11-cemf6c90,60923_11_BTM,high
/home/bmeluch/NMDC/nom_processing/monet_nom_metadata/raw/60923_11_BTM_3_MAOM_r3_Mag_29Jan25_3p3kV_300SA_p01_40_1_22678,nmdc:bsm-11-cemf6c90,60923_11_BTM,high
/home/bmeluch/NMDC/nom_processing/monet_nom_metadata/raw/60923_11_T_1_WEOM_r1_Mag_04Jan24_300SA_p01_21_1_14425,nmdc:bsm-11-7x79mg62,60923_11_TOP,high
/home/bmeluch/NMDC/nom_processing/monet_nom_metadata/raw/60923_11_T_1_WEOM_r2_Mag_04Jan24_300SA_p01_21_1_14511,nmdc:bsm-11-7x79mg62,60923_11_TOP,high
/home/bmeluch/NMDC/nom_processing/monet_nom_metadata/raw/60923_11_T_1_WEOM_r3_Mag_04Jan24_300SA_p01_21_1_14625,nmdc:bsm-11-7x79mg62,60923_11_TOP,high
/home/bmeluch/NMDC/nom_processing/monet_nom_metadata/raw/60923_11_T_2_WEOM_r1_Mag_04Jan24_300SA_p01_1_1_14452,nmdc:bsm-11-7x79mg62,60923_11_TOP,high
/home/bmeluch/NMDC/nom_processing/monet_nom_metadata/raw/60923_11_T_2_WEOM_r2_Mag_04Jan24_300SA_p01_1_1_14566,nmdc:bsm-11-7x79mg62,60923_11_TOP,high
/home/bmeluch/NMDC/nom_processing/monet_nom_metadata/raw/60923_11_T_2_WEOM_r3_Mag_04Jan24_300SA_p01_1_1_14640,nmdc:bsm-11-7x79mg62,60923_11_TOP,high
/home/bmeluch/NMDC/nom_processing/monet_nom_metadata/raw/60923_11_T_3_WEOM_r1_Mag_04Jan24_300SA_p01_29_1_14490,nmdc:bsm-11-7x79mg62,60923_11_TOP,high
/home/bmeluch/NMDC/nom_processing/monet_nom_metadata/raw/60923_11_T_3_WEOM_r2_Mag_04Jan24_300SA_p01_29_1_14583,nmdc:bsm-11-7x79mg62,60923_11_TOP,high
/home/bmeluch/NMDC/nom_processing/monet_nom_metadata/raw/60923_11_T_3_WEOM_r3_Mag_04Jan24_300SA_p01_29_1_14684,nmdc:bsm-11-7x79mg62,60923_11_TOP,high
/home/bmeluch/NMDC/nom_processing/monet_nom_metadata/raw/60923_11_TOP_1_MAOM_r1_Mag_29Jan25_3p3kV_300SA_p01_31_1_22558,nmdc:bsm-11-7x79mg62,60923_11_TOP,high
/home/bmeluch/NMDC/nom_processing/monet_nom_metadata/raw/60923_11_TOP_1_MAOM_r2_Mag_29Jan25_3p3kV_300SA_p01_31_1_22608,nmdc:bsm-11-7x79mg62,60923_11_TOP,high
/home/bmeluch/NMDC/nom_processing/monet_nom_metadata/raw/60923_11_TOP_1_MAOM_r3_Mag_29Jan25_3p3kV_300SA_p01_31_1_22692,nmdc:bsm-11-7x79mg62,60923_11_TOP,high
/home/bmeluch/NMDC/nom_processing/monet_nom_metadata/raw/60923_11_TOP_2_MAOM_r1_Mag_29Jan25_3p3kV_300SA_p01_32_1_22552,nmdc:bsm-11-7x79mg62,60923_11_TOP,high
/home/bmeluch/NMDC/nom_processing/monet_nom_metadata/raw/60923_11_TOP_2_MAOM_r2_Mag_29Jan25_3p3kV_300SA_p01_32_1_22623,nmdc:bsm-11-7x79mg62,60923_11_TOP,high
/home/bmeluch/NMDC/nom_processing/monet_nom_metadata/raw/60923_11_TOP_2_MAOM_r3_Mag_29Jan25_3p3kV_300SA_p01_32_1_22701,nmdc:bsm-11-7x79mg62,60923_11_TOP,high
/home/bmeluch/NMDC/nom_processing/monet_nom_metadata/raw/60923_11_TOP_3_MAOM_r1_Mag_29Jan25_3p3kV_300SA_p01_33_1_22550,nmdc:bsm-11-7x79mg62,60923_11_TOP,high
/home/bmeluch/NMDC/nom_processing/monet_nom_metadata/raw/60923_11_TOP_3_MAOM_r2_Mag_29Jan25_3p3kV_300SA_p01_33_1_22661,nmdc:bsm-11-7x79mg62,60923_11_TOP,high
/home/bmeluch/NMDC/nom_processing/monet_nom_metadata/raw/60923_11_TOP_3_MAOM_r3_Mag_13Jan25_3p3kV_300SA_p01_36_1_22116,nmdc:bsm-11-7x79mg62,60923_11_TOP,high
/home/bmeluch/NMDC/nom_processing/monet_nom_metadata/raw/60923_12_B_1_WEOM_r1_Mag_04Jan24_300SA_p01_24_1_14423,nmdc:bsm-11-xajpcq62,60923_12_BTM,high
/home/bmeluch/NMDC/nom_processing/monet_nom_metadata/raw/60923_12_B_1_WEOM_r2_Mag_04Jan24_300SA_p01_24_1_14527,nmdc:bsm-11-xajpcq62,60923_12_BTM,high
/home/bmeluch/NMDC/nom_processing/monet_nom_metadata/raw/60923_12_B_1_WEOM_r3_Mag_04Jan24_300SA_p01_24_1_14627,nmdc:bsm-11-xajpcq62,60923_12_BTM,high
/home/bmeluch/NMDC/nom_processing/monet_nom_metadata/raw/60923_12_B_2_WEOM_r1_Mag_04Jan24_300SA_p01_4_1_14457,nmdc:bsm-11-xajpcq62,60923_12_BTM,high
/home/bmeluch/NMDC/nom_processing/monet_nom_metadata/raw/60923_12_B_2_WEOM_r2_Mag_04Jan24_300SA_p01_4_1_14544,nmdc:bsm-11-xajpcq62,60923_12_BTM,high
/home/bmeluch/NMDC/nom_processing/monet_nom_metadata/raw/60923_12_B_2_WEOM_r3_Mag_04Jan24_300SA_p01_4_1_14654,nmdc:bsm-11-xajpcq62,60923_12_BTM,high
/home/bmeluch/NMDC/nom_processing/monet_nom_metadata/raw/60923_12_B_3_WEOM_r1_Mag_04Jan24_300SA_p01_32_1_14497,nmdc:bsm-11-xajpcq62,60923_12_BTM,high
/home/bmeluch/NMDC/nom_processing/monet_nom_metadata/raw/60923_12_B_3_WEOM_r2_Mag_04Jan24_300SA_p01_32_1_14589,nmdc:bsm-11-xajpcq62,60923_12_BTM,high
/home/bmeluch/NMDC/nom_processing/monet_nom_metadata/raw/60923_12_B_3_WEOM_r3_Mag_04Jan24_300SA_p01_32_1_14678,nmdc:bsm-11-xajpcq62,60923_12_BTM,high
/home/bmeluch/NMDC/nom_processing/monet_nom_metadata/raw/60923_12_BTM_1_MAOM_r1_Mag_29Jan25_3p3kV_300SA_p01_43_1_22580,nmdc:bsm-11-xajpcq62,60923_12_BTM,high
/home/bmeluch/NMDC/nom_processing/monet_nom_metadata/raw/60923_12_BTM_1_MAOM_r2_Mag_29Jan25_3p3kV_300SA_p01_43_1_22649,nmdc:bsm-11-xajpcq62,60923_12_BTM,high
/home/bmeluch/NMDC/nom_processing/monet_nom_metadata/raw/60923_12_BTM_1_MAOM_r3_Mag_29Jan25_3p3kV_300SA_p01_43_1_22683,nmdc:bsm-11-xajpcq62,60923_12_BTM,high
/home/bmeluch/NMDC/nom_processing/monet_nom_metadata/raw/60923_12_BTM_2_MAOM_r1_Mag_29Jan25_3p3kV_300SA_p01_44_1_22547,nmdc:bsm-11-xajpcq62,60923_12_BTM,high
/home/bmeluch/NMDC/nom_processing/monet_nom_metadata/raw/60923_12_BTM_2_MAOM_r2_Mag_29Jan25_3p3kV_300SA_p01_44_1_22627,nmdc:bsm-11-xajpcq62,60923_12_BTM,high
/home/bmeluch/NMDC/nom_processing/monet_nom_metadata/raw/60923_12_BTM_2_MAOM_r3_Mag_29Jan25_3p3kV_300SA_p01_44_1_22673,nmdc:bsm-11-xajpcq62,60923_12_BTM,high
/home/bmeluch/NMDC/nom_processing/monet_nom_metadata/raw/60923_12_BTM_3_MAOM_r1_Mag_29Jan25_3p3kV_300SA_p01_45_1_22586,nmdc:bsm-11-xajpcq62,60923_12_BTM,high
/home/bmeluch/NMDC/nom_processing/monet_nom_metadata/raw/60923_12_BTM_3_MAOM_r2_Mag_29Jan25_3p3kV_300SA_p01_45_1_22643,nmdc:bsm-11-xajpcq62,60923_12_BTM,high
/home/bmeluch/NMDC/nom_processing/monet_nom_metadata/raw/60923_12_BTM_3_MAOM_r3_Mag_29Jan25_3p3kV_300SA_p01_45_1_22702,nmdc:bsm-11-xajpcq62,60923_12_BTM,high
/home/bmeluch/NMDC/nom_processing/monet_nom_metadata/raw/60923_12_T_1_WEOM_r1_Mag_04Jan24_300SA_p01_23_1_14424,nmdc:bsm-11-sngh0d75,60923_12_TOP,high
/home/bmeluch/NMDC/nom_processing/monet_nom_metadata/raw/60923_12_T_1_WEOM_r2_Mag_04Jan24_300SA_p01_23_1_14515,nmdc:bsm-11-sngh0d75,60923_12_TOP,high
/home/bmeluch/NMDC/nom_processing/monet_nom_metadata/raw/60923_12_T_1_WEOM_r3_Mag_04Jan24_300SA_p01_23_1_14603,nmdc:bsm-11-sngh0d75,60923_12_TOP,high
/home/bmeluch/NMDC/nom_processing/monet_nom_metadata/raw/60923_12_T_2_WEOM_r1_Mag_04Jan24_300SA_p01_3_1_14476,nmdc:bsm-11-sngh0d75,60923_12_TOP,high
/home/bmeluch/NMDC/nom_processing/monet_nom_metadata/raw/60923_12_T_2_WEOM_r2_Mag_04Jan24_300SA_p01_3_1_14563,nmdc:bsm-11-sngh0d75,60923_12_TOP,high
/home/bmeluch/NMDC/nom_processing/monet_nom_metadata/raw/60923_12_T_2_WEOM_r3_Mag_04Jan24_300SA_p01_3_1_14638,nmdc:bsm-11-sngh0d75,60923_12_TOP,high
/home/bmeluch/NMDC/nom_processing/monet_nom_metadata/raw/60923_12_T_3_WEOM_r1_Mag_04Jan24_300SA_p01_31_1_14502,nmdc:bsm-11-sngh0d75,60923_12_TOP,high
/home/bmeluch/NMDC/nom_processing/monet_nom_metadata/raw/60923_12_T_3_WEOM_r2_Mag_04Jan24_300SA_p01_31_1_14572,nmdc:bsm-11-sngh0d75,60923_12_TOP,high
/home/bmeluch/NMDC/nom_processing/monet_nom_metadata/raw/60923_12_T_3_WEOM_r3_Mag_04Jan24_300SA_p01_31_1_14661,nmdc:bsm-11-sngh0d75,60923_12_TOP,high
/home/bmeluch/NMDC/nom_processing/monet_nom_metadata/raw/60923_12_TOP_1_MAOM_r1_Mag_29Jan25_3p3kV_300SA_p01_41_1_22594,nmdc:bsm-11-sngh0d75,60923_12_TOP,high
/home/bmeluch/NMDC/nom_processing/monet_nom_metadata/raw/60923_12_TOP_1_MAOM_r2_Mag_29Jan25_3p3kV_300SA_p01_41_1_22658,nmdc:bsm-11-sngh0d75,60923_12_TOP,high
/home/bmeluch/NMDC/nom_processing/monet_nom_metadata/raw/60923_12_TOP_1_MAOM_r3_Mag_29Jan25_3p3kV_300SA_p01_41_1_22682,nmdc:bsm-11-sngh0d75,60923_12_TOP,high
/home/bmeluch/NMDC/nom_processing/monet_nom_metadata/raw/60923_12_TOP_2_MAOM_r1_Mag_29Jan25_3p3kV_300SA_p01_42_1_22545,nmdc:bsm-11-sngh0d75,60923_12_TOP,high
/home/bmeluch/NMDC/nom_processing/monet_nom_metadata/raw/60923_12_TOP_2_MAOM_r2_Mag_29Jan25_3p3kV_300SA_p01_42_1_22657,nmdc:bsm-11-sngh0d75,60923_12_TOP,high
/home/bmeluch/NMDC/nom_processing/monet_nom_metadata/raw/60923_12_TOP_2_MAOM_r3_Mag_29Jan25_3p3kV_300SA_p01_42_1_22679,nmdc:bsm-11-sngh0d75,60923_12_TOP,high
/home/bmeluch/NMDC/nom_processing/monet_nom_metadata/raw/60923_13_B_1_WEOM_r1_Mag_04Jan24_300SA_p01_26_1_14445,nmdc:bsm-11-x57kpq54,60923_13_BTM,high
/home/bmeluch/NMDC/nom_processing/monet_nom_metadata/raw/60923_13_B_1_WEOM_r2_Mag_04Jan24_300SA_p01_26_1_14523,nmdc:bsm-11-x57kpq54,60923_13_BTM,high
/home/bmeluch/NMDC/nom_processing/monet_nom_metadata/raw/60923_13_B_1_WEOM_r3_Mag_04Jan24_300SA_p01_26_1_14601,nmdc:bsm-11-x57kpq54,60923_13_BTM,high
/home/bmeluch/NMDC/nom_processing/monet_nom_metadata/raw/60923_13_B_2_WEOM_r1_Mag_04Jan24_300SA_p01_6_1_14451,nmdc:bsm-11-x57kpq54,60923_13_BTM,high
/home/bmeluch/NMDC/nom_processing/monet_nom_metadata/raw/60923_13_B_2_WEOM_r2_Mag_04Jan24_300SA_p01_6_1_14562,nmdc:bsm-11-x57kpq54,60923_13_BTM,high
/home/bmeluch/NMDC/nom_processing/monet_nom_metadata/raw/60923_13_B_2_WEOM_r3_Mag_04Jan24_300SA_p01_6_1_14631,nmdc:bsm-11-x57kpq54,60923_13_BTM,high
/home/bmeluch/NMDC/nom_processing/monet_nom_metadata/raw/60923_13_B_3_WEOM_r1_Mag_04Jan24_300SA_p01_34_1_14479,nmdc:bsm-11-x57kpq54,60923_13_BTM,high
/home/bmeluch/NMDC/nom_processing/monet_nom_metadata/raw/60923_13_B_3_WEOM_r2_Mag_04Jan24_300SA_p01_34_1_14569,nmdc:bsm-11-x57kpq54,60923_13_BTM,high
/home/bmeluch/NMDC/nom_processing/monet_nom_metadata/raw/60923_13_B_3_WEOM_r3_Mag_04Jan24_300SA_p01_34_1_14685,nmdc:bsm-11-x57kpq54,60923_13_BTM,high
/home/bmeluch/NMDC/nom_processing/monet_nom_metadata/raw/60923_13_BTM_1_MAOM_r1_Mag_22Jan25_3p3kV_300SA_p01_1_1_22232,nmdc:bsm-11-x57kpq54,60923_13_BTM,high
/home/bmeluch/NMDC/nom_processing/monet_nom_metadata/raw/60923_13_BTM_1_MAOM_r2_Mag_22Jan25_3p3kV_300SA_p01_1_1_22315,nmdc:bsm-11-x57kpq54,60923_13_BTM,high
/home/bmeluch/NMDC/nom_processing/monet_nom_metadata/raw/60923_13_BTM_1_MAOM_r3_Mag_22Jan25_3p3kV_300SA_p01_1_1_22330,nmdc:bsm-11-x57kpq54,60923_13_BTM,high
/home/bmeluch/NMDC/nom_processing/monet_nom_metadata/raw/60923_13_BTM_2_MAOM_r1_Mag_22Jan25_3p3kV_300SA_p01_2_1_22242,nmdc:bsm-11-x57kpq54,60923_13_BTM,high
/home/bmeluch/NMDC/nom_processing/monet_nom_metadata/raw/60923_13_BTM_2_MAOM_r2_Mag_22Jan25_3p3kV_300SA_p01_2_1_22302,nmdc:bsm-11-x57kpq54,60923_13_BTM,high
/home/bmeluch/NMDC/nom_processing/monet_nom_metadata/raw/60923_13_BTM_2_MAOM_r3_Mag_22Jan25_3p3kV_300SA_p01_2_1_22370,nmdc:bsm-11-x57kpq54,60923_13_BTM,high
/home/bmeluch/NMDC/nom_processing/monet_nom_metadata/raw/60923_13_BTM_3_MAOM_r1_Mag_22Jan25_3p3kV_300SA_p01_3_1_22219,nmdc:bsm-11-x57kpq54,60923_13_BTM,high
/home/bmeluch/NMDC/nom_processing/monet_nom_metadata/raw/60923_13_BTM_3_MAOM_r2_Mag_22Jan25_3p3kV_300SA_p01_3_1_22257,nmdc:bsm-11-x57kpq54,60923_13_BTM,high
/home/bmeluch/NMDC/nom_processing/monet_nom_metadata/raw/60923_13_BTM_3_MAOM_r3_Mag_22Jan25_3p3kV_300SA_p01_3_1_22326,nmdc:bsm-11-x57kpq54,60923_13_BTM,high
/home/bmeluch/NMDC/nom_processing/monet_nom_metadata/raw/60923_13_T_1_WEOM_r1_Mag_04Jan24_300SA_p01_25_1_14438,nmdc:bsm-11-ck686d84,60923_13_TOP,high
/home/bmeluch/NMDC/nom_processing/monet_nom_metadata/raw/60923_13_T_1_WEOM_r2_Mag_04Jan24_300SA_p01_25_1_14520,nmdc:bsm-11-ck686d84,60923_13_TOP,high
/home/bmeluch/NMDC/nom_processing/monet_nom_metadata/raw/60923_13_T_1_WEOM_r3_Mag_04Jan24_300SA_p01_25_1_14602,nmdc:bsm-11-ck686d84,60923_13_TOP,high
/home/bmeluch/NMDC/nom_processing/monet_nom_metadata/raw/60923_13_T_2_WEOM_r1_Mag_04Jan24_300SA_p01_5_1_14458,nmdc:bsm-11-ck686d84,60923_13_TOP,high
/home/bmeluch/NMDC/nom_processing/monet_nom_metadata/raw/60923_13_T_2_WEOM_r2_Mag_04Jan24_300SA_p01_5_1_14550,nmdc:bsm-11-ck686d84,60923_13_TOP,high
/home/bmeluch/NMDC/nom_processing/monet_nom_metadata/raw/60923_13_T_2_WEOM_r3_Mag_04Jan24_300SA_p01_5_1_14648,nmdc:bsm-11-ck686d84,60923_13_TOP,high
/home/bmeluch/NMDC/nom_processing/monet_nom_metadata/raw/60923_13_T_3_WEOM_r1_Mag_04Jan24_300SA_p01_33_1_14487,nmdc:bsm-11-ck686d84,60923_13_TOP,high
/home/bmeluch/NMDC/nom_processing/monet_nom_metadata/raw/60923_13_T_3_WEOM_r2_Mag_04Jan24_300SA_p01_33_1_14574,nmdc:bsm-11-ck686d84,60923_13_TOP,high
/home/bmeluch/NMDC/nom_processing/monet_nom_metadata/raw/60923_13_T_3_WEOM_r3_Mag_04Jan24_300SA_p01_33_1_14671,nmdc:bsm-11-ck686d84,60923_13_TOP,high
/home/bmeluch/NMDC/nom_processing/monet_nom_metadata/raw/60923_13_TOP_1_MAOM_r1_Mag_29Jan25_3p3kV_300SA_p01_46_1_22553,nmdc:bsm-11-ck686d84,60923_13_TOP,high
/home/bmeluch/NMDC/nom_processing/monet_nom_metadata/raw/60923_13_TOP_1_MAOM_r2_Mag_29Jan25_3p3kV_300SA_p01_46_1_22612,nmdc:bsm-11-ck686d84,60923_13_TOP,high
/home/bmeluch/NMDC/nom_processing/monet_nom_metadata/raw/60923_13_TOP_1_MAOM_r3_Mag_29Jan25_3p3kV_300SA_p01_46_1_22669,nmdc:bsm-11-ck686d84,60923_13_TOP,high
/home/bmeluch/NMDC/nom_processing/monet_nom_metadata/raw/60923_13_TOP_2_MAOM_r1_Mag_29Jan25_3p3kV_300SA_p01_47_1_22561,nmdc:bsm-11-ck686d84,60923_13_TOP,high
/home/bmeluch/NMDC/nom_processing/monet_nom_metadata/raw/60923_13_TOP_2_MAOM_r2_Mag_29Jan25_3p3kV_300SA_p01_47_1_22634,nmdc:bsm-11-ck686d84,60923_13_TOP,high
/home/bmeluch/NMDC/nom_processing/monet_nom_metadata/raw/60923_13_TOP_2_MAOM_r3_Mag_29Jan25_3p3kV_300SA_p01_47_1_22700,nmdc:bsm-11-ck686d84,60923_13_TOP,high
/home/bmeluch/NMDC/nom_processing/monet_nom_metadata/raw/60923_13_TOP_3_MAOM_r1_Mag_29Jan25_3p3kV_300SA_p01_48_1_22571,nmdc:bsm-11-ck686d84,60923_13_TOP,high
/home/bmeluch/NMDC/nom_processing/monet_nom_metadata/raw/60923_13_TOP_3_MAOM_r2_Mag_29Jan25_3p3kV_300SA_p01_48_1_22604,nmdc:bsm-11-ck686d84,60923_13_TOP,high
/home/bmeluch/NMDC/nom_processing/monet_nom_metadata/raw/60923_13_TOP_3_MAOM_r3_Mag_29Jan25_3p3kV_300SA_p01_48_1_22685,nmdc:bsm-11-ck686d84,60923_13_TOP,high
/home/bmeluch/NMDC/nom_processing/monet_nom_metadata/raw/60923_14_B_1_WEOM_r1_Mag_04Jan24_300SA_p01_28_1_14439,nmdc:bsm-11-g1acwr86,60923_14_BTM,high
/home/bmeluch/NMDC/nom_processing/monet_nom_metadata/raw/60923_14_B_1_WEOM_r2_Mag_04Jan24_300SA_p01_28_1_14538,nmdc:bsm-11-g1acwr86,60923_14_BTM,high
/home/bmeluch/NMDC/nom_processing/monet_nom_metadata/raw/60923_14_B_1_WEOM_r3_Mag_04Jan24_300SA_p01_28_1_14605,nmdc:bsm-11-g1acwr86,60923_14_BTM,high
/home/bmeluch/NMDC/nom_processing/monet_nom_metadata/raw/60923_14_B_2_WEOM_r1_Mag_04Jan24_300SA_p01_8_1_14467,nmdc:bsm-11-g1acwr86,60923_14_BTM,high
/home/bmeluch/NMDC/nom_processing/monet_nom_metadata/raw/60923_14_B_2_WEOM_r2_Mag_04Jan24_300SA_p01_8_1_14545,nmdc:bsm-11-g1acwr86,60923_14_BTM,high
/home/bmeluch/NMDC/nom_processing/monet_nom_metadata/raw/60923_14_B_2_WEOM_r3_Mag_04Jan24_300SA_p01_8_1_14655,nmdc:bsm-11-g1acwr86,60923_14_BTM,high
/home/bmeluch/NMDC/nom_processing/monet_nom_metadata/raw/60923_14_B_3_WEOM_r1_Mag_04Jan24_300SA_p01_36_1_14505,nmdc:bsm-11-g1acwr86,60923_14_BTM,high
/home/bmeluch/NMDC/nom_processing/monet_nom_metadata/raw/60923_14_B_3_WEOM_r2_Mag_04Jan24_300SA_p01_36_1_14595,nmdc:bsm-11-g1acwr86,60923_14_BTM,high
/home/bmeluch/NMDC/nom_processing/monet_nom_metadata/raw/60923_14_B_3_WEOM_r3_Mag_04Jan24_300SA_p01_36_1_14686,nmdc:bsm-11-g1acwr86,60923_14_BTM,high
/home/bmeluch/NMDC/nom_processing/monet_nom_metadata/raw/60923_14_BTM_1_MAOM_r1_Mag_22Jan25_3p3kV_300SA_p01_7_1_22208,nmdc:bsm-11-g1acwr86,60923_14_BTM,high
/home/bmeluch/NMDC/nom_processing/monet_nom_metadata/raw/60923_14_BTM_1_MAOM_r2_Mag_22Jan25_3p3kV_300SA_p01_7_1_22259,nmdc:bsm-11-g1acwr86,60923_14_BTM,high
/home/bmeluch/NMDC/nom_processing/monet_nom_metadata/raw/60923_14_BTM_1_MAOM_r3_Mag_22Jan25_3p3kV_300SA_p01_7_1_22336,nmdc:bsm-11-g1acwr86,60923_14_BTM,high
/home/bmeluch/NMDC/nom_processing/monet_nom_metadata/raw/60923_14_BTM_2_MAOM_r1_Mag_22Jan25_3p3kV_300SA_p01_8_1_22229,nmdc:bsm-11-g1acwr86,60923_14_BTM,high
/home/bmeluch/NMDC/nom_processing/monet_nom_metadata/raw/60923_14_BTM_2_MAOM_r2_Mag_22Jan25_3p3kV_300SA_p01_8_1_22298,nmdc:bsm-11-g1acwr86,60923_14_BTM,high
/home/bmeluch/NMDC/nom_processing/monet_nom_metadata/raw/60923_14_BTM_2_MAOM_r3_Mag_22Jan25_3p3kV_300SA_p01_8_1_22320,nmdc:bsm-11-g1acwr86,60923_14_BTM,high
/home/bmeluch/NMDC/nom_processing/monet_nom_metadata/raw/60923_14_BTM_3_MAOM_r1_Mag_22Jan25_3p3kV_300SA_p01_9_1_22236,nmdc:bsm-11-g1acwr86,60923_14_BTM,high
/home/bmeluch/NMDC/nom_processing/monet_nom_metadata/raw/60923_14_BTM_3_MAOM_r2_Mag_22Jan25_3p3kV_300SA_p01_9_1_22310,nmdc:bsm-11-g1acwr86,60923_14_BTM,high
/home/bmeluch/NMDC/nom_processing/monet_nom_metadata/raw/60923_14_BTM_3_MAOM_r3_Mag_22Jan25_3p3kV_300SA_p01_9_1_22316,nmdc:bsm-11-g1acwr86,60923_14_BTM,high
/home/bmeluch/NMDC/nom_processing/monet_nom_metadata/raw/60923_14_T_1_WEOM_r1_Mag_04Jan24_300SA_p01_27_1_14426,nmdc:bsm-11-yqscch07,60923_14_TOP,high
/home/bmeluch/NMDC/nom_processing/monet_nom_metadata/raw/60923_14_T_1_WEOM_r2_Mag_04Jan24_300SA_p01_27_1_14510,nmdc:bsm-11-yqscch07,60923_14_TOP,high
/home/bmeluch/NMDC/nom_processing/monet_nom_metadata/raw/60923_14_T_1_WEOM_r3_Mag_04Jan24_300SA_p01_27_1_14609,nmdc:bsm-11-yqscch07,60923_14_TOP,high
/home/bmeluch/NMDC/nom_processing/monet_nom_metadata/raw/60923_14_T_2_WEOM_r1_Mag_04Jan24_300SA_p01_7_1_14456,nmdc:bsm-11-yqscch07,60923_14_TOP,high
/home/bmeluch/NMDC/nom_processing/monet_nom_metadata/raw/60923_14_T_2_WEOM_r2_Mag_04Jan24_300SA_p01_7_1_14543,nmdc:bsm-11-yqscch07,60923_14_TOP,high
/home/bmeluch/NMDC/nom_processing/monet_nom_metadata/raw/60923_14_T_2_WEOM_r3_Mag_04Jan24_300SA_p01_7_1_14632,nmdc:bsm-11-yqscch07,60923_14_TOP,high
/home/bmeluch/NMDC/nom_processing/monet_nom_metadata/raw/60923_14_T_3_WEOM_r1_Mag_04Jan24_300SA_p01_35_1_14493,nmdc:bsm-11-yqscch07,60923_14_TOP,high
/home/bmeluch/NMDC/nom_processing/monet_nom_metadata/raw/60923_14_T_3_WEOM_r2_Mag_04Jan24_300SA_p01_35_1_14592,nmdc:bsm-11-yqscch07,60923_14_TOP,high
/home/bmeluch/NMDC/nom_processing/monet_nom_metadata/raw/60923_14_T_3_WEOM_r3_Mag_04Jan24_300SA_p01_35_1_14659,nmdc:bsm-11-yqscch07,60923_14_TOP,high
/home/bmeluch/NMDC/nom_processing/monet_nom_metadata/raw/60923_14_TOP_1_MAOM_r1_Mag_22Jan25_3p3kV_300SA_p01_4_1_22201,nmdc:bsm-11-yqscch07,60923_14_TOP,high
/home/bmeluch/NMDC/nom_processing/monet_nom_metadata/raw/60923_14_TOP_1_MAOM_r2_Mag_22Jan25_3p3kV_300SA_p01_4_1_22309,nmdc:bsm-11-yqscch07,60923_14_TOP,high
/home/bmeluch/NMDC/nom_processing/monet_nom_metadata/raw/60923_14_TOP_1_MAOM_r3_Mag_22Jan25_3p3kV_300SA_p01_4_1_22375,nmdc:bsm-11-yqscch07,60923_14_TOP,high
/home/bmeluch/NMDC/nom_processing/monet_nom_metadata/raw/60923_14_TOP_2_MAOM_r1_Mag_22Jan25_3p3kV_300SA_p01_5_1_22247,nmdc:bsm-11-yqscch07,60923_14_TOP,high
/home/bmeluch/NMDC/nom_processing/monet_nom_metadata/raw/60923_14_TOP_2_MAOM_r2_Mag_22Jan25_3p3kV_300SA_p01_5_1_22264,nmdc:bsm-11-yqscch07,60923_14_TOP,high
/home/bmeluch/NMDC/nom_processing/monet_nom_metadata/raw/60923_14_TOP_2_MAOM_r3_Mag_22Jan25_3p3kV_300SA_p01_5_1_22365,nmdc:bsm-11-yqscch07,60923_14_TOP,high
/home/bmeluch/NMDC/nom_processing/monet_nom_metadata/raw/60923_14_TOP_3_MAOM_r1_Mag_22Jan25_3p3kV_300SA_p01_6_1_22200,nmdc:bsm-11-yqscch07,60923_14_TOP,high
/home/bmeluch/NMDC/nom_processing/monet_nom_metadata/raw/60923_14_TOP_3_MAOM_r2_Mag_22Jan25_3p3kV_300SA_p01_6_1_22313,nmdc:bsm-11-yqscch07,60923_14_TOP,high
/home/bmeluch/NMDC/nom_processing/monet_nom_metadata/raw/60923_14_TOP_3_MAOM_r3_Mag_22Jan25_3p3kV_300SA_p01_6_1_22356,nmdc:bsm-11-yqscch07,60923_14_TOP,high
/home/bmeluch/NMDC/nom_processing/monet_nom_metadata/raw/60923_15_B_1_WEOM_r1_Mag_04Mar24_300SA_p01_4_1_16827,nmdc:bsm-11-md1zcz76,60923_15_BTM,high
/home/bmeluch/NMDC/nom_processing/monet_nom_metadata/raw/60923_15_B_1_WEOM_r2_Mag_04Mar24_300SA_p01_4_1_16854,nmdc:bsm-11-md1zcz76,60923_15_BTM,high
/home/bmeluch/NMDC/nom_processing/monet_nom_metadata/raw/60923_15_B_1_WEOM_r3_Mag_04Mar24_300SA_p01_4_1_16941,nmdc:bsm-11-md1zcz76,60923_15_BTM,high
/home/bmeluch/NMDC/nom_processing/monet_nom_metadata/raw/60923_15_B_2_WEOM_r1_Mag_04Mar24_300SA_p01_5_1_16817,nmdc:bsm-11-md1zcz76,60923_15_BTM,high
/home/bmeluch/NMDC/nom_processing/monet_nom_metadata/raw/60923_15_B_2_WEOM_r2_Mag_04Mar24_300SA_p01_5_1_16878,nmdc:bsm-11-md1zcz76,60923_15_BTM,high
/home/bmeluch/NMDC/nom_processing/monet_nom_metadata/raw/60923_15_B_2_WEOM_r3_Mag_04Mar24_300SA_p01_5_1_16945,nmdc:bsm-11-md1zcz76,60923_15_BTM,high
/home/bmeluch/NMDC/nom_processing/monet_nom_metadata/raw/60923_15_B_3_WEOM_r2_Mag_04Mar24_300SA_p01_6_1_16904,nmdc:bsm-11-md1zcz76,60923_15_BTM,high
/home/bmeluch/NMDC/nom_processing/monet_nom_metadata/raw/60923_15_B_3_WEOM_r3_Mag_04Mar24_300SA_p01_6_1_16952,nmdc:bsm-11-md1zcz76,60923_15_BTM,high
/home/bmeluch/NMDC/nom_processing/monet_nom_metadata/raw/60923_15_BTM_1_MAOM_r1_Mag_22Jan25_3p3kV_300SA_p01_13_1_22226,nmdc:bsm-11-md1zcz76,60923_15_BTM,high
/home/bmeluch/NMDC/nom_processing/monet_nom_metadata/raw/60923_15_BTM_1_MAOM_r2_Mag_22Jan25_3p3kV_300SA_p01_13_1_22269,nmdc:bsm-11-md1zcz76,60923_15_BTM,high
/home/bmeluch/NMDC/nom_processing/monet_nom_metadata/raw/60923_15_BTM_1_MAOM_r3_Mag_22Jan25_3p3kV_300SA_p01_13_1_22364,nmdc:bsm-11-md1zcz76,60923_15_BTM,high
/home/bmeluch/NMDC/nom_processing/monet_nom_metadata/raw/60923_15_BTM_2_MAOM_r1_Mag_22Jan25_3p3kV_300SA_p01_14_1_22224,nmdc:bsm-11-md1zcz76,60923_15_BTM,high
/home/bmeluch/NMDC/nom_processing/monet_nom_metadata/raw/60923_15_BTM_2_MAOM_r2_Mag_22Jan25_3p3kV_300SA_p01_14_1_22295,nmdc:bsm-11-md1zcz76,60923_15_BTM,high
/home/bmeluch/NMDC/nom_processing/monet_nom_metadata/raw/60923_15_BTM_2_MAOM_r3_Mag_22Jan25_3p3kV_300SA_p01_14_1_22325,nmdc:bsm-11-md1zcz76,60923_15_BTM,high
/home/bmeluch/NMDC/nom_processing/monet_nom_metadata/raw/60923_15_BTM_3_MAOM_r1_Mag_22Jan25_3p3kV_300SA_p01_15_1_22241,nmdc:bsm-11-md1zcz76,60923_15_BTM,high
/home/bmeluch/NMDC/nom_processing/monet_nom_metadata/raw/60923_15_BTM_3_MAOM_r2_Mag_22Jan25_3p3kV_300SA_p01_15_1_22288,nmdc:bsm-11-md1zcz76,60923_15_BTM,high
/home/bmeluch/NMDC/nom_processing/monet_nom_metadata/raw/60923_15_BTM_3_MAOM_r3_Mag_22Jan25_3p3kV_300SA_p01_15_1_22358,nmdc:bsm-11-md1zcz76,60923_15_BTM,high
/home/bmeluch/NMDC/nom_processing/monet_nom_metadata/raw/60923_15_T_1_WEOM_r1_Mag_04Mar24_300SA_p01_1_1_16844,nmdc:bsm-11-nt8jv985,60923_15_TOP,high
/home/bmeluch/NMDC/nom_processing/monet_nom_metadata/raw/60923_15_T_1_WEOM_r2_Mag_04Mar24_300SA_p01_1_1_16896,nmdc:bsm-11-nt8jv985,60923_15_TOP,high
/home/bmeluch/NMDC/nom_processing/monet_nom_metadata/raw/60923_15_T_1_WEOM_r3_Mag_04Mar24_300SA_p01_1_1_16926,nmdc:bsm-11-nt8jv985,60923_15_TOP,high
/home/bmeluch/NMDC/nom_processing/monet_nom_metadata/raw/60923_15_T_2_WEOM_r1_Mag_04Mar24_300SA_p01_2_1_16796,nmdc:bsm-11-nt8jv985,60923_15_TOP,high
/home/bmeluch/NMDC/nom_processing/monet_nom_metadata/raw/60923_15_T_2_WEOM_r2_Mag_04Mar24_300SA_p01_2_1_16879,nmdc:bsm-11-nt8jv985,60923_15_TOP,high
/home/bmeluch/NMDC/nom_processing/monet_nom_metadata/raw/60923_15_T_2_WEOM_r3_Mag_04Mar24_300SA_p01_2_1_16915,nmdc:bsm-11-nt8jv985,60923_15_TOP,high
/home/bmeluch/NMDC/nom_processing/monet_nom_metadata/raw/60923_15_T_3_WEOM_r1_Mag_04Mar24_300SA_p01_3_1_16810,nmdc:bsm-11-nt8jv985,60923_15_TOP,high
/home/bmeluch/NMDC/nom_processing/monet_nom_metadata/raw/60923_15_T_3_WEOM_r2_Mag_04Mar24_300SA_p01_3_1_16897,nmdc:bsm-11-nt8jv985,60923_15_TOP,high
/home/bmeluch/NMDC/nom_processing/monet_nom_metadata/raw/60923_15_T_3_WEOM_r3_Mag_04Mar24_300SA_p01_3_1_16916,nmdc:bsm-11-nt8jv985,60923_15_TOP,high
/home/bmeluch/NMDC/nom_processing/monet_nom_metadata/raw/60923_15_TOP_1_MAOM_r1_Mag_22Jan25_3p3kV_300SA_p01_10_1_22223,nmdc:bsm-11-nt8jv985,60923_15_TOP,high
/home/bmeluch/NMDC/nom_processing/monet_nom_metadata/raw/60923_15_TOP_1_MAOM_r2_Mag_22Jan25_3p3kV_300SA_p01_10_1_22301,nmdc:bsm-11-nt8jv985,60923_15_TOP,high
/home/bmeluch/NMDC/nom_processing/monet_nom_metadata/raw/60923_15_TOP_1_MAOM_r3_Mag_22Jan25_3p3kV_300SA_p01_10_1_22368,nmdc:bsm-11-nt8jv985,60923_15_TOP,high
/home/bmeluch/NMDC/nom_processing/monet_nom_metadata/raw/60923_15_TOP_2_MAOM_r1_Mag_22Jan25_3p3kV_300SA_p01_11_1_22238,nmdc:bsm-11-nt8jv985,60923_15_TOP,high
/home/bmeluch/NMDC/nom_processing/monet_nom_metadata/raw/60923_15_TOP_2_MAOM_r2_Mag_22Jan25_3p3kV_300SA_p01_11_1_22276,nmdc:bsm-11-nt8jv985,60923_15_TOP,high
/home/bmeluch/NMDC/nom_processing/monet_nom_metadata/raw/60923_15_TOP_2_MAOM_r3_Mag_22Jan25_3p3kV_300SA_p01_11_1_22348,nmdc:bsm-11-nt8jv985,60923_15_TOP,high
/home/bmeluch/NMDC/nom_processing/monet_nom_metadata/raw/60923_15_TOP_3_MAOM_r1_Mag_22Jan25_3p3kV_300SA_p01_12_1_22234,nmdc:bsm-11-nt8jv985,60923_15_TOP,high
/home/bmeluch/NMDC/nom_processing/monet_nom_metadata/raw/60923_15_TOP_3_MAOM_r2_Mag_22Jan25_3p3kV_300SA_p01_12_1_22277,nmdc:bsm-11-nt8jv985,60923_15_TOP,high
/home/bmeluch/NMDC/nom_processing/monet_nom_metadata/raw/60923_15_TOP_3_MAOM_r3_Mag_22Jan25_3p3kV_300SA_p01_12_1_22317,nmdc:bsm-11-nt8jv985,60923_15_TOP,high
/home/bmeluch/NMDC/nom_processing/monet_nom_metadata/raw/60923_16_B_1_WEOM_r1_Mag_04Mar24_300SA_p01_10_1_16807,nmdc:bsm-11-cgxt5442,60923_16_BTM,high
/home/bmeluch/NMDC/nom_processing/monet_nom_metadata/raw/60923_16_B_1_WEOM_r2_Mag_04Mar24_300SA_p01_10_1_16872,nmdc:bsm-11-cgxt5442,60923_16_BTM,high
/home/bmeluch/NMDC/nom_processing/monet_nom_metadata/raw/60923_16_B_1_WEOM_r3_Mag_04Mar24_300SA_p01_10_1_16960,nmdc:bsm-11-cgxt5442,60923_16_BTM,high
/home/bmeluch/NMDC/nom_processing/monet_nom_metadata/raw/60923_16_B_2_WEOM_r1_Mag_04Mar24_300SA_p01_11_1_16848,nmdc:bsm-11-cgxt5442,60923_16_BTM,high
/home/bmeluch/NMDC/nom_processing/monet_nom_metadata/raw/60923_16_B_2_WEOM_r2_Mag_04Mar24_300SA_p01_11_1_16864,nmdc:bsm-11-cgxt5442,60923_16_BTM,high
/home/bmeluch/NMDC/nom_processing/monet_nom_metadata/raw/60923_16_B_2_WEOM_r3_Mag_04Mar24_300SA_p01_11_1_16931,nmdc:bsm-11-cgxt5442,60923_16_BTM,high
/home/bmeluch/NMDC/nom_processing/monet_nom_metadata/raw/60923_16_B_3_WEOM_r1_Mag_04Mar24_300SA_p01_12_1_16825,nmdc:bsm-11-cgxt5442,60923_16_BTM,high
/home/bmeluch/NMDC/nom_processing/monet_nom_metadata/raw/60923_16_B_3_WEOM_r2_Mag_04Mar24_300SA_p01_12_1_16886,nmdc:bsm-11-cgxt5442,60923_16_BTM,high
/home/bmeluch/NMDC/nom_processing/monet_nom_metadata/raw/60923_16_B_3_WEOM_r3_Mag_04Mar24_300SA_p01_12_1_16933,nmdc:bsm-11-cgxt5442,60923_16_BTM,high
/home/bmeluch/NMDC/nom_processing/monet_nom_metadata/raw/60923_16_BTM_1_MAOM_r1_Mag_22Jan25_3p3kV_300SA_p01_19_1_22231,nmdc:bsm-11-cgxt5442,60923_16_BTM,high
/home/bmeluch/NMDC/nom_processing/monet_nom_metadata/raw/60923_16_BTM_1_MAOM_r2_Mag_22Jan25_3p3kV_300SA_p01_19_1_22282,nmdc:bsm-11-cgxt5442,60923_16_BTM,high
/home/bmeluch/NMDC/nom_processing/monet_nom_metadata/raw/60923_16_BTM_1_MAOM_r3_Mag_22Jan25_3p3kV_300SA_p01_19_1_22331,nmdc:bsm-11-cgxt5442,60923_16_BTM,high
/home/bmeluch/NMDC/nom_processing/monet_nom_metadata/raw/60923_16_BTM_2_MAOM_r1_Mag_22Jan25_3p3kV_300SA_p01_20_1_22251,nmdc:bsm-11-cgxt5442,60923_16_BTM,high
/home/bmeluch/NMDC/nom_processing/monet_nom_metadata/raw/60923_16_BTM_2_MAOM_r2_Mag_22Jan25_3p3kV_300SA_p01_20_1_22256,nmdc:bsm-11-cgxt5442,60923_16_BTM,high
/home/bmeluch/NMDC/nom_processing/monet_nom_metadata/raw/60923_16_BTM_2_MAOM_r3_Mag_22Jan25_3p3kV_300SA_p01_20_1_22352,nmdc:bsm-11-cgxt5442,60923_16_BTM,high
/home/bmeluch/NMDC/nom_processing/monet_nom_metadata/raw/60923_16_BTM_3_MAOM_r1_Mag_22Jan25_3p3kV_300SA_p01_21_1_22235,nmdc:bsm-11-cgxt5442,60923_16_BTM,high
/home/bmeluch/NMDC/nom_processing/monet_nom_metadata/raw/60923_16_BTM_3_MAOM_r2_Mag_22Jan25_3p3kV_300SA_p01_21_1_22271,nmdc:bsm-11-cgxt5442,60923_16_BTM,high
/home/bmeluch/NMDC/nom_processing/monet_nom_metadata/raw/60923_16_BTM_3_MAOM_r3_Mag_22Jan25_3p3kV_300SA_p01_21_1_22321,nmdc:bsm-11-cgxt5442,60923_16_BTM,high
/home/bmeluch/NMDC/nom_processing/monet_nom_metadata/raw/60923_16_T_1_WEOM_r1_Mag_04Mar24_300SA_p01_7_1_16797,nmdc:bsm-11-yqht8070,60923_16_TOP,high
/home/bmeluch/NMDC/nom_processing/monet_nom_metadata/raw/60923_16_T_1_WEOM_r2_Mag_04Mar24_300SA_p01_7_1_16857,nmdc:bsm-11-yqht8070,60923_16_TOP,high
/home/bmeluch/NMDC/nom_processing/monet_nom_metadata/raw/60923_16_T_1_WEOM_r3_Mag_04Mar24_300SA_p01_7_1_16917,nmdc:bsm-11-yqht8070,60923_16_TOP,high
/home/bmeluch/NMDC/nom_processing/monet_nom_metadata/raw/60923_16_T_2_WEOM_r1_Mag_04Mar24_300SA_p01_8_1_16839,nmdc:bsm-11-yqht8070,60923_16_TOP,high
/home/bmeluch/NMDC/nom_processing/monet_nom_metadata/raw/60923_16_T_2_WEOM_r2_Mag_04Mar24_300SA_p01_8_1_16865,nmdc:bsm-11-yqht8070,60923_16_TOP,high
/home/bmeluch/NMDC/nom_processing/monet_nom_metadata/raw/60923_16_T_2_WEOM_r3_Mag_04Mar24_300SA_p01_8_1_16918,nmdc:bsm-11-yqht8070,60923_16_TOP,high
/home/bmeluch/NMDC/nom_processing/monet_nom_metadata/raw/60923_16_T_3_WEOM_r1_Mag_04Mar24_300SA_p01_9_1_16799,nmdc:bsm-11-yqht8070,60923_16_TOP,high
/home/bmeluch/NMDC/nom_processing/monet_nom_metadata/raw/60923_16_T_3_WEOM_r2_Mag_04Mar24_300SA_p01_9_1_16860,nmdc:bsm-11-yqht8070,60923_16_TOP,high
/home/bmeluch/NMDC/nom_processing/monet_nom_metadata/raw/60923_16_T_3_WEOM_r3_Mag_04Mar24_300SA_p01_9_1_16939,nmdc:bsm-11-yqht8070,60923_16_TOP,high
/home/bmeluch/NMDC/nom_processing/monet_nom_metadata/raw/60923_16_TOP_1_MAOM_r1_Mag_22Jan25_3p3kV_300SA_p01_16_1_22222,nmdc:bsm-11-yqht8070,60923_16_TOP,high
/home/bmeluch/NMDC/nom_processing/monet_nom_metadata/raw/60923_16_TOP_1_MAOM_r2_Mag_22Jan25_3p3kV_300SA_p01_16_1_22278,nmdc:bsm-11-yqht8070,60923_16_TOP,high
/home/bmeluch/NMDC/nom_processing/monet_nom_metadata/raw/60923_16_TOP_1_MAOM_r3_Mag_22Jan25_3p3kV_300SA_p01_16_1_22337,nmdc:bsm-11-yqht8070,60923_16_TOP,high
/home/bmeluch/NMDC/nom_processing/monet_nom_metadata/raw/60923_16_TOP_2_MAOM_r1_Mag_22Jan25_3p3kV_300SA_p01_17_1_22227,nmdc:bsm-11-yqht8070,60923_16_TOP,high
/home/bmeluch/NMDC/nom_processing/monet_nom_metadata/raw/60923_16_TOP_2_MAOM_r2_Mag_22Jan25_3p3kV_300SA_p01_17_1_22292,nmdc:bsm-11-yqht8070,60923_16_TOP,high
/home/bmeluch/NMDC/nom_processing/monet_nom_metadata/raw/60923_16_TOP_2_MAOM_r3_Mag_22Jan25_3p3kV_300SA_p01_17_1_22355,nmdc:bsm-11-yqht8070,60923_16_TOP,high
/home/bmeluch/NMDC/nom_processing/monet_nom_metadata/raw/60923_16_TOP_3_MAOM_r1_Mag_22Jan25_3p3kV_300SA_p01_18_1_22252,nmdc:bsm-11-yqht8070,60923_16_TOP,high
/home/bmeluch/NMDC/nom_processing/monet_nom_metadata/raw/60923_16_TOP_3_MAOM_r2_Mag_22Jan25_3p3kV_300SA_p01_18_1_22286,nmdc:bsm-11-yqht8070,60923_16_TOP,high
/home/bmeluch/NMDC/nom_processing/monet_nom_metadata/raw/60923_16_TOP_3_MAOM_r3_Mag_22Jan25_3p3kV_300SA_p01_18_1_22369,nmdc:bsm-11-yqht8070,60923_16_TOP,high
/home/bmeluch/NMDC/nom_processing/monet_nom_metadata/raw/60923_17_B_1_WEOM_r1_Mag_04Mar24_300SA_p01_16_1_16813,nmdc:bsm-11-31qgat38,60923_17_BTM,high
/home/bmeluch/NMDC/nom_processing/monet_nom_metadata/raw/60923_17_B_1_WEOM_r2_Mag_04Mar24_300SA_p01_16_1_16890,nmdc:bsm-11-31qgat38,60923_17_BTM,high
/home/bmeluch/NMDC/nom_processing/monet_nom_metadata/raw/60923_17_B_1_WEOM_r3_Mag_04Mar24_300SA_p01_16_1_16954,nmdc:bsm-11-31qgat38,60923_17_BTM,high
/home/bmeluch/NMDC/nom_processing/monet_nom_metadata/raw/60923_17_B_2_WEOM_r1_Mag_04Mar24_300SA_p01_17_1_16820,nmdc:bsm-11-31qgat38,60923_17_BTM,high
/home/bmeluch/NMDC/nom_processing/monet_nom_metadata/raw/60923_17_B_2_WEOM_r2_Mag_04Mar24_300SA_p01_17_1_16850,nmdc:bsm-11-31qgat38,60923_17_BTM,high
/home/bmeluch/NMDC/nom_processing/monet_nom_metadata/raw/60923_17_B_2_WEOM_r3_Mag_04Mar24_300SA_p01_17_1_16944,nmdc:bsm-11-31qgat38,60923_17_BTM,high
/home/bmeluch/NMDC/nom_processing/monet_nom_metadata/raw/60923_17_B_3_WEOM_r1_Mag_04Mar24_300SA_p01_18_1_16798,nmdc:bsm-11-31qgat38,60923_17_BTM,high
/home/bmeluch/NMDC/nom_processing/monet_nom_metadata/raw/60923_17_B_3_WEOM_r2_Mag_04Mar24_300SA_p01_18_1_16868,nmdc:bsm-11-31qgat38,60923_17_BTM,high
/home/bmeluch/NMDC/nom_processing/monet_nom_metadata/raw/60923_17_B_3_WEOM_r3_Mag_04Mar24_300SA_p01_18_1_16913,nmdc:bsm-11-31qgat38,60923_17_BTM,high
/home/bmeluch/NMDC/nom_processing/monet_nom_metadata/raw/60923_17_BTM_1_MAOM_r1_Mag_22Jan25_3p3kV_300SA_p01_29_1_22212,nmdc:bsm-11-31qgat38,60923_17_BTM,high
/home/bmeluch/NMDC/nom_processing/monet_nom_metadata/raw/60923_17_BTM_1_MAOM_r2_Mag_22Jan25_3p3kV_300SA_p01_29_1_22267,nmdc:bsm-11-31qgat38,60923_17_BTM,high
/home/bmeluch/NMDC/nom_processing/monet_nom_metadata/raw/60923_17_BTM_1_MAOM_r3_Mag_22Jan25_3p3kV_300SA_p01_29_1_22366,nmdc:bsm-11-31qgat38,60923_17_BTM,high
/home/bmeluch/NMDC/nom_processing/monet_nom_metadata/raw/60923_17_BTM_2_MAOM_r1_Mag_22Jan25_3p3kV_300SA_p01_30_1_22204,nmdc:bsm-11-31qgat38,60923_17_BTM,high
/home/bmeluch/NMDC/nom_processing/monet_nom_metadata/raw/60923_17_BTM_2_MAOM_r2_Mag_22Jan25_3p3kV_300SA_p01_30_1_22268,nmdc:bsm-11-31qgat38,60923_17_BTM,high
/home/bmeluch/NMDC/nom_processing/monet_nom_metadata/raw/60923_17_BTM_2_MAOM_r3_Mag_22Jan25_3p3kV_300SA_p01_30_1_22353,nmdc:bsm-11-31qgat38,60923_17_BTM,high
/home/bmeluch/NMDC/nom_processing/monet_nom_metadata/raw/60923_17_BTM_3_MAOM_r1_Mag_22Jan25_3p3kV_300SA_p01_31_1_22255,nmdc:bsm-11-31qgat38,60923_17_BTM,high
/home/bmeluch/NMDC/nom_processing/monet_nom_metadata/raw/60923_17_BTM_3_MAOM_r2_Mag_22Jan25_3p3kV_300SA_p01_31_1_22293,nmdc:bsm-11-31qgat38,60923_17_BTM,high
/home/bmeluch/NMDC/nom_processing/monet_nom_metadata/raw/60923_17_BTM_3_MAOM_r3_Mag_22Jan25_3p3kV_300SA_p01_31_1_22334,nmdc:bsm-11-31qgat38,60923_17_BTM,high
/home/bmeluch/NMDC/nom_processing/monet_nom_metadata/raw/60923_17_T_1_WEOM_r1_Mag_04Mar24_300SA_p01_13_1_16843,nmdc:bsm-11-k62cnz39,60923_17_TOP,high
/home/bmeluch/NMDC/nom_processing/monet_nom_metadata/raw/60923_17_T_1_WEOM_r2_Mag_04Mar24_300SA_p01_13_1_16887,nmdc:bsm-11-k62cnz39,60923_17_TOP,high
/home/bmeluch/NMDC/nom_processing/monet_nom_metadata/raw/60923_17_T_1_WEOM_r3_Mag_04Mar24_300SA_p01_13_1_16962,nmdc:bsm-11-k62cnz39,60923_17_TOP,high
/home/bmeluch/NMDC/nom_processing/monet_nom_metadata/raw/60923_17_T_2_WEOM_r1_Mag_04Mar24_300SA_p01_14_1_16794,nmdc:bsm-11-k62cnz39,60923_17_TOP,high
/home/bmeluch/NMDC/nom_processing/monet_nom_metadata/raw/60923_17_T_2_WEOM_r2_Mag_04Mar24_300SA_p01_14_1_16882,nmdc:bsm-11-k62cnz39,60923_17_TOP,high
/home/bmeluch/NMDC/nom_processing/monet_nom_metadata/raw/60923_17_T_2_WEOM_r3_Mag_04Mar24_300SA_p01_14_1_16908,nmdc:bsm-11-k62cnz39,60923_17_TOP,high
/home/bmeluch/NMDC/nom_processing/monet_nom_metadata/raw/60923_17_T_3_WEOM_r1_Mag_04Mar24_300SA_p01_15_1_16808,nmdc:bsm-11-k62cnz39,60923_17_TOP,high
/home/bmeluch/NMDC/nom_processing/monet_nom_metadata/raw/60923_17_T_3_WEOM_r2_Mag_04Mar24_300SA_p01_15_1_16851,nmdc:bsm-11-k62cnz39,60923_17_TOP,high
/home/bmeluch/NMDC/nom_processing/monet_nom_metadata/raw/60923_17_T_3_WEOM_r3_Mag_04Mar24_300SA_p01_15_1_16936,nmdc:bsm-11-k62cnz39,60923_17_TOP,high
/home/bmeluch/NMDC/nom_processing/monet_nom_metadata/raw/60923_17_TOP_1_MAOM_r1_Mag_22Jan25_3p3kV_300SA_p01_22_1_22233,nmdc:bsm-11-k62cnz39,60923_17_TOP,high
/home/bmeluch/NMDC/nom_processing/monet_nom_metadata/raw/60923_17_TOP_1_MAOM_r2_Mag_22Jan25_3p3kV_300SA_p01_22_1_22273,nmdc:bsm-11-k62cnz39,60923_17_TOP,high
/home/bmeluch/NMDC/nom_processing/monet_nom_metadata/raw/60923_17_TOP_1_MAOM_r3_Mag_22Jan25_3p3kV_300SA_p01_22_1_22351,nmdc:bsm-11-k62cnz39,60923_17_TOP,high
/home/bmeluch/NMDC/nom_processing/monet_nom_metadata/raw/60923_17_TOP_2_MAOM_r1_Mag_22Jan25_3p3kV_300SA_p01_23_1_22253,nmdc:bsm-11-k62cnz39,60923_17_TOP,high
/home/bmeluch/NMDC/nom_processing/monet_nom_metadata/raw/60923_17_TOP_2_MAOM_r2_Mag_22Jan25_3p3kV_300SA_p01_23_1_22308,nmdc:bsm-11-k62cnz39,60923_17_TOP,high
/home/bmeluch/NMDC/nom_processing/monet_nom_metadata/raw/60923_17_TOP_2_MAOM_r3_Mag_22Jan25_3p3kV_300SA_p01_23_1_22360,nmdc:bsm-11-k62cnz39,60923_17_TOP,high
/home/bmeluch/NMDC/nom_processing/monet_nom_metadata/raw/60923_17_TOP_3_MAOM_r1_Mag_22Jan25_3p3kV_300SA_p01_24_1_22211,nmdc:bsm-11-k62cnz39,60923_17_TOP,high
/home/bmeluch/NMDC/nom_processing/monet_nom_metadata/raw/60923_17_TOP_3_MAOM_r2_Mag_22Jan25_3p3kV_300SA_p01_24_1_22289,nmdc:bsm-11-k62cnz39,60923_17_TOP,high
/home/bmeluch/NMDC/nom_processing/monet_nom_metadata/raw/60923_17_TOP_3_MAOM_r3_Mag_22Jan25_3p3kV_300SA_p01_24_1_22335,nmdc:bsm-11-k62cnz39,60923_17_TOP,high
/home/bmeluch/NMDC/nom_processing/monet_nom_metadata/raw/60923_18_B_1_WEOM_r1_Mag_04Mar24_300SA_p01_22_1_16802,nmdc:bsm-11-bgq1sh57,60923_18_BTM,high
/home/bmeluch/NMDC/nom_processing/monet_nom_metadata/raw/60923_18_B_1_WEOM_r2_Mag_04Mar24_300SA_p01_22_1_16866,nmdc:bsm-11-bgq1sh57,60923_18_BTM,high
/home/bmeluch/NMDC/nom_processing/monet_nom_metadata/raw/60923_18_B_1_WEOM_r3_Mag_04Mar24_300SA_p01_22_1_16906,nmdc:bsm-11-bgq1sh57,60923_18_BTM,high
/home/bmeluch/NMDC/nom_processing/monet_nom_metadata/raw/60923_18_B_2_WEOM_r1_Mag_04Mar24_300SA_p01_23_1_16846,nmdc:bsm-11-bgq1sh57,60923_18_BTM,high
/home/bmeluch/NMDC/nom_processing/monet_nom_metadata/raw/60923_18_B_2_WEOM_r2_Mag_04Mar24_300SA_p01_23_1_16861,nmdc:bsm-11-bgq1sh57,60923_18_BTM,high
/home/bmeluch/NMDC/nom_processing/monet_nom_metadata/raw/60923_18_B_2_WEOM_r3_Mag_04Mar24_300SA_p01_23_1_16951,nmdc:bsm-11-bgq1sh57,60923_18_BTM,high
/home/bmeluch/NMDC/nom_processing/monet_nom_metadata/raw/60923_18_B_3_WEOM_r1_Mag_04Mar24_300SA_p01_24_1_16823,nmdc:bsm-11-bgq1sh57,60923_18_BTM,high
/home/bmeluch/NMDC/nom_processing/monet_nom_metadata/raw/60923_18_B_3_WEOM_r2_Mag_04Mar24_300SA_p01_24_1_16885,nmdc:bsm-11-bgq1sh57,60923_18_BTM,high
/home/bmeluch/NMDC/nom_processing/monet_nom_metadata/raw/60923_18_B_3_WEOM_r3_Mag_04Mar24_300SA_p01_24_1_16961,nmdc:bsm-11-bgq1sh57,60923_18_BTM,high
/home/bmeluch/NMDC/nom_processing/monet_nom_metadata/raw/60923_18_BTM_1_MAOM_r1_Mag_22Jan25_3p3kV_300SA_p01_35_1_22207,nmdc:bsm-11-bgq1sh57,60923_18_BTM,high
/home/bmeluch/NMDC/nom_processing/monet_nom_metadata/raw/60923_18_BTM_1_MAOM_r2_Mag_22Jan25_3p3kV_300SA_p01_35_1_22258,nmdc:bsm-11-bgq1sh57,60923_18_BTM,high
/home/bmeluch/NMDC/nom_processing/monet_nom_metadata/raw/60923_18_BTM_1_MAOM_r3_Mag_22Jan25_3p3kV_300SA_p01_35_1_22340,nmdc:bsm-11-bgq1sh57,60923_18_BTM,high
/home/bmeluch/NMDC/nom_processing/monet_nom_metadata/raw/60923_18_BTM_2_MAOM_r1_Mag_22Jan25_3p3kV_300SA_p01_36_1_22248,nmdc:bsm-11-bgq1sh57,60923_18_BTM,high
/home/bmeluch/NMDC/nom_processing/monet_nom_metadata/raw/60923_18_BTM_2_MAOM_r2_Mag_22Jan25_3p3kV_300SA_p01_36_1_22263,nmdc:bsm-11-bgq1sh57,60923_18_BTM,high
/home/bmeluch/NMDC/nom_processing/monet_nom_metadata/raw/60923_18_BTM_2_MAOM_r3_Mag_22Jan25_3p3kV_300SA_p01_36_1_22329,nmdc:bsm-11-bgq1sh57,60923_18_BTM,high
/home/bmeluch/NMDC/nom_processing/monet_nom_metadata/raw/60923_18_BTM_3_MAOM_r1_Mag_22Jan25_3p3kV_300SA_p01_37_1_22225,nmdc:bsm-11-bgq1sh57,60923_18_BTM,high
/home/bmeluch/NMDC/nom_processing/monet_nom_metadata/raw/60923_18_BTM_3_MAOM_r2_Mag_22Jan25_3p3kV_300SA_p01_37_1_22279,nmdc:bsm-11-bgq1sh57,60923_18_BTM,high
/home/bmeluch/NMDC/nom_processing/monet_nom_metadata/raw/60923_18_BTM_3_MAOM_r3_Mag_22Jan25_3p3kV_300SA_p01_37_1_22319,nmdc:bsm-11-bgq1sh57,60923_18_BTM,high
/home/bmeluch/NMDC/nom_processing/monet_nom_metadata/raw/60923_18_T_1_WEOM_r1_Mag_04Mar24_300SA_p01_19_1_16842,nmdc:bsm-11-4fy4ee20,60923_18_TOP,high
/home/bmeluch/NMDC/nom_processing/monet_nom_metadata/raw/60923_18_T_1_WEOM_r2_Mag_04Mar24_300SA_p01_19_1_16869,nmdc:bsm-11-4fy4ee20,60923_18_TOP,high
/home/bmeluch/NMDC/nom_processing/monet_nom_metadata/raw/60923_18_T_1_WEOM_r3_Mag_04Mar24_300SA_p01_19_1_16934,nmdc:bsm-11-4fy4ee20,60923_18_TOP,high
/home/bmeluch/NMDC/nom_processing/monet_nom_metadata/raw/60923_18_T_2_WEOM_r1_Mag_04Mar24_300SA_p01_20_1_16830,nmdc:bsm-11-4fy4ee20,60923_18_TOP,high
/home/bmeluch/NMDC/nom_processing/monet_nom_metadata/raw/60923_18_T_2_WEOM_r2_Mag_04Mar24_300SA_p01_20_1_16895,nmdc:bsm-11-4fy4ee20,60923_18_TOP,high
/home/bmeluch/NMDC/nom_processing/monet_nom_metadata/raw/60923_18_T_2_WEOM_r3_Mag_04Mar24_300SA_p01_20_1_16923,nmdc:bsm-11-4fy4ee20,60923_18_TOP,high
/home/bmeluch/NMDC/nom_processing/monet_nom_metadata/raw/60923_18_T_3_WEOM_r1_Mag_04Mar24_300SA_p01_21_1_16819,nmdc:bsm-11-4fy4ee20,60923_18_TOP,high
/home/bmeluch/NMDC/nom_processing/monet_nom_metadata/raw/60923_18_T_3_WEOM_r2_Mag_04Mar24_300SA_p01_21_1_16849,nmdc:bsm-11-4fy4ee20,60923_18_TOP,high
/home/bmeluch/NMDC/nom_processing/monet_nom_metadata/raw/60923_18_T_3_WEOM_r3_Mag_04Mar24_300SA_p01_21_1_16950,nmdc:bsm-11-4fy4ee20,60923_18_TOP,high
/home/bmeluch/NMDC/nom_processing/monet_nom_metadata/raw/60923_18_TOP_1_MAOM_r1_Mag_22Jan25_3p3kV_300SA_p01_32_1_22243,nmdc:bsm-11-4fy4ee20,60923_18_TOP,high
/home/bmeluch/NMDC/nom_processing/monet_nom_metadata/raw/60923_18_TOP_1_MAOM_r2_Mag_22Jan25_3p3kV_300SA_p01_32_1_22265,nmdc:bsm-11-4fy4ee20,60923_18_TOP,high
/home/bmeluch/NMDC/nom_processing/monet_nom_metadata/raw/60923_18_TOP_1_MAOM_r3_Mag_22Jan25_3p3kV_300SA_p01_32_1_22318,nmdc:bsm-11-4fy4ee20,60923_18_TOP,high
/home/bmeluch/NMDC/nom_processing/monet_nom_metadata/raw/60923_18_TOP_2_MAOM_r1_Mag_22Jan25_3p3kV_300SA_p01_33_1_22244,nmdc:bsm-11-4fy4ee20,60923_18_TOP,high
/home/bmeluch/NMDC/nom_processing/monet_nom_metadata/raw/60923_18_TOP_2_MAOM_r2_Mag_22Jan25_3p3kV_300SA_p01_33_1_22281,nmdc:bsm-11-4fy4ee20,60923_18_TOP,high
/home/bmeluch/NMDC/nom_processing/monet_nom_metadata/raw/60923_18_TOP_2_MAOM_r3_Mag_22Jan25_3p3kV_300SA_p01_33_1_22357,nmdc:bsm-11-4fy4ee20,60923_18_TOP,high
/home/bmeluch/NMDC/nom_processing/monet_nom_metadata/raw/60923_18_TOP_3_MAOM_r1_Mag_22Jan25_3p3kV_300SA_p01_34_1_22199,nmdc:bsm-11-4fy4ee20,60923_18_TOP,high
/home/bmeluch/NMDC/nom_processing/monet_nom_metadata/raw/60923_18_TOP_3_MAOM_r2_Mag_22Jan25_3p3kV_300SA_p01_34_1_22294,nmdc:bsm-11-4fy4ee20,60923_18_TOP,high
/home/bmeluch/NMDC/nom_processing/monet_nom_metadata/raw/60923_18_TOP_3_MAOM_r3_Mag_22Jan25_3p3kV_300SA_p01_34_1_22342,nmdc:bsm-11-4fy4ee20,60923_18_TOP,high
/home/bmeluch/NMDC/nom_processing/monet_nom_metadata/raw/60923_19_B_1_WEOM_r1_Mag_04Mar24_300SA_p01_28_1_16834,nmdc:bsm-11-4gv37a07,60923_19_BTM,high
/home/bmeluch/NMDC/nom_processing/monet_nom_metadata/raw/60923_19_B_1_WEOM_r2_Mag_04Mar24_300SA_p01_28_1_16871,nmdc:bsm-11-4gv37a07,60923_19_BTM,high
/home/bmeluch/NMDC/nom_processing/monet_nom_metadata/raw/60923_19_B_1_WEOM_r3_Mag_04Mar24_300SA_p01_28_1_16937,nmdc:bsm-11-4gv37a07,60923_19_BTM,high
/home/bmeluch/NMDC/nom_processing/monet_nom_metadata/raw/60923_19_B_2_WEOM_r1_Mag_04Mar24_300SA_p01_29_1_16811,nmdc:bsm-11-4gv37a07,60923_19_BTM,high
/home/bmeluch/NMDC/nom_processing/monet_nom_metadata/raw/60923_19_B_2_WEOM_r2_Mag_04Mar24_300SA_p01_29_1_16893,nmdc:bsm-11-4gv37a07,60923_19_BTM,high
/home/bmeluch/NMDC/nom_processing/monet_nom_metadata/raw/60923_19_B_2_WEOM_r3_Mag_04Mar24_300SA_p01_29_1_16927,nmdc:bsm-11-4gv37a07,60923_19_BTM,high
/home/bmeluch/NMDC/nom_processing/monet_nom_metadata/raw/60923_19_B_3_WEOM_r1_Mag_04Mar24_300SA_p01_30_1_16818,nmdc:bsm-11-4gv37a07,60923_19_BTM,high
/home/bmeluch/NMDC/nom_processing/monet_nom_metadata/raw/60923_19_B_3_WEOM_r2_Mag_04Mar24_300SA_p01_30_1_16892,nmdc:bsm-11-4gv37a07,60923_19_BTM,high
/home/bmeluch/NMDC/nom_processing/monet_nom_metadata/raw/60923_19_B_3_WEOM_r3_Mag_04Mar24_300SA_p01_30_1_16942,nmdc:bsm-11-4gv37a07,60923_19_BTM,high
/home/bmeluch/NMDC/nom_processing/monet_nom_metadata/raw/60923_19_BTM_1_MAOM_r1_Mag_22Jan25_3p3kV_300SA_p01_41_1_22246,nmdc:bsm-11-4gv37a07,60923_19_BTM,high
/home/bmeluch/NMDC/nom_processing/monet_nom_metadata/raw/60923_19_BTM_1_MAOM_r2_Mag_22Jan25_3p3kV_300SA_p01_41_1_22274,nmdc:bsm-11-4gv37a07,60923_19_BTM,high
/home/bmeluch/NMDC/nom_processing/monet_nom_metadata/raw/60923_19_BTM_1_MAOM_r3_Mag_22Jan25_3p3kV_300SA_p01_41_1_22324,nmdc:bsm-11-4gv37a07,60923_19_BTM,high
/home/bmeluch/NMDC/nom_processing/monet_nom_metadata/raw/60923_19_BTM_2_MAOM_r1_Mag_22Jan25_3p3kV_300SA_p01_42_1_22220,nmdc:bsm-11-4gv37a07,60923_19_BTM,high
/home/bmeluch/NMDC/nom_processing/monet_nom_metadata/raw/60923_19_BTM_2_MAOM_r2_Mag_22Jan25_3p3kV_300SA_p01_42_1_22300,nmdc:bsm-11-4gv37a07,60923_19_BTM,high
/home/bmeluch/NMDC/nom_processing/monet_nom_metadata/raw/60923_19_BTM_2_MAOM_r3_Mag_22Jan25_3p3kV_300SA_p01_42_1_22345,nmdc:bsm-11-4gv37a07,60923_19_BTM,high
/home/bmeluch/NMDC/nom_processing/monet_nom_metadata/raw/60923_19_BTM_3_MAOM_r1_Mag_22Jan25_3p3kV_300SA_p01_43_1_22214,nmdc:bsm-11-4gv37a07,60923_19_BTM,high
/home/bmeluch/NMDC/nom_processing/monet_nom_metadata/raw/60923_19_BTM_3_MAOM_r2_Mag_22Jan25_3p3kV_300SA_p01_43_1_22285,nmdc:bsm-11-4gv37a07,60923_19_BTM,high
/home/bmeluch/NMDC/nom_processing/monet_nom_metadata/raw/60923_19_BTM_3_MAOM_r3_Mag_22Jan25_3p3kV_300SA_p01_43_1_22332,nmdc:bsm-11-4gv37a07,60923_19_BTM,high
/home/bmeluch/NMDC/nom_processing/monet_nom_metadata/raw/60923_19_T_1_WEOM_r1_Mag_04Mar24_300SA_p01_25_1_16800,nmdc:bsm-11-6799hx33,60923_19_TOP,high
/home/bmeluch/NMDC/nom_processing/monet_nom_metadata/raw/60923_19_T_1_WEOM_r2_Mag_04Mar24_300SA_p01_25_1_16891,nmdc:bsm-11-6799hx33,60923_19_TOP,high
/home/bmeluch/NMDC/nom_processing/monet_nom_metadata/raw/60923_19_T_1_WEOM_r3_Mag_04Mar24_300SA_p01_25_1_16957,nmdc:bsm-11-6799hx33,60923_19_TOP,high
/home/bmeluch/NMDC/nom_processing/monet_nom_metadata/raw/60923_19_T_2_WEOM_r1_Mag_04Mar24_300SA_p01_26_1_16821,nmdc:bsm-11-6799hx33,60923_19_TOP,high
/home/bmeluch/NMDC/nom_processing/monet_nom_metadata/raw/60923_19_T_2_WEOM_r2_Mag_04Mar24_300SA_p01_26_1_16899,nmdc:bsm-11-6799hx33,60923_19_TOP,high
/home/bmeluch/NMDC/nom_processing/monet_nom_metadata/raw/60923_19_T_2_WEOM_r3_Mag_04Mar24_300SA_p01_26_1_16943,nmdc:bsm-11-6799hx33,60923_19_TOP,high
/home/bmeluch/NMDC/nom_processing/monet_nom_metadata/raw/60923_19_T_3_WEOM_r1_Mag_04Mar24_300SA_p01_27_1_16816,nmdc:bsm-11-6799hx33,60923_19_TOP,high
/home/bmeluch/NMDC/nom_processing/monet_nom_metadata/raw/60923_19_T_3_WEOM_r2_Mag_04Mar24_300SA_p01_27_1_16901,nmdc:bsm-11-6799hx33,60923_19_TOP,high
/home/bmeluch/NMDC/nom_processing/monet_nom_metadata/raw/60923_19_T_3_WEOM_r3_Mag_04Mar24_300SA_p01_27_1_16921,nmdc:bsm-11-6799hx33,60923_19_TOP,high
/home/bmeluch/NMDC/nom_processing/monet_nom_metadata/raw/60923_19_TOP_1_MAOM_r1_Mag_22Jan25_3p3kV_300SA_p01_38_1_22221,nmdc:bsm-11-6799hx33,60923_19_TOP,high
/home/bmeluch/NMDC/nom_processing/monet_nom_metadata/raw/60923_19_TOP_1_MAOM_r2_Mag_22Jan25_3p3kV_300SA_p01_38_1_22314,nmdc:bsm-11-6799hx33,60923_19_TOP,high
/home/bmeluch/NMDC/nom_processing/monet_nom_metadata/raw/60923_19_TOP_1_MAOM_r3_Mag_22Jan25_3p3kV_300SA_p01_38_1_22343,nmdc:bsm-11-6799hx33,60923_19_TOP,high
/home/bmeluch/NMDC/nom_processing/monet_nom_metadata/raw/60923_19_TOP_2_MAOM_r1_Mag_22Jan25_3p3kV_300SA_p01_39_1_22205,nmdc:bsm-11-6799hx33,60923_19_TOP,high
/home/bmeluch/NMDC/nom_processing/monet_nom_metadata/raw/60923_19_TOP_2_MAOM_r2_Mag_22Jan25_3p3kV_300SA_p01_39_1_22280,nmdc:bsm-11-6799hx33,60923_19_TOP,high
/home/bmeluch/NMDC/nom_processing/monet_nom_metadata/raw/60923_19_TOP_2_MAOM_r3_Mag_22Jan25_3p3kV_300SA_p01_39_1_22374,nmdc:bsm-11-6799hx33,60923_19_TOP,high
/home/bmeluch/NMDC/nom_processing/monet_nom_metadata/raw/60923_19_TOP_3_MAOM_r1_Mag_22Jan25_3p3kV_300SA_p01_40_1_22202,nmdc:bsm-11-6799hx33,60923_19_TOP,high
/home/bmeluch/NMDC/nom_processing/monet_nom_metadata/raw/60923_19_TOP_3_MAOM_r2_Mag_22Jan25_3p3kV_300SA_p01_40_1_22303,nmdc:bsm-11-6799hx33,60923_19_TOP,high
/home/bmeluch/NMDC/nom_processing/monet_nom_metadata/raw/60923_19_TOP_3_MAOM_r3_Mag_22Jan25_3p3kV_300SA_p01_40_1_22338,nmdc:bsm-11-6799hx33,60923_19_TOP,high
/home/bmeluch/NMDC/nom_processing/monet_nom_metadata/raw/60923_2_B_1_WEOM_r1_Mag_04Jan24_300SA_p01_4_1_14442,nmdc:bsm-11-z8ve6g64,60923_2_BTM,high
/home/bmeluch/NMDC/nom_processing/monet_nom_metadata/raw/60923_2_B_1_WEOM_r2_Mag_04Jan24_300SA_p01_4_1_14537,nmdc:bsm-11-z8ve6g64,60923_2_BTM,high
/home/bmeluch/NMDC/nom_processing/monet_nom_metadata/raw/60923_2_B_1_WEOM_r3_Mag_04Jan24_300SA_p01_4_1_14616,nmdc:bsm-11-z8ve6g64,60923_2_BTM,high
/home/bmeluch/NMDC/nom_processing/monet_nom_metadata/raw/60923_2_B_2_WEOM_r1_Mag_04Jan24_300SA_p01_32_1_14472,nmdc:bsm-11-z8ve6g64,60923_2_BTM,high
/home/bmeluch/NMDC/nom_processing/monet_nom_metadata/raw/60923_2_B_2_WEOM_r2_Mag_04Jan24_300SA_p01_32_1_14551,nmdc:bsm-11-z8ve6g64,60923_2_BTM,high
/home/bmeluch/NMDC/nom_processing/monet_nom_metadata/raw/60923_2_B_2_WEOM_r3_Mag_04Jan24_300SA_p01_32_1_14633,nmdc:bsm-11-z8ve6g64,60923_2_BTM,high
/home/bmeluch/NMDC/nom_processing/monet_nom_metadata/raw/60923_2_B_3_WEOM_r1_Mag_04Jan24_300SA_p01_12_1_14504,nmdc:bsm-11-z8ve6g64,60923_2_BTM,high
/home/bmeluch/NMDC/nom_processing/monet_nom_metadata/raw/60923_2_B_3_WEOM_r2_Mag_04Jan24_300SA_p01_12_1_14580,nmdc:bsm-11-z8ve6g64,60923_2_BTM,high
/home/bmeluch/NMDC/nom_processing/monet_nom_metadata/raw/60923_2_B_3_WEOM_r3_Mag_04Jan24_300SA_p01_12_1_14681,nmdc:bsm-11-z8ve6g64,60923_2_BTM,high
/home/bmeluch/NMDC/nom_processing/monet_nom_metadata/raw/60923_2_BTM_1_MAOM_r1_Mag_27Dec24_3p3kV_300SA_p01_10_1_21173,nmdc:bsm-11-z8ve6g64,60923_2_BTM,high
/home/bmeluch/NMDC/nom_processing/monet_nom_metadata/raw/60923_2_BTM_1_MAOM_r2_Mag_27Dec24_3p3kV_300SA_p01_10_1_21243,nmdc:bsm-11-z8ve6g64,60923_2_BTM,high
/home/bmeluch/NMDC/nom_processing/monet_nom_metadata/raw/60923_2_BTM_1_MAOM_r3_Mag_27Dec24_3p3kV_300SA_p01_10_1_21304,nmdc:bsm-11-z8ve6g64,60923_2_BTM,high
/home/bmeluch/NMDC/nom_processing/monet_nom_metadata/raw/60923_2_BTM_2_MAOM_r1_Mag_27Dec24_3p3kV_300SA_p01_11_1_21200,nmdc:bsm-11-z8ve6g64,60923_2_BTM,high
/home/bmeluch/NMDC/nom_processing/monet_nom_metadata/raw/60923_2_BTM_2_MAOM_r2_Mag_27Dec24_3p3kV_300SA_p01_11_1_21236,nmdc:bsm-11-z8ve6g64,60923_2_BTM,high
/home/bmeluch/NMDC/nom_processing/monet_nom_metadata/raw/60923_2_BTM_2_MAOM_r3_Mag_27Dec24_3p3kV_300SA_p01_11_1_21279,nmdc:bsm-11-z8ve6g64,60923_2_BTM,high
/home/bmeluch/NMDC/nom_processing/monet_nom_metadata/raw/60923_2_BTM_3_MAOM_r1_Mag_27Dec24_3p3kV_300SA_p01_12_1_21210,nmdc:bsm-11-z8ve6g64,60923_2_BTM,high
/home/bmeluch/NMDC/nom_processing/monet_nom_metadata/raw/60923_2_BTM_3_MAOM_r2_Mag_27Dec24_3p3kV_300SA_p01_12_1_21247,nmdc:bsm-11-z8ve6g64,60923_2_BTM,high
/home/bmeluch/NMDC/nom_processing/monet_nom_metadata/raw/60923_2_BTM_3_MAOM_r3_Mag_27Dec24_3p3kV_300SA_p01_12_1_21300,nmdc:bsm-11-z8ve6g64,60923_2_BTM,high
/home/bmeluch/NMDC/nom_processing/monet_nom_metadata/raw/60923_2_T_1_WEOM_r1_Mag_04Jan24_300SA_p01_3_1_14449,nmdc:bsm-11-drbpkb58,60923_2_TOP,high
/home/bmeluch/NMDC/nom_processing/monet_nom_metadata/raw/60923_2_T_1_WEOM_r2_Mag_04Jan24_300SA_p01_3_1_14524,nmdc:bsm-11-drbpkb58,60923_2_TOP,high
/home/bmeluch/NMDC/nom_processing/monet_nom_metadata/raw/60923_2_T_1_WEOM_r3_Mag_04Jan24_300SA_p01_3_1_14608,nmdc:bsm-11-drbpkb58,60923_2_TOP,high
/home/bmeluch/NMDC/nom_processing/monet_nom_metadata/raw/60923_2_T_2_WEOM_r1_Mag_04Jan24_300SA_p01_31_1_14453,nmdc:bsm-11-drbpkb58,60923_2_TOP,high
/home/bmeluch/NMDC/nom_processing/monet_nom_metadata/raw/60923_2_T_2_WEOM_r2_Mag_04Jan24_300SA_p01_31_1_14541,nmdc:bsm-11-drbpkb58,60923_2_TOP,high
/home/bmeluch/NMDC/nom_processing/monet_nom_metadata/raw/60923_2_T_2_WEOM_r3_Mag_04Jan24_300SA_p01_31_1_14630,nmdc:bsm-11-drbpkb58,60923_2_TOP,high
/home/bmeluch/NMDC/nom_processing/monet_nom_metadata/raw/60923_2_T_3_WEOM_r1_Mag_04Jan24_300SA_p01_11_1_14483,nmdc:bsm-11-drbpkb58,60923_2_TOP,high
/home/bmeluch/NMDC/nom_processing/monet_nom_metadata/raw/60923_2_T_3_WEOM_r2_Mag_04Jan24_300SA_p01_11_1_14590,nmdc:bsm-11-drbpkb58,60923_2_TOP,high
/home/bmeluch/NMDC/nom_processing/monet_nom_metadata/raw/60923_2_T_3_WEOM_r3_Mag_04Jan24_300SA_p01_11_1_14679,nmdc:bsm-11-drbpkb58,60923_2_TOP,high
/home/bmeluch/NMDC/nom_processing/monet_nom_metadata/raw/60923_2_TOP_1_MAOM_r1_Mag_27Dec24_3p3kV_300SA_p01_7_1_21201,nmdc:bsm-11-drbpkb58,60923_2_TOP,high
/home/bmeluch/NMDC/nom_processing/monet_nom_metadata/raw/60923_2_TOP_1_MAOM_r2_Mag_27Dec24_3p3kV_300SA_p01_7_1_21217,nmdc:bsm-11-drbpkb58,60923_2_TOP,high
/home/bmeluch/NMDC/nom_processing/monet_nom_metadata/raw/60923_2_TOP_1_MAOM_r3_Mag_27Dec24_3p3kV_300SA_p01_7_1_21313,nmdc:bsm-11-drbpkb58,60923_2_TOP,high
/home/bmeluch/NMDC/nom_processing/monet_nom_metadata/raw/60923_2_TOP_2_MAOM_r1_Mag_27Dec24_3p3kV_300SA_p01_8_1_21168,nmdc:bsm-11-drbpkb58,60923_2_TOP,high
/home/bmeluch/NMDC/nom_processing/monet_nom_metadata/raw/60923_2_TOP_2_MAOM_r2_Mag_27Dec24_3p3kV_300SA_p01_8_1_21246,nmdc:bsm-11-drbpkb58,60923_2_TOP,high
/home/bmeluch/NMDC/nom_processing/monet_nom_metadata/raw/60923_2_TOP_2_MAOM_r3_Mag_27Dec24_3p3kV_300SA_p01_8_1_21294,nmdc:bsm-11-drbpkb58,60923_2_TOP,high
/home/bmeluch/NMDC/nom_processing/monet_nom_metadata/raw/60923_2_TOP_3_MAOM_r1_Mag_27Dec24_3p3kV_300SA_p01_9_1_21165,nmdc:bsm-11-drbpkb58,60923_2_TOP,high
/home/bmeluch/NMDC/nom_processing/monet_nom_metadata/raw/60923_2_TOP_3_MAOM_r2_Mag_27Dec24_3p3kV_300SA_p01_9_1_21219,nmdc:bsm-11-drbpkb58,60923_2_TOP,high
/home/bmeluch/NMDC/nom_processing/monet_nom_metadata/raw/60923_2_TOP_3_MAOM_r3_Mag_27Dec24_3p3kV_300SA_p01_9_1_21326,nmdc:bsm-11-drbpkb58,60923_2_TOP,high
/home/bmeluch/NMDC/nom_processing/monet_nom_metadata/raw/60923_20_B_1_WEOM_r1_Mag_04Mar24_300SA_p01_34_1_16833,nmdc:bsm-11-94gy3937,60923_20_BTM,high
/home/bmeluch/NMDC/nom_processing/monet_nom_metadata/raw/60923_20_B_1_WEOM_r2_Mag_04Mar24_300SA_p01_34_1_16905,nmdc:bsm-11-94gy3937,60923_20_BTM,high
/home/bmeluch/NMDC/nom_processing/monet_nom_metadata/raw/60923_20_B_1_WEOM_r3_Mag_04Mar24_300SA_p01_34_1_16958,nmdc:bsm-11-94gy3937,60923_20_BTM,high
/home/bmeluch/NMDC/nom_processing/monet_nom_metadata/raw/60923_20_B_2_WEOM_r1_Mag_04Mar24_300SA_p01_35_1_16838,nmdc:bsm-11-94gy3937,60923_20_BTM,high
/home/bmeluch/NMDC/nom_processing/monet_nom_metadata/raw/60923_20_B_2_WEOM_r2_Mag_04Mar24_300SA_p01_35_1_16862,nmdc:bsm-11-94gy3937,60923_20_BTM,high
/home/bmeluch/NMDC/nom_processing/monet_nom_metadata/raw/60923_20_B_2_WEOM_r3_Mag_04Mar24_300SA_p01_35_1_16911,nmdc:bsm-11-94gy3937,60923_20_BTM,high
/home/bmeluch/NMDC/nom_processing/monet_nom_metadata/raw/60923_20_B_3_WEOM_r1_Mag_04Mar24_300SA_p01_36_1_16795,nmdc:bsm-11-94gy3937,60923_20_BTM,high
/home/bmeluch/NMDC/nom_processing/monet_nom_metadata/raw/60923_20_B_3_WEOM_r2_Mag_04Mar24_300SA_p01_36_1_16870,nmdc:bsm-11-94gy3937,60923_20_BTM,high
/home/bmeluch/NMDC/nom_processing/monet_nom_metadata/raw/60923_20_B_3_WEOM_r3_Mag_04Mar24_300SA_p01_36_1_16919,nmdc:bsm-11-94gy3937,60923_20_BTM,high
/home/bmeluch/NMDC/nom_processing/monet_nom_metadata/raw/60923_20_BTM_1_MAOM_r1_Mag_22Jan25_3p3kV_300SA_p01_47_1_22216,nmdc:bsm-11-94gy3937,60923_20_BTM,high
/home/bmeluch/NMDC/nom_processing/monet_nom_metadata/raw/60923_20_BTM_1_MAOM_r2_Mag_22Jan25_3p3kV_300SA_p01_47_1_22287,nmdc:bsm-11-94gy3937,60923_20_BTM,high
/home/bmeluch/NMDC/nom_processing/monet_nom_metadata/raw/60923_20_BTM_1_MAOM_r3_Mag_22Jan25_3p3kV_300SA_p01_47_1_22323,nmdc:bsm-11-94gy3937,60923_20_BTM,high
/home/bmeluch/NMDC/nom_processing/monet_nom_metadata/raw/60923_20_BTM_2_MAOM_r1_Mag_22Jan25_3p3kV_300SA_p01_48_1_22250,nmdc:bsm-11-94gy3937,60923_20_BTM,high
/home/bmeluch/NMDC/nom_processing/monet_nom_metadata/raw/60923_20_BTM_2_MAOM_r2_Mag_22Jan25_3p3kV_300SA_p01_48_1_22296,nmdc:bsm-11-94gy3937,60923_20_BTM,high
/home/bmeluch/NMDC/nom_processing/monet_nom_metadata/raw/60923_20_BTM_2_MAOM_r3_Mag_22Jan25_3p3kV_300SA_p01_48_1_22373,nmdc:bsm-11-94gy3937,60923_20_BTM,high
/home/bmeluch/NMDC/nom_processing/monet_nom_metadata/raw/60923_20_BTM_3_MAOM_r1_Mag_22Jan25_3p3kV_300SA_p01_49_1_22210,nmdc:bsm-11-94gy3937,60923_20_BTM,high
/home/bmeluch/NMDC/nom_processing/monet_nom_metadata/raw/60923_20_BTM_3_MAOM_r2_Mag_22Jan25_3p3kV_300SA_p01_49_1_22260,nmdc:bsm-11-94gy3937,60923_20_BTM,high
/home/bmeluch/NMDC/nom_processing/monet_nom_metadata/raw/60923_20_BTM_3_MAOM_r3_Mag_22Jan25_3p3kV_300SA_p01_49_1_22333,nmdc:bsm-11-94gy3937,60923_20_BTM,high
/home/bmeluch/NMDC/nom_processing/monet_nom_metadata/raw/60923_20_T_1_WEOM_r1_Mag_04Mar24_300SA_p01_31_1_16835,nmdc:bsm-11-nynnec13,60923_20_TOP,high
/home/bmeluch/NMDC/nom_processing/monet_nom_metadata/raw/60923_20_T_1_WEOM_r2_Mag_04Mar24_300SA_p01_31_1_16852,nmdc:bsm-11-nynnec13,60923_20_TOP,high
/home/bmeluch/NMDC/nom_processing/monet_nom_metadata/raw/60923_20_T_1_WEOM_r3_Mag_04Mar24_300SA_p01_31_1_16907,nmdc:bsm-11-nynnec13,60923_20_TOP,high
/home/bmeluch/NMDC/nom_processing/monet_nom_metadata/raw/60923_20_T_2_WEOM_r1_Mag_04Mar24_300SA_p01_32_1_16828,nmdc:bsm-11-nynnec13,60923_20_TOP,high
/home/bmeluch/NMDC/nom_processing/monet_nom_metadata/raw/60923_20_T_2_WEOM_r2_Mag_04Mar24_300SA_p01_32_1_16874,nmdc:bsm-11-nynnec13,60923_20_TOP,high
/home/bmeluch/NMDC/nom_processing/monet_nom_metadata/raw/60923_20_T_2_WEOM_r3_Mag_04Mar24_300SA_p01_32_1_16930,nmdc:bsm-11-nynnec13,60923_20_TOP,high
/home/bmeluch/NMDC/nom_processing/monet_nom_metadata/raw/60923_20_T_3_WEOM_r1_Mag_04Mar24_300SA_p01_33_1_16831,nmdc:bsm-11-nynnec13,60923_20_TOP,high
/home/bmeluch/NMDC/nom_processing/monet_nom_metadata/raw/60923_20_T_3_WEOM_r2_Mag_04Mar24_300SA_p01_33_1_16888,nmdc:bsm-11-nynnec13,60923_20_TOP,high
/home/bmeluch/NMDC/nom_processing/monet_nom_metadata/raw/60923_20_T_3_WEOM_r3_Mag_04Mar24_300SA_p01_33_1_16928,nmdc:bsm-11-nynnec13,60923_20_TOP,high
/home/bmeluch/NMDC/nom_processing/monet_nom_metadata/raw/60923_20_TOP_1_MAOM_r1_Mag_22Jan25_3p3kV_300SA_p01_44_1_22249,nmdc:bsm-11-nynnec13,60923_20_TOP,high
/home/bmeluch/NMDC/nom_processing/monet_nom_metadata/raw/60923_20_TOP_1_MAOM_r2_Mag_22Jan25_3p3kV_300SA_p01_44_1_22291,nmdc:bsm-11-nynnec13,60923_20_TOP,high
/home/bmeluch/NMDC/nom_processing/monet_nom_metadata/raw/60923_20_TOP_1_MAOM_r3_Mag_22Jan25_3p3kV_300SA_p01_44_1_22359,nmdc:bsm-11-nynnec13,60923_20_TOP,high
/home/bmeluch/NMDC/nom_processing/monet_nom_metadata/raw/60923_20_TOP_2_MAOM_r1_Mag_22Jan25_3p3kV_300SA_p01_45_1_22237,nmdc:bsm-11-nynnec13,60923_20_TOP,high
/home/bmeluch/NMDC/nom_processing/monet_nom_metadata/raw/60923_20_TOP_2_MAOM_r2_Mag_22Jan25_3p3kV_300SA_p01_45_1_22272,nmdc:bsm-11-nynnec13,60923_20_TOP,high
/home/bmeluch/NMDC/nom_processing/monet_nom_metadata/raw/60923_20_TOP_2_MAOM_r3_Mag_22Jan25_3p3kV_300SA_p01_45_1_22367,nmdc:bsm-11-nynnec13,60923_20_TOP,high
/home/bmeluch/NMDC/nom_processing/monet_nom_metadata/raw/60923_20_TOP_3_MAOM_r1_Mag_22Jan25_3p3kV_300SA_p01_46_1_22198,nmdc:bsm-11-nynnec13,60923_20_TOP,high
/home/bmeluch/NMDC/nom_processing/monet_nom_metadata/raw/60923_20_TOP_3_MAOM_r2_Mag_22Jan25_3p3kV_300SA_p01_46_1_22312,nmdc:bsm-11-nynnec13,60923_20_TOP,high
/home/bmeluch/NMDC/nom_processing/monet_nom_metadata/raw/60923_20_TOP_3_MAOM_r3_Mag_22Jan25_3p3kV_300SA_p01_46_1_22361,nmdc:bsm-11-nynnec13,60923_20_TOP,high
/home/bmeluch/NMDC/nom_processing/monet_nom_metadata/raw/60923_21_B_1_WEOM_r1_Mag_04Mar24_300SA_p01_40_1_16845,nmdc:bsm-11-jqw92624,60923_21_BTM,high
/home/bmeluch/NMDC/nom_processing/monet_nom_metadata/raw/60923_21_B_1_WEOM_r2_Mag_04Mar24_300SA_p01_40_1_16876,nmdc:bsm-11-jqw92624,60923_21_BTM,high
/home/bmeluch/NMDC/nom_processing/monet_nom_metadata/raw/60923_21_B_1_WEOM_r3_Mag_04Mar24_300SA_p01_40_1_16910,nmdc:bsm-11-jqw92624,60923_21_BTM,high
/home/bmeluch/NMDC/nom_processing/monet_nom_metadata/raw/60923_21_B_2_WEOM_r1_Mag_04Mar24_300SA_p01_41_1_16826,nmdc:bsm-11-jqw92624,60923_21_BTM,high
/home/bmeluch/NMDC/nom_processing/monet_nom_metadata/raw/60923_21_B_2_WEOM_r2_Mag_04Mar24_300SA_p01_41_1_16855,nmdc:bsm-11-jqw92624,60923_21_BTM,high
/home/bmeluch/NMDC/nom_processing/monet_nom_metadata/raw/60923_21_B_2_WEOM_r3_Mag_04Mar24_300SA_p01_41_1_16932,nmdc:bsm-11-jqw92624,60923_21_BTM,high
/home/bmeluch/NMDC/nom_processing/monet_nom_metadata/raw/60923_21_B_3_WEOM_r1_Mag_04Mar24_300SA_p01_42_1_16841,nmdc:bsm-11-jqw92624,60923_21_BTM,high
/home/bmeluch/NMDC/nom_processing/monet_nom_metadata/raw/60923_21_B_3_WEOM_r2_Mag_04Mar24_300SA_p01_42_1_16877,nmdc:bsm-11-jqw92624,60923_21_BTM,high
/home/bmeluch/NMDC/nom_processing/monet_nom_metadata/raw/60923_21_B_3_WEOM_r3_Mag_04Mar24_300SA_p01_42_1_16920,nmdc:bsm-11-jqw92624,60923_21_BTM,high
/home/bmeluch/NMDC/nom_processing/monet_nom_metadata/raw/60923_21_BTM_1_MAOM_r1_Mag_22Jan25_3p3kV_300SA_p01_4_1_22391,nmdc:bsm-11-jqw92624,60923_21_BTM,high
/home/bmeluch/NMDC/nom_processing/monet_nom_metadata/raw/60923_21_BTM_1_MAOM_r2_Mag_22Jan25_3p3kV_300SA_p01_4_1_22464,nmdc:bsm-11-jqw92624,60923_21_BTM,high
/home/bmeluch/NMDC/nom_processing/monet_nom_metadata/raw/60923_21_BTM_1_MAOM_r3_Mag_22Jan25_3p3kV_300SA_p01_4_1_22542,nmdc:bsm-11-jqw92624,60923_21_BTM,high
/home/bmeluch/NMDC/nom_processing/monet_nom_metadata/raw/60923_21_BTM_2_MAOM_r1_Mag_22Jan25_3p3kV_300SA_p01_5_1_22407,nmdc:bsm-11-jqw92624,60923_21_BTM,high
/home/bmeluch/NMDC/nom_processing/monet_nom_metadata/raw/60923_21_BTM_2_MAOM_r2_Mag_22Jan25_3p3kV_300SA_p01_5_1_22447,nmdc:bsm-11-jqw92624,60923_21_BTM,high
/home/bmeluch/NMDC/nom_processing/monet_nom_metadata/raw/60923_21_BTM_2_MAOM_r3_Mag_22Jan25_3p3kV_300SA_p01_5_1_22497,nmdc:bsm-11-jqw92624,60923_21_BTM,high
/home/bmeluch/NMDC/nom_processing/monet_nom_metadata/raw/60923_21_BTM_3_MAOM_r1_Mag_22Jan25_3p3kV_300SA_p01_6_1_22385,nmdc:bsm-11-jqw92624,60923_21_BTM,high
/home/bmeluch/NMDC/nom_processing/monet_nom_metadata/raw/60923_21_BTM_3_MAOM_r2_Mag_22Jan25_3p3kV_300SA_p01_6_1_22440,nmdc:bsm-11-jqw92624,60923_21_BTM,high
/home/bmeluch/NMDC/nom_processing/monet_nom_metadata/raw/60923_21_BTM_3_MAOM_r3_Mag_22Jan25_3p3kV_300SA_p01_6_1_22524,nmdc:bsm-11-jqw92624,60923_21_BTM,high
/home/bmeluch/NMDC/nom_processing/monet_nom_metadata/raw/60923_21_T_1_WEOM_r1_Mag_04Mar24_300SA_p01_37_1_16806,nmdc:bsm-11-886pkh28,60923_21_TOP,high
/home/bmeluch/NMDC/nom_processing/monet_nom_metadata/raw/60923_21_T_1_WEOM_r2_Mag_04Mar24_300SA_p01_37_1_16884,nmdc:bsm-11-886pkh28,60923_21_TOP,high
/home/bmeluch/NMDC/nom_processing/monet_nom_metadata/raw/60923_21_T_1_WEOM_r3_Mag_04Mar24_300SA_p01_37_1_16956,nmdc:bsm-11-886pkh28,60923_21_TOP,high
/home/bmeluch/NMDC/nom_processing/monet_nom_metadata/raw/60923_21_T_2_WEOM_r1_Mag_04Mar24_300SA_p01_38_1_16822,nmdc:bsm-11-886pkh28,60923_21_TOP,high
/home/bmeluch/NMDC/nom_processing/monet_nom_metadata/raw/60923_21_T_2_WEOM_r2_Mag_04Mar24_300SA_p01_38_1_16900,nmdc:bsm-11-886pkh28,60923_21_TOP,high
/home/bmeluch/NMDC/nom_processing/monet_nom_metadata/raw/60923_21_T_2_WEOM_r3_Mag_04Mar24_300SA_p01_38_1_16940,nmdc:bsm-11-886pkh28,60923_21_TOP,high
/home/bmeluch/NMDC/nom_processing/monet_nom_metadata/raw/60923_21_T_3_WEOM_r1_Mag_04Mar24_300SA_p01_39_1_16804,nmdc:bsm-11-886pkh28,60923_21_TOP,high
/home/bmeluch/NMDC/nom_processing/monet_nom_metadata/raw/60923_21_T_3_WEOM_r2_Mag_04Mar24_300SA_p01_39_1_16894,nmdc:bsm-11-886pkh28,60923_21_TOP,high
/home/bmeluch/NMDC/nom_processing/monet_nom_metadata/raw/60923_21_T_3_WEOM_r3_Mag_04Mar24_300SA_p01_39_1_16963,nmdc:bsm-11-886pkh28,60923_21_TOP,high
/home/bmeluch/NMDC/nom_processing/monet_nom_metadata/raw/60923_21_TOP_1_MAOM_r1_Mag_22Jan25_3p3kV_300SA_p01_1_1_22425,nmdc:bsm-11-886pkh28,60923_21_TOP,high
/home/bmeluch/NMDC/nom_processing/monet_nom_metadata/raw/60923_21_TOP_1_MAOM_r2_Mag_22Jan25_3p3kV_300SA_p01_1_1_22477,nmdc:bsm-11-886pkh28,60923_21_TOP,high
/home/bmeluch/NMDC/nom_processing/monet_nom_metadata/raw/60923_21_TOP_1_MAOM_r3_Mag_22Jan25_3p3kV_300SA_p01_1_1_22530,nmdc:bsm-11-886pkh28,60923_21_TOP,high
/home/bmeluch/NMDC/nom_processing/monet_nom_metadata/raw/60923_21_TOP_2_MAOM_r1_Mag_22Jan25_3p3kV_300SA_p01_2_1_22422,nmdc:bsm-11-886pkh28,60923_21_TOP,high
/home/bmeluch/NMDC/nom_processing/monet_nom_metadata/raw/60923_21_TOP_2_MAOM_r2_Mag_22Jan25_3p3kV_300SA_p01_2_1_22456,nmdc:bsm-11-886pkh28,60923_21_TOP,high
/home/bmeluch/NMDC/nom_processing/monet_nom_metadata/raw/60923_21_TOP_2_MAOM_r3_Mag_22Jan25_3p3kV_300SA_p01_2_1_22531,nmdc:bsm-11-886pkh28,60923_21_TOP,high
/home/bmeluch/NMDC/nom_processing/monet_nom_metadata/raw/60923_21_TOP_3_MAOM_r1_Mag_22Jan25_3p3kV_300SA_p01_3_1_22410,nmdc:bsm-11-886pkh28,60923_21_TOP,high
/home/bmeluch/NMDC/nom_processing/monet_nom_metadata/raw/60923_21_TOP_3_MAOM_r2_Mag_22Jan25_3p3kV_300SA_p01_3_1_22445,nmdc:bsm-11-886pkh28,60923_21_TOP,high
/home/bmeluch/NMDC/nom_processing/monet_nom_metadata/raw/60923_21_TOP_3_MAOM_r3_Mag_22Jan25_3p3kV_300SA_p01_3_1_22532,nmdc:bsm-11-886pkh28,60923_21_TOP,high
/home/bmeluch/NMDC/nom_processing/monet_nom_metadata/raw/60923_3_B_1_WEOM_r1_Mag_04Jan24_300SA_p01_6_1_14420,nmdc:bsm-11-de24zv13,60923_3_BTM,high
/home/bmeluch/NMDC/nom_processing/monet_nom_metadata/raw/60923_3_B_1_WEOM_r2_Mag_04Jan24_300SA_p01_6_1_14525,nmdc:bsm-11-de24zv13,60923_3_BTM,high
/home/bmeluch/NMDC/nom_processing/monet_nom_metadata/raw/60923_3_B_1_WEOM_r3_Mag_04Jan24_300SA_p01_6_1_14600,nmdc:bsm-11-de24zv13,60923_3_BTM,high
/home/bmeluch/NMDC/nom_processing/monet_nom_metadata/raw/60923_3_B_2_WEOM_r1_Mag_04Jan24_300SA_p01_34_1_14450,nmdc:bsm-11-de24zv13,60923_3_BTM,high
/home/bmeluch/NMDC/nom_processing/monet_nom_metadata/raw/60923_3_B_2_WEOM_r2_Mag_04Jan24_300SA_p01_34_1_14558,nmdc:bsm-11-de24zv13,60923_3_BTM,high
/home/bmeluch/NMDC/nom_processing/monet_nom_metadata/raw/60923_3_B_2_WEOM_r3_Mag_04Jan24_300SA_p01_34_1_14657,nmdc:bsm-11-de24zv13,60923_3_BTM,high
/home/bmeluch/NMDC/nom_processing/monet_nom_metadata/raw/60923_3_B_3_WEOM_r1_Mag_04Jan24_300SA_p01_14_1_14507,nmdc:bsm-11-de24zv13,60923_3_BTM,high
/home/bmeluch/NMDC/nom_processing/monet_nom_metadata/raw/60923_3_B_3_WEOM_r2_Mag_04Jan24_300SA_p01_14_1_14581,nmdc:bsm-11-de24zv13,60923_3_BTM,high
/home/bmeluch/NMDC/nom_processing/monet_nom_metadata/raw/60923_3_B_3_WEOM_r3_Mag_04Jan24_300SA_p01_14_1_14660,nmdc:bsm-11-de24zv13,60923_3_BTM,high
/home/bmeluch/NMDC/nom_processing/monet_nom_metadata/raw/60923_3_BTM_1_MAOM_r1_Mag_27Dec24_3p3kV_300SA_p01_16_1_21203,nmdc:bsm-11-de24zv13,60923_3_BTM,high
/home/bmeluch/NMDC/nom_processing/monet_nom_metadata/raw/60923_3_BTM_1_MAOM_r2_Mag_27Dec24_3p3kV_300SA_p01_16_1_21232,nmdc:bsm-11-de24zv13,60923_3_BTM,high
/home/bmeluch/NMDC/nom_processing/monet_nom_metadata/raw/60923_3_BTM_1_MAOM_r3_Mag_27Dec24_3p3kV_300SA_p01_16_1_21276,nmdc:bsm-11-de24zv13,60923_3_BTM,high
/home/bmeluch/NMDC/nom_processing/monet_nom_metadata/raw/60923_3_BTM_2_MAOM_r1_Mag_27Dec24_3p3kV_300SA_p01_17_1_21164,nmdc:bsm-11-de24zv13,60923_3_BTM,high
/home/bmeluch/NMDC/nom_processing/monet_nom_metadata/raw/60923_3_BTM_2_MAOM_r2_Mag_27Dec24_3p3kV_300SA_p01_17_1_21244,nmdc:bsm-11-de24zv13,60923_3_BTM,high
/home/bmeluch/NMDC/nom_processing/monet_nom_metadata/raw/60923_3_BTM_2_MAOM_r3_Mag_27Dec24_3p3kV_300SA_p01_17_1_21273,nmdc:bsm-11-de24zv13,60923_3_BTM,high
/home/bmeluch/NMDC/nom_processing/monet_nom_metadata/raw/60923_3_BTM_3_MAOM_r1_Mag_27Dec24_3p3kV_300SA_p01_18_1_21166,nmdc:bsm-11-de24zv13,60923_3_BTM,high
/home/bmeluch/NMDC/nom_processing/monet_nom_metadata/raw/60923_3_BTM_3_MAOM_r2_Mag_27Dec24_3p3kV_300SA_p01_18_1_21228,nmdc:bsm-11-de24zv13,60923_3_BTM,high
/home/bmeluch/NMDC/nom_processing/monet_nom_metadata/raw/60923_3_BTM_3_MAOM_r3_Mag_27Dec24_3p3kV_300SA_p01_18_1_21307,nmdc:bsm-11-de24zv13,60923_3_BTM,high
/home/bmeluch/NMDC/nom_processing/monet_nom_metadata/raw/60923_3_T_1_WEOM_r1_Mag_04Jan24_300SA_p01_5_1_14433,nmdc:bsm-11-8wv3sf12,60923_3_TOP,high
/home/bmeluch/NMDC/nom_processing/monet_nom_metadata/raw/60923_3_T_1_WEOM_r2_Mag_04Jan24_300SA_p01_5_1_14519,nmdc:bsm-11-8wv3sf12,60923_3_TOP,high
/home/bmeluch/NMDC/nom_processing/monet_nom_metadata/raw/60923_3_T_1_WEOM_r3_Mag_04Jan24_300SA_p01_5_1_14613,nmdc:bsm-11-8wv3sf12,60923_3_TOP,high
/home/bmeluch/NMDC/nom_processing/monet_nom_metadata/raw/60923_3_T_2_WEOM_r1_Mag_04Jan24_300SA_p01_33_1_14459,nmdc:bsm-11-8wv3sf12,60923_3_TOP,high
/home/bmeluch/NMDC/nom_processing/monet_nom_metadata/raw/60923_3_T_2_WEOM_r2_Mag_04Jan24_300SA_p01_33_1_14546,nmdc:bsm-11-8wv3sf12,60923_3_TOP,high
/home/bmeluch/NMDC/nom_processing/monet_nom_metadata/raw/60923_3_T_2_WEOM_r3_Mag_04Jan24_300SA_p01_33_1_14636,nmdc:bsm-11-8wv3sf12,60923_3_TOP,high
/home/bmeluch/NMDC/nom_processing/monet_nom_metadata/raw/60923_3_T_3_WEOM_r1_Mag_04Jan24_300SA_p01_13_1_14500,nmdc:bsm-11-8wv3sf12,60923_3_TOP,high
/home/bmeluch/NMDC/nom_processing/monet_nom_metadata/raw/60923_3_T_3_WEOM_r2_Mag_04Jan24_300SA_p01_13_1_14577,nmdc:bsm-11-8wv3sf12,60923_3_TOP,high
/home/bmeluch/NMDC/nom_processing/monet_nom_metadata/raw/60923_3_T_3_WEOM_r3_Mag_04Jan24_300SA_p01_13_1_14674,nmdc:bsm-11-8wv3sf12,60923_3_TOP,high
/home/bmeluch/NMDC/nom_processing/monet_nom_metadata/raw/60923_3_TOP_1_MAOM_r1_Mag_27Dec24_3p3kV_300SA_p01_13_1_21216,nmdc:bsm-11-8wv3sf12,60923_3_TOP,high
/home/bmeluch/NMDC/nom_processing/monet_nom_metadata/raw/60923_3_TOP_1_MAOM_r2_Mag_27Dec24_3p3kV_300SA_p01_13_1_21255,nmdc:bsm-11-8wv3sf12,60923_3_TOP,high
/home/bmeluch/NMDC/nom_processing/monet_nom_metadata/raw/60923_3_TOP_1_MAOM_r3_Mag_27Dec24_3p3kV_300SA_p01_13_1_21310,nmdc:bsm-11-8wv3sf12,60923_3_TOP,high
/home/bmeluch/NMDC/nom_processing/monet_nom_metadata/raw/60923_3_TOP_2_MAOM_r1_Mag_27Dec24_3p3kV_300SA_p01_14_1_21171,nmdc:bsm-11-8wv3sf12,60923_3_TOP,high
/home/bmeluch/NMDC/nom_processing/monet_nom_metadata/raw/60923_3_TOP_2_MAOM_r2_Mag_27Dec24_3p3kV_300SA_p01_14_1_21270,nmdc:bsm-11-8wv3sf12,60923_3_TOP,high
/home/bmeluch/NMDC/nom_processing/monet_nom_metadata/raw/60923_3_TOP_2_MAOM_r3_Mag_27Dec24_3p3kV_300SA_p01_14_1_21271,nmdc:bsm-11-8wv3sf12,60923_3_TOP,high
/home/bmeluch/NMDC/nom_processing/monet_nom_metadata/raw/60923_3_TOP_3_MAOM_r1_Mag_27Dec24_3p3kV_300SA_p01_15_1_21187,nmdc:bsm-11-8wv3sf12,60923_3_TOP,high
/home/bmeluch/NMDC/nom_processing/monet_nom_metadata/raw/60923_3_TOP_3_MAOM_r2_Mag_27Dec24_3p3kV_300SA_p01_15_1_21261,nmdc:bsm-11-8wv3sf12,60923_3_TOP,high
/home/bmeluch/NMDC/nom_processing/monet_nom_metadata/raw/60923_3_TOP_3_MAOM_r3_Mag_27Dec24_3p3kV_300SA_p01_15_1_21315,nmdc:bsm-11-8wv3sf12,60923_3_TOP,high
/home/bmeluch/NMDC/nom_processing/monet_nom_metadata/raw/60923_4_B_1_WEOM_r1_Mag_04Jan24_300SA_p01_8_1_14427,nmdc:bsm-11-5fjw6z87,60923_4_BTM,high
/home/bmeluch/NMDC/nom_processing/monet_nom_metadata/raw/60923_4_B_1_WEOM_r2_Mag_04Jan24_300SA_p01_8_1_14518,nmdc:bsm-11-5fjw6z87,60923_4_BTM,high
/home/bmeluch/NMDC/nom_processing/monet_nom_metadata/raw/60923_4_B_1_WEOM_r3_Mag_04Jan24_300SA_p01_8_1_14619,nmdc:bsm-11-5fjw6z87,60923_4_BTM,high
/home/bmeluch/NMDC/nom_processing/monet_nom_metadata/raw/60923_4_B_3_WEOM_r1_Mag_04Jan24_300SA_p01_16_1_14494,nmdc:bsm-11-5fjw6z87,60923_4_BTM,high
/home/bmeluch/NMDC/nom_processing/monet_nom_metadata/raw/60923_4_B_3_WEOM_r2_Mag_04Jan24_300SA_p01_16_1_14579,nmdc:bsm-11-5fjw6z87,60923_4_BTM,high
/home/bmeluch/NMDC/nom_processing/monet_nom_metadata/raw/60923_4_B_3_WEOM_r3_Mag_04Jan24_300SA_p01_16_1_14658,nmdc:bsm-11-5fjw6z87,60923_4_BTM,high
/home/bmeluch/NMDC/nom_processing/monet_nom_metadata/raw/60923_4_BTM_1_MAOM_r1_Mag_27Dec24_3p3kV_300SA_p01_22_1_21209,nmdc:bsm-11-5fjw6z87,60923_4_BTM,high
/home/bmeluch/NMDC/nom_processing/monet_nom_metadata/raw/60923_4_BTM_1_MAOM_r2_Mag_27Dec24_3p3kV_300SA_p01_22_1_21227,nmdc:bsm-11-5fjw6z87,60923_4_BTM,high
/home/bmeluch/NMDC/nom_processing/monet_nom_metadata/raw/60923_4_BTM_1_MAOM_r3_Mag_27Dec24_3p3kV_300SA_p01_22_1_21288,nmdc:bsm-11-5fjw6z87,60923_4_BTM,high
/home/bmeluch/NMDC/nom_processing/monet_nom_metadata/raw/60923_4_BTM_2_MAOM_r1_Mag_27Dec24_3p3kV_300SA_p01_23_1_21211,nmdc:bsm-11-5fjw6z87,60923_4_BTM,high
/home/bmeluch/NMDC/nom_processing/monet_nom_metadata/raw/60923_4_BTM_2_MAOM_r2_Mag_27Dec24_3p3kV_300SA_p01_23_1_21234,nmdc:bsm-11-5fjw6z87,60923_4_BTM,high
/home/bmeluch/NMDC/nom_processing/monet_nom_metadata/raw/60923_4_BTM_2_MAOM_r3_Mag_27Dec24_3p3kV_300SA_p01_23_1_21295,nmdc:bsm-11-5fjw6z87,60923_4_BTM,high
/home/bmeluch/NMDC/nom_processing/monet_nom_metadata/raw/60923_4_BTM_3_MAOM_r1_Mag_27Dec24_3p3kV_300SA_p01_24_1_21193,nmdc:bsm-11-5fjw6z87,60923_4_BTM,high
/home/bmeluch/NMDC/nom_processing/monet_nom_metadata/raw/60923_4_BTM_3_MAOM_r2_Mag_27Dec24_3p3kV_300SA_p01_24_1_21226,nmdc:bsm-11-5fjw6z87,60923_4_BTM,high
/home/bmeluch/NMDC/nom_processing/monet_nom_metadata/raw/60923_4_BTM_3_MAOM_r3_Mag_27Dec24_3p3kV_300SA_p01_24_1_21286,nmdc:bsm-11-5fjw6z87,60923_4_BTM,high
/home/bmeluch/NMDC/nom_processing/monet_nom_metadata/raw/60923_4_T_1_WEOM_r1_Mag_04Jan24_300SA_p01_7_1_14448,nmdc:bsm-11-xavsg426,60923_4_TOP,high
/home/bmeluch/NMDC/nom_processing/monet_nom_metadata/raw/60923_4_T_1_WEOM_r2_Mag_04Jan24_300SA_p01_7_1_14512,nmdc:bsm-11-xavsg426,60923_4_TOP,high
/home/bmeluch/NMDC/nom_processing/monet_nom_metadata/raw/60923_4_T_1_WEOM_r3_Mag_04Jan24_300SA_p01_7_1_14620,nmdc:bsm-11-xavsg426,60923_4_TOP,high
/home/bmeluch/NMDC/nom_processing/monet_nom_metadata/raw/60923_4_T_2_WEOM_r1_Mag_04Jan24_300SA_p01_35_1_14474,nmdc:bsm-11-xavsg426,60923_4_TOP,high
/home/bmeluch/NMDC/nom_processing/monet_nom_metadata/raw/60923_4_T_2_WEOM_r2_Mag_04Jan24_300SA_p01_35_1_14567,nmdc:bsm-11-xavsg426,60923_4_TOP,high
/home/bmeluch/NMDC/nom_processing/monet_nom_metadata/raw/60923_4_T_2_WEOM_r3_Mag_04Jan24_300SA_p01_35_1_14639,nmdc:bsm-11-xavsg426,60923_4_TOP,high
/home/bmeluch/NMDC/nom_processing/monet_nom_metadata/raw/60923_4_T_3_WEOM_r1_Mag_04Jan24_300SA_p01_15_1_14488,nmdc:bsm-11-xavsg426,60923_4_TOP,high
/home/bmeluch/NMDC/nom_processing/monet_nom_metadata/raw/60923_4_T_3_WEOM_r2_Mag_04Jan24_300SA_p01_15_1_14596,nmdc:bsm-11-xavsg426,60923_4_TOP,high
/home/bmeluch/NMDC/nom_processing/monet_nom_metadata/raw/60923_4_T_3_WEOM_r3_Mag_04Jan24_300SA_p01_15_1_14677,nmdc:bsm-11-xavsg426,60923_4_TOP,high
/home/bmeluch/NMDC/nom_processing/monet_nom_metadata/raw/60923_4_TOP_1_MAOM_r1_Mag_27Dec24_3p3kV_300SA_p01_19_1_21197,nmdc:bsm-11-xavsg426,60923_4_TOP,high
/home/bmeluch/NMDC/nom_processing/monet_nom_metadata/raw/60923_4_TOP_1_MAOM_r2_Mag_27Dec24_3p3kV_300SA_p01_19_1_21245,nmdc:bsm-11-xavsg426,60923_4_TOP,high
/home/bmeluch/NMDC/nom_processing/monet_nom_metadata/raw/60923_4_TOP_1_MAOM_r3_Mag_27Dec24_3p3kV_300SA_p01_19_1_21291,nmdc:bsm-11-xavsg426,60923_4_TOP,high
/home/bmeluch/NMDC/nom_processing/monet_nom_metadata/raw/60923_4_TOP_2_MAOM_r1_Mag_27Dec24_3p3kV_300SA_p01_20_1_21215,nmdc:bsm-11-xavsg426,60923_4_TOP,high
/home/bmeluch/NMDC/nom_processing/monet_nom_metadata/raw/60923_4_TOP_2_MAOM_r2_Mag_27Dec24_3p3kV_300SA_p01_20_1_21254,nmdc:bsm-11-xavsg426,60923_4_TOP,high
/home/bmeluch/NMDC/nom_processing/monet_nom_metadata/raw/60923_4_TOP_2_MAOM_r3_Mag_27Dec24_3p3kV_300SA_p01_20_1_21285,nmdc:bsm-11-xavsg426,60923_4_TOP,high
/home/bmeluch/NMDC/nom_processing/monet_nom_metadata/raw/60923_4_TOP_3_MAOM_r1_Mag_27Dec24_3p3kV_300SA_p01_21_1_21214,nmdc:bsm-11-xavsg426,60923_4_TOP,high
/home/bmeluch/NMDC/nom_processing/monet_nom_metadata/raw/60923_4_TOP_3_MAOM_r2_Mag_27Dec24_3p3kV_300SA_p01_21_1_21266,nmdc:bsm-11-xavsg426,60923_4_TOP,high
/home/bmeluch/NMDC/nom_processing/monet_nom_metadata/raw/60923_4_TOP_3_MAOM_r3_Mag_27Dec24_3p3kV_300SA_p01_21_1_21306,nmdc:bsm-11-xavsg426,60923_4_TOP,high
/home/bmeluch/NMDC/nom_processing/monet_nom_metadata/raw/60923_5_B_1_WEOM_r1_Mag_04Jan24_300SA_p01_10_1_14432,nmdc:bsm-11-8qv5pe69,60923_5_BTM,high
/home/bmeluch/NMDC/nom_processing/monet_nom_metadata/raw/60923_5_B_1_WEOM_r2_Mag_04Jan24_300SA_p01_10_1_14526,nmdc:bsm-11-8qv5pe69,60923_5_BTM,high
/home/bmeluch/NMDC/nom_processing/monet_nom_metadata/raw/60923_5_B_1_WEOM_r3_Mag_04Jan24_300SA_p01_10_1_14617,nmdc:bsm-11-8qv5pe69,60923_5_BTM,high
/home/bmeluch/NMDC/nom_processing/monet_nom_metadata/raw/60923_5_B_2_WEOM_r1_Mag_04Jan24_300SA_p01_38_1_14475,nmdc:bsm-11-8qv5pe69,60923_5_BTM,high
/home/bmeluch/NMDC/nom_processing/monet_nom_metadata/raw/60923_5_B_2_WEOM_r2_Mag_04Jan24_300SA_p01_38_1_14540,nmdc:bsm-11-8qv5pe69,60923_5_BTM,high
/home/bmeluch/NMDC/nom_processing/monet_nom_metadata/raw/60923_5_B_2_WEOM_r3_Mag_04Jan24_300SA_p01_38_1_14635,nmdc:bsm-11-8qv5pe69,60923_5_BTM,high
/home/bmeluch/NMDC/nom_processing/monet_nom_metadata/raw/60923_5_B_3_WEOM_r1_Mag_04Jan24_300SA_p01_18_1_14491,nmdc:bsm-11-8qv5pe69,60923_5_BTM,high
/home/bmeluch/NMDC/nom_processing/monet_nom_metadata/raw/60923_5_B_3_WEOM_r2_Mag_04Jan24_300SA_p01_18_1_14586,nmdc:bsm-11-8qv5pe69,60923_5_BTM,high
/home/bmeluch/NMDC/nom_processing/monet_nom_metadata/raw/60923_5_B_3_WEOM_r3_Mag_04Jan24_300SA_p01_18_1_14668,nmdc:bsm-11-8qv5pe69,60923_5_BTM,high
/home/bmeluch/NMDC/nom_processing/monet_nom_metadata/raw/60923_5_BTM_1_MAOM_r1_Mag_27Dec24_3p3kV_300SA_p01_28_1_21183,nmdc:bsm-11-8qv5pe69,60923_5_BTM,high
/home/bmeluch/NMDC/nom_processing/monet_nom_metadata/raw/60923_5_BTM_1_MAOM_r2_Mag_27Dec24_3p3kV_300SA_p01_28_1_21250,nmdc:bsm-11-8qv5pe69,60923_5_BTM,high
/home/bmeluch/NMDC/nom_processing/monet_nom_metadata/raw/60923_5_BTM_1_MAOM_r3_Mag_27Dec24_3p3kV_300SA_p01_28_1_21309,nmdc:bsm-11-8qv5pe69,60923_5_BTM,high
/home/bmeluch/NMDC/nom_processing/monet_nom_metadata/raw/60923_5_BTM_2_MAOM_r1_Mag_27Dec24_3p3kV_300SA_p01_29_1_21181,nmdc:bsm-11-8qv5pe69,60923_5_BTM,high
/home/bmeluch/NMDC/nom_processing/monet_nom_metadata/raw/60923_5_BTM_2_MAOM_r2_Mag_27Dec24_3p3kV_300SA_p01_29_1_21264,nmdc:bsm-11-8qv5pe69,60923_5_BTM,high
/home/bmeluch/NMDC/nom_processing/monet_nom_metadata/raw/60923_5_BTM_2_MAOM_r3_Mag_27Dec24_3p3kV_300SA_p01_29_1_21301,nmdc:bsm-11-8qv5pe69,60923_5_BTM,high
/home/bmeluch/NMDC/nom_processing/monet_nom_metadata/raw/60923_5_BTM_3_MAOM_r1_Mag_27Dec24_3p3kV_300SA_p01_30_1_21170,nmdc:bsm-11-8qv5pe69,60923_5_BTM,high
/home/bmeluch/NMDC/nom_processing/monet_nom_metadata/raw/60923_5_BTM_3_MAOM_r2_Mag_27Dec24_3p3kV_300SA_p01_30_1_21249,nmdc:bsm-11-8qv5pe69,60923_5_BTM,high
/home/bmeluch/NMDC/nom_processing/monet_nom_metadata/raw/60923_5_BTM_3_MAOM_r3_Mag_27Dec24_3p3kV_300SA_p01_30_1_21289,nmdc:bsm-11-8qv5pe69,60923_5_BTM,high
/home/bmeluch/NMDC/nom_processing/monet_nom_metadata/raw/60923_5_T_1_WEOM_r1_Mag_04Jan24_300SA_p01_9_1_14437,nmdc:bsm-11-ezpyrs72,60923_5_TOP,high
/home/bmeluch/NMDC/nom_processing/monet_nom_metadata/raw/60923_5_T_1_WEOM_r2_Mag_04Jan24_300SA_p01_9_1_14533,nmdc:bsm-11-ezpyrs72,60923_5_TOP,high
/home/bmeluch/NMDC/nom_processing/monet_nom_metadata/raw/60923_5_T_1_WEOM_r3_Mag_04Jan24_300SA_p01_9_1_14610,nmdc:bsm-11-ezpyrs72,60923_5_TOP,high
/home/bmeluch/NMDC/nom_processing/monet_nom_metadata/raw/60923_5_T_2_WEOM_r1_Mag_04Jan24_300SA_p01_37_1_14461,nmdc:bsm-11-ezpyrs72,60923_5_TOP,high
/home/bmeluch/NMDC/nom_processing/monet_nom_metadata/raw/60923_5_T_2_WEOM_r2_Mag_04Jan24_300SA_p01_37_1_14547,nmdc:bsm-11-ezpyrs72,60923_5_TOP,high
/home/bmeluch/NMDC/nom_processing/monet_nom_metadata/raw/60923_5_T_2_WEOM_r3_Mag_04Jan24_300SA_p01_37_1_14637,nmdc:bsm-11-ezpyrs72,60923_5_TOP,high
/home/bmeluch/NMDC/nom_processing/monet_nom_metadata/raw/60923_5_T_3_WEOM_r1_Mag_04Jan24_300SA_p01_17_1_14498,nmdc:bsm-11-ezpyrs72,60923_5_TOP,high
/home/bmeluch/NMDC/nom_processing/monet_nom_metadata/raw/60923_5_T_3_WEOM_r2_Mag_04Jan24_300SA_p01_17_1_14570,nmdc:bsm-11-ezpyrs72,60923_5_TOP,high
/home/bmeluch/NMDC/nom_processing/monet_nom_metadata/raw/60923_5_T_3_WEOM_r3_Mag_04Jan24_300SA_p01_17_1_14687,nmdc:bsm-11-ezpyrs72,60923_5_TOP,high
/home/bmeluch/NMDC/nom_processing/monet_nom_metadata/raw/60923_5_TOP_1_MAOM_r1_Mag_27Dec24_3p3kV_300SA_p01_25_1_21192,nmdc:bsm-11-ezpyrs72,60923_5_TOP,high
/home/bmeluch/NMDC/nom_processing/monet_nom_metadata/raw/60923_5_TOP_1_MAOM_r2_Mag_27Dec24_3p3kV_300SA_p01_25_1_21220,nmdc:bsm-11-ezpyrs72,60923_5_TOP,high
/home/bmeluch/NMDC/nom_processing/monet_nom_metadata/raw/60923_5_TOP_1_MAOM_r3_Mag_27Dec24_3p3kV_300SA_p01_25_1_21277,nmdc:bsm-11-ezpyrs72,60923_5_TOP,high
/home/bmeluch/NMDC/nom_processing/monet_nom_metadata/raw/60923_5_TOP_2_MAOM_r1_Mag_27Dec24_3p3kV_300SA_p01_26_1_21177,nmdc:bsm-11-ezpyrs72,60923_5_TOP,high
/home/bmeluch/NMDC/nom_processing/monet_nom_metadata/raw/60923_5_TOP_2_MAOM_r2_Mag_27Dec24_3p3kV_300SA_p01_26_1_21222,nmdc:bsm-11-ezpyrs72,60923_5_TOP,high
/home/bmeluch/NMDC/nom_processing/monet_nom_metadata/raw/60923_5_TOP_2_MAOM_r3_Mag_27Dec24_3p3kV_300SA_p01_26_1_21292,nmdc:bsm-11-ezpyrs72,60923_5_TOP,high
/home/bmeluch/NMDC/nom_processing/monet_nom_metadata/raw/60923_5_TOP_3_MAOM_r1_Mag_27Dec24_3p3kV_300SA_p01_27_1_21195,nmdc:bsm-11-ezpyrs72,60923_5_TOP,high
/home/bmeluch/NMDC/nom_processing/monet_nom_metadata/raw/60923_5_TOP_3_MAOM_r2_Mag_27Dec24_3p3kV_300SA_p01_27_1_21241,nmdc:bsm-11-ezpyrs72,60923_5_TOP,high
/home/bmeluch/NMDC/nom_processing/monet_nom_metadata/raw/60923_5_TOP_3_MAOM_r3_Mag_27Dec24_3p3kV_300SA_p01_27_1_21283,nmdc:bsm-11-ezpyrs72,60923_5_TOP,high
/home/bmeluch/NMDC/nom_processing/monet_nom_metadata/raw/60923_6_B_1_WEOM_r1_Mag_04Jan24_300SA_p01_12_1_14421,nmdc:bsm-11-920kpn04,60923_6_BTM,high
/home/bmeluch/NMDC/nom_processing/monet_nom_metadata/raw/60923_6_B_1_WEOM_r2_Mag_04Jan24_300SA_p01_12_1_14539,nmdc:bsm-11-920kpn04,60923_6_BTM,high
/home/bmeluch/NMDC/nom_processing/monet_nom_metadata/raw/60923_6_B_1_WEOM_r3_Mag_04Jan24_300SA_p01_12_1_14615,nmdc:bsm-11-920kpn04,60923_6_BTM,high
/home/bmeluch/NMDC/nom_processing/monet_nom_metadata/raw/60923_6_B_2_WEOM_r1_Mag_04Jan24_300SA_p01_40_1_14454,nmdc:bsm-11-920kpn04,60923_6_BTM,high
/home/bmeluch/NMDC/nom_processing/monet_nom_metadata/raw/60923_6_B_2_WEOM_r2_Mag_04Jan24_300SA_p01_40_1_14556,nmdc:bsm-11-920kpn04,60923_6_BTM,high
/home/bmeluch/NMDC/nom_processing/monet_nom_metadata/raw/60923_6_B_2_WEOM_r3_Mag_04Jan24_300SA_p01_40_1_14642,nmdc:bsm-11-920kpn04,60923_6_BTM,high
/home/bmeluch/NMDC/nom_processing/monet_nom_metadata/raw/60923_6_B_3_WEOM_r1_Mag_04Jan24_300SA_p01_20_1_14496,nmdc:bsm-11-920kpn04,60923_6_BTM,high
/home/bmeluch/NMDC/nom_processing/monet_nom_metadata/raw/60923_6_B_3_WEOM_r2_Mag_04Jan24_300SA_p01_20_1_14584,nmdc:bsm-11-920kpn04,60923_6_BTM,high
/home/bmeluch/NMDC/nom_processing/monet_nom_metadata/raw/60923_6_B_3_WEOM_r3_Mag_04Jan24_300SA_p01_20_1_14680,nmdc:bsm-11-920kpn04,60923_6_BTM,high
/home/bmeluch/NMDC/nom_processing/monet_nom_metadata/raw/60923_6_BTM_1_MAOM_r1_Mag_27Dec24_3p3kV_300SA_p01_34_1_21188,nmdc:bsm-11-920kpn04,60923_6_BTM,high
/home/bmeluch/NMDC/nom_processing/monet_nom_metadata/raw/60923_6_BTM_1_MAOM_r2_Mag_27Dec24_3p3kV_300SA_p01_34_1_21235,nmdc:bsm-11-920kpn04,60923_6_BTM,high
/home/bmeluch/NMDC/nom_processing/monet_nom_metadata/raw/60923_6_BTM_1_MAOM_r3_Mag_27Dec24_3p3kV_300SA_p01_34_1_21303,nmdc:bsm-11-920kpn04,60923_6_BTM,high
/home/bmeluch/NMDC/nom_processing/monet_nom_metadata/raw/60923_6_BTM_2_MAOM_r1_Mag_27Dec24_3p3kV_300SA_p01_35_1_21196,nmdc:bsm-11-920kpn04,60923_6_BTM,high
/home/bmeluch/NMDC/nom_processing/monet_nom_metadata/raw/60923_6_BTM_2_MAOM_r2_Mag_27Dec24_3p3kV_300SA_p01_35_1_21240,nmdc:bsm-11-920kpn04,60923_6_BTM,high
/home/bmeluch/NMDC/nom_processing/monet_nom_metadata/raw/60923_6_BTM_2_MAOM_r3_Mag_27Dec24_3p3kV_300SA_p01_35_1_21323,nmdc:bsm-11-920kpn04,60923_6_BTM,high
/home/bmeluch/NMDC/nom_processing/monet_nom_metadata/raw/60923_6_BTM_3_MAOM_r1_Mag_27Dec24_3p3kV_300SA_p01_36_1_21182,nmdc:bsm-11-920kpn04,60923_6_BTM,high
/home/bmeluch/NMDC/nom_processing/monet_nom_metadata/raw/60923_6_BTM_3_MAOM_r2_Mag_27Dec24_3p3kV_300SA_p01_36_1_21239,nmdc:bsm-11-920kpn04,60923_6_BTM,high
/home/bmeluch/NMDC/nom_processing/monet_nom_metadata/raw/60923_6_BTM_3_MAOM_r3_Mag_27Dec24_3p3kV_300SA_p01_36_1_21293,nmdc:bsm-11-920kpn04,60923_6_BTM,high
/home/bmeluch/NMDC/nom_processing/monet_nom_metadata/raw/60923_6_T_1_WEOM_r1_Mag_04Jan24_300SA_p01_11_1_14444,nmdc:bsm-11-w76zc983,60923_6_TOP,high
/home/bmeluch/NMDC/nom_processing/monet_nom_metadata/raw/60923_6_T_1_WEOM_r2_Mag_04Jan24_300SA_p01_11_1_14535,nmdc:bsm-11-w76zc983,60923_6_TOP,high
/home/bmeluch/NMDC/nom_processing/monet_nom_metadata/raw/60923_6_T_1_WEOM_r3_Mag_04Jan24_300SA_p01_11_1_14623,nmdc:bsm-11-w76zc983,60923_6_TOP,high
/home/bmeluch/NMDC/nom_processing/monet_nom_metadata/raw/60923_6_T_2_WEOM_r1_Mag_04Jan24_300SA_p01_39_1_14477,nmdc:bsm-11-w76zc983,60923_6_TOP,high
/home/bmeluch/NMDC/nom_processing/monet_nom_metadata/raw/60923_6_T_2_WEOM_r2_Mag_04Jan24_300SA_p01_39_1_14565,nmdc:bsm-11-w76zc983,60923_6_TOP,high
/home/bmeluch/NMDC/nom_processing/monet_nom_metadata/raw/60923_6_T_2_WEOM_r3_Mag_04Jan24_300SA_p01_39_1_14645,nmdc:bsm-11-w76zc983,60923_6_TOP,high
/home/bmeluch/NMDC/nom_processing/monet_nom_metadata/raw/60923_6_T_3_WEOM_r1_Mag_04Jan24_300SA_p01_19_1_14482,nmdc:bsm-11-w76zc983,60923_6_TOP,high
/home/bmeluch/NMDC/nom_processing/monet_nom_metadata/raw/60923_6_T_3_WEOM_r2_Mag_04Jan24_300SA_p01_19_1_14578,nmdc:bsm-11-w76zc983,60923_6_TOP,high
/home/bmeluch/NMDC/nom_processing/monet_nom_metadata/raw/60923_6_T_3_WEOM_r3_Mag_04Jan24_300SA_p01_19_1_14676,nmdc:bsm-11-w76zc983,60923_6_TOP,high
/home/bmeluch/NMDC/nom_processing/monet_nom_metadata/raw/60923_6_TOP_1_MAOM_r1_Mag_27Dec24_3p3kV_300SA_p01_31_1_21191,nmdc:bsm-11-w76zc983,60923_6_TOP,high
/home/bmeluch/NMDC/nom_processing/monet_nom_metadata/raw/60923_6_TOP_1_MAOM_r2_Mag_27Dec24_3p3kV_300SA_p01_31_1_21233,nmdc:bsm-11-w76zc983,60923_6_TOP,high
/home/bmeluch/NMDC/nom_processing/monet_nom_metadata/raw/60923_6_TOP_1_MAOM_r3_Mag_27Dec24_3p3kV_300SA_p01_31_1_21299,nmdc:bsm-11-w76zc983,60923_6_TOP,high
/home/bmeluch/NMDC/nom_processing/monet_nom_metadata/raw/60923_6_TOP_2_MAOM_r1_Mag_27Dec24_3p3kV_300SA_p01_32_1_21213,nmdc:bsm-11-w76zc983,60923_6_TOP,high
/home/bmeluch/NMDC/nom_processing/monet_nom_metadata/raw/60923_6_TOP_2_MAOM_r2_Mag_27Dec24_3p3kV_300SA_p01_32_1_21248,nmdc:bsm-11-w76zc983,60923_6_TOP,high
/home/bmeluch/NMDC/nom_processing/monet_nom_metadata/raw/60923_6_TOP_2_MAOM_r3_Mag_27Dec24_3p3kV_300SA_p01_32_1_21305,nmdc:bsm-11-w76zc983,60923_6_TOP,high
/home/bmeluch/NMDC/nom_processing/monet_nom_metadata/raw/60923_6_TOP_3_MAOM_r1_Mag_27Dec24_3p3kV_300SA_p01_33_1_21190,nmdc:bsm-11-w76zc983,60923_6_TOP,high
/home/bmeluch/NMDC/nom_processing/monet_nom_metadata/raw/60923_6_TOP_3_MAOM_r2_Mag_27Dec24_3p3kV_300SA_p01_33_1_21221,nmdc:bsm-11-w76zc983,60923_6_TOP,high
/home/bmeluch/NMDC/nom_processing/monet_nom_metadata/raw/60923_6_TOP_3_MAOM_r3_Mag_27Dec24_3p3kV_300SA_p01_33_1_21324,nmdc:bsm-11-w76zc983,60923_6_TOP,high
/home/bmeluch/NMDC/nom_processing/monet_nom_metadata/raw/60923_7_B_1_WEOM_r1_Mag_04Jan24_300SA_p01_14_1_14434,nmdc:bsm-11-8mzebh25,60923_7_BTM,high
/home/bmeluch/NMDC/nom_processing/monet_nom_metadata/raw/60923_7_B_1_WEOM_r2_Mag_04Jan24_300SA_p01_14_1_14521,nmdc:bsm-11-8mzebh25,60923_7_BTM,high
/home/bmeluch/NMDC/nom_processing/monet_nom_metadata/raw/60923_7_B_1_WEOM_r3_Mag_04Jan24_300SA_p01_14_1_14607,nmdc:bsm-11-8mzebh25,60923_7_BTM,high
/home/bmeluch/NMDC/nom_processing/monet_nom_metadata/raw/60923_7_B_3_WEOM_r1_Mag_04Jan24_300SA_p01_22_1_14489,nmdc:bsm-11-8mzebh25,60923_7_BTM,high
/home/bmeluch/NMDC/nom_processing/monet_nom_metadata/raw/60923_7_B_3_WEOM_r2_Mag_04Jan24_300SA_p01_22_1_14593,nmdc:bsm-11-8mzebh25,60923_7_BTM,high
/home/bmeluch/NMDC/nom_processing/monet_nom_metadata/raw/60923_7_B_3_WEOM_r3_Mag_04Jan24_300SA_p01_22_1_14662,nmdc:bsm-11-8mzebh25,60923_7_BTM,high
/home/bmeluch/NMDC/nom_processing/monet_nom_metadata/raw/60923_7_BTM_1_MAOM_r1_Mag_27Dec24_3p3kV_300SA_p01_40_1_21199,nmdc:bsm-11-8mzebh25,60923_7_BTM,high
/home/bmeluch/NMDC/nom_processing/monet_nom_metadata/raw/60923_7_BTM_1_MAOM_r2_Mag_27Dec24_3p3kV_300SA_p01_40_1_21231,nmdc:bsm-11-8mzebh25,60923_7_BTM,high
/home/bmeluch/NMDC/nom_processing/monet_nom_metadata/raw/60923_7_BTM_1_MAOM_r3_Mag_27Dec24_3p3kV_300SA_p01_40_1_21325,nmdc:bsm-11-8mzebh25,60923_7_BTM,high
/home/bmeluch/NMDC/nom_processing/monet_nom_metadata/raw/60923_7_BTM_2_MAOM_r1_Mag_27Dec24_3p3kV_300SA_p01_41_1_21176,nmdc:bsm-11-8mzebh25,60923_7_BTM,high
/home/bmeluch/NMDC/nom_processing/monet_nom_metadata/raw/60923_7_BTM_2_MAOM_r2_Mag_27Dec24_3p3kV_300SA_p01_41_1_21242,nmdc:bsm-11-8mzebh25,60923_7_BTM,high
/home/bmeluch/NMDC/nom_processing/monet_nom_metadata/raw/60923_7_BTM_2_MAOM_r3_Mag_27Dec24_3p3kV_300SA_p01_41_1_21322,nmdc:bsm-11-8mzebh25,60923_7_BTM,high
/home/bmeluch/NMDC/nom_processing/monet_nom_metadata/raw/60923_7_BTM_3_MAOM_r1_Mag_27Dec24_3p3kV_300SA_p01_42_1_21169,nmdc:bsm-11-8mzebh25,60923_7_BTM,high
/home/bmeluch/NMDC/nom_processing/monet_nom_metadata/raw/60923_7_BTM_3_MAOM_r2_Mag_27Dec24_3p3kV_300SA_p01_42_1_21258,nmdc:bsm-11-8mzebh25,60923_7_BTM,high
/home/bmeluch/NMDC/nom_processing/monet_nom_metadata/raw/60923_7_BTM_3_MAOM_r3_Mag_27Dec24_3p3kV_300SA_p01_42_1_21287,nmdc:bsm-11-8mzebh25,60923_7_BTM,high
/home/bmeluch/NMDC/nom_processing/monet_nom_metadata/raw/60923_7_T_1_WEOM_r1_Mag_04Jan24_300SA_p01_13_1_14436,nmdc:bsm-11-71pphw07,60923_7_TOP,high
/home/bmeluch/NMDC/nom_processing/monet_nom_metadata/raw/60923_7_T_1_WEOM_r2_Mag_04Jan24_300SA_p01_13_1_14517,nmdc:bsm-11-71pphw07,60923_7_TOP,high
/home/bmeluch/NMDC/nom_processing/monet_nom_metadata/raw/60923_7_T_1_WEOM_r3_Mag_04Jan24_300SA_p01_13_1_14626,nmdc:bsm-11-71pphw07,60923_7_TOP,high
/home/bmeluch/NMDC/nom_processing/monet_nom_metadata/raw/60923_7_T_2_WEOM_r1_Mag_04Jan24_300SA_p01_41_1_14460,nmdc:bsm-11-71pphw07,60923_7_TOP,high
/home/bmeluch/NMDC/nom_processing/monet_nom_metadata/raw/60923_7_T_2_WEOM_r2_Mag_04Jan24_300SA_p01_41_1_14555,nmdc:bsm-11-71pphw07,60923_7_TOP,high
/home/bmeluch/NMDC/nom_processing/monet_nom_metadata/raw/60923_7_T_2_WEOM_r3_Mag_04Jan24_300SA_p01_41_1_14634,nmdc:bsm-11-71pphw07,60923_7_TOP,high
/home/bmeluch/NMDC/nom_processing/monet_nom_metadata/raw/60923_7_T_3_WEOM_r1_Mag_04Jan24_300SA_p01_21_1_14478,nmdc:bsm-11-71pphw07,60923_7_TOP,high
/home/bmeluch/NMDC/nom_processing/monet_nom_metadata/raw/60923_7_T_3_WEOM_r2_Mag_04Jan24_300SA_p01_21_1_14587,nmdc:bsm-11-71pphw07,60923_7_TOP,high
/home/bmeluch/NMDC/nom_processing/monet_nom_metadata/raw/60923_7_T_3_WEOM_r3_Mag_04Jan24_300SA_p01_21_1_14669,nmdc:bsm-11-71pphw07,60923_7_TOP,high
/home/bmeluch/NMDC/nom_processing/monet_nom_metadata/raw/60923_7_TOP_1_MAOM_r1_Mag_27Dec24_3p3kV_300SA_p01_37_1_21179,nmdc:bsm-11-71pphw07,60923_7_TOP,high
/home/bmeluch/NMDC/nom_processing/monet_nom_metadata/raw/60923_7_TOP_1_MAOM_r2_Mag_27Dec24_3p3kV_300SA_p01_37_1_21267,nmdc:bsm-11-71pphw07,60923_7_TOP,high
/home/bmeluch/NMDC/nom_processing/monet_nom_metadata/raw/60923_7_TOP_1_MAOM_r3_Mag_27Dec24_3p3kV_300SA_p01_37_1_21316,nmdc:bsm-11-71pphw07,60923_7_TOP,high
/home/bmeluch/NMDC/nom_processing/monet_nom_metadata/raw/60923_7_TOP_2_MAOM_r1_Mag_27Dec24_3p3kV_300SA_p01_38_1_21204,nmdc:bsm-11-71pphw07,60923_7_TOP,high
/home/bmeluch/NMDC/nom_processing/monet_nom_metadata/raw/60923_7_TOP_2_MAOM_r2_Mag_27Dec24_3p3kV_300SA_p01_38_1_21265,nmdc:bsm-11-71pphw07,60923_7_TOP,high
/home/bmeluch/NMDC/nom_processing/monet_nom_metadata/raw/60923_7_TOP_2_MAOM_r3_Mag_27Dec24_3p3kV_300SA_p01_38_1_21317,nmdc:bsm-11-71pphw07,60923_7_TOP,high
/home/bmeluch/NMDC/nom_processing/monet_nom_metadata/raw/60923_7_TOP_3_MAOM_r1_Mag_27Dec24_3p3kV_300SA_p01_39_1_21178,nmdc:bsm-11-71pphw07,60923_7_TOP,high
/home/bmeluch/NMDC/nom_processing/monet_nom_metadata/raw/60923_7_TOP_3_MAOM_r2_Mag_27Dec24_3p3kV_300SA_p01_39_1_21259,nmdc:bsm-11-71pphw07,60923_7_TOP,high
/home/bmeluch/NMDC/nom_processing/monet_nom_metadata/raw/60923_7_TOP_3_MAOM_r3_Mag_27Dec24_3p3kV_300SA_p01_39_1_21281,nmdc:bsm-11-71pphw07,60923_7_TOP,high
/home/bmeluch/NMDC/nom_processing/monet_nom_metadata/raw/60923_8_B_1_WEOM_r1_Mag_04Jan24_300SA_p01_16_1_14430,nmdc:bsm-11-qb3m3164,60923_8_BTM,high
/home/bmeluch/NMDC/nom_processing/monet_nom_metadata/raw/60923_8_B_1_WEOM_r2_Mag_04Jan24_300SA_p01_16_1_14530,nmdc:bsm-11-qb3m3164,60923_8_BTM,high
/home/bmeluch/NMDC/nom_processing/monet_nom_metadata/raw/60923_8_B_1_WEOM_r3_Mag_04Jan24_300SA_p01_16_1_14618,nmdc:bsm-11-qb3m3164,60923_8_BTM,high
/home/bmeluch/NMDC/nom_processing/monet_nom_metadata/raw/60923_8_B_2_WEOM_r1_Mag_04Jan24_300SA_p01_44_1_14464,nmdc:bsm-11-qb3m3164,60923_8_BTM,high
/home/bmeluch/NMDC/nom_processing/monet_nom_metadata/raw/60923_8_B_2_WEOM_r2_Mag_04Jan24_300SA_p01_44_1_14564,nmdc:bsm-11-qb3m3164,60923_8_BTM,high
/home/bmeluch/NMDC/nom_processing/monet_nom_metadata/raw/60923_8_B_2_WEOM_r3_Mag_04Jan24_300SA_p01_44_1_14647,nmdc:bsm-11-qb3m3164,60923_8_BTM,high
/home/bmeluch/NMDC/nom_processing/monet_nom_metadata/raw/60923_8_B_3_WEOM_r1_Mag_04Jan24_300SA_p01_24_1_14501,nmdc:bsm-11-qb3m3164,60923_8_BTM,high
/home/bmeluch/NMDC/nom_processing/monet_nom_metadata/raw/60923_8_B_3_WEOM_r2_Mag_04Jan24_300SA_p01_24_1_14597,nmdc:bsm-11-qb3m3164,60923_8_BTM,high
/home/bmeluch/NMDC/nom_processing/monet_nom_metadata/raw/60923_8_B_3_WEOM_r3_Mag_04Jan24_300SA_p01_24_1_14663,nmdc:bsm-11-qb3m3164,60923_8_BTM,high
/home/bmeluch/NMDC/nom_processing/monet_nom_metadata/raw/60923_8_BTM_1_MAOM_r1_Mag_13Jan25_3p3kV_300SA_p01_16_1_22001,nmdc:bsm-11-qb3m3164,60923_8_BTM,high
/home/bmeluch/NMDC/nom_processing/monet_nom_metadata/raw/60923_8_BTM_1_MAOM_r2_Mag_13Jan25_3p3kV_300SA_p01_16_1_22059,nmdc:bsm-11-qb3m3164,60923_8_BTM,high
/home/bmeluch/NMDC/nom_processing/monet_nom_metadata/raw/60923_8_BTM_1_MAOM_r3_Mag_13Jan25_3p3kV_300SA_p01_16_1_22127,nmdc:bsm-11-qb3m3164,60923_8_BTM,high
/home/bmeluch/NMDC/nom_processing/monet_nom_metadata/raw/60923_8_BTM_2_MAOM_r1_Mag_13Jan25_3p3kV_300SA_p01_17_1_21993,nmdc:bsm-11-qb3m3164,60923_8_BTM,high
/home/bmeluch/NMDC/nom_processing/monet_nom_metadata/raw/60923_8_BTM_2_MAOM_r2_Mag_13Jan25_3p3kV_300SA_p01_17_1_22024,nmdc:bsm-11-qb3m3164,60923_8_BTM,high
/home/bmeluch/NMDC/nom_processing/monet_nom_metadata/raw/60923_8_BTM_2_MAOM_r3_Mag_13Jan25_3p3kV_300SA_p01_17_1_22105,nmdc:bsm-11-qb3m3164,60923_8_BTM,high
/home/bmeluch/NMDC/nom_processing/monet_nom_metadata/raw/60923_8_BTM_3_MAOM_r1_Mag_13Jan25_3p3kV_300SA_p01_18_1_22010,nmdc:bsm-11-qb3m3164,60923_8_BTM,high
/home/bmeluch/NMDC/nom_processing/monet_nom_metadata/raw/60923_8_BTM_3_MAOM_r2_Mag_13Jan25_3p3kV_300SA_p01_18_1_22052,nmdc:bsm-11-qb3m3164,60923_8_BTM,high
/home/bmeluch/NMDC/nom_processing/monet_nom_metadata/raw/60923_8_BTM_3_MAOM_r3_Mag_13Jan25_3p3kV_300SA_p01_18_1_22119,nmdc:bsm-11-qb3m3164,60923_8_BTM,high
/home/bmeluch/NMDC/nom_processing/monet_nom_metadata/raw/60923_8_T_1_WEOM_r1_Mag_04Jan24_300SA_p01_15_1_14446,nmdc:bsm-11-6td2nm05,60923_8_TOP,high
/home/bmeluch/NMDC/nom_processing/monet_nom_metadata/raw/60923_8_T_1_WEOM_r2_Mag_04Jan24_300SA_p01_15_1_14516,nmdc:bsm-11-6td2nm05,60923_8_TOP,high
/home/bmeluch/NMDC/nom_processing/monet_nom_metadata/raw/60923_8_T_1_WEOM_r3_Mag_04Jan24_300SA_p01_15_1_14629,nmdc:bsm-11-6td2nm05,60923_8_TOP,high
/home/bmeluch/NMDC/nom_processing/monet_nom_metadata/raw/60923_8_T_2_WEOM_r1_Mag_04Jan24_300SA_p01_43_1_14473,nmdc:bsm-11-6td2nm05,60923_8_TOP,high
/home/bmeluch/NMDC/nom_processing/monet_nom_metadata/raw/60923_8_T_2_WEOM_r2_Mag_04Jan24_300SA_p01_43_1_14549,nmdc:bsm-11-6td2nm05,60923_8_TOP,high
/home/bmeluch/NMDC/nom_processing/monet_nom_metadata/raw/60923_8_T_2_WEOM_r3_Mag_04Jan24_300SA_p01_43_1_14652,nmdc:bsm-11-6td2nm05,60923_8_TOP,high
/home/bmeluch/NMDC/nom_processing/monet_nom_metadata/raw/60923_8_T_3_WEOM_r1_Mag_04Jan24_300SA_p01_23_1_14495,nmdc:bsm-11-6td2nm05,60923_8_TOP,high
/home/bmeluch/NMDC/nom_processing/monet_nom_metadata/raw/60923_8_T_3_WEOM_r2_Mag_04Jan24_300SA_p01_23_1_14571,nmdc:bsm-11-6td2nm05,60923_8_TOP,high
/home/bmeluch/NMDC/nom_processing/monet_nom_metadata/raw/60923_8_T_3_WEOM_r3_Mag_04Jan24_300SA_p01_23_1_14682,nmdc:bsm-11-6td2nm05,60923_8_TOP,high
/home/bmeluch/NMDC/nom_processing/monet_nom_metadata/raw/60923_8_TOP_1_MAOM_r1_Mag_13Jan25_3p3kV_300SA_p01_13_1_22009,nmdc:bsm-11-6td2nm05,60923_8_TOP,high
/home/bmeluch/NMDC/nom_processing/monet_nom_metadata/raw/60923_8_TOP_1_MAOM_r2_Mag_13Jan25_3p3kV_300SA_p01_13_1_22034,nmdc:bsm-11-6td2nm05,60923_8_TOP,high
/home/bmeluch/NMDC/nom_processing/monet_nom_metadata/raw/60923_8_TOP_1_MAOM_r3_Mag_13Jan25_3p3kV_300SA_p01_13_1_22080,nmdc:bsm-11-6td2nm05,60923_8_TOP,high
/home/bmeluch/NMDC/nom_processing/monet_nom_metadata/raw/60923_8_TOP_2_MAOM_r1_Mag_13Jan25_3p3kV_300SA_p01_14_1_21963,nmdc:bsm-11-6td2nm05,60923_8_TOP,high
/home/bmeluch/NMDC/nom_processing/monet_nom_metadata/raw/60923_8_TOP_2_MAOM_r2_Mag_13Jan25_3p3kV_300SA_p01_14_1_22019,nmdc:bsm-11-6td2nm05,60923_8_TOP,high
/home/bmeluch/NMDC/nom_processing/monet_nom_metadata/raw/60923_8_TOP_2_MAOM_r3_Mag_13Jan25_3p3kV_300SA_p01_14_1_22133,nmdc:bsm-11-6td2nm05,60923_8_TOP,high
/home/bmeluch/NMDC/nom_processing/monet_nom_metadata/raw/60923_8_TOP_3_MAOM_r1_Mag_13Jan25_3p3kV_300SA_p01_15_1_22008,nmdc:bsm-11-6td2nm05,60923_8_TOP,high
/home/bmeluch/NMDC/nom_processing/monet_nom_metadata/raw/60923_8_TOP_3_MAOM_r2_Mag_13Jan25_3p3kV_300SA_p01_15_1_22016,nmdc:bsm-11-6td2nm05,60923_8_TOP,high
/home/bmeluch/NMDC/nom_processing/monet_nom_metadata/raw/60923_8_TOP_3_MAOM_r3_Mag_13Jan25_3p3kV_300SA_p01_15_1_22135,nmdc:bsm-11-6td2nm05,60923_8_TOP,high
/home/bmeluch/NMDC/nom_processing/monet_nom_metadata/raw/60923_9_B_1_WEOM_r1_Mag_04Jan24_300SA_p01_18_1_14422,nmdc:bsm-11-yt63wa34,60923_9_BTM,high
/home/bmeluch/NMDC/nom_processing/monet_nom_metadata/raw/60923_9_B_1_WEOM_r2_Mag_04Jan24_300SA_p01_18_1_14514,nmdc:bsm-11-yt63wa34,60923_9_BTM,high
/home/bmeluch/NMDC/nom_processing/monet_nom_metadata/raw/60923_9_B_1_WEOM_r3_Mag_04Jan24_300SA_p01_18_1_14612,nmdc:bsm-11-yt63wa34,60923_9_BTM,high
/home/bmeluch/NMDC/nom_processing/monet_nom_metadata/raw/60923_9_B_2_WEOM_r1_Mag_04Jan24_300SA_p01_46_1_14469,nmdc:bsm-11-yt63wa34,60923_9_BTM,high
/home/bmeluch/NMDC/nom_processing/monet_nom_metadata/raw/60923_9_B_2_WEOM_r2_Mag_04Jan24_300SA_p01_46_1_14554,nmdc:bsm-11-yt63wa34,60923_9_BTM,high
/home/bmeluch/NMDC/nom_processing/monet_nom_metadata/raw/60923_9_B_2_WEOM_r3_Mag_04Jan24_300SA_p01_46_1_14653,nmdc:bsm-11-yt63wa34,60923_9_BTM,high
/home/bmeluch/NMDC/nom_processing/monet_nom_metadata/raw/60923_9_B_3_WEOM_r1_Mag_04Jan24_300SA_p01_26_1_14506,nmdc:bsm-11-yt63wa34,60923_9_BTM,high
/home/bmeluch/NMDC/nom_processing/monet_nom_metadata/raw/60923_9_B_3_WEOM_r2_Mag_04Jan24_300SA_p01_26_1_14588,nmdc:bsm-11-yt63wa34,60923_9_BTM,high
/home/bmeluch/NMDC/nom_processing/monet_nom_metadata/raw/60923_9_B_3_WEOM_r3_Mag_04Jan24_300SA_p01_26_1_14675,nmdc:bsm-11-yt63wa34,60923_9_BTM,high
/home/bmeluch/NMDC/nom_processing/monet_nom_metadata/raw/60923_9_BTM_1_MAOM_r1_Mag_29Jan25_3p3kV_300SA_p01_22_1_22574,nmdc:bsm-11-yt63wa34,60923_9_BTM,high
/home/bmeluch/NMDC/nom_processing/monet_nom_metadata/raw/60923_9_BTM_1_MAOM_r2_Mag_29Jan25_3p3kV_300SA_p01_22_1_22645,nmdc:bsm-11-yt63wa34,60923_9_BTM,high
/home/bmeluch/NMDC/nom_processing/monet_nom_metadata/raw/60923_9_BTM_1_MAOM_r3_Mag_29Jan25_3p3kV_300SA_p01_22_1_22703,nmdc:bsm-11-yt63wa34,60923_9_BTM,high
/home/bmeluch/NMDC/nom_processing/monet_nom_metadata/raw/60923_9_BTM_2_MAOM_r1_Mag_29Jan25_3p3kV_300SA_p01_23_1_22563,nmdc:bsm-11-yt63wa34,60923_9_BTM,high
/home/bmeluch/NMDC/nom_processing/monet_nom_metadata/raw/60923_9_BTM_2_MAOM_r2_Mag_29Jan25_3p3kV_300SA_p01_23_1_22628,nmdc:bsm-11-yt63wa34,60923_9_BTM,high
/home/bmeluch/NMDC/nom_processing/monet_nom_metadata/raw/60923_9_BTM_2_MAOM_r3_Mag_29Jan25_3p3kV_300SA_p01_23_1_22718,nmdc:bsm-11-yt63wa34,60923_9_BTM,high
/home/bmeluch/NMDC/nom_processing/monet_nom_metadata/raw/60923_9_BTM_3_MAOM_r1_Mag_29Jan25_3p3kV_300SA_p01_24_1_22589,nmdc:bsm-11-yt63wa34,60923_9_BTM,high
/home/bmeluch/NMDC/nom_processing/monet_nom_metadata/raw/60923_9_BTM_3_MAOM_r2_Mag_29Jan25_3p3kV_300SA_p01_24_1_22636,nmdc:bsm-11-yt63wa34,60923_9_BTM,high
/home/bmeluch/NMDC/nom_processing/monet_nom_metadata/raw/60923_9_BTM_3_MAOM_r3_Mag_29Jan25_3p3kV_300SA_p01_24_1_22713,nmdc:bsm-11-yt63wa34,60923_9_BTM,high
/home/bmeluch/NMDC/nom_processing/monet_nom_metadata/raw/60923_9_T_1_WEOM_r1_Mag_04Jan24_300SA_p01_17_1_14429,nmdc:bsm-11-zk87rj83,60923_9_TOP,high
/home/bmeluch/NMDC/nom_processing/monet_nom_metadata/raw/60923_9_T_1_WEOM_r2_Mag_04Jan24_300SA_p01_17_1_14529,nmdc:bsm-11-zk87rj83,60923_9_TOP,high
/home/bmeluch/NMDC/nom_processing/monet_nom_metadata/raw/60923_9_T_1_WEOM_r3_Mag_04Jan24_300SA_p01_17_1_14604,nmdc:bsm-11-zk87rj83,60923_9_TOP,high
/home/bmeluch/NMDC/nom_processing/monet_nom_metadata/raw/60923_9_T_2_WEOM_r1_Mag_04Jan24_300SA_p01_45_1_14466,nmdc:bsm-11-zk87rj83,60923_9_TOP,high
/home/bmeluch/NMDC/nom_processing/monet_nom_metadata/raw/60923_9_T_2_WEOM_r2_Mag_04Jan24_300SA_p01_45_1_14559,nmdc:bsm-11-zk87rj83,60923_9_TOP,high
/home/bmeluch/NMDC/nom_processing/monet_nom_metadata/raw/60923_9_T_2_WEOM_r3_Mag_04Jan24_300SA_p01_45_1_14651,nmdc:bsm-11-zk87rj83,60923_9_TOP,high
/home/bmeluch/NMDC/nom_processing/monet_nom_metadata/raw/60923_9_T_3_WEOM_r1_Mag_04Jan24_300SA_p01_25_1_14492,nmdc:bsm-11-zk87rj83,60923_9_TOP,high
/home/bmeluch/NMDC/nom_processing/monet_nom_metadata/raw/60923_9_T_3_WEOM_r2_Mag_04Jan24_300SA_p01_25_1_14591,nmdc:bsm-11-zk87rj83,60923_9_TOP,high
/home/bmeluch/NMDC/nom_processing/monet_nom_metadata/raw/60923_9_T_3_WEOM_r3_Mag_04Jan24_300SA_p01_25_1_14664,nmdc:bsm-11-zk87rj83,60923_9_TOP,high
/home/bmeluch/NMDC/nom_processing/monet_nom_metadata/raw/60923_9_TOP_1_MAOM_r1_Mag_13Jan25_3p3kV_300SA_p01_19_1_21959,nmdc:bsm-11-zk87rj83,60923_9_TOP,high
/home/bmeluch/NMDC/nom_processing/monet_nom_metadata/raw/60923_9_TOP_1_MAOM_r2_Mag_13Jan25_3p3kV_300SA_p01_19_1_22053,nmdc:bsm-11-zk87rj83,60923_9_TOP,high
/home/bmeluch/NMDC/nom_processing/monet_nom_metadata/raw/60923_9_TOP_1_MAOM_r3_Mag_13Jan25_3p3kV_300SA_p01_19_1_22082,nmdc:bsm-11-zk87rj83,60923_9_TOP,high
/home/bmeluch/NMDC/nom_processing/monet_nom_metadata/raw/60923_9_TOP_2_MAOM_r1_Mag_13Jan25_3p3kV_300SA_p01_20_1_21975,nmdc:bsm-11-zk87rj83,60923_9_TOP,high
/home/bmeluch/NMDC/nom_processing/monet_nom_metadata/raw/60923_9_TOP_2_MAOM_r2_Mag_13Jan25_3p3kV_300SA_p01_20_1_22015,nmdc:bsm-11-zk87rj83,60923_9_TOP,high
/home/bmeluch/NMDC/nom_processing/monet_nom_metadata/raw/60923_9_TOP_2_MAOM_r3_Mag_13Jan25_3p3kV_300SA_p01_20_1_22099,nmdc:bsm-11-zk87rj83,60923_9_TOP,high
/home/bmeluch/NMDC/nom_processing/monet_nom_metadata/raw/60923_9_TOP_3_MAOM_r1_Mag_13Jan25_3p3kV_300SA_p01_21_1_22007,nmdc:bsm-11-zk87rj83,60923_9_TOP,high
/home/bmeluch/NMDC/nom_processing/monet_nom_metadata/raw/60923_9_TOP_3_MAOM_r2_Mag_13Jan25_3p3kV_300SA_p01_21_1_22069,nmdc:bsm-11-zk87rj83,60923_9_TOP,high
/home/bmeluch/NMDC/nom_processing/monet_nom_metadata/raw/60923_9_TOP_3_MAOM_r3_Mag_13Jan25_3p3kV_300SA_p01_21_1_22093,nmdc:bsm-11-zk87rj83,60923_9_TOP,high
/home/bmeluch/NMDC/nom_processing/monet_nom_metadata/raw/60929_1_B_1_WEOM_r1_Mag_01May24_300SA_p01_40_1_18074,nmdc:bsm-11-wstxy626,60929_1_BTM,high
/home/bmeluch/NMDC/nom_processing/monet_nom_metadata/raw/60929_1_B_1_WEOM_r2_Mag_01May24_300SA_p01_40_1_18193,nmdc:bsm-11-wstxy626,60929_1_BTM,high
/home/bmeluch/NMDC/nom_processing/monet_nom_metadata/raw/60929_1_B_1_WEOM_r3_Mag_01May24_300SA_p01_40_1_18204,nmdc:bsm-11-wstxy626,60929_1_BTM,high
/home/bmeluch/NMDC/nom_processing/monet_nom_metadata/raw/60929_1_B_2_WEOM_r1_Mag_01May24_300SA_p01_41_1_18088,nmdc:bsm-11-wstxy626,60929_1_BTM,high
/home/bmeluch/NMDC/nom_processing/monet_nom_metadata/raw/60929_1_B_2_WEOM_r2_Mag_01May24_300SA_p01_41_1_18140,nmdc:bsm-11-wstxy626,60929_1_BTM,high
/home/bmeluch/NMDC/nom_processing/monet_nom_metadata/raw/60929_1_B_2_WEOM_r3_Mag_01May24_300SA_p01_41_1_18222,nmdc:bsm-11-wstxy626,60929_1_BTM,high
/home/bmeluch/NMDC/nom_processing/monet_nom_metadata/raw/60929_1_B_3_WEOM_r1_Mag_01May24_300SA_p01_42_1_18116,nmdc:bsm-11-wstxy626,60929_1_BTM,high
/home/bmeluch/NMDC/nom_processing/monet_nom_metadata/raw/60929_1_B_3_WEOM_r2_Mag_01May24_300SA_p01_42_1_18155,nmdc:bsm-11-wstxy626,60929_1_BTM,high
/home/bmeluch/NMDC/nom_processing/monet_nom_metadata/raw/60929_1_B_3_WEOM_r3_Mag_01May24_300SA_p01_42_1_18257,nmdc:bsm-11-wstxy626,60929_1_BTM,high
/home/bmeluch/NMDC/nom_processing/monet_nom_metadata/raw/60929_1_BTM_1_MAOM_r1_Mag_19Feb25_3p3kV_300SA_p01_24_1_23467,nmdc:bsm-11-wstxy626,60929_1_BTM,high
/home/bmeluch/NMDC/nom_processing/monet_nom_metadata/raw/60929_1_BTM_1_MAOM_r2_Mag_19Feb25_3p3kV_300SA_p01_24_1_23528,nmdc:bsm-11-wstxy626,60929_1_BTM,high
/home/bmeluch/NMDC/nom_processing/monet_nom_metadata/raw/60929_1_BTM_1_MAOM_r3_Mag_19Feb25_3p3kV_300SA_p01_24_1_23562,nmdc:bsm-11-wstxy626,60929_1_BTM,high
/home/bmeluch/NMDC/nom_processing/monet_nom_metadata/raw/60929_1_BTM_2_MAOM_r1_Mag_19Feb25_3p3kV_300SA_p01_25_1_23465,nmdc:bsm-11-wstxy626,60929_1_BTM,high
/home/bmeluch/NMDC/nom_processing/monet_nom_metadata/raw/60929_1_BTM_2_MAOM_r2_Mag_19Feb25_3p3kV_300SA_p01_25_1_23521,nmdc:bsm-11-wstxy626,60929_1_BTM,high
/home/bmeluch/NMDC/nom_processing/monet_nom_metadata/raw/60929_1_BTM_2_MAOM_r3_Mag_19Feb25_3p3kV_300SA_p01_25_1_23568,nmdc:bsm-11-wstxy626,60929_1_BTM,high
/home/bmeluch/NMDC/nom_processing/monet_nom_metadata/raw/60929_1_BTM_3_MAOM_r1_Mag_19Feb25_3p3kV_300SA_p01_26_1_23495,nmdc:bsm-11-wstxy626,60929_1_BTM,high
/home/bmeluch/NMDC/nom_processing/monet_nom_metadata/raw/60929_1_BTM_3_MAOM_r2_Mag_19Feb25_3p3kV_300SA_p01_26_1_23509,nmdc:bsm-11-wstxy626,60929_1_BTM,high
/home/bmeluch/NMDC/nom_processing/monet_nom_metadata/raw/60929_1_BTM_3_MAOM_r3_Mag_19Feb25_3p3kV_300SA_p01_26_1_23578,nmdc:bsm-11-wstxy626,60929_1_BTM,high
/home/bmeluch/NMDC/nom_processing/monet_nom_metadata/raw/60929_1_T_1_WEOM_r1_Mag_01May24_300SA_p01_37_1_18092,nmdc:bsm-11-sgmrna53,60929_1_TOP,high
/home/bmeluch/NMDC/nom_processing/monet_nom_metadata/raw/60929_1_T_1_WEOM_r2_Mag_01May24_300SA_p01_37_1_18143,nmdc:bsm-11-sgmrna53,60929_1_TOP,high
/home/bmeluch/NMDC/nom_processing/monet_nom_metadata/raw/60929_1_T_1_WEOM_r3_Mag_01May24_300SA_p01_37_1_18248,nmdc:bsm-11-sgmrna53,60929_1_TOP,high
/home/bmeluch/NMDC/nom_processing/monet_nom_metadata/raw/60929_1_T_2_WEOM_r1_Mag_01May24_300SA_p01_38_1_18091,nmdc:bsm-11-sgmrna53,60929_1_TOP,high
/home/bmeluch/NMDC/nom_processing/monet_nom_metadata/raw/60929_1_T_2_WEOM_r2_Mag_01May24_300SA_p01_38_1_18156,nmdc:bsm-11-sgmrna53,60929_1_TOP,high
/home/bmeluch/NMDC/nom_processing/monet_nom_metadata/raw/60929_1_T_2_WEOM_r3_Mag_01May24_300SA_p01_38_1_18255,nmdc:bsm-11-sgmrna53,60929_1_TOP,high
/home/bmeluch/NMDC/nom_processing/monet_nom_metadata/raw/60929_1_T_3_WEOM_r1_Mag_01May24_300SA_p01_39_1_18096,nmdc:bsm-11-sgmrna53,60929_1_TOP,high
/home/bmeluch/NMDC/nom_processing/monet_nom_metadata/raw/60929_1_T_3_WEOM_r2_Mag_01May24_300SA_p01_39_1_18184,nmdc:bsm-11-sgmrna53,60929_1_TOP,high
/home/bmeluch/NMDC/nom_processing/monet_nom_metadata/raw/60929_1_T_3_WEOM_r3_Mag_01May24_300SA_p01_39_1_18249,nmdc:bsm-11-sgmrna53,60929_1_TOP,high
/home/bmeluch/NMDC/nom_processing/monet_nom_metadata/raw/60929_1_TOP_1_MAOM_r1_Mag_19Feb25_3p3kV_300SA_p01_22_1_23470,nmdc:bsm-11-sgmrna53,60929_1_TOP,high
/home/bmeluch/NMDC/nom_processing/monet_nom_metadata/raw/60929_1_TOP_1_MAOM_r2_Mag_19Feb25_3p3kV_300SA_p01_22_1_23515,nmdc:bsm-11-sgmrna53,60929_1_TOP,high
/home/bmeluch/NMDC/nom_processing/monet_nom_metadata/raw/60929_1_TOP_1_MAOM_r3_Mag_19Feb25_3p3kV_300SA_p01_22_1_23594,nmdc:bsm-11-sgmrna53,60929_1_TOP,high
/home/bmeluch/NMDC/nom_processing/monet_nom_metadata/raw/60929_1_TOP_2_MAOM_r1_Mag_19Feb25_3p3kV_300SA_p01_23_1_23472,nmdc:bsm-11-sgmrna53,60929_1_TOP,high
/home/bmeluch/NMDC/nom_processing/monet_nom_metadata/raw/60929_1_TOP_2_MAOM_r2_Mag_19Feb25_3p3kV_300SA_p01_23_1_23522,nmdc:bsm-11-sgmrna53,60929_1_TOP,high
/home/bmeluch/NMDC/nom_processing/monet_nom_metadata/raw/60929_1_TOP_2_MAOM_r3_Mag_19Feb25_3p3kV_300SA_p01_23_1_23550,nmdc:bsm-11-sgmrna53,60929_1_TOP,high
/home/bmeluch/NMDC/nom_processing/monet_nom_metadata/raw/60929_2_B_1_WEOM_r1_Mag_01May24_300SA_p01_46_1_18125,nmdc:bsm-11-c5ax9c66,60929_2_BTM,high
/home/bmeluch/NMDC/nom_processing/monet_nom_metadata/raw/60929_2_B_1_WEOM_r2_Mag_01May24_300SA_p01_46_1_18168,nmdc:bsm-11-c5ax9c66,60929_2_BTM,high
/home/bmeluch/NMDC/nom_processing/monet_nom_metadata/raw/60929_2_B_1_WEOM_r3_Mag_01May24_300SA_p01_46_1_18230,nmdc:bsm-11-c5ax9c66,60929_2_BTM,high
/home/bmeluch/NMDC/nom_processing/monet_nom_metadata/raw/60929_2_B_2_WEOM_r1_Mag_01May24_300SA_p01_47_1_18081,nmdc:bsm-11-c5ax9c66,60929_2_BTM,high
/home/bmeluch/NMDC/nom_processing/monet_nom_metadata/raw/60929_2_B_2_WEOM_r2_Mag_01May24_300SA_p01_47_1_18172,nmdc:bsm-11-c5ax9c66,60929_2_BTM,high
/home/bmeluch/NMDC/nom_processing/monet_nom_metadata/raw/60929_2_B_2_WEOM_r3_Mag_01May24_300SA_p01_47_1_18234,nmdc:bsm-11-c5ax9c66,60929_2_BTM,high
/home/bmeluch/NMDC/nom_processing/monet_nom_metadata/raw/60929_2_B_3_WEOM_r1_Mag_01May24_300SA_p01_48_1_18076,nmdc:bsm-11-c5ax9c66,60929_2_BTM,high
/home/bmeluch/NMDC/nom_processing/monet_nom_metadata/raw/60929_2_B_3_WEOM_r2_Mag_01May24_300SA_p01_48_1_18154,nmdc:bsm-11-c5ax9c66,60929_2_BTM,high
/home/bmeluch/NMDC/nom_processing/monet_nom_metadata/raw/60929_2_B_3_WEOM_r3_Mag_01May24_300SA_p01_48_1_18200,nmdc:bsm-11-c5ax9c66,60929_2_BTM,high
/home/bmeluch/NMDC/nom_processing/monet_nom_metadata/raw/60929_2_BTM_1_MAOM_r1_Mag_19Feb25_3p3kV_300SA_p01_30_1_23500,nmdc:bsm-11-c5ax9c66,60929_2_BTM,high
/home/bmeluch/NMDC/nom_processing/monet_nom_metadata/raw/60929_2_BTM_1_MAOM_r2_Mag_19Feb25_3p3kV_300SA_p01_30_1_23504,nmdc:bsm-11-c5ax9c66,60929_2_BTM,high
/home/bmeluch/NMDC/nom_processing/monet_nom_metadata/raw/60929_2_BTM_1_MAOM_r3_Mag_19Feb25_3p3kV_300SA_p01_30_1_23575,nmdc:bsm-11-c5ax9c66,60929_2_BTM,high
/home/bmeluch/NMDC/nom_processing/monet_nom_metadata/raw/60929_2_BTM_2_MAOM_r1_Mag_19Feb25_3p3kV_300SA_p01_31_1_23501,nmdc:bsm-11-c5ax9c66,60929_2_BTM,high
/home/bmeluch/NMDC/nom_processing/monet_nom_metadata/raw/60929_2_BTM_2_MAOM_r2_Mag_19Feb25_3p3kV_300SA_p01_31_1_23511,nmdc:bsm-11-c5ax9c66,60929_2_BTM,high
/home/bmeluch/NMDC/nom_processing/monet_nom_metadata/raw/60929_2_BTM_2_MAOM_r3_Mag_19Feb25_3p3kV_300SA_p01_31_1_23572,nmdc:bsm-11-c5ax9c66,60929_2_BTM,high
/home/bmeluch/NMDC/nom_processing/monet_nom_metadata/raw/60929_2_BTM_3_MAOM_r1_Mag_19Feb25_3p3kV_300SA_p01_32_1_23484,nmdc:bsm-11-c5ax9c66,60929_2_BTM,high
/home/bmeluch/NMDC/nom_processing/monet_nom_metadata/raw/60929_2_BTM_3_MAOM_r2_Mag_19Feb25_3p3kV_300SA_p01_32_1_23532,nmdc:bsm-11-c5ax9c66,60929_2_BTM,high
/home/bmeluch/NMDC/nom_processing/monet_nom_metadata/raw/60929_2_BTM_3_MAOM_r3_Mag_19Feb25_3p3kV_300SA_p01_32_1_23564,nmdc:bsm-11-c5ax9c66,60929_2_BTM,high
/home/bmeluch/NMDC/nom_processing/monet_nom_metadata/raw/60929_2_T_1_WEOM_r1_Mag_01May24_300SA_p01_43_1_18082,nmdc:bsm-11-13r2e551,60929_2_TOP,high
/home/bmeluch/NMDC/nom_processing/monet_nom_metadata/raw/60929_2_T_1_WEOM_r2_Mag_01May24_300SA_p01_43_1_18149,nmdc:bsm-11-13r2e551,60929_2_TOP,high
/home/bmeluch/NMDC/nom_processing/monet_nom_metadata/raw/60929_2_T_1_WEOM_r3_Mag_01May24_300SA_p01_43_1_18231,nmdc:bsm-11-13r2e551,60929_2_TOP,high
/home/bmeluch/NMDC/nom_processing/monet_nom_metadata/raw/60929_2_T_2_WEOM_r1_Mag_01May24_300SA_p01_44_1_18104,nmdc:bsm-11-13r2e551,60929_2_TOP,high
/home/bmeluch/NMDC/nom_processing/monet_nom_metadata/raw/60929_2_T_2_WEOM_r2_Mag_01May24_300SA_p01_44_1_18137,nmdc:bsm-11-13r2e551,60929_2_TOP,high
/home/bmeluch/NMDC/nom_processing/monet_nom_metadata/raw/60929_2_T_2_WEOM_r3_Mag_01May24_300SA_p01_44_1_18254,nmdc:bsm-11-13r2e551,60929_2_TOP,high
/home/bmeluch/NMDC/nom_processing/monet_nom_metadata/raw/60929_2_T_3_WEOM_r1_Mag_01May24_300SA_p01_45_1_18099,nmdc:bsm-11-13r2e551,60929_2_TOP,high
/home/bmeluch/NMDC/nom_processing/monet_nom_metadata/raw/60929_2_T_3_WEOM_r2_Mag_01May24_300SA_p01_45_1_18141,nmdc:bsm-11-13r2e551,60929_2_TOP,high
/home/bmeluch/NMDC/nom_processing/monet_nom_metadata/raw/60929_2_T_3_WEOM_r3_Mag_01May24_300SA_p01_45_1_18198,nmdc:bsm-11-13r2e551,60929_2_TOP,high
/home/bmeluch/NMDC/nom_processing/monet_nom_metadata/raw/60929_2_TOP_1_MAOM_r1_Mag_19Feb25_3p3kV_300SA_p01_27_1_23478,nmdc:bsm-11-13r2e551,60929_2_TOP,high
/home/bmeluch/NMDC/nom_processing/monet_nom_metadata/raw/60929_2_TOP_1_MAOM_r2_Mag_19Feb25_3p3kV_300SA_p01_27_1_23544,nmdc:bsm-11-13r2e551,60929_2_TOP,high
/home/bmeluch/NMDC/nom_processing/monet_nom_metadata/raw/60929_2_TOP_1_MAOM_r3_Mag_19Feb25_3p3kV_300SA_p01_27_1_23548,nmdc:bsm-11-13r2e551,60929_2_TOP,high
/home/bmeluch/NMDC/nom_processing/monet_nom_metadata/raw/60929_2_TOP_2_MAOM_r1_Mag_19Feb25_3p3kV_300SA_p01_28_1_23494,nmdc:bsm-11-13r2e551,60929_2_TOP,high
/home/bmeluch/NMDC/nom_processing/monet_nom_metadata/raw/60929_2_TOP_2_MAOM_r2_Mag_19Feb25_3p3kV_300SA_p01_28_1_23510,nmdc:bsm-11-13r2e551,60929_2_TOP,high
/home/bmeluch/NMDC/nom_processing/monet_nom_metadata/raw/60929_2_TOP_2_MAOM_r3_Mag_19Feb25_3p3kV_300SA_p01_28_1_23589,nmdc:bsm-11-13r2e551,60929_2_TOP,high
/home/bmeluch/NMDC/nom_processing/monet_nom_metadata/raw/60929_2_TOP_3_MAOM_r1_Mag_19Feb25_3p3kV_300SA_p01_29_1_23485,nmdc:bsm-11-13r2e551,60929_2_TOP,high
/home/bmeluch/NMDC/nom_processing/monet_nom_metadata/raw/60929_2_TOP_3_MAOM_r2_Mag_19Feb25_3p3kV_300SA_p01_29_1_23517,nmdc:bsm-11-13r2e551,60929_2_TOP,high
/home/bmeluch/NMDC/nom_processing/monet_nom_metadata/raw/60929_2_TOP_3_MAOM_r3_Mag_19Feb25_3p3kV_300SA_p01_29_1_23585,nmdc:bsm-11-13r2e551,60929_2_TOP,high
/home/bmeluch/NMDC/nom_processing/monet_nom_metadata/raw/60929_3_T_1_WEOM_r1_Mag_01May24_300SA_p01_49_1_18075,nmdc:bsm-11-bn083336,60929_3_TOP,high
/home/bmeluch/NMDC/nom_processing/monet_nom_metadata/raw/60929_3_T_1_WEOM_r2_Mag_01May24_300SA_p01_49_1_18189,nmdc:bsm-11-bn083336,60929_3_TOP,high
/home/bmeluch/NMDC/nom_processing/monet_nom_metadata/raw/60929_3_T_1_WEOM_r3_Mag_01May24_300SA_p01_49_1_18252,nmdc:bsm-11-bn083336,60929_3_TOP,high
/home/bmeluch/NMDC/nom_processing/monet_nom_metadata/raw/60929_3_T_2_WEOM_r1_Mag_01May24_300SA_p01_50_1_18103,nmdc:bsm-11-bn083336,60929_3_TOP,high
/home/bmeluch/NMDC/nom_processing/monet_nom_metadata/raw/60929_3_T_2_WEOM_r2_Mag_01May24_300SA_p01_50_1_18139,nmdc:bsm-11-bn083336,60929_3_TOP,high
/home/bmeluch/NMDC/nom_processing/monet_nom_metadata/raw/60929_3_T_2_WEOM_r3_Mag_01May24_300SA_p01_50_1_18219,nmdc:bsm-11-bn083336,60929_3_TOP,high
/home/bmeluch/NMDC/nom_processing/monet_nom_metadata/raw/60929_3_T_3_WEOM_r1_Mag_01May24_300SA_p01_51_1_18105,nmdc:bsm-11-bn083336,60929_3_TOP,high
/home/bmeluch/NMDC/nom_processing/monet_nom_metadata/raw/60929_3_T_3_WEOM_r2_Mag_01May24_300SA_p01_51_1_18167,nmdc:bsm-11-bn083336,60929_3_TOP,high
/home/bmeluch/NMDC/nom_processing/monet_nom_metadata/raw/60929_3_T_3_WEOM_r3_Mag_01May24_300SA_p01_51_1_18199,nmdc:bsm-11-bn083336,60929_3_TOP,high
/home/bmeluch/NMDC/nom_processing/monet_nom_metadata/raw/60929_3_TOP_1_MAOM_r1_Mag_19Feb25_3p3kV_300SA_p01_33_1_23488,nmdc:bsm-11-bn083336,60929_3_TOP,high
/home/bmeluch/NMDC/nom_processing/monet_nom_metadata/raw/60929_3_TOP_1_MAOM_r2_Mag_19Feb25_3p3kV_300SA_p01_33_1_23540,nmdc:bsm-11-bn083336,60929_3_TOP,high
/home/bmeluch/NMDC/nom_processing/monet_nom_metadata/raw/60929_3_TOP_1_MAOM_r3_Mag_19Feb25_3p3kV_300SA_p01_33_1_23581,nmdc:bsm-11-bn083336,60929_3_TOP,high
/home/bmeluch/NMDC/nom_processing/monet_nom_metadata/raw/60929_3_TOP_2_MAOM_r1_Mag_19Feb25_3p3kV_300SA_p01_34_1_23502,nmdc:bsm-11-bn083336,60929_3_TOP,high
/home/bmeluch/NMDC/nom_processing/monet_nom_metadata/raw/60929_3_TOP_2_MAOM_r2_Mag_19Feb25_3p3kV_300SA_p01_34_1_23524,nmdc:bsm-11-bn083336,60929_3_TOP,high
/home/bmeluch/NMDC/nom_processing/monet_nom_metadata/raw/60929_3_TOP_2_MAOM_r3_Mag_19Feb25_3p3kV_300SA_p01_34_1_23569,nmdc:bsm-11-bn083336,60929_3_TOP,high
/home/bmeluch/NMDC/nom_processing/monet_nom_metadata/raw/60929_3_TOP_3_MAOM_r1_Mag_19Feb25_3p3kV_300SA_p01_35_1_23475,nmdc:bsm-11-bn083336,60929_3_TOP,high
/home/bmeluch/NMDC/nom_processing/monet_nom_metadata/raw/60929_3_TOP_3_MAOM_r2_Mag_19Feb25_3p3kV_300SA_p01_35_1_23520,nmdc:bsm-11-bn083336,60929_3_TOP,high
/home/bmeluch/NMDC/nom_processing/monet_nom_metadata/raw/60929_3_TOP_3_MAOM_r3_Mag_19Feb25_3p3kV_300SA_p01_35_1_23574,nmdc:bsm-11-bn083336,60929_3_TOP,high
/home/bmeluch/NMDC/nom_processing/monet_nom_metadata/raw/60932_1_B_1_WEOM_r1_Mag_21Feb24_300SA_p01_1_1_15519,nmdc:bsm-11-eghj3s55,60932_1_BTM,high
/home/bmeluch/NMDC/nom_processing/monet_nom_metadata/raw/60932_1_B_1_WEOM_r2_Mag_24Feb24_300SA_p01_1_1_15950,nmdc:bsm-11-eghj3s55,60932_1_BTM,high
/home/bmeluch/NMDC/nom_processing/monet_nom_metadata/raw/60932_1_B_1_WEOM_r3_Mag_24Feb24_300SA_p01_1_1_16003,nmdc:bsm-11-eghj3s55,60932_1_BTM,high
/home/bmeluch/NMDC/nom_processing/monet_nom_metadata/raw/60932_1_B_2_WEOM_r1_Mag_21Feb24_300SA_p01_2_1_15545,nmdc:bsm-11-eghj3s55,60932_1_BTM,high
/home/bmeluch/NMDC/nom_processing/monet_nom_metadata/raw/60932_1_B_2_WEOM_r2_Mag_24Feb24_300SA_p01_2_1_15965,nmdc:bsm-11-eghj3s55,60932_1_BTM,high
/home/bmeluch/NMDC/nom_processing/monet_nom_metadata/raw/60932_1_B_2_WEOM_r3_Mag_24Feb24_300SA_p01_2_1_16002,nmdc:bsm-11-eghj3s55,60932_1_BTM,high
/home/bmeluch/NMDC/nom_processing/monet_nom_metadata/raw/60932_1_B_3_WEOM_r1_Mag_21Feb24_300SA_p01_3_1_15540,nmdc:bsm-11-eghj3s55,60932_1_BTM,high
/home/bmeluch/NMDC/nom_processing/monet_nom_metadata/raw/60932_1_B_3_WEOM_r2_Mag_21Feb24_300SA_p01_3_1_15901,nmdc:bsm-11-eghj3s55,60932_1_BTM,high
/home/bmeluch/NMDC/nom_processing/monet_nom_metadata/raw/60932_1_B_3_WEOM_r2_Mag_24Feb24_300SA_p01_3_1_15927,nmdc:bsm-11-eghj3s55,60932_1_BTM,high
/home/bmeluch/NMDC/nom_processing/monet_nom_metadata/raw/60932_1_B_3_WEOM_r3_Mag_24Feb24_300SA_p01_3_1_15970,nmdc:bsm-11-eghj3s55,60932_1_BTM,high
/home/bmeluch/NMDC/nom_processing/monet_nom_metadata/raw/60932_1_BTM_1_MAOM_r1_Mag_10Feb25_3p3kV_300SA_p01_4_1_23083,nmdc:bsm-11-eghj3s55,60932_1_BTM,high
/home/bmeluch/NMDC/nom_processing/monet_nom_metadata/raw/60932_1_BTM_1_MAOM_r2_Mag_10Feb25_3p3kV_300SA_p01_4_1_23138,nmdc:bsm-11-eghj3s55,60932_1_BTM,high
/home/bmeluch/NMDC/nom_processing/monet_nom_metadata/raw/60932_1_BTM_1_MAOM_r3_Mag_10Feb25_3p3kV_300SA_p01_4_1_23180,nmdc:bsm-11-eghj3s55,60932_1_BTM,high
/home/bmeluch/NMDC/nom_processing/monet_nom_metadata/raw/60932_1_BTM_2_MAOM_r1_Mag_10Feb25_3p3kV_300SA_p01_5_1_23055,nmdc:bsm-11-eghj3s55,60932_1_BTM,high
/home/bmeluch/NMDC/nom_processing/monet_nom_metadata/raw/60932_1_BTM_2_MAOM_r2_Mag_10Feb25_3p3kV_300SA_p01_5_1_23096,nmdc:bsm-11-eghj3s55,60932_1_BTM,high
/home/bmeluch/NMDC/nom_processing/monet_nom_metadata/raw/60932_1_BTM_2_MAOM_r3_Mag_10Feb25_3p3kV_300SA_p01_5_1_23186,nmdc:bsm-11-eghj3s55,60932_1_BTM,high
/home/bmeluch/NMDC/nom_processing/monet_nom_metadata/raw/60932_1_BTM_3_MAOM_r1_Mag_10Feb25_3p3kV_300SA_p01_6_1_23058,nmdc:bsm-11-eghj3s55,60932_1_BTM,high
/home/bmeluch/NMDC/nom_processing/monet_nom_metadata/raw/60932_1_BTM_3_MAOM_r2_Mag_10Feb25_3p3kV_300SA_p01_6_1_23101,nmdc:bsm-11-eghj3s55,60932_1_BTM,high
/home/bmeluch/NMDC/nom_processing/monet_nom_metadata/raw/60932_1_BTM_3_MAOM_r3_Mag_10Feb25_3p3kV_300SA_p01_6_1_23172,nmdc:bsm-11-eghj3s55,60932_1_BTM,high
/home/bmeluch/NMDC/nom_processing/monet_nom_metadata/raw/60932_1_T_1_WEOM_r1_Mag_21Feb24_300SA_p01_49_1_15525,nmdc:bsm-11-t9rs4r83,60932_1_TOP,high
/home/bmeluch/NMDC/nom_processing/monet_nom_metadata/raw/60932_1_T_1_WEOM_r2_Mag_24Feb24_300SA_p01_49_1_15937,nmdc:bsm-11-t9rs4r83,60932_1_TOP,high
/home/bmeluch/NMDC/nom_processing/monet_nom_metadata/raw/60932_1_T_1_WEOM_r3_Mag_24Feb24_300SA_p01_49_1_15977,nmdc:bsm-11-t9rs4r83,60932_1_TOP,high
/home/bmeluch/NMDC/nom_processing/monet_nom_metadata/raw/60932_1_T_2_WEOM_r1_Mag_21Feb24_300SA_p01_50_1_15537,nmdc:bsm-11-t9rs4r83,60932_1_TOP,high
/home/bmeluch/NMDC/nom_processing/monet_nom_metadata/raw/60932_1_T_2_WEOM_r2_Mag_24Feb24_300SA_p01_50_1_15935,nmdc:bsm-11-t9rs4r83,60932_1_TOP,high
/home/bmeluch/NMDC/nom_processing/monet_nom_metadata/raw/60932_1_T_2_WEOM_r3_Mag_24Feb24_300SA_p01_50_1_15988,nmdc:bsm-11-t9rs4r83,60932_1_TOP,high
/home/bmeluch/NMDC/nom_processing/monet_nom_metadata/raw/60932_1_T_3_WEOM_r1_Mag_21Feb24_300SA_p01_51_1_15541,nmdc:bsm-11-t9rs4r83,60932_1_TOP,high
/home/bmeluch/NMDC/nom_processing/monet_nom_metadata/raw/60932_1_T_3_WEOM_r2_Mag_21Feb24_300SA_p01_51_1_15890,nmdc:bsm-11-t9rs4r83,60932_1_TOP,high
/home/bmeluch/NMDC/nom_processing/monet_nom_metadata/raw/60932_1_T_3_WEOM_r2_Mag_24Feb24_300SA_p01_51_1_15916,nmdc:bsm-11-t9rs4r83,60932_1_TOP,high
/home/bmeluch/NMDC/nom_processing/monet_nom_metadata/raw/60932_1_T_3_WEOM_r3_Mag_24Feb24_300SA_p01_51_1_15983,nmdc:bsm-11-t9rs4r83,60932_1_TOP,high
/home/bmeluch/NMDC/nom_processing/monet_nom_metadata/raw/60932_1_TOP_1_MAOM_r1_Mag_10Feb25_3p3kV_300SA_p01_1_1_23048,nmdc:bsm-11-t9rs4r83,60932_1_TOP,high
/home/bmeluch/NMDC/nom_processing/monet_nom_metadata/raw/60932_1_TOP_1_MAOM_r2_Mag_10Feb25_3p3kV_300SA_p01_1_1_23135,nmdc:bsm-11-t9rs4r83,60932_1_TOP,high
/home/bmeluch/NMDC/nom_processing/monet_nom_metadata/raw/60932_1_TOP_1_MAOM_r3_Mag_10Feb25_3p3kV_300SA_p01_1_1_23175,nmdc:bsm-11-t9rs4r83,60932_1_TOP,high
/home/bmeluch/NMDC/nom_processing/monet_nom_metadata/raw/60932_1_TOP_2_MAOM_r1_Mag_10Feb25_3p3kV_300SA_p01_2_1_23070,nmdc:bsm-11-t9rs4r83,60932_1_TOP,high
/home/bmeluch/NMDC/nom_processing/monet_nom_metadata/raw/60932_1_TOP_2_MAOM_r2_Mag_10Feb25_3p3kV_300SA_p01_2_1_23117,nmdc:bsm-11-t9rs4r83,60932_1_TOP,high
/home/bmeluch/NMDC/nom_processing/monet_nom_metadata/raw/60932_1_TOP_2_MAOM_r3_Mag_10Feb25_3p3kV_300SA_p01_2_1_23165,nmdc:bsm-11-t9rs4r83,60932_1_TOP,high
/home/bmeluch/NMDC/nom_processing/monet_nom_metadata/raw/60932_1_TOP_3_MAOM_r1_Mag_10Feb25_3p3kV_300SA_p01_3_1_23082,nmdc:bsm-11-t9rs4r83,60932_1_TOP,high
/home/bmeluch/NMDC/nom_processing/monet_nom_metadata/raw/60932_1_TOP_3_MAOM_r2_Mag_10Feb25_3p3kV_300SA_p01_3_1_23113,nmdc:bsm-11-t9rs4r83,60932_1_TOP,high
/home/bmeluch/NMDC/nom_processing/monet_nom_metadata/raw/60932_1_TOP_3_MAOM_r3_Mag_10Feb25_3p3kV_300SA_p01_3_1_23157,nmdc:bsm-11-t9rs4r83,60932_1_TOP,high
/home/bmeluch/NMDC/nom_processing/monet_nom_metadata/raw/60932_2_B_1_WEOM_r1_Mag_21Feb24_300SA_p01_6_1_15549,nmdc:bsm-11-1wvswr68,60932_2_BTM,high
/home/bmeluch/NMDC/nom_processing/monet_nom_metadata/raw/60932_2_B_1_WEOM_r2_Mag_24Feb24_300SA_p01_6_1_15959,nmdc:bsm-11-1wvswr68,60932_2_BTM,high
/home/bmeluch/NMDC/nom_processing/monet_nom_metadata/raw/60932_2_B_1_WEOM_r3_Mag_24Feb24_300SA_p01_6_1_16008,nmdc:bsm-11-1wvswr68,60932_2_BTM,high
/home/bmeluch/NMDC/nom_processing/monet_nom_metadata/raw/60932_2_B_2_WEOM_r1_Mag_21Feb24_300SA_p01_7_1_15546,nmdc:bsm-11-1wvswr68,60932_2_BTM,high
/home/bmeluch/NMDC/nom_processing/monet_nom_metadata/raw/60932_2_B_2_WEOM_r2_Mag_24Feb24_300SA_p01_7_1_15951,nmdc:bsm-11-1wvswr68,60932_2_BTM,high
/home/bmeluch/NMDC/nom_processing/monet_nom_metadata/raw/60932_2_B_2_WEOM_r3_Mag_24Feb24_300SA_p01_7_1_16005,nmdc:bsm-11-1wvswr68,60932_2_BTM,high
/home/bmeluch/NMDC/nom_processing/monet_nom_metadata/raw/60932_2_B_3_WEOM_r1_Mag_21Feb24_300SA_p01_8_1_15516,nmdc:bsm-11-1wvswr68,60932_2_BTM,high
/home/bmeluch/NMDC/nom_processing/monet_nom_metadata/raw/60932_2_B_3_WEOM_r2_Mag_24Feb24_300SA_p01_8_1_15942,nmdc:bsm-11-1wvswr68,60932_2_BTM,high
/home/bmeluch/NMDC/nom_processing/monet_nom_metadata/raw/60932_2_B_3_WEOM_r3_Mag_24Feb24_300SA_p01_8_1_15984,nmdc:bsm-11-1wvswr68,60932_2_BTM,high
/home/bmeluch/NMDC/nom_processing/monet_nom_metadata/raw/60932_2_BTM_1_MAOM_r1_Mag_10Feb25_3p3kV_300SA_p01_10_1_23051,nmdc:bsm-11-1wvswr68,60932_2_BTM,high
/home/bmeluch/NMDC/nom_processing/monet_nom_metadata/raw/60932_2_BTM_1_MAOM_r2_Mag_10Feb25_3p3kV_300SA_p01_10_1_23143,nmdc:bsm-11-1wvswr68,60932_2_BTM,high
/home/bmeluch/NMDC/nom_processing/monet_nom_metadata/raw/60932_2_BTM_1_MAOM_r3_Mag_10Feb25_3p3kV_300SA_p01_10_1_23183,nmdc:bsm-11-1wvswr68,60932_2_BTM,high
/home/bmeluch/NMDC/nom_processing/monet_nom_metadata/raw/60932_2_BTM_2_MAOM_r1_Mag_10Feb25_3p3kV_300SA_p01_11_1_23054,nmdc:bsm-11-1wvswr68,60932_2_BTM,high
/home/bmeluch/NMDC/nom_processing/monet_nom_metadata/raw/60932_2_BTM_2_MAOM_r2_Mag_10Feb25_3p3kV_300SA_p01_11_1_23122,nmdc:bsm-11-1wvswr68,60932_2_BTM,high
/home/bmeluch/NMDC/nom_processing/monet_nom_metadata/raw/60932_2_BTM_2_MAOM_r3_Mag_10Feb25_3p3kV_300SA_p01_11_1_23154,nmdc:bsm-11-1wvswr68,60932_2_BTM,high
/home/bmeluch/NMDC/nom_processing/monet_nom_metadata/raw/60932_2_BTM_3_MAOM_r1_Mag_10Feb25_3p3kV_300SA_p01_12_1_23064,nmdc:bsm-11-1wvswr68,60932_2_BTM,high
/home/bmeluch/NMDC/nom_processing/monet_nom_metadata/raw/60932_2_BTM_3_MAOM_r2_Mag_10Feb25_3p3kV_300SA_p01_12_1_23121,nmdc:bsm-11-1wvswr68,60932_2_BTM,high
/home/bmeluch/NMDC/nom_processing/monet_nom_metadata/raw/60932_2_BTM_3_MAOM_r3_Mag_10Feb25_3p3kV_300SA_p01_12_1_23149,nmdc:bsm-11-1wvswr68,60932_2_BTM,high
/home/bmeluch/NMDC/nom_processing/monet_nom_metadata/raw/60932_2_T_2_WEOM_r1_Mag_21Feb24_300SA_p01_4_1_15551,nmdc:bsm-11-te4pw950,60932_2_TOP,high
/home/bmeluch/NMDC/nom_processing/monet_nom_metadata/raw/60932_2_T_2_WEOM_r2_Mag_21Feb24_300SA_p01_4_1_15893,nmdc:bsm-11-te4pw950,60932_2_TOP,high
/home/bmeluch/NMDC/nom_processing/monet_nom_metadata/raw/60932_2_T_2_WEOM_r2_Mag_24Feb24_300SA_p01_4_1_15919,nmdc:bsm-11-te4pw950,60932_2_TOP,high
/home/bmeluch/NMDC/nom_processing/monet_nom_metadata/raw/60932_2_T_2_WEOM_r3_Mag_24Feb24_300SA_p01_4_1_15990,nmdc:bsm-11-te4pw950,60932_2_TOP,high
/home/bmeluch/NMDC/nom_processing/monet_nom_metadata/raw/60932_2_T_3_WEOM_r1_Mag_21Feb24_300SA_p01_5_1_15520,nmdc:bsm-11-te4pw950,60932_2_TOP,high
/home/bmeluch/NMDC/nom_processing/monet_nom_metadata/raw/60932_2_T_3_WEOM_r2_Mag_24Feb24_300SA_p01_5_1_15944,nmdc:bsm-11-te4pw950,60932_2_TOP,high
/home/bmeluch/NMDC/nom_processing/monet_nom_metadata/raw/60932_2_T_3_WEOM_r3_Mag_24Feb24_300SA_p01_5_1_16000,nmdc:bsm-11-te4pw950,60932_2_TOP,high
/home/bmeluch/NMDC/nom_processing/monet_nom_metadata/raw/60932_2_TOP_1_MAOM_r1_Mag_10Feb25_3p3kV_300SA_p01_7_1_23094,nmdc:bsm-11-te4pw950,60932_2_TOP,high
/home/bmeluch/NMDC/nom_processing/monet_nom_metadata/raw/60932_2_TOP_1_MAOM_r2_Mag_10Feb25_3p3kV_300SA_p01_7_1_23126,nmdc:bsm-11-te4pw950,60932_2_TOP,high
/home/bmeluch/NMDC/nom_processing/monet_nom_metadata/raw/60932_2_TOP_1_MAOM_r3_Mag_10Feb25_3p3kV_300SA_p01_7_1_23193,nmdc:bsm-11-te4pw950,60932_2_TOP,high
/home/bmeluch/NMDC/nom_processing/monet_nom_metadata/raw/60932_2_TOP_2_MAOM_r1_Mag_10Feb25_3p3kV_300SA_p01_8_1_23050,nmdc:bsm-11-te4pw950,60932_2_TOP,high
/home/bmeluch/NMDC/nom_processing/monet_nom_metadata/raw/60932_2_TOP_2_MAOM_r2_Mag_10Feb25_3p3kV_300SA_p01_8_1_23125,nmdc:bsm-11-te4pw950,60932_2_TOP,high
/home/bmeluch/NMDC/nom_processing/monet_nom_metadata/raw/60932_2_TOP_2_MAOM_r3_Mag_10Feb25_3p3kV_300SA_p01_8_1_23161,nmdc:bsm-11-te4pw950,60932_2_TOP,high
/home/bmeluch/NMDC/nom_processing/monet_nom_metadata/raw/60932_2_TOP_3_MAOM_r1_Mag_10Feb25_3p3kV_300SA_p01_9_1_23066,nmdc:bsm-11-te4pw950,60932_2_TOP,high
/home/bmeluch/NMDC/nom_processing/monet_nom_metadata/raw/60932_2_TOP_3_MAOM_r2_Mag_10Feb25_3p3kV_300SA_p01_9_1_23128,nmdc:bsm-11-te4pw950,60932_2_TOP,high
/home/bmeluch/NMDC/nom_processing/monet_nom_metadata/raw/60932_2_TOP_3_MAOM_r3_Mag_10Feb25_3p3kV_300SA_p01_9_1_23153,nmdc:bsm-11-te4pw950,60932_2_TOP,high
/home/bmeluch/NMDC/nom_processing/monet_nom_metadata/raw/60932_3_B_1_WEOM_r1_Mag_21Feb24_300SA_p01_12_1_15547,nmdc:bsm-11-8mc07y60,60932_3_BTM,high
/home/bmeluch/NMDC/nom_processing/monet_nom_metadata/raw/60932_3_B_1_WEOM_r2_Mag_24Feb24_300SA_p01_12_1_15956,nmdc:bsm-11-8mc07y60,60932_3_BTM,high
/home/bmeluch/NMDC/nom_processing/monet_nom_metadata/raw/60932_3_B_1_WEOM_r3_Mag_24Feb24_300SA_p01_12_1_15972,nmdc:bsm-11-8mc07y60,60932_3_BTM,high
/home/bmeluch/NMDC/nom_processing/monet_nom_metadata/raw/60932_3_B_2_WEOM_r1_Mag_21Feb24_300SA_p01_13_1_15884,nmdc:bsm-11-8mc07y60,60932_3_BTM,high
/home/bmeluch/NMDC/nom_processing/monet_nom_metadata/raw/60932_3_B_2_WEOM_r1_Mag_24Feb24_300SA_p01_13_1_15910,nmdc:bsm-11-8mc07y60,60932_3_BTM,high
/home/bmeluch/NMDC/nom_processing/monet_nom_metadata/raw/60932_3_B_2_WEOM_r2_Mag_24Feb24_300SA_p01_13_1_15962,nmdc:bsm-11-8mc07y60,60932_3_BTM,high
/home/bmeluch/NMDC/nom_processing/monet_nom_metadata/raw/60932_3_B_2_WEOM_r3_Mag_24Feb24_300SA_p01_13_1_15989,nmdc:bsm-11-8mc07y60,60932_3_BTM,high
/home/bmeluch/NMDC/nom_processing/monet_nom_metadata/raw/60932_3_B_3_WEOM_r1_Mag_21Feb24_300SA_p01_14_1_15524,nmdc:bsm-11-8mc07y60,60932_3_BTM,high
/home/bmeluch/NMDC/nom_processing/monet_nom_metadata/raw/60932_3_B_3_WEOM_r2_Mag_21Feb24_300SA_p01_14_1_15903,nmdc:bsm-11-8mc07y60,60932_3_BTM,high
/home/bmeluch/NMDC/nom_processing/monet_nom_metadata/raw/60932_3_B_3_WEOM_r2_Mag_24Feb24_300SA_p01_14_1_15929,nmdc:bsm-11-8mc07y60,60932_3_BTM,high
/home/bmeluch/NMDC/nom_processing/monet_nom_metadata/raw/60932_3_B_3_WEOM_r3_Mag_24Feb24_300SA_p01_14_1_16009,nmdc:bsm-11-8mc07y60,60932_3_BTM,high
/home/bmeluch/NMDC/nom_processing/monet_nom_metadata/raw/60932_3_BTM_1_MAOM_r1_Mag_10Feb25_3p3kV_300SA_p01_16_1_23061,nmdc:bsm-11-8mc07y60,60932_3_BTM,high
/home/bmeluch/NMDC/nom_processing/monet_nom_metadata/raw/60932_3_BTM_1_MAOM_r2_Mag_10Feb25_3p3kV_300SA_p01_16_1_23118,nmdc:bsm-11-8mc07y60,60932_3_BTM,high
/home/bmeluch/NMDC/nom_processing/monet_nom_metadata/raw/60932_3_BTM_1_MAOM_r3_Mag_10Feb25_3p3kV_300SA_p01_16_1_23192,nmdc:bsm-11-8mc07y60,60932_3_BTM,high
/home/bmeluch/NMDC/nom_processing/monet_nom_metadata/raw/60932_3_BTM_2_MAOM_r1_Mag_10Feb25_3p3kV_300SA_p01_17_1_23049,nmdc:bsm-11-8mc07y60,60932_3_BTM,high
/home/bmeluch/NMDC/nom_processing/monet_nom_metadata/raw/60932_3_BTM_2_MAOM_r2_Mag_10Feb25_3p3kV_300SA_p01_17_1_23097,nmdc:bsm-11-8mc07y60,60932_3_BTM,high
/home/bmeluch/NMDC/nom_processing/monet_nom_metadata/raw/60932_3_BTM_2_MAOM_r3_Mag_10Feb25_3p3kV_300SA_p01_17_1_23182,nmdc:bsm-11-8mc07y60,60932_3_BTM,high
/home/bmeluch/NMDC/nom_processing/monet_nom_metadata/raw/60932_3_BTM_3_MAOM_r1_Mag_10Feb25_3p3kV_300SA_p01_18_1_23047,nmdc:bsm-11-8mc07y60,60932_3_BTM,high
/home/bmeluch/NMDC/nom_processing/monet_nom_metadata/raw/60932_3_BTM_3_MAOM_r2_Mag_10Feb25_3p3kV_300SA_p01_18_1_23124,nmdc:bsm-11-8mc07y60,60932_3_BTM,high
/home/bmeluch/NMDC/nom_processing/monet_nom_metadata/raw/60932_3_BTM_3_MAOM_r3_Mag_10Feb25_3p3kV_300SA_p01_18_1_23189,nmdc:bsm-11-8mc07y60,60932_3_BTM,high
/home/bmeluch/NMDC/nom_processing/monet_nom_metadata/raw/60932_3_T_1_WEOM_r1_Mag_21Feb24_300SA_p01_9_1_15531,nmdc:bsm-11-bng5qs79,60932_3_TOP,high
/home/bmeluch/NMDC/nom_processing/monet_nom_metadata/raw/60932_3_T_1_WEOM_r2_Mag_21Feb24_300SA_p01_9_1_15902,nmdc:bsm-11-bng5qs79,60932_3_TOP,high
/home/bmeluch/NMDC/nom_processing/monet_nom_metadata/raw/60932_3_T_1_WEOM_r2_Mag_24Feb24_300SA_p01_9_1_15928,nmdc:bsm-11-bng5qs79,60932_3_TOP,high
/home/bmeluch/NMDC/nom_processing/monet_nom_metadata/raw/60932_3_T_1_WEOM_r3_Mag_24Feb24_300SA_p01_9_1_15985,nmdc:bsm-11-bng5qs79,60932_3_TOP,high
/home/bmeluch/NMDC/nom_processing/monet_nom_metadata/raw/60932_3_T_2_WEOM_r1_Mag_21Feb24_300SA_p01_10_1_15544,nmdc:bsm-11-bng5qs79,60932_3_TOP,high
/home/bmeluch/NMDC/nom_processing/monet_nom_metadata/raw/60932_3_T_2_WEOM_r2_Mag_21Feb24_300SA_p01_10_1_15900,nmdc:bsm-11-bng5qs79,60932_3_TOP,high
/home/bmeluch/NMDC/nom_processing/monet_nom_metadata/raw/60932_3_T_2_WEOM_r2_Mag_24Feb24_300SA_p01_10_1_15926,nmdc:bsm-11-bng5qs79,60932_3_TOP,high
/home/bmeluch/NMDC/nom_processing/monet_nom_metadata/raw/60932_3_T_2_WEOM_r3_Mag_24Feb24_300SA_p01_10_1_15996,nmdc:bsm-11-bng5qs79,60932_3_TOP,high
/home/bmeluch/NMDC/nom_processing/monet_nom_metadata/raw/60932_3_T_3_WEOM_r1_Mag_21Feb24_300SA_p01_11_1_15515,nmdc:bsm-11-bng5qs79,60932_3_TOP,high
/home/bmeluch/NMDC/nom_processing/monet_nom_metadata/raw/60932_3_T_3_WEOM_r2_Mag_24Feb24_300SA_p01_11_1_15939,nmdc:bsm-11-bng5qs79,60932_3_TOP,high
/home/bmeluch/NMDC/nom_processing/monet_nom_metadata/raw/60932_3_T_3_WEOM_r3_Mag_24Feb24_300SA_p01_11_1_15987,nmdc:bsm-11-bng5qs79,60932_3_TOP,high
/home/bmeluch/NMDC/nom_processing/monet_nom_metadata/raw/60932_3_TOP_1_MAOM_r1_Mag_10Feb25_3p3kV_300SA_p01_13_1_23081,nmdc:bsm-11-bng5qs79,60932_3_TOP,high
/home/bmeluch/NMDC/nom_processing/monet_nom_metadata/raw/60932_3_TOP_1_MAOM_r2_Mag_10Feb25_3p3kV_300SA_p01_13_1_23103,nmdc:bsm-11-bng5qs79,60932_3_TOP,high
/home/bmeluch/NMDC/nom_processing/monet_nom_metadata/raw/60932_3_TOP_1_MAOM_r3_Mag_10Feb25_3p3kV_300SA_p01_13_1_23152,nmdc:bsm-11-bng5qs79,60932_3_TOP,high
/home/bmeluch/NMDC/nom_processing/monet_nom_metadata/raw/60932_3_TOP_2_MAOM_r1_Mag_10Feb25_3p3kV_300SA_p01_14_1_23071,nmdc:bsm-11-bng5qs79,60932_3_TOP,high
/home/bmeluch/NMDC/nom_processing/monet_nom_metadata/raw/60932_3_TOP_2_MAOM_r2_Mag_10Feb25_3p3kV_300SA_p01_14_1_23099,nmdc:bsm-11-bng5qs79,60932_3_TOP,high
/home/bmeluch/NMDC/nom_processing/monet_nom_metadata/raw/60932_3_TOP_2_MAOM_r3_Mag_10Feb25_3p3kV_300SA_p01_14_1_23159,nmdc:bsm-11-bng5qs79,60932_3_TOP,high
/home/bmeluch/NMDC/nom_processing/monet_nom_metadata/raw/60932_3_TOP_3_MAOM_r1_Mag_10Feb25_3p3kV_300SA_p01_15_1_23073,nmdc:bsm-11-bng5qs79,60932_3_TOP,high
/home/bmeluch/NMDC/nom_processing/monet_nom_metadata/raw/60932_3_TOP_3_MAOM_r2_Mag_10Feb25_3p3kV_300SA_p01_15_1_23114,nmdc:bsm-11-bng5qs79,60932_3_TOP,high
/home/bmeluch/NMDC/nom_processing/monet_nom_metadata/raw/60932_3_TOP_3_MAOM_r3_Mag_10Feb25_3p3kV_300SA_p01_15_1_23181,nmdc:bsm-11-bng5qs79,60932_3_TOP,high
/home/bmeluch/NMDC/nom_processing/monet_nom_metadata/raw/60932_4_B_1_WEOM_r1_Mag_21Feb24_300SA_p01_18_1_15533,nmdc:bsm-11-35hcx775,60932_4_BTM,high
/home/bmeluch/NMDC/nom_processing/monet_nom_metadata/raw/60932_4_B_1_WEOM_r2_Mag_24Feb24_300SA_p01_18_1_15958,nmdc:bsm-11-35hcx775,60932_4_BTM,high
/home/bmeluch/NMDC/nom_processing/monet_nom_metadata/raw/60932_4_B_1_WEOM_r3_Mag_24Feb24_300SA_p01_18_1_15992,nmdc:bsm-11-35hcx775,60932_4_BTM,high
/home/bmeluch/NMDC/nom_processing/monet_nom_metadata/raw/60932_4_B_2_WEOM_r1_Mag_21Feb24_300SA_p01_19_1_15532,nmdc:bsm-11-35hcx775,60932_4_BTM,high
/home/bmeluch/NMDC/nom_processing/monet_nom_metadata/raw/60932_4_B_2_WEOM_r2_Mag_24Feb24_300SA_p01_19_1_15961,nmdc:bsm-11-35hcx775,60932_4_BTM,high
/home/bmeluch/NMDC/nom_processing/monet_nom_metadata/raw/60932_4_B_2_WEOM_r3_Mag_24Feb24_300SA_p01_19_1_16004,nmdc:bsm-11-35hcx775,60932_4_BTM,high
/home/bmeluch/NMDC/nom_processing/monet_nom_metadata/raw/60932_4_B_3_WEOM_r1_Mag_21Feb24_300SA_p01_20_1_15530,nmdc:bsm-11-35hcx775,60932_4_BTM,high
/home/bmeluch/NMDC/nom_processing/monet_nom_metadata/raw/60932_4_B_3_WEOM_r2_Mag_21Feb24_300SA_p01_20_1_15896,nmdc:bsm-11-35hcx775,60932_4_BTM,high
/home/bmeluch/NMDC/nom_processing/monet_nom_metadata/raw/60932_4_B_3_WEOM_r2_Mag_24Feb24_300SA_p01_20_1_15922,nmdc:bsm-11-35hcx775,60932_4_BTM,high
/home/bmeluch/NMDC/nom_processing/monet_nom_metadata/raw/60932_4_B_3_WEOM_r3_Mag_24Feb24_300SA_p01_20_1_15973,nmdc:bsm-11-35hcx775,60932_4_BTM,high
/home/bmeluch/NMDC/nom_processing/monet_nom_metadata/raw/60932_4_BTM_1_MAOM_r1_Mag_10Feb25_3p3kV_300SA_p01_22_1_23084,nmdc:bsm-11-35hcx775,60932_4_BTM,high
/home/bmeluch/NMDC/nom_processing/monet_nom_metadata/raw/60932_4_BTM_1_MAOM_r2_Mag_10Feb25_3p3kV_300SA_p01_22_1_23131,nmdc:bsm-11-35hcx775,60932_4_BTM,high
/home/bmeluch/NMDC/nom_processing/monet_nom_metadata/raw/60932_4_BTM_1_MAOM_r3_Mag_10Feb25_3p3kV_300SA_p01_22_1_23174,nmdc:bsm-11-35hcx775,60932_4_BTM,high
/home/bmeluch/NMDC/nom_processing/monet_nom_metadata/raw/60932_4_BTM_2_MAOM_r1_Mag_10Feb25_3p3kV_300SA_p01_23_1_23079,nmdc:bsm-11-35hcx775,60932_4_BTM,high
/home/bmeluch/NMDC/nom_processing/monet_nom_metadata/raw/60932_4_BTM_2_MAOM_r2_Mag_10Feb25_3p3kV_300SA_p01_23_1_23109,nmdc:bsm-11-35hcx775,60932_4_BTM,high
/home/bmeluch/NMDC/nom_processing/monet_nom_metadata/raw/60932_4_BTM_2_MAOM_r3_Mag_10Feb25_3p3kV_300SA_p01_23_1_23185,nmdc:bsm-11-35hcx775,60932_4_BTM,high
/home/bmeluch/NMDC/nom_processing/monet_nom_metadata/raw/60932_4_BTM_3_MAOM_r1_Mag_10Feb25_3p3kV_300SA_p01_24_1_23062,nmdc:bsm-11-35hcx775,60932_4_BTM,high
/home/bmeluch/NMDC/nom_processing/monet_nom_metadata/raw/60932_4_BTM_3_MAOM_r2_Mag_10Feb25_3p3kV_300SA_p01_24_1_23105,nmdc:bsm-11-35hcx775,60932_4_BTM,high
/home/bmeluch/NMDC/nom_processing/monet_nom_metadata/raw/60932_4_BTM_3_MAOM_r3_Mag_10Feb25_3p3kV_300SA_p01_24_1_23184,nmdc:bsm-11-35hcx775,60932_4_BTM,high
/home/bmeluch/NMDC/nom_processing/monet_nom_metadata/raw/60932_4_T_1_WEOM_r1_Mag_21Feb24_300SA_p01_15_1_15527,nmdc:bsm-11-cwyc6p58,60932_4_TOP,high
/home/bmeluch/NMDC/nom_processing/monet_nom_metadata/raw/60932_4_T_1_WEOM_r2_Mag_24Feb24_300SA_p01_15_1_15933,nmdc:bsm-11-cwyc6p58,60932_4_TOP,high
/home/bmeluch/NMDC/nom_processing/monet_nom_metadata/raw/60932_4_T_1_WEOM_r3_Mag_24Feb24_300SA_p01_15_1_15993,nmdc:bsm-11-cwyc6p58,60932_4_TOP,high
/home/bmeluch/NMDC/nom_processing/monet_nom_metadata/raw/60932_4_T_2_WEOM_r1_Mag_21Feb24_300SA_p01_16_1_15522,nmdc:bsm-11-cwyc6p58,60932_4_TOP,high
/home/bmeluch/NMDC/nom_processing/monet_nom_metadata/raw/60932_4_T_2_WEOM_r2_Mag_21Feb24_300SA_p01_16_1_15894,nmdc:bsm-11-cwyc6p58,60932_4_TOP,high
/home/bmeluch/NMDC/nom_processing/monet_nom_metadata/raw/60932_4_T_2_WEOM_r2_Mag_24Feb24_300SA_p01_16_1_15920,nmdc:bsm-11-cwyc6p58,60932_4_TOP,high
/home/bmeluch/NMDC/nom_processing/monet_nom_metadata/raw/60932_4_T_2_WEOM_r3_Mag_24Feb24_300SA_p01_16_1_15980,nmdc:bsm-11-cwyc6p58,60932_4_TOP,high
/home/bmeluch/NMDC/nom_processing/monet_nom_metadata/raw/60932_4_T_3_WEOM_r1_Mag_21Feb24_300SA_p01_17_1_15517,nmdc:bsm-11-cwyc6p58,60932_4_TOP,high
/home/bmeluch/NMDC/nom_processing/monet_nom_metadata/raw/60932_4_T_3_WEOM_r2_Mag_24Feb24_300SA_p01_17_1_15932,nmdc:bsm-11-cwyc6p58,60932_4_TOP,high
/home/bmeluch/NMDC/nom_processing/monet_nom_metadata/raw/60932_4_T_3_WEOM_r3_Mag_24Feb24_300SA_p01_17_1_15968,nmdc:bsm-11-cwyc6p58,60932_4_TOP,high
/home/bmeluch/NMDC/nom_processing/monet_nom_metadata/raw/60932_4_TOP_1_MAOM_r1_Mag_10Feb25_3p3kV_300SA_p01_19_1_23085,nmdc:bsm-11-cwyc6p58,60932_4_TOP,high
/home/bmeluch/NMDC/nom_processing/monet_nom_metadata/raw/60932_4_TOP_1_MAOM_r2_Mag_10Feb25_3p3kV_300SA_p01_19_1_23141,nmdc:bsm-11-cwyc6p58,60932_4_TOP,high
/home/bmeluch/NMDC/nom_processing/monet_nom_metadata/raw/60932_4_TOP_1_MAOM_r3_Mag_10Feb25_3p3kV_300SA_p01_19_1_23150,nmdc:bsm-11-cwyc6p58,60932_4_TOP,high
/home/bmeluch/NMDC/nom_processing/monet_nom_metadata/raw/60932_4_TOP_2_MAOM_r1_Mag_10Feb25_3p3kV_300SA_p01_20_1_23087,nmdc:bsm-11-cwyc6p58,60932_4_TOP,high
/home/bmeluch/NMDC/nom_processing/monet_nom_metadata/raw/60932_4_TOP_2_MAOM_r2_Mag_10Feb25_3p3kV_300SA_p01_20_1_23100,nmdc:bsm-11-cwyc6p58,60932_4_TOP,high
/home/bmeluch/NMDC/nom_processing/monet_nom_metadata/raw/60932_4_TOP_2_MAOM_r3_Mag_10Feb25_3p3kV_300SA_p01_20_1_23169,nmdc:bsm-11-cwyc6p58,60932_4_TOP,high
/home/bmeluch/NMDC/nom_processing/monet_nom_metadata/raw/60932_4_TOP_3_MAOM_r1_Mag_10Feb25_3p3kV_300SA_p01_21_1_23065,nmdc:bsm-11-cwyc6p58,60932_4_TOP,high
/home/bmeluch/NMDC/nom_processing/monet_nom_metadata/raw/60932_4_TOP_3_MAOM_r2_Mag_10Feb25_3p3kV_300SA_p01_21_1_23136,nmdc:bsm-11-cwyc6p58,60932_4_TOP,high
/home/bmeluch/NMDC/nom_processing/monet_nom_metadata/raw/60932_4_TOP_3_MAOM_r3_Mag_10Feb25_3p3kV_300SA_p01_21_1_23146,nmdc:bsm-11-cwyc6p58,60932_4_TOP,high
/home/bmeluch/NMDC/nom_processing/monet_nom_metadata/raw/60932_5_B_1_WEOM_r1_Mag_21Feb24_300SA_p01_24_1_15553,nmdc:bsm-11-cassjt43,60932_5_BTM,high
/home/bmeluch/NMDC/nom_processing/monet_nom_metadata/raw/60932_5_B_1_WEOM_r2_Mag_24Feb24_300SA_p01_24_1_15949,nmdc:bsm-11-cassjt43,60932_5_BTM,high
/home/bmeluch/NMDC/nom_processing/monet_nom_metadata/raw/60932_5_B_1_WEOM_r3_Mag_24Feb24_300SA_p01_24_1_15999,nmdc:bsm-11-cassjt43,60932_5_BTM,high
/home/bmeluch/NMDC/nom_processing/monet_nom_metadata/raw/60932_5_B_2_WEOM_r1_Mag_21Feb24_300SA_p01_25_1_15514,nmdc:bsm-11-cassjt43,60932_5_BTM,high
/home/bmeluch/NMDC/nom_processing/monet_nom_metadata/raw/60932_5_B_2_WEOM_r2_Mag_24Feb24_300SA_p01_25_1_15948,nmdc:bsm-11-cassjt43,60932_5_BTM,high
/home/bmeluch/NMDC/nom_processing/monet_nom_metadata/raw/60932_5_B_2_WEOM_r3_Mag_24Feb24_300SA_p01_25_1_16012,nmdc:bsm-11-cassjt43,60932_5_BTM,high
/home/bmeluch/NMDC/nom_processing/monet_nom_metadata/raw/60932_5_B_3_WEOM_r1_Mag_21Feb24_300SA_p01_26_1_15886,nmdc:bsm-11-cassjt43,60932_5_BTM,high
/home/bmeluch/NMDC/nom_processing/monet_nom_metadata/raw/60932_5_B_3_WEOM_r1_Mag_24Feb24_300SA_p01_26_1_15912,nmdc:bsm-11-cassjt43,60932_5_BTM,high
/home/bmeluch/NMDC/nom_processing/monet_nom_metadata/raw/60932_5_B_3_WEOM_r2_Mag_21Feb24_300SA_p01_26_1_15891,nmdc:bsm-11-cassjt43,60932_5_BTM,high
/home/bmeluch/NMDC/nom_processing/monet_nom_metadata/raw/60932_5_B_3_WEOM_r2_Mag_24Feb24_300SA_p01_26_1_15917,nmdc:bsm-11-cassjt43,60932_5_BTM,high
/home/bmeluch/NMDC/nom_processing/monet_nom_metadata/raw/60932_5_B_3_WEOM_r3_Mag_24Feb24_300SA_p01_26_1_16015,nmdc:bsm-11-cassjt43,60932_5_BTM,high
/home/bmeluch/NMDC/nom_processing/monet_nom_metadata/raw/60932_5_BTM_1_MAOM_r1_Mag_10Feb25_3p3kV_300SA_p01_32_1_23080,nmdc:bsm-11-cassjt43,60932_5_BTM,high
/home/bmeluch/NMDC/nom_processing/monet_nom_metadata/raw/60932_5_BTM_1_MAOM_r2_Mag_10Feb25_3p3kV_300SA_p01_32_1_23130,nmdc:bsm-11-cassjt43,60932_5_BTM,high
/home/bmeluch/NMDC/nom_processing/monet_nom_metadata/raw/60932_5_BTM_1_MAOM_r3_Mag_10Feb25_3p3kV_300SA_p01_32_1_23190,nmdc:bsm-11-cassjt43,60932_5_BTM,high
/home/bmeluch/NMDC/nom_processing/monet_nom_metadata/raw/60932_5_BTM_2_MAOM_r1_Mag_10Feb25_3p3kV_300SA_p01_33_1_23075,nmdc:bsm-11-cassjt43,60932_5_BTM,high
/home/bmeluch/NMDC/nom_processing/monet_nom_metadata/raw/60932_5_BTM_2_MAOM_r2_Mag_10Feb25_3p3kV_300SA_p01_33_1_23115,nmdc:bsm-11-cassjt43,60932_5_BTM,high
/home/bmeluch/NMDC/nom_processing/monet_nom_metadata/raw/60932_5_BTM_2_MAOM_r3_Mag_10Feb25_3p3kV_300SA_p01_33_1_23176,nmdc:bsm-11-cassjt43,60932_5_BTM,high
/home/bmeluch/NMDC/nom_processing/monet_nom_metadata/raw/60932_5_BTM_3_MAOM_r1_Mag_10Feb25_3p3kV_300SA_p01_34_1_23077,nmdc:bsm-11-cassjt43,60932_5_BTM,high
/home/bmeluch/NMDC/nom_processing/monet_nom_metadata/raw/60932_5_BTM_3_MAOM_r2_Mag_10Feb25_3p3kV_300SA_p01_34_1_23104,nmdc:bsm-11-cassjt43,60932_5_BTM,high
/home/bmeluch/NMDC/nom_processing/monet_nom_metadata/raw/60932_5_BTM_3_MAOM_r3_Mag_10Feb25_3p3kV_300SA_p01_34_1_23163,nmdc:bsm-11-cassjt43,60932_5_BTM,high
/home/bmeluch/NMDC/nom_processing/monet_nom_metadata/raw/60932_5_T_1_WEOM_r1_Mag_21Feb24_300SA_p01_21_1_15526,nmdc:bsm-11-dqq7a656,60932_5_TOP,high
/home/bmeluch/NMDC/nom_processing/monet_nom_metadata/raw/60932_5_T_1_WEOM_r2_Mag_24Feb24_300SA_p01_21_1_15941,nmdc:bsm-11-dqq7a656,60932_5_TOP,high
/home/bmeluch/NMDC/nom_processing/monet_nom_metadata/raw/60932_5_T_1_WEOM_r3_Mag_24Feb24_300SA_p01_21_1_16011,nmdc:bsm-11-dqq7a656,60932_5_TOP,high
/home/bmeluch/NMDC/nom_processing/monet_nom_metadata/raw/60932_5_T_2_WEOM_r1_Mag_21Feb24_300SA_p01_22_1_15554,nmdc:bsm-11-dqq7a656,60932_5_TOP,high
/home/bmeluch/NMDC/nom_processing/monet_nom_metadata/raw/60932_5_T_2_WEOM_r2_Mag_24Feb24_300SA_p01_22_1_15960,nmdc:bsm-11-dqq7a656,60932_5_TOP,high
/home/bmeluch/NMDC/nom_processing/monet_nom_metadata/raw/60932_5_T_2_WEOM_r3_Mag_24Feb24_300SA_p01_22_1_15978,nmdc:bsm-11-dqq7a656,60932_5_TOP,high
/home/bmeluch/NMDC/nom_processing/monet_nom_metadata/raw/60932_5_T_3_WEOM_r1_Mag_21Feb24_300SA_p01_23_1_15552,nmdc:bsm-11-dqq7a656,60932_5_TOP,high
/home/bmeluch/NMDC/nom_processing/monet_nom_metadata/raw/60932_5_T_3_WEOM_r2_Mag_21Feb24_300SA_p01_23_1_15895,nmdc:bsm-11-dqq7a656,60932_5_TOP,high
/home/bmeluch/NMDC/nom_processing/monet_nom_metadata/raw/60932_5_T_3_WEOM_r2_Mag_24Feb24_300SA_p01_23_1_15921,nmdc:bsm-11-dqq7a656,60932_5_TOP,high
/home/bmeluch/NMDC/nom_processing/monet_nom_metadata/raw/60932_5_T_3_WEOM_r3_Mag_24Feb24_300SA_p01_23_1_15967,nmdc:bsm-11-dqq7a656,60932_5_TOP,high
/home/bmeluch/NMDC/nom_processing/monet_nom_metadata/raw/60932_5_TOP_1_MAOM_r1_Mag_10Feb25_3p3kV_300SA_p01_29_1_23056,nmdc:bsm-11-dqq7a656,60932_5_TOP,high
/home/bmeluch/NMDC/nom_processing/monet_nom_metadata/raw/60932_5_TOP_1_MAOM_r2_Mag_10Feb25_3p3kV_300SA_p01_29_1_23098,nmdc:bsm-11-dqq7a656,60932_5_TOP,high
/home/bmeluch/NMDC/nom_processing/monet_nom_metadata/raw/60932_5_TOP_1_MAOM_r3_Mag_10Feb25_3p3kV_300SA_p01_29_1_23168,nmdc:bsm-11-dqq7a656,60932_5_TOP,high
/home/bmeluch/NMDC/nom_processing/monet_nom_metadata/raw/60932_5_TOP_2_MAOM_r1_Mag_10Feb25_3p3kV_300SA_p01_30_1_23091,nmdc:bsm-11-dqq7a656,60932_5_TOP,high
/home/bmeluch/NMDC/nom_processing/monet_nom_metadata/raw/60932_5_TOP_2_MAOM_r2_Mag_10Feb25_3p3kV_300SA_p01_30_1_23110,nmdc:bsm-11-dqq7a656,60932_5_TOP,high
/home/bmeluch/NMDC/nom_processing/monet_nom_metadata/raw/60932_5_TOP_2_MAOM_r3_Mag_10Feb25_3p3kV_300SA_p01_30_1_23188,nmdc:bsm-11-dqq7a656,60932_5_TOP,high
/home/bmeluch/NMDC/nom_processing/monet_nom_metadata/raw/60932_5_TOP_3_MAOM_r1_Mag_10Feb25_3p3kV_300SA_p01_31_1_23053,nmdc:bsm-11-dqq7a656,60932_5_TOP,high
/home/bmeluch/NMDC/nom_processing/monet_nom_metadata/raw/60932_5_TOP_3_MAOM_r2_Mag_10Feb25_3p3kV_300SA_p01_31_1_23107,nmdc:bsm-11-dqq7a656,60932_5_TOP,high
/home/bmeluch/NMDC/nom_processing/monet_nom_metadata/raw/60932_5_TOP_3_MAOM_r3_Mag_10Feb25_3p3kV_300SA_p01_31_1_23171,nmdc:bsm-11-dqq7a656,60932_5_TOP,high
/home/bmeluch/NMDC/nom_processing/monet_nom_metadata/raw/60932_6_B_1_WEOM_r1_Mag_21Feb24_300SA_p01_30_1_15518,nmdc:bsm-11-t482pe76,60932_6_BTM,high
/home/bmeluch/NMDC/nom_processing/monet_nom_metadata/raw/60932_6_B_1_WEOM_r2_Mag_21Feb24_300SA_p01_30_1_15897,nmdc:bsm-11-t482pe76,60932_6_BTM,high
/home/bmeluch/NMDC/nom_processing/monet_nom_metadata/raw/60932_6_B_1_WEOM_r2_Mag_24Feb24_300SA_p01_30_1_15923,nmdc:bsm-11-t482pe76,60932_6_BTM,high
/home/bmeluch/NMDC/nom_processing/monet_nom_metadata/raw/60932_6_B_1_WEOM_r3_Mag_24Feb24_300SA_p01_30_1_16010,nmdc:bsm-11-t482pe76,60932_6_BTM,high
/home/bmeluch/NMDC/nom_processing/monet_nom_metadata/raw/60932_6_B_2_WEOM_r1_Mag_21Feb24_300SA_p01_31_1_15548,nmdc:bsm-11-t482pe76,60932_6_BTM,high
/home/bmeluch/NMDC/nom_processing/monet_nom_metadata/raw/60932_6_B_2_WEOM_r2_Mag_24Feb24_300SA_p01_31_1_15940,nmdc:bsm-11-t482pe76,60932_6_BTM,high
/home/bmeluch/NMDC/nom_processing/monet_nom_metadata/raw/60932_6_B_2_WEOM_r3_Mag_24Feb24_300SA_p01_31_1_15995,nmdc:bsm-11-t482pe76,60932_6_BTM,high
/home/bmeluch/NMDC/nom_processing/monet_nom_metadata/raw/60932_6_B_3_WEOM_r1_Mag_21Feb24_300SA_p01_32_1_15529,nmdc:bsm-11-t482pe76,60932_6_BTM,high
/home/bmeluch/NMDC/nom_processing/monet_nom_metadata/raw/60932_6_B_3_WEOM_r2_Mag_21Feb24_300SA_p01_32_1_15898,nmdc:bsm-11-t482pe76,60932_6_BTM,high
/home/bmeluch/NMDC/nom_processing/monet_nom_metadata/raw/60932_6_B_3_WEOM_r2_Mag_24Feb24_300SA_p01_32_1_15924,nmdc:bsm-11-t482pe76,60932_6_BTM,high
/home/bmeluch/NMDC/nom_processing/monet_nom_metadata/raw/60932_6_B_3_WEOM_r3_Mag_24Feb24_300SA_p01_32_1_16016,nmdc:bsm-11-t482pe76,60932_6_BTM,high
/home/bmeluch/NMDC/nom_processing/monet_nom_metadata/raw/60932_6_BTM_1_MAOM_r1_Mag_10Feb25_3p3kV_300SA_p01_38_1_23074,nmdc:bsm-11-t482pe76,60932_6_BTM,high
/home/bmeluch/NMDC/nom_processing/monet_nom_metadata/raw/60932_6_BTM_1_MAOM_r2_Mag_10Feb25_3p3kV_300SA_p01_38_1_23127,nmdc:bsm-11-t482pe76,60932_6_BTM,high
/home/bmeluch/NMDC/nom_processing/monet_nom_metadata/raw/60932_6_BTM_1_MAOM_r3_Mag_10Feb25_3p3kV_300SA_p01_38_1_23191,nmdc:bsm-11-t482pe76,60932_6_BTM,high
/home/bmeluch/NMDC/nom_processing/monet_nom_metadata/raw/60932_6_BTM_2_MAOM_r1_Mag_10Feb25_3p3kV_300SA_p01_39_1_23072,nmdc:bsm-11-t482pe76,60932_6_BTM,high
/home/bmeluch/NMDC/nom_processing/monet_nom_metadata/raw/60932_6_BTM_2_MAOM_r2_Mag_10Feb25_3p3kV_300SA_p01_39_1_23119,nmdc:bsm-11-t482pe76,60932_6_BTM,high
/home/bmeluch/NMDC/nom_processing/monet_nom_metadata/raw/60932_6_BTM_2_MAOM_r3_Mag_10Feb25_3p3kV_300SA_p01_39_1_23164,nmdc:bsm-11-t482pe76,60932_6_BTM,high
/home/bmeluch/NMDC/nom_processing/monet_nom_metadata/raw/60932_6_BTM_3_MAOM_r1_Mag_10Feb25_3p3kV_300SA_p01_40_1_23059,nmdc:bsm-11-t482pe76,60932_6_BTM,high
/home/bmeluch/NMDC/nom_processing/monet_nom_metadata/raw/60932_6_BTM_3_MAOM_r2_Mag_10Feb25_3p3kV_300SA_p01_40_1_23106,nmdc:bsm-11-t482pe76,60932_6_BTM,high
/home/bmeluch/NMDC/nom_processing/monet_nom_metadata/raw/60932_6_BTM_3_MAOM_r3_Mag_10Feb25_3p3kV_300SA_p01_40_1_23145,nmdc:bsm-11-t482pe76,60932_6_BTM,high
/home/bmeluch/NMDC/nom_processing/monet_nom_metadata/raw/60932_6_T_1_WEOM_r1_Mag_21Feb24_300SA_p01_27_1_15542,nmdc:bsm-11-fhz04x18,60932_6_TOP,high
/home/bmeluch/NMDC/nom_processing/monet_nom_metadata/raw/60932_6_T_1_WEOM_r2_Mag_24Feb24_300SA_p01_27_1_15943,nmdc:bsm-11-fhz04x18,60932_6_TOP,high
/home/bmeluch/NMDC/nom_processing/monet_nom_metadata/raw/60932_6_T_1_WEOM_r3_Mag_24Feb24_300SA_p01_27_1_15969,nmdc:bsm-11-fhz04x18,60932_6_TOP,high
/home/bmeluch/NMDC/nom_processing/monet_nom_metadata/raw/60932_6_T_2_WEOM_r1_Mag_21Feb24_300SA_p01_28_1_15888,nmdc:bsm-11-fhz04x18,60932_6_TOP,high
/home/bmeluch/NMDC/nom_processing/monet_nom_metadata/raw/60932_6_T_2_WEOM_r1_Mag_24Feb24_300SA_p01_28_1_15914,nmdc:bsm-11-fhz04x18,60932_6_TOP,high
/home/bmeluch/NMDC/nom_processing/monet_nom_metadata/raw/60932_6_T_2_WEOM_r2_Mag_24Feb24_300SA_p01_28_1_15946,nmdc:bsm-11-fhz04x18,60932_6_TOP,high
/home/bmeluch/NMDC/nom_processing/monet_nom_metadata/raw/60932_6_T_2_WEOM_r3_Mag_24Feb24_300SA_p01_28_1_16007,nmdc:bsm-11-fhz04x18,60932_6_TOP,high
/home/bmeluch/NMDC/nom_processing/monet_nom_metadata/raw/60932_6_T_3_WEOM_r1_Mag_21Feb24_300SA_p01_29_1_15885,nmdc:bsm-11-fhz04x18,60932_6_TOP,high
/home/bmeluch/NMDC/nom_processing/monet_nom_metadata/raw/60932_6_T_3_WEOM_r1_Mag_24Feb24_300SA_p01_29_1_15911,nmdc:bsm-11-fhz04x18,60932_6_TOP,high
/home/bmeluch/NMDC/nom_processing/monet_nom_metadata/raw/60932_6_T_3_WEOM_r2_Mag_24Feb24_300SA_p01_29_1_15955,nmdc:bsm-11-fhz04x18,60932_6_TOP,high
/home/bmeluch/NMDC/nom_processing/monet_nom_metadata/raw/60932_6_T_3_WEOM_r3_Mag_24Feb24_300SA_p01_29_1_15994,nmdc:bsm-11-fhz04x18,60932_6_TOP,high
/home/bmeluch/NMDC/nom_processing/monet_nom_metadata/raw/60932_6_TOP_1_MAOM_r1_Mag_10Feb25_3p3kV_300SA_p01_35_1_23093,nmdc:bsm-11-fhz04x18,60932_6_TOP,high
/home/bmeluch/NMDC/nom_processing/monet_nom_metadata/raw/60932_6_TOP_1_MAOM_r2_Mag_10Feb25_3p3kV_300SA_p01_35_1_23137,nmdc:bsm-11-fhz04x18,60932_6_TOP,high
/home/bmeluch/NMDC/nom_processing/monet_nom_metadata/raw/60932_6_TOP_1_MAOM_r3_Mag_10Feb25_3p3kV_300SA_p01_35_1_23160,nmdc:bsm-11-fhz04x18,60932_6_TOP,high
/home/bmeluch/NMDC/nom_processing/monet_nom_metadata/raw/60932_6_TOP_2_MAOM_r1_Mag_10Feb25_3p3kV_300SA_p01_36_1_23078,nmdc:bsm-11-fhz04x18,60932_6_TOP,high
/home/bmeluch/NMDC/nom_processing/monet_nom_metadata/raw/60932_6_TOP_2_MAOM_r2_Mag_10Feb25_3p3kV_300SA_p01_36_1_23132,nmdc:bsm-11-fhz04x18,60932_6_TOP,high
/home/bmeluch/NMDC/nom_processing/monet_nom_metadata/raw/60932_6_TOP_2_MAOM_r3_Mag_10Feb25_3p3kV_300SA_p01_36_1_23148,nmdc:bsm-11-fhz04x18,60932_6_TOP,high
/home/bmeluch/NMDC/nom_processing/monet_nom_metadata/raw/60932_6_TOP_3_MAOM_r1_Mag_10Feb25_3p3kV_300SA_p01_37_1_23095,nmdc:bsm-11-fhz04x18,60932_6_TOP,high
/home/bmeluch/NMDC/nom_processing/monet_nom_metadata/raw/60932_6_TOP_3_MAOM_r2_Mag_10Feb25_3p3kV_300SA_p01_37_1_23140,nmdc:bsm-11-fhz04x18,60932_6_TOP,high
/home/bmeluch/NMDC/nom_processing/monet_nom_metadata/raw/60932_6_TOP_3_MAOM_r3_Mag_10Feb25_3p3kV_300SA_p01_37_1_23166,nmdc:bsm-11-fhz04x18,60932_6_TOP,high
/home/bmeluch/NMDC/nom_processing/monet_nom_metadata/raw/60933_1_T_1_WEOM_r1_Mag_18Jan24_300SA_p01_1_1_14702,nmdc:bsm-11-xk1gw136,60933_1_TOP,high
/home/bmeluch/NMDC/nom_processing/monet_nom_metadata/raw/60933_1_T_1_WEOM_r2_Mag_18Jan24_300SA_p01_1_1_14807,nmdc:bsm-11-xk1gw136,60933_1_TOP,high
/home/bmeluch/NMDC/nom_processing/monet_nom_metadata/raw/60933_1_T_1_WEOM_r3_Mag_18Jan24_300SA_p01_1_1_14916,nmdc:bsm-11-xk1gw136,60933_1_TOP,high
/home/bmeluch/NMDC/nom_processing/monet_nom_metadata/raw/60933_1_T_2_WEOM_r1_Mag_18Jan24_300SA_p01_2_1_14742,nmdc:bsm-11-xk1gw136,60933_1_TOP,high
/home/bmeluch/NMDC/nom_processing/monet_nom_metadata/raw/60933_1_T_2_WEOM_r2_Mag_18Jan24_300SA_p01_2_1_14843,nmdc:bsm-11-xk1gw136,60933_1_TOP,high
/home/bmeluch/NMDC/nom_processing/monet_nom_metadata/raw/60933_1_T_2_WEOM_r3_Mag_18Jan24_300SA_p01_2_1_14939,nmdc:bsm-11-xk1gw136,60933_1_TOP,high
/home/bmeluch/NMDC/nom_processing/monet_nom_metadata/raw/60933_1_T_3_WEOM_r1_Mag_18Jan24_300SA_p01_3_1_14695,nmdc:bsm-11-xk1gw136,60933_1_TOP,high
/home/bmeluch/NMDC/nom_processing/monet_nom_metadata/raw/60933_1_T_3_WEOM_r2_Mag_18Jan24_300SA_p01_3_1_14817,nmdc:bsm-11-xk1gw136,60933_1_TOP,high
/home/bmeluch/NMDC/nom_processing/monet_nom_metadata/raw/60933_1_T_3_WEOM_r3_Mag_18Jan24_300SA_p01_3_1_14961,nmdc:bsm-11-xk1gw136,60933_1_TOP,high
/home/bmeluch/NMDC/nom_processing/monet_nom_metadata/raw/60933_1_TOP_1_MAOM_r1_Mag_05Jan25_3p3kV_300SA_p01_1_1_21607,nmdc:bsm-11-xk1gw136,60933_1_TOP,high
/home/bmeluch/NMDC/nom_processing/monet_nom_metadata/raw/60933_1_TOP_1_MAOM_r2_Mag_05Jan25_3p3kV_300SA_p01_1_1_21671,nmdc:bsm-11-xk1gw136,60933_1_TOP,high
/home/bmeluch/NMDC/nom_processing/monet_nom_metadata/raw/60933_1_TOP_1_MAOM_r3_Mag_20Jan25_3p3kV_300SA_p01_1_1_22147,nmdc:bsm-11-xk1gw136,60933_1_TOP,high
/home/bmeluch/NMDC/nom_processing/monet_nom_metadata/raw/60933_1_TOP_2_MAOM_r1_Mag_05Jan25_3p3kV_300SA_p01_2_1_21647,nmdc:bsm-11-xk1gw136,60933_1_TOP,high
/home/bmeluch/NMDC/nom_processing/monet_nom_metadata/raw/60933_1_TOP_2_MAOM_r2_Mag_05Jan25_3p3kV_300SA_p01_2_1_21666,nmdc:bsm-11-xk1gw136,60933_1_TOP,high
/home/bmeluch/NMDC/nom_processing/monet_nom_metadata/raw/60933_1_TOP_2_MAOM_r3_Mag_20Jan25_3p3kV_300SA_p01_2_1_22189,nmdc:bsm-11-xk1gw136,60933_1_TOP,high
/home/bmeluch/NMDC/nom_processing/monet_nom_metadata/raw/60933_1_TOP_3_MAOM_r1_Mag_05Jan25_3p3kV_300SA_p01_3_1_21609,nmdc:bsm-11-xk1gw136,60933_1_TOP,high
/home/bmeluch/NMDC/nom_processing/monet_nom_metadata/raw/60933_1_TOP_3_MAOM_r2_Mag_05Jan25_3p3kV_300SA_p01_3_1_21658,nmdc:bsm-11-xk1gw136,60933_1_TOP,high
/home/bmeluch/NMDC/nom_processing/monet_nom_metadata/raw/60933_1_TOP_3_MAOM_r3_Mag_20Jan25_3p3kV_300SA_p01_3_1_22169,nmdc:bsm-11-xk1gw136,60933_1_TOP,high
/home/bmeluch/NMDC/nom_processing/monet_nom_metadata/raw/60933_10_T_1_WEOM_r1_Mag_18Jan24_300SA_p01_46_1_14747,nmdc:bsm-11-1g34vd94,60933_10_TOP,high
/home/bmeluch/NMDC/nom_processing/monet_nom_metadata/raw/60933_10_T_1_WEOM_r2_Mag_18Jan24_300SA_p01_46_1_14816,nmdc:bsm-11-1g34vd94,60933_10_TOP,high
/home/bmeluch/NMDC/nom_processing/monet_nom_metadata/raw/60933_10_T_1_WEOM_r3_Mag_18Jan24_300SA_p01_46_1_14915,nmdc:bsm-11-1g34vd94,60933_10_TOP,high
/home/bmeluch/NMDC/nom_processing/monet_nom_metadata/raw/60933_10_T_2_WEOM_r1_Mag_18Jan24_300SA_p01_47_1_14730,nmdc:bsm-11-1g34vd94,60933_10_TOP,high
/home/bmeluch/NMDC/nom_processing/monet_nom_metadata/raw/60933_10_T_2_WEOM_r2_Mag_18Jan24_300SA_p01_47_1_14804,nmdc:bsm-11-1g34vd94,60933_10_TOP,high
/home/bmeluch/NMDC/nom_processing/monet_nom_metadata/raw/60933_10_T_2_WEOM_r3_Mag_18Jan24_300SA_p01_47_1_14912,nmdc:bsm-11-1g34vd94,60933_10_TOP,high
/home/bmeluch/NMDC/nom_processing/monet_nom_metadata/raw/60933_10_T_3_WEOM_r1_Mag_18Jan24_300SA_p01_48_1_14704,nmdc:bsm-11-1g34vd94,60933_10_TOP,high
/home/bmeluch/NMDC/nom_processing/monet_nom_metadata/raw/60933_10_T_3_WEOM_r2_Mag_18Jan24_300SA_p01_48_1_14856,nmdc:bsm-11-1g34vd94,60933_10_TOP,high
/home/bmeluch/NMDC/nom_processing/monet_nom_metadata/raw/60933_10_T_3_WEOM_r3_Mag_18Jan24_300SA_p01_48_1_14932,nmdc:bsm-11-1g34vd94,60933_10_TOP,high
/home/bmeluch/NMDC/nom_processing/monet_nom_metadata/raw/60933_10_TOP_1_MAOM_r1_Mag_05Jan25_3p3kV_300SA_p01_50_1_21613,nmdc:bsm-11-1g34vd94,60933_10_TOP,high
/home/bmeluch/NMDC/nom_processing/monet_nom_metadata/raw/60933_10_TOP_1_MAOM_r2_Mag_05Jan25_3p3kV_300SA_p01_50_1_21689,nmdc:bsm-11-1g34vd94,60933_10_TOP,high
/home/bmeluch/NMDC/nom_processing/monet_nom_metadata/raw/60933_10_TOP_1_MAOM_r3_Mag_20Jan25_3p3kV_300SA_p01_50_1_22185,nmdc:bsm-11-1g34vd94,60933_10_TOP,high
/home/bmeluch/NMDC/nom_processing/monet_nom_metadata/raw/60933_10_TOP_2_MAOM_r1_Mag_05Jan25_3p3kV_300SA_p01_51_1_21624,nmdc:bsm-11-1g34vd94,60933_10_TOP,high
/home/bmeluch/NMDC/nom_processing/monet_nom_metadata/raw/60933_10_TOP_2_MAOM_r2_Mag_05Jan25_3p3kV_300SA_p01_51_1_21700,nmdc:bsm-11-1g34vd94,60933_10_TOP,high
/home/bmeluch/NMDC/nom_processing/monet_nom_metadata/raw/60933_10_TOP_2_MAOM_r3_Mag_20Jan25_3p3kV_300SA_p01_51_1_22141,nmdc:bsm-11-1g34vd94,60933_10_TOP,high
/home/bmeluch/NMDC/nom_processing/monet_nom_metadata/raw/60933_10_TOP_3_MAOM_r1_Mag_05Jan25_3p3kV_300SA_p01_52_1_21645,nmdc:bsm-11-1g34vd94,60933_10_TOP,high
/home/bmeluch/NMDC/nom_processing/monet_nom_metadata/raw/60933_10_TOP_3_MAOM_r2_Mag_05Jan25_3p3kV_300SA_p01_52_1_21679,nmdc:bsm-11-1g34vd94,60933_10_TOP,high
/home/bmeluch/NMDC/nom_processing/monet_nom_metadata/raw/60933_10_TOP_3_MAOM_r3_Mag_05Jan25_3p3kV_300SA_p01_52_1_21713,nmdc:bsm-11-1g34vd94,60933_10_TOP,high
/home/bmeluch/NMDC/nom_processing/monet_nom_metadata/raw/60933_11_B_1_WEOM_r1_Mag_12Feb24_300SA_p01_4_1_15069,nmdc:bsm-11-0mrh8a04,60933_11_BTM,high
/home/bmeluch/NMDC/nom_processing/monet_nom_metadata/raw/60933_11_B_1_WEOM_r2_Mag_12Feb24_300SA_p01_4_1_15165,nmdc:bsm-11-0mrh8a04,60933_11_BTM,high
/home/bmeluch/NMDC/nom_processing/monet_nom_metadata/raw/60933_11_B_1_WEOM_r3_Mag_12Feb24_300SA_p01_4_1_15220,nmdc:bsm-11-0mrh8a04,60933_11_BTM,high
/home/bmeluch/NMDC/nom_processing/monet_nom_metadata/raw/60933_11_B_2_WEOM_r1_Mag_12Feb24_300SA_p01_5_1_15075,nmdc:bsm-11-0mrh8a04,60933_11_BTM,high
/home/bmeluch/NMDC/nom_processing/monet_nom_metadata/raw/60933_11_B_2_WEOM_r2_Mag_12Feb24_300SA_p01_5_1_15131,nmdc:bsm-11-0mrh8a04,60933_11_BTM,high
/home/bmeluch/NMDC/nom_processing/monet_nom_metadata/raw/60933_11_B_2_WEOM_r3_Mag_12Feb24_300SA_p01_5_1_15176,nmdc:bsm-11-0mrh8a04,60933_11_BTM,high
/home/bmeluch/NMDC/nom_processing/monet_nom_metadata/raw/60933_11_B_3_WEOM_r1_Mag_12Feb24_300SA_p01_6_1_15054,nmdc:bsm-11-0mrh8a04,60933_11_BTM,high
/home/bmeluch/NMDC/nom_processing/monet_nom_metadata/raw/60933_11_B_3_WEOM_r2_Mag_12Feb24_300SA_p01_6_1_15110,nmdc:bsm-11-0mrh8a04,60933_11_BTM,high
/home/bmeluch/NMDC/nom_processing/monet_nom_metadata/raw/60933_11_B_3_WEOM_r3_Mag_12Feb24_300SA_p01_6_1_15185,nmdc:bsm-11-0mrh8a04,60933_11_BTM,high
/home/bmeluch/NMDC/nom_processing/monet_nom_metadata/raw/60933_11_BTM_1_MAOM_r1_Mag_13Jan25_3p3kV_300SA_p01_4_1_21828,nmdc:bsm-11-0mrh8a04,60933_11_BTM,high
/home/bmeluch/NMDC/nom_processing/monet_nom_metadata/raw/60933_11_BTM_1_MAOM_r2_Mag_13Jan25_3p3kV_300SA_p01_4_1_21847,nmdc:bsm-11-0mrh8a04,60933_11_BTM,high
/home/bmeluch/NMDC/nom_processing/monet_nom_metadata/raw/60933_11_BTM_1_MAOM_r3_Mag_13Jan25_3p3kV_300SA_p01_4_1_21944,nmdc:bsm-11-0mrh8a04,60933_11_BTM,high
/home/bmeluch/NMDC/nom_processing/monet_nom_metadata/raw/60933_11_BTM_2_MAOM_r1_Mag_13Jan25_3p3kV_300SA_p01_5_1_21818,nmdc:bsm-11-0mrh8a04,60933_11_BTM,high
/home/bmeluch/NMDC/nom_processing/monet_nom_metadata/raw/60933_11_BTM_2_MAOM_r2_Mag_13Jan25_3p3kV_300SA_p01_5_1_21856,nmdc:bsm-11-0mrh8a04,60933_11_BTM,high
/home/bmeluch/NMDC/nom_processing/monet_nom_metadata/raw/60933_11_BTM_2_MAOM_r3_Mag_13Jan25_3p3kV_300SA_p01_5_1_21906,nmdc:bsm-11-0mrh8a04,60933_11_BTM,high
/home/bmeluch/NMDC/nom_processing/monet_nom_metadata/raw/60933_11_BTM_3_MAOM_r1_Mag_13Jan25_3p3kV_300SA_p01_6_1_21829,nmdc:bsm-11-0mrh8a04,60933_11_BTM,high
/home/bmeluch/NMDC/nom_processing/monet_nom_metadata/raw/60933_11_BTM_3_MAOM_r2_Mag_13Jan25_3p3kV_300SA_p01_6_1_21881,nmdc:bsm-11-0mrh8a04,60933_11_BTM,high
/home/bmeluch/NMDC/nom_processing/monet_nom_metadata/raw/60933_11_BTM_3_MAOM_r3_Mag_13Jan25_3p3kV_300SA_p01_6_1_21918,nmdc:bsm-11-0mrh8a04,60933_11_BTM,high
/home/bmeluch/NMDC/nom_processing/monet_nom_metadata/raw/60933_11_T_1_WEOM_r1_Mag_12Feb24_300SA_p01_1_1_15068,nmdc:bsm-11-0d7jqm05,60933_11_TOP,high
/home/bmeluch/NMDC/nom_processing/monet_nom_metadata/raw/60933_11_T_1_WEOM_r2_Mag_12Feb24_300SA_p01_1_1_15156,nmdc:bsm-11-0d7jqm05,60933_11_TOP,high
/home/bmeluch/NMDC/nom_processing/monet_nom_metadata/raw/60933_11_T_1_WEOM_r3_Mag_12Feb24_300SA_p01_1_1_15195,nmdc:bsm-11-0d7jqm05,60933_11_TOP,high
/home/bmeluch/NMDC/nom_processing/monet_nom_metadata/raw/60933_11_T_2_WEOM_r1_Mag_12Feb24_300SA_p01_2_1_15078,nmdc:bsm-11-0d7jqm05,60933_11_TOP,high
/home/bmeluch/NMDC/nom_processing/monet_nom_metadata/raw/60933_11_T_2_WEOM_r2_Mag_12Feb24_300SA_p01_2_1_15116,nmdc:bsm-11-0d7jqm05,60933_11_TOP,high
/home/bmeluch/NMDC/nom_processing/monet_nom_metadata/raw/60933_11_T_2_WEOM_r3_Mag_12Feb24_300SA_p01_2_1_15235,nmdc:bsm-11-0d7jqm05,60933_11_TOP,high
/home/bmeluch/NMDC/nom_processing/monet_nom_metadata/raw/60933_11_T_3_WEOM_r1_Mag_12Feb24_300SA_p01_3_1_15081,nmdc:bsm-11-0d7jqm05,60933_11_TOP,high
/home/bmeluch/NMDC/nom_processing/monet_nom_metadata/raw/60933_11_T_3_WEOM_r2_Mag_12Feb24_300SA_p01_3_1_15127,nmdc:bsm-11-0d7jqm05,60933_11_TOP,high
/home/bmeluch/NMDC/nom_processing/monet_nom_metadata/raw/60933_11_T_3_WEOM_r3_Mag_12Feb24_300SA_p01_3_1_15238,nmdc:bsm-11-0d7jqm05,60933_11_TOP,high
/home/bmeluch/NMDC/nom_processing/monet_nom_metadata/raw/60933_11_TOP_1_MAOM_r1_Mag_13Jan25_3p3kV_300SA_p01_1_1_21788,nmdc:bsm-11-0d7jqm05,60933_11_TOP,high
/home/bmeluch/NMDC/nom_processing/monet_nom_metadata/raw/60933_11_TOP_1_MAOM_r2_Mag_13Jan25_3p3kV_300SA_p01_1_1_21894,nmdc:bsm-11-0d7jqm05,60933_11_TOP,high
/home/bmeluch/NMDC/nom_processing/monet_nom_metadata/raw/60933_11_TOP_1_MAOM_r3_Mag_13Jan25_3p3kV_300SA_p01_1_1_21940,nmdc:bsm-11-0d7jqm05,60933_11_TOP,high
/home/bmeluch/NMDC/nom_processing/monet_nom_metadata/raw/60933_11_TOP_2_MAOM_r1_Mag_13Jan25_3p3kV_300SA_p01_2_1_21809,nmdc:bsm-11-0d7jqm05,60933_11_TOP,high
/home/bmeluch/NMDC/nom_processing/monet_nom_metadata/raw/60933_11_TOP_2_MAOM_r2_Mag_13Jan25_3p3kV_300SA_p01_2_1_21854,nmdc:bsm-11-0d7jqm05,60933_11_TOP,high
/home/bmeluch/NMDC/nom_processing/monet_nom_metadata/raw/60933_11_TOP_2_MAOM_r3_Mag_13Jan25_3p3kV_300SA_p01_2_1_21912,nmdc:bsm-11-0d7jqm05,60933_11_TOP,high
/home/bmeluch/NMDC/nom_processing/monet_nom_metadata/raw/60933_11_TOP_3_MAOM_r1_Mag_13Jan25_3p3kV_300SA_p01_3_1_21832,nmdc:bsm-11-0d7jqm05,60933_11_TOP,high
/home/bmeluch/NMDC/nom_processing/monet_nom_metadata/raw/60933_11_TOP_3_MAOM_r2_Mag_13Jan25_3p3kV_300SA_p01_3_1_21848,nmdc:bsm-11-0d7jqm05,60933_11_TOP,high
/home/bmeluch/NMDC/nom_processing/monet_nom_metadata/raw/60933_11_TOP_3_MAOM_r3_Mag_13Jan25_3p3kV_300SA_p01_3_1_21949,nmdc:bsm-11-0d7jqm05,60933_11_TOP,high
/home/bmeluch/NMDC/nom_processing/monet_nom_metadata/raw/60933_12_B_1_WEOM_r1_Mag_12Feb24_300SA_p01_10_1_15062,nmdc:bsm-11-abn6e039,60933_12_BTM,high
/home/bmeluch/NMDC/nom_processing/monet_nom_metadata/raw/60933_12_B_1_WEOM_r2_Mag_12Feb24_300SA_p01_10_1_15162,nmdc:bsm-11-abn6e039,60933_12_BTM,high
/home/bmeluch/NMDC/nom_processing/monet_nom_metadata/raw/60933_12_B_1_WEOM_r3_Mag_12Feb24_300SA_p01_10_1_15188,nmdc:bsm-11-abn6e039,60933_12_BTM,high
/home/bmeluch/NMDC/nom_processing/monet_nom_metadata/raw/60933_12_B_2_WEOM_r1_Mag_12Feb24_300SA_p01_11_1_15060,nmdc:bsm-11-abn6e039,60933_12_BTM,high
/home/bmeluch/NMDC/nom_processing/monet_nom_metadata/raw/60933_12_B_2_WEOM_r2_Mag_12Feb24_300SA_p01_11_1_15113,nmdc:bsm-11-abn6e039,60933_12_BTM,high
/home/bmeluch/NMDC/nom_processing/monet_nom_metadata/raw/60933_12_B_2_WEOM_r3_Mag_12Feb24_300SA_p01_11_1_15222,nmdc:bsm-11-abn6e039,60933_12_BTM,high
/home/bmeluch/NMDC/nom_processing/monet_nom_metadata/raw/60933_12_B_3_WEOM_r1_Mag_12Feb24_300SA_p01_12_1_15037,nmdc:bsm-11-abn6e039,60933_12_BTM,high
/home/bmeluch/NMDC/nom_processing/monet_nom_metadata/raw/60933_12_B_3_WEOM_r2_Mag_12Feb24_300SA_p01_12_1_15163,nmdc:bsm-11-abn6e039,60933_12_BTM,high
/home/bmeluch/NMDC/nom_processing/monet_nom_metadata/raw/60933_12_B_3_WEOM_r3_Mag_12Feb24_300SA_p01_12_1_15170,nmdc:bsm-11-abn6e039,60933_12_BTM,high
/home/bmeluch/NMDC/nom_processing/monet_nom_metadata/raw/60933_12_BTM_1_MAOM_r1_Mag_13Jan25_3p3kV_300SA_p01_10_1_21784,nmdc:bsm-11-abn6e039,60933_12_BTM,high
/home/bmeluch/NMDC/nom_processing/monet_nom_metadata/raw/60933_12_BTM_1_MAOM_r2_Mag_13Jan25_3p3kV_300SA_p01_10_1_21872,nmdc:bsm-11-abn6e039,60933_12_BTM,high
/home/bmeluch/NMDC/nom_processing/monet_nom_metadata/raw/60933_12_BTM_1_MAOM_r3_Mag_13Jan25_3p3kV_300SA_p01_10_1_21898,nmdc:bsm-11-abn6e039,60933_12_BTM,high
/home/bmeluch/NMDC/nom_processing/monet_nom_metadata/raw/60933_12_BTM_2_MAOM_r1_Mag_13Jan25_3p3kV_300SA_p01_11_1_21801,nmdc:bsm-11-abn6e039,60933_12_BTM,high
/home/bmeluch/NMDC/nom_processing/monet_nom_metadata/raw/60933_12_BTM_2_MAOM_r2_Mag_13Jan25_3p3kV_300SA_p01_11_1_21896,nmdc:bsm-11-abn6e039,60933_12_BTM,high
/home/bmeluch/NMDC/nom_processing/monet_nom_metadata/raw/60933_12_BTM_2_MAOM_r3_Mag_13Jan25_3p3kV_300SA_p01_11_1_21917,nmdc:bsm-11-abn6e039,60933_12_BTM,high
/home/bmeluch/NMDC/nom_processing/monet_nom_metadata/raw/60933_12_BTM_3_MAOM_r1_Mag_13Jan25_3p3kV_300SA_p01_12_1_21815,nmdc:bsm-11-abn6e039,60933_12_BTM,high
/home/bmeluch/NMDC/nom_processing/monet_nom_metadata/raw/60933_12_BTM_3_MAOM_r2_Mag_13Jan25_3p3kV_300SA_p01_12_1_21878,nmdc:bsm-11-abn6e039,60933_12_BTM,high
/home/bmeluch/NMDC/nom_processing/monet_nom_metadata/raw/60933_12_BTM_3_MAOM_r3_Mag_13Jan25_3p3kV_300SA_p01_12_1_21915,nmdc:bsm-11-abn6e039,60933_12_BTM,high
/home/bmeluch/NMDC/nom_processing/monet_nom_metadata/raw/60933_12_T_1_WEOM_r1_Mag_12Feb24_300SA_p01_7_1_15050,nmdc:bsm-11-k2v6we66,60933_12_TOP,high
/home/bmeluch/NMDC/nom_processing/monet_nom_metadata/raw/60933_12_T_1_WEOM_r2_Mag_12Feb24_300SA_p01_7_1_15169,nmdc:bsm-11-k2v6we66,60933_12_TOP,high
/home/bmeluch/NMDC/nom_processing/monet_nom_metadata/raw/60933_12_T_1_WEOM_r3_Mag_12Feb24_300SA_p01_7_1_15226,nmdc:bsm-11-k2v6we66,60933_12_TOP,high
/home/bmeluch/NMDC/nom_processing/monet_nom_metadata/raw/60933_12_T_2_WEOM_r1_Mag_12Feb24_300SA_p01_8_1_15091,nmdc:bsm-11-k2v6we66,60933_12_TOP,high
/home/bmeluch/NMDC/nom_processing/monet_nom_metadata/raw/60933_12_T_2_WEOM_r2_Mag_12Feb24_300SA_p01_8_1_15122,nmdc:bsm-11-k2v6we66,60933_12_TOP,high
/home/bmeluch/NMDC/nom_processing/monet_nom_metadata/raw/60933_12_T_2_WEOM_r3_Mag_12Feb24_300SA_p01_8_1_15173,nmdc:bsm-11-k2v6we66,60933_12_TOP,high
/home/bmeluch/NMDC/nom_processing/monet_nom_metadata/raw/60933_12_T_3_WEOM_r1_Mag_12Feb24_300SA_p01_9_1_15099,nmdc:bsm-11-k2v6we66,60933_12_TOP,high
/home/bmeluch/NMDC/nom_processing/monet_nom_metadata/raw/60933_12_T_3_WEOM_r2_Mag_12Feb24_300SA_p01_9_1_15108,nmdc:bsm-11-k2v6we66,60933_12_TOP,high
/home/bmeluch/NMDC/nom_processing/monet_nom_metadata/raw/60933_12_T_3_WEOM_r3_Mag_12Feb24_300SA_p01_9_1_15239,nmdc:bsm-11-k2v6we66,60933_12_TOP,high
/home/bmeluch/NMDC/nom_processing/monet_nom_metadata/raw/60933_12_TOP_1_MAOM_r1_Mag_31Jan25_3p3kV_300SA_p01_7_1_22727,nmdc:bsm-11-k2v6we66,60933_12_TOP,high
/home/bmeluch/NMDC/nom_processing/monet_nom_metadata/raw/60933_12_TOP_1_MAOM_r2_Mag_31Jan25_3p3kV_300SA_p01_7_1_22733,nmdc:bsm-11-k2v6we66,60933_12_TOP,high
/home/bmeluch/NMDC/nom_processing/monet_nom_metadata/raw/60933_12_TOP_1_MAOM_r3_Mag_31Jan25_3p3kV_300SA_p01_7_1_22738,nmdc:bsm-11-k2v6we66,60933_12_TOP,high
/home/bmeluch/NMDC/nom_processing/monet_nom_metadata/raw/60933_12_TOP_2_MAOM_r1_Mag_31Jan25_3p3kV_300SA_p01_8_1_22726,nmdc:bsm-11-k2v6we66,60933_12_TOP,high
/home/bmeluch/NMDC/nom_processing/monet_nom_metadata/raw/60933_12_TOP_2_MAOM_r2_Mag_31Jan25_3p3kV_300SA_p01_8_1_22734,nmdc:bsm-11-k2v6we66,60933_12_TOP,high
/home/bmeluch/NMDC/nom_processing/monet_nom_metadata/raw/60933_12_TOP_2_MAOM_r3_Mag_31Jan25_3p3kV_300SA_p01_8_1_22736,nmdc:bsm-11-k2v6we66,60933_12_TOP,high
/home/bmeluch/NMDC/nom_processing/monet_nom_metadata/raw/60933_12_TOP_3_MAOM_r1_Mag_31Jan25_3p3kV_300SA_p01_9_1_22725,nmdc:bsm-11-k2v6we66,60933_12_TOP,high
/home/bmeluch/NMDC/nom_processing/monet_nom_metadata/raw/60933_12_TOP_3_MAOM_r2_Mag_31Jan25_3p3kV_300SA_p01_9_1_22730,nmdc:bsm-11-k2v6we66,60933_12_TOP,high
/home/bmeluch/NMDC/nom_processing/monet_nom_metadata/raw/60933_12_TOP_3_MAOM_r3_Mag_31Jan25_3p3kV_300SA_p01_9_1_22740,nmdc:bsm-11-k2v6we66,60933_12_TOP,high
/home/bmeluch/NMDC/nom_processing/monet_nom_metadata/raw/60933_13_B_1_WEOM_r1_Mag_12Feb24_300SA_p01_16_1_15031,nmdc:bsm-11-syvfmf69,60933_13_BTM,high
/home/bmeluch/NMDC/nom_processing/monet_nom_metadata/raw/60933_13_B_1_WEOM_r2_Mag_12Feb24_300SA_p01_16_1_15155,nmdc:bsm-11-syvfmf69,60933_13_BTM,high
/home/bmeluch/NMDC/nom_processing/monet_nom_metadata/raw/60933_13_B_1_WEOM_r3_Mag_12Feb24_300SA_p01_16_1_15233,nmdc:bsm-11-syvfmf69,60933_13_BTM,high
/home/bmeluch/NMDC/nom_processing/monet_nom_metadata/raw/60933_13_B_2_WEOM_r1_Mag_12Feb24_300SA_p01_17_1_15072,nmdc:bsm-11-syvfmf69,60933_13_BTM,high
/home/bmeluch/NMDC/nom_processing/monet_nom_metadata/raw/60933_13_B_2_WEOM_r2_Mag_12Feb24_300SA_p01_17_1_15138,nmdc:bsm-11-syvfmf69,60933_13_BTM,high
/home/bmeluch/NMDC/nom_processing/monet_nom_metadata/raw/60933_13_B_2_WEOM_r3_Mag_12Feb24_300SA_p01_17_1_15215,nmdc:bsm-11-syvfmf69,60933_13_BTM,high
/home/bmeluch/NMDC/nom_processing/monet_nom_metadata/raw/60933_13_B_3_WEOM_r1_Mag_12Feb24_300SA_p01_18_1_15036,nmdc:bsm-11-syvfmf69,60933_13_BTM,high
/home/bmeluch/NMDC/nom_processing/monet_nom_metadata/raw/60933_13_B_3_WEOM_r2_Mag_12Feb24_300SA_p01_18_1_15133,nmdc:bsm-11-syvfmf69,60933_13_BTM,high
/home/bmeluch/NMDC/nom_processing/monet_nom_metadata/raw/60933_13_B_3_WEOM_r3_Mag_12Feb24_300SA_p01_18_1_15197,nmdc:bsm-11-syvfmf69,60933_13_BTM,high
/home/bmeluch/NMDC/nom_processing/monet_nom_metadata/raw/60933_13_BTM_1_MAOM_r1_Mag_13Jan25_3p3kV_300SA_p01_20_1_21794,nmdc:bsm-11-syvfmf69,60933_13_BTM,high
/home/bmeluch/NMDC/nom_processing/monet_nom_metadata/raw/60933_13_BTM_1_MAOM_r2_Mag_13Jan25_3p3kV_300SA_p01_20_1_21844,nmdc:bsm-11-syvfmf69,60933_13_BTM,high
/home/bmeluch/NMDC/nom_processing/monet_nom_metadata/raw/60933_13_BTM_1_MAOM_r3_Mag_13Jan25_3p3kV_300SA_p01_20_1_21914,nmdc:bsm-11-syvfmf69,60933_13_BTM,high
/home/bmeluch/NMDC/nom_processing/monet_nom_metadata/raw/60933_13_BTM_2_MAOM_r1_Mag_13Jan25_3p3kV_300SA_p01_21_1_21812,nmdc:bsm-11-syvfmf69,60933_13_BTM,high
/home/bmeluch/NMDC/nom_processing/monet_nom_metadata/raw/60933_13_BTM_2_MAOM_r2_Mag_13Jan25_3p3kV_300SA_p01_21_1_21884,nmdc:bsm-11-syvfmf69,60933_13_BTM,high
/home/bmeluch/NMDC/nom_processing/monet_nom_metadata/raw/60933_13_BTM_2_MAOM_r3_Mag_13Jan25_3p3kV_300SA_p01_21_1_21922,nmdc:bsm-11-syvfmf69,60933_13_BTM,high
/home/bmeluch/NMDC/nom_processing/monet_nom_metadata/raw/60933_13_BTM_3_MAOM_r1_Mag_13Jan25_3p3kV_300SA_p01_22_1_21811,nmdc:bsm-11-syvfmf69,60933_13_BTM,high
/home/bmeluch/NMDC/nom_processing/monet_nom_metadata/raw/60933_13_BTM_3_MAOM_r2_Mag_13Jan25_3p3kV_300SA_p01_22_1_21892,nmdc:bsm-11-syvfmf69,60933_13_BTM,high
/home/bmeluch/NMDC/nom_processing/monet_nom_metadata/raw/60933_13_BTM_3_MAOM_r3_Mag_13Jan25_3p3kV_300SA_p01_22_1_21937,nmdc:bsm-11-syvfmf69,60933_13_BTM,high
/home/bmeluch/NMDC/nom_processing/monet_nom_metadata/raw/60933_13_T_1_WEOM_r1_Mag_12Feb24_300SA_p01_13_1_15064,nmdc:bsm-11-q1qph338,60933_13_TOP,high
/home/bmeluch/NMDC/nom_processing/monet_nom_metadata/raw/60933_13_T_1_WEOM_r2_Mag_12Feb24_300SA_p01_13_1_15117,nmdc:bsm-11-q1qph338,60933_13_TOP,high
/home/bmeluch/NMDC/nom_processing/monet_nom_metadata/raw/60933_13_T_1_WEOM_r3_Mag_12Feb24_300SA_p01_13_1_15182,nmdc:bsm-11-q1qph338,60933_13_TOP,high
/home/bmeluch/NMDC/nom_processing/monet_nom_metadata/raw/60933_13_T_2_WEOM_r1_Mag_12Feb24_300SA_p01_14_1_15061,nmdc:bsm-11-q1qph338,60933_13_TOP,high
/home/bmeluch/NMDC/nom_processing/monet_nom_metadata/raw/60933_13_T_2_WEOM_r2_Mag_12Feb24_300SA_p01_14_1_15142,nmdc:bsm-11-q1qph338,60933_13_TOP,high
/home/bmeluch/NMDC/nom_processing/monet_nom_metadata/raw/60933_13_T_2_WEOM_r3_Mag_12Feb24_300SA_p01_14_1_15231,nmdc:bsm-11-q1qph338,60933_13_TOP,high
/home/bmeluch/NMDC/nom_processing/monet_nom_metadata/raw/60933_13_T_3_WEOM_r1_Mag_12Feb24_300SA_p01_15_1_15079,nmdc:bsm-11-q1qph338,60933_13_TOP,high
/home/bmeluch/NMDC/nom_processing/monet_nom_metadata/raw/60933_13_T_3_WEOM_r2_Mag_12Feb24_300SA_p01_15_1_15150,nmdc:bsm-11-q1qph338,60933_13_TOP,high
/home/bmeluch/NMDC/nom_processing/monet_nom_metadata/raw/60933_13_T_3_WEOM_r3_Mag_12Feb24_300SA_p01_15_1_15218,nmdc:bsm-11-q1qph338,60933_13_TOP,high
/home/bmeluch/NMDC/nom_processing/monet_nom_metadata/raw/60933_13_TOP_1_MAOM_r1_Mag_13Jan25_3p3kV_300SA_p01_17_1_21830,nmdc:bsm-11-q1qph338,60933_13_TOP,high
/home/bmeluch/NMDC/nom_processing/monet_nom_metadata/raw/60933_13_TOP_1_MAOM_r2_Mag_13Jan25_3p3kV_300SA_p01_17_1_21857,nmdc:bsm-11-q1qph338,60933_13_TOP,high
/home/bmeluch/NMDC/nom_processing/monet_nom_metadata/raw/60933_13_TOP_1_MAOM_r3_Mag_13Jan25_3p3kV_300SA_p01_17_1_21934,nmdc:bsm-11-q1qph338,60933_13_TOP,high
/home/bmeluch/NMDC/nom_processing/monet_nom_metadata/raw/60933_13_TOP_2_MAOM_r1_Mag_13Jan25_3p3kV_300SA_p01_18_1_21810,nmdc:bsm-11-q1qph338,60933_13_TOP,high
/home/bmeluch/NMDC/nom_processing/monet_nom_metadata/raw/60933_13_TOP_2_MAOM_r2_Mag_13Jan25_3p3kV_300SA_p01_18_1_21852,nmdc:bsm-11-q1qph338,60933_13_TOP,high
/home/bmeluch/NMDC/nom_processing/monet_nom_metadata/raw/60933_13_TOP_2_MAOM_r3_Mag_13Jan25_3p3kV_300SA_p01_18_1_21943,nmdc:bsm-11-q1qph338,60933_13_TOP,high
/home/bmeluch/NMDC/nom_processing/monet_nom_metadata/raw/60933_13_TOP_3_MAOM_r1_Mag_13Jan25_3p3kV_300SA_p01_19_1_21799,nmdc:bsm-11-q1qph338,60933_13_TOP,high
/home/bmeluch/NMDC/nom_processing/monet_nom_metadata/raw/60933_13_TOP_3_MAOM_r2_Mag_13Jan25_3p3kV_300SA_p01_19_1_21883,nmdc:bsm-11-q1qph338,60933_13_TOP,high
/home/bmeluch/NMDC/nom_processing/monet_nom_metadata/raw/60933_13_TOP_3_MAOM_r3_Mag_13Jan25_3p3kV_300SA_p01_19_1_21939,nmdc:bsm-11-q1qph338,60933_13_TOP,high
/home/bmeluch/NMDC/nom_processing/monet_nom_metadata/raw/60933_14_B_1_WEOM_r1_Mag_12Feb24_300SA_p01_22_1_15041,nmdc:bsm-11-vdrxw629,60933_14_BTM,high
/home/bmeluch/NMDC/nom_processing/monet_nom_metadata/raw/60933_14_B_1_WEOM_r2_Mag_12Feb24_300SA_p01_22_1_15128,nmdc:bsm-11-vdrxw629,60933_14_BTM,high
/home/bmeluch/NMDC/nom_processing/monet_nom_metadata/raw/60933_14_B_1_WEOM_r3_Mag_12Feb24_300SA_p01_22_1_15240,nmdc:bsm-11-vdrxw629,60933_14_BTM,high
/home/bmeluch/NMDC/nom_processing/monet_nom_metadata/raw/60933_14_B_2_WEOM_r1_Mag_12Feb24_300SA_p01_23_1_15076,nmdc:bsm-11-vdrxw629,60933_14_BTM,high
/home/bmeluch/NMDC/nom_processing/monet_nom_metadata/raw/60933_14_B_2_WEOM_r2_Mag_12Feb24_300SA_p01_23_1_15121,nmdc:bsm-11-vdrxw629,60933_14_BTM,high
/home/bmeluch/NMDC/nom_processing/monet_nom_metadata/raw/60933_14_B_2_WEOM_r3_Mag_12Feb24_300SA_p01_23_1_15212,nmdc:bsm-11-vdrxw629,60933_14_BTM,high
/home/bmeluch/NMDC/nom_processing/monet_nom_metadata/raw/60933_14_B_3_WEOM_r1_Mag_12Feb24_300SA_p01_24_1_15046,nmdc:bsm-11-vdrxw629,60933_14_BTM,high
/home/bmeluch/NMDC/nom_processing/monet_nom_metadata/raw/60933_14_B_3_WEOM_r2_Mag_12Feb24_300SA_p01_24_1_15143,nmdc:bsm-11-vdrxw629,60933_14_BTM,high
/home/bmeluch/NMDC/nom_processing/monet_nom_metadata/raw/60933_14_B_3_WEOM_r3_Mag_12Feb24_300SA_p01_24_1_15201,nmdc:bsm-11-vdrxw629,60933_14_BTM,high
/home/bmeluch/NMDC/nom_processing/monet_nom_metadata/raw/60933_14_BTM_1_MAOM_r1_Mag_13Jan25_3p3kV_300SA_p01_26_1_21786,nmdc:bsm-11-vdrxw629,60933_14_BTM,high
/home/bmeluch/NMDC/nom_processing/monet_nom_metadata/raw/60933_14_BTM_1_MAOM_r2_Mag_13Jan25_3p3kV_300SA_p01_26_1_21879,nmdc:bsm-11-vdrxw629,60933_14_BTM,high
/home/bmeluch/NMDC/nom_processing/monet_nom_metadata/raw/60933_14_BTM_1_MAOM_r3_Mag_13Jan25_3p3kV_300SA_p01_26_1_21954,nmdc:bsm-11-vdrxw629,60933_14_BTM,high
/home/bmeluch/NMDC/nom_processing/monet_nom_metadata/raw/60933_14_BTM_2_MAOM_r1_Mag_13Jan25_3p3kV_300SA_p01_27_1_21795,nmdc:bsm-11-vdrxw629,60933_14_BTM,high
/home/bmeluch/NMDC/nom_processing/monet_nom_metadata/raw/60933_14_BTM_2_MAOM_r2_Mag_13Jan25_3p3kV_300SA_p01_27_1_21866,nmdc:bsm-11-vdrxw629,60933_14_BTM,high
/home/bmeluch/NMDC/nom_processing/monet_nom_metadata/raw/60933_14_BTM_2_MAOM_r3_Mag_13Jan25_3p3kV_300SA_p01_27_1_21900,nmdc:bsm-11-vdrxw629,60933_14_BTM,high
/home/bmeluch/NMDC/nom_processing/monet_nom_metadata/raw/60933_14_BTM_3_MAOM_r1_Mag_13Jan25_3p3kV_300SA_p01_28_1_21834,nmdc:bsm-11-vdrxw629,60933_14_BTM,high
/home/bmeluch/NMDC/nom_processing/monet_nom_metadata/raw/60933_14_BTM_3_MAOM_r2_Mag_13Jan25_3p3kV_300SA_p01_28_1_21874,nmdc:bsm-11-vdrxw629,60933_14_BTM,high
/home/bmeluch/NMDC/nom_processing/monet_nom_metadata/raw/60933_14_BTM_3_MAOM_r3_Mag_13Jan25_3p3kV_300SA_p01_28_1_21945,nmdc:bsm-11-vdrxw629,60933_14_BTM,high
/home/bmeluch/NMDC/nom_processing/monet_nom_metadata/raw/60933_14_T_1_WEOM_r1_Mag_12Feb24_300SA_p01_19_1_15063,nmdc:bsm-11-27vjb865,60933_14_TOP,high
/home/bmeluch/NMDC/nom_processing/monet_nom_metadata/raw/60933_14_T_1_WEOM_r2_Mag_12Feb24_300SA_p01_19_1_15154,nmdc:bsm-11-27vjb865,60933_14_TOP,high
/home/bmeluch/NMDC/nom_processing/monet_nom_metadata/raw/60933_14_T_1_WEOM_r3_Mag_12Feb24_300SA_p01_19_1_15214,nmdc:bsm-11-27vjb865,60933_14_TOP,high
/home/bmeluch/NMDC/nom_processing/monet_nom_metadata/raw/60933_14_T_2_WEOM_r1_Mag_12Feb24_300SA_p01_20_1_15083,nmdc:bsm-11-27vjb865,60933_14_TOP,high
/home/bmeluch/NMDC/nom_processing/monet_nom_metadata/raw/60933_14_T_2_WEOM_r2_Mag_12Feb24_300SA_p01_20_1_15134,nmdc:bsm-11-27vjb865,60933_14_TOP,high
/home/bmeluch/NMDC/nom_processing/monet_nom_metadata/raw/60933_14_T_2_WEOM_r3_Mag_12Feb24_300SA_p01_20_1_15207,nmdc:bsm-11-27vjb865,60933_14_TOP,high
/home/bmeluch/NMDC/nom_processing/monet_nom_metadata/raw/60933_14_T_3_WEOM_r1_Mag_12Feb24_300SA_p01_21_1_15084,nmdc:bsm-11-27vjb865,60933_14_TOP,high
/home/bmeluch/NMDC/nom_processing/monet_nom_metadata/raw/60933_14_T_3_WEOM_r2_Mag_12Feb24_300SA_p01_21_1_15151,nmdc:bsm-11-27vjb865,60933_14_TOP,high
/home/bmeluch/NMDC/nom_processing/monet_nom_metadata/raw/60933_14_T_3_WEOM_r3_Mag_12Feb24_300SA_p01_21_1_15172,nmdc:bsm-11-27vjb865,60933_14_TOP,high
/home/bmeluch/NMDC/nom_processing/monet_nom_metadata/raw/60933_14_TOP_1_MAOM_r1_Mag_13Jan25_3p3kV_300SA_p01_23_1_21826,nmdc:bsm-11-27vjb865,60933_14_TOP,high
/home/bmeluch/NMDC/nom_processing/monet_nom_metadata/raw/60933_14_TOP_1_MAOM_r2_Mag_13Jan25_3p3kV_300SA_p01_23_1_21840,nmdc:bsm-11-27vjb865,60933_14_TOP,high
/home/bmeluch/NMDC/nom_processing/monet_nom_metadata/raw/60933_14_TOP_1_MAOM_r3_Mag_13Jan25_3p3kV_300SA_p01_23_1_21903,nmdc:bsm-11-27vjb865,60933_14_TOP,high
/home/bmeluch/NMDC/nom_processing/monet_nom_metadata/raw/60933_14_TOP_2_MAOM_r1_Mag_13Jan25_3p3kV_300SA_p01_24_1_21821,nmdc:bsm-11-27vjb865,60933_14_TOP,high
/home/bmeluch/NMDC/nom_processing/monet_nom_metadata/raw/60933_14_TOP_2_MAOM_r2_Mag_13Jan25_3p3kV_300SA_p01_24_1_21860,nmdc:bsm-11-27vjb865,60933_14_TOP,high
/home/bmeluch/NMDC/nom_processing/monet_nom_metadata/raw/60933_14_TOP_2_MAOM_r3_Mag_13Jan25_3p3kV_300SA_p01_24_1_21901,nmdc:bsm-11-27vjb865,60933_14_TOP,high
/home/bmeluch/NMDC/nom_processing/monet_nom_metadata/raw/60933_14_TOP_3_MAOM_r1_Mag_13Jan25_3p3kV_300SA_p01_25_1_21806,nmdc:bsm-11-27vjb865,60933_14_TOP,high
/home/bmeluch/NMDC/nom_processing/monet_nom_metadata/raw/60933_14_TOP_3_MAOM_r2_Mag_13Jan25_3p3kV_300SA_p01_25_1_21838,nmdc:bsm-11-27vjb865,60933_14_TOP,high
/home/bmeluch/NMDC/nom_processing/monet_nom_metadata/raw/60933_14_TOP_3_MAOM_r3_Mag_13Jan25_3p3kV_300SA_p01_25_1_21941,nmdc:bsm-11-27vjb865,60933_14_TOP,high
/home/bmeluch/NMDC/nom_processing/monet_nom_metadata/raw/60933_15_B_1_WEOM_r1_Mag_12Feb24_300SA_p01_28_1_15086,nmdc:bsm-11-jf2ajs16,60933_15_BTM,high
/home/bmeluch/NMDC/nom_processing/monet_nom_metadata/raw/60933_15_B_1_WEOM_r2_Mag_12Feb24_300SA_p01_28_1_15119,nmdc:bsm-11-jf2ajs16,60933_15_BTM,high
/home/bmeluch/NMDC/nom_processing/monet_nom_metadata/raw/60933_15_B_1_WEOM_r3_Mag_12Feb24_300SA_p01_28_1_15190,nmdc:bsm-11-jf2ajs16,60933_15_BTM,high
/home/bmeluch/NMDC/nom_processing/monet_nom_metadata/raw/60933_15_B_2_WEOM_r1_Mag_12Feb24_300SA_p01_29_1_15034,nmdc:bsm-11-jf2ajs16,60933_15_BTM,high
/home/bmeluch/NMDC/nom_processing/monet_nom_metadata/raw/60933_15_B_2_WEOM_r2_Mag_12Feb24_300SA_p01_29_1_15166,nmdc:bsm-11-jf2ajs16,60933_15_BTM,high
/home/bmeluch/NMDC/nom_processing/monet_nom_metadata/raw/60933_15_B_2_WEOM_r3_Mag_12Feb24_300SA_p01_29_1_15237,nmdc:bsm-11-jf2ajs16,60933_15_BTM,high
/home/bmeluch/NMDC/nom_processing/monet_nom_metadata/raw/60933_15_B_3_WEOM_r1_Mag_12Feb24_300SA_p01_30_1_15043,nmdc:bsm-11-jf2ajs16,60933_15_BTM,high
/home/bmeluch/NMDC/nom_processing/monet_nom_metadata/raw/60933_15_B_3_WEOM_r2_Mag_12Feb24_300SA_p01_30_1_15145,nmdc:bsm-11-jf2ajs16,60933_15_BTM,high
/home/bmeluch/NMDC/nom_processing/monet_nom_metadata/raw/60933_15_B_3_WEOM_r3_Mag_12Feb24_300SA_p01_30_1_15230,nmdc:bsm-11-jf2ajs16,60933_15_BTM,high
/home/bmeluch/NMDC/nom_processing/monet_nom_metadata/raw/60933_15_BTM_1_MAOM_r1_Mag_13Jan25_3p3kV_300SA_p01_32_1_21781,nmdc:bsm-11-jf2ajs16,60933_15_BTM,high
/home/bmeluch/NMDC/nom_processing/monet_nom_metadata/raw/60933_15_BTM_1_MAOM_r2_Mag_13Jan25_3p3kV_300SA_p01_32_1_21867,nmdc:bsm-11-jf2ajs16,60933_15_BTM,high
/home/bmeluch/NMDC/nom_processing/monet_nom_metadata/raw/60933_15_BTM_1_MAOM_r3_Mag_13Jan25_3p3kV_300SA_p01_32_1_21913,nmdc:bsm-11-jf2ajs16,60933_15_BTM,high
/home/bmeluch/NMDC/nom_processing/monet_nom_metadata/raw/60933_15_BTM_2_MAOM_r1_Mag_13Jan25_3p3kV_300SA_p01_33_1_21835,nmdc:bsm-11-jf2ajs16,60933_15_BTM,high
/home/bmeluch/NMDC/nom_processing/monet_nom_metadata/raw/60933_15_BTM_2_MAOM_r2_Mag_13Jan25_3p3kV_300SA_p01_33_1_21846,nmdc:bsm-11-jf2ajs16,60933_15_BTM,high
/home/bmeluch/NMDC/nom_processing/monet_nom_metadata/raw/60933_15_BTM_2_MAOM_r3_Mag_13Jan25_3p3kV_300SA_p01_33_1_21957,nmdc:bsm-11-jf2ajs16,60933_15_BTM,high
/home/bmeluch/NMDC/nom_processing/monet_nom_metadata/raw/60933_15_BTM_3_MAOM_r1_Mag_13Jan25_3p3kV_300SA_p01_34_1_21816,nmdc:bsm-11-jf2ajs16,60933_15_BTM,high
/home/bmeluch/NMDC/nom_processing/monet_nom_metadata/raw/60933_15_BTM_3_MAOM_r2_Mag_13Jan25_3p3kV_300SA_p01_34_1_21845,nmdc:bsm-11-jf2ajs16,60933_15_BTM,high
/home/bmeluch/NMDC/nom_processing/monet_nom_metadata/raw/60933_15_BTM_3_MAOM_r3_Mag_13Jan25_3p3kV_300SA_p01_34_1_21923,nmdc:bsm-11-jf2ajs16,60933_15_BTM,high
/home/bmeluch/NMDC/nom_processing/monet_nom_metadata/raw/60933_15_T_1_WEOM_r1_Mag_12Feb24_300SA_p01_25_1_15065,nmdc:bsm-11-x0f7km04,60933_15_TOP,high
/home/bmeluch/NMDC/nom_processing/monet_nom_metadata/raw/60933_15_T_1_WEOM_r2_Mag_12Feb24_300SA_p01_25_1_15100,nmdc:bsm-11-x0f7km04,60933_15_TOP,high
/home/bmeluch/NMDC/nom_processing/monet_nom_metadata/raw/60933_15_T_1_WEOM_r3_Mag_12Feb24_300SA_p01_25_1_15221,nmdc:bsm-11-x0f7km04,60933_15_TOP,high
/home/bmeluch/NMDC/nom_processing/monet_nom_metadata/raw/60933_15_T_2_WEOM_r1_Mag_12Feb24_300SA_p01_26_1_15053,nmdc:bsm-11-x0f7km04,60933_15_TOP,high
/home/bmeluch/NMDC/nom_processing/monet_nom_metadata/raw/60933_15_T_2_WEOM_r2_Mag_12Feb24_300SA_p01_26_1_15168,nmdc:bsm-11-x0f7km04,60933_15_TOP,high
/home/bmeluch/NMDC/nom_processing/monet_nom_metadata/raw/60933_15_T_2_WEOM_r3_Mag_12Feb24_300SA_p01_26_1_15187,nmdc:bsm-11-x0f7km04,60933_15_TOP,high
/home/bmeluch/NMDC/nom_processing/monet_nom_metadata/raw/60933_15_T_3_WEOM_r1_Mag_12Feb24_300SA_p01_27_1_15055,nmdc:bsm-11-x0f7km04,60933_15_TOP,high
/home/bmeluch/NMDC/nom_processing/monet_nom_metadata/raw/60933_15_T_3_WEOM_r2_Mag_12Feb24_300SA_p01_27_1_15153,nmdc:bsm-11-x0f7km04,60933_15_TOP,high
/home/bmeluch/NMDC/nom_processing/monet_nom_metadata/raw/60933_15_T_3_WEOM_r3_Mag_12Feb24_300SA_p01_27_1_15219,nmdc:bsm-11-x0f7km04,60933_15_TOP,high
/home/bmeluch/NMDC/nom_processing/monet_nom_metadata/raw/60933_15_TOP_1_MAOM_r1_Mag_13Jan25_3p3kV_300SA_p01_29_1_21789,nmdc:bsm-11-x0f7km04,60933_15_TOP,high
/home/bmeluch/NMDC/nom_processing/monet_nom_metadata/raw/60933_15_TOP_1_MAOM_r2_Mag_13Jan25_3p3kV_300SA_p01_29_1_21888,nmdc:bsm-11-x0f7km04,60933_15_TOP,high
/home/bmeluch/NMDC/nom_processing/monet_nom_metadata/raw/60933_15_TOP_1_MAOM_r3_Mag_13Jan25_3p3kV_300SA_p01_29_1_21935,nmdc:bsm-11-x0f7km04,60933_15_TOP,high
/home/bmeluch/NMDC/nom_processing/monet_nom_metadata/raw/60933_15_TOP_2_MAOM_r1_Mag_13Jan25_3p3kV_300SA_p01_30_1_21805,nmdc:bsm-11-x0f7km04,60933_15_TOP,high
/home/bmeluch/NMDC/nom_processing/monet_nom_metadata/raw/60933_15_TOP_2_MAOM_r2_Mag_13Jan25_3p3kV_300SA_p01_30_1_21861,nmdc:bsm-11-x0f7km04,60933_15_TOP,high
/home/bmeluch/NMDC/nom_processing/monet_nom_metadata/raw/60933_15_TOP_2_MAOM_r3_Mag_13Jan25_3p3kV_300SA_p01_30_1_21916,nmdc:bsm-11-x0f7km04,60933_15_TOP,high
/home/bmeluch/NMDC/nom_processing/monet_nom_metadata/raw/60933_15_TOP_3_MAOM_r1_Mag_13Jan25_3p3kV_300SA_p01_31_1_21827,nmdc:bsm-11-x0f7km04,60933_15_TOP,high
/home/bmeluch/NMDC/nom_processing/monet_nom_metadata/raw/60933_15_TOP_3_MAOM_r2_Mag_13Jan25_3p3kV_300SA_p01_31_1_21858,nmdc:bsm-11-x0f7km04,60933_15_TOP,high
/home/bmeluch/NMDC/nom_processing/monet_nom_metadata/raw/60933_15_TOP_3_MAOM_r3_Mag_13Jan25_3p3kV_300SA_p01_31_1_21947,nmdc:bsm-11-x0f7km04,60933_15_TOP,high
/home/bmeluch/NMDC/nom_processing/monet_nom_metadata/raw/60933_16_B_1_WEOM_r1_Mag_12Feb24_300SA_p01_34_1_15097,nmdc:bsm-11-apzept82,60933_16_BTM,high
/home/bmeluch/NMDC/nom_processing/monet_nom_metadata/raw/60933_16_B_1_WEOM_r2_Mag_12Feb24_300SA_p01_34_1_15161,nmdc:bsm-11-apzept82,60933_16_BTM,high
/home/bmeluch/NMDC/nom_processing/monet_nom_metadata/raw/60933_16_B_1_WEOM_r3_Mag_12Feb24_300SA_p01_34_1_15177,nmdc:bsm-11-apzept82,60933_16_BTM,high
/home/bmeluch/NMDC/nom_processing/monet_nom_metadata/raw/60933_16_B_2_WEOM_r1_Mag_12Feb24_300SA_p01_35_1_15067,nmdc:bsm-11-apzept82,60933_16_BTM,high
/home/bmeluch/NMDC/nom_processing/monet_nom_metadata/raw/60933_16_B_2_WEOM_r2_Mag_12Feb24_300SA_p01_35_1_15107,nmdc:bsm-11-apzept82,60933_16_BTM,high
/home/bmeluch/NMDC/nom_processing/monet_nom_metadata/raw/60933_16_B_2_WEOM_r3_Mag_12Feb24_300SA_p01_35_1_15206,nmdc:bsm-11-apzept82,60933_16_BTM,high
/home/bmeluch/NMDC/nom_processing/monet_nom_metadata/raw/60933_16_B_3_WEOM_r1_Mag_12Feb24_300SA_p01_36_1_15098,nmdc:bsm-11-apzept82,60933_16_BTM,high
/home/bmeluch/NMDC/nom_processing/monet_nom_metadata/raw/60933_16_B_3_WEOM_r2_Mag_12Feb24_300SA_p01_36_1_15101,nmdc:bsm-11-apzept82,60933_16_BTM,high
/home/bmeluch/NMDC/nom_processing/monet_nom_metadata/raw/60933_16_B_3_WEOM_r3_Mag_12Feb24_300SA_p01_36_1_15194,nmdc:bsm-11-apzept82,60933_16_BTM,high
/home/bmeluch/NMDC/nom_processing/monet_nom_metadata/raw/60933_16_BTM_2_MAOM_r1_Mag_13Jan25_3p3kV_300SA_p01_38_1_21808,nmdc:bsm-11-apzept82,60933_16_BTM,high
/home/bmeluch/NMDC/nom_processing/monet_nom_metadata/raw/60933_16_BTM_2_MAOM_r2_Mag_13Jan25_3p3kV_300SA_p01_38_1_21869,nmdc:bsm-11-apzept82,60933_16_BTM,high
/home/bmeluch/NMDC/nom_processing/monet_nom_metadata/raw/60933_16_BTM_2_MAOM_r3_Mag_13Jan25_3p3kV_300SA_p01_38_1_21925,nmdc:bsm-11-apzept82,60933_16_BTM,high
/home/bmeluch/NMDC/nom_processing/monet_nom_metadata/raw/60933_16_BTM_3_MAOM_r1_Mag_13Jan25_3p3kV_300SA_p01_39_1_21833,nmdc:bsm-11-apzept82,60933_16_BTM,high
/home/bmeluch/NMDC/nom_processing/monet_nom_metadata/raw/60933_16_BTM_3_MAOM_r2_Mag_13Jan25_3p3kV_300SA_p01_39_1_21897,nmdc:bsm-11-apzept82,60933_16_BTM,high
/home/bmeluch/NMDC/nom_processing/monet_nom_metadata/raw/60933_16_BTM_3_MAOM_r3_Mag_13Jan25_3p3kV_300SA_p01_39_1_21909,nmdc:bsm-11-apzept82,60933_16_BTM,high
/home/bmeluch/NMDC/nom_processing/monet_nom_metadata/raw/60933_16_T_1_WEOM_r1_Mag_12Feb24_300SA_p01_31_1_15094,nmdc:bsm-11-xdnfxa02,60933_16_TOP,high
/home/bmeluch/NMDC/nom_processing/monet_nom_metadata/raw/60933_16_T_1_WEOM_r2_Mag_12Feb24_300SA_p01_31_1_15109,nmdc:bsm-11-xdnfxa02,60933_16_TOP,high
/home/bmeluch/NMDC/nom_processing/monet_nom_metadata/raw/60933_16_T_1_WEOM_r3_Mag_12Feb24_300SA_p01_31_1_15223,nmdc:bsm-11-xdnfxa02,60933_16_TOP,high
/home/bmeluch/NMDC/nom_processing/monet_nom_metadata/raw/60933_16_T_2_WEOM_r1_Mag_12Feb24_300SA_p01_32_1_15077,nmdc:bsm-11-xdnfxa02,60933_16_TOP,high
/home/bmeluch/NMDC/nom_processing/monet_nom_metadata/raw/60933_16_T_2_WEOM_r2_Mag_12Feb24_300SA_p01_32_1_15132,nmdc:bsm-11-xdnfxa02,60933_16_TOP,high
/home/bmeluch/NMDC/nom_processing/monet_nom_metadata/raw/60933_16_T_2_WEOM_r3_Mag_12Feb24_300SA_p01_32_1_15217,nmdc:bsm-11-xdnfxa02,60933_16_TOP,high
/home/bmeluch/NMDC/nom_processing/monet_nom_metadata/raw/60933_16_T_3_WEOM_r1_Mag_12Feb24_300SA_p01_33_1_15052,nmdc:bsm-11-xdnfxa02,60933_16_TOP,high
/home/bmeluch/NMDC/nom_processing/monet_nom_metadata/raw/60933_16_T_3_WEOM_r2_Mag_12Feb24_300SA_p01_33_1_15140,nmdc:bsm-11-xdnfxa02,60933_16_TOP,high
/home/bmeluch/NMDC/nom_processing/monet_nom_metadata/raw/60933_16_T_3_WEOM_r3_Mag_12Feb24_300SA_p01_33_1_15171,nmdc:bsm-11-xdnfxa02,60933_16_TOP,high
/home/bmeluch/NMDC/nom_processing/monet_nom_metadata/raw/60933_16_TOP_1_MAOM_r1_Mag_13Jan25_3p3kV_300SA_p01_35_1_21783,nmdc:bsm-11-xdnfxa02,60933_16_TOP,high
/home/bmeluch/NMDC/nom_processing/monet_nom_metadata/raw/60933_16_TOP_1_MAOM_r2_Mag_13Jan25_3p3kV_300SA_p01_35_1_21849,nmdc:bsm-11-xdnfxa02,60933_16_TOP,high
/home/bmeluch/NMDC/nom_processing/monet_nom_metadata/raw/60933_16_TOP_1_MAOM_r3_Mag_13Jan25_3p3kV_300SA_p01_35_1_21924,nmdc:bsm-11-xdnfxa02,60933_16_TOP,high
/home/bmeluch/NMDC/nom_processing/monet_nom_metadata/raw/60933_16_TOP_2_MAOM_r1_Mag_13Jan25_3p3kV_300SA_p01_36_1_21813,nmdc:bsm-11-xdnfxa02,60933_16_TOP,high
/home/bmeluch/NMDC/nom_processing/monet_nom_metadata/raw/60933_16_TOP_2_MAOM_r2_Mag_13Jan25_3p3kV_300SA_p01_36_1_21839,nmdc:bsm-11-xdnfxa02,60933_16_TOP,high
/home/bmeluch/NMDC/nom_processing/monet_nom_metadata/raw/60933_16_TOP_2_MAOM_r3_Mag_13Jan25_3p3kV_300SA_p01_36_1_21927,nmdc:bsm-11-xdnfxa02,60933_16_TOP,high
/home/bmeluch/NMDC/nom_processing/monet_nom_metadata/raw/60933_16_TOP_3_MAOM_r1_Mag_13Jan25_3p3kV_300SA_p01_37_1_21823,nmdc:bsm-11-xdnfxa02,60933_16_TOP,high
/home/bmeluch/NMDC/nom_processing/monet_nom_metadata/raw/60933_16_TOP_3_MAOM_r2_Mag_13Jan25_3p3kV_300SA_p01_37_1_21890,nmdc:bsm-11-xdnfxa02,60933_16_TOP,high
/home/bmeluch/NMDC/nom_processing/monet_nom_metadata/raw/60933_16_TOP_3_MAOM_r3_Mag_13Jan25_3p3kV_300SA_p01_37_1_21958,nmdc:bsm-11-xdnfxa02,60933_16_TOP,high
/home/bmeluch/NMDC/nom_processing/monet_nom_metadata/raw/60933_17_B_1_WEOM_r1_Mag_12Feb24_300SA_p01_40_1_15028,nmdc:bsm-11-fkyzkq80,60933_17_BTM,high
/home/bmeluch/NMDC/nom_processing/monet_nom_metadata/raw/60933_17_B_1_WEOM_r2_Mag_12Feb24_300SA_p01_40_1_15124,nmdc:bsm-11-fkyzkq80,60933_17_BTM,high
/home/bmeluch/NMDC/nom_processing/monet_nom_metadata/raw/60933_17_B_1_WEOM_r3_Mag_12Feb24_300SA_p01_40_1_15205,nmdc:bsm-11-fkyzkq80,60933_17_BTM,high
/home/bmeluch/NMDC/nom_processing/monet_nom_metadata/raw/60933_17_B_2_WEOM_r1_Mag_12Feb24_300SA_p01_41_1_15039,nmdc:bsm-11-fkyzkq80,60933_17_BTM,high
/home/bmeluch/NMDC/nom_processing/monet_nom_metadata/raw/60933_17_B_2_WEOM_r2_Mag_12Feb24_300SA_p01_41_1_15160,nmdc:bsm-11-fkyzkq80,60933_17_BTM,high
/home/bmeluch/NMDC/nom_processing/monet_nom_metadata/raw/60933_17_B_2_WEOM_r3_Mag_12Feb24_300SA_p01_41_1_15193,nmdc:bsm-11-fkyzkq80,60933_17_BTM,high
/home/bmeluch/NMDC/nom_processing/monet_nom_metadata/raw/60933_17_B_3_WEOM_r1_Mag_12Feb24_300SA_p01_42_1_15056,nmdc:bsm-11-fkyzkq80,60933_17_BTM,high
/home/bmeluch/NMDC/nom_processing/monet_nom_metadata/raw/60933_17_B_3_WEOM_r2_Mag_12Feb24_300SA_p01_42_1_15130,nmdc:bsm-11-fkyzkq80,60933_17_BTM,high
/home/bmeluch/NMDC/nom_processing/monet_nom_metadata/raw/60933_17_B_3_WEOM_r3_Mag_12Feb24_300SA_p01_42_1_15216,nmdc:bsm-11-fkyzkq80,60933_17_BTM,high
/home/bmeluch/NMDC/nom_processing/monet_nom_metadata/raw/60933_17_BTM_1_MAOM_r1_Mag_13Jan25_3p3kV_300SA_p01_43_1_21796,nmdc:bsm-11-fkyzkq80,60933_17_BTM,high
/home/bmeluch/NMDC/nom_processing/monet_nom_metadata/raw/60933_17_BTM_1_MAOM_r2_Mag_13Jan25_3p3kV_300SA_p01_43_1_21889,nmdc:bsm-11-fkyzkq80,60933_17_BTM,high
/home/bmeluch/NMDC/nom_processing/monet_nom_metadata/raw/60933_17_BTM_1_MAOM_r3_Mag_13Jan25_3p3kV_300SA_p01_43_1_21956,nmdc:bsm-11-fkyzkq80,60933_17_BTM,high
/home/bmeluch/NMDC/nom_processing/monet_nom_metadata/raw/60933_17_BTM_2_MAOM_r1_Mag_13Jan25_3p3kV_300SA_p01_44_1_21800,nmdc:bsm-11-fkyzkq80,60933_17_BTM,high
/home/bmeluch/NMDC/nom_processing/monet_nom_metadata/raw/60933_17_BTM_2_MAOM_r2_Mag_13Jan25_3p3kV_300SA_p01_44_1_21893,nmdc:bsm-11-fkyzkq80,60933_17_BTM,high
/home/bmeluch/NMDC/nom_processing/monet_nom_metadata/raw/60933_17_BTM_2_MAOM_r3_Mag_13Jan25_3p3kV_300SA_p01_44_1_21904,nmdc:bsm-11-fkyzkq80,60933_17_BTM,high
/home/bmeluch/NMDC/nom_processing/monet_nom_metadata/raw/60933_17_BTM_3_MAOM_r1_Mag_13Jan25_3p3kV_300SA_p01_45_1_21802,nmdc:bsm-11-fkyzkq80,60933_17_BTM,high
/home/bmeluch/NMDC/nom_processing/monet_nom_metadata/raw/60933_17_BTM_3_MAOM_r2_Mag_13Jan25_3p3kV_300SA_p01_45_1_21862,nmdc:bsm-11-fkyzkq80,60933_17_BTM,high
/home/bmeluch/NMDC/nom_processing/monet_nom_metadata/raw/60933_17_BTM_3_MAOM_r3_Mag_13Jan25_3p3kV_300SA_p01_45_1_21948,nmdc:bsm-11-fkyzkq80,60933_17_BTM,high
/home/bmeluch/NMDC/nom_processing/monet_nom_metadata/raw/60933_17_T_1_WEOM_r1_Mag_12Feb24_300SA_p01_37_1_15044,nmdc:bsm-11-951zby59,60933_17_TOP,high
/home/bmeluch/NMDC/nom_processing/monet_nom_metadata/raw/60933_17_T_1_WEOM_r2_Mag_12Feb24_300SA_p01_37_1_15144,nmdc:bsm-11-951zby59,60933_17_TOP,high
/home/bmeluch/NMDC/nom_processing/monet_nom_metadata/raw/60933_17_T_1_WEOM_r3_Mag_12Feb24_300SA_p01_37_1_15186,nmdc:bsm-11-951zby59,60933_17_TOP,high
/home/bmeluch/NMDC/nom_processing/monet_nom_metadata/raw/60933_17_T_2_WEOM_r1_Mag_12Feb24_300SA_p01_38_1_15047,nmdc:bsm-11-951zby59,60933_17_TOP,high
/home/bmeluch/NMDC/nom_processing/monet_nom_metadata/raw/60933_17_T_2_WEOM_r2_Mag_12Feb24_300SA_p01_38_1_15111,nmdc:bsm-11-951zby59,60933_17_TOP,high
/home/bmeluch/NMDC/nom_processing/monet_nom_metadata/raw/60933_17_T_2_WEOM_r3_Mag_12Feb24_300SA_p01_38_1_15191,nmdc:bsm-11-951zby59,60933_17_TOP,high
/home/bmeluch/NMDC/nom_processing/monet_nom_metadata/raw/60933_17_T_3_WEOM_r1_Mag_12Feb24_300SA_p01_39_1_15035,nmdc:bsm-11-951zby59,60933_17_TOP,high
/home/bmeluch/NMDC/nom_processing/monet_nom_metadata/raw/60933_17_T_3_WEOM_r2_Mag_12Feb24_300SA_p01_39_1_15164,nmdc:bsm-11-951zby59,60933_17_TOP,high
/home/bmeluch/NMDC/nom_processing/monet_nom_metadata/raw/60933_17_T_3_WEOM_r3_Mag_12Feb24_300SA_p01_39_1_15213,nmdc:bsm-11-951zby59,60933_17_TOP,high
/home/bmeluch/NMDC/nom_processing/monet_nom_metadata/raw/60933_17_TOP_1_MAOM_r1_Mag_31Jan25_3p3kV_300SA_p01_40_1_22724,nmdc:bsm-11-951zby59,60933_17_TOP,high
/home/bmeluch/NMDC/nom_processing/monet_nom_metadata/raw/60933_17_TOP_1_MAOM_r2_Mag_31Jan25_3p3kV_300SA_p01_40_1_22731,nmdc:bsm-11-951zby59,60933_17_TOP,high
/home/bmeluch/NMDC/nom_processing/monet_nom_metadata/raw/60933_17_TOP_1_MAOM_r3_Mag_31Jan25_3p3kV_300SA_p01_40_1_22737,nmdc:bsm-11-951zby59,60933_17_TOP,high
/home/bmeluch/NMDC/nom_processing/monet_nom_metadata/raw/60933_17_TOP_2_MAOM_r2_Mag_31Jan25_3p3kV_300SA_p01_41_1_22735,nmdc:bsm-11-951zby59,60933_17_TOP,high
/home/bmeluch/NMDC/nom_processing/monet_nom_metadata/raw/60933_17_TOP_2_MAOM_r3_Mag_31Jan25_3p3kV_300SA_p01_41_1_22741,nmdc:bsm-11-951zby59,60933_17_TOP,high
/home/bmeluch/NMDC/nom_processing/monet_nom_metadata/raw/60933_17_TOP_3_MAOM_r1_Mag_31Jan25_3p3kV_300SA_p01_42_1_22729,nmdc:bsm-11-951zby59,60933_17_TOP,high
/home/bmeluch/NMDC/nom_processing/monet_nom_metadata/raw/60933_17_TOP_3_MAOM_r2_Mag_31Jan25_3p3kV_300SA_p01_42_1_22732,nmdc:bsm-11-951zby59,60933_17_TOP,high
/home/bmeluch/NMDC/nom_processing/monet_nom_metadata/raw/60933_17_TOP_3_MAOM_r3_Mag_31Jan25_3p3kV_300SA_p01_42_1_22739,nmdc:bsm-11-951zby59,60933_17_TOP,high
/home/bmeluch/NMDC/nom_processing/monet_nom_metadata/raw/60933_18_B_1_WEOM_r1_Mag_12Feb24_300SA_p01_46_1_15042,nmdc:bsm-11-jedmbg95,60933_18_BTM,high
/home/bmeluch/NMDC/nom_processing/monet_nom_metadata/raw/60933_18_B_1_WEOM_r2_Mag_12Feb24_300SA_p01_46_1_15106,nmdc:bsm-11-jedmbg95,60933_18_BTM,high
/home/bmeluch/NMDC/nom_processing/monet_nom_metadata/raw/60933_18_B_1_WEOM_r3_Mag_12Feb24_300SA_p01_46_1_15183,nmdc:bsm-11-jedmbg95,60933_18_BTM,high
/home/bmeluch/NMDC/nom_processing/monet_nom_metadata/raw/60933_18_B_2_WEOM_r1_Mag_12Feb24_300SA_p01_47_1_15051,nmdc:bsm-11-jedmbg95,60933_18_BTM,high
/home/bmeluch/NMDC/nom_processing/monet_nom_metadata/raw/60933_18_B_2_WEOM_r2_Mag_12Feb24_300SA_p01_47_1_15129,nmdc:bsm-11-jedmbg95,60933_18_BTM,high
/home/bmeluch/NMDC/nom_processing/monet_nom_metadata/raw/60933_18_B_2_WEOM_r3_Mag_12Feb24_300SA_p01_47_1_15175,nmdc:bsm-11-jedmbg95,60933_18_BTM,high
/home/bmeluch/NMDC/nom_processing/monet_nom_metadata/raw/60933_18_B_3_WEOM_r1_Mag_12Feb24_300SA_p01_48_1_15088,nmdc:bsm-11-jedmbg95,60933_18_BTM,high
/home/bmeluch/NMDC/nom_processing/monet_nom_metadata/raw/60933_18_B_3_WEOM_r2_Mag_12Feb24_300SA_p01_48_1_15139,nmdc:bsm-11-jedmbg95,60933_18_BTM,high
/home/bmeluch/NMDC/nom_processing/monet_nom_metadata/raw/60933_18_B_3_WEOM_r3_Mag_12Feb24_300SA_p01_48_1_15199,nmdc:bsm-11-jedmbg95,60933_18_BTM,high
/home/bmeluch/NMDC/nom_processing/monet_nom_metadata/raw/60933_18_BTM_1_MAOM_r1_Mag_29Jan25_3p3kV_300SA_p01_4_1_22575,nmdc:bsm-11-jedmbg95,60933_18_BTM,high
/home/bmeluch/NMDC/nom_processing/monet_nom_metadata/raw/60933_18_BTM_1_MAOM_r2_Mag_29Jan25_3p3kV_300SA_p01_4_1_22652,nmdc:bsm-11-jedmbg95,60933_18_BTM,high
/home/bmeluch/NMDC/nom_processing/monet_nom_metadata/raw/60933_18_BTM_1_MAOM_r3_Mag_29Jan25_3p3kV_300SA_p01_4_1_22693,nmdc:bsm-11-jedmbg95,60933_18_BTM,high
/home/bmeluch/NMDC/nom_processing/monet_nom_metadata/raw/60933_18_BTM_2_MAOM_r1_Mag_29Jan25_3p3kV_300SA_p01_5_1_22602,nmdc:bsm-11-jedmbg95,60933_18_BTM,high
/home/bmeluch/NMDC/nom_processing/monet_nom_metadata/raw/60933_18_BTM_2_MAOM_r2_Mag_29Jan25_3p3kV_300SA_p01_5_1_22639,nmdc:bsm-11-jedmbg95,60933_18_BTM,high
/home/bmeluch/NMDC/nom_processing/monet_nom_metadata/raw/60933_18_BTM_2_MAOM_r3_Mag_29Jan25_3p3kV_300SA_p01_5_1_22674,nmdc:bsm-11-jedmbg95,60933_18_BTM,high
/home/bmeluch/NMDC/nom_processing/monet_nom_metadata/raw/60933_18_BTM_3_MAOM_r1_Mag_29Jan25_3p3kV_300SA_p01_6_1_22570,nmdc:bsm-11-jedmbg95,60933_18_BTM,high
/home/bmeluch/NMDC/nom_processing/monet_nom_metadata/raw/60933_18_BTM_3_MAOM_r2_Mag_29Jan25_3p3kV_300SA_p01_6_1_22655,nmdc:bsm-11-jedmbg95,60933_18_BTM,high
/home/bmeluch/NMDC/nom_processing/monet_nom_metadata/raw/60933_18_BTM_3_MAOM_r3_Mag_29Jan25_3p3kV_300SA_p01_6_1_22665,nmdc:bsm-11-jedmbg95,60933_18_BTM,high
/home/bmeluch/NMDC/nom_processing/monet_nom_metadata/raw/60933_18_T_1_WEOM_r1_Mag_12Feb24_300SA_p01_43_1_15073,nmdc:bsm-11-35y2vd49,60933_18_TOP,high
/home/bmeluch/NMDC/nom_processing/monet_nom_metadata/raw/60933_18_T_1_WEOM_r2_Mag_12Feb24_300SA_p01_43_1_15102,nmdc:bsm-11-35y2vd49,60933_18_TOP,high
/home/bmeluch/NMDC/nom_processing/monet_nom_metadata/raw/60933_18_T_1_WEOM_r3_Mag_12Feb24_300SA_p01_43_1_15200,nmdc:bsm-11-35y2vd49,60933_18_TOP,high
/home/bmeluch/NMDC/nom_processing/monet_nom_metadata/raw/60933_18_T_2_WEOM_r1_Mag_12Feb24_300SA_p01_44_1_15029,nmdc:bsm-11-35y2vd49,60933_18_TOP,high
/home/bmeluch/NMDC/nom_processing/monet_nom_metadata/raw/60933_18_T_2_WEOM_r2_Mag_12Feb24_300SA_p01_44_1_15152,nmdc:bsm-11-35y2vd49,60933_18_TOP,high
/home/bmeluch/NMDC/nom_processing/monet_nom_metadata/raw/60933_18_T_2_WEOM_r3_Mag_12Feb24_300SA_p01_44_1_15198,nmdc:bsm-11-35y2vd49,60933_18_TOP,high
/home/bmeluch/NMDC/nom_processing/monet_nom_metadata/raw/60933_18_T_3_WEOM_r1_Mag_12Feb24_300SA_p01_45_1_15066,nmdc:bsm-11-35y2vd49,60933_18_TOP,high
/home/bmeluch/NMDC/nom_processing/monet_nom_metadata/raw/60933_18_T_3_WEOM_r2_Mag_12Feb24_300SA_p01_45_1_15149,nmdc:bsm-11-35y2vd49,60933_18_TOP,high
/home/bmeluch/NMDC/nom_processing/monet_nom_metadata/raw/60933_18_T_3_WEOM_r3_Mag_12Feb24_300SA_p01_45_1_15179,nmdc:bsm-11-35y2vd49,60933_18_TOP,high
/home/bmeluch/NMDC/nom_processing/monet_nom_metadata/raw/60933_18_TOP_1_MAOM_r1_Mag_29Jan25_3p3kV_300SA_p01_1_1_22568,nmdc:bsm-11-35y2vd49,60933_18_TOP,high
/home/bmeluch/NMDC/nom_processing/monet_nom_metadata/raw/60933_18_TOP_1_MAOM_r2_Mag_29Jan25_3p3kV_300SA_p01_1_1_22650,nmdc:bsm-11-35y2vd49,60933_18_TOP,high
/home/bmeluch/NMDC/nom_processing/monet_nom_metadata/raw/60933_18_TOP_1_MAOM_r3_Mag_29Jan25_3p3kV_300SA_p01_1_1_22716,nmdc:bsm-11-35y2vd49,60933_18_TOP,high
/home/bmeluch/NMDC/nom_processing/monet_nom_metadata/raw/60933_18_TOP_2_MAOM_r1_Mag_29Jan25_3p3kV_300SA_p01_2_1_22584,nmdc:bsm-11-35y2vd49,60933_18_TOP,high
/home/bmeluch/NMDC/nom_processing/monet_nom_metadata/raw/60933_18_TOP_2_MAOM_r2_Mag_29Jan25_3p3kV_300SA_p01_2_1_22635,nmdc:bsm-11-35y2vd49,60933_18_TOP,high
/home/bmeluch/NMDC/nom_processing/monet_nom_metadata/raw/60933_18_TOP_2_MAOM_r3_Mag_29Jan25_3p3kV_300SA_p01_2_1_22666,nmdc:bsm-11-35y2vd49,60933_18_TOP,high
/home/bmeluch/NMDC/nom_processing/monet_nom_metadata/raw/60933_18_TOP_3_MAOM_r1_Mag_29Jan25_3p3kV_300SA_p01_3_1_22562,nmdc:bsm-11-35y2vd49,60933_18_TOP,high
/home/bmeluch/NMDC/nom_processing/monet_nom_metadata/raw/60933_18_TOP_3_MAOM_r2_Mag_29Jan25_3p3kV_300SA_p01_3_1_22637,nmdc:bsm-11-35y2vd49,60933_18_TOP,high
/home/bmeluch/NMDC/nom_processing/monet_nom_metadata/raw/60933_18_TOP_3_MAOM_r3_Mag_29Jan25_3p3kV_300SA_p01_3_1_22699,nmdc:bsm-11-35y2vd49,60933_18_TOP,high
/home/bmeluch/NMDC/nom_processing/monet_nom_metadata/raw/60933_19_B_1_WEOM_r1_Mag_12Feb24_300SA_p01_1_1_15082,nmdc:bsm-11-mqz7tj25,60933_19_BTM,high
/home/bmeluch/NMDC/nom_processing/monet_nom_metadata/raw/60933_19_B_1_WEOM_r2_Mag_12Feb24_300SA_p01_1_1_15147,nmdc:bsm-11-mqz7tj25,60933_19_BTM,high
/home/bmeluch/NMDC/nom_processing/monet_nom_metadata/raw/60933_19_B_1_WEOM_r3_Mag_12Feb24_300SA_p01_1_1_15184,nmdc:bsm-11-mqz7tj25,60933_19_BTM,high
/home/bmeluch/NMDC/nom_processing/monet_nom_metadata/raw/60933_19_B_2_WEOM_r1_Mag_12Feb24_300SA_p01_2_1_15030,nmdc:bsm-11-mqz7tj25,60933_19_BTM,high
/home/bmeluch/NMDC/nom_processing/monet_nom_metadata/raw/60933_19_B_2_WEOM_r2_Mag_12Feb24_300SA_p01_2_1_15118,nmdc:bsm-11-mqz7tj25,60933_19_BTM,high
/home/bmeluch/NMDC/nom_processing/monet_nom_metadata/raw/60933_19_B_2_WEOM_r3_Mag_12Feb24_300SA_p01_2_1_15228,nmdc:bsm-11-mqz7tj25,60933_19_BTM,high
/home/bmeluch/NMDC/nom_processing/monet_nom_metadata/raw/60933_19_B_3_WEOM_r1_Mag_12Feb24_300SA_p01_3_1_15058,nmdc:bsm-11-mqz7tj25,60933_19_BTM,high
/home/bmeluch/NMDC/nom_processing/monet_nom_metadata/raw/60933_19_B_3_WEOM_r2_Mag_12Feb24_300SA_p01_3_1_15157,nmdc:bsm-11-mqz7tj25,60933_19_BTM,high
/home/bmeluch/NMDC/nom_processing/monet_nom_metadata/raw/60933_19_B_3_WEOM_r3_Mag_12Feb24_300SA_p01_3_1_15211,nmdc:bsm-11-mqz7tj25,60933_19_BTM,high
/home/bmeluch/NMDC/nom_processing/monet_nom_metadata/raw/60933_19_BTM_1_MAOM_r1_Mag_29Jan25_3p3kV_300SA_p01_10_1_22576,nmdc:bsm-11-mqz7tj25,60933_19_BTM,high
/home/bmeluch/NMDC/nom_processing/monet_nom_metadata/raw/60933_19_BTM_1_MAOM_r2_Mag_29Jan25_3p3kV_300SA_p01_10_1_22641,nmdc:bsm-11-mqz7tj25,60933_19_BTM,high
/home/bmeluch/NMDC/nom_processing/monet_nom_metadata/raw/60933_19_BTM_1_MAOM_r3_Mag_29Jan25_3p3kV_300SA_p01_10_1_22694,nmdc:bsm-11-mqz7tj25,60933_19_BTM,high
/home/bmeluch/NMDC/nom_processing/monet_nom_metadata/raw/60933_19_BTM_2_MAOM_r1_Mag_29Jan25_3p3kV_300SA_p01_11_1_22556,nmdc:bsm-11-mqz7tj25,60933_19_BTM,high
/home/bmeluch/NMDC/nom_processing/monet_nom_metadata/raw/60933_19_BTM_2_MAOM_r2_Mag_29Jan25_3p3kV_300SA_p01_11_1_22613,nmdc:bsm-11-mqz7tj25,60933_19_BTM,high
/home/bmeluch/NMDC/nom_processing/monet_nom_metadata/raw/60933_19_BTM_2_MAOM_r3_Mag_29Jan25_3p3kV_300SA_p01_11_1_22721,nmdc:bsm-11-mqz7tj25,60933_19_BTM,high
/home/bmeluch/NMDC/nom_processing/monet_nom_metadata/raw/60933_19_BTM_3_MAOM_r1_Mag_29Jan25_3p3kV_300SA_p01_12_1_22548,nmdc:bsm-11-mqz7tj25,60933_19_BTM,high
/home/bmeluch/NMDC/nom_processing/monet_nom_metadata/raw/60933_19_BTM_3_MAOM_r2_Mag_29Jan25_3p3kV_300SA_p01_12_1_22606,nmdc:bsm-11-mqz7tj25,60933_19_BTM,high
/home/bmeluch/NMDC/nom_processing/monet_nom_metadata/raw/60933_19_BTM_3_MAOM_r3_Mag_29Jan25_3p3kV_300SA_p01_12_1_22689,nmdc:bsm-11-mqz7tj25,60933_19_BTM,high
/home/bmeluch/NMDC/nom_processing/monet_nom_metadata/raw/60933_19_T_1_WEOM_r1_Mag_12Feb24_300SA_p01_49_1_15040,nmdc:bsm-11-9ypxen30,60933_19_TOP,high
/home/bmeluch/NMDC/nom_processing/monet_nom_metadata/raw/60933_19_T_1_WEOM_r2_Mag_12Feb24_300SA_p01_49_1_15148,nmdc:bsm-11-9ypxen30,60933_19_TOP,high
/home/bmeluch/NMDC/nom_processing/monet_nom_metadata/raw/60933_19_T_1_WEOM_r3_Mag_12Feb24_300SA_p01_49_1_15236,nmdc:bsm-11-9ypxen30,60933_19_TOP,high
/home/bmeluch/NMDC/nom_processing/monet_nom_metadata/raw/60933_19_T_2_WEOM_r1_Mag_12Feb24_300SA_p01_50_1_15059,nmdc:bsm-11-9ypxen30,60933_19_TOP,high
/home/bmeluch/NMDC/nom_processing/monet_nom_metadata/raw/60933_19_T_2_WEOM_r2_Mag_12Feb24_300SA_p01_50_1_15112,nmdc:bsm-11-9ypxen30,60933_19_TOP,high
/home/bmeluch/NMDC/nom_processing/monet_nom_metadata/raw/60933_19_T_2_WEOM_r3_Mag_12Feb24_300SA_p01_50_1_15204,nmdc:bsm-11-9ypxen30,60933_19_TOP,high
/home/bmeluch/NMDC/nom_processing/monet_nom_metadata/raw/60933_19_T_3_WEOM_r1_Mag_12Feb24_300SA_p01_51_1_15085,nmdc:bsm-11-9ypxen30,60933_19_TOP,high
/home/bmeluch/NMDC/nom_processing/monet_nom_metadata/raw/60933_19_T_3_WEOM_r2_Mag_12Feb24_300SA_p01_51_1_15125,nmdc:bsm-11-9ypxen30,60933_19_TOP,high
/home/bmeluch/NMDC/nom_processing/monet_nom_metadata/raw/60933_19_T_3_WEOM_r3_Mag_12Feb24_300SA_p01_51_1_15196,nmdc:bsm-11-9ypxen30,60933_19_TOP,high
/home/bmeluch/NMDC/nom_processing/monet_nom_metadata/raw/60933_19_TOP_1_MAOM_r1_Mag_29Jan25_3p3kV_300SA_p01_7_1_22567,nmdc:bsm-11-9ypxen30,60933_19_TOP,high
/home/bmeluch/NMDC/nom_processing/monet_nom_metadata/raw/60933_19_TOP_1_MAOM_r2_Mag_29Jan25_3p3kV_300SA_p01_7_1_22651,nmdc:bsm-11-9ypxen30,60933_19_TOP,high
/home/bmeluch/NMDC/nom_processing/monet_nom_metadata/raw/60933_19_TOP_1_MAOM_r3_Mag_29Jan25_3p3kV_300SA_p01_7_1_22708,nmdc:bsm-11-9ypxen30,60933_19_TOP,high
/home/bmeluch/NMDC/nom_processing/monet_nom_metadata/raw/60933_19_TOP_2_MAOM_r1_Mag_29Jan25_3p3kV_300SA_p01_8_1_22591,nmdc:bsm-11-9ypxen30,60933_19_TOP,high
/home/bmeluch/NMDC/nom_processing/monet_nom_metadata/raw/60933_19_TOP_2_MAOM_r2_Mag_29Jan25_3p3kV_300SA_p01_8_1_22616,nmdc:bsm-11-9ypxen30,60933_19_TOP,high
/home/bmeluch/NMDC/nom_processing/monet_nom_metadata/raw/60933_19_TOP_2_MAOM_r3_Mag_29Jan25_3p3kV_300SA_p01_8_1_22711,nmdc:bsm-11-9ypxen30,60933_19_TOP,high
/home/bmeluch/NMDC/nom_processing/monet_nom_metadata/raw/60933_19_TOP_3_MAOM_r1_Mag_29Jan25_3p3kV_300SA_p01_9_1_22560,nmdc:bsm-11-9ypxen30,60933_19_TOP,high
/home/bmeluch/NMDC/nom_processing/monet_nom_metadata/raw/60933_19_TOP_3_MAOM_r2_Mag_29Jan25_3p3kV_300SA_p01_9_1_22621,nmdc:bsm-11-9ypxen30,60933_19_TOP,high
/home/bmeluch/NMDC/nom_processing/monet_nom_metadata/raw/60933_19_TOP_3_MAOM_r3_Mag_29Jan25_3p3kV_300SA_p01_9_1_22668,nmdc:bsm-11-9ypxen30,60933_19_TOP,high
/home/bmeluch/NMDC/nom_processing/monet_nom_metadata/raw/60933_2_B_1_WEOM_r1_Mag_18Jan24_300SA_p01_7_1_14706,nmdc:bsm-11-rn3ztg26,60933_2_BTM,high
/home/bmeluch/NMDC/nom_processing/monet_nom_metadata/raw/60933_2_B_1_WEOM_r2_Mag_18Jan24_300SA_p01_7_1_14847,nmdc:bsm-11-rn3ztg26,60933_2_BTM,high
/home/bmeluch/NMDC/nom_processing/monet_nom_metadata/raw/60933_2_B_1_WEOM_r3_Mag_18Jan24_300SA_p01_7_1_14928,nmdc:bsm-11-rn3ztg26,60933_2_BTM,high
/home/bmeluch/NMDC/nom_processing/monet_nom_metadata/raw/60933_2_B_2_WEOM_r1_Mag_18Jan24_300SA_p01_8_1_14723,nmdc:bsm-11-rn3ztg26,60933_2_BTM,high
/home/bmeluch/NMDC/nom_processing/monet_nom_metadata/raw/60933_2_B_2_WEOM_r2_Mag_18Jan24_300SA_p01_8_1_14806,nmdc:bsm-11-rn3ztg26,60933_2_BTM,high
/home/bmeluch/NMDC/nom_processing/monet_nom_metadata/raw/60933_2_B_2_WEOM_r3_Mag_18Jan24_300SA_p01_8_1_14960,nmdc:bsm-11-rn3ztg26,60933_2_BTM,high
/home/bmeluch/NMDC/nom_processing/monet_nom_metadata/raw/60933_2_B_3_WEOM_r1_Mag_18Jan24_300SA_p01_9_1_14721,nmdc:bsm-11-rn3ztg26,60933_2_BTM,high
/home/bmeluch/NMDC/nom_processing/monet_nom_metadata/raw/60933_2_B_3_WEOM_r2_Mag_18Jan24_300SA_p01_9_1_14826,nmdc:bsm-11-rn3ztg26,60933_2_BTM,high
/home/bmeluch/NMDC/nom_processing/monet_nom_metadata/raw/60933_2_B_3_WEOM_r3_Mag_18Jan24_300SA_p01_9_1_14946,nmdc:bsm-11-rn3ztg26,60933_2_BTM,high
/home/bmeluch/NMDC/nom_processing/monet_nom_metadata/raw/60933_2_BTM_1_MAOM_r1_Mag_05Jan25_3p3kV_300SA_p01_7_1_21599,nmdc:bsm-11-rn3ztg26,60933_2_BTM,high
/home/bmeluch/NMDC/nom_processing/monet_nom_metadata/raw/60933_2_BTM_1_MAOM_r2_Mag_05Jan25_3p3kV_300SA_p01_7_1_21682,nmdc:bsm-11-rn3ztg26,60933_2_BTM,high
/home/bmeluch/NMDC/nom_processing/monet_nom_metadata/raw/60933_2_BTM_1_MAOM_r3_Mag_20Jan25_3p3kV_300SA_p01_7_1_22165,nmdc:bsm-11-rn3ztg26,60933_2_BTM,high
/home/bmeluch/NMDC/nom_processing/monet_nom_metadata/raw/60933_2_BTM_2_MAOM_r1_Mag_05Jan25_3p3kV_300SA_p01_8_1_21623,nmdc:bsm-11-rn3ztg26,60933_2_BTM,high
/home/bmeluch/NMDC/nom_processing/monet_nom_metadata/raw/60933_2_BTM_2_MAOM_r2_Mag_05Jan25_3p3kV_300SA_p01_8_1_21657,nmdc:bsm-11-rn3ztg26,60933_2_BTM,high
/home/bmeluch/NMDC/nom_processing/monet_nom_metadata/raw/60933_2_BTM_2_MAOM_r3_Mag_20Jan25_3p3kV_300SA_p01_8_1_22150,nmdc:bsm-11-rn3ztg26,60933_2_BTM,high
/home/bmeluch/NMDC/nom_processing/monet_nom_metadata/raw/60933_2_BTM_3_MAOM_r1_Mag_05Jan25_3p3kV_300SA_p01_9_1_21602,nmdc:bsm-11-rn3ztg26,60933_2_BTM,high
/home/bmeluch/NMDC/nom_processing/monet_nom_metadata/raw/60933_2_BTM_3_MAOM_r2_Mag_05Jan25_3p3kV_300SA_p01_9_1_21693,nmdc:bsm-11-rn3ztg26,60933_2_BTM,high
/home/bmeluch/NMDC/nom_processing/monet_nom_metadata/raw/60933_2_BTM_3_MAOM_r3_Mag_20Jan25_3p3kV_300SA_p01_9_1_22178,nmdc:bsm-11-rn3ztg26,60933_2_BTM,high
/home/bmeluch/NMDC/nom_processing/monet_nom_metadata/raw/60933_2_T_1_WEOM_r1_Mag_18Jan24_300SA_p01_4_1_14744,nmdc:bsm-11-p1rg8185,60933_2_TOP,high
/home/bmeluch/NMDC/nom_processing/monet_nom_metadata/raw/60933_2_T_1_WEOM_r2_Mag_18Jan24_300SA_p01_4_1_14821,nmdc:bsm-11-p1rg8185,60933_2_TOP,high
/home/bmeluch/NMDC/nom_processing/monet_nom_metadata/raw/60933_2_T_1_WEOM_r3_Mag_18Jan24_300SA_p01_4_1_14938,nmdc:bsm-11-p1rg8185,60933_2_TOP,high
/home/bmeluch/NMDC/nom_processing/monet_nom_metadata/raw/60933_2_T_2_WEOM_r1_Mag_18Jan24_300SA_p01_5_1_14734,nmdc:bsm-11-p1rg8185,60933_2_TOP,high
/home/bmeluch/NMDC/nom_processing/monet_nom_metadata/raw/60933_2_T_2_WEOM_r2_Mag_18Jan24_300SA_p01_5_1_14799,nmdc:bsm-11-p1rg8185,60933_2_TOP,high
/home/bmeluch/NMDC/nom_processing/monet_nom_metadata/raw/60933_2_T_2_WEOM_r3_Mag_18Jan24_300SA_p01_5_1_14950,nmdc:bsm-11-p1rg8185,60933_2_TOP,high
/home/bmeluch/NMDC/nom_processing/monet_nom_metadata/raw/60933_2_T_3_WEOM_r1_Mag_18Jan24_300SA_p01_6_1_14696,nmdc:bsm-11-p1rg8185,60933_2_TOP,high
/home/bmeluch/NMDC/nom_processing/monet_nom_metadata/raw/60933_2_T_3_WEOM_r2_Mag_18Jan24_300SA_p01_6_1_14844,nmdc:bsm-11-p1rg8185,60933_2_TOP,high
/home/bmeluch/NMDC/nom_processing/monet_nom_metadata/raw/60933_2_T_3_WEOM_r3_Mag_18Jan24_300SA_p01_6_1_14945,nmdc:bsm-11-p1rg8185,60933_2_TOP,high
/home/bmeluch/NMDC/nom_processing/monet_nom_metadata/raw/60933_2_TOP_1_MAOM_r1_Mag_05Jan25_3p3kV_300SA_p01_4_1_21593,nmdc:bsm-11-p1rg8185,60933_2_TOP,high
/home/bmeluch/NMDC/nom_processing/monet_nom_metadata/raw/60933_2_TOP_1_MAOM_r2_Mag_05Jan25_3p3kV_300SA_p01_4_1_21703,nmdc:bsm-11-p1rg8185,60933_2_TOP,high
/home/bmeluch/NMDC/nom_processing/monet_nom_metadata/raw/60933_2_TOP_1_MAOM_r3_Mag_20Jan25_3p3kV_300SA_p01_4_1_22140,nmdc:bsm-11-p1rg8185,60933_2_TOP,high
/home/bmeluch/NMDC/nom_processing/monet_nom_metadata/raw/60933_2_TOP_2_MAOM_r1_Mag_05Jan25_3p3kV_300SA_p01_5_1_21614,nmdc:bsm-11-p1rg8185,60933_2_TOP,high
/home/bmeluch/NMDC/nom_processing/monet_nom_metadata/raw/60933_2_TOP_2_MAOM_r2_Mag_05Jan25_3p3kV_300SA_p01_5_1_21690,nmdc:bsm-11-p1rg8185,60933_2_TOP,high
/home/bmeluch/NMDC/nom_processing/monet_nom_metadata/raw/60933_2_TOP_2_MAOM_r3_Mag_20Jan25_3p3kV_300SA_p01_5_1_22139,nmdc:bsm-11-p1rg8185,60933_2_TOP,high
/home/bmeluch/NMDC/nom_processing/monet_nom_metadata/raw/60933_2_TOP_3_MAOM_r1_Mag_05Jan25_3p3kV_300SA_p01_6_1_21600,nmdc:bsm-11-p1rg8185,60933_2_TOP,high
/home/bmeluch/NMDC/nom_processing/monet_nom_metadata/raw/60933_2_TOP_3_MAOM_r2_Mag_05Jan25_3p3kV_300SA_p01_6_1_21695,nmdc:bsm-11-p1rg8185,60933_2_TOP,high
/home/bmeluch/NMDC/nom_processing/monet_nom_metadata/raw/60933_2_TOP_3_MAOM_r3_Mag_20Jan25_3p3kV_300SA_p01_6_1_22173,nmdc:bsm-11-p1rg8185,60933_2_TOP,high
/home/bmeluch/NMDC/nom_processing/monet_nom_metadata/raw/60933_20_B_1_WEOM_r1_Mag_12Feb24_300SA_p01_7_1_15080,nmdc:bsm-11-689kqb07,60933_20_BTM,high
/home/bmeluch/NMDC/nom_processing/monet_nom_metadata/raw/60933_20_B_1_WEOM_r2_Mag_12Feb24_300SA_p01_7_1_15120,nmdc:bsm-11-689kqb07,60933_20_BTM,high
/home/bmeluch/NMDC/nom_processing/monet_nom_metadata/raw/60933_20_B_1_WEOM_r3_Mag_12Feb24_300SA_p01_7_1_15234,nmdc:bsm-11-689kqb07,60933_20_BTM,high
/home/bmeluch/NMDC/nom_processing/monet_nom_metadata/raw/60933_20_B_2_WEOM_r1_Mag_12Feb24_300SA_p01_8_1_15045,nmdc:bsm-11-689kqb07,60933_20_BTM,high
/home/bmeluch/NMDC/nom_processing/monet_nom_metadata/raw/60933_20_B_2_WEOM_r2_Mag_12Feb24_300SA_p01_8_1_15135,nmdc:bsm-11-689kqb07,60933_20_BTM,high
/home/bmeluch/NMDC/nom_processing/monet_nom_metadata/raw/60933_20_B_2_WEOM_r3_Mag_12Feb24_300SA_p01_8_1_15232,nmdc:bsm-11-689kqb07,60933_20_BTM,high
/home/bmeluch/NMDC/nom_processing/monet_nom_metadata/raw/60933_20_B_3_WEOM_r1_Mag_12Feb24_300SA_p01_9_1_15087,nmdc:bsm-11-689kqb07,60933_20_BTM,high
/home/bmeluch/NMDC/nom_processing/monet_nom_metadata/raw/60933_20_B_3_WEOM_r2_Mag_12Feb24_300SA_p01_9_1_15105,nmdc:bsm-11-689kqb07,60933_20_BTM,high
/home/bmeluch/NMDC/nom_processing/monet_nom_metadata/raw/60933_20_B_3_WEOM_r3_Mag_12Feb24_300SA_p01_9_1_15189,nmdc:bsm-11-689kqb07,60933_20_BTM,high
/home/bmeluch/NMDC/nom_processing/monet_nom_metadata/raw/60933_20_BTM_1_MAOM_r1_Mag_29Jan25_3p3kV_300SA_p01_16_1_22603,nmdc:bsm-11-689kqb07,60933_20_BTM,high
/home/bmeluch/NMDC/nom_processing/monet_nom_metadata/raw/60933_20_BTM_1_MAOM_r2_Mag_29Jan25_3p3kV_300SA_p01_16_1_22629,nmdc:bsm-11-689kqb07,60933_20_BTM,high
/home/bmeluch/NMDC/nom_processing/monet_nom_metadata/raw/60933_20_BTM_1_MAOM_r3_Mag_29Jan25_3p3kV_300SA_p01_16_1_22670,nmdc:bsm-11-689kqb07,60933_20_BTM,high
/home/bmeluch/NMDC/nom_processing/monet_nom_metadata/raw/60933_20_BTM_2_MAOM_r1_Mag_29Jan25_3p3kV_300SA_p01_17_1_22593,nmdc:bsm-11-689kqb07,60933_20_BTM,high
/home/bmeluch/NMDC/nom_processing/monet_nom_metadata/raw/60933_20_BTM_2_MAOM_r2_Mag_29Jan25_3p3kV_300SA_p01_17_1_22620,nmdc:bsm-11-689kqb07,60933_20_BTM,high
/home/bmeluch/NMDC/nom_processing/monet_nom_metadata/raw/60933_20_BTM_2_MAOM_r3_Mag_29Jan25_3p3kV_300SA_p01_17_1_22695,nmdc:bsm-11-689kqb07,60933_20_BTM,high
/home/bmeluch/NMDC/nom_processing/monet_nom_metadata/raw/60933_20_BTM_3_MAOM_r1_Mag_29Jan25_3p3kV_300SA_p01_18_1_22581,nmdc:bsm-11-689kqb07,60933_20_BTM,high
/home/bmeluch/NMDC/nom_processing/monet_nom_metadata/raw/60933_20_BTM_3_MAOM_r2_Mag_29Jan25_3p3kV_300SA_p01_18_1_22662,nmdc:bsm-11-689kqb07,60933_20_BTM,high
/home/bmeluch/NMDC/nom_processing/monet_nom_metadata/raw/60933_20_BTM_3_MAOM_r3_Mag_29Jan25_3p3kV_300SA_p01_18_1_22687,nmdc:bsm-11-689kqb07,60933_20_BTM,high
/home/bmeluch/NMDC/nom_processing/monet_nom_metadata/raw/60933_20_T_1_WEOM_r1_Mag_12Feb24_300SA_p01_4_1_15096,nmdc:bsm-11-ancrqc19,60933_20_TOP,high
/home/bmeluch/NMDC/nom_processing/monet_nom_metadata/raw/60933_20_T_1_WEOM_r2_Mag_12Feb24_300SA_p01_4_1_15141,nmdc:bsm-11-ancrqc19,60933_20_TOP,high
/home/bmeluch/NMDC/nom_processing/monet_nom_metadata/raw/60933_20_T_1_WEOM_r3_Mag_12Feb24_300SA_p01_4_1_15229,nmdc:bsm-11-ancrqc19,60933_20_TOP,high
/home/bmeluch/NMDC/nom_processing/monet_nom_metadata/raw/60933_20_T_2_WEOM_r1_Mag_12Feb24_300SA_p01_5_1_15090,nmdc:bsm-11-ancrqc19,60933_20_TOP,high
/home/bmeluch/NMDC/nom_processing/monet_nom_metadata/raw/60933_20_T_2_WEOM_r2_Mag_12Feb24_300SA_p01_5_1_15104,nmdc:bsm-11-ancrqc19,60933_20_TOP,high
/home/bmeluch/NMDC/nom_processing/monet_nom_metadata/raw/60933_20_T_2_WEOM_r3_Mag_12Feb24_300SA_p01_5_1_15192,nmdc:bsm-11-ancrqc19,60933_20_TOP,high
/home/bmeluch/NMDC/nom_processing/monet_nom_metadata/raw/60933_20_T_3_WEOM_r1_Mag_12Feb24_300SA_p01_6_1_15038,nmdc:bsm-11-ancrqc19,60933_20_TOP,high
/home/bmeluch/NMDC/nom_processing/monet_nom_metadata/raw/60933_20_T_3_WEOM_r2_Mag_12Feb24_300SA_p01_6_1_15126,nmdc:bsm-11-ancrqc19,60933_20_TOP,high
/home/bmeluch/NMDC/nom_processing/monet_nom_metadata/raw/60933_20_T_3_WEOM_r3_Mag_12Feb24_300SA_p01_6_1_15178,nmdc:bsm-11-ancrqc19,60933_20_TOP,high
/home/bmeluch/NMDC/nom_processing/monet_nom_metadata/raw/60933_20_TOP_1_MAOM_r1_Mag_29Jan25_3p3kV_300SA_p01_13_1_22559,nmdc:bsm-11-ancrqc19,60933_20_TOP,high
/home/bmeluch/NMDC/nom_processing/monet_nom_metadata/raw/60933_20_TOP_1_MAOM_r2_Mag_29Jan25_3p3kV_300SA_p01_13_1_22648,nmdc:bsm-11-ancrqc19,60933_20_TOP,high
/home/bmeluch/NMDC/nom_processing/monet_nom_metadata/raw/60933_20_TOP_1_MAOM_r3_Mag_29Jan25_3p3kV_300SA_p01_13_1_22717,nmdc:bsm-11-ancrqc19,60933_20_TOP,high
/home/bmeluch/NMDC/nom_processing/monet_nom_metadata/raw/60933_20_TOP_2_MAOM_r1_Mag_29Jan25_3p3kV_300SA_p01_14_1_22579,nmdc:bsm-11-ancrqc19,60933_20_TOP,high
/home/bmeluch/NMDC/nom_processing/monet_nom_metadata/raw/60933_20_TOP_2_MAOM_r2_Mag_29Jan25_3p3kV_300SA_p01_14_1_22663,nmdc:bsm-11-ancrqc19,60933_20_TOP,high
/home/bmeluch/NMDC/nom_processing/monet_nom_metadata/raw/60933_20_TOP_2_MAOM_r3_Mag_29Jan25_3p3kV_300SA_p01_14_1_22710,nmdc:bsm-11-ancrqc19,60933_20_TOP,high
/home/bmeluch/NMDC/nom_processing/monet_nom_metadata/raw/60933_20_TOP_3_MAOM_r1_Mag_29Jan25_3p3kV_300SA_p01_15_1_22599,nmdc:bsm-11-ancrqc19,60933_20_TOP,high
/home/bmeluch/NMDC/nom_processing/monet_nom_metadata/raw/60933_20_TOP_3_MAOM_r2_Mag_29Jan25_3p3kV_300SA_p01_15_1_22633,nmdc:bsm-11-ancrqc19,60933_20_TOP,high
/home/bmeluch/NMDC/nom_processing/monet_nom_metadata/raw/60933_20_TOP_3_MAOM_r3_Mag_29Jan25_3p3kV_300SA_p01_15_1_22712,nmdc:bsm-11-ancrqc19,60933_20_TOP,high
/home/bmeluch/NMDC/nom_processing/monet_nom_metadata/raw/60933_3_B_1_WEOM_r1_Mag_18Jan24_300SA_p01_13_1_14701,nmdc:bsm-11-13bjmx86,60933_3_BTM,high
/home/bmeluch/NMDC/nom_processing/monet_nom_metadata/raw/60933_3_B_1_WEOM_r2_Mag_18Jan24_300SA_p01_13_1_14845,nmdc:bsm-11-13bjmx86,60933_3_BTM,high
/home/bmeluch/NMDC/nom_processing/monet_nom_metadata/raw/60933_3_B_1_WEOM_r3_Mag_18Jan24_300SA_p01_13_1_14941,nmdc:bsm-11-13bjmx86,60933_3_BTM,high
/home/bmeluch/NMDC/nom_processing/monet_nom_metadata/raw/60933_3_B_2_WEOM_r1_Mag_18Jan24_300SA_p01_14_1_14743,nmdc:bsm-11-13bjmx86,60933_3_BTM,high
/home/bmeluch/NMDC/nom_processing/monet_nom_metadata/raw/60933_3_B_2_WEOM_r2_Mag_18Jan24_300SA_p01_14_1_14801,nmdc:bsm-11-13bjmx86,60933_3_BTM,high
/home/bmeluch/NMDC/nom_processing/monet_nom_metadata/raw/60933_3_B_2_WEOM_r3_Mag_18Jan24_300SA_p01_14_1_14905,nmdc:bsm-11-13bjmx86,60933_3_BTM,high
/home/bmeluch/NMDC/nom_processing/monet_nom_metadata/raw/60933_3_B_3_WEOM_r1_Mag_18Jan24_300SA_p01_15_1_14720,nmdc:bsm-11-13bjmx86,60933_3_BTM,high
/home/bmeluch/NMDC/nom_processing/monet_nom_metadata/raw/60933_3_B_3_WEOM_r2_Mag_18Jan24_300SA_p01_15_1_14823,nmdc:bsm-11-13bjmx86,60933_3_BTM,high
/home/bmeluch/NMDC/nom_processing/monet_nom_metadata/raw/60933_3_B_3_WEOM_r3_Mag_18Jan24_300SA_p01_15_1_14954,nmdc:bsm-11-13bjmx86,60933_3_BTM,high
/home/bmeluch/NMDC/nom_processing/monet_nom_metadata/raw/60933_3_BTM_1_MAOM_r1_Mag_05Jan25_3p3kV_300SA_p01_13_1_21620,nmdc:bsm-11-13bjmx86,60933_3_BTM,high
/home/bmeluch/NMDC/nom_processing/monet_nom_metadata/raw/60933_3_BTM_1_MAOM_r2_Mag_05Jan25_3p3kV_300SA_p01_13_1_21696,nmdc:bsm-11-13bjmx86,60933_3_BTM,high
/home/bmeluch/NMDC/nom_processing/monet_nom_metadata/raw/60933_3_BTM_1_MAOM_r3_Mag_20Jan25_3p3kV_300SA_p01_13_1_22181,nmdc:bsm-11-13bjmx86,60933_3_BTM,high
/home/bmeluch/NMDC/nom_processing/monet_nom_metadata/raw/60933_3_BTM_2_MAOM_r1_Mag_05Jan25_3p3kV_300SA_p01_14_1_21642,nmdc:bsm-11-13bjmx86,60933_3_BTM,high
/home/bmeluch/NMDC/nom_processing/monet_nom_metadata/raw/60933_3_BTM_2_MAOM_r2_Mag_05Jan25_3p3kV_300SA_p01_14_1_21686,nmdc:bsm-11-13bjmx86,60933_3_BTM,high
/home/bmeluch/NMDC/nom_processing/monet_nom_metadata/raw/60933_3_BTM_2_MAOM_r3_Mag_20Jan25_3p3kV_300SA_p01_14_1_22168,nmdc:bsm-11-13bjmx86,60933_3_BTM,high
/home/bmeluch/NMDC/nom_processing/monet_nom_metadata/raw/60933_3_BTM_3_MAOM_r1_Mag_05Jan25_3p3kV_300SA_p01_15_1_21628,nmdc:bsm-11-13bjmx86,60933_3_BTM,high
/home/bmeluch/NMDC/nom_processing/monet_nom_metadata/raw/60933_3_BTM_3_MAOM_r2_Mag_05Jan25_3p3kV_300SA_p01_15_1_21701,nmdc:bsm-11-13bjmx86,60933_3_BTM,high
/home/bmeluch/NMDC/nom_processing/monet_nom_metadata/raw/60933_3_BTM_3_MAOM_r3_Mag_20Jan25_3p3kV_300SA_p01_15_1_22183,nmdc:bsm-11-13bjmx86,60933_3_BTM,high
/home/bmeluch/NMDC/nom_processing/monet_nom_metadata/raw/60933_3_T_1_WEOM_r1_Mag_18Jan24_300SA_p01_10_1_14751,nmdc:bsm-11-3dva3q42,60933_3_TOP,high
/home/bmeluch/NMDC/nom_processing/monet_nom_metadata/raw/60933_3_T_1_WEOM_r2_Mag_18Jan24_300SA_p01_10_1_14803,nmdc:bsm-11-3dva3q42,60933_3_TOP,high
/home/bmeluch/NMDC/nom_processing/monet_nom_metadata/raw/60933_3_T_1_WEOM_r3_Mag_18Jan24_300SA_p01_10_1_14962,nmdc:bsm-11-3dva3q42,60933_3_TOP,high
/home/bmeluch/NMDC/nom_processing/monet_nom_metadata/raw/60933_3_T_2_WEOM_r1_Mag_18Jan24_300SA_p01_11_1_14700,nmdc:bsm-11-3dva3q42,60933_3_TOP,high
/home/bmeluch/NMDC/nom_processing/monet_nom_metadata/raw/60933_3_T_2_WEOM_r2_Mag_18Jan24_300SA_p01_11_1_14805,nmdc:bsm-11-3dva3q42,60933_3_TOP,high
/home/bmeluch/NMDC/nom_processing/monet_nom_metadata/raw/60933_3_T_2_WEOM_r3_Mag_18Jan24_300SA_p01_11_1_14949,nmdc:bsm-11-3dva3q42,60933_3_TOP,high
/home/bmeluch/NMDC/nom_processing/monet_nom_metadata/raw/60933_3_T_3_WEOM_r1_Mag_18Jan24_300SA_p01_12_1_14703,nmdc:bsm-11-3dva3q42,60933_3_TOP,high
/home/bmeluch/NMDC/nom_processing/monet_nom_metadata/raw/60933_3_T_3_WEOM_r2_Mag_18Jan24_300SA_p01_12_1_14846,nmdc:bsm-11-3dva3q42,60933_3_TOP,high
/home/bmeluch/NMDC/nom_processing/monet_nom_metadata/raw/60933_3_T_3_WEOM_r3_Mag_18Jan24_300SA_p01_12_1_14924,nmdc:bsm-11-3dva3q42,60933_3_TOP,high
/home/bmeluch/NMDC/nom_processing/monet_nom_metadata/raw/60933_3_TOP_1_MAOM_r1_Mag_05Jan25_3p3kV_300SA_p01_10_1_21590,nmdc:bsm-11-3dva3q42,60933_3_TOP,high
/home/bmeluch/NMDC/nom_processing/monet_nom_metadata/raw/60933_3_TOP_1_MAOM_r2_Mag_05Jan25_3p3kV_300SA_p01_10_1_21665,nmdc:bsm-11-3dva3q42,60933_3_TOP,high
/home/bmeluch/NMDC/nom_processing/monet_nom_metadata/raw/60933_3_TOP_1_MAOM_r3_Mag_20Jan25_3p3kV_300SA_p01_10_1_22191,nmdc:bsm-11-3dva3q42,60933_3_TOP,high
/home/bmeluch/NMDC/nom_processing/monet_nom_metadata/raw/60933_3_TOP_2_MAOM_r1_Mag_05Jan25_3p3kV_300SA_p01_11_1_21595,nmdc:bsm-11-3dva3q42,60933_3_TOP,high
/home/bmeluch/NMDC/nom_processing/monet_nom_metadata/raw/60933_3_TOP_2_MAOM_r2_Mag_05Jan25_3p3kV_300SA_p01_11_1_21653,nmdc:bsm-11-3dva3q42,60933_3_TOP,high
/home/bmeluch/NMDC/nom_processing/monet_nom_metadata/raw/60933_3_TOP_2_MAOM_r3_Mag_20Jan25_3p3kV_300SA_p01_11_1_22182,nmdc:bsm-11-3dva3q42,60933_3_TOP,high
/home/bmeluch/NMDC/nom_processing/monet_nom_metadata/raw/60933_4_B_1_WEOM_r1_Mag_18Jan24_300SA_p01_19_1_14745,nmdc:bsm-11-6z2ztq51,60933_4_BTM,high
/home/bmeluch/NMDC/nom_processing/monet_nom_metadata/raw/60933_4_B_1_WEOM_r2_Mag_18Jan24_300SA_p01_19_1_14827,nmdc:bsm-11-6z2ztq51,60933_4_BTM,high
/home/bmeluch/NMDC/nom_processing/monet_nom_metadata/raw/60933_4_B_1_WEOM_r3_Mag_18Jan24_300SA_p01_19_1_14911,nmdc:bsm-11-6z2ztq51,60933_4_BTM,high
/home/bmeluch/NMDC/nom_processing/monet_nom_metadata/raw/60933_4_B_2_WEOM_r1_Mag_18Jan24_300SA_p01_20_1_14748,nmdc:bsm-11-6z2ztq51,60933_4_BTM,high
/home/bmeluch/NMDC/nom_processing/monet_nom_metadata/raw/60933_4_B_2_WEOM_r2_Mag_18Jan24_300SA_p01_20_1_14834,nmdc:bsm-11-6z2ztq51,60933_4_BTM,high
/home/bmeluch/NMDC/nom_processing/monet_nom_metadata/raw/60933_4_B_2_WEOM_r3_Mag_18Jan24_300SA_p01_20_1_14913,nmdc:bsm-11-6z2ztq51,60933_4_BTM,high
/home/bmeluch/NMDC/nom_processing/monet_nom_metadata/raw/60933_4_B_3_WEOM_r1_Mag_18Jan24_300SA_p01_21_1_14711,nmdc:bsm-11-6z2ztq51,60933_4_BTM,high
/home/bmeluch/NMDC/nom_processing/monet_nom_metadata/raw/60933_4_B_3_WEOM_r2_Mag_18Jan24_300SA_p01_21_1_14825,nmdc:bsm-11-6z2ztq51,60933_4_BTM,high
/home/bmeluch/NMDC/nom_processing/monet_nom_metadata/raw/60933_4_B_3_WEOM_r3_Mag_18Jan24_300SA_p01_21_1_14919,nmdc:bsm-11-6z2ztq51,60933_4_BTM,high
/home/bmeluch/NMDC/nom_processing/monet_nom_metadata/raw/60933_4_BTM_1_MAOM_r1_Mag_05Jan25_3p3kV_300SA_p01_19_1_21626,nmdc:bsm-11-6z2ztq51,60933_4_BTM,high
/home/bmeluch/NMDC/nom_processing/monet_nom_metadata/raw/60933_4_BTM_1_MAOM_r2_Mag_05Jan25_3p3kV_300SA_p01_19_1_21651,nmdc:bsm-11-6z2ztq51,60933_4_BTM,high
/home/bmeluch/NMDC/nom_processing/monet_nom_metadata/raw/60933_4_BTM_1_MAOM_r3_Mag_20Jan25_3p3kV_300SA_p01_19_1_22188,nmdc:bsm-11-6z2ztq51,60933_4_BTM,high
/home/bmeluch/NMDC/nom_processing/monet_nom_metadata/raw/60933_4_BTM_3_MAOM_r1_Mag_05Jan25_3p3kV_300SA_p01_21_1_21592,nmdc:bsm-11-6z2ztq51,60933_4_BTM,high
/home/bmeluch/NMDC/nom_processing/monet_nom_metadata/raw/60933_4_BTM_3_MAOM_r2_Mag_05Jan25_3p3kV_300SA_p01_21_1_21649,nmdc:bsm-11-6z2ztq51,60933_4_BTM,high
/home/bmeluch/NMDC/nom_processing/monet_nom_metadata/raw/60933_4_BTM_3_MAOM_r3_Mag_20Jan25_3p3kV_300SA_p01_21_1_22190,nmdc:bsm-11-6z2ztq51,60933_4_BTM,high
/home/bmeluch/NMDC/nom_processing/monet_nom_metadata/raw/60933_4_T_1_WEOM_r1_Mag_18Jan24_300SA_p01_16_1_14741,nmdc:bsm-11-pywjet65,60933_4_TOP,high
/home/bmeluch/NMDC/nom_processing/monet_nom_metadata/raw/60933_4_T_1_WEOM_r2_Mag_18Jan24_300SA_p01_16_1_14831,nmdc:bsm-11-pywjet65,60933_4_TOP,high
/home/bmeluch/NMDC/nom_processing/monet_nom_metadata/raw/60933_4_T_1_WEOM_r3_Mag_18Jan24_300SA_p01_16_1_14907,nmdc:bsm-11-pywjet65,60933_4_TOP,high
/home/bmeluch/NMDC/nom_processing/monet_nom_metadata/raw/60933_4_T_2_WEOM_r1_Mag_18Jan24_300SA_p01_17_1_14750,nmdc:bsm-11-pywjet65,60933_4_TOP,high
/home/bmeluch/NMDC/nom_processing/monet_nom_metadata/raw/60933_4_T_2_WEOM_r2_Mag_18Jan24_300SA_p01_17_1_14836,nmdc:bsm-11-pywjet65,60933_4_TOP,high
/home/bmeluch/NMDC/nom_processing/monet_nom_metadata/raw/60933_4_T_2_WEOM_r3_Mag_18Jan24_300SA_p01_17_1_14953,nmdc:bsm-11-pywjet65,60933_4_TOP,high
/home/bmeluch/NMDC/nom_processing/monet_nom_metadata/raw/60933_4_T_3_WEOM_r1_Mag_18Jan24_300SA_p01_18_1_14727,nmdc:bsm-11-pywjet65,60933_4_TOP,high
/home/bmeluch/NMDC/nom_processing/monet_nom_metadata/raw/60933_4_T_3_WEOM_r2_Mag_18Jan24_300SA_p01_18_1_14833,nmdc:bsm-11-pywjet65,60933_4_TOP,high
/home/bmeluch/NMDC/nom_processing/monet_nom_metadata/raw/60933_4_T_3_WEOM_r3_Mag_18Jan24_300SA_p01_18_1_14936,nmdc:bsm-11-pywjet65,60933_4_TOP,high
/home/bmeluch/NMDC/nom_processing/monet_nom_metadata/raw/60933_4_TOP_1_MAOM_r1_Mag_05Jan25_3p3kV_300SA_p01_16_1_21640,nmdc:bsm-11-pywjet65,60933_4_TOP,high
/home/bmeluch/NMDC/nom_processing/monet_nom_metadata/raw/60933_4_TOP_1_MAOM_r2_Mag_05Jan25_3p3kV_300SA_p01_16_1_21684,nmdc:bsm-11-pywjet65,60933_4_TOP,high
/home/bmeluch/NMDC/nom_processing/monet_nom_metadata/raw/60933_4_TOP_1_MAOM_r3_Mag_20Jan25_3p3kV_300SA_p01_16_1_22151,nmdc:bsm-11-pywjet65,60933_4_TOP,high
/home/bmeluch/NMDC/nom_processing/monet_nom_metadata/raw/60933_4_TOP_2_MAOM_r1_Mag_05Jan25_3p3kV_300SA_p01_17_1_21635,nmdc:bsm-11-pywjet65,60933_4_TOP,high
/home/bmeluch/NMDC/nom_processing/monet_nom_metadata/raw/60933_4_TOP_2_MAOM_r2_Mag_05Jan25_3p3kV_300SA_p01_17_1_21692,nmdc:bsm-11-pywjet65,60933_4_TOP,high
/home/bmeluch/NMDC/nom_processing/monet_nom_metadata/raw/60933_4_TOP_2_MAOM_r3_Mag_20Jan25_3p3kV_300SA_p01_17_1_22175,nmdc:bsm-11-pywjet65,60933_4_TOP,high
/home/bmeluch/NMDC/nom_processing/monet_nom_metadata/raw/60933_4_TOP_3_MAOM_r1_Mag_05Jan25_3p3kV_300SA_p01_18_1_21641,nmdc:bsm-11-pywjet65,60933_4_TOP,high
/home/bmeluch/NMDC/nom_processing/monet_nom_metadata/raw/60933_4_TOP_3_MAOM_r2_Mag_05Jan25_3p3kV_300SA_p01_18_1_21709,nmdc:bsm-11-pywjet65,60933_4_TOP,high
/home/bmeluch/NMDC/nom_processing/monet_nom_metadata/raw/60933_4_TOP_3_MAOM_r3_Mag_20Jan25_3p3kV_300SA_p01_18_1_22174,nmdc:bsm-11-pywjet65,60933_4_TOP,high
/home/bmeluch/NMDC/nom_processing/monet_nom_metadata/raw/60933_5_B_1_WEOM_r1_Mag_18Jan24_300SA_p01_25_1_14699,nmdc:bsm-11-zke8tq38,60933_5_BTM,high
/home/bmeluch/NMDC/nom_processing/monet_nom_metadata/raw/60933_5_B_1_WEOM_r2_Mag_18Jan24_300SA_p01_25_1_14851,nmdc:bsm-11-zke8tq38,60933_5_BTM,high
/home/bmeluch/NMDC/nom_processing/monet_nom_metadata/raw/60933_5_B_1_WEOM_r3_Mag_18Jan24_300SA_p01_25_1_14917,nmdc:bsm-11-zke8tq38,60933_5_BTM,high
/home/bmeluch/NMDC/nom_processing/monet_nom_metadata/raw/60933_5_B_2_WEOM_r1_Mag_18Jan24_300SA_p01_26_1_14714,nmdc:bsm-11-zke8tq38,60933_5_BTM,high
/home/bmeluch/NMDC/nom_processing/monet_nom_metadata/raw/60933_5_B_2_WEOM_r2_Mag_18Jan24_300SA_p01_26_1_14824,nmdc:bsm-11-zke8tq38,60933_5_BTM,high
/home/bmeluch/NMDC/nom_processing/monet_nom_metadata/raw/60933_5_B_2_WEOM_r3_Mag_18Jan24_300SA_p01_26_1_14927,nmdc:bsm-11-zke8tq38,60933_5_BTM,high
/home/bmeluch/NMDC/nom_processing/monet_nom_metadata/raw/60933_5_B_3_WEOM_r1_Mag_18Jan24_300SA_p01_27_1_14728,nmdc:bsm-11-zke8tq38,60933_5_BTM,high
/home/bmeluch/NMDC/nom_processing/monet_nom_metadata/raw/60933_5_B_3_WEOM_r2_Mag_18Jan24_300SA_p01_27_1_14802,nmdc:bsm-11-zke8tq38,60933_5_BTM,high
/home/bmeluch/NMDC/nom_processing/monet_nom_metadata/raw/60933_5_B_3_WEOM_r3_Mag_18Jan24_300SA_p01_27_1_14944,nmdc:bsm-11-zke8tq38,60933_5_BTM,high
/home/bmeluch/NMDC/nom_processing/monet_nom_metadata/raw/60933_5_BTM_1_MAOM_r1_Mag_05Jan25_3p3kV_300SA_p01_29_1_21634,nmdc:bsm-11-zke8tq38,60933_5_BTM,high
/home/bmeluch/NMDC/nom_processing/monet_nom_metadata/raw/60933_5_BTM_1_MAOM_r2_Mag_05Jan25_3p3kV_300SA_p01_29_1_21672,nmdc:bsm-11-zke8tq38,60933_5_BTM,high
/home/bmeluch/NMDC/nom_processing/monet_nom_metadata/raw/60933_5_BTM_1_MAOM_r3_Mag_20Jan25_3p3kV_300SA_p01_29_1_22159,nmdc:bsm-11-zke8tq38,60933_5_BTM,high
/home/bmeluch/NMDC/nom_processing/monet_nom_metadata/raw/60933_5_BTM_2_MAOM_r1_Mag_05Jan25_3p3kV_300SA_p01_30_1_21625,nmdc:bsm-11-zke8tq38,60933_5_BTM,high
/home/bmeluch/NMDC/nom_processing/monet_nom_metadata/raw/60933_5_BTM_2_MAOM_r2_Mag_05Jan25_3p3kV_300SA_p01_30_1_21656,nmdc:bsm-11-zke8tq38,60933_5_BTM,high
/home/bmeluch/NMDC/nom_processing/monet_nom_metadata/raw/60933_5_BTM_2_MAOM_r3_Mag_20Jan25_3p3kV_300SA_p01_30_1_22154,nmdc:bsm-11-zke8tq38,60933_5_BTM,high
/home/bmeluch/NMDC/nom_processing/monet_nom_metadata/raw/60933_5_BTM_3_MAOM_r1_Mag_05Jan25_3p3kV_300SA_p01_31_1_21631,nmdc:bsm-11-zke8tq38,60933_5_BTM,high
/home/bmeluch/NMDC/nom_processing/monet_nom_metadata/raw/60933_5_BTM_3_MAOM_r2_Mag_05Jan25_3p3kV_300SA_p01_31_1_21669,nmdc:bsm-11-zke8tq38,60933_5_BTM,high
/home/bmeluch/NMDC/nom_processing/monet_nom_metadata/raw/60933_5_BTM_3_MAOM_r3_Mag_20Jan25_3p3kV_300SA_p01_31_1_22172,nmdc:bsm-11-zke8tq38,60933_5_BTM,high
/home/bmeluch/NMDC/nom_processing/monet_nom_metadata/raw/60933_5_T_1_WEOM_r1_Mag_18Jan24_300SA_p01_22_1_14746,nmdc:bsm-11-7rtk1z76,60933_5_TOP,high
/home/bmeluch/NMDC/nom_processing/monet_nom_metadata/raw/60933_5_T_1_WEOM_r2_Mag_18Jan24_300SA_p01_22_1_14839,nmdc:bsm-11-7rtk1z76,60933_5_TOP,high
/home/bmeluch/NMDC/nom_processing/monet_nom_metadata/raw/60933_5_T_1_WEOM_r3_Mag_18Jan24_300SA_p01_22_1_14920,nmdc:bsm-11-7rtk1z76,60933_5_TOP,high
/home/bmeluch/NMDC/nom_processing/monet_nom_metadata/raw/60933_5_T_2_WEOM_r1_Mag_18Jan24_300SA_p01_23_1_14713,nmdc:bsm-11-7rtk1z76,60933_5_TOP,high
/home/bmeluch/NMDC/nom_processing/monet_nom_metadata/raw/60933_5_T_2_WEOM_r2_Mag_18Jan24_300SA_p01_23_1_14800,nmdc:bsm-11-7rtk1z76,60933_5_TOP,high
/home/bmeluch/NMDC/nom_processing/monet_nom_metadata/raw/60933_5_T_2_WEOM_r3_Mag_18Jan24_300SA_p01_23_1_14951,nmdc:bsm-11-7rtk1z76,60933_5_TOP,high
/home/bmeluch/NMDC/nom_processing/monet_nom_metadata/raw/60933_5_T_3_WEOM_r1_Mag_18Jan24_300SA_p01_24_1_14712,nmdc:bsm-11-7rtk1z76,60933_5_TOP,high
/home/bmeluch/NMDC/nom_processing/monet_nom_metadata/raw/60933_5_T_3_WEOM_r2_Mag_18Jan24_300SA_p01_24_1_14808,nmdc:bsm-11-7rtk1z76,60933_5_TOP,high
/home/bmeluch/NMDC/nom_processing/monet_nom_metadata/raw/60933_5_T_3_WEOM_r3_Mag_18Jan24_300SA_p01_24_1_14934,nmdc:bsm-11-7rtk1z76,60933_5_TOP,high
/home/bmeluch/NMDC/nom_processing/monet_nom_metadata/raw/60933_5_TOP_1_MAOM_r1_Mag_05Jan25_3p3kV_300SA_p01_22_1_21604,nmdc:bsm-11-7rtk1z76,60933_5_TOP,high
/home/bmeluch/NMDC/nom_processing/monet_nom_metadata/raw/60933_5_TOP_1_MAOM_r2_Mag_05Jan25_3p3kV_300SA_p01_22_1_21697,nmdc:bsm-11-7rtk1z76,60933_5_TOP,high
/home/bmeluch/NMDC/nom_processing/monet_nom_metadata/raw/60933_5_TOP_1_MAOM_r3_Mag_20Jan25_3p3kV_300SA_p01_22_1_22155,nmdc:bsm-11-7rtk1z76,60933_5_TOP,high
/home/bmeluch/NMDC/nom_processing/monet_nom_metadata/raw/60933_5_TOP_2_MAOM_r1_Mag_05Jan25_3p3kV_300SA_p01_23_1_21615,nmdc:bsm-11-7rtk1z76,60933_5_TOP,high
/home/bmeluch/NMDC/nom_processing/monet_nom_metadata/raw/60933_5_TOP_2_MAOM_r2_Mag_05Jan25_3p3kV_300SA_p01_23_1_21668,nmdc:bsm-11-7rtk1z76,60933_5_TOP,high
/home/bmeluch/NMDC/nom_processing/monet_nom_metadata/raw/60933_5_TOP_2_MAOM_r3_Mag_20Jan25_3p3kV_300SA_p01_23_1_22156,nmdc:bsm-11-7rtk1z76,60933_5_TOP,high
/home/bmeluch/NMDC/nom_processing/monet_nom_metadata/raw/60933_5_TOP_3_MAOM_r1_Mag_05Jan25_3p3kV_300SA_p01_24_1_21612,nmdc:bsm-11-7rtk1z76,60933_5_TOP,high
/home/bmeluch/NMDC/nom_processing/monet_nom_metadata/raw/60933_5_TOP_3_MAOM_r2_Mag_05Jan25_3p3kV_300SA_p01_24_1_21661,nmdc:bsm-11-7rtk1z76,60933_5_TOP,high
/home/bmeluch/NMDC/nom_processing/monet_nom_metadata/raw/60933_5_TOP_3_MAOM_r3_Mag_20Jan25_3p3kV_300SA_p01_24_1_22158,nmdc:bsm-11-7rtk1z76,60933_5_TOP,high
/home/bmeluch/NMDC/nom_processing/monet_nom_metadata/raw/60933_7_B_1_WEOM_r1_Mag_18Jan24_300SA_p01_37_1_14732,nmdc:bsm-11-1hbrcz12,60933_7_BTM,high
/home/bmeluch/NMDC/nom_processing/monet_nom_metadata/raw/60933_7_B_1_WEOM_r2_Mag_18Jan24_300SA_p01_37_1_14838,nmdc:bsm-11-1hbrcz12,60933_7_BTM,high
/home/bmeluch/NMDC/nom_processing/monet_nom_metadata/raw/60933_7_B_1_WEOM_r3_Mag_18Jan24_300SA_p01_37_1_14933,nmdc:bsm-11-1hbrcz12,60933_7_BTM,high
/home/bmeluch/NMDC/nom_processing/monet_nom_metadata/raw/60933_7_B_2_WEOM_r1_Mag_18Jan24_300SA_p01_38_1_14719,nmdc:bsm-11-1hbrcz12,60933_7_BTM,high
/home/bmeluch/NMDC/nom_processing/monet_nom_metadata/raw/60933_7_B_2_WEOM_r2_Mag_18Jan24_300SA_p01_38_1_14813,nmdc:bsm-11-1hbrcz12,60933_7_BTM,high
/home/bmeluch/NMDC/nom_processing/monet_nom_metadata/raw/60933_7_B_2_WEOM_r3_Mag_18Jan24_300SA_p01_38_1_14929,nmdc:bsm-11-1hbrcz12,60933_7_BTM,high
/home/bmeluch/NMDC/nom_processing/monet_nom_metadata/raw/60933_7_B_3_WEOM_r1_Mag_18Jan24_300SA_p01_39_1_14718,nmdc:bsm-11-1hbrcz12,60933_7_BTM,high
/home/bmeluch/NMDC/nom_processing/monet_nom_metadata/raw/60933_7_B_3_WEOM_r2_Mag_18Jan24_300SA_p01_39_1_14854,nmdc:bsm-11-1hbrcz12,60933_7_BTM,high
/home/bmeluch/NMDC/nom_processing/monet_nom_metadata/raw/60933_7_B_3_WEOM_r3_Mag_18Jan24_300SA_p01_39_1_14930,nmdc:bsm-11-1hbrcz12,60933_7_BTM,high
/home/bmeluch/NMDC/nom_processing/monet_nom_metadata/raw/60933_7_BTM_1_MAOM_r1_Mag_05Jan25_3p3kV_300SA_p01_41_1_21617,nmdc:bsm-11-1hbrcz12,60933_7_BTM,high
/home/bmeluch/NMDC/nom_processing/monet_nom_metadata/raw/60933_7_BTM_1_MAOM_r2_Mag_05Jan25_3p3kV_300SA_p01_41_1_21650,nmdc:bsm-11-1hbrcz12,60933_7_BTM,high
/home/bmeluch/NMDC/nom_processing/monet_nom_metadata/raw/60933_7_BTM_1_MAOM_r3_Mag_05Jan25_3p3kV_300SA_p01_41_1_21712,nmdc:bsm-11-1hbrcz12,60933_7_BTM,high
/home/bmeluch/NMDC/nom_processing/monet_nom_metadata/raw/60933_7_BTM_2_MAOM_r1_Mag_05Jan25_3p3kV_300SA_p01_42_1_21591,nmdc:bsm-11-1hbrcz12,60933_7_BTM,high
/home/bmeluch/NMDC/nom_processing/monet_nom_metadata/raw/60933_7_BTM_2_MAOM_r2_Mag_05Jan25_3p3kV_300SA_p01_42_1_21673,nmdc:bsm-11-1hbrcz12,60933_7_BTM,high
/home/bmeluch/NMDC/nom_processing/monet_nom_metadata/raw/60933_7_BTM_2_MAOM_r3_Mag_20Jan25_3p3kV_300SA_p01_42_1_22146,nmdc:bsm-11-1hbrcz12,60933_7_BTM,high
/home/bmeluch/NMDC/nom_processing/monet_nom_metadata/raw/60933_7_BTM_3_MAOM_r1_Mag_05Jan25_3p3kV_300SA_p01_43_1_21597,nmdc:bsm-11-1hbrcz12,60933_7_BTM,high
/home/bmeluch/NMDC/nom_processing/monet_nom_metadata/raw/60933_7_BTM_3_MAOM_r2_Mag_05Jan25_3p3kV_300SA_p01_43_1_21688,nmdc:bsm-11-1hbrcz12,60933_7_BTM,high
/home/bmeluch/NMDC/nom_processing/monet_nom_metadata/raw/60933_7_BTM_3_MAOM_r3_Mag_20Jan25_3p3kV_300SA_p01_43_1_22164,nmdc:bsm-11-1hbrcz12,60933_7_BTM,high
/home/bmeluch/NMDC/nom_processing/monet_nom_metadata/raw/60933_7_T_1_WEOM_r1_Mag_18Jan24_300SA_p01_34_1_14740,nmdc:bsm-11-n7st8t76,60933_7_TOP,high
/home/bmeluch/NMDC/nom_processing/monet_nom_metadata/raw/60933_7_T_1_WEOM_r2_Mag_18Jan24_300SA_p01_34_1_14830,nmdc:bsm-11-n7st8t76,60933_7_TOP,high
/home/bmeluch/NMDC/nom_processing/monet_nom_metadata/raw/60933_7_T_1_WEOM_r3_Mag_18Jan24_300SA_p01_34_1_14942,nmdc:bsm-11-n7st8t76,60933_7_TOP,high
/home/bmeluch/NMDC/nom_processing/monet_nom_metadata/raw/60933_7_T_2_WEOM_r1_Mag_18Jan24_300SA_p01_35_1_14709,nmdc:bsm-11-n7st8t76,60933_7_TOP,high
/home/bmeluch/NMDC/nom_processing/monet_nom_metadata/raw/60933_7_T_2_WEOM_r2_Mag_18Jan24_300SA_p01_35_1_14815,nmdc:bsm-11-n7st8t76,60933_7_TOP,high
/home/bmeluch/NMDC/nom_processing/monet_nom_metadata/raw/60933_7_T_2_WEOM_r3_Mag_18Jan24_300SA_p01_35_1_14906,nmdc:bsm-11-n7st8t76,60933_7_TOP,high
/home/bmeluch/NMDC/nom_processing/monet_nom_metadata/raw/60933_7_T_3_WEOM_r1_Mag_18Jan24_300SA_p01_36_1_14722,nmdc:bsm-11-n7st8t76,60933_7_TOP,high
/home/bmeluch/NMDC/nom_processing/monet_nom_metadata/raw/60933_7_T_3_WEOM_r2_Mag_18Jan24_300SA_p01_36_1_14837,nmdc:bsm-11-n7st8t76,60933_7_TOP,high
/home/bmeluch/NMDC/nom_processing/monet_nom_metadata/raw/60933_7_T_3_WEOM_r3_Mag_18Jan24_300SA_p01_36_1_14956,nmdc:bsm-11-n7st8t76,60933_7_TOP,high
/home/bmeluch/NMDC/nom_processing/monet_nom_metadata/raw/60933_7_TOP_1_MAOM_r1_Mag_05Jan25_3p3kV_300SA_p01_38_1_21637,nmdc:bsm-11-n7st8t76,60933_7_TOP,high
/home/bmeluch/NMDC/nom_processing/monet_nom_metadata/raw/60933_7_TOP_1_MAOM_r2_Mag_05Jan25_3p3kV_300SA_p01_38_1_21663,nmdc:bsm-11-n7st8t76,60933_7_TOP,high
/home/bmeluch/NMDC/nom_processing/monet_nom_metadata/raw/60933_7_TOP_1_MAOM_r3_Mag_20Jan25_3p3kV_300SA_p01_38_1_22179,nmdc:bsm-11-n7st8t76,60933_7_TOP,high
/home/bmeluch/NMDC/nom_processing/monet_nom_metadata/raw/60933_7_TOP_2_MAOM_r1_Mag_05Jan25_3p3kV_300SA_p01_39_1_21596,nmdc:bsm-11-n7st8t76,60933_7_TOP,high
/home/bmeluch/NMDC/nom_processing/monet_nom_metadata/raw/60933_7_TOP_2_MAOM_r2_Mag_05Jan25_3p3kV_300SA_p01_39_1_21683,nmdc:bsm-11-n7st8t76,60933_7_TOP,high
/home/bmeluch/NMDC/nom_processing/monet_nom_metadata/raw/60933_7_TOP_2_MAOM_r3_Mag_20Jan25_3p3kV_300SA_p01_39_1_22138,nmdc:bsm-11-n7st8t76,60933_7_TOP,high
/home/bmeluch/NMDC/nom_processing/monet_nom_metadata/raw/60933_7_TOP_3_MAOM_r1_Mag_05Jan25_3p3kV_300SA_p01_40_1_21608,nmdc:bsm-11-n7st8t76,60933_7_TOP,high
/home/bmeluch/NMDC/nom_processing/monet_nom_metadata/raw/60933_7_TOP_3_MAOM_r2_Mag_05Jan25_3p3kV_300SA_p01_40_1_21675,nmdc:bsm-11-n7st8t76,60933_7_TOP,high
/home/bmeluch/NMDC/nom_processing/monet_nom_metadata/raw/60933_7_TOP_3_MAOM_r3_Mag_20Jan25_3p3kV_300SA_p01_40_1_22148,nmdc:bsm-11-n7st8t76,60933_7_TOP,high
/home/bmeluch/NMDC/nom_processing/monet_nom_metadata/raw/60933_8_T_1_WEOM_r1_Mag_18Jan24_300SA_p01_40_1_14707,nmdc:bsm-11-87vzm356,60933_8_TOP,high
/home/bmeluch/NMDC/nom_processing/monet_nom_metadata/raw/60933_8_T_1_WEOM_r2_Mag_18Jan24_300SA_p01_40_1_14849,nmdc:bsm-11-87vzm356,60933_8_TOP,high
/home/bmeluch/NMDC/nom_processing/monet_nom_metadata/raw/60933_8_T_1_WEOM_r3_Mag_18Jan24_300SA_p01_40_1_14959,nmdc:bsm-11-87vzm356,60933_8_TOP,high
/home/bmeluch/NMDC/nom_processing/monet_nom_metadata/raw/60933_8_T_2_WEOM_r1_Mag_18Jan24_300SA_p01_41_1_14725,nmdc:bsm-11-87vzm356,60933_8_TOP,high
/home/bmeluch/NMDC/nom_processing/monet_nom_metadata/raw/60933_8_T_2_WEOM_r2_Mag_18Jan24_300SA_p01_41_1_14822,nmdc:bsm-11-87vzm356,60933_8_TOP,high
/home/bmeluch/NMDC/nom_processing/monet_nom_metadata/raw/60933_8_T_2_WEOM_r3_Mag_18Jan24_300SA_p01_41_1_14909,nmdc:bsm-11-87vzm356,60933_8_TOP,high
/home/bmeluch/NMDC/nom_processing/monet_nom_metadata/raw/60933_8_T_3_WEOM_r1_Mag_18Jan24_300SA_p01_42_1_14731,nmdc:bsm-11-87vzm356,60933_8_TOP,high
/home/bmeluch/NMDC/nom_processing/monet_nom_metadata/raw/60933_8_T_3_WEOM_r2_Mag_18Jan24_300SA_p01_42_1_14850,nmdc:bsm-11-87vzm356,60933_8_TOP,high
/home/bmeluch/NMDC/nom_processing/monet_nom_metadata/raw/60933_8_T_3_WEOM_r3_Mag_18Jan24_300SA_p01_42_1_14914,nmdc:bsm-11-87vzm356,60933_8_TOP,high
/home/bmeluch/NMDC/nom_processing/monet_nom_metadata/raw/60933_8_TOP_1_MAOM_r1_Mag_05Jan25_3p3kV_300SA_p01_44_1_21644,nmdc:bsm-11-87vzm356,60933_8_TOP,high
/home/bmeluch/NMDC/nom_processing/monet_nom_metadata/raw/60933_8_TOP_1_MAOM_r2_Mag_05Jan25_3p3kV_300SA_p01_44_1_21678,nmdc:bsm-11-87vzm356,60933_8_TOP,high
/home/bmeluch/NMDC/nom_processing/monet_nom_metadata/raw/60933_8_TOP_1_MAOM_r3_Mag_20Jan25_3p3kV_300SA_p01_44_1_22160,nmdc:bsm-11-87vzm356,60933_8_TOP,high
/home/bmeluch/NMDC/nom_processing/monet_nom_metadata/raw/60933_8_TOP_2_MAOM_r1_Mag_05Jan25_3p3kV_300SA_p01_45_1_21616,nmdc:bsm-11-87vzm356,60933_8_TOP,high
/home/bmeluch/NMDC/nom_processing/monet_nom_metadata/raw/60933_8_TOP_2_MAOM_r2_Mag_05Jan25_3p3kV_300SA_p01_45_1_21691,nmdc:bsm-11-87vzm356,60933_8_TOP,high
/home/bmeluch/NMDC/nom_processing/monet_nom_metadata/raw/60933_8_TOP_2_MAOM_r3_Mag_20Jan25_3p3kV_300SA_p01_45_1_22186,nmdc:bsm-11-87vzm356,60933_8_TOP,high
/home/bmeluch/NMDC/nom_processing/monet_nom_metadata/raw/60933_8_TOP_3_MAOM_r1_Mag_05Jan25_3p3kV_300SA_p01_46_1_21638,nmdc:bsm-11-87vzm356,60933_8_TOP,high
/home/bmeluch/NMDC/nom_processing/monet_nom_metadata/raw/60933_8_TOP_3_MAOM_r2_Mag_05Jan25_3p3kV_300SA_p01_46_1_21659,nmdc:bsm-11-87vzm356,60933_8_TOP,high
/home/bmeluch/NMDC/nom_processing/monet_nom_metadata/raw/60933_8_TOP_3_MAOM_r3_Mag_20Jan25_3p3kV_300SA_p01_46_1_22161,nmdc:bsm-11-87vzm356,60933_8_TOP,high
/home/bmeluch/NMDC/nom_processing/monet_nom_metadata/raw/60933_9_T_1_WEOM_r1_Mag_18Jan24_300SA_p01_43_1_14726,nmdc:bsm-11-2wwn6q78,60933_9_TOP,high
/home/bmeluch/NMDC/nom_processing/monet_nom_metadata/raw/60933_9_T_1_WEOM_r2_Mag_18Jan24_300SA_p01_43_1_14810,nmdc:bsm-11-2wwn6q78,60933_9_TOP,high
/home/bmeluch/NMDC/nom_processing/monet_nom_metadata/raw/60933_9_T_1_WEOM_r3_Mag_18Jan24_300SA_p01_43_1_14957,nmdc:bsm-11-2wwn6q78,60933_9_TOP,high
/home/bmeluch/NMDC/nom_processing/monet_nom_metadata/raw/60933_9_T_2_WEOM_r1_Mag_18Jan24_300SA_p01_44_1_14735,nmdc:bsm-11-2wwn6q78,60933_9_TOP,high
/home/bmeluch/NMDC/nom_processing/monet_nom_metadata/raw/60933_9_T_2_WEOM_r2_Mag_18Jan24_300SA_p01_44_1_14855,nmdc:bsm-11-2wwn6q78,60933_9_TOP,high
/home/bmeluch/NMDC/nom_processing/monet_nom_metadata/raw/60933_9_T_2_WEOM_r3_Mag_18Jan24_300SA_p01_44_1_14958,nmdc:bsm-11-2wwn6q78,60933_9_TOP,high
/home/bmeluch/NMDC/nom_processing/monet_nom_metadata/raw/60933_9_T_3_WEOM_r1_Mag_18Jan24_300SA_p01_45_1_14739,nmdc:bsm-11-2wwn6q78,60933_9_TOP,high
/home/bmeluch/NMDC/nom_processing/monet_nom_metadata/raw/60933_9_T_3_WEOM_r2_Mag_18Jan24_300SA_p01_45_1_14829,nmdc:bsm-11-2wwn6q78,60933_9_TOP,high
/home/bmeluch/NMDC/nom_processing/monet_nom_metadata/raw/60933_9_T_3_WEOM_r3_Mag_18Jan24_300SA_p01_45_1_14937,nmdc:bsm-11-2wwn6q78,60933_9_TOP,high
/home/bmeluch/NMDC/nom_processing/monet_nom_metadata/raw/60933_9_TOP_1_MAOM_r1_Mag_05Jan25_3p3kV_300SA_p01_47_1_21622,nmdc:bsm-11-2wwn6q78,60933_9_TOP,high
/home/bmeluch/NMDC/nom_processing/monet_nom_metadata/raw/60933_9_TOP_1_MAOM_r2_Mag_05Jan25_3p3kV_300SA_p01_47_1_21685,nmdc:bsm-11-2wwn6q78,60933_9_TOP,high
/home/bmeluch/NMDC/nom_processing/monet_nom_metadata/raw/60933_9_TOP_1_MAOM_r3_Mag_20Jan25_3p3kV_300SA_p01_47_1_22176,nmdc:bsm-11-2wwn6q78,60933_9_TOP,high
/home/bmeluch/NMDC/nom_processing/monet_nom_metadata/raw/60933_9_TOP_2_MAOM_r1_Mag_05Jan25_3p3kV_300SA_p01_48_1_21627,nmdc:bsm-11-2wwn6q78,60933_9_TOP,high
/home/bmeluch/NMDC/nom_processing/monet_nom_metadata/raw/60933_9_TOP_2_MAOM_r2_Mag_05Jan25_3p3kV_300SA_p01_48_1_21664,nmdc:bsm-11-2wwn6q78,60933_9_TOP,high
/home/bmeluch/NMDC/nom_processing/monet_nom_metadata/raw/60933_9_TOP_2_MAOM_r3_Mag_20Jan25_3p3kV_300SA_p01_48_1_22149,nmdc:bsm-11-2wwn6q78,60933_9_TOP,high
/home/bmeluch/NMDC/nom_processing/monet_nom_metadata/raw/60933_9_TOP_3_MAOM_r1_Mag_05Jan25_3p3kV_300SA_p01_49_1_21605,nmdc:bsm-11-2wwn6q78,60933_9_TOP,high
/home/bmeluch/NMDC/nom_processing/monet_nom_metadata/raw/60933_9_TOP_3_MAOM_r2_Mag_05Jan25_3p3kV_300SA_p01_49_1_21674,nmdc:bsm-11-2wwn6q78,60933_9_TOP,high
/home/bmeluch/NMDC/nom_processing/monet_nom_metadata/raw/60933_9_TOP_3_MAOM_r3_Mag_05Jan25_3p3kV_300SA_p01_49_1_21711,nmdc:bsm-11-2wwn6q78,60933_9_TOP,high
/home/bmeluch/NMDC/nom_processing/monet_nom_metadata/raw/60938_1_B_1_WEOM_r1_Mag_18Jan24_300SA_p01_4_1_14781,nmdc:bsm-11-zeq2dn27,60938_1_BTM,high
/home/bmeluch/NMDC/nom_processing/monet_nom_metadata/raw/60938_1_B_1_WEOM_r2_Mag_18Jan24_300SA_p01_4_1_14865,nmdc:bsm-11-zeq2dn27,60938_1_BTM,high
/home/bmeluch/NMDC/nom_processing/monet_nom_metadata/raw/60938_1_B_1_WEOM_r3_Mag_18Jan24_300SA_p01_4_1_14973,nmdc:bsm-11-zeq2dn27,60938_1_BTM,high
/home/bmeluch/NMDC/nom_processing/monet_nom_metadata/raw/60938_1_B_2_WEOM_r1_Mag_18Jan24_300SA_p01_5_1_14757,nmdc:bsm-11-zeq2dn27,60938_1_BTM,high
/home/bmeluch/NMDC/nom_processing/monet_nom_metadata/raw/60938_1_B_2_WEOM_r2_Mag_18Jan24_300SA_p01_5_1_14894,nmdc:bsm-11-zeq2dn27,60938_1_BTM,high
/home/bmeluch/NMDC/nom_processing/monet_nom_metadata/raw/60938_1_B_2_WEOM_r3_Mag_18Jan24_300SA_p01_5_1_14991,nmdc:bsm-11-zeq2dn27,60938_1_BTM,high
/home/bmeluch/NMDC/nom_processing/monet_nom_metadata/raw/60938_1_B_3_WEOM_r1_Mag_18Jan24_300SA_p01_6_1_14770,nmdc:bsm-11-zeq2dn27,60938_1_BTM,high
/home/bmeluch/NMDC/nom_processing/monet_nom_metadata/raw/60938_1_B_3_WEOM_r2_Mag_18Jan24_300SA_p01_6_1_14861,nmdc:bsm-11-zeq2dn27,60938_1_BTM,high
/home/bmeluch/NMDC/nom_processing/monet_nom_metadata/raw/60938_1_B_3_WEOM_r3_Mag_18Jan24_300SA_p01_6_1_14992,nmdc:bsm-11-zeq2dn27,60938_1_BTM,high
/home/bmeluch/NMDC/nom_processing/monet_nom_metadata/raw/60938_1_BTM_1_MAOM_r1_Mag_03Feb25_3p3kV_300SA_p01_4_1_22775,nmdc:bsm-11-zeq2dn27,60938_1_BTM,high
/home/bmeluch/NMDC/nom_processing/monet_nom_metadata/raw/60938_1_BTM_1_MAOM_r2_Mag_03Feb25_3p3kV_300SA_p01_4_1_22840,nmdc:bsm-11-zeq2dn27,60938_1_BTM,high
/home/bmeluch/NMDC/nom_processing/monet_nom_metadata/raw/60938_1_BTM_1_MAOM_r3_Mag_03Feb25_3p3kV_300SA_p01_4_1_22866,nmdc:bsm-11-zeq2dn27,60938_1_BTM,high
/home/bmeluch/NMDC/nom_processing/monet_nom_metadata/raw/60938_1_BTM_2_MAOM_r1_Mag_03Feb25_3p3kV_300SA_p01_5_1_22760,nmdc:bsm-11-zeq2dn27,60938_1_BTM,high
/home/bmeluch/NMDC/nom_processing/monet_nom_metadata/raw/60938_1_BTM_2_MAOM_r2_Mag_03Feb25_3p3kV_300SA_p01_5_1_22829,nmdc:bsm-11-zeq2dn27,60938_1_BTM,high
/home/bmeluch/NMDC/nom_processing/monet_nom_metadata/raw/60938_1_BTM_2_MAOM_r3_Mag_03Feb25_3p3kV_300SA_p01_5_1_22873,nmdc:bsm-11-zeq2dn27,60938_1_BTM,high
/home/bmeluch/NMDC/nom_processing/monet_nom_metadata/raw/60938_1_BTM_3_MAOM_r1_Mag_03Feb25_3p3kV_300SA_p01_6_1_22761,nmdc:bsm-11-zeq2dn27,60938_1_BTM,high
/home/bmeluch/NMDC/nom_processing/monet_nom_metadata/raw/60938_1_BTM_3_MAOM_r2_Mag_03Feb25_3p3kV_300SA_p01_6_1_22812,nmdc:bsm-11-zeq2dn27,60938_1_BTM,high
/home/bmeluch/NMDC/nom_processing/monet_nom_metadata/raw/60938_1_BTM_3_MAOM_r3_Mag_03Feb25_3p3kV_300SA_p01_6_1_22879,nmdc:bsm-11-zeq2dn27,60938_1_BTM,high
/home/bmeluch/NMDC/nom_processing/monet_nom_metadata/raw/60938_1_T_1_WEOM_r1_Mag_18Jan24_300SA_p01_1_1_14778,nmdc:bsm-11-pfe5kz26,60938_1_TOP,high
/home/bmeluch/NMDC/nom_processing/monet_nom_metadata/raw/60938_1_T_1_WEOM_r2_Mag_18Jan24_300SA_p01_1_1_14889,nmdc:bsm-11-pfe5kz26,60938_1_TOP,high
/home/bmeluch/NMDC/nom_processing/monet_nom_metadata/raw/60938_1_T_1_WEOM_r3_Mag_18Jan24_300SA_p01_1_1_14996,nmdc:bsm-11-pfe5kz26,60938_1_TOP,high
/home/bmeluch/NMDC/nom_processing/monet_nom_metadata/raw/60938_1_T_2_WEOM_r1_Mag_18Jan24_300SA_p01_2_1_14796,nmdc:bsm-11-pfe5kz26,60938_1_TOP,high
/home/bmeluch/NMDC/nom_processing/monet_nom_metadata/raw/60938_1_T_2_WEOM_r2_Mag_18Jan24_300SA_p01_2_1_14878,nmdc:bsm-11-pfe5kz26,60938_1_TOP,high
/home/bmeluch/NMDC/nom_processing/monet_nom_metadata/raw/60938_1_T_2_WEOM_r3_Mag_18Jan24_300SA_p01_2_1_14969,nmdc:bsm-11-pfe5kz26,60938_1_TOP,high
/home/bmeluch/NMDC/nom_processing/monet_nom_metadata/raw/60938_1_T_3_WEOM_r1_Mag_18Jan24_300SA_p01_3_1_14763,nmdc:bsm-11-pfe5kz26,60938_1_TOP,high
/home/bmeluch/NMDC/nom_processing/monet_nom_metadata/raw/60938_1_T_3_WEOM_r2_Mag_18Jan24_300SA_p01_3_1_14892,nmdc:bsm-11-pfe5kz26,60938_1_TOP,high
/home/bmeluch/NMDC/nom_processing/monet_nom_metadata/raw/60938_1_T_3_WEOM_r3_Mag_18Jan24_300SA_p01_3_1_14981,nmdc:bsm-11-pfe5kz26,60938_1_TOP,high
/home/bmeluch/NMDC/nom_processing/monet_nom_metadata/raw/60938_1_TOP_1_MAOM_r1_Mag_03Feb25_3p3kV_300SA_p01_1_1_22779,nmdc:bsm-11-pfe5kz26,60938_1_TOP,high
/home/bmeluch/NMDC/nom_processing/monet_nom_metadata/raw/60938_1_TOP_1_MAOM_r2_Mag_03Feb25_3p3kV_300SA_p01_1_1_22830,nmdc:bsm-11-pfe5kz26,60938_1_TOP,high
/home/bmeluch/NMDC/nom_processing/monet_nom_metadata/raw/60938_1_TOP_1_MAOM_r3_Mag_03Feb25_3p3kV_300SA_p01_1_1_22878,nmdc:bsm-11-pfe5kz26,60938_1_TOP,high
/home/bmeluch/NMDC/nom_processing/monet_nom_metadata/raw/60938_1_TOP_2_MAOM_r1_Mag_03Feb25_3p3kV_300SA_p01_2_1_22780,nmdc:bsm-11-pfe5kz26,60938_1_TOP,high
/home/bmeluch/NMDC/nom_processing/monet_nom_metadata/raw/60938_1_TOP_2_MAOM_r2_Mag_03Feb25_3p3kV_300SA_p01_2_1_22797,nmdc:bsm-11-pfe5kz26,60938_1_TOP,high
/home/bmeluch/NMDC/nom_processing/monet_nom_metadata/raw/60938_1_TOP_2_MAOM_r3_Mag_03Feb25_3p3kV_300SA_p01_2_1_22858,nmdc:bsm-11-pfe5kz26,60938_1_TOP,high
/home/bmeluch/NMDC/nom_processing/monet_nom_metadata/raw/60938_1_TOP_3_MAOM_r1_Mag_03Feb25_3p3kV_300SA_p01_3_1_22777,nmdc:bsm-11-pfe5kz26,60938_1_TOP,high
/home/bmeluch/NMDC/nom_processing/monet_nom_metadata/raw/60938_1_TOP_3_MAOM_r2_Mag_03Feb25_3p3kV_300SA_p01_3_1_22806,nmdc:bsm-11-pfe5kz26,60938_1_TOP,high
/home/bmeluch/NMDC/nom_processing/monet_nom_metadata/raw/60938_1_TOP_3_MAOM_r3_Mag_03Feb25_3p3kV_300SA_p01_3_1_22889,nmdc:bsm-11-pfe5kz26,60938_1_TOP,high
/home/bmeluch/NMDC/nom_processing/monet_nom_metadata/raw/60938_2_B_1_WEOM_r1_Mag_18Jan24_300SA_p01_10_1_14762,nmdc:bsm-11-3qqrvy97,60938_2_BTM,high
/home/bmeluch/NMDC/nom_processing/monet_nom_metadata/raw/60938_2_B_1_WEOM_r2_Mag_18Jan24_300SA_p01_10_1_14875,nmdc:bsm-11-3qqrvy97,60938_2_BTM,high
/home/bmeluch/NMDC/nom_processing/monet_nom_metadata/raw/60938_2_B_1_WEOM_r3_Mag_18Jan24_300SA_p01_10_1_15000,nmdc:bsm-11-3qqrvy97,60938_2_BTM,high
/home/bmeluch/NMDC/nom_processing/monet_nom_metadata/raw/60938_2_B_2_WEOM_r1_Mag_18Jan24_300SA_p01_11_1_14789,nmdc:bsm-11-3qqrvy97,60938_2_BTM,high
/home/bmeluch/NMDC/nom_processing/monet_nom_metadata/raw/60938_2_B_2_WEOM_r2_Mag_18Jan24_300SA_p01_11_1_14863,nmdc:bsm-11-3qqrvy97,60938_2_BTM,high
/home/bmeluch/NMDC/nom_processing/monet_nom_metadata/raw/60938_2_B_2_WEOM_r3_Mag_18Jan24_300SA_p01_11_1_14979,nmdc:bsm-11-3qqrvy97,60938_2_BTM,high
/home/bmeluch/NMDC/nom_processing/monet_nom_metadata/raw/60938_2_B_3_WEOM_r1_Mag_18Jan24_300SA_p01_12_1_14787,nmdc:bsm-11-3qqrvy97,60938_2_BTM,high
/home/bmeluch/NMDC/nom_processing/monet_nom_metadata/raw/60938_2_B_3_WEOM_r2_Mag_18Jan24_300SA_p01_12_1_14893,nmdc:bsm-11-3qqrvy97,60938_2_BTM,high
/home/bmeluch/NMDC/nom_processing/monet_nom_metadata/raw/60938_2_B_3_WEOM_r3_Mag_18Jan24_300SA_p01_12_1_14998,nmdc:bsm-11-3qqrvy97,60938_2_BTM,high
/home/bmeluch/NMDC/nom_processing/monet_nom_metadata/raw/60938_2_BTM_1_MAOM_r1_Mag_03Feb25_3p3kV_300SA_p01_10_1_22771,nmdc:bsm-11-3qqrvy97,60938_2_BTM,high
/home/bmeluch/NMDC/nom_processing/monet_nom_metadata/raw/60938_2_BTM_1_MAOM_r2_Mag_03Feb25_3p3kV_300SA_p01_10_1_22831,nmdc:bsm-11-3qqrvy97,60938_2_BTM,high
/home/bmeluch/NMDC/nom_processing/monet_nom_metadata/raw/60938_2_BTM_1_MAOM_r3_Mag_03Feb25_3p3kV_300SA_p01_10_1_22846,nmdc:bsm-11-3qqrvy97,60938_2_BTM,high
/home/bmeluch/NMDC/nom_processing/monet_nom_metadata/raw/60938_2_BTM_2_MAOM_r1_Mag_03Feb25_3p3kV_300SA_p01_11_1_22768,nmdc:bsm-11-3qqrvy97,60938_2_BTM,high
/home/bmeluch/NMDC/nom_processing/monet_nom_metadata/raw/60938_2_BTM_2_MAOM_r2_Mag_03Feb25_3p3kV_300SA_p01_11_1_22835,nmdc:bsm-11-3qqrvy97,60938_2_BTM,high
/home/bmeluch/NMDC/nom_processing/monet_nom_metadata/raw/60938_2_BTM_2_MAOM_r3_Mag_03Feb25_3p3kV_300SA_p01_11_1_22867,nmdc:bsm-11-3qqrvy97,60938_2_BTM,high
/home/bmeluch/NMDC/nom_processing/monet_nom_metadata/raw/60938_2_BTM_3_MAOM_r1_Mag_03Feb25_3p3kV_300SA_p01_12_1_22763,nmdc:bsm-11-3qqrvy97,60938_2_BTM,high
/home/bmeluch/NMDC/nom_processing/monet_nom_metadata/raw/60938_2_BTM_3_MAOM_r2_Mag_03Feb25_3p3kV_300SA_p01_12_1_22814,nmdc:bsm-11-3qqrvy97,60938_2_BTM,high
/home/bmeluch/NMDC/nom_processing/monet_nom_metadata/raw/60938_2_BTM_3_MAOM_r3_Mag_03Feb25_3p3kV_300SA_p01_12_1_22872,nmdc:bsm-11-3qqrvy97,60938_2_BTM,high
/home/bmeluch/NMDC/nom_processing/monet_nom_metadata/raw/60938_2_T_1_WEOM_r1_Mag_18Jan24_300SA_p01_7_1_14772,nmdc:bsm-11-76wdhf89,60938_2_TOP,high
/home/bmeluch/NMDC/nom_processing/monet_nom_metadata/raw/60938_2_T_1_WEOM_r2_Mag_18Jan24_300SA_p01_7_1_14884,nmdc:bsm-11-76wdhf89,60938_2_TOP,high
/home/bmeluch/NMDC/nom_processing/monet_nom_metadata/raw/60938_2_T_1_WEOM_r3_Mag_18Jan24_300SA_p01_7_1_14983,nmdc:bsm-11-76wdhf89,60938_2_TOP,high
/home/bmeluch/NMDC/nom_processing/monet_nom_metadata/raw/60938_2_T_2_WEOM_r1_Mag_18Jan24_300SA_p01_8_1_14784,nmdc:bsm-11-76wdhf89,60938_2_TOP,high
/home/bmeluch/NMDC/nom_processing/monet_nom_metadata/raw/60938_2_T_2_WEOM_r2_Mag_18Jan24_300SA_p01_8_1_14874,nmdc:bsm-11-76wdhf89,60938_2_TOP,high
/home/bmeluch/NMDC/nom_processing/monet_nom_metadata/raw/60938_2_T_2_WEOM_r3_Mag_18Jan24_300SA_p01_8_1_14977,nmdc:bsm-11-76wdhf89,60938_2_TOP,high
/home/bmeluch/NMDC/nom_processing/monet_nom_metadata/raw/60938_2_T_3_WEOM_r1_Mag_18Jan24_300SA_p01_9_1_14794,nmdc:bsm-11-76wdhf89,60938_2_TOP,high
/home/bmeluch/NMDC/nom_processing/monet_nom_metadata/raw/60938_2_T_3_WEOM_r2_Mag_18Jan24_300SA_p01_9_1_14869,nmdc:bsm-11-76wdhf89,60938_2_TOP,high
/home/bmeluch/NMDC/nom_processing/monet_nom_metadata/raw/60938_2_T_3_WEOM_r3_Mag_18Jan24_300SA_p01_9_1_14975,nmdc:bsm-11-76wdhf89,60938_2_TOP,high
/home/bmeluch/NMDC/nom_processing/monet_nom_metadata/raw/60938_2_TOP_1_MAOM_r1_Mag_03Feb25_3p3kV_300SA_p01_7_1_22758,nmdc:bsm-11-76wdhf89,60938_2_TOP,high
/home/bmeluch/NMDC/nom_processing/monet_nom_metadata/raw/60938_2_TOP_1_MAOM_r2_Mag_03Feb25_3p3kV_300SA_p01_7_1_22817,nmdc:bsm-11-76wdhf89,60938_2_TOP,high
/home/bmeluch/NMDC/nom_processing/monet_nom_metadata/raw/60938_2_TOP_1_MAOM_r3_Mag_03Feb25_3p3kV_300SA_p01_7_1_22875,nmdc:bsm-11-76wdhf89,60938_2_TOP,high
/home/bmeluch/NMDC/nom_processing/monet_nom_metadata/raw/60938_2_TOP_2_MAOM_r1_Mag_03Feb25_3p3kV_300SA_p01_8_1_22748,nmdc:bsm-11-76wdhf89,60938_2_TOP,high
/home/bmeluch/NMDC/nom_processing/monet_nom_metadata/raw/60938_2_TOP_2_MAOM_r2_Mag_03Feb25_3p3kV_300SA_p01_8_1_22803,nmdc:bsm-11-76wdhf89,60938_2_TOP,high
/home/bmeluch/NMDC/nom_processing/monet_nom_metadata/raw/60938_2_TOP_2_MAOM_r3_Mag_03Feb25_3p3kV_300SA_p01_8_1_22853,nmdc:bsm-11-76wdhf89,60938_2_TOP,high
/home/bmeluch/NMDC/nom_processing/monet_nom_metadata/raw/60938_2_TOP_3_MAOM_r1_Mag_03Feb25_3p3kV_300SA_p01_9_1_22765,nmdc:bsm-11-76wdhf89,60938_2_TOP,high
/home/bmeluch/NMDC/nom_processing/monet_nom_metadata/raw/60938_2_TOP_3_MAOM_r2_Mag_03Feb25_3p3kV_300SA_p01_9_1_22820,nmdc:bsm-11-76wdhf89,60938_2_TOP,high
/home/bmeluch/NMDC/nom_processing/monet_nom_metadata/raw/60938_2_TOP_3_MAOM_r3_Mag_03Feb25_3p3kV_300SA_p01_9_1_22883,nmdc:bsm-11-76wdhf89,60938_2_TOP,high
/home/bmeluch/NMDC/nom_processing/monet_nom_metadata/raw/60938_3_B_1_WEOM_r1_Mag_18Jan24_300SA_p01_16_1_14759,nmdc:bsm-11-sbp1kn62,60938_3_BTM,high
/home/bmeluch/NMDC/nom_processing/monet_nom_metadata/raw/60938_3_B_1_WEOM_r2_Mag_18Jan24_300SA_p01_16_1_14887,nmdc:bsm-11-sbp1kn62,60938_3_BTM,high
/home/bmeluch/NMDC/nom_processing/monet_nom_metadata/raw/60938_3_B_1_WEOM_r3_Mag_18Jan24_300SA_p01_16_1_15005,nmdc:bsm-11-sbp1kn62,60938_3_BTM,high
/home/bmeluch/NMDC/nom_processing/monet_nom_metadata/raw/60938_3_B_2_WEOM_r1_Mag_18Jan24_300SA_p01_17_1_14786,nmdc:bsm-11-sbp1kn62,60938_3_BTM,high
/home/bmeluch/NMDC/nom_processing/monet_nom_metadata/raw/60938_3_B_2_WEOM_r2_Mag_18Jan24_300SA_p01_17_1_14897,nmdc:bsm-11-sbp1kn62,60938_3_BTM,high
/home/bmeluch/NMDC/nom_processing/monet_nom_metadata/raw/60938_3_B_2_WEOM_r3_Mag_18Jan24_300SA_p01_17_1_15002,nmdc:bsm-11-sbp1kn62,60938_3_BTM,high
/home/bmeluch/NMDC/nom_processing/monet_nom_metadata/raw/60938_3_B_3_WEOM_r1_Mag_18Jan24_300SA_p01_18_1_14760,nmdc:bsm-11-sbp1kn62,60938_3_BTM,high
/home/bmeluch/NMDC/nom_processing/monet_nom_metadata/raw/60938_3_B_3_WEOM_r2_Mag_18Jan24_300SA_p01_18_1_14868,nmdc:bsm-11-sbp1kn62,60938_3_BTM,high
/home/bmeluch/NMDC/nom_processing/monet_nom_metadata/raw/60938_3_B_3_WEOM_r3_Mag_18Jan24_300SA_p01_18_1_14980,nmdc:bsm-11-sbp1kn62,60938_3_BTM,high
/home/bmeluch/NMDC/nom_processing/monet_nom_metadata/raw/60938_3_BTM_1_MAOM_r1_Mag_03Feb25_3p3kV_300SA_p01_16_1_22793,nmdc:bsm-11-sbp1kn62,60938_3_BTM,high
/home/bmeluch/NMDC/nom_processing/monet_nom_metadata/raw/60938_3_BTM_1_MAOM_r2_Mag_03Feb25_3p3kV_300SA_p01_16_1_22841,nmdc:bsm-11-sbp1kn62,60938_3_BTM,high
/home/bmeluch/NMDC/nom_processing/monet_nom_metadata/raw/60938_3_BTM_1_MAOM_r3_Mag_03Feb25_3p3kV_300SA_p01_16_1_22891,nmdc:bsm-11-sbp1kn62,60938_3_BTM,high
/home/bmeluch/NMDC/nom_processing/monet_nom_metadata/raw/60938_3_BTM_2_MAOM_r1_Mag_03Feb25_3p3kV_300SA_p01_17_1_22755,nmdc:bsm-11-sbp1kn62,60938_3_BTM,high
/home/bmeluch/NMDC/nom_processing/monet_nom_metadata/raw/60938_3_BTM_2_MAOM_r2_Mag_03Feb25_3p3kV_300SA_p01_17_1_22837,nmdc:bsm-11-sbp1kn62,60938_3_BTM,high
/home/bmeluch/NMDC/nom_processing/monet_nom_metadata/raw/60938_3_BTM_2_MAOM_r3_Mag_03Feb25_3p3kV_300SA_p01_17_1_22863,nmdc:bsm-11-sbp1kn62,60938_3_BTM,high
/home/bmeluch/NMDC/nom_processing/monet_nom_metadata/raw/60938_3_BTM_3_MAOM_r1_Mag_03Feb25_3p3kV_300SA_p01_18_1_22783,nmdc:bsm-11-sbp1kn62,60938_3_BTM,high
/home/bmeluch/NMDC/nom_processing/monet_nom_metadata/raw/60938_3_BTM_3_MAOM_r2_Mag_03Feb25_3p3kV_300SA_p01_18_1_22839,nmdc:bsm-11-sbp1kn62,60938_3_BTM,high
/home/bmeluch/NMDC/nom_processing/monet_nom_metadata/raw/60938_3_BTM_3_MAOM_r3_Mag_03Feb25_3p3kV_300SA_p01_18_1_22860,nmdc:bsm-11-sbp1kn62,60938_3_BTM,high
/home/bmeluch/NMDC/nom_processing/monet_nom_metadata/raw/60938_3_T_1_WEOM_r1_Mag_18Jan24_300SA_p01_13_1_14769,nmdc:bsm-11-7rvzdq65,60938_3_TOP,high
/home/bmeluch/NMDC/nom_processing/monet_nom_metadata/raw/60938_3_T_1_WEOM_r2_Mag_18Jan24_300SA_p01_13_1_14898,nmdc:bsm-11-7rvzdq65,60938_3_TOP,high
/home/bmeluch/NMDC/nom_processing/monet_nom_metadata/raw/60938_3_T_1_WEOM_r3_Mag_18Jan24_300SA_p01_13_1_15007,nmdc:bsm-11-7rvzdq65,60938_3_TOP,high
/home/bmeluch/NMDC/nom_processing/monet_nom_metadata/raw/60938_3_T_2_WEOM_r1_Mag_18Jan24_300SA_p01_14_1_14782,nmdc:bsm-11-7rvzdq65,60938_3_TOP,high
/home/bmeluch/NMDC/nom_processing/monet_nom_metadata/raw/60938_3_T_2_WEOM_r2_Mag_18Jan24_300SA_p01_14_1_14888,nmdc:bsm-11-7rvzdq65,60938_3_TOP,high
/home/bmeluch/NMDC/nom_processing/monet_nom_metadata/raw/60938_3_T_2_WEOM_r3_Mag_18Jan24_300SA_p01_14_1_14989,nmdc:bsm-11-7rvzdq65,60938_3_TOP,high
/home/bmeluch/NMDC/nom_processing/monet_nom_metadata/raw/60938_3_T_3_WEOM_r1_Mag_18Jan24_300SA_p01_15_1_14774,nmdc:bsm-11-7rvzdq65,60938_3_TOP,high
/home/bmeluch/NMDC/nom_processing/monet_nom_metadata/raw/60938_3_T_3_WEOM_r2_Mag_18Jan24_300SA_p01_15_1_14864,nmdc:bsm-11-7rvzdq65,60938_3_TOP,high
/home/bmeluch/NMDC/nom_processing/monet_nom_metadata/raw/60938_3_T_3_WEOM_r3_Mag_18Jan24_300SA_p01_15_1_15006,nmdc:bsm-11-7rvzdq65,60938_3_TOP,high
/home/bmeluch/NMDC/nom_processing/monet_nom_metadata/raw/60938_3_TOP_1_MAOM_r1_Mag_03Feb25_3p3kV_300SA_p01_13_1_22785,nmdc:bsm-11-7rvzdq65,60938_3_TOP,high
/home/bmeluch/NMDC/nom_processing/monet_nom_metadata/raw/60938_3_TOP_1_MAOM_r2_Mag_03Feb25_3p3kV_300SA_p01_13_1_22804,nmdc:bsm-11-7rvzdq65,60938_3_TOP,high
/home/bmeluch/NMDC/nom_processing/monet_nom_metadata/raw/60938_3_TOP_1_MAOM_r3_Mag_03Feb25_3p3kV_300SA_p01_13_1_22888,nmdc:bsm-11-7rvzdq65,60938_3_TOP,high
/home/bmeluch/NMDC/nom_processing/monet_nom_metadata/raw/60938_3_TOP_2_MAOM_r1_Mag_03Feb25_3p3kV_300SA_p01_14_1_22773,nmdc:bsm-11-7rvzdq65,60938_3_TOP,high
/home/bmeluch/NMDC/nom_processing/monet_nom_metadata/raw/60938_3_TOP_2_MAOM_r2_Mag_03Feb25_3p3kV_300SA_p01_14_1_22824,nmdc:bsm-11-7rvzdq65,60938_3_TOP,high
/home/bmeluch/NMDC/nom_processing/monet_nom_metadata/raw/60938_3_TOP_2_MAOM_r3_Mag_03Feb25_3p3kV_300SA_p01_14_1_22852,nmdc:bsm-11-7rvzdq65,60938_3_TOP,high
/home/bmeluch/NMDC/nom_processing/monet_nom_metadata/raw/60938_3_TOP_3_MAOM_r1_Mag_03Feb25_3p3kV_300SA_p01_15_1_22791,nmdc:bsm-11-7rvzdq65,60938_3_TOP,high
/home/bmeluch/NMDC/nom_processing/monet_nom_metadata/raw/60938_3_TOP_3_MAOM_r2_Mag_03Feb25_3p3kV_300SA_p01_15_1_22827,nmdc:bsm-11-7rvzdq65,60938_3_TOP,high
/home/bmeluch/NMDC/nom_processing/monet_nom_metadata/raw/60938_3_TOP_3_MAOM_r3_Mag_03Feb25_3p3kV_300SA_p01_15_1_22865,nmdc:bsm-11-7rvzdq65,60938_3_TOP,high
/home/bmeluch/NMDC/nom_processing/monet_nom_metadata/raw/60938_4_B_1_WEOM_r1_Mag_18Jan24_300SA_p01_22_1_14755,nmdc:bsm-11-7rb06p48,60938_4_BTM,high
/home/bmeluch/NMDC/nom_processing/monet_nom_metadata/raw/60938_4_B_1_WEOM_r2_Mag_18Jan24_300SA_p01_22_1_14900,nmdc:bsm-11-7rb06p48,60938_4_BTM,high
/home/bmeluch/NMDC/nom_processing/monet_nom_metadata/raw/60938_4_B_1_WEOM_r3_Mag_18Jan24_300SA_p01_22_1_14994,nmdc:bsm-11-7rb06p48,60938_4_BTM,high
/home/bmeluch/NMDC/nom_processing/monet_nom_metadata/raw/60938_4_B_2_WEOM_r1_Mag_18Jan24_300SA_p01_23_1_14783,nmdc:bsm-11-7rb06p48,60938_4_BTM,high
/home/bmeluch/NMDC/nom_processing/monet_nom_metadata/raw/60938_4_B_2_WEOM_r2_Mag_18Jan24_300SA_p01_23_1_14877,nmdc:bsm-11-7rb06p48,60938_4_BTM,high
/home/bmeluch/NMDC/nom_processing/monet_nom_metadata/raw/60938_4_B_2_WEOM_r3_Mag_18Jan24_300SA_p01_23_1_14978,nmdc:bsm-11-7rb06p48,60938_4_BTM,high
/home/bmeluch/NMDC/nom_processing/monet_nom_metadata/raw/60938_4_B_3_WEOM_r1_Mag_18Jan24_300SA_p01_24_1_14767,nmdc:bsm-11-7rb06p48,60938_4_BTM,high
/home/bmeluch/NMDC/nom_processing/monet_nom_metadata/raw/60938_4_B_3_WEOM_r2_Mag_18Jan24_300SA_p01_24_1_14876,nmdc:bsm-11-7rb06p48,60938_4_BTM,high
/home/bmeluch/NMDC/nom_processing/monet_nom_metadata/raw/60938_4_B_3_WEOM_r3_Mag_18Jan24_300SA_p01_24_1_15003,nmdc:bsm-11-7rb06p48,60938_4_BTM,high
/home/bmeluch/NMDC/nom_processing/monet_nom_metadata/raw/60938_4_BTM_1_MAOM_r1_Mag_03Feb25_3p3kV_300SA_p01_22_1_22769,nmdc:bsm-11-7rb06p48,60938_4_BTM,high
/home/bmeluch/NMDC/nom_processing/monet_nom_metadata/raw/60938_4_BTM_1_MAOM_r2_Mag_03Feb25_3p3kV_300SA_p01_22_1_22838,nmdc:bsm-11-7rb06p48,60938_4_BTM,high
/home/bmeluch/NMDC/nom_processing/monet_nom_metadata/raw/60938_4_BTM_1_MAOM_r3_Mag_03Feb25_3p3kV_300SA_p01_22_1_22885,nmdc:bsm-11-7rb06p48,60938_4_BTM,high
/home/bmeluch/NMDC/nom_processing/monet_nom_metadata/raw/60938_4_BTM_2_MAOM_r1_Mag_03Feb25_3p3kV_300SA_p01_23_1_22792,nmdc:bsm-11-7rb06p48,60938_4_BTM,high
/home/bmeluch/NMDC/nom_processing/monet_nom_metadata/raw/60938_4_BTM_2_MAOM_r2_Mag_03Feb25_3p3kV_300SA_p01_23_1_22809,nmdc:bsm-11-7rb06p48,60938_4_BTM,high
/home/bmeluch/NMDC/nom_processing/monet_nom_metadata/raw/60938_4_BTM_2_MAOM_r3_Mag_03Feb25_3p3kV_300SA_p01_23_1_22848,nmdc:bsm-11-7rb06p48,60938_4_BTM,high
/home/bmeluch/NMDC/nom_processing/monet_nom_metadata/raw/60938_4_BTM_3_MAOM_r1_Mag_03Feb25_3p3kV_300SA_p01_24_1_22751,nmdc:bsm-11-7rb06p48,60938_4_BTM,high
/home/bmeluch/NMDC/nom_processing/monet_nom_metadata/raw/60938_4_BTM_3_MAOM_r2_Mag_03Feb25_3p3kV_300SA_p01_24_1_22796,nmdc:bsm-11-7rb06p48,60938_4_BTM,high
/home/bmeluch/NMDC/nom_processing/monet_nom_metadata/raw/60938_4_BTM_3_MAOM_r3_Mag_03Feb25_3p3kV_300SA_p01_24_1_22861,nmdc:bsm-11-7rb06p48,60938_4_BTM,high
/home/bmeluch/NMDC/nom_processing/monet_nom_metadata/raw/60938_4_T_1_WEOM_r1_Mag_18Jan24_300SA_p01_19_1_14771,nmdc:bsm-11-hphxs123,60938_4_TOP,high
/home/bmeluch/NMDC/nom_processing/monet_nom_metadata/raw/60938_4_T_1_WEOM_r2_Mag_18Jan24_300SA_p01_19_1_14895,nmdc:bsm-11-hphxs123,60938_4_TOP,high
/home/bmeluch/NMDC/nom_processing/monet_nom_metadata/raw/60938_4_T_1_WEOM_r3_Mag_18Jan24_300SA_p01_19_1_14970,nmdc:bsm-11-hphxs123,60938_4_TOP,high
/home/bmeluch/NMDC/nom_processing/monet_nom_metadata/raw/60938_4_T_2_WEOM_r1_Mag_18Jan24_300SA_p01_20_1_14765,nmdc:bsm-11-hphxs123,60938_4_TOP,high
/home/bmeluch/NMDC/nom_processing/monet_nom_metadata/raw/60938_4_T_2_WEOM_r2_Mag_18Jan24_300SA_p01_20_1_14859,nmdc:bsm-11-hphxs123,60938_4_TOP,high
/home/bmeluch/NMDC/nom_processing/monet_nom_metadata/raw/60938_4_T_2_WEOM_r3_Mag_18Jan24_300SA_p01_20_1_14987,nmdc:bsm-11-hphxs123,60938_4_TOP,high
/home/bmeluch/NMDC/nom_processing/monet_nom_metadata/raw/60938_4_T_3_WEOM_r1_Mag_18Jan24_300SA_p01_21_1_14785,nmdc:bsm-11-hphxs123,60938_4_TOP,high
/home/bmeluch/NMDC/nom_processing/monet_nom_metadata/raw/60938_4_T_3_WEOM_r2_Mag_18Jan24_300SA_p01_21_1_14870,nmdc:bsm-11-hphxs123,60938_4_TOP,high
/home/bmeluch/NMDC/nom_processing/monet_nom_metadata/raw/60938_4_T_3_WEOM_r3_Mag_18Jan24_300SA_p01_21_1_14990,nmdc:bsm-11-hphxs123,60938_4_TOP,high
/home/bmeluch/NMDC/nom_processing/monet_nom_metadata/raw/60938_4_TOP_1_MAOM_r1_Mag_03Feb25_3p3kV_300SA_p01_19_1_22757,nmdc:bsm-11-hphxs123,60938_4_TOP,high
/home/bmeluch/NMDC/nom_processing/monet_nom_metadata/raw/60938_4_TOP_1_MAOM_r2_Mag_03Feb25_3p3kV_300SA_p01_19_1_22798,nmdc:bsm-11-hphxs123,60938_4_TOP,high
/home/bmeluch/NMDC/nom_processing/monet_nom_metadata/raw/60938_4_TOP_1_MAOM_r3_Mag_03Feb25_3p3kV_300SA_p01_19_1_22882,nmdc:bsm-11-hphxs123,60938_4_TOP,high
/home/bmeluch/NMDC/nom_processing/monet_nom_metadata/raw/60938_4_TOP_2_MAOM_r1_Mag_03Feb25_3p3kV_300SA_p01_20_1_22786,nmdc:bsm-11-hphxs123,60938_4_TOP,high
/home/bmeluch/NMDC/nom_processing/monet_nom_metadata/raw/60938_4_TOP_2_MAOM_r2_Mag_03Feb25_3p3kV_300SA_p01_20_1_22843,nmdc:bsm-11-hphxs123,60938_4_TOP,high
/home/bmeluch/NMDC/nom_processing/monet_nom_metadata/raw/60938_4_TOP_2_MAOM_r3_Mag_03Feb25_3p3kV_300SA_p01_20_1_22857,nmdc:bsm-11-hphxs123,60938_4_TOP,high
/home/bmeluch/NMDC/nom_processing/monet_nom_metadata/raw/60938_4_TOP_3_MAOM_r1_Mag_03Feb25_3p3kV_300SA_p01_21_1_22790,nmdc:bsm-11-hphxs123,60938_4_TOP,high
/home/bmeluch/NMDC/nom_processing/monet_nom_metadata/raw/60938_4_TOP_3_MAOM_r2_Mag_03Feb25_3p3kV_300SA_p01_21_1_22819,nmdc:bsm-11-hphxs123,60938_4_TOP,high
/home/bmeluch/NMDC/nom_processing/monet_nom_metadata/raw/60938_4_TOP_3_MAOM_r3_Mag_03Feb25_3p3kV_300SA_p01_21_1_22871,nmdc:bsm-11-hphxs123,60938_4_TOP,high
/home/bmeluch/NMDC/nom_processing/monet_nom_metadata/raw/60938_5_B_1_WEOM_r1_Mag_18Jan24_300SA_p01_28_1_14758,nmdc:bsm-11-r095s137,60938_5_BTM,high
/home/bmeluch/NMDC/nom_processing/monet_nom_metadata/raw/60938_5_B_1_WEOM_r2_Mag_18Jan24_300SA_p01_28_1_14867,nmdc:bsm-11-r095s137,60938_5_BTM,high
/home/bmeluch/NMDC/nom_processing/monet_nom_metadata/raw/60938_5_B_1_WEOM_r3_Mag_18Jan24_300SA_p01_28_1_14984,nmdc:bsm-11-r095s137,60938_5_BTM,high
/home/bmeluch/NMDC/nom_processing/monet_nom_metadata/raw/60938_5_B_2_WEOM_r1_Mag_18Jan24_300SA_p01_29_1_14792,nmdc:bsm-11-r095s137,60938_5_BTM,high
/home/bmeluch/NMDC/nom_processing/monet_nom_metadata/raw/60938_5_B_2_WEOM_r2_Mag_18Jan24_300SA_p01_29_1_14866,nmdc:bsm-11-r095s137,60938_5_BTM,high
/home/bmeluch/NMDC/nom_processing/monet_nom_metadata/raw/60938_5_B_2_WEOM_r3_Mag_18Jan24_300SA_p01_29_1_14966,nmdc:bsm-11-r095s137,60938_5_BTM,high
/home/bmeluch/NMDC/nom_processing/monet_nom_metadata/raw/60938_5_B_3_WEOM_r1_Mag_18Jan24_300SA_p01_30_1_14773,nmdc:bsm-11-r095s137,60938_5_BTM,high
/home/bmeluch/NMDC/nom_processing/monet_nom_metadata/raw/60938_5_B_3_WEOM_r2_Mag_18Jan24_300SA_p01_30_1_14891,nmdc:bsm-11-r095s137,60938_5_BTM,high
/home/bmeluch/NMDC/nom_processing/monet_nom_metadata/raw/60938_5_B_3_WEOM_r3_Mag_18Jan24_300SA_p01_30_1_14965,nmdc:bsm-11-r095s137,60938_5_BTM,high
/home/bmeluch/NMDC/nom_processing/monet_nom_metadata/raw/60938_5_BTM_1_MAOM_r1_Mag_03Feb25_3p3kV_300SA_p01_32_1_22749,nmdc:bsm-11-r095s137,60938_5_BTM,high
/home/bmeluch/NMDC/nom_processing/monet_nom_metadata/raw/60938_5_BTM_1_MAOM_r2_Mag_03Feb25_3p3kV_300SA_p01_32_1_22799,nmdc:bsm-11-r095s137,60938_5_BTM,high
/home/bmeluch/NMDC/nom_processing/monet_nom_metadata/raw/60938_5_BTM_1_MAOM_r3_Mag_03Feb25_3p3kV_300SA_p01_32_1_22886,nmdc:bsm-11-r095s137,60938_5_BTM,high
/home/bmeluch/NMDC/nom_processing/monet_nom_metadata/raw/60938_5_BTM_2_MAOM_r1_Mag_03Feb25_3p3kV_300SA_p01_33_1_22795,nmdc:bsm-11-r095s137,60938_5_BTM,high
/home/bmeluch/NMDC/nom_processing/monet_nom_metadata/raw/60938_5_BTM_2_MAOM_r2_Mag_03Feb25_3p3kV_300SA_p01_33_1_22828,nmdc:bsm-11-r095s137,60938_5_BTM,high
/home/bmeluch/NMDC/nom_processing/monet_nom_metadata/raw/60938_5_BTM_2_MAOM_r3_Mag_03Feb25_3p3kV_300SA_p01_33_1_22844,nmdc:bsm-11-r095s137,60938_5_BTM,high
/home/bmeluch/NMDC/nom_processing/monet_nom_metadata/raw/60938_5_BTM_3_MAOM_r1_Mag_03Feb25_3p3kV_300SA_p01_34_1_22784,nmdc:bsm-11-r095s137,60938_5_BTM,high
/home/bmeluch/NMDC/nom_processing/monet_nom_metadata/raw/60938_5_BTM_3_MAOM_r2_Mag_03Feb25_3p3kV_300SA_p01_34_1_22836,nmdc:bsm-11-r095s137,60938_5_BTM,high
/home/bmeluch/NMDC/nom_processing/monet_nom_metadata/raw/60938_5_BTM_3_MAOM_r3_Mag_03Feb25_3p3kV_300SA_p01_34_1_22870,nmdc:bsm-11-r095s137,60938_5_BTM,high
/home/bmeluch/NMDC/nom_processing/monet_nom_metadata/raw/60938_5_T_1_WEOM_r1_Mag_18Jan24_300SA_p01_25_1_14793,nmdc:bsm-11-c4k60540,60938_5_TOP,high
/home/bmeluch/NMDC/nom_processing/monet_nom_metadata/raw/60938_5_T_1_WEOM_r2_Mag_18Jan24_300SA_p01_25_1_14890,nmdc:bsm-11-c4k60540,60938_5_TOP,high
/home/bmeluch/NMDC/nom_processing/monet_nom_metadata/raw/60938_5_T_1_WEOM_r3_Mag_18Jan24_300SA_p01_25_1_14974,nmdc:bsm-11-c4k60540,60938_5_TOP,high
/home/bmeluch/NMDC/nom_processing/monet_nom_metadata/raw/60938_5_T_2_WEOM_r1_Mag_18Jan24_300SA_p01_26_1_14761,nmdc:bsm-11-c4k60540,60938_5_TOP,high
/home/bmeluch/NMDC/nom_processing/monet_nom_metadata/raw/60938_5_T_2_WEOM_r2_Mag_18Jan24_300SA_p01_26_1_14899,nmdc:bsm-11-c4k60540,60938_5_TOP,high
/home/bmeluch/NMDC/nom_processing/monet_nom_metadata/raw/60938_5_T_2_WEOM_r3_Mag_18Jan24_300SA_p01_26_1_14988,nmdc:bsm-11-c4k60540,60938_5_TOP,high
/home/bmeluch/NMDC/nom_processing/monet_nom_metadata/raw/60938_5_T_3_WEOM_r1_Mag_18Jan24_300SA_p01_27_1_14780,nmdc:bsm-11-c4k60540,60938_5_TOP,high
/home/bmeluch/NMDC/nom_processing/monet_nom_metadata/raw/60938_5_T_3_WEOM_r2_Mag_18Jan24_300SA_p01_27_1_14883,nmdc:bsm-11-c4k60540,60938_5_TOP,high
/home/bmeluch/NMDC/nom_processing/monet_nom_metadata/raw/60938_5_T_3_WEOM_r3_Mag_18Jan24_300SA_p01_27_1_14971,nmdc:bsm-11-c4k60540,60938_5_TOP,high
/home/bmeluch/NMDC/nom_processing/monet_nom_metadata/raw/60938_5_TOP_1_MAOM_r1_Mag_03Feb25_3p3kV_300SA_p01_29_1_22754,nmdc:bsm-11-c4k60540,60938_5_TOP,high
/home/bmeluch/NMDC/nom_processing/monet_nom_metadata/raw/60938_5_TOP_1_MAOM_r2_Mag_03Feb25_3p3kV_300SA_p01_29_1_22842,nmdc:bsm-11-c4k60540,60938_5_TOP,high
/home/bmeluch/NMDC/nom_processing/monet_nom_metadata/raw/60938_5_TOP_1_MAOM_r3_Mag_03Feb25_3p3kV_300SA_p01_29_1_22849,nmdc:bsm-11-c4k60540,60938_5_TOP,high
/home/bmeluch/NMDC/nom_processing/monet_nom_metadata/raw/60938_5_TOP_2_MAOM_r1_Mag_03Feb25_3p3kV_300SA_p01_30_1_22750,nmdc:bsm-11-c4k60540,60938_5_TOP,high
/home/bmeluch/NMDC/nom_processing/monet_nom_metadata/raw/60938_5_TOP_2_MAOM_r2_Mag_03Feb25_3p3kV_300SA_p01_30_1_22808,nmdc:bsm-11-c4k60540,60938_5_TOP,high
/home/bmeluch/NMDC/nom_processing/monet_nom_metadata/raw/60938_5_TOP_2_MAOM_r3_Mag_03Feb25_3p3kV_300SA_p01_30_1_22869,nmdc:bsm-11-c4k60540,60938_5_TOP,high
/home/bmeluch/NMDC/nom_processing/monet_nom_metadata/raw/60938_5_TOP_3_MAOM_r1_Mag_03Feb25_3p3kV_300SA_p01_31_1_22772,nmdc:bsm-11-c4k60540,60938_5_TOP,high
/home/bmeluch/NMDC/nom_processing/monet_nom_metadata/raw/60938_5_TOP_3_MAOM_r2_Mag_03Feb25_3p3kV_300SA_p01_31_1_22802,nmdc:bsm-11-c4k60540,60938_5_TOP,high
/home/bmeluch/NMDC/nom_processing/monet_nom_metadata/raw/60938_5_TOP_3_MAOM_r3_Mag_03Feb25_3p3kV_300SA_p01_31_1_22850,nmdc:bsm-11-c4k60540,60938_5_TOP,high
/home/bmeluch/NMDC/nom_processing/monet_nom_metadata/raw/60938_6_B_1_WEOM_r1_Mag_18Jan24_300SA_p01_34_1_14790,nmdc:bsm-11-btnka575,60938_6_BTM,high
/home/bmeluch/NMDC/nom_processing/monet_nom_metadata/raw/60938_6_B_1_WEOM_r2_Mag_18Jan24_300SA_p01_34_1_14902,nmdc:bsm-11-btnka575,60938_6_BTM,high
/home/bmeluch/NMDC/nom_processing/monet_nom_metadata/raw/60938_6_B_1_WEOM_r3_Mag_18Jan24_300SA_p01_34_1_15008,nmdc:bsm-11-btnka575,60938_6_BTM,high
/home/bmeluch/NMDC/nom_processing/monet_nom_metadata/raw/60938_6_B_2_WEOM_r1_Mag_18Jan24_300SA_p01_35_1_14756,nmdc:bsm-11-btnka575,60938_6_BTM,high
/home/bmeluch/NMDC/nom_processing/monet_nom_metadata/raw/60938_6_B_2_WEOM_r2_Mag_18Jan24_300SA_p01_35_1_14886,nmdc:bsm-11-btnka575,60938_6_BTM,high
/home/bmeluch/NMDC/nom_processing/monet_nom_metadata/raw/60938_6_B_2_WEOM_r3_Mag_18Jan24_300SA_p01_35_1_15001,nmdc:bsm-11-btnka575,60938_6_BTM,high
/home/bmeluch/NMDC/nom_processing/monet_nom_metadata/raw/60938_6_B_3_WEOM_r1_Mag_18Jan24_300SA_p01_36_1_14791,nmdc:bsm-11-btnka575,60938_6_BTM,high
/home/bmeluch/NMDC/nom_processing/monet_nom_metadata/raw/60938_6_B_3_WEOM_r2_Mag_18Jan24_300SA_p01_36_1_14882,nmdc:bsm-11-btnka575,60938_6_BTM,high
/home/bmeluch/NMDC/nom_processing/monet_nom_metadata/raw/60938_6_B_3_WEOM_r3_Mag_18Jan24_300SA_p01_36_1_15004,nmdc:bsm-11-btnka575,60938_6_BTM,high
/home/bmeluch/NMDC/nom_processing/monet_nom_metadata/raw/60938_6_BTM_1_MAOM_r1_Mag_03Feb25_3p3kV_300SA_p01_38_1_22781,nmdc:bsm-11-btnka575,60938_6_BTM,high
/home/bmeluch/NMDC/nom_processing/monet_nom_metadata/raw/60938_6_BTM_1_MAOM_r2_Mag_03Feb25_3p3kV_300SA_p01_38_1_22822,nmdc:bsm-11-btnka575,60938_6_BTM,high
/home/bmeluch/NMDC/nom_processing/monet_nom_metadata/raw/60938_6_BTM_1_MAOM_r3_Mag_03Feb25_3p3kV_300SA_p01_38_1_22864,nmdc:bsm-11-btnka575,60938_6_BTM,high
/home/bmeluch/NMDC/nom_processing/monet_nom_metadata/raw/60938_6_BTM_2_MAOM_r1_Mag_03Feb25_3p3kV_300SA_p01_39_1_22759,nmdc:bsm-11-btnka575,60938_6_BTM,high
/home/bmeluch/NMDC/nom_processing/monet_nom_metadata/raw/60938_6_BTM_2_MAOM_r2_Mag_03Feb25_3p3kV_300SA_p01_39_1_22825,nmdc:bsm-11-btnka575,60938_6_BTM,high
/home/bmeluch/NMDC/nom_processing/monet_nom_metadata/raw/60938_6_BTM_2_MAOM_r3_Mag_03Feb25_3p3kV_300SA_p01_39_1_22880,nmdc:bsm-11-btnka575,60938_6_BTM,high
/home/bmeluch/NMDC/nom_processing/monet_nom_metadata/raw/60938_6_BTM_3_MAOM_r1_Mag_03Feb25_3p3kV_300SA_p01_40_1_22764,nmdc:bsm-11-btnka575,60938_6_BTM,high
/home/bmeluch/NMDC/nom_processing/monet_nom_metadata/raw/60938_6_BTM_3_MAOM_r2_Mag_03Feb25_3p3kV_300SA_p01_40_1_22823,nmdc:bsm-11-btnka575,60938_6_BTM,high
/home/bmeluch/NMDC/nom_processing/monet_nom_metadata/raw/60938_6_BTM_3_MAOM_r3_Mag_03Feb25_3p3kV_300SA_p01_40_1_22859,nmdc:bsm-11-btnka575,60938_6_BTM,high
/home/bmeluch/NMDC/nom_processing/monet_nom_metadata/raw/60938_6_T_1_WEOM_r1_Mag_18Jan24_300SA_p01_31_1_14766,nmdc:bsm-11-nyqtyb09,60938_6_TOP,high
/home/bmeluch/NMDC/nom_processing/monet_nom_metadata/raw/60938_6_T_1_WEOM_r2_Mag_18Jan24_300SA_p01_31_1_14881,nmdc:bsm-11-nyqtyb09,60938_6_TOP,high
/home/bmeluch/NMDC/nom_processing/monet_nom_metadata/raw/60938_6_T_1_WEOM_r3_Mag_18Jan24_300SA_p01_31_1_14995,nmdc:bsm-11-nyqtyb09,60938_6_TOP,high
/home/bmeluch/NMDC/nom_processing/monet_nom_metadata/raw/60938_6_T_2_WEOM_r1_Mag_18Jan24_300SA_p01_32_1_14795,nmdc:bsm-11-nyqtyb09,60938_6_TOP,high
/home/bmeluch/NMDC/nom_processing/monet_nom_metadata/raw/60938_6_T_2_WEOM_r2_Mag_18Jan24_300SA_p01_32_1_14896,nmdc:bsm-11-nyqtyb09,60938_6_TOP,high
/home/bmeluch/NMDC/nom_processing/monet_nom_metadata/raw/60938_6_T_2_WEOM_r3_Mag_18Jan24_300SA_p01_32_1_14976,nmdc:bsm-11-nyqtyb09,60938_6_TOP,high
/home/bmeluch/NMDC/nom_processing/monet_nom_metadata/raw/60938_6_T_3_WEOM_r1_Mag_18Jan24_300SA_p01_33_1_14788,nmdc:bsm-11-nyqtyb09,60938_6_TOP,high
/home/bmeluch/NMDC/nom_processing/monet_nom_metadata/raw/60938_6_T_3_WEOM_r2_Mag_18Jan24_300SA_p01_33_1_14885,nmdc:bsm-11-nyqtyb09,60938_6_TOP,high
/home/bmeluch/NMDC/nom_processing/monet_nom_metadata/raw/60938_6_T_3_WEOM_r3_Mag_18Jan24_300SA_p01_33_1_14993,nmdc:bsm-11-nyqtyb09,60938_6_TOP,high
/home/bmeluch/NMDC/nom_processing/monet_nom_metadata/raw/60938_6_TOP_1_MAOM_r1_Mag_03Feb25_3p3kV_300SA_p01_35_1_22746,nmdc:bsm-11-nyqtyb09,60938_6_TOP,high
/home/bmeluch/NMDC/nom_processing/monet_nom_metadata/raw/60938_6_TOP_1_MAOM_r2_Mag_03Feb25_3p3kV_300SA_p01_35_1_22800,nmdc:bsm-11-nyqtyb09,60938_6_TOP,high
/home/bmeluch/NMDC/nom_processing/monet_nom_metadata/raw/60938_6_TOP_1_MAOM_r3_Mag_03Feb25_3p3kV_300SA_p01_35_1_22851,nmdc:bsm-11-nyqtyb09,60938_6_TOP,high
/home/bmeluch/NMDC/nom_processing/monet_nom_metadata/raw/60938_6_TOP_2_MAOM_r1_Mag_03Feb25_3p3kV_300SA_p01_36_1_22776,nmdc:bsm-11-nyqtyb09,60938_6_TOP,high
/home/bmeluch/NMDC/nom_processing/monet_nom_metadata/raw/60938_6_TOP_2_MAOM_r2_Mag_03Feb25_3p3kV_300SA_p01_36_1_22818,nmdc:bsm-11-nyqtyb09,60938_6_TOP,high
/home/bmeluch/NMDC/nom_processing/monet_nom_metadata/raw/60938_6_TOP_2_MAOM_r3_Mag_03Feb25_3p3kV_300SA_p01_36_1_22890,nmdc:bsm-11-nyqtyb09,60938_6_TOP,high
/home/bmeluch/NMDC/nom_processing/monet_nom_metadata/raw/60938_6_TOP_3_MAOM_r1_Mag_03Feb25_3p3kV_300SA_p01_37_1_22753,nmdc:bsm-11-nyqtyb09,60938_6_TOP,high
/home/bmeluch/NMDC/nom_processing/monet_nom_metadata/raw/60938_6_TOP_3_MAOM_r2_Mag_03Feb25_3p3kV_300SA_p01_37_1_22815,nmdc:bsm-11-nyqtyb09,60938_6_TOP,high
/home/bmeluch/NMDC/nom_processing/monet_nom_metadata/raw/60938_6_TOP_3_MAOM_r3_Mag_03Feb25_3p3kV_300SA_p01_37_1_22884,nmdc:bsm-11-nyqtyb09,60938_6_TOP,high
/home/bmeluch/NMDC/nom_processing/monet_nom_metadata/raw/60940_1_B_1_WEOM_r1_Mag_10May24_300SA_p01_4_1_18295,nmdc:bsm-11-dt8kyx12,60940_1_BTM,high
/home/bmeluch/NMDC/nom_processing/monet_nom_metadata/raw/60940_1_B_1_WEOM_r2_Mag_10May24_300SA_p01_4_1_18343,nmdc:bsm-11-dt8kyx12,60940_1_BTM,high
/home/bmeluch/NMDC/nom_processing/monet_nom_metadata/raw/60940_1_B_1_WEOM_r3_Mag_10May24_300SA_p01_4_1_18354,nmdc:bsm-11-dt8kyx12,60940_1_BTM,high
/home/bmeluch/NMDC/nom_processing/monet_nom_metadata/raw/60940_1_B_2_WEOM_r1_Mag_10May24_300SA_p01_5_1_18281,nmdc:bsm-11-dt8kyx12,60940_1_BTM,high
/home/bmeluch/NMDC/nom_processing/monet_nom_metadata/raw/60940_1_B_2_WEOM_r2_Mag_10May24_300SA_p01_5_1_18339,nmdc:bsm-11-dt8kyx12,60940_1_BTM,high
/home/bmeluch/NMDC/nom_processing/monet_nom_metadata/raw/60940_1_B_2_WEOM_r3_Mag_10May24_300SA_p01_5_1_18362,nmdc:bsm-11-dt8kyx12,60940_1_BTM,high
/home/bmeluch/NMDC/nom_processing/monet_nom_metadata/raw/60940_1_B_3_WEOM_r1_Mag_10May24_300SA_p01_6_1_18291,nmdc:bsm-11-dt8kyx12,60940_1_BTM,high
/home/bmeluch/NMDC/nom_processing/monet_nom_metadata/raw/60940_1_B_3_WEOM_r2_Mag_10May24_300SA_p01_6_1_18322,nmdc:bsm-11-dt8kyx12,60940_1_BTM,high
/home/bmeluch/NMDC/nom_processing/monet_nom_metadata/raw/60940_1_B_3_WEOM_r3_Mag_13May24_300SA_p01_6_1_18405,nmdc:bsm-11-dt8kyx12,60940_1_BTM,high
/home/bmeluch/NMDC/nom_processing/monet_nom_metadata/raw/60940_1_BTM_1_MAOM_r1_Mag_19Dec24_3p3kV_300SA_p01_4_1_20975,nmdc:bsm-11-dt8kyx12,60940_1_BTM,high
/home/bmeluch/NMDC/nom_processing/monet_nom_metadata/raw/60940_1_BTM_1_MAOM_r2_Mag_23Dec24_3p3kV_300SA_p01_4_1_21047,nmdc:bsm-11-dt8kyx12,60940_1_BTM,high
/home/bmeluch/NMDC/nom_processing/monet_nom_metadata/raw/60940_1_BTM_1_MAOM_r3_Mag_23Dec24_3p3kV_300SA_p01_4_1_21122,nmdc:bsm-11-dt8kyx12,60940_1_BTM,high
/home/bmeluch/NMDC/nom_processing/monet_nom_metadata/raw/60940_1_BTM_2_MAOM_r1_Mag_19Dec24_3p3kV_300SA_p01_5_1_20994,nmdc:bsm-11-dt8kyx12,60940_1_BTM,high
/home/bmeluch/NMDC/nom_processing/monet_nom_metadata/raw/60940_1_BTM_2_MAOM_r2_Mag_23Dec24_3p3kV_300SA_p01_5_1_21065,nmdc:bsm-11-dt8kyx12,60940_1_BTM,high
/home/bmeluch/NMDC/nom_processing/monet_nom_metadata/raw/60940_1_BTM_2_MAOM_r3_Mag_23Dec24_3p3kV_300SA_p01_5_1_21130,nmdc:bsm-11-dt8kyx12,60940_1_BTM,high
/home/bmeluch/NMDC/nom_processing/monet_nom_metadata/raw/60940_1_BTM_3_MAOM_r1_Mag_19Dec24_3p3kV_300SA_p01_6_1_21000,nmdc:bsm-11-dt8kyx12,60940_1_BTM,high
/home/bmeluch/NMDC/nom_processing/monet_nom_metadata/raw/60940_1_BTM_3_MAOM_r2_Mag_23Dec24_3p3kV_300SA_p01_6_1_21053,nmdc:bsm-11-dt8kyx12,60940_1_BTM,high
/home/bmeluch/NMDC/nom_processing/monet_nom_metadata/raw/60940_1_BTM_3_MAOM_r3_Mag_23Dec24_3p3kV_300SA_p01_6_1_21102,nmdc:bsm-11-dt8kyx12,60940_1_BTM,high
/home/bmeluch/NMDC/nom_processing/monet_nom_metadata/raw/60940_1_T_1_WEOM_r1_Mag_10May24_300SA_p01_1_1_18282,nmdc:bsm-11-7108q110,60940_1_TOP,high
/home/bmeluch/NMDC/nom_processing/monet_nom_metadata/raw/60940_1_T_1_WEOM_r2_Mag_10May24_300SA_p01_1_1_18342,nmdc:bsm-11-7108q110,60940_1_TOP,high
/home/bmeluch/NMDC/nom_processing/monet_nom_metadata/raw/60940_1_T_1_WEOM_r3_Mag_10May24_300SA_p01_1_1_18377,nmdc:bsm-11-7108q110,60940_1_TOP,high
/home/bmeluch/NMDC/nom_processing/monet_nom_metadata/raw/60940_1_T_2_WEOM_r1_Mag_10May24_300SA_p01_2_1_18274,nmdc:bsm-11-7108q110,60940_1_TOP,high
/home/bmeluch/NMDC/nom_processing/monet_nom_metadata/raw/60940_1_T_2_WEOM_r2_Mag_10May24_300SA_p01_2_1_18309,nmdc:bsm-11-7108q110,60940_1_TOP,high
/home/bmeluch/NMDC/nom_processing/monet_nom_metadata/raw/60940_1_T_2_WEOM_r3_Mag_10May24_300SA_p01_2_1_18366,nmdc:bsm-11-7108q110,60940_1_TOP,high
/home/bmeluch/NMDC/nom_processing/monet_nom_metadata/raw/60940_1_T_3_WEOM_r1_Mag_10May24_300SA_p01_3_1_18288,nmdc:bsm-11-7108q110,60940_1_TOP,high
/home/bmeluch/NMDC/nom_processing/monet_nom_metadata/raw/60940_1_T_3_WEOM_r2_Mag_10May24_300SA_p01_3_1_18325,nmdc:bsm-11-7108q110,60940_1_TOP,high
/home/bmeluch/NMDC/nom_processing/monet_nom_metadata/raw/60940_1_T_3_WEOM_r3_Mag_13May24_300SA_p01_3_1_18406,nmdc:bsm-11-7108q110,60940_1_TOP,high
/home/bmeluch/NMDC/nom_processing/monet_nom_metadata/raw/60940_1_TOP_1_MAOM_r1_Mag_19Dec24_3p3kV_300SA_p01_1_1_20986,nmdc:bsm-11-7108q110,60940_1_TOP,high
/home/bmeluch/NMDC/nom_processing/monet_nom_metadata/raw/60940_1_TOP_1_MAOM_r2_Mag_23Dec24_3p3kV_300SA_p01_1_1_21056,nmdc:bsm-11-7108q110,60940_1_TOP,high
/home/bmeluch/NMDC/nom_processing/monet_nom_metadata/raw/60940_1_TOP_1_MAOM_r3_Mag_23Dec24_3p3kV_300SA_p01_1_1_21125,nmdc:bsm-11-7108q110,60940_1_TOP,high
/home/bmeluch/NMDC/nom_processing/monet_nom_metadata/raw/60940_1_TOP_2_MAOM_r1_Mag_19Dec24_3p3kV_300SA_p01_2_1_20970,nmdc:bsm-11-7108q110,60940_1_TOP,high
/home/bmeluch/NMDC/nom_processing/monet_nom_metadata/raw/60940_1_TOP_2_MAOM_r2_Mag_23Dec24_3p3kV_300SA_p01_2_1_21055,nmdc:bsm-11-7108q110,60940_1_TOP,high
/home/bmeluch/NMDC/nom_processing/monet_nom_metadata/raw/60940_1_TOP_2_MAOM_r3_Mag_23Dec24_3p3kV_300SA_p01_2_1_21121,nmdc:bsm-11-7108q110,60940_1_TOP,high
/home/bmeluch/NMDC/nom_processing/monet_nom_metadata/raw/60940_1_TOP_3_MAOM_r1_Mag_19Dec24_3p3kV_300SA_p01_3_1_20999,nmdc:bsm-11-7108q110,60940_1_TOP,high
/home/bmeluch/NMDC/nom_processing/monet_nom_metadata/raw/60940_1_TOP_3_MAOM_r2_Mag_23Dec24_3p3kV_300SA_p01_3_1_21062,nmdc:bsm-11-7108q110,60940_1_TOP,high
/home/bmeluch/NMDC/nom_processing/monet_nom_metadata/raw/60940_1_TOP_3_MAOM_r3_Mag_23Dec24_3p3kV_300SA_p01_3_1_21108,nmdc:bsm-11-7108q110,60940_1_TOP,high
/home/bmeluch/NMDC/nom_processing/monet_nom_metadata/raw/60940_2_B_1_WEOM_r1_Mag_10May24_300SA_p01_10_1_18298,nmdc:bsm-11-hg28nc67,60940_2_BTM,high
/home/bmeluch/NMDC/nom_processing/monet_nom_metadata/raw/60940_2_B_1_WEOM_r2_Mag_10May24_300SA_p01_10_1_18337,nmdc:bsm-11-hg28nc67,60940_2_BTM,high
/home/bmeluch/NMDC/nom_processing/monet_nom_metadata/raw/60940_2_B_1_WEOM_r3_Mag_13May24_300SA_p01_10_1_18404,nmdc:bsm-11-hg28nc67,60940_2_BTM,high
/home/bmeluch/NMDC/nom_processing/monet_nom_metadata/raw/60940_2_B_2_WEOM_r1_Mag_10May24_300SA_p01_11_1_18301,nmdc:bsm-11-hg28nc67,60940_2_BTM,high
/home/bmeluch/NMDC/nom_processing/monet_nom_metadata/raw/60940_2_B_2_WEOM_r2_Mag_10May24_300SA_p01_11_1_18349,nmdc:bsm-11-hg28nc67,60940_2_BTM,high
/home/bmeluch/NMDC/nom_processing/monet_nom_metadata/raw/60940_2_B_2_WEOM_r3_Mag_10May24_300SA_p01_11_1_18367,nmdc:bsm-11-hg28nc67,60940_2_BTM,high
/home/bmeluch/NMDC/nom_processing/monet_nom_metadata/raw/60940_2_B_3_WEOM_r1_Mag_10May24_300SA_p01_12_1_18266,nmdc:bsm-11-hg28nc67,60940_2_BTM,high
/home/bmeluch/NMDC/nom_processing/monet_nom_metadata/raw/60940_2_B_3_WEOM_r2_Mag_10May24_300SA_p01_12_1_18323,nmdc:bsm-11-hg28nc67,60940_2_BTM,high
/home/bmeluch/NMDC/nom_processing/monet_nom_metadata/raw/60940_2_B_3_WEOM_r3_Mag_10May24_300SA_p01_12_1_18358,nmdc:bsm-11-hg28nc67,60940_2_BTM,high
/home/bmeluch/NMDC/nom_processing/monet_nom_metadata/raw/60940_2_BTM_1_MAOM_r1_Mag_19Dec24_3p3kV_300SA_p01_10_1_20980,nmdc:bsm-11-hg28nc67,60940_2_BTM,high
/home/bmeluch/NMDC/nom_processing/monet_nom_metadata/raw/60940_2_BTM_1_MAOM_r2_Mag_23Dec24_3p3kV_300SA_p01_10_1_21067,nmdc:bsm-11-hg28nc67,60940_2_BTM,high
/home/bmeluch/NMDC/nom_processing/monet_nom_metadata/raw/60940_2_BTM_1_MAOM_r3_Mag_23Dec24_3p3kV_300SA_p01_10_1_21104,nmdc:bsm-11-hg28nc67,60940_2_BTM,high
/home/bmeluch/NMDC/nom_processing/monet_nom_metadata/raw/60940_2_BTM_2_MAOM_r1_Mag_19Dec24_3p3kV_300SA_p01_11_1_20985,nmdc:bsm-11-hg28nc67,60940_2_BTM,high
/home/bmeluch/NMDC/nom_processing/monet_nom_metadata/raw/60940_2_BTM_2_MAOM_r2_Mag_23Dec24_3p3kV_300SA_p01_11_1_21069,nmdc:bsm-11-hg28nc67,60940_2_BTM,high
/home/bmeluch/NMDC/nom_processing/monet_nom_metadata/raw/60940_2_BTM_2_MAOM_r3_Mag_23Dec24_3p3kV_300SA_p01_11_1_21107,nmdc:bsm-11-hg28nc67,60940_2_BTM,high
/home/bmeluch/NMDC/nom_processing/monet_nom_metadata/raw/60940_2_BTM_3_MAOM_r1_Mag_19Dec24_3p3kV_300SA_p01_12_1_20988,nmdc:bsm-11-hg28nc67,60940_2_BTM,high
/home/bmeluch/NMDC/nom_processing/monet_nom_metadata/raw/60940_2_BTM_3_MAOM_r2_Mag_23Dec24_3p3kV_300SA_p01_12_1_21043,nmdc:bsm-11-hg28nc67,60940_2_BTM,high
/home/bmeluch/NMDC/nom_processing/monet_nom_metadata/raw/60940_2_BTM_3_MAOM_r3_Mag_23Dec24_3p3kV_300SA_p01_12_1_21106,nmdc:bsm-11-hg28nc67,60940_2_BTM,high
/home/bmeluch/NMDC/nom_processing/monet_nom_metadata/raw/60940_2_T_1_WEOM_r1_Mag_10May24_300SA_p01_7_1_18297,nmdc:bsm-11-sa7v8d18,60940_2_TOP,high
/home/bmeluch/NMDC/nom_processing/monet_nom_metadata/raw/60940_2_T_1_WEOM_r2_Mag_10May24_300SA_p01_7_1_18335,nmdc:bsm-11-sa7v8d18,60940_2_TOP,high
/home/bmeluch/NMDC/nom_processing/monet_nom_metadata/raw/60940_2_T_1_WEOM_r3_Mag_13May24_300SA_p01_7_1_18402,nmdc:bsm-11-sa7v8d18,60940_2_TOP,high
/home/bmeluch/NMDC/nom_processing/monet_nom_metadata/raw/60940_2_T_2_WEOM_r1_Mag_10May24_300SA_p01_8_1_18278,nmdc:bsm-11-sa7v8d18,60940_2_TOP,high
/home/bmeluch/NMDC/nom_processing/monet_nom_metadata/raw/60940_2_T_2_WEOM_r2_Mag_10May24_300SA_p01_8_1_18324,nmdc:bsm-11-sa7v8d18,60940_2_TOP,high
/home/bmeluch/NMDC/nom_processing/monet_nom_metadata/raw/60940_2_T_2_WEOM_r3_Mag_10May24_300SA_p01_8_1_18376,nmdc:bsm-11-sa7v8d18,60940_2_TOP,high
/home/bmeluch/NMDC/nom_processing/monet_nom_metadata/raw/60940_2_T_3_WEOM_r1_Mag_10May24_300SA_p01_9_1_18287,nmdc:bsm-11-sa7v8d18,60940_2_TOP,high
/home/bmeluch/NMDC/nom_processing/monet_nom_metadata/raw/60940_2_T_3_WEOM_r2_Mag_10May24_300SA_p01_9_1_18331,nmdc:bsm-11-sa7v8d18,60940_2_TOP,high
/home/bmeluch/NMDC/nom_processing/monet_nom_metadata/raw/60940_2_T_3_WEOM_r3_Mag_13May24_300SA_p01_9_1_18411,nmdc:bsm-11-sa7v8d18,60940_2_TOP,high
/home/bmeluch/NMDC/nom_processing/monet_nom_metadata/raw/60940_2_TOP_1_MAOM_r1_Mag_19Dec24_3p3kV_300SA_p01_7_1_20972,nmdc:bsm-11-sa7v8d18,60940_2_TOP,high
/home/bmeluch/NMDC/nom_processing/monet_nom_metadata/raw/60940_2_TOP_1_MAOM_r2_Mag_23Dec24_3p3kV_300SA_p01_7_1_21070,nmdc:bsm-11-sa7v8d18,60940_2_TOP,high
/home/bmeluch/NMDC/nom_processing/monet_nom_metadata/raw/60940_2_TOP_1_MAOM_r3_Mag_23Dec24_3p3kV_300SA_p01_7_1_21132,nmdc:bsm-11-sa7v8d18,60940_2_TOP,high
/home/bmeluch/NMDC/nom_processing/monet_nom_metadata/raw/60940_2_TOP_2_MAOM_r1_Mag_19Dec24_3p3kV_300SA_p01_8_1_20979,nmdc:bsm-11-sa7v8d18,60940_2_TOP,high
/home/bmeluch/NMDC/nom_processing/monet_nom_metadata/raw/60940_2_TOP_2_MAOM_r2_Mag_23Dec24_3p3kV_300SA_p01_8_1_21061,nmdc:bsm-11-sa7v8d18,60940_2_TOP,high
/home/bmeluch/NMDC/nom_processing/monet_nom_metadata/raw/60940_2_TOP_2_MAOM_r3_Mag_23Dec24_3p3kV_300SA_p01_8_1_21120,nmdc:bsm-11-sa7v8d18,60940_2_TOP,high
/home/bmeluch/NMDC/nom_processing/monet_nom_metadata/raw/60940_2_TOP_3_MAOM_r1_Mag_19Dec24_3p3kV_300SA_p01_9_1_20993,nmdc:bsm-11-sa7v8d18,60940_2_TOP,high
/home/bmeluch/NMDC/nom_processing/monet_nom_metadata/raw/60940_2_TOP_3_MAOM_r2_Mag_23Dec24_3p3kV_300SA_p01_9_1_21048,nmdc:bsm-11-sa7v8d18,60940_2_TOP,high
/home/bmeluch/NMDC/nom_processing/monet_nom_metadata/raw/60940_2_TOP_3_MAOM_r3_Mag_23Dec24_3p3kV_300SA_p01_9_1_21131,nmdc:bsm-11-sa7v8d18,60940_2_TOP,high
/home/bmeluch/NMDC/nom_processing/monet_nom_metadata/raw/60940_3_B_1_WEOM_r1_Mag_10May24_300SA_p01_13_1_18273,nmdc:bsm-11-pvmt8d73,60940_3_BTM,high
/home/bmeluch/NMDC/nom_processing/monet_nom_metadata/raw/60940_3_B_1_WEOM_r2_Mag_10May24_300SA_p01_13_1_18327,nmdc:bsm-11-pvmt8d73,60940_3_BTM,high
/home/bmeluch/NMDC/nom_processing/monet_nom_metadata/raw/60940_3_B_1_WEOM_r3_Mag_10May24_300SA_p01_13_1_18371,nmdc:bsm-11-pvmt8d73,60940_3_BTM,high
/home/bmeluch/NMDC/nom_processing/monet_nom_metadata/raw/60940_3_B_2_WEOM_r1_Mag_10May24_300SA_p01_14_1_18300,nmdc:bsm-11-pvmt8d73,60940_3_BTM,high
/home/bmeluch/NMDC/nom_processing/monet_nom_metadata/raw/60940_3_B_2_WEOM_r2_Mag_10May24_300SA_p01_14_1_18321,nmdc:bsm-11-pvmt8d73,60940_3_BTM,high
/home/bmeluch/NMDC/nom_processing/monet_nom_metadata/raw/60940_3_B_2_WEOM_r3_Mag_10May24_300SA_p01_14_1_18370,nmdc:bsm-11-pvmt8d73,60940_3_BTM,high
/home/bmeluch/NMDC/nom_processing/monet_nom_metadata/raw/60940_3_B_3_WEOM_r1_Mag_10May24_300SA_p01_15_1_18294,nmdc:bsm-11-pvmt8d73,60940_3_BTM,high
/home/bmeluch/NMDC/nom_processing/monet_nom_metadata/raw/60940_3_B_3_WEOM_r2_Mag_10May24_300SA_p01_15_1_18347,nmdc:bsm-11-pvmt8d73,60940_3_BTM,high
/home/bmeluch/NMDC/nom_processing/monet_nom_metadata/raw/60940_3_B_3_WEOM_r3_Mag_10May24_300SA_p01_15_1_18361,nmdc:bsm-11-pvmt8d73,60940_3_BTM,high
/home/bmeluch/NMDC/nom_processing/monet_nom_metadata/raw/60940_3_BTM_1_MAOM_r1_Mag_19Dec24_3p3kV_300SA_p01_16_1_20976,nmdc:bsm-11-pvmt8d73,60940_3_BTM,high
/home/bmeluch/NMDC/nom_processing/monet_nom_metadata/raw/60940_3_BTM_1_MAOM_r2_Mag_23Dec24_3p3kV_300SA_p01_16_1_21045,nmdc:bsm-11-pvmt8d73,60940_3_BTM,high
/home/bmeluch/NMDC/nom_processing/monet_nom_metadata/raw/60940_3_BTM_1_MAOM_r3_Mag_23Dec24_3p3kV_300SA_p01_16_1_21111,nmdc:bsm-11-pvmt8d73,60940_3_BTM,high
/home/bmeluch/NMDC/nom_processing/monet_nom_metadata/raw/60940_3_BTM_2_MAOM_r1_Mag_19Dec24_3p3kV_300SA_p01_17_1_21002,nmdc:bsm-11-pvmt8d73,60940_3_BTM,high
/home/bmeluch/NMDC/nom_processing/monet_nom_metadata/raw/60940_3_BTM_2_MAOM_r2_Mag_23Dec24_3p3kV_300SA_p01_17_1_21075,nmdc:bsm-11-pvmt8d73,60940_3_BTM,high
/home/bmeluch/NMDC/nom_processing/monet_nom_metadata/raw/60940_3_BTM_2_MAOM_r3_Mag_23Dec24_3p3kV_300SA_p01_17_1_21124,nmdc:bsm-11-pvmt8d73,60940_3_BTM,high
/home/bmeluch/NMDC/nom_processing/monet_nom_metadata/raw/60940_3_BTM_3_MAOM_r1_Mag_19Dec24_3p3kV_300SA_p01_18_1_20973,nmdc:bsm-11-pvmt8d73,60940_3_BTM,high
/home/bmeluch/NMDC/nom_processing/monet_nom_metadata/raw/60940_3_BTM_3_MAOM_r2_Mag_23Dec24_3p3kV_300SA_p01_18_1_21057,nmdc:bsm-11-pvmt8d73,60940_3_BTM,high
/home/bmeluch/NMDC/nom_processing/monet_nom_metadata/raw/60940_3_BTM_3_MAOM_r3_Mag_23Dec24_3p3kV_300SA_p01_18_1_21112,nmdc:bsm-11-pvmt8d73,60940_3_BTM,high
/home/bmeluch/NMDC/nom_processing/monet_nom_metadata/raw/60940_3_TOP_1_MAOM_r1_Mag_19Dec24_3p3kV_300SA_p01_13_1_20974,nmdc:bsm-11-3vy6w985,60940_3_TOP,high
/home/bmeluch/NMDC/nom_processing/monet_nom_metadata/raw/60940_3_TOP_1_MAOM_r2_Mag_23Dec24_3p3kV_300SA_p01_13_1_21054,nmdc:bsm-11-3vy6w985,60940_3_TOP,high
/home/bmeluch/NMDC/nom_processing/monet_nom_metadata/raw/60940_3_TOP_1_MAOM_r3_Mag_23Dec24_3p3kV_300SA_p01_13_1_21134,nmdc:bsm-11-3vy6w985,60940_3_TOP,high
/home/bmeluch/NMDC/nom_processing/monet_nom_metadata/raw/60940_3_TOP_2_MAOM_r1_Mag_19Dec24_3p3kV_300SA_p01_14_1_21001,nmdc:bsm-11-3vy6w985,60940_3_TOP,high
/home/bmeluch/NMDC/nom_processing/monet_nom_metadata/raw/60940_3_TOP_2_MAOM_r2_Mag_23Dec24_3p3kV_300SA_p01_14_1_21046,nmdc:bsm-11-3vy6w985,60940_3_TOP,high
/home/bmeluch/NMDC/nom_processing/monet_nom_metadata/raw/60940_3_TOP_2_MAOM_r3_Mag_23Dec24_3p3kV_300SA_p01_14_1_21116,nmdc:bsm-11-3vy6w985,60940_3_TOP,high
/home/bmeluch/NMDC/nom_processing/monet_nom_metadata/raw/60940_3_TOP_3_MAOM_r1_Mag_19Dec24_3p3kV_300SA_p01_15_1_20981,nmdc:bsm-11-3vy6w985,60940_3_TOP,high
/home/bmeluch/NMDC/nom_processing/monet_nom_metadata/raw/60940_3_TOP_3_MAOM_r2_Mag_23Dec24_3p3kV_300SA_p01_15_1_21060,nmdc:bsm-11-3vy6w985,60940_3_TOP,high
/home/bmeluch/NMDC/nom_processing/monet_nom_metadata/raw/60940_3_TOP_3_MAOM_r3_Mag_23Dec24_3p3kV_300SA_p01_15_1_21126,nmdc:bsm-11-3vy6w985,60940_3_TOP,high
/home/bmeluch/NMDC/nom_processing/monet_nom_metadata/raw/60940_4_B_1_WEOM_r1_Mag_10May24_300SA_p01_19_1_18271,nmdc:bsm-11-18pxzb37,60940_4_BTM,high
/home/bmeluch/NMDC/nom_processing/monet_nom_metadata/raw/60940_4_B_1_WEOM_r2_Mag_10May24_300SA_p01_19_1_18340,nmdc:bsm-11-18pxzb37,60940_4_BTM,high
/home/bmeluch/NMDC/nom_processing/monet_nom_metadata/raw/60940_4_B_1_WEOM_r3_Mag_13May24_300SA_p01_19_1_18412,nmdc:bsm-11-18pxzb37,60940_4_BTM,high
/home/bmeluch/NMDC/nom_processing/monet_nom_metadata/raw/60940_4_B_2_WEOM_r1_Mag_10May24_300SA_p01_20_1_18296,nmdc:bsm-11-18pxzb37,60940_4_BTM,high
/home/bmeluch/NMDC/nom_processing/monet_nom_metadata/raw/60940_4_B_2_WEOM_r2_Mag_10May24_300SA_p01_20_1_18348,nmdc:bsm-11-18pxzb37,60940_4_BTM,high
/home/bmeluch/NMDC/nom_processing/monet_nom_metadata/raw/60940_4_B_2_WEOM_r3_Mag_10May24_300SA_p01_20_1_18365,nmdc:bsm-11-18pxzb37,60940_4_BTM,high
/home/bmeluch/NMDC/nom_processing/monet_nom_metadata/raw/60940_4_B_3_WEOM_r1_Mag_10May24_300SA_p01_21_1_18265,nmdc:bsm-11-18pxzb37,60940_4_BTM,high
/home/bmeluch/NMDC/nom_processing/monet_nom_metadata/raw/60940_4_B_3_WEOM_r2_Mag_10May24_300SA_p01_21_1_18312,nmdc:bsm-11-18pxzb37,60940_4_BTM,high
/home/bmeluch/NMDC/nom_processing/monet_nom_metadata/raw/60940_4_B_3_WEOM_r3_Mag_10May24_300SA_p01_21_1_18355,nmdc:bsm-11-18pxzb37,60940_4_BTM,high
/home/bmeluch/NMDC/nom_processing/monet_nom_metadata/raw/60940_4_BTM_1_MAOM_r1_Mag_19Dec24_3p3kV_300SA_p01_22_1_20984,nmdc:bsm-11-18pxzb37,60940_4_BTM,high
/home/bmeluch/NMDC/nom_processing/monet_nom_metadata/raw/60940_4_BTM_1_MAOM_r2_Mag_23Dec24_3p3kV_300SA_p01_22_1_21077,nmdc:bsm-11-18pxzb37,60940_4_BTM,high
/home/bmeluch/NMDC/nom_processing/monet_nom_metadata/raw/60940_4_BTM_1_MAOM_r3_Mag_23Dec24_3p3kV_300SA_p01_22_1_21115,nmdc:bsm-11-18pxzb37,60940_4_BTM,high
/home/bmeluch/NMDC/nom_processing/monet_nom_metadata/raw/60940_4_BTM_2_MAOM_r1_Mag_19Dec24_3p3kV_300SA_p01_23_1_20978,nmdc:bsm-11-18pxzb37,60940_4_BTM,high
/home/bmeluch/NMDC/nom_processing/monet_nom_metadata/raw/60940_4_BTM_2_MAOM_r2_Mag_23Dec24_3p3kV_300SA_p01_23_1_21059,nmdc:bsm-11-18pxzb37,60940_4_BTM,high
/home/bmeluch/NMDC/nom_processing/monet_nom_metadata/raw/60940_4_BTM_2_MAOM_r3_Mag_23Dec24_3p3kV_300SA_p01_23_1_21105,nmdc:bsm-11-18pxzb37,60940_4_BTM,high
/home/bmeluch/NMDC/nom_processing/monet_nom_metadata/raw/60940_4_BTM_3_MAOM_r1_Mag_19Dec24_3p3kV_300SA_p01_24_1_20995,nmdc:bsm-11-18pxzb37,60940_4_BTM,high
/home/bmeluch/NMDC/nom_processing/monet_nom_metadata/raw/60940_4_BTM_3_MAOM_r2_Mag_23Dec24_3p3kV_300SA_p01_24_1_21042,nmdc:bsm-11-18pxzb37,60940_4_BTM,high
/home/bmeluch/NMDC/nom_processing/monet_nom_metadata/raw/60940_4_BTM_3_MAOM_r3_Mag_23Dec24_3p3kV_300SA_p01_24_1_21101,nmdc:bsm-11-18pxzb37,60940_4_BTM,high
/home/bmeluch/NMDC/nom_processing/monet_nom_metadata/raw/60940_4_T_1_WEOM_r1_Mag_10May24_300SA_p01_16_1_18304,nmdc:bsm-11-qvs0ps77,60940_4_TOP,high
/home/bmeluch/NMDC/nom_processing/monet_nom_metadata/raw/60940_4_T_1_WEOM_r2_Mag_10May24_300SA_p01_16_1_18313,nmdc:bsm-11-qvs0ps77,60940_4_TOP,high
/home/bmeluch/NMDC/nom_processing/monet_nom_metadata/raw/60940_4_T_1_WEOM_r3_Mag_10May24_300SA_p01_16_1_18352,nmdc:bsm-11-qvs0ps77,60940_4_TOP,high
/home/bmeluch/NMDC/nom_processing/monet_nom_metadata/raw/60940_4_T_2_WEOM_r1_Mag_10May24_300SA_p01_17_1_18305,nmdc:bsm-11-qvs0ps77,60940_4_TOP,high
/home/bmeluch/NMDC/nom_processing/monet_nom_metadata/raw/60940_4_T_2_WEOM_r2_Mag_10May24_300SA_p01_17_1_18317,nmdc:bsm-11-qvs0ps77,60940_4_TOP,high
/home/bmeluch/NMDC/nom_processing/monet_nom_metadata/raw/60940_4_T_2_WEOM_r3_Mag_10May24_300SA_p01_17_1_18369,nmdc:bsm-11-qvs0ps77,60940_4_TOP,high
/home/bmeluch/NMDC/nom_processing/monet_nom_metadata/raw/60940_4_T_3_WEOM_r1_Mag_10May24_300SA_p01_18_1_18280,nmdc:bsm-11-qvs0ps77,60940_4_TOP,high
/home/bmeluch/NMDC/nom_processing/monet_nom_metadata/raw/60940_4_T_3_WEOM_r2_Mag_10May24_300SA_p01_18_1_18330,nmdc:bsm-11-qvs0ps77,60940_4_TOP,high
/home/bmeluch/NMDC/nom_processing/monet_nom_metadata/raw/60940_4_T_3_WEOM_r3_Mag_13May24_300SA_p01_18_1_18401,nmdc:bsm-11-qvs0ps77,60940_4_TOP,high
/home/bmeluch/NMDC/nom_processing/monet_nom_metadata/raw/60940_4_TOP_1_MAOM_r1_Mag_19Dec24_3p3kV_300SA_p01_19_1_20982,nmdc:bsm-11-qvs0ps77,60940_4_TOP,high
/home/bmeluch/NMDC/nom_processing/monet_nom_metadata/raw/60940_4_TOP_1_MAOM_r2_Mag_23Dec24_3p3kV_300SA_p01_19_1_21066,nmdc:bsm-11-qvs0ps77,60940_4_TOP,high
/home/bmeluch/NMDC/nom_processing/monet_nom_metadata/raw/60940_4_TOP_1_MAOM_r3_Mag_23Dec24_3p3kV_300SA_p01_19_1_21127,nmdc:bsm-11-qvs0ps77,60940_4_TOP,high
/home/bmeluch/NMDC/nom_processing/monet_nom_metadata/raw/60940_4_TOP_2_MAOM_r1_Mag_19Dec24_3p3kV_300SA_p01_20_1_20987,nmdc:bsm-11-qvs0ps77,60940_4_TOP,high
/home/bmeluch/NMDC/nom_processing/monet_nom_metadata/raw/60940_4_TOP_2_MAOM_r2_Mag_23Dec24_3p3kV_300SA_p01_20_1_21076,nmdc:bsm-11-qvs0ps77,60940_4_TOP,high
/home/bmeluch/NMDC/nom_processing/monet_nom_metadata/raw/60940_4_TOP_2_MAOM_r3_Mag_23Dec24_3p3kV_300SA_p01_20_1_21114,nmdc:bsm-11-qvs0ps77,60940_4_TOP,high
/home/bmeluch/NMDC/nom_processing/monet_nom_metadata/raw/60940_4_TOP_3_MAOM_r1_Mag_19Dec24_3p3kV_300SA_p01_21_1_20998,nmdc:bsm-11-qvs0ps77,60940_4_TOP,high
/home/bmeluch/NMDC/nom_processing/monet_nom_metadata/raw/60940_4_TOP_3_MAOM_r2_Mag_23Dec24_3p3kV_300SA_p01_21_1_21071,nmdc:bsm-11-qvs0ps77,60940_4_TOP,high
/home/bmeluch/NMDC/nom_processing/monet_nom_metadata/raw/60940_4_TOP_3_MAOM_r3_Mag_23Dec24_3p3kV_300SA_p01_21_1_21129,nmdc:bsm-11-qvs0ps77,60940_4_TOP,high
/home/bmeluch/NMDC/nom_processing/monet_nom_metadata/raw/60942_1_B_1_WEOM_r1_Mag_07Mar24_300SA_p01_4_1_16993,nmdc:bsm-11-jvxy3212,60942_1_BTM,high
/home/bmeluch/NMDC/nom_processing/monet_nom_metadata/raw/60942_1_B_1_WEOM_r2_Mag_07Mar24_300SA_p01_4_1_17021,nmdc:bsm-11-jvxy3212,60942_1_BTM,high
/home/bmeluch/NMDC/nom_processing/monet_nom_metadata/raw/60942_1_B_1_WEOM_r3_Mag_07Mar24_300SA_p01_4_1_17074,nmdc:bsm-11-jvxy3212,60942_1_BTM,high
/home/bmeluch/NMDC/nom_processing/monet_nom_metadata/raw/60942_1_B_2_WEOM_r1_Mag_07Mar24_300SA_p01_5_1_16998,nmdc:bsm-11-jvxy3212,60942_1_BTM,high
/home/bmeluch/NMDC/nom_processing/monet_nom_metadata/raw/60942_1_B_2_WEOM_r2_Mag_07Mar24_300SA_p01_5_1_17053,nmdc:bsm-11-jvxy3212,60942_1_BTM,high
/home/bmeluch/NMDC/nom_processing/monet_nom_metadata/raw/60942_1_B_2_WEOM_r3_Mag_07Mar24_300SA_p01_5_1_17069,nmdc:bsm-11-jvxy3212,60942_1_BTM,high
/home/bmeluch/NMDC/nom_processing/monet_nom_metadata/raw/60942_1_B_3_WEOM_r1_Mag_07Mar24_300SA_p01_6_1_16978,nmdc:bsm-11-jvxy3212,60942_1_BTM,high
/home/bmeluch/NMDC/nom_processing/monet_nom_metadata/raw/60942_1_B_3_WEOM_r2_Mag_07Mar24_300SA_p01_6_1_17049,nmdc:bsm-11-jvxy3212,60942_1_BTM,high
/home/bmeluch/NMDC/nom_processing/monet_nom_metadata/raw/60942_1_B_3_WEOM_r3_Mag_07Mar24_300SA_p01_6_1_17091,nmdc:bsm-11-jvxy3212,60942_1_BTM,high
/home/bmeluch/NMDC/nom_processing/monet_nom_metadata/raw/60942_1_BTM_1_MAOM_r1_Mag_19Feb25_3p3kV_300SA_p01_10_1_23498,nmdc:bsm-11-jvxy3212,60942_1_BTM,high
/home/bmeluch/NMDC/nom_processing/monet_nom_metadata/raw/60942_1_BTM_1_MAOM_r2_Mag_19Feb25_3p3kV_300SA_p01_10_1_23526,nmdc:bsm-11-jvxy3212,60942_1_BTM,high
/home/bmeluch/NMDC/nom_processing/monet_nom_metadata/raw/60942_1_BTM_1_MAOM_r3_Mag_19Feb25_3p3kV_300SA_p01_10_1_23584,nmdc:bsm-11-jvxy3212,60942_1_BTM,high
/home/bmeluch/NMDC/nom_processing/monet_nom_metadata/raw/60942_1_BTM_2_MAOM_r1_Mag_19Feb25_3p3kV_300SA_p01_11_1_23483,nmdc:bsm-11-jvxy3212,60942_1_BTM,high
/home/bmeluch/NMDC/nom_processing/monet_nom_metadata/raw/60942_1_BTM_2_MAOM_r2_Mag_19Feb25_3p3kV_300SA_p01_11_1_23523,nmdc:bsm-11-jvxy3212,60942_1_BTM,high
/home/bmeluch/NMDC/nom_processing/monet_nom_metadata/raw/60942_1_BTM_2_MAOM_r3_Mag_19Feb25_3p3kV_300SA_p01_11_1_23566,nmdc:bsm-11-jvxy3212,60942_1_BTM,high
/home/bmeluch/NMDC/nom_processing/monet_nom_metadata/raw/60942_1_BTM_3_MAOM_r1_Mag_19Feb25_3p3kV_300SA_p01_12_1_23479,nmdc:bsm-11-jvxy3212,60942_1_BTM,high
/home/bmeluch/NMDC/nom_processing/monet_nom_metadata/raw/60942_1_BTM_3_MAOM_r2_Mag_19Feb25_3p3kV_300SA_p01_12_1_23536,nmdc:bsm-11-jvxy3212,60942_1_BTM,high
/home/bmeluch/NMDC/nom_processing/monet_nom_metadata/raw/60942_1_BTM_3_MAOM_r3_Mag_19Feb25_3p3kV_300SA_p01_12_1_23591,nmdc:bsm-11-jvxy3212,60942_1_BTM,high
/home/bmeluch/NMDC/nom_processing/monet_nom_metadata/raw/60942_1_T_1_WEOM_r1_Mag_07Mar24_300SA_p01_1_1_16994,nmdc:bsm-11-cnz9t034,60942_1_TOP,high
/home/bmeluch/NMDC/nom_processing/monet_nom_metadata/raw/60942_1_T_1_WEOM_r2_Mag_07Mar24_300SA_p01_1_1_17025,nmdc:bsm-11-cnz9t034,60942_1_TOP,high
/home/bmeluch/NMDC/nom_processing/monet_nom_metadata/raw/60942_1_T_1_WEOM_r3_Mag_07Mar24_300SA_p01_1_1_17077,nmdc:bsm-11-cnz9t034,60942_1_TOP,high
/home/bmeluch/NMDC/nom_processing/monet_nom_metadata/raw/60942_1_T_2_WEOM_r1_Mag_07Mar24_300SA_p01_2_1_17002,nmdc:bsm-11-cnz9t034,60942_1_TOP,high
/home/bmeluch/NMDC/nom_processing/monet_nom_metadata/raw/60942_1_T_2_WEOM_r2_Mag_07Mar24_300SA_p01_2_1_17033,nmdc:bsm-11-cnz9t034,60942_1_TOP,high
/home/bmeluch/NMDC/nom_processing/monet_nom_metadata/raw/60942_1_T_2_WEOM_r3_Mag_07Mar24_300SA_p01_2_1_17092,nmdc:bsm-11-cnz9t034,60942_1_TOP,high
/home/bmeluch/NMDC/nom_processing/monet_nom_metadata/raw/60942_1_T_3_WEOM_r1_Mag_07Mar24_300SA_p01_3_1_16972,nmdc:bsm-11-cnz9t034,60942_1_TOP,high
/home/bmeluch/NMDC/nom_processing/monet_nom_metadata/raw/60942_1_T_3_WEOM_r2_Mag_07Mar24_300SA_p01_3_1_17051,nmdc:bsm-11-cnz9t034,60942_1_TOP,high
/home/bmeluch/NMDC/nom_processing/monet_nom_metadata/raw/60942_1_T_3_WEOM_r3_Mag_07Mar24_300SA_p01_3_1_17063,nmdc:bsm-11-cnz9t034,60942_1_TOP,high
/home/bmeluch/NMDC/nom_processing/monet_nom_metadata/raw/60942_1_TOP_1_MAOM_r1_Mag_19Feb25_3p3kV_300SA_p01_7_1_23492,nmdc:bsm-11-cnz9t034,60942_1_TOP,high
/home/bmeluch/NMDC/nom_processing/monet_nom_metadata/raw/60942_1_TOP_1_MAOM_r2_Mag_19Feb25_3p3kV_300SA_p01_7_1_23525,nmdc:bsm-11-cnz9t034,60942_1_TOP,high
/home/bmeluch/NMDC/nom_processing/monet_nom_metadata/raw/60942_1_TOP_1_MAOM_r3_Mag_19Feb25_3p3kV_300SA_p01_7_1_23592,nmdc:bsm-11-cnz9t034,60942_1_TOP,high
/home/bmeluch/NMDC/nom_processing/monet_nom_metadata/raw/60942_1_TOP_2_MAOM_r1_Mag_19Feb25_3p3kV_300SA_p01_8_1_23462,nmdc:bsm-11-cnz9t034,60942_1_TOP,high
/home/bmeluch/NMDC/nom_processing/monet_nom_metadata/raw/60942_1_TOP_2_MAOM_r2_Mag_19Feb25_3p3kV_300SA_p01_8_1_23527,nmdc:bsm-11-cnz9t034,60942_1_TOP,high
/home/bmeluch/NMDC/nom_processing/monet_nom_metadata/raw/60942_1_TOP_2_MAOM_r3_Mag_19Feb25_3p3kV_300SA_p01_8_1_23565,nmdc:bsm-11-cnz9t034,60942_1_TOP,high
/home/bmeluch/NMDC/nom_processing/monet_nom_metadata/raw/60942_1_TOP_3_MAOM_r1_Mag_19Feb25_3p3kV_300SA_p01_9_1_23482,nmdc:bsm-11-cnz9t034,60942_1_TOP,high
/home/bmeluch/NMDC/nom_processing/monet_nom_metadata/raw/60942_1_TOP_3_MAOM_r2_Mag_19Feb25_3p3kV_300SA_p01_9_1_23514,nmdc:bsm-11-cnz9t034,60942_1_TOP,high
/home/bmeluch/NMDC/nom_processing/monet_nom_metadata/raw/60942_1_TOP_3_MAOM_r3_Mag_19Feb25_3p3kV_300SA_p01_9_1_23587,nmdc:bsm-11-cnz9t034,60942_1_TOP,high
/home/bmeluch/NMDC/nom_processing/monet_nom_metadata/raw/60942_2_B_1_WEOM_r1_Mag_07Mar24_300SA_p01_10_1_17004,nmdc:bsm-11-cb5czh24,60942_2_BTM,high
/home/bmeluch/NMDC/nom_processing/monet_nom_metadata/raw/60942_2_B_1_WEOM_r2_Mag_07Mar24_300SA_p01_10_1_17057,nmdc:bsm-11-cb5czh24,60942_2_BTM,high
/home/bmeluch/NMDC/nom_processing/monet_nom_metadata/raw/60942_2_B_1_WEOM_r3_Mag_07Mar24_300SA_p01_10_1_17078,nmdc:bsm-11-cb5czh24,60942_2_BTM,high
/home/bmeluch/NMDC/nom_processing/monet_nom_metadata/raw/60942_2_B_2_WEOM_r1_Mag_07Mar24_300SA_p01_11_1_17003,nmdc:bsm-11-cb5czh24,60942_2_BTM,high
/home/bmeluch/NMDC/nom_processing/monet_nom_metadata/raw/60942_2_B_2_WEOM_r2_Mag_07Mar24_300SA_p01_11_1_17041,nmdc:bsm-11-cb5czh24,60942_2_BTM,high
/home/bmeluch/NMDC/nom_processing/monet_nom_metadata/raw/60942_2_B_2_WEOM_r3_Mag_07Mar24_300SA_p01_11_1_17104,nmdc:bsm-11-cb5czh24,60942_2_BTM,high
/home/bmeluch/NMDC/nom_processing/monet_nom_metadata/raw/60942_2_B_3_WEOM_r1_Mag_07Mar24_300SA_p01_12_1_17005,nmdc:bsm-11-cb5czh24,60942_2_BTM,high
/home/bmeluch/NMDC/nom_processing/monet_nom_metadata/raw/60942_2_B_3_WEOM_r2_Mag_07Mar24_300SA_p01_12_1_17056,nmdc:bsm-11-cb5czh24,60942_2_BTM,high
/home/bmeluch/NMDC/nom_processing/monet_nom_metadata/raw/60942_2_B_3_WEOM_r3_Mag_07Mar24_300SA_p01_12_1_17090,nmdc:bsm-11-cb5czh24,60942_2_BTM,high
/home/bmeluch/NMDC/nom_processing/monet_nom_metadata/raw/60942_2_BTM_1_MAOM_r1_Mag_19Feb25_3p3kV_300SA_p01_16_1_23496,nmdc:bsm-11-cb5czh24,60942_2_BTM,high
/home/bmeluch/NMDC/nom_processing/monet_nom_metadata/raw/60942_2_BTM_1_MAOM_r2_Mag_19Feb25_3p3kV_300SA_p01_16_1_23538,nmdc:bsm-11-cb5czh24,60942_2_BTM,high
/home/bmeluch/NMDC/nom_processing/monet_nom_metadata/raw/60942_2_BTM_1_MAOM_r3_Mag_19Feb25_3p3kV_300SA_p01_16_1_23593,nmdc:bsm-11-cb5czh24,60942_2_BTM,high
/home/bmeluch/NMDC/nom_processing/monet_nom_metadata/raw/60942_2_BTM_2_MAOM_r1_Mag_19Feb25_3p3kV_300SA_p01_17_1_23503,nmdc:bsm-11-cb5czh24,60942_2_BTM,high
/home/bmeluch/NMDC/nom_processing/monet_nom_metadata/raw/60942_2_BTM_2_MAOM_r2_Mag_19Feb25_3p3kV_300SA_p01_17_1_23507,nmdc:bsm-11-cb5czh24,60942_2_BTM,high
/home/bmeluch/NMDC/nom_processing/monet_nom_metadata/raw/60942_2_BTM_2_MAOM_r3_Mag_19Feb25_3p3kV_300SA_p01_17_1_23570,nmdc:bsm-11-cb5czh24,60942_2_BTM,high
/home/bmeluch/NMDC/nom_processing/monet_nom_metadata/raw/60942_2_BTM_3_MAOM_r1_Mag_19Feb25_3p3kV_300SA_p01_18_1_23476,nmdc:bsm-11-cb5czh24,60942_2_BTM,high
/home/bmeluch/NMDC/nom_processing/monet_nom_metadata/raw/60942_2_BTM_3_MAOM_r2_Mag_19Feb25_3p3kV_300SA_p01_18_1_23545,nmdc:bsm-11-cb5czh24,60942_2_BTM,high
/home/bmeluch/NMDC/nom_processing/monet_nom_metadata/raw/60942_2_BTM_3_MAOM_r3_Mag_19Feb25_3p3kV_300SA_p01_18_1_23563,nmdc:bsm-11-cb5czh24,60942_2_BTM,high
/home/bmeluch/NMDC/nom_processing/monet_nom_metadata/raw/60942_2_T_1_WEOM_r1_Mag_07Mar24_300SA_p01_7_1_16976,nmdc:bsm-11-4z6nm386,60942_2_TOP,high
/home/bmeluch/NMDC/nom_processing/monet_nom_metadata/raw/60942_2_T_1_WEOM_r2_Mag_07Mar24_300SA_p01_7_1_17048,nmdc:bsm-11-4z6nm386,60942_2_TOP,high
/home/bmeluch/NMDC/nom_processing/monet_nom_metadata/raw/60942_2_T_1_WEOM_r3_Mag_07Mar24_300SA_p01_7_1_17066,nmdc:bsm-11-4z6nm386,60942_2_TOP,high
/home/bmeluch/NMDC/nom_processing/monet_nom_metadata/raw/60942_2_T_2_WEOM_r1_Mag_07Mar24_300SA_p01_8_1_16971,nmdc:bsm-11-4z6nm386,60942_2_TOP,high
/home/bmeluch/NMDC/nom_processing/monet_nom_metadata/raw/60942_2_T_2_WEOM_r2_Mag_07Mar24_300SA_p01_8_1_17058,nmdc:bsm-11-4z6nm386,60942_2_TOP,high
/home/bmeluch/NMDC/nom_processing/monet_nom_metadata/raw/60942_2_T_2_WEOM_r3_Mag_07Mar24_300SA_p01_8_1_17087,nmdc:bsm-11-4z6nm386,60942_2_TOP,high
/home/bmeluch/NMDC/nom_processing/monet_nom_metadata/raw/60942_2_T_3_WEOM_r1_Mag_07Mar24_300SA_p01_9_1_16969,nmdc:bsm-11-4z6nm386,60942_2_TOP,high
/home/bmeluch/NMDC/nom_processing/monet_nom_metadata/raw/60942_2_T_3_WEOM_r2_Mag_07Mar24_300SA_p01_9_1_17023,nmdc:bsm-11-4z6nm386,60942_2_TOP,high
/home/bmeluch/NMDC/nom_processing/monet_nom_metadata/raw/60942_2_T_3_WEOM_r3_Mag_07Mar24_300SA_p01_9_1_17064,nmdc:bsm-11-4z6nm386,60942_2_TOP,high
/home/bmeluch/NMDC/nom_processing/monet_nom_metadata/raw/60942_2_TOP_1_MAOM_r1_Mag_19Feb25_3p3kV_300SA_p01_13_1_23471,nmdc:bsm-11-4z6nm386,60942_2_TOP,high
/home/bmeluch/NMDC/nom_processing/monet_nom_metadata/raw/60942_2_TOP_1_MAOM_r2_Mag_19Feb25_3p3kV_300SA_p01_13_1_23533,nmdc:bsm-11-4z6nm386,60942_2_TOP,high
/home/bmeluch/NMDC/nom_processing/monet_nom_metadata/raw/60942_2_TOP_1_MAOM_r3_Mag_19Feb25_3p3kV_300SA_p01_13_1_23557,nmdc:bsm-11-4z6nm386,60942_2_TOP,high
/home/bmeluch/NMDC/nom_processing/monet_nom_metadata/raw/60942_2_TOP_2_MAOM_r1_Mag_19Feb25_3p3kV_300SA_p01_14_1_23487,nmdc:bsm-11-4z6nm386,60942_2_TOP,high
/home/bmeluch/NMDC/nom_processing/monet_nom_metadata/raw/60942_2_TOP_2_MAOM_r2_Mag_19Feb25_3p3kV_300SA_p01_14_1_23531,nmdc:bsm-11-4z6nm386,60942_2_TOP,high
/home/bmeluch/NMDC/nom_processing/monet_nom_metadata/raw/60942_2_TOP_2_MAOM_r3_Mag_19Feb25_3p3kV_300SA_p01_14_1_23549,nmdc:bsm-11-4z6nm386,60942_2_TOP,high
/home/bmeluch/NMDC/nom_processing/monet_nom_metadata/raw/60942_2_TOP_3_MAOM_r1_Mag_19Feb25_3p3kV_300SA_p01_15_1_23480,nmdc:bsm-11-4z6nm386,60942_2_TOP,high
/home/bmeluch/NMDC/nom_processing/monet_nom_metadata/raw/60942_2_TOP_3_MAOM_r2_Mag_19Feb25_3p3kV_300SA_p01_15_1_23516,nmdc:bsm-11-4z6nm386,60942_2_TOP,high
/home/bmeluch/NMDC/nom_processing/monet_nom_metadata/raw/60942_2_TOP_3_MAOM_r3_Mag_19Feb25_3p3kV_300SA_p01_15_1_23580,nmdc:bsm-11-4z6nm386,60942_2_TOP,high
/home/bmeluch/NMDC/nom_processing/monet_nom_metadata/raw/60942_3_B_1_WEOM_r1_Mag_07Mar24_300SA_p01_15_1_16980,nmdc:bsm-11-4593y256,60942_3_BTM,high
/home/bmeluch/NMDC/nom_processing/monet_nom_metadata/raw/60942_3_B_1_WEOM_r2_Mag_07Mar24_300SA_p01_15_1_17020,nmdc:bsm-11-4593y256,60942_3_BTM,high
/home/bmeluch/NMDC/nom_processing/monet_nom_metadata/raw/60942_3_B_1_WEOM_r3_Mag_07Mar24_300SA_p01_15_1_17102,nmdc:bsm-11-4593y256,60942_3_BTM,high
/home/bmeluch/NMDC/nom_processing/monet_nom_metadata/raw/60942_3_B_2_WEOM_r1_Mag_07Mar24_300SA_p01_16_1_16986,nmdc:bsm-11-4593y256,60942_3_BTM,high
/home/bmeluch/NMDC/nom_processing/monet_nom_metadata/raw/60942_3_B_2_WEOM_r2_Mag_07Mar24_300SA_p01_16_1_17047,nmdc:bsm-11-4593y256,60942_3_BTM,high
/home/bmeluch/NMDC/nom_processing/monet_nom_metadata/raw/60942_3_B_2_WEOM_r3_Mag_07Mar24_300SA_p01_16_1_17079,nmdc:bsm-11-4593y256,60942_3_BTM,high
/home/bmeluch/NMDC/nom_processing/monet_nom_metadata/raw/60942_3_B_3_WEOM_r1_Mag_07Mar24_300SA_p01_17_1_16981,nmdc:bsm-11-4593y256,60942_3_BTM,high
/home/bmeluch/NMDC/nom_processing/monet_nom_metadata/raw/60942_3_B_3_WEOM_r2_Mag_07Mar24_300SA_p01_17_1_17030,nmdc:bsm-11-4593y256,60942_3_BTM,high
/home/bmeluch/NMDC/nom_processing/monet_nom_metadata/raw/60942_3_B_3_WEOM_r3_Mag_07Mar24_300SA_p01_17_1_17100,nmdc:bsm-11-4593y256,60942_3_BTM,high
/home/bmeluch/NMDC/nom_processing/monet_nom_metadata/raw/60942_3_BTM_1_MAOM_r1_Mag_03Feb25_3p3kV_300SA_p01_4_1_22925,nmdc:bsm-11-4593y256,60942_3_BTM,high
/home/bmeluch/NMDC/nom_processing/monet_nom_metadata/raw/60942_3_BTM_1_MAOM_r2_Mag_03Feb25_3p3kV_300SA_p01_4_1_22950,nmdc:bsm-11-4593y256,60942_3_BTM,high
/home/bmeluch/NMDC/nom_processing/monet_nom_metadata/raw/60942_3_BTM_1_MAOM_r3_Mag_03Feb25_3p3kV_300SA_p01_4_1_23025,nmdc:bsm-11-4593y256,60942_3_BTM,high
/home/bmeluch/NMDC/nom_processing/monet_nom_metadata/raw/60942_3_BTM_2_MAOM_r1_Mag_03Feb25_3p3kV_300SA_p01_5_1_22902,nmdc:bsm-11-4593y256,60942_3_BTM,high
/home/bmeluch/NMDC/nom_processing/monet_nom_metadata/raw/60942_3_BTM_2_MAOM_r2_Mag_03Feb25_3p3kV_300SA_p01_5_1_22982,nmdc:bsm-11-4593y256,60942_3_BTM,high
/home/bmeluch/NMDC/nom_processing/monet_nom_metadata/raw/60942_3_BTM_2_MAOM_r3_Mag_03Feb25_3p3kV_300SA_p01_5_1_23034,nmdc:bsm-11-4593y256,60942_3_BTM,high
/home/bmeluch/NMDC/nom_processing/monet_nom_metadata/raw/60942_3_BTM_3_MAOM_r1_Mag_03Feb25_3p3kV_300SA_p01_6_1_22926,nmdc:bsm-11-4593y256,60942_3_BTM,high
/home/bmeluch/NMDC/nom_processing/monet_nom_metadata/raw/60942_3_BTM_3_MAOM_r2_Mag_03Feb25_3p3kV_300SA_p01_6_1_22984,nmdc:bsm-11-4593y256,60942_3_BTM,high
/home/bmeluch/NMDC/nom_processing/monet_nom_metadata/raw/60942_3_BTM_3_MAOM_r3_Mag_03Feb25_3p3kV_300SA_p01_6_1_23039,nmdc:bsm-11-4593y256,60942_3_BTM,high
/home/bmeluch/NMDC/nom_processing/monet_nom_metadata/raw/60942_3_T_1_WEOM_r1_Mag_07Mar24_300SA_p01_13_1_16987,nmdc:bsm-11-6bp4az05,60942_3_TOP,high
/home/bmeluch/NMDC/nom_processing/monet_nom_metadata/raw/60942_3_T_1_WEOM_r2_Mag_07Mar24_300SA_p01_13_1_17034,nmdc:bsm-11-6bp4az05,60942_3_TOP,high
/home/bmeluch/NMDC/nom_processing/monet_nom_metadata/raw/60942_3_T_1_WEOM_r3_Mag_07Mar24_300SA_p01_13_1_17098,nmdc:bsm-11-6bp4az05,60942_3_TOP,high
/home/bmeluch/NMDC/nom_processing/monet_nom_metadata/raw/60942_3_T_2_WEOM_r1_Mag_07Mar24_300SA_p01_14_1_17011,nmdc:bsm-11-6bp4az05,60942_3_TOP,high
/home/bmeluch/NMDC/nom_processing/monet_nom_metadata/raw/60942_3_T_2_WEOM_r2_Mag_07Mar24_300SA_p01_14_1_17054,nmdc:bsm-11-6bp4az05,60942_3_TOP,high
/home/bmeluch/NMDC/nom_processing/monet_nom_metadata/raw/60942_3_T_2_WEOM_r3_Mag_07Mar24_300SA_p01_14_1_17080,nmdc:bsm-11-6bp4az05,60942_3_TOP,high
/home/bmeluch/NMDC/nom_processing/monet_nom_metadata/raw/60942_3_TOP_1_MAOM_r1_Mag_19Feb25_3p3kV_300SA_p01_19_1_23497,nmdc:bsm-11-6bp4az05,60942_3_TOP,high
/home/bmeluch/NMDC/nom_processing/monet_nom_metadata/raw/60942_3_TOP_1_MAOM_r2_Mag_19Feb25_3p3kV_300SA_p01_19_1_23518,nmdc:bsm-11-6bp4az05,60942_3_TOP,high
/home/bmeluch/NMDC/nom_processing/monet_nom_metadata/raw/60942_3_TOP_1_MAOM_r3_Mag_19Feb25_3p3kV_300SA_p01_19_1_23577,nmdc:bsm-11-6bp4az05,60942_3_TOP,high
/home/bmeluch/NMDC/nom_processing/monet_nom_metadata/raw/60942_3_TOP_2_MAOM_r1_Mag_19Feb25_3p3kV_300SA_p01_20_1_23474,nmdc:bsm-11-6bp4az05,60942_3_TOP,high
/home/bmeluch/NMDC/nom_processing/monet_nom_metadata/raw/60942_3_TOP_2_MAOM_r2_Mag_19Feb25_3p3kV_300SA_p01_20_1_23541,nmdc:bsm-11-6bp4az05,60942_3_TOP,high
/home/bmeluch/NMDC/nom_processing/monet_nom_metadata/raw/60942_3_TOP_2_MAOM_r3_Mag_19Feb25_3p3kV_300SA_p01_20_1_23573,nmdc:bsm-11-6bp4az05,60942_3_TOP,high
/home/bmeluch/NMDC/nom_processing/monet_nom_metadata/raw/60942_3_TOP_3_MAOM_r1_Mag_19Feb25_3p3kV_300SA_p01_21_1_23486,nmdc:bsm-11-6bp4az05,60942_3_TOP,high
/home/bmeluch/NMDC/nom_processing/monet_nom_metadata/raw/60942_3_TOP_3_MAOM_r2_Mag_19Feb25_3p3kV_300SA_p01_21_1_23530,nmdc:bsm-11-6bp4az05,60942_3_TOP,high
/home/bmeluch/NMDC/nom_processing/monet_nom_metadata/raw/60942_3_TOP_3_MAOM_r3_Mag_19Feb25_3p3kV_300SA_p01_21_1_23552,nmdc:bsm-11-6bp4az05,60942_3_TOP,high
/home/bmeluch/NMDC/nom_processing/monet_nom_metadata/raw/60942_4_B_1_WEOM_r1_Mag_07Mar24_300SA_p01_21_1_17001,nmdc:bsm-11-qc35jp03,60942_4_BTM,high
/home/bmeluch/NMDC/nom_processing/monet_nom_metadata/raw/60942_4_B_1_WEOM_r2_Mag_07Mar24_300SA_p01_21_1_17044,nmdc:bsm-11-qc35jp03,60942_4_BTM,high
/home/bmeluch/NMDC/nom_processing/monet_nom_metadata/raw/60942_4_B_1_WEOM_r3_Mag_07Mar24_300SA_p01_21_1_17107,nmdc:bsm-11-qc35jp03,60942_4_BTM,high
/home/bmeluch/NMDC/nom_processing/monet_nom_metadata/raw/60942_4_B_2_WEOM_r1_Mag_07Mar24_300SA_p01_22_1_16977,nmdc:bsm-11-qc35jp03,60942_4_BTM,high
/home/bmeluch/NMDC/nom_processing/monet_nom_metadata/raw/60942_4_B_2_WEOM_r2_Mag_07Mar24_300SA_p01_22_1_17016,nmdc:bsm-11-qc35jp03,60942_4_BTM,high
/home/bmeluch/NMDC/nom_processing/monet_nom_metadata/raw/60942_4_B_2_WEOM_r3_Mag_07Mar24_300SA_p01_22_1_17088,nmdc:bsm-11-qc35jp03,60942_4_BTM,high
/home/bmeluch/NMDC/nom_processing/monet_nom_metadata/raw/60942_4_B_3_WEOM_r1_Mag_07Mar24_300SA_p01_23_1_16984,nmdc:bsm-11-qc35jp03,60942_4_BTM,high
/home/bmeluch/NMDC/nom_processing/monet_nom_metadata/raw/60942_4_B_3_WEOM_r2_Mag_07Mar24_300SA_p01_23_1_17018,nmdc:bsm-11-qc35jp03,60942_4_BTM,high
/home/bmeluch/NMDC/nom_processing/monet_nom_metadata/raw/60942_4_B_3_WEOM_r3_Mag_07Mar24_300SA_p01_23_1_17083,nmdc:bsm-11-qc35jp03,60942_4_BTM,high
/home/bmeluch/NMDC/nom_processing/monet_nom_metadata/raw/60942_4_BTM_1_MAOM_r1_Mag_03Feb25_3p3kV_300SA_p01_10_1_22922,nmdc:bsm-11-qc35jp03,60942_4_BTM,high
/home/bmeluch/NMDC/nom_processing/monet_nom_metadata/raw/60942_4_BTM_1_MAOM_r2_Mag_03Feb25_3p3kV_300SA_p01_10_1_22972,nmdc:bsm-11-qc35jp03,60942_4_BTM,high
/home/bmeluch/NMDC/nom_processing/monet_nom_metadata/raw/60942_4_BTM_1_MAOM_r3_Mag_03Feb25_3p3kV_300SA_p01_10_1_22994,nmdc:bsm-11-qc35jp03,60942_4_BTM,high
/home/bmeluch/NMDC/nom_processing/monet_nom_metadata/raw/60942_4_BTM_2_MAOM_r1_Mag_03Feb25_3p3kV_300SA_p01_11_1_22915,nmdc:bsm-11-qc35jp03,60942_4_BTM,high
/home/bmeluch/NMDC/nom_processing/monet_nom_metadata/raw/60942_4_BTM_2_MAOM_r2_Mag_03Feb25_3p3kV_300SA_p01_11_1_22992,nmdc:bsm-11-qc35jp03,60942_4_BTM,high
/home/bmeluch/NMDC/nom_processing/monet_nom_metadata/raw/60942_4_BTM_2_MAOM_r3_Mag_03Feb25_3p3kV_300SA_p01_11_1_23028,nmdc:bsm-11-qc35jp03,60942_4_BTM,high
/home/bmeluch/NMDC/nom_processing/monet_nom_metadata/raw/60942_4_BTM_3_MAOM_r1_Mag_03Feb25_3p3kV_300SA_p01_12_1_22912,nmdc:bsm-11-qc35jp03,60942_4_BTM,high
/home/bmeluch/NMDC/nom_processing/monet_nom_metadata/raw/60942_4_BTM_3_MAOM_r2_Mag_03Feb25_3p3kV_300SA_p01_12_1_22953,nmdc:bsm-11-qc35jp03,60942_4_BTM,high
/home/bmeluch/NMDC/nom_processing/monet_nom_metadata/raw/60942_4_BTM_3_MAOM_r3_Mag_03Feb25_3p3kV_300SA_p01_12_1_23000,nmdc:bsm-11-qc35jp03,60942_4_BTM,high
/home/bmeluch/NMDC/nom_processing/monet_nom_metadata/raw/60942_4_T_1_WEOM_r1_Mag_07Mar24_300SA_p01_18_1_16996,nmdc:bsm-11-qa0jpr97,60942_4_TOP,high
/home/bmeluch/NMDC/nom_processing/monet_nom_metadata/raw/60942_4_T_1_WEOM_r2_Mag_07Mar24_300SA_p01_18_1_17017,nmdc:bsm-11-qa0jpr97,60942_4_TOP,high
/home/bmeluch/NMDC/nom_processing/monet_nom_metadata/raw/60942_4_T_1_WEOM_r3_Mag_07Mar24_300SA_p01_18_1_17067,nmdc:bsm-11-qa0jpr97,60942_4_TOP,high
/home/bmeluch/NMDC/nom_processing/monet_nom_metadata/raw/60942_4_T_1_WEOM_r3_Mag_07Mar24_300SA_p01_18_1_17068,nmdc:bsm-11-qa0jpr97,60942_4_TOP,high
/home/bmeluch/NMDC/nom_processing/monet_nom_metadata/raw/60942_4_T_2_WEOM_r1_Mag_07Mar24_300SA_p01_19_1_17008,nmdc:bsm-11-qa0jpr97,60942_4_TOP,high
/home/bmeluch/NMDC/nom_processing/monet_nom_metadata/raw/60942_4_T_2_WEOM_r2_Mag_07Mar24_300SA_p01_19_1_17045,nmdc:bsm-11-qa0jpr97,60942_4_TOP,high
/home/bmeluch/NMDC/nom_processing/monet_nom_metadata/raw/60942_4_T_2_WEOM_r3_Mag_07Mar24_300SA_p01_19_1_17071,nmdc:bsm-11-qa0jpr97,60942_4_TOP,high
/home/bmeluch/NMDC/nom_processing/monet_nom_metadata/raw/60942_4_T_3_WEOM_r1_Mag_07Mar24_300SA_p01_20_1_16995,nmdc:bsm-11-qa0jpr97,60942_4_TOP,high
/home/bmeluch/NMDC/nom_processing/monet_nom_metadata/raw/60942_4_T_3_WEOM_r2_Mag_07Mar24_300SA_p01_20_1_17050,nmdc:bsm-11-qa0jpr97,60942_4_TOP,high
/home/bmeluch/NMDC/nom_processing/monet_nom_metadata/raw/60942_4_T_3_WEOM_r3_Mag_07Mar24_300SA_p01_20_1_17082,nmdc:bsm-11-qa0jpr97,60942_4_TOP,high
/home/bmeluch/NMDC/nom_processing/monet_nom_metadata/raw/60942_4_TOP_1_MAOM_r1_Mag_03Feb25_3p3kV_300SA_p01_7_1_22909,nmdc:bsm-11-qa0jpr97,60942_4_TOP,high
/home/bmeluch/NMDC/nom_processing/monet_nom_metadata/raw/60942_4_TOP_1_MAOM_r2_Mag_03Feb25_3p3kV_300SA_p01_7_1_22947,nmdc:bsm-11-qa0jpr97,60942_4_TOP,high
/home/bmeluch/NMDC/nom_processing/monet_nom_metadata/raw/60942_4_TOP_1_MAOM_r3_Mag_03Feb25_3p3kV_300SA_p01_7_1_23015,nmdc:bsm-11-qa0jpr97,60942_4_TOP,high
/home/bmeluch/NMDC/nom_processing/monet_nom_metadata/raw/60942_4_TOP_2_MAOM_r1_Mag_03Feb25_3p3kV_300SA_p01_8_1_22913,nmdc:bsm-11-qa0jpr97,60942_4_TOP,high
/home/bmeluch/NMDC/nom_processing/monet_nom_metadata/raw/60942_4_TOP_2_MAOM_r2_Mag_03Feb25_3p3kV_300SA_p01_8_1_22970,nmdc:bsm-11-qa0jpr97,60942_4_TOP,high
/home/bmeluch/NMDC/nom_processing/monet_nom_metadata/raw/60942_4_TOP_2_MAOM_r3_Mag_03Feb25_3p3kV_300SA_p01_8_1_23027,nmdc:bsm-11-qa0jpr97,60942_4_TOP,high
/home/bmeluch/NMDC/nom_processing/monet_nom_metadata/raw/60942_4_TOP_3_MAOM_r1_Mag_03Feb25_3p3kV_300SA_p01_9_1_22892,nmdc:bsm-11-qa0jpr97,60942_4_TOP,high
/home/bmeluch/NMDC/nom_processing/monet_nom_metadata/raw/60942_4_TOP_3_MAOM_r2_Mag_03Feb25_3p3kV_300SA_p01_9_1_22968,nmdc:bsm-11-qa0jpr97,60942_4_TOP,high
/home/bmeluch/NMDC/nom_processing/monet_nom_metadata/raw/60942_4_TOP_3_MAOM_r3_Mag_03Feb25_3p3kV_300SA_p01_9_1_23017,nmdc:bsm-11-qa0jpr97,60942_4_TOP,high
/home/bmeluch/NMDC/nom_processing/monet_nom_metadata/raw/60942_5_B_1_WEOM_r1_Mag_07Mar24_300SA_p01_27_1_16974,nmdc:bsm-11-5n815f77,60942_5_BTM,high
/home/bmeluch/NMDC/nom_processing/monet_nom_metadata/raw/60942_5_B_1_WEOM_r2_Mag_07Mar24_300SA_p01_27_1_17043,nmdc:bsm-11-5n815f77,60942_5_BTM,high
/home/bmeluch/NMDC/nom_processing/monet_nom_metadata/raw/60942_5_B_1_WEOM_r3_Mag_07Mar24_300SA_p01_27_1_17076,nmdc:bsm-11-5n815f77,60942_5_BTM,high
/home/bmeluch/NMDC/nom_processing/monet_nom_metadata/raw/60942_5_B_2_WEOM_r1_Mag_07Mar24_300SA_p01_28_1_16997,nmdc:bsm-11-5n815f77,60942_5_BTM,high
/home/bmeluch/NMDC/nom_processing/monet_nom_metadata/raw/60942_5_B_2_WEOM_r2_Mag_07Mar24_300SA_p01_28_1_17026,nmdc:bsm-11-5n815f77,60942_5_BTM,high
/home/bmeluch/NMDC/nom_processing/monet_nom_metadata/raw/60942_5_B_2_WEOM_r3_Mag_07Mar24_300SA_p01_28_1_17084,nmdc:bsm-11-5n815f77,60942_5_BTM,high
/home/bmeluch/NMDC/nom_processing/monet_nom_metadata/raw/60942_5_B_3_WEOM_r1_Mag_07Mar24_300SA_p01_29_1_16989,nmdc:bsm-11-5n815f77,60942_5_BTM,high
/home/bmeluch/NMDC/nom_processing/monet_nom_metadata/raw/60942_5_B_3_WEOM_r2_Mag_07Mar24_300SA_p01_29_1_17042,nmdc:bsm-11-5n815f77,60942_5_BTM,high
/home/bmeluch/NMDC/nom_processing/monet_nom_metadata/raw/60942_5_B_3_WEOM_r3_Mag_07Mar24_300SA_p01_29_1_17106,nmdc:bsm-11-5n815f77,60942_5_BTM,high
/home/bmeluch/NMDC/nom_processing/monet_nom_metadata/raw/60942_5_BTM_1_MAOM_r1_Mag_03Feb25_3p3kV_300SA_p01_16_1_22938,nmdc:bsm-11-5n815f77,60942_5_BTM,high
/home/bmeluch/NMDC/nom_processing/monet_nom_metadata/raw/60942_5_BTM_1_MAOM_r2_Mag_03Feb25_3p3kV_300SA_p01_16_1_22990,nmdc:bsm-11-5n815f77,60942_5_BTM,high
/home/bmeluch/NMDC/nom_processing/monet_nom_metadata/raw/60942_5_BTM_1_MAOM_r3_Mag_03Feb25_3p3kV_300SA_p01_16_1_22998,nmdc:bsm-11-5n815f77,60942_5_BTM,high
/home/bmeluch/NMDC/nom_processing/monet_nom_metadata/raw/60942_5_BTM_2_MAOM_r1_Mag_03Feb25_3p3kV_300SA_p01_17_1_22908,nmdc:bsm-11-5n815f77,60942_5_BTM,high
/home/bmeluch/NMDC/nom_processing/monet_nom_metadata/raw/60942_5_BTM_2_MAOM_r2_Mag_03Feb25_3p3kV_300SA_p01_17_1_22956,nmdc:bsm-11-5n815f77,60942_5_BTM,high
/home/bmeluch/NMDC/nom_processing/monet_nom_metadata/raw/60942_5_BTM_2_MAOM_r3_Mag_03Feb25_3p3kV_300SA_p01_17_1_23040,nmdc:bsm-11-5n815f77,60942_5_BTM,high
/home/bmeluch/NMDC/nom_processing/monet_nom_metadata/raw/60942_5_BTM_3_MAOM_r1_Mag_03Feb25_3p3kV_300SA_p01_18_1_22901,nmdc:bsm-11-5n815f77,60942_5_BTM,high
/home/bmeluch/NMDC/nom_processing/monet_nom_metadata/raw/60942_5_BTM_3_MAOM_r2_Mag_03Feb25_3p3kV_300SA_p01_18_1_22951,nmdc:bsm-11-5n815f77,60942_5_BTM,high
/home/bmeluch/NMDC/nom_processing/monet_nom_metadata/raw/60942_5_BTM_3_MAOM_r3_Mag_03Feb25_3p3kV_300SA_p01_18_1_23018,nmdc:bsm-11-5n815f77,60942_5_BTM,high
/home/bmeluch/NMDC/nom_processing/monet_nom_metadata/raw/60942_5_T_1_WEOM_r1_Mag_07Mar24_300SA_p01_24_1_16983,nmdc:bsm-11-q9mg6b87,60942_5_TOP,high
/home/bmeluch/NMDC/nom_processing/monet_nom_metadata/raw/60942_5_T_1_WEOM_r2_Mag_07Mar24_300SA_p01_24_1_17022,nmdc:bsm-11-q9mg6b87,60942_5_TOP,high
/home/bmeluch/NMDC/nom_processing/monet_nom_metadata/raw/60942_5_T_1_WEOM_r3_Mag_07Mar24_300SA_p01_24_1_17073,nmdc:bsm-11-q9mg6b87,60942_5_TOP,high
/home/bmeluch/NMDC/nom_processing/monet_nom_metadata/raw/60942_5_T_2_WEOM_r1_Mag_07Mar24_300SA_p01_25_1_16992,nmdc:bsm-11-q9mg6b87,60942_5_TOP,high
/home/bmeluch/NMDC/nom_processing/monet_nom_metadata/raw/60942_5_T_2_WEOM_r2_Mag_07Mar24_300SA_p01_25_1_17037,nmdc:bsm-11-q9mg6b87,60942_5_TOP,high
/home/bmeluch/NMDC/nom_processing/monet_nom_metadata/raw/60942_5_T_2_WEOM_r3_Mag_07Mar24_300SA_p01_25_1_17103,nmdc:bsm-11-q9mg6b87,60942_5_TOP,high
/home/bmeluch/NMDC/nom_processing/monet_nom_metadata/raw/60942_5_T_3_WEOM_r1_Mag_07Mar24_300SA_p01_26_1_16975,nmdc:bsm-11-q9mg6b87,60942_5_TOP,high
/home/bmeluch/NMDC/nom_processing/monet_nom_metadata/raw/60942_5_T_3_WEOM_r2_Mag_07Mar24_300SA_p01_26_1_17019,nmdc:bsm-11-q9mg6b87,60942_5_TOP,high
/home/bmeluch/NMDC/nom_processing/monet_nom_metadata/raw/60942_5_T_3_WEOM_r3_Mag_07Mar24_300SA_p01_26_1_17095,nmdc:bsm-11-q9mg6b87,60942_5_TOP,high
/home/bmeluch/NMDC/nom_processing/monet_nom_metadata/raw/60942_5_TOP_1_MAOM_r1_Mag_03Feb25_3p3kV_300SA_p01_13_1_22934,nmdc:bsm-11-q9mg6b87,60942_5_TOP,high
/home/bmeluch/NMDC/nom_processing/monet_nom_metadata/raw/60942_5_TOP_1_MAOM_r2_Mag_03Feb25_3p3kV_300SA_p01_13_1_22969,nmdc:bsm-11-q9mg6b87,60942_5_TOP,high
/home/bmeluch/NMDC/nom_processing/monet_nom_metadata/raw/60942_5_TOP_1_MAOM_r3_Mag_03Feb25_3p3kV_300SA_p01_13_1_23013,nmdc:bsm-11-q9mg6b87,60942_5_TOP,high
/home/bmeluch/NMDC/nom_processing/monet_nom_metadata/raw/60942_5_TOP_2_MAOM_r1_Mag_03Feb25_3p3kV_300SA_p01_14_1_22928,nmdc:bsm-11-q9mg6b87,60942_5_TOP,high
/home/bmeluch/NMDC/nom_processing/monet_nom_metadata/raw/60942_5_TOP_2_MAOM_r2_Mag_03Feb25_3p3kV_300SA_p01_14_1_22988,nmdc:bsm-11-q9mg6b87,60942_5_TOP,high
/home/bmeluch/NMDC/nom_processing/monet_nom_metadata/raw/60942_5_TOP_2_MAOM_r3_Mag_03Feb25_3p3kV_300SA_p01_14_1_23036,nmdc:bsm-11-q9mg6b87,60942_5_TOP,high
/home/bmeluch/NMDC/nom_processing/monet_nom_metadata/raw/60942_5_TOP_3_MAOM_r1_Mag_03Feb25_3p3kV_300SA_p01_15_1_22906,nmdc:bsm-11-q9mg6b87,60942_5_TOP,high
/home/bmeluch/NMDC/nom_processing/monet_nom_metadata/raw/60942_5_TOP_3_MAOM_r2_Mag_03Feb25_3p3kV_300SA_p01_15_1_22974,nmdc:bsm-11-q9mg6b87,60942_5_TOP,high
/home/bmeluch/NMDC/nom_processing/monet_nom_metadata/raw/60942_5_TOP_3_MAOM_r3_Mag_03Feb25_3p3kV_300SA_p01_15_1_23022,nmdc:bsm-11-q9mg6b87,60942_5_TOP,high
/home/bmeluch/NMDC/nom_processing/monet_nom_metadata/raw/60942_6_B_1_WEOM_r1_Mag_07Mar24_300SA_p01_33_1_16970,nmdc:bsm-11-40fwmc66,60942_6_BTM,high
/home/bmeluch/NMDC/nom_processing/monet_nom_metadata/raw/60942_6_B_1_WEOM_r2_Mag_07Mar24_300SA_p01_33_1_17014,nmdc:bsm-11-40fwmc66,60942_6_BTM,high
/home/bmeluch/NMDC/nom_processing/monet_nom_metadata/raw/60942_6_B_1_WEOM_r3_Mag_07Mar24_300SA_p01_33_1_17072,nmdc:bsm-11-40fwmc66,60942_6_BTM,high
/home/bmeluch/NMDC/nom_processing/monet_nom_metadata/raw/60942_6_B_2_WEOM_r1_Mag_07Mar24_300SA_p01_34_1_17007,nmdc:bsm-11-40fwmc66,60942_6_BTM,high
/home/bmeluch/NMDC/nom_processing/monet_nom_metadata/raw/60942_6_B_2_WEOM_r2_Mag_07Mar24_300SA_p01_34_1_17036,nmdc:bsm-11-40fwmc66,60942_6_BTM,high
/home/bmeluch/NMDC/nom_processing/monet_nom_metadata/raw/60942_6_B_2_WEOM_r3_Mag_07Mar24_300SA_p01_34_1_17096,nmdc:bsm-11-40fwmc66,60942_6_BTM,high
/home/bmeluch/NMDC/nom_processing/monet_nom_metadata/raw/60942_6_B_3_WEOM_r1_Mag_07Mar24_300SA_p01_35_1_16968,nmdc:bsm-11-40fwmc66,60942_6_BTM,high
/home/bmeluch/NMDC/nom_processing/monet_nom_metadata/raw/60942_6_B_3_WEOM_r2_Mag_07Mar24_300SA_p01_35_1_17040,nmdc:bsm-11-40fwmc66,60942_6_BTM,high
/home/bmeluch/NMDC/nom_processing/monet_nom_metadata/raw/60942_6_B_3_WEOM_r3_Mag_07Mar24_300SA_p01_35_1_17105,nmdc:bsm-11-40fwmc66,60942_6_BTM,high
/home/bmeluch/NMDC/nom_processing/monet_nom_metadata/raw/60942_6_BTM_1_MAOM_r1_Mag_03Feb25_3p3kV_300SA_p01_26_1_22896,nmdc:bsm-11-40fwmc66,60942_6_BTM,high
/home/bmeluch/NMDC/nom_processing/monet_nom_metadata/raw/60942_6_BTM_1_MAOM_r2_Mag_03Feb25_3p3kV_300SA_p01_26_1_22959,nmdc:bsm-11-40fwmc66,60942_6_BTM,high
/home/bmeluch/NMDC/nom_processing/monet_nom_metadata/raw/60942_6_BTM_1_MAOM_r3_Mag_03Feb25_3p3kV_300SA_p01_26_1_23029,nmdc:bsm-11-40fwmc66,60942_6_BTM,high
/home/bmeluch/NMDC/nom_processing/monet_nom_metadata/raw/60942_6_BTM_2_MAOM_r1_Mag_03Feb25_3p3kV_300SA_p01_27_1_22917,nmdc:bsm-11-40fwmc66,60942_6_BTM,high
/home/bmeluch/NMDC/nom_processing/monet_nom_metadata/raw/60942_6_BTM_2_MAOM_r2_Mag_03Feb25_3p3kV_300SA_p01_27_1_22957,nmdc:bsm-11-40fwmc66,60942_6_BTM,high
/home/bmeluch/NMDC/nom_processing/monet_nom_metadata/raw/60942_6_BTM_2_MAOM_r3_Mag_03Feb25_3p3kV_300SA_p01_27_1_23003,nmdc:bsm-11-40fwmc66,60942_6_BTM,high
/home/bmeluch/NMDC/nom_processing/monet_nom_metadata/raw/60942_6_BTM_3_MAOM_r1_Mag_03Feb25_3p3kV_300SA_p01_28_1_22940,nmdc:bsm-11-40fwmc66,60942_6_BTM,high
/home/bmeluch/NMDC/nom_processing/monet_nom_metadata/raw/60942_6_BTM_3_MAOM_r2_Mag_03Feb25_3p3kV_300SA_p01_28_1_22946,nmdc:bsm-11-40fwmc66,60942_6_BTM,high
/home/bmeluch/NMDC/nom_processing/monet_nom_metadata/raw/60942_6_BTM_3_MAOM_r3_Mag_03Feb25_3p3kV_300SA_p01_28_1_23023,nmdc:bsm-11-40fwmc66,60942_6_BTM,high
/home/bmeluch/NMDC/nom_processing/monet_nom_metadata/raw/60942_6_T_1_WEOM_r1_Mag_07Mar24_300SA_p01_30_1_17010,nmdc:bsm-11-rzefwb42,60942_6_TOP,high
/home/bmeluch/NMDC/nom_processing/monet_nom_metadata/raw/60942_6_T_1_WEOM_r2_Mag_07Mar24_300SA_p01_30_1_17031,nmdc:bsm-11-rzefwb42,60942_6_TOP,high
/home/bmeluch/NMDC/nom_processing/monet_nom_metadata/raw/60942_6_T_1_WEOM_r3_Mag_07Mar24_300SA_p01_30_1_17081,nmdc:bsm-11-rzefwb42,60942_6_TOP,high
/home/bmeluch/NMDC/nom_processing/monet_nom_metadata/raw/60942_6_T_2_WEOM_r1_Mag_07Mar24_300SA_p01_31_1_16999,nmdc:bsm-11-rzefwb42,60942_6_TOP,high
/home/bmeluch/NMDC/nom_processing/monet_nom_metadata/raw/60942_6_T_2_WEOM_r2_Mag_07Mar24_300SA_p01_31_1_17060,nmdc:bsm-11-rzefwb42,60942_6_TOP,high
/home/bmeluch/NMDC/nom_processing/monet_nom_metadata/raw/60942_6_T_2_WEOM_r3_Mag_07Mar24_300SA_p01_31_1_17099,nmdc:bsm-11-rzefwb42,60942_6_TOP,high
/home/bmeluch/NMDC/nom_processing/monet_nom_metadata/raw/60942_6_T_3_WEOM_r1_Mag_07Mar24_300SA_p01_32_1_16985,nmdc:bsm-11-rzefwb42,60942_6_TOP,high
/home/bmeluch/NMDC/nom_processing/monet_nom_metadata/raw/60942_6_T_3_WEOM_r2_Mag_07Mar24_300SA_p01_32_1_17059,nmdc:bsm-11-rzefwb42,60942_6_TOP,high
/home/bmeluch/NMDC/nom_processing/monet_nom_metadata/raw/60942_6_T_3_WEOM_r3_Mag_07Mar24_300SA_p01_32_1_17089,nmdc:bsm-11-rzefwb42,60942_6_TOP,high
/home/bmeluch/NMDC/nom_processing/monet_nom_metadata/raw/60942_6_TOP_1_MAOM_r1_Mag_03Feb25_3p3kV_300SA_p01_23_1_22916,nmdc:bsm-11-rzefwb42,60942_6_TOP,high
/home/bmeluch/NMDC/nom_processing/monet_nom_metadata/raw/60942_6_TOP_1_MAOM_r2_Mag_03Feb25_3p3kV_300SA_p01_23_1_22991,nmdc:bsm-11-rzefwb42,60942_6_TOP,high
/home/bmeluch/NMDC/nom_processing/monet_nom_metadata/raw/60942_6_TOP_1_MAOM_r3_Mag_03Feb25_3p3kV_300SA_p01_23_1_23020,nmdc:bsm-11-rzefwb42,60942_6_TOP,high
/home/bmeluch/NMDC/nom_processing/monet_nom_metadata/raw/60942_6_TOP_2_MAOM_r1_Mag_03Feb25_3p3kV_300SA_p01_24_1_22933,nmdc:bsm-11-rzefwb42,60942_6_TOP,high
/home/bmeluch/NMDC/nom_processing/monet_nom_metadata/raw/60942_6_TOP_2_MAOM_r2_Mag_03Feb25_3p3kV_300SA_p01_24_1_22961,nmdc:bsm-11-rzefwb42,60942_6_TOP,high
/home/bmeluch/NMDC/nom_processing/monet_nom_metadata/raw/60942_6_TOP_2_MAOM_r3_Mag_03Feb25_3p3kV_300SA_p01_24_1_23033,nmdc:bsm-11-rzefwb42,60942_6_TOP,high
/home/bmeluch/NMDC/nom_processing/monet_nom_metadata/raw/60942_6_TOP_3_MAOM_r1_Mag_03Feb25_3p3kV_300SA_p01_25_1_22930,nmdc:bsm-11-rzefwb42,60942_6_TOP,high
/home/bmeluch/NMDC/nom_processing/monet_nom_metadata/raw/60942_6_TOP_3_MAOM_r2_Mag_03Feb25_3p3kV_300SA_p01_25_1_22963,nmdc:bsm-11-rzefwb42,60942_6_TOP,high
/home/bmeluch/NMDC/nom_processing/monet_nom_metadata/raw/60942_6_TOP_3_MAOM_r3_Mag_03Feb25_3p3kV_300SA_p01_25_1_23038,nmdc:bsm-11-rzefwb42,60942_6_TOP,high
/home/bmeluch/NMDC/nom_processing/monet_nom_metadata/raw/60946_1_B_1_WEOM_r1_Mag_23Feb24_300SA_p01_41_1_16028,nmdc:bsm-11-6kgp3e60,60946_1_BTM,high
/home/bmeluch/NMDC/nom_processing/monet_nom_metadata/raw/60946_1_B_1_WEOM_r2_Mag_23Feb24_300SA_p01_41_1_16044,nmdc:bsm-11-6kgp3e60,60946_1_BTM,high
/home/bmeluch/NMDC/nom_processing/monet_nom_metadata/raw/60946_1_B_1_WEOM_r3_Mag_23Feb24_300SA_p01_41_1_16065,nmdc:bsm-11-6kgp3e60,60946_1_BTM,high
/home/bmeluch/NMDC/nom_processing/monet_nom_metadata/raw/60946_1_B_2_WEOM_r1_Mag_23Feb24_300SA_p01_42_1_16029,nmdc:bsm-11-6kgp3e60,60946_1_BTM,high
/home/bmeluch/NMDC/nom_processing/monet_nom_metadata/raw/60946_1_B_2_WEOM_r2_Mag_23Feb24_300SA_p01_42_1_16046,nmdc:bsm-11-6kgp3e60,60946_1_BTM,high
/home/bmeluch/NMDC/nom_processing/monet_nom_metadata/raw/60946_1_B_2_WEOM_r3_Mag_23Feb24_300SA_p01_42_1_16067,nmdc:bsm-11-6kgp3e60,60946_1_BTM,high
/home/bmeluch/NMDC/nom_processing/monet_nom_metadata/raw/60946_1_B_3_WEOM_r1_Mag_23Feb24_300SA_p01_43_1_16019,nmdc:bsm-11-6kgp3e60,60946_1_BTM,high
/home/bmeluch/NMDC/nom_processing/monet_nom_metadata/raw/60946_1_B_3_WEOM_r2_Mag_23Feb24_300SA_p01_43_1_16036,nmdc:bsm-11-6kgp3e60,60946_1_BTM,high
/home/bmeluch/NMDC/nom_processing/monet_nom_metadata/raw/60946_1_B_3_WEOM_r3_Mag_23Feb24_300SA_p01_43_1_16055,nmdc:bsm-11-6kgp3e60,60946_1_BTM,high
/home/bmeluch/NMDC/nom_processing/monet_nom_metadata/raw/60946_1_BTM_1_MAOM_r1_Mag_03Feb25_3p3kV_300SA_p01_32_1_22927,nmdc:bsm-11-6kgp3e60,60946_1_BTM,high
/home/bmeluch/NMDC/nom_processing/monet_nom_metadata/raw/60946_1_BTM_1_MAOM_r2_Mag_03Feb25_3p3kV_300SA_p01_32_1_22952,nmdc:bsm-11-6kgp3e60,60946_1_BTM,high
/home/bmeluch/NMDC/nom_processing/monet_nom_metadata/raw/60946_1_BTM_1_MAOM_r3_Mag_03Feb25_3p3kV_300SA_p01_32_1_22999,nmdc:bsm-11-6kgp3e60,60946_1_BTM,high
/home/bmeluch/NMDC/nom_processing/monet_nom_metadata/raw/60946_1_BTM_2_MAOM_r1_Mag_03Feb25_3p3kV_300SA_p01_33_1_22900,nmdc:bsm-11-6kgp3e60,60946_1_BTM,high
/home/bmeluch/NMDC/nom_processing/monet_nom_metadata/raw/60946_1_BTM_2_MAOM_r2_Mag_03Feb25_3p3kV_300SA_p01_33_1_22979,nmdc:bsm-11-6kgp3e60,60946_1_BTM,high
/home/bmeluch/NMDC/nom_processing/monet_nom_metadata/raw/60946_1_BTM_2_MAOM_r3_Mag_03Feb25_3p3kV_300SA_p01_33_1_23002,nmdc:bsm-11-6kgp3e60,60946_1_BTM,high
/home/bmeluch/NMDC/nom_processing/monet_nom_metadata/raw/60946_1_BTM_3_MAOM_r1_Mag_03Feb25_3p3kV_300SA_p01_34_1_22935,nmdc:bsm-11-6kgp3e60,60946_1_BTM,high
/home/bmeluch/NMDC/nom_processing/monet_nom_metadata/raw/60946_1_BTM_3_MAOM_r2_Mag_03Feb25_3p3kV_300SA_p01_34_1_22955,nmdc:bsm-11-6kgp3e60,60946_1_BTM,high
/home/bmeluch/NMDC/nom_processing/monet_nom_metadata/raw/60946_1_BTM_3_MAOM_r3_Mag_03Feb25_3p3kV_300SA_p01_34_1_22996,nmdc:bsm-11-6kgp3e60,60946_1_BTM,high
/home/bmeluch/NMDC/nom_processing/monet_nom_metadata/raw/60946_1_T_1_WEOM_r1_Mag_23Feb24_300SA_p01_38_1_16031,nmdc:bsm-11-m4kdmg08,60946_1_TOP,high
/home/bmeluch/NMDC/nom_processing/monet_nom_metadata/raw/60946_1_T_1_WEOM_r2_Mag_23Feb24_300SA_p01_38_1_16050,nmdc:bsm-11-m4kdmg08,60946_1_TOP,high
/home/bmeluch/NMDC/nom_processing/monet_nom_metadata/raw/60946_1_T_1_WEOM_r3_Mag_23Feb24_300SA_p01_38_1_16061,nmdc:bsm-11-m4kdmg08,60946_1_TOP,high
/home/bmeluch/NMDC/nom_processing/monet_nom_metadata/raw/60946_1_T_2_WEOM_r1_Mag_23Feb24_300SA_p01_39_1_16021,nmdc:bsm-11-m4kdmg08,60946_1_TOP,high
/home/bmeluch/NMDC/nom_processing/monet_nom_metadata/raw/60946_1_T_2_WEOM_r2_Mag_23Feb24_300SA_p01_39_1_16048,nmdc:bsm-11-m4kdmg08,60946_1_TOP,high
/home/bmeluch/NMDC/nom_processing/monet_nom_metadata/raw/60946_1_T_2_WEOM_r3_Mag_23Feb24_300SA_p01_39_1_16064,nmdc:bsm-11-m4kdmg08,60946_1_TOP,high
/home/bmeluch/NMDC/nom_processing/monet_nom_metadata/raw/60946_1_T_3_WEOM_r1_Mag_23Feb24_300SA_p01_40_1_16027,nmdc:bsm-11-m4kdmg08,60946_1_TOP,high
/home/bmeluch/NMDC/nom_processing/monet_nom_metadata/raw/60946_1_T_3_WEOM_r2_Mag_23Feb24_300SA_p01_40_1_16041,nmdc:bsm-11-m4kdmg08,60946_1_TOP,high
/home/bmeluch/NMDC/nom_processing/monet_nom_metadata/raw/60946_1_T_3_WEOM_r3_Mag_23Feb24_300SA_p01_40_1_16059,nmdc:bsm-11-m4kdmg08,60946_1_TOP,high
/home/bmeluch/NMDC/nom_processing/monet_nom_metadata/raw/60946_1_TOP_1_MAOM_r1_Mag_03Feb25_3p3kV_300SA_p01_29_1_22897,nmdc:bsm-11-m4kdmg08,60946_1_TOP,high
/home/bmeluch/NMDC/nom_processing/monet_nom_metadata/raw/60946_1_TOP_1_MAOM_r2_Mag_03Feb25_3p3kV_300SA_p01_29_1_22981,nmdc:bsm-11-m4kdmg08,60946_1_TOP,high
/home/bmeluch/NMDC/nom_processing/monet_nom_metadata/raw/60946_1_TOP_1_MAOM_r3_Mag_03Feb25_3p3kV_300SA_p01_29_1_23007,nmdc:bsm-11-m4kdmg08,60946_1_TOP,high
/home/bmeluch/NMDC/nom_processing/monet_nom_metadata/raw/60946_1_TOP_2_MAOM_r1_Mag_03Feb25_3p3kV_300SA_p01_30_1_22941,nmdc:bsm-11-m4kdmg08,60946_1_TOP,high
/home/bmeluch/NMDC/nom_processing/monet_nom_metadata/raw/60946_1_TOP_2_MAOM_r2_Mag_03Feb25_3p3kV_300SA_p01_30_1_22976,nmdc:bsm-11-m4kdmg08,60946_1_TOP,high
/home/bmeluch/NMDC/nom_processing/monet_nom_metadata/raw/60946_1_TOP_2_MAOM_r3_Mag_03Feb25_3p3kV_300SA_p01_30_1_23041,nmdc:bsm-11-m4kdmg08,60946_1_TOP,high
/home/bmeluch/NMDC/nom_processing/monet_nom_metadata/raw/60946_1_TOP_3_MAOM_r1_Mag_03Feb25_3p3kV_300SA_p01_31_1_22893,nmdc:bsm-11-m4kdmg08,60946_1_TOP,high
/home/bmeluch/NMDC/nom_processing/monet_nom_metadata/raw/60946_1_TOP_3_MAOM_r2_Mag_03Feb25_3p3kV_300SA_p01_31_1_22978,nmdc:bsm-11-m4kdmg08,60946_1_TOP,high
/home/bmeluch/NMDC/nom_processing/monet_nom_metadata/raw/60946_1_TOP_3_MAOM_r3_Mag_03Feb25_3p3kV_300SA_p01_31_1_22997,nmdc:bsm-11-m4kdmg08,60946_1_TOP,high
/home/bmeluch/NMDC/nom_processing/monet_nom_metadata/raw/60946_2_B_1_WEOM_r1_Mag_23Feb24_300SA_p01_36_1_16023,nmdc:bsm-11-2mzwjp41,60946_2_BTM,high
/home/bmeluch/NMDC/nom_processing/monet_nom_metadata/raw/60946_2_B_1_WEOM_r2_Mag_23Feb24_300SA_p01_36_1_16049,nmdc:bsm-11-2mzwjp41,60946_2_BTM,high
/home/bmeluch/NMDC/nom_processing/monet_nom_metadata/raw/60946_2_B_1_WEOM_r3_Mag_23Feb24_300SA_p01_36_1_16054,nmdc:bsm-11-2mzwjp41,60946_2_BTM,high
/home/bmeluch/NMDC/nom_processing/monet_nom_metadata/raw/60946_2_B_2_WEOM_r1_Mag_23Feb24_300SA_p01_37_1_16020,nmdc:bsm-11-2mzwjp41,60946_2_BTM,high
/home/bmeluch/NMDC/nom_processing/monet_nom_metadata/raw/60946_2_B_2_WEOM_r2_Mag_23Feb24_300SA_p01_37_1_16038,nmdc:bsm-11-2mzwjp41,60946_2_BTM,high
/home/bmeluch/NMDC/nom_processing/monet_nom_metadata/raw/60946_2_B_2_WEOM_r3_Mag_23Feb24_300SA_p01_37_1_16060,nmdc:bsm-11-2mzwjp41,60946_2_BTM,high
/home/bmeluch/NMDC/nom_processing/monet_nom_metadata/raw/60946_2_B_3_WEOM_r1_Mag_23Feb24_300SA_p01_38_1_16024,nmdc:bsm-11-2mzwjp41,60946_2_BTM,high
/home/bmeluch/NMDC/nom_processing/monet_nom_metadata/raw/60946_2_B_3_WEOM_r2_Mag_23Feb24_300SA_p01_38_1_16037,nmdc:bsm-11-2mzwjp41,60946_2_BTM,high
/home/bmeluch/NMDC/nom_processing/monet_nom_metadata/raw/60946_2_B_3_WEOM_r3_Mag_23Feb24_300SA_p01_38_1_16056,nmdc:bsm-11-2mzwjp41,60946_2_BTM,high
/home/bmeluch/NMDC/nom_processing/monet_nom_metadata/raw/60946_2_BTM_1_MAOM_r1_Mag_03Feb25_3p3kV_300SA_p01_38_1_22924,nmdc:bsm-11-2mzwjp41,60946_2_BTM,high
/home/bmeluch/NMDC/nom_processing/monet_nom_metadata/raw/60946_2_BTM_1_MAOM_r2_Mag_03Feb25_3p3kV_300SA_p01_38_1_22983,nmdc:bsm-11-2mzwjp41,60946_2_BTM,high
/home/bmeluch/NMDC/nom_processing/monet_nom_metadata/raw/60946_2_BTM_1_MAOM_r3_Mag_03Feb25_3p3kV_300SA_p01_38_1_23010,nmdc:bsm-11-2mzwjp41,60946_2_BTM,high
/home/bmeluch/NMDC/nom_processing/monet_nom_metadata/raw/60946_2_BTM_2_MAOM_r1_Mag_03Feb25_3p3kV_300SA_p01_39_1_22919,nmdc:bsm-11-2mzwjp41,60946_2_BTM,high
/home/bmeluch/NMDC/nom_processing/monet_nom_metadata/raw/60946_2_BTM_2_MAOM_r2_Mag_03Feb25_3p3kV_300SA_p01_39_1_22966,nmdc:bsm-11-2mzwjp41,60946_2_BTM,high
/home/bmeluch/NMDC/nom_processing/monet_nom_metadata/raw/60946_2_BTM_2_MAOM_r3_Mag_03Feb25_3p3kV_300SA_p01_39_1_23012,nmdc:bsm-11-2mzwjp41,60946_2_BTM,high
/home/bmeluch/NMDC/nom_processing/monet_nom_metadata/raw/60946_2_BTM_3_MAOM_r1_Mag_03Feb25_3p3kV_300SA_p01_40_1_22895,nmdc:bsm-11-2mzwjp41,60946_2_BTM,high
/home/bmeluch/NMDC/nom_processing/monet_nom_metadata/raw/60946_2_BTM_3_MAOM_r2_Mag_03Feb25_3p3kV_300SA_p01_40_1_22945,nmdc:bsm-11-2mzwjp41,60946_2_BTM,high
/home/bmeluch/NMDC/nom_processing/monet_nom_metadata/raw/60946_2_BTM_3_MAOM_r3_Mag_03Feb25_3p3kV_300SA_p01_40_1_23016,nmdc:bsm-11-2mzwjp41,60946_2_BTM,high
/home/bmeluch/NMDC/nom_processing/monet_nom_metadata/raw/60946_2_T_1_WEOM_r1_Mag_23Feb24_300SA_p01_33_1_16033,nmdc:bsm-11-w7a2v965,60946_2_TOP,high
/home/bmeluch/NMDC/nom_processing/monet_nom_metadata/raw/60946_2_T_1_WEOM_r2_Mag_23Feb24_300SA_p01_33_1_16047,nmdc:bsm-11-w7a2v965,60946_2_TOP,high
/home/bmeluch/NMDC/nom_processing/monet_nom_metadata/raw/60946_2_T_1_WEOM_r3_Mag_23Feb24_300SA_p01_33_1_16066,nmdc:bsm-11-w7a2v965,60946_2_TOP,high
/home/bmeluch/NMDC/nom_processing/monet_nom_metadata/raw/60946_2_T_2_WEOM_r1_Mag_23Feb24_300SA_p01_34_1_16030,nmdc:bsm-11-w7a2v965,60946_2_TOP,high
/home/bmeluch/NMDC/nom_processing/monet_nom_metadata/raw/60946_2_T_2_WEOM_r2_Mag_23Feb24_300SA_p01_34_1_16039,nmdc:bsm-11-w7a2v965,60946_2_TOP,high
/home/bmeluch/NMDC/nom_processing/monet_nom_metadata/raw/60946_2_T_2_WEOM_r3_Mag_23Feb24_300SA_p01_34_1_16057,nmdc:bsm-11-w7a2v965,60946_2_TOP,high
/home/bmeluch/NMDC/nom_processing/monet_nom_metadata/raw/60946_2_T_3_WEOM_r1_Mag_23Feb24_300SA_p01_35_1_16026,nmdc:bsm-11-w7a2v965,60946_2_TOP,high
/home/bmeluch/NMDC/nom_processing/monet_nom_metadata/raw/60946_2_T_3_WEOM_r2_Mag_23Feb24_300SA_p01_35_1_16042,nmdc:bsm-11-w7a2v965,60946_2_TOP,high
/home/bmeluch/NMDC/nom_processing/monet_nom_metadata/raw/60946_2_T_3_WEOM_r3_Mag_23Feb24_300SA_p01_35_1_16063,nmdc:bsm-11-w7a2v965,60946_2_TOP,high
/home/bmeluch/NMDC/nom_processing/monet_nom_metadata/raw/60946_2_TOP_1_MAOM_r1_Mag_03Feb25_3p3kV_300SA_p01_35_1_22904,nmdc:bsm-11-w7a2v965,60946_2_TOP,high
/home/bmeluch/NMDC/nom_processing/monet_nom_metadata/raw/60946_2_TOP_1_MAOM_r2_Mag_03Feb25_3p3kV_300SA_p01_35_1_22949,nmdc:bsm-11-w7a2v965,60946_2_TOP,high
/home/bmeluch/NMDC/nom_processing/monet_nom_metadata/raw/60946_2_TOP_1_MAOM_r3_Mag_03Feb25_3p3kV_300SA_p01_35_1_23021,nmdc:bsm-11-w7a2v965,60946_2_TOP,high
/home/bmeluch/NMDC/nom_processing/monet_nom_metadata/raw/60946_2_TOP_2_MAOM_r1_Mag_03Feb25_3p3kV_300SA_p01_36_1_22911,nmdc:bsm-11-w7a2v965,60946_2_TOP,high
/home/bmeluch/NMDC/nom_processing/monet_nom_metadata/raw/60946_2_TOP_2_MAOM_r2_Mag_03Feb25_3p3kV_300SA_p01_36_1_22985,nmdc:bsm-11-w7a2v965,60946_2_TOP,high
/home/bmeluch/NMDC/nom_processing/monet_nom_metadata/raw/60946_2_TOP_2_MAOM_r3_Mag_03Feb25_3p3kV_300SA_p01_36_1_23014,nmdc:bsm-11-w7a2v965,60946_2_TOP,high
/home/bmeluch/NMDC/nom_processing/monet_nom_metadata/raw/60946_2_TOP_3_MAOM_r1_Mag_03Feb25_3p3kV_300SA_p01_37_1_22903,nmdc:bsm-11-w7a2v965,60946_2_TOP,high
/home/bmeluch/NMDC/nom_processing/monet_nom_metadata/raw/60946_2_TOP_3_MAOM_r2_Mag_03Feb25_3p3kV_300SA_p01_37_1_22954,nmdc:bsm-11-w7a2v965,60946_2_TOP,high
/home/bmeluch/NMDC/nom_processing/monet_nom_metadata/raw/60946_2_TOP_3_MAOM_r3_Mag_03Feb25_3p3kV_300SA_p01_37_1_23035,nmdc:bsm-11-w7a2v965,60946_2_TOP,high
/home/bmeluch/NMDC/nom_processing/monet_nom_metadata/raw/QC_SRFAII_20ppm_04Jan24_Mag_2w_8M_300SA_p01_54_1_14411,,,calibrant
/home/bmeluch/NMDC/nom_processing/monet_nom_metadata/raw/QC_SRFAII_20ppm_04Jan24_Mag_2w_8M_300SA_p01_54_1_14412,,,calibrant
/home/bmeluch/NMDC/nom_processing/monet_nom_metadata/raw/QC_SRFAII_20ppm_04Jan24_Mag_2w_8M_300SA_p01_54_1_14413,,,calibrant
/home/bmeluch/NMDC/nom_processing/monet_nom_metadata/raw/QC_SRFAII_20ppm_04Jan24_Mag_2w_8M_300SA_p01_54_1_14414,,,calibrant
/home/bmeluch/NMDC/nom_processing/monet_nom_metadata/raw/QC_SRFAII_20ppm_04Jan24_Mag_2w_8M_300SA_p01_54_1_14415,,,calibrant
/home/bmeluch/NMDC/nom_processing/monet_nom_metadata/raw/QC_SRFAII_20ppm_04Jan24_Mag_2w_8M_300SA_p01_54_1_14416,,,calibrant
/home/bmeluch/NMDC/nom_processing/monet_nom_metadata/raw/QC_SRFAII_23_01_10ppm_r0_Mag_12Feb24_300SA_p01_54_1_15025,,,calibrant
/home/bmeluch/NMDC/nom_processing/monet_nom_metadata/raw/QC_SRFAII_23_01_10ppm_r0_Mag_12Feb24_300SA_p01_54_1_15026,,,calibrant
/home/bmeluch/NMDC/nom_processing/monet_nom_metadata/raw/QC_SRFAII_23_01_10ppm_r1_Mag_12Feb24_300SA_p01_54_1_15048,,,calibrant
/home/bmeluch/NMDC/nom_processing/monet_nom_metadata/raw/QC_SRFAII_23_01_10ppm_r1_Mag_12Feb24_300SA_p01_54_1_15070,,,calibrant
/home/bmeluch/NMDC/nom_processing/monet_nom_metadata/raw/QC_SRFAII_23_01_10ppm_r1_Mag_12Feb24_300SA_p01_54_1_15092,,,calibrant
/home/bmeluch/NMDC/nom_processing/monet_nom_metadata/raw/QC_SRFAII_23_01_10ppm_r1_Mag_16Feb24_300SA_p01_54_1_15261,,,calibrant
/home/bmeluch/NMDC/nom_processing/monet_nom_metadata/raw/QC_SRFAII_23_01_10ppm_r1_Mag_16Feb24_300SA_p01_54_1_15281,,,calibrant
/home/bmeluch/NMDC/nom_processing/monet_nom_metadata/raw/QC_SRFAII_23_01_10ppm_r1_Mag_16Feb24_300SA_p01_54_1_15383,,,calibrant
/home/bmeluch/NMDC/nom_processing/monet_nom_metadata/raw/QC_SRFAII_23_01_10ppm_r1_Mag_21Feb24_300SA_p01_54_1_15474,,,calibrant
/home/bmeluch/NMDC/nom_processing/monet_nom_metadata/raw/QC_SRFAII_23_01_10ppm_r1_Mag_21Feb24_300SA_p01_54_1_15534,,,calibrant
/home/bmeluch/NMDC/nom_processing/monet_nom_metadata/raw/QC_SRFAII_23_01_10ppm_r1_Mag_23Feb24_300SA_p01_54_1_16034,,,calibrant
/home/bmeluch/NMDC/nom_processing/monet_nom_metadata/raw/QC_SRFAII_23_01_10ppm_r1_Mag_24Feb24_300SA_p01_54_1_15908,,,calibrant
/home/bmeluch/NMDC/nom_processing/monet_nom_metadata/raw/QC_SRFAII_23_01_10ppm_r2_Mag_12Feb24_300SA_p01_54_1_15114,,,calibrant
/home/bmeluch/NMDC/nom_processing/monet_nom_metadata/raw/QC_SRFAII_23_01_10ppm_r2_Mag_12Feb24_300SA_p01_54_1_15136,,,calibrant
/home/bmeluch/NMDC/nom_processing/monet_nom_metadata/raw/QC_SRFAII_23_01_10ppm_r2_Mag_12Feb24_300SA_p01_54_1_15158,,,calibrant
/home/bmeluch/NMDC/nom_processing/monet_nom_metadata/raw/QC_SRFAII_23_01_10ppm_r2_Mag_16Feb24_300SA_p01_54_1_15301,,,calibrant
/home/bmeluch/NMDC/nom_processing/monet_nom_metadata/raw/QC_SRFAII_23_01_10ppm_r2_Mag_16Feb24_300SA_p01_54_1_15321,,,calibrant
/home/bmeluch/NMDC/nom_processing/monet_nom_metadata/raw/QC_SRFAII_23_01_10ppm_r2_Mag_16Feb24_300SA_p01_54_1_15405,,,calibrant
/home/bmeluch/NMDC/nom_processing/monet_nom_metadata/raw/QC_SRFAII_23_01_10ppm_r2_Mag_21Feb24_300SA_p01_15_1_15907,,,calibrant
/home/bmeluch/NMDC/nom_processing/monet_nom_metadata/raw/QC_SRFAII_23_01_10ppm_r2_Mag_21Feb24_300SA_p01_54_1_15493,,,calibrant
/home/bmeluch/NMDC/nom_processing/monet_nom_metadata/raw/QC_SRFAII_23_01_10ppm_r2_Mag_23Feb24_300SA_p01_54_1_16051,,,calibrant
/home/bmeluch/NMDC/nom_processing/monet_nom_metadata/raw/QC_SRFAII_23_01_10ppm_r2_Mag_24Feb24_300SA_p01_54_1_15930,,,calibrant
/home/bmeluch/NMDC/nom_processing/monet_nom_metadata/raw/QC_SRFAII_23_01_10ppm_r2_Mag_24Feb24_300SA_p01_54_1_15952,,,calibrant
/home/bmeluch/NMDC/nom_processing/monet_nom_metadata/raw/QC_SRFAII_23_01_10ppm_r3_Mag_12Feb24_300SA_p01_54_1_15180,,,calibrant
/home/bmeluch/NMDC/nom_processing/monet_nom_metadata/raw/QC_SRFAII_23_01_10ppm_r3_Mag_12Feb24_300SA_p01_54_1_15202,,,calibrant
/home/bmeluch/NMDC/nom_processing/monet_nom_metadata/raw/QC_SRFAII_23_01_10ppm_r3_Mag_12Feb24_300SA_p01_54_1_15224,,,calibrant
/home/bmeluch/NMDC/nom_processing/monet_nom_metadata/raw/QC_SRFAII_23_01_10ppm_r3_Mag_12Feb24_300SA_p01_54_1_15241,,,calibrant
/home/bmeluch/NMDC/nom_processing/monet_nom_metadata/raw/QC_SRFAII_23_01_10ppm_r3_Mag_16Feb24_300SA_p01_54_1_15341,,,calibrant
/home/bmeluch/NMDC/nom_processing/monet_nom_metadata/raw/QC_SRFAII_23_01_10ppm_r3_Mag_16Feb24_300SA_p01_54_1_15361,,,calibrant
/home/bmeluch/NMDC/nom_processing/monet_nom_metadata/raw/QC_SRFAII_23_01_10ppm_r3_Mag_16Feb24_300SA_p01_54_1_15427,,,calibrant
/home/bmeluch/NMDC/nom_processing/monet_nom_metadata/raw/QC_SRFAII_23_01_10ppm_r3_Mag_16Feb24_300SA_p01_54_1_15453,,,calibrant
/home/bmeluch/NMDC/nom_processing/monet_nom_metadata/raw/QC_SRFAII_23_01_10ppm_r3_Mag_18Jan24_300SA_p01_52_1_14903,,,calibrant
/home/bmeluch/NMDC/nom_processing/monet_nom_metadata/raw/QC_SRFAII_23_01_10ppm_r3_Mag_18Jan24_300SA_p01_52_1_14925,,,calibrant
/home/bmeluch/NMDC/nom_processing/monet_nom_metadata/raw/QC_SRFAII_23_01_10ppm_r3_Mag_18Jan24_300SA_p01_52_1_14947,,,calibrant
/home/bmeluch/NMDC/nom_processing/monet_nom_metadata/raw/QC_SRFAII_23_01_10ppm_r3_Mag_18Jan24_300SA_p01_52_1_14963,,,calibrant
/home/bmeluch/NMDC/nom_processing/monet_nom_metadata/raw/QC_SRFAII_23_01_10ppm_r3_Mag_18Jan24_300SA_p01_52_1_14985,,,calibrant
/home/bmeluch/NMDC/nom_processing/monet_nom_metadata/raw/QC_SRFAII_23_01_10ppm_r3_Mag_18Jan24_300SA_p01_52_1_15009,,,calibrant
/home/bmeluch/NMDC/nom_processing/monet_nom_metadata/raw/QC_SRFAII_23_01_10ppm_r3_Mag_21Feb24_300SA_p01_54_1_15455,,,calibrant
/home/bmeluch/NMDC/nom_processing/monet_nom_metadata/raw/QC_SRFAII_23_01_10ppm_r3_Mag_21Feb24_300SA_p01_54_1_15512,,,calibrant
/home/bmeluch/NMDC/nom_processing/monet_nom_metadata/raw/QC_SRFAII_23_01_10ppm_r3_Mag_23Feb24_300SA_p01_54_1_16068,,,calibrant
/home/bmeluch/NMDC/nom_processing/monet_nom_metadata/raw/QC_SRFAII_23_01_10ppm_r3_Mag_24Feb24_300SA_p01_54_1_15974,,,calibrant
/home/bmeluch/NMDC/nom_processing/monet_nom_metadata/raw/QC_SRFAII_23_01_10ppm_r3_Mag_24Feb24_300SA_p01_54_1_15997,,,calibrant
/home/bmeluch/NMDC/nom_processing/monet_nom_metadata/raw/QC_SRFAII_23_01_10ppm_r3_Mag_24Feb24_300SA_p01_54_1_16017,,,calibrant
/home/bmeluch/NMDC/nom_processing/monet_nom_metadata/raw/QC_SRFAII_23_01_10ppm_WEOM_r0_Mag_04Mar24_300SA_p01_54_1_16791,,,calibrant
/home/bmeluch/NMDC/nom_processing/monet_nom_metadata/raw/QC_SRFAII_23_01_10ppm_WEOM_r1_Mag_01May24_300SA_p01_54_1_18064,,,calibrant
/home/bmeluch/NMDC/nom_processing/monet_nom_metadata/raw/QC_SRFAII_23_01_10ppm_WEOM_r1_Mag_01May24_300SA_p01_54_1_18086,,,calibrant
/home/bmeluch/NMDC/nom_processing/monet_nom_metadata/raw/QC_SRFAII_23_01_10ppm_WEOM_r1_Mag_01May24_300SA_p01_54_1_18108,,,calibrant
/home/bmeluch/NMDC/nom_processing/monet_nom_metadata/raw/QC_SRFAII_23_01_10ppm_WEOM_r1_Mag_04Mar24_300SA_p01_54_1_16792,,,calibrant
/home/bmeluch/NMDC/nom_processing/monet_nom_metadata/raw/QC_SRFAII_23_01_10ppm_WEOM_r1_Mag_04Mar24_300SA_p01_54_1_16814,,,calibrant
/home/bmeluch/NMDC/nom_processing/monet_nom_metadata/raw/QC_SRFAII_23_01_10ppm_WEOM_r1_Mag_04Mar24_300SA_p01_54_1_16836,,,calibrant
/home/bmeluch/NMDC/nom_processing/monet_nom_metadata/raw/QC_SRFAII_23_01_10ppm_WEOM_r1_Mag_07Mar24_300SA_p01_54_1_16966,,,calibrant
/home/bmeluch/NMDC/nom_processing/monet_nom_metadata/raw/QC_SRFAII_23_01_10ppm_WEOM_r1_Mag_07Mar24_300SA_p01_54_1_17012,,,calibrant
/home/bmeluch/NMDC/nom_processing/monet_nom_metadata/raw/QC_SRFAII_23_01_10ppm_WEOM_r1_Mag_07Mar24_300SA_p01_54_1_17028,,,calibrant
/home/bmeluch/NMDC/nom_processing/monet_nom_metadata/raw/QC_SRFAII_23_01_10ppm_WEOM_r1_Mag_07Mar24_300SA_p02_54_1_16990,,,calibrant
/home/bmeluch/NMDC/nom_processing/monet_nom_metadata/raw/QC_SRFAII_23_01_10ppm_WEOM_r1_Mag_10Mar24_300SA_p01_54_1_17110,,,calibrant
/home/bmeluch/NMDC/nom_processing/monet_nom_metadata/raw/QC_SRFAII_23_01_10ppm_WEOM_r1_Mag_10Mar24_300SA_p01_54_1_17142,,,calibrant
/home/bmeluch/NMDC/nom_processing/monet_nom_metadata/raw/QC_SRFAII_23_01_10ppm_WEOM_r1_Mag_10Mar24_300SA_p01_54_1_17164,,,calibrant
/home/bmeluch/NMDC/nom_processing/monet_nom_metadata/raw/QC_SRFAII_23_01_10ppm_WEOM_r1_Mag_10May24_300SA_p01_54_1_18261,,,calibrant
/home/bmeluch/NMDC/nom_processing/monet_nom_metadata/raw/QC_SRFAII_23_01_10ppm_WEOM_r1_Mag_10May24_300SA_p01_54_1_18262,,,calibrant
/home/bmeluch/NMDC/nom_processing/monet_nom_metadata/raw/QC_SRFAII_23_01_10ppm_WEOM_r1_Mag_10May24_300SA_p01_54_1_18284,,,calibrant
/home/bmeluch/NMDC/nom_processing/monet_nom_metadata/raw/QC_SRFAII_23_01_10ppm_WEOM_r2_Mag_01May24_300SA_p01_54_1_18129,,,calibrant
/home/bmeluch/NMDC/nom_processing/monet_nom_metadata/raw/QC_SRFAII_23_01_10ppm_WEOM_r2_Mag_01May24_300SA_p01_54_1_18151,,,calibrant
/home/bmeluch/NMDC/nom_processing/monet_nom_metadata/raw/QC_SRFAII_23_01_10ppm_WEOM_r2_Mag_01May24_300SA_p01_54_1_18173,,,calibrant
/home/bmeluch/NMDC/nom_processing/monet_nom_metadata/raw/QC_SRFAII_23_01_10ppm_WEOM_r2_Mag_04Mar24_300SA_p01_54_1_16858,,,calibrant
/home/bmeluch/NMDC/nom_processing/monet_nom_metadata/raw/QC_SRFAII_23_01_10ppm_WEOM_r2_Mag_04Mar24_300SA_p01_54_1_16880,,,calibrant
/home/bmeluch/NMDC/nom_processing/monet_nom_metadata/raw/QC_SRFAII_23_01_10ppm_WEOM_r2_Mag_04Mar24_300SA_p01_54_1_16902,,,calibrant
/home/bmeluch/NMDC/nom_processing/monet_nom_metadata/raw/QC_SRFAII_23_01_10ppm_WEOM_r2_Mag_07Mar24_300SA_p01_54_1_17038,,,calibrant
/home/bmeluch/NMDC/nom_processing/monet_nom_metadata/raw/QC_SRFAII_23_01_10ppm_WEOM_r2_Mag_07Mar24_300SA_p01_54_1_17061,,,calibrant
/home/bmeluch/NMDC/nom_processing/monet_nom_metadata/raw/QC_SRFAII_23_01_10ppm_WEOM_r2_Mag_10Mar24_300SA_p01_54_1_17186,,,calibrant
/home/bmeluch/NMDC/nom_processing/monet_nom_metadata/raw/QC_SRFAII_23_01_10ppm_WEOM_r2_Mag_10Mar24_300SA_p01_54_1_17208,,,calibrant
/home/bmeluch/NMDC/nom_processing/monet_nom_metadata/raw/QC_SRFAII_23_01_10ppm_WEOM_r2_Mag_10May24_300SA_p01_54_1_18306,,,calibrant
/home/bmeluch/NMDC/nom_processing/monet_nom_metadata/raw/QC_SRFAII_23_01_10ppm_WEOM_r2_Mag_10May24_300SA_p01_54_1_18328,,,calibrant
/home/bmeluch/NMDC/nom_processing/monet_nom_metadata/raw/QC_SRFAII_23_01_10ppm_WEOM_r3_Mag_01May24_300SA_p01_54_1_18194,,,calibrant
/home/bmeluch/NMDC/nom_processing/monet_nom_metadata/raw/QC_SRFAII_23_01_10ppm_WEOM_r3_Mag_01May24_300SA_p01_54_1_18216,,,calibrant
/home/bmeluch/NMDC/nom_processing/monet_nom_metadata/raw/QC_SRFAII_23_01_10ppm_WEOM_r3_Mag_01May24_300SA_p01_54_1_18238,,,calibrant
/home/bmeluch/NMDC/nom_processing/monet_nom_metadata/raw/QC_SRFAII_23_01_10ppm_WEOM_r3_Mag_01May24_300SA_p01_54_1_18259,,,calibrant
/home/bmeluch/NMDC/nom_processing/monet_nom_metadata/raw/QC_SRFAII_23_01_10ppm_WEOM_r3_Mag_04Mar24_300SA_p01_54_1_16924,,,calibrant
/home/bmeluch/NMDC/nom_processing/monet_nom_metadata/raw/QC_SRFAII_23_01_10ppm_WEOM_r3_Mag_04Mar24_300SA_p01_54_1_16946,,,calibrant
/home/bmeluch/NMDC/nom_processing/monet_nom_metadata/raw/QC_SRFAII_23_01_10ppm_WEOM_r3_Mag_04Mar24_300SA_p01_54_1_16948,,,calibrant
/home/bmeluch/NMDC/nom_processing/monet_nom_metadata/raw/QC_SRFAII_23_01_10ppm_WEOM_r3_Mag_04Mar24_300SA_p01_54_1_16964,,,calibrant
/home/bmeluch/NMDC/nom_processing/monet_nom_metadata/raw/QC_SRFAII_23_01_10ppm_WEOM_r3_Mag_07Mar24_300SA_p01_54_1_17085,,,calibrant
/home/bmeluch/NMDC/nom_processing/monet_nom_metadata/raw/QC_SRFAII_23_01_10ppm_WEOM_r3_Mag_07Mar24_300SA_p01_54_1_17108,,,calibrant
/home/bmeluch/NMDC/nom_processing/monet_nom_metadata/raw/QC_SRFAII_23_01_10ppm_WEOM_r3_Mag_10Mar24_300SA_p01_54_1_17129,,,calibrant
/home/bmeluch/NMDC/nom_processing/monet_nom_metadata/raw/QC_SRFAII_23_01_10ppm_WEOM_r3_Mag_10Mar24_300SA_p01_54_1_17230,,,calibrant
/home/bmeluch/NMDC/nom_processing/monet_nom_metadata/raw/QC_SRFAII_23_01_10ppm_WEOM_r3_Mag_10Mar24_300SA_p01_54_1_17254,,,calibrant
/home/bmeluch/NMDC/nom_processing/monet_nom_metadata/raw/QC_SRFAII_23_01_10ppm_WEOM_r3_Mag_10Mar24_300SA_p01_54_1_17278,,,calibrant
/home/bmeluch/NMDC/nom_processing/monet_nom_metadata/raw/QC_SRFAII_23_01_10ppm_WEOM_r3_Mag_10May24_300SA_p01_54_1_18350,,,calibrant
/home/bmeluch/NMDC/nom_processing/monet_nom_metadata/raw/QC_SRFAII_23_01_10ppm_WEOM_r3_Mag_10May24_300SA_p01_54_1_18372,,,calibrant
/home/bmeluch/NMDC/nom_processing/monet_nom_metadata/raw/QC_SRFAII_23_01_10ppm_WEOM_r3_Mag_13May24_300SA_p01_54_1_18396,,,calibrant
/home/bmeluch/NMDC/nom_processing/monet_nom_metadata/raw/QC_SRFAII_23_01_10ppm_WEOM_r3_Mag_13May24_300SA_p01_54_1_18414,,,calibrant
/home/bmeluch/NMDC/nom_processing/monet_nom_metadata/raw/QC_SRFAII_23_01_20ppm_r0_Mag_04Jan24_300SA_p01_54_1_14417,,,calibrant
/home/bmeluch/NMDC/nom_processing/monet_nom_metadata/raw/QC_SRFAII_23_01_20ppm_r0_Mag_04Jan24_300SA_p01_54_1_14418,,,calibrant
/home/bmeluch/NMDC/nom_processing/monet_nom_metadata/raw/QC_SRFAII_23_01_20ppm_r0_Mag_18Jan24_300SA_p01_52_1_14691,,,calibrant
/home/bmeluch/NMDC/nom_processing/monet_nom_metadata/raw/QC_SRFAII_23_01_20ppm_r0_Mag_18Jan24_300SA_p01_52_1_14692,,,calibrant
/home/bmeluch/NMDC/nom_processing/monet_nom_metadata/raw/QC_SRFAII_23_01_20ppm_r0_Mag_18Jan24_300SA_p01_54_1_14693,,,calibrant
/home/bmeluch/NMDC/nom_processing/monet_nom_metadata/raw/QC_SRFAII_23_01_20ppm_r0_Mag_21Dec23_300SA_p01_54_1_13983,,,calibrant
/home/bmeluch/NMDC/nom_processing/monet_nom_metadata/raw/QC_SRFAII_23_01_20ppm_r1_Mag_04Jan24_300SA_p01_54_1_14440,,,calibrant
/home/bmeluch/NMDC/nom_processing/monet_nom_metadata/raw/QC_SRFAII_23_01_20ppm_r1_Mag_04Jan24_300SA_p01_54_1_14462,,,calibrant
/home/bmeluch/NMDC/nom_processing/monet_nom_metadata/raw/QC_SRFAII_23_01_20ppm_r1_Mag_04Jan24_300SA_p01_54_1_14484,,,calibrant
/home/bmeluch/NMDC/nom_processing/monet_nom_metadata/raw/QC_SRFAII_23_01_20ppm_r1_Mag_04Jan24_300SA_p01_54_1_14508,,,calibrant
/home/bmeluch/NMDC/nom_processing/monet_nom_metadata/raw/QC_SRFAII_23_01_20ppm_r1_Mag_18Jan24_300SA_p01_54_1_14715,,,calibrant
/home/bmeluch/NMDC/nom_processing/monet_nom_metadata/raw/QC_SRFAII_23_01_20ppm_r1_Mag_18Jan24_300SA_p01_54_1_14737,,,calibrant
/home/bmeluch/NMDC/nom_processing/monet_nom_metadata/raw/QC_SRFAII_23_01_20ppm_r1_Mag_18Jan24_300SA_p01_54_1_14752,,,calibrant
/home/bmeluch/NMDC/nom_processing/monet_nom_metadata/raw/QC_SRFAII_23_01_20ppm_r1_Mag_18Jan24_300SA_p01_54_1_14775,,,calibrant
/home/bmeluch/NMDC/nom_processing/monet_nom_metadata/raw/QC_SRFAII_23_01_20ppm_r1_Mag_21Dec23_300SA_p01_54_1_14008,,,calibrant
/home/bmeluch/NMDC/nom_processing/monet_nom_metadata/raw/QC_SRFAII_23_01_20ppm_r1_Mag_21Dec23_300SA_p01_54_1_14030,,,calibrant
/home/bmeluch/NMDC/nom_processing/monet_nom_metadata/raw/QC_SRFAII_23_01_20ppm_r1_Mag_21Dec23_300SA_p01_54_1_14052,,,calibrant
/home/bmeluch/NMDC/nom_processing/monet_nom_metadata/raw/QC_SRFAII_23_01_20ppm_r2_Mag_04Jan24_300SA_p01_52_1_14552,,,calibrant
/home/bmeluch/NMDC/nom_processing/monet_nom_metadata/raw/QC_SRFAII_23_01_20ppm_r2_Mag_04Jan24_300SA_p01_52_1_14575,,,calibrant
/home/bmeluch/NMDC/nom_processing/monet_nom_metadata/raw/QC_SRFAII_23_01_20ppm_r2_Mag_04Jan24_300SA_p01_52_1_14598,,,calibrant
/home/bmeluch/NMDC/nom_processing/monet_nom_metadata/raw/QC_SRFAII_23_01_20ppm_r2_Mag_04Jan24_300SA_p01_54_1_14531,,,calibrant
/home/bmeluch/NMDC/nom_processing/monet_nom_metadata/raw/QC_SRFAII_23_01_20ppm_r2_Mag_18Jan24_300SA_p01_52_1_14857,,,calibrant
/home/bmeluch/NMDC/nom_processing/monet_nom_metadata/raw/QC_SRFAII_23_01_20ppm_r2_Mag_18Jan24_300SA_p01_52_1_14879,,,calibrant
/home/bmeluch/NMDC/nom_processing/monet_nom_metadata/raw/QC_SRFAII_23_01_20ppm_r2_Mag_18Jan24_300SA_p01_54_1_14797,,,calibrant
/home/bmeluch/NMDC/nom_processing/monet_nom_metadata/raw/QC_SRFAII_23_01_20ppm_r2_Mag_18Jan24_300SA_p01_54_1_14819,,,calibrant
/home/bmeluch/NMDC/nom_processing/monet_nom_metadata/raw/QC_SRFAII_23_01_20ppm_r2_Mag_18Jan24_300SA_p01_54_1_14841,,,calibrant
/home/bmeluch/NMDC/nom_processing/monet_nom_metadata/raw/QC_SRFAII_23_01_20ppm_r2_Mag_21Dec23_300SA_p01_54_1_14075,,,calibrant
/home/bmeluch/NMDC/nom_processing/monet_nom_metadata/raw/QC_SRFAII_23_01_20ppm_r2_Mag_21Dec23_300SA_p01_54_1_14097,,,calibrant
/home/bmeluch/NMDC/nom_processing/monet_nom_metadata/raw/QC_SRFAII_23_01_20ppm_r2_Mag_21Dec23_300SA_p01_54_1_14119,,,calibrant
/home/bmeluch/NMDC/nom_processing/monet_nom_metadata/raw/QC_SRFAII_23_01_20ppm_r3_Mag_04Jan24_300SA_p01_52_1_14621,,,calibrant
/home/bmeluch/NMDC/nom_processing/monet_nom_metadata/raw/QC_SRFAII_23_01_20ppm_r3_Mag_04Jan24_300SA_p01_52_1_14643,,,calibrant
/home/bmeluch/NMDC/nom_processing/monet_nom_metadata/raw/QC_SRFAII_23_01_20ppm_r3_Mag_04Jan24_300SA_p01_52_1_14665,,,calibrant
/home/bmeluch/NMDC/nom_processing/monet_nom_metadata/raw/QC_SRFAII_23_01_20ppm_r3_Mag_04Jan24_300SA_p01_52_1_14689,,,calibrant
/home/bmeluch/NMDC/nom_processing/monet_nom_metadata/raw/QC_SRFAII_23_01_20ppm_r3_Mag_04Jan24_300SA_p01_52_1_14690,,,calibrant
/home/bmeluch/NMDC/nom_processing/monet_nom_metadata/raw/QC_SRFAII_23_01_20ppm_r3_Mag_21Dec23_300SA_p01_54_1_14142,,,calibrant
/home/bmeluch/NMDC/nom_processing/monet_nom_metadata/raw/QC_SRFAII_23_01_20ppm_r3_Mag_21Dec23_300SA_p01_54_1_14164,,,calibrant
/home/bmeluch/NMDC/nom_processing/monet_nom_metadata/raw/QC_SRFAII_23_01_20ppm_r3_Mag_21Dec23_300SA_p01_54_1_14186,,,calibrant
/home/bmeluch/NMDC/nom_processing/monet_nom_metadata/raw/QC_SRFAII_23_01_20ppm_r3_Mag_21Dec23_300SA_p01_54_1_14201,,,calibrant
/home/bmeluch/NMDC/nom_processing/monet_nom_metadata/raw/QC_SRFAII_25_01_B_WEOM_r1_52_1_27803,,,calibrant
