raw_data_file_short,file_path,is_calibration,calibration_file
60920_1_B_1_WEOM_r1_Mag_21Dec23_300SA_p01_2_1_13994.d,/home/bmeluch/NMDC/nom_processing/monet_nom_batch_1/raw/60920_1_B_1_WEOM_r1_Mag_21Dec23_300SA_p01_2_1_13994.d,False,/home/bmeluch/NMDC/nom_processing/monet_nom_batch_1/raw/QC_SRFAII_23_01_20ppm_r0_Mag_21Dec23_300SA_p01_54_1_13983.d
60920_1_B_1_WEOM_r2_Mag_21Dec23_300SA_p01_2_1_14081.d,/home/bmeluch/NMDC/nom_processing/monet_nom_batch_1/raw/60920_1_B_1_WEOM_r2_Mag_21Dec23_300SA_p01_2_1_14081.d,False,/home/bmeluch/NMDC/nom_processing/monet_nom_batch_1/raw/QC_SRFAII_23_01_20ppm_r2_Mag_21Dec23_300SA_p01_54_1_14075.d
60920_1_B_1_WEOM_r3_Mag_21Dec23_300SA_p01_2_1_14138.d,/home/bmeluch/NMDC/nom_processing/monet_nom_batch_1/raw/60920_1_B_1_WEOM_r3_Mag_21Dec23_300SA_p01_2_1_14138.d,False,/home/bmeluch/NMDC/nom_processing/monet_nom_batch_1/raw/QC_SRFAII_23_01_20ppm_r2_Mag_21Dec23_300SA_p01_54_1_14119.d
60920_1_B_2_WEOM_r1_Mag_21Dec23_300SA_p01_21_1_14020.d,/home/bmeluch/NMDC/nom_processing/monet_nom_batch_1/raw/60920_1_B_2_WEOM_r1_Mag_21Dec23_300SA_p01_21_1_14020.d,False,/home/bmeluch/NMDC/nom_processing/monet_nom_batch_1/raw/QC_SRFAII_23_01_20ppm_r1_Mag_21Dec23_300SA_p01_54_1_14008.d
60920_1_B_2_WEOM_r2_Mag_21Dec23_300SA_p01_21_1_14086.d,/home/bmeluch/NMDC/nom_processing/monet_nom_batch_1/raw/60920_1_B_2_WEOM_r2_Mag_21Dec23_300SA_p01_21_1_14086.d,False,/home/bmeluch/NMDC/nom_processing/monet_nom_batch_1/raw/QC_SRFAII_23_01_20ppm_r2_Mag_21Dec23_300SA_p01_54_1_14075.d
60920_1_B_2_WEOM_r3_Mag_21Dec23_300SA_p01_21_1_14173.d,/home/bmeluch/NMDC/nom_processing/monet_nom_batch_1/raw/60920_1_B_2_WEOM_r3_Mag_21Dec23_300SA_p01_21_1_14173.d,False,/home/bmeluch/NMDC/nom_processing/monet_nom_batch_1/raw/QC_SRFAII_23_01_20ppm_r3_Mag_21Dec23_300SA_p01_54_1_14164.d
60920_1_B_3_WEOM_r1_Mag_21Dec23_300SA_p01_2_1_14035.d,/home/bmeluch/NMDC/nom_processing/monet_nom_batch_1/raw/60920_1_B_3_WEOM_r1_Mag_21Dec23_300SA_p01_2_1_14035.d,False,/home/bmeluch/NMDC/nom_processing/monet_nom_batch_1/raw/QC_SRFAII_23_01_20ppm_r1_Mag_21Dec23_300SA_p01_54_1_14030.d
60920_1_B_3_WEOM_r2_Mag_21Dec23_300SA_p01_2_1_14109.d,/home/bmeluch/NMDC/nom_processing/monet_nom_batch_1/raw/60920_1_B_3_WEOM_r2_Mag_21Dec23_300SA_p01_2_1_14109.d,False,/home/bmeluch/NMDC/nom_processing/monet_nom_batch_1/raw/QC_SRFAII_23_01_20ppm_r2_Mag_21Dec23_300SA_p01_54_1_14097.d
60920_1_B_3_WEOM_r3_Mag_21Dec23_300SA_p01_2_1_14182.d,/home/bmeluch/NMDC/nom_processing/monet_nom_batch_1/raw/60920_1_B_3_WEOM_r3_Mag_21Dec23_300SA_p01_2_1_14182.d,False,/home/bmeluch/NMDC/nom_processing/monet_nom_batch_1/raw/QC_SRFAII_23_01_20ppm_r3_Mag_21Dec23_300SA_p01_54_1_14164.d
60920_1_T_1_WEOM_r1_Mag_21Dec23_300SA_p01_1_1_14006.d,/home/bmeluch/NMDC/nom_processing/monet_nom_batch_1/raw/60920_1_T_1_WEOM_r1_Mag_21Dec23_300SA_p01_1_1_14006.d,False,/home/bmeluch/NMDC/nom_processing/monet_nom_batch_1/raw/QC_SRFAII_23_01_20ppm_r0_Mag_21Dec23_300SA_p01_54_1_13983.d
60920_1_T_1_WEOM_r2_Mag_21Dec23_300SA_p01_1_1_14073.d,/home/bmeluch/NMDC/nom_processing/monet_nom_batch_1/raw/60920_1_T_1_WEOM_r2_Mag_21Dec23_300SA_p01_1_1_14073.d,False,/home/bmeluch/NMDC/nom_processing/monet_nom_batch_1/raw/QC_SRFAII_23_01_20ppm_r1_Mag_21Dec23_300SA_p01_54_1_14052.d
60920_1_T_1_WEOM_r3_Mag_21Dec23_300SA_p01_1_1_14148.d,/home/bmeluch/NMDC/nom_processing/monet_nom_batch_1/raw/60920_1_T_1_WEOM_r3_Mag_21Dec23_300SA_p01_1_1_14148.d,False,/home/bmeluch/NMDC/nom_processing/monet_nom_batch_1/raw/QC_SRFAII_23_01_20ppm_r3_Mag_21Dec23_300SA_p01_54_1_14142.d
60920_1_T_2_WEOM_r1_Mag_21Dec23_300SA_p01_20_1_14019.d,/home/bmeluch/NMDC/nom_processing/monet_nom_batch_1/raw/60920_1_T_2_WEOM_r1_Mag_21Dec23_300SA_p01_20_1_14019.d,False,/home/bmeluch/NMDC/nom_processing/monet_nom_batch_1/raw/QC_SRFAII_23_01_20ppm_r1_Mag_21Dec23_300SA_p01_54_1_14008.d
60920_1_T_2_WEOM_r2_Mag_21Dec23_300SA_p01_20_1_14087.d,/home/bmeluch/NMDC/nom_processing/monet_nom_batch_1/raw/60920_1_T_2_WEOM_r2_Mag_21Dec23_300SA_p01_20_1_14087.d,False,/home/bmeluch/NMDC/nom_processing/monet_nom_batch_1/raw/QC_SRFAII_23_01_20ppm_r2_Mag_21Dec23_300SA_p01_54_1_14075.d
60920_1_T_2_WEOM_r3_Mag_21Dec23_300SA_p01_20_1_14172.d,/home/bmeluch/NMDC/nom_processing/monet_nom_batch_1/raw/60920_1_T_2_WEOM_r3_Mag_21Dec23_300SA_p01_20_1_14172.d,False,/home/bmeluch/NMDC/nom_processing/monet_nom_batch_1/raw/QC_SRFAII_23_01_20ppm_r3_Mag_21Dec23_300SA_p01_54_1_14164.d
60920_1_T_3_WEOM_r1_Mag_21Dec23_300SA_p01_1_1_14042.d,/home/bmeluch/NMDC/nom_processing/monet_nom_batch_1/raw/60920_1_T_3_WEOM_r1_Mag_21Dec23_300SA_p01_1_1_14042.d,False,/home/bmeluch/NMDC/nom_processing/monet_nom_batch_1/raw/QC_SRFAII_23_01_20ppm_r1_Mag_21Dec23_300SA_p01_54_1_14030.d
60920_1_T_3_WEOM_r2_Mag_21Dec23_300SA_p01_1_1_14114.d,/home/bmeluch/NMDC/nom_processing/monet_nom_batch_1/raw/60920_1_T_3_WEOM_r2_Mag_21Dec23_300SA_p01_1_1_14114.d,False,/home/bmeluch/NMDC/nom_processing/monet_nom_batch_1/raw/QC_SRFAII_23_01_20ppm_r2_Mag_21Dec23_300SA_p01_54_1_14097.d
60920_1_T_3_WEOM_r3_Mag_21Dec23_300SA_p01_1_1_14190.d,/home/bmeluch/NMDC/nom_processing/monet_nom_batch_1/raw/60920_1_T_3_WEOM_r3_Mag_21Dec23_300SA_p01_1_1_14190.d,False,/home/bmeluch/NMDC/nom_processing/monet_nom_batch_1/raw/QC_SRFAII_23_01_20ppm_r3_Mag_21Dec23_300SA_p01_54_1_14186.d
60920_10_T_1_WEOM_r1_Mag_21Dec23_300SA_p01_18_1_13992.d,/home/bmeluch/NMDC/nom_processing/monet_nom_batch_1/raw/60920_10_T_1_WEOM_r1_Mag_21Dec23_300SA_p01_18_1_13992.d,False,/home/bmeluch/NMDC/nom_processing/monet_nom_batch_1/raw/QC_SRFAII_23_01_20ppm_r0_Mag_21Dec23_300SA_p01_54_1_13983.d
60920_10_T_1_WEOM_r2_Mag_21Dec23_300SA_p01_18_1_14069.d,/home/bmeluch/NMDC/nom_processing/monet_nom_batch_1/raw/60920_10_T_1_WEOM_r2_Mag_21Dec23_300SA_p01_18_1_14069.d,False,/home/bmeluch/NMDC/nom_processing/monet_nom_batch_1/raw/QC_SRFAII_23_01_20ppm_r1_Mag_21Dec23_300SA_p01_54_1_14052.d
60920_10_T_1_WEOM_r3_Mag_21Dec23_300SA_p01_18_1_14153.d,/home/bmeluch/NMDC/nom_processing/monet_nom_batch_1/raw/60920_10_T_1_WEOM_r3_Mag_21Dec23_300SA_p01_18_1_14153.d,False,/home/bmeluch/NMDC/nom_processing/monet_nom_batch_1/raw/QC_SRFAII_23_01_20ppm_r3_Mag_21Dec23_300SA_p01_54_1_14142.d
60920_10_T_2_WEOM_r1_Mag_21Dec23_300SA_p01_37_1_14017.d,/home/bmeluch/NMDC/nom_processing/monet_nom_batch_1/raw/60920_10_T_2_WEOM_r1_Mag_21Dec23_300SA_p01_37_1_14017.d,False,/home/bmeluch/NMDC/nom_processing/monet_nom_batch_1/raw/QC_SRFAII_23_01_20ppm_r1_Mag_21Dec23_300SA_p01_54_1_14008.d
60920_10_T_2_WEOM_r2_Mag_21Dec23_300SA_p01_37_1_14099.d,/home/bmeluch/NMDC/nom_processing/monet_nom_batch_1/raw/60920_10_T_2_WEOM_r2_Mag_21Dec23_300SA_p01_37_1_14099.d,False,/home/bmeluch/NMDC/nom_processing/monet_nom_batch_1/raw/QC_SRFAII_23_01_20ppm_r2_Mag_21Dec23_300SA_p01_54_1_14097.d
60920_10_T_2_WEOM_r3_Mag_21Dec23_300SA_p01_37_1_14175.d,/home/bmeluch/NMDC/nom_processing/monet_nom_batch_1/raw/60920_10_T_2_WEOM_r3_Mag_21Dec23_300SA_p01_37_1_14175.d,False,/home/bmeluch/NMDC/nom_processing/monet_nom_batch_1/raw/QC_SRFAII_23_01_20ppm_r3_Mag_21Dec23_300SA_p01_54_1_14164.d
60920_10_T_3_WEOM_r1_Mag_21Dec23_300SA_p01_18_1_14041.d,/home/bmeluch/NMDC/nom_processing/monet_nom_batch_1/raw/60920_10_T_3_WEOM_r1_Mag_21Dec23_300SA_p01_18_1_14041.d,False,/home/bmeluch/NMDC/nom_processing/monet_nom_batch_1/raw/QC_SRFAII_23_01_20ppm_r1_Mag_21Dec23_300SA_p01_54_1_14030.d
60920_10_T_3_WEOM_r2_Mag_21Dec23_300SA_p01_18_1_14122.d,/home/bmeluch/NMDC/nom_processing/monet_nom_batch_1/raw/60920_10_T_3_WEOM_r2_Mag_21Dec23_300SA_p01_18_1_14122.d,False,/home/bmeluch/NMDC/nom_processing/monet_nom_batch_1/raw/QC_SRFAII_23_01_20ppm_r2_Mag_21Dec23_300SA_p01_54_1_14119.d
60920_10_T_3_WEOM_r3_Mag_21Dec23_300SA_p01_18_1_14180.d,/home/bmeluch/NMDC/nom_processing/monet_nom_batch_1/raw/60920_10_T_3_WEOM_r3_Mag_21Dec23_300SA_p01_18_1_14180.d,False,/home/bmeluch/NMDC/nom_processing/monet_nom_batch_1/raw/QC_SRFAII_23_01_20ppm_r3_Mag_21Dec23_300SA_p01_54_1_14164.d
60920_11_T_1_WEOM_r1_Mag_21Dec23_300SA_p01_19_1_13987.d,/home/bmeluch/NMDC/nom_processing/monet_nom_batch_1/raw/60920_11_T_1_WEOM_r1_Mag_21Dec23_300SA_p01_19_1_13987.d,False,/home/bmeluch/NMDC/nom_processing/monet_nom_batch_1/raw/QC_SRFAII_23_01_20ppm_r0_Mag_21Dec23_300SA_p01_54_1_13983.d
60920_11_T_1_WEOM_r1_Mag_21Dec23_300SA_p01_19_1_14007.d,/home/bmeluch/NMDC/nom_processing/monet_nom_batch_1/raw/60920_11_T_1_WEOM_r1_Mag_21Dec23_300SA_p01_19_1_14007.d,False,/home/bmeluch/NMDC/nom_processing/monet_nom_batch_1/raw/QC_SRFAII_23_01_20ppm_r0_Mag_21Dec23_300SA_p01_54_1_13983.d
60920_11_T_1_WEOM_r2_Mag_21Dec23_300SA_p01_19_1_14060.d,/home/bmeluch/NMDC/nom_processing/monet_nom_batch_1/raw/60920_11_T_1_WEOM_r2_Mag_21Dec23_300SA_p01_19_1_14060.d,False,/home/bmeluch/NMDC/nom_processing/monet_nom_batch_1/raw/QC_SRFAII_23_01_20ppm_r1_Mag_21Dec23_300SA_p01_54_1_14052.d
60920_11_T_1_WEOM_r2_Mag_21Dec23_300SA_p01_19_1_14074.d,/home/bmeluch/NMDC/nom_processing/monet_nom_batch_1/raw/60920_11_T_1_WEOM_r2_Mag_21Dec23_300SA_p01_19_1_14074.d,False,/home/bmeluch/NMDC/nom_processing/monet_nom_batch_1/raw/QC_SRFAII_23_01_20ppm_r1_Mag_21Dec23_300SA_p01_54_1_14052.d
60920_11_T_1_WEOM_r3_Mag_21Dec23_300SA_p01_19_1_14139.d,/home/bmeluch/NMDC/nom_processing/monet_nom_batch_1/raw/60920_11_T_1_WEOM_r3_Mag_21Dec23_300SA_p01_19_1_14139.d,False,/home/bmeluch/NMDC/nom_processing/monet_nom_batch_1/raw/QC_SRFAII_23_01_20ppm_r2_Mag_21Dec23_300SA_p01_54_1_14119.d
60920_11_T_1_WEOM_r3_Mag_21Dec23_300SA_p01_19_1_14141.d,/home/bmeluch/NMDC/nom_processing/monet_nom_batch_1/raw/60920_11_T_1_WEOM_r3_Mag_21Dec23_300SA_p01_19_1_14141.d,False,/home/bmeluch/NMDC/nom_processing/monet_nom_batch_1/raw/QC_SRFAII_23_01_20ppm_r2_Mag_21Dec23_300SA_p01_54_1_14119.d
60920_11_T_2_WEOM_r1_Mag_21Dec23_300SA_p01_38_1_14028.d,/home/bmeluch/NMDC/nom_processing/monet_nom_batch_1/raw/60920_11_T_2_WEOM_r1_Mag_21Dec23_300SA_p01_38_1_14028.d,False,/home/bmeluch/NMDC/nom_processing/monet_nom_batch_1/raw/QC_SRFAII_23_01_20ppm_r1_Mag_21Dec23_300SA_p01_54_1_14008.d
60920_11_T_2_WEOM_r2_Mag_21Dec23_300SA_p01_38_1_14104.d,/home/bmeluch/NMDC/nom_processing/monet_nom_batch_1/raw/60920_11_T_2_WEOM_r2_Mag_21Dec23_300SA_p01_38_1_14104.d,False,/home/bmeluch/NMDC/nom_processing/monet_nom_batch_1/raw/QC_SRFAII_23_01_20ppm_r2_Mag_21Dec23_300SA_p01_54_1_14097.d
60920_11_T_2_WEOM_r3_Mag_21Dec23_300SA_p01_38_1_14171.d,/home/bmeluch/NMDC/nom_processing/monet_nom_batch_1/raw/60920_11_T_2_WEOM_r3_Mag_21Dec23_300SA_p01_38_1_14171.d,False,/home/bmeluch/NMDC/nom_processing/monet_nom_batch_1/raw/QC_SRFAII_23_01_20ppm_r3_Mag_21Dec23_300SA_p01_54_1_14164.d
60920_11_T_3_WEOM_r1_Mag_21Dec23_300SA_p01_19_1_14044.d,/home/bmeluch/NMDC/nom_processing/monet_nom_batch_1/raw/60920_11_T_3_WEOM_r1_Mag_21Dec23_300SA_p01_19_1_14044.d,False,/home/bmeluch/NMDC/nom_processing/monet_nom_batch_1/raw/QC_SRFAII_23_01_20ppm_r1_Mag_21Dec23_300SA_p01_54_1_14030.d
60920_11_T_3_WEOM_r2_Mag_21Dec23_300SA_p01_19_1_14118.d,/home/bmeluch/NMDC/nom_processing/monet_nom_batch_1/raw/60920_11_T_3_WEOM_r2_Mag_21Dec23_300SA_p01_19_1_14118.d,False,/home/bmeluch/NMDC/nom_processing/monet_nom_batch_1/raw/QC_SRFAII_23_01_20ppm_r2_Mag_21Dec23_300SA_p01_54_1_14097.d
60920_11_T_3_WEOM_r3_Mag_21Dec23_300SA_p01_19_1_14198.d,/home/bmeluch/NMDC/nom_processing/monet_nom_batch_1/raw/60920_11_T_3_WEOM_r3_Mag_21Dec23_300SA_p01_19_1_14198.d,False,/home/bmeluch/NMDC/nom_processing/monet_nom_batch_1/raw/QC_SRFAII_23_01_20ppm_r3_Mag_21Dec23_300SA_p01_54_1_14186.d
60920_2_B_1_WEOM_r1_Mag_21Dec23_300SA_p01_4_1_14002.d,/home/bmeluch/NMDC/nom_processing/monet_nom_batch_1/raw/60920_2_B_1_WEOM_r1_Mag_21Dec23_300SA_p01_4_1_14002.d,False,/home/bmeluch/NMDC/nom_processing/monet_nom_batch_1/raw/QC_SRFAII_23_01_20ppm_r0_Mag_21Dec23_300SA_p01_54_1_13983.d
60920_2_B_1_WEOM_r2_Mag_21Dec23_300SA_p01_4_1_14064.d,/home/bmeluch/NMDC/nom_processing/monet_nom_batch_1/raw/60920_2_B_1_WEOM_r2_Mag_21Dec23_300SA_p01_4_1_14064.d,False,/home/bmeluch/NMDC/nom_processing/monet_nom_batch_1/raw/QC_SRFAII_23_01_20ppm_r1_Mag_21Dec23_300SA_p01_54_1_14052.d
60920_2_B_1_WEOM_r3_Mag_21Dec23_300SA_p01_4_1_14144.d,/home/bmeluch/NMDC/nom_processing/monet_nom_batch_1/raw/60920_2_B_1_WEOM_r3_Mag_21Dec23_300SA_p01_4_1_14144.d,False,/home/bmeluch/NMDC/nom_processing/monet_nom_batch_1/raw/QC_SRFAII_23_01_20ppm_r3_Mag_21Dec23_300SA_p01_54_1_14142.d
60920_2_B_2_WEOM_r1_Mag_21Dec23_300SA_p01_23_1_14018.d,/home/bmeluch/NMDC/nom_processing/monet_nom_batch_1/raw/60920_2_B_2_WEOM_r1_Mag_21Dec23_300SA_p01_23_1_14018.d,False,/home/bmeluch/NMDC/nom_processing/monet_nom_batch_1/raw/QC_SRFAII_23_01_20ppm_r1_Mag_21Dec23_300SA_p01_54_1_14008.d
60920_2_B_2_WEOM_r2_Mag_21Dec23_300SA_p01_23_1_14090.d,/home/bmeluch/NMDC/nom_processing/monet_nom_batch_1/raw/60920_2_B_2_WEOM_r2_Mag_21Dec23_300SA_p01_23_1_14090.d,False,/home/bmeluch/NMDC/nom_processing/monet_nom_batch_1/raw/QC_SRFAII_23_01_20ppm_r2_Mag_21Dec23_300SA_p01_54_1_14075.d
60920_2_B_2_WEOM_r3_Mag_21Dec23_300SA_p01_23_1_14157.d,/home/bmeluch/NMDC/nom_processing/monet_nom_batch_1/raw/60920_2_B_2_WEOM_r3_Mag_21Dec23_300SA_p01_23_1_14157.d,False,/home/bmeluch/NMDC/nom_processing/monet_nom_batch_1/raw/QC_SRFAII_23_01_20ppm_r3_Mag_21Dec23_300SA_p01_54_1_14142.d
60920_2_B_3_WEOM_r1_Mag_21Dec23_300SA_p01_4_1_14054.d,/home/bmeluch/NMDC/nom_processing/monet_nom_batch_1/raw/60920_2_B_3_WEOM_r1_Mag_21Dec23_300SA_p01_4_1_14054.d,False,/home/bmeluch/NMDC/nom_processing/monet_nom_batch_1/raw/QC_SRFAII_23_01_20ppm_r1_Mag_21Dec23_300SA_p01_54_1_14052.d
60920_2_B_3_WEOM_r2_Mag_21Dec23_300SA_p01_4_1_14110.d,/home/bmeluch/NMDC/nom_processing/monet_nom_batch_1/raw/60920_2_B_3_WEOM_r2_Mag_21Dec23_300SA_p01_4_1_14110.d,False,/home/bmeluch/NMDC/nom_processing/monet_nom_batch_1/raw/QC_SRFAII_23_01_20ppm_r2_Mag_21Dec23_300SA_p01_54_1_14097.d
60920_2_B_3_WEOM_r3_Mag_21Dec23_300SA_p01_4_1_14183.d,/home/bmeluch/NMDC/nom_processing/monet_nom_batch_1/raw/60920_2_B_3_WEOM_r3_Mag_21Dec23_300SA_p01_4_1_14183.d,False,/home/bmeluch/NMDC/nom_processing/monet_nom_batch_1/raw/QC_SRFAII_23_01_20ppm_r3_Mag_21Dec23_300SA_p01_54_1_14164.d
60920_2_T_1_WEOM_r1_Mag_21Dec23_300SA_p01_3_1_13995.d,/home/bmeluch/NMDC/nom_processing/monet_nom_batch_1/raw/60920_2_T_1_WEOM_r1_Mag_21Dec23_300SA_p01_3_1_13995.d,False,/home/bmeluch/NMDC/nom_processing/monet_nom_batch_1/raw/QC_SRFAII_23_01_20ppm_r0_Mag_21Dec23_300SA_p01_54_1_13983.d
60920_2_T_1_WEOM_r2_Mag_21Dec23_300SA_p01_3_1_14078.d,/home/bmeluch/NMDC/nom_processing/monet_nom_batch_1/raw/60920_2_T_1_WEOM_r2_Mag_21Dec23_300SA_p01_3_1_14078.d,False,/home/bmeluch/NMDC/nom_processing/monet_nom_batch_1/raw/QC_SRFAII_23_01_20ppm_r2_Mag_21Dec23_300SA_p01_54_1_14075.d
60920_2_T_1_WEOM_r3_Mag_21Dec23_300SA_p01_3_1_14133.d,/home/bmeluch/NMDC/nom_processing/monet_nom_batch_1/raw/60920_2_T_1_WEOM_r3_Mag_21Dec23_300SA_p01_3_1_14133.d,False,/home/bmeluch/NMDC/nom_processing/monet_nom_batch_1/raw/QC_SRFAII_23_01_20ppm_r2_Mag_21Dec23_300SA_p01_54_1_14119.d
60920_2_T_2_WEOM_r1_Mag_21Dec23_300SA_p01_22_1_14023.d,/home/bmeluch/NMDC/nom_processing/monet_nom_batch_1/raw/60920_2_T_2_WEOM_r1_Mag_21Dec23_300SA_p01_22_1_14023.d,False,/home/bmeluch/NMDC/nom_processing/monet_nom_batch_1/raw/QC_SRFAII_23_01_20ppm_r1_Mag_21Dec23_300SA_p01_54_1_14008.d
60920_2_T_2_WEOM_r2_Mag_21Dec23_300SA_p01_22_1_14101.d,/home/bmeluch/NMDC/nom_processing/monet_nom_batch_1/raw/60920_2_T_2_WEOM_r2_Mag_21Dec23_300SA_p01_22_1_14101.d,False,/home/bmeluch/NMDC/nom_processing/monet_nom_batch_1/raw/QC_SRFAII_23_01_20ppm_r2_Mag_21Dec23_300SA_p01_54_1_14097.d
60920_2_T_2_WEOM_r3_Mag_21Dec23_300SA_p01_22_1_14168.d,/home/bmeluch/NMDC/nom_processing/monet_nom_batch_1/raw/60920_2_T_2_WEOM_r3_Mag_21Dec23_300SA_p01_22_1_14168.d,False,/home/bmeluch/NMDC/nom_processing/monet_nom_batch_1/raw/QC_SRFAII_23_01_20ppm_r3_Mag_21Dec23_300SA_p01_54_1_14164.d
60920_2_T_3_WEOM_r1_Mag_21Dec23_300SA_p01_3_1_14049.d,/home/bmeluch/NMDC/nom_processing/monet_nom_batch_1/raw/60920_2_T_3_WEOM_r1_Mag_21Dec23_300SA_p01_3_1_14049.d,False,/home/bmeluch/NMDC/nom_processing/monet_nom_batch_1/raw/QC_SRFAII_23_01_20ppm_r1_Mag_21Dec23_300SA_p01_54_1_14030.d
60920_2_T_3_WEOM_r2_Mag_21Dec23_300SA_p01_3_1_14112.d,/home/bmeluch/NMDC/nom_processing/monet_nom_batch_1/raw/60920_2_T_3_WEOM_r2_Mag_21Dec23_300SA_p01_3_1_14112.d,False,/home/bmeluch/NMDC/nom_processing/monet_nom_batch_1/raw/QC_SRFAII_23_01_20ppm_r2_Mag_21Dec23_300SA_p01_54_1_14097.d
60920_2_T_3_WEOM_r3_Mag_21Dec23_300SA_p01_3_1_14196.d,/home/bmeluch/NMDC/nom_processing/monet_nom_batch_1/raw/60920_2_T_3_WEOM_r3_Mag_21Dec23_300SA_p01_3_1_14196.d,False,/home/bmeluch/NMDC/nom_processing/monet_nom_batch_1/raw/QC_SRFAII_23_01_20ppm_r3_Mag_21Dec23_300SA_p01_54_1_14186.d
60920_3_B_1_WEOM_r1_Mag_21Dec23_300SA_p01_6_1_14010.d,/home/bmeluch/NMDC/nom_processing/monet_nom_batch_1/raw/60920_3_B_1_WEOM_r1_Mag_21Dec23_300SA_p01_6_1_14010.d,False,/home/bmeluch/NMDC/nom_processing/monet_nom_batch_1/raw/QC_SRFAII_23_01_20ppm_r1_Mag_21Dec23_300SA_p01_54_1_14008.d
60920_3_B_1_WEOM_r2_Mag_21Dec23_300SA_p01_6_1_14067.d,/home/bmeluch/NMDC/nom_processing/monet_nom_batch_1/raw/60920_3_B_1_WEOM_r2_Mag_21Dec23_300SA_p01_6_1_14067.d,False,/home/bmeluch/NMDC/nom_processing/monet_nom_batch_1/raw/QC_SRFAII_23_01_20ppm_r1_Mag_21Dec23_300SA_p01_54_1_14052.d
60920_3_B_1_WEOM_r3_Mag_21Dec23_300SA_p01_6_1_14146.d,/home/bmeluch/NMDC/nom_processing/monet_nom_batch_1/raw/60920_3_B_1_WEOM_r3_Mag_21Dec23_300SA_p01_6_1_14146.d,False,/home/bmeluch/NMDC/nom_processing/monet_nom_batch_1/raw/QC_SRFAII_23_01_20ppm_r3_Mag_21Dec23_300SA_p01_54_1_14142.d
60920_3_B_2_WEOM_r1_Mag_21Dec23_300SA_p01_25_1_14027.d,/home/bmeluch/NMDC/nom_processing/monet_nom_batch_1/raw/60920_3_B_2_WEOM_r1_Mag_21Dec23_300SA_p01_25_1_14027.d,False,/home/bmeluch/NMDC/nom_processing/monet_nom_batch_1/raw/QC_SRFAII_23_01_20ppm_r1_Mag_21Dec23_300SA_p01_54_1_14008.d
60920_3_B_2_WEOM_r2_Mag_21Dec23_300SA_p01_25_1_14083.d,/home/bmeluch/NMDC/nom_processing/monet_nom_batch_1/raw/60920_3_B_2_WEOM_r2_Mag_21Dec23_300SA_p01_25_1_14083.d,False,/home/bmeluch/NMDC/nom_processing/monet_nom_batch_1/raw/QC_SRFAII_23_01_20ppm_r2_Mag_21Dec23_300SA_p01_54_1_14075.d
60920_3_B_2_WEOM_r3_Mag_21Dec23_300SA_p01_25_1_14166.d,/home/bmeluch/NMDC/nom_processing/monet_nom_batch_1/raw/60920_3_B_2_WEOM_r3_Mag_21Dec23_300SA_p01_25_1_14166.d,False,/home/bmeluch/NMDC/nom_processing/monet_nom_batch_1/raw/QC_SRFAII_23_01_20ppm_r3_Mag_21Dec23_300SA_p01_54_1_14164.d
60920_3_B_3_WEOM_r1_Mag_21Dec23_300SA_p01_6_1_14043.d,/home/bmeluch/NMDC/nom_processing/monet_nom_batch_1/raw/60920_3_B_3_WEOM_r1_Mag_21Dec23_300SA_p01_6_1_14043.d,False,/home/bmeluch/NMDC/nom_processing/monet_nom_batch_1/raw/QC_SRFAII_23_01_20ppm_r1_Mag_21Dec23_300SA_p01_54_1_14030.d
60920_3_B_3_WEOM_r2_Mag_21Dec23_300SA_p01_6_1_14123.d,/home/bmeluch/NMDC/nom_processing/monet_nom_batch_1/raw/60920_3_B_3_WEOM_r2_Mag_21Dec23_300SA_p01_6_1_14123.d,False,/home/bmeluch/NMDC/nom_processing/monet_nom_batch_1/raw/QC_SRFAII_23_01_20ppm_r2_Mag_21Dec23_300SA_p01_54_1_14119.d
60920_3_B_3_WEOM_r3_Mag_21Dec23_300SA_p01_6_1_14192.d,/home/bmeluch/NMDC/nom_processing/monet_nom_batch_1/raw/60920_3_B_3_WEOM_r3_Mag_21Dec23_300SA_p01_6_1_14192.d,False,/home/bmeluch/NMDC/nom_processing/monet_nom_batch_1/raw/QC_SRFAII_23_01_20ppm_r3_Mag_21Dec23_300SA_p01_54_1_14186.d
60920_3_T_1_WEOM_r1_Mag_21Dec23_300SA_p01_5_1_13990.d,/home/bmeluch/NMDC/nom_processing/monet_nom_batch_1/raw/60920_3_T_1_WEOM_r1_Mag_21Dec23_300SA_p01_5_1_13990.d,False,/home/bmeluch/NMDC/nom_processing/monet_nom_batch_1/raw/QC_SRFAII_23_01_20ppm_r0_Mag_21Dec23_300SA_p01_54_1_13983.d
60920_3_T_1_WEOM_r3_Mag_21Dec23_300SA_p01_5_1_14137.d,/home/bmeluch/NMDC/nom_processing/monet_nom_batch_1/raw/60920_3_T_1_WEOM_r3_Mag_21Dec23_300SA_p01_5_1_14137.d,False,/home/bmeluch/NMDC/nom_processing/monet_nom_batch_1/raw/QC_SRFAII_23_01_20ppm_r2_Mag_21Dec23_300SA_p01_54_1_14119.d
60920_3_T_2_WEOM_r1_Mag_21Dec23_300SA_p01_24_1_14029.d,/home/bmeluch/NMDC/nom_processing/monet_nom_batch_1/raw/60920_3_T_2_WEOM_r1_Mag_21Dec23_300SA_p01_24_1_14029.d,False,/home/bmeluch/NMDC/nom_processing/monet_nom_batch_1/raw/QC_SRFAII_23_01_20ppm_r1_Mag_21Dec23_300SA_p01_54_1_14008.d
60920_3_T_2_WEOM_r2_Mag_21Dec23_300SA_p01_24_1_14092.d,/home/bmeluch/NMDC/nom_processing/monet_nom_batch_1/raw/60920_3_T_2_WEOM_r2_Mag_21Dec23_300SA_p01_24_1_14092.d,False,/home/bmeluch/NMDC/nom_processing/monet_nom_batch_1/raw/QC_SRFAII_23_01_20ppm_r2_Mag_21Dec23_300SA_p01_54_1_14075.d
60920_3_T_2_WEOM_r3_Mag_21Dec23_300SA_p01_24_1_14163.d,/home/bmeluch/NMDC/nom_processing/monet_nom_batch_1/raw/60920_3_T_2_WEOM_r3_Mag_21Dec23_300SA_p01_24_1_14163.d,False,/home/bmeluch/NMDC/nom_processing/monet_nom_batch_1/raw/QC_SRFAII_23_01_20ppm_r3_Mag_21Dec23_300SA_p01_54_1_14142.d
60920_3_T_3_WEOM_r1_Mag_21Dec23_300SA_p01_5_1_14050.d,/home/bmeluch/NMDC/nom_processing/monet_nom_batch_1/raw/60920_3_T_3_WEOM_r1_Mag_21Dec23_300SA_p01_5_1_14050.d,False,/home/bmeluch/NMDC/nom_processing/monet_nom_batch_1/raw/QC_SRFAII_23_01_20ppm_r1_Mag_21Dec23_300SA_p01_54_1_14030.d
60920_3_T_3_WEOM_r2_Mag_21Dec23_300SA_p01_5_1_14128.d,/home/bmeluch/NMDC/nom_processing/monet_nom_batch_1/raw/60920_3_T_3_WEOM_r2_Mag_21Dec23_300SA_p01_5_1_14128.d,False,/home/bmeluch/NMDC/nom_processing/monet_nom_batch_1/raw/QC_SRFAII_23_01_20ppm_r2_Mag_21Dec23_300SA_p01_54_1_14119.d
60920_3_T_3_WEOM_r3_Mag_21Dec23_300SA_p01_5_1_14188.d,/home/bmeluch/NMDC/nom_processing/monet_nom_batch_1/raw/60920_3_T_3_WEOM_r3_Mag_21Dec23_300SA_p01_5_1_14188.d,False,/home/bmeluch/NMDC/nom_processing/monet_nom_batch_1/raw/QC_SRFAII_23_01_20ppm_r3_Mag_21Dec23_300SA_p01_54_1_14186.d
60920_4_B_1_WEOM_r1_Mag_21Dec23_300SA_p01_8_1_14000.d,/home/bmeluch/NMDC/nom_processing/monet_nom_batch_1/raw/60920_4_B_1_WEOM_r1_Mag_21Dec23_300SA_p01_8_1_14000.d,False,/home/bmeluch/NMDC/nom_processing/monet_nom_batch_1/raw/QC_SRFAII_23_01_20ppm_r0_Mag_21Dec23_300SA_p01_54_1_13983.d
60920_4_B_1_WEOM_r2_Mag_21Dec23_300SA_p01_8_1_14065.d,/home/bmeluch/NMDC/nom_processing/monet_nom_batch_1/raw/60920_4_B_1_WEOM_r2_Mag_21Dec23_300SA_p01_8_1_14065.d,False,/home/bmeluch/NMDC/nom_processing/monet_nom_batch_1/raw/QC_SRFAII_23_01_20ppm_r1_Mag_21Dec23_300SA_p01_54_1_14052.d
60920_4_B_1_WEOM_r3_Mag_21Dec23_300SA_p01_8_1_14140.d,/home/bmeluch/NMDC/nom_processing/monet_nom_batch_1/raw/60920_4_B_1_WEOM_r3_Mag_21Dec23_300SA_p01_8_1_14140.d,False,/home/bmeluch/NMDC/nom_processing/monet_nom_batch_1/raw/QC_SRFAII_23_01_20ppm_r2_Mag_21Dec23_300SA_p01_54_1_14119.d
60920_4_B_2_WEOM_r1_Mag_21Dec23_300SA_p01_27_1_14024.d,/home/bmeluch/NMDC/nom_processing/monet_nom_batch_1/raw/60920_4_B_2_WEOM_r1_Mag_21Dec23_300SA_p01_27_1_14024.d,False,/home/bmeluch/NMDC/nom_processing/monet_nom_batch_1/raw/QC_SRFAII_23_01_20ppm_r1_Mag_21Dec23_300SA_p01_54_1_14008.d
60920_4_B_2_WEOM_r2_Mag_21Dec23_300SA_p01_27_1_14103.d,/home/bmeluch/NMDC/nom_processing/monet_nom_batch_1/raw/60920_4_B_2_WEOM_r2_Mag_21Dec23_300SA_p01_27_1_14103.d,False,/home/bmeluch/NMDC/nom_processing/monet_nom_batch_1/raw/QC_SRFAII_23_01_20ppm_r2_Mag_21Dec23_300SA_p01_54_1_14097.d
60920_4_B_2_WEOM_r3_Mag_21Dec23_300SA_p01_27_1_14167.d,/home/bmeluch/NMDC/nom_processing/monet_nom_batch_1/raw/60920_4_B_2_WEOM_r3_Mag_21Dec23_300SA_p01_27_1_14167.d,False,/home/bmeluch/NMDC/nom_processing/monet_nom_batch_1/raw/QC_SRFAII_23_01_20ppm_r3_Mag_21Dec23_300SA_p01_54_1_14164.d
60920_4_B_3_WEOM_r1_Mag_21Dec23_300SA_p01_8_1_14056.d,/home/bmeluch/NMDC/nom_processing/monet_nom_batch_1/raw/60920_4_B_3_WEOM_r1_Mag_21Dec23_300SA_p01_8_1_14056.d,False,/home/bmeluch/NMDC/nom_processing/monet_nom_batch_1/raw/QC_SRFAII_23_01_20ppm_r1_Mag_21Dec23_300SA_p01_54_1_14052.d
60920_4_B_3_WEOM_r2_Mag_21Dec23_300SA_p01_8_1_14124.d,/home/bmeluch/NMDC/nom_processing/monet_nom_batch_1/raw/60920_4_B_3_WEOM_r2_Mag_21Dec23_300SA_p01_8_1_14124.d,False,/home/bmeluch/NMDC/nom_processing/monet_nom_batch_1/raw/QC_SRFAII_23_01_20ppm_r2_Mag_21Dec23_300SA_p01_54_1_14119.d
60920_4_B_3_WEOM_r3_Mag_21Dec23_300SA_p01_8_1_14181.d,/home/bmeluch/NMDC/nom_processing/monet_nom_batch_1/raw/60920_4_B_3_WEOM_r3_Mag_21Dec23_300SA_p01_8_1_14181.d,False,/home/bmeluch/NMDC/nom_processing/monet_nom_batch_1/raw/QC_SRFAII_23_01_20ppm_r3_Mag_21Dec23_300SA_p01_54_1_14164.d
60920_4_T_1_WEOM_r1_Mag_21Dec23_300SA_p01_7_1_13998.d,/home/bmeluch/NMDC/nom_processing/monet_nom_batch_1/raw/60920_4_T_1_WEOM_r1_Mag_21Dec23_300SA_p01_7_1_13998.d,False,/home/bmeluch/NMDC/nom_processing/monet_nom_batch_1/raw/QC_SRFAII_23_01_20ppm_r0_Mag_21Dec23_300SA_p01_54_1_13983.d
60920_4_T_1_WEOM_r2_Mag_21Dec23_300SA_p01_7_1_14082.d,/home/bmeluch/NMDC/nom_processing/monet_nom_batch_1/raw/60920_4_T_1_WEOM_r2_Mag_21Dec23_300SA_p01_7_1_14082.d,False,/home/bmeluch/NMDC/nom_processing/monet_nom_batch_1/raw/QC_SRFAII_23_01_20ppm_r2_Mag_21Dec23_300SA_p01_54_1_14075.d
60920_4_T_1_WEOM_r3_Mag_21Dec23_300SA_p01_7_1_14135.d,/home/bmeluch/NMDC/nom_processing/monet_nom_batch_1/raw/60920_4_T_1_WEOM_r3_Mag_21Dec23_300SA_p01_7_1_14135.d,False,/home/bmeluch/NMDC/nom_processing/monet_nom_batch_1/raw/QC_SRFAII_23_01_20ppm_r2_Mag_21Dec23_300SA_p01_54_1_14119.d
60920_4_T_2_WEOM_r1_Mag_21Dec23_300SA_p01_26_1_14012.d,/home/bmeluch/NMDC/nom_processing/monet_nom_batch_1/raw/60920_4_T_2_WEOM_r1_Mag_21Dec23_300SA_p01_26_1_14012.d,False,/home/bmeluch/NMDC/nom_processing/monet_nom_batch_1/raw/QC_SRFAII_23_01_20ppm_r1_Mag_21Dec23_300SA_p01_54_1_14008.d
60920_4_T_2_WEOM_r2_Mag_21Dec23_300SA_p01_26_1_14102.d,/home/bmeluch/NMDC/nom_processing/monet_nom_batch_1/raw/60920_4_T_2_WEOM_r2_Mag_21Dec23_300SA_p01_26_1_14102.d,False,/home/bmeluch/NMDC/nom_processing/monet_nom_batch_1/raw/QC_SRFAII_23_01_20ppm_r2_Mag_21Dec23_300SA_p01_54_1_14097.d
60920_4_T_2_WEOM_r3_Mag_21Dec23_300SA_p01_26_1_14156.d,/home/bmeluch/NMDC/nom_processing/monet_nom_batch_1/raw/60920_4_T_2_WEOM_r3_Mag_21Dec23_300SA_p01_26_1_14156.d,False,/home/bmeluch/NMDC/nom_processing/monet_nom_batch_1/raw/QC_SRFAII_23_01_20ppm_r3_Mag_21Dec23_300SA_p01_54_1_14142.d
60920_4_T_3_WEOM_r1_Mag_21Dec23_300SA_p01_7_1_14040.d,/home/bmeluch/NMDC/nom_processing/monet_nom_batch_1/raw/60920_4_T_3_WEOM_r1_Mag_21Dec23_300SA_p01_7_1_14040.d,False,/home/bmeluch/NMDC/nom_processing/monet_nom_batch_1/raw/QC_SRFAII_23_01_20ppm_r1_Mag_21Dec23_300SA_p01_54_1_14030.d
60920_4_T_3_WEOM_r2_Mag_21Dec23_300SA_p01_7_1_14125.d,/home/bmeluch/NMDC/nom_processing/monet_nom_batch_1/raw/60920_4_T_3_WEOM_r2_Mag_21Dec23_300SA_p01_7_1_14125.d,False,/home/bmeluch/NMDC/nom_processing/monet_nom_batch_1/raw/QC_SRFAII_23_01_20ppm_r2_Mag_21Dec23_300SA_p01_54_1_14119.d
60920_4_T_3_WEOM_r3_Mag_21Dec23_300SA_p01_7_1_14184.d,/home/bmeluch/NMDC/nom_processing/monet_nom_batch_1/raw/60920_4_T_3_WEOM_r3_Mag_21Dec23_300SA_p01_7_1_14184.d,False,/home/bmeluch/NMDC/nom_processing/monet_nom_batch_1/raw/QC_SRFAII_23_01_20ppm_r3_Mag_21Dec23_300SA_p01_54_1_14164.d
60920_5_B_1_WEOM_r1_Mag_21Dec23_300SA_p01_10_1_13989.d,/home/bmeluch/NMDC/nom_processing/monet_nom_batch_1/raw/60920_5_B_1_WEOM_r1_Mag_21Dec23_300SA_p01_10_1_13989.d,False,/home/bmeluch/NMDC/nom_processing/monet_nom_batch_1/raw/QC_SRFAII_23_01_20ppm_r0_Mag_21Dec23_300SA_p01_54_1_13983.d
60920_5_B_1_WEOM_r2_Mag_21Dec23_300SA_p01_10_1_14079.d,/home/bmeluch/NMDC/nom_processing/monet_nom_batch_1/raw/60920_5_B_1_WEOM_r2_Mag_21Dec23_300SA_p01_10_1_14079.d,False,/home/bmeluch/NMDC/nom_processing/monet_nom_batch_1/raw/QC_SRFAII_23_01_20ppm_r2_Mag_21Dec23_300SA_p01_54_1_14075.d
60920_5_B_1_WEOM_r3_Mag_21Dec23_300SA_p01_10_1_14149.d,/home/bmeluch/NMDC/nom_processing/monet_nom_batch_1/raw/60920_5_B_1_WEOM_r3_Mag_21Dec23_300SA_p01_10_1_14149.d,False,/home/bmeluch/NMDC/nom_processing/monet_nom_batch_1/raw/QC_SRFAII_23_01_20ppm_r3_Mag_21Dec23_300SA_p01_54_1_14142.d
60920_5_B_2_WEOM_r1_Mag_21Dec23_300SA_p01_29_1_14014.d,/home/bmeluch/NMDC/nom_processing/monet_nom_batch_1/raw/60920_5_B_2_WEOM_r1_Mag_21Dec23_300SA_p01_29_1_14014.d,False,/home/bmeluch/NMDC/nom_processing/monet_nom_batch_1/raw/QC_SRFAII_23_01_20ppm_r1_Mag_21Dec23_300SA_p01_54_1_14008.d
60920_5_B_2_WEOM_r2_Mag_21Dec23_300SA_p01_29_1_14105.d,/home/bmeluch/NMDC/nom_processing/monet_nom_batch_1/raw/60920_5_B_2_WEOM_r2_Mag_21Dec23_300SA_p01_29_1_14105.d,False,/home/bmeluch/NMDC/nom_processing/monet_nom_batch_1/raw/QC_SRFAII_23_01_20ppm_r2_Mag_21Dec23_300SA_p01_54_1_14097.d
60920_5_B_2_WEOM_r3_Mag_21Dec23_300SA_p01_29_1_14174.d,/home/bmeluch/NMDC/nom_processing/monet_nom_batch_1/raw/60920_5_B_2_WEOM_r3_Mag_21Dec23_300SA_p01_29_1_14174.d,False,/home/bmeluch/NMDC/nom_processing/monet_nom_batch_1/raw/QC_SRFAII_23_01_20ppm_r3_Mag_21Dec23_300SA_p01_54_1_14164.d
60920_5_B_3_WEOM_r1_Mag_21Dec23_300SA_p01_10_1_14047.d,/home/bmeluch/NMDC/nom_processing/monet_nom_batch_1/raw/60920_5_B_3_WEOM_r1_Mag_21Dec23_300SA_p01_10_1_14047.d,False,/home/bmeluch/NMDC/nom_processing/monet_nom_batch_1/raw/QC_SRFAII_23_01_20ppm_r1_Mag_21Dec23_300SA_p01_54_1_14030.d
60920_5_B_3_WEOM_r2_Mag_21Dec23_300SA_p01_10_1_14121.d,/home/bmeluch/NMDC/nom_processing/monet_nom_batch_1/raw/60920_5_B_3_WEOM_r2_Mag_21Dec23_300SA_p01_10_1_14121.d,False,/home/bmeluch/NMDC/nom_processing/monet_nom_batch_1/raw/QC_SRFAII_23_01_20ppm_r2_Mag_21Dec23_300SA_p01_54_1_14119.d
60920_5_B_3_WEOM_r3_Mag_21Dec23_300SA_p01_10_1_14199.d,/home/bmeluch/NMDC/nom_processing/monet_nom_batch_1/raw/60920_5_B_3_WEOM_r3_Mag_21Dec23_300SA_p01_10_1_14199.d,False,/home/bmeluch/NMDC/nom_processing/monet_nom_batch_1/raw/QC_SRFAII_23_01_20ppm_r3_Mag_21Dec23_300SA_p01_54_1_14186.d
60920_5_T_1_WEOM_r1_Mag_21Dec23_300SA_p01_9_1_14001.d,/home/bmeluch/NMDC/nom_processing/monet_nom_batch_1/raw/60920_5_T_1_WEOM_r1_Mag_21Dec23_300SA_p01_9_1_14001.d,False,/home/bmeluch/NMDC/nom_processing/monet_nom_batch_1/raw/QC_SRFAII_23_01_20ppm_r0_Mag_21Dec23_300SA_p01_54_1_13983.d
60920_5_T_1_WEOM_r2_Mag_21Dec23_300SA_p01_9_1_14063.d,/home/bmeluch/NMDC/nom_processing/monet_nom_batch_1/raw/60920_5_T_1_WEOM_r2_Mag_21Dec23_300SA_p01_9_1_14063.d,False,/home/bmeluch/NMDC/nom_processing/monet_nom_batch_1/raw/QC_SRFAII_23_01_20ppm_r1_Mag_21Dec23_300SA_p01_54_1_14052.d
60920_5_T_1_WEOM_r3_Mag_21Dec23_300SA_p01_9_1_14131.d,/home/bmeluch/NMDC/nom_processing/monet_nom_batch_1/raw/60920_5_T_1_WEOM_r3_Mag_21Dec23_300SA_p01_9_1_14131.d,False,/home/bmeluch/NMDC/nom_processing/monet_nom_batch_1/raw/QC_SRFAII_23_01_20ppm_r2_Mag_21Dec23_300SA_p01_54_1_14119.d
60920_5_T_2_WEOM_r1_Mag_21Dec23_300SA_p01_28_1_14032.d,/home/bmeluch/NMDC/nom_processing/monet_nom_batch_1/raw/60920_5_T_2_WEOM_r1_Mag_21Dec23_300SA_p01_28_1_14032.d,False,/home/bmeluch/NMDC/nom_processing/monet_nom_batch_1/raw/QC_SRFAII_23_01_20ppm_r1_Mag_21Dec23_300SA_p01_54_1_14030.d
60920_5_T_2_WEOM_r2_Mag_21Dec23_300SA_p01_28_1_14095.d,/home/bmeluch/NMDC/nom_processing/monet_nom_batch_1/raw/60920_5_T_2_WEOM_r2_Mag_21Dec23_300SA_p01_28_1_14095.d,False,/home/bmeluch/NMDC/nom_processing/monet_nom_batch_1/raw/QC_SRFAII_23_01_20ppm_r2_Mag_21Dec23_300SA_p01_54_1_14075.d
60920_5_T_2_WEOM_r3_Mag_21Dec23_300SA_p01_28_1_14162.d,/home/bmeluch/NMDC/nom_processing/monet_nom_batch_1/raw/60920_5_T_2_WEOM_r3_Mag_21Dec23_300SA_p01_28_1_14162.d,False,/home/bmeluch/NMDC/nom_processing/monet_nom_batch_1/raw/QC_SRFAII_23_01_20ppm_r3_Mag_21Dec23_300SA_p01_54_1_14142.d
60920_5_T_3_WEOM_r1_Mag_21Dec23_300SA_p01_9_1_14045.d,/home/bmeluch/NMDC/nom_processing/monet_nom_batch_1/raw/60920_5_T_3_WEOM_r1_Mag_21Dec23_300SA_p01_9_1_14045.d,False,/home/bmeluch/NMDC/nom_processing/monet_nom_batch_1/raw/QC_SRFAII_23_01_20ppm_r1_Mag_21Dec23_300SA_p01_54_1_14030.d
60920_5_T_3_WEOM_r2_Mag_21Dec23_300SA_p01_9_1_14111.d,/home/bmeluch/NMDC/nom_processing/monet_nom_batch_1/raw/60920_5_T_3_WEOM_r2_Mag_21Dec23_300SA_p01_9_1_14111.d,False,/home/bmeluch/NMDC/nom_processing/monet_nom_batch_1/raw/QC_SRFAII_23_01_20ppm_r2_Mag_21Dec23_300SA_p01_54_1_14097.d
60920_5_T_3_WEOM_r3_Mag_21Dec23_300SA_p01_9_1_14193.d,/home/bmeluch/NMDC/nom_processing/monet_nom_batch_1/raw/60920_5_T_3_WEOM_r3_Mag_21Dec23_300SA_p01_9_1_14193.d,False,/home/bmeluch/NMDC/nom_processing/monet_nom_batch_1/raw/QC_SRFAII_23_01_20ppm_r3_Mag_21Dec23_300SA_p01_54_1_14186.d
60920_6_B_1_WEOM_r1_Mag_21Dec23_300SA_p01_12_1_14005.d,/home/bmeluch/NMDC/nom_processing/monet_nom_batch_1/raw/60920_6_B_1_WEOM_r1_Mag_21Dec23_300SA_p01_12_1_14005.d,False,/home/bmeluch/NMDC/nom_processing/monet_nom_batch_1/raw/QC_SRFAII_23_01_20ppm_r0_Mag_21Dec23_300SA_p01_54_1_13983.d
60920_6_B_1_WEOM_r2_Mag_21Dec23_300SA_p01_12_1_14070.d,/home/bmeluch/NMDC/nom_processing/monet_nom_batch_1/raw/60920_6_B_1_WEOM_r2_Mag_21Dec23_300SA_p01_12_1_14070.d,False,/home/bmeluch/NMDC/nom_processing/monet_nom_batch_1/raw/QC_SRFAII_23_01_20ppm_r1_Mag_21Dec23_300SA_p01_54_1_14052.d
60920_6_B_1_WEOM_r3_Mag_21Dec23_300SA_p01_12_1_14151.d,/home/bmeluch/NMDC/nom_processing/monet_nom_batch_1/raw/60920_6_B_1_WEOM_r3_Mag_21Dec23_300SA_p01_12_1_14151.d,False,/home/bmeluch/NMDC/nom_processing/monet_nom_batch_1/raw/QC_SRFAII_23_01_20ppm_r3_Mag_21Dec23_300SA_p01_54_1_14142.d
60920_6_B_2_WEOM_r1_Mag_21Dec23_300SA_p01_31_1_14033.d,/home/bmeluch/NMDC/nom_processing/monet_nom_batch_1/raw/60920_6_B_2_WEOM_r1_Mag_21Dec23_300SA_p01_31_1_14033.d,False,/home/bmeluch/NMDC/nom_processing/monet_nom_batch_1/raw/QC_SRFAII_23_01_20ppm_r1_Mag_21Dec23_300SA_p01_54_1_14030.d
60920_6_B_2_WEOM_r2_Mag_21Dec23_300SA_p01_31_1_14085.d,/home/bmeluch/NMDC/nom_processing/monet_nom_batch_1/raw/60920_6_B_2_WEOM_r2_Mag_21Dec23_300SA_p01_31_1_14085.d,False,/home/bmeluch/NMDC/nom_processing/monet_nom_batch_1/raw/QC_SRFAII_23_01_20ppm_r2_Mag_21Dec23_300SA_p01_54_1_14075.d
60920_6_B_2_WEOM_r3_Mag_21Dec23_300SA_p01_31_1_14155.d,/home/bmeluch/NMDC/nom_processing/monet_nom_batch_1/raw/60920_6_B_2_WEOM_r3_Mag_21Dec23_300SA_p01_31_1_14155.d,False,/home/bmeluch/NMDC/nom_processing/monet_nom_batch_1/raw/QC_SRFAII_23_01_20ppm_r3_Mag_21Dec23_300SA_p01_54_1_14142.d
60920_6_B_3_WEOM_r1_Mag_21Dec23_300SA_p01_12_1_14039.d,/home/bmeluch/NMDC/nom_processing/monet_nom_batch_1/raw/60920_6_B_3_WEOM_r1_Mag_21Dec23_300SA_p01_12_1_14039.d,False,/home/bmeluch/NMDC/nom_processing/monet_nom_batch_1/raw/QC_SRFAII_23_01_20ppm_r1_Mag_21Dec23_300SA_p01_54_1_14030.d
60920_6_B_3_WEOM_r2_Mag_21Dec23_300SA_p01_12_1_14115.d,/home/bmeluch/NMDC/nom_processing/monet_nom_batch_1/raw/60920_6_B_3_WEOM_r2_Mag_21Dec23_300SA_p01_12_1_14115.d,False,/home/bmeluch/NMDC/nom_processing/monet_nom_batch_1/raw/QC_SRFAII_23_01_20ppm_r2_Mag_21Dec23_300SA_p01_54_1_14097.d
60920_6_B_3_WEOM_r3_Mag_21Dec23_300SA_p01_12_1_14179.d,/home/bmeluch/NMDC/nom_processing/monet_nom_batch_1/raw/60920_6_B_3_WEOM_r3_Mag_21Dec23_300SA_p01_12_1_14179.d,False,/home/bmeluch/NMDC/nom_processing/monet_nom_batch_1/raw/QC_SRFAII_23_01_20ppm_r3_Mag_21Dec23_300SA_p01_54_1_14164.d
60920_6_T_1_WEOM_r1_Mag_21Dec23_300SA_p01_11_1_14003.d,/home/bmeluch/NMDC/nom_processing/monet_nom_batch_1/raw/60920_6_T_1_WEOM_r1_Mag_21Dec23_300SA_p01_11_1_14003.d,False,/home/bmeluch/NMDC/nom_processing/monet_nom_batch_1/raw/QC_SRFAII_23_01_20ppm_r0_Mag_21Dec23_300SA_p01_54_1_13983.d
60920_6_T_1_WEOM_r2_Mag_21Dec23_300SA_p01_11_1_14072.d,/home/bmeluch/NMDC/nom_processing/monet_nom_batch_1/raw/60920_6_T_1_WEOM_r2_Mag_21Dec23_300SA_p01_11_1_14072.d,False,/home/bmeluch/NMDC/nom_processing/monet_nom_batch_1/raw/QC_SRFAII_23_01_20ppm_r1_Mag_21Dec23_300SA_p01_54_1_14052.d
60920_6_T_1_WEOM_r3_Mag_21Dec23_300SA_p01_11_1_14147.d,/home/bmeluch/NMDC/nom_processing/monet_nom_batch_1/raw/60920_6_T_1_WEOM_r3_Mag_21Dec23_300SA_p01_11_1_14147.d,False,/home/bmeluch/NMDC/nom_processing/monet_nom_batch_1/raw/QC_SRFAII_23_01_20ppm_r3_Mag_21Dec23_300SA_p01_54_1_14142.d
60920_6_T_2_WEOM_r1_Mag_21Dec23_300SA_p01_30_1_14026.d,/home/bmeluch/NMDC/nom_processing/monet_nom_batch_1/raw/60920_6_T_2_WEOM_r1_Mag_21Dec23_300SA_p01_30_1_14026.d,False,/home/bmeluch/NMDC/nom_processing/monet_nom_batch_1/raw/QC_SRFAII_23_01_20ppm_r1_Mag_21Dec23_300SA_p01_54_1_14008.d
60920_6_T_2_WEOM_r2_Mag_21Dec23_300SA_p01_30_1_14094.d,/home/bmeluch/NMDC/nom_processing/monet_nom_batch_1/raw/60920_6_T_2_WEOM_r2_Mag_21Dec23_300SA_p01_30_1_14094.d,False,/home/bmeluch/NMDC/nom_processing/monet_nom_batch_1/raw/QC_SRFAII_23_01_20ppm_r2_Mag_21Dec23_300SA_p01_54_1_14075.d
60920_6_T_2_WEOM_r3_Mag_21Dec23_300SA_p01_30_1_14177.d,/home/bmeluch/NMDC/nom_processing/monet_nom_batch_1/raw/60920_6_T_2_WEOM_r3_Mag_21Dec23_300SA_p01_30_1_14177.d,False,/home/bmeluch/NMDC/nom_processing/monet_nom_batch_1/raw/QC_SRFAII_23_01_20ppm_r3_Mag_21Dec23_300SA_p01_54_1_14164.d
60920_6_T_3_WEOM_r1_Mag_21Dec23_300SA_p01_11_1_14037.d,/home/bmeluch/NMDC/nom_processing/monet_nom_batch_1/raw/60920_6_T_3_WEOM_r1_Mag_21Dec23_300SA_p01_11_1_14037.d,False,/home/bmeluch/NMDC/nom_processing/monet_nom_batch_1/raw/QC_SRFAII_23_01_20ppm_r1_Mag_21Dec23_300SA_p01_54_1_14030.d
60920_6_T_3_WEOM_r2_Mag_21Dec23_300SA_p01_11_1_14108.d,/home/bmeluch/NMDC/nom_processing/monet_nom_batch_1/raw/60920_6_T_3_WEOM_r2_Mag_21Dec23_300SA_p01_11_1_14108.d,False,/home/bmeluch/NMDC/nom_processing/monet_nom_batch_1/raw/QC_SRFAII_23_01_20ppm_r2_Mag_21Dec23_300SA_p01_54_1_14097.d
60920_6_T_3_WEOM_r3_Mag_21Dec23_300SA_p01_11_1_14189.d,/home/bmeluch/NMDC/nom_processing/monet_nom_batch_1/raw/60920_6_T_3_WEOM_r3_Mag_21Dec23_300SA_p01_11_1_14189.d,False,/home/bmeluch/NMDC/nom_processing/monet_nom_batch_1/raw/QC_SRFAII_23_01_20ppm_r3_Mag_21Dec23_300SA_p01_54_1_14186.d
60920_7_T_1_WEOM_r1_Mag_21Dec23_300SA_p01_13_1_13999.d,/home/bmeluch/NMDC/nom_processing/monet_nom_batch_1/raw/60920_7_T_1_WEOM_r1_Mag_21Dec23_300SA_p01_13_1_13999.d,False,/home/bmeluch/NMDC/nom_processing/monet_nom_batch_1/raw/QC_SRFAII_23_01_20ppm_r0_Mag_21Dec23_300SA_p01_54_1_13983.d
60920_7_T_1_WEOM_r2_Mag_21Dec23_300SA_p01_13_1_14080.d,/home/bmeluch/NMDC/nom_processing/monet_nom_batch_1/raw/60920_7_T_1_WEOM_r2_Mag_21Dec23_300SA_p01_13_1_14080.d,False,/home/bmeluch/NMDC/nom_processing/monet_nom_batch_1/raw/QC_SRFAII_23_01_20ppm_r2_Mag_21Dec23_300SA_p01_54_1_14075.d
60920_7_T_1_WEOM_r3_Mag_21Dec23_300SA_p01_13_1_14154.d,/home/bmeluch/NMDC/nom_processing/monet_nom_batch_1/raw/60920_7_T_1_WEOM_r3_Mag_21Dec23_300SA_p01_13_1_14154.d,False,/home/bmeluch/NMDC/nom_processing/monet_nom_batch_1/raw/QC_SRFAII_23_01_20ppm_r3_Mag_21Dec23_300SA_p01_54_1_14142.d
60920_7_T_2_WEOM_r1_Mag_21Dec23_300SA_p01_32_1_14016.d,/home/bmeluch/NMDC/nom_processing/monet_nom_batch_1/raw/60920_7_T_2_WEOM_r1_Mag_21Dec23_300SA_p01_32_1_14016.d,False,/home/bmeluch/NMDC/nom_processing/monet_nom_batch_1/raw/QC_SRFAII_23_01_20ppm_r1_Mag_21Dec23_300SA_p01_54_1_14008.d
60920_7_T_2_WEOM_r2_Mag_21Dec23_300SA_p01_32_1_14091.d,/home/bmeluch/NMDC/nom_processing/monet_nom_batch_1/raw/60920_7_T_2_WEOM_r2_Mag_21Dec23_300SA_p01_32_1_14091.d,False,/home/bmeluch/NMDC/nom_processing/monet_nom_batch_1/raw/QC_SRFAII_23_01_20ppm_r2_Mag_21Dec23_300SA_p01_54_1_14075.d
60920_7_T_2_WEOM_r3_Mag_21Dec23_300SA_p01_32_1_14176.d,/home/bmeluch/NMDC/nom_processing/monet_nom_batch_1/raw/60920_7_T_2_WEOM_r3_Mag_21Dec23_300SA_p01_32_1_14176.d,False,/home/bmeluch/NMDC/nom_processing/monet_nom_batch_1/raw/QC_SRFAII_23_01_20ppm_r3_Mag_21Dec23_300SA_p01_54_1_14164.d
60920_7_T_3_WEOM_r1_Mag_21Dec23_300SA_p01_13_1_14048.d,/home/bmeluch/NMDC/nom_processing/monet_nom_batch_1/raw/60920_7_T_3_WEOM_r1_Mag_21Dec23_300SA_p01_13_1_14048.d,False,/home/bmeluch/NMDC/nom_processing/monet_nom_batch_1/raw/QC_SRFAII_23_01_20ppm_r1_Mag_21Dec23_300SA_p01_54_1_14030.d
60920_7_T_3_WEOM_r2_Mag_21Dec23_300SA_p01_13_1_14116.d,/home/bmeluch/NMDC/nom_processing/monet_nom_batch_1/raw/60920_7_T_3_WEOM_r2_Mag_21Dec23_300SA_p01_13_1_14116.d,False,/home/bmeluch/NMDC/nom_processing/monet_nom_batch_1/raw/QC_SRFAII_23_01_20ppm_r2_Mag_21Dec23_300SA_p01_54_1_14097.d
60920_7_T_3_WEOM_r3_Mag_21Dec23_300SA_p01_13_1_14191.d,/home/bmeluch/NMDC/nom_processing/monet_nom_batch_1/raw/60920_7_T_3_WEOM_r3_Mag_21Dec23_300SA_p01_13_1_14191.d,False,/home/bmeluch/NMDC/nom_processing/monet_nom_batch_1/raw/QC_SRFAII_23_01_20ppm_r3_Mag_21Dec23_300SA_p01_54_1_14186.d
60920_8_B_1_WEOM_r1_Mag_21Dec23_300SA_p01_15_1_13993.d,/home/bmeluch/NMDC/nom_processing/monet_nom_batch_1/raw/60920_8_B_1_WEOM_r1_Mag_21Dec23_300SA_p01_15_1_13993.d,False,/home/bmeluch/NMDC/nom_processing/monet_nom_batch_1/raw/QC_SRFAII_23_01_20ppm_r0_Mag_21Dec23_300SA_p01_54_1_13983.d
60920_8_B_1_WEOM_r2_Mag_21Dec23_300SA_p01_15_1_14066.d,/home/bmeluch/NMDC/nom_processing/monet_nom_batch_1/raw/60920_8_B_1_WEOM_r2_Mag_21Dec23_300SA_p01_15_1_14066.d,False,/home/bmeluch/NMDC/nom_processing/monet_nom_batch_1/raw/QC_SRFAII_23_01_20ppm_r1_Mag_21Dec23_300SA_p01_54_1_14052.d
60920_8_B_1_WEOM_r3_Mag_21Dec23_300SA_p01_15_1_14150.d,/home/bmeluch/NMDC/nom_processing/monet_nom_batch_1/raw/60920_8_B_1_WEOM_r3_Mag_21Dec23_300SA_p01_15_1_14150.d,False,/home/bmeluch/NMDC/nom_processing/monet_nom_batch_1/raw/QC_SRFAII_23_01_20ppm_r3_Mag_21Dec23_300SA_p01_54_1_14142.d
60920_8_B_2_WEOM_r1_Mag_21Dec23_300SA_p01_34_1_14021.d,/home/bmeluch/NMDC/nom_processing/monet_nom_batch_1/raw/60920_8_B_2_WEOM_r1_Mag_21Dec23_300SA_p01_34_1_14021.d,False,/home/bmeluch/NMDC/nom_processing/monet_nom_batch_1/raw/QC_SRFAII_23_01_20ppm_r1_Mag_21Dec23_300SA_p01_54_1_14008.d
60920_8_B_2_WEOM_r2_Mag_21Dec23_300SA_p01_34_1_14096.d,/home/bmeluch/NMDC/nom_processing/monet_nom_batch_1/raw/60920_8_B_2_WEOM_r2_Mag_21Dec23_300SA_p01_34_1_14096.d,False,/home/bmeluch/NMDC/nom_processing/monet_nom_batch_1/raw/QC_SRFAII_23_01_20ppm_r2_Mag_21Dec23_300SA_p01_54_1_14075.d
60920_8_B_2_WEOM_r3_Mag_21Dec23_300SA_p01_34_1_14158.d,/home/bmeluch/NMDC/nom_processing/monet_nom_batch_1/raw/60920_8_B_2_WEOM_r3_Mag_21Dec23_300SA_p01_34_1_14158.d,False,/home/bmeluch/NMDC/nom_processing/monet_nom_batch_1/raw/QC_SRFAII_23_01_20ppm_r3_Mag_21Dec23_300SA_p01_54_1_14142.d
60920_8_B_3_WEOM_r1_Mag_21Dec23_300SA_p01_15_1_14038.d,/home/bmeluch/NMDC/nom_processing/monet_nom_batch_1/raw/60920_8_B_3_WEOM_r1_Mag_21Dec23_300SA_p01_15_1_14038.d,False,/home/bmeluch/NMDC/nom_processing/monet_nom_batch_1/raw/QC_SRFAII_23_01_20ppm_r1_Mag_21Dec23_300SA_p01_54_1_14030.d
60920_8_B_3_WEOM_r2_Mag_21Dec23_300SA_p01_15_1_14107.d,/home/bmeluch/NMDC/nom_processing/monet_nom_batch_1/raw/60920_8_B_3_WEOM_r2_Mag_21Dec23_300SA_p01_15_1_14107.d,False,/home/bmeluch/NMDC/nom_processing/monet_nom_batch_1/raw/QC_SRFAII_23_01_20ppm_r2_Mag_21Dec23_300SA_p01_54_1_14097.d
60920_8_B_3_WEOM_r3_Mag_21Dec23_300SA_p01_15_1_14185.d,/home/bmeluch/NMDC/nom_processing/monet_nom_batch_1/raw/60920_8_B_3_WEOM_r3_Mag_21Dec23_300SA_p01_15_1_14185.d,False,/home/bmeluch/NMDC/nom_processing/monet_nom_batch_1/raw/QC_SRFAII_23_01_20ppm_r3_Mag_21Dec23_300SA_p01_54_1_14164.d
60920_8_T_1_WEOM_r1_Mag_21Dec23_300SA_p01_14_1_13996.d,/home/bmeluch/NMDC/nom_processing/monet_nom_batch_1/raw/60920_8_T_1_WEOM_r1_Mag_21Dec23_300SA_p01_14_1_13996.d,False,/home/bmeluch/NMDC/nom_processing/monet_nom_batch_1/raw/QC_SRFAII_23_01_20ppm_r0_Mag_21Dec23_300SA_p01_54_1_13983.d
60920_8_T_1_WEOM_r2_Mag_21Dec23_300SA_p01_14_1_14059.d,/home/bmeluch/NMDC/nom_processing/monet_nom_batch_1/raw/60920_8_T_1_WEOM_r2_Mag_21Dec23_300SA_p01_14_1_14059.d,False,/home/bmeluch/NMDC/nom_processing/monet_nom_batch_1/raw/QC_SRFAII_23_01_20ppm_r1_Mag_21Dec23_300SA_p01_54_1_14052.d
60920_8_T_1_WEOM_r3_Mag_21Dec23_300SA_p01_14_1_14134.d,/home/bmeluch/NMDC/nom_processing/monet_nom_batch_1/raw/60920_8_T_1_WEOM_r3_Mag_21Dec23_300SA_p01_14_1_14134.d,False,/home/bmeluch/NMDC/nom_processing/monet_nom_batch_1/raw/QC_SRFAII_23_01_20ppm_r2_Mag_21Dec23_300SA_p01_54_1_14119.d
60920_8_T_2_WEOM_r1_Mag_21Dec23_300SA_p01_33_1_14011.d,/home/bmeluch/NMDC/nom_processing/monet_nom_batch_1/raw/60920_8_T_2_WEOM_r1_Mag_21Dec23_300SA_p01_33_1_14011.d,False,/home/bmeluch/NMDC/nom_processing/monet_nom_batch_1/raw/QC_SRFAII_23_01_20ppm_r1_Mag_21Dec23_300SA_p01_54_1_14008.d
60920_8_T_2_WEOM_r2_Mag_21Dec23_300SA_p01_33_1_14100.d,/home/bmeluch/NMDC/nom_processing/monet_nom_batch_1/raw/60920_8_T_2_WEOM_r2_Mag_21Dec23_300SA_p01_33_1_14100.d,False,/home/bmeluch/NMDC/nom_processing/monet_nom_batch_1/raw/QC_SRFAII_23_01_20ppm_r2_Mag_21Dec23_300SA_p01_54_1_14097.d
60920_8_T_2_WEOM_r3_Mag_21Dec23_300SA_p01_33_1_14160.d,/home/bmeluch/NMDC/nom_processing/monet_nom_batch_1/raw/60920_8_T_2_WEOM_r3_Mag_21Dec23_300SA_p01_33_1_14160.d,False,/home/bmeluch/NMDC/nom_processing/monet_nom_batch_1/raw/QC_SRFAII_23_01_20ppm_r3_Mag_21Dec23_300SA_p01_54_1_14142.d
60920_8_T_3_WEOM_r1_Mag_21Dec23_300SA_p01_14_1_14034.d,/home/bmeluch/NMDC/nom_processing/monet_nom_batch_1/raw/60920_8_T_3_WEOM_r1_Mag_21Dec23_300SA_p01_14_1_14034.d,False,/home/bmeluch/NMDC/nom_processing/monet_nom_batch_1/raw/QC_SRFAII_23_01_20ppm_r1_Mag_21Dec23_300SA_p01_54_1_14030.d
60920_8_T_3_WEOM_r2_Mag_21Dec23_300SA_p01_14_1_14127.d,/home/bmeluch/NMDC/nom_processing/monet_nom_batch_1/raw/60920_8_T_3_WEOM_r2_Mag_21Dec23_300SA_p01_14_1_14127.d,False,/home/bmeluch/NMDC/nom_processing/monet_nom_batch_1/raw/QC_SRFAII_23_01_20ppm_r2_Mag_21Dec23_300SA_p01_54_1_14119.d
60920_8_T_3_WEOM_r3_Mag_21Dec23_300SA_p01_14_1_14197.d,/home/bmeluch/NMDC/nom_processing/monet_nom_batch_1/raw/60920_8_T_3_WEOM_r3_Mag_21Dec23_300SA_p01_14_1_14197.d,False,/home/bmeluch/NMDC/nom_processing/monet_nom_batch_1/raw/QC_SRFAII_23_01_20ppm_r3_Mag_21Dec23_300SA_p01_54_1_14186.d
60920_9_B_1_WEOM_r1_Mag_21Dec23_300SA_p01_17_1_14004.d,/home/bmeluch/NMDC/nom_processing/monet_nom_batch_1/raw/60920_9_B_1_WEOM_r1_Mag_21Dec23_300SA_p01_17_1_14004.d,False,/home/bmeluch/NMDC/nom_processing/monet_nom_batch_1/raw/QC_SRFAII_23_01_20ppm_r0_Mag_21Dec23_300SA_p01_54_1_13983.d
60920_9_B_1_WEOM_r2_Mag_21Dec23_300SA_p01_17_1_14077.d,/home/bmeluch/NMDC/nom_processing/monet_nom_batch_1/raw/60920_9_B_1_WEOM_r2_Mag_21Dec23_300SA_p01_17_1_14077.d,False,/home/bmeluch/NMDC/nom_processing/monet_nom_batch_1/raw/QC_SRFAII_23_01_20ppm_r2_Mag_21Dec23_300SA_p01_54_1_14075.d
60920_9_B_1_WEOM_r3_Mag_21Dec23_300SA_p01_17_1_14145.d,/home/bmeluch/NMDC/nom_processing/monet_nom_batch_1/raw/60920_9_B_1_WEOM_r3_Mag_21Dec23_300SA_p01_17_1_14145.d,False,/home/bmeluch/NMDC/nom_processing/monet_nom_batch_1/raw/QC_SRFAII_23_01_20ppm_r3_Mag_21Dec23_300SA_p01_54_1_14142.d
60920_9_B_2_WEOM_r1_Mag_21Dec23_300SA_p01_36_1_14015.d,/home/bmeluch/NMDC/nom_processing/monet_nom_batch_1/raw/60920_9_B_2_WEOM_r1_Mag_21Dec23_300SA_p01_36_1_14015.d,False,/home/bmeluch/NMDC/nom_processing/monet_nom_batch_1/raw/QC_SRFAII_23_01_20ppm_r1_Mag_21Dec23_300SA_p01_54_1_14008.d
60920_9_B_2_WEOM_r2_Mag_21Dec23_300SA_p01_36_1_14093.d,/home/bmeluch/NMDC/nom_processing/monet_nom_batch_1/raw/60920_9_B_2_WEOM_r2_Mag_21Dec23_300SA_p01_36_1_14093.d,False,/home/bmeluch/NMDC/nom_processing/monet_nom_batch_1/raw/QC_SRFAII_23_01_20ppm_r2_Mag_21Dec23_300SA_p01_54_1_14075.d
60920_9_B_2_WEOM_r3_Mag_21Dec23_300SA_p01_36_1_14169.d,/home/bmeluch/NMDC/nom_processing/monet_nom_batch_1/raw/60920_9_B_2_WEOM_r3_Mag_21Dec23_300SA_p01_36_1_14169.d,False,/home/bmeluch/NMDC/nom_processing/monet_nom_batch_1/raw/QC_SRFAII_23_01_20ppm_r3_Mag_21Dec23_300SA_p01_54_1_14164.d
60920_9_B_3_WEOM_r1_Mag_21Dec23_300SA_p01_17_1_14055.d,/home/bmeluch/NMDC/nom_processing/monet_nom_batch_1/raw/60920_9_B_3_WEOM_r1_Mag_21Dec23_300SA_p01_17_1_14055.d,False,/home/bmeluch/NMDC/nom_processing/monet_nom_batch_1/raw/QC_SRFAII_23_01_20ppm_r1_Mag_21Dec23_300SA_p01_54_1_14052.d
60920_9_B_3_WEOM_r2_Mag_21Dec23_300SA_p01_17_1_14113.d,/home/bmeluch/NMDC/nom_processing/monet_nom_batch_1/raw/60920_9_B_3_WEOM_r2_Mag_21Dec23_300SA_p01_17_1_14113.d,False,/home/bmeluch/NMDC/nom_processing/monet_nom_batch_1/raw/QC_SRFAII_23_01_20ppm_r2_Mag_21Dec23_300SA_p01_54_1_14097.d
60920_9_B_3_WEOM_r3_Mag_21Dec23_300SA_p01_17_1_14200.d,/home/bmeluch/NMDC/nom_processing/monet_nom_batch_1/raw/60920_9_B_3_WEOM_r3_Mag_21Dec23_300SA_p01_17_1_14200.d,False,/home/bmeluch/NMDC/nom_processing/monet_nom_batch_1/raw/QC_SRFAII_23_01_20ppm_r3_Mag_21Dec23_300SA_p01_54_1_14186.d
60920_9_T_1_WEOM_r1_Mag_21Dec23_300SA_p01_16_1_13997.d,/home/bmeluch/NMDC/nom_processing/monet_nom_batch_1/raw/60920_9_T_1_WEOM_r1_Mag_21Dec23_300SA_p01_16_1_13997.d,False,/home/bmeluch/NMDC/nom_processing/monet_nom_batch_1/raw/QC_SRFAII_23_01_20ppm_r0_Mag_21Dec23_300SA_p01_54_1_13983.d
60920_9_T_1_WEOM_r2_Mag_21Dec23_300SA_p01_16_1_14061.d,/home/bmeluch/NMDC/nom_processing/monet_nom_batch_1/raw/60920_9_T_1_WEOM_r2_Mag_21Dec23_300SA_p01_16_1_14061.d,False,/home/bmeluch/NMDC/nom_processing/monet_nom_batch_1/raw/QC_SRFAII_23_01_20ppm_r1_Mag_21Dec23_300SA_p01_54_1_14052.d
60920_9_T_1_WEOM_r3_Mag_21Dec23_300SA_p01_16_1_14152.d,/home/bmeluch/NMDC/nom_processing/monet_nom_batch_1/raw/60920_9_T_1_WEOM_r3_Mag_21Dec23_300SA_p01_16_1_14152.d,False,/home/bmeluch/NMDC/nom_processing/monet_nom_batch_1/raw/QC_SRFAII_23_01_20ppm_r3_Mag_21Dec23_300SA_p01_54_1_14142.d
60920_9_T_2_WEOM_r1_Mag_21Dec23_300SA_p01_35_1_14013.d,/home/bmeluch/NMDC/nom_processing/monet_nom_batch_1/raw/60920_9_T_2_WEOM_r1_Mag_21Dec23_300SA_p01_35_1_14013.d,False,/home/bmeluch/NMDC/nom_processing/monet_nom_batch_1/raw/QC_SRFAII_23_01_20ppm_r1_Mag_21Dec23_300SA_p01_54_1_14008.d
60920_9_T_2_WEOM_r2_Mag_21Dec23_300SA_p01_35_1_14088.d,/home/bmeluch/NMDC/nom_processing/monet_nom_batch_1/raw/60920_9_T_2_WEOM_r2_Mag_21Dec23_300SA_p01_35_1_14088.d,False,/home/bmeluch/NMDC/nom_processing/monet_nom_batch_1/raw/QC_SRFAII_23_01_20ppm_r2_Mag_21Dec23_300SA_p01_54_1_14075.d
60920_9_T_2_WEOM_r3_Mag_21Dec23_300SA_p01_35_1_14161.d,/home/bmeluch/NMDC/nom_processing/monet_nom_batch_1/raw/60920_9_T_2_WEOM_r3_Mag_21Dec23_300SA_p01_35_1_14161.d,False,/home/bmeluch/NMDC/nom_processing/monet_nom_batch_1/raw/QC_SRFAII_23_01_20ppm_r3_Mag_21Dec23_300SA_p01_54_1_14142.d
60920_9_T_3_WEOM_r1_Mag_21Dec23_300SA_p01_16_1_14036.d,/home/bmeluch/NMDC/nom_processing/monet_nom_batch_1/raw/60920_9_T_3_WEOM_r1_Mag_21Dec23_300SA_p01_16_1_14036.d,False,/home/bmeluch/NMDC/nom_processing/monet_nom_batch_1/raw/QC_SRFAII_23_01_20ppm_r1_Mag_21Dec23_300SA_p01_54_1_14030.d
60920_9_T_3_WEOM_r2_Mag_21Dec23_300SA_p01_16_1_14117.d,/home/bmeluch/NMDC/nom_processing/monet_nom_batch_1/raw/60920_9_T_3_WEOM_r2_Mag_21Dec23_300SA_p01_16_1_14117.d,False,/home/bmeluch/NMDC/nom_processing/monet_nom_batch_1/raw/QC_SRFAII_23_01_20ppm_r2_Mag_21Dec23_300SA_p01_54_1_14097.d
60920_9_T_3_WEOM_r3_Mag_21Dec23_300SA_p01_16_1_14194.d,/home/bmeluch/NMDC/nom_processing/monet_nom_batch_1/raw/60920_9_T_3_WEOM_r3_Mag_21Dec23_300SA_p01_16_1_14194.d,False,/home/bmeluch/NMDC/nom_processing/monet_nom_batch_1/raw/QC_SRFAII_23_01_20ppm_r3_Mag_21Dec23_300SA_p01_54_1_14186.d
60923_1_B_1_WEOM_r1_Mag_04Jan24_300SA_p01_2_1_14447.d,/home/bmeluch/NMDC/nom_processing/monet_nom_batch_1/raw/60923_1_B_1_WEOM_r1_Mag_04Jan24_300SA_p01_2_1_14447.d,False,/home/bmeluch/NMDC/nom_processing/monet_nom_batch_1/raw/QC_SRFAII_23_01_20ppm_r1_Mag_04Jan24_300SA_p01_54_1_14440.d
60923_1_B_1_WEOM_r2_Mag_04Jan24_300SA_p01_2_1_14513.d,/home/bmeluch/NMDC/nom_processing/monet_nom_batch_1/raw/60923_1_B_1_WEOM_r2_Mag_04Jan24_300SA_p01_2_1_14513.d,False,/home/bmeluch/NMDC/nom_processing/monet_nom_batch_1/raw/QC_SRFAII_23_01_20ppm_r1_Mag_04Jan24_300SA_p01_54_1_14508.d
60923_1_B_1_WEOM_r3_Mag_04Jan24_300SA_p01_2_1_14628.d,/home/bmeluch/NMDC/nom_processing/monet_nom_batch_1/raw/60923_1_B_1_WEOM_r3_Mag_04Jan24_300SA_p01_2_1_14628.d,False,/home/bmeluch/NMDC/nom_processing/monet_nom_batch_1/raw/QC_SRFAII_23_01_20ppm_r3_Mag_04Jan24_300SA_p01_52_1_14621.d
60923_1_B_2_WEOM_r1_Mag_04Jan24_300SA_p01_30_1_14455.d,/home/bmeluch/NMDC/nom_processing/monet_nom_batch_1/raw/60923_1_B_2_WEOM_r1_Mag_04Jan24_300SA_p01_30_1_14455.d,False,/home/bmeluch/NMDC/nom_processing/monet_nom_batch_1/raw/QC_SRFAII_23_01_20ppm_r1_Mag_04Jan24_300SA_p01_54_1_14440.d
60923_1_B_2_WEOM_r2_Mag_04Jan24_300SA_p01_30_1_14561.d,/home/bmeluch/NMDC/nom_processing/monet_nom_batch_1/raw/60923_1_B_2_WEOM_r2_Mag_04Jan24_300SA_p01_30_1_14561.d,False,/home/bmeluch/NMDC/nom_processing/monet_nom_batch_1/raw/QC_SRFAII_23_01_20ppm_r2_Mag_04Jan24_300SA_p01_52_1_14552.d
60923_1_B_2_WEOM_r3_Mag_04Jan24_300SA_p01_30_1_14641.d,/home/bmeluch/NMDC/nom_processing/monet_nom_batch_1/raw/60923_1_B_2_WEOM_r3_Mag_04Jan24_300SA_p01_30_1_14641.d,False,/home/bmeluch/NMDC/nom_processing/monet_nom_batch_1/raw/QC_SRFAII_23_01_20ppm_r3_Mag_04Jan24_300SA_p01_52_1_14621.d
60923_1_B_3_WEOM_r1_Mag_04Jan24_300SA_p01_10_1_14486.d,/home/bmeluch/NMDC/nom_processing/monet_nom_batch_1/raw/60923_1_B_3_WEOM_r1_Mag_04Jan24_300SA_p01_10_1_14486.d,False,/home/bmeluch/NMDC/nom_processing/monet_nom_batch_1/raw/QC_SRFAII_23_01_20ppm_r1_Mag_04Jan24_300SA_p01_54_1_14484.d
60923_1_B_3_WEOM_r2_Mag_04Jan24_300SA_p01_10_1_14568.d,/home/bmeluch/NMDC/nom_processing/monet_nom_batch_1/raw/60923_1_B_3_WEOM_r2_Mag_04Jan24_300SA_p01_10_1_14568.d,False,/home/bmeluch/NMDC/nom_processing/monet_nom_batch_1/raw/QC_SRFAII_23_01_20ppm_r2_Mag_04Jan24_300SA_p01_52_1_14552.d
60923_1_B_3_WEOM_r3_Mag_04Jan24_300SA_p01_10_1_14672.d,/home/bmeluch/NMDC/nom_processing/monet_nom_batch_1/raw/60923_1_B_3_WEOM_r3_Mag_04Jan24_300SA_p01_10_1_14672.d,False,/home/bmeluch/NMDC/nom_processing/monet_nom_batch_1/raw/QC_SRFAII_23_01_20ppm_r3_Mag_04Jan24_300SA_p01_52_1_14665.d
60923_1_T_1_WEOM_r1_Mag_04Jan24_300SA_p01_1_1_14431.d,/home/bmeluch/NMDC/nom_processing/monet_nom_batch_1/raw/60923_1_T_1_WEOM_r1_Mag_04Jan24_300SA_p01_1_1_14431.d,False,/home/bmeluch/NMDC/nom_processing/monet_nom_batch_1/raw/QC_SRFAII_23_01_20ppm_r0_Mag_04Jan24_300SA_p01_54_1_14418.d
60923_1_T_1_WEOM_r2_Mag_04Jan24_300SA_p01_1_1_14536.d,/home/bmeluch/NMDC/nom_processing/monet_nom_batch_1/raw/60923_1_T_1_WEOM_r2_Mag_04Jan24_300SA_p01_1_1_14536.d,False,/home/bmeluch/NMDC/nom_processing/monet_nom_batch_1/raw/QC_SRFAII_23_01_20ppm_r2_Mag_04Jan24_300SA_p01_54_1_14531.d
60923_1_T_1_WEOM_r3_Mag_04Jan24_300SA_p01_1_1_14624.d,/home/bmeluch/NMDC/nom_processing/monet_nom_batch_1/raw/60923_1_T_1_WEOM_r3_Mag_04Jan24_300SA_p01_1_1_14624.d,False,/home/bmeluch/NMDC/nom_processing/monet_nom_batch_1/raw/QC_SRFAII_23_01_20ppm_r3_Mag_04Jan24_300SA_p01_52_1_14621.d
60923_1_T_2_WEOM_r1_Mag_04Jan24_300SA_p01_29_1_14470.d,/home/bmeluch/NMDC/nom_processing/monet_nom_batch_1/raw/60923_1_T_2_WEOM_r1_Mag_04Jan24_300SA_p01_29_1_14470.d,False,/home/bmeluch/NMDC/nom_processing/monet_nom_batch_1/raw/QC_SRFAII_23_01_20ppm_r1_Mag_04Jan24_300SA_p01_54_1_14462.d
60923_1_T_2_WEOM_r2_Mag_04Jan24_300SA_p01_29_1_14542.d,/home/bmeluch/NMDC/nom_processing/monet_nom_batch_1/raw/60923_1_T_2_WEOM_r2_Mag_04Jan24_300SA_p01_29_1_14542.d,False,/home/bmeluch/NMDC/nom_processing/monet_nom_batch_1/raw/QC_SRFAII_23_01_20ppm_r2_Mag_04Jan24_300SA_p01_54_1_14531.d
60923_1_T_2_WEOM_r3_Mag_04Jan24_300SA_p01_29_1_14650.d,/home/bmeluch/NMDC/nom_processing/monet_nom_batch_1/raw/60923_1_T_2_WEOM_r3_Mag_04Jan24_300SA_p01_29_1_14650.d,False,/home/bmeluch/NMDC/nom_processing/monet_nom_batch_1/raw/QC_SRFAII_23_01_20ppm_r3_Mag_04Jan24_300SA_p01_52_1_14643.d
60923_1_T_3_WEOM_r1_Mag_04Jan24_300SA_p01_9_1_14503.d,/home/bmeluch/NMDC/nom_processing/monet_nom_batch_1/raw/60923_1_T_3_WEOM_r1_Mag_04Jan24_300SA_p01_9_1_14503.d,False,/home/bmeluch/NMDC/nom_processing/monet_nom_batch_1/raw/QC_SRFAII_23_01_20ppm_r1_Mag_04Jan24_300SA_p01_54_1_14484.d
60923_1_T_3_WEOM_r2_Mag_04Jan24_300SA_p01_9_1_14594.d,/home/bmeluch/NMDC/nom_processing/monet_nom_batch_1/raw/60923_1_T_3_WEOM_r2_Mag_04Jan24_300SA_p01_9_1_14594.d,False,/home/bmeluch/NMDC/nom_processing/monet_nom_batch_1/raw/QC_SRFAII_23_01_20ppm_r2_Mag_04Jan24_300SA_p01_52_1_14575.d
60923_1_T_3_WEOM_r3_Mag_04Jan24_300SA_p01_9_1_14670.d,/home/bmeluch/NMDC/nom_processing/monet_nom_batch_1/raw/60923_1_T_3_WEOM_r3_Mag_04Jan24_300SA_p01_9_1_14670.d,False,/home/bmeluch/NMDC/nom_processing/monet_nom_batch_1/raw/QC_SRFAII_23_01_20ppm_r3_Mag_04Jan24_300SA_p01_52_1_14665.d
60923_10_B_1_WEOM_r1_Mag_04Jan24_300SA_p01_20_1_14428.d,/home/bmeluch/NMDC/nom_processing/monet_nom_batch_1/raw/60923_10_B_1_WEOM_r1_Mag_04Jan24_300SA_p01_20_1_14428.d,False,/home/bmeluch/NMDC/nom_processing/monet_nom_batch_1/raw/QC_SRFAII_23_01_20ppm_r0_Mag_04Jan24_300SA_p01_54_1_14418.d
60923_10_B_1_WEOM_r2_Mag_04Jan24_300SA_p01_20_1_14534.d,/home/bmeluch/NMDC/nom_processing/monet_nom_batch_1/raw/60923_10_B_1_WEOM_r2_Mag_04Jan24_300SA_p01_20_1_14534.d,False,/home/bmeluch/NMDC/nom_processing/monet_nom_batch_1/raw/QC_SRFAII_23_01_20ppm_r2_Mag_04Jan24_300SA_p01_54_1_14531.d
60923_10_B_1_WEOM_r3_Mag_04Jan24_300SA_p01_20_1_14606.d,/home/bmeluch/NMDC/nom_processing/monet_nom_batch_1/raw/60923_10_B_1_WEOM_r3_Mag_04Jan24_300SA_p01_20_1_14606.d,False,/home/bmeluch/NMDC/nom_processing/monet_nom_batch_1/raw/QC_SRFAII_23_01_20ppm_r2_Mag_04Jan24_300SA_p01_52_1_14598.d
60923_10_B_2_WEOM_r1_Mag_04Jan24_300SA_p01_48_1_14468.d,/home/bmeluch/NMDC/nom_processing/monet_nom_batch_1/raw/60923_10_B_2_WEOM_r1_Mag_04Jan24_300SA_p01_48_1_14468.d,False,/home/bmeluch/NMDC/nom_processing/monet_nom_batch_1/raw/QC_SRFAII_23_01_20ppm_r1_Mag_04Jan24_300SA_p01_54_1_14462.d
60923_10_B_2_WEOM_r2_Mag_04Jan24_300SA_p01_48_1_14557.d,/home/bmeluch/NMDC/nom_processing/monet_nom_batch_1/raw/60923_10_B_2_WEOM_r2_Mag_04Jan24_300SA_p01_48_1_14557.d,False,/home/bmeluch/NMDC/nom_processing/monet_nom_batch_1/raw/QC_SRFAII_23_01_20ppm_r2_Mag_04Jan24_300SA_p01_52_1_14552.d
60923_10_B_2_WEOM_r3_Mag_04Jan24_300SA_p01_48_1_14649.d,/home/bmeluch/NMDC/nom_processing/monet_nom_batch_1/raw/60923_10_B_2_WEOM_r3_Mag_04Jan24_300SA_p01_48_1_14649.d,False,/home/bmeluch/NMDC/nom_processing/monet_nom_batch_1/raw/QC_SRFAII_23_01_20ppm_r3_Mag_04Jan24_300SA_p01_52_1_14643.d
60923_10_B_3_WEOM_r1_Mag_04Jan24_300SA_p01_28_1_14481.d,/home/bmeluch/NMDC/nom_processing/monet_nom_batch_1/raw/60923_10_B_3_WEOM_r1_Mag_04Jan24_300SA_p01_28_1_14481.d,False,/home/bmeluch/NMDC/nom_processing/monet_nom_batch_1/raw/QC_SRFAII_23_01_20ppm_r1_Mag_04Jan24_300SA_p01_54_1_14462.d
60923_10_B_3_WEOM_r2_Mag_04Jan24_300SA_p01_28_1_14585.d,/home/bmeluch/NMDC/nom_processing/monet_nom_batch_1/raw/60923_10_B_3_WEOM_r2_Mag_04Jan24_300SA_p01_28_1_14585.d,False,/home/bmeluch/NMDC/nom_processing/monet_nom_batch_1/raw/QC_SRFAII_23_01_20ppm_r2_Mag_04Jan24_300SA_p01_52_1_14575.d
60923_10_B_3_WEOM_r3_Mag_04Jan24_300SA_p01_28_1_14683.d,/home/bmeluch/NMDC/nom_processing/monet_nom_batch_1/raw/60923_10_B_3_WEOM_r3_Mag_04Jan24_300SA_p01_28_1_14683.d,False,/home/bmeluch/NMDC/nom_processing/monet_nom_batch_1/raw/QC_SRFAII_23_01_20ppm_r3_Mag_04Jan24_300SA_p01_52_1_14665.d
60923_10_T_1_WEOM_r1_Mag_04Jan24_300SA_p01_19_1_14443.d,/home/bmeluch/NMDC/nom_processing/monet_nom_batch_1/raw/60923_10_T_1_WEOM_r1_Mag_04Jan24_300SA_p01_19_1_14443.d,False,/home/bmeluch/NMDC/nom_processing/monet_nom_batch_1/raw/QC_SRFAII_23_01_20ppm_r1_Mag_04Jan24_300SA_p01_54_1_14440.d
60923_10_T_1_WEOM_r2_Mag_04Jan24_300SA_p01_19_1_14522.d,/home/bmeluch/NMDC/nom_processing/monet_nom_batch_1/raw/60923_10_T_1_WEOM_r2_Mag_04Jan24_300SA_p01_19_1_14522.d,False,/home/bmeluch/NMDC/nom_processing/monet_nom_batch_1/raw/QC_SRFAII_23_01_20ppm_r1_Mag_04Jan24_300SA_p01_54_1_14508.d
60923_10_T_1_WEOM_r3_Mag_04Jan24_300SA_p01_19_1_14611.d,/home/bmeluch/NMDC/nom_processing/monet_nom_batch_1/raw/60923_10_T_1_WEOM_r3_Mag_04Jan24_300SA_p01_19_1_14611.d,False,/home/bmeluch/NMDC/nom_processing/monet_nom_batch_1/raw/QC_SRFAII_23_01_20ppm_r2_Mag_04Jan24_300SA_p01_52_1_14598.d
60923_10_T_2_WEOM_r1_Mag_04Jan24_300SA_p01_47_1_14465.d,/home/bmeluch/NMDC/nom_processing/monet_nom_batch_1/raw/60923_10_T_2_WEOM_r1_Mag_04Jan24_300SA_p01_47_1_14465.d,False,/home/bmeluch/NMDC/nom_processing/monet_nom_batch_1/raw/QC_SRFAII_23_01_20ppm_r1_Mag_04Jan24_300SA_p01_54_1_14462.d
60923_10_T_2_WEOM_r2_Mag_04Jan24_300SA_p01_47_1_14548.d,/home/bmeluch/NMDC/nom_processing/monet_nom_batch_1/raw/60923_10_T_2_WEOM_r2_Mag_04Jan24_300SA_p01_47_1_14548.d,False,/home/bmeluch/NMDC/nom_processing/monet_nom_batch_1/raw/QC_SRFAII_23_01_20ppm_r2_Mag_04Jan24_300SA_p01_54_1_14531.d
60923_10_T_2_WEOM_r3_Mag_04Jan24_300SA_p01_47_1_14656.d,/home/bmeluch/NMDC/nom_processing/monet_nom_batch_1/raw/60923_10_T_2_WEOM_r3_Mag_04Jan24_300SA_p01_47_1_14656.d,False,/home/bmeluch/NMDC/nom_processing/monet_nom_batch_1/raw/QC_SRFAII_23_01_20ppm_r3_Mag_04Jan24_300SA_p01_52_1_14643.d
60923_10_T_3_WEOM_r1_Mag_04Jan24_300SA_p01_27_1_14480.d,/home/bmeluch/NMDC/nom_processing/monet_nom_batch_1/raw/60923_10_T_3_WEOM_r1_Mag_04Jan24_300SA_p01_27_1_14480.d,False,/home/bmeluch/NMDC/nom_processing/monet_nom_batch_1/raw/QC_SRFAII_23_01_20ppm_r1_Mag_04Jan24_300SA_p01_54_1_14462.d
60923_10_T_3_WEOM_r2_Mag_04Jan24_300SA_p01_27_1_14582.d,/home/bmeluch/NMDC/nom_processing/monet_nom_batch_1/raw/60923_10_T_3_WEOM_r2_Mag_04Jan24_300SA_p01_27_1_14582.d,False,/home/bmeluch/NMDC/nom_processing/monet_nom_batch_1/raw/QC_SRFAII_23_01_20ppm_r2_Mag_04Jan24_300SA_p01_52_1_14575.d
60923_10_T_3_WEOM_r3_Mag_04Jan24_300SA_p01_27_1_14667.d,/home/bmeluch/NMDC/nom_processing/monet_nom_batch_1/raw/60923_10_T_3_WEOM_r3_Mag_04Jan24_300SA_p01_27_1_14667.d,False,/home/bmeluch/NMDC/nom_processing/monet_nom_batch_1/raw/QC_SRFAII_23_01_20ppm_r3_Mag_04Jan24_300SA_p01_52_1_14665.d
60923_11_B_1_WEOM_r1_Mag_04Jan24_300SA_p01_22_1_14435.d,/home/bmeluch/NMDC/nom_processing/monet_nom_batch_1/raw/60923_11_B_1_WEOM_r1_Mag_04Jan24_300SA_p01_22_1_14435.d,False,/home/bmeluch/NMDC/nom_processing/monet_nom_batch_1/raw/QC_SRFAII_23_01_20ppm_r0_Mag_04Jan24_300SA_p01_54_1_14418.d
60923_11_B_1_WEOM_r2_Mag_04Jan24_300SA_p01_22_1_14528.d,/home/bmeluch/NMDC/nom_processing/monet_nom_batch_1/raw/60923_11_B_1_WEOM_r2_Mag_04Jan24_300SA_p01_22_1_14528.d,False,/home/bmeluch/NMDC/nom_processing/monet_nom_batch_1/raw/QC_SRFAII_23_01_20ppm_r1_Mag_04Jan24_300SA_p01_54_1_14508.d
60923_11_B_1_WEOM_r3_Mag_04Jan24_300SA_p01_22_1_14614.d,/home/bmeluch/NMDC/nom_processing/monet_nom_batch_1/raw/60923_11_B_1_WEOM_r3_Mag_04Jan24_300SA_p01_22_1_14614.d,False,/home/bmeluch/NMDC/nom_processing/monet_nom_batch_1/raw/QC_SRFAII_23_01_20ppm_r2_Mag_04Jan24_300SA_p01_52_1_14598.d
60923_11_B_2_WEOM_r1_Mag_04Jan24_300SA_p01_2_1_14471.d,/home/bmeluch/NMDC/nom_processing/monet_nom_batch_1/raw/60923_11_B_2_WEOM_r1_Mag_04Jan24_300SA_p01_2_1_14471.d,False,/home/bmeluch/NMDC/nom_processing/monet_nom_batch_1/raw/QC_SRFAII_23_01_20ppm_r1_Mag_04Jan24_300SA_p01_54_1_14462.d
60923_11_B_2_WEOM_r2_Mag_04Jan24_300SA_p01_2_1_14560.d,/home/bmeluch/NMDC/nom_processing/monet_nom_batch_1/raw/60923_11_B_2_WEOM_r2_Mag_04Jan24_300SA_p01_2_1_14560.d,False,/home/bmeluch/NMDC/nom_processing/monet_nom_batch_1/raw/QC_SRFAII_23_01_20ppm_r2_Mag_04Jan24_300SA_p01_52_1_14552.d
60923_11_B_2_WEOM_r3_Mag_04Jan24_300SA_p01_2_1_14646.d,/home/bmeluch/NMDC/nom_processing/monet_nom_batch_1/raw/60923_11_B_2_WEOM_r3_Mag_04Jan24_300SA_p01_2_1_14646.d,False,/home/bmeluch/NMDC/nom_processing/monet_nom_batch_1/raw/QC_SRFAII_23_01_20ppm_r3_Mag_04Jan24_300SA_p01_52_1_14643.d
60923_11_B_3_WEOM_r1_Mag_04Jan24_300SA_p01_30_1_14499.d,/home/bmeluch/NMDC/nom_processing/monet_nom_batch_1/raw/60923_11_B_3_WEOM_r1_Mag_04Jan24_300SA_p01_30_1_14499.d,False,/home/bmeluch/NMDC/nom_processing/monet_nom_batch_1/raw/QC_SRFAII_23_01_20ppm_r1_Mag_04Jan24_300SA_p01_54_1_14484.d
60923_11_B_3_WEOM_r2_Mag_04Jan24_300SA_p01_30_1_14573.d,/home/bmeluch/NMDC/nom_processing/monet_nom_batch_1/raw/60923_11_B_3_WEOM_r2_Mag_04Jan24_300SA_p01_30_1_14573.d,False,/home/bmeluch/NMDC/nom_processing/monet_nom_batch_1/raw/QC_SRFAII_23_01_20ppm_r2_Mag_04Jan24_300SA_p01_52_1_14552.d
60923_11_B_3_WEOM_r3_Mag_04Jan24_300SA_p01_30_1_14673.d,/home/bmeluch/NMDC/nom_processing/monet_nom_batch_1/raw/60923_11_B_3_WEOM_r3_Mag_04Jan24_300SA_p01_30_1_14673.d,False,/home/bmeluch/NMDC/nom_processing/monet_nom_batch_1/raw/QC_SRFAII_23_01_20ppm_r3_Mag_04Jan24_300SA_p01_52_1_14665.d
60923_11_T_1_WEOM_r1_Mag_04Jan24_300SA_p01_21_1_14425.d,/home/bmeluch/NMDC/nom_processing/monet_nom_batch_1/raw/60923_11_T_1_WEOM_r1_Mag_04Jan24_300SA_p01_21_1_14425.d,False,/home/bmeluch/NMDC/nom_processing/monet_nom_batch_1/raw/QC_SRFAII_23_01_20ppm_r0_Mag_04Jan24_300SA_p01_54_1_14418.d
60923_11_T_1_WEOM_r2_Mag_04Jan24_300SA_p01_21_1_14511.d,/home/bmeluch/NMDC/nom_processing/monet_nom_batch_1/raw/60923_11_T_1_WEOM_r2_Mag_04Jan24_300SA_p01_21_1_14511.d,False,/home/bmeluch/NMDC/nom_processing/monet_nom_batch_1/raw/QC_SRFAII_23_01_20ppm_r1_Mag_04Jan24_300SA_p01_54_1_14508.d
60923_11_T_1_WEOM_r3_Mag_04Jan24_300SA_p01_21_1_14625.d,/home/bmeluch/NMDC/nom_processing/monet_nom_batch_1/raw/60923_11_T_1_WEOM_r3_Mag_04Jan24_300SA_p01_21_1_14625.d,False,/home/bmeluch/NMDC/nom_processing/monet_nom_batch_1/raw/QC_SRFAII_23_01_20ppm_r3_Mag_04Jan24_300SA_p01_52_1_14621.d
60923_11_T_2_WEOM_r1_Mag_04Jan24_300SA_p01_1_1_14452.d,/home/bmeluch/NMDC/nom_processing/monet_nom_batch_1/raw/60923_11_T_2_WEOM_r1_Mag_04Jan24_300SA_p01_1_1_14452.d,False,/home/bmeluch/NMDC/nom_processing/monet_nom_batch_1/raw/QC_SRFAII_23_01_20ppm_r1_Mag_04Jan24_300SA_p01_54_1_14440.d
60923_11_T_2_WEOM_r2_Mag_04Jan24_300SA_p01_1_1_14566.d,/home/bmeluch/NMDC/nom_processing/monet_nom_batch_1/raw/60923_11_T_2_WEOM_r2_Mag_04Jan24_300SA_p01_1_1_14566.d,False,/home/bmeluch/NMDC/nom_processing/monet_nom_batch_1/raw/QC_SRFAII_23_01_20ppm_r2_Mag_04Jan24_300SA_p01_52_1_14552.d
60923_11_T_2_WEOM_r3_Mag_04Jan24_300SA_p01_1_1_14640.d,/home/bmeluch/NMDC/nom_processing/monet_nom_batch_1/raw/60923_11_T_2_WEOM_r3_Mag_04Jan24_300SA_p01_1_1_14640.d,False,/home/bmeluch/NMDC/nom_processing/monet_nom_batch_1/raw/QC_SRFAII_23_01_20ppm_r3_Mag_04Jan24_300SA_p01_52_1_14621.d
60923_11_T_3_WEOM_r1_Mag_04Jan24_300SA_p01_29_1_14490.d,/home/bmeluch/NMDC/nom_processing/monet_nom_batch_1/raw/60923_11_T_3_WEOM_r1_Mag_04Jan24_300SA_p01_29_1_14490.d,False,/home/bmeluch/NMDC/nom_processing/monet_nom_batch_1/raw/QC_SRFAII_23_01_20ppm_r1_Mag_04Jan24_300SA_p01_54_1_14484.d
60923_11_T_3_WEOM_r2_Mag_04Jan24_300SA_p01_29_1_14583.d,/home/bmeluch/NMDC/nom_processing/monet_nom_batch_1/raw/60923_11_T_3_WEOM_r2_Mag_04Jan24_300SA_p01_29_1_14583.d,False,/home/bmeluch/NMDC/nom_processing/monet_nom_batch_1/raw/QC_SRFAII_23_01_20ppm_r2_Mag_04Jan24_300SA_p01_52_1_14575.d
60923_11_T_3_WEOM_r3_Mag_04Jan24_300SA_p01_29_1_14684.d,/home/bmeluch/NMDC/nom_processing/monet_nom_batch_1/raw/60923_11_T_3_WEOM_r3_Mag_04Jan24_300SA_p01_29_1_14684.d,False,/home/bmeluch/NMDC/nom_processing/monet_nom_batch_1/raw/QC_SRFAII_23_01_20ppm_r3_Mag_04Jan24_300SA_p01_52_1_14665.d
60923_12_B_1_WEOM_r1_Mag_04Jan24_300SA_p01_24_1_14423.d,/home/bmeluch/NMDC/nom_processing/monet_nom_batch_1/raw/60923_12_B_1_WEOM_r1_Mag_04Jan24_300SA_p01_24_1_14423.d,False,/home/bmeluch/NMDC/nom_processing/monet_nom_batch_1/raw/QC_SRFAII_23_01_20ppm_r0_Mag_04Jan24_300SA_p01_54_1_14418.d
60923_12_B_1_WEOM_r2_Mag_04Jan24_300SA_p01_24_1_14527.d,/home/bmeluch/NMDC/nom_processing/monet_nom_batch_1/raw/60923_12_B_1_WEOM_r2_Mag_04Jan24_300SA_p01_24_1_14527.d,False,/home/bmeluch/NMDC/nom_processing/monet_nom_batch_1/raw/QC_SRFAII_23_01_20ppm_r1_Mag_04Jan24_300SA_p01_54_1_14508.d
60923_12_B_1_WEOM_r3_Mag_04Jan24_300SA_p01_24_1_14627.d,/home/bmeluch/NMDC/nom_processing/monet_nom_batch_1/raw/60923_12_B_1_WEOM_r3_Mag_04Jan24_300SA_p01_24_1_14627.d,False,/home/bmeluch/NMDC/nom_processing/monet_nom_batch_1/raw/QC_SRFAII_23_01_20ppm_r3_Mag_04Jan24_300SA_p01_52_1_14621.d
60923_12_B_2_WEOM_r1_Mag_04Jan24_300SA_p01_4_1_14457.d,/home/bmeluch/NMDC/nom_processing/monet_nom_batch_1/raw/60923_12_B_2_WEOM_r1_Mag_04Jan24_300SA_p01_4_1_14457.d,False,/home/bmeluch/NMDC/nom_processing/monet_nom_batch_1/raw/QC_SRFAII_23_01_20ppm_r1_Mag_04Jan24_300SA_p01_54_1_14440.d
60923_12_B_2_WEOM_r2_Mag_04Jan24_300SA_p01_4_1_14544.d,/home/bmeluch/NMDC/nom_processing/monet_nom_batch_1/raw/60923_12_B_2_WEOM_r2_Mag_04Jan24_300SA_p01_4_1_14544.d,False,/home/bmeluch/NMDC/nom_processing/monet_nom_batch_1/raw/QC_SRFAII_23_01_20ppm_r2_Mag_04Jan24_300SA_p01_54_1_14531.d
60923_12_B_2_WEOM_r3_Mag_04Jan24_300SA_p01_4_1_14654.d,/home/bmeluch/NMDC/nom_processing/monet_nom_batch_1/raw/60923_12_B_2_WEOM_r3_Mag_04Jan24_300SA_p01_4_1_14654.d,False,/home/bmeluch/NMDC/nom_processing/monet_nom_batch_1/raw/QC_SRFAII_23_01_20ppm_r3_Mag_04Jan24_300SA_p01_52_1_14643.d
60923_12_B_3_WEOM_r1_Mag_04Jan24_300SA_p01_32_1_14497.d,/home/bmeluch/NMDC/nom_processing/monet_nom_batch_1/raw/60923_12_B_3_WEOM_r1_Mag_04Jan24_300SA_p01_32_1_14497.d,False,/home/bmeluch/NMDC/nom_processing/monet_nom_batch_1/raw/QC_SRFAII_23_01_20ppm_r1_Mag_04Jan24_300SA_p01_54_1_14484.d
60923_12_B_3_WEOM_r2_Mag_04Jan24_300SA_p01_32_1_14589.d,/home/bmeluch/NMDC/nom_processing/monet_nom_batch_1/raw/60923_12_B_3_WEOM_r2_Mag_04Jan24_300SA_p01_32_1_14589.d,False,/home/bmeluch/NMDC/nom_processing/monet_nom_batch_1/raw/QC_SRFAII_23_01_20ppm_r2_Mag_04Jan24_300SA_p01_52_1_14575.d
60923_12_B_3_WEOM_r3_Mag_04Jan24_300SA_p01_32_1_14678.d,/home/bmeluch/NMDC/nom_processing/monet_nom_batch_1/raw/60923_12_B_3_WEOM_r3_Mag_04Jan24_300SA_p01_32_1_14678.d,False,/home/bmeluch/NMDC/nom_processing/monet_nom_batch_1/raw/QC_SRFAII_23_01_20ppm_r3_Mag_04Jan24_300SA_p01_52_1_14665.d
60923_12_T_1_WEOM_r1_Mag_04Jan24_300SA_p01_23_1_14424.d,/home/bmeluch/NMDC/nom_processing/monet_nom_batch_1/raw/60923_12_T_1_WEOM_r1_Mag_04Jan24_300SA_p01_23_1_14424.d,False,/home/bmeluch/NMDC/nom_processing/monet_nom_batch_1/raw/QC_SRFAII_23_01_20ppm_r0_Mag_04Jan24_300SA_p01_54_1_14418.d
60923_12_T_1_WEOM_r2_Mag_04Jan24_300SA_p01_23_1_14515.d,/home/bmeluch/NMDC/nom_processing/monet_nom_batch_1/raw/60923_12_T_1_WEOM_r2_Mag_04Jan24_300SA_p01_23_1_14515.d,False,/home/bmeluch/NMDC/nom_processing/monet_nom_batch_1/raw/QC_SRFAII_23_01_20ppm_r1_Mag_04Jan24_300SA_p01_54_1_14508.d
60923_12_T_1_WEOM_r3_Mag_04Jan24_300SA_p01_23_1_14603.d,/home/bmeluch/NMDC/nom_processing/monet_nom_batch_1/raw/60923_12_T_1_WEOM_r3_Mag_04Jan24_300SA_p01_23_1_14603.d,False,/home/bmeluch/NMDC/nom_processing/monet_nom_batch_1/raw/QC_SRFAII_23_01_20ppm_r2_Mag_04Jan24_300SA_p01_52_1_14598.d
60923_12_T_2_WEOM_r1_Mag_04Jan24_300SA_p01_3_1_14476.d,/home/bmeluch/NMDC/nom_processing/monet_nom_batch_1/raw/60923_12_T_2_WEOM_r1_Mag_04Jan24_300SA_p01_3_1_14476.d,False,/home/bmeluch/NMDC/nom_processing/monet_nom_batch_1/raw/QC_SRFAII_23_01_20ppm_r1_Mag_04Jan24_300SA_p01_54_1_14462.d
60923_12_T_2_WEOM_r2_Mag_04Jan24_300SA_p01_3_1_14563.d,/home/bmeluch/NMDC/nom_processing/monet_nom_batch_1/raw/60923_12_T_2_WEOM_r2_Mag_04Jan24_300SA_p01_3_1_14563.d,False,/home/bmeluch/NMDC/nom_processing/monet_nom_batch_1/raw/QC_SRFAII_23_01_20ppm_r2_Mag_04Jan24_300SA_p01_52_1_14552.d
60923_12_T_2_WEOM_r3_Mag_04Jan24_300SA_p01_3_1_14638.d,/home/bmeluch/NMDC/nom_processing/monet_nom_batch_1/raw/60923_12_T_2_WEOM_r3_Mag_04Jan24_300SA_p01_3_1_14638.d,False,/home/bmeluch/NMDC/nom_processing/monet_nom_batch_1/raw/QC_SRFAII_23_01_20ppm_r3_Mag_04Jan24_300SA_p01_52_1_14621.d
60923_12_T_3_WEOM_r1_Mag_04Jan24_300SA_p01_31_1_14502.d,/home/bmeluch/NMDC/nom_processing/monet_nom_batch_1/raw/60923_12_T_3_WEOM_r1_Mag_04Jan24_300SA_p01_31_1_14502.d,False,/home/bmeluch/NMDC/nom_processing/monet_nom_batch_1/raw/QC_SRFAII_23_01_20ppm_r1_Mag_04Jan24_300SA_p01_54_1_14484.d
60923_12_T_3_WEOM_r2_Mag_04Jan24_300SA_p01_31_1_14572.d,/home/bmeluch/NMDC/nom_processing/monet_nom_batch_1/raw/60923_12_T_3_WEOM_r2_Mag_04Jan24_300SA_p01_31_1_14572.d,False,/home/bmeluch/NMDC/nom_processing/monet_nom_batch_1/raw/QC_SRFAII_23_01_20ppm_r2_Mag_04Jan24_300SA_p01_52_1_14552.d
60923_12_T_3_WEOM_r3_Mag_04Jan24_300SA_p01_31_1_14661.d,/home/bmeluch/NMDC/nom_processing/monet_nom_batch_1/raw/60923_12_T_3_WEOM_r3_Mag_04Jan24_300SA_p01_31_1_14661.d,False,/home/bmeluch/NMDC/nom_processing/monet_nom_batch_1/raw/QC_SRFAII_23_01_20ppm_r3_Mag_04Jan24_300SA_p01_52_1_14643.d
60923_13_B_1_WEOM_r1_Mag_04Jan24_300SA_p01_26_1_14445.d,/home/bmeluch/NMDC/nom_processing/monet_nom_batch_1/raw/60923_13_B_1_WEOM_r1_Mag_04Jan24_300SA_p01_26_1_14445.d,False,/home/bmeluch/NMDC/nom_processing/monet_nom_batch_1/raw/QC_SRFAII_23_01_20ppm_r1_Mag_04Jan24_300SA_p01_54_1_14440.d
60923_13_B_1_WEOM_r2_Mag_04Jan24_300SA_p01_26_1_14523.d,/home/bmeluch/NMDC/nom_processing/monet_nom_batch_1/raw/60923_13_B_1_WEOM_r2_Mag_04Jan24_300SA_p01_26_1_14523.d,False,/home/bmeluch/NMDC/nom_processing/monet_nom_batch_1/raw/QC_SRFAII_23_01_20ppm_r1_Mag_04Jan24_300SA_p01_54_1_14508.d
60923_13_B_1_WEOM_r3_Mag_04Jan24_300SA_p01_26_1_14601.d,/home/bmeluch/NMDC/nom_processing/monet_nom_batch_1/raw/60923_13_B_1_WEOM_r3_Mag_04Jan24_300SA_p01_26_1_14601.d,False,/home/bmeluch/NMDC/nom_processing/monet_nom_batch_1/raw/QC_SRFAII_23_01_20ppm_r2_Mag_04Jan24_300SA_p01_52_1_14598.d
60923_13_B_2_WEOM_r1_Mag_04Jan24_300SA_p01_6_1_14451.d,/home/bmeluch/NMDC/nom_processing/monet_nom_batch_1/raw/60923_13_B_2_WEOM_r1_Mag_04Jan24_300SA_p01_6_1_14451.d,False,/home/bmeluch/NMDC/nom_processing/monet_nom_batch_1/raw/QC_SRFAII_23_01_20ppm_r1_Mag_04Jan24_300SA_p01_54_1_14440.d
60923_13_B_2_WEOM_r2_Mag_04Jan24_300SA_p01_6_1_14562.d,/home/bmeluch/NMDC/nom_processing/monet_nom_batch_1/raw/60923_13_B_2_WEOM_r2_Mag_04Jan24_300SA_p01_6_1_14562.d,False,/home/bmeluch/NMDC/nom_processing/monet_nom_batch_1/raw/QC_SRFAII_23_01_20ppm_r2_Mag_04Jan24_300SA_p01_52_1_14552.d
60923_13_B_2_WEOM_r3_Mag_04Jan24_300SA_p01_6_1_14631.d,/home/bmeluch/NMDC/nom_processing/monet_nom_batch_1/raw/60923_13_B_2_WEOM_r3_Mag_04Jan24_300SA_p01_6_1_14631.d,False,/home/bmeluch/NMDC/nom_processing/monet_nom_batch_1/raw/QC_SRFAII_23_01_20ppm_r3_Mag_04Jan24_300SA_p01_52_1_14621.d
60923_13_B_3_WEOM_r1_Mag_04Jan24_300SA_p01_34_1_14479.d,/home/bmeluch/NMDC/nom_processing/monet_nom_batch_1/raw/60923_13_B_3_WEOM_r1_Mag_04Jan24_300SA_p01_34_1_14479.d,False,/home/bmeluch/NMDC/nom_processing/monet_nom_batch_1/raw/QC_SRFAII_23_01_20ppm_r1_Mag_04Jan24_300SA_p01_54_1_14462.d
60923_13_B_3_WEOM_r2_Mag_04Jan24_300SA_p01_34_1_14569.d,/home/bmeluch/NMDC/nom_processing/monet_nom_batch_1/raw/60923_13_B_3_WEOM_r2_Mag_04Jan24_300SA_p01_34_1_14569.d,False,/home/bmeluch/NMDC/nom_processing/monet_nom_batch_1/raw/QC_SRFAII_23_01_20ppm_r2_Mag_04Jan24_300SA_p01_52_1_14552.d
60923_13_B_3_WEOM_r3_Mag_04Jan24_300SA_p01_34_1_14685.d,/home/bmeluch/NMDC/nom_processing/monet_nom_batch_1/raw/60923_13_B_3_WEOM_r3_Mag_04Jan24_300SA_p01_34_1_14685.d,False,/home/bmeluch/NMDC/nom_processing/monet_nom_batch_1/raw/QC_SRFAII_23_01_20ppm_r3_Mag_04Jan24_300SA_p01_52_1_14665.d
60923_13_T_1_WEOM_r1_Mag_04Jan24_300SA_p01_25_1_14438.d,/home/bmeluch/NMDC/nom_processing/monet_nom_batch_1/raw/60923_13_T_1_WEOM_r1_Mag_04Jan24_300SA_p01_25_1_14438.d,False,/home/bmeluch/NMDC/nom_processing/monet_nom_batch_1/raw/QC_SRFAII_23_01_20ppm_r0_Mag_04Jan24_300SA_p01_54_1_14418.d
60923_13_T_1_WEOM_r2_Mag_04Jan24_300SA_p01_25_1_14520.d,/home/bmeluch/NMDC/nom_processing/monet_nom_batch_1/raw/60923_13_T_1_WEOM_r2_Mag_04Jan24_300SA_p01_25_1_14520.d,False,/home/bmeluch/NMDC/nom_processing/monet_nom_batch_1/raw/QC_SRFAII_23_01_20ppm_r1_Mag_04Jan24_300SA_p01_54_1_14508.d
60923_13_T_1_WEOM_r3_Mag_04Jan24_300SA_p01_25_1_14602.d,/home/bmeluch/NMDC/nom_processing/monet_nom_batch_1/raw/60923_13_T_1_WEOM_r3_Mag_04Jan24_300SA_p01_25_1_14602.d,False,/home/bmeluch/NMDC/nom_processing/monet_nom_batch_1/raw/QC_SRFAII_23_01_20ppm_r2_Mag_04Jan24_300SA_p01_52_1_14598.d
60923_13_T_2_WEOM_r1_Mag_04Jan24_300SA_p01_5_1_14458.d,/home/bmeluch/NMDC/nom_processing/monet_nom_batch_1/raw/60923_13_T_2_WEOM_r1_Mag_04Jan24_300SA_p01_5_1_14458.d,False,/home/bmeluch/NMDC/nom_processing/monet_nom_batch_1/raw/QC_SRFAII_23_01_20ppm_r1_Mag_04Jan24_300SA_p01_54_1_14440.d
60923_13_T_2_WEOM_r2_Mag_04Jan24_300SA_p01_5_1_14550.d,/home/bmeluch/NMDC/nom_processing/monet_nom_batch_1/raw/60923_13_T_2_WEOM_r2_Mag_04Jan24_300SA_p01_5_1_14550.d,False,/home/bmeluch/NMDC/nom_processing/monet_nom_batch_1/raw/QC_SRFAII_23_01_20ppm_r2_Mag_04Jan24_300SA_p01_54_1_14531.d
60923_13_T_2_WEOM_r3_Mag_04Jan24_300SA_p01_5_1_14648.d,/home/bmeluch/NMDC/nom_processing/monet_nom_batch_1/raw/60923_13_T_2_WEOM_r3_Mag_04Jan24_300SA_p01_5_1_14648.d,False,/home/bmeluch/NMDC/nom_processing/monet_nom_batch_1/raw/QC_SRFAII_23_01_20ppm_r3_Mag_04Jan24_300SA_p01_52_1_14643.d
60923_13_T_3_WEOM_r1_Mag_04Jan24_300SA_p01_33_1_14487.d,/home/bmeluch/NMDC/nom_processing/monet_nom_batch_1/raw/60923_13_T_3_WEOM_r1_Mag_04Jan24_300SA_p01_33_1_14487.d,False,/home/bmeluch/NMDC/nom_processing/monet_nom_batch_1/raw/QC_SRFAII_23_01_20ppm_r1_Mag_04Jan24_300SA_p01_54_1_14484.d
60923_13_T_3_WEOM_r2_Mag_04Jan24_300SA_p01_33_1_14574.d,/home/bmeluch/NMDC/nom_processing/monet_nom_batch_1/raw/60923_13_T_3_WEOM_r2_Mag_04Jan24_300SA_p01_33_1_14574.d,False,/home/bmeluch/NMDC/nom_processing/monet_nom_batch_1/raw/QC_SRFAII_23_01_20ppm_r2_Mag_04Jan24_300SA_p01_52_1_14552.d
60923_13_T_3_WEOM_r3_Mag_04Jan24_300SA_p01_33_1_14671.d,/home/bmeluch/NMDC/nom_processing/monet_nom_batch_1/raw/60923_13_T_3_WEOM_r3_Mag_04Jan24_300SA_p01_33_1_14671.d,False,/home/bmeluch/NMDC/nom_processing/monet_nom_batch_1/raw/QC_SRFAII_23_01_20ppm_r3_Mag_04Jan24_300SA_p01_52_1_14665.d
60923_14_B_1_WEOM_r1_Mag_04Jan24_300SA_p01_28_1_14439.d,/home/bmeluch/NMDC/nom_processing/monet_nom_batch_1/raw/60923_14_B_1_WEOM_r1_Mag_04Jan24_300SA_p01_28_1_14439.d,False,/home/bmeluch/NMDC/nom_processing/monet_nom_batch_1/raw/QC_SRFAII_23_01_20ppm_r0_Mag_04Jan24_300SA_p01_54_1_14418.d
60923_14_B_1_WEOM_r2_Mag_04Jan24_300SA_p01_28_1_14538.d,/home/bmeluch/NMDC/nom_processing/monet_nom_batch_1/raw/60923_14_B_1_WEOM_r2_Mag_04Jan24_300SA_p01_28_1_14538.d,False,/home/bmeluch/NMDC/nom_processing/monet_nom_batch_1/raw/QC_SRFAII_23_01_20ppm_r2_Mag_04Jan24_300SA_p01_54_1_14531.d
60923_14_B_1_WEOM_r3_Mag_04Jan24_300SA_p01_28_1_14605.d,/home/bmeluch/NMDC/nom_processing/monet_nom_batch_1/raw/60923_14_B_1_WEOM_r3_Mag_04Jan24_300SA_p01_28_1_14605.d,False,/home/bmeluch/NMDC/nom_processing/monet_nom_batch_1/raw/QC_SRFAII_23_01_20ppm_r2_Mag_04Jan24_300SA_p01_52_1_14598.d
60923_14_B_2_WEOM_r1_Mag_04Jan24_300SA_p01_8_1_14467.d,/home/bmeluch/NMDC/nom_processing/monet_nom_batch_1/raw/60923_14_B_2_WEOM_r1_Mag_04Jan24_300SA_p01_8_1_14467.d,False,/home/bmeluch/NMDC/nom_processing/monet_nom_batch_1/raw/QC_SRFAII_23_01_20ppm_r1_Mag_04Jan24_300SA_p01_54_1_14462.d
60923_14_B_2_WEOM_r2_Mag_04Jan24_300SA_p01_8_1_14545.d,/home/bmeluch/NMDC/nom_processing/monet_nom_batch_1/raw/60923_14_B_2_WEOM_r2_Mag_04Jan24_300SA_p01_8_1_14545.d,False,/home/bmeluch/NMDC/nom_processing/monet_nom_batch_1/raw/QC_SRFAII_23_01_20ppm_r2_Mag_04Jan24_300SA_p01_54_1_14531.d
60923_14_B_2_WEOM_r3_Mag_04Jan24_300SA_p01_8_1_14655.d,/home/bmeluch/NMDC/nom_processing/monet_nom_batch_1/raw/60923_14_B_2_WEOM_r3_Mag_04Jan24_300SA_p01_8_1_14655.d,False,/home/bmeluch/NMDC/nom_processing/monet_nom_batch_1/raw/QC_SRFAII_23_01_20ppm_r3_Mag_04Jan24_300SA_p01_52_1_14643.d
60923_14_B_3_WEOM_r1_Mag_04Jan24_300SA_p01_36_1_14505.d,/home/bmeluch/NMDC/nom_processing/monet_nom_batch_1/raw/60923_14_B_3_WEOM_r1_Mag_04Jan24_300SA_p01_36_1_14505.d,False,/home/bmeluch/NMDC/nom_processing/monet_nom_batch_1/raw/QC_SRFAII_23_01_20ppm_r1_Mag_04Jan24_300SA_p01_54_1_14484.d
60923_14_B_3_WEOM_r2_Mag_04Jan24_300SA_p01_36_1_14595.d,/home/bmeluch/NMDC/nom_processing/monet_nom_batch_1/raw/60923_14_B_3_WEOM_r2_Mag_04Jan24_300SA_p01_36_1_14595.d,False,/home/bmeluch/NMDC/nom_processing/monet_nom_batch_1/raw/QC_SRFAII_23_01_20ppm_r2_Mag_04Jan24_300SA_p01_52_1_14575.d
60923_14_B_3_WEOM_r3_Mag_04Jan24_300SA_p01_36_1_14686.d,/home/bmeluch/NMDC/nom_processing/monet_nom_batch_1/raw/60923_14_B_3_WEOM_r3_Mag_04Jan24_300SA_p01_36_1_14686.d,False,/home/bmeluch/NMDC/nom_processing/monet_nom_batch_1/raw/QC_SRFAII_23_01_20ppm_r3_Mag_04Jan24_300SA_p01_52_1_14665.d
60923_14_T_1_WEOM_r1_Mag_04Jan24_300SA_p01_27_1_14426.d,/home/bmeluch/NMDC/nom_processing/monet_nom_batch_1/raw/60923_14_T_1_WEOM_r1_Mag_04Jan24_300SA_p01_27_1_14426.d,False,/home/bmeluch/NMDC/nom_processing/monet_nom_batch_1/raw/QC_SRFAII_23_01_20ppm_r0_Mag_04Jan24_300SA_p01_54_1_14418.d
60923_14_T_1_WEOM_r2_Mag_04Jan24_300SA_p01_27_1_14510.d,/home/bmeluch/NMDC/nom_processing/monet_nom_batch_1/raw/60923_14_T_1_WEOM_r2_Mag_04Jan24_300SA_p01_27_1_14510.d,False,/home/bmeluch/NMDC/nom_processing/monet_nom_batch_1/raw/QC_SRFAII_23_01_20ppm_r1_Mag_04Jan24_300SA_p01_54_1_14508.d
60923_14_T_1_WEOM_r3_Mag_04Jan24_300SA_p01_27_1_14609.d,/home/bmeluch/NMDC/nom_processing/monet_nom_batch_1/raw/60923_14_T_1_WEOM_r3_Mag_04Jan24_300SA_p01_27_1_14609.d,False,/home/bmeluch/NMDC/nom_processing/monet_nom_batch_1/raw/QC_SRFAII_23_01_20ppm_r2_Mag_04Jan24_300SA_p01_52_1_14598.d
60923_14_T_2_WEOM_r1_Mag_04Jan24_300SA_p01_7_1_14456.d,/home/bmeluch/NMDC/nom_processing/monet_nom_batch_1/raw/60923_14_T_2_WEOM_r1_Mag_04Jan24_300SA_p01_7_1_14456.d,False,/home/bmeluch/NMDC/nom_processing/monet_nom_batch_1/raw/QC_SRFAII_23_01_20ppm_r1_Mag_04Jan24_300SA_p01_54_1_14440.d
60923_14_T_2_WEOM_r2_Mag_04Jan24_300SA_p01_7_1_14543.d,/home/bmeluch/NMDC/nom_processing/monet_nom_batch_1/raw/60923_14_T_2_WEOM_r2_Mag_04Jan24_300SA_p01_7_1_14543.d,False,/home/bmeluch/NMDC/nom_processing/monet_nom_batch_1/raw/QC_SRFAII_23_01_20ppm_r2_Mag_04Jan24_300SA_p01_54_1_14531.d
60923_14_T_2_WEOM_r3_Mag_04Jan24_300SA_p01_7_1_14632.d,/home/bmeluch/NMDC/nom_processing/monet_nom_batch_1/raw/60923_14_T_2_WEOM_r3_Mag_04Jan24_300SA_p01_7_1_14632.d,False,/home/bmeluch/NMDC/nom_processing/monet_nom_batch_1/raw/QC_SRFAII_23_01_20ppm_r3_Mag_04Jan24_300SA_p01_52_1_14621.d
60923_14_T_3_WEOM_r1_Mag_04Jan24_300SA_p01_35_1_14493.d,/home/bmeluch/NMDC/nom_processing/monet_nom_batch_1/raw/60923_14_T_3_WEOM_r1_Mag_04Jan24_300SA_p01_35_1_14493.d,False,/home/bmeluch/NMDC/nom_processing/monet_nom_batch_1/raw/QC_SRFAII_23_01_20ppm_r1_Mag_04Jan24_300SA_p01_54_1_14484.d
60923_14_T_3_WEOM_r2_Mag_04Jan24_300SA_p01_35_1_14592.d,/home/bmeluch/NMDC/nom_processing/monet_nom_batch_1/raw/60923_14_T_3_WEOM_r2_Mag_04Jan24_300SA_p01_35_1_14592.d,False,/home/bmeluch/NMDC/nom_processing/monet_nom_batch_1/raw/QC_SRFAII_23_01_20ppm_r2_Mag_04Jan24_300SA_p01_52_1_14575.d
60923_14_T_3_WEOM_r3_Mag_04Jan24_300SA_p01_35_1_14659.d,/home/bmeluch/NMDC/nom_processing/monet_nom_batch_1/raw/60923_14_T_3_WEOM_r3_Mag_04Jan24_300SA_p01_35_1_14659.d,False,/home/bmeluch/NMDC/nom_processing/monet_nom_batch_1/raw/QC_SRFAII_23_01_20ppm_r3_Mag_04Jan24_300SA_p01_52_1_14643.d
60923_2_B_1_WEOM_r1_Mag_04Jan24_300SA_p01_4_1_14442.d,/home/bmeluch/NMDC/nom_processing/monet_nom_batch_1/raw/60923_2_B_1_WEOM_r1_Mag_04Jan24_300SA_p01_4_1_14442.d,False,/home/bmeluch/NMDC/nom_processing/monet_nom_batch_1/raw/QC_SRFAII_23_01_20ppm_r1_Mag_04Jan24_300SA_p01_54_1_14440.d
60923_2_B_1_WEOM_r2_Mag_04Jan24_300SA_p01_4_1_14537.d,/home/bmeluch/NMDC/nom_processing/monet_nom_batch_1/raw/60923_2_B_1_WEOM_r2_Mag_04Jan24_300SA_p01_4_1_14537.d,False,/home/bmeluch/NMDC/nom_processing/monet_nom_batch_1/raw/QC_SRFAII_23_01_20ppm_r2_Mag_04Jan24_300SA_p01_54_1_14531.d
60923_2_B_1_WEOM_r3_Mag_04Jan24_300SA_p01_4_1_14616.d,/home/bmeluch/NMDC/nom_processing/monet_nom_batch_1/raw/60923_2_B_1_WEOM_r3_Mag_04Jan24_300SA_p01_4_1_14616.d,False,/home/bmeluch/NMDC/nom_processing/monet_nom_batch_1/raw/QC_SRFAII_23_01_20ppm_r2_Mag_04Jan24_300SA_p01_52_1_14598.d
60923_2_B_2_WEOM_r1_Mag_04Jan24_300SA_p01_32_1_14472.d,/home/bmeluch/NMDC/nom_processing/monet_nom_batch_1/raw/60923_2_B_2_WEOM_r1_Mag_04Jan24_300SA_p01_32_1_14472.d,False,/home/bmeluch/NMDC/nom_processing/monet_nom_batch_1/raw/QC_SRFAII_23_01_20ppm_r1_Mag_04Jan24_300SA_p01_54_1_14462.d
60923_2_B_2_WEOM_r2_Mag_04Jan24_300SA_p01_32_1_14551.d,/home/bmeluch/NMDC/nom_processing/monet_nom_batch_1/raw/60923_2_B_2_WEOM_r2_Mag_04Jan24_300SA_p01_32_1_14551.d,False,/home/bmeluch/NMDC/nom_processing/monet_nom_batch_1/raw/QC_SRFAII_23_01_20ppm_r2_Mag_04Jan24_300SA_p01_54_1_14531.d
60923_2_B_2_WEOM_r3_Mag_04Jan24_300SA_p01_32_1_14633.d,/home/bmeluch/NMDC/nom_processing/monet_nom_batch_1/raw/60923_2_B_2_WEOM_r3_Mag_04Jan24_300SA_p01_32_1_14633.d,False,/home/bmeluch/NMDC/nom_processing/monet_nom_batch_1/raw/QC_SRFAII_23_01_20ppm_r3_Mag_04Jan24_300SA_p01_52_1_14621.d
60923_2_B_3_WEOM_r1_Mag_04Jan24_300SA_p01_12_1_14504.d,/home/bmeluch/NMDC/nom_processing/monet_nom_batch_1/raw/60923_2_B_3_WEOM_r1_Mag_04Jan24_300SA_p01_12_1_14504.d,False,/home/bmeluch/NMDC/nom_processing/monet_nom_batch_1/raw/QC_SRFAII_23_01_20ppm_r1_Mag_04Jan24_300SA_p01_54_1_14484.d
60923_2_B_3_WEOM_r2_Mag_04Jan24_300SA_p01_12_1_14580.d,/home/bmeluch/NMDC/nom_processing/monet_nom_batch_1/raw/60923_2_B_3_WEOM_r2_Mag_04Jan24_300SA_p01_12_1_14580.d,False,/home/bmeluch/NMDC/nom_processing/monet_nom_batch_1/raw/QC_SRFAII_23_01_20ppm_r2_Mag_04Jan24_300SA_p01_52_1_14575.d
60923_2_B_3_WEOM_r3_Mag_04Jan24_300SA_p01_12_1_14681.d,/home/bmeluch/NMDC/nom_processing/monet_nom_batch_1/raw/60923_2_B_3_WEOM_r3_Mag_04Jan24_300SA_p01_12_1_14681.d,False,/home/bmeluch/NMDC/nom_processing/monet_nom_batch_1/raw/QC_SRFAII_23_01_20ppm_r3_Mag_04Jan24_300SA_p01_52_1_14665.d
60923_2_T_1_WEOM_r1_Mag_04Jan24_300SA_p01_3_1_14449.d,/home/bmeluch/NMDC/nom_processing/monet_nom_batch_1/raw/60923_2_T_1_WEOM_r1_Mag_04Jan24_300SA_p01_3_1_14449.d,False,/home/bmeluch/NMDC/nom_processing/monet_nom_batch_1/raw/QC_SRFAII_23_01_20ppm_r1_Mag_04Jan24_300SA_p01_54_1_14440.d
60923_2_T_1_WEOM_r2_Mag_04Jan24_300SA_p01_3_1_14524.d,/home/bmeluch/NMDC/nom_processing/monet_nom_batch_1/raw/60923_2_T_1_WEOM_r2_Mag_04Jan24_300SA_p01_3_1_14524.d,False,/home/bmeluch/NMDC/nom_processing/monet_nom_batch_1/raw/QC_SRFAII_23_01_20ppm_r1_Mag_04Jan24_300SA_p01_54_1_14508.d
60923_2_T_1_WEOM_r3_Mag_04Jan24_300SA_p01_3_1_14608.d,/home/bmeluch/NMDC/nom_processing/monet_nom_batch_1/raw/60923_2_T_1_WEOM_r3_Mag_04Jan24_300SA_p01_3_1_14608.d,False,/home/bmeluch/NMDC/nom_processing/monet_nom_batch_1/raw/QC_SRFAII_23_01_20ppm_r2_Mag_04Jan24_300SA_p01_52_1_14598.d
60923_2_T_2_WEOM_r1_Mag_04Jan24_300SA_p01_31_1_14453.d,/home/bmeluch/NMDC/nom_processing/monet_nom_batch_1/raw/60923_2_T_2_WEOM_r1_Mag_04Jan24_300SA_p01_31_1_14453.d,False,/home/bmeluch/NMDC/nom_processing/monet_nom_batch_1/raw/QC_SRFAII_23_01_20ppm_r1_Mag_04Jan24_300SA_p01_54_1_14440.d
60923_2_T_2_WEOM_r2_Mag_04Jan24_300SA_p01_31_1_14541.d,/home/bmeluch/NMDC/nom_processing/monet_nom_batch_1/raw/60923_2_T_2_WEOM_r2_Mag_04Jan24_300SA_p01_31_1_14541.d,False,/home/bmeluch/NMDC/nom_processing/monet_nom_batch_1/raw/QC_SRFAII_23_01_20ppm_r2_Mag_04Jan24_300SA_p01_54_1_14531.d
60923_2_T_2_WEOM_r3_Mag_04Jan24_300SA_p01_31_1_14630.d,/home/bmeluch/NMDC/nom_processing/monet_nom_batch_1/raw/60923_2_T_2_WEOM_r3_Mag_04Jan24_300SA_p01_31_1_14630.d,False,/home/bmeluch/NMDC/nom_processing/monet_nom_batch_1/raw/QC_SRFAII_23_01_20ppm_r3_Mag_04Jan24_300SA_p01_52_1_14621.d
60923_2_T_3_WEOM_r1_Mag_04Jan24_300SA_p01_11_1_14483.d,/home/bmeluch/NMDC/nom_processing/monet_nom_batch_1/raw/60923_2_T_3_WEOM_r1_Mag_04Jan24_300SA_p01_11_1_14483.d,False,/home/bmeluch/NMDC/nom_processing/monet_nom_batch_1/raw/QC_SRFAII_23_01_20ppm_r1_Mag_04Jan24_300SA_p01_54_1_14462.d
60923_2_T_3_WEOM_r2_Mag_04Jan24_300SA_p01_11_1_14590.d,/home/bmeluch/NMDC/nom_processing/monet_nom_batch_1/raw/60923_2_T_3_WEOM_r2_Mag_04Jan24_300SA_p01_11_1_14590.d,False,/home/bmeluch/NMDC/nom_processing/monet_nom_batch_1/raw/QC_SRFAII_23_01_20ppm_r2_Mag_04Jan24_300SA_p01_52_1_14575.d
60923_2_T_3_WEOM_r3_Mag_04Jan24_300SA_p01_11_1_14679.d,/home/bmeluch/NMDC/nom_processing/monet_nom_batch_1/raw/60923_2_T_3_WEOM_r3_Mag_04Jan24_300SA_p01_11_1_14679.d,False,/home/bmeluch/NMDC/nom_processing/monet_nom_batch_1/raw/QC_SRFAII_23_01_20ppm_r3_Mag_04Jan24_300SA_p01_52_1_14665.d
60923_3_B_1_WEOM_r1_Mag_04Jan24_300SA_p01_6_1_14420.d,/home/bmeluch/NMDC/nom_processing/monet_nom_batch_1/raw/60923_3_B_1_WEOM_r1_Mag_04Jan24_300SA_p01_6_1_14420.d,False,/home/bmeluch/NMDC/nom_processing/monet_nom_batch_1/raw/QC_SRFAII_23_01_20ppm_r0_Mag_04Jan24_300SA_p01_54_1_14418.d
60923_3_B_1_WEOM_r2_Mag_04Jan24_300SA_p01_6_1_14525.d,/home/bmeluch/NMDC/nom_processing/monet_nom_batch_1/raw/60923_3_B_1_WEOM_r2_Mag_04Jan24_300SA_p01_6_1_14525.d,False,/home/bmeluch/NMDC/nom_processing/monet_nom_batch_1/raw/QC_SRFAII_23_01_20ppm_r1_Mag_04Jan24_300SA_p01_54_1_14508.d
60923_3_B_1_WEOM_r3_Mag_04Jan24_300SA_p01_6_1_14600.d,/home/bmeluch/NMDC/nom_processing/monet_nom_batch_1/raw/60923_3_B_1_WEOM_r3_Mag_04Jan24_300SA_p01_6_1_14600.d,False,/home/bmeluch/NMDC/nom_processing/monet_nom_batch_1/raw/QC_SRFAII_23_01_20ppm_r2_Mag_04Jan24_300SA_p01_52_1_14598.d
60923_3_B_2_WEOM_r1_Mag_04Jan24_300SA_p01_34_1_14450.d,/home/bmeluch/NMDC/nom_processing/monet_nom_batch_1/raw/60923_3_B_2_WEOM_r1_Mag_04Jan24_300SA_p01_34_1_14450.d,False,/home/bmeluch/NMDC/nom_processing/monet_nom_batch_1/raw/QC_SRFAII_23_01_20ppm_r1_Mag_04Jan24_300SA_p01_54_1_14440.d
60923_3_B_2_WEOM_r2_Mag_04Jan24_300SA_p01_34_1_14558.d,/home/bmeluch/NMDC/nom_processing/monet_nom_batch_1/raw/60923_3_B_2_WEOM_r2_Mag_04Jan24_300SA_p01_34_1_14558.d,False,/home/bmeluch/NMDC/nom_processing/monet_nom_batch_1/raw/QC_SRFAII_23_01_20ppm_r2_Mag_04Jan24_300SA_p01_52_1_14552.d
60923_3_B_2_WEOM_r3_Mag_04Jan24_300SA_p01_34_1_14657.d,/home/bmeluch/NMDC/nom_processing/monet_nom_batch_1/raw/60923_3_B_2_WEOM_r3_Mag_04Jan24_300SA_p01_34_1_14657.d,False,/home/bmeluch/NMDC/nom_processing/monet_nom_batch_1/raw/QC_SRFAII_23_01_20ppm_r3_Mag_04Jan24_300SA_p01_52_1_14643.d
60923_3_B_3_WEOM_r1_Mag_04Jan24_300SA_p01_14_1_14507.d,/home/bmeluch/NMDC/nom_processing/monet_nom_batch_1/raw/60923_3_B_3_WEOM_r1_Mag_04Jan24_300SA_p01_14_1_14507.d,False,/home/bmeluch/NMDC/nom_processing/monet_nom_batch_1/raw/QC_SRFAII_23_01_20ppm_r1_Mag_04Jan24_300SA_p01_54_1_14484.d
60923_3_B_3_WEOM_r2_Mag_04Jan24_300SA_p01_14_1_14581.d,/home/bmeluch/NMDC/nom_processing/monet_nom_batch_1/raw/60923_3_B_3_WEOM_r2_Mag_04Jan24_300SA_p01_14_1_14581.d,False,/home/bmeluch/NMDC/nom_processing/monet_nom_batch_1/raw/QC_SRFAII_23_01_20ppm_r2_Mag_04Jan24_300SA_p01_52_1_14575.d
60923_3_B_3_WEOM_r3_Mag_04Jan24_300SA_p01_14_1_14660.d,/home/bmeluch/NMDC/nom_processing/monet_nom_batch_1/raw/60923_3_B_3_WEOM_r3_Mag_04Jan24_300SA_p01_14_1_14660.d,False,/home/bmeluch/NMDC/nom_processing/monet_nom_batch_1/raw/QC_SRFAII_23_01_20ppm_r3_Mag_04Jan24_300SA_p01_52_1_14643.d
60923_3_T_1_WEOM_r1_Mag_04Jan24_300SA_p01_5_1_14433.d,/home/bmeluch/NMDC/nom_processing/monet_nom_batch_1/raw/60923_3_T_1_WEOM_r1_Mag_04Jan24_300SA_p01_5_1_14433.d,False,/home/bmeluch/NMDC/nom_processing/monet_nom_batch_1/raw/QC_SRFAII_23_01_20ppm_r0_Mag_04Jan24_300SA_p01_54_1_14418.d
60923_3_T_1_WEOM_r2_Mag_04Jan24_300SA_p01_5_1_14519.d,/home/bmeluch/NMDC/nom_processing/monet_nom_batch_1/raw/60923_3_T_1_WEOM_r2_Mag_04Jan24_300SA_p01_5_1_14519.d,False,/home/bmeluch/NMDC/nom_processing/monet_nom_batch_1/raw/QC_SRFAII_23_01_20ppm_r1_Mag_04Jan24_300SA_p01_54_1_14508.d
60923_3_T_1_WEOM_r3_Mag_04Jan24_300SA_p01_5_1_14613.d,/home/bmeluch/NMDC/nom_processing/monet_nom_batch_1/raw/60923_3_T_1_WEOM_r3_Mag_04Jan24_300SA_p01_5_1_14613.d,False,/home/bmeluch/NMDC/nom_processing/monet_nom_batch_1/raw/QC_SRFAII_23_01_20ppm_r2_Mag_04Jan24_300SA_p01_52_1_14598.d
60923_3_T_2_WEOM_r1_Mag_04Jan24_300SA_p01_33_1_14459.d,/home/bmeluch/NMDC/nom_processing/monet_nom_batch_1/raw/60923_3_T_2_WEOM_r1_Mag_04Jan24_300SA_p01_33_1_14459.d,False,/home/bmeluch/NMDC/nom_processing/monet_nom_batch_1/raw/QC_SRFAII_23_01_20ppm_r1_Mag_04Jan24_300SA_p01_54_1_14440.d
60923_3_T_2_WEOM_r2_Mag_04Jan24_300SA_p01_33_1_14546.d,/home/bmeluch/NMDC/nom_processing/monet_nom_batch_1/raw/60923_3_T_2_WEOM_r2_Mag_04Jan24_300SA_p01_33_1_14546.d,False,/home/bmeluch/NMDC/nom_processing/monet_nom_batch_1/raw/QC_SRFAII_23_01_20ppm_r2_Mag_04Jan24_300SA_p01_54_1_14531.d
60923_3_T_2_WEOM_r3_Mag_04Jan24_300SA_p01_33_1_14636.d,/home/bmeluch/NMDC/nom_processing/monet_nom_batch_1/raw/60923_3_T_2_WEOM_r3_Mag_04Jan24_300SA_p01_33_1_14636.d,False,/home/bmeluch/NMDC/nom_processing/monet_nom_batch_1/raw/QC_SRFAII_23_01_20ppm_r3_Mag_04Jan24_300SA_p01_52_1_14621.d
60923_3_T_3_WEOM_r1_Mag_04Jan24_300SA_p01_13_1_14500.d,/home/bmeluch/NMDC/nom_processing/monet_nom_batch_1/raw/60923_3_T_3_WEOM_r1_Mag_04Jan24_300SA_p01_13_1_14500.d,False,/home/bmeluch/NMDC/nom_processing/monet_nom_batch_1/raw/QC_SRFAII_23_01_20ppm_r1_Mag_04Jan24_300SA_p01_54_1_14484.d
60923_3_T_3_WEOM_r2_Mag_04Jan24_300SA_p01_13_1_14577.d,/home/bmeluch/NMDC/nom_processing/monet_nom_batch_1/raw/60923_3_T_3_WEOM_r2_Mag_04Jan24_300SA_p01_13_1_14577.d,False,/home/bmeluch/NMDC/nom_processing/monet_nom_batch_1/raw/QC_SRFAII_23_01_20ppm_r2_Mag_04Jan24_300SA_p01_52_1_14575.d
60923_3_T_3_WEOM_r3_Mag_04Jan24_300SA_p01_13_1_14674.d,/home/bmeluch/NMDC/nom_processing/monet_nom_batch_1/raw/60923_3_T_3_WEOM_r3_Mag_04Jan24_300SA_p01_13_1_14674.d,False,/home/bmeluch/NMDC/nom_processing/monet_nom_batch_1/raw/QC_SRFAII_23_01_20ppm_r3_Mag_04Jan24_300SA_p01_52_1_14665.d
60923_4_B_1_WEOM_r1_Mag_04Jan24_300SA_p01_8_1_14427.d,/home/bmeluch/NMDC/nom_processing/monet_nom_batch_1/raw/60923_4_B_1_WEOM_r1_Mag_04Jan24_300SA_p01_8_1_14427.d,False,/home/bmeluch/NMDC/nom_processing/monet_nom_batch_1/raw/QC_SRFAII_23_01_20ppm_r0_Mag_04Jan24_300SA_p01_54_1_14418.d
60923_4_B_1_WEOM_r2_Mag_04Jan24_300SA_p01_8_1_14518.d,/home/bmeluch/NMDC/nom_processing/monet_nom_batch_1/raw/60923_4_B_1_WEOM_r2_Mag_04Jan24_300SA_p01_8_1_14518.d,False,/home/bmeluch/NMDC/nom_processing/monet_nom_batch_1/raw/QC_SRFAII_23_01_20ppm_r1_Mag_04Jan24_300SA_p01_54_1_14508.d
60923_4_B_1_WEOM_r3_Mag_04Jan24_300SA_p01_8_1_14619.d,/home/bmeluch/NMDC/nom_processing/monet_nom_batch_1/raw/60923_4_B_1_WEOM_r3_Mag_04Jan24_300SA_p01_8_1_14619.d,False,/home/bmeluch/NMDC/nom_processing/monet_nom_batch_1/raw/QC_SRFAII_23_01_20ppm_r2_Mag_04Jan24_300SA_p01_52_1_14598.d
60923_4_B_3_WEOM_r1_Mag_04Jan24_300SA_p01_16_1_14494.d,/home/bmeluch/NMDC/nom_processing/monet_nom_batch_1/raw/60923_4_B_3_WEOM_r1_Mag_04Jan24_300SA_p01_16_1_14494.d,False,/home/bmeluch/NMDC/nom_processing/monet_nom_batch_1/raw/QC_SRFAII_23_01_20ppm_r1_Mag_04Jan24_300SA_p01_54_1_14484.d
60923_4_B_3_WEOM_r2_Mag_04Jan24_300SA_p01_16_1_14579.d,/home/bmeluch/NMDC/nom_processing/monet_nom_batch_1/raw/60923_4_B_3_WEOM_r2_Mag_04Jan24_300SA_p01_16_1_14579.d,False,/home/bmeluch/NMDC/nom_processing/monet_nom_batch_1/raw/QC_SRFAII_23_01_20ppm_r2_Mag_04Jan24_300SA_p01_52_1_14575.d
60923_4_B_3_WEOM_r3_Mag_04Jan24_300SA_p01_16_1_14658.d,/home/bmeluch/NMDC/nom_processing/monet_nom_batch_1/raw/60923_4_B_3_WEOM_r3_Mag_04Jan24_300SA_p01_16_1_14658.d,False,/home/bmeluch/NMDC/nom_processing/monet_nom_batch_1/raw/QC_SRFAII_23_01_20ppm_r3_Mag_04Jan24_300SA_p01_52_1_14643.d
60923_4_T_1_WEOM_r1_Mag_04Jan24_300SA_p01_7_1_14448.d,/home/bmeluch/NMDC/nom_processing/monet_nom_batch_1/raw/60923_4_T_1_WEOM_r1_Mag_04Jan24_300SA_p01_7_1_14448.d,False,/home/bmeluch/NMDC/nom_processing/monet_nom_batch_1/raw/QC_SRFAII_23_01_20ppm_r1_Mag_04Jan24_300SA_p01_54_1_14440.d
60923_4_T_1_WEOM_r2_Mag_04Jan24_300SA_p01_7_1_14512.d,/home/bmeluch/NMDC/nom_processing/monet_nom_batch_1/raw/60923_4_T_1_WEOM_r2_Mag_04Jan24_300SA_p01_7_1_14512.d,False,/home/bmeluch/NMDC/nom_processing/monet_nom_batch_1/raw/QC_SRFAII_23_01_20ppm_r1_Mag_04Jan24_300SA_p01_54_1_14508.d
60923_4_T_1_WEOM_r3_Mag_04Jan24_300SA_p01_7_1_14620.d,/home/bmeluch/NMDC/nom_processing/monet_nom_batch_1/raw/60923_4_T_1_WEOM_r3_Mag_04Jan24_300SA_p01_7_1_14620.d,False,/home/bmeluch/NMDC/nom_processing/monet_nom_batch_1/raw/QC_SRFAII_23_01_20ppm_r2_Mag_04Jan24_300SA_p01_52_1_14598.d
60923_4_T_2_WEOM_r1_Mag_04Jan24_300SA_p01_35_1_14474.d,/home/bmeluch/NMDC/nom_processing/monet_nom_batch_1/raw/60923_4_T_2_WEOM_r1_Mag_04Jan24_300SA_p01_35_1_14474.d,False,/home/bmeluch/NMDC/nom_processing/monet_nom_batch_1/raw/QC_SRFAII_23_01_20ppm_r1_Mag_04Jan24_300SA_p01_54_1_14462.d
60923_4_T_2_WEOM_r2_Mag_04Jan24_300SA_p01_35_1_14567.d,/home/bmeluch/NMDC/nom_processing/monet_nom_batch_1/raw/60923_4_T_2_WEOM_r2_Mag_04Jan24_300SA_p01_35_1_14567.d,False,/home/bmeluch/NMDC/nom_processing/monet_nom_batch_1/raw/QC_SRFAII_23_01_20ppm_r2_Mag_04Jan24_300SA_p01_52_1_14552.d
60923_4_T_2_WEOM_r3_Mag_04Jan24_300SA_p01_35_1_14639.d,/home/bmeluch/NMDC/nom_processing/monet_nom_batch_1/raw/60923_4_T_2_WEOM_r3_Mag_04Jan24_300SA_p01_35_1_14639.d,False,/home/bmeluch/NMDC/nom_processing/monet_nom_batch_1/raw/QC_SRFAII_23_01_20ppm_r3_Mag_04Jan24_300SA_p01_52_1_14621.d
60923_4_T_3_WEOM_r1_Mag_04Jan24_300SA_p01_15_1_14488.d,/home/bmeluch/NMDC/nom_processing/monet_nom_batch_1/raw/60923_4_T_3_WEOM_r1_Mag_04Jan24_300SA_p01_15_1_14488.d,False,/home/bmeluch/NMDC/nom_processing/monet_nom_batch_1/raw/QC_SRFAII_23_01_20ppm_r1_Mag_04Jan24_300SA_p01_54_1_14484.d
60923_4_T_3_WEOM_r2_Mag_04Jan24_300SA_p01_15_1_14596.d,/home/bmeluch/NMDC/nom_processing/monet_nom_batch_1/raw/60923_4_T_3_WEOM_r2_Mag_04Jan24_300SA_p01_15_1_14596.d,False,/home/bmeluch/NMDC/nom_processing/monet_nom_batch_1/raw/QC_SRFAII_23_01_20ppm_r2_Mag_04Jan24_300SA_p01_52_1_14575.d
60923_4_T_3_WEOM_r3_Mag_04Jan24_300SA_p01_15_1_14677.d,/home/bmeluch/NMDC/nom_processing/monet_nom_batch_1/raw/60923_4_T_3_WEOM_r3_Mag_04Jan24_300SA_p01_15_1_14677.d,False,/home/bmeluch/NMDC/nom_processing/monet_nom_batch_1/raw/QC_SRFAII_23_01_20ppm_r3_Mag_04Jan24_300SA_p01_52_1_14665.d
60923_5_B_1_WEOM_r1_Mag_04Jan24_300SA_p01_10_1_14432.d,/home/bmeluch/NMDC/nom_processing/monet_nom_batch_1/raw/60923_5_B_1_WEOM_r1_Mag_04Jan24_300SA_p01_10_1_14432.d,False,/home/bmeluch/NMDC/nom_processing/monet_nom_batch_1/raw/QC_SRFAII_23_01_20ppm_r0_Mag_04Jan24_300SA_p01_54_1_14418.d
60923_5_B_1_WEOM_r2_Mag_04Jan24_300SA_p01_10_1_14526.d,/home/bmeluch/NMDC/nom_processing/monet_nom_batch_1/raw/60923_5_B_1_WEOM_r2_Mag_04Jan24_300SA_p01_10_1_14526.d,False,/home/bmeluch/NMDC/nom_processing/monet_nom_batch_1/raw/QC_SRFAII_23_01_20ppm_r1_Mag_04Jan24_300SA_p01_54_1_14508.d
60923_5_B_1_WEOM_r3_Mag_04Jan24_300SA_p01_10_1_14617.d,/home/bmeluch/NMDC/nom_processing/monet_nom_batch_1/raw/60923_5_B_1_WEOM_r3_Mag_04Jan24_300SA_p01_10_1_14617.d,False,/home/bmeluch/NMDC/nom_processing/monet_nom_batch_1/raw/QC_SRFAII_23_01_20ppm_r2_Mag_04Jan24_300SA_p01_52_1_14598.d
60923_5_B_2_WEOM_r1_Mag_04Jan24_300SA_p01_38_1_14475.d,/home/bmeluch/NMDC/nom_processing/monet_nom_batch_1/raw/60923_5_B_2_WEOM_r1_Mag_04Jan24_300SA_p01_38_1_14475.d,False,/home/bmeluch/NMDC/nom_processing/monet_nom_batch_1/raw/QC_SRFAII_23_01_20ppm_r1_Mag_04Jan24_300SA_p01_54_1_14462.d
60923_5_B_2_WEOM_r2_Mag_04Jan24_300SA_p01_38_1_14540.d,/home/bmeluch/NMDC/nom_processing/monet_nom_batch_1/raw/60923_5_B_2_WEOM_r2_Mag_04Jan24_300SA_p01_38_1_14540.d,False,/home/bmeluch/NMDC/nom_processing/monet_nom_batch_1/raw/QC_SRFAII_23_01_20ppm_r2_Mag_04Jan24_300SA_p01_54_1_14531.d
60923_5_B_2_WEOM_r3_Mag_04Jan24_300SA_p01_38_1_14635.d,/home/bmeluch/NMDC/nom_processing/monet_nom_batch_1/raw/60923_5_B_2_WEOM_r3_Mag_04Jan24_300SA_p01_38_1_14635.d,False,/home/bmeluch/NMDC/nom_processing/monet_nom_batch_1/raw/QC_SRFAII_23_01_20ppm_r3_Mag_04Jan24_300SA_p01_52_1_14621.d
60923_5_B_3_WEOM_r1_Mag_04Jan24_300SA_p01_18_1_14491.d,/home/bmeluch/NMDC/nom_processing/monet_nom_batch_1/raw/60923_5_B_3_WEOM_r1_Mag_04Jan24_300SA_p01_18_1_14491.d,False,/home/bmeluch/NMDC/nom_processing/monet_nom_batch_1/raw/QC_SRFAII_23_01_20ppm_r1_Mag_04Jan24_300SA_p01_54_1_14484.d
60923_5_B_3_WEOM_r2_Mag_04Jan24_300SA_p01_18_1_14586.d,/home/bmeluch/NMDC/nom_processing/monet_nom_batch_1/raw/60923_5_B_3_WEOM_r2_Mag_04Jan24_300SA_p01_18_1_14586.d,False,/home/bmeluch/NMDC/nom_processing/monet_nom_batch_1/raw/QC_SRFAII_23_01_20ppm_r2_Mag_04Jan24_300SA_p01_52_1_14575.d
60923_5_B_3_WEOM_r3_Mag_04Jan24_300SA_p01_18_1_14668.d,/home/bmeluch/NMDC/nom_processing/monet_nom_batch_1/raw/60923_5_B_3_WEOM_r3_Mag_04Jan24_300SA_p01_18_1_14668.d,False,/home/bmeluch/NMDC/nom_processing/monet_nom_batch_1/raw/QC_SRFAII_23_01_20ppm_r3_Mag_04Jan24_300SA_p01_52_1_14665.d
60923_5_T_1_WEOM_r1_Mag_04Jan24_300SA_p01_9_1_14437.d,/home/bmeluch/NMDC/nom_processing/monet_nom_batch_1/raw/60923_5_T_1_WEOM_r1_Mag_04Jan24_300SA_p01_9_1_14437.d,False,/home/bmeluch/NMDC/nom_processing/monet_nom_batch_1/raw/QC_SRFAII_23_01_20ppm_r0_Mag_04Jan24_300SA_p01_54_1_14418.d
60923_5_T_1_WEOM_r2_Mag_04Jan24_300SA_p01_9_1_14533.d,/home/bmeluch/NMDC/nom_processing/monet_nom_batch_1/raw/60923_5_T_1_WEOM_r2_Mag_04Jan24_300SA_p01_9_1_14533.d,False,/home/bmeluch/NMDC/nom_processing/monet_nom_batch_1/raw/QC_SRFAII_23_01_20ppm_r2_Mag_04Jan24_300SA_p01_54_1_14531.d
60923_5_T_1_WEOM_r3_Mag_04Jan24_300SA_p01_9_1_14610.d,/home/bmeluch/NMDC/nom_processing/monet_nom_batch_1/raw/60923_5_T_1_WEOM_r3_Mag_04Jan24_300SA_p01_9_1_14610.d,False,/home/bmeluch/NMDC/nom_processing/monet_nom_batch_1/raw/QC_SRFAII_23_01_20ppm_r2_Mag_04Jan24_300SA_p01_52_1_14598.d
60923_5_T_2_WEOM_r1_Mag_04Jan24_300SA_p01_37_1_14461.d,/home/bmeluch/NMDC/nom_processing/monet_nom_batch_1/raw/60923_5_T_2_WEOM_r1_Mag_04Jan24_300SA_p01_37_1_14461.d,False,/home/bmeluch/NMDC/nom_processing/monet_nom_batch_1/raw/QC_SRFAII_23_01_20ppm_r1_Mag_04Jan24_300SA_p01_54_1_14440.d
60923_5_T_2_WEOM_r2_Mag_04Jan24_300SA_p01_37_1_14547.d,/home/bmeluch/NMDC/nom_processing/monet_nom_batch_1/raw/60923_5_T_2_WEOM_r2_Mag_04Jan24_300SA_p01_37_1_14547.d,False,/home/bmeluch/NMDC/nom_processing/monet_nom_batch_1/raw/QC_SRFAII_23_01_20ppm_r2_Mag_04Jan24_300SA_p01_54_1_14531.d
60923_5_T_2_WEOM_r3_Mag_04Jan24_300SA_p01_37_1_14637.d,/home/bmeluch/NMDC/nom_processing/monet_nom_batch_1/raw/60923_5_T_2_WEOM_r3_Mag_04Jan24_300SA_p01_37_1_14637.d,False,/home/bmeluch/NMDC/nom_processing/monet_nom_batch_1/raw/QC_SRFAII_23_01_20ppm_r3_Mag_04Jan24_300SA_p01_52_1_14621.d
60923_5_T_3_WEOM_r1_Mag_04Jan24_300SA_p01_17_1_14498.d,/home/bmeluch/NMDC/nom_processing/monet_nom_batch_1/raw/60923_5_T_3_WEOM_r1_Mag_04Jan24_300SA_p01_17_1_14498.d,False,/home/bmeluch/NMDC/nom_processing/monet_nom_batch_1/raw/QC_SRFAII_23_01_20ppm_r1_Mag_04Jan24_300SA_p01_54_1_14484.d
60923_5_T_3_WEOM_r2_Mag_04Jan24_300SA_p01_17_1_14570.d,/home/bmeluch/NMDC/nom_processing/monet_nom_batch_1/raw/60923_5_T_3_WEOM_r2_Mag_04Jan24_300SA_p01_17_1_14570.d,False,/home/bmeluch/NMDC/nom_processing/monet_nom_batch_1/raw/QC_SRFAII_23_01_20ppm_r2_Mag_04Jan24_300SA_p01_52_1_14552.d
60923_5_T_3_WEOM_r3_Mag_04Jan24_300SA_p01_17_1_14687.d,/home/bmeluch/NMDC/nom_processing/monet_nom_batch_1/raw/60923_5_T_3_WEOM_r3_Mag_04Jan24_300SA_p01_17_1_14687.d,False,/home/bmeluch/NMDC/nom_processing/monet_nom_batch_1/raw/QC_SRFAII_23_01_20ppm_r3_Mag_04Jan24_300SA_p01_52_1_14665.d
60923_6_B_1_WEOM_r1_Mag_04Jan24_300SA_p01_12_1_14421.d,/home/bmeluch/NMDC/nom_processing/monet_nom_batch_1/raw/60923_6_B_1_WEOM_r1_Mag_04Jan24_300SA_p01_12_1_14421.d,False,/home/bmeluch/NMDC/nom_processing/monet_nom_batch_1/raw/QC_SRFAII_23_01_20ppm_r0_Mag_04Jan24_300SA_p01_54_1_14418.d
60923_6_B_1_WEOM_r2_Mag_04Jan24_300SA_p01_12_1_14539.d,/home/bmeluch/NMDC/nom_processing/monet_nom_batch_1/raw/60923_6_B_1_WEOM_r2_Mag_04Jan24_300SA_p01_12_1_14539.d,False,/home/bmeluch/NMDC/nom_processing/monet_nom_batch_1/raw/QC_SRFAII_23_01_20ppm_r2_Mag_04Jan24_300SA_p01_54_1_14531.d
60923_6_B_1_WEOM_r3_Mag_04Jan24_300SA_p01_12_1_14615.d,/home/bmeluch/NMDC/nom_processing/monet_nom_batch_1/raw/60923_6_B_1_WEOM_r3_Mag_04Jan24_300SA_p01_12_1_14615.d,False,/home/bmeluch/NMDC/nom_processing/monet_nom_batch_1/raw/QC_SRFAII_23_01_20ppm_r2_Mag_04Jan24_300SA_p01_52_1_14598.d
60923_6_B_2_WEOM_r1_Mag_04Jan24_300SA_p01_40_1_14454.d,/home/bmeluch/NMDC/nom_processing/monet_nom_batch_1/raw/60923_6_B_2_WEOM_r1_Mag_04Jan24_300SA_p01_40_1_14454.d,False,/home/bmeluch/NMDC/nom_processing/monet_nom_batch_1/raw/QC_SRFAII_23_01_20ppm_r1_Mag_04Jan24_300SA_p01_54_1_14440.d
60923_6_B_2_WEOM_r2_Mag_04Jan24_300SA_p01_40_1_14556.d,/home/bmeluch/NMDC/nom_processing/monet_nom_batch_1/raw/60923_6_B_2_WEOM_r2_Mag_04Jan24_300SA_p01_40_1_14556.d,False,/home/bmeluch/NMDC/nom_processing/monet_nom_batch_1/raw/QC_SRFAII_23_01_20ppm_r2_Mag_04Jan24_300SA_p01_52_1_14552.d
60923_6_B_2_WEOM_r3_Mag_04Jan24_300SA_p01_40_1_14642.d,/home/bmeluch/NMDC/nom_processing/monet_nom_batch_1/raw/60923_6_B_2_WEOM_r3_Mag_04Jan24_300SA_p01_40_1_14642.d,False,/home/bmeluch/NMDC/nom_processing/monet_nom_batch_1/raw/QC_SRFAII_23_01_20ppm_r3_Mag_04Jan24_300SA_p01_52_1_14621.d
60923_6_B_3_WEOM_r1_Mag_04Jan24_300SA_p01_20_1_14496.d,/home/bmeluch/NMDC/nom_processing/monet_nom_batch_1/raw/60923_6_B_3_WEOM_r1_Mag_04Jan24_300SA_p01_20_1_14496.d,False,/home/bmeluch/NMDC/nom_processing/monet_nom_batch_1/raw/QC_SRFAII_23_01_20ppm_r1_Mag_04Jan24_300SA_p01_54_1_14484.d
60923_6_B_3_WEOM_r2_Mag_04Jan24_300SA_p01_20_1_14584.d,/home/bmeluch/NMDC/nom_processing/monet_nom_batch_1/raw/60923_6_B_3_WEOM_r2_Mag_04Jan24_300SA_p01_20_1_14584.d,False,/home/bmeluch/NMDC/nom_processing/monet_nom_batch_1/raw/QC_SRFAII_23_01_20ppm_r2_Mag_04Jan24_300SA_p01_52_1_14575.d
60923_6_B_3_WEOM_r3_Mag_04Jan24_300SA_p01_20_1_14680.d,/home/bmeluch/NMDC/nom_processing/monet_nom_batch_1/raw/60923_6_B_3_WEOM_r3_Mag_04Jan24_300SA_p01_20_1_14680.d,False,/home/bmeluch/NMDC/nom_processing/monet_nom_batch_1/raw/QC_SRFAII_23_01_20ppm_r3_Mag_04Jan24_300SA_p01_52_1_14665.d
60923_6_T_1_WEOM_r1_Mag_04Jan24_300SA_p01_11_1_14444.d,/home/bmeluch/NMDC/nom_processing/monet_nom_batch_1/raw/60923_6_T_1_WEOM_r1_Mag_04Jan24_300SA_p01_11_1_14444.d,False,/home/bmeluch/NMDC/nom_processing/monet_nom_batch_1/raw/QC_SRFAII_23_01_20ppm_r1_Mag_04Jan24_300SA_p01_54_1_14440.d
60923_6_T_1_WEOM_r2_Mag_04Jan24_300SA_p01_11_1_14535.d,/home/bmeluch/NMDC/nom_processing/monet_nom_batch_1/raw/60923_6_T_1_WEOM_r2_Mag_04Jan24_300SA_p01_11_1_14535.d,False,/home/bmeluch/NMDC/nom_processing/monet_nom_batch_1/raw/QC_SRFAII_23_01_20ppm_r2_Mag_04Jan24_300SA_p01_54_1_14531.d
60923_6_T_1_WEOM_r3_Mag_04Jan24_300SA_p01_11_1_14623.d,/home/bmeluch/NMDC/nom_processing/monet_nom_batch_1/raw/60923_6_T_1_WEOM_r3_Mag_04Jan24_300SA_p01_11_1_14623.d,False,/home/bmeluch/NMDC/nom_processing/monet_nom_batch_1/raw/QC_SRFAII_23_01_20ppm_r3_Mag_04Jan24_300SA_p01_52_1_14621.d
60923_6_T_2_WEOM_r1_Mag_04Jan24_300SA_p01_39_1_14477.d,/home/bmeluch/NMDC/nom_processing/monet_nom_batch_1/raw/60923_6_T_2_WEOM_r1_Mag_04Jan24_300SA_p01_39_1_14477.d,False,/home/bmeluch/NMDC/nom_processing/monet_nom_batch_1/raw/QC_SRFAII_23_01_20ppm_r1_Mag_04Jan24_300SA_p01_54_1_14462.d
60923_6_T_2_WEOM_r2_Mag_04Jan24_300SA_p01_39_1_14565.d,/home/bmeluch/NMDC/nom_processing/monet_nom_batch_1/raw/60923_6_T_2_WEOM_r2_Mag_04Jan24_300SA_p01_39_1_14565.d,False,/home/bmeluch/NMDC/nom_processing/monet_nom_batch_1/raw/QC_SRFAII_23_01_20ppm_r2_Mag_04Jan24_300SA_p01_52_1_14552.d
60923_6_T_2_WEOM_r3_Mag_04Jan24_300SA_p01_39_1_14645.d,/home/bmeluch/NMDC/nom_processing/monet_nom_batch_1/raw/60923_6_T_2_WEOM_r3_Mag_04Jan24_300SA_p01_39_1_14645.d,False,/home/bmeluch/NMDC/nom_processing/monet_nom_batch_1/raw/QC_SRFAII_23_01_20ppm_r3_Mag_04Jan24_300SA_p01_52_1_14643.d
60923_6_T_3_WEOM_r1_Mag_04Jan24_300SA_p01_19_1_14482.d,/home/bmeluch/NMDC/nom_processing/monet_nom_batch_1/raw/60923_6_T_3_WEOM_r1_Mag_04Jan24_300SA_p01_19_1_14482.d,False,/home/bmeluch/NMDC/nom_processing/monet_nom_batch_1/raw/QC_SRFAII_23_01_20ppm_r1_Mag_04Jan24_300SA_p01_54_1_14462.d
60923_6_T_3_WEOM_r2_Mag_04Jan24_300SA_p01_19_1_14578.d,/home/bmeluch/NMDC/nom_processing/monet_nom_batch_1/raw/60923_6_T_3_WEOM_r2_Mag_04Jan24_300SA_p01_19_1_14578.d,False,/home/bmeluch/NMDC/nom_processing/monet_nom_batch_1/raw/QC_SRFAII_23_01_20ppm_r2_Mag_04Jan24_300SA_p01_52_1_14575.d
60923_6_T_3_WEOM_r3_Mag_04Jan24_300SA_p01_19_1_14676.d,/home/bmeluch/NMDC/nom_processing/monet_nom_batch_1/raw/60923_6_T_3_WEOM_r3_Mag_04Jan24_300SA_p01_19_1_14676.d,False,/home/bmeluch/NMDC/nom_processing/monet_nom_batch_1/raw/QC_SRFAII_23_01_20ppm_r3_Mag_04Jan24_300SA_p01_52_1_14665.d
60923_7_B_1_WEOM_r1_Mag_04Jan24_300SA_p01_14_1_14434.d,/home/bmeluch/NMDC/nom_processing/monet_nom_batch_1/raw/60923_7_B_1_WEOM_r1_Mag_04Jan24_300SA_p01_14_1_14434.d,False,/home/bmeluch/NMDC/nom_processing/monet_nom_batch_1/raw/QC_SRFAII_23_01_20ppm_r0_Mag_04Jan24_300SA_p01_54_1_14418.d
60923_7_B_1_WEOM_r2_Mag_04Jan24_300SA_p01_14_1_14521.d,/home/bmeluch/NMDC/nom_processing/monet_nom_batch_1/raw/60923_7_B_1_WEOM_r2_Mag_04Jan24_300SA_p01_14_1_14521.d,False,/home/bmeluch/NMDC/nom_processing/monet_nom_batch_1/raw/QC_SRFAII_23_01_20ppm_r1_Mag_04Jan24_300SA_p01_54_1_14508.d
60923_7_B_1_WEOM_r3_Mag_04Jan24_300SA_p01_14_1_14607.d,/home/bmeluch/NMDC/nom_processing/monet_nom_batch_1/raw/60923_7_B_1_WEOM_r3_Mag_04Jan24_300SA_p01_14_1_14607.d,False,/home/bmeluch/NMDC/nom_processing/monet_nom_batch_1/raw/QC_SRFAII_23_01_20ppm_r2_Mag_04Jan24_300SA_p01_52_1_14598.d
60923_7_B_3_WEOM_r1_Mag_04Jan24_300SA_p01_22_1_14489.d,/home/bmeluch/NMDC/nom_processing/monet_nom_batch_1/raw/60923_7_B_3_WEOM_r1_Mag_04Jan24_300SA_p01_22_1_14489.d,False,/home/bmeluch/NMDC/nom_processing/monet_nom_batch_1/raw/QC_SRFAII_23_01_20ppm_r1_Mag_04Jan24_300SA_p01_54_1_14484.d
60923_7_B_3_WEOM_r2_Mag_04Jan24_300SA_p01_22_1_14593.d,/home/bmeluch/NMDC/nom_processing/monet_nom_batch_1/raw/60923_7_B_3_WEOM_r2_Mag_04Jan24_300SA_p01_22_1_14593.d,False,/home/bmeluch/NMDC/nom_processing/monet_nom_batch_1/raw/QC_SRFAII_23_01_20ppm_r2_Mag_04Jan24_300SA_p01_52_1_14575.d
60923_7_B_3_WEOM_r3_Mag_04Jan24_300SA_p01_22_1_14662.d,/home/bmeluch/NMDC/nom_processing/monet_nom_batch_1/raw/60923_7_B_3_WEOM_r3_Mag_04Jan24_300SA_p01_22_1_14662.d,False,/home/bmeluch/NMDC/nom_processing/monet_nom_batch_1/raw/QC_SRFAII_23_01_20ppm_r3_Mag_04Jan24_300SA_p01_52_1_14643.d
60923_7_T_1_WEOM_r1_Mag_04Jan24_300SA_p01_13_1_14436.d,/home/bmeluch/NMDC/nom_processing/monet_nom_batch_1/raw/60923_7_T_1_WEOM_r1_Mag_04Jan24_300SA_p01_13_1_14436.d,False,/home/bmeluch/NMDC/nom_processing/monet_nom_batch_1/raw/QC_SRFAII_23_01_20ppm_r0_Mag_04Jan24_300SA_p01_54_1_14418.d
60923_7_T_1_WEOM_r2_Mag_04Jan24_300SA_p01_13_1_14517.d,/home/bmeluch/NMDC/nom_processing/monet_nom_batch_1/raw/60923_7_T_1_WEOM_r2_Mag_04Jan24_300SA_p01_13_1_14517.d,False,/home/bmeluch/NMDC/nom_processing/monet_nom_batch_1/raw/QC_SRFAII_23_01_20ppm_r1_Mag_04Jan24_300SA_p01_54_1_14508.d
60923_7_T_1_WEOM_r3_Mag_04Jan24_300SA_p01_13_1_14626.d,/home/bmeluch/NMDC/nom_processing/monet_nom_batch_1/raw/60923_7_T_1_WEOM_r3_Mag_04Jan24_300SA_p01_13_1_14626.d,False,/home/bmeluch/NMDC/nom_processing/monet_nom_batch_1/raw/QC_SRFAII_23_01_20ppm_r3_Mag_04Jan24_300SA_p01_52_1_14621.d
60923_7_T_2_WEOM_r1_Mag_04Jan24_300SA_p01_41_1_14460.d,/home/bmeluch/NMDC/nom_processing/monet_nom_batch_1/raw/60923_7_T_2_WEOM_r1_Mag_04Jan24_300SA_p01_41_1_14460.d,False,/home/bmeluch/NMDC/nom_processing/monet_nom_batch_1/raw/QC_SRFAII_23_01_20ppm_r1_Mag_04Jan24_300SA_p01_54_1_14440.d
60923_7_T_2_WEOM_r2_Mag_04Jan24_300SA_p01_41_1_14555.d,/home/bmeluch/NMDC/nom_processing/monet_nom_batch_1/raw/60923_7_T_2_WEOM_r2_Mag_04Jan24_300SA_p01_41_1_14555.d,False,/home/bmeluch/NMDC/nom_processing/monet_nom_batch_1/raw/QC_SRFAII_23_01_20ppm_r2_Mag_04Jan24_300SA_p01_52_1_14552.d
60923_7_T_2_WEOM_r3_Mag_04Jan24_300SA_p01_41_1_14634.d,/home/bmeluch/NMDC/nom_processing/monet_nom_batch_1/raw/60923_7_T_2_WEOM_r3_Mag_04Jan24_300SA_p01_41_1_14634.d,False,/home/bmeluch/NMDC/nom_processing/monet_nom_batch_1/raw/QC_SRFAII_23_01_20ppm_r3_Mag_04Jan24_300SA_p01_52_1_14621.d
60923_7_T_3_WEOM_r1_Mag_04Jan24_300SA_p01_21_1_14478.d,/home/bmeluch/NMDC/nom_processing/monet_nom_batch_1/raw/60923_7_T_3_WEOM_r1_Mag_04Jan24_300SA_p01_21_1_14478.d,False,/home/bmeluch/NMDC/nom_processing/monet_nom_batch_1/raw/QC_SRFAII_23_01_20ppm_r1_Mag_04Jan24_300SA_p01_54_1_14462.d
60923_7_T_3_WEOM_r2_Mag_04Jan24_300SA_p01_21_1_14587.d,/home/bmeluch/NMDC/nom_processing/monet_nom_batch_1/raw/60923_7_T_3_WEOM_r2_Mag_04Jan24_300SA_p01_21_1_14587.d,False,/home/bmeluch/NMDC/nom_processing/monet_nom_batch_1/raw/QC_SRFAII_23_01_20ppm_r2_Mag_04Jan24_300SA_p01_52_1_14575.d
60923_7_T_3_WEOM_r3_Mag_04Jan24_300SA_p01_21_1_14669.d,/home/bmeluch/NMDC/nom_processing/monet_nom_batch_1/raw/60923_7_T_3_WEOM_r3_Mag_04Jan24_300SA_p01_21_1_14669.d,False,/home/bmeluch/NMDC/nom_processing/monet_nom_batch_1/raw/QC_SRFAII_23_01_20ppm_r3_Mag_04Jan24_300SA_p01_52_1_14665.d
60923_8_B_1_WEOM_r1_Mag_04Jan24_300SA_p01_16_1_14430.d,/home/bmeluch/NMDC/nom_processing/monet_nom_batch_1/raw/60923_8_B_1_WEOM_r1_Mag_04Jan24_300SA_p01_16_1_14430.d,False,/home/bmeluch/NMDC/nom_processing/monet_nom_batch_1/raw/QC_SRFAII_23_01_20ppm_r0_Mag_04Jan24_300SA_p01_54_1_14418.d
60923_8_B_1_WEOM_r2_Mag_04Jan24_300SA_p01_16_1_14530.d,/home/bmeluch/NMDC/nom_processing/monet_nom_batch_1/raw/60923_8_B_1_WEOM_r2_Mag_04Jan24_300SA_p01_16_1_14530.d,False,/home/bmeluch/NMDC/nom_processing/monet_nom_batch_1/raw/QC_SRFAII_23_01_20ppm_r1_Mag_04Jan24_300SA_p01_54_1_14508.d
60923_8_B_1_WEOM_r3_Mag_04Jan24_300SA_p01_16_1_14618.d,/home/bmeluch/NMDC/nom_processing/monet_nom_batch_1/raw/60923_8_B_1_WEOM_r3_Mag_04Jan24_300SA_p01_16_1_14618.d,False,/home/bmeluch/NMDC/nom_processing/monet_nom_batch_1/raw/QC_SRFAII_23_01_20ppm_r2_Mag_04Jan24_300SA_p01_52_1_14598.d
60923_8_B_2_WEOM_r1_Mag_04Jan24_300SA_p01_44_1_14464.d,/home/bmeluch/NMDC/nom_processing/monet_nom_batch_1/raw/60923_8_B_2_WEOM_r1_Mag_04Jan24_300SA_p01_44_1_14464.d,False,/home/bmeluch/NMDC/nom_processing/monet_nom_batch_1/raw/QC_SRFAII_23_01_20ppm_r1_Mag_04Jan24_300SA_p01_54_1_14462.d
60923_8_B_2_WEOM_r2_Mag_04Jan24_300SA_p01_44_1_14564.d,/home/bmeluch/NMDC/nom_processing/monet_nom_batch_1/raw/60923_8_B_2_WEOM_r2_Mag_04Jan24_300SA_p01_44_1_14564.d,False,/home/bmeluch/NMDC/nom_processing/monet_nom_batch_1/raw/QC_SRFAII_23_01_20ppm_r2_Mag_04Jan24_300SA_p01_52_1_14552.d
60923_8_B_2_WEOM_r3_Mag_04Jan24_300SA_p01_44_1_14647.d,/home/bmeluch/NMDC/nom_processing/monet_nom_batch_1/raw/60923_8_B_2_WEOM_r3_Mag_04Jan24_300SA_p01_44_1_14647.d,False,/home/bmeluch/NMDC/nom_processing/monet_nom_batch_1/raw/QC_SRFAII_23_01_20ppm_r3_Mag_04Jan24_300SA_p01_52_1_14643.d
60923_8_B_3_WEOM_r1_Mag_04Jan24_300SA_p01_24_1_14501.d,/home/bmeluch/NMDC/nom_processing/monet_nom_batch_1/raw/60923_8_B_3_WEOM_r1_Mag_04Jan24_300SA_p01_24_1_14501.d,False,/home/bmeluch/NMDC/nom_processing/monet_nom_batch_1/raw/QC_SRFAII_23_01_20ppm_r1_Mag_04Jan24_300SA_p01_54_1_14484.d
60923_8_B_3_WEOM_r2_Mag_04Jan24_300SA_p01_24_1_14597.d,/home/bmeluch/NMDC/nom_processing/monet_nom_batch_1/raw/60923_8_B_3_WEOM_r2_Mag_04Jan24_300SA_p01_24_1_14597.d,False,/home/bmeluch/NMDC/nom_processing/monet_nom_batch_1/raw/QC_SRFAII_23_01_20ppm_r2_Mag_04Jan24_300SA_p01_52_1_14575.d
60923_8_B_3_WEOM_r3_Mag_04Jan24_300SA_p01_24_1_14663.d,/home/bmeluch/NMDC/nom_processing/monet_nom_batch_1/raw/60923_8_B_3_WEOM_r3_Mag_04Jan24_300SA_p01_24_1_14663.d,False,/home/bmeluch/NMDC/nom_processing/monet_nom_batch_1/raw/QC_SRFAII_23_01_20ppm_r3_Mag_04Jan24_300SA_p01_52_1_14643.d
60923_8_T_1_WEOM_r1_Mag_04Jan24_300SA_p01_15_1_14446.d,/home/bmeluch/NMDC/nom_processing/monet_nom_batch_1/raw/60923_8_T_1_WEOM_r1_Mag_04Jan24_300SA_p01_15_1_14446.d,False,/home/bmeluch/NMDC/nom_processing/monet_nom_batch_1/raw/QC_SRFAII_23_01_20ppm_r1_Mag_04Jan24_300SA_p01_54_1_14440.d
60923_8_T_1_WEOM_r2_Mag_04Jan24_300SA_p01_15_1_14516.d,/home/bmeluch/NMDC/nom_processing/monet_nom_batch_1/raw/60923_8_T_1_WEOM_r2_Mag_04Jan24_300SA_p01_15_1_14516.d,False,/home/bmeluch/NMDC/nom_processing/monet_nom_batch_1/raw/QC_SRFAII_23_01_20ppm_r1_Mag_04Jan24_300SA_p01_54_1_14508.d
60923_8_T_1_WEOM_r3_Mag_04Jan24_300SA_p01_15_1_14629.d,/home/bmeluch/NMDC/nom_processing/monet_nom_batch_1/raw/60923_8_T_1_WEOM_r3_Mag_04Jan24_300SA_p01_15_1_14629.d,False,/home/bmeluch/NMDC/nom_processing/monet_nom_batch_1/raw/QC_SRFAII_23_01_20ppm_r3_Mag_04Jan24_300SA_p01_52_1_14621.d
60923_8_T_2_WEOM_r1_Mag_04Jan24_300SA_p01_43_1_14473.d,/home/bmeluch/NMDC/nom_processing/monet_nom_batch_1/raw/60923_8_T_2_WEOM_r1_Mag_04Jan24_300SA_p01_43_1_14473.d,False,/home/bmeluch/NMDC/nom_processing/monet_nom_batch_1/raw/QC_SRFAII_23_01_20ppm_r1_Mag_04Jan24_300SA_p01_54_1_14462.d
60923_8_T_2_WEOM_r2_Mag_04Jan24_300SA_p01_43_1_14549.d,/home/bmeluch/NMDC/nom_processing/monet_nom_batch_1/raw/60923_8_T_2_WEOM_r2_Mag_04Jan24_300SA_p01_43_1_14549.d,False,/home/bmeluch/NMDC/nom_processing/monet_nom_batch_1/raw/QC_SRFAII_23_01_20ppm_r2_Mag_04Jan24_300SA_p01_54_1_14531.d
60923_8_T_2_WEOM_r3_Mag_04Jan24_300SA_p01_43_1_14652.d,/home/bmeluch/NMDC/nom_processing/monet_nom_batch_1/raw/60923_8_T_2_WEOM_r3_Mag_04Jan24_300SA_p01_43_1_14652.d,False,/home/bmeluch/NMDC/nom_processing/monet_nom_batch_1/raw/QC_SRFAII_23_01_20ppm_r3_Mag_04Jan24_300SA_p01_52_1_14643.d
60923_8_T_3_WEOM_r1_Mag_04Jan24_300SA_p01_23_1_14495.d,/home/bmeluch/NMDC/nom_processing/monet_nom_batch_1/raw/60923_8_T_3_WEOM_r1_Mag_04Jan24_300SA_p01_23_1_14495.d,False,/home/bmeluch/NMDC/nom_processing/monet_nom_batch_1/raw/QC_SRFAII_23_01_20ppm_r1_Mag_04Jan24_300SA_p01_54_1_14484.d
60923_8_T_3_WEOM_r2_Mag_04Jan24_300SA_p01_23_1_14571.d,/home/bmeluch/NMDC/nom_processing/monet_nom_batch_1/raw/60923_8_T_3_WEOM_r2_Mag_04Jan24_300SA_p01_23_1_14571.d,False,/home/bmeluch/NMDC/nom_processing/monet_nom_batch_1/raw/QC_SRFAII_23_01_20ppm_r2_Mag_04Jan24_300SA_p01_52_1_14552.d
60923_8_T_3_WEOM_r3_Mag_04Jan24_300SA_p01_23_1_14682.d,/home/bmeluch/NMDC/nom_processing/monet_nom_batch_1/raw/60923_8_T_3_WEOM_r3_Mag_04Jan24_300SA_p01_23_1_14682.d,False,/home/bmeluch/NMDC/nom_processing/monet_nom_batch_1/raw/QC_SRFAII_23_01_20ppm_r3_Mag_04Jan24_300SA_p01_52_1_14665.d
60923_9_B_1_WEOM_r1_Mag_04Jan24_300SA_p01_18_1_14422.d,/home/bmeluch/NMDC/nom_processing/monet_nom_batch_1/raw/60923_9_B_1_WEOM_r1_Mag_04Jan24_300SA_p01_18_1_14422.d,False,/home/bmeluch/NMDC/nom_processing/monet_nom_batch_1/raw/QC_SRFAII_23_01_20ppm_r0_Mag_04Jan24_300SA_p01_54_1_14418.d
60923_9_B_1_WEOM_r2_Mag_04Jan24_300SA_p01_18_1_14514.d,/home/bmeluch/NMDC/nom_processing/monet_nom_batch_1/raw/60923_9_B_1_WEOM_r2_Mag_04Jan24_300SA_p01_18_1_14514.d,False,/home/bmeluch/NMDC/nom_processing/monet_nom_batch_1/raw/QC_SRFAII_23_01_20ppm_r1_Mag_04Jan24_300SA_p01_54_1_14508.d
60923_9_B_1_WEOM_r3_Mag_04Jan24_300SA_p01_18_1_14612.d,/home/bmeluch/NMDC/nom_processing/monet_nom_batch_1/raw/60923_9_B_1_WEOM_r3_Mag_04Jan24_300SA_p01_18_1_14612.d,False,/home/bmeluch/NMDC/nom_processing/monet_nom_batch_1/raw/QC_SRFAII_23_01_20ppm_r2_Mag_04Jan24_300SA_p01_52_1_14598.d
60923_9_B_2_WEOM_r1_Mag_04Jan24_300SA_p01_46_1_14469.d,/home/bmeluch/NMDC/nom_processing/monet_nom_batch_1/raw/60923_9_B_2_WEOM_r1_Mag_04Jan24_300SA_p01_46_1_14469.d,False,/home/bmeluch/NMDC/nom_processing/monet_nom_batch_1/raw/QC_SRFAII_23_01_20ppm_r1_Mag_04Jan24_300SA_p01_54_1_14462.d
60923_9_B_2_WEOM_r2_Mag_04Jan24_300SA_p01_46_1_14554.d,/home/bmeluch/NMDC/nom_processing/monet_nom_batch_1/raw/60923_9_B_2_WEOM_r2_Mag_04Jan24_300SA_p01_46_1_14554.d,False,/home/bmeluch/NMDC/nom_processing/monet_nom_batch_1/raw/QC_SRFAII_23_01_20ppm_r2_Mag_04Jan24_300SA_p01_52_1_14552.d
60923_9_B_2_WEOM_r3_Mag_04Jan24_300SA_p01_46_1_14653.d,/home/bmeluch/NMDC/nom_processing/monet_nom_batch_1/raw/60923_9_B_2_WEOM_r3_Mag_04Jan24_300SA_p01_46_1_14653.d,False,/home/bmeluch/NMDC/nom_processing/monet_nom_batch_1/raw/QC_SRFAII_23_01_20ppm_r3_Mag_04Jan24_300SA_p01_52_1_14643.d
60923_9_B_3_WEOM_r1_Mag_04Jan24_300SA_p01_26_1_14506.d,/home/bmeluch/NMDC/nom_processing/monet_nom_batch_1/raw/60923_9_B_3_WEOM_r1_Mag_04Jan24_300SA_p01_26_1_14506.d,False,/home/bmeluch/NMDC/nom_processing/monet_nom_batch_1/raw/QC_SRFAII_23_01_20ppm_r1_Mag_04Jan24_300SA_p01_54_1_14484.d
60923_9_B_3_WEOM_r2_Mag_04Jan24_300SA_p01_26_1_14588.d,/home/bmeluch/NMDC/nom_processing/monet_nom_batch_1/raw/60923_9_B_3_WEOM_r2_Mag_04Jan24_300SA_p01_26_1_14588.d,False,/home/bmeluch/NMDC/nom_processing/monet_nom_batch_1/raw/QC_SRFAII_23_01_20ppm_r2_Mag_04Jan24_300SA_p01_52_1_14575.d
60923_9_B_3_WEOM_r3_Mag_04Jan24_300SA_p01_26_1_14675.d,/home/bmeluch/NMDC/nom_processing/monet_nom_batch_1/raw/60923_9_B_3_WEOM_r3_Mag_04Jan24_300SA_p01_26_1_14675.d,False,/home/bmeluch/NMDC/nom_processing/monet_nom_batch_1/raw/QC_SRFAII_23_01_20ppm_r3_Mag_04Jan24_300SA_p01_52_1_14665.d
60923_9_T_1_WEOM_r1_Mag_04Jan24_300SA_p01_17_1_14429.d,/home/bmeluch/NMDC/nom_processing/monet_nom_batch_1/raw/60923_9_T_1_WEOM_r1_Mag_04Jan24_300SA_p01_17_1_14429.d,False,/home/bmeluch/NMDC/nom_processing/monet_nom_batch_1/raw/QC_SRFAII_23_01_20ppm_r0_Mag_04Jan24_300SA_p01_54_1_14418.d
60923_9_T_1_WEOM_r2_Mag_04Jan24_300SA_p01_17_1_14529.d,/home/bmeluch/NMDC/nom_processing/monet_nom_batch_1/raw/60923_9_T_1_WEOM_r2_Mag_04Jan24_300SA_p01_17_1_14529.d,False,/home/bmeluch/NMDC/nom_processing/monet_nom_batch_1/raw/QC_SRFAII_23_01_20ppm_r1_Mag_04Jan24_300SA_p01_54_1_14508.d
60923_9_T_1_WEOM_r3_Mag_04Jan24_300SA_p01_17_1_14604.d,/home/bmeluch/NMDC/nom_processing/monet_nom_batch_1/raw/60923_9_T_1_WEOM_r3_Mag_04Jan24_300SA_p01_17_1_14604.d,False,/home/bmeluch/NMDC/nom_processing/monet_nom_batch_1/raw/QC_SRFAII_23_01_20ppm_r2_Mag_04Jan24_300SA_p01_52_1_14598.d
60923_9_T_2_WEOM_r1_Mag_04Jan24_300SA_p01_45_1_14466.d,/home/bmeluch/NMDC/nom_processing/monet_nom_batch_1/raw/60923_9_T_2_WEOM_r1_Mag_04Jan24_300SA_p01_45_1_14466.d,False,/home/bmeluch/NMDC/nom_processing/monet_nom_batch_1/raw/QC_SRFAII_23_01_20ppm_r1_Mag_04Jan24_300SA_p01_54_1_14462.d
60923_9_T_2_WEOM_r2_Mag_04Jan24_300SA_p01_45_1_14559.d,/home/bmeluch/NMDC/nom_processing/monet_nom_batch_1/raw/60923_9_T_2_WEOM_r2_Mag_04Jan24_300SA_p01_45_1_14559.d,False,/home/bmeluch/NMDC/nom_processing/monet_nom_batch_1/raw/QC_SRFAII_23_01_20ppm_r2_Mag_04Jan24_300SA_p01_52_1_14552.d
60923_9_T_2_WEOM_r3_Mag_04Jan24_300SA_p01_45_1_14651.d,/home/bmeluch/NMDC/nom_processing/monet_nom_batch_1/raw/60923_9_T_2_WEOM_r3_Mag_04Jan24_300SA_p01_45_1_14651.d,False,/home/bmeluch/NMDC/nom_processing/monet_nom_batch_1/raw/QC_SRFAII_23_01_20ppm_r3_Mag_04Jan24_300SA_p01_52_1_14643.d
60923_9_T_3_WEOM_r1_Mag_04Jan24_300SA_p01_25_1_14492.d,/home/bmeluch/NMDC/nom_processing/monet_nom_batch_1/raw/60923_9_T_3_WEOM_r1_Mag_04Jan24_300SA_p01_25_1_14492.d,False,/home/bmeluch/NMDC/nom_processing/monet_nom_batch_1/raw/QC_SRFAII_23_01_20ppm_r1_Mag_04Jan24_300SA_p01_54_1_14484.d
60923_9_T_3_WEOM_r2_Mag_04Jan24_300SA_p01_25_1_14591.d,/home/bmeluch/NMDC/nom_processing/monet_nom_batch_1/raw/60923_9_T_3_WEOM_r2_Mag_04Jan24_300SA_p01_25_1_14591.d,False,/home/bmeluch/NMDC/nom_processing/monet_nom_batch_1/raw/QC_SRFAII_23_01_20ppm_r2_Mag_04Jan24_300SA_p01_52_1_14575.d
60923_9_T_3_WEOM_r3_Mag_04Jan24_300SA_p01_25_1_14664.d,/home/bmeluch/NMDC/nom_processing/monet_nom_batch_1/raw/60923_9_T_3_WEOM_r3_Mag_04Jan24_300SA_p01_25_1_14664.d,False,/home/bmeluch/NMDC/nom_processing/monet_nom_batch_1/raw/QC_SRFAII_23_01_20ppm_r3_Mag_04Jan24_300SA_p01_52_1_14643.d
QC_SRFAII_20ppm_04Jan24_Mag_2w_8M_300SA_p01_54_1_14411.d,/home/bmeluch/NMDC/nom_processing/monet_nom_batch_1/raw/QC_SRFAII_20ppm_04Jan24_Mag_2w_8M_300SA_p01_54_1_14411.d,True,/home/bmeluch/NMDC/nom_processing/monet_nom_batch_1/raw/QC_SRFAII_20ppm_04Jan24_Mag_2w_8M_300SA_p01_54_1_14411.d
QC_SRFAII_20ppm_04Jan24_Mag_2w_8M_300SA_p01_54_1_14412.d,/home/bmeluch/NMDC/nom_processing/monet_nom_batch_1/raw/QC_SRFAII_20ppm_04Jan24_Mag_2w_8M_300SA_p01_54_1_14412.d,True,/home/bmeluch/NMDC/nom_processing/monet_nom_batch_1/raw/QC_SRFAII_20ppm_04Jan24_Mag_2w_8M_300SA_p01_54_1_14412.d
QC_SRFAII_20ppm_04Jan24_Mag_2w_8M_300SA_p01_54_1_14413.d,/home/bmeluch/NMDC/nom_processing/monet_nom_batch_1/raw/QC_SRFAII_20ppm_04Jan24_Mag_2w_8M_300SA_p01_54_1_14413.d,True,/home/bmeluch/NMDC/nom_processing/monet_nom_batch_1/raw/QC_SRFAII_20ppm_04Jan24_Mag_2w_8M_300SA_p01_54_1_14413.d
QC_SRFAII_20ppm_04Jan24_Mag_2w_8M_300SA_p01_54_1_14414.d,/home/bmeluch/NMDC/nom_processing/monet_nom_batch_1/raw/QC_SRFAII_20ppm_04Jan24_Mag_2w_8M_300SA_p01_54_1_14414.d,True,/home/bmeluch/NMDC/nom_processing/monet_nom_batch_1/raw/QC_SRFAII_20ppm_04Jan24_Mag_2w_8M_300SA_p01_54_1_14414.d
QC_SRFAII_20ppm_04Jan24_Mag_2w_8M_300SA_p01_54_1_14415.d,/home/bmeluch/NMDC/nom_processing/monet_nom_batch_1/raw/QC_SRFAII_20ppm_04Jan24_Mag_2w_8M_300SA_p01_54_1_14415.d,True,/home/bmeluch/NMDC/nom_processing/monet_nom_batch_1/raw/QC_SRFAII_20ppm_04Jan24_Mag_2w_8M_300SA_p01_54_1_14415.d
QC_SRFAII_20ppm_04Jan24_Mag_2w_8M_300SA_p01_54_1_14416.d,/home/bmeluch/NMDC/nom_processing/monet_nom_batch_1/raw/QC_SRFAII_20ppm_04Jan24_Mag_2w_8M_300SA_p01_54_1_14416.d,True,/home/bmeluch/NMDC/nom_processing/monet_nom_batch_1/raw/QC_SRFAII_20ppm_04Jan24_Mag_2w_8M_300SA_p01_54_1_14416.d
QC_SRFAII_23_01_10ppm_r0_Mag_12Feb24_300SA_p01_54_1_15025.d,/home/bmeluch/NMDC/nom_processing/monet_nom_batch_1/raw/QC_SRFAII_23_01_10ppm_r0_Mag_12Feb24_300SA_p01_54_1_15025.d,True,/home/bmeluch/NMDC/nom_processing/monet_nom_batch_1/raw/QC_SRFAII_23_01_10ppm_r0_Mag_12Feb24_300SA_p01_54_1_15025.d
QC_SRFAII_23_01_10ppm_r0_Mag_12Feb24_300SA_p01_54_1_15026.d,/home/bmeluch/NMDC/nom_processing/monet_nom_batch_1/raw/QC_SRFAII_23_01_10ppm_r0_Mag_12Feb24_300SA_p01_54_1_15026.d,True,/home/bmeluch/NMDC/nom_processing/monet_nom_batch_1/raw/QC_SRFAII_23_01_10ppm_r0_Mag_12Feb24_300SA_p01_54_1_15026.d
QC_SRFAII_23_01_10ppm_r1_Mag_12Feb24_300SA_p01_54_1_15048.d,/home/bmeluch/NMDC/nom_processing/monet_nom_batch_1/raw/QC_SRFAII_23_01_10ppm_r1_Mag_12Feb24_300SA_p01_54_1_15048.d,True,/home/bmeluch/NMDC/nom_processing/monet_nom_batch_1/raw/QC_SRFAII_23_01_10ppm_r1_Mag_12Feb24_300SA_p01_54_1_15048.d
QC_SRFAII_23_01_10ppm_r1_Mag_12Feb24_300SA_p01_54_1_15070.d,/home/bmeluch/NMDC/nom_processing/monet_nom_batch_1/raw/QC_SRFAII_23_01_10ppm_r1_Mag_12Feb24_300SA_p01_54_1_15070.d,True,/home/bmeluch/NMDC/nom_processing/monet_nom_batch_1/raw/QC_SRFAII_23_01_10ppm_r1_Mag_12Feb24_300SA_p01_54_1_15070.d
QC_SRFAII_23_01_10ppm_r1_Mag_12Feb24_300SA_p01_54_1_15092.d,/home/bmeluch/NMDC/nom_processing/monet_nom_batch_1/raw/QC_SRFAII_23_01_10ppm_r1_Mag_12Feb24_300SA_p01_54_1_15092.d,True,/home/bmeluch/NMDC/nom_processing/monet_nom_batch_1/raw/QC_SRFAII_23_01_10ppm_r1_Mag_12Feb24_300SA_p01_54_1_15092.d
QC_SRFAII_23_01_10ppm_r1_Mag_16Feb24_300SA_p01_54_1_15261.d,/home/bmeluch/NMDC/nom_processing/monet_nom_batch_1/raw/QC_SRFAII_23_01_10ppm_r1_Mag_16Feb24_300SA_p01_54_1_15261.d,True,/home/bmeluch/NMDC/nom_processing/monet_nom_batch_1/raw/QC_SRFAII_23_01_10ppm_r1_Mag_16Feb24_300SA_p01_54_1_15261.d
QC_SRFAII_23_01_10ppm_r1_Mag_16Feb24_300SA_p01_54_1_15281.d,/home/bmeluch/NMDC/nom_processing/monet_nom_batch_1/raw/QC_SRFAII_23_01_10ppm_r1_Mag_16Feb24_300SA_p01_54_1_15281.d,True,/home/bmeluch/NMDC/nom_processing/monet_nom_batch_1/raw/QC_SRFAII_23_01_10ppm_r1_Mag_16Feb24_300SA_p01_54_1_15281.d
QC_SRFAII_23_01_10ppm_r1_Mag_16Feb24_300SA_p01_54_1_15383.d,/home/bmeluch/NMDC/nom_processing/monet_nom_batch_1/raw/QC_SRFAII_23_01_10ppm_r1_Mag_16Feb24_300SA_p01_54_1_15383.d,True,/home/bmeluch/NMDC/nom_processing/monet_nom_batch_1/raw/QC_SRFAII_23_01_10ppm_r1_Mag_16Feb24_300SA_p01_54_1_15383.d
QC_SRFAII_23_01_10ppm_r1_Mag_21Feb24_300SA_p01_54_1_15474.d,/home/bmeluch/NMDC/nom_processing/monet_nom_batch_1/raw/QC_SRFAII_23_01_10ppm_r1_Mag_21Feb24_300SA_p01_54_1_15474.d,True,/home/bmeluch/NMDC/nom_processing/monet_nom_batch_1/raw/QC_SRFAII_23_01_10ppm_r1_Mag_21Feb24_300SA_p01_54_1_15474.d
QC_SRFAII_23_01_10ppm_r1_Mag_21Feb24_300SA_p01_54_1_15534.d,/home/bmeluch/NMDC/nom_processing/monet_nom_batch_1/raw/QC_SRFAII_23_01_10ppm_r1_Mag_21Feb24_300SA_p01_54_1_15534.d,True,/home/bmeluch/NMDC/nom_processing/monet_nom_batch_1/raw/QC_SRFAII_23_01_10ppm_r1_Mag_21Feb24_300SA_p01_54_1_15534.d
QC_SRFAII_23_01_10ppm_r1_Mag_23Feb24_300SA_p01_54_1_16034.d,/home/bmeluch/NMDC/nom_processing/monet_nom_batch_1/raw/QC_SRFAII_23_01_10ppm_r1_Mag_23Feb24_300SA_p01_54_1_16034.d,True,/home/bmeluch/NMDC/nom_processing/monet_nom_batch_1/raw/QC_SRFAII_23_01_10ppm_r1_Mag_23Feb24_300SA_p01_54_1_16034.d
QC_SRFAII_23_01_10ppm_r1_Mag_24Feb24_300SA_p01_54_1_15908.d,/home/bmeluch/NMDC/nom_processing/monet_nom_batch_1/raw/QC_SRFAII_23_01_10ppm_r1_Mag_24Feb24_300SA_p01_54_1_15908.d,True,/home/bmeluch/NMDC/nom_processing/monet_nom_batch_1/raw/QC_SRFAII_23_01_10ppm_r1_Mag_24Feb24_300SA_p01_54_1_15908.d
QC_SRFAII_23_01_10ppm_r2_Mag_12Feb24_300SA_p01_54_1_15114.d,/home/bmeluch/NMDC/nom_processing/monet_nom_batch_1/raw/QC_SRFAII_23_01_10ppm_r2_Mag_12Feb24_300SA_p01_54_1_15114.d,True,/home/bmeluch/NMDC/nom_processing/monet_nom_batch_1/raw/QC_SRFAII_23_01_10ppm_r2_Mag_12Feb24_300SA_p01_54_1_15114.d
QC_SRFAII_23_01_10ppm_r2_Mag_12Feb24_300SA_p01_54_1_15136.d,/home/bmeluch/NMDC/nom_processing/monet_nom_batch_1/raw/QC_SRFAII_23_01_10ppm_r2_Mag_12Feb24_300SA_p01_54_1_15136.d,True,/home/bmeluch/NMDC/nom_processing/monet_nom_batch_1/raw/QC_SRFAII_23_01_10ppm_r2_Mag_12Feb24_300SA_p01_54_1_15136.d
QC_SRFAII_23_01_10ppm_r2_Mag_12Feb24_300SA_p01_54_1_15158.d,/home/bmeluch/NMDC/nom_processing/monet_nom_batch_1/raw/QC_SRFAII_23_01_10ppm_r2_Mag_12Feb24_300SA_p01_54_1_15158.d,True,/home/bmeluch/NMDC/nom_processing/monet_nom_batch_1/raw/QC_SRFAII_23_01_10ppm_r2_Mag_12Feb24_300SA_p01_54_1_15158.d
QC_SRFAII_23_01_10ppm_r2_Mag_16Feb24_300SA_p01_54_1_15301.d,/home/bmeluch/NMDC/nom_processing/monet_nom_batch_1/raw/QC_SRFAII_23_01_10ppm_r2_Mag_16Feb24_300SA_p01_54_1_15301.d,True,/home/bmeluch/NMDC/nom_processing/monet_nom_batch_1/raw/QC_SRFAII_23_01_10ppm_r2_Mag_16Feb24_300SA_p01_54_1_15301.d
QC_SRFAII_23_01_10ppm_r2_Mag_16Feb24_300SA_p01_54_1_15321.d,/home/bmeluch/NMDC/nom_processing/monet_nom_batch_1/raw/QC_SRFAII_23_01_10ppm_r2_Mag_16Feb24_300SA_p01_54_1_15321.d,True,/home/bmeluch/NMDC/nom_processing/monet_nom_batch_1/raw/QC_SRFAII_23_01_10ppm_r2_Mag_16Feb24_300SA_p01_54_1_15321.d
QC_SRFAII_23_01_10ppm_r2_Mag_16Feb24_300SA_p01_54_1_15405.d,/home/bmeluch/NMDC/nom_processing/monet_nom_batch_1/raw/QC_SRFAII_23_01_10ppm_r2_Mag_16Feb24_300SA_p01_54_1_15405.d,True,/home/bmeluch/NMDC/nom_processing/monet_nom_batch_1/raw/QC_SRFAII_23_01_10ppm_r2_Mag_16Feb24_300SA_p01_54_1_15405.d
QC_SRFAII_23_01_10ppm_r2_Mag_21Feb24_300SA_p01_15_1_15907.d,/home/bmeluch/NMDC/nom_processing/monet_nom_batch_1/raw/QC_SRFAII_23_01_10ppm_r2_Mag_21Feb24_300SA_p01_15_1_15907.d,True,/home/bmeluch/NMDC/nom_processing/monet_nom_batch_1/raw/QC_SRFAII_23_01_10ppm_r2_Mag_21Feb24_300SA_p01_15_1_15907.d
QC_SRFAII_23_01_10ppm_r2_Mag_21Feb24_300SA_p01_54_1_15493.d,/home/bmeluch/NMDC/nom_processing/monet_nom_batch_1/raw/QC_SRFAII_23_01_10ppm_r2_Mag_21Feb24_300SA_p01_54_1_15493.d,True,/home/bmeluch/NMDC/nom_processing/monet_nom_batch_1/raw/QC_SRFAII_23_01_10ppm_r2_Mag_21Feb24_300SA_p01_54_1_15493.d
QC_SRFAII_23_01_10ppm_r2_Mag_23Feb24_300SA_p01_54_1_16051.d,/home/bmeluch/NMDC/nom_processing/monet_nom_batch_1/raw/QC_SRFAII_23_01_10ppm_r2_Mag_23Feb24_300SA_p01_54_1_16051.d,True,/home/bmeluch/NMDC/nom_processing/monet_nom_batch_1/raw/QC_SRFAII_23_01_10ppm_r2_Mag_23Feb24_300SA_p01_54_1_16051.d
QC_SRFAII_23_01_10ppm_r2_Mag_24Feb24_300SA_p01_54_1_15930.d,/home/bmeluch/NMDC/nom_processing/monet_nom_batch_1/raw/QC_SRFAII_23_01_10ppm_r2_Mag_24Feb24_300SA_p01_54_1_15930.d,True,/home/bmeluch/NMDC/nom_processing/monet_nom_batch_1/raw/QC_SRFAII_23_01_10ppm_r2_Mag_24Feb24_300SA_p01_54_1_15930.d
QC_SRFAII_23_01_10ppm_r2_Mag_24Feb24_300SA_p01_54_1_15952.d,/home/bmeluch/NMDC/nom_processing/monet_nom_batch_1/raw/QC_SRFAII_23_01_10ppm_r2_Mag_24Feb24_300SA_p01_54_1_15952.d,True,/home/bmeluch/NMDC/nom_processing/monet_nom_batch_1/raw/QC_SRFAII_23_01_10ppm_r2_Mag_24Feb24_300SA_p01_54_1_15952.d
QC_SRFAII_23_01_10ppm_r3_Mag_12Feb24_300SA_p01_54_1_15180.d,/home/bmeluch/NMDC/nom_processing/monet_nom_batch_1/raw/QC_SRFAII_23_01_10ppm_r3_Mag_12Feb24_300SA_p01_54_1_15180.d,True,/home/bmeluch/NMDC/nom_processing/monet_nom_batch_1/raw/QC_SRFAII_23_01_10ppm_r3_Mag_12Feb24_300SA_p01_54_1_15180.d
QC_SRFAII_23_01_10ppm_r3_Mag_12Feb24_300SA_p01_54_1_15202.d,/home/bmeluch/NMDC/nom_processing/monet_nom_batch_1/raw/QC_SRFAII_23_01_10ppm_r3_Mag_12Feb24_300SA_p01_54_1_15202.d,True,/home/bmeluch/NMDC/nom_processing/monet_nom_batch_1/raw/QC_SRFAII_23_01_10ppm_r3_Mag_12Feb24_300SA_p01_54_1_15202.d
QC_SRFAII_23_01_10ppm_r3_Mag_12Feb24_300SA_p01_54_1_15224.d,/home/bmeluch/NMDC/nom_processing/monet_nom_batch_1/raw/QC_SRFAII_23_01_10ppm_r3_Mag_12Feb24_300SA_p01_54_1_15224.d,True,/home/bmeluch/NMDC/nom_processing/monet_nom_batch_1/raw/QC_SRFAII_23_01_10ppm_r3_Mag_12Feb24_300SA_p01_54_1_15224.d
QC_SRFAII_23_01_10ppm_r3_Mag_12Feb24_300SA_p01_54_1_15241.d,/home/bmeluch/NMDC/nom_processing/monet_nom_batch_1/raw/QC_SRFAII_23_01_10ppm_r3_Mag_12Feb24_300SA_p01_54_1_15241.d,True,/home/bmeluch/NMDC/nom_processing/monet_nom_batch_1/raw/QC_SRFAII_23_01_10ppm_r3_Mag_12Feb24_300SA_p01_54_1_15241.d
QC_SRFAII_23_01_10ppm_r3_Mag_16Feb24_300SA_p01_54_1_15341.d,/home/bmeluch/NMDC/nom_processing/monet_nom_batch_1/raw/QC_SRFAII_23_01_10ppm_r3_Mag_16Feb24_300SA_p01_54_1_15341.d,True,/home/bmeluch/NMDC/nom_processing/monet_nom_batch_1/raw/QC_SRFAII_23_01_10ppm_r3_Mag_16Feb24_300SA_p01_54_1_15341.d
QC_SRFAII_23_01_10ppm_r3_Mag_16Feb24_300SA_p01_54_1_15361.d,/home/bmeluch/NMDC/nom_processing/monet_nom_batch_1/raw/QC_SRFAII_23_01_10ppm_r3_Mag_16Feb24_300SA_p01_54_1_15361.d,True,/home/bmeluch/NMDC/nom_processing/monet_nom_batch_1/raw/QC_SRFAII_23_01_10ppm_r3_Mag_16Feb24_300SA_p01_54_1_15361.d
QC_SRFAII_23_01_10ppm_r3_Mag_16Feb24_300SA_p01_54_1_15427.d,/home/bmeluch/NMDC/nom_processing/monet_nom_batch_1/raw/QC_SRFAII_23_01_10ppm_r3_Mag_16Feb24_300SA_p01_54_1_15427.d,True,/home/bmeluch/NMDC/nom_processing/monet_nom_batch_1/raw/QC_SRFAII_23_01_10ppm_r3_Mag_16Feb24_300SA_p01_54_1_15427.d
QC_SRFAII_23_01_10ppm_r3_Mag_16Feb24_300SA_p01_54_1_15453.d,/home/bmeluch/NMDC/nom_processing/monet_nom_batch_1/raw/QC_SRFAII_23_01_10ppm_r3_Mag_16Feb24_300SA_p01_54_1_15453.d,True,/home/bmeluch/NMDC/nom_processing/monet_nom_batch_1/raw/QC_SRFAII_23_01_10ppm_r3_Mag_16Feb24_300SA_p01_54_1_15453.d
QC_SRFAII_23_01_10ppm_r3_Mag_18Jan24_300SA_p01_52_1_14903.d,/home/bmeluch/NMDC/nom_processing/monet_nom_batch_1/raw/QC_SRFAII_23_01_10ppm_r3_Mag_18Jan24_300SA_p01_52_1_14903.d,True,/home/bmeluch/NMDC/nom_processing/monet_nom_batch_1/raw/QC_SRFAII_23_01_10ppm_r3_Mag_18Jan24_300SA_p01_52_1_14903.d
QC_SRFAII_23_01_10ppm_r3_Mag_18Jan24_300SA_p01_52_1_14925.d,/home/bmeluch/NMDC/nom_processing/monet_nom_batch_1/raw/QC_SRFAII_23_01_10ppm_r3_Mag_18Jan24_300SA_p01_52_1_14925.d,True,/home/bmeluch/NMDC/nom_processing/monet_nom_batch_1/raw/QC_SRFAII_23_01_10ppm_r3_Mag_18Jan24_300SA_p01_52_1_14925.d
QC_SRFAII_23_01_10ppm_r3_Mag_18Jan24_300SA_p01_52_1_14947.d,/home/bmeluch/NMDC/nom_processing/monet_nom_batch_1/raw/QC_SRFAII_23_01_10ppm_r3_Mag_18Jan24_300SA_p01_52_1_14947.d,True,/home/bmeluch/NMDC/nom_processing/monet_nom_batch_1/raw/QC_SRFAII_23_01_10ppm_r3_Mag_18Jan24_300SA_p01_52_1_14947.d
QC_SRFAII_23_01_10ppm_r3_Mag_18Jan24_300SA_p01_52_1_14963.d,/home/bmeluch/NMDC/nom_processing/monet_nom_batch_1/raw/QC_SRFAII_23_01_10ppm_r3_Mag_18Jan24_300SA_p01_52_1_14963.d,True,/home/bmeluch/NMDC/nom_processing/monet_nom_batch_1/raw/QC_SRFAII_23_01_10ppm_r3_Mag_18Jan24_300SA_p01_52_1_14963.d
QC_SRFAII_23_01_10ppm_r3_Mag_18Jan24_300SA_p01_52_1_14985.d,/home/bmeluch/NMDC/nom_processing/monet_nom_batch_1/raw/QC_SRFAII_23_01_10ppm_r3_Mag_18Jan24_300SA_p01_52_1_14985.d,True,/home/bmeluch/NMDC/nom_processing/monet_nom_batch_1/raw/QC_SRFAII_23_01_10ppm_r3_Mag_18Jan24_300SA_p01_52_1_14985.d
QC_SRFAII_23_01_10ppm_r3_Mag_18Jan24_300SA_p01_52_1_15009.d,/home/bmeluch/NMDC/nom_processing/monet_nom_batch_1/raw/QC_SRFAII_23_01_10ppm_r3_Mag_18Jan24_300SA_p01_52_1_15009.d,True,/home/bmeluch/NMDC/nom_processing/monet_nom_batch_1/raw/QC_SRFAII_23_01_10ppm_r3_Mag_18Jan24_300SA_p01_52_1_15009.d
QC_SRFAII_23_01_10ppm_r3_Mag_21Feb24_300SA_p01_54_1_15455.d,/home/bmeluch/NMDC/nom_processing/monet_nom_batch_1/raw/QC_SRFAII_23_01_10ppm_r3_Mag_21Feb24_300SA_p01_54_1_15455.d,True,/home/bmeluch/NMDC/nom_processing/monet_nom_batch_1/raw/QC_SRFAII_23_01_10ppm_r3_Mag_21Feb24_300SA_p01_54_1_15455.d
QC_SRFAII_23_01_10ppm_r3_Mag_21Feb24_300SA_p01_54_1_15512.d,/home/bmeluch/NMDC/nom_processing/monet_nom_batch_1/raw/QC_SRFAII_23_01_10ppm_r3_Mag_21Feb24_300SA_p01_54_1_15512.d,True,/home/bmeluch/NMDC/nom_processing/monet_nom_batch_1/raw/QC_SRFAII_23_01_10ppm_r3_Mag_21Feb24_300SA_p01_54_1_15512.d
QC_SRFAII_23_01_10ppm_r3_Mag_23Feb24_300SA_p01_54_1_16068.d,/home/bmeluch/NMDC/nom_processing/monet_nom_batch_1/raw/QC_SRFAII_23_01_10ppm_r3_Mag_23Feb24_300SA_p01_54_1_16068.d,True,/home/bmeluch/NMDC/nom_processing/monet_nom_batch_1/raw/QC_SRFAII_23_01_10ppm_r3_Mag_23Feb24_300SA_p01_54_1_16068.d
QC_SRFAII_23_01_10ppm_r3_Mag_24Feb24_300SA_p01_54_1_15974.d,/home/bmeluch/NMDC/nom_processing/monet_nom_batch_1/raw/QC_SRFAII_23_01_10ppm_r3_Mag_24Feb24_300SA_p01_54_1_15974.d,True,/home/bmeluch/NMDC/nom_processing/monet_nom_batch_1/raw/QC_SRFAII_23_01_10ppm_r3_Mag_24Feb24_300SA_p01_54_1_15974.d
QC_SRFAII_23_01_10ppm_r3_Mag_24Feb24_300SA_p01_54_1_15997.d,/home/bmeluch/NMDC/nom_processing/monet_nom_batch_1/raw/QC_SRFAII_23_01_10ppm_r3_Mag_24Feb24_300SA_p01_54_1_15997.d,True,/home/bmeluch/NMDC/nom_processing/monet_nom_batch_1/raw/QC_SRFAII_23_01_10ppm_r3_Mag_24Feb24_300SA_p01_54_1_15997.d
QC_SRFAII_23_01_10ppm_r3_Mag_24Feb24_300SA_p01_54_1_16017.d,/home/bmeluch/NMDC/nom_processing/monet_nom_batch_1/raw/QC_SRFAII_23_01_10ppm_r3_Mag_24Feb24_300SA_p01_54_1_16017.d,True,/home/bmeluch/NMDC/nom_processing/monet_nom_batch_1/raw/QC_SRFAII_23_01_10ppm_r3_Mag_24Feb24_300SA_p01_54_1_16017.d
QC_SRFAII_23_01_10ppm_WEOM_r0_Mag_04Mar24_300SA_p01_54_1_16791.d,/home/bmeluch/NMDC/nom_processing/monet_nom_batch_1/raw/QC_SRFAII_23_01_10ppm_WEOM_r0_Mag_04Mar24_300SA_p01_54_1_16791.d,True,/home/bmeluch/NMDC/nom_processing/monet_nom_batch_1/raw/QC_SRFAII_23_01_10ppm_WEOM_r0_Mag_04Mar24_300SA_p01_54_1_16791.d
QC_SRFAII_23_01_10ppm_WEOM_r1_Mag_01May24_300SA_p01_54_1_18064.d,/home/bmeluch/NMDC/nom_processing/monet_nom_batch_1/raw/QC_SRFAII_23_01_10ppm_WEOM_r1_Mag_01May24_300SA_p01_54_1_18064.d,True,/home/bmeluch/NMDC/nom_processing/monet_nom_batch_1/raw/QC_SRFAII_23_01_10ppm_WEOM_r1_Mag_01May24_300SA_p01_54_1_18064.d
QC_SRFAII_23_01_10ppm_WEOM_r1_Mag_01May24_300SA_p01_54_1_18086.d,/home/bmeluch/NMDC/nom_processing/monet_nom_batch_1/raw/QC_SRFAII_23_01_10ppm_WEOM_r1_Mag_01May24_300SA_p01_54_1_18086.d,True,/home/bmeluch/NMDC/nom_processing/monet_nom_batch_1/raw/QC_SRFAII_23_01_10ppm_WEOM_r1_Mag_01May24_300SA_p01_54_1_18086.d
QC_SRFAII_23_01_10ppm_WEOM_r1_Mag_01May24_300SA_p01_54_1_18108.d,/home/bmeluch/NMDC/nom_processing/monet_nom_batch_1/raw/QC_SRFAII_23_01_10ppm_WEOM_r1_Mag_01May24_300SA_p01_54_1_18108.d,True,/home/bmeluch/NMDC/nom_processing/monet_nom_batch_1/raw/QC_SRFAII_23_01_10ppm_WEOM_r1_Mag_01May24_300SA_p01_54_1_18108.d
QC_SRFAII_23_01_10ppm_WEOM_r1_Mag_04Mar24_300SA_p01_54_1_16792.d,/home/bmeluch/NMDC/nom_processing/monet_nom_batch_1/raw/QC_SRFAII_23_01_10ppm_WEOM_r1_Mag_04Mar24_300SA_p01_54_1_16792.d,True,/home/bmeluch/NMDC/nom_processing/monet_nom_batch_1/raw/QC_SRFAII_23_01_10ppm_WEOM_r1_Mag_04Mar24_300SA_p01_54_1_16792.d
QC_SRFAII_23_01_10ppm_WEOM_r1_Mag_04Mar24_300SA_p01_54_1_16814.d,/home/bmeluch/NMDC/nom_processing/monet_nom_batch_1/raw/QC_SRFAII_23_01_10ppm_WEOM_r1_Mag_04Mar24_300SA_p01_54_1_16814.d,True,/home/bmeluch/NMDC/nom_processing/monet_nom_batch_1/raw/QC_SRFAII_23_01_10ppm_WEOM_r1_Mag_04Mar24_300SA_p01_54_1_16814.d
QC_SRFAII_23_01_10ppm_WEOM_r1_Mag_04Mar24_300SA_p01_54_1_16836.d,/home/bmeluch/NMDC/nom_processing/monet_nom_batch_1/raw/QC_SRFAII_23_01_10ppm_WEOM_r1_Mag_04Mar24_300SA_p01_54_1_16836.d,True,/home/bmeluch/NMDC/nom_processing/monet_nom_batch_1/raw/QC_SRFAII_23_01_10ppm_WEOM_r1_Mag_04Mar24_300SA_p01_54_1_16836.d
QC_SRFAII_23_01_10ppm_WEOM_r1_Mag_07Mar24_300SA_p01_54_1_16966.d,/home/bmeluch/NMDC/nom_processing/monet_nom_batch_1/raw/QC_SRFAII_23_01_10ppm_WEOM_r1_Mag_07Mar24_300SA_p01_54_1_16966.d,True,/home/bmeluch/NMDC/nom_processing/monet_nom_batch_1/raw/QC_SRFAII_23_01_10ppm_WEOM_r1_Mag_07Mar24_300SA_p01_54_1_16966.d
QC_SRFAII_23_01_10ppm_WEOM_r1_Mag_07Mar24_300SA_p01_54_1_17012.d,/home/bmeluch/NMDC/nom_processing/monet_nom_batch_1/raw/QC_SRFAII_23_01_10ppm_WEOM_r1_Mag_07Mar24_300SA_p01_54_1_17012.d,True,/home/bmeluch/NMDC/nom_processing/monet_nom_batch_1/raw/QC_SRFAII_23_01_10ppm_WEOM_r1_Mag_07Mar24_300SA_p01_54_1_17012.d
QC_SRFAII_23_01_10ppm_WEOM_r1_Mag_07Mar24_300SA_p01_54_1_17028.d,/home/bmeluch/NMDC/nom_processing/monet_nom_batch_1/raw/QC_SRFAII_23_01_10ppm_WEOM_r1_Mag_07Mar24_300SA_p01_54_1_17028.d,True,/home/bmeluch/NMDC/nom_processing/monet_nom_batch_1/raw/QC_SRFAII_23_01_10ppm_WEOM_r1_Mag_07Mar24_300SA_p01_54_1_17028.d
QC_SRFAII_23_01_10ppm_WEOM_r1_Mag_07Mar24_300SA_p02_54_1_16990.d,/home/bmeluch/NMDC/nom_processing/monet_nom_batch_1/raw/QC_SRFAII_23_01_10ppm_WEOM_r1_Mag_07Mar24_300SA_p02_54_1_16990.d,True,/home/bmeluch/NMDC/nom_processing/monet_nom_batch_1/raw/QC_SRFAII_23_01_10ppm_WEOM_r1_Mag_07Mar24_300SA_p02_54_1_16990.d
QC_SRFAII_23_01_10ppm_WEOM_r1_Mag_10Mar24_300SA_p01_54_1_17110.d,/home/bmeluch/NMDC/nom_processing/monet_nom_batch_1/raw/QC_SRFAII_23_01_10ppm_WEOM_r1_Mag_10Mar24_300SA_p01_54_1_17110.d,True,/home/bmeluch/NMDC/nom_processing/monet_nom_batch_1/raw/QC_SRFAII_23_01_10ppm_WEOM_r1_Mag_10Mar24_300SA_p01_54_1_17110.d
QC_SRFAII_23_01_10ppm_WEOM_r1_Mag_10Mar24_300SA_p01_54_1_17142.d,/home/bmeluch/NMDC/nom_processing/monet_nom_batch_1/raw/QC_SRFAII_23_01_10ppm_WEOM_r1_Mag_10Mar24_300SA_p01_54_1_17142.d,True,/home/bmeluch/NMDC/nom_processing/monet_nom_batch_1/raw/QC_SRFAII_23_01_10ppm_WEOM_r1_Mag_10Mar24_300SA_p01_54_1_17142.d
QC_SRFAII_23_01_10ppm_WEOM_r1_Mag_10Mar24_300SA_p01_54_1_17164.d,/home/bmeluch/NMDC/nom_processing/monet_nom_batch_1/raw/QC_SRFAII_23_01_10ppm_WEOM_r1_Mag_10Mar24_300SA_p01_54_1_17164.d,True,/home/bmeluch/NMDC/nom_processing/monet_nom_batch_1/raw/QC_SRFAII_23_01_10ppm_WEOM_r1_Mag_10Mar24_300SA_p01_54_1_17164.d
QC_SRFAII_23_01_10ppm_WEOM_r1_Mag_10May24_300SA_p01_54_1_18261.d,/home/bmeluch/NMDC/nom_processing/monet_nom_batch_1/raw/QC_SRFAII_23_01_10ppm_WEOM_r1_Mag_10May24_300SA_p01_54_1_18261.d,True,/home/bmeluch/NMDC/nom_processing/monet_nom_batch_1/raw/QC_SRFAII_23_01_10ppm_WEOM_r1_Mag_10May24_300SA_p01_54_1_18261.d
QC_SRFAII_23_01_10ppm_WEOM_r1_Mag_10May24_300SA_p01_54_1_18262.d,/home/bmeluch/NMDC/nom_processing/monet_nom_batch_1/raw/QC_SRFAII_23_01_10ppm_WEOM_r1_Mag_10May24_300SA_p01_54_1_18262.d,True,/home/bmeluch/NMDC/nom_processing/monet_nom_batch_1/raw/QC_SRFAII_23_01_10ppm_WEOM_r1_Mag_10May24_300SA_p01_54_1_18262.d
QC_SRFAII_23_01_10ppm_WEOM_r1_Mag_10May24_300SA_p01_54_1_18284.d,/home/bmeluch/NMDC/nom_processing/monet_nom_batch_1/raw/QC_SRFAII_23_01_10ppm_WEOM_r1_Mag_10May24_300SA_p01_54_1_18284.d,True,/home/bmeluch/NMDC/nom_processing/monet_nom_batch_1/raw/QC_SRFAII_23_01_10ppm_WEOM_r1_Mag_10May24_300SA_p01_54_1_18284.d
QC_SRFAII_23_01_10ppm_WEOM_r2_Mag_01May24_300SA_p01_54_1_18129.d,/home/bmeluch/NMDC/nom_processing/monet_nom_batch_1/raw/QC_SRFAII_23_01_10ppm_WEOM_r2_Mag_01May24_300SA_p01_54_1_18129.d,True,/home/bmeluch/NMDC/nom_processing/monet_nom_batch_1/raw/QC_SRFAII_23_01_10ppm_WEOM_r2_Mag_01May24_300SA_p01_54_1_18129.d
QC_SRFAII_23_01_10ppm_WEOM_r2_Mag_01May24_300SA_p01_54_1_18151.d,/home/bmeluch/NMDC/nom_processing/monet_nom_batch_1/raw/QC_SRFAII_23_01_10ppm_WEOM_r2_Mag_01May24_300SA_p01_54_1_18151.d,True,/home/bmeluch/NMDC/nom_processing/monet_nom_batch_1/raw/QC_SRFAII_23_01_10ppm_WEOM_r2_Mag_01May24_300SA_p01_54_1_18151.d
QC_SRFAII_23_01_10ppm_WEOM_r2_Mag_01May24_300SA_p01_54_1_18173.d,/home/bmeluch/NMDC/nom_processing/monet_nom_batch_1/raw/QC_SRFAII_23_01_10ppm_WEOM_r2_Mag_01May24_300SA_p01_54_1_18173.d,True,/home/bmeluch/NMDC/nom_processing/monet_nom_batch_1/raw/QC_SRFAII_23_01_10ppm_WEOM_r2_Mag_01May24_300SA_p01_54_1_18173.d
QC_SRFAII_23_01_10ppm_WEOM_r2_Mag_04Mar24_300SA_p01_54_1_16858.d,/home/bmeluch/NMDC/nom_processing/monet_nom_batch_1/raw/QC_SRFAII_23_01_10ppm_WEOM_r2_Mag_04Mar24_300SA_p01_54_1_16858.d,True,/home/bmeluch/NMDC/nom_processing/monet_nom_batch_1/raw/QC_SRFAII_23_01_10ppm_WEOM_r2_Mag_04Mar24_300SA_p01_54_1_16858.d
QC_SRFAII_23_01_10ppm_WEOM_r2_Mag_04Mar24_300SA_p01_54_1_16880.d,/home/bmeluch/NMDC/nom_processing/monet_nom_batch_1/raw/QC_SRFAII_23_01_10ppm_WEOM_r2_Mag_04Mar24_300SA_p01_54_1_16880.d,True,/home/bmeluch/NMDC/nom_processing/monet_nom_batch_1/raw/QC_SRFAII_23_01_10ppm_WEOM_r2_Mag_04Mar24_300SA_p01_54_1_16880.d
QC_SRFAII_23_01_10ppm_WEOM_r2_Mag_04Mar24_300SA_p01_54_1_16902.d,/home/bmeluch/NMDC/nom_processing/monet_nom_batch_1/raw/QC_SRFAII_23_01_10ppm_WEOM_r2_Mag_04Mar24_300SA_p01_54_1_16902.d,True,/home/bmeluch/NMDC/nom_processing/monet_nom_batch_1/raw/QC_SRFAII_23_01_10ppm_WEOM_r2_Mag_04Mar24_300SA_p01_54_1_16902.d
QC_SRFAII_23_01_10ppm_WEOM_r2_Mag_07Mar24_300SA_p01_54_1_17038.d,/home/bmeluch/NMDC/nom_processing/monet_nom_batch_1/raw/QC_SRFAII_23_01_10ppm_WEOM_r2_Mag_07Mar24_300SA_p01_54_1_17038.d,True,/home/bmeluch/NMDC/nom_processing/monet_nom_batch_1/raw/QC_SRFAII_23_01_10ppm_WEOM_r2_Mag_07Mar24_300SA_p01_54_1_17038.d
QC_SRFAII_23_01_10ppm_WEOM_r2_Mag_07Mar24_300SA_p01_54_1_17061.d,/home/bmeluch/NMDC/nom_processing/monet_nom_batch_1/raw/QC_SRFAII_23_01_10ppm_WEOM_r2_Mag_07Mar24_300SA_p01_54_1_17061.d,True,/home/bmeluch/NMDC/nom_processing/monet_nom_batch_1/raw/QC_SRFAII_23_01_10ppm_WEOM_r2_Mag_07Mar24_300SA_p01_54_1_17061.d
QC_SRFAII_23_01_10ppm_WEOM_r2_Mag_10Mar24_300SA_p01_54_1_17186.d,/home/bmeluch/NMDC/nom_processing/monet_nom_batch_1/raw/QC_SRFAII_23_01_10ppm_WEOM_r2_Mag_10Mar24_300SA_p01_54_1_17186.d,True,/home/bmeluch/NMDC/nom_processing/monet_nom_batch_1/raw/QC_SRFAII_23_01_10ppm_WEOM_r2_Mag_10Mar24_300SA_p01_54_1_17186.d
QC_SRFAII_23_01_10ppm_WEOM_r2_Mag_10Mar24_300SA_p01_54_1_17208.d,/home/bmeluch/NMDC/nom_processing/monet_nom_batch_1/raw/QC_SRFAII_23_01_10ppm_WEOM_r2_Mag_10Mar24_300SA_p01_54_1_17208.d,True,/home/bmeluch/NMDC/nom_processing/monet_nom_batch_1/raw/QC_SRFAII_23_01_10ppm_WEOM_r2_Mag_10Mar24_300SA_p01_54_1_17208.d
QC_SRFAII_23_01_10ppm_WEOM_r2_Mag_10May24_300SA_p01_54_1_18306.d,/home/bmeluch/NMDC/nom_processing/monet_nom_batch_1/raw/QC_SRFAII_23_01_10ppm_WEOM_r2_Mag_10May24_300SA_p01_54_1_18306.d,True,/home/bmeluch/NMDC/nom_processing/monet_nom_batch_1/raw/QC_SRFAII_23_01_10ppm_WEOM_r2_Mag_10May24_300SA_p01_54_1_18306.d
QC_SRFAII_23_01_10ppm_WEOM_r2_Mag_10May24_300SA_p01_54_1_18328.d,/home/bmeluch/NMDC/nom_processing/monet_nom_batch_1/raw/QC_SRFAII_23_01_10ppm_WEOM_r2_Mag_10May24_300SA_p01_54_1_18328.d,True,/home/bmeluch/NMDC/nom_processing/monet_nom_batch_1/raw/QC_SRFAII_23_01_10ppm_WEOM_r2_Mag_10May24_300SA_p01_54_1_18328.d
QC_SRFAII_23_01_10ppm_WEOM_r3_Mag_01May24_300SA_p01_54_1_18194.d,/home/bmeluch/NMDC/nom_processing/monet_nom_batch_1/raw/QC_SRFAII_23_01_10ppm_WEOM_r3_Mag_01May24_300SA_p01_54_1_18194.d,True,/home/bmeluch/NMDC/nom_processing/monet_nom_batch_1/raw/QC_SRFAII_23_01_10ppm_WEOM_r3_Mag_01May24_300SA_p01_54_1_18194.d
QC_SRFAII_23_01_10ppm_WEOM_r3_Mag_01May24_300SA_p01_54_1_18216.d,/home/bmeluch/NMDC/nom_processing/monet_nom_batch_1/raw/QC_SRFAII_23_01_10ppm_WEOM_r3_Mag_01May24_300SA_p01_54_1_18216.d,True,/home/bmeluch/NMDC/nom_processing/monet_nom_batch_1/raw/QC_SRFAII_23_01_10ppm_WEOM_r3_Mag_01May24_300SA_p01_54_1_18216.d
QC_SRFAII_23_01_10ppm_WEOM_r3_Mag_01May24_300SA_p01_54_1_18238.d,/home/bmeluch/NMDC/nom_processing/monet_nom_batch_1/raw/QC_SRFAII_23_01_10ppm_WEOM_r3_Mag_01May24_300SA_p01_54_1_18238.d,True,/home/bmeluch/NMDC/nom_processing/monet_nom_batch_1/raw/QC_SRFAII_23_01_10ppm_WEOM_r3_Mag_01May24_300SA_p01_54_1_18238.d
QC_SRFAII_23_01_10ppm_WEOM_r3_Mag_01May24_300SA_p01_54_1_18259.d,/home/bmeluch/NMDC/nom_processing/monet_nom_batch_1/raw/QC_SRFAII_23_01_10ppm_WEOM_r3_Mag_01May24_300SA_p01_54_1_18259.d,True,/home/bmeluch/NMDC/nom_processing/monet_nom_batch_1/raw/QC_SRFAII_23_01_10ppm_WEOM_r3_Mag_01May24_300SA_p01_54_1_18259.d
QC_SRFAII_23_01_10ppm_WEOM_r3_Mag_04Mar24_300SA_p01_54_1_16924.d,/home/bmeluch/NMDC/nom_processing/monet_nom_batch_1/raw/QC_SRFAII_23_01_10ppm_WEOM_r3_Mag_04Mar24_300SA_p01_54_1_16924.d,True,/home/bmeluch/NMDC/nom_processing/monet_nom_batch_1/raw/QC_SRFAII_23_01_10ppm_WEOM_r3_Mag_04Mar24_300SA_p01_54_1_16924.d
QC_SRFAII_23_01_10ppm_WEOM_r3_Mag_04Mar24_300SA_p01_54_1_16946.d,/home/bmeluch/NMDC/nom_processing/monet_nom_batch_1/raw/QC_SRFAII_23_01_10ppm_WEOM_r3_Mag_04Mar24_300SA_p01_54_1_16946.d,True,/home/bmeluch/NMDC/nom_processing/monet_nom_batch_1/raw/QC_SRFAII_23_01_10ppm_WEOM_r3_Mag_04Mar24_300SA_p01_54_1_16946.d
QC_SRFAII_23_01_10ppm_WEOM_r3_Mag_04Mar24_300SA_p01_54_1_16948.d,/home/bmeluch/NMDC/nom_processing/monet_nom_batch_1/raw/QC_SRFAII_23_01_10ppm_WEOM_r3_Mag_04Mar24_300SA_p01_54_1_16948.d,True,/home/bmeluch/NMDC/nom_processing/monet_nom_batch_1/raw/QC_SRFAII_23_01_10ppm_WEOM_r3_Mag_04Mar24_300SA_p01_54_1_16948.d
QC_SRFAII_23_01_10ppm_WEOM_r3_Mag_04Mar24_300SA_p01_54_1_16964.d,/home/bmeluch/NMDC/nom_processing/monet_nom_batch_1/raw/QC_SRFAII_23_01_10ppm_WEOM_r3_Mag_04Mar24_300SA_p01_54_1_16964.d,True,/home/bmeluch/NMDC/nom_processing/monet_nom_batch_1/raw/QC_SRFAII_23_01_10ppm_WEOM_r3_Mag_04Mar24_300SA_p01_54_1_16964.d
QC_SRFAII_23_01_10ppm_WEOM_r3_Mag_07Mar24_300SA_p01_54_1_17085.d,/home/bmeluch/NMDC/nom_processing/monet_nom_batch_1/raw/QC_SRFAII_23_01_10ppm_WEOM_r3_Mag_07Mar24_300SA_p01_54_1_17085.d,True,/home/bmeluch/NMDC/nom_processing/monet_nom_batch_1/raw/QC_SRFAII_23_01_10ppm_WEOM_r3_Mag_07Mar24_300SA_p01_54_1_17085.d
QC_SRFAII_23_01_10ppm_WEOM_r3_Mag_07Mar24_300SA_p01_54_1_17108.d,/home/bmeluch/NMDC/nom_processing/monet_nom_batch_1/raw/QC_SRFAII_23_01_10ppm_WEOM_r3_Mag_07Mar24_300SA_p01_54_1_17108.d,True,/home/bmeluch/NMDC/nom_processing/monet_nom_batch_1/raw/QC_SRFAII_23_01_10ppm_WEOM_r3_Mag_07Mar24_300SA_p01_54_1_17108.d
QC_SRFAII_23_01_10ppm_WEOM_r3_Mag_10Mar24_300SA_p01_54_1_17129.d,/home/bmeluch/NMDC/nom_processing/monet_nom_batch_1/raw/QC_SRFAII_23_01_10ppm_WEOM_r3_Mag_10Mar24_300SA_p01_54_1_17129.d,True,/home/bmeluch/NMDC/nom_processing/monet_nom_batch_1/raw/QC_SRFAII_23_01_10ppm_WEOM_r3_Mag_10Mar24_300SA_p01_54_1_17129.d
QC_SRFAII_23_01_10ppm_WEOM_r3_Mag_10Mar24_300SA_p01_54_1_17230.d,/home/bmeluch/NMDC/nom_processing/monet_nom_batch_1/raw/QC_SRFAII_23_01_10ppm_WEOM_r3_Mag_10Mar24_300SA_p01_54_1_17230.d,True,/home/bmeluch/NMDC/nom_processing/monet_nom_batch_1/raw/QC_SRFAII_23_01_10ppm_WEOM_r3_Mag_10Mar24_300SA_p01_54_1_17230.d
QC_SRFAII_23_01_10ppm_WEOM_r3_Mag_10Mar24_300SA_p01_54_1_17254.d,/home/bmeluch/NMDC/nom_processing/monet_nom_batch_1/raw/QC_SRFAII_23_01_10ppm_WEOM_r3_Mag_10Mar24_300SA_p01_54_1_17254.d,True,/home/bmeluch/NMDC/nom_processing/monet_nom_batch_1/raw/QC_SRFAII_23_01_10ppm_WEOM_r3_Mag_10Mar24_300SA_p01_54_1_17254.d
QC_SRFAII_23_01_10ppm_WEOM_r3_Mag_10Mar24_300SA_p01_54_1_17278.d,/home/bmeluch/NMDC/nom_processing/monet_nom_batch_1/raw/QC_SRFAII_23_01_10ppm_WEOM_r3_Mag_10Mar24_300SA_p01_54_1_17278.d,True,/home/bmeluch/NMDC/nom_processing/monet_nom_batch_1/raw/QC_SRFAII_23_01_10ppm_WEOM_r3_Mag_10Mar24_300SA_p01_54_1_17278.d
QC_SRFAII_23_01_10ppm_WEOM_r3_Mag_10May24_300SA_p01_54_1_18350.d,/home/bmeluch/NMDC/nom_processing/monet_nom_batch_1/raw/QC_SRFAII_23_01_10ppm_WEOM_r3_Mag_10May24_300SA_p01_54_1_18350.d,True,/home/bmeluch/NMDC/nom_processing/monet_nom_batch_1/raw/QC_SRFAII_23_01_10ppm_WEOM_r3_Mag_10May24_300SA_p01_54_1_18350.d
QC_SRFAII_23_01_10ppm_WEOM_r3_Mag_10May24_300SA_p01_54_1_18372.d,/home/bmeluch/NMDC/nom_processing/monet_nom_batch_1/raw/QC_SRFAII_23_01_10ppm_WEOM_r3_Mag_10May24_300SA_p01_54_1_18372.d,True,/home/bmeluch/NMDC/nom_processing/monet_nom_batch_1/raw/QC_SRFAII_23_01_10ppm_WEOM_r3_Mag_10May24_300SA_p01_54_1_18372.d
QC_SRFAII_23_01_10ppm_WEOM_r3_Mag_13May24_300SA_p01_54_1_18396.d,/home/bmeluch/NMDC/nom_processing/monet_nom_batch_1/raw/QC_SRFAII_23_01_10ppm_WEOM_r3_Mag_13May24_300SA_p01_54_1_18396.d,True,/home/bmeluch/NMDC/nom_processing/monet_nom_batch_1/raw/QC_SRFAII_23_01_10ppm_WEOM_r3_Mag_13May24_300SA_p01_54_1_18396.d
QC_SRFAII_23_01_10ppm_WEOM_r3_Mag_13May24_300SA_p01_54_1_18414.d,/home/bmeluch/NMDC/nom_processing/monet_nom_batch_1/raw/QC_SRFAII_23_01_10ppm_WEOM_r3_Mag_13May24_300SA_p01_54_1_18414.d,True,/home/bmeluch/NMDC/nom_processing/monet_nom_batch_1/raw/QC_SRFAII_23_01_10ppm_WEOM_r3_Mag_13May24_300SA_p01_54_1_18414.d
QC_SRFAII_23_01_20ppm_r0_Mag_04Jan24_300SA_p01_54_1_14417.d,/home/bmeluch/NMDC/nom_processing/monet_nom_batch_1/raw/QC_SRFAII_23_01_20ppm_r0_Mag_04Jan24_300SA_p01_54_1_14417.d,True,/home/bmeluch/NMDC/nom_processing/monet_nom_batch_1/raw/QC_SRFAII_23_01_20ppm_r0_Mag_04Jan24_300SA_p01_54_1_14417.d
QC_SRFAII_23_01_20ppm_r0_Mag_04Jan24_300SA_p01_54_1_14418.d,/home/bmeluch/NMDC/nom_processing/monet_nom_batch_1/raw/QC_SRFAII_23_01_20ppm_r0_Mag_04Jan24_300SA_p01_54_1_14418.d,True,/home/bmeluch/NMDC/nom_processing/monet_nom_batch_1/raw/QC_SRFAII_23_01_20ppm_r0_Mag_04Jan24_300SA_p01_54_1_14418.d
QC_SRFAII_23_01_20ppm_r0_Mag_18Jan24_300SA_p01_52_1_14691.d,/home/bmeluch/NMDC/nom_processing/monet_nom_batch_1/raw/QC_SRFAII_23_01_20ppm_r0_Mag_18Jan24_300SA_p01_52_1_14691.d,True,/home/bmeluch/NMDC/nom_processing/monet_nom_batch_1/raw/QC_SRFAII_23_01_20ppm_r0_Mag_21Dec23_300SA_p01_54_1_13983.d
QC_SRFAII_23_01_20ppm_r0_Mag_18Jan24_300SA_p01_52_1_14692.d,/home/bmeluch/NMDC/nom_processing/monet_nom_batch_1/raw/QC_SRFAII_23_01_20ppm_r0_Mag_18Jan24_300SA_p01_52_1_14692.d,True,/home/bmeluch/NMDC/nom_processing/monet_nom_batch_1/raw/QC_SRFAII_23_01_20ppm_r0_Mag_18Jan24_300SA_p01_52_1_14692.d
QC_SRFAII_23_01_20ppm_r0_Mag_18Jan24_300SA_p01_54_1_14693.d,/home/bmeluch/NMDC/nom_processing/monet_nom_batch_1/raw/QC_SRFAII_23_01_20ppm_r0_Mag_18Jan24_300SA_p01_54_1_14693.d,True,/home/bmeluch/NMDC/nom_processing/monet_nom_batch_1/raw/QC_SRFAII_23_01_20ppm_r0_Mag_18Jan24_300SA_p01_54_1_14693.d
QC_SRFAII_23_01_20ppm_r0_Mag_21Dec23_300SA_p01_54_1_13983.d,/home/bmeluch/NMDC/nom_processing/monet_nom_batch_1/raw/QC_SRFAII_23_01_20ppm_r0_Mag_21Dec23_300SA_p01_54_1_13983.d,True,/home/bmeluch/NMDC/nom_processing/monet_nom_batch_1/raw/QC_SRFAII_23_01_20ppm_r0_Mag_21Dec23_300SA_p01_54_1_13983.d
QC_SRFAII_23_01_20ppm_r1_Mag_04Jan24_300SA_p01_54_1_14440.d,/home/bmeluch/NMDC/nom_processing/monet_nom_batch_1/raw/QC_SRFAII_23_01_20ppm_r1_Mag_04Jan24_300SA_p01_54_1_14440.d,True,/home/bmeluch/NMDC/nom_processing/monet_nom_batch_1/raw/QC_SRFAII_23_01_20ppm_r1_Mag_04Jan24_300SA_p01_54_1_14440.d
QC_SRFAII_23_01_20ppm_r1_Mag_04Jan24_300SA_p01_54_1_14462.d,/home/bmeluch/NMDC/nom_processing/monet_nom_batch_1/raw/QC_SRFAII_23_01_20ppm_r1_Mag_04Jan24_300SA_p01_54_1_14462.d,True,/home/bmeluch/NMDC/nom_processing/monet_nom_batch_1/raw/QC_SRFAII_23_01_20ppm_r1_Mag_04Jan24_300SA_p01_54_1_14462.d
QC_SRFAII_23_01_20ppm_r1_Mag_04Jan24_300SA_p01_54_1_14484.d,/home/bmeluch/NMDC/nom_processing/monet_nom_batch_1/raw/QC_SRFAII_23_01_20ppm_r1_Mag_04Jan24_300SA_p01_54_1_14484.d,True,/home/bmeluch/NMDC/nom_processing/monet_nom_batch_1/raw/QC_SRFAII_23_01_20ppm_r1_Mag_04Jan24_300SA_p01_54_1_14484.d
QC_SRFAII_23_01_20ppm_r1_Mag_04Jan24_300SA_p01_54_1_14508.d,/home/bmeluch/NMDC/nom_processing/monet_nom_batch_1/raw/QC_SRFAII_23_01_20ppm_r1_Mag_04Jan24_300SA_p01_54_1_14508.d,True,/home/bmeluch/NMDC/nom_processing/monet_nom_batch_1/raw/QC_SRFAII_23_01_20ppm_r1_Mag_04Jan24_300SA_p01_54_1_14508.d
QC_SRFAII_23_01_20ppm_r1_Mag_18Jan24_300SA_p01_54_1_14715.d,/home/bmeluch/NMDC/nom_processing/monet_nom_batch_1/raw/QC_SRFAII_23_01_20ppm_r1_Mag_18Jan24_300SA_p01_54_1_14715.d,True,/home/bmeluch/NMDC/nom_processing/monet_nom_batch_1/raw/QC_SRFAII_23_01_20ppm_r1_Mag_18Jan24_300SA_p01_54_1_14715.d
QC_SRFAII_23_01_20ppm_r1_Mag_18Jan24_300SA_p01_54_1_14737.d,/home/bmeluch/NMDC/nom_processing/monet_nom_batch_1/raw/QC_SRFAII_23_01_20ppm_r1_Mag_18Jan24_300SA_p01_54_1_14737.d,True,/home/bmeluch/NMDC/nom_processing/monet_nom_batch_1/raw/QC_SRFAII_23_01_20ppm_r1_Mag_18Jan24_300SA_p01_54_1_14737.d
QC_SRFAII_23_01_20ppm_r1_Mag_18Jan24_300SA_p01_54_1_14752.d,/home/bmeluch/NMDC/nom_processing/monet_nom_batch_1/raw/QC_SRFAII_23_01_20ppm_r1_Mag_18Jan24_300SA_p01_54_1_14752.d,True,/home/bmeluch/NMDC/nom_processing/monet_nom_batch_1/raw/QC_SRFAII_23_01_20ppm_r1_Mag_18Jan24_300SA_p01_54_1_14752.d
QC_SRFAII_23_01_20ppm_r1_Mag_18Jan24_300SA_p01_54_1_14775.d,/home/bmeluch/NMDC/nom_processing/monet_nom_batch_1/raw/QC_SRFAII_23_01_20ppm_r1_Mag_18Jan24_300SA_p01_54_1_14775.d,True,/home/bmeluch/NMDC/nom_processing/monet_nom_batch_1/raw/QC_SRFAII_23_01_20ppm_r1_Mag_18Jan24_300SA_p01_54_1_14775.d
QC_SRFAII_23_01_20ppm_r1_Mag_21Dec23_300SA_p01_54_1_14008.d,/home/bmeluch/NMDC/nom_processing/monet_nom_batch_1/raw/QC_SRFAII_23_01_20ppm_r1_Mag_21Dec23_300SA_p01_54_1_14008.d,True,/home/bmeluch/NMDC/nom_processing/monet_nom_batch_1/raw/QC_SRFAII_23_01_20ppm_r1_Mag_21Dec23_300SA_p01_54_1_14008.d
QC_SRFAII_23_01_20ppm_r1_Mag_21Dec23_300SA_p01_54_1_14030.d,/home/bmeluch/NMDC/nom_processing/monet_nom_batch_1/raw/QC_SRFAII_23_01_20ppm_r1_Mag_21Dec23_300SA_p01_54_1_14030.d,True,/home/bmeluch/NMDC/nom_processing/monet_nom_batch_1/raw/QC_SRFAII_23_01_20ppm_r1_Mag_21Dec23_300SA_p01_54_1_14030.d
QC_SRFAII_23_01_20ppm_r1_Mag_21Dec23_300SA_p01_54_1_14052.d,/home/bmeluch/NMDC/nom_processing/monet_nom_batch_1/raw/QC_SRFAII_23_01_20ppm_r1_Mag_21Dec23_300SA_p01_54_1_14052.d,True,/home/bmeluch/NMDC/nom_processing/monet_nom_batch_1/raw/QC_SRFAII_23_01_20ppm_r1_Mag_21Dec23_300SA_p01_54_1_14052.d
QC_SRFAII_23_01_20ppm_r2_Mag_04Jan24_300SA_p01_52_1_14552.d,/home/bmeluch/NMDC/nom_processing/monet_nom_batch_1/raw/QC_SRFAII_23_01_20ppm_r2_Mag_04Jan24_300SA_p01_52_1_14552.d,True,/home/bmeluch/NMDC/nom_processing/monet_nom_batch_1/raw/QC_SRFAII_23_01_20ppm_r2_Mag_04Jan24_300SA_p01_52_1_14552.d
QC_SRFAII_23_01_20ppm_r2_Mag_04Jan24_300SA_p01_52_1_14575.d,/home/bmeluch/NMDC/nom_processing/monet_nom_batch_1/raw/QC_SRFAII_23_01_20ppm_r2_Mag_04Jan24_300SA_p01_52_1_14575.d,True,/home/bmeluch/NMDC/nom_processing/monet_nom_batch_1/raw/QC_SRFAII_23_01_20ppm_r2_Mag_04Jan24_300SA_p01_52_1_14575.d
QC_SRFAII_23_01_20ppm_r2_Mag_04Jan24_300SA_p01_52_1_14598.d,/home/bmeluch/NMDC/nom_processing/monet_nom_batch_1/raw/QC_SRFAII_23_01_20ppm_r2_Mag_04Jan24_300SA_p01_52_1_14598.d,True,/home/bmeluch/NMDC/nom_processing/monet_nom_batch_1/raw/QC_SRFAII_23_01_20ppm_r2_Mag_04Jan24_300SA_p01_52_1_14598.d
QC_SRFAII_23_01_20ppm_r2_Mag_04Jan24_300SA_p01_54_1_14531.d,/home/bmeluch/NMDC/nom_processing/monet_nom_batch_1/raw/QC_SRFAII_23_01_20ppm_r2_Mag_04Jan24_300SA_p01_54_1_14531.d,True,/home/bmeluch/NMDC/nom_processing/monet_nom_batch_1/raw/QC_SRFAII_23_01_20ppm_r2_Mag_04Jan24_300SA_p01_54_1_14531.d
QC_SRFAII_23_01_20ppm_r2_Mag_18Jan24_300SA_p01_52_1_14857.d,/home/bmeluch/NMDC/nom_processing/monet_nom_batch_1/raw/QC_SRFAII_23_01_20ppm_r2_Mag_18Jan24_300SA_p01_52_1_14857.d,True,/home/bmeluch/NMDC/nom_processing/monet_nom_batch_1/raw/QC_SRFAII_23_01_20ppm_r2_Mag_18Jan24_300SA_p01_52_1_14857.d
QC_SRFAII_23_01_20ppm_r2_Mag_18Jan24_300SA_p01_52_1_14879.d,/home/bmeluch/NMDC/nom_processing/monet_nom_batch_1/raw/QC_SRFAII_23_01_20ppm_r2_Mag_18Jan24_300SA_p01_52_1_14879.d,True,/home/bmeluch/NMDC/nom_processing/monet_nom_batch_1/raw/QC_SRFAII_23_01_20ppm_r2_Mag_18Jan24_300SA_p01_52_1_14879.d
QC_SRFAII_23_01_20ppm_r2_Mag_18Jan24_300SA_p01_54_1_14797.d,/home/bmeluch/NMDC/nom_processing/monet_nom_batch_1/raw/QC_SRFAII_23_01_20ppm_r2_Mag_18Jan24_300SA_p01_54_1_14797.d,True,/home/bmeluch/NMDC/nom_processing/monet_nom_batch_1/raw/QC_SRFAII_23_01_20ppm_r2_Mag_18Jan24_300SA_p01_54_1_14797.d
QC_SRFAII_23_01_20ppm_r2_Mag_18Jan24_300SA_p01_54_1_14819.d,/home/bmeluch/NMDC/nom_processing/monet_nom_batch_1/raw/QC_SRFAII_23_01_20ppm_r2_Mag_18Jan24_300SA_p01_54_1_14819.d,True,/home/bmeluch/NMDC/nom_processing/monet_nom_batch_1/raw/QC_SRFAII_23_01_20ppm_r2_Mag_18Jan24_300SA_p01_54_1_14819.d
QC_SRFAII_23_01_20ppm_r2_Mag_18Jan24_300SA_p01_54_1_14841.d,/home/bmeluch/NMDC/nom_processing/monet_nom_batch_1/raw/QC_SRFAII_23_01_20ppm_r2_Mag_18Jan24_300SA_p01_54_1_14841.d,True,/home/bmeluch/NMDC/nom_processing/monet_nom_batch_1/raw/QC_SRFAII_23_01_20ppm_r2_Mag_18Jan24_300SA_p01_54_1_14841.d
QC_SRFAII_23_01_20ppm_r2_Mag_21Dec23_300SA_p01_54_1_14075.d,/home/bmeluch/NMDC/nom_processing/monet_nom_batch_1/raw/QC_SRFAII_23_01_20ppm_r2_Mag_21Dec23_300SA_p01_54_1_14075.d,True,/home/bmeluch/NMDC/nom_processing/monet_nom_batch_1/raw/QC_SRFAII_23_01_20ppm_r2_Mag_21Dec23_300SA_p01_54_1_14075.d
QC_SRFAII_23_01_20ppm_r2_Mag_21Dec23_300SA_p01_54_1_14097.d,/home/bmeluch/NMDC/nom_processing/monet_nom_batch_1/raw/QC_SRFAII_23_01_20ppm_r2_Mag_21Dec23_300SA_p01_54_1_14097.d,True,/home/bmeluch/NMDC/nom_processing/monet_nom_batch_1/raw/QC_SRFAII_23_01_20ppm_r2_Mag_21Dec23_300SA_p01_54_1_14097.d
QC_SRFAII_23_01_20ppm_r2_Mag_21Dec23_300SA_p01_54_1_14119.d,/home/bmeluch/NMDC/nom_processing/monet_nom_batch_1/raw/QC_SRFAII_23_01_20ppm_r2_Mag_21Dec23_300SA_p01_54_1_14119.d,True,/home/bmeluch/NMDC/nom_processing/monet_nom_batch_1/raw/QC_SRFAII_23_01_20ppm_r2_Mag_21Dec23_300SA_p01_54_1_14119.d
QC_SRFAII_23_01_20ppm_r3_Mag_04Jan24_300SA_p01_52_1_14621.d,/home/bmeluch/NMDC/nom_processing/monet_nom_batch_1/raw/QC_SRFAII_23_01_20ppm_r3_Mag_04Jan24_300SA_p01_52_1_14621.d,True,/home/bmeluch/NMDC/nom_processing/monet_nom_batch_1/raw/QC_SRFAII_23_01_20ppm_r3_Mag_04Jan24_300SA_p01_52_1_14621.d
QC_SRFAII_23_01_20ppm_r3_Mag_04Jan24_300SA_p01_52_1_14643.d,/home/bmeluch/NMDC/nom_processing/monet_nom_batch_1/raw/QC_SRFAII_23_01_20ppm_r3_Mag_04Jan24_300SA_p01_52_1_14643.d,True,/home/bmeluch/NMDC/nom_processing/monet_nom_batch_1/raw/QC_SRFAII_23_01_20ppm_r3_Mag_04Jan24_300SA_p01_52_1_14643.d
QC_SRFAII_23_01_20ppm_r3_Mag_04Jan24_300SA_p01_52_1_14665.d,/home/bmeluch/NMDC/nom_processing/monet_nom_batch_1/raw/QC_SRFAII_23_01_20ppm_r3_Mag_04Jan24_300SA_p01_52_1_14665.d,True,/home/bmeluch/NMDC/nom_processing/monet_nom_batch_1/raw/QC_SRFAII_23_01_20ppm_r3_Mag_04Jan24_300SA_p01_52_1_14665.d
QC_SRFAII_23_01_20ppm_r3_Mag_04Jan24_300SA_p01_52_1_14689.d,/home/bmeluch/NMDC/nom_processing/monet_nom_batch_1/raw/QC_SRFAII_23_01_20ppm_r3_Mag_04Jan24_300SA_p01_52_1_14689.d,True,/home/bmeluch/NMDC/nom_processing/monet_nom_batch_1/raw/QC_SRFAII_23_01_20ppm_r3_Mag_04Jan24_300SA_p01_52_1_14689.d
QC_SRFAII_23_01_20ppm_r3_Mag_04Jan24_300SA_p01_52_1_14690.d,/home/bmeluch/NMDC/nom_processing/monet_nom_batch_1/raw/QC_SRFAII_23_01_20ppm_r3_Mag_04Jan24_300SA_p01_52_1_14690.d,True,/home/bmeluch/NMDC/nom_processing/monet_nom_batch_1/raw/QC_SRFAII_23_01_20ppm_r3_Mag_04Jan24_300SA_p01_52_1_14690.d
QC_SRFAII_23_01_20ppm_r3_Mag_21Dec23_300SA_p01_54_1_14142.d,/home/bmeluch/NMDC/nom_processing/monet_nom_batch_1/raw/QC_SRFAII_23_01_20ppm_r3_Mag_21Dec23_300SA_p01_54_1_14142.d,True,/home/bmeluch/NMDC/nom_processing/monet_nom_batch_1/raw/QC_SRFAII_23_01_20ppm_r3_Mag_21Dec23_300SA_p01_54_1_14142.d
QC_SRFAII_23_01_20ppm_r3_Mag_21Dec23_300SA_p01_54_1_14164.d,/home/bmeluch/NMDC/nom_processing/monet_nom_batch_1/raw/QC_SRFAII_23_01_20ppm_r3_Mag_21Dec23_300SA_p01_54_1_14164.d,True,/home/bmeluch/NMDC/nom_processing/monet_nom_batch_1/raw/QC_SRFAII_23_01_20ppm_r3_Mag_21Dec23_300SA_p01_54_1_14164.d
QC_SRFAII_23_01_20ppm_r3_Mag_21Dec23_300SA_p01_54_1_14186.d,/home/bmeluch/NMDC/nom_processing/monet_nom_batch_1/raw/QC_SRFAII_23_01_20ppm_r3_Mag_21Dec23_300SA_p01_54_1_14186.d,True,/home/bmeluch/NMDC/nom_processing/monet_nom_batch_1/raw/QC_SRFAII_23_01_20ppm_r3_Mag_21Dec23_300SA_p01_54_1_14186.d
QC_SRFAII_23_01_20ppm_r3_Mag_21Dec23_300SA_p01_54_1_14201.d,/home/bmeluch/NMDC/nom_processing/monet_nom_batch_1/raw/QC_SRFAII_23_01_20ppm_r3_Mag_21Dec23_300SA_p01_54_1_14201.d,True,/home/bmeluch/NMDC/nom_processing/monet_nom_batch_1/raw/QC_SRFAII_23_01_20ppm_r3_Mag_21Dec23_300SA_p01_54_1_14201.d
QC_SRFAII_25_01_B_WEOM_r1_52_1_27803.d,/home/bmeluch/NMDC/nom_processing/monet_nom_batch_1/raw/QC_SRFAII_25_01_B_WEOM_r1_52_1_27803.d,True,/home/bmeluch/NMDC/nom_processing/monet_nom_batch_1/raw/QC_SRFAII_25_01_B_WEOM_r1_52_1_27803.d
