file_name,file_path,file_size_bytes,file_extension,instrument_model,instrument_name,instrument_serial_number,scan_types,scan_levels,collision_energies,ms2_types,polarity,mz_min,mz_max,rt_min,rt_max,write_time,total_scans,creation_time,error
60923_19_B_1_WEOM_r2_Mag_04Mar24_300SA_p01_28_1_16871.d,/mnt/home/bmeluch/NMDC/nom_processing/monet_nom/raw/60923_19_B_1_WEOM_r2_Mag_04Mar24_300SA_p01_28_1_16871.d,4096,.d,,,,profile,1,,,positive,107.48180113177645,1100.0100791496186,13.503,13.503,2024-03-06T02:18:22-08:00,1,2026-07-07T20:04:03.831505,
60923_19_T_2_WEOM_r3_Mag_04Mar24_300SA_p01_26_1_16943.d,/mnt/home/bmeluch/NMDC/nom_processing/monet_nom/raw/60923_19_T_2_WEOM_r3_Mag_04Mar24_300SA_p01_26_1_16943.d,4096,.d,,,,profile,1,,,positive,107.48180113177645,1100.0100791496186,13.4998,13.4998,2024-03-07T10:12:49-08:00,1,2026-07-07T21:13:28.657070,
60886_4_T_2_WEOM_r3_Mag_10Mar24_300SA_p01_20_1_17271.d,/mnt/home/bmeluch/NMDC/nom_processing/monet_nom/raw/60886_4_T_2_WEOM_r3_Mag_10Mar24_300SA_p01_20_1_17271.d,4096,.d,,,,profile,1,,,positive,107.48180113177645,1100.0100791496186,13.4999,13.4999,2024-03-14T05:52:41-07:00,1,2026-07-08T19:47:57.041305,
60923_15_T_3_WEOM_r2_Mag_04Mar24_300SA_p01_3_1_16897.d,/mnt/home/bmeluch/NMDC/nom_processing/monet_nom/raw/60923_15_T_3_WEOM_r2_Mag_04Mar24_300SA_p01_3_1_16897.d,4096,.d,,,,profile,1,,,positive,107.48180113177645,1100.0100791496186,13.5034,13.5034,2024-03-06T13:49:39-08:00,1,2026-07-07T20:17:00.646577,
60923_19_B_3_WEOM_r1_Mag_04Mar24_300SA_p01_30_1_16818.d,/mnt/home/bmeluch/NMDC/nom_processing/monet_nom/raw/60923_19_B_3_WEOM_r1_Mag_04Mar24_300SA_p01_30_1_16818.d,4096,.d,,,,profile,1,,,positive,107.48180113177645,1100.0100791496186,13.5031,13.5031,2024-03-05T02:49:04-08:00,1,2026-07-07T19:38:52.938232,
QC_SRFAII_23_01_20ppm_r1_Mag_04Jan24_300SA_p01_54_1_14462.d,/mnt/home/bmeluch/NMDC/nom_processing/monet_nom/raw/QC_SRFAII_23_01_20ppm_r1_Mag_04Jan24_300SA_p01_54_1_14462.d,4096,.d,,,,profile,1,,,positive,107.48179178061193,1100.0101587804602,13.5006,13.5006,2024-01-05T12:40:55-08:00,1,2026-06-30T22:48:51.161529,
60942_6_B_1_WEOM_r1_Mag_07Mar24_300SA_p01_33_1_16970.d,/mnt/home/bmeluch/NMDC/nom_processing/monet_nom/raw/60942_6_B_1_WEOM_r1_Mag_07Mar24_300SA_p01_33_1_16970.d,4096,.d,,,,profile,1,,,positive,107.48180113177645,1100.0100791496186,13.5,13.5,2024-03-07T22:43:55-08:00,1,2026-07-07T21:57:14.960449,
60886_5_T_3_WEOM_r3_Mag_10Mar24_300SA_p01_27_1_17234.d,/mnt/home/bmeluch/NMDC/nom_processing/monet_nom/raw/60886_5_T_3_WEOM_r3_Mag_10Mar24_300SA_p01_27_1_17234.d,4096,.d,,,,profile,1,,,positive,107.48180113177645,1100.0100791496186,13.5034,13.5034,2024-03-13T13:28:52-07:00,1,2026-07-08T19:09:26.334359,
QC_SRFAII_23_01_10ppm_r1_Mag_23Feb24_300SA_p01_54_1_16034.d,/mnt/home/bmeluch/NMDC/nom_processing/monet_nom/raw/QC_SRFAII_23_01_10ppm_r1_Mag_23Feb24_300SA_p01_54_1_16034.d,4096,.d,,,,profile,1,,,positive,107.48178890824485,1100.010132222054,13.5031,13.5031,2024-02-26T17:22:13-08:00,1,2026-06-30T22:48:51.242608,
60923_21_B_3_WEOM_r3_Mag_04Mar24_300SA_p01_42_1_16920.d,/mnt/home/bmeluch/NMDC/nom_processing/monet_nom/raw/60923_21_B_3_WEOM_r3_Mag_04Mar24_300SA_p01_42_1_16920.d,4096,.d,,,,profile,1,,,positive,107.48180113177645,1100.0100791496186,13.5032,13.5032,2024-03-07T00:01:15-08:00,1,2026-07-07T20:31:05.721058,
60886_2_B_3_WEOM_r3_Mag_10Mar24_300SA_p01_12_1_17277.d,/mnt/home/bmeluch/NMDC/nom_processing/monet_nom/raw/60886_2_B_3_WEOM_r3_Mag_10Mar24_300SA_p01_12_1_17277.d,4096,.d,,,,profile,1,,,positive,107.48180113177645,1100.0100791496186,13.5029,13.5029,2024-03-14T08:32:15-07:00,1,2026-07-08T19:55:37.213271,
60942_3_B_2_WEOM_r2_Mag_07Mar24_300SA_p01_16_1_17047.d,/mnt/home/bmeluch/NMDC/nom_processing/monet_nom/raw/60942_3_B_2_WEOM_r2_Mag_07Mar24_300SA_p01_16_1_17047.d,4096,.d,,,,profile,1,,,positive,107.48180113177645,1100.0100791496186,13.5031,13.5031,2024-03-09T16:45:10-08:00,1,2026-07-07T22:33:58.721774,
60923_17_B_2_WEOM_r3_Mag_04Mar24_300SA_p01_17_1_16944.d,/mnt/home/bmeluch/NMDC/nom_processing/monet_nom/raw/60923_17_B_2_WEOM_r3_Mag_04Mar24_300SA_p01_17_1_16944.d,4096,.d,,,,profile,1,,,positive,107.48180113177645,1100.0100791496186,13.5032,13.5032,2024-03-07T10:39:25-08:00,1,2026-07-07T21:17:05.188688,
60886_5_T_1_WEOM_r1_Mag_10Mar24_300SA_p01_25_1_17141.d,/mnt/home/bmeluch/NMDC/nom_processing/monet_nom/raw/60886_5_T_1_WEOM_r1_Mag_10Mar24_300SA_p01_25_1_17141.d,4096,.d,,,,profile,1,,,positive,107.48180113177645,1100.0100791496186,13.5028,13.5028,2024-03-11T20:16:04-07:00,1,2026-07-08T17:40:52.147274,
60923_21_T_3_WEOM_r2_Mag_04Mar24_300SA_p01_39_1_16894.d,/mnt/home/bmeluch/NMDC/nom_processing/monet_nom/raw/60923_21_T_3_WEOM_r2_Mag_04Mar24_300SA_p01_39_1_16894.d,4096,.d,,,,profile,1,,,positive,107.48180113177645,1100.0100791496186,13.503,13.503,2024-03-06T12:29:53-08:00,1,2026-07-07T20:15:05.253484,
QC_SRFAII_23_01_10ppm_r2_Mag_16Feb24_300SA_p01_54_1_15301.d,/mnt/home/bmeluch/NMDC/nom_processing/monet_nom/raw/QC_SRFAII_23_01_10ppm_r2_Mag_16Feb24_300SA_p01_54_1_15301.d,4096,.d,,,,profile,1,,,positive,107.48184601456877,1100.0107270915814,13.5006,13.5006,2024-02-17T19:20:32-08:00,1,2026-06-30T22:48:51.335092,
60886_2_T_3_WEOM_r1_Mag_10Mar24_300SA_p01_9_1_17116.d,/mnt/home/bmeluch/NMDC/nom_processing/monet_nom/raw/60886_2_T_3_WEOM_r1_Mag_10Mar24_300SA_p01_9_1_17116.d,4096,.d,,,,profile,1,,,positive,107.48180113177645,1100.0100791496186,13.5029,13.5029,2024-03-11T08:19:10-07:00,1,2026-07-08T17:27:42.371047,
60886_1_T_2_WEOM_r3_Mag_10Mar24_300SA_p01_2_1_17276.d,/mnt/home/bmeluch/NMDC/nom_processing/monet_nom/raw/60886_1_T_2_WEOM_r3_Mag_10Mar24_300SA_p01_2_1_17276.d,4096,.d,,,,profile,1,,,positive,107.48180113177645,1100.0100791496186,13.5099,13.5099,2024-03-14T08:05:40-07:00,1,2026-07-08T19:54:06.828732,
60942_3_B_1_WEOM_r2_Mag_07Mar24_300SA_p01_15_1_17020.d,/mnt/home/bmeluch/NMDC/nom_processing/monet_nom/raw/60942_3_B_1_WEOM_r2_Mag_07Mar24_300SA_p01_15_1_17020.d,4096,.d,,,,profile,1,,,positive,107.48180113177645,1100.0100791496186,13.5064,13.5064,2024-03-08T20:54:48-08:00,1,2026-07-07T22:22:59.752956,
QC_SRFAII_23_01_20ppm_r1_Mag_04Jan24_300SA_p01_54_1_14508.d,/mnt/home/bmeluch/NMDC/nom_processing/monet_nom/raw/QC_SRFAII_23_01_20ppm_r1_Mag_04Jan24_300SA_p01_54_1_14508.d,4096,.d,,,,profile,1,,,positive,107.48179178061193,1100.0101587804602,13.5009,13.5009,2024-01-06T09:04:02-08:00,1,2026-06-30T22:48:51.460343,
60886_3_T_2_WEOM_r2_Mag_10Mar24_300SA_p01_14_1_17220.d,/mnt/home/bmeluch/NMDC/nom_processing/monet_nom/raw/60886_3_T_2_WEOM_r2_Mag_10Mar24_300SA_p01_14_1_17220.d,4096,.d,,,,profile,1,,,positive,107.48180113177645,1100.0100791496186,13.5033,13.5033,2024-03-13T07:16:39-07:00,1,2026-07-08T18:56:02.657216,
60923_16_B_2_WEOM_r2_Mag_04Mar24_300SA_p01_11_1_16864.d,/mnt/home/bmeluch/NMDC/nom_processing/monet_nom/raw/60923_16_B_2_WEOM_r2_Mag_04Mar24_300SA_p01_11_1_16864.d,4096,.d,,,,profile,1,,,positive,107.48180113177645,1100.0100791496186,13.5,13.5,2024-03-05T23:12:14-08:00,1,2026-07-07T20:00:06.763422,
60942_4_T_2_WEOM_r2_Mag_07Mar24_300SA_p01_19_1_17045.d,/mnt/home/bmeluch/NMDC/nom_processing/monet_nom/raw/60942_4_T_2_WEOM_r2_Mag_07Mar24_300SA_p01_19_1_17045.d,4096,.d,,,,profile,1,,,positive,107.48180113177645,1100.0100791496186,13.5028,13.5028,2024-03-09T15:51:59-08:00,1,2026-07-07T22:33:22.157616,
60886_2_B_1_WEOM_r2_Mag_10Mar24_300SA_p01_10_1_17217.d,/mnt/home/bmeluch/NMDC/nom_processing/monet_nom/raw/60886_2_B_1_WEOM_r2_Mag_10Mar24_300SA_p01_10_1_17217.d,4096,.d,,,,profile,1,,,positive,107.48180113177645,1100.0100791496186,13.5062,13.5062,2024-03-13T05:56:53-07:00,1,2026-07-08T18:53:03.279423,
QC_SRFAII_23_01_20ppm_r3_Mag_04Jan24_300SA_p01_52_1_14621.d,/mnt/home/bmeluch/NMDC/nom_processing/monet_nom/raw/QC_SRFAII_23_01_20ppm_r3_Mag_04Jan24_300SA_p01_52_1_14621.d,4096,.d,,,,profile,1,,,positive,107.48179178061193,1100.0101587804602,13.5007,13.5007,2024-01-08T11:09:06-08:00,1,2026-06-30T22:48:51.599408,
60886_3_B_3_WEOM_r3_Mag_10Mar24_300SA_p01_18_1_17272.d,/mnt/home/bmeluch/NMDC/nom_processing/monet_nom/raw/60886_3_B_3_WEOM_r3_Mag_10Mar24_300SA_p01_18_1_17272.d,4096,.d,,,,profile,1,,,positive,107.48180113177645,1100.0100791496186,13.5032,13.5032,2024-03-14T06:19:17-07:00,1,2026-07-08T19:49:33.326417,
60886_4_T_3_WEOM_r3_Mag_10Mar24_300SA_p01_21_1_17249.d,/mnt/home/bmeluch/NMDC/nom_processing/monet_nom/raw/60886_4_T_3_WEOM_r3_Mag_10Mar24_300SA_p01_21_1_17249.d,4096,.d,,,,profile,1,,,positive,107.48180113177645,1100.0100791496186,13.5037,13.5037,2024-03-13T20:07:44-07:00,1,2026-07-08T19:25:46.913075,
60942_2_T_3_WEOM_r2_Mag_07Mar24_300SA_p01_9_1_17023.d,/mnt/home/bmeluch/NMDC/nom_processing/monet_nom/raw/60942_2_T_3_WEOM_r2_Mag_07Mar24_300SA_p01_9_1_17023.d,4096,.d,,,,profile,1,,,positive,107.48180113177645,1100.0100791496186,13.5031,13.5031,2024-03-08T22:14:35-08:00,1,2026-07-07T22:24:54.378199,
QC_SRFAII_23_01_10ppm_r1_Mag_16Feb24_300SA_p01_54_1_15281.d,/mnt/home/bmeluch/NMDC/nom_processing/monet_nom/raw/QC_SRFAII_23_01_10ppm_r1_Mag_16Feb24_300SA_p01_54_1_15281.d,4096,.d,,,,profile,1,,,positive,107.48184601456877,1100.0107270915814,13.5007,13.5007,2024-02-17T10:28:46-08:00,1,2026-06-30T22:48:51.789383,
60942_4_T_1_WEOM_r2_Mag_07Mar24_300SA_p01_18_1_17017.d,/mnt/home/bmeluch/NMDC/nom_processing/monet_nom/raw/60942_4_T_1_WEOM_r2_Mag_07Mar24_300SA_p01_18_1_17017.d,4096,.d,,,,profile,1,,,positive,107.48180113177645,1100.0100791496186,13.5035,13.5035,2024-03-08T19:35:02-08:00,1,2026-07-07T22:21:13.503402,
60942_3_B_2_WEOM_r1_Mag_07Mar24_300SA_p01_16_1_16986.d,/mnt/home/bmeluch/NMDC/nom_processing/monet_nom/raw/60942_3_B_2_WEOM_r1_Mag_07Mar24_300SA_p01_16_1_16986.d,4096,.d,,,,profile,1,,,positive,107.48180113177645,1100.0100791496186,13.5032,13.5032,2024-03-08T05:49:21-08:00,1,2026-07-07T22:07:29.665550,
QC_SRFAII_23_01_10ppm_WEOM_r1_Mag_10Mar24_300SA_p01_54_1_17142.d,/mnt/home/bmeluch/NMDC/nom_processing/monet_nom/raw/QC_SRFAII_23_01_10ppm_WEOM_r1_Mag_10Mar24_300SA_p01_54_1_17142.d,4096,.d,,,,profile,1,,,positive,107.48180113177645,1100.0100791496186,13.5028,13.5028,2024-03-11T20:42:39-07:00,1,2026-06-30T22:48:51.913519,
60942_4_B_1_WEOM_r3_Mag_07Mar24_300SA_p01_21_1_17107.d,/mnt/home/bmeluch/NMDC/nom_processing/monet_nom/raw/60942_4_B_1_WEOM_r3_Mag_07Mar24_300SA_p01_21_1_17107.d,4096,.d,,,,profile,1,,,positive,107.48180113177645,1100.0100791496186,13.5032,13.5032,2024-03-11T04:19:52-07:00,1,2026-07-08T17:20:45.017399,
60886_1_B_3_WEOM_r3_Mag_10Mar24_300SA_p01_6_1_17261.d,/mnt/home/bmeluch/NMDC/nom_processing/monet_nom/raw/60886_1_B_3_WEOM_r3_Mag_10Mar24_300SA_p01_6_1_17261.d,4096,.d,,,,profile,1,,,positive,107.48180113177645,1100.0100791496186,13.4998,13.4998,2024-03-14T01:26:48-07:00,1,2026-07-08T19:36:13.182005,
QC_SRFAII_23_01_10ppm_r2_Mag_24Feb24_300SA_p01_54_1_15930.d,/mnt/home/bmeluch/NMDC/nom_processing/monet_nom/raw/QC_SRFAII_23_01_10ppm_r2_Mag_24Feb24_300SA_p01_54_1_15930.d,4096,.d,,,,profile,1,,,positive,107.48178890824485,1100.010132222054,13.5006,13.5006,2024-02-24T19:16:43-08:00,1,2026-06-30T22:48:52.036905,
60942_3_T_2_WEOM_r1_Mag_07Mar24_300SA_p01_14_1_17011.d,/mnt/home/bmeluch/NMDC/nom_processing/monet_nom/raw/60942_3_T_2_WEOM_r1_Mag_07Mar24_300SA_p01_14_1_17011.d,4096,.d,,,,profile,1,,,positive,107.48180113177645,1100.0100791496186,13.5064,13.5064,2024-03-08T16:55:30-08:00,1,2026-07-07T22:19:20.858968,
60942_6_B_3_WEOM_r2_Mag_07Mar24_300SA_p01_35_1_17040.d,/mnt/home/bmeluch/NMDC/nom_processing/monet_nom/raw/60942_6_B_3_WEOM_r2_Mag_07Mar24_300SA_p01_35_1_17040.d,4096,.d,,,,profile,1,,,positive,107.48180113177645,1100.0100791496186,13.5031,13.5031,2024-03-09T13:39:03-08:00,1,2026-07-07T22:30:19.084704,
60923_21_T_1_WEOM_r3_Mag_04Mar24_300SA_p01_37_1_16956.d,/mnt/home/bmeluch/NMDC/nom_processing/monet_nom/raw/60923_21_T_1_WEOM_r3_Mag_04Mar24_300SA_p01_37_1_16956.d,4096,.d,,,,profile,1,,,positive,107.48180113177645,1100.0100791496186,13.5032,13.5032,2024-03-07T16:31:38-08:00,1,2026-07-07T21:42:35.702886,
60942_4_T_2_WEOM_r3_Mag_07Mar24_300SA_p01_19_1_17071.d,/mnt/home/bmeluch/NMDC/nom_processing/monet_nom/raw/60942_4_T_2_WEOM_r3_Mag_07Mar24_300SA_p01_19_1_17071.d,4096,.d,,,,profile,1,,,positive,107.48180113177645,1100.0100791496186,13.5033,13.5033,2024-03-10T12:22:38-07:00,1,2026-07-07T22:44:56.779434,
QC_SRFAII_23_01_10ppm_WEOM_r3_Mag_04Mar24_300SA_p01_54_1_16948.d,/mnt/home/bmeluch/NMDC/nom_processing/monet_nom/raw/QC_SRFAII_23_01_10ppm_WEOM_r3_Mag_04Mar24_300SA_p01_54_1_16948.d,4096,.d,,,,profile,1,,,positive,107.48180113177645,1100.0100791496186,13.5005,13.5005,2024-03-07T12:58:51-08:00,1,2026-06-30T22:48:52.160999,
60886_6_B_1_WEOM_r2_Mag_10Mar24_300SA_p01_34_1_17180.d,/mnt/home/bmeluch/NMDC/nom_processing/monet_nom/raw/60886_6_B_1_WEOM_r2_Mag_10Mar24_300SA_p01_34_1_17180.d,4096,.d,,,,profile,1,,,positive,107.48180113177645,1100.0100791496186,13.5031,13.5031,2024-03-12T13:33:06-07:00,1,2026-07-08T18:18:13.468157,
QC_SRFAII_23_01_10ppm_r3_Mag_24Feb24_300SA_p01_54_1_15997.d,/mnt/home/bmeluch/NMDC/nom_processing/monet_nom/raw/QC_SRFAII_23_01_10ppm_r3_Mag_24Feb24_300SA_p01_54_1_15997.d,4096,.d,,,,profile,1,,,positive,107.48178890824485,1100.010132222054,13.5031,13.5031,2024-02-26T00:58:17-08:00,1,2026-06-30T22:48:52.269545,
60886_5_B_3_WEOM_r1_Mag_10Mar24_300SA_p01_30_1_17150.d,/mnt/home/bmeluch/NMDC/nom_processing/monet_nom/raw/60886_5_B_3_WEOM_r1_Mag_10Mar24_300SA_p01_30_1_17150.d,4096,.d,,,,profile,1,,,positive,107.48180113177645,1100.0100791496186,13.4999,13.4999,2024-03-12T00:15:22-07:00,1,2026-07-08T17:48:13.210301,
60886_2_T_1_WEOM_r1_Mag_10Mar24_300SA_p01_7_1_17154.d,/mnt/home/bmeluch/NMDC/nom_processing/monet_nom/raw/60886_2_T_1_WEOM_r1_Mag_10Mar24_300SA_p01_7_1_17154.d,4096,.d,,,,profile,1,,,positive,107.48180113177645,1100.0100791496186,13.5032,13.5032,2024-03-12T02:01:45-07:00,1,2026-07-08T17:52:33.351727,
60886_6_B_2_WEOM_r1_Mag_10Mar24_300SA_p01_35_1_17162.d,/mnt/home/bmeluch/NMDC/nom_processing/monet_nom/raw/60886_6_B_2_WEOM_r1_Mag_10Mar24_300SA_p01_35_1_17162.d,4096,.d,,,,profile,1,,,positive,107.48180113177645,1100.0100791496186,13.5028,13.5028,2024-03-12T05:34:28-07:00,1,2026-07-08T18:01:18.879982,
60942_1_T_3_WEOM_r1_Mag_07Mar24_300SA_p01_3_1_16972.d,/mnt/home/bmeluch/NMDC/nom_processing/monet_nom/raw/60942_1_T_3_WEOM_r1_Mag_07Mar24_300SA_p01_3_1_16972.d,4096,.d,,,,profile,1,,,positive,107.48180113177645,1100.0100791496186,13.5033,13.5033,2024-03-07T23:37:05-08:00,1,2026-07-07T22:00:20.005226,
60886_4_T_2_WEOM_r1_Mag_10Mar24_300SA_p01_20_1_17144.d,/mnt/home/bmeluch/NMDC/nom_processing/monet_nom/raw/60886_4_T_2_WEOM_r1_Mag_10Mar24_300SA_p01_20_1_17144.d,4096,.d,,,,profile,1,,,positive,107.48180113177645,1100.0100791496186,13.503,13.503,2024-03-11T21:35:50-07:00,1,2026-07-08T17:42:21.327257,
60923_18_T_3_WEOM_r2_Mag_04Mar24_300SA_p01_21_1_16849.d,/mnt/home/bmeluch/NMDC/nom_processing/monet_nom/raw/60923_18_T_3_WEOM_r2_Mag_04Mar24_300SA_p01_21_1_16849.d,4096,.d,,,,profile,1,,,positive,107.48180113177645,1100.0100791496186,13.5031,13.5031,2024-03-05T16:33:20-08:00,1,2026-07-07T19:53:42.007296,
60886_3_B_3_WEOM_r1_Mag_10Mar24_300SA_p01_18_1_17157.d,/mnt/home/bmeluch/NMDC/nom_processing/monet_nom/raw/60886_3_B_3_WEOM_r1_Mag_10Mar24_300SA_p01_18_1_17157.d,4096,.d,,,,profile,1,,,positive,107.48180113177645,1100.0100791496186,13.503,13.503,2024-03-12T03:21:31-07:00,1,2026-07-08T17:56:57.120261,
60886_4_B_1_WEOM_r2_Mag_10Mar24_300SA_p01_22_1_17175.d,/mnt/home/bmeluch/NMDC/nom_processing/monet_nom/raw/60886_4_B_1_WEOM_r2_Mag_10Mar24_300SA_p01_22_1_17175.d,4096,.d,,,,profile,1,,,positive,107.48180113177645,1100.0100791496186,13.5037,13.5037,2024-03-12T11:20:10-07:00,1,2026-07-08T18:12:29.066483,
QC_SRFAII_23_01_10ppm_r2_Mag_12Feb24_300SA_p01_54_1_15114.d,/mnt/home/bmeluch/NMDC/nom_processing/monet_nom/raw/QC_SRFAII_23_01_10ppm_r2_Mag_12Feb24_300SA_p01_54_1_15114.d,4096,.d,,,,profile,1,,,positive,107.48184601456877,1100.0107270915814,13.5002,13.5002,2024-02-14T07:19:44-08:00,1,2026-06-30T22:48:52.396260,
QC_SRFAII_23_01_10ppm_WEOM_r1_Mag_07Mar24_300SA_p01_54_1_16966.d,/mnt/home/bmeluch/NMDC/nom_processing/monet_nom/raw/QC_SRFAII_23_01_10ppm_WEOM_r1_Mag_07Mar24_300SA_p01_54_1_16966.d,4096,.d,,,,profile,1,,,positive,107.48180113177645,1100.0100791496186,13.503,13.503,2024-03-07T20:57:33-08:00,1,2026-06-30T22:48:52.531730,
60886_2_B_1_WEOM_r1_Mag_10Mar24_300SA_p01_10_1_17112.d,/mnt/home/bmeluch/NMDC/nom_processing/monet_nom/raw/60886_2_B_1_WEOM_r1_Mag_10Mar24_300SA_p01_10_1_17112.d,4096,.d,,,,profile,1,,,positive,107.48180113177645,1100.0100791496186,13.5034,13.5034,2024-03-11T06:32:49-07:00,1,2026-07-08T17:22:05.717973,
QC_SRFAII_23_01_20ppm_r2_Mag_21Dec23_300SA_p01_54_1_14075.d,/mnt/home/bmeluch/NMDC/nom_processing/monet_nom/raw/QC_SRFAII_23_01_20ppm_r2_Mag_21Dec23_300SA_p01_54_1_14075.d,4096,.d,,,,profile,1,,,positive,107.48177329930104,1100.0111549919834,13.4998,13.4998,2023-12-23T07:50:13-08:00,1,2026-06-30T22:48:52.654062,
60923_17_T_1_WEOM_r2_Mag_04Mar24_300SA_p01_13_1_16887.d,/mnt/home/bmeluch/NMDC/nom_processing/monet_nom/raw/60923_17_T_1_WEOM_r2_Mag_04Mar24_300SA_p01_13_1_16887.d,4096,.d,,,,profile,1,,,positive,107.48180113177645,1100.0100791496186,13.5036,13.5036,2024-03-06T09:23:46-08:00,1,2026-07-07T20:11:10.917699,
60942_3_T_1_WEOM_r3_Mag_07Mar24_300SA_p01_13_1_17098.d,/mnt/home/bmeluch/NMDC/nom_processing/monet_nom/raw/60942_3_T_1_WEOM_r3_Mag_07Mar24_300SA_p01_13_1_17098.d,4096,.d,,,,profile,1,,,positive,107.48180113177645,1100.0100791496186,13.5029,13.5029,2024-03-11T00:20:32-07:00,1,2026-07-08T17:09:43.594423,
60942_6_B_2_WEOM_r2_Mag_07Mar24_300SA_p01_34_1_17036.d,/mnt/home/bmeluch/NMDC/nom_processing/monet_nom/raw/60942_6_B_2_WEOM_r2_Mag_07Mar24_300SA_p01_34_1_17036.d,4096,.d,,,,profile,1,,,positive,107.48180113177645,1100.0100791496186,13.5031,13.5031,2024-03-09T11:52:41-08:00,1,2026-07-07T22:29:07.368243,
QC_SRFAII_23_01_20ppm_r3_Mag_21Dec23_300SA_p01_54_1_14186.d,/mnt/home/bmeluch/NMDC/nom_processing/monet_nom/raw/QC_SRFAII_23_01_20ppm_r3_Mag_21Dec23_300SA_p01_54_1_14186.d,4096,.d,,,,profile,1,,,positive,107.48177329930104,1100.0111549919834,13.5041,13.5041,2023-12-26T10:09:12-08:00,1,2026-06-30T22:48:53.006305,
QC_SRFAII_23_01_10ppm_WEOM_r2_Mag_07Mar24_300SA_p01_54_1_17061.d,/mnt/home/bmeluch/NMDC/nom_processing/monet_nom/raw/QC_SRFAII_23_01_10ppm_WEOM_r2_Mag_07Mar24_300SA_p01_54_1_17061.d,4096,.d,,,,profile,1,,,positive,107.48180113177645,1100.0100791496186,13.5067,13.5067,2024-03-09T22:57:29-08:00,1,2026-06-30T22:48:52.815881,
QC_SRFAII_23_01_20ppm_r2_Mag_04Jan24_300SA_p01_52_1_14598.d,/mnt/home/bmeluch/NMDC/nom_processing/monet_nom/raw/QC_SRFAII_23_01_20ppm_r2_Mag_04Jan24_300SA_p01_52_1_14598.d,4096,.d,,,,profile,1,,,positive,107.48179178061193,1100.0101587804602,13.5005,13.5005,2024-01-08T00:57:26-08:00,1,2026-06-30T22:48:53.120496,
60942_5_B_1_WEOM_r2_Mag_07Mar24_300SA_p01_27_1_17043.d,/mnt/home/bmeluch/NMDC/nom_processing/monet_nom/raw/60942_5_B_1_WEOM_r2_Mag_07Mar24_300SA_p01_27_1_17043.d,4096,.d,,,,profile,1,,,positive,107.48180113177645,1100.0100791496186,13.503,13.503,2024-03-09T14:58:48-08:00,1,2026-07-07T22:32:10.321268,
60886_2_T_3_WEOM_r2_Mag_10Mar24_300SA_p01_9_1_17174.d,/mnt/home/bmeluch/NMDC/nom_processing/monet_nom/raw/60886_2_T_3_WEOM_r2_Mag_10Mar24_300SA_p01_9_1_17174.d,4096,.d,,,,profile,1,,,positive,107.48180113177645,1100.0100791496186,13.5033,13.5033,2024-03-12T10:53:34-07:00,1,2026-07-08T18:11:03.390282,
60942_1_B_1_WEOM_r3_Mag_07Mar24_300SA_p01_4_1_17074.d,/mnt/home/bmeluch/NMDC/nom_processing/monet_nom/raw/60942_1_B_1_WEOM_r3_Mag_07Mar24_300SA_p01_4_1_17074.d,4096,.d,,,,profile,1,,,positive,107.48180113177645,1100.0100791496186,13.5029,13.5029,2024-03-10T13:42:24-07:00,1,2026-07-07T22:46:42.924178,
QC_SRFAII_23_01_10ppm_r3_Mag_12Feb24_300SA_p01_54_1_15224.d,/mnt/home/bmeluch/NMDC/nom_processing/monet_nom/raw/QC_SRFAII_23_01_10ppm_r3_Mag_12Feb24_300SA_p01_54_1_15224.d,4096,.d,,,,profile,1,,,positive,107.48184601456877,1100.0107270915814,13.5042,13.5042,2024-02-16T08:04:41-08:00,1,2026-06-30T22:48:53.236652,
60923_17_T_2_WEOM_r3_Mag_04Mar24_300SA_p01_14_1_16908.d,/mnt/home/bmeluch/NMDC/nom_processing/monet_nom/raw/60923_17_T_2_WEOM_r3_Mag_04Mar24_300SA_p01_14_1_16908.d,4096,.d,,,,profile,1,,,positive,107.48180113177645,1100.0100791496186,13.4998,13.4998,2024-03-06T18:42:08-08:00,1,2026-07-07T20:22:16.695399,
60886_6_B_2_WEOM_r2_Mag_10Mar24_300SA_p01_35_1_17182.d,/mnt/home/bmeluch/NMDC/nom_processing/monet_nom/raw/60886_6_B_2_WEOM_r2_Mag_10Mar24_300SA_p01_35_1_17182.d,4096,.d,,,,profile,1,,,positive,107.48180113177645,1100.0100791496186,13.5028,13.5028,2024-03-12T14:26:17-07:00,1,2026-07-08T18:21:05.589981,
QC_SRFAII_23_01_20ppm_r3_Mag_04Jan24_300SA_p01_52_1_14665.d,/mnt/home/bmeluch/NMDC/nom_processing/monet_nom/raw/QC_SRFAII_23_01_20ppm_r3_Mag_04Jan24_300SA_p01_52_1_14665.d,4096,.d,,,,profile,1,,,positive,107.48179178061193,1100.0101587804602,13.501,13.501,2024-01-09T06:39:05-08:00,1,2026-06-30T22:48:53.347386,
60942_6_B_3_WEOM_r1_Mag_07Mar24_300SA_p01_35_1_16968.d,/mnt/home/bmeluch/NMDC/nom_processing/monet_nom/raw/60942_6_B_3_WEOM_r1_Mag_07Mar24_300SA_p01_35_1_16968.d,4096,.d,,,,profile,1,,,positive,107.48180113177645,1100.0100791496186,13.4999,13.4999,2024-03-07T21:50:44-08:00,1,2026-07-07T21:55:25.059889,
60942_2_B_1_WEOM_r1_Mag_07Mar24_300SA_p01_10_1_17004.d,/mnt/home/bmeluch/NMDC/nom_processing/monet_nom/raw/60942_2_B_1_WEOM_r1_Mag_07Mar24_300SA_p01_10_1_17004.d,4096,.d,,,,profile,1,,,positive,107.48180113177645,1100.0100791496186,13.5043,13.5043,2024-03-08T13:48:01-08:00,1,2026-07-07T22:16:09.426054,
60886_3_T_3_WEOM_r1_Mag_10Mar24_300SA_p01_15_1_17145.d,/mnt/home/bmeluch/NMDC/nom_processing/monet_nom/raw/60886_3_T_3_WEOM_r1_Mag_10Mar24_300SA_p01_15_1_17145.d,4096,.d,,,,profile,1,,,positive,107.48180113177645,1100.0100791496186,13.4998,13.4998,2024-03-11T22:02:25-07:00,1,2026-07-08T17:43:50.870253,
60942_2_T_1_WEOM_r1_Mag_07Mar24_300SA_p01_7_1_16976.d,/mnt/home/bmeluch/NMDC/nom_processing/monet_nom/raw/60942_2_T_1_WEOM_r1_Mag_07Mar24_300SA_p01_7_1_16976.d,4096,.d,,,,profile,1,,,positive,107.48180113177645,1100.0100791496186,13.5031,13.5031,2024-03-08T01:23:27-08:00,1,2026-07-07T22:02:34.441672,
60923_15_T_1_WEOM_r3_Mag_04Mar24_300SA_p01_1_1_16926.d,/mnt/home/bmeluch/NMDC/nom_processing/monet_nom/raw/60923_15_T_1_WEOM_r3_Mag_04Mar24_300SA_p01_1_1_16926.d,4096,.d,,,,profile,1,,,positive,107.48180113177645,1100.0100791496186,13.5032,13.5032,2024-03-07T02:40:46-08:00,1,2026-07-07T20:40:37.929744,
60886_6_B_3_WEOM_r2_Mag_10Mar24_300SA_p01_36_1_17191.d,/mnt/home/bmeluch/NMDC/nom_processing/monet_nom/raw/60886_6_B_3_WEOM_r2_Mag_10Mar24_300SA_p01_36_1_17191.d,4096,.d,,,,profile,1,,,positive,107.48180113177645,1100.0100791496186,13.5029,13.5029,2024-03-12T18:25:34-07:00,1,2026-07-08T18:28:15.996628,
60923_19_B_1_WEOM_r3_Mag_04Mar24_300SA_p01_28_1_16937.d,/mnt/home/bmeluch/NMDC/nom_processing/monet_nom/raw/60923_19_B_1_WEOM_r3_Mag_04Mar24_300SA_p01_28_1_16937.d,4096,.d,,,,profile,1,,,positive,107.48180113177645,1100.0100791496186,13.5034,13.5034,2024-03-07T07:33:16-08:00,1,2026-07-07T21:01:28.245818,
60923_16_T_2_WEOM_r1_Mag_04Mar24_300SA_p01_8_1_16839.d,/mnt/home/bmeluch/NMDC/nom_processing/monet_nom/raw/60923_16_T_2_WEOM_r1_Mag_04Mar24_300SA_p01_8_1_16839.d,4096,.d,,,,profile,1,,,positive,107.48180113177645,1100.0100791496186,13.503,13.503,2024-03-05T12:07:26-08:00,1,2026-07-07T19:48:44.883018,
60923_19_T_3_WEOM_r1_Mag_04Mar24_300SA_p01_27_1_16816.d,/mnt/home/bmeluch/NMDC/nom_processing/monet_nom/raw/60923_19_T_3_WEOM_r1_Mag_04Mar24_300SA_p01_27_1_16816.d,4096,.d,,,,profile,1,,,positive,107.48180113177645,1100.0100791496186,13.5031,13.5031,2024-03-05T01:55:53-08:00,1,2026-07-07T19:37:38.470230,
60942_1_T_2_WEOM_r1_Mag_07Mar24_300SA_p01_2_1_17002.d,/mnt/home/bmeluch/NMDC/nom_processing/monet_nom/raw/60942_1_T_2_WEOM_r1_Mag_07Mar24_300SA_p01_2_1_17002.d,4096,.d,,,,profile,1,,,positive,107.48180113177645,1100.0100791496186,13.5031,13.5031,2024-03-08T12:54:49-08:00,1,2026-07-07T22:14:56.197617,
60923_16_B_1_WEOM_r2_Mag_04Mar24_300SA_p01_10_1_16872.d,/mnt/home/bmeluch/NMDC/nom_processing/monet_nom/raw/60923_16_B_1_WEOM_r2_Mag_04Mar24_300SA_p01_10_1_16872.d,4096,.d,,,,profile,1,,,positive,107.48180113177645,1100.0100791496186,13.4997,13.4997,2024-03-06T02:44:57-08:00,1,2026-07-07T20:04:42.251518,
QC_SRFAII_23_01_10ppm_r2_Mag_24Feb24_300SA_p01_54_1_15952.d,/mnt/home/bmeluch/NMDC/nom_processing/monet_nom/raw/QC_SRFAII_23_01_10ppm_r2_Mag_24Feb24_300SA_p01_54_1_15952.d,4096,.d,,,,profile,1,,,positive,107.48178890824485,1100.010132222054,13.5004,13.5004,2024-02-25T05:01:44-08:00,1,2026-06-30T22:48:53.462723,
60942_5_B_3_WEOM_r3_Mag_07Mar24_300SA_p01_29_1_17106.d,/mnt/home/bmeluch/NMDC/nom_processing/monet_nom/raw/60942_5_B_3_WEOM_r3_Mag_07Mar24_300SA_p01_29_1_17106.d,4096,.d,,,,profile,1,,,positive,107.48180113177645,1100.0100791496186,13.5031,13.5031,2024-03-11T03:53:16-07:00,1,2026-07-08T17:19:24.932633,
60942_1_T_3_WEOM_r2_Mag_07Mar24_300SA_p01_3_1_17051.d,/mnt/home/bmeluch/NMDC/nom_processing/monet_nom/raw/60942_1_T_3_WEOM_r2_Mag_07Mar24_300SA_p01_3_1_17051.d,4096,.d,,,,profile,1,,,positive,107.48180113177645,1100.0100791496186,13.5031,13.5031,2024-03-09T18:31:31-08:00,1,2026-07-07T22:36:23.810332,
60886_5_T_2_WEOM_r3_Mag_10Mar24_300SA_p01_26_1_17227.d,/mnt/home/bmeluch/NMDC/nom_processing/monet_nom/raw/60886_5_T_2_WEOM_r3_Mag_10Mar24_300SA_p01_26_1_17227.d,4096,.d,,,,profile,1,,,positive,107.48180113177645,1100.0100791496186,13.5028,13.5028,2024-03-13T10:22:46-07:00,1,2026-07-08T19:03:32.707742,
60942_5_T_1_WEOM_r1_Mag_07Mar24_300SA_p01_24_1_16983.d,/mnt/home/bmeluch/NMDC/nom_processing/monet_nom/raw/60942_5_T_1_WEOM_r1_Mag_07Mar24_300SA_p01_24_1_16983.d,4096,.d,,,,profile,1,,,positive,107.48180113177645,1100.0100791496186,13.5031,13.5031,2024-03-08T04:29:36-08:00,1,2026-07-07T22:05:37.983952,
60923_16_T_3_WEOM_r1_Mag_04Mar24_300SA_p01_9_1_16799.d,/mnt/home/bmeluch/NMDC/nom_processing/monet_nom/raw/60923_16_T_3_WEOM_r1_Mag_04Mar24_300SA_p01_9_1_16799.d,4096,.d,,,,profile,1,,,positive,107.48180113177645,1100.0100791496186,13.5033,13.5033,2024-03-04T18:23:52-08:00,1,2026-07-07T19:31:19.102202,
60923_20_T_1_WEOM_r3_Mag_04Mar24_300SA_p01_31_1_16907.d,/mnt/home/bmeluch/NMDC/nom_processing/monet_nom/raw/60923_20_T_1_WEOM_r3_Mag_04Mar24_300SA_p01_31_1_16907.d,4096,.d,,,,profile,1,,,positive,107.48180113177645,1100.0100791496186,13.503,13.503,2024-03-06T18:15:32-08:00,1,2026-07-07T20:21:35.011349,
60923_18_T_3_WEOM_r1_Mag_04Mar24_300SA_p01_21_1_16819.d,/mnt/home/bmeluch/NMDC/nom_processing/monet_nom/raw/60923_18_T_3_WEOM_r1_Mag_04Mar24_300SA_p01_21_1_16819.d,4096,.d,,,,profile,1,,,positive,107.48180113177645,1100.0100791496186,13.5031,13.5031,2024-03-05T03:15:39-08:00,1,2026-07-07T19:39:31.410234,
60923_17_B_1_WEOM_r3_Mag_04Mar24_300SA_p01_16_1_16954.d,/mnt/home/bmeluch/NMDC/nom_processing/monet_nom/raw/60923_17_B_1_WEOM_r3_Mag_04Mar24_300SA_p01_16_1_16954.d,4096,.d,,,,profile,1,,,positive,107.48180113177645,1100.0100791496186,13.5034,13.5034,2024-03-07T15:38:26-08:00,1,2026-07-07T21:37:03.245671,
QC_SRFAII_23_01_10ppm_WEOM_r3_Mag_01May24_300SA_p01_54_1_18259.d,/mnt/home/bmeluch/NMDC/nom_processing/monet_nom/raw/QC_SRFAII_23_01_10ppm_WEOM_r3_Mag_01May24_300SA_p01_54_1_18259.d,4096,.d,,,,profile,1,,,positive,107.48176053607425,1100.0087441989122,13.5032,13.5032,2024-05-06T14:23:51-07:00,1,2026-06-30T22:48:53.545142,
60942_5_B_2_WEOM_r3_Mag_07Mar24_300SA_p01_28_1_17084.d,/mnt/home/bmeluch/NMDC/nom_processing/monet_nom/raw/60942_5_B_2_WEOM_r3_Mag_07Mar24_300SA_p01_28_1_17084.d,4096,.d,,,,profile,1,,,positive,107.48180113177645,1100.0100791496186,13.5064,13.5064,2024-03-10T18:08:17-07:00,1,2026-07-07T23:05:24.451939,
60886_1_T_3_WEOM_r3_Mag_10Mar24_300SA_p01_3_1_17228.d,/mnt/home/bmeluch/NMDC/nom_processing/monet_nom/raw/60886_1_T_3_WEOM_r3_Mag_10Mar24_300SA_p01_3_1_17228.d,4096,.d,,,,profile,1,,,positive,107.48180113177645,1100.0100791496186,13.5033,13.5033,2024-03-13T10:49:22-07:00,1,2026-07-08T19:04:59.876031,
60923_15_B_3_WEOM_r2_Mag_04Mar24_300SA_p01_6_1_16904.d,/mnt/home/bmeluch/NMDC/nom_processing/monet_nom/raw/60923_15_B_3_WEOM_r2_Mag_04Mar24_300SA_p01_6_1_16904.d,4096,.d,,,,profile,1,,,positive,107.48180113177645,1100.0100791496186,13.5101,13.5101,2024-03-06T16:55:47-08:00,1,2026-07-07T20:19:36.907162,
QC_SRFAII_23_01_10ppm_WEOM_r1_Mag_10May24_300SA_p01_54_1_18261.d,/mnt/home/bmeluch/NMDC/nom_processing/monet_nom/raw/QC_SRFAII_23_01_10ppm_WEOM_r1_Mag_10May24_300SA_p01_54_1_18261.d,4096,.d,,,,profile,1,,,positive,107.48176053607425,1100.0087441989122,13.5074,13.5074,2024-05-10T15:23:01-07:00,1,2026-06-30T22:48:53.627256,
60942_6_T_3_WEOM_r2_Mag_07Mar24_300SA_p01_32_1_17059.d,/mnt/home/bmeluch/NMDC/nom_processing/monet_nom/raw/60942_6_T_3_WEOM_r2_Mag_07Mar24_300SA_p01_32_1_17059.d,4096,.d,,,,profile,1,,,positive,107.48180113177645,1100.0100791496186,13.503,13.503,2024-03-09T22:04:17-08:00,1,2026-07-07T22:40:01.612494,
60923_16_B_3_WEOM_r2_Mag_04Mar24_300SA_p01_12_1_16886.d,/mnt/home/bmeluch/NMDC/nom_processing/monet_nom/raw/60923_16_B_3_WEOM_r2_Mag_04Mar24_300SA_p01_12_1_16886.d,4096,.d,,,,profile,1,,,positive,107.48180113177645,1100.0100791496186,13.503,13.503,2024-03-06T08:57:11-08:00,1,2026-07-07T20:10:31.617589,
60923_18_T_2_WEOM_r1_Mag_04Mar24_300SA_p01_20_1_16830.d,/mnt/home/bmeluch/NMDC/nom_processing/monet_nom/raw/60923_18_T_2_WEOM_r1_Mag_04Mar24_300SA_p01_20_1_16830.d,4096,.d,,,,profile,1,,,positive,107.48180113177645,1100.0100791496186,13.5004,13.5004,2024-03-05T08:08:06-08:00,1,2026-07-07T19:45:20.693011,
QC_SRFAII_20ppm_04Jan24_Mag_2w_8M_300SA_p01_54_1_14412.d,/mnt/home/bmeluch/NMDC/nom_processing/monet_nom/raw/QC_SRFAII_20ppm_04Jan24_Mag_2w_8M_300SA_p01_54_1_14412.d,4096,.d,,,,profile,1,,,positive,107.48179178061193,1100.0101587804602,13.501,13.501,2024-01-04T14:31:23-08:00,1,2026-06-30T22:48:53.782064,
QC_SRFAII_23_01_10ppm_WEOM_r3_Mag_10Mar24_300SA_p01_54_1_17129.d,/mnt/home/bmeluch/NMDC/nom_processing/monet_nom/raw/QC_SRFAII_23_01_10ppm_WEOM_r3_Mag_10Mar24_300SA_p01_54_1_17129.d,4096,.d,,,,profile,1,,,positive,107.48180113177645,1100.0100791496186,13.5038,13.5038,2024-03-11T14:57:01-07:00,1,2026-06-30T22:48:53.893974,
60923_20_B_2_WEOM_r3_Mag_04Mar24_300SA_p01_35_1_16911.d,/mnt/home/bmeluch/NMDC/nom_processing/monet_nom/raw/60923_20_B_2_WEOM_r3_Mag_04Mar24_300SA_p01_35_1_16911.d,4096,.d,,,,profile,1,,,positive,107.48180113177645,1100.0100791496186,13.5033,13.5033,2024-03-06T20:01:55-08:00,1,2026-07-07T20:24:29.179509,
60942_1_B_1_WEOM_r2_Mag_07Mar24_300SA_p01_4_1_17021.d,/mnt/home/bmeluch/NMDC/nom_processing/monet_nom/raw/60942_1_B_1_WEOM_r2_Mag_07Mar24_300SA_p01_4_1_17021.d,4096,.d,,,,profile,1,,,positive,107.48180113177645,1100.0100791496186,13.5033,13.5033,2024-03-08T21:21:24-08:00,1,2026-07-07T22:23:39.289386,
60942_4_T_2_WEOM_r1_Mag_07Mar24_300SA_p01_19_1_17008.d,/mnt/home/bmeluch/NMDC/nom_processing/monet_nom/raw/60942_4_T_2_WEOM_r1_Mag_07Mar24_300SA_p01_19_1_17008.d,4096,.d,,,,profile,1,,,positive,107.48180113177645,1100.0100791496186,13.5033,13.5033,2024-03-08T15:35:44-08:00,1,2026-07-07T22:18:02.246621,
QC_SRFAII_23_01_20ppm_r1_Mag_21Dec23_300SA_p01_54_1_14030.d,/mnt/home/bmeluch/NMDC/nom_processing/monet_nom/raw/QC_SRFAII_23_01_20ppm_r1_Mag_21Dec23_300SA_p01_54_1_14030.d,4096,.d,,,,profile,1,,,positive,107.48177329930104,1100.0111549919834,13.5033,13.5033,2023-12-22T11:53:34-08:00,1,2026-06-30T22:48:53.998041,
QC_SRFAII_23_01_10ppm_r3_Mag_24Feb24_300SA_p01_54_1_15974.d,/mnt/home/bmeluch/NMDC/nom_processing/monet_nom/raw/QC_SRFAII_23_01_10ppm_r3_Mag_24Feb24_300SA_p01_54_1_15974.d,4096,.d,,,,profile,1,,,positive,107.48178890824485,1100.010132222054,13.5006,13.5006,2024-02-25T14:46:44-08:00,1,2026-06-30T22:48:54.099540,
60923_18_B_2_WEOM_r2_Mag_04Mar24_300SA_p01_23_1_16861.d,/mnt/home/bmeluch/NMDC/nom_processing/monet_nom/raw/60923_18_B_2_WEOM_r2_Mag_04Mar24_300SA_p01_23_1_16861.d,4096,.d,,,,profile,1,,,positive,107.48180113177645,1100.0100791496186,13.5031,13.5031,2024-03-05T21:52:28-08:00,1,2026-07-07T19:58:49.491399,
60942_2_T_1_WEOM_r2_Mag_07Mar24_300SA_p01_7_1_17048.d,/mnt/home/bmeluch/NMDC/nom_processing/monet_nom/raw/60942_2_T_1_WEOM_r2_Mag_07Mar24_300SA_p01_7_1_17048.d,4096,.d,,,,profile,1,,,positive,107.48180113177645,1100.0100791496186,13.5064,13.5064,2024-03-09T17:11:46-08:00,1,2026-07-07T22:34:35.249934,
60886_4_B_2_WEOM_r1_Mag_10Mar24_300SA_p01_23_1_17159.d,/mnt/home/bmeluch/NMDC/nom_processing/monet_nom/raw/60886_4_B_2_WEOM_r1_Mag_10Mar24_300SA_p01_23_1_17159.d,4096,.d,,,,profile,1,,,positive,107.48180113177645,1100.0100791496186,13.5031,13.5031,2024-03-12T04:14:42-07:00,1,2026-07-08T17:58:23.832326,
60923_19_B_3_WEOM_r3_Mag_04Mar24_300SA_p01_30_1_16942.d,/mnt/home/bmeluch/NMDC/nom_processing/monet_nom/raw/60923_19_B_3_WEOM_r3_Mag_04Mar24_300SA_p01_30_1_16942.d,4096,.d,,,,profile,1,,,positive,107.48180113177645,1100.0100791496186,13.503,13.503,2024-03-07T09:46:14-08:00,1,2026-07-07T21:10:50.003300,
QC_SRFAII_23_01_10ppm_WEOM_r2_Mag_10May24_300SA_p01_54_1_18328.d,/mnt/home/bmeluch/NMDC/nom_processing/monet_nom/raw/QC_SRFAII_23_01_10ppm_WEOM_r2_Mag_10May24_300SA_p01_54_1_18328.d,4096,.d,,,,profile,1,,,positive,107.48176053607425,1100.0087441989122,13.5035,13.5035,2024-05-11T21:04:36-07:00,1,2026-06-30T22:48:54.173038,
QC_SRFAII_23_01_10ppm_r3_Mag_12Feb24_300SA_p01_54_1_15202.d,/mnt/home/bmeluch/NMDC/nom_processing/monet_nom/raw/QC_SRFAII_23_01_10ppm_r3_Mag_12Feb24_300SA_p01_54_1_15202.d,4096,.d,,,,profile,1,,,positive,107.48184601456877,1100.0107270915814,13.5007,13.5007,2024-02-15T22:19:39-08:00,1,2026-06-30T22:48:54.294446,
QC_SRFAII_23_01_10ppm_WEOM_r1_Mag_07Mar24_300SA_p01_54_1_17012.d,/mnt/home/bmeluch/NMDC/nom_processing/monet_nom/raw/QC_SRFAII_23_01_10ppm_WEOM_r1_Mag_07Mar24_300SA_p01_54_1_17012.d,4096,.d,,,,profile,1,,,positive,107.48180113177645,1100.0100791496186,13.5031,13.5031,2024-03-08T17:22:06-08:00,1,2026-06-30T22:48:54.609128,
60923_15_T_2_WEOM_r1_Mag_04Mar24_300SA_p01_2_1_16796.d,/mnt/home/bmeluch/NMDC/nom_processing/monet_nom/raw/60923_15_T_2_WEOM_r1_Mag_04Mar24_300SA_p01_2_1_16796.d,4096,.d,,,,profile,1,,,positive,107.48180113177645,1100.0100791496186,13.5064,13.5064,2024-03-04T17:04:03-08:00,1,2026-07-07T19:29:20.566210,
QC_SRFAII_23_01_20ppm_r2_Mag_04Jan24_300SA_p01_52_1_14575.d,/mnt/home/bmeluch/NMDC/nom_processing/monet_nom/raw/QC_SRFAII_23_01_20ppm_r2_Mag_04Jan24_300SA_p01_52_1_14575.d,4096,.d,,,,profile,1,,,positive,107.48179178061193,1100.0101587804602,13.501,13.501,2024-01-07T14:45:49-08:00,1,2026-06-30T22:48:54.484353,
60942_4_T_1_WEOM_r3_Mag_07Mar24_300SA_p01_18_1_17067.d,/mnt/home/bmeluch/NMDC/nom_processing/monet_nom/raw/60942_4_T_1_WEOM_r3_Mag_07Mar24_300SA_p01_18_1_17067.d,4096,.d,,,,profile,1,,,positive,107.48180113177645,1100.0100791496186,13.5033,13.5033,2024-03-10T01:37:08-08:00,1,2026-07-07T22:43:05.346474,
QC_SRFAII_23_01_10ppm_WEOM_r3_Mag_10May24_300SA_p01_54_1_18350.d,/mnt/home/bmeluch/NMDC/nom_processing/monet_nom/raw/QC_SRFAII_23_01_10ppm_WEOM_r3_Mag_10May24_300SA_p01_54_1_18350.d,4096,.d,,,,profile,1,,,positive,107.48176053607425,1100.0087441989122,13.5031,13.5031,2024-05-12T06:49:37-07:00,1,2026-06-30T22:48:54.678909,
60942_2_T_2_WEOM_r3_Mag_07Mar24_300SA_p01_8_1_17087.d,/mnt/home/bmeluch/NMDC/nom_processing/monet_nom/raw/60942_2_T_2_WEOM_r3_Mag_07Mar24_300SA_p01_8_1_17087.d,4096,.d,,,,profile,1,,,positive,107.48180113177645,1100.0100791496186,13.5032,13.5032,2024-03-10T19:28:04-07:00,1,2026-07-07T23:08:25.420248,
60923_20_B_2_WEOM_r1_Mag_04Mar24_300SA_p01_35_1_16838.d,/mnt/home/bmeluch/NMDC/nom_processing/monet_nom/raw/60923_20_B_2_WEOM_r1_Mag_04Mar24_300SA_p01_35_1_16838.d,4096,.d,,,,profile,1,,,positive,107.48180113177645,1100.0100791496186,13.5031,13.5031,2024-03-05T11:40:51-08:00,1,2026-07-07T19:48:10.826901,
60886_1_T_2_WEOM_r2_Mag_10Mar24_300SA_p01_2_1_17212.d,/mnt/home/bmeluch/NMDC/nom_processing/monet_nom/raw/60886_1_T_2_WEOM_r2_Mag_10Mar24_300SA_p01_2_1_17212.d,4096,.d,,,,profile,1,,,positive,107.48180113177645,1100.0100791496186,13.5029,13.5029,2024-03-13T03:43:57-07:00,1,2026-07-08T18:47:11.464918,
QC_SRFAII_23_01_10ppm_r3_Mag_16Feb24_300SA_p01_54_1_15427.d,/mnt/home/bmeluch/NMDC/nom_processing/monet_nom/raw/QC_SRFAII_23_01_10ppm_r3_Mag_16Feb24_300SA_p01_54_1_15427.d,4096,.d,,,,profile,1,,,positive,107.48184601456877,1100.0107270915814,13.5009,13.5009,2024-02-20T12:14:21-08:00,1,2026-06-30T22:48:54.801336,
60942_5_B_3_WEOM_r2_Mag_07Mar24_300SA_p01_29_1_17042.d,/mnt/home/bmeluch/NMDC/nom_processing/monet_nom/raw/60942_5_B_3_WEOM_r2_Mag_07Mar24_300SA_p01_29_1_17042.d,4096,.d,,,,profile,1,,,positive,107.48180113177645,1100.0100791496186,13.5032,13.5032,2024-03-09T14:32:13-08:00,1,2026-07-07T22:31:34.141102,
60942_5_T_2_WEOM_r3_Mag_07Mar24_300SA_p01_25_1_17103.d,/mnt/home/bmeluch/NMDC/nom_processing/monet_nom/raw/60942_5_T_2_WEOM_r3_Mag_07Mar24_300SA_p01_25_1_17103.d,4096,.d,,,,profile,1,,,positive,107.48180113177645,1100.0100791496186,13.5033,13.5033,2024-03-11T02:33:30-07:00,1,2026-07-08T17:15:16.401876,
QC_SRFAII_23_01_10ppm_r3_Mag_21Feb24_300SA_p01_54_1_15512.d,/mnt/home/bmeluch/NMDC/nom_processing/monet_nom/raw/QC_SRFAII_23_01_10ppm_r3_Mag_21Feb24_300SA_p01_54_1_15512.d,4096,.d,,,,profile,1,,,positive,107.48184601456877,1100.0107270915814,13.5003,13.5003,2024-02-22T15:10:00-08:00,1,2026-06-30T22:48:54.913855,
60886_2_T_2_WEOM_r2_Mag_10Mar24_300SA_p01_8_1_17219.d,/mnt/home/bmeluch/NMDC/nom_processing/monet_nom/raw/60886_2_T_2_WEOM_r2_Mag_10Mar24_300SA_p01_8_1_17219.d,4096,.d,,,,profile,1,,,positive,107.48180113177645,1100.0100791496186,13.5035,13.5035,2024-03-13T06:50:04-07:00,1,2026-07-08T18:54:31.976398,
QC_SRFAII_23_01_20ppm_r3_Mag_21Dec23_300SA_p01_54_1_14164.d,/mnt/home/bmeluch/NMDC/nom_processing/monet_nom/raw/QC_SRFAII_23_01_20ppm_r3_Mag_21Dec23_300SA_p01_54_1_14164.d,4096,.d,,,,profile,1,,,positive,107.48177329930104,1100.0111549919834,13.5043,13.5043,2023-12-26T00:24:11-08:00,1,2026-06-30T22:48:55.148562,
QC_SRFAII_23_01_10ppm_r3_Mag_18Jan24_300SA_p01_52_1_15009.d,/mnt/home/bmeluch/NMDC/nom_processing/monet_nom/raw/QC_SRFAII_23_01_10ppm_r3_Mag_18Jan24_300SA_p01_52_1_15009.d,4096,.d,,,,profile,1,,,positive,107.48179757328572,1100.0105127507268,13.5109,13.5109,2024-01-24T12:54:35-08:00,1,2026-06-30T22:48:55.026693,
60923_21_B_1_WEOM_r3_Mag_04Mar24_300SA_p01_40_1_16910.d,/mnt/home/bmeluch/NMDC/nom_processing/monet_nom/raw/60923_21_B_1_WEOM_r3_Mag_04Mar24_300SA_p01_40_1_16910.d,4096,.d,,,,profile,1,,,positive,107.48180113177645,1100.0100791496186,13.5029,13.5029,2024-03-06T19:35:19-08:00,1,2026-07-07T20:22:55.991434,
60942_5_B_2_WEOM_r1_Mag_07Mar24_300SA_p01_28_1_16997.d,/mnt/home/bmeluch/NMDC/nom_processing/monet_nom/raw/60942_5_B_2_WEOM_r1_Mag_07Mar24_300SA_p01_28_1_16997.d,4096,.d,,,,profile,1,,,positive,107.48180113177645,1100.0100791496186,13.5032,13.5032,2024-03-08T10:41:52-08:00,1,2026-07-07T22:12:29.152595,
60942_6_B_3_WEOM_r3_Mag_07Mar24_300SA_p01_35_1_17105.d,/mnt/home/bmeluch/NMDC/nom_processing/monet_nom/raw/60942_6_B_3_WEOM_r3_Mag_07Mar24_300SA_p01_35_1_17105.d,4096,.d,,,,profile,1,,,positive,107.48180113177645,1100.0100791496186,13.5031,13.5031,2024-03-11T03:26:41-07:00,1,2026-07-08T17:18:02.095524,
60923_15_T_1_WEOM_r1_Mag_04Mar24_300SA_p01_1_1_16844.d,/mnt/home/bmeluch/NMDC/nom_processing/monet_nom/raw/60923_15_T_1_WEOM_r1_Mag_04Mar24_300SA_p01_1_1_16844.d,4096,.d,,,,profile,1,,,positive,107.48180113177645,1100.0100791496186,13.5038,13.5038,2024-03-05T14:20:22-08:00,1,2026-07-07T19:51:05.235211,
60886_2_B_1_WEOM_r3_Mag_10Mar24_300SA_p01_10_1_17260.d,/mnt/home/bmeluch/NMDC/nom_processing/monet_nom/raw/60886_2_B_1_WEOM_r3_Mag_10Mar24_300SA_p01_10_1_17260.d,4096,.d,,,,profile,1,,,positive,107.48180113177645,1100.0100791496186,13.5036,13.5036,2024-03-14T01:00:12-07:00,1,2026-07-08T19:34:43.765923,
60942_6_T_2_WEOM_r3_Mag_07Mar24_300SA_p01_31_1_17099.d,/mnt/home/bmeluch/NMDC/nom_processing/monet_nom/raw/60942_6_T_2_WEOM_r3_Mag_07Mar24_300SA_p01_31_1_17099.d,4096,.d,,,,profile,1,,,positive,107.48180113177645,1100.0100791496186,13.5028,13.5028,2024-03-11T00:47:08-07:00,1,2026-07-08T17:11:05.863741,
60923_20_B_1_WEOM_r3_Mag_04Mar24_300SA_p01_34_1_16958.d,/mnt/home/bmeluch/NMDC/nom_processing/monet_nom/raw/60923_20_B_1_WEOM_r3_Mag_04Mar24_300SA_p01_34_1_16958.d,4096,.d,,,,profile,1,,,positive,107.48180113177645,1100.0100791496186,13.5034,13.5034,2024-03-07T17:24:50-08:00,1,2026-07-07T21:47:26.439412,
60923_20_B_1_WEOM_r1_Mag_04Mar24_300SA_p01_34_1_16833.d,/mnt/home/bmeluch/NMDC/nom_processing/monet_nom/raw/60923_20_B_1_WEOM_r1_Mag_04Mar24_300SA_p01_34_1_16833.d,4096,.d,,,,profile,1,,,positive,107.48180113177645,1100.0100791496186,13.5035,13.5035,2024-03-05T09:27:52-08:00,1,2026-07-07T19:46:28.793685,
60886_2_B_3_WEOM_r1_Mag_10Mar24_300SA_p01_12_1_17171.d,/mnt/home/bmeluch/NMDC/nom_processing/monet_nom/raw/60886_2_B_3_WEOM_r1_Mag_10Mar24_300SA_p01_12_1_17171.d,4096,.d,,,,profile,1,,,positive,107.48180113177645,1100.0100791496186,13.5038,13.5038,2024-03-12T09:33:48-07:00,1,2026-07-08T18:08:15.261603,
60923_19_B_2_WEOM_r3_Mag_04Mar24_300SA_p01_29_1_16927.d,/mnt/home/bmeluch/NMDC/nom_processing/monet_nom/raw/60923_19_B_2_WEOM_r3_Mag_04Mar24_300SA_p01_29_1_16927.d,4096,.d,,,,profile,1,,,positive,107.48180113177645,1100.0100791496186,13.5031,13.5031,2024-03-07T03:07:22-08:00,1,2026-07-07T20:43:55.086166,
60942_4_B_2_WEOM_r1_Mag_07Mar24_300SA_p01_22_1_16977.d,/mnt/home/bmeluch/NMDC/nom_processing/monet_nom/raw/60942_4_B_2_WEOM_r1_Mag_07Mar24_300SA_p01_22_1_16977.d,4096,.d,,,,profile,1,,,positive,107.48180113177645,1100.0100791496186,13.5032,13.5032,2024-03-08T01:50:03-08:00,1,2026-07-07T22:03:11.353780,
QC_SRFAII_23_01_20ppm_r0_Mag_04Jan24_300SA_p01_54_1_14417.d,/mnt/home/bmeluch/NMDC/nom_processing/monet_nom/raw/QC_SRFAII_23_01_20ppm_r0_Mag_04Jan24_300SA_p01_54_1_14417.d,4096,.d,,,,profile,1,,,positive,107.48179178061193,1100.0101587804602,13.5012,13.5012,2024-01-04T16:44:21-08:00,1,2026-06-30T22:48:55.265140,
60942_2_T_2_WEOM_r1_Mag_07Mar24_300SA_p01_8_1_16971.d,/mnt/home/bmeluch/NMDC/nom_processing/monet_nom/raw/60942_2_T_2_WEOM_r1_Mag_07Mar24_300SA_p01_8_1_16971.d,4096,.d,,,,profile,1,,,positive,107.48180113177645,1100.0100791496186,13.5035,13.5035,2024-03-07T23:10:30-08:00,1,2026-07-07T21:58:04.004682,
QC_SRFAII_23_01_10ppm_WEOM_r1_Mag_07Mar24_300SA_p02_54_1_16990.d,/mnt/home/bmeluch/NMDC/nom_processing/monet_nom/raw/QC_SRFAII_23_01_10ppm_WEOM_r1_Mag_07Mar24_300SA_p02_54_1_16990.d,4096,.d,,,,profile,1,,,positive,107.48180113177645,1100.0100791496186,13.5034,13.5034,2024-03-08T07:35:44-08:00,1,2026-06-30T22:48:55.417540,
60942_2_B_3_WEOM_r3_Mag_07Mar24_300SA_p01_12_1_17090.d,/mnt/home/bmeluch/NMDC/nom_processing/monet_nom/raw/60942_2_B_3_WEOM_r3_Mag_07Mar24_300SA_p01_12_1_17090.d,4096,.d,,,,profile,1,,,positive,107.48180113177645,1100.0100791496186,13.5034,13.5034,2024-03-10T20:47:50-07:00,1,2026-07-07T23:20:44.330426,
60923_16_B_3_WEOM_r3_Mag_04Mar24_300SA_p01_12_1_16933.d,/mnt/home/bmeluch/NMDC/nom_processing/monet_nom/raw/60923_16_B_3_WEOM_r3_Mag_04Mar24_300SA_p01_12_1_16933.d,4096,.d,,,,profile,1,,,positive,107.48180113177645,1100.0100791496186,13.5032,13.5032,2024-03-07T05:46:55-08:00,1,2026-07-07T20:58:15.428401,
60886_6_B_3_WEOM_r3_Mag_10Mar24_300SA_p01_36_1_17229.d,/mnt/home/bmeluch/NMDC/nom_processing/monet_nom/raw/60886_6_B_3_WEOM_r3_Mag_10Mar24_300SA_p01_36_1_17229.d,4096,.d,,,,profile,1,,,positive,107.48180113177645,1100.0100791496186,13.5033,13.5033,2024-03-13T11:15:57-07:00,1,2026-07-08T19:06:27.088273,
60923_15_T_2_WEOM_r3_Mag_04Mar24_300SA_p01_2_1_16915.d,/mnt/home/bmeluch/NMDC/nom_processing/monet_nom/raw/60923_15_T_2_WEOM_r3_Mag_04Mar24_300SA_p01_2_1_16915.d,4096,.d,,,,profile,1,,,positive,107.48180113177645,1100.0100791496186,13.4997,13.4997,2024-03-06T21:48:17-08:00,1,2026-07-07T20:26:26.019568,
60886_1_T_2_WEOM_r1_Mag_10Mar24_300SA_p01_2_1_17151.d,/mnt/home/bmeluch/NMDC/nom_processing/monet_nom/raw/60886_1_T_2_WEOM_r1_Mag_10Mar24_300SA_p01_2_1_17151.d,4096,.d,,,,profile,1,,,positive,107.48180113177645,1100.0100791496186,13.5035,13.5035,2024-03-12T00:41:58-07:00,1,2026-07-08T17:49:39.898956,
60923_16_T_3_WEOM_r2_Mag_04Mar24_300SA_p01_9_1_16860.d,/mnt/home/bmeluch/NMDC/nom_processing/monet_nom/raw/60923_16_T_3_WEOM_r2_Mag_04Mar24_300SA_p01_9_1_16860.d,4096,.d,,,,profile,1,,,positive,107.48180113177645,1100.0100791496186,13.503,13.503,2024-03-05T21:25:51-08:00,1,2026-07-07T19:58:11.951386,
QC_SRFAII_23_01_10ppm_WEOM_r1_Mag_01May24_300SA_p01_54_1_18086.d,/mnt/home/bmeluch/NMDC/nom_processing/monet_nom/raw/QC_SRFAII_23_01_10ppm_WEOM_r1_Mag_01May24_300SA_p01_54_1_18086.d,4096,.d,,,,profile,1,,,positive,107.48176053607425,1100.0087441989122,13.5029,13.5029,2024-05-03T09:43:35-07:00,1,2026-06-30T22:48:55.590476,
60886_3_B_1_WEOM_r2_Mag_10Mar24_300SA_p01_16_1_17194.d,/mnt/home/bmeluch/NMDC/nom_processing/monet_nom/raw/60886_3_B_1_WEOM_r2_Mag_10Mar24_300SA_p01_16_1_17194.d,4096,.d,,,,profile,1,,,positive,107.48180113177645,1100.0100791496186,13.5029,13.5029,2024-03-12T19:45:20-07:00,1,2026-07-08T18:31:07.693202,
60942_4_T_3_WEOM_r1_Mag_07Mar24_300SA_p01_20_1_16995.d,/mnt/home/bmeluch/NMDC/nom_processing/monet_nom/raw/60942_4_T_3_WEOM_r1_Mag_07Mar24_300SA_p01_20_1_16995.d,4096,.d,,,,profile,1,,,positive,107.48180113177645,1100.0100791496186,13.5,13.5,2024-03-08T09:48:41-08:00,1,2026-07-07T22:11:15.227984,
QC_SRFAII_23_01_10ppm_r3_Mag_18Jan24_300SA_p01_52_1_14947.d,/mnt/home/bmeluch/NMDC/nom_processing/monet_nom/raw/QC_SRFAII_23_01_10ppm_r3_Mag_18Jan24_300SA_p01_52_1_14947.d,4096,.d,,,,profile,1,,,positive,107.48179757328572,1100.0105127507268,13.503,13.503,2024-01-23T09:25:59-08:00,1,2026-06-30T22:48:55.936542,
60923_21_T_2_WEOM_r1_Mag_04Mar24_300SA_p01_38_1_16822.d,/mnt/home/bmeluch/NMDC/nom_processing/monet_nom/raw/60923_21_T_2_WEOM_r1_Mag_04Mar24_300SA_p01_38_1_16822.d,4096,.d,,,,profile,1,,,positive,107.48180113177645,1100.0100791496186,13.5031,13.5031,2024-03-05T04:35:24-08:00,1,2026-07-07T19:41:31.828781,
60923_19_T_2_WEOM_r2_Mag_04Mar24_300SA_p01_26_1_16899.d,/mnt/home/bmeluch/NMDC/nom_processing/monet_nom/raw/60923_19_T_2_WEOM_r2_Mag_04Mar24_300SA_p01_26_1_16899.d,4096,.d,,,,profile,1,,,positive,107.48180113177645,1100.0100791496186,13.5031,13.5031,2024-03-06T14:42:50-08:00,1,2026-07-07T20:17:38.878783,
60923_17_T_3_WEOM_r1_Mag_04Mar24_300SA_p01_15_1_16808.d,/mnt/home/bmeluch/NMDC/nom_processing/monet_nom/raw/60923_17_T_3_WEOM_r1_Mag_04Mar24_300SA_p01_15_1_16808.d,4096,.d,,,,profile,1,,,positive,107.48180113177645,1100.0100791496186,13.503,13.503,2024-03-04T22:23:10-08:00,1,2026-07-07T19:35:01.114226,
QC_SRFAII_23_01_10ppm_WEOM_r3_Mag_04Mar24_300SA_p01_54_1_16964.d,/mnt/home/bmeluch/NMDC/nom_processing/monet_nom/raw/QC_SRFAII_23_01_10ppm_WEOM_r3_Mag_04Mar24_300SA_p01_54_1_16964.d,4096,.d,,,,profile,1,,,positive,107.48180113177645,1100.0100791496186,13.503,13.503,2024-03-07T20:04:23-08:00,1,2026-06-30T22:48:56.308454,
60923_19_T_2_WEOM_r1_Mag_04Mar24_300SA_p01_26_1_16821.d,/mnt/home/bmeluch/NMDC/nom_processing/monet_nom/raw/60923_19_T_2_WEOM_r1_Mag_04Mar24_300SA_p01_26_1_16821.d,4096,.d,,,,profile,1,,,positive,107.48180113177645,1100.0100791496186,13.5032,13.5032,2024-03-05T04:08:49-08:00,1,2026-07-07T19:40:49.892595,
60886_4_T_3_WEOM_r1_Mag_10Mar24_300SA_p01_21_1_17156.d,/mnt/home/bmeluch/NMDC/nom_processing/monet_nom/raw/60886_4_T_3_WEOM_r1_Mag_10Mar24_300SA_p01_21_1_17156.d,4096,.d,,,,profile,1,,,positive,107.48180113177645,1100.0100791496186,13.5031,13.5031,2024-03-12T02:54:56-07:00,1,2026-07-08T17:55:29.584129,
60886_3_T_3_WEOM_r3_Mag_10Mar24_300SA_p01_15_1_17270.d,/mnt/home/bmeluch/NMDC/nom_processing/monet_nom/raw/60886_3_T_3_WEOM_r3_Mag_10Mar24_300SA_p01_15_1_17270.d,4096,.d,,,,profile,1,,,positive,107.48180113177645,1100.0100791496186,13.5031,13.5031,2024-03-14T05:26:06-07:00,1,2026-07-08T19:46:27.976053,
60923_21_T_1_WEOM_r2_Mag_04Mar24_300SA_p01_37_1_16884.d,/mnt/home/bmeluch/NMDC/nom_processing/monet_nom/raw/60923_21_T_1_WEOM_r2_Mag_04Mar24_300SA_p01_37_1_16884.d,4096,.d,,,,profile,1,,,positive,107.48180113177645,1100.0100791496186,13.5039,13.5039,2024-03-06T08:04:00-08:00,1,2026-07-07T20:09:13.821281,
60886_2_T_1_WEOM_r3_Mag_10Mar24_300SA_p01_7_1_17269.d,/mnt/home/bmeluch/NMDC/nom_processing/monet_nom/raw/60886_2_T_1_WEOM_r3_Mag_10Mar24_300SA_p01_7_1_17269.d,4096,.d,,,,profile,1,,,positive,107.48180113177645,1100.0100791496186,13.5032,13.5032,2024-03-14T04:59:31-07:00,1,2026-07-08T19:44:59.486597,
QC_SRFAII_23_01_20ppm_r0_Mag_04Jan24_300SA_p01_54_1_14418.d,/mnt/home/bmeluch/NMDC/nom_processing/monet_nom/raw/QC_SRFAII_23_01_20ppm_r0_Mag_04Jan24_300SA_p01_54_1_14418.d,4096,.d,,,,profile,1,,,positive,107.48179178061193,1100.0101587804602,13.5046,13.5046,2024-01-04T17:10:56-08:00,1,2026-06-30T22:48:56.453209,
60923_15_T_3_WEOM_r1_Mag_04Mar24_300SA_p01_3_1_16810.d,/mnt/home/bmeluch/NMDC/nom_processing/monet_nom/raw/60923_15_T_3_WEOM_r1_Mag_04Mar24_300SA_p01_3_1_16810.d,4096,.d,,,,profile,1,,,positive,107.48180113177645,1100.0100791496186,13.503,13.503,2024-03-04T23:16:21-08:00,1,2026-07-07T19:35:40.114220,
QC_SRFAII_23_01_10ppm_WEOM_r1_Mag_04Mar24_300SA_p01_54_1_16792.d,/mnt/home/bmeluch/NMDC/nom_processing/monet_nom/raw/QC_SRFAII_23_01_10ppm_WEOM_r1_Mag_04Mar24_300SA_p01_54_1_16792.d,4096,.d,,,,profile,1,,,positive,107.48180113177645,1100.0100791496186,13.5039,13.5039,2024-03-04T15:17:42-08:00,1,2026-06-30T22:48:56.567409,
60886_3_T_1_WEOM_r1_Mag_10Mar24_300SA_p01_13_1_17160.d,/mnt/home/bmeluch/NMDC/nom_processing/monet_nom/raw/60886_3_T_1_WEOM_r1_Mag_10Mar24_300SA_p01_13_1_17160.d,4096,.d,,,,profile,1,,,positive,107.48180113177645,1100.0100791496186,13.5032,13.5032,2024-03-12T04:41:17-07:00,1,2026-07-08T17:59:51.740393,
QC_SRFAII_23_01_10ppm_r1_Mag_21Feb24_300SA_p01_54_1_15474.d,/mnt/home/bmeluch/NMDC/nom_processing/monet_nom/raw/QC_SRFAII_23_01_10ppm_r1_Mag_21Feb24_300SA_p01_54_1_15474.d,4096,.d,,,,profile,1,,,positive,107.48184601456877,1100.0107270915814,13.5041,13.5041,2024-02-21T22:19:34-08:00,1,2026-06-30T22:48:56.708409,
QC_SRFAII_23_01_10ppm_r3_Mag_24Feb24_300SA_p01_54_1_16017.d,/mnt/home/bmeluch/NMDC/nom_processing/monet_nom/raw/QC_SRFAII_23_01_10ppm_r3_Mag_24Feb24_300SA_p01_54_1_16017.d,4096,.d,,,,profile,1,,,positive,107.48178890824485,1100.010132222054,13.5032,13.5032,2024-02-26T09:50:08-08:00,1,2026-06-30T22:48:56.828151,
60923_19_B_2_WEOM_r1_Mag_04Mar24_300SA_p01_29_1_16811.d,/mnt/home/bmeluch/NMDC/nom_processing/monet_nom/raw/60923_19_B_2_WEOM_r1_Mag_04Mar24_300SA_p01_29_1_16811.d,4096,.d,,,,profile,1,,,positive,107.48180113177645,1100.0100791496186,13.503,13.503,2024-03-04T23:42:56-08:00,1,2026-07-07T19:36:19.406220,
QC_SRFAII_23_01_10ppm_r3_Mag_16Feb24_300SA_p01_54_1_15361.d,/mnt/home/bmeluch/NMDC/nom_processing/monet_nom/raw/QC_SRFAII_23_01_10ppm_r3_Mag_16Feb24_300SA_p01_54_1_15361.d,4096,.d,,,,profile,1,,,positive,107.48184601456877,1100.0107270915814,13.5008,13.5008,2024-02-19T06:59:28-08:00,1,2026-06-30T22:48:56.941492,
60923_17_B_3_WEOM_r2_Mag_04Mar24_300SA_p01_18_1_16868.d,/mnt/home/bmeluch/NMDC/nom_processing/monet_nom/raw/60923_17_B_3_WEOM_r2_Mag_04Mar24_300SA_p01_18_1_16868.d,4096,.d,,,,profile,1,,,positive,107.48180113177645,1100.0100791496186,13.5028,13.5028,2024-03-06T00:58:36-08:00,1,2026-07-07T20:02:07.695462,
60942_6_B_2_WEOM_r3_Mag_07Mar24_300SA_p01_34_1_17096.d,/mnt/home/bmeluch/NMDC/nom_processing/monet_nom/raw/60942_6_B_2_WEOM_r3_Mag_07Mar24_300SA_p01_34_1_17096.d,4096,.d,,,,profile,1,,,positive,107.48180113177645,1100.0100791496186,13.5033,13.5033,2024-03-10T23:27:22-07:00,1,2026-07-08T17:08:21.516139,
60886_1_B_3_WEOM_r2_Mag_10Mar24_300SA_p01_6_1_17188.d,/mnt/home/bmeluch/NMDC/nom_processing/monet_nom/raw/60886_1_B_3_WEOM_r2_Mag_10Mar24_300SA_p01_6_1_17188.d,4096,.d,,,,profile,1,,,positive,107.48180113177645,1100.0100791496186,13.5033,13.5033,2024-03-12T17:05:49-07:00,1,2026-07-08T18:25:24.707823,
QC_SRFAII_23_01_10ppm_r3_Mag_16Feb24_300SA_p01_54_1_15341.d,/mnt/home/bmeluch/NMDC/nom_processing/monet_nom/raw/QC_SRFAII_23_01_10ppm_r3_Mag_16Feb24_300SA_p01_54_1_15341.d,4096,.d,,,,profile,1,,,positive,107.48184601456877,1100.0107270915814,13.5008,13.5008,2024-02-18T22:07:41-08:00,1,2026-06-30T22:48:57.054426,
60886_1_B_2_WEOM_r2_Mag_10Mar24_300SA_p01_5_1_17195.d,/mnt/home/bmeluch/NMDC/nom_processing/monet_nom/raw/60886_1_B_2_WEOM_r2_Mag_10Mar24_300SA_p01_5_1_17195.d,4096,.d,,,,profile,1,,,positive,107.48180113177645,1100.0100791496186,13.5033,13.5033,2024-03-12T20:11:56-07:00,1,2026-07-08T18:32:33.149442,
60942_4_B_1_WEOM_r1_Mag_07Mar24_300SA_p01_21_1_17001.d,/mnt/home/bmeluch/NMDC/nom_processing/monet_nom/raw/60942_4_B_1_WEOM_r1_Mag_07Mar24_300SA_p01_21_1_17001.d,4096,.d,,,,profile,1,,,positive,107.48180113177645,1100.0100791496186,13.5035,13.5035,2024-03-08T12:28:14-08:00,1,2026-07-07T22:14:19.313396,
60923_20_B_3_WEOM_r3_Mag_04Mar24_300SA_p01_36_1_16919.d,/mnt/home/bmeluch/NMDC/nom_processing/monet_nom/raw/60923_20_B_3_WEOM_r3_Mag_04Mar24_300SA_p01_36_1_16919.d,4096,.d,,,,profile,1,,,positive,107.48180113177645,1100.0100791496186,13.5032,13.5032,2024-03-06T23:34:39-08:00,1,2026-07-07T20:30:04.819729,
60942_3_B_1_WEOM_r1_Mag_07Mar24_300SA_p01_15_1_16980.d,/mnt/home/bmeluch/NMDC/nom_processing/monet_nom/raw/60942_3_B_1_WEOM_r1_Mag_07Mar24_300SA_p01_15_1_16980.d,4096,.d,,,,profile,1,,,positive,107.48180113177645,1100.0100791496186,13.5032,13.5032,2024-03-08T03:09:49-08:00,1,2026-07-07T22:04:24.222480,
60942_2_B_1_WEOM_r2_Mag_07Mar24_300SA_p01_10_1_17057.d,/mnt/home/bmeluch/NMDC/nom_processing/monet_nom/raw/60942_2_B_1_WEOM_r2_Mag_07Mar24_300SA_p01_10_1_17057.d,4096,.d,,,,profile,1,,,positive,107.48180113177645,1100.0100791496186,13.5033,13.5033,2024-03-09T21:11:07-08:00,1,2026-07-07T22:38:49.047513,
60923_17_B_1_WEOM_r2_Mag_04Mar24_300SA_p01_16_1_16890.d,/mnt/home/bmeluch/NMDC/nom_processing/monet_nom/raw/60923_17_B_1_WEOM_r2_Mag_04Mar24_300SA_p01_16_1_16890.d,4096,.d,,,,profile,1,,,positive,107.48180113177645,1100.0100791496186,13.5031,13.5031,2024-03-06T10:43:32-08:00,1,2026-07-07T20:12:29.849831,
QC_SRFAII_23_01_10ppm_WEOM_r3_Mag_10Mar24_300SA_p01_54_1_17230.d,/mnt/home/bmeluch/NMDC/nom_processing/monet_nom/raw/QC_SRFAII_23_01_10ppm_WEOM_r3_Mag_10Mar24_300SA_p01_54_1_17230.d,4096,.d,,,,profile,1,,,positive,107.48180113177645,1100.0100791496186,13.5031,13.5031,2024-03-13T11:42:32-07:00,1,2026-06-30T22:48:57.193117,
60923_16_B_2_WEOM_r3_Mag_04Mar24_300SA_p01_11_1_16931.d,/mnt/home/bmeluch/NMDC/nom_processing/monet_nom/raw/60923_16_B_2_WEOM_r3_Mag_04Mar24_300SA_p01_11_1_16931.d,4096,.d,,,,profile,1,,,positive,107.48180113177645,1100.0100791496186,13.5033,13.5033,2024-03-07T04:53:45-08:00,1,2026-07-07T20:55:06.005867,
60923_16_T_2_WEOM_r2_Mag_04Mar24_300SA_p01_8_1_16865.d,/mnt/home/bmeluch/NMDC/nom_processing/monet_nom/raw/60923_16_T_2_WEOM_r2_Mag_04Mar24_300SA_p01_8_1_16865.d,4096,.d,,,,profile,1,,,positive,107.48180113177645,1100.0100791496186,13.5029,13.5029,2024-03-05T23:38:49-08:00,1,2026-07-07T20:00:44.715428,
60886_2_T_3_WEOM_r3_Mag_10Mar24_300SA_p01_9_1_17244.d,/mnt/home/bmeluch/NMDC/nom_processing/monet_nom/raw/60886_2_T_3_WEOM_r3_Mag_10Mar24_300SA_p01_9_1_17244.d,4096,.d,,,,profile,1,,,positive,107.48180113177645,1100.0100791496186,13.5064,13.5064,2024-03-13T17:54:47-07:00,1,2026-07-08T19:19:48.519847,
60942_3_B_1_WEOM_r3_Mag_07Mar24_300SA_p01_15_1_17102.d,/mnt/home/bmeluch/NMDC/nom_processing/monet_nom/raw/60942_3_B_1_WEOM_r3_Mag_07Mar24_300SA_p01_15_1_17102.d,4096,.d,,,,profile,1,,,positive,107.48180113177645,1100.0100791496186,13.5063,13.5063,2024-03-11T02:06:54-07:00,1,2026-07-08T17:13:55.213403,
60886_3_B_2_WEOM_r1_Mag_10Mar24_300SA_p01_17_1_17132.d,/mnt/home/bmeluch/NMDC/nom_processing/monet_nom/raw/60886_3_B_2_WEOM_r1_Mag_10Mar24_300SA_p01_17_1_17132.d,4096,.d,,,,profile,1,,,positive,107.48180113177645,1100.0100791496186,13.503,13.503,2024-03-11T16:16:46-07:00,1,2026-07-08T17:30:37.759222,
60923_21_T_1_WEOM_r1_Mag_04Mar24_300SA_p01_37_1_16806.d,/mnt/home/bmeluch/NMDC/nom_processing/monet_nom/raw/60923_21_T_1_WEOM_r1_Mag_04Mar24_300SA_p01_37_1_16806.d,4096,.d,,,,profile,1,,,positive,107.48180113177645,1100.0100791496186,13.5032,13.5032,2024-03-04T21:29:58-08:00,1,2026-07-07T19:33:48.222223,
QC_SRFAII_23_01_10ppm_WEOM_r3_Mag_13May24_300SA_p01_54_1_18414.d,/mnt/home/bmeluch/NMDC/nom_processing/monet_nom/raw/QC_SRFAII_23_01_10ppm_WEOM_r3_Mag_13May24_300SA_p01_54_1_18414.d,4096,.d,,,,profile,1,,,positive,107.48176053607425,1100.0087441989122,13.5036,13.5036,2024-05-13T16:55:52-07:00,1,2026-06-30T22:48:57.259065,
60923_15_B_2_WEOM_r2_Mag_04Mar24_300SA_p01_5_1_16878.d,/mnt/home/bmeluch/NMDC/nom_processing/monet_nom/raw/60923_15_B_2_WEOM_r2_Mag_04Mar24_300SA_p01_5_1_16878.d,4096,.d,,,,profile,1,,,positive,107.48180113177645,1100.0100791496186,13.5035,13.5035,2024-03-06T05:24:27-08:00,1,2026-07-07T20:07:16.608363,
60942_2_T_2_WEOM_r2_Mag_07Mar24_300SA_p01_8_1_17058.d,/mnt/home/bmeluch/NMDC/nom_processing/monet_nom/raw/60942_2_T_2_WEOM_r2_Mag_07Mar24_300SA_p01_8_1_17058.d,4096,.d,,,,profile,1,,,positive,107.48180113177645,1100.0100791496186,13.5031,13.5031,2024-03-09T21:37:42-08:00,1,2026-07-07T22:39:25.456026,
60923_20_T_2_WEOM_r1_Mag_04Mar24_300SA_p01_32_1_16828.d,/mnt/home/bmeluch/NMDC/nom_processing/monet_nom/raw/60923_20_T_2_WEOM_r1_Mag_04Mar24_300SA_p01_32_1_16828.d,4096,.d,,,,profile,1,,,positive,107.48180113177645,1100.0100791496186,13.5032,13.5032,2024-03-05T07:14:55-08:00,1,2026-07-07T19:44:46.177015,
60923_21_B_1_WEOM_r1_Mag_04Mar24_300SA_p01_40_1_16845.d,/mnt/home/bmeluch/NMDC/nom_processing/monet_nom/raw/60923_21_B_1_WEOM_r1_Mag_04Mar24_300SA_p01_40_1_16845.d,4096,.d,,,,profile,1,,,positive,107.48180113177645,1100.0100791496186,13.5066,13.5066,2024-03-05T14:46:59-08:00,1,2026-07-07T19:51:43.723246,
60886_4_T_1_WEOM_r3_Mag_10Mar24_300SA_p01_19_1_17239.d,/mnt/home/bmeluch/NMDC/nom_processing/monet_nom/raw/60886_4_T_1_WEOM_r3_Mag_10Mar24_300SA_p01_19_1_17239.d,4096,.d,,,,profile,1,,,positive,107.48180113177645,1100.0100791496186,13.5033,13.5033,2024-03-13T15:41:50-07:00,1,2026-07-08T19:15:19.390218,
QC_SRFAII_23_01_20ppm_r0_Mag_18Jan24_300SA_p01_52_1_14692.d,/mnt/home/bmeluch/NMDC/nom_processing/monet_nom/raw/QC_SRFAII_23_01_20ppm_r0_Mag_18Jan24_300SA_p01_52_1_14692.d,4096,.d,,,,profile,1,,,positive,107.48179757328572,1100.0105127507268,13.5042,13.5042,2024-01-18T16:25:02-08:00,1,2026-06-30T22:48:57.473891,
QC_SRFAII_23_01_10ppm_r3_Mag_18Jan24_300SA_p01_52_1_14963.d,/mnt/home/bmeluch/NMDC/nom_processing/monet_nom/raw/QC_SRFAII_23_01_10ppm_r3_Mag_18Jan24_300SA_p01_52_1_14963.d,4096,.d,,,,profile,1,,,positive,107.48179757328572,1100.0105127507268,13.5041,13.5041,2024-01-23T16:31:26-08:00,1,2026-06-30T22:48:57.737986,
60923_17_B_3_WEOM_r1_Mag_04Mar24_300SA_p01_18_1_16798.d,/mnt/home/bmeluch/NMDC/nom_processing/monet_nom/raw/60923_17_B_3_WEOM_r1_Mag_04Mar24_300SA_p01_18_1_16798.d,4096,.d,,,,profile,1,,,positive,107.48180113177645,1100.0100791496186,13.4998,13.4998,2024-03-04T17:57:15-08:00,1,2026-07-07T19:30:39.166211,
60942_4_B_3_WEOM_r2_Mag_07Mar24_300SA_p01_23_1_17018.d,/mnt/home/bmeluch/NMDC/nom_processing/monet_nom/raw/60942_4_B_3_WEOM_r2_Mag_07Mar24_300SA_p01_23_1_17018.d,4096,.d,,,,profile,1,,,positive,107.48180113177645,1100.0100791496186,13.5035,13.5035,2024-03-08T20:01:37-08:00,1,2026-07-07T22:21:49.376035,
QC_SRFAII_23_01_10ppm_WEOM_r3_Mag_01May24_300SA_p01_54_1_18216.d,/mnt/home/bmeluch/NMDC/nom_processing/monet_nom/raw/QC_SRFAII_23_01_10ppm_WEOM_r3_Mag_01May24_300SA_p01_54_1_18216.d,4096,.d,,,,profile,1,,,positive,107.48176053607425,1100.0087441989122,13.5031,13.5031,2024-05-05T19:20:28-07:00,1,2026-06-30T22:48:57.834369,
60886_2_B_2_WEOM_r3_Mag_10Mar24_300SA_p01_11_1_17267.d,/mnt/home/bmeluch/NMDC/nom_processing/monet_nom/raw/60886_2_B_2_WEOM_r3_Mag_10Mar24_300SA_p01_11_1_17267.d,4096,.d,,,,profile,1,,,positive,107.48180113177645,1100.0100791496186,13.4994,13.4994,2024-03-14T04:06:20-07:00,1,2026-07-08T19:42:04.174238,
60923_18_T_3_WEOM_r3_Mag_04Mar24_300SA_p01_21_1_16950.d,/mnt/home/bmeluch/NMDC/nom_processing/monet_nom/raw/60923_18_T_3_WEOM_r3_Mag_04Mar24_300SA_p01_21_1_16950.d,4096,.d,,,,profile,1,,,positive,107.48180113177645,1100.0100791496186,13.5031,13.5031,2024-03-07T13:52:03-08:00,1,2026-07-07T21:23:54.023146,
60886_5_B_3_WEOM_r3_Mag_10Mar24_300SA_p01_30_1_17265.d,/mnt/home/bmeluch/NMDC/nom_processing/monet_nom/raw/60886_5_B_3_WEOM_r3_Mag_10Mar24_300SA_p01_30_1_17265.d,4096,.d,,,,profile,1,,,positive,107.48180113177645,1100.0100791496186,13.5035,13.5035,2024-03-14T03:13:09-07:00,1,2026-07-08T19:40:36.774200,
QC_SRFAII_23_01_20ppm_r1_Mag_18Jan24_300SA_p01_54_1_14775.d,/mnt/home/bmeluch/NMDC/nom_processing/monet_nom/raw/QC_SRFAII_23_01_20ppm_r1_Mag_18Jan24_300SA_p01_54_1_14775.d,4096,.d,,,,profile,1,,,positive,107.48179757328572,1100.0105127507268,13.5007,13.5007,2024-01-20T05:12:10-08:00,1,2026-06-30T22:48:58.171891,
60942_5_T_3_WEOM_r3_Mag_07Mar24_300SA_p01_26_1_17095.d,/mnt/home/bmeluch/NMDC/nom_processing/monet_nom/raw/60942_5_T_3_WEOM_r3_Mag_07Mar24_300SA_p01_26_1_17095.d,4096,.d,,,,profile,1,,,positive,107.48180113177645,1100.0100791496186,13.5032,13.5032,2024-03-10T23:00:47-07:00,1,2026-07-07T23:29:43.246477,
60923_16_T_1_WEOM_r1_Mag_04Mar24_300SA_p01_7_1_16797.d,/mnt/home/bmeluch/NMDC/nom_processing/monet_nom/raw/60923_16_T_1_WEOM_r1_Mag_04Mar24_300SA_p01_7_1_16797.d,4096,.d,,,,profile,1,,,positive,107.48180113177645,1100.0100791496186,13.4999,13.4999,2024-03-04T17:30:39-08:00,1,2026-07-07T19:30:00.110195,
60923_20_B_3_WEOM_r1_Mag_04Mar24_300SA_p01_36_1_16795.d,/mnt/home/bmeluch/NMDC/nom_processing/monet_nom/raw/60923_20_B_3_WEOM_r1_Mag_04Mar24_300SA_p01_36_1_16795.d,4096,.d,,,,profile,1,,,positive,107.48180113177645,1100.0100791496186,13.5032,13.5032,2024-03-04T16:37:28-08:00,1,2026-07-07T19:28:41.090177,
QC_SRFAII_23_01_10ppm_WEOM_r3_Mag_01May24_300SA_p01_54_1_18194.d,/mnt/home/bmeluch/NMDC/nom_processing/monet_nom/raw/QC_SRFAII_23_01_10ppm_WEOM_r3_Mag_01May24_300SA_p01_54_1_18194.d,4096,.d,,,,profile,1,,,positive,107.48176053607425,1100.0087441989122,13.5033,13.5033,2024-05-05T09:35:26-07:00,1,2026-06-30T22:48:58.227260,
60923_18_B_1_WEOM_r2_Mag_04Mar24_300SA_p01_22_1_16866.d,/mnt/home/bmeluch/NMDC/nom_processing/monet_nom/raw/60923_18_B_1_WEOM_r2_Mag_04Mar24_300SA_p01_22_1_16866.d,4096,.d,,,,profile,1,,,positive,107.48180113177645,1100.0100791496186,13.5031,13.5031,2024-03-06T00:05:24-08:00,1,2026-07-07T20:01:25.059444,
QC_SRFAII_23_01_20ppm_r1_Mag_04Jan24_300SA_p01_54_1_14440.d,/mnt/home/bmeluch/NMDC/nom_processing/monet_nom/raw/QC_SRFAII_23_01_20ppm_r1_Mag_04Jan24_300SA_p01_54_1_14440.d,4096,.d,,,,profile,1,,,positive,107.48179178061193,1100.0101587804602,13.5044,13.5044,2024-01-05T02:55:54-08:00,1,2026-06-30T22:48:58.580154,
60886_5_B_3_WEOM_r2_Mag_10Mar24_300SA_p01_30_1_17181.d,/mnt/home/bmeluch/NMDC/nom_processing/monet_nom/raw/60886_5_B_3_WEOM_r2_Mag_10Mar24_300SA_p01_30_1_17181.d,4096,.d,,,,profile,1,,,positive,107.48180113177645,1100.0100791496186,13.503,13.503,2024-03-12T13:59:42-07:00,1,2026-07-08T18:19:40.049141,
QC_SRFAII_23_01_10ppm_r2_Mag_16Feb24_300SA_p01_54_1_15321.d,/mnt/home/bmeluch/NMDC/nom_processing/monet_nom/raw/QC_SRFAII_23_01_10ppm_r2_Mag_16Feb24_300SA_p01_54_1_15321.d,4096,.d,,,,profile,1,,,positive,107.48184601456877,1100.0107270915814,13.5008,13.5008,2024-02-18T04:12:25-08:00,1,2026-06-30T22:48:58.811089,
60886_3_T_1_WEOM_r3_Mag_10Mar24_300SA_p01_13_1_17264.d,/mnt/home/bmeluch/NMDC/nom_processing/monet_nom/raw/60886_3_T_1_WEOM_r3_Mag_10Mar24_300SA_p01_13_1_17264.d,4096,.d,,,,profile,1,,,positive,107.48180113177645,1100.0100791496186,13.4995,13.4995,2024-03-14T02:46:33-07:00,1,2026-07-08T19:39:09.274136,
60923_18_B_1_WEOM_r3_Mag_04Mar24_300SA_p01_22_1_16906.d,/mnt/home/bmeluch/NMDC/nom_processing/monet_nom/raw/60923_18_B_1_WEOM_r3_Mag_04Mar24_300SA_p01_22_1_16906.d,4096,.d,,,,profile,1,,,positive,107.48180113177645,1100.0100791496186,13.5062,13.5062,2024-03-06T17:48:57-08:00,1,2026-07-07T20:20:54.923292,
QC_SRFAII_23_01_10ppm_r3_Mag_18Jan24_300SA_p01_52_1_14903.d,/mnt/home/bmeluch/NMDC/nom_processing/monet_nom/raw/QC_SRFAII_23_01_10ppm_r3_Mag_18Jan24_300SA_p01_52_1_14903.d,4096,.d,,,,profile,1,,,positive,107.48179757328572,1100.0105127507268,13.5004,13.5004,2024-01-22T13:55:56-08:00,1,2026-06-30T22:48:58.951833,
QC_SRFAII_23_01_10ppm_WEOM_r2_Mag_10May24_300SA_p01_54_1_18306.d,/mnt/home/bmeluch/NMDC/nom_processing/monet_nom/raw/QC_SRFAII_23_01_10ppm_WEOM_r2_Mag_10May24_300SA_p01_54_1_18306.d,4096,.d,,,,profile,1,,,positive,107.48176053607425,1100.0087441989122,13.5033,13.5033,2024-05-11T11:19:40-07:00,1,2026-06-30T22:48:59.031446,
QC_SRFAII_23_01_10ppm_WEOM_r2_Mag_04Mar24_300SA_p01_54_1_16902.d,/mnt/home/bmeluch/NMDC/nom_processing/monet_nom/raw/QC_SRFAII_23_01_10ppm_WEOM_r2_Mag_04Mar24_300SA_p01_54_1_16902.d,4096,.d,,,,profile,1,,,positive,107.48180113177645,1100.0100791496186,13.5032,13.5032,2024-03-06T16:02:35-08:00,1,2026-06-30T22:48:59.190654,
60942_1_B_2_WEOM_r1_Mag_07Mar24_300SA_p01_5_1_16998.d,/mnt/home/bmeluch/NMDC/nom_processing/monet_nom/raw/60942_1_B_2_WEOM_r1_Mag_07Mar24_300SA_p01_5_1_16998.d,4096,.d,,,,profile,1,,,positive,107.48180113177645,1100.0100791496186,13.503,13.503,2024-03-08T11:08:27-08:00,1,2026-07-07T22:13:05.000876,
QC_SRFAII_23_01_10ppm_WEOM_r0_Mag_04Mar24_300SA_p01_54_1_16791.d,/mnt/home/bmeluch/NMDC/nom_processing/monet_nom/raw/QC_SRFAII_23_01_10ppm_WEOM_r0_Mag_04Mar24_300SA_p01_54_1_16791.d,4096,.d,,,,profile,1,,,positive,107.48180113177645,1100.0100791496186,13.5005,13.5005,2024-03-04T14:51:06-08:00,1,2026-06-30T22:48:59.419764,
60942_6_T_1_WEOM_r3_Mag_07Mar24_300SA_p01_30_1_17081.d,/mnt/home/bmeluch/NMDC/nom_processing/monet_nom/raw/60942_6_T_1_WEOM_r3_Mag_07Mar24_300SA_p01_30_1_17081.d,4096,.d,,,,profile,1,,,positive,107.48180113177645,1100.0100791496186,13.5032,13.5032,2024-03-10T16:48:30-07:00,1,2026-07-07T22:56:58.950815,
60923_20_T_1_WEOM_r1_Mag_04Mar24_300SA_p01_31_1_16835.d,/mnt/home/bmeluch/NMDC/nom_processing/monet_nom/raw/60923_20_T_1_WEOM_r1_Mag_04Mar24_300SA_p01_31_1_16835.d,4096,.d,,,,profile,1,,,positive,107.48180113177645,1100.0100791496186,13.5031,13.5031,2024-03-05T10:21:04-08:00,1,2026-07-07T19:47:36.766684,
60942_6_T_3_WEOM_r3_Mag_07Mar24_300SA_p01_32_1_17089.d,/mnt/home/bmeluch/NMDC/nom_processing/monet_nom/raw/60942_6_T_3_WEOM_r3_Mag_07Mar24_300SA_p01_32_1_17089.d,4096,.d,,,,profile,1,,,positive,107.48180113177645,1100.0100791496186,13.5032,13.5032,2024-03-10T20:21:15-07:00,1,2026-07-07T23:18:02.456333,
60923_21_B_2_WEOM_r3_Mag_04Mar24_300SA_p01_41_1_16932.d,/mnt/home/bmeluch/NMDC/nom_processing/monet_nom/raw/60923_21_B_2_WEOM_r3_Mag_04Mar24_300SA_p01_41_1_16932.d,4096,.d,,,,profile,1,,,positive,107.48180113177645,1100.0100791496186,13.4998,13.4998,2024-03-07T05:20:19-08:00,1,2026-07-07T20:57:22.755800,
60923_15_B_2_WEOM_r1_Mag_04Mar24_300SA_p01_5_1_16817.d,/mnt/home/bmeluch/NMDC/nom_processing/monet_nom/raw/60923_15_B_2_WEOM_r1_Mag_04Mar24_300SA_p01_5_1_16817.d,4096,.d,,,,profile,1,,,positive,107.48180113177645,1100.0100791496186,13.5032,13.5032,2024-03-05T02:22:28-08:00,1,2026-07-07T19:38:16.042231,
QC_SRFAII_23_01_10ppm_r2_Mag_12Feb24_300SA_p01_54_1_15158.d,/mnt/home/bmeluch/NMDC/nom_processing/monet_nom/raw/QC_SRFAII_23_01_10ppm_r2_Mag_12Feb24_300SA_p01_54_1_15158.d,4096,.d,,,,profile,1,,,positive,107.48184601456877,1100.0107270915814,13.504,13.504,2024-02-15T02:49:42-08:00,1,2026-06-30T22:48:59.633601,
QC_SRFAII_23_01_20ppm_r3_Mag_04Jan24_300SA_p01_52_1_14689.d,/mnt/home/bmeluch/NMDC/nom_processing/monet_nom/raw/QC_SRFAII_23_01_20ppm_r3_Mag_04Jan24_300SA_p01_52_1_14689.d,4096,.d,,,,profile,1,,,positive,107.48179178061193,1100.0101587804602,13.5004,13.5004,2024-01-09T17:17:12-08:00,1,2026-06-30T22:48:59.729518,
60886_5_B_1_WEOM_r2_Mag_10Mar24_300SA_p01_28_1_17189.d,/mnt/home/bmeluch/NMDC/nom_processing/monet_nom/raw/60886_5_B_1_WEOM_r2_Mag_10Mar24_300SA_p01_28_1_17189.d,4096,.d,,,,profile,1,,,positive,107.48180113177645,1100.0100791496186,13.5032,13.5032,2024-03-12T17:32:24-07:00,1,2026-07-08T18:26:50.560253,
60923_15_T_1_WEOM_r2_Mag_04Mar24_300SA_p01_1_1_16896.d,/mnt/home/bmeluch/NMDC/nom_processing/monet_nom/raw/60923_15_T_1_WEOM_r2_Mag_04Mar24_300SA_p01_1_1_16896.d,4096,.d,,,,profile,1,,,positive,107.48180113177645,1100.0100791496186,13.5031,13.5031,2024-03-06T13:23:04-08:00,1,2026-07-07T20:16:22.454301,
60942_2_B_3_WEOM_r1_Mag_07Mar24_300SA_p01_12_1_17005.d,/mnt/home/bmeluch/NMDC/nom_processing/monet_nom/raw/60942_2_B_3_WEOM_r1_Mag_07Mar24_300SA_p01_12_1_17005.d,4096,.d,,,,profile,1,,,positive,107.48180113177645,1100.0100791496186,13.5037,13.5037,2024-03-08T14:14:36-08:00,1,2026-07-07T22:16:46.946257,
60923_19_T_1_WEOM_r3_Mag_04Mar24_300SA_p01_25_1_16957.d,/mnt/home/bmeluch/NMDC/nom_processing/monet_nom/raw/60923_19_T_1_WEOM_r3_Mag_04Mar24_300SA_p01_25_1_16957.d,4096,.d,,,,profile,1,,,positive,107.48180113177645,1100.0100791496186,13.5099,13.5099,2024-03-07T16:58:14-08:00,1,2026-07-07T21:45:55.511268,
QC_SRFAII_23_01_10ppm_WEOM_r1_Mag_04Mar24_300SA_p01_54_1_16814.d,/mnt/home/bmeluch/NMDC/nom_processing/monet_nom/raw/QC_SRFAII_23_01_10ppm_WEOM_r1_Mag_04Mar24_300SA_p01_54_1_16814.d,4096,.d,,,,profile,1,,,positive,107.48180113177645,1100.0100791496186,13.5032,13.5032,2024-03-05T01:02:42-08:00,1,2026-06-30T22:49:00.000932,
60942_4_B_2_WEOM_r3_Mag_07Mar24_300SA_p01_22_1_17088.d,/mnt/home/bmeluch/NMDC/nom_processing/monet_nom/raw/60942_4_B_2_WEOM_r3_Mag_07Mar24_300SA_p01_22_1_17088.d,4096,.d,,,,profile,1,,,positive,107.48180113177645,1100.0100791496186,13.5037,13.5037,2024-03-10T19:54:39-07:00,1,2026-07-07T23:14:21.508250,
QC_SRFAII_23_01_10ppm_r2_Mag_12Feb24_300SA_p01_54_1_15136.d,/mnt/home/bmeluch/NMDC/nom_processing/monet_nom/raw/QC_SRFAII_23_01_10ppm_r2_Mag_12Feb24_300SA_p01_54_1_15136.d,4096,.d,,,,profile,1,,,positive,107.48184601456877,1100.0107270915814,13.5003,13.5003,2024-02-14T17:04:46-08:00,1,2026-06-30T22:49:00.467896,
QC_SRFAII_23_01_10ppm_WEOM_r1_Mag_10Mar24_300SA_p01_54_1_17164.d,/mnt/home/bmeluch/NMDC/nom_processing/monet_nom/raw/QC_SRFAII_23_01_10ppm_WEOM_r1_Mag_10Mar24_300SA_p01_54_1_17164.d,4096,.d,,,,profile,1,,,positive,107.48180113177645,1100.0100791496186,13.5032,13.5032,2024-03-12T06:27:40-07:00,1,2026-06-30T22:49:00.840334,
60923_18_B_3_WEOM_r3_Mag_04Mar24_300SA_p01_24_1_16961.d,/mnt/home/bmeluch/NMDC/nom_processing/monet_nom/raw/60923_18_B_3_WEOM_r3_Mag_04Mar24_300SA_p01_24_1_16961.d,4096,.d,,,,profile,1,,,positive,107.48180113177645,1100.0100791496186,13.5066,13.5066,2024-03-07T18:44:37-08:00,1,2026-07-07T21:50:55.297995,
60923_16_T_1_WEOM_r3_Mag_04Mar24_300SA_p01_7_1_16917.d,/mnt/home/bmeluch/NMDC/nom_processing/monet_nom/raw/60923_16_T_1_WEOM_r3_Mag_04Mar24_300SA_p01_7_1_16917.d,4096,.d,,,,profile,1,,,positive,107.48180113177645,1100.0100791496186,13.5034,13.5034,2024-03-06T22:41:28-08:00,1,2026-07-07T20:28:21.311666,
QC_SRFAII_23_01_10ppm_WEOM_r1_Mag_04Mar24_300SA_p01_54_1_16836.d,/mnt/home/bmeluch/NMDC/nom_processing/monet_nom/raw/QC_SRFAII_23_01_10ppm_WEOM_r1_Mag_04Mar24_300SA_p01_54_1_16836.d,4096,.d,,,,profile,1,,,positive,107.48180113177645,1100.0100791496186,13.5031,13.5031,2024-03-05T10:47:40-08:00,1,2026-06-30T22:49:00.987539,
QC_SRFAII_23_01_10ppm_r3_Mag_16Feb24_300SA_p01_54_1_15453.d,/mnt/home/bmeluch/NMDC/nom_processing/monet_nom/raw/QC_SRFAII_23_01_10ppm_r3_Mag_16Feb24_300SA_p01_54_1_15453.d,4096,.d,,,,profile,1,,,positive,107.48184601456877,1100.0107270915814,13.5005,13.5005,2024-02-20T23:45:42-08:00,1,2026-06-30T22:49:01.201162,
QC_SRFAII_23_01_10ppm_WEOM_r3_Mag_10Mar24_300SA_p01_54_1_17278.d,/mnt/home/bmeluch/NMDC/nom_processing/monet_nom/raw/QC_SRFAII_23_01_10ppm_WEOM_r3_Mag_10Mar24_300SA_p01_54_1_17278.d,4096,.d,,,,profile,1,,,positive,107.48180113177645,1100.0100791496186,13.5034,13.5034,2024-03-14T08:58:51-07:00,1,2026-06-30T22:49:01.421562,
QC_SRFAII_23_01_10ppm_r0_Mag_12Feb24_300SA_p01_54_1_15026.d,/mnt/home/bmeluch/NMDC/nom_processing/monet_nom/raw/QC_SRFAII_23_01_10ppm_r0_Mag_12Feb24_300SA_p01_54_1_15026.d,4096,.d,,,,profile,1,,,positive,107.48184601456877,1100.0107270915814,13.504,13.504,2024-02-12T16:11:45-08:00,1,2026-06-30T22:49:01.604526,
60886_6_T_2_WEOM_r3_Mag_10Mar24_300SA_p01_32_1_17246.d,/mnt/home/bmeluch/NMDC/nom_processing/monet_nom/raw/60886_6_T_2_WEOM_r3_Mag_10Mar24_300SA_p01_32_1_17246.d,4096,.d,,,,profile,1,,,positive,107.48180113177645,1100.0100791496186,13.4998,13.4998,2024-03-13T18:47:57-07:00,1,2026-07-08T19:22:48.340563,
QC_SRFAII_23_01_10ppm_r2_Mag_16Feb24_300SA_p01_54_1_15405.d,/mnt/home/bmeluch/NMDC/nom_processing/monet_nom/raw/QC_SRFAII_23_01_10ppm_r2_Mag_16Feb24_300SA_p01_54_1_15405.d,4096,.d,,,,profile,1,,,positive,107.48184601456877,1100.0107270915814,13.5007,13.5007,2024-02-20T02:29:26-08:00,1,2026-06-30T22:49:01.879537,
60886_6_T_3_WEOM_r3_Mag_10Mar24_300SA_p01_33_1_17274.d,/mnt/home/bmeluch/NMDC/nom_processing/monet_nom/raw/60886_6_T_3_WEOM_r3_Mag_10Mar24_300SA_p01_33_1_17274.d,4096,.d,,,,profile,1,,,positive,107.48180113177645,1100.0100791496186,13.4999,13.4999,2024-03-14T07:12:28-07:00,1,2026-07-08T19:51:04.331347,
60886_5_T_3_WEOM_r1_Mag_10Mar24_300SA_p01_27_1_17139.d,/mnt/home/bmeluch/NMDC/nom_processing/monet_nom/raw/60886_5_T_3_WEOM_r1_Mag_10Mar24_300SA_p01_27_1_17139.d,4096,.d,,,,profile,1,,,positive,107.48180113177645,1100.0100791496186,13.4998,13.4998,2024-03-11T19:22:53-07:00,1,2026-07-08T17:37:55.067296,
QC_SRFAII_23_01_20ppm_r0_Mag_21Dec23_300SA_p01_54_1_13983.d,/mnt/home/bmeluch/NMDC/nom_processing/monet_nom/raw/QC_SRFAII_23_01_20ppm_r0_Mag_21Dec23_300SA_p01_54_1_13983.d,4096,.d,,,,profile,1,,,positive,107.48177329930104,1100.0111549919834,13.504,13.504,2023-12-21T15:03:48-08:00,1,2026-06-30T22:49:02.266031,
QC_SRFAII_23_01_20ppm_r2_Mag_18Jan24_300SA_p01_52_1_14857.d,/mnt/home/bmeluch/NMDC/nom_processing/monet_nom/raw/QC_SRFAII_23_01_20ppm_r2_Mag_18Jan24_300SA_p01_52_1_14857.d,4096,.d,,,,profile,1,,,positive,107.48179757328572,1100.0105127507268,13.5003,13.5003,2024-01-21T17:32:48-08:00,1,2026-06-30T22:49:02.533332,
60886_3_T_3_WEOM_r2_Mag_10Mar24_300SA_p01_15_1_17222.d,/mnt/home/bmeluch/NMDC/nom_processing/monet_nom/raw/60886_3_T_3_WEOM_r2_Mag_10Mar24_300SA_p01_15_1_17222.d,4096,.d,,,,profile,1,,,positive,107.48180113177645,1100.0100791496186,13.5035,13.5035,2024-03-13T08:09:50-07:00,1,2026-07-08T18:57:35.677918,
60886_5_B_2_WEOM_r3_Mag_10Mar24_300SA_p01_29_1_17248.d,/mnt/home/bmeluch/NMDC/nom_processing/monet_nom/raw/60886_5_B_2_WEOM_r3_Mag_10Mar24_300SA_p01_29_1_17248.d,4096,.d,,,,profile,1,,,positive,107.48180113177645,1100.0100791496186,13.503,13.503,2024-03-13T19:41:08-07:00,1,2026-07-08T19:24:17.800846,
QC_SRFAII_23_01_20ppm_r2_Mag_04Jan24_300SA_p01_54_1_14531.d,/mnt/home/bmeluch/NMDC/nom_processing/monet_nom/raw/QC_SRFAII_23_01_20ppm_r2_Mag_04Jan24_300SA_p01_54_1_14531.d,4096,.d,,,,profile,1,,,positive,107.48179178061193,1100.0101587804602,13.5004,13.5004,2024-01-06T19:15:39-08:00,1,2026-06-30T22:49:02.809822,
QC_SRFAII_23_01_10ppm_r3_Mag_18Jan24_300SA_p01_52_1_14925.d,/mnt/home/bmeluch/NMDC/nom_processing/monet_nom/raw/QC_SRFAII_23_01_10ppm_r3_Mag_18Jan24_300SA_p01_52_1_14925.d,4096,.d,,,,profile,1,,,positive,107.48179757328572,1100.0105127507268,13.5001,13.5001,2024-01-22T23:40:56-08:00,1,2026-06-30T22:49:03.052383,
QC_SRFAII_23_01_10ppm_WEOM_r1_Mag_10May24_300SA_p01_54_1_18262.d,/mnt/home/bmeluch/NMDC/nom_processing/monet_nom/raw/QC_SRFAII_23_01_10ppm_WEOM_r1_Mag_10May24_300SA_p01_54_1_18262.d,4096,.d,,,,profile,1,,,positive,107.48176053607425,1100.0087441989122,13.5036,13.5036,2024-05-10T15:49:36-07:00,1,2026-06-30T22:49:03.161855,
60886_1_T_1_WEOM_r1_Mag_10Mar24_300SA_p01_1_1_17135.d,/mnt/home/bmeluch/NMDC/nom_processing/monet_nom/raw/60886_1_T_1_WEOM_r1_Mag_10Mar24_300SA_p01_1_1_17135.d,4096,.d,,,,profile,1,,,positive,107.48180113177645,1100.0100791496186,13.5033,13.5033,2024-03-11T17:36:32-07:00,1,2026-07-08T17:33:32.639291,
60923_21_B_2_WEOM_r2_Mag_04Mar24_300SA_p01_41_1_16855.d,/mnt/home/bmeluch/NMDC/nom_processing/monet_nom/raw/60923_21_B_2_WEOM_r2_Mag_04Mar24_300SA_p01_41_1_16855.d,4096,.d,,,,profile,1,,,positive,107.48180113177645,1100.0100791496186,13.4996,13.4996,2024-03-05T19:12:54-08:00,1,2026-07-07T19:56:55.491359,
60942_1_T_3_WEOM_r3_Mag_07Mar24_300SA_p01_3_1_17063.d,/mnt/home/bmeluch/NMDC/nom_processing/monet_nom/raw/60942_1_T_3_WEOM_r3_Mag_07Mar24_300SA_p01_3_1_17063.d,4096,.d,,,,profile,1,,,positive,107.48180113177645,1100.0100791496186,13.5029,13.5029,2024-03-09T23:50:40-08:00,1,2026-07-07T22:41:14.509365,
QC_SRFAII_23_01_10ppm_WEOM_r1_Mag_10Mar24_300SA_p01_54_1_17110.d,/mnt/home/bmeluch/NMDC/nom_processing/monet_nom/raw/QC_SRFAII_23_01_10ppm_WEOM_r1_Mag_10Mar24_300SA_p01_54_1_17110.d,4096,.d,,,,profile,1,,,positive,107.48180113177645,1100.0100791496186,13.503,13.503,2024-03-11T05:39:38-07:00,1,2026-06-30T22:49:03.497847,
QC_SRFAII_23_01_10ppm_r2_Mag_23Feb24_300SA_p01_54_1_16051.d,/mnt/home/bmeluch/NMDC/nom_processing/monet_nom/raw/QC_SRFAII_23_01_10ppm_r2_Mag_23Feb24_300SA_p01_54_1_16051.d,4096,.d,,,,profile,1,,,positive,107.48178890824485,1100.010132222054,13.503,13.503,2024-02-27T00:54:14-08:00,1,2026-06-30T22:49:03.780559,
QC_SRFAII_23_01_20ppm_r1_Mag_21Dec23_300SA_p01_54_1_14052.d,/mnt/home/bmeluch/NMDC/nom_processing/monet_nom/raw/QC_SRFAII_23_01_20ppm_r1_Mag_21Dec23_300SA_p01_54_1_14052.d,4096,.d,,,,profile,1,,,positive,107.48177329930104,1100.0111549919834,13.503,13.503,2023-12-22T21:38:35-08:00,1,2026-06-30T22:49:04.041374,
60942_3_T_1_WEOM_r2_Mag_07Mar24_300SA_p01_13_1_17034.d,/mnt/home/bmeluch/NMDC/nom_processing/monet_nom/raw/60942_3_T_1_WEOM_r2_Mag_07Mar24_300SA_p01_13_1_17034.d,4096,.d,,,,profile,1,,,positive,107.48180113177645,1100.0100791496186,13.4995,13.4995,2024-03-09T10:59:31-08:00,1,2026-07-07T22:28:31.736008,
60942_1_T_2_WEOM_r3_Mag_07Mar24_300SA_p01_2_1_17092.d,/mnt/home/bmeluch/NMDC/nom_processing/monet_nom/raw/60942_1_T_2_WEOM_r3_Mag_07Mar24_300SA_p01_2_1_17092.d,4096,.d,,,,profile,1,,,positive,107.48180113177645,1100.0100791496186,13.4998,13.4998,2024-03-10T21:41:01-07:00,1,2026-07-07T23:27:19.665702,
QC_SRFAII_23_01_20ppm_r1_Mag_18Jan24_300SA_p01_54_1_14737.d,/mnt/home/bmeluch/NMDC/nom_processing/monet_nom/raw/QC_SRFAII_23_01_20ppm_r1_Mag_18Jan24_300SA_p01_54_1_14737.d,4096,.d,,,,profile,1,,,positive,107.48179757328572,1100.0105127507268,13.5009,13.5009,2024-01-19T12:21:40-08:00,1,2026-06-30T22:49:04.244758,
QC_SRFAII_23_01_20ppm_r0_Mag_18Jan24_300SA_p01_54_1_14693.d,/mnt/home/bmeluch/NMDC/nom_processing/monet_nom/raw/QC_SRFAII_23_01_20ppm_r0_Mag_18Jan24_300SA_p01_54_1_14693.d,4096,.d,,,,profile,1,,,positive,107.48179757328572,1100.0105127507268,13.5009,13.5009,2024-01-18T16:51:37-08:00,1,2026-06-30T22:49:04.506469,
60886_3_B_2_WEOM_r2_Mag_10Mar24_300SA_p01_17_1_17193.d,/mnt/home/bmeluch/NMDC/nom_processing/monet_nom/raw/60886_3_B_2_WEOM_r2_Mag_10Mar24_300SA_p01_17_1_17193.d,4096,.d,,,,profile,1,,,positive,107.48180113177645,1100.0100791496186,13.503,13.503,2024-03-12T19:18:45-07:00,1,2026-07-08T18:29:41.300941,
60923_16_B_3_WEOM_r1_Mag_04Mar24_300SA_p01_12_1_16825.d,/mnt/home/bmeluch/NMDC/nom_processing/monet_nom/raw/60923_16_B_3_WEOM_r1_Mag_04Mar24_300SA_p01_12_1_16825.d,4096,.d,,,,profile,1,,,positive,107.48180113177645,1100.0100791496186,13.503,13.503,2024-03-05T05:55:08-08:00,1,2026-07-07T19:42:55.996953,
60942_1_T_1_WEOM_r1_Mag_07Mar24_300SA_p01_1_1_16994.d,/mnt/home/bmeluch/NMDC/nom_processing/monet_nom/raw/60942_1_T_1_WEOM_r1_Mag_07Mar24_300SA_p01_1_1_16994.d,4096,.d,,,,profile,1,,,positive,107.48180113177645,1100.0100791496186,13.5039,13.5039,2024-03-08T09:22:05-08:00,1,2026-07-07T22:10:37.611646,
60923_21_T_3_WEOM_r1_Mag_04Mar24_300SA_p01_39_1_16804.d,/mnt/home/bmeluch/NMDC/nom_processing/monet_nom/raw/60923_21_T_3_WEOM_r1_Mag_04Mar24_300SA_p01_39_1_16804.d,4096,.d,,,,profile,1,,,positive,107.48180113177645,1100.0100791496186,13.5032,13.5032,2024-03-04T20:36:47-08:00,1,2026-07-07T19:33:12.010220,
60923_20_B_2_WEOM_r2_Mag_04Mar24_300SA_p01_35_1_16862.d,/mnt/home/bmeluch/NMDC/nom_processing/monet_nom/raw/60923_20_B_2_WEOM_r2_Mag_04Mar24_300SA_p01_35_1_16862.d,4096,.d,,,,profile,1,,,positive,107.48180113177645,1100.0100791496186,13.5034,13.5034,2024-03-05T22:19:03-08:00,1,2026-07-07T19:59:27.871413,
60942_1_T_1_WEOM_r3_Mag_07Mar24_300SA_p01_1_1_17077.d,/mnt/home/bmeluch/NMDC/nom_processing/monet_nom/raw/60942_1_T_1_WEOM_r3_Mag_07Mar24_300SA_p01_1_1_17077.d,4096,.d,,,,profile,1,,,positive,107.48180113177645,1100.0100791496186,13.5036,13.5036,2024-03-10T15:02:10-07:00,1,2026-07-07T22:48:03.772669,
QC_SRFAII_23_01_20ppm_r2_Mag_18Jan24_300SA_p01_54_1_14797.d,/mnt/home/bmeluch/NMDC/nom_processing/monet_nom/raw/QC_SRFAII_23_01_20ppm_r2_Mag_18Jan24_300SA_p01_54_1_14797.d,4096,.d,,,,profile,1,,,positive,107.48179757328572,1100.0105127507268,13.5005,13.5005,2024-01-20T14:57:10-08:00,1,2026-06-30T22:49:04.625306,
QC_SRFAII_23_01_10ppm_r1_Mag_16Feb24_300SA_p01_54_1_15383.d,/mnt/home/bmeluch/NMDC/nom_processing/monet_nom/raw/QC_SRFAII_23_01_10ppm_r1_Mag_16Feb24_300SA_p01_54_1_15383.d,4096,.d,,,,profile,1,,,positive,107.48184601456877,1100.0107270915814,13.5042,13.5042,2024-02-19T16:44:29-08:00,1,2026-06-30T22:49:04.676175,
60886_1_B_1_WEOM_r1_Mag_10Mar24_300SA_p01_4_1_17147.d,/mnt/home/bmeluch/NMDC/nom_processing/monet_nom/raw/60886_1_B_1_WEOM_r1_Mag_10Mar24_300SA_p01_4_1_17147.d,4096,.d,,,,profile,1,,,positive,107.48180113177645,1100.0100791496186,13.5035,13.5035,2024-03-11T22:55:37-07:00,1,2026-07-08T17:45:19.404080,
60942_1_T_2_WEOM_r2_Mag_07Mar24_300SA_p01_2_1_17033.d,/mnt/home/bmeluch/NMDC/nom_processing/monet_nom/raw/60942_1_T_2_WEOM_r2_Mag_07Mar24_300SA_p01_2_1_17033.d,4096,.d,,,,profile,1,,,positive,107.48180113177645,1100.0100791496186,13.4997,13.4997,2024-03-09T10:32:55-08:00,1,2026-07-07T22:27:54.663751,
60923_21_B_2_WEOM_r1_Mag_04Mar24_300SA_p01_41_1_16826.d,/mnt/home/bmeluch/NMDC/nom_processing/monet_nom/raw/60923_21_B_2_WEOM_r1_Mag_04Mar24_300SA_p01_41_1_16826.d,4096,.d,,,,profile,1,,,positive,107.48180113177645,1100.0100791496186,13.5032,13.5032,2024-03-05T06:21:43-08:00,1,2026-07-07T19:43:35.768976,
60886_1_B_1_WEOM_r2_Mag_10Mar24_300SA_p01_4_1_17205.d,/mnt/home/bmeluch/NMDC/nom_processing/monet_nom/raw/60886_1_B_1_WEOM_r2_Mag_10Mar24_300SA_p01_4_1_17205.d,4096,.d,,,,profile,1,,,positive,107.48180113177645,1100.0100791496186,13.5033,13.5033,2024-03-13T00:37:50-07:00,1,2026-07-08T18:42:43.819637,
60923_17_B_2_WEOM_r2_Mag_04Mar24_300SA_p01_17_1_16850.d,/mnt/home/bmeluch/NMDC/nom_processing/monet_nom/raw/60923_17_B_2_WEOM_r2_Mag_04Mar24_300SA_p01_17_1_16850.d,4096,.d,,,,profile,1,,,positive,107.48180113177645,1100.0100791496186,13.5097,13.5097,2024-03-05T16:59:56-08:00,1,2026-07-07T19:54:20.303313,
60923_16_B_1_WEOM_r3_Mag_04Mar24_300SA_p01_10_1_16960.d,/mnt/home/bmeluch/NMDC/nom_processing/monet_nom/raw/60923_16_B_1_WEOM_r3_Mag_04Mar24_300SA_p01_10_1_16960.d,4096,.d,,,,profile,1,,,positive,107.48180113177645,1100.0100791496186,13.5032,13.5032,2024-03-07T18:18:01-08:00,1,2026-07-07T21:49:42.185308,
60942_3_T_2_WEOM_r3_Mag_07Mar24_300SA_p01_14_1_17080.d,/mnt/home/bmeluch/NMDC/nom_processing/monet_nom/raw/60942_3_T_2_WEOM_r3_Mag_07Mar24_300SA_p01_14_1_17080.d,4096,.d,,,,profile,1,,,positive,107.48180113177645,1100.0100791496186,13.5028,13.5028,2024-03-10T16:21:55-07:00,1,2026-07-07T22:53:13.178092,
QC_SRFAII_23_01_10ppm_WEOM_r2_Mag_04Mar24_300SA_p01_54_1_16858.d,/mnt/home/bmeluch/NMDC/nom_processing/monet_nom/raw/QC_SRFAII_23_01_10ppm_WEOM_r2_Mag_04Mar24_300SA_p01_54_1_16858.d,4096,.d,,,,profile,1,,,positive,107.48180113177645,1100.0100791496186,13.5031,13.5031,2024-03-05T20:32:40-08:00,1,2026-06-30T22:49:04.817054,
60886_1_B_2_WEOM_r3_Mag_10Mar24_300SA_p01_5_1_17250.d,/mnt/home/bmeluch/NMDC/nom_processing/monet_nom/raw/60886_1_B_2_WEOM_r3_Mag_10Mar24_300SA_p01_5_1_17250.d,4096,.d,,,,profile,1,,,positive,107.48180113177645,1100.0100791496186,13.4994,13.4994,2024-03-13T20:34:19-07:00,1,2026-07-08T19:27:15.909257,
60923_21_B_3_WEOM_r1_Mag_04Mar24_300SA_p01_42_1_16841.d,/mnt/home/bmeluch/NMDC/nom_processing/monet_nom/raw/60923_21_B_3_WEOM_r1_Mag_04Mar24_300SA_p01_42_1_16841.d,4096,.d,,,,profile,1,,,positive,107.48180113177645,1100.0100791496186,13.503,13.503,2024-03-05T13:00:36-08:00,1,2026-07-07T19:49:19.231118,
QC_SRFAII_23_01_20ppm_r2_Mag_21Dec23_300SA_p01_54_1_14097.d,/mnt/home/bmeluch/NMDC/nom_processing/monet_nom/raw/QC_SRFAII_23_01_20ppm_r2_Mag_21Dec23_300SA_p01_54_1_14097.d,4096,.d,,,,profile,1,,,positive,107.48177329930104,1100.0111549919834,13.5031,13.5031,2023-12-24T18:42:34-08:00,1,2026-06-30T22:49:04.734322,
QC_SRFAII_23_01_20ppm_r1_Mag_21Dec23_300SA_p01_54_1_14008.d,/mnt/home/bmeluch/NMDC/nom_processing/monet_nom/raw/QC_SRFAII_23_01_20ppm_r1_Mag_21Dec23_300SA_p01_54_1_14008.d,4096,.d,,,,profile,1,,,positive,107.48177329930104,1100.0111549919834,13.5033,13.5033,2023-12-22T02:08:35-08:00,1,2026-06-30T22:49:04.914803,
60886_1_T_3_WEOM_r2_Mag_10Mar24_300SA_p01_3_1_17196.d,/mnt/home/bmeluch/NMDC/nom_processing/monet_nom/raw/60886_1_T_3_WEOM_r2_Mag_10Mar24_300SA_p01_3_1_17196.d,4096,.d,,,,profile,1,,,positive,107.48180113177645,1100.0100791496186,13.5035,13.5035,2024-03-12T20:38:31-07:00,1,2026-07-08T18:34:01.017758,
QC_SRFAII_23_01_20ppm_r1_Mag_18Jan24_300SA_p01_54_1_14715.d,/mnt/home/bmeluch/NMDC/nom_processing/monet_nom/raw/QC_SRFAII_23_01_20ppm_r1_Mag_18Jan24_300SA_p01_54_1_14715.d,4096,.d,,,,profile,1,,,positive,107.48179757328572,1100.0105127507268,13.5009,13.5009,2024-01-19T02:36:40-08:00,1,2026-06-30T22:49:04.990438,
60923_17_T_3_WEOM_r2_Mag_04Mar24_300SA_p01_15_1_16851.d,/mnt/home/bmeluch/NMDC/nom_processing/monet_nom/raw/60923_17_T_3_WEOM_r2_Mag_04Mar24_300SA_p01_15_1_16851.d,4096,.d,,,,profile,1,,,positive,107.48180113177645,1100.0100791496186,13.5031,13.5031,2024-03-05T17:26:32-08:00,1,2026-07-07T19:54:59.271317,
60942_2_B_3_WEOM_r2_Mag_07Mar24_300SA_p01_12_1_17056.d,/mnt/home/bmeluch/NMDC/nom_processing/monet_nom/raw/60942_2_B_3_WEOM_r2_Mag_07Mar24_300SA_p01_12_1_17056.d,4096,.d,,,,profile,1,,,positive,107.48180113177645,1100.0100791496186,13.5029,13.5029,2024-03-09T20:44:30-08:00,1,2026-07-07T22:38:13.090693,
QC_SRFAII_23_01_10ppm_WEOM_r2_Mag_10Mar24_300SA_p01_54_1_17186.d,/mnt/home/bmeluch/NMDC/nom_processing/monet_nom/raw/QC_SRFAII_23_01_10ppm_WEOM_r2_Mag_10Mar24_300SA_p01_54_1_17186.d,4096,.d,,,,profile,1,,,positive,107.48180113177645,1100.0100791496186,13.503,13.503,2024-03-12T16:12:38-07:00,1,2026-06-30T22:49:05.065062,
60942_5_T_2_WEOM_r2_Mag_07Mar24_300SA_p01_25_1_17037.d,/mnt/home/bmeluch/NMDC/nom_processing/monet_nom/raw/60942_5_T_2_WEOM_r2_Mag_07Mar24_300SA_p01_25_1_17037.d,4096,.d,,,,profile,1,,,positive,107.48180113177645,1100.0100791496186,13.5032,13.5032,2024-03-09T12:19:17-08:00,1,2026-07-07T22:29:42.572473,
QC_SRFAII_23_01_10ppm_r0_Mag_12Feb24_300SA_p01_54_1_15025.d,/mnt/home/bmeluch/NMDC/nom_processing/monet_nom/raw/QC_SRFAII_23_01_10ppm_r0_Mag_12Feb24_300SA_p01_54_1_15025.d,4096,.d,,,,profile,1,,,positive,107.48184601456877,1100.0107270915814,13.5048,13.5048,2024-02-12T15:45:11-08:00,1,2026-06-30T22:49:05.227026,
QC_SRFAII_23_01_20ppm_r3_Mag_04Jan24_300SA_p01_52_1_14690.d,/mnt/home/bmeluch/NMDC/nom_processing/monet_nom/raw/QC_SRFAII_23_01_20ppm_r3_Mag_04Jan24_300SA_p01_52_1_14690.d,4096,.d,,,,profile,1,,,positive,107.48179178061193,1100.0101587804602,13.5042,13.5042,2024-01-09T17:43:48-08:00,1,2026-06-30T22:49:05.462903,
60923_21_T_2_WEOM_r2_Mag_04Mar24_300SA_p01_38_1_16900.d,/mnt/home/bmeluch/NMDC/nom_processing/monet_nom/raw/60923_21_T_2_WEOM_r2_Mag_04Mar24_300SA_p01_38_1_16900.d,4096,.d,,,,profile,1,,,positive,107.48180113177645,1100.0100791496186,13.5034,13.5034,2024-03-06T15:09:24-08:00,1,2026-07-07T20:18:17.494928,
60886_1_T_1_WEOM_r3_Mag_10Mar24_300SA_p01_1_1_17253.d,/mnt/home/bmeluch/NMDC/nom_processing/monet_nom/raw/60886_1_T_1_WEOM_r3_Mag_10Mar24_300SA_p01_1_1_17253.d,4096,.d,,,,profile,1,,,positive,107.48180113177645,1100.0100791496186,13.4999,13.4999,2024-03-13T21:54:04-07:00,1,2026-07-08T19:31:44.025717,
60923_16_T_3_WEOM_r3_Mag_04Mar24_300SA_p01_9_1_16939.d,/mnt/home/bmeluch/NMDC/nom_processing/monet_nom/raw/60923_16_T_3_WEOM_r3_Mag_04Mar24_300SA_p01_9_1_16939.d,4096,.d,,,,profile,1,,,positive,107.48180113177645,1100.0100791496186,13.5036,13.5036,2024-03-07T08:26:27-08:00,1,2026-07-07T21:03:49.570420,
60923_19_T_3_WEOM_r2_Mag_04Mar24_300SA_p01_27_1_16901.d,/mnt/home/bmeluch/NMDC/nom_processing/monet_nom/raw/60923_19_T_3_WEOM_r2_Mag_04Mar24_300SA_p01_27_1_16901.d,4096,.d,,,,profile,1,,,positive,107.48180113177645,1100.0100791496186,13.4995,13.4995,2024-03-06T15:36:00-08:00,1,2026-07-07T20:18:56.531067,
60886_3_B_1_WEOM_r1_Mag_10Mar24_300SA_p01_16_1_17115.d,/mnt/home/bmeluch/NMDC/nom_processing/monet_nom/raw/60886_3_B_1_WEOM_r1_Mag_10Mar24_300SA_p01_16_1_17115.d,4096,.d,,,,profile,1,,,positive,107.48180113177645,1100.0100791496186,13.5031,13.5031,2024-03-11T07:52:35-07:00,1,2026-07-08T17:26:15.778893,
QC_SRFAII_20ppm_04Jan24_Mag_2w_8M_300SA_p01_54_1_14416.d,/mnt/home/bmeluch/NMDC/nom_processing/monet_nom/raw/QC_SRFAII_20ppm_04Jan24_Mag_2w_8M_300SA_p01_54_1_14416.d,4096,.d,,,,profile,1,,,positive,107.48179178061193,1100.0101587804602,13.5011,13.5011,2024-01-04T16:17:45-08:00,1,2026-06-30T22:49:05.691880,
60942_6_T_2_WEOM_r2_Mag_07Mar24_300SA_p01_31_1_17060.d,/mnt/home/bmeluch/NMDC/nom_processing/monet_nom/raw/60942_6_T_2_WEOM_r2_Mag_07Mar24_300SA_p01_31_1_17060.d,4096,.d,,,,profile,1,,,positive,107.48180113177645,1100.0100791496186,13.503,13.503,2024-03-09T22:30:53-08:00,1,2026-07-07T22:40:37.600948,
60886_5_T_1_WEOM_r2_Mag_10Mar24_300SA_p01_25_1_17224.d,/mnt/home/bmeluch/NMDC/nom_processing/monet_nom/raw/60886_5_T_1_WEOM_r2_Mag_10Mar24_300SA_p01_25_1_17224.d,4096,.d,,,,profile,1,,,positive,107.48180113177645,1100.0100791496186,13.5029,13.5029,2024-03-13T09:03:01-07:00,1,2026-07-08T19:00:34.866978,
60923_15_B_3_WEOM_r3_Mag_04Mar24_300SA_p01_6_1_16952.d,/mnt/home/bmeluch/NMDC/nom_processing/monet_nom/raw/60923_15_B_3_WEOM_r3_Mag_04Mar24_300SA_p01_6_1_16952.d,4096,.d,,,,profile,1,,,positive,107.48180113177645,1100.0100791496186,13.5033,13.5033,2024-03-07T14:45:15-08:00,1,2026-07-07T21:30:44.173083,
QC_SRFAII_23_01_10ppm_r1_Mag_24Feb24_300SA_p01_54_1_15908.d,/mnt/home/bmeluch/NMDC/nom_processing/monet_nom/raw/QC_SRFAII_23_01_10ppm_r1_Mag_24Feb24_300SA_p01_54_1_15908.d,4096,.d,,,,profile,1,,,positive,107.48178890824485,1100.010132222054,13.5009,13.5009,2024-02-24T09:31:44-08:00,1,2026-06-30T22:49:06.138966,
QC_SRFAII_23_01_10ppm_WEOM_r2_Mag_01May24_300SA_p01_54_1_18151.d,/mnt/home/bmeluch/NMDC/nom_processing/monet_nom/raw/QC_SRFAII_23_01_10ppm_WEOM_r2_Mag_01May24_300SA_p01_54_1_18151.d,4096,.d,,,,profile,1,,,positive,107.48176053607425,1100.0087441989122,13.5036,13.5036,2024-05-04T14:31:57-07:00,1,2026-06-30T22:49:06.004234,
QC_SRFAII_23_01_20ppm_r0_Mag_18Jan24_300SA_p01_52_1_14691.d,/mnt/home/bmeluch/NMDC/nom_processing/monet_nom/raw/QC_SRFAII_23_01_20ppm_r0_Mag_18Jan24_300SA_p01_52_1_14691.d,4096,.d,Error processing QC_SRFAII_23_01_20ppm_r0_Mag_18Jan24_300SA_p01_52_1_14691.d after 1 attempts: 'ReadBrukerSolarix' object has no attribute 'scan_attr',2026-06-30T22:49:06.207369,,,,
60942_3_B_3_WEOM_r3_Mag_07Mar24_300SA_p01_17_1_17100.d,/mnt/home/bmeluch/NMDC/nom_processing/monet_nom/raw/60942_3_B_3_WEOM_r3_Mag_07Mar24_300SA_p01_17_1_17100.d,4096,.d,,,,profile,1,,,positive,107.48180113177645,1100.0100791496186,13.5033,13.5033,2024-03-11T01:13:43-07:00,1,2026-07-08T17:12:29.868706,
60923_15_B_1_WEOM_r3_Mag_04Mar24_300SA_p01_4_1_16941.d,/mnt/home/bmeluch/NMDC/nom_processing/monet_nom/raw/60923_15_B_1_WEOM_r3_Mag_04Mar24_300SA_p01_4_1_16941.d,4096,.d,,,,profile,1,,,positive,107.48180113177645,1100.0100791496186,13.5035,13.5035,2024-03-07T09:19:38-08:00,1,2026-07-07T21:07:39.627012,
60886_5_B_1_WEOM_r1_Mag_10Mar24_300SA_p01_28_1_17155.d,/mnt/home/bmeluch/NMDC/nom_processing/monet_nom/raw/60886_5_B_1_WEOM_r1_Mag_10Mar24_300SA_p01_28_1_17155.d,4096,.d,,,,profile,1,,,positive,107.48180113177645,1100.0100791496186,13.5032,13.5032,2024-03-12T02:28:20-07:00,1,2026-07-08T17:54:00.959980,
60886_4_B_1_WEOM_r1_Mag_10Mar24_300SA_p01_22_1_17131.d,/mnt/home/bmeluch/NMDC/nom_processing/monet_nom/raw/60886_4_B_1_WEOM_r1_Mag_10Mar24_300SA_p01_22_1_17131.d,4096,.d,,,,profile,1,,,positive,107.48180113177645,1100.0100791496186,13.503,13.503,2024-03-11T15:50:11-07:00,1,2026-07-08T17:29:11.067154,
60923_15_T_2_WEOM_r2_Mag_04Mar24_300SA_p01_2_1_16879.d,/mnt/home/bmeluch/NMDC/nom_processing/monet_nom/raw/60923_15_T_2_WEOM_r2_Mag_04Mar24_300SA_p01_2_1_16879.d,4096,.d,,,,profile,1,,,positive,107.48180113177645,1100.0100791496186,13.503,13.503,2024-03-06T05:51:03-08:00,1,2026-07-07T20:07:55.172759,
60886_6_B_1_WEOM_r3_Mag_10Mar24_300SA_p01_34_1_17268.d,/mnt/home/bmeluch/NMDC/nom_processing/monet_nom/raw/60886_6_B_1_WEOM_r3_Mag_10Mar24_300SA_p01_34_1_17268.d,4096,.d,,,,profile,1,,,positive,107.48180113177645,1100.0100791496186,13.5033,13.5033,2024-03-14T04:32:55-07:00,1,2026-07-08T19:43:31.612880,
60942_2_T_3_WEOM_r1_Mag_07Mar24_300SA_p01_9_1_16969.d,/mnt/home/bmeluch/NMDC/nom_processing/monet_nom/raw/60942_2_T_3_WEOM_r1_Mag_07Mar24_300SA_p01_9_1_16969.d,4096,.d,,,,profile,1,,,positive,107.48180113177645,1100.0100791496186,13.5033,13.5033,2024-03-07T22:17:20-08:00,1,2026-07-07T21:56:22.780190,
QC_SRFAII_23_01_10ppm_r1_Mag_21Feb24_300SA_p01_54_1_15534.d,/mnt/home/bmeluch/NMDC/nom_processing/monet_nom/raw/QC_SRFAII_23_01_10ppm_r1_Mag_21Feb24_300SA_p01_54_1_15534.d,4096,.d,,,,profile,1,,,positive,107.48184601456877,1100.0107270915814,13.5002,13.5002,2024-02-23T00:54:58-08:00,1,2026-06-30T22:49:06.266653,
60942_2_B_1_WEOM_r3_Mag_07Mar24_300SA_p01_10_1_17078.d,/mnt/home/bmeluch/NMDC/nom_processing/monet_nom/raw/60942_2_B_1_WEOM_r3_Mag_07Mar24_300SA_p01_10_1_17078.d,4096,.d,,,,profile,1,,,positive,107.48180113177645,1100.0100791496186,13.5031,13.5031,2024-03-10T15:28:44-07:00,1,2026-07-07T22:49:03.280984,
60886_5_T_1_WEOM_r3_Mag_10Mar24_300SA_p01_25_1_17262.d,/mnt/home/bmeluch/NMDC/nom_processing/monet_nom/raw/60886_5_T_1_WEOM_r3_Mag_10Mar24_300SA_p01_25_1_17262.d,4096,.d,,,,profile,1,,,positive,107.48180113177645,1100.0100791496186,13.5033,13.5033,2024-03-14T01:53:23-07:00,1,2026-07-08T19:37:40.982080,
60886_6_T_3_WEOM_r2_Mag_10Mar24_300SA_p01_33_1_17177.d,/mnt/home/bmeluch/NMDC/nom_processing/monet_nom/raw/60886_6_T_3_WEOM_r2_Mag_10Mar24_300SA_p01_33_1_17177.d,4096,.d,,,,profile,1,,,positive,107.48180113177645,1100.0100791496186,13.4997,13.4997,2024-03-12T12:13:21-07:00,1,2026-07-08T18:15:21.046734,
60923_19_B_1_WEOM_r1_Mag_04Mar24_300SA_p01_28_1_16834.d,/mnt/home/bmeluch/NMDC/nom_processing/monet_nom/raw/60923_19_B_1_WEOM_r1_Mag_04Mar24_300SA_p01_28_1_16834.d,4096,.d,,,,profile,1,,,positive,107.48180113177645,1100.0100791496186,13.5036,13.5036,2024-03-05T09:54:28-08:00,1,2026-07-07T19:47:02.758307,
60923_15_B_2_WEOM_r3_Mag_04Mar24_300SA_p01_5_1_16945.d,/mnt/home/bmeluch/NMDC/nom_processing/monet_nom/raw/60923_15_B_2_WEOM_r3_Mag_04Mar24_300SA_p01_5_1_16945.d,4096,.d,,,,profile,1,,,positive,107.48180113177645,1100.0100791496186,13.503,13.503,2024-03-07T11:06:01-08:00,1,2026-07-07T21:19:52.154092,
60923_21_T_3_WEOM_r3_Mag_04Mar24_300SA_p01_39_1_16963.d,/mnt/home/bmeluch/NMDC/nom_processing/monet_nom/raw/60923_21_T_3_WEOM_r3_Mag_04Mar24_300SA_p01_39_1_16963.d,4096,.d,,,,profile,1,,,positive,107.48180113177645,1100.0100791496186,13.4998,13.4998,2024-03-07T19:37:48-08:00,1,2026-07-07T21:54:35.415585,
60923_18_B_1_WEOM_r1_Mag_04Mar24_300SA_p01_22_1_16802.d,/mnt/home/bmeluch/NMDC/nom_processing/monet_nom/raw/60923_18_B_1_WEOM_r1_Mag_04Mar24_300SA_p01_22_1_16802.d,4096,.d,,,,profile,1,,,positive,107.48180113177645,1100.0100791496186,13.5031,13.5031,2024-03-04T19:43:37-08:00,1,2026-07-07T19:32:35.290212,
60923_18_T_2_WEOM_r3_Mag_04Mar24_300SA_p01_20_1_16923.d,/mnt/home/bmeluch/NMDC/nom_processing/monet_nom/raw/60923_18_T_2_WEOM_r3_Mag_04Mar24_300SA_p01_20_1_16923.d,4096,.d,,,,profile,1,,,positive,107.48180113177645,1100.0100791496186,13.5032,13.5032,2024-03-07T01:21:01-08:00,1,2026-07-07T20:36:49.120836,
60886_3_T_2_WEOM_r3_Mag_10Mar24_300SA_p01_14_1_17232.d,/mnt/home/bmeluch/NMDC/nom_processing/monet_nom/raw/60886_3_T_2_WEOM_r3_Mag_10Mar24_300SA_p01_14_1_17232.d,4096,.d,,,,profile,1,,,positive,107.48180113177645,1100.0100791496186,13.5031,13.5031,2024-03-13T12:35:43-07:00,1,2026-07-08T19:07:57.688493,
60942_1_B_2_WEOM_r2_Mag_07Mar24_300SA_p01_5_1_17053.d,/mnt/home/bmeluch/NMDC/nom_processing/monet_nom/raw/60942_1_B_2_WEOM_r2_Mag_07Mar24_300SA_p01_5_1_17053.d,4096,.d,,,,profile,1,,,positive,107.48180113177645,1100.0100791496186,13.5028,13.5028,2024-03-09T19:24:43-08:00,1,2026-07-07T22:36:59.354455,
60886_6_T_1_WEOM_r1_Mag_10Mar24_300SA_p01_31_1_17166.d,/mnt/home/bmeluch/NMDC/nom_processing/monet_nom/raw/60886_6_T_1_WEOM_r1_Mag_10Mar24_300SA_p01_31_1_17166.d,4096,.d,,,,profile,1,,,positive,107.48180113177645,1100.0100791496186,13.503,13.503,2024-03-12T07:20:51-07:00,1,2026-07-08T18:04:15.579456,
QC_SRFAII_23_01_10ppm_WEOM_r1_Mag_10May24_300SA_p01_54_1_18284.d,/mnt/home/bmeluch/NMDC/nom_processing/monet_nom/raw/QC_SRFAII_23_01_10ppm_WEOM_r1_Mag_10May24_300SA_p01_54_1_18284.d,4096,.d,,,,profile,1,,,positive,107.48176053607425,1100.0087441989122,13.5003,13.5003,2024-05-11T01:34:38-07:00,1,2026-06-30T22:49:06.366421,
60923_16_T_1_WEOM_r2_Mag_04Mar24_300SA_p01_7_1_16857.d,/mnt/home/bmeluch/NMDC/nom_processing/monet_nom/raw/60923_16_T_1_WEOM_r2_Mag_04Mar24_300SA_p01_7_1_16857.d,4096,.d,,,,profile,1,,,positive,107.48180113177645,1100.0100791496186,13.5032,13.5032,2024-03-05T20:06:05-08:00,1,2026-07-07T19:57:34.531373,
60942_4_B_1_WEOM_r2_Mag_07Mar24_300SA_p01_21_1_17044.d,/mnt/home/bmeluch/NMDC/nom_processing/monet_nom/raw/60942_4_B_1_WEOM_r2_Mag_07Mar24_300SA_p01_21_1_17044.d,4096,.d,,,,profile,1,,,positive,107.48180113177645,1100.0100791496186,13.5031,13.5031,2024-03-09T15:25:24-08:00,1,2026-07-07T22:32:46.561459,
60923_16_B_1_WEOM_r1_Mag_04Mar24_300SA_p01_10_1_16807.d,/mnt/home/bmeluch/NMDC/nom_processing/monet_nom/raw/60923_16_B_1_WEOM_r1_Mag_04Mar24_300SA_p01_10_1_16807.d,4096,.d,,,,profile,1,,,positive,107.48180113177645,1100.0100791496186,13.5033,13.5033,2024-03-04T21:56:34-08:00,1,2026-07-07T19:34:24.594212,
60923_21_B_3_WEOM_r2_Mag_04Mar24_300SA_p01_42_1_16877.d,/mnt/home/bmeluch/NMDC/nom_processing/monet_nom/raw/60923_21_B_3_WEOM_r2_Mag_04Mar24_300SA_p01_42_1_16877.d,4096,.d,,,,profile,1,,,positive,107.48180113177645,1100.0100791496186,13.5001,13.5001,2024-03-06T04:57:52-08:00,1,2026-07-07T20:06:38.199816,
60942_4_T_1_WEOM_r3_Mag_07Mar24_300SA_p01_18_1_17068.d,/mnt/home/bmeluch/NMDC/nom_processing/monet_nom/raw/60942_4_T_1_WEOM_r3_Mag_07Mar24_300SA_p01_18_1_17068.d,4096,.d,,,,profile,1,,,positive,107.48180113177645,1100.0100791496186,13.5041,13.5041,2024-03-10T11:02:53-07:00,1,2026-07-07T22:43:43.082832,
60942_1_B_3_WEOM_r3_Mag_07Mar24_300SA_p01_6_1_17091.d,/mnt/home/bmeluch/NMDC/nom_processing/monet_nom/raw/60942_1_B_3_WEOM_r3_Mag_07Mar24_300SA_p01_6_1_17091.d,4096,.d,,,,profile,1,,,positive,107.48180113177645,1100.0100791496186,13.503,13.503,2024-03-10T21:14:25-07:00,1,2026-07-07T23:25:23.516940,
QC_SRFAII_23_01_10ppm_r1_Mag_12Feb24_300SA_p01_54_1_15048.d,/mnt/home/bmeluch/NMDC/nom_processing/monet_nom/raw/QC_SRFAII_23_01_10ppm_r1_Mag_12Feb24_300SA_p01_54_1_15048.d,4096,.d,,,,profile,1,,,positive,107.48184601456877,1100.0107270915814,13.5004,13.5004,2024-02-13T01:56:44-08:00,1,2026-06-30T22:49:06.445117,
60923_18_B_2_WEOM_r1_Mag_04Mar24_300SA_p01_23_1_16846.d,/mnt/home/bmeluch/NMDC/nom_processing/monet_nom/raw/60923_18_B_2_WEOM_r1_Mag_04Mar24_300SA_p01_23_1_16846.d,4096,.d,,,,profile,1,,,positive,107.48180113177645,1100.0100791496186,13.5035,13.5035,2024-03-05T15:13:34-08:00,1,2026-07-07T19:52:24.695229,
60942_2_T_3_WEOM_r3_Mag_07Mar24_300SA_p01_9_1_17064.d,/mnt/home/bmeluch/NMDC/nom_processing/monet_nom/raw/60942_2_T_3_WEOM_r3_Mag_07Mar24_300SA_p01_9_1_17064.d,4096,.d,,,,profile,1,,,positive,107.48180113177645,1100.0100791496186,13.503,13.503,2024-03-10T00:17:15-08:00,1,2026-07-07T22:41:53.153783,
QC_SRFAII_23_01_10ppm_WEOM_r3_Mag_01May24_300SA_p01_54_1_18238.d,/mnt/home/bmeluch/NMDC/nom_processing/monet_nom/raw/QC_SRFAII_23_01_10ppm_WEOM_r3_Mag_01May24_300SA_p01_54_1_18238.d,4096,.d,,,,profile,1,,,positive,107.48176053607425,1100.0087441989122,13.5035,13.5035,2024-05-06T05:05:25-07:00,1,2026-06-30T22:49:06.540089,
QC_SRFAII_23_01_10ppm_WEOM_r2_Mag_07Mar24_300SA_p01_54_1_17038.d,/mnt/home/bmeluch/NMDC/nom_processing/monet_nom/raw/QC_SRFAII_23_01_10ppm_WEOM_r2_Mag_07Mar24_300SA_p01_54_1_17038.d,4096,.d,,,,profile,1,,,positive,107.48180113177645,1100.0100791496186,13.503,13.503,2024-03-09T12:45:53-08:00,1,2026-06-30T22:49:06.671907,
60942_5_B_2_WEOM_r2_Mag_07Mar24_300SA_p01_28_1_17026.d,/mnt/home/bmeluch/NMDC/nom_processing/monet_nom/raw/60942_5_B_2_WEOM_r2_Mag_07Mar24_300SA_p01_28_1_17026.d,4096,.d,,,,profile,1,,,positive,107.48180113177645,1100.0100791496186,13.4999,13.4999,2024-03-08T23:34:20-08:00,1,2026-07-07T22:26:07.330877,
QC_SRFAII_23_01_10ppm_r1_Mag_12Feb24_300SA_p01_54_1_15092.d,/mnt/home/bmeluch/NMDC/nom_processing/monet_nom/raw/QC_SRFAII_23_01_10ppm_r1_Mag_12Feb24_300SA_p01_54_1_15092.d,4096,.d,,,,profile,1,,,positive,107.48184601456877,1100.0107270915814,13.5004,13.5004,2024-02-13T21:34:48-08:00,1,2026-06-30T22:49:06.826376,
60942_4_T_1_WEOM_r1_Mag_07Mar24_300SA_p01_18_1_16996.d,/mnt/home/bmeluch/NMDC/nom_processing/monet_nom/raw/60942_4_T_1_WEOM_r1_Mag_07Mar24_300SA_p01_18_1_16996.d,4096,.d,,,,profile,1,,,positive,107.48180113177645,1100.0100791496186,13.5004,13.5004,2024-03-08T10:15:16-08:00,1,2026-07-07T22:11:51.856306,
60886_4_B_1_WEOM_r3_Mag_10Mar24_300SA_p01_22_1_17237.d,/mnt/home/bmeluch/NMDC/nom_processing/monet_nom/raw/60886_4_B_1_WEOM_r3_Mag_10Mar24_300SA_p01_22_1_17237.d,4096,.d,,,,profile,1,,,positive,107.48180113177645,1100.0100791496186,13.5031,13.5031,2024-03-13T14:48:38-07:00,1,2026-07-08T19:12:22.828604,
60886_3_B_2_WEOM_r3_Mag_10Mar24_300SA_p01_17_1_17238.d,/mnt/home/bmeluch/NMDC/nom_processing/monet_nom/raw/60886_3_B_2_WEOM_r3_Mag_10Mar24_300SA_p01_17_1_17238.d,4096,.d,,,,profile,1,,,positive,107.48180113177645,1100.0100791496186,13.5033,13.5033,2024-03-13T15:15:14-07:00,1,2026-07-08T19:13:51.449486,
QC_SRFAII_23_01_10ppm_WEOM_r2_Mag_01May24_300SA_p01_54_1_18129.d,/mnt/home/bmeluch/NMDC/nom_processing/monet_nom/raw/QC_SRFAII_23_01_10ppm_WEOM_r2_Mag_01May24_300SA_p01_54_1_18129.d,4096,.d,,,,profile,1,,,positive,107.48176053607425,1100.0087441989122,13.503,13.503,2024-05-04T04:46:56-07:00,1,2026-06-30T22:49:06.922755,
QC_SRFAII_23_01_10ppm_WEOM_r3_Mag_04Mar24_300SA_p01_54_1_16946.d,/mnt/home/bmeluch/NMDC/nom_processing/monet_nom/raw/QC_SRFAII_23_01_10ppm_WEOM_r3_Mag_04Mar24_300SA_p01_54_1_16946.d,4096,.d,,,,profile,1,,,positive,107.48180113177645,1100.0100791496186,13.5035,13.5035,2024-03-07T11:32:37-08:00,1,2026-06-30T22:49:07.124201,
60886_3_T_2_WEOM_r1_Mag_10Mar24_300SA_p01_14_1_17172.d,/mnt/home/bmeluch/NMDC/nom_processing/monet_nom/raw/60886_3_T_2_WEOM_r1_Mag_10Mar24_300SA_p01_14_1_17172.d,4096,.d,,,,profile,1,,,positive,107.48180113177645,1100.0100791496186,13.5041,13.5041,2024-03-12T10:00:23-07:00,1,2026-07-08T18:09:36.145979,
60886_4_T_3_WEOM_r2_Mag_10Mar24_300SA_p01_21_1_17213.d,/mnt/home/bmeluch/NMDC/nom_processing/monet_nom/raw/60886_4_T_3_WEOM_r2_Mag_10Mar24_300SA_p01_21_1_17213.d,4096,.d,,,,profile,1,,,positive,107.48180113177645,1100.0100791496186,13.5028,13.5028,2024-03-13T04:10:32-07:00,1,2026-07-08T18:48:37.349211,
60923_17_B_1_WEOM_r1_Mag_04Mar24_300SA_p01_16_1_16813.d,/mnt/home/bmeluch/NMDC/nom_processing/monet_nom/raw/60923_17_B_1_WEOM_r1_Mag_04Mar24_300SA_p01_16_1_16813.d,4096,.d,,,,profile,1,,,positive,107.48180113177645,1100.0100791496186,13.5032,13.5032,2024-03-05T00:36:07-08:00,1,2026-07-07T19:36:58.322227,
60923_19_B_2_WEOM_r2_Mag_04Mar24_300SA_p01_29_1_16893.d,/mnt/home/bmeluch/NMDC/nom_processing/monet_nom/raw/60923_19_B_2_WEOM_r2_Mag_04Mar24_300SA_p01_29_1_16893.d,4096,.d,,,,profile,1,,,positive,107.48180113177645,1100.0100791496186,13.5034,13.5034,2024-03-06T12:03:17-08:00,1,2026-07-07T20:14:25.560796,
60923_20_T_3_WEOM_r2_Mag_04Mar24_300SA_p01_33_1_16888.d,/mnt/home/bmeluch/NMDC/nom_processing/monet_nom/raw/60923_20_T_3_WEOM_r2_Mag_04Mar24_300SA_p01_33_1_16888.d,4096,.d,,,,profile,1,,,positive,107.48180113177645,1100.0100791496186,13.5031,13.5031,2024-03-06T09:50:21-08:00,1,2026-07-07T20:11:49.841768,
QC_SRFAII_23_01_10ppm_r3_Mag_18Jan24_300SA_p01_52_1_14985.d,/mnt/home/bmeluch/NMDC/nom_processing/monet_nom/raw/QC_SRFAII_23_01_10ppm_r3_Mag_18Jan24_300SA_p01_52_1_14985.d,4096,.d,,,,profile,1,,,positive,107.48179757328572,1100.0105127507268,13.5009,13.5009,2024-01-24T02:16:26-08:00,1,2026-06-30T22:49:07.387373,
60923_20_T_2_WEOM_r3_Mag_04Mar24_300SA_p01_32_1_16930.d,/mnt/home/bmeluch/NMDC/nom_processing/monet_nom/raw/60923_20_T_2_WEOM_r3_Mag_04Mar24_300SA_p01_32_1_16930.d,4096,.d,,,,profile,1,,,positive,107.48180113177645,1100.0100791496186,13.5028,13.5028,2024-03-07T04:27:09-08:00,1,2026-07-07T20:51:18.459820,
QC_SRFAII_23_01_10ppm_WEOM_r2_Mag_04Mar24_300SA_p01_54_1_16880.d,/mnt/home/bmeluch/NMDC/nom_processing/monet_nom/raw/QC_SRFAII_23_01_10ppm_WEOM_r2_Mag_04Mar24_300SA_p01_54_1_16880.d,4096,.d,,,,profile,1,,,positive,107.48180113177645,1100.0100791496186,13.5029,13.5029,2024-03-06T06:17:39-08:00,1,2026-06-30T22:49:07.695327,
60886_4_T_1_WEOM_r1_Mag_10Mar24_300SA_p01_19_1_17136.d,/mnt/home/bmeluch/NMDC/nom_processing/monet_nom/raw/60886_4_T_1_WEOM_r1_Mag_10Mar24_300SA_p01_19_1_17136.d,4096,.d,,,,profile,1,,,positive,107.48180113177645,1100.0100791496186,13.5061,13.5061,2024-03-11T18:03:08-07:00,1,2026-07-08T17:34:59.667299,
QC_SRFAII_23_01_10ppm_r3_Mag_21Feb24_300SA_p01_54_1_15455.d,/mnt/home/bmeluch/NMDC/nom_processing/monet_nom/raw/QC_SRFAII_23_01_10ppm_r3_Mag_21Feb24_300SA_p01_54_1_15455.d,4096,.d,,,,profile,1,,,positive,107.48184601456877,1100.0107270915814,13.5185,13.5185,2024-02-21T13:54:22-08:00,1,2026-06-30T22:49:07.860084,
QC_SRFAII_23_01_10ppm_WEOM_r3_Mag_07Mar24_300SA_p01_54_1_17085.d,/mnt/home/bmeluch/NMDC/nom_processing/monet_nom/raw/QC_SRFAII_23_01_10ppm_WEOM_r3_Mag_07Mar24_300SA_p01_54_1_17085.d,4096,.d,,,,profile,1,,,positive,107.48180113177645,1100.0100791496186,13.503,13.503,2024-03-10T18:34:52-07:00,1,2026-06-30T22:49:08.063463,
60923_18_T_2_WEOM_r2_Mag_04Mar24_300SA_p01_20_1_16895.d,/mnt/home/bmeluch/NMDC/nom_processing/monet_nom/raw/60923_18_T_2_WEOM_r2_Mag_04Mar24_300SA_p01_20_1_16895.d,4096,.d,,,,profile,1,,,positive,107.48180113177645,1100.0100791496186,13.5033,13.5033,2024-03-06T12:56:28-08:00,1,2026-07-07T20:15:44.333939,
60942_4_T_3_WEOM_r2_Mag_07Mar24_300SA_p01_20_1_17050.d,/mnt/home/bmeluch/NMDC/nom_processing/monet_nom/raw/60942_4_T_3_WEOM_r2_Mag_07Mar24_300SA_p01_20_1_17050.d,4096,.d,,,,profile,1,,,positive,107.48180113177645,1100.0100791496186,13.5034,13.5034,2024-03-09T18:04:56-08:00,1,2026-07-07T22:35:47.554208,
QC_SRFAII_23_01_20ppm_r2_Mag_18Jan24_300SA_p01_52_1_14879.d,/mnt/home/bmeluch/NMDC/nom_processing/monet_nom/raw/QC_SRFAII_23_01_20ppm_r2_Mag_18Jan24_300SA_p01_52_1_14879.d,4096,.d,,,,profile,1,,,positive,107.48179757328572,1100.0105127507268,13.5004,13.5004,2024-01-22T03:17:46-08:00,1,2026-06-30T22:49:08.205279,
60886_2_B_2_WEOM_r2_Mag_10Mar24_300SA_p01_11_1_17176.d,/mnt/home/bmeluch/NMDC/nom_processing/monet_nom/raw/60886_2_B_2_WEOM_r2_Mag_10Mar24_300SA_p01_11_1_17176.d,4096,.d,,,,profile,1,,,positive,107.48180113177645,1100.0100791496186,13.5036,13.5036,2024-03-12T11:46:45-07:00,1,2026-07-08T18:13:55.730634,
60923_20_T_3_WEOM_r3_Mag_04Mar24_300SA_p01_33_1_16928.d,/mnt/home/bmeluch/NMDC/nom_processing/monet_nom/raw/60923_20_T_3_WEOM_r3_Mag_04Mar24_300SA_p01_33_1_16928.d,4096,.d,,,,profile,1,,,positive,107.48180113177645,1100.0100791496186,13.5032,13.5032,2024-03-07T03:33:56-08:00,1,2026-07-07T20:47:29.942463,
60923_16_T_2_WEOM_r3_Mag_04Mar24_300SA_p01_8_1_16918.d,/mnt/home/bmeluch/NMDC/nom_processing/monet_nom/raw/60923_16_T_2_WEOM_r3_Mag_04Mar24_300SA_p01_8_1_16918.d,4096,.d,,,,profile,1,,,positive,107.48180113177645,1100.0100791496186,13.5032,13.5032,2024-03-06T23:08:04-08:00,1,2026-07-07T20:29:12.891682,
60886_6_T_1_WEOM_r3_Mag_10Mar24_300SA_p01_31_1_17245.d,/mnt/home/bmeluch/NMDC/nom_processing/monet_nom/raw/60886_6_T_1_WEOM_r3_Mag_10Mar24_300SA_p01_31_1_17245.d,4096,.d,,,,profile,1,,,positive,107.48180113177645,1100.0100791496186,13.5031,13.5031,2024-03-13T18:21:23-07:00,1,2026-07-08T19:21:19.588234,
60942_2_B_2_WEOM_r2_Mag_07Mar24_300SA_p01_11_1_17041.d,/mnt/home/bmeluch/NMDC/nom_processing/monet_nom/raw/60942_2_B_2_WEOM_r2_Mag_07Mar24_300SA_p01_11_1_17041.d,4096,.d,,,,profile,1,,,positive,107.48180113177645,1100.0100791496186,13.5036,13.5036,2024-03-09T14:05:38-08:00,1,2026-07-07T22:30:54.736889,
60923_20_B_3_WEOM_r2_Mag_04Mar24_300SA_p01_36_1_16870.d,/mnt/home/bmeluch/NMDC/nom_processing/monet_nom/raw/60923_20_B_3_WEOM_r2_Mag_04Mar24_300SA_p01_36_1_16870.d,4096,.d,,,,profile,1,,,positive,107.48180113177645,1100.0100791496186,13.4997,13.4997,2024-03-06T01:51:47-08:00,1,2026-07-07T20:03:25.375491,
60942_4_B_3_WEOM_r3_Mag_07Mar24_300SA_p01_23_1_17083.d,/mnt/home/bmeluch/NMDC/nom_processing/monet_nom/raw/60942_4_B_3_WEOM_r3_Mag_07Mar24_300SA_p01_23_1_17083.d,4096,.d,,,,profile,1,,,positive,107.48180113177645,1100.0100791496186,13.5031,13.5031,2024-03-10T17:41:41-07:00,1,2026-07-07T23:01:44.531504,
QC_SRFAII_25_01_B_WEOM_r1_52_1_27803.d,/mnt/home/bmeluch/NMDC/nom_processing/monet_nom/raw/QC_SRFAII_25_01_B_WEOM_r1_52_1_27803.d,4096,.d,,,,profile,1,,,positive,107.50179447950775,1100.213938134689,13.5005,13.5005,2025-11-01T08:50:00-07:00,1,2026-06-30T22:49:08.281153,
QC_SRFAII_23_01_20ppm_r2_Mag_04Jan24_300SA_p01_52_1_14552.d,/mnt/home/bmeluch/NMDC/nom_processing/monet_nom/raw/QC_SRFAII_23_01_20ppm_r2_Mag_04Jan24_300SA_p01_52_1_14552.d,4096,.d,,,,profile,1,,,positive,107.48179178061193,1100.0101587804602,13.5073,13.5073,2024-01-07T04:34:09-08:00,1,2026-06-30T22:49:08.347971,
60886_3_T_1_WEOM_r2_Mag_10Mar24_300SA_p01_13_1_17204.d,/mnt/home/bmeluch/NMDC/nom_processing/monet_nom/raw/60886_3_T_1_WEOM_r2_Mag_10Mar24_300SA_p01_13_1_17204.d,4096,.d,,,,profile,1,,,positive,107.48180113177645,1100.0100791496186,13.503,13.503,2024-03-13T00:11:14-07:00,1,2026-07-08T18:41:15.971044,
60942_5_B_3_WEOM_r1_Mag_07Mar24_300SA_p01_29_1_16989.d,/mnt/home/bmeluch/NMDC/nom_processing/monet_nom/raw/60942_5_B_3_WEOM_r1_Mag_07Mar24_300SA_p01_29_1_16989.d,4096,.d,,,,profile,1,,,positive,107.48180113177645,1100.0100791496186,13.4998,13.4998,2024-03-08T07:09:09-08:00,1,2026-07-07T22:08:45.938487,
QC_SRFAII_23_01_20ppm_r1_Mag_18Jan24_300SA_p01_54_1_14752.d,/mnt/home/bmeluch/NMDC/nom_processing/monet_nom/raw/QC_SRFAII_23_01_20ppm_r1_Mag_18Jan24_300SA_p01_54_1_14752.d,4096,.d,,,,profile,1,,,positive,107.48179757328572,1100.0105127507268,13.4971,13.4971,2024-01-19T19:00:33-08:00,1,2026-06-30T22:49:08.443071,
60886_4_B_2_WEOM_r2_Mag_10Mar24_300SA_p01_23_1_17210.d,/mnt/home/bmeluch/NMDC/nom_processing/monet_nom/raw/60886_4_B_2_WEOM_r2_Mag_10Mar24_300SA_p01_23_1_17210.d,4096,.d,,,,profile,1,,,positive,107.48180113177645,1100.0100791496186,13.5028,13.5028,2024-03-13T02:50:46-07:00,1,2026-07-08T18:45:44.692568,
60942_1_B_2_WEOM_r3_Mag_07Mar24_300SA_p01_5_1_17069.d,/mnt/home/bmeluch/NMDC/nom_processing/monet_nom/raw/60942_1_B_2_WEOM_r3_Mag_07Mar24_300SA_p01_5_1_17069.d,4096,.d,,,,profile,1,,,positive,107.48180113177645,1100.0100791496186,13.5032,13.5032,2024-03-10T11:29:28-07:00,1,2026-07-07T22:44:21.695146,
60886_1_B_3_WEOM_r1_Mag_10Mar24_300SA_p01_6_1_17148.d,/mnt/home/bmeluch/NMDC/nom_processing/monet_nom/raw/60886_1_B_3_WEOM_r1_Mag_10Mar24_300SA_p01_6_1_17148.d,4096,.d,,,,profile,1,,,positive,107.48180113177645,1100.0100791496186,13.5033,13.5033,2024-03-11T23:22:11-07:00,1,2026-07-08T17:46:46.789384,
60942_4_B_3_WEOM_r1_Mag_07Mar24_300SA_p01_23_1_16984.d,/mnt/home/bmeluch/NMDC/nom_processing/monet_nom/raw/60942_4_B_3_WEOM_r1_Mag_07Mar24_300SA_p01_23_1_16984.d,4096,.d,,,,profile,1,,,positive,107.48180113177645,1100.0100791496186,13.5033,13.5033,2024-03-08T04:56:11-08:00,1,2026-07-07T22:06:15.076514,
60886_4_B_3_WEOM_r1_Mag_10Mar24_300SA_p01_24_1_17133.d,/mnt/home/bmeluch/NMDC/nom_processing/monet_nom/raw/60886_4_B_3_WEOM_r1_Mag_10Mar24_300SA_p01_24_1_17133.d,4096,.d,,,,profile,1,,,positive,107.48180113177645,1100.0100791496186,13.503,13.503,2024-03-11T16:43:22-07:00,1,2026-07-08T17:32:04.183248,
60886_2_B_2_WEOM_r1_Mag_10Mar24_300SA_p01_11_1_17163.d,/mnt/home/bmeluch/NMDC/nom_processing/monet_nom/raw/60886_2_B_2_WEOM_r1_Mag_10Mar24_300SA_p01_11_1_17163.d,4096,.d,,,,profile,1,,,positive,107.48180113177645,1100.0100791496186,13.5034,13.5034,2024-03-12T06:01:04-07:00,1,2026-07-08T18:02:57.502206,
60923_17_T_2_WEOM_r1_Mag_04Mar24_300SA_p01_14_1_16794.d,/mnt/home/bmeluch/NMDC/nom_processing/monet_nom/raw/60923_17_T_2_WEOM_r1_Mag_04Mar24_300SA_p01_14_1_16794.d,4096,.d,,,,profile,1,,,positive,107.48180113177645,1100.0100791496186,13.503,13.503,2024-03-04T16:10:53-08:00,1,2026-07-07T19:27:55.954137,
60923_15_B_1_WEOM_r2_Mag_04Mar24_300SA_p01_4_1_16854.d,/mnt/home/bmeluch/NMDC/nom_processing/monet_nom/raw/60923_15_B_1_WEOM_r2_Mag_04Mar24_300SA_p01_4_1_16854.d,4096,.d,,,,profile,1,,,positive,107.48180113177645,1100.0100791496186,13.4998,13.4998,2024-03-05T18:46:18-08:00,1,2026-07-07T19:56:17.231346,
QC_SRFAII_23_01_10ppm_WEOM_r3_Mag_10Mar24_300SA_p01_54_1_17254.d,/mnt/home/bmeluch/NMDC/nom_processing/monet_nom/raw/QC_SRFAII_23_01_10ppm_WEOM_r3_Mag_10Mar24_300SA_p01_54_1_17254.d,4096,.d,,,,profile,1,,,positive,107.48180113177645,1100.0100791496186,13.5035,13.5035,2024-03-13T22:20:39-07:00,1,2026-06-30T22:49:08.796703,
QC_SRFAII_20ppm_04Jan24_Mag_2w_8M_300SA_p01_54_1_14413.d,/mnt/home/bmeluch/NMDC/nom_processing/monet_nom/raw/QC_SRFAII_20ppm_04Jan24_Mag_2w_8M_300SA_p01_54_1_14413.d,4096,.d,,,,profile,1,,,positive,107.48179178061193,1100.0101587804602,13.5046,13.5046,2024-01-04T14:57:58-08:00,1,2026-06-30T22:49:08.590935,
60886_6_B_1_WEOM_r1_Mag_10Mar24_300SA_p01_34_1_17137.d,/mnt/home/bmeluch/NMDC/nom_processing/monet_nom/raw/60886_6_B_1_WEOM_r1_Mag_10Mar24_300SA_p01_34_1_17137.d,4096,.d,,,,profile,1,,,positive,107.48180113177645,1100.0100791496186,13.4997,13.4997,2024-03-11T18:29:43-07:00,1,2026-07-08T17:36:26.535305,
QC_SRFAII_20ppm_04Jan24_Mag_2w_8M_300SA_p01_54_1_14415.d,/mnt/home/bmeluch/NMDC/nom_processing/monet_nom/raw/QC_SRFAII_20ppm_04Jan24_Mag_2w_8M_300SA_p01_54_1_14415.d,4096,.d,,,,profile,1,,,positive,107.48179178061193,1100.0101587804602,13.5021,13.5021,2024-01-04T15:51:10-08:00,1,2026-06-30T22:49:08.871995,
60886_2_T_2_WEOM_r1_Mag_10Mar24_300SA_p01_8_1_17169.d,/mnt/home/bmeluch/NMDC/nom_processing/monet_nom/raw/60886_2_T_2_WEOM_r1_Mag_10Mar24_300SA_p01_8_1_17169.d,4096,.d,,,,profile,1,,,positive,107.48180113177645,1100.0100791496186,13.503,13.503,2024-03-12T08:40:37-07:00,1,2026-07-08T18:06:52.845088,
60942_2_B_2_WEOM_r3_Mag_07Mar24_300SA_p01_11_1_17104.d,/mnt/home/bmeluch/NMDC/nom_processing/monet_nom/raw/60942_2_B_2_WEOM_r3_Mag_07Mar24_300SA_p01_11_1_17104.d,4096,.d,,,,profile,1,,,positive,107.48180113177645,1100.0100791496186,13.5032,13.5032,2024-03-11T03:00:06-07:00,1,2026-07-08T17:16:37.550216,
60886_6_T_2_WEOM_r1_Mag_10Mar24_300SA_p01_32_1_17114.d,/mnt/home/bmeluch/NMDC/nom_processing/monet_nom/raw/60886_6_T_2_WEOM_r1_Mag_10Mar24_300SA_p01_32_1_17114.d,4096,.d,,,,profile,1,,,positive,107.48180113177645,1100.0100791496186,13.5038,13.5038,2024-03-11T07:26:00-07:00,1,2026-07-08T17:24:50.862679,
60886_4_T_2_WEOM_r2_Mag_10Mar24_300SA_p01_20_1_17225.d,/mnt/home/bmeluch/NMDC/nom_processing/monet_nom/raw/60886_4_T_2_WEOM_r2_Mag_10Mar24_300SA_p01_20_1_17225.d,4096,.d,,,,profile,1,,,positive,107.48180113177645,1100.0100791496186,13.5033,13.5033,2024-03-13T09:29:35-07:00,1,2026-07-08T19:02:02.871388,
60942_1_T_1_WEOM_r2_Mag_07Mar24_300SA_p01_1_1_17025.d,/mnt/home/bmeluch/NMDC/nom_processing/monet_nom/raw/60942_1_T_1_WEOM_r2_Mag_07Mar24_300SA_p01_1_1_17025.d,4096,.d,,,,profile,1,,,positive,107.48180113177645,1100.0100791496186,13.5031,13.5031,2024-03-08T23:07:46-08:00,1,2026-07-07T22:25:30.974559,
60923_17_T_2_WEOM_r2_Mag_04Mar24_300SA_p01_14_1_16882.d,/mnt/home/bmeluch/NMDC/nom_processing/monet_nom/raw/60923_17_T_2_WEOM_r2_Mag_04Mar24_300SA_p01_14_1_16882.d,4096,.d,,,,profile,1,,,positive,107.48180113177645,1100.0100791496186,13.5034,13.5034,2024-03-06T07:10:49-08:00,1,2026-07-07T20:08:34.557062,
QC_SRFAII_23_01_10ppm_WEOM_r3_Mag_07Mar24_300SA_p01_54_1_17108.d,/mnt/home/bmeluch/NMDC/nom_processing/monet_nom/raw/QC_SRFAII_23_01_10ppm_WEOM_r3_Mag_07Mar24_300SA_p01_54_1_17108.d,4096,.d,,,,profile,1,,,positive,107.48180113177645,1100.0100791496186,13.503,13.503,2024-03-11T04:46:27-07:00,1,2026-06-30T22:49:08.932456,
60942_6_B_1_WEOM_r3_Mag_07Mar24_300SA_p01_33_1_17072.d,/mnt/home/bmeluch/NMDC/nom_processing/monet_nom/raw/60942_6_B_1_WEOM_r3_Mag_07Mar24_300SA_p01_33_1_17072.d,4096,.d,,,,profile,1,,,positive,107.48180113177645,1100.0100791496186,13.5035,13.5035,2024-03-10T12:49:13-07:00,1,2026-07-07T22:45:31.991696,
60923_21_B_1_WEOM_r2_Mag_04Mar24_300SA_p01_40_1_16876.d,/mnt/home/bmeluch/NMDC/nom_processing/monet_nom/raw/60923_21_B_1_WEOM_r2_Mag_04Mar24_300SA_p01_40_1_16876.d,4096,.d,,,,profile,1,,,positive,107.48180113177645,1100.0100791496186,13.5032,13.5032,2024-03-06T04:31:18-08:00,1,2026-07-07T20:05:59.187066,
QC_SRFAII_23_01_10ppm_WEOM_r3_Mag_04Mar24_300SA_p01_54_1_16924.d,/mnt/home/bmeluch/NMDC/nom_processing/monet_nom/raw/QC_SRFAII_23_01_10ppm_WEOM_r3_Mag_04Mar24_300SA_p01_54_1_16924.d,4096,.d,,,,profile,1,,,positive,107.48180113177645,1100.0100791496186,13.5031,13.5031,2024-03-07T01:47:37-08:00,1,2026-06-30T22:49:09.118014,
QC_SRFAII_23_01_10ppm_r2_Mag_21Feb24_300SA_p01_54_1_15493.d,/mnt/home/bmeluch/NMDC/nom_processing/monet_nom/raw/QC_SRFAII_23_01_10ppm_r2_Mag_21Feb24_300SA_p01_54_1_15493.d,4096,.d,,,,profile,1,,,positive,107.48184601456877,1100.0107270915814,13.5042,13.5042,2024-02-22T06:44:47-08:00,1,2026-06-30T22:49:09.370312,
60942_5_T_1_WEOM_r3_Mag_07Mar24_300SA_p01_24_1_17073.d,/mnt/home/bmeluch/NMDC/nom_processing/monet_nom/raw/60942_5_T_1_WEOM_r3_Mag_07Mar24_300SA_p01_24_1_17073.d,4096,.d,,,,profile,1,,,positive,107.48180113177645,1100.0100791496186,13.5033,13.5033,2024-03-10T13:15:48-07:00,1,2026-07-07T22:46:06.811937,
60923_19_T_3_WEOM_r3_Mag_04Mar24_300SA_p01_27_1_16921.d,/mnt/home/bmeluch/NMDC/nom_processing/monet_nom/raw/60923_19_T_3_WEOM_r3_Mag_04Mar24_300SA_p01_27_1_16921.d,4096,.d,,,,profile,1,,,positive,107.48180113177645,1100.0100791496186,13.5032,13.5032,2024-03-07T00:27:51-08:00,1,2026-07-07T20:32:05.026103,
60923_16_B_2_WEOM_r1_Mag_04Mar24_300SA_p01_11_1_16848.d,/mnt/home/bmeluch/NMDC/nom_processing/monet_nom/raw/60923_16_B_2_WEOM_r1_Mag_04Mar24_300SA_p01_11_1_16848.d,4096,.d,,,,profile,1,,,positive,107.48180113177645,1100.0100791496186,13.5031,13.5031,2024-03-05T16:06:44-08:00,1,2026-07-07T19:53:03.171279,
60923_17_B_3_WEOM_r3_Mag_04Mar24_300SA_p01_18_1_16913.d,/mnt/home/bmeluch/NMDC/nom_processing/monet_nom/raw/60923_17_B_3_WEOM_r3_Mag_04Mar24_300SA_p01_18_1_16913.d,4096,.d,,,,profile,1,,,positive,107.48180113177645,1100.0100791496186,13.5032,13.5032,2024-03-06T20:55:06-08:00,1,2026-07-07T20:25:30.615529,
60942_5_T_3_WEOM_r2_Mag_07Mar24_300SA_p01_26_1_17019.d,/mnt/home/bmeluch/NMDC/nom_processing/monet_nom/raw/60942_5_T_3_WEOM_r2_Mag_07Mar24_300SA_p01_26_1_17019.d,4096,.d,,,,profile,1,,,positive,107.48180113177645,1100.0100791496186,13.5033,13.5033,2024-03-08T20:28:12-08:00,1,2026-07-07T22:22:24.592509,
60942_5_T_2_WEOM_r1_Mag_07Mar24_300SA_p01_25_1_16992.d,/mnt/home/bmeluch/NMDC/nom_processing/monet_nom/raw/60942_5_T_2_WEOM_r1_Mag_07Mar24_300SA_p01_25_1_16992.d,4096,.d,,,,profile,1,,,positive,107.48180113177645,1100.0100791496186,13.5027,13.5027,2024-03-08T08:28:55-08:00,1,2026-07-07T22:09:24.646907,
60942_1_B_3_WEOM_r1_Mag_07Mar24_300SA_p01_6_1_16978.d,/mnt/home/bmeluch/NMDC/nom_processing/monet_nom/raw/60942_1_B_3_WEOM_r1_Mag_07Mar24_300SA_p01_6_1_16978.d,4096,.d,,,,profile,1,,,positive,107.48180113177645,1100.0100791496186,13.5034,13.5034,2024-03-08T02:16:39-08:00,1,2026-07-07T22:03:47.485890,
60923_20_T_1_WEOM_r2_Mag_04Mar24_300SA_p01_31_1_16852.d,/mnt/home/bmeluch/NMDC/nom_processing/monet_nom/raw/60923_20_T_1_WEOM_r2_Mag_04Mar24_300SA_p01_31_1_16852.d,4096,.d,,,,profile,1,,,positive,107.48180113177645,1100.0100791496186,13.5031,13.5031,2024-03-05T17:53:07-08:00,1,2026-07-07T19:55:38.331332,
QC_SRFAII_23_01_10ppm_r1_Mag_12Feb24_300SA_p01_54_1_15070.d,/mnt/home/bmeluch/NMDC/nom_processing/monet_nom/raw/QC_SRFAII_23_01_10ppm_r1_Mag_12Feb24_300SA_p01_54_1_15070.d,4096,.d,,,,profile,1,,,positive,107.48184601456877,1100.0107270915814,13.5006,13.5006,2024-02-13T11:41:43-08:00,1,2026-06-30T22:49:09.528389,
60942_6_T_3_WEOM_r1_Mag_07Mar24_300SA_p01_32_1_16985.d,/mnt/home/bmeluch/NMDC/nom_processing/monet_nom/raw/60942_6_T_3_WEOM_r1_Mag_07Mar24_300SA_p01_32_1_16985.d,4096,.d,,,,profile,1,,,positive,107.48180113177645,1100.0100791496186,13.5032,13.5032,2024-03-08T05:22:47-08:00,1,2026-07-07T22:06:53.265066,
QC_SRFAII_23_01_10ppm_WEOM_r3_Mag_13May24_300SA_p01_54_1_18396.d,/mnt/home/bmeluch/NMDC/nom_processing/monet_nom/raw/QC_SRFAII_23_01_10ppm_WEOM_r3_Mag_13May24_300SA_p01_54_1_18396.d,4096,.d,,,,profile,1,,,positive,107.48176053607425,1100.0087441989122,13.5041,13.5041,2024-05-13T08:57:14-07:00,1,2026-06-30T22:49:09.584821,
60942_3_B_2_WEOM_r3_Mag_07Mar24_300SA_p01_16_1_17079.d,/mnt/home/bmeluch/NMDC/nom_processing/monet_nom/raw/60942_3_B_2_WEOM_r3_Mag_07Mar24_300SA_p01_16_1_17079.d,4096,.d,,,,profile,1,,,positive,107.48180113177645,1100.0100791496186,13.5031,13.5031,2024-03-10T15:55:20-07:00,1,2026-07-07T22:51:28.013679,
60886_1_B_1_WEOM_r3_Mag_10Mar24_300SA_p01_4_1_17251.d,/mnt/home/bmeluch/NMDC/nom_processing/monet_nom/raw/60886_1_B_1_WEOM_r3_Mag_10Mar24_300SA_p01_4_1_17251.d,4096,.d,,,,profile,1,,,positive,107.48180113177645,1100.0100791496186,13.5034,13.5034,2024-03-13T21:00:54-07:00,1,2026-07-08T19:28:45.369451,
60886_5_T_2_WEOM_r2_Mag_10Mar24_300SA_p01_26_1_17198.d,/mnt/home/bmeluch/NMDC/nom_processing/monet_nom/raw/60886_5_T_2_WEOM_r2_Mag_10Mar24_300SA_p01_26_1_17198.d,4096,.d,,,,profile,1,,,positive,107.48180113177645,1100.0100791496186,13.5031,13.5031,2024-03-12T21:31:42-07:00,1,2026-07-08T18:35:27.979503,
QC_SRFAII_23_01_20ppm_r2_Mag_18Jan24_300SA_p01_54_1_14841.d,/mnt/home/bmeluch/NMDC/nom_processing/monet_nom/raw/QC_SRFAII_23_01_20ppm_r2_Mag_18Jan24_300SA_p01_54_1_14841.d,4096,.d,,,,profile,1,,,positive,107.48179757328572,1100.0105127507268,13.5003,13.5003,2024-01-21T10:27:18-08:00,1,2026-06-30T22:49:09.640958,
60923_18_T_1_WEOM_r2_Mag_04Mar24_300SA_p01_19_1_16869.d,/mnt/home/bmeluch/NMDC/nom_processing/monet_nom/raw/60923_18_T_1_WEOM_r2_Mag_04Mar24_300SA_p01_19_1_16869.d,4096,.d,,,,profile,1,,,positive,107.48180113177645,1100.0100791496186,13.5031,13.5031,2024-03-06T01:25:12-08:00,1,2026-07-07T20:02:46.823474,
60886_6_T_2_WEOM_r2_Mag_10Mar24_300SA_p01_32_1_17200.d,/mnt/home/bmeluch/NMDC/nom_processing/monet_nom/raw/60886_6_T_2_WEOM_r2_Mag_10Mar24_300SA_p01_32_1_17200.d,4096,.d,,,,profile,1,,,positive,107.48180113177645,1100.0100791496186,13.503,13.503,2024-03-12T22:24:52-07:00,1,2026-07-08T18:36:54.620626,
QC_SRFAII_23_01_10ppm_r3_Mag_12Feb24_300SA_p01_54_1_15241.d,/mnt/home/bmeluch/NMDC/nom_processing/monet_nom/raw/QC_SRFAII_23_01_10ppm_r3_Mag_12Feb24_300SA_p01_54_1_15241.d,4096,.d,,,,profile,1,,,positive,107.48184601456877,1100.0107270915814,13.5037,13.5037,2024-02-16T16:45:07-08:00,1,2026-06-30T22:49:09.772273,
60942_5_T_3_WEOM_r1_Mag_07Mar24_300SA_p01_26_1_16975.d,/mnt/home/bmeluch/NMDC/nom_processing/monet_nom/raw/60942_5_T_3_WEOM_r1_Mag_07Mar24_300SA_p01_26_1_16975.d,4096,.d,,,,profile,1,,,positive,107.48180113177645,1100.0100791496186,13.5033,13.5033,2024-03-08T00:56:52-08:00,1,2026-07-07T22:01:56.581545,
60886_4_T_1_WEOM_r2_Mag_10Mar24_300SA_p01_19_1_17215.d,/mnt/home/bmeluch/NMDC/nom_processing/monet_nom/raw/60886_4_T_1_WEOM_r2_Mag_10Mar24_300SA_p01_19_1_17215.d,4096,.d,,,,profile,1,,,positive,107.48180113177645,1100.0100791496186,13.5033,13.5033,2024-03-13T05:03:42-07:00,1,2026-07-08T18:50:04.937464,
60886_2_B_3_WEOM_r2_Mag_10Mar24_300SA_p01_12_1_17223.d,/mnt/home/bmeluch/NMDC/nom_processing/monet_nom/raw/60886_2_B_3_WEOM_r2_Mag_10Mar24_300SA_p01_12_1_17223.d,4096,.d,,,,profile,1,,,positive,107.48180113177645,1100.0100791496186,13.5037,13.5037,2024-03-13T08:36:25-07:00,1,2026-07-08T18:59:04.870487,
60923_17_B_2_WEOM_r1_Mag_04Mar24_300SA_p01_17_1_16820.d,/mnt/home/bmeluch/NMDC/nom_processing/monet_nom/raw/60923_17_B_2_WEOM_r1_Mag_04Mar24_300SA_p01_17_1_16820.d,4096,.d,,,,profile,1,,,positive,107.48180113177645,1100.0100791496186,13.5034,13.5034,2024-03-05T03:42:14-08:00,1,2026-07-07T19:40:11.892217,
60886_4_B_3_WEOM_r3_Mag_10Mar24_300SA_p01_24_1_17256.d,/mnt/home/bmeluch/NMDC/nom_processing/monet_nom/raw/60886_4_B_3_WEOM_r3_Mag_10Mar24_300SA_p01_24_1_17256.d,4096,.d,,,,profile,1,,,positive,107.48180113177645,1100.0100791496186,13.5028,13.5028,2024-03-13T23:13:50-07:00,1,2026-07-08T19:33:15.881816,
60942_3_B_3_WEOM_r1_Mag_07Mar24_300SA_p01_17_1_16981.d,/mnt/home/bmeluch/NMDC/nom_processing/monet_nom/raw/60942_3_B_3_WEOM_r1_Mag_07Mar24_300SA_p01_17_1_16981.d,4096,.d,,,,profile,1,,,positive,107.48180113177645,1100.0100791496186,13.4998,13.4998,2024-03-08T03:36:25-08:00,1,2026-07-07T22:05:00.879327,
60923_18_T_1_WEOM_r3_Mag_04Mar24_300SA_p01_19_1_16934.d,/mnt/home/bmeluch/NMDC/nom_processing/monet_nom/raw/60923_18_T_1_WEOM_r3_Mag_04Mar24_300SA_p01_19_1_16934.d,4096,.d,,,,profile,1,,,positive,107.48180113177645,1100.0100791496186,13.5028,13.5028,2024-03-07T06:13:30-08:00,1,2026-07-07T20:59:09.560889,
60942_3_T_1_WEOM_r1_Mag_07Mar24_300SA_p01_13_1_16987.d,/mnt/home/bmeluch/NMDC/nom_processing/monet_nom/raw/60942_3_T_1_WEOM_r1_Mag_07Mar24_300SA_p01_13_1_16987.d,4096,.d,,,,profile,1,,,positive,107.48180113177645,1100.0100791496186,13.5033,13.5033,2024-03-08T06:15:57-08:00,1,2026-07-07T22:08:07.318031,
60923_17_T_1_WEOM_r1_Mag_04Mar24_300SA_p01_13_1_16843.d,/mnt/home/bmeluch/NMDC/nom_processing/monet_nom/raw/60923_17_T_1_WEOM_r1_Mag_04Mar24_300SA_p01_13_1_16843.d,4096,.d,,,,profile,1,,,positive,107.48180113177645,1100.0100791496186,13.5031,13.5031,2024-03-05T13:53:47-08:00,1,2026-07-07T19:50:27.295195,
60942_3_T_2_WEOM_r2_Mag_07Mar24_300SA_p01_14_1_17054.d,/mnt/home/bmeluch/NMDC/nom_processing/monet_nom/raw/60942_3_T_2_WEOM_r2_Mag_07Mar24_300SA_p01_14_1_17054.d,4096,.d,,,,profile,1,,,positive,107.48180113177645,1100.0100791496186,13.5,13.5,2024-03-09T19:51:19-08:00,1,2026-07-07T22:37:37.274580,
60923_18_B_2_WEOM_r3_Mag_04Mar24_300SA_p01_23_1_16951.d,/mnt/home/bmeluch/NMDC/nom_processing/monet_nom/raw/60923_18_B_2_WEOM_r3_Mag_04Mar24_300SA_p01_23_1_16951.d,4096,.d,,,,profile,1,,,positive,107.48180113177645,1100.0100791496186,13.5033,13.5033,2024-03-07T14:18:39-08:00,1,2026-07-07T21:26:06.511492,
60886_6_T_1_WEOM_r2_Mag_10Mar24_300SA_p01_31_1_17216.d,/mnt/home/bmeluch/NMDC/nom_processing/monet_nom/raw/60886_6_T_1_WEOM_r2_Mag_10Mar24_300SA_p01_31_1_17216.d,4096,.d,,,,profile,1,,,positive,107.48180113177645,1100.0100791496186,13.5034,13.5034,2024-03-13T05:30:17-07:00,1,2026-07-08T18:51:34.470275,
QC_SRFAII_23_01_20ppm_r2_Mag_21Dec23_300SA_p01_54_1_14119.d,/mnt/home/bmeluch/NMDC/nom_processing/monet_nom/raw/QC_SRFAII_23_01_20ppm_r2_Mag_21Dec23_300SA_p01_54_1_14119.d,4096,.d,,,,profile,1,,,positive,107.48177329930104,1100.0111549919834,13.5031,13.5031,2023-12-25T04:27:35-08:00,1,2026-06-30T22:49:10.038191,
QC_SRFAII_23_01_10ppm_r3_Mag_23Feb24_300SA_p01_54_1_16068.d,/mnt/home/bmeluch/NMDC/nom_processing/monet_nom/raw/QC_SRFAII_23_01_10ppm_r3_Mag_23Feb24_300SA_p01_54_1_16068.d,4096,.d,,,,profile,1,,,positive,107.48178890824485,1100.010132222054,13.5032,13.5032,2024-02-27T08:26:16-08:00,1,2026-06-30T22:49:10.293213,
QC_SRFAII_23_01_10ppm_r2_Mag_21Feb24_300SA_p01_15_1_15907.d,/mnt/home/bmeluch/NMDC/nom_processing/monet_nom/raw/QC_SRFAII_23_01_10ppm_r2_Mag_21Feb24_300SA_p01_15_1_15907.d,4096,.d,,,,profile,1,,,positive,107.48178890824485,1100.010132222054,13.5012,13.5012,2024-02-24T09:01:25-08:00,1,2026-06-30T22:49:10.433597,
60942_4_T_3_WEOM_r3_Mag_07Mar24_300SA_p01_20_1_17082.d,/mnt/home/bmeluch/NMDC/nom_processing/monet_nom/raw/60942_4_T_3_WEOM_r3_Mag_07Mar24_300SA_p01_20_1_17082.d,4096,.d,,,,profile,1,,,positive,107.48180113177645,1100.0100791496186,13.5031,13.5031,2024-03-10T17:15:06-07:00,1,2026-07-07T22:59:32.559190,
60942_6_T_1_WEOM_r1_Mag_07Mar24_300SA_p01_30_1_17010.d,/mnt/home/bmeluch/NMDC/nom_processing/monet_nom/raw/60942_6_T_1_WEOM_r1_Mag_07Mar24_300SA_p01_30_1_17010.d,4096,.d,,,,profile,1,,,positive,107.48180113177645,1100.0100791496186,13.4997,13.4997,2024-03-08T16:28:55-08:00,1,2026-07-07T22:18:44.786819,
QC_SRFAII_23_01_10ppm_r1_Mag_16Feb24_300SA_p01_54_1_15261.d,/mnt/home/bmeluch/NMDC/nom_processing/monet_nom/raw/QC_SRFAII_23_01_10ppm_r1_Mag_16Feb24_300SA_p01_54_1_15261.d,4096,.d,,,,profile,1,,,positive,107.48184601456877,1100.0107270915814,13.5008,13.5008,2024-02-17T01:36:55-08:00,1,2026-06-30T22:49:10.498859,
60923_21_T_2_WEOM_r3_Mag_04Mar24_300SA_p01_38_1_16940.d,/mnt/home/bmeluch/NMDC/nom_processing/monet_nom/raw/60923_21_T_2_WEOM_r3_Mag_04Mar24_300SA_p01_38_1_16940.d,4096,.d,,,,profile,1,,,positive,107.48180113177645,1100.0100791496186,13.5038,13.5038,2024-03-07T08:53:03-08:00,1,2026-07-07T21:05:25.310708,
60942_6_B_1_WEOM_r2_Mag_07Mar24_300SA_p01_33_1_17014.d,/mnt/home/bmeluch/NMDC/nom_processing/monet_nom/raw/60942_6_B_1_WEOM_r2_Mag_07Mar24_300SA_p01_33_1_17014.d,4096,.d,,,,profile,1,,,positive,107.48180113177645,1100.0100791496186,13.5031,13.5031,2024-03-08T18:15:16-08:00,1,2026-07-07T22:19:57.959118,
60923_17_T_1_WEOM_r3_Mag_04Mar24_300SA_p01_13_1_16962.d,/mnt/home/bmeluch/NMDC/nom_processing/monet_nom/raw/60923_17_T_1_WEOM_r3_Mag_04Mar24_300SA_p01_13_1_16962.d,4096,.d,,,,profile,1,,,positive,107.48180113177645,1100.0100791496186,13.5033,13.5033,2024-03-07T19:11:12-08:00,1,2026-07-07T21:53:45.015268,
60942_6_T_1_WEOM_r2_Mag_07Mar24_300SA_p01_30_1_17031.d,/mnt/home/bmeluch/NMDC/nom_processing/monet_nom/raw/60942_6_T_1_WEOM_r2_Mag_07Mar24_300SA_p01_30_1_17031.d,4096,.d,,,,profile,1,,,positive,107.48180113177645,1100.0100791496186,13.5033,13.5033,2024-03-09T09:39:45-08:00,1,2026-07-07T22:27:19.107471,
QC_SRFAII_23_01_20ppm_r1_Mag_04Jan24_300SA_p01_54_1_14484.d,/mnt/home/bmeluch/NMDC/nom_processing/monet_nom/raw/QC_SRFAII_23_01_20ppm_r1_Mag_04Jan24_300SA_p01_54_1_14484.d,4096,.d,,,,profile,1,,,positive,107.48179178061193,1100.0101587804602,13.5006,13.5006,2024-01-05T22:25:50-08:00,1,2026-06-30T22:49:10.562768,
60886_1_T_1_WEOM_r2_Mag_10Mar24_300SA_p01_1_1_17185.d,/mnt/home/bmeluch/NMDC/nom_processing/monet_nom/raw/60886_1_T_1_WEOM_r2_Mag_10Mar24_300SA_p01_1_1_17185.d,4096,.d,,,,profile,1,,,positive,107.48180113177645,1100.0100791496186,13.5036,13.5036,2024-03-12T15:46:03-07:00,1,2026-07-08T18:23:58.687309,
60886_4_B_3_WEOM_r2_Mag_10Mar24_300SA_p01_24_1_17203.d,/mnt/home/bmeluch/NMDC/nom_processing/monet_nom/raw/60886_4_B_3_WEOM_r2_Mag_10Mar24_300SA_p01_24_1_17203.d,4096,.d,,,,profile,1,,,positive,107.48180113177645,1100.0100791496186,13.4998,13.4998,2024-03-12T23:44:39-07:00,1,2026-07-08T18:39:48.382376,
60886_2_T_2_WEOM_r3_Mag_10Mar24_300SA_p01_8_1_17252.d,/mnt/home/bmeluch/NMDC/nom_processing/monet_nom/raw/60886_2_T_2_WEOM_r3_Mag_10Mar24_300SA_p01_8_1_17252.d,4096,.d,,,,profile,1,,,positive,107.48180113177645,1100.0100791496186,13.5034,13.5034,2024-03-13T21:27:29-07:00,1,2026-07-08T19:30:15.937595,
QC_SRFAII_20ppm_04Jan24_Mag_2w_8M_300SA_p01_54_1_14414.d,/mnt/home/bmeluch/NMDC/nom_processing/monet_nom/raw/QC_SRFAII_20ppm_04Jan24_Mag_2w_8M_300SA_p01_54_1_14414.d,4096,.d,,,,profile,1,,,positive,107.48179178061193,1100.0101587804602,13.5005,13.5005,2024-01-04T15:24:34-08:00,1,2026-06-30T22:49:10.637080,
60886_5_T_2_WEOM_r1_Mag_10Mar24_300SA_p01_26_1_17168.d,/mnt/home/bmeluch/NMDC/nom_processing/monet_nom/raw/60886_5_T_2_WEOM_r1_Mag_10Mar24_300SA_p01_26_1_17168.d,4096,.d,,,,profile,1,,,positive,107.48180113177645,1100.0100791496186,13.5031,13.5031,2024-03-12T08:14:02-07:00,1,2026-07-08T18:05:33.916409,
60923_20_T_3_WEOM_r1_Mag_04Mar24_300SA_p01_33_1_16831.d,/mnt/home/bmeluch/NMDC/nom_processing/monet_nom/raw/60923_20_T_3_WEOM_r1_Mag_04Mar24_300SA_p01_33_1_16831.d,4096,.d,,,,profile,1,,,positive,107.48180113177645,1100.0100791496186,13.5033,13.5033,2024-03-05T08:34:41-08:00,1,2026-07-07T19:45:54.536351,
60942_3_B_3_WEOM_r2_Mag_07Mar24_300SA_p01_17_1_17030.d,/mnt/home/bmeluch/NMDC/nom_processing/monet_nom/raw/60942_3_B_3_WEOM_r2_Mag_07Mar24_300SA_p01_17_1_17030.d,4096,.d,,,,profile,1,,,positive,107.48180113177645,1100.0100791496186,13.5029,13.5029,2024-03-09T09:13:09-08:00,1,2026-07-07T22:26:43.091192,
60942_2_T_1_WEOM_r3_Mag_07Mar24_300SA_p01_7_1_17066.d,/mnt/home/bmeluch/NMDC/nom_processing/monet_nom/raw/60942_2_T_1_WEOM_r3_Mag_07Mar24_300SA_p01_7_1_17066.d,4096,.d,,,,profile,1,,,positive,107.48180113177645,1100.0100791496186,13.503,13.503,2024-03-10T01:10:27-08:00,1,2026-07-07T22:42:29.850156,
60886_6_B_3_WEOM_r1_Mag_10Mar24_300SA_p01_36_1_17153.d,/mnt/home/bmeluch/NMDC/nom_processing/monet_nom/raw/60886_6_B_3_WEOM_r1_Mag_10Mar24_300SA_p01_36_1_17153.d,4096,.d,,,,profile,1,,,positive,107.48180113177645,1100.0100791496186,13.4996,13.4996,2024-03-12T01:35:09-07:00,1,2026-07-08T17:51:05.835400,
60923_18_B_3_WEOM_r2_Mag_04Mar24_300SA_p01_24_1_16885.d,/mnt/home/bmeluch/NMDC/nom_processing/monet_nom/raw/60923_18_B_3_WEOM_r2_Mag_04Mar24_300SA_p01_24_1_16885.d,4096,.d,,,,profile,1,,,positive,107.48180113177645,1100.0100791496186,13.5032,13.5032,2024-03-06T08:30:36-08:00,1,2026-07-07T20:09:53.245452,
QC_SRFAII_23_01_10ppm_WEOM_r2_Mag_01May24_300SA_p01_54_1_18173.d,/mnt/home/bmeluch/NMDC/nom_processing/monet_nom/raw/QC_SRFAII_23_01_10ppm_WEOM_r2_Mag_01May24_300SA_p01_54_1_18173.d,4096,.d,,,,profile,1,,,positive,107.48176053607425,1100.0087441989122,13.503,13.503,2024-05-05T00:16:58-07:00,1,2026-06-30T22:49:10.734546,
60923_19_T_1_WEOM_r1_Mag_04Mar24_300SA_p01_25_1_16800.d,/mnt/home/bmeluch/NMDC/nom_processing/monet_nom/raw/60923_19_T_1_WEOM_r1_Mag_04Mar24_300SA_p01_25_1_16800.d,4096,.d,,,,profile,1,,,positive,107.48180113177645,1100.0100791496186,13.5032,13.5032,2024-03-04T18:50:26-08:00,1,2026-07-07T19:31:59.074214,
60923_15_T_3_WEOM_r3_Mag_04Mar24_300SA_p01_3_1_16916.d,/mnt/home/bmeluch/NMDC/nom_processing/monet_nom/raw/60923_15_T_3_WEOM_r3_Mag_04Mar24_300SA_p01_3_1_16916.d,4096,.d,,,,profile,1,,,positive,107.48180113177645,1100.0100791496186,13.503,13.503,2024-03-06T22:14:53-08:00,1,2026-07-07T20:27:19.887621,
60886_1_T_3_WEOM_r1_Mag_10Mar24_300SA_p01_3_1_17113.d,/mnt/home/bmeluch/NMDC/nom_processing/monet_nom/raw/60886_1_T_3_WEOM_r1_Mag_10Mar24_300SA_p01_3_1_17113.d,4096,.d,,,,profile,1,,,positive,107.48180113177645,1100.0100791496186,13.503,13.503,2024-03-11T06:59:25-07:00,1,2026-07-08T17:23:28.842393,
60942_2_B_2_WEOM_r1_Mag_07Mar24_300SA_p01_11_1_17003.d,/mnt/home/bmeluch/NMDC/nom_processing/monet_nom/raw/60942_2_B_2_WEOM_r1_Mag_07Mar24_300SA_p01_11_1_17003.d,4096,.d,,,,profile,1,,,positive,107.48180113177645,1100.0100791496186,13.5033,13.5033,2024-03-08T13:21:25-08:00,1,2026-07-07T22:15:32.857849,
QC_SRFAII_23_01_10ppm_WEOM_r1_Mag_01May24_300SA_p01_54_1_18108.d,/mnt/home/bmeluch/NMDC/nom_processing/monet_nom/raw/QC_SRFAII_23_01_10ppm_WEOM_r1_Mag_01May24_300SA_p01_54_1_18108.d,4096,.d,,,,profile,1,,,positive,107.48176053607425,1100.0087441989122,13.5035,13.5035,2024-05-03T19:28:33-07:00,1,2026-06-30T22:49:10.881612,
60942_6_T_2_WEOM_r1_Mag_07Mar24_300SA_p01_31_1_16999.d,/mnt/home/bmeluch/NMDC/nom_processing/monet_nom/raw/60942_6_T_2_WEOM_r1_Mag_07Mar24_300SA_p01_31_1_16999.d,4096,.d,,,,profile,1,,,positive,107.48180113177645,1100.0100791496186,13.5028,13.5028,2024-03-08T11:35:03-08:00,1,2026-07-07T22:13:42.521145,
60942_4_B_2_WEOM_r2_Mag_07Mar24_300SA_p01_22_1_17016.d,/mnt/home/bmeluch/NMDC/nom_processing/monet_nom/raw/60942_4_B_2_WEOM_r2_Mag_07Mar24_300SA_p01_22_1_17016.d,4096,.d,,,,profile,1,,,positive,107.48180113177645,1100.0100791496186,13.5031,13.5031,2024-03-08T19:08:27-08:00,1,2026-07-07T22:20:35.383252,
60923_19_T_1_WEOM_r2_Mag_04Mar24_300SA_p01_25_1_16891.d,/mnt/home/bmeluch/NMDC/nom_processing/monet_nom/raw/60923_19_T_1_WEOM_r2_Mag_04Mar24_300SA_p01_25_1_16891.d,4096,.d,,,,profile,1,,,positive,107.48180113177645,1100.0100791496186,13.5033,13.5033,2024-03-06T11:10:07-08:00,1,2026-07-07T20:13:07.897974,
QC_SRFAII_23_01_10ppm_WEOM_r1_Mag_07Mar24_300SA_p01_54_1_17028.d,/mnt/home/bmeluch/NMDC/nom_processing/monet_nom/raw/QC_SRFAII_23_01_10ppm_WEOM_r1_Mag_07Mar24_300SA_p01_54_1_17028.d,4096,.d,,,,profile,1,,,positive,107.48180113177645,1100.0100791496186,13.5004,13.5004,2024-03-09T08:19:59-08:00,1,2026-06-30T22:49:11.179915,
QC_SRFAII_23_01_20ppm_r3_Mag_21Dec23_300SA_p01_54_1_14142.d,/mnt/home/bmeluch/NMDC/nom_processing/monet_nom/raw/QC_SRFAII_23_01_20ppm_r3_Mag_21Dec23_300SA_p01_54_1_14142.d,4096,.d,,,,profile,1,,,positive,107.48177329930104,1100.0111549919834,13.5032,13.5032,2023-12-25T14:39:10-08:00,1,2026-06-30T22:49:11.384587,
60923_20_T_2_WEOM_r2_Mag_04Mar24_300SA_p01_32_1_16874.d,/mnt/home/bmeluch/NMDC/nom_processing/monet_nom/raw/60923_20_T_2_WEOM_r2_Mag_04Mar24_300SA_p01_32_1_16874.d,4096,.d,,,,profile,1,,,positive,107.48180113177645,1100.0100791496186,13.5032,13.5032,2024-03-06T03:38:07-08:00,1,2026-07-07T20:05:20.585991,
60923_20_B_1_WEOM_r2_Mag_04Mar24_300SA_p01_34_1_16905.d,/mnt/home/bmeluch/NMDC/nom_processing/monet_nom/raw/60923_20_B_1_WEOM_r2_Mag_04Mar24_300SA_p01_34_1_16905.d,4096,.d,,,,profile,1,,,positive,107.48180113177645,1100.0100791496186,13.5029,13.5029,2024-03-06T17:22:22-08:00,1,2026-07-07T20:20:15.927236,
60886_5_B_2_WEOM_r2_Mag_10Mar24_300SA_p01_29_1_17179.d,/mnt/home/bmeluch/NMDC/nom_processing/monet_nom/raw/60886_5_B_2_WEOM_r2_Mag_10Mar24_300SA_p01_29_1_17179.d,4096,.d,,,,profile,1,,,positive,107.48180113177645,1100.0100791496186,13.5033,13.5033,2024-03-12T13:06:31-07:00,1,2026-07-08T18:16:46.722809,
60886_5_T_3_WEOM_r2_Mag_10Mar24_300SA_p01_27_1_17184.d,/mnt/home/bmeluch/NMDC/nom_processing/monet_nom/raw/60886_5_T_3_WEOM_r2_Mag_10Mar24_300SA_p01_27_1_17184.d,4096,.d,,,,profile,1,,,positive,107.48180113177645,1100.0100791496186,13.5031,13.5031,2024-03-12T15:19:28-07:00,1,2026-07-08T18:22:31.818699,
60886_3_B_1_WEOM_r3_Mag_10Mar24_300SA_p01_16_1_17242.d,/mnt/home/bmeluch/NMDC/nom_processing/monet_nom/raw/60886_3_B_1_WEOM_r3_Mag_10Mar24_300SA_p01_16_1_17242.d,4096,.d,,,,profile,1,,,positive,107.48180113177645,1100.0100791496186,13.5031,13.5031,2024-03-13T17:01:36-07:00,1,2026-07-08T19:18:18.775397,
QC_SRFAII_20ppm_04Jan24_Mag_2w_8M_300SA_p01_54_1_14411.d,/mnt/home/bmeluch/NMDC/nom_processing/monet_nom/raw/QC_SRFAII_20ppm_04Jan24_Mag_2w_8M_300SA_p01_54_1_14411.d,4096,.d,,,,profile,1,,,positive,107.48179178061193,1100.0101587804602,13.5016,13.5016,2024-01-04T14:04:47-08:00,1,2026-06-30T22:49:11.452875,
60923_18_B_3_WEOM_r1_Mag_04Mar24_300SA_p01_24_1_16823.d,/mnt/home/bmeluch/NMDC/nom_processing/monet_nom/raw/60923_18_B_3_WEOM_r1_Mag_04Mar24_300SA_p01_24_1_16823.d,4096,.d,,,,profile,1,,,positive,107.48180113177645,1100.0100791496186,13.5033,13.5033,2024-03-05T05:01:59-08:00,1,2026-07-07T19:42:14.164895,
60886_6_B_2_WEOM_r3_Mag_10Mar24_300SA_p01_35_1_17241.d,/mnt/home/bmeluch/NMDC/nom_processing/monet_nom/raw/60886_6_B_2_WEOM_r3_Mag_10Mar24_300SA_p01_35_1_17241.d,4096,.d,,,,profile,1,,,positive,107.48180113177645,1100.0100791496186,13.5029,13.5029,2024-03-13T16:35:00-07:00,1,2026-07-08T19:16:47.922852,
60886_4_B_2_WEOM_r3_Mag_10Mar24_300SA_p01_23_1_17275.d,/mnt/home/bmeluch/NMDC/nom_processing/monet_nom/raw/60886_4_B_2_WEOM_r3_Mag_10Mar24_300SA_p01_23_1_17275.d,4096,.d,,,,profile,1,,,positive,107.48180113177645,1100.0100791496186,13.4997,13.4997,2024-03-14T07:39:04-07:00,1,2026-07-08T19:52:35.508094,
60923_15_B_1_WEOM_r1_Mag_04Mar24_300SA_p01_4_1_16827.d,/mnt/home/bmeluch/NMDC/nom_processing/monet_nom/raw/60923_15_B_1_WEOM_r1_Mag_04Mar24_300SA_p01_4_1_16827.d,4096,.d,,,,profile,1,,,positive,107.48180113177645,1100.0100791496186,13.503,13.503,2024-03-05T06:48:19-08:00,1,2026-07-07T19:44:13.136998,
QC_SRFAII_23_01_10ppm_WEOM_r2_Mag_10Mar24_300SA_p01_54_1_17208.d,/mnt/home/bmeluch/NMDC/nom_processing/monet_nom/raw/QC_SRFAII_23_01_10ppm_WEOM_r2_Mag_10Mar24_300SA_p01_54_1_17208.d,4096,.d,,,,profile,1,,,positive,107.48180113177645,1100.0100791496186,13.503,13.503,2024-03-13T01:57:36-07:00,1,2026-06-30T22:49:11.517137,
60942_5_B_1_WEOM_r1_Mag_07Mar24_300SA_p01_27_1_16974.d,/mnt/home/bmeluch/NMDC/nom_processing/monet_nom/raw/60942_5_B_1_WEOM_r1_Mag_07Mar24_300SA_p01_27_1_16974.d,4096,.d,,,,profile,1,,,positive,107.48180113177645,1100.0100791496186,13.5034,13.5034,2024-03-08T00:30:16-08:00,1,2026-07-07T22:01:06.413390,
60942_1_B_3_WEOM_r2_Mag_07Mar24_300SA_p01_6_1_17049.d,/mnt/home/bmeluch/NMDC/nom_processing/monet_nom/raw/60942_1_B_3_WEOM_r2_Mag_07Mar24_300SA_p01_6_1_17049.d,4096,.d,,,,profile,1,,,positive,107.48180113177645,1100.0100791496186,13.5031,13.5031,2024-03-09T17:38:21-08:00,1,2026-07-07T22:35:11.766070,
QC_SRFAII_23_01_10ppm_WEOM_r3_Mag_10May24_300SA_p01_54_1_18372.d,/mnt/home/bmeluch/NMDC/nom_processing/monet_nom/raw/QC_SRFAII_23_01_10ppm_WEOM_r3_Mag_10May24_300SA_p01_54_1_18372.d,4096,.d,,,,profile,1,,,positive,107.48176053607425,1100.0087441989122,13.5031,13.5031,2024-05-12T16:34:33-07:00,1,2026-06-30T22:49:11.581828,
60923_17_T_3_WEOM_r3_Mag_04Mar24_300SA_p01_15_1_16936.d,/mnt/home/bmeluch/NMDC/nom_processing/monet_nom/raw/60923_17_T_3_WEOM_r3_Mag_04Mar24_300SA_p01_15_1_16936.d,4096,.d,,,,profile,1,,,positive,107.48180113177645,1100.0100791496186,13.5031,13.5031,2024-03-07T07:06:40-08:00,1,2026-07-07T20:59:59.673290,
60886_2_T_1_WEOM_r2_Mag_10Mar24_300SA_p01_7_1_17201.d,/mnt/home/bmeluch/NMDC/nom_processing/monet_nom/raw/60886_2_T_1_WEOM_r2_Mag_10Mar24_300SA_p01_7_1_17201.d,4096,.d,,,,profile,1,,,positive,107.48180113177645,1100.0100791496186,13.5032,13.5032,2024-03-12T22:51:28-07:00,1,2026-07-08T18:38:21.309563,
60942_5_B_1_WEOM_r3_Mag_07Mar24_300SA_p01_27_1_17076.d,/mnt/home/bmeluch/NMDC/nom_processing/monet_nom/raw/60942_5_B_1_WEOM_r3_Mag_07Mar24_300SA_p01_27_1_17076.d,4096,.d,,,,profile,1,,,positive,107.48180113177645,1100.0100791496186,13.5031,13.5031,2024-03-10T14:35:35-07:00,1,2026-07-07T22:47:23.332427,
QC_SRFAII_23_01_10ppm_r3_Mag_12Feb24_300SA_p01_54_1_15180.d,/mnt/home/bmeluch/NMDC/nom_processing/monet_nom/raw/QC_SRFAII_23_01_10ppm_r3_Mag_12Feb24_300SA_p01_54_1_15180.d,4096,.d,,,,profile,1,,,positive,107.48184601456877,1100.0107270915814,13.5009,13.5009,2024-02-15T12:34:39-08:00,1,2026-06-30T22:49:11.702088,
60923_19_B_3_WEOM_r2_Mag_04Mar24_300SA_p01_30_1_16892.d,/mnt/home/bmeluch/NMDC/nom_processing/monet_nom/raw/60923_19_B_3_WEOM_r2_Mag_04Mar24_300SA_p01_30_1_16892.d,4096,.d,,,,profile,1,,,positive,107.48180113177645,1100.0100791496186,13.5034,13.5034,2024-03-06T11:36:42-08:00,1,2026-07-07T20:13:47.091989,
60886_5_B_1_WEOM_r3_Mag_10Mar24_300SA_p01_28_1_17235.d,/mnt/home/bmeluch/NMDC/nom_processing/monet_nom/raw/60886_5_B_1_WEOM_r3_Mag_10Mar24_300SA_p01_28_1_17235.d,4096,.d,,,,profile,1,,,positive,107.48180113177645,1100.0100791496186,13.5027,13.5027,2024-03-13T13:55:28-07:00,1,2026-07-08T19:10:55.047568,
60886_1_B_2_WEOM_r1_Mag_10Mar24_300SA_p01_5_1_17140.d,/mnt/home/bmeluch/NMDC/nom_processing/monet_nom/raw/60886_1_B_2_WEOM_r1_Mag_10Mar24_300SA_p01_5_1_17140.d,4096,.d,,,,profile,1,,,positive,107.48180113177645,1100.0100791496186,13.5028,13.5028,2024-03-11T19:49:29-07:00,1,2026-07-08T17:39:23.611290,
QC_SRFAII_23_01_20ppm_r3_Mag_21Dec23_300SA_p01_54_1_14201.d,/mnt/home/bmeluch/NMDC/nom_processing/monet_nom/raw/QC_SRFAII_23_01_20ppm_r3_Mag_21Dec23_300SA_p01_54_1_14201.d,4096,.d,,,,profile,1,,,positive,107.48177329930104,1100.0111549919834,13.5006,13.5006,2023-12-26T16:48:03-08:00,1,2026-06-30T22:49:11.951152,
60942_1_B_1_WEOM_r1_Mag_07Mar24_300SA_p01_4_1_16993.d,/mnt/home/bmeluch/NMDC/nom_processing/monet_nom/raw/60942_1_B_1_WEOM_r1_Mag_07Mar24_300SA_p01_4_1_16993.d,4096,.d,,,,profile,1,,,positive,107.48180113177645,1100.0100791496186,13.5029,13.5029,2024-03-08T08:55:30-08:00,1,2026-07-07T22:10:01.007302,
QC_SRFAII_23_01_20ppm_r2_Mag_18Jan24_300SA_p01_54_1_14819.d,/mnt/home/bmeluch/NMDC/nom_processing/monet_nom/raw/QC_SRFAII_23_01_20ppm_r2_Mag_18Jan24_300SA_p01_54_1_14819.d,4096,.d,,,,profile,1,,,positive,107.48179757328572,1100.0105127507268,13.5005,13.5005,2024-01-21T00:42:09-08:00,1,2026-06-30T22:49:12.222955,
60886_3_B_3_WEOM_r2_Mag_10Mar24_300SA_p01_18_1_17207.d,/mnt/home/bmeluch/NMDC/nom_processing/monet_nom/raw/60886_3_B_3_WEOM_r2_Mag_10Mar24_300SA_p01_18_1_17207.d,4096,.d,,,,profile,1,,,positive,107.48180113177645,1100.0100791496186,13.503,13.503,2024-03-13T01:31:00-07:00,1,2026-07-08T18:44:10.336128,
QC_SRFAII_23_01_10ppm_WEOM_r1_Mag_01May24_300SA_p01_54_1_18064.d,/mnt/home/bmeluch/NMDC/nom_processing/monet_nom/raw/QC_SRFAII_23_01_10ppm_WEOM_r1_Mag_01May24_300SA_p01_54_1_18064.d,4096,.d,,,,profile,1,,,positive,107.48176053607425,1100.0087441989122,13.5034,13.5034,2024-05-02T23:58:36-07:00,1,2026-06-30T22:49:12.389242,
60923_18_T_1_WEOM_r1_Mag_04Mar24_300SA_p01_19_1_16842.d,/mnt/home/bmeluch/NMDC/nom_processing/monet_nom/raw/60923_18_T_1_WEOM_r1_Mag_04Mar24_300SA_p01_19_1_16842.d,4096,.d,,,,profile,1,,,positive,107.48180113177645,1100.0100791496186,13.5031,13.5031,2024-03-05T13:27:11-08:00,1,2026-07-07T19:49:53.235154,
60886_4_T_2_WEOM_r3_Mag_10Mar24_300SA_p01_20_1_17271.d,/mnt/home/bmeluch/NMDC/nom_processing/monet_nom/raw/60886_4_T_2_WEOM_r3_Mag_10Mar24_300SA_p01_20_1_17271.d/60886_4_T_2_WEOM_r3_Mag_10Mar24_300SA_p01_20_1_17271.d,0,.d,Error processing 60886_4_T_2_WEOM_r3_Mag_10Mar24_300SA_p01_20_1_17271.d after 1 attempts: /mnt/home/bmeluch/NMDC/nom_processing/monet_nom/raw/60886_4_T_2_WEOM_r3_Mag_10Mar24_300SA_p01_20_1_17271.d/60886_4_T_2_WEOM_r3_Mag_10Mar24_300SA_p01_20_1_17271.d does not seem to be a valid Solarix Mass Spectrum,2026-07-08T19:46:31.016098,,,,
60923_15_T_3_WEOM_r2_Mag_04Mar24_300SA_p01_3_1_16897.d,/mnt/home/bmeluch/NMDC/nom_processing/monet_nom/raw/60923_15_T_3_WEOM_r2_Mag_04Mar24_300SA_p01_3_1_16897.d/60923_15_T_3_WEOM_r2_Mag_04Mar24_300SA_p01_3_1_16897.d,0,.d,Error processing 60923_15_T_3_WEOM_r2_Mag_04Mar24_300SA_p01_3_1_16897.d after 1 attempts: /mnt/home/bmeluch/NMDC/nom_processing/monet_nom/raw/60923_15_T_3_WEOM_r2_Mag_04Mar24_300SA_p01_3_1_16897.d/60923_15_T_3_WEOM_r2_Mag_04Mar24_300SA_p01_3_1_16897.d does not seem to be a valid Solarix Mass Spectrum,2026-07-07T20:16:23.850314,,,,
60923_19_B_1_WEOM_r2_Mag_04Mar24_300SA_p01_28_1_16871.d,/mnt/home/bmeluch/NMDC/nom_processing/monet_nom/raw/60923_19_B_1_WEOM_r2_Mag_04Mar24_300SA_p01_28_1_16871.d/60923_19_B_1_WEOM_r2_Mag_04Mar24_300SA_p01_28_1_16871.d,0,.d,Error processing 60923_19_B_1_WEOM_r2_Mag_04Mar24_300SA_p01_28_1_16871.d after 1 attempts: /mnt/home/bmeluch/NMDC/nom_processing/monet_nom/raw/60923_19_B_1_WEOM_r2_Mag_04Mar24_300SA_p01_28_1_16871.d/60923_19_B_1_WEOM_r2_Mag_04Mar24_300SA_p01_28_1_16871.d does not seem to be a valid Solarix Mass Spectrum,2026-07-07T20:03:26.787492,,,,
60923_19_T_2_WEOM_r3_Mag_04Mar24_300SA_p01_26_1_16943.d,/mnt/home/bmeluch/NMDC/nom_processing/monet_nom/raw/60923_19_T_2_WEOM_r3_Mag_04Mar24_300SA_p01_26_1_16943.d/60923_19_T_2_WEOM_r3_Mag_04Mar24_300SA_p01_26_1_16943.d,0,.d,Error processing 60923_19_T_2_WEOM_r3_Mag_04Mar24_300SA_p01_26_1_16943.d after 1 attempts: /mnt/home/bmeluch/NMDC/nom_processing/monet_nom/raw/60923_19_T_2_WEOM_r3_Mag_04Mar24_300SA_p01_26_1_16943.d/60923_19_T_2_WEOM_r3_Mag_04Mar24_300SA_p01_26_1_16943.d does not seem to be a valid Solarix Mass Spectrum,2026-07-07T21:10:56.163312,,,,
QC_SRFAII_23_01_20ppm_r1_Mag_04Jan24_300SA_p01_54_1_14462.d,/mnt/home/bmeluch/NMDC/nom_processing/monet_nom/raw/QC_SRFAII_23_01_20ppm_r1_Mag_04Jan24_300SA_p01_54_1_14462.d/QC_SRFAII_23_01_20ppm_r1_Mag_04Jan24_300SA_p01_54_1_14462.d,0,.d,Error processing QC_SRFAII_23_01_20ppm_r1_Mag_04Jan24_300SA_p01_54_1_14462.d after 1 attempts: /mnt/home/bmeluch/NMDC/nom_processing/monet_nom/raw/QC_SRFAII_23_01_20ppm_r1_Mag_04Jan24_300SA_p01_54_1_14462.d/QC_SRFAII_23_01_20ppm_r1_Mag_04Jan24_300SA_p01_54_1_14462.d does not seem to be a valid Solarix Mass Spectrum,2026-06-30T22:48:51.082100,,,,
60923_19_B_3_WEOM_r1_Mag_04Mar24_300SA_p01_30_1_16818.d,/mnt/home/bmeluch/NMDC/nom_processing/monet_nom/raw/60923_19_B_3_WEOM_r1_Mag_04Mar24_300SA_p01_30_1_16818.d/60923_19_B_3_WEOM_r1_Mag_04Mar24_300SA_p01_30_1_16818.d,0,.d,Error processing 60923_19_B_3_WEOM_r1_Mag_04Mar24_300SA_p01_30_1_16818.d after 1 attempts: /mnt/home/bmeluch/NMDC/nom_processing/monet_nom/raw/60923_19_B_3_WEOM_r1_Mag_04Mar24_300SA_p01_30_1_16818.d/60923_19_B_3_WEOM_r1_Mag_04Mar24_300SA_p01_30_1_16818.d does not seem to be a valid Solarix Mass Spectrum,2026-07-07T19:38:17.434231,,,,
60886_5_T_3_WEOM_r3_Mag_10Mar24_300SA_p01_27_1_17234.d,/mnt/home/bmeluch/NMDC/nom_processing/monet_nom/raw/60886_5_T_3_WEOM_r3_Mag_10Mar24_300SA_p01_27_1_17234.d/60886_5_T_3_WEOM_r3_Mag_10Mar24_300SA_p01_27_1_17234.d,0,.d,Error processing 60886_5_T_3_WEOM_r3_Mag_10Mar24_300SA_p01_27_1_17234.d after 1 attempts: /mnt/home/bmeluch/NMDC/nom_processing/monet_nom/raw/60886_5_T_3_WEOM_r3_Mag_10Mar24_300SA_p01_27_1_17234.d/60886_5_T_3_WEOM_r3_Mag_10Mar24_300SA_p01_27_1_17234.d does not seem to be a valid Solarix Mass Spectrum,2026-07-08T19:08:00.760520,,,,
60942_6_B_1_r1_Mag_07Mar24_300SA_p01_33_1_16970.d,/mnt/home/bmeluch/NMDC/nom_processing/monet_nom/raw/60942_6_B_1_WEOM_r1_Mag_07Mar24_300SA_p01_33_1_16970.d/60942_6_B_1_r1_Mag_07Mar24_300SA_p01_33_1_16970.d,0,.d,Error processing 60942_6_B_1_r1_Mag_07Mar24_300SA_p01_33_1_16970.d after 1 attempts: /mnt/home/bmeluch/NMDC/nom_processing/monet_nom/raw/60942_6_B_1_WEOM_r1_Mag_07Mar24_300SA_p01_33_1_16970.d/60942_6_B_1_r1_Mag_07Mar24_300SA_p01_33_1_16970.d does not seem to be a valid Solarix Mass Spectrum,2026-07-07T21:56:24.856201,,,,
60923_21_B_3_WEOM_r3_Mag_04Mar24_300SA_p01_42_1_16920.d,/mnt/home/bmeluch/NMDC/nom_processing/monet_nom/raw/60923_21_B_3_WEOM_r3_Mag_04Mar24_300SA_p01_42_1_16920.d/60923_21_B_3_WEOM_r3_Mag_04Mar24_300SA_p01_42_1_16920.d,0,.d,Error processing 60923_21_B_3_WEOM_r3_Mag_04Mar24_300SA_p01_42_1_16920.d after 1 attempts: /mnt/home/bmeluch/NMDC/nom_processing/monet_nom/raw/60923_21_B_3_WEOM_r3_Mag_04Mar24_300SA_p01_42_1_16920.d/60923_21_B_3_WEOM_r3_Mag_04Mar24_300SA_p01_42_1_16920.d does not seem to be a valid Solarix Mass Spectrum,2026-07-07T20:30:06.799731,,,,
60886_2_B_3_WEOM_r3_Mag_10Mar24_300SA_p01_12_1_17277.d,/mnt/home/bmeluch/NMDC/nom_processing/monet_nom/raw/60886_2_B_3_WEOM_r3_Mag_10Mar24_300SA_p01_12_1_17277.d/60886_2_B_3_WEOM_r3_Mag_10Mar24_300SA_p01_12_1_17277.d,0,.d,Error processing 60886_2_B_3_WEOM_r3_Mag_10Mar24_300SA_p01_12_1_17277.d after 1 attempts: /mnt/home/bmeluch/NMDC/nom_processing/monet_nom/raw/60886_2_B_3_WEOM_r3_Mag_10Mar24_300SA_p01_12_1_17277.d/60886_2_B_3_WEOM_r3_Mag_10Mar24_300SA_p01_12_1_17277.d does not seem to be a valid Solarix Mass Spectrum,2026-07-08T19:54:09.952755,,,,
60942_3_B_2_WEOM_r2_Mag_07Mar24_300SA_p01_16_1_17047.d,/mnt/home/bmeluch/NMDC/nom_processing/monet_nom/raw/60942_3_B_2_WEOM_r2_Mag_07Mar24_300SA_p01_16_1_17047.d/60942_3_B_2_WEOM_r2_Mag_07Mar24_300SA_p01_16_1_17047.d,0,.d,Error processing 60942_3_B_2_WEOM_r2_Mag_07Mar24_300SA_p01_16_1_17047.d after 1 attempts: /mnt/home/bmeluch/NMDC/nom_processing/monet_nom/raw/60942_3_B_2_WEOM_r2_Mag_07Mar24_300SA_p01_16_1_17047.d/60942_3_B_2_WEOM_r2_Mag_07Mar24_300SA_p01_16_1_17047.d does not seem to be a valid Solarix Mass Spectrum,2026-07-07T22:33:23.509623,,,,
60923_17_B_2_WEOM_r3_Mag_04Mar24_300SA_p01_17_1_16944.d,/mnt/home/bmeluch/NMDC/nom_processing/monet_nom/raw/60923_17_B_2_WEOM_r3_Mag_04Mar24_300SA_p01_17_1_16944.d/60923_17_B_2_WEOM_r3_Mag_04Mar24_300SA_p01_17_1_16944.d,0,.d,Error processing 60923_17_B_2_WEOM_r3_Mag_04Mar24_300SA_p01_17_1_16944.d after 1 attempts: /mnt/home/bmeluch/NMDC/nom_processing/monet_nom/raw/60923_17_B_2_WEOM_r3_Mag_04Mar24_300SA_p01_17_1_16944.d/60923_17_B_2_WEOM_r3_Mag_04Mar24_300SA_p01_17_1_16944.d does not seem to be a valid Solarix Mass Spectrum,2026-07-07T21:13:33.045183,,,,
60923_21_T_3_WEOM_r2_Mag_04Mar24_300SA_p01_39_1_16894.d,/mnt/home/bmeluch/NMDC/nom_processing/monet_nom/raw/60923_21_T_3_WEOM_r2_Mag_04Mar24_300SA_p01_39_1_16894.d/60923_21_T_3_WEOM_r2_Mag_04Mar24_300SA_p01_39_1_16894.d,0,.d,Error processing 60923_21_T_3_WEOM_r2_Mag_04Mar24_300SA_p01_39_1_16894.d after 1 attempts: /mnt/home/bmeluch/NMDC/nom_processing/monet_nom/raw/60923_21_T_3_WEOM_r2_Mag_04Mar24_300SA_p01_39_1_16894.d/60923_21_T_3_WEOM_r2_Mag_04Mar24_300SA_p01_39_1_16894.d does not seem to be a valid Solarix Mass Spectrum,2026-07-07T20:14:27.004831,,,,
60886_5_T_1_WEOM_r1_Mag_10Mar24_300SA_p01_25_1_17141.d,/mnt/home/bmeluch/NMDC/nom_processing/monet_nom/raw/60886_5_T_1_WEOM_r1_Mag_10Mar24_300SA_p01_25_1_17141.d/60886_5_T_1_WEOM_r1_Mag_10Mar24_300SA_p01_25_1_17141.d,0,.d,Error processing 60886_5_T_1_WEOM_r1_Mag_10Mar24_300SA_p01_25_1_17141.d after 1 attempts: /mnt/home/bmeluch/NMDC/nom_processing/monet_nom/raw/60886_5_T_1_WEOM_r1_Mag_10Mar24_300SA_p01_25_1_17141.d/60886_5_T_1_WEOM_r1_Mag_10Mar24_300SA_p01_25_1_17141.d does not seem to be a valid Solarix Mass Spectrum,2026-07-08T17:39:26.791285,,,,
60942_3_B_1_WEOM_r2_Mag_07Mar24_300SA_p01_15_1_17020.d,/mnt/home/bmeluch/NMDC/nom_processing/monet_nom/raw/60942_3_B_1_WEOM_r2_Mag_07Mar24_300SA_p01_15_1_17020.d/60942_3_B_1_WEOM_r2_Mag_07Mar24_300SA_p01_15_1_17020.d,0,.d,Error processing 60942_3_B_1_WEOM_r2_Mag_07Mar24_300SA_p01_15_1_17020.d after 1 attempts: /mnt/home/bmeluch/NMDC/nom_processing/monet_nom/raw/60942_3_B_1_WEOM_r2_Mag_07Mar24_300SA_p01_15_1_17020.d/60942_3_B_1_WEOM_r2_Mag_07Mar24_300SA_p01_15_1_17020.d does not seem to be a valid Solarix Mass Spectrum,2026-07-07T22:22:25.988526,,,,
60886_2_T_3_WEOM_r1_Mag_10Mar24_300SA_p01_9_1_17116.d,/mnt/home/bmeluch/NMDC/nom_processing/monet_nom/raw/60886_2_T_3_WEOM_r1_Mag_10Mar24_300SA_p01_9_1_17116.d/60886_2_T_3_WEOM_r1_Mag_10Mar24_300SA_p01_9_1_17116.d,0,.d,Error processing 60886_2_T_3_WEOM_r1_Mag_10Mar24_300SA_p01_9_1_17116.d after 1 attempts: /mnt/home/bmeluch/NMDC/nom_processing/monet_nom/raw/60886_2_T_3_WEOM_r1_Mag_10Mar24_300SA_p01_9_1_17116.d/60886_2_T_3_WEOM_r1_Mag_10Mar24_300SA_p01_9_1_17116.d does not seem to be a valid Solarix Mass Spectrum,2026-07-08T17:26:18.738901,,,,
60886_1_T_2_WEOM_r3_Mag_10Mar24_300SA_p01_2_1_17276.d,/mnt/home/bmeluch/NMDC/nom_processing/monet_nom/raw/60886_1_T_2_WEOM_r3_Mag_10Mar24_300SA_p01_2_1_17276.d/60886_1_T_2_WEOM_r3_Mag_10Mar24_300SA_p01_2_1_17276.d,0,.d,Error processing 60886_1_T_2_WEOM_r3_Mag_10Mar24_300SA_p01_2_1_17276.d after 1 attempts: /mnt/home/bmeluch/NMDC/nom_processing/monet_nom/raw/60886_1_T_2_WEOM_r3_Mag_10Mar24_300SA_p01_2_1_17276.d/60886_1_T_2_WEOM_r3_Mag_10Mar24_300SA_p01_2_1_17276.d does not seem to be a valid Solarix Mass Spectrum,2026-07-08T19:52:38.740120,,,,
QC_SRFAII_23_01_20ppm_r1_Mag_04Jan24_300SA_p01_54_1_14508.d,/mnt/home/bmeluch/NMDC/nom_processing/monet_nom/raw/QC_SRFAII_23_01_20ppm_r1_Mag_04Jan24_300SA_p01_54_1_14508.d/QC_SRFAII_23_01_20ppm_r1_Mag_04Jan24_300SA_p01_54_1_14508.d,0,.d,Error processing QC_SRFAII_23_01_20ppm_r1_Mag_04Jan24_300SA_p01_54_1_14508.d after 1 attempts: /mnt/home/bmeluch/NMDC/nom_processing/monet_nom/raw/QC_SRFAII_23_01_20ppm_r1_Mag_04Jan24_300SA_p01_54_1_14508.d/QC_SRFAII_23_01_20ppm_r1_Mag_04Jan24_300SA_p01_54_1_14508.d does not seem to be a valid Solarix Mass Spectrum,2026-06-30T22:48:51.336403,,,,
60923_16_B_2_WEOM_r2_Mag_04Mar24_300SA_p01_11_1_16864.d,/mnt/home/bmeluch/NMDC/nom_processing/monet_nom/raw/60923_16_B_2_WEOM_r2_Mag_04Mar24_300SA_p01_11_1_16864.d/60923_16_B_2_WEOM_r2_Mag_04Mar24_300SA_p01_11_1_16864.d,0,.d,Error processing 60923_16_B_2_WEOM_r2_Mag_04Mar24_300SA_p01_11_1_16864.d after 1 attempts: /mnt/home/bmeluch/NMDC/nom_processing/monet_nom/raw/60923_16_B_2_WEOM_r2_Mag_04Mar24_300SA_p01_11_1_16864.d/60923_16_B_2_WEOM_r2_Mag_04Mar24_300SA_p01_11_1_16864.d does not seem to be a valid Solarix Mass Spectrum,2026-07-07T19:59:29.275413,,,,
60886_3_T_2_WEOM_r2_Mag_10Mar24_300SA_p01_14_1_17220.d,/mnt/home/bmeluch/NMDC/nom_processing/monet_nom/raw/60886_3_T_2_WEOM_r2_Mag_10Mar24_300SA_p01_14_1_17220.d/60886_3_T_2_WEOM_r2_Mag_10Mar24_300SA_p01_14_1_17220.d,0,.d,Error processing 60886_3_T_2_WEOM_r2_Mag_10Mar24_300SA_p01_14_1_17220.d after 1 attempts: /mnt/home/bmeluch/NMDC/nom_processing/monet_nom/raw/60886_3_T_2_WEOM_r2_Mag_10Mar24_300SA_p01_14_1_17220.d/60886_3_T_2_WEOM_r2_Mag_10Mar24_300SA_p01_14_1_17220.d does not seem to be a valid Solarix Mass Spectrum,2026-07-08T18:54:34.992431,,,,
60942_4_T_2_WEOM_r2_Mag_07Mar24_300SA_p01_19_1_17045.d,/mnt/home/bmeluch/NMDC/nom_processing/monet_nom/raw/60942_4_T_2_WEOM_r2_Mag_07Mar24_300SA_p01_19_1_17045.d/60942_4_T_2_WEOM_r2_Mag_07Mar24_300SA_p01_19_1_17045.d,0,.d,Error processing 60942_4_T_2_WEOM_r2_Mag_07Mar24_300SA_p01_19_1_17045.d after 1 attempts: /mnt/home/bmeluch/NMDC/nom_processing/monet_nom/raw/60942_4_T_2_WEOM_r2_Mag_07Mar24_300SA_p01_19_1_17045.d/60942_4_T_2_WEOM_r2_Mag_07Mar24_300SA_p01_19_1_17045.d does not seem to be a valid Solarix Mass Spectrum,2026-07-07T22:32:47.929466,,,,
60886_2_B_1_WEOM_r2_Mag_10Mar24_300SA_p01_10_1_17217.d,/mnt/home/bmeluch/NMDC/nom_processing/monet_nom/raw/60886_2_B_1_WEOM_r2_Mag_10Mar24_300SA_p01_10_1_17217.d/60886_2_B_1_WEOM_r2_Mag_10Mar24_300SA_p01_10_1_17217.d,0,.d,Error processing 60886_2_B_1_WEOM_r2_Mag_10Mar24_300SA_p01_10_1_17217.d after 1 attempts: /mnt/home/bmeluch/NMDC/nom_processing/monet_nom/raw/60886_2_B_1_WEOM_r2_Mag_10Mar24_300SA_p01_10_1_17217.d/60886_2_B_1_WEOM_r2_Mag_10Mar24_300SA_p01_10_1_17217.d does not seem to be a valid Solarix Mass Spectrum,2026-07-08T18:51:37.578306,,,,
QC_SRFAII_23_01_20ppm_r3_Mag_04Jan24_300SA_p01_52_1_14621.d,/mnt/home/bmeluch/NMDC/nom_processing/monet_nom/raw/QC_SRFAII_23_01_20ppm_r3_Mag_04Jan24_300SA_p01_52_1_14621.d/QC_SRFAII_23_01_20ppm_r3_Mag_04Jan24_300SA_p01_52_1_14621.d,0,.d,Error processing QC_SRFAII_23_01_20ppm_r3_Mag_04Jan24_300SA_p01_52_1_14621.d after 1 attempts: /mnt/home/bmeluch/NMDC/nom_processing/monet_nom/raw/QC_SRFAII_23_01_20ppm_r3_Mag_04Jan24_300SA_p01_52_1_14621.d/QC_SRFAII_23_01_20ppm_r3_Mag_04Jan24_300SA_p01_52_1_14621.d does not seem to be a valid Solarix Mass Spectrum,2026-06-30T22:48:51.467602,,,,
60886_4_T_3_WEOM_r3_Mag_10Mar24_300SA_p01_21_1_17249.d,/mnt/home/bmeluch/NMDC/nom_processing/monet_nom/raw/60886_4_T_3_WEOM_r3_Mag_10Mar24_300SA_p01_21_1_17249.d/60886_4_T_3_WEOM_r3_Mag_10Mar24_300SA_p01_21_1_17249.d,0,.d,Error processing 60886_4_T_3_WEOM_r3_Mag_10Mar24_300SA_p01_21_1_17249.d after 1 attempts: /mnt/home/bmeluch/NMDC/nom_processing/monet_nom/raw/60886_4_T_3_WEOM_r3_Mag_10Mar24_300SA_p01_21_1_17249.d/60886_4_T_3_WEOM_r3_Mag_10Mar24_300SA_p01_21_1_17249.d does not seem to be a valid Solarix Mass Spectrum,2026-07-08T19:24:20.932856,,,,
60942_2_T_3_WEOM_r2_Mag_07Mar24_300SA_p01_9_1_17023.d,/mnt/home/bmeluch/NMDC/nom_processing/monet_nom/raw/60942_2_T_3_WEOM_r2_Mag_07Mar24_300SA_p01_9_1_17023.d/60942_2_T_3_WEOM_r2_Mag_07Mar24_300SA_p01_9_1_17023.d,0,.d,Error processing 60942_2_T_3_WEOM_r2_Mag_07Mar24_300SA_p01_9_1_17023.d after 1 attempts: /mnt/home/bmeluch/NMDC/nom_processing/monet_nom/raw/60942_2_T_3_WEOM_r2_Mag_07Mar24_300SA_p01_9_1_17023.d/60942_2_T_3_WEOM_r2_Mag_07Mar24_300SA_p01_9_1_17023.d does not seem to be a valid Solarix Mass Spectrum,2026-07-07T22:24:18.797831,,,,
60886_3_B_3_WEOM_r3_Mag_10Mar24_300SA_p01_18_1_17272.d,/mnt/home/bmeluch/NMDC/nom_processing/monet_nom/raw/60886_3_B_3_WEOM_r3_Mag_10Mar24_300SA_p01_18_1_17272.d/60886_3_B_3_WEOM_r3_Mag_10Mar24_300SA_p01_18_1_17272.d,0,.d,Error processing 60886_3_B_3_WEOM_r3_Mag_10Mar24_300SA_p01_18_1_17272.d after 1 attempts: /mnt/home/bmeluch/NMDC/nom_processing/monet_nom/raw/60886_3_B_3_WEOM_r3_Mag_10Mar24_300SA_p01_18_1_17272.d/60886_3_B_3_WEOM_r3_Mag_10Mar24_300SA_p01_18_1_17272.d does not seem to be a valid Solarix Mass Spectrum,2026-07-08T19:48:00.169349,,,,
60942_4_T_1_WEOM_r2_Mag_07Mar24_300SA_p01_18_1_17017.d,/mnt/home/bmeluch/NMDC/nom_processing/monet_nom/raw/60942_4_T_1_WEOM_r2_Mag_07Mar24_300SA_p01_18_1_17017.d/60942_4_T_1_WEOM_r2_Mag_07Mar24_300SA_p01_18_1_17017.d,0,.d,Error processing 60942_4_T_1_WEOM_r2_Mag_07Mar24_300SA_p01_18_1_17017.d after 1 attempts: /mnt/home/bmeluch/NMDC/nom_processing/monet_nom/raw/60942_4_T_1_WEOM_r2_Mag_07Mar24_300SA_p01_18_1_17017.d/60942_4_T_1_WEOM_r2_Mag_07Mar24_300SA_p01_18_1_17017.d does not seem to be a valid Solarix Mass Spectrum,2026-07-07T22:20:36.759258,,,,
QC_SRFAII_23_01_10ppm_WEOM_r1_Mag_10Mar24_300SA_p01_54_1_17142.d,/mnt/home/bmeluch/NMDC/nom_processing/monet_nom/raw/QC_SRFAII_23_01_10ppm_WEOM_r1_Mag_10Mar24_300SA_p01_54_1_17142.d/QC_SRFAII_23_01_10ppm_WEOM_r1_Mag_10Mar24_300SA_p01_54_1_17142.d,0,.d,Error processing QC_SRFAII_23_01_10ppm_WEOM_r1_Mag_10Mar24_300SA_p01_54_1_17142.d after 1 attempts: /mnt/home/bmeluch/NMDC/nom_processing/monet_nom/raw/QC_SRFAII_23_01_10ppm_WEOM_r1_Mag_10Mar24_300SA_p01_54_1_17142.d/QC_SRFAII_23_01_10ppm_WEOM_r1_Mag_10Mar24_300SA_p01_54_1_17142.d does not seem to be a valid Solarix Mass Spectrum,2026-06-30T22:48:51.792806,,,,
60942_3_B_2_r1_Mag_07Mar24_300SA_p01_16_1_16986.d,/mnt/home/bmeluch/NMDC/nom_processing/monet_nom/raw/60942_3_B_2_WEOM_r1_Mag_07Mar24_300SA_p01_16_1_16986.d/60942_3_B_2_r1_Mag_07Mar24_300SA_p01_16_1_16986.d,0,.d,Error processing 60942_3_B_2_r1_Mag_07Mar24_300SA_p01_16_1_16986.d after 1 attempts: /mnt/home/bmeluch/NMDC/nom_processing/monet_nom/raw/60942_3_B_2_WEOM_r1_Mag_07Mar24_300SA_p01_16_1_16986.d/60942_3_B_2_r1_Mag_07Mar24_300SA_p01_16_1_16986.d does not seem to be a valid Solarix Mass Spectrum,2026-07-07T22:06:54.621086,,,,
60942_4_B_1_WEOM_r3_Mag_07Mar24_300SA_p01_21_1_17107.d,/mnt/home/bmeluch/NMDC/nom_processing/monet_nom/raw/60942_4_B_1_WEOM_r3_Mag_07Mar24_300SA_p01_21_1_17107.d/60942_4_B_1_WEOM_r3_Mag_07Mar24_300SA_p01_21_1_17107.d,0,.d,Error processing 60942_4_B_1_WEOM_r3_Mag_07Mar24_300SA_p01_21_1_17107.d after 1 attempts: /mnt/home/bmeluch/NMDC/nom_processing/monet_nom/raw/60942_4_B_1_WEOM_r3_Mag_07Mar24_300SA_p01_21_1_17107.d/60942_4_B_1_WEOM_r3_Mag_07Mar24_300SA_p01_21_1_17107.d does not seem to be a valid Solarix Mass Spectrum,2026-07-08T17:19:28.040667,,,,
60886_1_B_3_WEOM_r3_Mag_10Mar24_300SA_p01_6_1_17261.d,/mnt/home/bmeluch/NMDC/nom_processing/monet_nom/raw/60886_1_B_3_WEOM_r3_Mag_10Mar24_300SA_p01_6_1_17261.d/60886_1_B_3_WEOM_r3_Mag_10Mar24_300SA_p01_6_1_17261.d,0,.d,Error processing 60886_1_B_3_WEOM_r3_Mag_10Mar24_300SA_p01_6_1_17261.d after 1 attempts: /mnt/home/bmeluch/NMDC/nom_processing/monet_nom/raw/60886_1_B_3_WEOM_r3_Mag_10Mar24_300SA_p01_6_1_17261.d/60886_1_B_3_WEOM_r3_Mag_10Mar24_300SA_p01_6_1_17261.d does not seem to be a valid Solarix Mass Spectrum,2026-07-08T19:34:46.949926,,,,
60942_3_T_2_WEOM_r1_Mag_07Mar24_300SA_p01_14_1_17011.d,/mnt/home/bmeluch/NMDC/nom_processing/monet_nom/raw/60942_3_T_2_WEOM_r1_Mag_07Mar24_300SA_p01_14_1_17011.d/60942_3_T_2_WEOM_r1_Mag_07Mar24_300SA_p01_14_1_17011.d,0,.d,Error processing 60942_3_T_2_WEOM_r1_Mag_07Mar24_300SA_p01_14_1_17011.d after 1 attempts: /mnt/home/bmeluch/NMDC/nom_processing/monet_nom/raw/60942_3_T_2_WEOM_r1_Mag_07Mar24_300SA_p01_14_1_17011.d/60942_3_T_2_WEOM_r1_Mag_07Mar24_300SA_p01_14_1_17011.d does not seem to be a valid Solarix Mass Spectrum,2026-07-07T22:18:46.158825,,,,
60942_6_B_3_WEOM_r2_Mag_07Mar24_300SA_p01_35_1_17040.d,/mnt/home/bmeluch/NMDC/nom_processing/monet_nom/raw/60942_6_B_3_WEOM_r2_Mag_07Mar24_300SA_p01_35_1_17040.d/60942_6_B_3_WEOM_r2_Mag_07Mar24_300SA_p01_35_1_17040.d,0,.d,Error processing 60942_6_B_3_WEOM_r2_Mag_07Mar24_300SA_p01_35_1_17040.d after 1 attempts: /mnt/home/bmeluch/NMDC/nom_processing/monet_nom/raw/60942_6_B_3_WEOM_r2_Mag_07Mar24_300SA_p01_35_1_17040.d/60942_6_B_3_WEOM_r2_Mag_07Mar24_300SA_p01_35_1_17040.d does not seem to be a valid Solarix Mass Spectrum,2026-07-07T22:29:43.896482,,,,
60923_21_T_1_WEOM_r3_Mag_04Mar24_300SA_p01_37_1_16956.d,/mnt/home/bmeluch/NMDC/nom_processing/monet_nom/raw/60923_21_T_1_WEOM_r3_Mag_04Mar24_300SA_p01_37_1_16956.d/60923_21_T_1_WEOM_r3_Mag_04Mar24_300SA_p01_37_1_16956.d,0,.d,Error processing 60923_21_T_1_WEOM_r3_Mag_04Mar24_300SA_p01_37_1_16956.d after 1 attempts: /mnt/home/bmeluch/NMDC/nom_processing/monet_nom/raw/60923_21_T_1_WEOM_r3_Mag_04Mar24_300SA_p01_37_1_16956.d/60923_21_T_1_WEOM_r3_Mag_04Mar24_300SA_p01_37_1_16956.d does not seem to be a valid Solarix Mass Spectrum,2026-07-07T21:37:15.817742,,,,
60942_4_T_2_WEOM_r3_Mag_07Mar24_300SA_p01_19_1_17071.d,/mnt/home/bmeluch/NMDC/nom_processing/monet_nom/raw/60942_4_T_2_WEOM_r3_Mag_07Mar24_300SA_p01_19_1_17071.d/60942_4_T_2_WEOM_r3_Mag_07Mar24_300SA_p01_19_1_17071.d,0,.d,Error processing 60942_4_T_2_WEOM_r3_Mag_07Mar24_300SA_p01_19_1_17071.d after 1 attempts: /mnt/home/bmeluch/NMDC/nom_processing/monet_nom/raw/60942_4_T_2_WEOM_r3_Mag_07Mar24_300SA_p01_19_1_17071.d/60942_4_T_2_WEOM_r3_Mag_07Mar24_300SA_p01_19_1_17071.d does not seem to be a valid Solarix Mass Spectrum,2026-07-07T22:44:23.015157,,,,
QC_SRFAII_23_01_10ppm_WEOM_r3_Mag_04Mar24_300SA_p01_54_1_16948.d,/mnt/home/bmeluch/NMDC/nom_processing/monet_nom/raw/QC_SRFAII_23_01_10ppm_WEOM_r3_Mag_04Mar24_300SA_p01_54_1_16948.d/QC_SRFAII_23_01_10ppm_WEOM_r3_Mag_04Mar24_300SA_p01_54_1_16948.d,0,.d,Error processing QC_SRFAII_23_01_10ppm_WEOM_r3_Mag_04Mar24_300SA_p01_54_1_16948.d after 1 attempts: /mnt/home/bmeluch/NMDC/nom_processing/monet_nom/raw/QC_SRFAII_23_01_10ppm_WEOM_r3_Mag_04Mar24_300SA_p01_54_1_16948.d/QC_SRFAII_23_01_10ppm_WEOM_r3_Mag_04Mar24_300SA_p01_54_1_16948.d does not seem to be a valid Solarix Mass Spectrum,2026-06-30T22:48:52.039868,,,,
60886_6_B_1_WEOM_r2_Mag_10Mar24_300SA_p01_34_1_17180.d,/mnt/home/bmeluch/NMDC/nom_processing/monet_nom/raw/60886_6_B_1_WEOM_r2_Mag_10Mar24_300SA_p01_34_1_17180.d/60886_6_B_1_WEOM_r2_Mag_10Mar24_300SA_p01_34_1_17180.d,0,.d,Error processing 60886_6_B_1_WEOM_r2_Mag_10Mar24_300SA_p01_34_1_17180.d after 1 attempts: /mnt/home/bmeluch/NMDC/nom_processing/monet_nom/raw/60886_6_B_1_WEOM_r2_Mag_10Mar24_300SA_p01_34_1_17180.d/60886_6_B_1_WEOM_r2_Mag_10Mar24_300SA_p01_34_1_17180.d does not seem to be a valid Solarix Mass Spectrum,2026-07-08T18:16:49.734811,,,,
60886_5_B_3_WEOM_r1_Mag_10Mar24_300SA_p01_30_1_17150.d,/mnt/home/bmeluch/NMDC/nom_processing/monet_nom/raw/60886_5_B_3_WEOM_r1_Mag_10Mar24_300SA_p01_30_1_17150.d/60886_5_B_3_WEOM_r1_Mag_10Mar24_300SA_p01_30_1_17150.d,0,.d,Error processing 60886_5_B_3_WEOM_r1_Mag_10Mar24_300SA_p01_30_1_17150.d after 1 attempts: /mnt/home/bmeluch/NMDC/nom_processing/monet_nom/raw/60886_5_B_3_WEOM_r1_Mag_10Mar24_300SA_p01_30_1_17150.d/60886_5_B_3_WEOM_r1_Mag_10Mar24_300SA_p01_30_1_17150.d does not seem to be a valid Solarix Mass Spectrum,2026-07-08T17:46:49.877426,,,,
60886_2_T_1_WEOM_r1_Mag_10Mar24_300SA_p01_7_1_17154.d,/mnt/home/bmeluch/NMDC/nom_processing/monet_nom/raw/60886_2_T_1_WEOM_r1_Mag_10Mar24_300SA_p01_7_1_17154.d/60886_2_T_1_WEOM_r1_Mag_10Mar24_300SA_p01_7_1_17154.d,0,.d,Error processing 60886_2_T_1_WEOM_r1_Mag_10Mar24_300SA_p01_7_1_17154.d after 1 attempts: /mnt/home/bmeluch/NMDC/nom_processing/monet_nom/raw/60886_2_T_1_WEOM_r1_Mag_10Mar24_300SA_p01_7_1_17154.d/60886_2_T_1_WEOM_r1_Mag_10Mar24_300SA_p01_7_1_17154.d does not seem to be a valid Solarix Mass Spectrum,2026-07-08T17:51:08.911415,,,,
60942_1_T_3_r1_Mag_07Mar24_300SA_p01_3_1_16972.d,/mnt/home/bmeluch/NMDC/nom_processing/monet_nom/raw/60942_1_T_3_WEOM_r1_Mag_07Mar24_300SA_p01_3_1_16972.d/60942_1_T_3_r1_Mag_07Mar24_300SA_p01_3_1_16972.d,0,.d,Error processing 60942_1_T_3_r1_Mag_07Mar24_300SA_p01_3_1_16972.d after 1 attempts: /mnt/home/bmeluch/NMDC/nom_processing/monet_nom/raw/60942_1_T_3_WEOM_r1_Mag_07Mar24_300SA_p01_3_1_16972.d/60942_1_T_3_r1_Mag_07Mar24_300SA_p01_3_1_16972.d does not seem to be a valid Solarix Mass Spectrum,2026-07-07T21:58:06.160692,,,,
60886_6_B_2_WEOM_r1_Mag_10Mar24_300SA_p01_35_1_17162.d,/mnt/home/bmeluch/NMDC/nom_processing/monet_nom/raw/60886_6_B_2_WEOM_r1_Mag_10Mar24_300SA_p01_35_1_17162.d/60886_6_B_2_WEOM_r1_Mag_10Mar24_300SA_p01_35_1_17162.d,0,.d,Error processing 60886_6_B_2_WEOM_r1_Mag_10Mar24_300SA_p01_35_1_17162.d after 1 attempts: /mnt/home/bmeluch/NMDC/nom_processing/monet_nom/raw/60886_6_B_2_WEOM_r1_Mag_10Mar24_300SA_p01_35_1_17162.d/60886_6_B_2_WEOM_r1_Mag_10Mar24_300SA_p01_35_1_17162.d does not seem to be a valid Solarix Mass Spectrum,2026-07-08T17:59:54.864396,,,,
60886_4_T_2_WEOM_r1_Mag_10Mar24_300SA_p01_20_1_17144.d,/mnt/home/bmeluch/NMDC/nom_processing/monet_nom/raw/60886_4_T_2_WEOM_r1_Mag_10Mar24_300SA_p01_20_1_17144.d/60886_4_T_2_WEOM_r1_Mag_10Mar24_300SA_p01_20_1_17144.d,0,.d,Error processing 60886_4_T_2_WEOM_r1_Mag_10Mar24_300SA_p01_20_1_17144.d after 1 attempts: /mnt/home/bmeluch/NMDC/nom_processing/monet_nom/raw/60886_4_T_2_WEOM_r1_Mag_10Mar24_300SA_p01_20_1_17144.d/60886_4_T_2_WEOM_r1_Mag_10Mar24_300SA_p01_20_1_17144.d does not seem to be a valid Solarix Mass Spectrum,2026-07-08T17:40:55.267273,,,,
60923_18_T_3_WEOM_r2_Mag_04Mar24_300SA_p01_21_1_16849.d,/mnt/home/bmeluch/NMDC/nom_processing/monet_nom/raw/60923_18_T_3_WEOM_r2_Mag_04Mar24_300SA_p01_21_1_16849.d/60923_18_T_3_WEOM_r2_Mag_04Mar24_300SA_p01_21_1_16849.d,0,.d,Error processing 60923_18_T_3_WEOM_r2_Mag_04Mar24_300SA_p01_21_1_16849.d after 1 attempts: /mnt/home/bmeluch/NMDC/nom_processing/monet_nom/raw/60923_18_T_3_WEOM_r2_Mag_04Mar24_300SA_p01_21_1_16849.d/60923_18_T_3_WEOM_r2_Mag_04Mar24_300SA_p01_21_1_16849.d does not seem to be a valid Solarix Mass Spectrum,2026-07-07T19:53:04.623280,,,,
QC_SRFAII_23_01_10ppm_r2_Mag_12Feb24_300SA_p01_54_1_15114.d,/mnt/home/bmeluch/NMDC/nom_processing/monet_nom/raw/QC_SRFAII_23_01_10ppm_r2_Mag_12Feb24_300SA_p01_54_1_15114.d/QC_SRFAII_23_01_10ppm_r2_Mag_12Feb24_300SA_p01_54_1_15114.d,0,.d,Error processing QC_SRFAII_23_01_10ppm_r2_Mag_12Feb24_300SA_p01_54_1_15114.d after 1 attempts: /mnt/home/bmeluch/NMDC/nom_processing/monet_nom/raw/QC_SRFAII_23_01_10ppm_r2_Mag_12Feb24_300SA_p01_54_1_15114.d/QC_SRFAII_23_01_10ppm_r2_Mag_12Feb24_300SA_p01_54_1_15114.d does not seem to be a valid Solarix Mass Spectrum,2026-06-30T22:48:52.271664,,,,
60886_3_B_3_WEOM_r1_Mag_10Mar24_300SA_p01_18_1_17157.d,/mnt/home/bmeluch/NMDC/nom_processing/monet_nom/raw/60886_3_B_3_WEOM_r1_Mag_10Mar24_300SA_p01_18_1_17157.d/60886_3_B_3_WEOM_r1_Mag_10Mar24_300SA_p01_18_1_17157.d,0,.d,Error processing 60886_3_B_3_WEOM_r1_Mag_10Mar24_300SA_p01_18_1_17157.d after 1 attempts: /mnt/home/bmeluch/NMDC/nom_processing/monet_nom/raw/60886_3_B_3_WEOM_r1_Mag_10Mar24_300SA_p01_18_1_17157.d/60886_3_B_3_WEOM_r1_Mag_10Mar24_300SA_p01_18_1_17157.d does not seem to be a valid Solarix Mass Spectrum,2026-07-08T17:55:32.580136,,,,
60886_4_B_1_WEOM_r2_Mag_10Mar24_300SA_p01_22_1_17175.d,/mnt/home/bmeluch/NMDC/nom_processing/monet_nom/raw/60886_4_B_1_WEOM_r2_Mag_10Mar24_300SA_p01_22_1_17175.d/60886_4_B_1_WEOM_r2_Mag_10Mar24_300SA_p01_22_1_17175.d,0,.d,Error processing 60886_4_B_1_WEOM_r2_Mag_10Mar24_300SA_p01_22_1_17175.d after 1 attempts: /mnt/home/bmeluch/NMDC/nom_processing/monet_nom/raw/60886_4_B_1_WEOM_r2_Mag_10Mar24_300SA_p01_22_1_17175.d/60886_4_B_1_WEOM_r2_Mag_10Mar24_300SA_p01_22_1_17175.d does not seem to be a valid Solarix Mass Spectrum,2026-07-08T18:11:06.378290,,,,
QC_SRFAII_23_01_10ppm_WEOM_r1_Mag_07Mar24_300SA_p01_54_1_16966.d,/mnt/home/bmeluch/NMDC/nom_processing/monet_nom/raw/QC_SRFAII_23_01_10ppm_WEOM_r1_Mag_07Mar24_300SA_p01_54_1_16966.d/QC_SRFAII_23_01_10ppm_WEOM_r1_Mag_07Mar24_300SA_p01_54_1_16966.d,0,.d,Error processing QC_SRFAII_23_01_10ppm_WEOM_r1_Mag_07Mar24_300SA_p01_54_1_16966.d after 1 attempts: /mnt/home/bmeluch/NMDC/nom_processing/monet_nom/raw/QC_SRFAII_23_01_10ppm_WEOM_r1_Mag_07Mar24_300SA_p01_54_1_16966.d/QC_SRFAII_23_01_10ppm_WEOM_r1_Mag_07Mar24_300SA_p01_54_1_16966.d does not seem to be a valid Solarix Mass Spectrum,2026-06-30T22:48:52.400578,,,,
60886_2_B_1_WEOM_r1_Mag_10Mar24_300SA_p01_10_1_17112.d,/mnt/home/bmeluch/NMDC/nom_processing/monet_nom/raw/60886_2_B_1_WEOM_r1_Mag_10Mar24_300SA_p01_10_1_17112.d/60886_2_B_1_WEOM_r1_Mag_10Mar24_300SA_p01_10_1_17112.d,0,.d,Error processing 60886_2_B_1_WEOM_r1_Mag_10Mar24_300SA_p01_10_1_17112.d after 1 attempts: /mnt/home/bmeluch/NMDC/nom_processing/monet_nom/raw/60886_2_B_1_WEOM_r1_Mag_10Mar24_300SA_p01_10_1_17112.d/60886_2_B_1_WEOM_r1_Mag_10Mar24_300SA_p01_10_1_17112.d does not seem to be a valid Solarix Mass Spectrum,2026-07-08T17:20:48.065424,,,,
60923_17_T_1_WEOM_r2_Mag_04Mar24_300SA_p01_13_1_16887.d,/mnt/home/bmeluch/NMDC/nom_processing/monet_nom/raw/60923_17_T_1_WEOM_r2_Mag_04Mar24_300SA_p01_13_1_16887.d/60923_17_T_1_WEOM_r2_Mag_04Mar24_300SA_p01_13_1_16887.d,0,.d,Error processing 60923_17_T_1_WEOM_r2_Mag_04Mar24_300SA_p01_13_1_16887.d after 1 attempts: /mnt/home/bmeluch/NMDC/nom_processing/monet_nom/raw/60923_17_T_1_WEOM_r2_Mag_04Mar24_300SA_p01_13_1_16887.d/60923_17_T_1_WEOM_r2_Mag_04Mar24_300SA_p01_13_1_16887.d does not seem to be a valid Solarix Mass Spectrum,2026-07-07T20:10:33.021592,,,,
60942_3_T_1_WEOM_r3_Mag_07Mar24_300SA_p01_13_1_17098.d,/mnt/home/bmeluch/NMDC/nom_processing/monet_nom/raw/60942_3_T_1_WEOM_r3_Mag_07Mar24_300SA_p01_13_1_17098.d/60942_3_T_1_WEOM_r3_Mag_07Mar24_300SA_p01_13_1_17098.d,0,.d,Error processing 60942_3_T_1_WEOM_r3_Mag_07Mar24_300SA_p01_13_1_17098.d after 1 attempts: /mnt/home/bmeluch/NMDC/nom_processing/monet_nom/raw/60942_3_T_1_WEOM_r3_Mag_07Mar24_300SA_p01_13_1_17098.d/60942_3_T_1_WEOM_r3_Mag_07Mar24_300SA_p01_13_1_17098.d does not seem to be a valid Solarix Mass Spectrum,2026-07-08T17:08:24.608139,,,,
60942_6_B_2_WEOM_r2_Mag_07Mar24_300SA_p01_34_1_17036.d,/mnt/home/bmeluch/NMDC/nom_processing/monet_nom/raw/60942_6_B_2_WEOM_r2_Mag_07Mar24_300SA_p01_34_1_17036.d/60942_6_B_2_WEOM_r2_Mag_07Mar24_300SA_p01_34_1_17036.d,0,.d,Error processing 60942_6_B_2_WEOM_r2_Mag_07Mar24_300SA_p01_34_1_17036.d after 1 attempts: /mnt/home/bmeluch/NMDC/nom_processing/monet_nom/raw/60942_6_B_2_WEOM_r2_Mag_07Mar24_300SA_p01_34_1_17036.d/60942_6_B_2_WEOM_r2_Mag_07Mar24_300SA_p01_34_1_17036.d does not seem to be a valid Solarix Mass Spectrum,2026-07-07T22:28:33.076017,,,,
QC_SRFAII_23_01_10ppm_WEOM_r2_Mag_07Mar24_300SA_p01_54_1_17061.d,/mnt/home/bmeluch/NMDC/nom_processing/monet_nom/raw/QC_SRFAII_23_01_10ppm_WEOM_r2_Mag_07Mar24_300SA_p01_54_1_17061.d/QC_SRFAII_23_01_10ppm_WEOM_r2_Mag_07Mar24_300SA_p01_54_1_17061.d,0,.d,Error processing QC_SRFAII_23_01_10ppm_WEOM_r2_Mag_07Mar24_300SA_p01_54_1_17061.d after 1 attempts: /mnt/home/bmeluch/NMDC/nom_processing/monet_nom/raw/QC_SRFAII_23_01_10ppm_WEOM_r2_Mag_07Mar24_300SA_p01_54_1_17061.d/QC_SRFAII_23_01_10ppm_WEOM_r2_Mag_07Mar24_300SA_p01_54_1_17061.d does not seem to be a valid Solarix Mass Spectrum,2026-06-30T22:48:52.657421,,,,
QC_SRFAII_23_01_20ppm_r3_Mag_21Dec23_300SA_p01_54_1_14186.d,/mnt/home/bmeluch/NMDC/nom_processing/monet_nom/raw/QC_SRFAII_23_01_20ppm_r3_Mag_21Dec23_300SA_p01_54_1_14186.d/QC_SRFAII_23_01_20ppm_r3_Mag_21Dec23_300SA_p01_54_1_14186.d,0,.d,Error processing QC_SRFAII_23_01_20ppm_r3_Mag_21Dec23_300SA_p01_54_1_14186.d after 1 attempts: /mnt/home/bmeluch/NMDC/nom_processing/monet_nom/raw/QC_SRFAII_23_01_20ppm_r3_Mag_21Dec23_300SA_p01_54_1_14186.d/QC_SRFAII_23_01_20ppm_r3_Mag_21Dec23_300SA_p01_54_1_14186.d does not seem to be a valid Solarix Mass Spectrum,2026-06-30T22:48:52.890610,,,,
QC_SRFAII_23_01_20ppm_r2_Mag_04Jan24_300SA_p01_52_1_14598.d,/mnt/home/bmeluch/NMDC/nom_processing/monet_nom/raw/QC_SRFAII_23_01_20ppm_r2_Mag_04Jan24_300SA_p01_52_1_14598.d/QC_SRFAII_23_01_20ppm_r2_Mag_04Jan24_300SA_p01_52_1_14598.d,0,.d,Error processing QC_SRFAII_23_01_20ppm_r2_Mag_04Jan24_300SA_p01_52_1_14598.d after 1 attempts: /mnt/home/bmeluch/NMDC/nom_processing/monet_nom/raw/QC_SRFAII_23_01_20ppm_r2_Mag_04Jan24_300SA_p01_52_1_14598.d/QC_SRFAII_23_01_20ppm_r2_Mag_04Jan24_300SA_p01_52_1_14598.d does not seem to be a valid Solarix Mass Spectrum,2026-06-30T22:48:53.008974,,,,
60942_5_B_1_WEOM_r2_Mag_07Mar24_300SA_p01_27_1_17043.d,/mnt/home/bmeluch/NMDC/nom_processing/monet_nom/raw/60942_5_B_1_WEOM_r2_Mag_07Mar24_300SA_p01_27_1_17043.d/60942_5_B_1_WEOM_r2_Mag_07Mar24_300SA_p01_27_1_17043.d,0,.d,Error processing 60942_5_B_1_WEOM_r2_Mag_07Mar24_300SA_p01_27_1_17043.d after 1 attempts: /mnt/home/bmeluch/NMDC/nom_processing/monet_nom/raw/60942_5_B_1_WEOM_r2_Mag_07Mar24_300SA_p01_27_1_17043.d/60942_5_B_1_WEOM_r2_Mag_07Mar24_300SA_p01_27_1_17043.d does not seem to be a valid Solarix Mass Spectrum,2026-07-07T22:31:35.517109,,,,
60942_1_B_1_WEOM_r3_Mag_07Mar24_300SA_p01_4_1_17074.d,/mnt/home/bmeluch/NMDC/nom_processing/monet_nom/raw/60942_1_B_1_WEOM_r3_Mag_07Mar24_300SA_p01_4_1_17074.d/60942_1_B_1_WEOM_r3_Mag_07Mar24_300SA_p01_4_1_17074.d,0,.d,Error processing 60942_1_B_1_WEOM_r3_Mag_07Mar24_300SA_p01_4_1_17074.d after 1 attempts: /mnt/home/bmeluch/NMDC/nom_processing/monet_nom/raw/60942_1_B_1_WEOM_r3_Mag_07Mar24_300SA_p01_4_1_17074.d/60942_1_B_1_WEOM_r3_Mag_07Mar24_300SA_p01_4_1_17074.d does not seem to be a valid Solarix Mass Spectrum,2026-07-07T22:46:08.075946,,,,
60886_2_T_3_WEOM_r2_Mag_10Mar24_300SA_p01_9_1_17174.d,/mnt/home/bmeluch/NMDC/nom_processing/monet_nom/raw/60886_2_T_3_WEOM_r2_Mag_10Mar24_300SA_p01_9_1_17174.d/60886_2_T_3_WEOM_r2_Mag_10Mar24_300SA_p01_9_1_17174.d,0,.d,Error processing 60886_2_T_3_WEOM_r2_Mag_10Mar24_300SA_p01_9_1_17174.d after 1 attempts: /mnt/home/bmeluch/NMDC/nom_processing/monet_nom/raw/60886_2_T_3_WEOM_r2_Mag_10Mar24_300SA_p01_9_1_17174.d/60886_2_T_3_WEOM_r2_Mag_10Mar24_300SA_p01_9_1_17174.d does not seem to be a valid Solarix Mass Spectrum,2026-07-08T18:09:39.125983,,,,
60923_17_T_2_WEOM_r3_Mag_04Mar24_300SA_p01_14_1_16908.d,/mnt/home/bmeluch/NMDC/nom_processing/monet_nom/raw/60923_17_T_2_WEOM_r3_Mag_04Mar24_300SA_p01_14_1_16908.d/60923_17_T_2_WEOM_r3_Mag_04Mar24_300SA_p01_14_1_16908.d,0,.d,Error processing 60923_17_T_2_WEOM_r3_Mag_04Mar24_300SA_p01_14_1_16908.d after 1 attempts: /mnt/home/bmeluch/NMDC/nom_processing/monet_nom/raw/60923_17_T_2_WEOM_r3_Mag_04Mar24_300SA_p01_14_1_16908.d/60923_17_T_2_WEOM_r3_Mag_04Mar24_300SA_p01_14_1_16908.d does not seem to be a valid Solarix Mass Spectrum,2026-07-07T20:21:36.455344,,,,
60886_6_B_2_WEOM_r2_Mag_10Mar24_300SA_p01_35_1_17182.d,/mnt/home/bmeluch/NMDC/nom_processing/monet_nom/raw/60886_6_B_2_WEOM_r2_Mag_10Mar24_300SA_p01_35_1_17182.d/60886_6_B_2_WEOM_r2_Mag_10Mar24_300SA_p01_35_1_17182.d,0,.d,Error processing 60886_6_B_2_WEOM_r2_Mag_10Mar24_300SA_p01_35_1_17182.d after 1 attempts: /mnt/home/bmeluch/NMDC/nom_processing/monet_nom/raw/60886_6_B_2_WEOM_r2_Mag_10Mar24_300SA_p01_35_1_17182.d/60886_6_B_2_WEOM_r2_Mag_10Mar24_300SA_p01_35_1_17182.d does not seem to be a valid Solarix Mass Spectrum,2026-07-08T18:19:43.033172,,,,
QC_SRFAII_23_01_20ppm_r3_Mag_04Jan24_300SA_p01_52_1_14665.d,/mnt/home/bmeluch/NMDC/nom_processing/monet_nom/raw/QC_SRFAII_23_01_20ppm_r3_Mag_04Jan24_300SA_p01_52_1_14665.d/QC_SRFAII_23_01_20ppm_r3_Mag_04Jan24_300SA_p01_52_1_14665.d,0,.d,Error processing QC_SRFAII_23_01_20ppm_r3_Mag_04Jan24_300SA_p01_52_1_14665.d after 1 attempts: /mnt/home/bmeluch/NMDC/nom_processing/monet_nom/raw/QC_SRFAII_23_01_20ppm_r3_Mag_04Jan24_300SA_p01_52_1_14665.d/QC_SRFAII_23_01_20ppm_r3_Mag_04Jan24_300SA_p01_52_1_14665.d does not seem to be a valid Solarix Mass Spectrum,2026-06-30T22:48:53.239260,,,,
60942_6_B_3_r1_Mag_07Mar24_300SA_p01_35_1_16968.d,/mnt/home/bmeluch/NMDC/nom_processing/monet_nom/raw/60942_6_B_3_WEOM_r1_Mag_07Mar24_300SA_p01_35_1_16968.d/60942_6_B_3_r1_Mag_07Mar24_300SA_p01_35_1_16968.d,0,.d,Error processing 60942_6_B_3_r1_Mag_07Mar24_300SA_p01_35_1_16968.d after 1 attempts: /mnt/home/bmeluch/NMDC/nom_processing/monet_nom/raw/60942_6_B_3_WEOM_r1_Mag_07Mar24_300SA_p01_35_1_16968.d/60942_6_B_3_r1_Mag_07Mar24_300SA_p01_35_1_16968.d does not seem to be a valid Solarix Mass Spectrum,2026-07-07T21:54:37.307594,,,,
60886_3_T_3_WEOM_r1_Mag_10Mar24_300SA_p01_15_1_17145.d,/mnt/home/bmeluch/NMDC/nom_processing/monet_nom/raw/60886_3_T_3_WEOM_r1_Mag_10Mar24_300SA_p01_15_1_17145.d/60886_3_T_3_WEOM_r1_Mag_10Mar24_300SA_p01_15_1_17145.d,0,.d,Error processing 60886_3_T_3_WEOM_r1_Mag_10Mar24_300SA_p01_15_1_17145.d after 1 attempts: /mnt/home/bmeluch/NMDC/nom_processing/monet_nom/raw/60886_3_T_3_WEOM_r1_Mag_10Mar24_300SA_p01_15_1_17145.d/60886_3_T_3_WEOM_r1_Mag_10Mar24_300SA_p01_15_1_17145.d does not seem to be a valid Solarix Mass Spectrum,2026-07-08T17:42:24.519257,,,,
60942_2_B_1_WEOM_r1_Mag_07Mar24_300SA_p01_10_1_17004.d,/mnt/home/bmeluch/NMDC/nom_processing/monet_nom/raw/60942_2_B_1_WEOM_r1_Mag_07Mar24_300SA_p01_10_1_17004.d/60942_2_B_1_WEOM_r1_Mag_07Mar24_300SA_p01_10_1_17004.d,0,.d,Error processing 60942_2_B_1_WEOM_r1_Mag_07Mar24_300SA_p01_10_1_17004.d after 1 attempts: /mnt/home/bmeluch/NMDC/nom_processing/monet_nom/raw/60942_2_B_1_WEOM_r1_Mag_07Mar24_300SA_p01_10_1_17004.d/60942_2_B_1_WEOM_r1_Mag_07Mar24_300SA_p01_10_1_17004.d does not seem to be a valid Solarix Mass Spectrum,2026-07-07T22:15:34.273858,,,,
60942_2_T_1_r1_Mag_07Mar24_300SA_p01_7_1_16976.d,/mnt/home/bmeluch/NMDC/nom_processing/monet_nom/raw/60942_2_T_1_WEOM_r1_Mag_07Mar24_300SA_p01_7_1_16976.d/60942_2_T_1_r1_Mag_07Mar24_300SA_p01_7_1_16976.d,0,.d,Error processing 60942_2_T_1_r1_Mag_07Mar24_300SA_p01_7_1_16976.d after 1 attempts: /mnt/home/bmeluch/NMDC/nom_processing/monet_nom/raw/60942_2_T_1_WEOM_r1_Mag_07Mar24_300SA_p01_7_1_16976.d/60942_2_T_1_r1_Mag_07Mar24_300SA_p01_7_1_16976.d does not seem to be a valid Solarix Mass Spectrum,2026-07-07T22:01:58.277550,,,,
60923_15_T_1_WEOM_r3_Mag_04Mar24_300SA_p01_1_1_16926.d,/mnt/home/bmeluch/NMDC/nom_processing/monet_nom/raw/60923_15_T_1_WEOM_r3_Mag_04Mar24_300SA_p01_1_1_16926.d/60923_15_T_1_WEOM_r3_Mag_04Mar24_300SA_p01_1_1_16926.d,0,.d,Error processing 60923_15_T_1_WEOM_r3_Mag_04Mar24_300SA_p01_1_1_16926.d after 1 attempts: /mnt/home/bmeluch/NMDC/nom_processing/monet_nom/raw/60923_15_T_1_WEOM_r3_Mag_04Mar24_300SA_p01_1_1_16926.d/60923_15_T_1_WEOM_r3_Mag_04Mar24_300SA_p01_1_1_16926.d does not seem to be a valid Solarix Mass Spectrum,2026-07-07T20:36:53.952869,,,,
60923_19_B_1_WEOM_r3_Mag_04Mar24_300SA_p01_28_1_16937.d,/mnt/home/bmeluch/NMDC/nom_processing/monet_nom/raw/60923_19_B_1_WEOM_r3_Mag_04Mar24_300SA_p01_28_1_16937.d/60923_19_B_1_WEOM_r3_Mag_04Mar24_300SA_p01_28_1_16937.d,0,.d,Error processing 60923_19_B_1_WEOM_r3_Mag_04Mar24_300SA_p01_28_1_16937.d after 1 attempts: /mnt/home/bmeluch/NMDC/nom_processing/monet_nom/raw/60923_19_B_1_WEOM_r3_Mag_04Mar24_300SA_p01_28_1_16937.d/60923_19_B_1_WEOM_r3_Mag_04Mar24_300SA_p01_28_1_16937.d does not seem to be a valid Solarix Mass Spectrum,2026-07-07T21:00:01.677306,,,,
60886_6_B_3_WEOM_r2_Mag_10Mar24_300SA_p01_36_1_17191.d,/mnt/home/bmeluch/NMDC/nom_processing/monet_nom/raw/60886_6_B_3_WEOM_r2_Mag_10Mar24_300SA_p01_36_1_17191.d/60886_6_B_3_WEOM_r2_Mag_10Mar24_300SA_p01_36_1_17191.d,0,.d,Error processing 60886_6_B_3_WEOM_r2_Mag_10Mar24_300SA_p01_36_1_17191.d after 1 attempts: /mnt/home/bmeluch/NMDC/nom_processing/monet_nom/raw/60886_6_B_3_WEOM_r2_Mag_10Mar24_300SA_p01_36_1_17191.d/60886_6_B_3_WEOM_r2_Mag_10Mar24_300SA_p01_36_1_17191.d does not seem to be a valid Solarix Mass Spectrum,2026-07-08T18:26:53.540268,,,,
60923_19_T_3_WEOM_r1_Mag_04Mar24_300SA_p01_27_1_16816.d,/mnt/home/bmeluch/NMDC/nom_processing/monet_nom/raw/60923_19_T_3_WEOM_r1_Mag_04Mar24_300SA_p01_27_1_16816.d/60923_19_T_3_WEOM_r1_Mag_04Mar24_300SA_p01_27_1_16816.d,0,.d,Error processing 60923_19_T_3_WEOM_r1_Mag_04Mar24_300SA_p01_27_1_16816.d after 1 attempts: /mnt/home/bmeluch/NMDC/nom_processing/monet_nom/raw/60923_19_T_3_WEOM_r1_Mag_04Mar24_300SA_p01_27_1_16816.d/60923_19_T_3_WEOM_r1_Mag_04Mar24_300SA_p01_27_1_16816.d does not seem to be a valid Solarix Mass Spectrum,2026-07-07T19:36:59.934227,,,,
60942_1_T_2_WEOM_r1_Mag_07Mar24_300SA_p01_2_1_17002.d,/mnt/home/bmeluch/NMDC/nom_processing/monet_nom/raw/60942_1_T_2_WEOM_r1_Mag_07Mar24_300SA_p01_2_1_17002.d/60942_1_T_2_WEOM_r1_Mag_07Mar24_300SA_p01_2_1_17002.d,0,.d,Error processing 60942_1_T_2_WEOM_r1_Mag_07Mar24_300SA_p01_2_1_17002.d after 1 attempts: /mnt/home/bmeluch/NMDC/nom_processing/monet_nom/raw/60942_1_T_2_WEOM_r1_Mag_07Mar24_300SA_p01_2_1_17002.d/60942_1_T_2_WEOM_r1_Mag_07Mar24_300SA_p01_2_1_17002.d does not seem to be a valid Solarix Mass Spectrum,2026-07-07T22:14:20.653406,,,,
60923_16_B_1_WEOM_r2_Mag_04Mar24_300SA_p01_10_1_16872.d,/mnt/home/bmeluch/NMDC/nom_processing/monet_nom/raw/60923_16_B_1_WEOM_r2_Mag_04Mar24_300SA_p01_10_1_16872.d/60923_16_B_1_WEOM_r2_Mag_04Mar24_300SA_p01_10_1_16872.d,0,.d,Error processing 60923_16_B_1_WEOM_r2_Mag_04Mar24_300SA_p01_10_1_16872.d after 1 attempts: /mnt/home/bmeluch/NMDC/nom_processing/monet_nom/raw/60923_16_B_1_WEOM_r2_Mag_04Mar24_300SA_p01_10_1_16872.d/60923_16_B_1_WEOM_r2_Mag_04Mar24_300SA_p01_10_1_16872.d does not seem to be a valid Solarix Mass Spectrum,2026-07-07T20:04:05.199506,,,,
60942_5_B_3_WEOM_r3_Mag_07Mar24_300SA_p01_29_1_17106.d,/mnt/home/bmeluch/NMDC/nom_processing/monet_nom/raw/60942_5_B_3_WEOM_r3_Mag_07Mar24_300SA_p01_29_1_17106.d/60942_5_B_3_WEOM_r3_Mag_07Mar24_300SA_p01_29_1_17106.d,0,.d,Error processing 60942_5_B_3_WEOM_r3_Mag_07Mar24_300SA_p01_29_1_17106.d after 1 attempts: /mnt/home/bmeluch/NMDC/nom_processing/monet_nom/raw/60942_5_B_3_WEOM_r3_Mag_07Mar24_300SA_p01_29_1_17106.d/60942_5_B_3_WEOM_r3_Mag_07Mar24_300SA_p01_29_1_17106.d does not seem to be a valid Solarix Mass Spectrum,2026-07-08T17:18:05.143574,,,,
60923_16_T_3_WEOM_r1_Mag_04Mar24_300SA_p01_9_1_16799.d,/mnt/home/bmeluch/NMDC/nom_processing/monet_nom/raw/60923_16_T_3_WEOM_r1_Mag_04Mar24_300SA_p01_9_1_16799.d/60923_16_T_3_WEOM_r1_Mag_04Mar24_300SA_p01_9_1_16799.d,0,.d,Error processing 60923_16_T_3_WEOM_r1_Mag_04Mar24_300SA_p01_9_1_16799.d after 1 attempts: /mnt/home/bmeluch/NMDC/nom_processing/monet_nom/raw/60923_16_T_3_WEOM_r1_Mag_04Mar24_300SA_p01_9_1_16799.d/60923_16_T_3_WEOM_r1_Mag_04Mar24_300SA_p01_9_1_16799.d does not seem to be a valid Solarix Mass Spectrum,2026-07-07T19:30:40.778212,,,,
60942_1_T_3_WEOM_r2_Mag_07Mar24_300SA_p01_3_1_17051.d,/mnt/home/bmeluch/NMDC/nom_processing/monet_nom/raw/60942_1_T_3_WEOM_r2_Mag_07Mar24_300SA_p01_3_1_17051.d/60942_1_T_3_WEOM_r2_Mag_07Mar24_300SA_p01_3_1_17051.d,0,.d,Error processing 60942_1_T_3_WEOM_r2_Mag_07Mar24_300SA_p01_3_1_17051.d after 1 attempts: /mnt/home/bmeluch/NMDC/nom_processing/monet_nom/raw/60942_1_T_3_WEOM_r2_Mag_07Mar24_300SA_p01_3_1_17051.d/60942_1_T_3_WEOM_r2_Mag_07Mar24_300SA_p01_3_1_17051.d does not seem to be a valid Solarix Mass Spectrum,2026-07-07T22:35:48.906213,,,,
60942_5_T_1_r1_Mag_07Mar24_300SA_p01_24_1_16983.d,/mnt/home/bmeluch/NMDC/nom_processing/monet_nom/raw/60942_5_T_1_WEOM_r1_Mag_07Mar24_300SA_p01_24_1_16983.d/60942_5_T_1_r1_Mag_07Mar24_300SA_p01_24_1_16983.d,0,.d,Error processing 60942_5_T_1_r1_Mag_07Mar24_300SA_p01_24_1_16983.d after 1 attempts: /mnt/home/bmeluch/NMDC/nom_processing/monet_nom/raw/60942_5_T_1_WEOM_r1_Mag_07Mar24_300SA_p01_24_1_16983.d/60942_5_T_1_r1_Mag_07Mar24_300SA_p01_24_1_16983.d does not seem to be a valid Solarix Mass Spectrum,2026-07-07T22:05:02.235351,,,,
60886_5_T_2_WEOM_r3_Mag_10Mar24_300SA_p01_26_1_17227.d,/mnt/home/bmeluch/NMDC/nom_processing/monet_nom/raw/60886_5_T_2_WEOM_r3_Mag_10Mar24_300SA_p01_26_1_17227.d/60886_5_T_2_WEOM_r3_Mag_10Mar24_300SA_p01_26_1_17227.d,0,.d,Error processing 60886_5_T_2_WEOM_r3_Mag_10Mar24_300SA_p01_26_1_17227.d after 1 attempts: /mnt/home/bmeluch/NMDC/nom_processing/monet_nom/raw/60886_5_T_2_WEOM_r3_Mag_10Mar24_300SA_p01_26_1_17227.d/60886_5_T_2_WEOM_r3_Mag_10Mar24_300SA_p01_26_1_17227.d does not seem to be a valid Solarix Mass Spectrum,2026-07-08T19:02:05.983402,,,,
60923_18_T_3_WEOM_r1_Mag_04Mar24_300SA_p01_21_1_16819.d,/mnt/home/bmeluch/NMDC/nom_processing/monet_nom/raw/60923_18_T_3_WEOM_r1_Mag_04Mar24_300SA_p01_21_1_16819.d/60923_18_T_3_WEOM_r1_Mag_04Mar24_300SA_p01_21_1_16819.d,0,.d,Error processing 60923_18_T_3_WEOM_r1_Mag_04Mar24_300SA_p01_21_1_16819.d after 1 attempts: /mnt/home/bmeluch/NMDC/nom_processing/monet_nom/raw/60923_18_T_3_WEOM_r1_Mag_04Mar24_300SA_p01_21_1_16819.d/60923_18_T_3_WEOM_r1_Mag_04Mar24_300SA_p01_21_1_16819.d does not seem to be a valid Solarix Mass Spectrum,2026-07-07T19:38:54.262232,,,,
60923_17_B_1_WEOM_r3_Mag_04Mar24_300SA_p01_16_1_16954.d,/mnt/home/bmeluch/NMDC/nom_processing/monet_nom/raw/60923_17_B_1_WEOM_r3_Mag_04Mar24_300SA_p01_16_1_16954.d/60923_17_B_1_WEOM_r3_Mag_04Mar24_300SA_p01_16_1_16954.d,0,.d,Error processing 60923_17_B_1_WEOM_r3_Mag_04Mar24_300SA_p01_16_1_16954.d after 1 attempts: /mnt/home/bmeluch/NMDC/nom_processing/monet_nom/raw/60923_17_B_1_WEOM_r3_Mag_04Mar24_300SA_p01_16_1_16954.d/60923_17_B_1_WEOM_r3_Mag_04Mar24_300SA_p01_16_1_16954.d does not seem to be a valid Solarix Mass Spectrum,2026-07-07T21:31:03.277630,,,,
60923_20_T_1_WEOM_r3_Mag_04Mar24_300SA_p01_31_1_16907.d,/mnt/home/bmeluch/NMDC/nom_processing/monet_nom/raw/60923_20_T_1_WEOM_r3_Mag_04Mar24_300SA_p01_31_1_16907.d/60923_20_T_1_WEOM_r3_Mag_04Mar24_300SA_p01_31_1_16907.d,0,.d,Error processing 60923_20_T_1_WEOM_r3_Mag_04Mar24_300SA_p01_31_1_16907.d after 1 attempts: /mnt/home/bmeluch/NMDC/nom_processing/monet_nom/raw/60923_20_T_1_WEOM_r3_Mag_04Mar24_300SA_p01_31_1_16907.d/60923_20_T_1_WEOM_r3_Mag_04Mar24_300SA_p01_31_1_16907.d does not seem to be a valid Solarix Mass Spectrum,2026-07-07T20:20:56.415290,,,,
60923_15_B_3_WEOM_r2_Mag_04Mar24_300SA_p01_6_1_16904.d,/mnt/home/bmeluch/NMDC/nom_processing/monet_nom/raw/60923_15_B_3_WEOM_r2_Mag_04Mar24_300SA_p01_6_1_16904.d/60923_15_B_3_WEOM_r2_Mag_04Mar24_300SA_p01_6_1_16904.d,0,.d,Error processing 60923_15_B_3_WEOM_r2_Mag_04Mar24_300SA_p01_6_1_16904.d after 1 attempts: /mnt/home/bmeluch/NMDC/nom_processing/monet_nom/raw/60923_15_B_3_WEOM_r2_Mag_04Mar24_300SA_p01_6_1_16904.d/60923_15_B_3_WEOM_r2_Mag_04Mar24_300SA_p01_6_1_16904.d does not seem to be a valid Solarix Mass Spectrum,2026-07-07T20:18:58.039071,,,,
60942_5_B_2_WEOM_r3_Mag_07Mar24_300SA_p01_28_1_17084.d,/mnt/home/bmeluch/NMDC/nom_processing/monet_nom/raw/60942_5_B_2_WEOM_r3_Mag_07Mar24_300SA_p01_28_1_17084.d/60942_5_B_2_WEOM_r3_Mag_07Mar24_300SA_p01_28_1_17084.d,0,.d,Error processing 60942_5_B_2_WEOM_r3_Mag_07Mar24_300SA_p01_28_1_17084.d after 1 attempts: /mnt/home/bmeluch/NMDC/nom_processing/monet_nom/raw/60942_5_B_2_WEOM_r3_Mag_07Mar24_300SA_p01_28_1_17084.d/60942_5_B_2_WEOM_r3_Mag_07Mar24_300SA_p01_28_1_17084.d does not seem to be a valid Solarix Mass Spectrum,2026-07-07T23:01:48.547513,,,,
60886_1_T_3_WEOM_r3_Mag_10Mar24_300SA_p01_3_1_17228.d,/mnt/home/bmeluch/NMDC/nom_processing/monet_nom/raw/60886_1_T_3_WEOM_r3_Mag_10Mar24_300SA_p01_3_1_17228.d/60886_1_T_3_WEOM_r3_Mag_10Mar24_300SA_p01_3_1_17228.d,0,.d,Error processing 60886_1_T_3_WEOM_r3_Mag_10Mar24_300SA_p01_3_1_17228.d after 1 attempts: /mnt/home/bmeluch/NMDC/nom_processing/monet_nom/raw/60886_1_T_3_WEOM_r3_Mag_10Mar24_300SA_p01_3_1_17228.d/60886_1_T_3_WEOM_r3_Mag_10Mar24_300SA_p01_3_1_17228.d does not seem to be a valid Solarix Mass Spectrum,2026-07-08T19:03:35.751747,,,,
60942_6_T_3_WEOM_r2_Mag_07Mar24_300SA_p01_32_1_17059.d,/mnt/home/bmeluch/NMDC/nom_processing/monet_nom/raw/60942_6_T_3_WEOM_r2_Mag_07Mar24_300SA_p01_32_1_17059.d/60942_6_T_3_WEOM_r2_Mag_07Mar24_300SA_p01_32_1_17059.d,0,.d,Error processing 60942_6_T_3_WEOM_r2_Mag_07Mar24_300SA_p01_32_1_17059.d after 1 attempts: /mnt/home/bmeluch/NMDC/nom_processing/monet_nom/raw/60942_6_T_3_WEOM_r2_Mag_07Mar24_300SA_p01_32_1_17059.d/60942_6_T_3_WEOM_r2_Mag_07Mar24_300SA_p01_32_1_17059.d does not seem to be a valid Solarix Mass Spectrum,2026-07-07T22:39:26.796039,,,,
60923_16_B_3_WEOM_r2_Mag_04Mar24_300SA_p01_12_1_16886.d,/mnt/home/bmeluch/NMDC/nom_processing/monet_nom/raw/60923_16_B_3_WEOM_r2_Mag_04Mar24_300SA_p01_12_1_16886.d/60923_16_B_3_WEOM_r2_Mag_04Mar24_300SA_p01_12_1_16886.d,0,.d,Error processing 60923_16_B_3_WEOM_r2_Mag_04Mar24_300SA_p01_12_1_16886.d after 1 attempts: /mnt/home/bmeluch/NMDC/nom_processing/monet_nom/raw/60923_16_B_3_WEOM_r2_Mag_04Mar24_300SA_p01_12_1_16886.d/60923_16_B_3_WEOM_r2_Mag_04Mar24_300SA_p01_12_1_16886.d does not seem to be a valid Solarix Mass Spectrum,2026-07-07T20:09:54.689459,,,,
QC_SRFAII_23_01_10ppm_WEOM_r3_Mag_10Mar24_300SA_p01_54_1_17129.d,/mnt/home/bmeluch/NMDC/nom_processing/monet_nom/raw/QC_SRFAII_23_01_10ppm_WEOM_r3_Mag_10Mar24_300SA_p01_54_1_17129.d/QC_SRFAII_23_01_10ppm_WEOM_r3_Mag_10Mar24_300SA_p01_54_1_17129.d,0,.d,Error processing QC_SRFAII_23_01_10ppm_WEOM_r3_Mag_10Mar24_300SA_p01_54_1_17129.d after 1 attempts: /mnt/home/bmeluch/NMDC/nom_processing/monet_nom/raw/QC_SRFAII_23_01_10ppm_WEOM_r3_Mag_10Mar24_300SA_p01_54_1_17129.d/QC_SRFAII_23_01_10ppm_WEOM_r3_Mag_10Mar24_300SA_p01_54_1_17129.d does not seem to be a valid Solarix Mass Spectrum,2026-06-30T22:48:53.785035,,,,
60942_1_B_1_WEOM_r2_Mag_07Mar24_300SA_p01_4_1_17021.d,/mnt/home/bmeluch/NMDC/nom_processing/monet_nom/raw/60942_1_B_1_WEOM_r2_Mag_07Mar24_300SA_p01_4_1_17021.d/60942_1_B_1_WEOM_r2_Mag_07Mar24_300SA_p01_4_1_17021.d,0,.d,Error processing 60942_1_B_1_WEOM_r2_Mag_07Mar24_300SA_p01_4_1_17021.d after 1 attempts: /mnt/home/bmeluch/NMDC/nom_processing/monet_nom/raw/60942_1_B_1_WEOM_r2_Mag_07Mar24_300SA_p01_4_1_17021.d/60942_1_B_1_WEOM_r2_Mag_07Mar24_300SA_p01_4_1_17021.d does not seem to be a valid Solarix Mass Spectrum,2026-07-07T22:23:01.040972,,,,
60923_20_B_2_WEOM_r3_Mag_04Mar24_300SA_p01_35_1_16911.d,/mnt/home/bmeluch/NMDC/nom_processing/monet_nom/raw/60923_20_B_2_WEOM_r3_Mag_04Mar24_300SA_p01_35_1_16911.d/60923_20_B_2_WEOM_r3_Mag_04Mar24_300SA_p01_35_1_16911.d,0,.d,Error processing 60923_20_B_2_WEOM_r3_Mag_04Mar24_300SA_p01_35_1_16911.d after 1 attempts: /mnt/home/bmeluch/NMDC/nom_processing/monet_nom/raw/60923_20_B_2_WEOM_r3_Mag_04Mar24_300SA_p01_35_1_16911.d/60923_20_B_2_WEOM_r3_Mag_04Mar24_300SA_p01_35_1_16911.d does not seem to be a valid Solarix Mass Spectrum,2026-07-07T20:22:58.071436,,,,
60942_4_T_2_WEOM_r1_Mag_07Mar24_300SA_p01_19_1_17008.d,/mnt/home/bmeluch/NMDC/nom_processing/monet_nom/raw/60942_4_T_2_WEOM_r1_Mag_07Mar24_300SA_p01_19_1_17008.d/60942_4_T_2_WEOM_r1_Mag_07Mar24_300SA_p01_19_1_17008.d,0,.d,Error processing 60942_4_T_2_WEOM_r1_Mag_07Mar24_300SA_p01_19_1_17008.d after 1 attempts: /mnt/home/bmeluch/NMDC/nom_processing/monet_nom/raw/60942_4_T_2_WEOM_r1_Mag_07Mar24_300SA_p01_19_1_17008.d/60942_4_T_2_WEOM_r1_Mag_07Mar24_300SA_p01_19_1_17008.d does not seem to be a valid Solarix Mass Spectrum,2026-07-07T22:17:24.918441,,,,
60923_18_B_2_WEOM_r2_Mag_04Mar24_300SA_p01_23_1_16861.d,/mnt/home/bmeluch/NMDC/nom_processing/monet_nom/raw/60923_18_B_2_WEOM_r2_Mag_04Mar24_300SA_p01_23_1_16861.d/60923_18_B_2_WEOM_r2_Mag_04Mar24_300SA_p01_23_1_16861.d,0,.d,Error processing 60923_18_B_2_WEOM_r2_Mag_04Mar24_300SA_p01_23_1_16861.d after 1 attempts: /mnt/home/bmeluch/NMDC/nom_processing/monet_nom/raw/60923_18_B_2_WEOM_r2_Mag_04Mar24_300SA_p01_23_1_16861.d/60923_18_B_2_WEOM_r2_Mag_04Mar24_300SA_p01_23_1_16861.d does not seem to be a valid Solarix Mass Spectrum,2026-07-07T19:58:13.363386,,,,
60942_2_T_1_WEOM_r2_Mag_07Mar24_300SA_p01_7_1_17048.d,/mnt/home/bmeluch/NMDC/nom_processing/monet_nom/raw/60942_2_T_1_WEOM_r2_Mag_07Mar24_300SA_p01_7_1_17048.d/60942_2_T_1_WEOM_r2_Mag_07Mar24_300SA_p01_7_1_17048.d,0,.d,Error processing 60942_2_T_1_WEOM_r2_Mag_07Mar24_300SA_p01_7_1_17048.d after 1 attempts: /mnt/home/bmeluch/NMDC/nom_processing/monet_nom/raw/60942_2_T_1_WEOM_r2_Mag_07Mar24_300SA_p01_7_1_17048.d/60942_2_T_1_WEOM_r2_Mag_07Mar24_300SA_p01_7_1_17048.d does not seem to be a valid Solarix Mass Spectrum,2026-07-07T22:34:00.069780,,,,
60923_19_B_3_WEOM_r3_Mag_04Mar24_300SA_p01_30_1_16942.d,/mnt/home/bmeluch/NMDC/nom_processing/monet_nom/raw/60923_19_B_3_WEOM_r3_Mag_04Mar24_300SA_p01_30_1_16942.d/60923_19_B_3_WEOM_r3_Mag_04Mar24_300SA_p01_30_1_16942.d,0,.d,Error processing 60923_19_B_3_WEOM_r3_Mag_04Mar24_300SA_p01_30_1_16942.d after 1 attempts: /mnt/home/bmeluch/NMDC/nom_processing/monet_nom/raw/60923_19_B_3_WEOM_r3_Mag_04Mar24_300SA_p01_30_1_16942.d/60923_19_B_3_WEOM_r3_Mag_04Mar24_300SA_p01_30_1_16942.d does not seem to be a valid Solarix Mass Spectrum,2026-07-07T21:07:41.683017,,,,
60886_4_B_2_WEOM_r1_Mag_10Mar24_300SA_p01_23_1_17159.d,/mnt/home/bmeluch/NMDC/nom_processing/monet_nom/raw/60886_4_B_2_WEOM_r1_Mag_10Mar24_300SA_p01_23_1_17159.d/60886_4_B_2_WEOM_r1_Mag_10Mar24_300SA_p01_23_1_17159.d,0,.d,Error processing 60886_4_B_2_WEOM_r1_Mag_10Mar24_300SA_p01_23_1_17159.d after 1 attempts: /mnt/home/bmeluch/NMDC/nom_processing/monet_nom/raw/60886_4_B_2_WEOM_r1_Mag_10Mar24_300SA_p01_23_1_17159.d/60886_4_B_2_WEOM_r1_Mag_10Mar24_300SA_p01_23_1_17159.d does not seem to be a valid Solarix Mass Spectrum,2026-07-08T17:57:00.208266,,,,
QC_SRFAII_23_01_20ppm_r2_Mag_04Jan24_300SA_p01_52_1_14575.d,/mnt/home/bmeluch/NMDC/nom_processing/monet_nom/raw/QC_SRFAII_23_01_20ppm_r2_Mag_04Jan24_300SA_p01_52_1_14575.d/QC_SRFAII_23_01_20ppm_r2_Mag_04Jan24_300SA_p01_52_1_14575.d,0,.d,Error processing QC_SRFAII_23_01_20ppm_r2_Mag_04Jan24_300SA_p01_52_1_14575.d after 1 attempts: /mnt/home/bmeluch/NMDC/nom_processing/monet_nom/raw/QC_SRFAII_23_01_20ppm_r2_Mag_04Jan24_300SA_p01_52_1_14575.d/QC_SRFAII_23_01_20ppm_r2_Mag_04Jan24_300SA_p01_52_1_14575.d does not seem to be a valid Solarix Mass Spectrum,2026-06-30T22:48:54.304994,,,,
60923_15_T_2_WEOM_r1_Mag_04Mar24_300SA_p01_2_1_16796.d,/mnt/home/bmeluch/NMDC/nom_processing/monet_nom/raw/60923_15_T_2_WEOM_r1_Mag_04Mar24_300SA_p01_2_1_16796.d/60923_15_T_2_WEOM_r1_Mag_04Mar24_300SA_p01_2_1_16796.d,0,.d,Error processing 60923_15_T_2_WEOM_r1_Mag_04Mar24_300SA_p01_2_1_16796.d after 1 attempts: /mnt/home/bmeluch/NMDC/nom_processing/monet_nom/raw/60923_15_T_2_WEOM_r1_Mag_04Mar24_300SA_p01_2_1_16796.d/60923_15_T_2_WEOM_r1_Mag_04Mar24_300SA_p01_2_1_16796.d does not seem to be a valid Solarix Mass Spectrum,2026-07-07T19:28:42.470164,,,,
QC_SRFAII_23_01_10ppm_WEOM_r1_Mag_07Mar24_300SA_p01_54_1_17012.d,/mnt/home/bmeluch/NMDC/nom_processing/monet_nom/raw/QC_SRFAII_23_01_10ppm_WEOM_r1_Mag_07Mar24_300SA_p01_54_1_17012.d/QC_SRFAII_23_01_10ppm_WEOM_r1_Mag_07Mar24_300SA_p01_54_1_17012.d,0,.d,Error processing QC_SRFAII_23_01_10ppm_WEOM_r1_Mag_07Mar24_300SA_p01_54_1_17012.d after 1 attempts: /mnt/home/bmeluch/NMDC/nom_processing/monet_nom/raw/QC_SRFAII_23_01_10ppm_WEOM_r1_Mag_07Mar24_300SA_p01_54_1_17012.d/QC_SRFAII_23_01_10ppm_WEOM_r1_Mag_07Mar24_300SA_p01_54_1_17012.d does not seem to be a valid Solarix Mass Spectrum,2026-06-30T22:48:54.491786,,,,
60942_4_T_1_WEOM_r3_Mag_07Mar24_300SA_p01_18_1_17067.d,/mnt/home/bmeluch/NMDC/nom_processing/monet_nom/raw/60942_4_T_1_WEOM_r3_Mag_07Mar24_300SA_p01_18_1_17067.d/60942_4_T_1_WEOM_r3_Mag_07Mar24_300SA_p01_18_1_17067.d,0,.d,Error processing 60942_4_T_1_WEOM_r3_Mag_07Mar24_300SA_p01_18_1_17067.d after 1 attempts: /mnt/home/bmeluch/NMDC/nom_processing/monet_nom/raw/60942_4_T_1_WEOM_r3_Mag_07Mar24_300SA_p01_18_1_17067.d/60942_4_T_1_WEOM_r3_Mag_07Mar24_300SA_p01_18_1_17067.d does not seem to be a valid Solarix Mass Spectrum,2026-07-07T22:42:31.218168,,,,
QC_SRFAII_23_01_10ppm_WEOM_r3_Mag_10May24_300SA_p01_54_1_18350.d,/mnt/home/bmeluch/NMDC/nom_processing/monet_nom/raw/QC_SRFAII_23_01_10ppm_WEOM_r3_Mag_10May24_300SA_p01_54_1_18350.d/QC_SRFAII_23_01_10ppm_WEOM_r3_Mag_10May24_300SA_p01_54_1_18350.d,0,.d,Error processing QC_SRFAII_23_01_10ppm_WEOM_r3_Mag_10May24_300SA_p01_54_1_18350.d after 1 attempts: /mnt/home/bmeluch/NMDC/nom_processing/monet_nom/raw/QC_SRFAII_23_01_10ppm_WEOM_r3_Mag_10May24_300SA_p01_54_1_18350.d/QC_SRFAII_23_01_10ppm_WEOM_r3_Mag_10May24_300SA_p01_54_1_18350.d does not seem to be a valid Solarix Mass Spectrum,2026-06-30T22:48:54.610658,,,,
60942_2_T_2_WEOM_r3_Mag_07Mar24_300SA_p01_8_1_17087.d,/mnt/home/bmeluch/NMDC/nom_processing/monet_nom/raw/60942_2_T_2_WEOM_r3_Mag_07Mar24_300SA_p01_8_1_17087.d/60942_2_T_2_WEOM_r3_Mag_07Mar24_300SA_p01_8_1_17087.d,0,.d,Error processing 60942_2_T_2_WEOM_r3_Mag_07Mar24_300SA_p01_8_1_17087.d after 1 attempts: /mnt/home/bmeluch/NMDC/nom_processing/monet_nom/raw/60942_2_T_2_WEOM_r3_Mag_07Mar24_300SA_p01_8_1_17087.d/60942_2_T_2_WEOM_r3_Mag_07Mar24_300SA_p01_8_1_17087.d does not seem to be a valid Solarix Mass Spectrum,2026-07-07T23:05:32.475954,,,,
60886_1_T_2_WEOM_r2_Mag_10Mar24_300SA_p01_2_1_17212.d,/mnt/home/bmeluch/NMDC/nom_processing/monet_nom/raw/60886_1_T_2_WEOM_r2_Mag_10Mar24_300SA_p01_2_1_17212.d/60886_1_T_2_WEOM_r2_Mag_10Mar24_300SA_p01_2_1_17212.d,0,.d,Error processing 60886_1_T_2_WEOM_r2_Mag_10Mar24_300SA_p01_2_1_17212.d after 1 attempts: /mnt/home/bmeluch/NMDC/nom_processing/monet_nom/raw/60886_1_T_2_WEOM_r2_Mag_10Mar24_300SA_p01_2_1_17212.d/60886_1_T_2_WEOM_r2_Mag_10Mar24_300SA_p01_2_1_17212.d does not seem to be a valid Solarix Mass Spectrum,2026-07-08T18:45:47.680582,,,,
60942_5_T_2_WEOM_r3_Mag_07Mar24_300SA_p01_25_1_17103.d,/mnt/home/bmeluch/NMDC/nom_processing/monet_nom/raw/60942_5_T_2_WEOM_r3_Mag_07Mar24_300SA_p01_25_1_17103.d/60942_5_T_2_WEOM_r3_Mag_07Mar24_300SA_p01_25_1_17103.d,0,.d,Error processing 60942_5_T_2_WEOM_r3_Mag_07Mar24_300SA_p01_25_1_17103.d after 1 attempts: /mnt/home/bmeluch/NMDC/nom_processing/monet_nom/raw/60942_5_T_2_WEOM_r3_Mag_07Mar24_300SA_p01_25_1_17103.d/60942_5_T_2_WEOM_r3_Mag_07Mar24_300SA_p01_25_1_17103.d does not seem to be a valid Solarix Mass Spectrum,2026-07-08T17:13:58.313427,,,,
60942_5_B_3_WEOM_r2_Mag_07Mar24_300SA_p01_29_1_17042.d,/mnt/home/bmeluch/NMDC/nom_processing/monet_nom/raw/60942_5_B_3_WEOM_r2_Mag_07Mar24_300SA_p01_29_1_17042.d/60942_5_B_3_WEOM_r2_Mag_07Mar24_300SA_p01_29_1_17042.d,0,.d,Error processing 60942_5_B_3_WEOM_r2_Mag_07Mar24_300SA_p01_29_1_17042.d after 1 attempts: /mnt/home/bmeluch/NMDC/nom_processing/monet_nom/raw/60942_5_B_3_WEOM_r2_Mag_07Mar24_300SA_p01_29_1_17042.d/60942_5_B_3_WEOM_r2_Mag_07Mar24_300SA_p01_29_1_17042.d does not seem to be a valid Solarix Mass Spectrum,2026-07-07T22:30:56.172897,,,,
60886_2_T_2_WEOM_r2_Mag_10Mar24_300SA_p01_8_1_17219.d,/mnt/home/bmeluch/NMDC/nom_processing/monet_nom/raw/60886_2_T_2_WEOM_r2_Mag_10Mar24_300SA_p01_8_1_17219.d/60886_2_T_2_WEOM_r2_Mag_10Mar24_300SA_p01_8_1_17219.d,0,.d,Error processing 60886_2_T_2_WEOM_r2_Mag_10Mar24_300SA_p01_8_1_17219.d after 1 attempts: /mnt/home/bmeluch/NMDC/nom_processing/monet_nom/raw/60886_2_T_2_WEOM_r2_Mag_10Mar24_300SA_p01_8_1_17219.d/60886_2_T_2_WEOM_r2_Mag_10Mar24_300SA_p01_8_1_17219.d does not seem to be a valid Solarix Mass Spectrum,2026-07-08T18:53:06.271460,,,,
QC_SRFAII_23_01_10ppm_r3_Mag_18Jan24_300SA_p01_52_1_15009.d,/mnt/home/bmeluch/NMDC/nom_processing/monet_nom/raw/QC_SRFAII_23_01_10ppm_r3_Mag_18Jan24_300SA_p01_52_1_15009.d/QC_SRFAII_23_01_10ppm_r3_Mag_18Jan24_300SA_p01_52_1_15009.d,0,.d,Error processing QC_SRFAII_23_01_10ppm_r3_Mag_18Jan24_300SA_p01_52_1_15009.d after 1 attempts: /mnt/home/bmeluch/NMDC/nom_processing/monet_nom/raw/QC_SRFAII_23_01_10ppm_r3_Mag_18Jan24_300SA_p01_52_1_15009.d/QC_SRFAII_23_01_10ppm_r3_Mag_18Jan24_300SA_p01_52_1_15009.d does not seem to be a valid Solarix Mass Spectrum,2026-06-30T22:48:54.917342,,,,
QC_SRFAII_23_01_20ppm_r3_Mag_21Dec23_300SA_p01_54_1_14164.d,/mnt/home/bmeluch/NMDC/nom_processing/monet_nom/raw/QC_SRFAII_23_01_20ppm_r3_Mag_21Dec23_300SA_p01_54_1_14164.d/QC_SRFAII_23_01_20ppm_r3_Mag_21Dec23_300SA_p01_54_1_14164.d,0,.d,Error processing QC_SRFAII_23_01_20ppm_r3_Mag_21Dec23_300SA_p01_54_1_14164.d after 1 attempts: /mnt/home/bmeluch/NMDC/nom_processing/monet_nom/raw/QC_SRFAII_23_01_20ppm_r3_Mag_21Dec23_300SA_p01_54_1_14164.d/QC_SRFAII_23_01_20ppm_r3_Mag_21Dec23_300SA_p01_54_1_14164.d does not seem to be a valid Solarix Mass Spectrum,2026-06-30T22:48:55.035033,,,,
60923_21_B_1_WEOM_r3_Mag_04Mar24_300SA_p01_40_1_16910.d,/mnt/home/bmeluch/NMDC/nom_processing/monet_nom/raw/60923_21_B_1_WEOM_r3_Mag_04Mar24_300SA_p01_40_1_16910.d/60923_21_B_1_WEOM_r3_Mag_04Mar24_300SA_p01_40_1_16910.d,0,.d,Error processing 60923_21_B_1_WEOM_r3_Mag_04Mar24_300SA_p01_40_1_16910.d after 1 attempts: /mnt/home/bmeluch/NMDC/nom_processing/monet_nom/raw/60923_21_B_1_WEOM_r3_Mag_04Mar24_300SA_p01_40_1_16910.d/60923_21_B_1_WEOM_r3_Mag_04Mar24_300SA_p01_40_1_16910.d does not seem to be a valid Solarix Mass Spectrum,2026-07-07T20:22:18.243401,,,,
60942_5_B_2_WEOM_r1_Mag_07Mar24_300SA_p01_28_1_16997.d,/mnt/home/bmeluch/NMDC/nom_processing/monet_nom/raw/60942_5_B_2_WEOM_r1_Mag_07Mar24_300SA_p01_28_1_16997.d/60942_5_B_2_WEOM_r1_Mag_07Mar24_300SA_p01_28_1_16997.d,0,.d,Error processing 60942_5_B_2_WEOM_r1_Mag_07Mar24_300SA_p01_28_1_16997.d after 1 attempts: /mnt/home/bmeluch/NMDC/nom_processing/monet_nom/raw/60942_5_B_2_WEOM_r1_Mag_07Mar24_300SA_p01_28_1_16997.d/60942_5_B_2_WEOM_r1_Mag_07Mar24_300SA_p01_28_1_16997.d does not seem to be a valid Solarix Mass Spectrum,2026-07-07T22:11:53.212318,,,,
60886_2_B_1_WEOM_r3_Mag_10Mar24_300SA_p01_10_1_17260.d,/mnt/home/bmeluch/NMDC/nom_processing/monet_nom/raw/60886_2_B_1_WEOM_r3_Mag_10Mar24_300SA_p01_10_1_17260.d/60886_2_B_1_WEOM_r3_Mag_10Mar24_300SA_p01_10_1_17260.d,0,.d,Error processing 60886_2_B_1_WEOM_r3_Mag_10Mar24_300SA_p01_10_1_17260.d after 1 attempts: /mnt/home/bmeluch/NMDC/nom_processing/monet_nom/raw/60886_2_B_1_WEOM_r3_Mag_10Mar24_300SA_p01_10_1_17260.d/60886_2_B_1_WEOM_r3_Mag_10Mar24_300SA_p01_10_1_17260.d does not seem to be a valid Solarix Mass Spectrum,2026-07-08T19:33:19.025819,,,,
60942_6_B_3_WEOM_r3_Mag_07Mar24_300SA_p01_35_1_17105.d,/mnt/home/bmeluch/NMDC/nom_processing/monet_nom/raw/60942_6_B_3_WEOM_r3_Mag_07Mar24_300SA_p01_35_1_17105.d/60942_6_B_3_WEOM_r3_Mag_07Mar24_300SA_p01_35_1_17105.d,0,.d,Error processing 60942_6_B_3_WEOM_r3_Mag_07Mar24_300SA_p01_35_1_17105.d after 1 attempts: /mnt/home/bmeluch/NMDC/nom_processing/monet_nom/raw/60942_6_B_3_WEOM_r3_Mag_07Mar24_300SA_p01_35_1_17105.d/60942_6_B_3_WEOM_r3_Mag_07Mar24_300SA_p01_35_1_17105.d does not seem to be a valid Solarix Mass Spectrum,2026-07-08T17:16:40.562226,,,,
60923_15_T_1_WEOM_r1_Mag_04Mar24_300SA_p01_1_1_16844.d,/mnt/home/bmeluch/NMDC/nom_processing/monet_nom/raw/60923_15_T_1_WEOM_r1_Mag_04Mar24_300SA_p01_1_1_16844.d/60923_15_T_1_WEOM_r1_Mag_04Mar24_300SA_p01_1_1_16844.d,0,.d,Error processing 60923_15_T_1_WEOM_r1_Mag_04Mar24_300SA_p01_1_1_16844.d after 1 attempts: /mnt/home/bmeluch/NMDC/nom_processing/monet_nom/raw/60923_15_T_1_WEOM_r1_Mag_04Mar24_300SA_p01_1_1_16844.d/60923_15_T_1_WEOM_r1_Mag_04Mar24_300SA_p01_1_1_16844.d does not seem to be a valid Solarix Mass Spectrum,2026-07-07T19:50:28.795197,,,,
60942_6_T_2_WEOM_r3_Mag_07Mar24_300SA_p01_31_1_17099.d,/mnt/home/bmeluch/NMDC/nom_processing/monet_nom/raw/60942_6_T_2_WEOM_r3_Mag_07Mar24_300SA_p01_31_1_17099.d/60942_6_T_2_WEOM_r3_Mag_07Mar24_300SA_p01_31_1_17099.d,0,.d,Error processing 60942_6_T_2_WEOM_r3_Mag_07Mar24_300SA_p01_31_1_17099.d after 1 attempts: /mnt/home/bmeluch/NMDC/nom_processing/monet_nom/raw/60942_6_T_2_WEOM_r3_Mag_07Mar24_300SA_p01_31_1_17099.d/60942_6_T_2_WEOM_r3_Mag_07Mar24_300SA_p01_31_1_17099.d does not seem to be a valid Solarix Mass Spectrum,2026-07-08T17:09:46.698478,,,,
60923_20_B_1_WEOM_r3_Mag_04Mar24_300SA_p01_34_1_16958.d,/mnt/home/bmeluch/NMDC/nom_processing/monet_nom/raw/60923_20_B_1_WEOM_r3_Mag_04Mar24_300SA_p01_34_1_16958.d/60923_20_B_1_WEOM_r3_Mag_04Mar24_300SA_p01_34_1_16958.d,0,.d,Error processing 60923_20_B_1_WEOM_r3_Mag_04Mar24_300SA_p01_34_1_16958.d after 1 attempts: /mnt/home/bmeluch/NMDC/nom_processing/monet_nom/raw/60923_20_B_1_WEOM_r3_Mag_04Mar24_300SA_p01_34_1_16958.d/60923_20_B_1_WEOM_r3_Mag_04Mar24_300SA_p01_34_1_16958.d does not seem to be a valid Solarix Mass Spectrum,2026-07-07T21:45:57.203271,,,,
60923_19_B_2_WEOM_r3_Mag_04Mar24_300SA_p01_29_1_16927.d,/mnt/home/bmeluch/NMDC/nom_processing/monet_nom/raw/60923_19_B_2_WEOM_r3_Mag_04Mar24_300SA_p01_29_1_16927.d/60923_19_B_2_WEOM_r3_Mag_04Mar24_300SA_p01_29_1_16927.d,0,.d,Error processing 60923_19_B_2_WEOM_r3_Mag_04Mar24_300SA_p01_29_1_16927.d after 1 attempts: /mnt/home/bmeluch/NMDC/nom_processing/monet_nom/raw/60923_19_B_2_WEOM_r3_Mag_04Mar24_300SA_p01_29_1_16927.d/60923_19_B_2_WEOM_r3_Mag_04Mar24_300SA_p01_29_1_16927.d does not seem to be a valid Solarix Mass Spectrum,2026-07-07T20:40:42.945759,,,,
60942_4_B_2_r1_Mag_07Mar24_300SA_p01_22_1_16977.d,/mnt/home/bmeluch/NMDC/nom_processing/monet_nom/raw/60942_4_B_2_WEOM_r1_Mag_07Mar24_300SA_p01_22_1_16977.d/60942_4_B_2_r1_Mag_07Mar24_300SA_p01_22_1_16977.d,0,.d,Error processing 60942_4_B_2_r1_Mag_07Mar24_300SA_p01_22_1_16977.d after 1 attempts: /mnt/home/bmeluch/NMDC/nom_processing/monet_nom/raw/60942_4_B_2_WEOM_r1_Mag_07Mar24_300SA_p01_22_1_16977.d/60942_4_B_2_r1_Mag_07Mar24_300SA_p01_22_1_16977.d does not seem to be a valid Solarix Mass Spectrum,2026-07-07T22:02:35.881677,,,,
QC_SRFAII_23_01_20ppm_r0_Mag_04Jan24_300SA_p01_54_1_14417.d,/mnt/home/bmeluch/NMDC/nom_processing/monet_nom/raw/QC_SRFAII_23_01_20ppm_r0_Mag_04Jan24_300SA_p01_54_1_14417.d/QC_SRFAII_23_01_20ppm_r0_Mag_04Jan24_300SA_p01_54_1_14417.d,0,.d,Error processing QC_SRFAII_23_01_20ppm_r0_Mag_04Jan24_300SA_p01_54_1_14417.d after 1 attempts: /mnt/home/bmeluch/NMDC/nom_processing/monet_nom/raw/QC_SRFAII_23_01_20ppm_r0_Mag_04Jan24_300SA_p01_54_1_14417.d/QC_SRFAII_23_01_20ppm_r0_Mag_04Jan24_300SA_p01_54_1_14417.d does not seem to be a valid Solarix Mass Spectrum,2026-06-30T22:48:55.150924,,,,
60942_2_T_2_r1_Mag_07Mar24_300SA_p01_8_1_16971.d,/mnt/home/bmeluch/NMDC/nom_processing/monet_nom/raw/60942_2_T_2_WEOM_r1_Mag_07Mar24_300SA_p01_8_1_16971.d/60942_2_T_2_r1_Mag_07Mar24_300SA_p01_8_1_16971.d,0,.d,Error processing 60942_2_T_2_r1_Mag_07Mar24_300SA_p01_8_1_16971.d after 1 attempts: /mnt/home/bmeluch/NMDC/nom_processing/monet_nom/raw/60942_2_T_2_WEOM_r1_Mag_07Mar24_300SA_p01_8_1_16971.d/60942_2_T_2_r1_Mag_07Mar24_300SA_p01_8_1_16971.d does not seem to be a valid Solarix Mass Spectrum,2026-07-07T21:57:16.860456,,,,
QC_SRFAII_23_01_10ppm_r1_Mag_07Mar24_300SA_p02_54_1_16990.d,/mnt/home/bmeluch/NMDC/nom_processing/monet_nom/raw/QC_SRFAII_23_01_10ppm_WEOM_r1_Mag_07Mar24_300SA_p02_54_1_16990.d/QC_SRFAII_23_01_10ppm_r1_Mag_07Mar24_300SA_p02_54_1_16990.d,0,.d,Error processing QC_SRFAII_23_01_10ppm_r1_Mag_07Mar24_300SA_p02_54_1_16990.d after 1 attempts: /mnt/home/bmeluch/NMDC/nom_processing/monet_nom/raw/QC_SRFAII_23_01_10ppm_WEOM_r1_Mag_07Mar24_300SA_p02_54_1_16990.d/QC_SRFAII_23_01_10ppm_r1_Mag_07Mar24_300SA_p02_54_1_16990.d does not seem to be a valid Solarix Mass Spectrum,2026-06-30T22:48:55.266829,,,,
QC_SRFAII_23_01_10ppm_WEOM_r1_Mag_07Mar24_300SA_p02_54_1_16990.d,/mnt/home/bmeluch/NMDC/nom_processing/monet_nom/raw/QC_SRFAII_23_01_10ppm_WEOM_r1_Mag_07Mar24_300SA_p02_54_1_16990.d/QC_SRFAII_23_01_10ppm_WEOM_r1_Mag_07Mar24_300SA_p02_54_1_16990.d,0,.d,Error processing QC_SRFAII_23_01_10ppm_WEOM_r1_Mag_07Mar24_300SA_p02_54_1_16990.d after 1 attempts: /mnt/home/bmeluch/NMDC/nom_processing/monet_nom/raw/QC_SRFAII_23_01_10ppm_WEOM_r1_Mag_07Mar24_300SA_p02_54_1_16990.d/QC_SRFAII_23_01_10ppm_WEOM_r1_Mag_07Mar24_300SA_p02_54_1_16990.d does not seem to be a valid Solarix Mass Spectrum,2026-06-30T22:48:55.268290,,,,
60923_16_B_3_WEOM_r3_Mag_04Mar24_300SA_p01_12_1_16933.d,/mnt/home/bmeluch/NMDC/nom_processing/monet_nom/raw/60923_16_B_3_WEOM_r3_Mag_04Mar24_300SA_p01_12_1_16933.d/60923_16_B_3_WEOM_r3_Mag_04Mar24_300SA_p01_12_1_16933.d,0,.d,Error processing 60923_16_B_3_WEOM_r3_Mag_04Mar24_300SA_p01_12_1_16933.d after 1 attempts: /mnt/home/bmeluch/NMDC/nom_processing/monet_nom/raw/60923_16_B_3_WEOM_r3_Mag_04Mar24_300SA_p01_12_1_16933.d/60923_16_B_3_WEOM_r3_Mag_04Mar24_300SA_p01_12_1_16933.d does not seem to be a valid Solarix Mass Spectrum,2026-07-07T20:57:25.071828,,,,
60942_2_B_3_WEOM_r3_Mag_07Mar24_300SA_p01_12_1_17090.d,/mnt/home/bmeluch/NMDC/nom_processing/monet_nom/raw/60942_2_B_3_WEOM_r3_Mag_07Mar24_300SA_p01_12_1_17090.d/60942_2_B_3_WEOM_r3_Mag_07Mar24_300SA_p01_12_1_17090.d,0,.d,Error processing 60942_2_B_3_WEOM_r3_Mag_07Mar24_300SA_p01_12_1_17090.d after 1 attempts: /mnt/home/bmeluch/NMDC/nom_processing/monet_nom/raw/60942_2_B_3_WEOM_r3_Mag_07Mar24_300SA_p01_12_1_17090.d/60942_2_B_3_WEOM_r3_Mag_07Mar24_300SA_p01_12_1_17090.d does not seem to be a valid Solarix Mass Spectrum,2026-07-07T23:18:10.760455,,,,
60886_6_B_3_WEOM_r3_Mag_10Mar24_300SA_p01_36_1_17229.d,/mnt/home/bmeluch/NMDC/nom_processing/monet_nom/raw/60886_6_B_3_WEOM_r3_Mag_10Mar24_300SA_p01_36_1_17229.d/60886_6_B_3_WEOM_r3_Mag_10Mar24_300SA_p01_36_1_17229.d,0,.d,Error processing 60886_6_B_3_WEOM_r3_Mag_10Mar24_300SA_p01_36_1_17229.d after 1 attempts: /mnt/home/bmeluch/NMDC/nom_processing/monet_nom/raw/60886_6_B_3_WEOM_r3_Mag_10Mar24_300SA_p01_36_1_17229.d/60886_6_B_3_WEOM_r3_Mag_10Mar24_300SA_p01_36_1_17229.d does not seem to be a valid Solarix Mass Spectrum,2026-07-08T19:05:02.928040,,,,
60923_15_T_2_WEOM_r3_Mag_04Mar24_300SA_p01_2_1_16915.d,/mnt/home/bmeluch/NMDC/nom_processing/monet_nom/raw/60923_15_T_2_WEOM_r3_Mag_04Mar24_300SA_p01_2_1_16915.d/60923_15_T_2_WEOM_r3_Mag_04Mar24_300SA_p01_2_1_16915.d,0,.d,Error processing 60923_15_T_2_WEOM_r3_Mag_04Mar24_300SA_p01_2_1_16915.d after 1 attempts: /mnt/home/bmeluch/NMDC/nom_processing/monet_nom/raw/60923_15_T_2_WEOM_r3_Mag_04Mar24_300SA_p01_2_1_16915.d/60923_15_T_2_WEOM_r3_Mag_04Mar24_300SA_p01_2_1_16915.d does not seem to be a valid Solarix Mass Spectrum,2026-07-07T20:25:32.531531,,,,
60886_1_T_2_WEOM_r1_Mag_10Mar24_300SA_p01_2_1_17151.d,/mnt/home/bmeluch/NMDC/nom_processing/monet_nom/raw/60886_1_T_2_WEOM_r1_Mag_10Mar24_300SA_p01_2_1_17151.d/60886_1_T_2_WEOM_r1_Mag_10Mar24_300SA_p01_2_1_17151.d,0,.d,Error processing 60886_1_T_2_WEOM_r1_Mag_10Mar24_300SA_p01_2_1_17151.d after 1 attempts: /mnt/home/bmeluch/NMDC/nom_processing/monet_nom/raw/60886_1_T_2_WEOM_r1_Mag_10Mar24_300SA_p01_2_1_17151.d/60886_1_T_2_WEOM_r1_Mag_10Mar24_300SA_p01_2_1_17151.d does not seem to be a valid Solarix Mass Spectrum,2026-07-08T17:48:16.270331,,,,
60923_16_T_3_WEOM_r2_Mag_04Mar24_300SA_p01_9_1_16860.d,/mnt/home/bmeluch/NMDC/nom_processing/monet_nom/raw/60923_16_T_3_WEOM_r2_Mag_04Mar24_300SA_p01_9_1_16860.d/60923_16_T_3_WEOM_r2_Mag_04Mar24_300SA_p01_9_1_16860.d,0,.d,Error processing 60923_16_T_3_WEOM_r2_Mag_04Mar24_300SA_p01_9_1_16860.d after 1 attempts: /mnt/home/bmeluch/NMDC/nom_processing/monet_nom/raw/60923_16_T_3_WEOM_r2_Mag_04Mar24_300SA_p01_9_1_16860.d/60923_16_T_3_WEOM_r2_Mag_04Mar24_300SA_p01_9_1_16860.d does not seem to be a valid Solarix Mass Spectrum,2026-07-07T19:57:35.955373,,,,
QC_SRFAII_23_01_10ppm_WEOM_r1_Mag_01May24_300SA_p01_54_1_18086.d,/mnt/home/bmeluch/NMDC/nom_processing/monet_nom/raw/QC_SRFAII_23_01_10ppm_WEOM_r1_Mag_01May24_300SA_p01_54_1_18086.d/QC_SRFAII_23_01_10ppm_WEOM_r1_Mag_01May24_300SA_p01_54_1_18086.d,0,.d,Error processing QC_SRFAII_23_01_10ppm_WEOM_r1_Mag_01May24_300SA_p01_54_1_18086.d after 1 attempts: /mnt/home/bmeluch/NMDC/nom_processing/monet_nom/raw/QC_SRFAII_23_01_10ppm_WEOM_r1_Mag_01May24_300SA_p01_54_1_18086.d/QC_SRFAII_23_01_10ppm_WEOM_r1_Mag_01May24_300SA_p01_54_1_18086.d does not seem to be a valid Solarix Mass Spectrum,2026-06-30T22:48:55.460406,,,,
60886_3_B_1_WEOM_r2_Mag_10Mar24_300SA_p01_16_1_17194.d,/mnt/home/bmeluch/NMDC/nom_processing/monet_nom/raw/60886_3_B_1_WEOM_r2_Mag_10Mar24_300SA_p01_16_1_17194.d/60886_3_B_1_WEOM_r2_Mag_10Mar24_300SA_p01_16_1_17194.d,0,.d,Error processing 60886_3_B_1_WEOM_r2_Mag_10Mar24_300SA_p01_16_1_17194.d after 1 attempts: /mnt/home/bmeluch/NMDC/nom_processing/monet_nom/raw/60886_3_B_1_WEOM_r2_Mag_10Mar24_300SA_p01_16_1_17194.d/60886_3_B_1_WEOM_r2_Mag_10Mar24_300SA_p01_16_1_17194.d does not seem to be a valid Solarix Mass Spectrum,2026-07-08T18:29:44.272950,,,,
60942_4_T_3_WEOM_r1_Mag_07Mar24_300SA_p01_20_1_16995.d,/mnt/home/bmeluch/NMDC/nom_processing/monet_nom/raw/60942_4_T_3_WEOM_r1_Mag_07Mar24_300SA_p01_20_1_16995.d/60942_4_T_3_WEOM_r1_Mag_07Mar24_300SA_p01_20_1_16995.d,0,.d,Error processing 60942_4_T_3_WEOM_r1_Mag_07Mar24_300SA_p01_20_1_16995.d after 1 attempts: /mnt/home/bmeluch/NMDC/nom_processing/monet_nom/raw/60942_4_T_3_WEOM_r1_Mag_07Mar24_300SA_p01_20_1_16995.d/60942_4_T_3_WEOM_r1_Mag_07Mar24_300SA_p01_20_1_16995.d does not seem to be a valid Solarix Mass Spectrum,2026-07-07T22:10:39.067660,,,,
QC_SRFAII_23_01_10ppm_r3_Mag_18Jan24_300SA_p01_52_1_14947.d,/mnt/home/bmeluch/NMDC/nom_processing/monet_nom/raw/QC_SRFAII_23_01_10ppm_r3_Mag_18Jan24_300SA_p01_52_1_14947.d/QC_SRFAII_23_01_10ppm_r3_Mag_18Jan24_300SA_p01_52_1_14947.d,0,.d,Error processing QC_SRFAII_23_01_10ppm_r3_Mag_18Jan24_300SA_p01_52_1_14947.d after 1 attempts: /mnt/home/bmeluch/NMDC/nom_processing/monet_nom/raw/QC_SRFAII_23_01_10ppm_r3_Mag_18Jan24_300SA_p01_52_1_14947.d/QC_SRFAII_23_01_10ppm_r3_Mag_18Jan24_300SA_p01_52_1_14947.d does not seem to be a valid Solarix Mass Spectrum,2026-06-30T22:48:55.755234,,,,
60923_21_T_2_WEOM_r1_Mag_04Mar24_300SA_p01_38_1_16822.d,/mnt/home/bmeluch/NMDC/nom_processing/monet_nom/raw/60923_21_T_2_WEOM_r1_Mag_04Mar24_300SA_p01_38_1_16822.d/60923_21_T_2_WEOM_r1_Mag_04Mar24_300SA_p01_38_1_16822.d,0,.d,Error processing 60923_21_T_2_WEOM_r1_Mag_04Mar24_300SA_p01_38_1_16822.d after 1 attempts: /mnt/home/bmeluch/NMDC/nom_processing/monet_nom/raw/60923_21_T_2_WEOM_r1_Mag_04Mar24_300SA_p01_38_1_16822.d/60923_21_T_2_WEOM_r1_Mag_04Mar24_300SA_p01_38_1_16822.d does not seem to be a valid Solarix Mass Spectrum,2026-07-07T19:40:51.296591,,,,
60923_19_T_2_WEOM_r2_Mag_04Mar24_300SA_p01_26_1_16899.d,/mnt/home/bmeluch/NMDC/nom_processing/monet_nom/raw/60923_19_T_2_WEOM_r2_Mag_04Mar24_300SA_p01_26_1_16899.d/60923_19_T_2_WEOM_r2_Mag_04Mar24_300SA_p01_26_1_16899.d,0,.d,Error processing 60923_19_T_2_WEOM_r2_Mag_04Mar24_300SA_p01_26_1_16899.d after 1 attempts: /mnt/home/bmeluch/NMDC/nom_processing/monet_nom/raw/60923_19_T_2_WEOM_r2_Mag_04Mar24_300SA_p01_26_1_16899.d/60923_19_T_2_WEOM_r2_Mag_04Mar24_300SA_p01_26_1_16899.d does not seem to be a valid Solarix Mass Spectrum,2026-07-07T20:17:02.122578,,,,
QC_SRFAII_23_01_10ppm_WEOM_r3_Mag_04Mar24_300SA_p01_54_1_16964.d,/mnt/home/bmeluch/NMDC/nom_processing/monet_nom/raw/QC_SRFAII_23_01_10ppm_WEOM_r3_Mag_04Mar24_300SA_p01_54_1_16964.d/QC_SRFAII_23_01_10ppm_WEOM_r3_Mag_04Mar24_300SA_p01_54_1_16964.d,0,.d,Error processing QC_SRFAII_23_01_10ppm_WEOM_r3_Mag_04Mar24_300SA_p01_54_1_16964.d after 1 attempts: /mnt/home/bmeluch/NMDC/nom_processing/monet_nom/raw/QC_SRFAII_23_01_10ppm_WEOM_r3_Mag_04Mar24_300SA_p01_54_1_16964.d/QC_SRFAII_23_01_10ppm_WEOM_r3_Mag_04Mar24_300SA_p01_54_1_16964.d does not seem to be a valid Solarix Mass Spectrum,2026-06-30T22:48:56.049476,,,,
60923_17_T_3_WEOM_r1_Mag_04Mar24_300SA_p01_15_1_16808.d,/mnt/home/bmeluch/NMDC/nom_processing/monet_nom/raw/60923_17_T_3_WEOM_r1_Mag_04Mar24_300SA_p01_15_1_16808.d/60923_17_T_3_WEOM_r1_Mag_04Mar24_300SA_p01_15_1_16808.d,0,.d,Error processing 60923_17_T_3_WEOM_r1_Mag_04Mar24_300SA_p01_15_1_16808.d after 1 attempts: /mnt/home/bmeluch/NMDC/nom_processing/monet_nom/raw/60923_17_T_3_WEOM_r1_Mag_04Mar24_300SA_p01_15_1_16808.d/60923_17_T_3_WEOM_r1_Mag_04Mar24_300SA_p01_15_1_16808.d does not seem to be a valid Solarix Mass Spectrum,2026-07-07T19:34:25.870212,,,,
60923_19_T_2_WEOM_r1_Mag_04Mar24_300SA_p01_26_1_16821.d,/mnt/home/bmeluch/NMDC/nom_processing/monet_nom/raw/60923_19_T_2_WEOM_r1_Mag_04Mar24_300SA_p01_26_1_16821.d/60923_19_T_2_WEOM_r1_Mag_04Mar24_300SA_p01_26_1_16821.d,0,.d,Error processing 60923_19_T_2_WEOM_r1_Mag_04Mar24_300SA_p01_26_1_16821.d after 1 attempts: /mnt/home/bmeluch/NMDC/nom_processing/monet_nom/raw/60923_19_T_2_WEOM_r1_Mag_04Mar24_300SA_p01_26_1_16821.d/60923_19_T_2_WEOM_r1_Mag_04Mar24_300SA_p01_26_1_16821.d does not seem to be a valid Solarix Mass Spectrum,2026-07-07T19:40:13.296237,,,,
60886_4_T_3_WEOM_r1_Mag_10Mar24_300SA_p01_21_1_17156.d,/mnt/home/bmeluch/NMDC/nom_processing/monet_nom/raw/60886_4_T_3_WEOM_r1_Mag_10Mar24_300SA_p01_21_1_17156.d/60886_4_T_3_WEOM_r1_Mag_10Mar24_300SA_p01_21_1_17156.d,0,.d,Error processing 60886_4_T_3_WEOM_r1_Mag_10Mar24_300SA_p01_21_1_17156.d after 1 attempts: /mnt/home/bmeluch/NMDC/nom_processing/monet_nom/raw/60886_4_T_3_WEOM_r1_Mag_10Mar24_300SA_p01_21_1_17156.d/60886_4_T_3_WEOM_r1_Mag_10Mar24_300SA_p01_21_1_17156.d does not seem to be a valid Solarix Mass Spectrum,2026-07-08T17:54:04.103987,,,,
60923_21_T_1_WEOM_r2_Mag_04Mar24_300SA_p01_37_1_16884.d,/mnt/home/bmeluch/NMDC/nom_processing/monet_nom/raw/60923_21_T_1_WEOM_r2_Mag_04Mar24_300SA_p01_37_1_16884.d/60923_21_T_1_WEOM_r2_Mag_04Mar24_300SA_p01_37_1_16884.d,0,.d,Error processing 60923_21_T_1_WEOM_r2_Mag_04Mar24_300SA_p01_37_1_16884.d after 1 attempts: /mnt/home/bmeluch/NMDC/nom_processing/monet_nom/raw/60923_21_T_1_WEOM_r2_Mag_04Mar24_300SA_p01_37_1_16884.d/60923_21_T_1_WEOM_r2_Mag_04Mar24_300SA_p01_37_1_16884.d does not seem to be a valid Solarix Mass Spectrum,2026-07-07T20:08:35.965075,,,,
60886_3_T_3_WEOM_r3_Mag_10Mar24_300SA_p01_15_1_17270.d,/mnt/home/bmeluch/NMDC/nom_processing/monet_nom/raw/60886_3_T_3_WEOM_r3_Mag_10Mar24_300SA_p01_15_1_17270.d/60886_3_T_3_WEOM_r3_Mag_10Mar24_300SA_p01_15_1_17270.d,0,.d,Error processing 60886_3_T_3_WEOM_r3_Mag_10Mar24_300SA_p01_15_1_17270.d after 1 attempts: /mnt/home/bmeluch/NMDC/nom_processing/monet_nom/raw/60886_3_T_3_WEOM_r3_Mag_10Mar24_300SA_p01_15_1_17270.d/60886_3_T_3_WEOM_r3_Mag_10Mar24_300SA_p01_15_1_17270.d does not seem to be a valid Solarix Mass Spectrum,2026-07-08T19:45:02.590652,,,,
60886_2_T_1_WEOM_r3_Mag_10Mar24_300SA_p01_7_1_17269.d,/mnt/home/bmeluch/NMDC/nom_processing/monet_nom/raw/60886_2_T_1_WEOM_r3_Mag_10Mar24_300SA_p01_7_1_17269.d/60886_2_T_1_WEOM_r3_Mag_10Mar24_300SA_p01_7_1_17269.d,0,.d,Error processing 60886_2_T_1_WEOM_r3_Mag_10Mar24_300SA_p01_7_1_17269.d after 1 attempts: /mnt/home/bmeluch/NMDC/nom_processing/monet_nom/raw/60886_2_T_1_WEOM_r3_Mag_10Mar24_300SA_p01_7_1_17269.d/60886_2_T_1_WEOM_r3_Mag_10Mar24_300SA_p01_7_1_17269.d does not seem to be a valid Solarix Mass Spectrum,2026-07-08T19:43:34.644945,,,,
QC_SRFAII_23_01_20ppm_r0_Mag_04Jan24_300SA_p01_54_1_14418.d,/mnt/home/bmeluch/NMDC/nom_processing/monet_nom/raw/QC_SRFAII_23_01_20ppm_r0_Mag_04Jan24_300SA_p01_54_1_14418.d/QC_SRFAII_23_01_20ppm_r0_Mag_04Jan24_300SA_p01_54_1_14418.d,0,.d,Error processing QC_SRFAII_23_01_20ppm_r0_Mag_04Jan24_300SA_p01_54_1_14418.d after 1 attempts: /mnt/home/bmeluch/NMDC/nom_processing/monet_nom/raw/QC_SRFAII_23_01_20ppm_r0_Mag_04Jan24_300SA_p01_54_1_14418.d/QC_SRFAII_23_01_20ppm_r0_Mag_04Jan24_300SA_p01_54_1_14418.d does not seem to be a valid Solarix Mass Spectrum,2026-06-30T22:48:56.379283,,,,
60923_15_T_3_WEOM_r1_Mag_04Mar24_300SA_p01_3_1_16810.d,/mnt/home/bmeluch/NMDC/nom_processing/monet_nom/raw/60923_15_T_3_WEOM_r1_Mag_04Mar24_300SA_p01_3_1_16810.d/60923_15_T_3_WEOM_r1_Mag_04Mar24_300SA_p01_3_1_16810.d,0,.d,Error processing 60923_15_T_3_WEOM_r1_Mag_04Mar24_300SA_p01_3_1_16810.d after 1 attempts: /mnt/home/bmeluch/NMDC/nom_processing/monet_nom/raw/60923_15_T_3_WEOM_r1_Mag_04Mar24_300SA_p01_3_1_16810.d/60923_15_T_3_WEOM_r1_Mag_04Mar24_300SA_p01_3_1_16810.d does not seem to be a valid Solarix Mass Spectrum,2026-07-07T19:35:02.510226,,,,
QC_SRFAII_23_01_10ppm_WEOM_r1_Mag_21Feb24_300SA_p01_54_1_16792.d,/mnt/home/bmeluch/NMDC/nom_processing/monet_nom/raw/QC_SRFAII_23_01_10ppm_WEOM_r1_Mag_04Mar24_300SA_p01_54_1_16792.d/QC_SRFAII_23_01_10ppm_WEOM_r1_Mag_21Feb24_300SA_p01_54_1_16792.d,0,.d,Error processing QC_SRFAII_23_01_10ppm_WEOM_r1_Mag_21Feb24_300SA_p01_54_1_16792.d after 1 attempts: /mnt/home/bmeluch/NMDC/nom_processing/monet_nom/raw/QC_SRFAII_23_01_10ppm_WEOM_r1_Mag_04Mar24_300SA_p01_54_1_16792.d/QC_SRFAII_23_01_10ppm_WEOM_r1_Mag_21Feb24_300SA_p01_54_1_16792.d does not seem to be a valid Solarix Mass Spectrum,2026-06-30T22:48:56.566646,,,,
60886_3_T_1_WEOM_r1_Mag_10Mar24_300SA_p01_13_1_17160.d,/mnt/home/bmeluch/NMDC/nom_processing/monet_nom/raw/60886_3_T_1_WEOM_r1_Mag_10Mar24_300SA_p01_13_1_17160.d/60886_3_T_1_WEOM_r1_Mag_10Mar24_300SA_p01_13_1_17160.d,0,.d,Error processing 60886_3_T_1_WEOM_r1_Mag_10Mar24_300SA_p01_13_1_17160.d after 1 attempts: /mnt/home/bmeluch/NMDC/nom_processing/monet_nom/raw/60886_3_T_1_WEOM_r1_Mag_10Mar24_300SA_p01_13_1_17160.d/60886_3_T_1_WEOM_r1_Mag_10Mar24_300SA_p01_13_1_17160.d does not seem to be a valid Solarix Mass Spectrum,2026-07-08T17:58:26.844329,,,,
60923_19_B_2_WEOM_r1_Mag_04Mar24_300SA_p01_29_1_16811.d,/mnt/home/bmeluch/NMDC/nom_processing/monet_nom/raw/60923_19_B_2_WEOM_r1_Mag_04Mar24_300SA_p01_29_1_16811.d/60923_19_B_2_WEOM_r1_Mag_04Mar24_300SA_p01_29_1_16811.d,0,.d,Error processing 60923_19_B_2_WEOM_r1_Mag_04Mar24_300SA_p01_29_1_16811.d after 1 attempts: /mnt/home/bmeluch/NMDC/nom_processing/monet_nom/raw/60923_19_B_2_WEOM_r1_Mag_04Mar24_300SA_p01_29_1_16811.d/60923_19_B_2_WEOM_r1_Mag_04Mar24_300SA_p01_29_1_16811.d does not seem to be a valid Solarix Mass Spectrum,2026-07-07T19:35:41.522220,,,,
QC_SRFAII_23_01_10ppm_r3_Mag_16Feb24_300SA_p01_54_1_15361.d,/mnt/home/bmeluch/NMDC/nom_processing/monet_nom/raw/QC_SRFAII_23_01_10ppm_r3_Mag_16Feb24_300SA_p01_54_1_15361.d/QC_SRFAII_23_01_10ppm_r3_Mag_16Feb24_300SA_p01_54_1_15361.d,0,.d,Error processing QC_SRFAII_23_01_10ppm_r3_Mag_16Feb24_300SA_p01_54_1_15361.d after 1 attempts: /mnt/home/bmeluch/NMDC/nom_processing/monet_nom/raw/QC_SRFAII_23_01_10ppm_r3_Mag_16Feb24_300SA_p01_54_1_15361.d/QC_SRFAII_23_01_10ppm_r3_Mag_16Feb24_300SA_p01_54_1_15361.d does not seem to be a valid Solarix Mass Spectrum,2026-06-30T22:48:56.870696,,,,
60923_17_B_3_WEOM_r2_Mag_04Mar24_300SA_p01_18_1_16868.d,/mnt/home/bmeluch/NMDC/nom_processing/monet_nom/raw/60923_17_B_3_WEOM_r2_Mag_04Mar24_300SA_p01_18_1_16868.d/60923_17_B_3_WEOM_r2_Mag_04Mar24_300SA_p01_18_1_16868.d,0,.d,Error processing 60923_17_B_3_WEOM_r2_Mag_04Mar24_300SA_p01_18_1_16868.d after 1 attempts: /mnt/home/bmeluch/NMDC/nom_processing/monet_nom/raw/60923_17_B_3_WEOM_r2_Mag_04Mar24_300SA_p01_18_1_16868.d/60923_17_B_3_WEOM_r2_Mag_04Mar24_300SA_p01_18_1_16868.d does not seem to be a valid Solarix Mass Spectrum,2026-07-07T20:01:26.535445,,,,
60942_6_B_2_WEOM_r3_Mag_07Mar24_300SA_p01_34_1_17096.d,/mnt/home/bmeluch/NMDC/nom_processing/monet_nom/raw/60942_6_B_2_WEOM_r3_Mag_07Mar24_300SA_p01_34_1_17096.d/60942_6_B_2_WEOM_r3_Mag_07Mar24_300SA_p01_34_1_17096.d,0,.d,Error processing 60942_6_B_2_WEOM_r3_Mag_07Mar24_300SA_p01_34_1_17096.d after 1 attempts: /mnt/home/bmeluch/NMDC/nom_processing/monet_nom/raw/60942_6_B_2_WEOM_r3_Mag_07Mar24_300SA_p01_34_1_17096.d/60942_6_B_2_WEOM_r3_Mag_07Mar24_300SA_p01_34_1_17096.d does not seem to be a valid Solarix Mass Spectrum,2026-07-08T17:07:00.972160,,,,
60886_1_B_3_WEOM_r2_Mag_10Mar24_300SA_p01_6_1_17188.d,/mnt/home/bmeluch/NMDC/nom_processing/monet_nom/raw/60886_1_B_3_WEOM_r2_Mag_10Mar24_300SA_p01_6_1_17188.d/60886_1_B_3_WEOM_r2_Mag_10Mar24_300SA_p01_6_1_17188.d,0,.d,Error processing 60886_1_B_3_WEOM_r2_Mag_10Mar24_300SA_p01_6_1_17188.d after 1 attempts: /mnt/home/bmeluch/NMDC/nom_processing/monet_nom/raw/60886_1_B_3_WEOM_r2_Mag_10Mar24_300SA_p01_6_1_17188.d/60886_1_B_3_WEOM_r2_Mag_10Mar24_300SA_p01_6_1_17188.d does not seem to be a valid Solarix Mass Spectrum,2026-07-08T18:24:01.671329,,,,
60886_1_B_2_WEOM_r2_Mag_10Mar24_300SA_p01_5_1_17195.d,/mnt/home/bmeluch/NMDC/nom_processing/monet_nom/raw/60886_1_B_2_WEOM_r2_Mag_10Mar24_300SA_p01_5_1_17195.d/60886_1_B_2_WEOM_r2_Mag_10Mar24_300SA_p01_5_1_17195.d,0,.d,Error processing 60886_1_B_2_WEOM_r2_Mag_10Mar24_300SA_p01_5_1_17195.d after 1 attempts: /mnt/home/bmeluch/NMDC/nom_processing/monet_nom/raw/60886_1_B_2_WEOM_r2_Mag_10Mar24_300SA_p01_5_1_17195.d/60886_1_B_2_WEOM_r2_Mag_10Mar24_300SA_p01_5_1_17195.d does not seem to be a valid Solarix Mass Spectrum,2026-07-08T18:31:10.677210,,,,
60923_20_B_3_WEOM_r3_Mag_04Mar24_300SA_p01_36_1_16919.d,/mnt/home/bmeluch/NMDC/nom_processing/monet_nom/raw/60923_20_B_3_WEOM_r3_Mag_04Mar24_300SA_p01_36_1_16919.d/60923_20_B_3_WEOM_r3_Mag_04Mar24_300SA_p01_36_1_16919.d,0,.d,Error processing 60923_20_B_3_WEOM_r3_Mag_04Mar24_300SA_p01_36_1_16919.d after 1 attempts: /mnt/home/bmeluch/NMDC/nom_processing/monet_nom/raw/60923_20_B_3_WEOM_r3_Mag_04Mar24_300SA_p01_36_1_16919.d/60923_20_B_3_WEOM_r3_Mag_04Mar24_300SA_p01_36_1_16919.d does not seem to be a valid Solarix Mass Spectrum,2026-07-07T20:29:14.747685,,,,
60942_4_B_1_WEOM_r1_Mag_07Mar24_300SA_p01_21_1_17001.d,/mnt/home/bmeluch/NMDC/nom_processing/monet_nom/raw/60942_4_B_1_WEOM_r1_Mag_07Mar24_300SA_p01_21_1_17001.d/60942_4_B_1_WEOM_r1_Mag_07Mar24_300SA_p01_21_1_17001.d,0,.d,Error processing 60942_4_B_1_WEOM_r1_Mag_07Mar24_300SA_p01_21_1_17001.d after 1 attempts: /mnt/home/bmeluch/NMDC/nom_processing/monet_nom/raw/60942_4_B_1_WEOM_r1_Mag_07Mar24_300SA_p01_21_1_17001.d/60942_4_B_1_WEOM_r1_Mag_07Mar24_300SA_p01_21_1_17001.d does not seem to be a valid Solarix Mass Spectrum,2026-07-07T22:13:43.965156,,,,
60942_3_B_1_r1_Mag_07Mar24_300SA_p01_15_1_16980.d,/mnt/home/bmeluch/NMDC/nom_processing/monet_nom/raw/60942_3_B_1_WEOM_r1_Mag_07Mar24_300SA_p01_15_1_16980.d/60942_3_B_1_r1_Mag_07Mar24_300SA_p01_15_1_16980.d,0,.d,Error processing 60942_3_B_1_r1_Mag_07Mar24_300SA_p01_15_1_16980.d after 1 attempts: /mnt/home/bmeluch/NMDC/nom_processing/monet_nom/raw/60942_3_B_1_WEOM_r1_Mag_07Mar24_300SA_p01_15_1_16980.d/60942_3_B_1_r1_Mag_07Mar24_300SA_p01_15_1_16980.d does not seem to be a valid Solarix Mass Spectrum,2026-07-07T22:03:48.897894,,,,
60942_2_B_1_WEOM_r2_Mag_07Mar24_300SA_p01_10_1_17057.d,/mnt/home/bmeluch/NMDC/nom_processing/monet_nom/raw/60942_2_B_1_WEOM_r2_Mag_07Mar24_300SA_p01_10_1_17057.d/60942_2_B_1_WEOM_r2_Mag_07Mar24_300SA_p01_10_1_17057.d,0,.d,Error processing 60942_2_B_1_WEOM_r2_Mag_07Mar24_300SA_p01_10_1_17057.d after 1 attempts: /mnt/home/bmeluch/NMDC/nom_processing/monet_nom/raw/60942_2_B_1_WEOM_r2_Mag_07Mar24_300SA_p01_10_1_17057.d/60942_2_B_1_WEOM_r2_Mag_07Mar24_300SA_p01_10_1_17057.d does not seem to be a valid Solarix Mass Spectrum,2026-07-07T22:38:14.450698,,,,
60923_17_B_1_WEOM_r2_Mag_04Mar24_300SA_p01_16_1_16890.d,/mnt/home/bmeluch/NMDC/nom_processing/monet_nom/raw/60923_17_B_1_WEOM_r2_Mag_04Mar24_300SA_p01_16_1_16890.d/60923_17_B_1_WEOM_r2_Mag_04Mar24_300SA_p01_16_1_16890.d,0,.d,Error processing 60923_17_B_1_WEOM_r2_Mag_04Mar24_300SA_p01_16_1_16890.d after 1 attempts: /mnt/home/bmeluch/NMDC/nom_processing/monet_nom/raw/60923_17_B_1_WEOM_r2_Mag_04Mar24_300SA_p01_16_1_16890.d/60923_17_B_1_WEOM_r2_Mag_04Mar24_300SA_p01_16_1_16890.d does not seem to be a valid Solarix Mass Spectrum,2026-07-07T20:11:51.337771,,,,
QC_SRFAII_23_01_10ppm_WEOM_r3_Mag_10Mar24_300SA_p01_54_1_17230.d,/mnt/home/bmeluch/NMDC/nom_processing/monet_nom/raw/QC_SRFAII_23_01_10ppm_WEOM_r3_Mag_10Mar24_300SA_p01_54_1_17230.d/QC_SRFAII_23_01_10ppm_WEOM_r3_Mag_10Mar24_300SA_p01_54_1_17230.d,0,.d,Error processing QC_SRFAII_23_01_10ppm_WEOM_r3_Mag_10Mar24_300SA_p01_54_1_17230.d after 1 attempts: /mnt/home/bmeluch/NMDC/nom_processing/monet_nom/raw/QC_SRFAII_23_01_10ppm_WEOM_r3_Mag_10Mar24_300SA_p01_54_1_17230.d/QC_SRFAII_23_01_10ppm_WEOM_r3_Mag_10Mar24_300SA_p01_54_1_17230.d does not seem to be a valid Solarix Mass Spectrum,2026-06-30T22:48:57.100808,,,,
60923_16_B_2_WEOM_r3_Mag_04Mar24_300SA_p01_11_1_16931.d,/mnt/home/bmeluch/NMDC/nom_processing/monet_nom/raw/60923_16_B_2_WEOM_r3_Mag_04Mar24_300SA_p01_11_1_16931.d/60923_16_B_2_WEOM_r3_Mag_04Mar24_300SA_p01_11_1_16931.d,0,.d,Error processing 60923_16_B_2_WEOM_r3_Mag_04Mar24_300SA_p01_11_1_16931.d after 1 attempts: /mnt/home/bmeluch/NMDC/nom_processing/monet_nom/raw/60923_16_B_2_WEOM_r3_Mag_04Mar24_300SA_p01_11_1_16931.d/60923_16_B_2_WEOM_r3_Mag_04Mar24_300SA_p01_11_1_16931.d does not seem to be a valid Solarix Mass Spectrum,2026-07-07T20:51:24.371896,,,,
60923_16_T_2_WEOM_r2_Mag_04Mar24_300SA_p01_8_1_16865.d,/mnt/home/bmeluch/NMDC/nom_processing/monet_nom/raw/60923_16_T_2_WEOM_r2_Mag_04Mar24_300SA_p01_8_1_16865.d/60923_16_T_2_WEOM_r2_Mag_04Mar24_300SA_p01_8_1_16865.d,0,.d,Error processing 60923_16_T_2_WEOM_r2_Mag_04Mar24_300SA_p01_8_1_16865.d after 1 attempts: /mnt/home/bmeluch/NMDC/nom_processing/monet_nom/raw/60923_16_T_2_WEOM_r2_Mag_04Mar24_300SA_p01_8_1_16865.d/60923_16_T_2_WEOM_r2_Mag_04Mar24_300SA_p01_8_1_16865.d does not seem to be a valid Solarix Mass Spectrum,2026-07-07T20:00:08.127422,,,,
60886_2_T_3_WEOM_r3_Mag_10Mar24_300SA_p01_9_1_17244.d,/mnt/home/bmeluch/NMDC/nom_processing/monet_nom/raw/60886_2_T_3_WEOM_r3_Mag_10Mar24_300SA_p01_9_1_17244.d/60886_2_T_3_WEOM_r3_Mag_10Mar24_300SA_p01_9_1_17244.d,0,.d,Error processing 60886_2_T_3_WEOM_r3_Mag_10Mar24_300SA_p01_9_1_17244.d after 1 attempts: /mnt/home/bmeluch/NMDC/nom_processing/monet_nom/raw/60886_2_T_3_WEOM_r3_Mag_10Mar24_300SA_p01_9_1_17244.d/60886_2_T_3_WEOM_r3_Mag_10Mar24_300SA_p01_9_1_17244.d does not seem to be a valid Solarix Mass Spectrum,2026-07-08T19:18:21.951415,,,,
60942_3_B_1_WEOM_r3_Mag_07Mar24_300SA_p01_15_1_17102.d,/mnt/home/bmeluch/NMDC/nom_processing/monet_nom/raw/60942_3_B_1_WEOM_r3_Mag_07Mar24_300SA_p01_15_1_17102.d/60942_3_B_1_WEOM_r3_Mag_07Mar24_300SA_p01_15_1_17102.d,0,.d,Error processing 60942_3_B_1_WEOM_r3_Mag_07Mar24_300SA_p01_15_1_17102.d after 1 attempts: /mnt/home/bmeluch/NMDC/nom_processing/monet_nom/raw/60942_3_B_1_WEOM_r3_Mag_07Mar24_300SA_p01_15_1_17102.d/60942_3_B_1_WEOM_r3_Mag_07Mar24_300SA_p01_15_1_17102.d does not seem to be a valid Solarix Mass Spectrum,2026-07-08T17:12:33.252743,,,,
60886_3_B_2_WEOM_r1_Mag_10Mar24_300SA_p01_17_1_17132.d,/mnt/home/bmeluch/NMDC/nom_processing/monet_nom/raw/60886_3_B_2_WEOM_r1_Mag_10Mar24_300SA_p01_17_1_17132.d/60886_3_B_2_WEOM_r1_Mag_10Mar24_300SA_p01_17_1_17132.d,0,.d,Error processing 60886_3_B_2_WEOM_r1_Mag_10Mar24_300SA_p01_17_1_17132.d after 1 attempts: /mnt/home/bmeluch/NMDC/nom_processing/monet_nom/raw/60886_3_B_2_WEOM_r1_Mag_10Mar24_300SA_p01_17_1_17132.d/60886_3_B_2_WEOM_r1_Mag_10Mar24_300SA_p01_17_1_17132.d does not seem to be a valid Solarix Mass Spectrum,2026-07-08T17:29:14.179158,,,,
60923_21_T_1_WEOM_r1_Mag_04Mar24_300SA_p01_37_1_16806.d,/mnt/home/bmeluch/NMDC/nom_processing/monet_nom/raw/60923_21_T_1_WEOM_r1_Mag_04Mar24_300SA_p01_37_1_16806.d/60923_21_T_1_WEOM_r1_Mag_04Mar24_300SA_p01_37_1_16806.d,0,.d,Error processing 60923_21_T_1_WEOM_r1_Mag_04Mar24_300SA_p01_37_1_16806.d after 1 attempts: /mnt/home/bmeluch/NMDC/nom_processing/monet_nom/raw/60923_21_T_1_WEOM_r1_Mag_04Mar24_300SA_p01_37_1_16806.d/60923_21_T_1_WEOM_r1_Mag_04Mar24_300SA_p01_37_1_16806.d does not seem to be a valid Solarix Mass Spectrum,2026-07-07T19:33:13.378220,,,,
QC_SRFAII_23_01_10ppm_WEOM_r3_Mag_13May24_300SA_p01_54_1_18414.d,/mnt/home/bmeluch/NMDC/nom_processing/monet_nom/raw/QC_SRFAII_23_01_10ppm_WEOM_r3_Mag_13May24_300SA_p01_54_1_18414.d/QC_SRFAII_23_01_10ppm_WEOM_r3_Mag_13May24_300SA_p01_54_1_18414.d,0,.d,Error processing QC_SRFAII_23_01_10ppm_WEOM_r3_Mag_13May24_300SA_p01_54_1_18414.d after 1 attempts: /mnt/home/bmeluch/NMDC/nom_processing/monet_nom/raw/QC_SRFAII_23_01_10ppm_WEOM_r3_Mag_13May24_300SA_p01_54_1_18414.d/QC_SRFAII_23_01_10ppm_WEOM_r3_Mag_13May24_300SA_p01_54_1_18414.d does not seem to be a valid Solarix Mass Spectrum,2026-06-30T22:48:57.214689,,,,
60923_15_B_2_WEOM_r2_Mag_04Mar24_300SA_p01_5_1_16878.d,/mnt/home/bmeluch/NMDC/nom_processing/monet_nom/raw/60923_15_B_2_WEOM_r2_Mag_04Mar24_300SA_p01_5_1_16878.d/60923_15_B_2_WEOM_r2_Mag_04Mar24_300SA_p01_5_1_16878.d,0,.d,Error processing 60923_15_B_2_WEOM_r2_Mag_04Mar24_300SA_p01_5_1_16878.d after 1 attempts: /mnt/home/bmeluch/NMDC/nom_processing/monet_nom/raw/60923_15_B_2_WEOM_r2_Mag_04Mar24_300SA_p01_5_1_16878.d/60923_15_B_2_WEOM_r2_Mag_04Mar24_300SA_p01_5_1_16878.d does not seem to be a valid Solarix Mass Spectrum,2026-07-07T20:06:39.627831,,,,
60942_2_T_2_WEOM_r2_Mag_07Mar24_300SA_p01_8_1_17058.d,/mnt/home/bmeluch/NMDC/nom_processing/monet_nom/raw/60942_2_T_2_WEOM_r2_Mag_07Mar24_300SA_p01_8_1_17058.d/60942_2_T_2_WEOM_r2_Mag_07Mar24_300SA_p01_8_1_17058.d,0,.d,Error processing 60942_2_T_2_WEOM_r2_Mag_07Mar24_300SA_p01_8_1_17058.d after 1 attempts: /mnt/home/bmeluch/NMDC/nom_processing/monet_nom/raw/60942_2_T_2_WEOM_r2_Mag_07Mar24_300SA_p01_8_1_17058.d/60942_2_T_2_WEOM_r2_Mag_07Mar24_300SA_p01_8_1_17058.d does not seem to be a valid Solarix Mass Spectrum,2026-07-07T22:38:50.375533,,,,
60923_21_B_1_WEOM_r1_Mag_04Mar24_300SA_p01_40_1_16845.d,/mnt/home/bmeluch/NMDC/nom_processing/monet_nom/raw/60923_21_B_1_WEOM_r1_Mag_04Mar24_300SA_p01_40_1_16845.d/60923_21_B_1_WEOM_r1_Mag_04Mar24_300SA_p01_40_1_16845.d,0,.d,Error processing 60923_21_B_1_WEOM_r1_Mag_04Mar24_300SA_p01_40_1_16845.d after 1 attempts: /mnt/home/bmeluch/NMDC/nom_processing/monet_nom/raw/60923_21_B_1_WEOM_r1_Mag_04Mar24_300SA_p01_40_1_16845.d/60923_21_B_1_WEOM_r1_Mag_04Mar24_300SA_p01_40_1_16845.d does not seem to be a valid Solarix Mass Spectrum,2026-07-07T19:51:06.667212,,,,
QC_SRFAII_23_01_20ppm_r0_Mag_18Jan24_300SA_p01_52_1_14692.d,/mnt/home/bmeluch/NMDC/nom_processing/monet_nom/raw/QC_SRFAII_23_01_20ppm_r0_Mag_18Jan24_300SA_p01_52_1_14692.d/QC_SRFAII_23_01_20ppm_r0_Mag_18Jan24_300SA_p01_52_1_14692.d,0,.d,Error processing QC_SRFAII_23_01_20ppm_r0_Mag_18Jan24_300SA_p01_52_1_14692.d after 1 attempts: /mnt/home/bmeluch/NMDC/nom_processing/monet_nom/raw/QC_SRFAII_23_01_20ppm_r0_Mag_18Jan24_300SA_p01_52_1_14692.d/QC_SRFAII_23_01_20ppm_r0_Mag_18Jan24_300SA_p01_52_1_14692.d does not seem to be a valid Solarix Mass Spectrum,2026-06-30T22:48:57.469627,,,,
60886_4_T_1_WEOM_r3_Mag_10Mar24_300SA_p01_19_1_17239.d,/mnt/home/bmeluch/NMDC/nom_processing/monet_nom/raw/60886_4_T_1_WEOM_r3_Mag_10Mar24_300SA_p01_19_1_17239.d/60886_4_T_1_WEOM_r3_Mag_10Mar24_300SA_p01_19_1_17239.d,0,.d,Error processing 60886_4_T_1_WEOM_r3_Mag_10Mar24_300SA_p01_19_1_17239.d after 1 attempts: /mnt/home/bmeluch/NMDC/nom_processing/monet_nom/raw/60886_4_T_1_WEOM_r3_Mag_10Mar24_300SA_p01_19_1_17239.d/60886_4_T_1_WEOM_r3_Mag_10Mar24_300SA_p01_19_1_17239.d does not seem to be a valid Solarix Mass Spectrum,2026-07-08T19:13:54.493516,,,,
QC_SRFAII_23_01_10ppm_r3_Mag_18Jan24_300SA_p01_52_1_14963.d,/mnt/home/bmeluch/NMDC/nom_processing/monet_nom/raw/QC_SRFAII_23_01_10ppm_r3_Mag_18Jan24_300SA_p01_52_1_14963.d/QC_SRFAII_23_01_10ppm_r3_Mag_18Jan24_300SA_p01_52_1_14963.d,0,.d,Error processing QC_SRFAII_23_01_10ppm_r3_Mag_18Jan24_300SA_p01_52_1_14963.d after 1 attempts: /mnt/home/bmeluch/NMDC/nom_processing/monet_nom/raw/QC_SRFAII_23_01_10ppm_r3_Mag_18Jan24_300SA_p01_52_1_14963.d/QC_SRFAII_23_01_10ppm_r3_Mag_18Jan24_300SA_p01_52_1_14963.d does not seem to be a valid Solarix Mass Spectrum,2026-06-30T22:48:57.677770,,,,
60923_17_B_3_WEOM_r1_Mag_04Mar24_300SA_p01_18_1_16798.d,/mnt/home/bmeluch/NMDC/nom_processing/monet_nom/raw/60923_17_B_3_WEOM_r1_Mag_04Mar24_300SA_p01_18_1_16798.d/60923_17_B_3_WEOM_r1_Mag_04Mar24_300SA_p01_18_1_16798.d,0,.d,Error processing 60923_17_B_3_WEOM_r1_Mag_04Mar24_300SA_p01_18_1_16798.d after 1 attempts: /mnt/home/bmeluch/NMDC/nom_processing/monet_nom/raw/60923_17_B_3_WEOM_r1_Mag_04Mar24_300SA_p01_18_1_16798.d/60923_17_B_3_WEOM_r1_Mag_04Mar24_300SA_p01_18_1_16798.d does not seem to be a valid Solarix Mass Spectrum,2026-07-07T19:30:01.598200,,,,
60942_4_B_3_WEOM_r2_Mag_07Mar24_300SA_p01_23_1_17018.d,/mnt/home/bmeluch/NMDC/nom_processing/monet_nom/raw/60942_4_B_3_WEOM_r2_Mag_07Mar24_300SA_p01_23_1_17018.d/60942_4_B_3_WEOM_r2_Mag_07Mar24_300SA_p01_23_1_17018.d,0,.d,Error processing 60942_4_B_3_WEOM_r2_Mag_07Mar24_300SA_p01_23_1_17018.d after 1 attempts: /mnt/home/bmeluch/NMDC/nom_processing/monet_nom/raw/60942_4_B_3_WEOM_r2_Mag_07Mar24_300SA_p01_23_1_17018.d/60942_4_B_3_WEOM_r2_Mag_07Mar24_300SA_p01_23_1_17018.d does not seem to be a valid Solarix Mass Spectrum,2026-07-07T22:21:14.867408,,,,
QC_SRFAII_23_01_10ppm_WEOM_r3_Mag_01May24_300SA_p01_54_1_18216.d,/mnt/home/bmeluch/NMDC/nom_processing/monet_nom/raw/QC_SRFAII_23_01_10ppm_WEOM_r3_Mag_01May24_300SA_p01_54_1_18216.d/QC_SRFAII_23_01_10ppm_WEOM_r3_Mag_01May24_300SA_p01_54_1_18216.d,0,.d,Error processing QC_SRFAII_23_01_10ppm_WEOM_r3_Mag_01May24_300SA_p01_54_1_18216.d after 1 attempts: /mnt/home/bmeluch/NMDC/nom_processing/monet_nom/raw/QC_SRFAII_23_01_10ppm_WEOM_r3_Mag_01May24_300SA_p01_54_1_18216.d/QC_SRFAII_23_01_10ppm_WEOM_r3_Mag_01May24_300SA_p01_54_1_18216.d does not seem to be a valid Solarix Mass Spectrum,2026-06-30T22:48:57.833693,,,,
60886_2_B_2_WEOM_r3_Mag_10Mar24_300SA_p01_11_1_17267.d,/mnt/home/bmeluch/NMDC/nom_processing/monet_nom/raw/60886_2_B_2_WEOM_r3_Mag_10Mar24_300SA_p01_11_1_17267.d/60886_2_B_2_WEOM_r3_Mag_10Mar24_300SA_p01_11_1_17267.d,0,.d,Error processing 60886_2_B_2_WEOM_r3_Mag_10Mar24_300SA_p01_11_1_17267.d after 1 attempts: /mnt/home/bmeluch/NMDC/nom_processing/monet_nom/raw/60886_2_B_2_WEOM_r3_Mag_10Mar24_300SA_p01_11_1_17267.d/60886_2_B_2_WEOM_r3_Mag_10Mar24_300SA_p01_11_1_17267.d does not seem to be a valid Solarix Mass Spectrum,2026-07-08T19:40:39.746202,,,,
60923_18_T_3_WEOM_r3_Mag_04Mar24_300SA_p01_21_1_16950.d,/mnt/home/bmeluch/NMDC/nom_processing/monet_nom/raw/60923_18_T_3_WEOM_r3_Mag_04Mar24_300SA_p01_21_1_16950.d/60923_18_T_3_WEOM_r3_Mag_04Mar24_300SA_p01_21_1_16950.d,0,.d,Error processing 60923_18_T_3_WEOM_r3_Mag_04Mar24_300SA_p01_21_1_16950.d after 1 attempts: /mnt/home/bmeluch/NMDC/nom_processing/monet_nom/raw/60923_18_T_3_WEOM_r3_Mag_04Mar24_300SA_p01_21_1_16950.d/60923_18_T_3_WEOM_r3_Mag_04Mar24_300SA_p01_21_1_16950.d does not seem to be a valid Solarix Mass Spectrum,2026-07-07T21:20:03.130164,,,,
QC_SRFAII_23_01_20ppm_r1_Mag_18Jan24_300SA_p01_54_1_14775.d,/mnt/home/bmeluch/NMDC/nom_processing/monet_nom/raw/QC_SRFAII_23_01_20ppm_r1_Mag_18Jan24_300SA_p01_54_1_14775.d/QC_SRFAII_23_01_20ppm_r1_Mag_18Jan24_300SA_p01_54_1_14775.d,0,.d,Error processing QC_SRFAII_23_01_20ppm_r1_Mag_18Jan24_300SA_p01_54_1_14775.d after 1 attempts: /mnt/home/bmeluch/NMDC/nom_processing/monet_nom/raw/QC_SRFAII_23_01_20ppm_r1_Mag_18Jan24_300SA_p01_54_1_14775.d/QC_SRFAII_23_01_20ppm_r1_Mag_18Jan24_300SA_p01_54_1_14775.d does not seem to be a valid Solarix Mass Spectrum,2026-06-30T22:48:58.091461,,,,
60886_5_B_3_WEOM_r3_Mag_10Mar24_300SA_p01_30_1_17265.d,/mnt/home/bmeluch/NMDC/nom_processing/monet_nom/raw/60886_5_B_3_WEOM_r3_Mag_10Mar24_300SA_p01_30_1_17265.d/60886_5_B_3_WEOM_r3_Mag_10Mar24_300SA_p01_30_1_17265.d,0,.d,Error processing 60886_5_B_3_WEOM_r3_Mag_10Mar24_300SA_p01_30_1_17265.d after 1 attempts: /mnt/home/bmeluch/NMDC/nom_processing/monet_nom/raw/60886_5_B_3_WEOM_r3_Mag_10Mar24_300SA_p01_30_1_17265.d/60886_5_B_3_WEOM_r3_Mag_10Mar24_300SA_p01_30_1_17265.d does not seem to be a valid Solarix Mass Spectrum,2026-07-08T19:39:12.354137,,,,
60942_5_T_3_WEOM_r3_Mag_07Mar24_300SA_p01_26_1_17095.d,/mnt/home/bmeluch/NMDC/nom_processing/monet_nom/raw/60942_5_T_3_WEOM_r3_Mag_07Mar24_300SA_p01_26_1_17095.d/60942_5_T_3_WEOM_r3_Mag_07Mar24_300SA_p01_26_1_17095.d,0,.d,Error processing 60942_5_T_3_WEOM_r3_Mag_07Mar24_300SA_p01_26_1_17095.d after 1 attempts: /mnt/home/bmeluch/NMDC/nom_processing/monet_nom/raw/60942_5_T_3_WEOM_r3_Mag_07Mar24_300SA_p01_26_1_17095.d/60942_5_T_3_WEOM_r3_Mag_07Mar24_300SA_p01_26_1_17095.d does not seem to be a valid Solarix Mass Spectrum,2026-07-07T23:27:22.853723,,,,
60923_16_T_1_WEOM_r1_Mag_04Mar24_300SA_p01_7_1_16797.d,/mnt/home/bmeluch/NMDC/nom_processing/monet_nom/raw/60923_16_T_1_WEOM_r1_Mag_04Mar24_300SA_p01_7_1_16797.d/60923_16_T_1_WEOM_r1_Mag_04Mar24_300SA_p01_7_1_16797.d,0,.d,Error processing 60923_16_T_1_WEOM_r1_Mag_04Mar24_300SA_p01_7_1_16797.d after 1 attempts: /mnt/home/bmeluch/NMDC/nom_processing/monet_nom/raw/60923_16_T_1_WEOM_r1_Mag_04Mar24_300SA_p01_7_1_16797.d/60923_16_T_1_WEOM_r1_Mag_04Mar24_300SA_p01_7_1_16797.d does not seem to be a valid Solarix Mass Spectrum,2026-07-07T19:29:21.950211,,,,
60923_20_B_3_WEOM_r1_Mag_04Mar24_300SA_p01_36_1_16795.d,/mnt/home/bmeluch/NMDC/nom_processing/monet_nom/raw/60923_20_B_3_WEOM_r1_Mag_04Mar24_300SA_p01_36_1_16795.d/60923_20_B_3_WEOM_r1_Mag_04Mar24_300SA_p01_36_1_16795.d,0,.d,Error processing 60923_20_B_3_WEOM_r1_Mag_04Mar24_300SA_p01_36_1_16795.d after 1 attempts: /mnt/home/bmeluch/NMDC/nom_processing/monet_nom/raw/60923_20_B_3_WEOM_r1_Mag_04Mar24_300SA_p01_36_1_16795.d/60923_20_B_3_WEOM_r1_Mag_04Mar24_300SA_p01_36_1_16795.d does not seem to be a valid Solarix Mass Spectrum,2026-07-07T19:27:57.362141,,,,
QC_SRFAII_23_01_10ppm_WEOM_r3_Mag_01May24_300SA_p01_54_1_18194.d,/mnt/home/bmeluch/NMDC/nom_processing/monet_nom/raw/QC_SRFAII_23_01_10ppm_WEOM_r3_Mag_01May24_300SA_p01_54_1_18194.d/QC_SRFAII_23_01_10ppm_WEOM_r3_Mag_01May24_300SA_p01_54_1_18194.d,0,.d,Error processing QC_SRFAII_23_01_10ppm_WEOM_r3_Mag_01May24_300SA_p01_54_1_18194.d after 1 attempts: /mnt/home/bmeluch/NMDC/nom_processing/monet_nom/raw/QC_SRFAII_23_01_10ppm_WEOM_r3_Mag_01May24_300SA_p01_54_1_18194.d/QC_SRFAII_23_01_10ppm_WEOM_r3_Mag_01May24_300SA_p01_54_1_18194.d does not seem to be a valid Solarix Mass Spectrum,2026-06-30T22:48:58.225889,,,,
60923_18_B_1_WEOM_r2_Mag_04Mar24_300SA_p01_22_1_16866.d,/mnt/home/bmeluch/NMDC/nom_processing/monet_nom/raw/60923_18_B_1_WEOM_r2_Mag_04Mar24_300SA_p01_22_1_16866.d/60923_18_B_1_WEOM_r2_Mag_04Mar24_300SA_p01_22_1_16866.d,0,.d,Error processing 60923_18_B_1_WEOM_r2_Mag_04Mar24_300SA_p01_22_1_16866.d after 1 attempts: /mnt/home/bmeluch/NMDC/nom_processing/monet_nom/raw/60923_18_B_1_WEOM_r2_Mag_04Mar24_300SA_p01_22_1_16866.d/60923_18_B_1_WEOM_r2_Mag_04Mar24_300SA_p01_22_1_16866.d does not seem to be a valid Solarix Mass Spectrum,2026-07-07T20:00:46.207428,,,,
QC_SRFAII_23_01_20ppm_r1_Mag_04Jan24_300SA_p01_54_1_14440.d,/mnt/home/bmeluch/NMDC/nom_processing/monet_nom/raw/QC_SRFAII_23_01_20ppm_r1_Mag_04Jan24_300SA_p01_54_1_14440.d/QC_SRFAII_23_01_20ppm_r1_Mag_04Jan24_300SA_p01_54_1_14440.d,0,.d,Error processing QC_SRFAII_23_01_20ppm_r1_Mag_04Jan24_300SA_p01_54_1_14440.d after 1 attempts: /mnt/home/bmeluch/NMDC/nom_processing/monet_nom/raw/QC_SRFAII_23_01_20ppm_r1_Mag_04Jan24_300SA_p01_54_1_14440.d/QC_SRFAII_23_01_20ppm_r1_Mag_04Jan24_300SA_p01_54_1_14440.d does not seem to be a valid Solarix Mass Spectrum,2026-06-30T22:48:58.531967,,,,
60886_5_B_3_WEOM_r2_Mag_10Mar24_300SA_p01_30_1_17181.d,/mnt/home/bmeluch/NMDC/nom_processing/monet_nom/raw/60886_5_B_3_WEOM_r2_Mag_10Mar24_300SA_p01_30_1_17181.d/60886_5_B_3_WEOM_r2_Mag_10Mar24_300SA_p01_30_1_17181.d,0,.d,Error processing 60886_5_B_3_WEOM_r2_Mag_10Mar24_300SA_p01_30_1_17181.d after 1 attempts: /mnt/home/bmeluch/NMDC/nom_processing/monet_nom/raw/60886_5_B_3_WEOM_r2_Mag_10Mar24_300SA_p01_30_1_17181.d/60886_5_B_3_WEOM_r2_Mag_10Mar24_300SA_p01_30_1_17181.d does not seem to be a valid Solarix Mass Spectrum,2026-07-08T18:18:16.440195,,,,
60886_3_T_1_WEOM_r3_Mag_10Mar24_300SA_p01_13_1_17264.d,/mnt/home/bmeluch/NMDC/nom_processing/monet_nom/raw/60886_3_T_1_WEOM_r3_Mag_10Mar24_300SA_p01_13_1_17264.d/60886_3_T_1_WEOM_r3_Mag_10Mar24_300SA_p01_13_1_17264.d,0,.d,Error processing 60886_3_T_1_WEOM_r3_Mag_10Mar24_300SA_p01_13_1_17264.d after 1 attempts: /mnt/home/bmeluch/NMDC/nom_processing/monet_nom/raw/60886_3_T_1_WEOM_r3_Mag_10Mar24_300SA_p01_13_1_17264.d/60886_3_T_1_WEOM_r3_Mag_10Mar24_300SA_p01_13_1_17264.d does not seem to be a valid Solarix Mass Spectrum,2026-07-08T19:37:44.030081,,,,
60923_18_B_1_WEOM_r3_Mag_04Mar24_300SA_p01_22_1_16906.d,/mnt/home/bmeluch/NMDC/nom_processing/monet_nom/raw/60923_18_B_1_WEOM_r3_Mag_04Mar24_300SA_p01_22_1_16906.d/60923_18_B_1_WEOM_r3_Mag_04Mar24_300SA_p01_22_1_16906.d,0,.d,Error processing 60923_18_B_1_WEOM_r3_Mag_04Mar24_300SA_p01_22_1_16906.d after 1 attempts: /mnt/home/bmeluch/NMDC/nom_processing/monet_nom/raw/60923_18_B_1_WEOM_r3_Mag_04Mar24_300SA_p01_22_1_16906.d/60923_18_B_1_WEOM_r3_Mag_04Mar24_300SA_p01_22_1_16906.d does not seem to be a valid Solarix Mass Spectrum,2026-07-07T20:20:17.399239,,,,
QC_SRFAII_23_01_10ppm_r3_Mag_18Jan24_300SA_p01_52_1_14903.d,/mnt/home/bmeluch/NMDC/nom_processing/monet_nom/raw/QC_SRFAII_23_01_10ppm_r3_Mag_18Jan24_300SA_p01_52_1_14903.d/QC_SRFAII_23_01_10ppm_r3_Mag_18Jan24_300SA_p01_52_1_14903.d,0,.d,Error processing QC_SRFAII_23_01_10ppm_r3_Mag_18Jan24_300SA_p01_52_1_14903.d after 1 attempts: /mnt/home/bmeluch/NMDC/nom_processing/monet_nom/raw/QC_SRFAII_23_01_10ppm_r3_Mag_18Jan24_300SA_p01_52_1_14903.d/QC_SRFAII_23_01_10ppm_r3_Mag_18Jan24_300SA_p01_52_1_14903.d does not seem to be a valid Solarix Mass Spectrum,2026-06-30T22:48:58.941889,,,,
QC_SRFAII_23_01_10ppm_WEOM_r2_Mag_04Mar24_300SA_p01_54_1_16902.d,/mnt/home/bmeluch/NMDC/nom_processing/monet_nom/raw/QC_SRFAII_23_01_10ppm_WEOM_r2_Mag_04Mar24_300SA_p01_54_1_16902.d/QC_SRFAII_23_01_10ppm_WEOM_r2_Mag_04Mar24_300SA_p01_54_1_16902.d,0,.d,Error processing QC_SRFAII_23_01_10ppm_WEOM_r2_Mag_04Mar24_300SA_p01_54_1_16902.d after 1 attempts: /mnt/home/bmeluch/NMDC/nom_processing/monet_nom/raw/QC_SRFAII_23_01_10ppm_WEOM_r2_Mag_04Mar24_300SA_p01_54_1_16902.d/QC_SRFAII_23_01_10ppm_WEOM_r2_Mag_04Mar24_300SA_p01_54_1_16902.d does not seem to be a valid Solarix Mass Spectrum,2026-06-30T22:48:59.182086,,,,
60942_1_B_2_WEOM_r1_Mag_07Mar24_300SA_p01_5_1_16998.d,/mnt/home/bmeluch/NMDC/nom_processing/monet_nom/raw/60942_1_B_2_WEOM_r1_Mag_07Mar24_300SA_p01_5_1_16998.d/60942_1_B_2_WEOM_r1_Mag_07Mar24_300SA_p01_5_1_16998.d,0,.d,Error processing 60942_1_B_2_WEOM_r1_Mag_07Mar24_300SA_p01_5_1_16998.d after 1 attempts: /mnt/home/bmeluch/NMDC/nom_processing/monet_nom/raw/60942_1_B_2_WEOM_r1_Mag_07Mar24_300SA_p01_5_1_16998.d/60942_1_B_2_WEOM_r1_Mag_07Mar24_300SA_p01_5_1_16998.d does not seem to be a valid Solarix Mass Spectrum,2026-07-07T22:12:30.524606,,,,
QC_SRFAII_23_01_10ppm_WEOM_r0_Mag_04Mar24_300SA_p01_54_1_16791.d,/mnt/home/bmeluch/NMDC/nom_processing/monet_nom/raw/QC_SRFAII_23_01_10ppm_WEOM_r0_Mag_04Mar24_300SA_p01_54_1_16791.d/QC_SRFAII_23_01_10ppm_WEOM_r0_Mag_04Mar24_300SA_p01_54_1_16791.d,0,.d,Error processing QC_SRFAII_23_01_10ppm_WEOM_r0_Mag_04Mar24_300SA_p01_54_1_16791.d after 1 attempts: /mnt/home/bmeluch/NMDC/nom_processing/monet_nom/raw/QC_SRFAII_23_01_10ppm_WEOM_r0_Mag_04Mar24_300SA_p01_54_1_16791.d/QC_SRFAII_23_01_10ppm_WEOM_r0_Mag_04Mar24_300SA_p01_54_1_16791.d does not seem to be a valid Solarix Mass Spectrum,2026-06-30T22:48:59.415624,,,,
60942_6_T_1_WEOM_r3_Mag_07Mar24_300SA_p01_30_1_17081.d,/mnt/home/bmeluch/NMDC/nom_processing/monet_nom/raw/60942_6_T_1_WEOM_r3_Mag_07Mar24_300SA_p01_30_1_17081.d/60942_6_T_1_WEOM_r3_Mag_07Mar24_300SA_p01_30_1_17081.d,0,.d,Error processing 60942_6_T_1_WEOM_r3_Mag_07Mar24_300SA_p01_30_1_17081.d after 1 attempts: /mnt/home/bmeluch/NMDC/nom_processing/monet_nom/raw/60942_6_T_1_WEOM_r3_Mag_07Mar24_300SA_p01_30_1_17081.d/60942_6_T_1_WEOM_r3_Mag_07Mar24_300SA_p01_30_1_17081.d does not seem to be a valid Solarix Mass Spectrum,2026-07-07T22:53:16.058104,,,,
60942_6_T_3_WEOM_r3_Mag_07Mar24_300SA_p01_32_1_17089.d,/mnt/home/bmeluch/NMDC/nom_processing/monet_nom/raw/60942_6_T_3_WEOM_r3_Mag_07Mar24_300SA_p01_32_1_17089.d/60942_6_T_3_WEOM_r3_Mag_07Mar24_300SA_p01_32_1_17089.d,0,.d,Error processing 60942_6_T_3_WEOM_r3_Mag_07Mar24_300SA_p01_32_1_17089.d after 1 attempts: /mnt/home/bmeluch/NMDC/nom_processing/monet_nom/raw/60942_6_T_3_WEOM_r3_Mag_07Mar24_300SA_p01_32_1_17089.d/60942_6_T_3_WEOM_r3_Mag_07Mar24_300SA_p01_32_1_17089.d does not seem to be a valid Solarix Mass Spectrum,2026-07-07T23:14:25.040335,,,,
60923_21_B_2_WEOM_r3_Mag_04Mar24_300SA_p01_41_1_16932.d,/mnt/home/bmeluch/NMDC/nom_processing/monet_nom/raw/60923_21_B_2_WEOM_r3_Mag_04Mar24_300SA_p01_41_1_16932.d/60923_21_B_2_WEOM_r3_Mag_04Mar24_300SA_p01_41_1_16932.d,0,.d,Error processing 60923_21_B_2_WEOM_r3_Mag_04Mar24_300SA_p01_41_1_16932.d after 1 attempts: /mnt/home/bmeluch/NMDC/nom_processing/monet_nom/raw/60923_21_B_2_WEOM_r3_Mag_04Mar24_300SA_p01_41_1_16932.d/60923_21_B_2_WEOM_r3_Mag_04Mar24_300SA_p01_41_1_16932.d does not seem to be a valid Solarix Mass Spectrum,2026-07-07T20:55:13.529911,,,,
60923_15_B_2_WEOM_r1_Mag_04Mar24_300SA_p01_5_1_16817.d,/mnt/home/bmeluch/NMDC/nom_processing/monet_nom/raw/60923_15_B_2_WEOM_r1_Mag_04Mar24_300SA_p01_5_1_16817.d/60923_15_B_2_WEOM_r1_Mag_04Mar24_300SA_p01_5_1_16817.d,0,.d,Error processing 60923_15_B_2_WEOM_r1_Mag_04Mar24_300SA_p01_5_1_16817.d after 1 attempts: /mnt/home/bmeluch/NMDC/nom_processing/monet_nom/raw/60923_15_B_2_WEOM_r1_Mag_04Mar24_300SA_p01_5_1_16817.d/60923_15_B_2_WEOM_r1_Mag_04Mar24_300SA_p01_5_1_16817.d does not seem to be a valid Solarix Mass Spectrum,2026-07-07T19:37:39.914230,,,,
QC_SRFAII_23_01_10ppm_r2_Mag_12Feb24_300SA_p01_54_1_15158.d,/mnt/home/bmeluch/NMDC/nom_processing/monet_nom/raw/QC_SRFAII_23_01_10ppm_r2_Mag_12Feb24_300SA_p01_54_1_15158.d/QC_SRFAII_23_01_10ppm_r2_Mag_12Feb24_300SA_p01_54_1_15158.d,0,.d,Error processing QC_SRFAII_23_01_10ppm_r2_Mag_12Feb24_300SA_p01_54_1_15158.d after 1 attempts: /mnt/home/bmeluch/NMDC/nom_processing/monet_nom/raw/QC_SRFAII_23_01_10ppm_r2_Mag_12Feb24_300SA_p01_54_1_15158.d/QC_SRFAII_23_01_10ppm_r2_Mag_12Feb24_300SA_p01_54_1_15158.d does not seem to be a valid Solarix Mass Spectrum,2026-06-30T22:48:59.628750,,,,
QC_SRFAII_23_01_20ppm_r3_Mag_04Jan24_300SA_p01_52_1_14689.d,/mnt/home/bmeluch/NMDC/nom_processing/monet_nom/raw/QC_SRFAII_23_01_20ppm_r3_Mag_04Jan24_300SA_p01_52_1_14689.d/QC_SRFAII_23_01_20ppm_r3_Mag_04Jan24_300SA_p01_52_1_14689.d,0,.d,Error processing QC_SRFAII_23_01_20ppm_r3_Mag_04Jan24_300SA_p01_52_1_14689.d after 1 attempts: /mnt/home/bmeluch/NMDC/nom_processing/monet_nom/raw/QC_SRFAII_23_01_20ppm_r3_Mag_04Jan24_300SA_p01_52_1_14689.d/QC_SRFAII_23_01_20ppm_r3_Mag_04Jan24_300SA_p01_52_1_14689.d does not seem to be a valid Solarix Mass Spectrum,2026-06-30T22:48:59.720083,,,,
60886_5_B_1_WEOM_r2_Mag_10Mar24_300SA_p01_28_1_17189.d,/mnt/home/bmeluch/NMDC/nom_processing/monet_nom/raw/60886_5_B_1_WEOM_r2_Mag_10Mar24_300SA_p01_28_1_17189.d/60886_5_B_1_WEOM_r2_Mag_10Mar24_300SA_p01_28_1_17189.d,0,.d,Error processing 60886_5_B_1_WEOM_r2_Mag_10Mar24_300SA_p01_28_1_17189.d after 1 attempts: /mnt/home/bmeluch/NMDC/nom_processing/monet_nom/raw/60886_5_B_1_WEOM_r2_Mag_10Mar24_300SA_p01_28_1_17189.d/60886_5_B_1_WEOM_r2_Mag_10Mar24_300SA_p01_28_1_17189.d does not seem to be a valid Solarix Mass Spectrum,2026-07-08T18:25:27.707840,,,,
60923_15_T_1_WEOM_r2_Mag_04Mar24_300SA_p01_1_1_16896.d,/mnt/home/bmeluch/NMDC/nom_processing/monet_nom/raw/60923_15_T_1_WEOM_r2_Mag_04Mar24_300SA_p01_1_1_16896.d/60923_15_T_1_WEOM_r2_Mag_04Mar24_300SA_p01_1_1_16896.d,0,.d,Error processing 60923_15_T_1_WEOM_r2_Mag_04Mar24_300SA_p01_1_1_16896.d after 1 attempts: /mnt/home/bmeluch/NMDC/nom_processing/monet_nom/raw/60923_15_T_1_WEOM_r2_Mag_04Mar24_300SA_p01_1_1_16896.d/60923_15_T_1_WEOM_r2_Mag_04Mar24_300SA_p01_1_1_16896.d does not seem to be a valid Solarix Mass Spectrum,2026-07-07T20:15:45.741958,,,,
60942_2_B_3_r1_Mag_07Mar24_300SA_p01_12_1_17005.d,/mnt/home/bmeluch/NMDC/nom_processing/monet_nom/raw/60942_2_B_3_WEOM_r1_Mag_07Mar24_300SA_p01_12_1_17005.d/60942_2_B_3_r1_Mag_07Mar24_300SA_p01_12_1_17005.d,0,.d,Error processing 60942_2_B_3_r1_Mag_07Mar24_300SA_p01_12_1_17005.d after 1 attempts: /mnt/home/bmeluch/NMDC/nom_processing/monet_nom/raw/60942_2_B_3_WEOM_r1_Mag_07Mar24_300SA_p01_12_1_17005.d/60942_2_B_3_r1_Mag_07Mar24_300SA_p01_12_1_17005.d does not seem to be a valid Solarix Mass Spectrum,2026-07-07T22:16:10.802061,,,,
60923_19_T_1_WEOM_r3_Mag_04Mar24_300SA_p01_25_1_16957.d,/mnt/home/bmeluch/NMDC/nom_processing/monet_nom/raw/60923_19_T_1_WEOM_r3_Mag_04Mar24_300SA_p01_25_1_16957.d/60923_19_T_1_WEOM_r3_Mag_04Mar24_300SA_p01_25_1_16957.d,0,.d,Error processing 60923_19_T_1_WEOM_r3_Mag_04Mar24_300SA_p01_25_1_16957.d after 1 attempts: /mnt/home/bmeluch/NMDC/nom_processing/monet_nom/raw/60923_19_T_1_WEOM_r3_Mag_04Mar24_300SA_p01_25_1_16957.d/60923_19_T_1_WEOM_r3_Mag_04Mar24_300SA_p01_25_1_16957.d does not seem to be a valid Solarix Mass Spectrum,2026-07-07T21:42:49.770923,,,,
QC_SRFAII_23_01_10ppm_WEOM_r1_Mag_04Mar24_300SA_p01_54_1_16814.d,/mnt/home/bmeluch/NMDC/nom_processing/monet_nom/raw/QC_SRFAII_23_01_10ppm_WEOM_r1_Mag_04Mar24_300SA_p01_54_1_16814.d/QC_SRFAII_23_01_10ppm_WEOM_r1_Mag_04Mar24_300SA_p01_54_1_16814.d,0,.d,Error processing QC_SRFAII_23_01_10ppm_WEOM_r1_Mag_04Mar24_300SA_p01_54_1_16814.d after 1 attempts: /mnt/home/bmeluch/NMDC/nom_processing/monet_nom/raw/QC_SRFAII_23_01_10ppm_WEOM_r1_Mag_04Mar24_300SA_p01_54_1_16814.d/QC_SRFAII_23_01_10ppm_WEOM_r1_Mag_04Mar24_300SA_p01_54_1_16814.d does not seem to be a valid Solarix Mass Spectrum,2026-06-30T22:48:59.958922,,,,
60942_4_B_2_WEOM_r3_Mag_07Mar24_300SA_p01_22_1_17088.d,/mnt/home/bmeluch/NMDC/nom_processing/monet_nom/raw/60942_4_B_2_WEOM_r3_Mag_07Mar24_300SA_p01_22_1_17088.d/60942_4_B_2_WEOM_r3_Mag_07Mar24_300SA_p01_22_1_17088.d,0,.d,Error processing 60942_4_B_2_WEOM_r3_Mag_07Mar24_300SA_p01_22_1_17088.d after 1 attempts: /mnt/home/bmeluch/NMDC/nom_processing/monet_nom/raw/60942_4_B_2_WEOM_r3_Mag_07Mar24_300SA_p01_22_1_17088.d/60942_4_B_2_WEOM_r3_Mag_07Mar24_300SA_p01_22_1_17088.d does not seem to be a valid Solarix Mass Spectrum,2026-07-07T23:08:31.996265,,,,
QC_SRFAII_23_01_10ppm_r2_Mag_12Feb24_300SA_p01_54_1_15136.d,/mnt/home/bmeluch/NMDC/nom_processing/monet_nom/raw/QC_SRFAII_23_01_10ppm_r2_Mag_12Feb24_300SA_p01_54_1_15136.d/QC_SRFAII_23_01_10ppm_r2_Mag_12Feb24_300SA_p01_54_1_15136.d,0,.d,Error processing QC_SRFAII_23_01_10ppm_r2_Mag_12Feb24_300SA_p01_54_1_15136.d after 1 attempts: /mnt/home/bmeluch/NMDC/nom_processing/monet_nom/raw/QC_SRFAII_23_01_10ppm_r2_Mag_12Feb24_300SA_p01_54_1_15136.d/QC_SRFAII_23_01_10ppm_r2_Mag_12Feb24_300SA_p01_54_1_15136.d does not seem to be a valid Solarix Mass Spectrum,2026-06-30T22:49:00.430534,,,,
QC_SRFAII_23_01_10ppm_WEOM_r1_Mag_10Mar24_300SA_p01_54_1_17164.d,/mnt/home/bmeluch/NMDC/nom_processing/monet_nom/raw/QC_SRFAII_23_01_10ppm_WEOM_r1_Mag_10Mar24_300SA_p01_54_1_17164.d/QC_SRFAII_23_01_10ppm_WEOM_r1_Mag_10Mar24_300SA_p01_54_1_17164.d,0,.d,Error processing QC_SRFAII_23_01_10ppm_WEOM_r1_Mag_10Mar24_300SA_p01_54_1_17164.d after 1 attempts: /mnt/home/bmeluch/NMDC/nom_processing/monet_nom/raw/QC_SRFAII_23_01_10ppm_WEOM_r1_Mag_10Mar24_300SA_p01_54_1_17164.d/QC_SRFAII_23_01_10ppm_WEOM_r1_Mag_10Mar24_300SA_p01_54_1_17164.d does not seem to be a valid Solarix Mass Spectrum,2026-06-30T22:49:00.826224,,,,
60923_18_B_3_WEOM_r3_Mag_04Mar24_300SA_p01_24_1_16961.d,/mnt/home/bmeluch/NMDC/nom_processing/monet_nom/raw/60923_18_B_3_WEOM_r3_Mag_04Mar24_300SA_p01_24_1_16961.d/60923_18_B_3_WEOM_r3_Mag_04Mar24_300SA_p01_24_1_16961.d,0,.d,Error processing 60923_18_B_3_WEOM_r3_Mag_04Mar24_300SA_p01_24_1_16961.d after 1 attempts: /mnt/home/bmeluch/NMDC/nom_processing/monet_nom/raw/60923_18_B_3_WEOM_r3_Mag_04Mar24_300SA_p01_24_1_16961.d/60923_18_B_3_WEOM_r3_Mag_04Mar24_300SA_p01_24_1_16961.d does not seem to be a valid Solarix Mass Spectrum,2026-07-07T21:49:44.121328,,,,
60923_16_T_1_WEOM_r3_Mag_04Mar24_300SA_p01_7_1_16917.d,/mnt/home/bmeluch/NMDC/nom_processing/monet_nom/raw/60923_16_T_1_WEOM_r3_Mag_04Mar24_300SA_p01_7_1_16917.d/60923_16_T_1_WEOM_r3_Mag_04Mar24_300SA_p01_7_1_16917.d,0,.d,Error processing 60923_16_T_1_WEOM_r3_Mag_04Mar24_300SA_p01_7_1_16917.d after 1 attempts: /mnt/home/bmeluch/NMDC/nom_processing/monet_nom/raw/60923_16_T_1_WEOM_r3_Mag_04Mar24_300SA_p01_7_1_16917.d/60923_16_T_1_WEOM_r3_Mag_04Mar24_300SA_p01_7_1_16917.d does not seem to be a valid Solarix Mass Spectrum,2026-07-07T20:27:21.671622,,,,
QC_SRFAII_23_01_10ppm_WEOM_r3_Mag_10Mar24_300SA_p01_54_1_17278.d,/mnt/home/bmeluch/NMDC/nom_processing/monet_nom/raw/QC_SRFAII_23_01_10ppm_WEOM_r3_Mag_10Mar24_300SA_p01_54_1_17278.d/QC_SRFAII_23_01_10ppm_WEOM_r3_Mag_10Mar24_300SA_p01_54_1_17278.d,0,.d,Error processing QC_SRFAII_23_01_10ppm_WEOM_r3_Mag_10Mar24_300SA_p01_54_1_17278.d after 1 attempts: /mnt/home/bmeluch/NMDC/nom_processing/monet_nom/raw/QC_SRFAII_23_01_10ppm_WEOM_r3_Mag_10Mar24_300SA_p01_54_1_17278.d/QC_SRFAII_23_01_10ppm_WEOM_r3_Mag_10Mar24_300SA_p01_54_1_17278.d does not seem to be a valid Solarix Mass Spectrum,2026-06-30T22:49:01.414446,,,,
QC_SRFAII_23_01_10ppm_r0_Mag_12Feb24_300SA_p01_54_1_15026.d,/mnt/home/bmeluch/NMDC/nom_processing/monet_nom/raw/QC_SRFAII_23_01_10ppm_r0_Mag_12Feb24_300SA_p01_54_1_15026.d/QC_SRFAII_23_01_10ppm_r0_Mag_12Feb24_300SA_p01_54_1_15026.d,0,.d,Error processing QC_SRFAII_23_01_10ppm_r0_Mag_12Feb24_300SA_p01_54_1_15026.d after 1 attempts: /mnt/home/bmeluch/NMDC/nom_processing/monet_nom/raw/QC_SRFAII_23_01_10ppm_r0_Mag_12Feb24_300SA_p01_54_1_15026.d/QC_SRFAII_23_01_10ppm_r0_Mag_12Feb24_300SA_p01_54_1_15026.d does not seem to be a valid Solarix Mass Spectrum,2026-06-30T22:49:01.588128,,,,
60886_6_T_2_WEOM_r3_Mag_10Mar24_300SA_p01_32_1_17246.d,/mnt/home/bmeluch/NMDC/nom_processing/monet_nom/raw/60886_6_T_2_WEOM_r3_Mag_10Mar24_300SA_p01_32_1_17246.d/60886_6_T_2_WEOM_r3_Mag_10Mar24_300SA_p01_32_1_17246.d,0,.d,Error processing 60886_6_T_2_WEOM_r3_Mag_10Mar24_300SA_p01_32_1_17246.d after 1 attempts: /mnt/home/bmeluch/NMDC/nom_processing/monet_nom/raw/60886_6_T_2_WEOM_r3_Mag_10Mar24_300SA_p01_32_1_17246.d/60886_6_T_2_WEOM_r3_Mag_10Mar24_300SA_p01_32_1_17246.d does not seem to be a valid Solarix Mass Spectrum,2026-07-08T19:21:22.680244,,,,
QC_SRFAII_23_01_10ppm_r2_Mag_16Feb24_300SA_p01_54_1_15405.d,/mnt/home/bmeluch/NMDC/nom_processing/monet_nom/raw/QC_SRFAII_23_01_10ppm_r2_Mag_16Feb24_300SA_p01_54_1_15405.d/QC_SRFAII_23_01_10ppm_r2_Mag_16Feb24_300SA_p01_54_1_15405.d,0,.d,Error processing QC_SRFAII_23_01_10ppm_r2_Mag_16Feb24_300SA_p01_54_1_15405.d after 1 attempts: /mnt/home/bmeluch/NMDC/nom_processing/monet_nom/raw/QC_SRFAII_23_01_10ppm_r2_Mag_16Feb24_300SA_p01_54_1_15405.d/QC_SRFAII_23_01_10ppm_r2_Mag_16Feb24_300SA_p01_54_1_15405.d does not seem to be a valid Solarix Mass Spectrum,2026-06-30T22:49:01.842046,,,,
60886_6_T_3_WEOM_r3_Mag_10Mar24_300SA_p01_33_1_17274.d,/mnt/home/bmeluch/NMDC/nom_processing/monet_nom/raw/60886_6_T_3_WEOM_r3_Mag_10Mar24_300SA_p01_33_1_17274.d/60886_6_T_3_WEOM_r3_Mag_10Mar24_300SA_p01_33_1_17274.d,0,.d,Error processing 60886_6_T_3_WEOM_r3_Mag_10Mar24_300SA_p01_33_1_17274.d after 1 attempts: /mnt/home/bmeluch/NMDC/nom_processing/monet_nom/raw/60886_6_T_3_WEOM_r3_Mag_10Mar24_300SA_p01_33_1_17274.d/60886_6_T_3_WEOM_r3_Mag_10Mar24_300SA_p01_33_1_17274.d does not seem to be a valid Solarix Mass Spectrum,2026-07-08T19:49:36.390452,,,,
60886_5_T_3_WEOM_r1_Mag_10Mar24_300SA_p01_27_1_17139.d,/mnt/home/bmeluch/NMDC/nom_processing/monet_nom/raw/60886_5_T_3_WEOM_r1_Mag_10Mar24_300SA_p01_27_1_17139.d/60886_5_T_3_WEOM_r1_Mag_10Mar24_300SA_p01_27_1_17139.d,0,.d,Error processing 60886_5_T_3_WEOM_r1_Mag_10Mar24_300SA_p01_27_1_17139.d after 1 attempts: /mnt/home/bmeluch/NMDC/nom_processing/monet_nom/raw/60886_5_T_3_WEOM_r1_Mag_10Mar24_300SA_p01_27_1_17139.d/60886_5_T_3_WEOM_r1_Mag_10Mar24_300SA_p01_27_1_17139.d does not seem to be a valid Solarix Mass Spectrum,2026-07-08T17:36:29.575305,,,,
QC_SRFAII_23_01_20ppm_r0_Mag_21Dec23_300SA_p01_54_1_13983.d,/mnt/home/bmeluch/NMDC/nom_processing/monet_nom/raw/QC_SRFAII_23_01_20ppm_r0_Mag_21Dec23_300SA_p01_54_1_13983.d/QC_SRFAII_23_01_20ppm_r0_Mag_21Dec23_300SA_p01_54_1_13983.d,0,.d,Error processing QC_SRFAII_23_01_20ppm_r0_Mag_21Dec23_300SA_p01_54_1_13983.d after 1 attempts: /mnt/home/bmeluch/NMDC/nom_processing/monet_nom/raw/QC_SRFAII_23_01_20ppm_r0_Mag_21Dec23_300SA_p01_54_1_13983.d/QC_SRFAII_23_01_20ppm_r0_Mag_21Dec23_300SA_p01_54_1_13983.d does not seem to be a valid Solarix Mass Spectrum,2026-06-30T22:49:02.197629,,,,
QC_SRFAII_23_01_20ppm_r2_Mag_18Jan24_300SA_p01_52_1_14857.d,/mnt/home/bmeluch/NMDC/nom_processing/monet_nom/raw/QC_SRFAII_23_01_20ppm_r2_Mag_18Jan24_300SA_p01_52_1_14857.d/QC_SRFAII_23_01_20ppm_r2_Mag_18Jan24_300SA_p01_52_1_14857.d,0,.d,Error processing QC_SRFAII_23_01_20ppm_r2_Mag_18Jan24_300SA_p01_52_1_14857.d after 1 attempts: /mnt/home/bmeluch/NMDC/nom_processing/monet_nom/raw/QC_SRFAII_23_01_20ppm_r2_Mag_18Jan24_300SA_p01_52_1_14857.d/QC_SRFAII_23_01_20ppm_r2_Mag_18Jan24_300SA_p01_52_1_14857.d does not seem to be a valid Solarix Mass Spectrum,2026-06-30T22:49:02.525181,,,,
60886_3_T_3_WEOM_r2_Mag_10Mar24_300SA_p01_15_1_17222.d,/mnt/home/bmeluch/NMDC/nom_processing/monet_nom/raw/60886_3_T_3_WEOM_r2_Mag_10Mar24_300SA_p01_15_1_17222.d/60886_3_T_3_WEOM_r2_Mag_10Mar24_300SA_p01_15_1_17222.d,0,.d,Error processing 60886_3_T_3_WEOM_r2_Mag_10Mar24_300SA_p01_15_1_17222.d after 1 attempts: /mnt/home/bmeluch/NMDC/nom_processing/monet_nom/raw/60886_3_T_3_WEOM_r2_Mag_10Mar24_300SA_p01_15_1_17222.d/60886_3_T_3_WEOM_r2_Mag_10Mar24_300SA_p01_15_1_17222.d does not seem to be a valid Solarix Mass Spectrum,2026-07-08T18:56:05.929229,,,,
60886_5_B_2_WEOM_r3_Mag_10Mar24_300SA_p01_29_1_17248.d,/mnt/home/bmeluch/NMDC/nom_processing/monet_nom/raw/60886_5_B_2_WEOM_r3_Mag_10Mar24_300SA_p01_29_1_17248.d/60886_5_B_2_WEOM_r3_Mag_10Mar24_300SA_p01_29_1_17248.d,0,.d,Error processing 60886_5_B_2_WEOM_r3_Mag_10Mar24_300SA_p01_29_1_17248.d after 1 attempts: /mnt/home/bmeluch/NMDC/nom_processing/monet_nom/raw/60886_5_B_2_WEOM_r3_Mag_10Mar24_300SA_p01_29_1_17248.d/60886_5_B_2_WEOM_r3_Mag_10Mar24_300SA_p01_29_1_17248.d does not seem to be a valid Solarix Mass Spectrum,2026-07-08T19:22:51.576575,,,,
QC_SRFAII_23_01_20ppm_r2_Mag_04Jan24_300SA_p01_54_1_14531.d,/mnt/home/bmeluch/NMDC/nom_processing/monet_nom/raw/QC_SRFAII_23_01_20ppm_r2_Mag_04Jan24_300SA_p01_54_1_14531.d/QC_SRFAII_23_01_20ppm_r2_Mag_04Jan24_300SA_p01_54_1_14531.d,0,.d,Error processing QC_SRFAII_23_01_20ppm_r2_Mag_04Jan24_300SA_p01_54_1_14531.d after 1 attempts: /mnt/home/bmeluch/NMDC/nom_processing/monet_nom/raw/QC_SRFAII_23_01_20ppm_r2_Mag_04Jan24_300SA_p01_54_1_14531.d/QC_SRFAII_23_01_20ppm_r2_Mag_04Jan24_300SA_p01_54_1_14531.d does not seem to be a valid Solarix Mass Spectrum,2026-06-30T22:49:02.804810,,,,
QC_SRFAII_23_01_10ppm_r3_Mag_18Jan24_300SA_p01_52_1_14925.d,/mnt/home/bmeluch/NMDC/nom_processing/monet_nom/raw/QC_SRFAII_23_01_10ppm_r3_Mag_18Jan24_300SA_p01_52_1_14925.d/QC_SRFAII_23_01_10ppm_r3_Mag_18Jan24_300SA_p01_52_1_14925.d,0,.d,Error processing QC_SRFAII_23_01_10ppm_r3_Mag_18Jan24_300SA_p01_52_1_14925.d after 1 attempts: /mnt/home/bmeluch/NMDC/nom_processing/monet_nom/raw/QC_SRFAII_23_01_10ppm_r3_Mag_18Jan24_300SA_p01_52_1_14925.d/QC_SRFAII_23_01_10ppm_r3_Mag_18Jan24_300SA_p01_52_1_14925.d does not seem to be a valid Solarix Mass Spectrum,2026-06-30T22:49:03.043207,,,,
60886_1_T_1_WEOM_r1_Mag_10Mar24_300SA_p01_1_1_17135.d,/mnt/home/bmeluch/NMDC/nom_processing/monet_nom/raw/60886_1_T_1_WEOM_r1_Mag_10Mar24_300SA_p01_1_1_17135.d/60886_1_T_1_WEOM_r1_Mag_10Mar24_300SA_p01_1_1_17135.d,0,.d,Error processing 60886_1_T_1_WEOM_r1_Mag_10Mar24_300SA_p01_1_1_17135.d after 1 attempts: /mnt/home/bmeluch/NMDC/nom_processing/monet_nom/raw/60886_1_T_1_WEOM_r1_Mag_10Mar24_300SA_p01_1_1_17135.d/60886_1_T_1_WEOM_r1_Mag_10Mar24_300SA_p01_1_1_17135.d does not seem to be a valid Solarix Mass Spectrum,2026-07-08T17:32:07.227250,,,,
60923_21_B_2_WEOM_r2_Mag_04Mar24_300SA_p01_41_1_16855.d,/mnt/home/bmeluch/NMDC/nom_processing/monet_nom/raw/60923_21_B_2_WEOM_r2_Mag_04Mar24_300SA_p01_41_1_16855.d/60923_21_B_2_WEOM_r2_Mag_04Mar24_300SA_p01_41_1_16855.d,0,.d,Error processing 60923_21_B_2_WEOM_r2_Mag_04Mar24_300SA_p01_41_1_16855.d after 1 attempts: /mnt/home/bmeluch/NMDC/nom_processing/monet_nom/raw/60923_21_B_2_WEOM_r2_Mag_04Mar24_300SA_p01_41_1_16855.d/60923_21_B_2_WEOM_r2_Mag_04Mar24_300SA_p01_41_1_16855.d does not seem to be a valid Solarix Mass Spectrum,2026-07-07T19:56:18.651346,,,,
QC_SRFAII_23_01_10ppm_WEOM_r1_Mag_10Mar24_300SA_p01_54_1_17110.d,/mnt/home/bmeluch/NMDC/nom_processing/monet_nom/raw/QC_SRFAII_23_01_10ppm_WEOM_r1_Mag_10Mar24_300SA_p01_54_1_17110.d/QC_SRFAII_23_01_10ppm_WEOM_r1_Mag_10Mar24_300SA_p01_54_1_17110.d,0,.d,Error processing QC_SRFAII_23_01_10ppm_WEOM_r1_Mag_10Mar24_300SA_p01_54_1_17110.d after 1 attempts: /mnt/home/bmeluch/NMDC/nom_processing/monet_nom/raw/QC_SRFAII_23_01_10ppm_WEOM_r1_Mag_10Mar24_300SA_p01_54_1_17110.d/QC_SRFAII_23_01_10ppm_WEOM_r1_Mag_10Mar24_300SA_p01_54_1_17110.d does not seem to be a valid Solarix Mass Spectrum,2026-06-30T22:49:03.486341,,,,
60942_1_T_3_WEOM_r3_Mag_07Mar24_300SA_p01_3_1_17063.d,/mnt/home/bmeluch/NMDC/nom_processing/monet_nom/raw/60942_1_T_3_WEOM_r3_Mag_07Mar24_300SA_p01_3_1_17063.d/60942_1_T_3_WEOM_r3_Mag_07Mar24_300SA_p01_3_1_17063.d,0,.d,Error processing 60942_1_T_3_WEOM_r3_Mag_07Mar24_300SA_p01_3_1_17063.d after 1 attempts: /mnt/home/bmeluch/NMDC/nom_processing/monet_nom/raw/60942_1_T_3_WEOM_r3_Mag_07Mar24_300SA_p01_3_1_17063.d/60942_1_T_3_WEOM_r3_Mag_07Mar24_300SA_p01_3_1_17063.d does not seem to be a valid Solarix Mass Spectrum,2026-07-07T22:40:38.948964,,,,
60942_1_T_2_WEOM_r3_Mag_07Mar24_300SA_p01_2_1_17092.d,/mnt/home/bmeluch/NMDC/nom_processing/monet_nom/raw/60942_1_T_2_WEOM_r3_Mag_07Mar24_300SA_p01_2_1_17092.d/60942_1_T_2_WEOM_r3_Mag_07Mar24_300SA_p01_2_1_17092.d,0,.d,Error processing 60942_1_T_2_WEOM_r3_Mag_07Mar24_300SA_p01_2_1_17092.d after 1 attempts: /mnt/home/bmeluch/NMDC/nom_processing/monet_nom/raw/60942_1_T_2_WEOM_r3_Mag_07Mar24_300SA_p01_2_1_17092.d/60942_1_T_2_WEOM_r3_Mag_07Mar24_300SA_p01_2_1_17092.d does not seem to be a valid Solarix Mass Spectrum,2026-07-07T23:25:27.036964,,,,
60942_3_T_1_WEOM_r2_Mag_07Mar24_300SA_p01_13_1_17034.d,/mnt/home/bmeluch/NMDC/nom_processing/monet_nom/raw/60942_3_T_1_WEOM_r2_Mag_07Mar24_300SA_p01_13_1_17034.d/60942_3_T_1_WEOM_r2_Mag_07Mar24_300SA_p01_13_1_17034.d,0,.d,Error processing 60942_3_T_1_WEOM_r2_Mag_07Mar24_300SA_p01_13_1_17034.d after 1 attempts: /mnt/home/bmeluch/NMDC/nom_processing/monet_nom/raw/60942_3_T_1_WEOM_r2_Mag_07Mar24_300SA_p01_13_1_17034.d/60942_3_T_1_WEOM_r2_Mag_07Mar24_300SA_p01_13_1_17034.d does not seem to be a valid Solarix Mass Spectrum,2026-07-07T22:27:56.039762,,,,
QC_SRFAII_23_01_20ppm_r1_Mag_18Jan24_300SA_p01_54_1_14737.d,/mnt/home/bmeluch/NMDC/nom_processing/monet_nom/raw/QC_SRFAII_23_01_20ppm_r1_Mag_18Jan24_300SA_p01_54_1_14737.d/QC_SRFAII_23_01_20ppm_r1_Mag_18Jan24_300SA_p01_54_1_14737.d,0,.d,Error processing QC_SRFAII_23_01_20ppm_r1_Mag_18Jan24_300SA_p01_54_1_14737.d after 1 attempts: /mnt/home/bmeluch/NMDC/nom_processing/monet_nom/raw/QC_SRFAII_23_01_20ppm_r1_Mag_18Jan24_300SA_p01_54_1_14737.d/QC_SRFAII_23_01_20ppm_r1_Mag_18Jan24_300SA_p01_54_1_14737.d does not seem to be a valid Solarix Mass Spectrum,2026-06-30T22:49:04.240348,,,,
60923_16_B_3_WEOM_r1_Mag_04Mar24_300SA_p01_12_1_16825.d,/mnt/home/bmeluch/NMDC/nom_processing/monet_nom/raw/60923_16_B_3_WEOM_r1_Mag_04Mar24_300SA_p01_12_1_16825.d/60923_16_B_3_WEOM_r1_Mag_04Mar24_300SA_p01_12_1_16825.d,0,.d,Error processing 60923_16_B_3_WEOM_r1_Mag_04Mar24_300SA_p01_12_1_16825.d after 1 attempts: /mnt/home/bmeluch/NMDC/nom_processing/monet_nom/raw/60923_16_B_3_WEOM_r1_Mag_04Mar24_300SA_p01_12_1_16825.d/60923_16_B_3_WEOM_r1_Mag_04Mar24_300SA_p01_12_1_16825.d does not seem to be a valid Solarix Mass Spectrum,2026-07-07T19:42:15.648900,,,,
QC_SRFAII_23_01_20ppm_r0_Mag_18Jan24_300SA_p01_54_1_14693.d,/mnt/home/bmeluch/NMDC/nom_processing/monet_nom/raw/QC_SRFAII_23_01_20ppm_r0_Mag_18Jan24_300SA_p01_54_1_14693.d/QC_SRFAII_23_01_20ppm_r0_Mag_18Jan24_300SA_p01_54_1_14693.d,0,.d,Error processing QC_SRFAII_23_01_20ppm_r0_Mag_18Jan24_300SA_p01_54_1_14693.d after 1 attempts: /mnt/home/bmeluch/NMDC/nom_processing/monet_nom/raw/QC_SRFAII_23_01_20ppm_r0_Mag_18Jan24_300SA_p01_54_1_14693.d/QC_SRFAII_23_01_20ppm_r0_Mag_18Jan24_300SA_p01_54_1_14693.d does not seem to be a valid Solarix Mass Spectrum,2026-06-30T22:49:04.439562,,,,
60886_3_B_2_WEOM_r2_Mag_10Mar24_300SA_p01_17_1_17193.d,/mnt/home/bmeluch/NMDC/nom_processing/monet_nom/raw/60886_3_B_2_WEOM_r2_Mag_10Mar24_300SA_p01_17_1_17193.d/60886_3_B_2_WEOM_r2_Mag_10Mar24_300SA_p01_17_1_17193.d,0,.d,Error processing 60886_3_B_2_WEOM_r2_Mag_10Mar24_300SA_p01_17_1_17193.d after 1 attempts: /mnt/home/bmeluch/NMDC/nom_processing/monet_nom/raw/60886_3_B_2_WEOM_r2_Mag_10Mar24_300SA_p01_17_1_17193.d/60886_3_B_2_WEOM_r2_Mag_10Mar24_300SA_p01_17_1_17193.d does not seem to be a valid Solarix Mass Spectrum,2026-07-08T18:28:19.044635,,,,
60942_1_T_1_WEOM_r1_Mag_07Mar24_300SA_p01_1_1_16994.d,/mnt/home/bmeluch/NMDC/nom_processing/monet_nom/raw/60942_1_T_1_WEOM_r1_Mag_07Mar24_300SA_p01_1_1_16994.d/60942_1_T_1_WEOM_r1_Mag_07Mar24_300SA_p01_1_1_16994.d,0,.d,Error processing 60942_1_T_1_WEOM_r1_Mag_07Mar24_300SA_p01_1_1_16994.d after 1 attempts: /mnt/home/bmeluch/NMDC/nom_processing/monet_nom/raw/60942_1_T_1_WEOM_r1_Mag_07Mar24_300SA_p01_1_1_16994.d/60942_1_T_1_WEOM_r1_Mag_07Mar24_300SA_p01_1_1_16994.d does not seem to be a valid Solarix Mass Spectrum,2026-07-07T22:10:02.479310,,,,
60942_1_T_1_WEOM_r3_Mag_07Mar24_300SA_p01_1_1_17077.d,/mnt/home/bmeluch/NMDC/nom_processing/monet_nom/raw/60942_1_T_1_WEOM_r3_Mag_07Mar24_300SA_p01_1_1_17077.d/60942_1_T_1_WEOM_r3_Mag_07Mar24_300SA_p01_1_1_17077.d,0,.d,Error processing 60942_1_T_1_WEOM_r3_Mag_07Mar24_300SA_p01_1_1_17077.d after 1 attempts: /mnt/home/bmeluch/NMDC/nom_processing/monet_nom/raw/60942_1_T_1_WEOM_r3_Mag_07Mar24_300SA_p01_1_1_17077.d/60942_1_T_1_WEOM_r3_Mag_07Mar24_300SA_p01_1_1_17077.d does not seem to be a valid Solarix Mass Spectrum,2026-07-07T22:47:24.688435,,,,
60923_20_B_2_WEOM_r2_Mag_04Mar24_300SA_p01_35_1_16862.d,/mnt/home/bmeluch/NMDC/nom_processing/monet_nom/raw/60923_20_B_2_WEOM_r2_Mag_04Mar24_300SA_p01_35_1_16862.d/60923_20_B_2_WEOM_r2_Mag_04Mar24_300SA_p01_35_1_16862.d,0,.d,Error processing 60923_20_B_2_WEOM_r2_Mag_04Mar24_300SA_p01_35_1_16862.d after 1 attempts: /mnt/home/bmeluch/NMDC/nom_processing/monet_nom/raw/60923_20_B_2_WEOM_r2_Mag_04Mar24_300SA_p01_35_1_16862.d/60923_20_B_2_WEOM_r2_Mag_04Mar24_300SA_p01_35_1_16862.d does not seem to be a valid Solarix Mass Spectrum,2026-07-07T19:58:50.819400,,,,
60923_21_T_3_WEOM_r1_Mag_04Mar24_300SA_p01_39_1_16804.d,/mnt/home/bmeluch/NMDC/nom_processing/monet_nom/raw/60923_21_T_3_WEOM_r1_Mag_04Mar24_300SA_p01_39_1_16804.d/60923_21_T_3_WEOM_r1_Mag_04Mar24_300SA_p01_39_1_16804.d,0,.d,Error processing 60923_21_T_3_WEOM_r1_Mag_04Mar24_300SA_p01_39_1_16804.d after 1 attempts: /mnt/home/bmeluch/NMDC/nom_processing/monet_nom/raw/60923_21_T_3_WEOM_r1_Mag_04Mar24_300SA_p01_39_1_16804.d/60923_21_T_3_WEOM_r1_Mag_04Mar24_300SA_p01_39_1_16804.d does not seem to be a valid Solarix Mass Spectrum,2026-07-07T19:32:36.618213,,,,
QC_SRFAII_23_01_20ppm_r2_Mag_18Jan24_300SA_p01_54_1_14797.d,/mnt/home/bmeluch/NMDC/nom_processing/monet_nom/raw/QC_SRFAII_23_01_20ppm_r2_Mag_18Jan24_300SA_p01_54_1_14797.d/QC_SRFAII_23_01_20ppm_r2_Mag_18Jan24_300SA_p01_54_1_14797.d,0,.d,Error processing QC_SRFAII_23_01_20ppm_r2_Mag_18Jan24_300SA_p01_54_1_14797.d after 1 attempts: /mnt/home/bmeluch/NMDC/nom_processing/monet_nom/raw/QC_SRFAII_23_01_20ppm_r2_Mag_18Jan24_300SA_p01_54_1_14797.d/QC_SRFAII_23_01_20ppm_r2_Mag_18Jan24_300SA_p01_54_1_14797.d does not seem to be a valid Solarix Mass Spectrum,2026-06-30T22:49:04.623584,,,,
60942_1_T_2_WEOM_r2_Mag_07Mar24_300SA_p01_2_1_17033.d,/mnt/home/bmeluch/NMDC/nom_processing/monet_nom/raw/60942_1_T_2_WEOM_r2_Mag_07Mar24_300SA_p01_2_1_17033.d/60942_1_T_2_WEOM_r2_Mag_07Mar24_300SA_p01_2_1_17033.d,0,.d,Error processing 60942_1_T_2_WEOM_r2_Mag_07Mar24_300SA_p01_2_1_17033.d after 1 attempts: /mnt/home/bmeluch/NMDC/nom_processing/monet_nom/raw/60942_1_T_2_WEOM_r2_Mag_07Mar24_300SA_p01_2_1_17033.d/60942_1_T_2_WEOM_r2_Mag_07Mar24_300SA_p01_2_1_17033.d does not seem to be a valid Solarix Mass Spectrum,2026-07-07T22:27:20.447481,,,,
QC_SRFAII_23_01_10ppm_r1_Mag_16Feb24_300SA_p01_54_1_15383.d,/mnt/home/bmeluch/NMDC/nom_processing/monet_nom/raw/QC_SRFAII_23_01_10ppm_r1_Mag_16Feb24_300SA_p01_54_1_15383.d/QC_SRFAII_23_01_10ppm_r1_Mag_16Feb24_300SA_p01_54_1_15383.d,0,.d,Error processing QC_SRFAII_23_01_10ppm_r1_Mag_16Feb24_300SA_p01_54_1_15383.d after 1 attempts: /mnt/home/bmeluch/NMDC/nom_processing/monet_nom/raw/QC_SRFAII_23_01_10ppm_r1_Mag_16Feb24_300SA_p01_54_1_15383.d/QC_SRFAII_23_01_10ppm_r1_Mag_16Feb24_300SA_p01_54_1_15383.d does not seem to be a valid Solarix Mass Spectrum,2026-06-30T22:49:04.674899,,,,
60923_21_B_2_WEOM_r1_Mag_04Mar24_300SA_p01_41_1_16826.d,/mnt/home/bmeluch/NMDC/nom_processing/monet_nom/raw/60923_21_B_2_WEOM_r1_Mag_04Mar24_300SA_p01_41_1_16826.d/60923_21_B_2_WEOM_r1_Mag_04Mar24_300SA_p01_41_1_16826.d,0,.d,Error processing 60923_21_B_2_WEOM_r1_Mag_04Mar24_300SA_p01_41_1_16826.d after 1 attempts: /mnt/home/bmeluch/NMDC/nom_processing/monet_nom/raw/60923_21_B_2_WEOM_r1_Mag_04Mar24_300SA_p01_41_1_16826.d/60923_21_B_2_WEOM_r1_Mag_04Mar24_300SA_p01_41_1_16826.d does not seem to be a valid Solarix Mass Spectrum,2026-07-07T19:42:57.396955,,,,
60886_1_B_1_WEOM_r1_Mag_10Mar24_300SA_p01_4_1_17147.d,/mnt/home/bmeluch/NMDC/nom_processing/monet_nom/raw/60886_1_B_1_WEOM_r1_Mag_10Mar24_300SA_p01_4_1_17147.d/60886_1_B_1_WEOM_r1_Mag_10Mar24_300SA_p01_4_1_17147.d,0,.d,Error processing 60886_1_B_1_WEOM_r1_Mag_10Mar24_300SA_p01_4_1_17147.d after 1 attempts: /mnt/home/bmeluch/NMDC/nom_processing/monet_nom/raw/60886_1_B_1_WEOM_r1_Mag_10Mar24_300SA_p01_4_1_17147.d/60886_1_B_1_WEOM_r1_Mag_10Mar24_300SA_p01_4_1_17147.d does not seem to be a valid Solarix Mass Spectrum,2026-07-08T17:43:54.038326,,,,
60923_17_B_2_WEOM_r2_Mag_04Mar24_300SA_p01_17_1_16850.d,/mnt/home/bmeluch/NMDC/nom_processing/monet_nom/raw/60923_17_B_2_WEOM_r2_Mag_04Mar24_300SA_p01_17_1_16850.d/60923_17_B_2_WEOM_r2_Mag_04Mar24_300SA_p01_17_1_16850.d,0,.d,Error processing 60923_17_B_2_WEOM_r2_Mag_04Mar24_300SA_p01_17_1_16850.d after 1 attempts: /mnt/home/bmeluch/NMDC/nom_processing/monet_nom/raw/60923_17_B_2_WEOM_r2_Mag_04Mar24_300SA_p01_17_1_16850.d/60923_17_B_2_WEOM_r2_Mag_04Mar24_300SA_p01_17_1_16850.d does not seem to be a valid Solarix Mass Spectrum,2026-07-07T19:53:43.395297,,,,
60886_1_B_1_WEOM_r2_Mag_10Mar24_300SA_p01_4_1_17205.d,/mnt/home/bmeluch/NMDC/nom_processing/monet_nom/raw/60886_1_B_1_WEOM_r2_Mag_10Mar24_300SA_p01_4_1_17205.d/60886_1_B_1_WEOM_r2_Mag_10Mar24_300SA_p01_4_1_17205.d,0,.d,Error processing 60886_1_B_1_WEOM_r2_Mag_10Mar24_300SA_p01_4_1_17205.d after 1 attempts: /mnt/home/bmeluch/NMDC/nom_processing/monet_nom/raw/60886_1_B_1_WEOM_r2_Mag_10Mar24_300SA_p01_4_1_17205.d/60886_1_B_1_WEOM_r2_Mag_10Mar24_300SA_p01_4_1_17205.d does not seem to be a valid Solarix Mass Spectrum,2026-07-08T18:41:18.939066,,,,
60923_16_B_1_WEOM_r3_Mag_04Mar24_300SA_p01_10_1_16960.d,/mnt/home/bmeluch/NMDC/nom_processing/monet_nom/raw/60923_16_B_1_WEOM_r3_Mag_04Mar24_300SA_p01_10_1_16960.d/60923_16_B_1_WEOM_r3_Mag_04Mar24_300SA_p01_10_1_16960.d,0,.d,Error processing 60923_16_B_1_WEOM_r3_Mag_04Mar24_300SA_p01_10_1_16960.d after 1 attempts: /mnt/home/bmeluch/NMDC/nom_processing/monet_nom/raw/60923_16_B_1_WEOM_r3_Mag_04Mar24_300SA_p01_10_1_16960.d/60923_16_B_1_WEOM_r3_Mag_04Mar24_300SA_p01_10_1_16960.d does not seem to be a valid Solarix Mass Spectrum,2026-07-07T21:47:30.587532,,,,
60942_3_T_2_WEOM_r3_Mag_07Mar24_300SA_p01_14_1_17080.d,/mnt/home/bmeluch/NMDC/nom_processing/monet_nom/raw/60942_3_T_2_WEOM_r3_Mag_07Mar24_300SA_p01_14_1_17080.d/60942_3_T_2_WEOM_r3_Mag_07Mar24_300SA_p01_14_1_17080.d,0,.d,Error processing 60942_3_T_2_WEOM_r3_Mag_07Mar24_300SA_p01_14_1_17080.d after 1 attempts: /mnt/home/bmeluch/NMDC/nom_processing/monet_nom/raw/60942_3_T_2_WEOM_r3_Mag_07Mar24_300SA_p01_14_1_17080.d/60942_3_T_2_WEOM_r3_Mag_07Mar24_300SA_p01_14_1_17080.d does not seem to be a valid Solarix Mass Spectrum,2026-07-07T22:51:31.041693,,,,
60886_1_B_2_WEOM_r3_Mag_10Mar24_300SA_p01_5_1_17250.d,/mnt/home/bmeluch/NMDC/nom_processing/monet_nom/raw/60886_1_B_2_WEOM_r3_Mag_10Mar24_300SA_p01_5_1_17250.d/60886_1_B_2_WEOM_r3_Mag_10Mar24_300SA_p01_5_1_17250.d,0,.d,Error processing 60886_1_B_2_WEOM_r3_Mag_10Mar24_300SA_p01_5_1_17250.d after 1 attempts: /mnt/home/bmeluch/NMDC/nom_processing/monet_nom/raw/60886_1_B_2_WEOM_r3_Mag_10Mar24_300SA_p01_5_1_17250.d/60886_1_B_2_WEOM_r3_Mag_10Mar24_300SA_p01_5_1_17250.d does not seem to be a valid Solarix Mass Spectrum,2026-07-08T19:25:50.049082,,,,
QC_SRFAII_23_01_10ppm_WEOM_r2_Mag_04Mar24_300SA_p01_54_1_16858.d,/mnt/home/bmeluch/NMDC/nom_processing/monet_nom/raw/QC_SRFAII_23_01_10ppm_WEOM_r2_Mag_04Mar24_300SA_p01_54_1_16858.d/QC_SRFAII_23_01_10ppm_WEOM_r2_Mag_04Mar24_300SA_p01_54_1_16858.d,0,.d,Error processing QC_SRFAII_23_01_10ppm_WEOM_r2_Mag_04Mar24_300SA_p01_54_1_16858.d after 1 attempts: /mnt/home/bmeluch/NMDC/nom_processing/monet_nom/raw/QC_SRFAII_23_01_10ppm_WEOM_r2_Mag_04Mar24_300SA_p01_54_1_16858.d/QC_SRFAII_23_01_10ppm_WEOM_r2_Mag_04Mar24_300SA_p01_54_1_16858.d does not seem to be a valid Solarix Mass Spectrum,2026-06-30T22:49:04.813138,,,,
60886_1_T_3_WEOM_r2_Mag_10Mar24_300SA_p01_3_1_17196.d,/mnt/home/bmeluch/NMDC/nom_processing/monet_nom/raw/60886_1_T_3_WEOM_r2_Mag_10Mar24_300SA_p01_3_1_17196.d/60886_1_T_3_WEOM_r2_Mag_10Mar24_300SA_p01_3_1_17196.d,0,.d,Error processing 60886_1_T_3_WEOM_r2_Mag_10Mar24_300SA_p01_3_1_17196.d after 1 attempts: /mnt/home/bmeluch/NMDC/nom_processing/monet_nom/raw/60886_1_T_3_WEOM_r2_Mag_10Mar24_300SA_p01_3_1_17196.d/60886_1_T_3_WEOM_r2_Mag_10Mar24_300SA_p01_3_1_17196.d does not seem to be a valid Solarix Mass Spectrum,2026-07-08T18:32:36.117445,,,,
QC_SRFAII_23_01_20ppm_r1_Mag_21Dec23_300SA_p01_54_1_14008.d,/mnt/home/bmeluch/NMDC/nom_processing/monet_nom/raw/QC_SRFAII_23_01_20ppm_r1_Mag_21Dec23_300SA_p01_54_1_14008.d/QC_SRFAII_23_01_20ppm_r1_Mag_21Dec23_300SA_p01_54_1_14008.d,0,.d,Error processing QC_SRFAII_23_01_20ppm_r1_Mag_21Dec23_300SA_p01_54_1_14008.d after 1 attempts: /mnt/home/bmeluch/NMDC/nom_processing/monet_nom/raw/QC_SRFAII_23_01_20ppm_r1_Mag_21Dec23_300SA_p01_54_1_14008.d/QC_SRFAII_23_01_20ppm_r1_Mag_21Dec23_300SA_p01_54_1_14008.d does not seem to be a valid Solarix Mass Spectrum,2026-06-30T22:49:04.912452,,,,
QC_SRFAII_23_01_20ppm_r1_Mag_18Jan24_300SA_p01_54_1_14715.d,/mnt/home/bmeluch/NMDC/nom_processing/monet_nom/raw/QC_SRFAII_23_01_20ppm_r1_Mag_18Jan24_300SA_p01_54_1_14715.d/QC_SRFAII_23_01_20ppm_r1_Mag_18Jan24_300SA_p01_54_1_14715.d,0,.d,Error processing QC_SRFAII_23_01_20ppm_r1_Mag_18Jan24_300SA_p01_54_1_14715.d after 1 attempts: /mnt/home/bmeluch/NMDC/nom_processing/monet_nom/raw/QC_SRFAII_23_01_20ppm_r1_Mag_18Jan24_300SA_p01_54_1_14715.d/QC_SRFAII_23_01_20ppm_r1_Mag_18Jan24_300SA_p01_54_1_14715.d does not seem to be a valid Solarix Mass Spectrum,2026-06-30T22:49:04.985121,,,,
60923_17_T_3_WEOM_r2_Mag_04Mar24_300SA_p01_15_1_16851.d,/mnt/home/bmeluch/NMDC/nom_processing/monet_nom/raw/60923_17_T_3_WEOM_r2_Mag_04Mar24_300SA_p01_15_1_16851.d/60923_17_T_3_WEOM_r2_Mag_04Mar24_300SA_p01_15_1_16851.d,0,.d,Error processing 60923_17_T_3_WEOM_r2_Mag_04Mar24_300SA_p01_15_1_16851.d after 1 attempts: /mnt/home/bmeluch/NMDC/nom_processing/monet_nom/raw/60923_17_T_3_WEOM_r2_Mag_04Mar24_300SA_p01_15_1_16851.d/60923_17_T_3_WEOM_r2_Mag_04Mar24_300SA_p01_15_1_16851.d does not seem to be a valid Solarix Mass Spectrum,2026-07-07T19:54:21.727314,,,,
QC_SRFAII_23_01_10ppm_WEOM_r2_Mag_10Mar24_300SA_p01_54_1_17186.d,/mnt/home/bmeluch/NMDC/nom_processing/monet_nom/raw/QC_SRFAII_23_01_10ppm_WEOM_r2_Mag_10Mar24_300SA_p01_54_1_17186.d/QC_SRFAII_23_01_10ppm_WEOM_r2_Mag_10Mar24_300SA_p01_54_1_17186.d,0,.d,Error processing QC_SRFAII_23_01_10ppm_WEOM_r2_Mag_10Mar24_300SA_p01_54_1_17186.d after 1 attempts: /mnt/home/bmeluch/NMDC/nom_processing/monet_nom/raw/QC_SRFAII_23_01_10ppm_WEOM_r2_Mag_10Mar24_300SA_p01_54_1_17186.d/QC_SRFAII_23_01_10ppm_WEOM_r2_Mag_10Mar24_300SA_p01_54_1_17186.d does not seem to be a valid Solarix Mass Spectrum,2026-06-30T22:49:05.063343,,,,
60942_2_B_3_WEOM_r2_Mag_07Mar24_300SA_p01_12_1_17056.d,/mnt/home/bmeluch/NMDC/nom_processing/monet_nom/raw/60942_2_B_3_WEOM_r2_Mag_07Mar24_300SA_p01_12_1_17056.d/60942_2_B_3_WEOM_r2_Mag_07Mar24_300SA_p01_12_1_17056.d,0,.d,Error processing 60942_2_B_3_WEOM_r2_Mag_07Mar24_300SA_p01_12_1_17056.d after 1 attempts: /mnt/home/bmeluch/NMDC/nom_processing/monet_nom/raw/60942_2_B_3_WEOM_r2_Mag_07Mar24_300SA_p01_12_1_17056.d/60942_2_B_3_WEOM_r2_Mag_07Mar24_300SA_p01_12_1_17056.d does not seem to be a valid Solarix Mass Spectrum,2026-07-07T22:37:38.634584,,,,
60942_5_T_2_WEOM_r2_Mag_07Mar24_300SA_p01_25_1_17037.d,/mnt/home/bmeluch/NMDC/nom_processing/monet_nom/raw/60942_5_T_2_WEOM_r2_Mag_07Mar24_300SA_p01_25_1_17037.d/60942_5_T_2_WEOM_r2_Mag_07Mar24_300SA_p01_25_1_17037.d,0,.d,Error processing 60942_5_T_2_WEOM_r2_Mag_07Mar24_300SA_p01_25_1_17037.d after 1 attempts: /mnt/home/bmeluch/NMDC/nom_processing/monet_nom/raw/60942_5_T_2_WEOM_r2_Mag_07Mar24_300SA_p01_25_1_17037.d/60942_5_T_2_WEOM_r2_Mag_07Mar24_300SA_p01_25_1_17037.d does not seem to be a valid Solarix Mass Spectrum,2026-07-07T22:29:08.772253,,,,
QC_SRFAII_23_01_10ppm_r0_Mag_12Feb24_300SA_p01_54_1_15025.d,/mnt/home/bmeluch/NMDC/nom_processing/monet_nom/raw/QC_SRFAII_23_01_10ppm_r0_Mag_12Feb24_300SA_p01_54_1_15025.d/QC_SRFAII_23_01_10ppm_r0_Mag_12Feb24_300SA_p01_54_1_15025.d,0,.d,Error processing QC_SRFAII_23_01_10ppm_r0_Mag_12Feb24_300SA_p01_54_1_15025.d after 1 attempts: /mnt/home/bmeluch/NMDC/nom_processing/monet_nom/raw/QC_SRFAII_23_01_10ppm_r0_Mag_12Feb24_300SA_p01_54_1_15025.d/QC_SRFAII_23_01_10ppm_r0_Mag_12Feb24_300SA_p01_54_1_15025.d does not seem to be a valid Solarix Mass Spectrum,2026-06-30T22:49:05.206426,,,,
QC_SRFAII_23_01_20ppm_r3_Mag_04Jan24_300SA_p01_52_1_14690.d,/mnt/home/bmeluch/NMDC/nom_processing/monet_nom/raw/QC_SRFAII_23_01_20ppm_r3_Mag_04Jan24_300SA_p01_52_1_14690.d/QC_SRFAII_23_01_20ppm_r3_Mag_04Jan24_300SA_p01_52_1_14690.d,0,.d,Error processing QC_SRFAII_23_01_20ppm_r3_Mag_04Jan24_300SA_p01_52_1_14690.d after 1 attempts: /mnt/home/bmeluch/NMDC/nom_processing/monet_nom/raw/QC_SRFAII_23_01_20ppm_r3_Mag_04Jan24_300SA_p01_52_1_14690.d/QC_SRFAII_23_01_20ppm_r3_Mag_04Jan24_300SA_p01_52_1_14690.d does not seem to be a valid Solarix Mass Spectrum,2026-06-30T22:49:05.420596,,,,
60886_1_T_1_WEOM_r3_Mag_10Mar24_300SA_p01_1_1_17253.d,/mnt/home/bmeluch/NMDC/nom_processing/monet_nom/raw/60886_1_T_1_WEOM_r3_Mag_10Mar24_300SA_p01_1_1_17253.d/60886_1_T_1_WEOM_r3_Mag_10Mar24_300SA_p01_1_1_17253.d,0,.d,Error processing 60886_1_T_1_WEOM_r3_Mag_10Mar24_300SA_p01_1_1_17253.d after 1 attempts: /mnt/home/bmeluch/NMDC/nom_processing/monet_nom/raw/60886_1_T_1_WEOM_r3_Mag_10Mar24_300SA_p01_1_1_17253.d/60886_1_T_1_WEOM_r3_Mag_10Mar24_300SA_p01_1_1_17253.d does not seem to be a valid Solarix Mass Spectrum,2026-07-08T19:30:18.957600,,,,
60923_21_T_2_WEOM_r2_Mag_04Mar24_300SA_p01_38_1_16900.d,/mnt/home/bmeluch/NMDC/nom_processing/monet_nom/raw/60923_21_T_2_WEOM_r2_Mag_04Mar24_300SA_p01_38_1_16900.d/60923_21_T_2_WEOM_r2_Mag_04Mar24_300SA_p01_38_1_16900.d,0,.d,Error processing 60923_21_T_2_WEOM_r2_Mag_04Mar24_300SA_p01_38_1_16900.d after 1 attempts: /mnt/home/bmeluch/NMDC/nom_processing/monet_nom/raw/60923_21_T_2_WEOM_r2_Mag_04Mar24_300SA_p01_38_1_16900.d/60923_21_T_2_WEOM_r2_Mag_04Mar24_300SA_p01_38_1_16900.d does not seem to be a valid Solarix Mass Spectrum,2026-07-07T20:17:40.298790,,,,
60923_16_T_3_WEOM_r3_Mag_04Mar24_300SA_p01_9_1_16939.d,/mnt/home/bmeluch/NMDC/nom_processing/monet_nom/raw/60923_16_T_3_WEOM_r3_Mag_04Mar24_300SA_p01_9_1_16939.d/60923_16_T_3_WEOM_r3_Mag_04Mar24_300SA_p01_9_1_16939.d,0,.d,Error processing 60923_16_T_3_WEOM_r3_Mag_04Mar24_300SA_p01_9_1_16939.d after 1 attempts: /mnt/home/bmeluch/NMDC/nom_processing/monet_nom/raw/60923_16_T_3_WEOM_r3_Mag_04Mar24_300SA_p01_9_1_16939.d/60923_16_T_3_WEOM_r3_Mag_04Mar24_300SA_p01_9_1_16939.d does not seem to be a valid Solarix Mass Spectrum,2026-07-07T21:01:32.085841,,,,
60886_3_B_1_WEOM_r1_Mag_10Mar24_300SA_p01_16_1_17115.d,/mnt/home/bmeluch/NMDC/nom_processing/monet_nom/raw/60886_3_B_1_WEOM_r1_Mag_10Mar24_300SA_p01_16_1_17115.d/60886_3_B_1_WEOM_r1_Mag_10Mar24_300SA_p01_16_1_17115.d,0,.d,Error processing 60886_3_B_1_WEOM_r1_Mag_10Mar24_300SA_p01_16_1_17115.d after 1 attempts: /mnt/home/bmeluch/NMDC/nom_processing/monet_nom/raw/60886_3_B_1_WEOM_r1_Mag_10Mar24_300SA_p01_16_1_17115.d/60886_3_B_1_WEOM_r1_Mag_10Mar24_300SA_p01_16_1_17115.d does not seem to be a valid Solarix Mass Spectrum,2026-07-08T17:24:54.118691,,,,
60923_19_T_3_WEOM_r2_Mag_04Mar24_300SA_p01_27_1_16901.d,/mnt/home/bmeluch/NMDC/nom_processing/monet_nom/raw/60923_19_T_3_WEOM_r2_Mag_04Mar24_300SA_p01_27_1_16901.d/60923_19_T_3_WEOM_r2_Mag_04Mar24_300SA_p01_27_1_16901.d,0,.d,Error processing 60923_19_T_3_WEOM_r2_Mag_04Mar24_300SA_p01_27_1_16901.d after 1 attempts: /mnt/home/bmeluch/NMDC/nom_processing/monet_nom/raw/60923_19_T_3_WEOM_r2_Mag_04Mar24_300SA_p01_27_1_16901.d/60923_19_T_3_WEOM_r2_Mag_04Mar24_300SA_p01_27_1_16901.d does not seem to be a valid Solarix Mass Spectrum,2026-07-07T20:18:18.934934,,,,
QC_SRFAII_20ppm_04Jan24_Mag_2w_8M_300SA_p01_54_1_14416.d,/mnt/home/bmeluch/NMDC/nom_processing/monet_nom/raw/QC_SRFAII_20ppm_04Jan24_Mag_2w_8M_300SA_p01_54_1_14416.d/QC_SRFAII_20ppm_04Jan24_Mag_2w_8M_300SA_p01_54_1_14416.d,0,.d,Error processing QC_SRFAII_20ppm_04Jan24_Mag_2w_8M_300SA_p01_54_1_14416.d after 1 attempts: /mnt/home/bmeluch/NMDC/nom_processing/monet_nom/raw/QC_SRFAII_20ppm_04Jan24_Mag_2w_8M_300SA_p01_54_1_14416.d/QC_SRFAII_20ppm_04Jan24_Mag_2w_8M_300SA_p01_54_1_14416.d does not seem to be a valid Solarix Mass Spectrum,2026-06-30T22:49:05.658745,,,,
60942_6_T_2_WEOM_r2_Mag_07Mar24_300SA_p01_31_1_17060.d,/mnt/home/bmeluch/NMDC/nom_processing/monet_nom/raw/60942_6_T_2_WEOM_r2_Mag_07Mar24_300SA_p01_31_1_17060.d/60942_6_T_2_WEOM_r2_Mag_07Mar24_300SA_p01_31_1_17060.d,0,.d,Error processing 60942_6_T_2_WEOM_r2_Mag_07Mar24_300SA_p01_31_1_17060.d after 1 attempts: /mnt/home/bmeluch/NMDC/nom_processing/monet_nom/raw/60942_6_T_2_WEOM_r2_Mag_07Mar24_300SA_p01_31_1_17060.d/60942_6_T_2_WEOM_r2_Mag_07Mar24_300SA_p01_31_1_17060.d does not seem to be a valid Solarix Mass Spectrum,2026-07-07T22:40:02.992512,,,,
60886_5_T_1_WEOM_r2_Mag_10Mar24_300SA_p01_25_1_17224.d,/mnt/home/bmeluch/NMDC/nom_processing/monet_nom/raw/60886_5_T_1_WEOM_r2_Mag_10Mar24_300SA_p01_25_1_17224.d/60886_5_T_1_WEOM_r2_Mag_10Mar24_300SA_p01_25_1_17224.d,0,.d,Error processing 60886_5_T_1_WEOM_r2_Mag_10Mar24_300SA_p01_25_1_17224.d after 1 attempts: /mnt/home/bmeluch/NMDC/nom_processing/monet_nom/raw/60886_5_T_1_WEOM_r2_Mag_10Mar24_300SA_p01_25_1_17224.d/60886_5_T_1_WEOM_r2_Mag_10Mar24_300SA_p01_25_1_17224.d does not seem to be a valid Solarix Mass Spectrum,2026-07-08T18:59:08.022507,,,,
60923_15_B_3_WEOM_r3_Mag_04Mar24_300SA_p01_6_1_16952.d,/mnt/home/bmeluch/NMDC/nom_processing/monet_nom/raw/60923_15_B_3_WEOM_r3_Mag_04Mar24_300SA_p01_6_1_16952.d/60923_15_B_3_WEOM_r3_Mag_04Mar24_300SA_p01_6_1_16952.d,0,.d,Error processing 60923_15_B_3_WEOM_r3_Mag_04Mar24_300SA_p01_6_1_16952.d after 1 attempts: /mnt/home/bmeluch/NMDC/nom_processing/monet_nom/raw/60923_15_B_3_WEOM_r3_Mag_04Mar24_300SA_p01_6_1_16952.d/60923_15_B_3_WEOM_r3_Mag_04Mar24_300SA_p01_6_1_16952.d does not seem to be a valid Solarix Mass Spectrum,2026-07-07T21:26:16.675514,,,,
QC_SRFAII_23_01_10ppm_WEOM_r2_Mag_01May24_300SA_p01_54_1_18151.d,/mnt/home/bmeluch/NMDC/nom_processing/monet_nom/raw/QC_SRFAII_23_01_10ppm_WEOM_r2_Mag_01May24_300SA_p01_54_1_18151.d/QC_SRFAII_23_01_10ppm_WEOM_r2_Mag_01May24_300SA_p01_54_1_18151.d,0,.d,Error processing QC_SRFAII_23_01_10ppm_WEOM_r2_Mag_01May24_300SA_p01_54_1_18151.d after 1 attempts: /mnt/home/bmeluch/NMDC/nom_processing/monet_nom/raw/QC_SRFAII_23_01_10ppm_WEOM_r2_Mag_01May24_300SA_p01_54_1_18151.d/QC_SRFAII_23_01_10ppm_WEOM_r2_Mag_01May24_300SA_p01_54_1_18151.d does not seem to be a valid Solarix Mass Spectrum,2026-06-30T22:49:06.001118,,,,
60942_3_B_3_WEOM_r3_Mag_07Mar24_300SA_p01_17_1_17100.d,/mnt/home/bmeluch/NMDC/nom_processing/monet_nom/raw/60942_3_B_3_WEOM_r3_Mag_07Mar24_300SA_p01_17_1_17100.d/60942_3_B_3_WEOM_r3_Mag_07Mar24_300SA_p01_17_1_17100.d,0,.d,Error processing 60942_3_B_3_WEOM_r3_Mag_07Mar24_300SA_p01_17_1_17100.d after 1 attempts: /mnt/home/bmeluch/NMDC/nom_processing/monet_nom/raw/60942_3_B_3_WEOM_r3_Mag_07Mar24_300SA_p01_17_1_17100.d/60942_3_B_3_WEOM_r3_Mag_07Mar24_300SA_p01_17_1_17100.d does not seem to be a valid Solarix Mass Spectrum,2026-07-08T17:11:08.967784,,,,
60886_5_B_1_WEOM_r1_Mag_10Mar24_300SA_p01_28_1_17155.d,/mnt/home/bmeluch/NMDC/nom_processing/monet_nom/raw/60886_5_B_1_WEOM_r1_Mag_10Mar24_300SA_p01_28_1_17155.d/60886_5_B_1_WEOM_r1_Mag_10Mar24_300SA_p01_28_1_17155.d,0,.d,Error processing 60886_5_B_1_WEOM_r1_Mag_10Mar24_300SA_p01_28_1_17155.d after 1 attempts: /mnt/home/bmeluch/NMDC/nom_processing/monet_nom/raw/60886_5_B_1_WEOM_r1_Mag_10Mar24_300SA_p01_28_1_17155.d/60886_5_B_1_WEOM_r1_Mag_10Mar24_300SA_p01_28_1_17155.d does not seem to be a valid Solarix Mass Spectrum,2026-07-08T17:52:36.339737,,,,
60923_15_B_1_WEOM_r3_Mag_04Mar24_300SA_p01_4_1_16941.d,/mnt/home/bmeluch/NMDC/nom_processing/monet_nom/raw/60923_15_B_1_WEOM_r3_Mag_04Mar24_300SA_p01_4_1_16941.d/60923_15_B_1_WEOM_r3_Mag_04Mar24_300SA_p01_4_1_16941.d,0,.d,Error processing 60923_15_B_1_WEOM_r3_Mag_04Mar24_300SA_p01_4_1_16941.d after 1 attempts: /mnt/home/bmeluch/NMDC/nom_processing/monet_nom/raw/60923_15_B_1_WEOM_r3_Mag_04Mar24_300SA_p01_4_1_16941.d/60923_15_B_1_WEOM_r3_Mag_04Mar24_300SA_p01_4_1_16941.d does not seem to be a valid Solarix Mass Spectrum,2026-07-07T21:05:29.854718,,,,
QC_SRFAII_23_01_20ppm_r0_Mag_18Jan24_300SA_p01_52_1_14691_000001.d,/mnt/home/bmeluch/NMDC/nom_processing/monet_nom/raw/QC_SRFAII_23_01_20ppm_r0_Mag_18Jan24_300SA_p01_52_1_14691.d/QC_SRFAII_23_01_20ppm_r0_Mag_18Jan24_300SA_p01_52_1_14691_000001.d,0,.d,Error processing QC_SRFAII_23_01_20ppm_r0_Mag_18Jan24_300SA_p01_52_1_14691_000001.d after 1 attempts: /mnt/home/bmeluch/NMDC/nom_processing/monet_nom/raw/QC_SRFAII_23_01_20ppm_r0_Mag_18Jan24_300SA_p01_52_1_14691.d/QC_SRFAII_23_01_20ppm_r0_Mag_18Jan24_300SA_p01_52_1_14691_000001.d does not seem to be a valid Solarix Mass Spectrum,2026-06-30T22:49:06.207369,,,,
60886_4_B_1_WEOM_r1_Mag_10Mar24_300SA_p01_22_1_17131.d,/mnt/home/bmeluch/NMDC/nom_processing/monet_nom/raw/60886_4_B_1_WEOM_r1_Mag_10Mar24_300SA_p01_22_1_17131.d/60886_4_B_1_WEOM_r1_Mag_10Mar24_300SA_p01_22_1_17131.d,0,.d,Error processing 60886_4_B_1_WEOM_r1_Mag_10Mar24_300SA_p01_22_1_17131.d after 1 attempts: /mnt/home/bmeluch/NMDC/nom_processing/monet_nom/raw/60886_4_B_1_WEOM_r1_Mag_10Mar24_300SA_p01_22_1_17131.d/60886_4_B_1_WEOM_r1_Mag_10Mar24_300SA_p01_22_1_17131.d does not seem to be a valid Solarix Mass Spectrum,2026-07-08T17:27:45.439054,,,,
60923_15_T_2_WEOM_r2_Mag_04Mar24_300SA_p01_2_1_16879.d,/mnt/home/bmeluch/NMDC/nom_processing/monet_nom/raw/60923_15_T_2_WEOM_r2_Mag_04Mar24_300SA_p01_2_1_16879.d/60923_15_T_2_WEOM_r2_Mag_04Mar24_300SA_p01_2_1_16879.d,0,.d,Error processing 60923_15_T_2_WEOM_r2_Mag_04Mar24_300SA_p01_2_1_16879.d after 1 attempts: /mnt/home/bmeluch/NMDC/nom_processing/monet_nom/raw/60923_15_T_2_WEOM_r2_Mag_04Mar24_300SA_p01_2_1_16879.d/60923_15_T_2_WEOM_r2_Mag_04Mar24_300SA_p01_2_1_16879.d does not seem to be a valid Solarix Mass Spectrum,2026-07-07T20:07:18.012374,,,,
60942_2_T_3_r1_Mag_07Mar24_300SA_p01_9_1_16969.d,/mnt/home/bmeluch/NMDC/nom_processing/monet_nom/raw/60942_2_T_3_WEOM_r1_Mag_07Mar24_300SA_p01_9_1_16969.d/60942_2_T_3_r1_Mag_07Mar24_300SA_p01_9_1_16969.d,0,.d,Error processing 60942_2_T_3_r1_Mag_07Mar24_300SA_p01_9_1_16969.d after 1 attempts: /mnt/home/bmeluch/NMDC/nom_processing/monet_nom/raw/60942_2_T_3_WEOM_r1_Mag_07Mar24_300SA_p01_9_1_16969.d/60942_2_T_3_r1_Mag_07Mar24_300SA_p01_9_1_16969.d does not seem to be a valid Solarix Mass Spectrum,2026-07-07T21:55:27.435903,,,,
60886_6_B_1_WEOM_r3_Mag_10Mar24_300SA_p01_34_1_17268.d,/mnt/home/bmeluch/NMDC/nom_processing/monet_nom/raw/60886_6_B_1_WEOM_r3_Mag_10Mar24_300SA_p01_34_1_17268.d/60886_6_B_1_WEOM_r3_Mag_10Mar24_300SA_p01_34_1_17268.d,0,.d,Error processing 60886_6_B_1_WEOM_r3_Mag_10Mar24_300SA_p01_34_1_17268.d after 1 attempts: /mnt/home/bmeluch/NMDC/nom_processing/monet_nom/raw/60886_6_B_1_WEOM_r3_Mag_10Mar24_300SA_p01_34_1_17268.d/60886_6_B_1_WEOM_r3_Mag_10Mar24_300SA_p01_34_1_17268.d does not seem to be a valid Solarix Mass Spectrum,2026-07-08T19:42:07.190239,,,,
QC_SRFAII_23_01_10ppm_r1_Mag_21Feb24_300SA_p01_54_1_15534.d,/mnt/home/bmeluch/NMDC/nom_processing/monet_nom/raw/QC_SRFAII_23_01_10ppm_r1_Mag_21Feb24_300SA_p01_54_1_15534.d/QC_SRFAII_23_01_10ppm_r1_Mag_21Feb24_300SA_p01_54_1_15534.d,0,.d,Error processing QC_SRFAII_23_01_10ppm_r1_Mag_21Feb24_300SA_p01_54_1_15534.d after 1 attempts: /mnt/home/bmeluch/NMDC/nom_processing/monet_nom/raw/QC_SRFAII_23_01_10ppm_r1_Mag_21Feb24_300SA_p01_54_1_15534.d/QC_SRFAII_23_01_10ppm_r1_Mag_21Feb24_300SA_p01_54_1_15534.d does not seem to be a valid Solarix Mass Spectrum,2026-06-30T22:49:06.265403,,,,
60942_2_B_1_WEOM_r3_Mag_07Mar24_300SA_p01_10_1_17078.d,/mnt/home/bmeluch/NMDC/nom_processing/monet_nom/raw/60942_2_B_1_WEOM_r3_Mag_07Mar24_300SA_p01_10_1_17078.d/60942_2_B_1_WEOM_r3_Mag_07Mar24_300SA_p01_10_1_17078.d,0,.d,Error processing 60942_2_B_1_WEOM_r3_Mag_07Mar24_300SA_p01_10_1_17078.d after 1 attempts: /mnt/home/bmeluch/NMDC/nom_processing/monet_nom/raw/60942_2_B_1_WEOM_r3_Mag_07Mar24_300SA_p01_10_1_17078.d/60942_2_B_1_WEOM_r3_Mag_07Mar24_300SA_p01_10_1_17078.d does not seem to be a valid Solarix Mass Spectrum,2026-07-07T22:48:05.500679,,,,
60886_5_T_1_WEOM_r3_Mag_10Mar24_300SA_p01_25_1_17262.d,/mnt/home/bmeluch/NMDC/nom_processing/monet_nom/raw/60886_5_T_1_WEOM_r3_Mag_10Mar24_300SA_p01_25_1_17262.d/60886_5_T_1_WEOM_r3_Mag_10Mar24_300SA_p01_25_1_17262.d,0,.d,Error processing 60886_5_T_1_WEOM_r3_Mag_10Mar24_300SA_p01_25_1_17262.d after 1 attempts: /mnt/home/bmeluch/NMDC/nom_processing/monet_nom/raw/60886_5_T_1_WEOM_r3_Mag_10Mar24_300SA_p01_25_1_17262.d/60886_5_T_1_WEOM_r3_Mag_10Mar24_300SA_p01_25_1_17262.d does not seem to be a valid Solarix Mass Spectrum,2026-07-08T19:36:16.182007,,,,
60886_6_T_3_WEOM_r2_Mag_10Mar24_300SA_p01_33_1_17177.d,/mnt/home/bmeluch/NMDC/nom_processing/monet_nom/raw/60886_6_T_3_WEOM_r2_Mag_10Mar24_300SA_p01_33_1_17177.d/60886_6_T_3_WEOM_r2_Mag_10Mar24_300SA_p01_33_1_17177.d,0,.d,Error processing 60886_6_T_3_WEOM_r2_Mag_10Mar24_300SA_p01_33_1_17177.d after 1 attempts: /mnt/home/bmeluch/NMDC/nom_processing/monet_nom/raw/60886_6_T_3_WEOM_r2_Mag_10Mar24_300SA_p01_33_1_17177.d/60886_6_T_3_WEOM_r2_Mag_10Mar24_300SA_p01_33_1_17177.d does not seem to be a valid Solarix Mass Spectrum,2026-07-08T18:13:58.686640,,,,
60923_18_T_2_WEOM_r3_Mag_04Mar24_300SA_p01_20_1_16923.d,/mnt/home/bmeluch/NMDC/nom_processing/monet_nom/raw/60923_18_T_2_WEOM_r3_Mag_04Mar24_300SA_p01_20_1_16923.d/60923_18_T_2_WEOM_r3_Mag_04Mar24_300SA_p01_20_1_16923.d,0,.d,Error processing 60923_18_T_2_WEOM_r3_Mag_04Mar24_300SA_p01_20_1_16923.d after 1 attempts: /mnt/home/bmeluch/NMDC/nom_processing/monet_nom/raw/60923_18_T_2_WEOM_r3_Mag_04Mar24_300SA_p01_20_1_16923.d/60923_18_T_2_WEOM_r3_Mag_04Mar24_300SA_p01_20_1_16923.d does not seem to be a valid Solarix Mass Spectrum,2026-07-07T20:32:14.542256,,,,
60923_21_T_3_WEOM_r3_Mag_04Mar24_300SA_p01_39_1_16963.d,/mnt/home/bmeluch/NMDC/nom_processing/monet_nom/raw/60923_21_T_3_WEOM_r3_Mag_04Mar24_300SA_p01_39_1_16963.d/60923_21_T_3_WEOM_r3_Mag_04Mar24_300SA_p01_39_1_16963.d,0,.d,Error processing 60923_21_T_3_WEOM_r3_Mag_04Mar24_300SA_p01_39_1_16963.d after 1 attempts: /mnt/home/bmeluch/NMDC/nom_processing/monet_nom/raw/60923_21_T_3_WEOM_r3_Mag_04Mar24_300SA_p01_39_1_16963.d/60923_21_T_3_WEOM_r3_Mag_04Mar24_300SA_p01_39_1_16963.d does not seem to be a valid Solarix Mass Spectrum,2026-07-07T21:53:48.411293,,,,
60923_15_B_2_WEOM_r3_Mag_04Mar24_300SA_p01_5_1_16945.d,/mnt/home/bmeluch/NMDC/nom_processing/monet_nom/raw/60923_15_B_2_WEOM_r3_Mag_04Mar24_300SA_p01_5_1_16945.d/60923_15_B_2_WEOM_r3_Mag_04Mar24_300SA_p01_5_1_16945.d,0,.d,Error processing 60923_15_B_2_WEOM_r3_Mag_04Mar24_300SA_p01_5_1_16945.d after 1 attempts: /mnt/home/bmeluch/NMDC/nom_processing/monet_nom/raw/60923_15_B_2_WEOM_r3_Mag_04Mar24_300SA_p01_5_1_16945.d/60923_15_B_2_WEOM_r3_Mag_04Mar24_300SA_p01_5_1_16945.d does not seem to be a valid Solarix Mass Spectrum,2026-07-07T21:17:10.952755,,,,
60923_18_B_1_WEOM_r1_Mag_04Mar24_300SA_p01_22_1_16802.d,/mnt/home/bmeluch/NMDC/nom_processing/monet_nom/raw/60923_18_B_1_WEOM_r1_Mag_04Mar24_300SA_p01_22_1_16802.d/60923_18_B_1_WEOM_r1_Mag_04Mar24_300SA_p01_22_1_16802.d,0,.d,Error processing 60923_18_B_1_WEOM_r1_Mag_04Mar24_300SA_p01_22_1_16802.d after 1 attempts: /mnt/home/bmeluch/NMDC/nom_processing/monet_nom/raw/60923_18_B_1_WEOM_r1_Mag_04Mar24_300SA_p01_22_1_16802.d/60923_18_B_1_WEOM_r1_Mag_04Mar24_300SA_p01_22_1_16802.d does not seem to be a valid Solarix Mass Spectrum,2026-07-07T19:32:00.546213,,,,
60886_3_T_2_WEOM_r3_Mag_10Mar24_300SA_p01_14_1_17232.d,/mnt/home/bmeluch/NMDC/nom_processing/monet_nom/raw/60886_3_T_2_WEOM_r3_Mag_10Mar24_300SA_p01_14_1_17232.d/60886_3_T_2_WEOM_r3_Mag_10Mar24_300SA_p01_14_1_17232.d,0,.d,Error processing 60886_3_T_2_WEOM_r3_Mag_10Mar24_300SA_p01_14_1_17232.d after 1 attempts: /mnt/home/bmeluch/NMDC/nom_processing/monet_nom/raw/60886_3_T_2_WEOM_r3_Mag_10Mar24_300SA_p01_14_1_17232.d/60886_3_T_2_WEOM_r3_Mag_10Mar24_300SA_p01_14_1_17232.d does not seem to be a valid Solarix Mass Spectrum,2026-07-08T19:06:30.152282,,,,
60942_1_B_2_WEOM_r2_Mag_07Mar24_300SA_p01_5_1_17053.d,/mnt/home/bmeluch/NMDC/nom_processing/monet_nom/raw/60942_1_B_2_WEOM_r2_Mag_07Mar24_300SA_p01_5_1_17053.d/60942_1_B_2_WEOM_r2_Mag_07Mar24_300SA_p01_5_1_17053.d,0,.d,Error processing 60942_1_B_2_WEOM_r2_Mag_07Mar24_300SA_p01_5_1_17053.d after 1 attempts: /mnt/home/bmeluch/NMDC/nom_processing/monet_nom/raw/60942_1_B_2_WEOM_r2_Mag_07Mar24_300SA_p01_5_1_17053.d/60942_1_B_2_WEOM_r2_Mag_07Mar24_300SA_p01_5_1_17053.d does not seem to be a valid Solarix Mass Spectrum,2026-07-07T22:36:25.134337,,,,
60942_4_B_1_WEOM_r2_Mag_07Mar24_300SA_p01_21_1_17044.d,/mnt/home/bmeluch/NMDC/nom_processing/monet_nom/raw/60942_4_B_1_WEOM_r2_Mag_07Mar24_300SA_p01_21_1_17044.d/60942_4_B_1_WEOM_r2_Mag_07Mar24_300SA_p01_21_1_17044.d,0,.d,Error processing 60942_4_B_1_WEOM_r2_Mag_07Mar24_300SA_p01_21_1_17044.d after 1 attempts: /mnt/home/bmeluch/NMDC/nom_processing/monet_nom/raw/60942_4_B_1_WEOM_r2_Mag_07Mar24_300SA_p01_21_1_17044.d/60942_4_B_1_WEOM_r2_Mag_07Mar24_300SA_p01_21_1_17044.d does not seem to be a valid Solarix Mass Spectrum,2026-07-07T22:32:11.677274,,,,
60923_16_T_1_WEOM_r2_Mag_04Mar24_300SA_p01_7_1_16857.d,/mnt/home/bmeluch/NMDC/nom_processing/monet_nom/raw/60923_16_T_1_WEOM_r2_Mag_04Mar24_300SA_p01_7_1_16857.d/60923_16_T_1_WEOM_r2_Mag_04Mar24_300SA_p01_7_1_16857.d,0,.d,Error processing 60923_16_T_1_WEOM_r2_Mag_04Mar24_300SA_p01_7_1_16857.d after 1 attempts: /mnt/home/bmeluch/NMDC/nom_processing/monet_nom/raw/60923_16_T_1_WEOM_r2_Mag_04Mar24_300SA_p01_7_1_16857.d/60923_16_T_1_WEOM_r2_Mag_04Mar24_300SA_p01_7_1_16857.d does not seem to be a valid Solarix Mass Spectrum,2026-07-07T19:56:56.887360,,,,
60923_16_B_1_WEOM_r1_Mag_04Mar24_300SA_p01_10_1_16807.d,/mnt/home/bmeluch/NMDC/nom_processing/monet_nom/raw/60923_16_B_1_WEOM_r1_Mag_04Mar24_300SA_p01_10_1_16807.d/60923_16_B_1_WEOM_r1_Mag_04Mar24_300SA_p01_10_1_16807.d,0,.d,Error processing 60923_16_B_1_WEOM_r1_Mag_04Mar24_300SA_p01_10_1_16807.d after 1 attempts: /mnt/home/bmeluch/NMDC/nom_processing/monet_nom/raw/60923_16_B_1_WEOM_r1_Mag_04Mar24_300SA_p01_10_1_16807.d/60923_16_B_1_WEOM_r1_Mag_04Mar24_300SA_p01_10_1_16807.d does not seem to be a valid Solarix Mass Spectrum,2026-07-07T19:33:49.602223,,,,
60923_21_B_3_WEOM_r2_Mag_04Mar24_300SA_p01_42_1_16877.d,/mnt/home/bmeluch/NMDC/nom_processing/monet_nom/raw/60923_21_B_3_WEOM_r2_Mag_04Mar24_300SA_p01_42_1_16877.d/60923_21_B_3_WEOM_r2_Mag_04Mar24_300SA_p01_42_1_16877.d,0,.d,Error processing 60923_21_B_3_WEOM_r2_Mag_04Mar24_300SA_p01_42_1_16877.d after 1 attempts: /mnt/home/bmeluch/NMDC/nom_processing/monet_nom/raw/60923_21_B_3_WEOM_r2_Mag_04Mar24_300SA_p01_42_1_16877.d/60923_21_B_3_WEOM_r2_Mag_04Mar24_300SA_p01_42_1_16877.d does not seem to be a valid Solarix Mass Spectrum,2026-07-07T20:06:00.627104,,,,
60942_4_T_1_WEOM_r3_Mag_07Mar24_300SA_p01_18_1_17068.d,/mnt/home/bmeluch/NMDC/nom_processing/monet_nom/raw/60942_4_T_1_WEOM_r3_Mag_07Mar24_300SA_p01_18_1_17068.d/60942_4_T_1_WEOM_r3_Mag_07Mar24_300SA_p01_18_1_17068.d,0,.d,Error processing 60942_4_T_1_WEOM_r3_Mag_07Mar24_300SA_p01_18_1_17068.d after 1 attempts: /mnt/home/bmeluch/NMDC/nom_processing/monet_nom/raw/60942_4_T_1_WEOM_r3_Mag_07Mar24_300SA_p01_18_1_17068.d/60942_4_T_1_WEOM_r3_Mag_07Mar24_300SA_p01_18_1_17068.d does not seem to be a valid Solarix Mass Spectrum,2026-07-07T22:43:06.666487,,,,
60942_1_B_3_WEOM_r3_Mag_07Mar24_300SA_p01_6_1_17091.d,/mnt/home/bmeluch/NMDC/nom_processing/monet_nom/raw/60942_1_B_3_WEOM_r3_Mag_07Mar24_300SA_p01_6_1_17091.d/60942_1_B_3_WEOM_r3_Mag_07Mar24_300SA_p01_6_1_17091.d,0,.d,Error processing 60942_1_B_3_WEOM_r3_Mag_07Mar24_300SA_p01_6_1_17091.d after 1 attempts: /mnt/home/bmeluch/NMDC/nom_processing/monet_nom/raw/60942_1_B_3_WEOM_r3_Mag_07Mar24_300SA_p01_6_1_17091.d/60942_1_B_3_WEOM_r3_Mag_07Mar24_300SA_p01_6_1_17091.d does not seem to be a valid Solarix Mass Spectrum,2026-07-07T23:20:47.398462,,,,
60923_18_B_2_WEOM_r1_Mag_04Mar24_300SA_p01_23_1_16846.d,/mnt/home/bmeluch/NMDC/nom_processing/monet_nom/raw/60923_18_B_2_WEOM_r1_Mag_04Mar24_300SA_p01_23_1_16846.d/60923_18_B_2_WEOM_r1_Mag_04Mar24_300SA_p01_23_1_16846.d,0,.d,Error processing 60923_18_B_2_WEOM_r1_Mag_04Mar24_300SA_p01_23_1_16846.d after 1 attempts: /mnt/home/bmeluch/NMDC/nom_processing/monet_nom/raw/60923_18_B_2_WEOM_r1_Mag_04Mar24_300SA_p01_23_1_16846.d/60923_18_B_2_WEOM_r1_Mag_04Mar24_300SA_p01_23_1_16846.d does not seem to be a valid Solarix Mass Spectrum,2026-07-07T19:51:45.091247,,,,
QC_SRFAII_23_01_10ppm_r1_Mag_12Feb24_300SA_p01_54_1_15048.d,/mnt/home/bmeluch/NMDC/nom_processing/monet_nom/raw/QC_SRFAII_23_01_10ppm_r1_Mag_12Feb24_300SA_p01_54_1_15048.d/QC_SRFAII_23_01_10ppm_r1_Mag_12Feb24_300SA_p01_54_1_15048.d,0,.d,Error processing QC_SRFAII_23_01_10ppm_r1_Mag_12Feb24_300SA_p01_54_1_15048.d after 1 attempts: /mnt/home/bmeluch/NMDC/nom_processing/monet_nom/raw/QC_SRFAII_23_01_10ppm_r1_Mag_12Feb24_300SA_p01_54_1_15048.d/QC_SRFAII_23_01_10ppm_r1_Mag_12Feb24_300SA_p01_54_1_15048.d does not seem to be a valid Solarix Mass Spectrum,2026-06-30T22:49:06.438537,,,,
60942_2_T_3_WEOM_r3_Mag_07Mar24_300SA_p01_9_1_17064.d,/mnt/home/bmeluch/NMDC/nom_processing/monet_nom/raw/60942_2_T_3_WEOM_r3_Mag_07Mar24_300SA_p01_9_1_17064.d/60942_2_T_3_WEOM_r3_Mag_07Mar24_300SA_p01_9_1_17064.d,0,.d,Error processing 60942_2_T_3_WEOM_r3_Mag_07Mar24_300SA_p01_9_1_17064.d after 1 attempts: /mnt/home/bmeluch/NMDC/nom_processing/monet_nom/raw/60942_2_T_3_WEOM_r3_Mag_07Mar24_300SA_p01_9_1_17064.d/60942_2_T_3_WEOM_r3_Mag_07Mar24_300SA_p01_9_1_17064.d does not seem to be a valid Solarix Mass Spectrum,2026-07-07T22:41:15.861380,,,,
QC_SRFAII_23_01_10ppm_WEOM_r3_Mag_01May24_300SA_p01_54_1_18238.d,/mnt/home/bmeluch/NMDC/nom_processing/monet_nom/raw/QC_SRFAII_23_01_10ppm_WEOM_r3_Mag_01May24_300SA_p01_54_1_18238.d/QC_SRFAII_23_01_10ppm_WEOM_r3_Mag_01May24_300SA_p01_54_1_18238.d,0,.d,Error processing QC_SRFAII_23_01_10ppm_WEOM_r3_Mag_01May24_300SA_p01_54_1_18238.d after 1 attempts: /mnt/home/bmeluch/NMDC/nom_processing/monet_nom/raw/QC_SRFAII_23_01_10ppm_WEOM_r3_Mag_01May24_300SA_p01_54_1_18238.d/QC_SRFAII_23_01_10ppm_WEOM_r3_Mag_01May24_300SA_p01_54_1_18238.d does not seem to be a valid Solarix Mass Spectrum,2026-06-30T22:49:06.538606,,,,
60942_5_B_2_WEOM_r2_Mag_07Mar24_300SA_p01_28_1_17026.d,/mnt/home/bmeluch/NMDC/nom_processing/monet_nom/raw/60942_5_B_2_WEOM_r2_Mag_07Mar24_300SA_p01_28_1_17026.d/60942_5_B_2_WEOM_r2_Mag_07Mar24_300SA_p01_28_1_17026.d,0,.d,Error processing 60942_5_B_2_WEOM_r2_Mag_07Mar24_300SA_p01_28_1_17026.d after 1 attempts: /mnt/home/bmeluch/NMDC/nom_processing/monet_nom/raw/60942_5_B_2_WEOM_r2_Mag_07Mar24_300SA_p01_28_1_17026.d/60942_5_B_2_WEOM_r2_Mag_07Mar24_300SA_p01_28_1_17026.d does not seem to be a valid Solarix Mass Spectrum,2026-07-07T22:25:32.350571,,,,
QC_SRFAII_23_01_10ppm_WEOM_r2_Mag_07Mar24_300SA_p01_54_1_17038.d,/mnt/home/bmeluch/NMDC/nom_processing/monet_nom/raw/QC_SRFAII_23_01_10ppm_WEOM_r2_Mag_07Mar24_300SA_p01_54_1_17038.d/QC_SRFAII_23_01_10ppm_WEOM_r2_Mag_07Mar24_300SA_p01_54_1_17038.d,0,.d,Error processing QC_SRFAII_23_01_10ppm_WEOM_r2_Mag_07Mar24_300SA_p01_54_1_17038.d after 1 attempts: /mnt/home/bmeluch/NMDC/nom_processing/monet_nom/raw/QC_SRFAII_23_01_10ppm_WEOM_r2_Mag_07Mar24_300SA_p01_54_1_17038.d/QC_SRFAII_23_01_10ppm_WEOM_r2_Mag_07Mar24_300SA_p01_54_1_17038.d does not seem to be a valid Solarix Mass Spectrum,2026-06-30T22:49:06.641923,,,,
QC_SRFAII_23_01_10ppm_r1_Mag_12Feb24_300SA_p01_54_1_15092.d,/mnt/home/bmeluch/NMDC/nom_processing/monet_nom/raw/QC_SRFAII_23_01_10ppm_r1_Mag_12Feb24_300SA_p01_54_1_15092.d/QC_SRFAII_23_01_10ppm_r1_Mag_12Feb24_300SA_p01_54_1_15092.d,0,.d,Error processing QC_SRFAII_23_01_10ppm_r1_Mag_12Feb24_300SA_p01_54_1_15092.d after 1 attempts: /mnt/home/bmeluch/NMDC/nom_processing/monet_nom/raw/QC_SRFAII_23_01_10ppm_r1_Mag_12Feb24_300SA_p01_54_1_15092.d/QC_SRFAII_23_01_10ppm_r1_Mag_12Feb24_300SA_p01_54_1_15092.d does not seem to be a valid Solarix Mass Spectrum,2026-06-30T22:49:06.822021,,,,
60886_3_B_2_WEOM_r3_Mag_10Mar24_300SA_p01_17_1_17238.d,/mnt/home/bmeluch/NMDC/nom_processing/monet_nom/raw/60886_3_B_2_WEOM_r3_Mag_10Mar24_300SA_p01_17_1_17238.d/60886_3_B_2_WEOM_r3_Mag_10Mar24_300SA_p01_17_1_17238.d,0,.d,Error processing 60886_3_B_2_WEOM_r3_Mag_10Mar24_300SA_p01_17_1_17238.d after 1 attempts: /mnt/home/bmeluch/NMDC/nom_processing/monet_nom/raw/60886_3_B_2_WEOM_r3_Mag_10Mar24_300SA_p01_17_1_17238.d/60886_3_B_2_WEOM_r3_Mag_10Mar24_300SA_p01_17_1_17238.d does not seem to be a valid Solarix Mass Spectrum,2026-07-08T19:12:25.892636,,,,
60886_4_B_1_WEOM_r3_Mag_10Mar24_300SA_p01_22_1_17237.d,/mnt/home/bmeluch/NMDC/nom_processing/monet_nom/raw/60886_4_B_1_WEOM_r3_Mag_10Mar24_300SA_p01_22_1_17237.d/60886_4_B_1_WEOM_r3_Mag_10Mar24_300SA_p01_22_1_17237.d,0,.d,Error processing 60886_4_B_1_WEOM_r3_Mag_10Mar24_300SA_p01_22_1_17237.d after 1 attempts: /mnt/home/bmeluch/NMDC/nom_processing/monet_nom/raw/60886_4_B_1_WEOM_r3_Mag_10Mar24_300SA_p01_22_1_17237.d/60886_4_B_1_WEOM_r3_Mag_10Mar24_300SA_p01_22_1_17237.d does not seem to be a valid Solarix Mass Spectrum,2026-07-08T19:10:58.091609,,,,
60942_4_T_1_WEOM_r1_Mag_07Mar24_300SA_p01_18_1_16996.d,/mnt/home/bmeluch/NMDC/nom_processing/monet_nom/raw/60942_4_T_1_WEOM_r1_Mag_07Mar24_300SA_p01_18_1_16996.d/60942_4_T_1_WEOM_r1_Mag_07Mar24_300SA_p01_18_1_16996.d,0,.d,Error processing 60942_4_T_1_WEOM_r1_Mag_07Mar24_300SA_p01_18_1_16996.d after 1 attempts: /mnt/home/bmeluch/NMDC/nom_processing/monet_nom/raw/60942_4_T_1_WEOM_r1_Mag_07Mar24_300SA_p01_18_1_16996.d/60942_4_T_1_WEOM_r1_Mag_07Mar24_300SA_p01_18_1_16996.d does not seem to be a valid Solarix Mass Spectrum,2026-07-07T22:11:16.555995,,,,
QC_SRFAII_23_01_10ppm_WEOM_r2_Mag_01May24_300SA_p01_54_1_18129.d,/mnt/home/bmeluch/NMDC/nom_processing/monet_nom/raw/QC_SRFAII_23_01_10ppm_WEOM_r2_Mag_01May24_300SA_p01_54_1_18129.d/QC_SRFAII_23_01_10ppm_WEOM_r2_Mag_01May24_300SA_p01_54_1_18129.d,0,.d,Error processing QC_SRFAII_23_01_10ppm_WEOM_r2_Mag_01May24_300SA_p01_54_1_18129.d after 1 attempts: /mnt/home/bmeluch/NMDC/nom_processing/monet_nom/raw/QC_SRFAII_23_01_10ppm_WEOM_r2_Mag_01May24_300SA_p01_54_1_18129.d/QC_SRFAII_23_01_10ppm_WEOM_r2_Mag_01May24_300SA_p01_54_1_18129.d does not seem to be a valid Solarix Mass Spectrum,2026-06-30T22:49:06.918584,,,,
QC_SRFAII_23_01_10ppm_WEOM_r3_Mag_04Mar24_300SA_p01_54_1_16946.d,/mnt/home/bmeluch/NMDC/nom_processing/monet_nom/raw/QC_SRFAII_23_01_10ppm_WEOM_r3_Mag_04Mar24_300SA_p01_54_1_16946.d/QC_SRFAII_23_01_10ppm_WEOM_r3_Mag_04Mar24_300SA_p01_54_1_16946.d,0,.d,Error processing QC_SRFAII_23_01_10ppm_WEOM_r3_Mag_04Mar24_300SA_p01_54_1_16946.d after 1 attempts: /mnt/home/bmeluch/NMDC/nom_processing/monet_nom/raw/QC_SRFAII_23_01_10ppm_WEOM_r3_Mag_04Mar24_300SA_p01_54_1_16946.d/QC_SRFAII_23_01_10ppm_WEOM_r3_Mag_04Mar24_300SA_p01_54_1_16946.d does not seem to be a valid Solarix Mass Spectrum,2026-06-30T22:49:07.100751,,,,
60886_4_T_3_WEOM_r2_Mag_10Mar24_300SA_p01_21_1_17213.d,/mnt/home/bmeluch/NMDC/nom_processing/monet_nom/raw/60886_4_T_3_WEOM_r2_Mag_10Mar24_300SA_p01_21_1_17213.d/60886_4_T_3_WEOM_r2_Mag_10Mar24_300SA_p01_21_1_17213.d,0,.d,Error processing 60886_4_T_3_WEOM_r2_Mag_10Mar24_300SA_p01_21_1_17213.d after 1 attempts: /mnt/home/bmeluch/NMDC/nom_processing/monet_nom/raw/60886_4_T_3_WEOM_r2_Mag_10Mar24_300SA_p01_21_1_17213.d/60886_4_T_3_WEOM_r2_Mag_10Mar24_300SA_p01_21_1_17213.d does not seem to be a valid Solarix Mass Spectrum,2026-07-08T18:47:14.420930,,,,
60923_17_B_1_WEOM_r1_Mag_04Mar24_300SA_p01_16_1_16813.d,/mnt/home/bmeluch/NMDC/nom_processing/monet_nom/raw/60923_17_B_1_WEOM_r1_Mag_04Mar24_300SA_p01_16_1_16813.d/60923_17_B_1_WEOM_r1_Mag_04Mar24_300SA_p01_16_1_16813.d,0,.d,Error processing 60923_17_B_1_WEOM_r1_Mag_04Mar24_300SA_p01_16_1_16813.d after 1 attempts: /mnt/home/bmeluch/NMDC/nom_processing/monet_nom/raw/60923_17_B_1_WEOM_r1_Mag_04Mar24_300SA_p01_16_1_16813.d/60923_17_B_1_WEOM_r1_Mag_04Mar24_300SA_p01_16_1_16813.d does not seem to be a valid Solarix Mass Spectrum,2026-07-07T19:36:20.806220,,,,
QC_SRFAII_23_01_10ppm_r3_Mag_18Jan24_300SA_p01_52_1_14985.d,/mnt/home/bmeluch/NMDC/nom_processing/monet_nom/raw/QC_SRFAII_23_01_10ppm_r3_Mag_18Jan24_300SA_p01_52_1_14985.d/QC_SRFAII_23_01_10ppm_r3_Mag_18Jan24_300SA_p01_52_1_14985.d,0,.d,Error processing QC_SRFAII_23_01_10ppm_r3_Mag_18Jan24_300SA_p01_52_1_14985.d after 1 attempts: /mnt/home/bmeluch/NMDC/nom_processing/monet_nom/raw/QC_SRFAII_23_01_10ppm_r3_Mag_18Jan24_300SA_p01_52_1_14985.d/QC_SRFAII_23_01_10ppm_r3_Mag_18Jan24_300SA_p01_52_1_14985.d does not seem to be a valid Solarix Mass Spectrum,2026-06-30T22:49:07.369640,,,,
60923_19_B_2_WEOM_r2_Mag_04Mar24_300SA_p01_29_1_16893.d,/mnt/home/bmeluch/NMDC/nom_processing/monet_nom/raw/60923_19_B_2_WEOM_r2_Mag_04Mar24_300SA_p01_29_1_16893.d/60923_19_B_2_WEOM_r2_Mag_04Mar24_300SA_p01_29_1_16893.d,0,.d,Error processing 60923_19_B_2_WEOM_r2_Mag_04Mar24_300SA_p01_29_1_16893.d after 1 attempts: /mnt/home/bmeluch/NMDC/nom_processing/monet_nom/raw/60923_19_B_2_WEOM_r2_Mag_04Mar24_300SA_p01_29_1_16893.d/60923_19_B_2_WEOM_r2_Mag_04Mar24_300SA_p01_29_1_16893.d does not seem to be a valid Solarix Mass Spectrum,2026-07-07T20:13:48.468036,,,,
60923_20_T_3_WEOM_r2_Mag_04Mar24_300SA_p01_33_1_16888.d,/mnt/home/bmeluch/NMDC/nom_processing/monet_nom/raw/60923_20_T_3_WEOM_r2_Mag_04Mar24_300SA_p01_33_1_16888.d/60923_20_T_3_WEOM_r2_Mag_04Mar24_300SA_p01_33_1_16888.d,0,.d,Error processing 60923_20_T_3_WEOM_r2_Mag_04Mar24_300SA_p01_33_1_16888.d after 1 attempts: /mnt/home/bmeluch/NMDC/nom_processing/monet_nom/raw/60923_20_T_3_WEOM_r2_Mag_04Mar24_300SA_p01_33_1_16888.d/60923_20_T_3_WEOM_r2_Mag_04Mar24_300SA_p01_33_1_16888.d does not seem to be a valid Solarix Mass Spectrum,2026-07-07T20:11:12.333701,,,,
60923_20_T_2_WEOM_r3_Mag_04Mar24_300SA_p01_32_1_16930.d,/mnt/home/bmeluch/NMDC/nom_processing/monet_nom/raw/60923_20_T_2_WEOM_r3_Mag_04Mar24_300SA_p01_32_1_16930.d/60923_20_T_2_WEOM_r3_Mag_04Mar24_300SA_p01_32_1_16930.d,0,.d,Error processing 60923_20_T_2_WEOM_r3_Mag_04Mar24_300SA_p01_32_1_16930.d after 1 attempts: /mnt/home/bmeluch/NMDC/nom_processing/monet_nom/raw/60923_20_T_2_WEOM_r3_Mag_04Mar24_300SA_p01_32_1_16930.d/60923_20_T_2_WEOM_r3_Mag_04Mar24_300SA_p01_32_1_16930.d does not seem to be a valid Solarix Mass Spectrum,2026-07-07T20:47:35.258471,,,,
QC_SRFAII_23_01_10ppm_WEOM_r2_Mag_04Mar24_300SA_p01_54_1_16880.d,/mnt/home/bmeluch/NMDC/nom_processing/monet_nom/raw/QC_SRFAII_23_01_10ppm_WEOM_r2_Mag_04Mar24_300SA_p01_54_1_16880.d/QC_SRFAII_23_01_10ppm_WEOM_r2_Mag_04Mar24_300SA_p01_54_1_16880.d,0,.d,Error processing QC_SRFAII_23_01_10ppm_WEOM_r2_Mag_04Mar24_300SA_p01_54_1_16880.d after 1 attempts: /mnt/home/bmeluch/NMDC/nom_processing/monet_nom/raw/QC_SRFAII_23_01_10ppm_WEOM_r2_Mag_04Mar24_300SA_p01_54_1_16880.d/QC_SRFAII_23_01_10ppm_WEOM_r2_Mag_04Mar24_300SA_p01_54_1_16880.d does not seem to be a valid Solarix Mass Spectrum,2026-06-30T22:49:07.666488,,,,
QC_SRFAII_23_01_10ppm_r3_Mag_21Feb24_300SA_p01_54_1_15455.d,/mnt/home/bmeluch/NMDC/nom_processing/monet_nom/raw/QC_SRFAII_23_01_10ppm_r3_Mag_21Feb24_300SA_p01_54_1_15455.d/QC_SRFAII_23_01_10ppm_r3_Mag_21Feb24_300SA_p01_54_1_15455.d,0,.d,Error processing QC_SRFAII_23_01_10ppm_r3_Mag_21Feb24_300SA_p01_54_1_15455.d after 1 attempts: /mnt/home/bmeluch/NMDC/nom_processing/monet_nom/raw/QC_SRFAII_23_01_10ppm_r3_Mag_21Feb24_300SA_p01_54_1_15455.d/QC_SRFAII_23_01_10ppm_r3_Mag_21Feb24_300SA_p01_54_1_15455.d does not seem to be a valid Solarix Mass Spectrum,2026-06-30T22:49:07.858688,,,,
60886_4_T_1_WEOM_r1_Mag_10Mar24_300SA_p01_19_1_17136.d,/mnt/home/bmeluch/NMDC/nom_processing/monet_nom/raw/60886_4_T_1_WEOM_r1_Mag_10Mar24_300SA_p01_19_1_17136.d/60886_4_T_1_WEOM_r1_Mag_10Mar24_300SA_p01_19_1_17136.d,0,.d,Error processing 60886_4_T_1_WEOM_r1_Mag_10Mar24_300SA_p01_19_1_17136.d after 1 attempts: /mnt/home/bmeluch/NMDC/nom_processing/monet_nom/raw/60886_4_T_1_WEOM_r1_Mag_10Mar24_300SA_p01_19_1_17136.d/60886_4_T_1_WEOM_r1_Mag_10Mar24_300SA_p01_19_1_17136.d does not seem to be a valid Solarix Mass Spectrum,2026-07-08T17:33:35.691292,,,,
QC_SRFAII_23_01_10ppm_WEOM_r3_Mag_07Mar24_300SA_p01_54_1_17085.d,/mnt/home/bmeluch/NMDC/nom_processing/monet_nom/raw/QC_SRFAII_23_01_10ppm_WEOM_r3_Mag_07Mar24_300SA_p01_54_1_17085.d/QC_SRFAII_23_01_10ppm_WEOM_r3_Mag_07Mar24_300SA_p01_54_1_17085.d,0,.d,Error processing QC_SRFAII_23_01_10ppm_WEOM_r3_Mag_07Mar24_300SA_p01_54_1_17085.d after 1 attempts: /mnt/home/bmeluch/NMDC/nom_processing/monet_nom/raw/QC_SRFAII_23_01_10ppm_WEOM_r3_Mag_07Mar24_300SA_p01_54_1_17085.d/QC_SRFAII_23_01_10ppm_WEOM_r3_Mag_07Mar24_300SA_p01_54_1_17085.d does not seem to be a valid Solarix Mass Spectrum,2026-06-30T22:49:08.062152,,,,
QC_SRFAII_23_01_20ppm_r2_Mag_18Jan24_300SA_p01_52_1_14879.d,/mnt/home/bmeluch/NMDC/nom_processing/monet_nom/raw/QC_SRFAII_23_01_20ppm_r2_Mag_18Jan24_300SA_p01_52_1_14879.d/QC_SRFAII_23_01_20ppm_r2_Mag_18Jan24_300SA_p01_52_1_14879.d,0,.d,Error processing QC_SRFAII_23_01_20ppm_r2_Mag_18Jan24_300SA_p01_52_1_14879.d after 1 attempts: /mnt/home/bmeluch/NMDC/nom_processing/monet_nom/raw/QC_SRFAII_23_01_20ppm_r2_Mag_18Jan24_300SA_p01_52_1_14879.d/QC_SRFAII_23_01_20ppm_r2_Mag_18Jan24_300SA_p01_52_1_14879.d does not seem to be a valid Solarix Mass Spectrum,2026-06-30T22:49:08.202929,,,,
60923_18_T_2_WEOM_r2_Mag_04Mar24_300SA_p01_20_1_16895.d,/mnt/home/bmeluch/NMDC/nom_processing/monet_nom/raw/60923_18_T_2_WEOM_r2_Mag_04Mar24_300SA_p01_20_1_16895.d/60923_18_T_2_WEOM_r2_Mag_04Mar24_300SA_p01_20_1_16895.d,0,.d,Error processing 60923_18_T_2_WEOM_r2_Mag_04Mar24_300SA_p01_20_1_16895.d after 1 attempts: /mnt/home/bmeluch/NMDC/nom_processing/monet_nom/raw/60923_18_T_2_WEOM_r2_Mag_04Mar24_300SA_p01_20_1_16895.d/60923_18_T_2_WEOM_r2_Mag_04Mar24_300SA_p01_20_1_16895.d does not seem to be a valid Solarix Mass Spectrum,2026-07-07T20:15:06.725508,,,,
60942_4_T_3_WEOM_r2_Mag_07Mar24_300SA_p01_20_1_17050.d,/mnt/home/bmeluch/NMDC/nom_processing/monet_nom/raw/60942_4_T_3_WEOM_r2_Mag_07Mar24_300SA_p01_20_1_17050.d/60942_4_T_3_WEOM_r2_Mag_07Mar24_300SA_p01_20_1_17050.d,0,.d,Error processing 60942_4_T_3_WEOM_r2_Mag_07Mar24_300SA_p01_20_1_17050.d after 1 attempts: /mnt/home/bmeluch/NMDC/nom_processing/monet_nom/raw/60942_4_T_3_WEOM_r2_Mag_07Mar24_300SA_p01_20_1_17050.d/60942_4_T_3_WEOM_r2_Mag_07Mar24_300SA_p01_20_1_17050.d does not seem to be a valid Solarix Mass Spectrum,2026-07-07T22:35:13.138075,,,,
60886_2_B_2_WEOM_r2_Mag_10Mar24_300SA_p01_11_1_17176.d,/mnt/home/bmeluch/NMDC/nom_processing/monet_nom/raw/60886_2_B_2_WEOM_r2_Mag_10Mar24_300SA_p01_11_1_17176.d/60886_2_B_2_WEOM_r2_Mag_10Mar24_300SA_p01_11_1_17176.d,0,.d,Error processing 60886_2_B_2_WEOM_r2_Mag_10Mar24_300SA_p01_11_1_17176.d after 1 attempts: /mnt/home/bmeluch/NMDC/nom_processing/monet_nom/raw/60886_2_B_2_WEOM_r2_Mag_10Mar24_300SA_p01_11_1_17176.d/60886_2_B_2_WEOM_r2_Mag_10Mar24_300SA_p01_11_1_17176.d does not seem to be a valid Solarix Mass Spectrum,2026-07-08T18:12:32.102491,,,,
60886_6_T_1_WEOM_r3_Mag_10Mar24_300SA_p01_31_1_17245.d,/mnt/home/bmeluch/NMDC/nom_processing/monet_nom/raw/60886_6_T_1_WEOM_r3_Mag_10Mar24_300SA_p01_31_1_17245.d/60886_6_T_1_WEOM_r3_Mag_10Mar24_300SA_p01_31_1_17245.d,0,.d,Error processing 60886_6_T_1_WEOM_r3_Mag_10Mar24_300SA_p01_31_1_17245.d after 1 attempts: /mnt/home/bmeluch/NMDC/nom_processing/monet_nom/raw/60886_6_T_1_WEOM_r3_Mag_10Mar24_300SA_p01_31_1_17245.d/60886_6_T_1_WEOM_r3_Mag_10Mar24_300SA_p01_31_1_17245.d does not seem to be a valid Solarix Mass Spectrum,2026-07-08T19:19:51.627864,,,,
60923_16_T_2_WEOM_r3_Mag_04Mar24_300SA_p01_8_1_16918.d,/mnt/home/bmeluch/NMDC/nom_processing/monet_nom/raw/60923_16_T_2_WEOM_r3_Mag_04Mar24_300SA_p01_8_1_16918.d/60923_16_T_2_WEOM_r3_Mag_04Mar24_300SA_p01_8_1_16918.d,0,.d,Error processing 60923_16_T_2_WEOM_r3_Mag_04Mar24_300SA_p01_8_1_16918.d after 1 attempts: /mnt/home/bmeluch/NMDC/nom_processing/monet_nom/raw/60923_16_T_2_WEOM_r3_Mag_04Mar24_300SA_p01_8_1_16918.d/60923_16_T_2_WEOM_r3_Mag_04Mar24_300SA_p01_8_1_16918.d does not seem to be a valid Solarix Mass Spectrum,2026-07-07T20:28:23.251667,,,,
60923_20_T_3_WEOM_r3_Mag_04Mar24_300SA_p01_33_1_16928.d,/mnt/home/bmeluch/NMDC/nom_processing/monet_nom/raw/60923_20_T_3_WEOM_r3_Mag_04Mar24_300SA_p01_33_1_16928.d/60923_20_T_3_WEOM_r3_Mag_04Mar24_300SA_p01_33_1_16928.d,0,.d,Error processing 60923_20_T_3_WEOM_r3_Mag_04Mar24_300SA_p01_33_1_16928.d after 1 attempts: /mnt/home/bmeluch/NMDC/nom_processing/monet_nom/raw/60923_20_T_3_WEOM_r3_Mag_04Mar24_300SA_p01_33_1_16928.d/60923_20_T_3_WEOM_r3_Mag_04Mar24_300SA_p01_33_1_16928.d does not seem to be a valid Solarix Mass Spectrum,2026-07-07T20:44:08.566188,,,,
60942_2_B_2_WEOM_r2_Mag_07Mar24_300SA_p01_11_1_17041.d,/mnt/home/bmeluch/NMDC/nom_processing/monet_nom/raw/60942_2_B_2_WEOM_r2_Mag_07Mar24_300SA_p01_11_1_17041.d/60942_2_B_2_WEOM_r2_Mag_07Mar24_300SA_p01_11_1_17041.d,0,.d,Error processing 60942_2_B_2_WEOM_r2_Mag_07Mar24_300SA_p01_11_1_17041.d after 1 attempts: /mnt/home/bmeluch/NMDC/nom_processing/monet_nom/raw/60942_2_B_2_WEOM_r2_Mag_07Mar24_300SA_p01_11_1_17041.d/60942_2_B_2_WEOM_r2_Mag_07Mar24_300SA_p01_11_1_17041.d does not seem to be a valid Solarix Mass Spectrum,2026-07-07T22:30:20.452712,,,,
60942_4_B_3_WEOM_r3_Mag_07Mar24_300SA_p01_23_1_17083.d,/mnt/home/bmeluch/NMDC/nom_processing/monet_nom/raw/60942_4_B_3_WEOM_r3_Mag_07Mar24_300SA_p01_23_1_17083.d/60942_4_B_3_WEOM_r3_Mag_07Mar24_300SA_p01_23_1_17083.d,0,.d,Error processing 60942_4_B_3_WEOM_r3_Mag_07Mar24_300SA_p01_23_1_17083.d after 1 attempts: /mnt/home/bmeluch/NMDC/nom_processing/monet_nom/raw/60942_4_B_3_WEOM_r3_Mag_07Mar24_300SA_p01_23_1_17083.d/60942_4_B_3_WEOM_r3_Mag_07Mar24_300SA_p01_23_1_17083.d does not seem to be a valid Solarix Mass Spectrum,2026-07-07T22:59:37.211207,,,,
60923_20_B_3_WEOM_r2_Mag_04Mar24_300SA_p01_36_1_16870.d,/mnt/home/bmeluch/NMDC/nom_processing/monet_nom/raw/60923_20_B_3_WEOM_r2_Mag_04Mar24_300SA_p01_36_1_16870.d/60923_20_B_3_WEOM_r2_Mag_04Mar24_300SA_p01_36_1_16870.d,0,.d,Error processing 60923_20_B_3_WEOM_r2_Mag_04Mar24_300SA_p01_36_1_16870.d after 1 attempts: /mnt/home/bmeluch/NMDC/nom_processing/monet_nom/raw/60923_20_B_3_WEOM_r2_Mag_04Mar24_300SA_p01_36_1_16870.d/60923_20_B_3_WEOM_r2_Mag_04Mar24_300SA_p01_36_1_16870.d does not seem to be a valid Solarix Mass Spectrum,2026-07-07T20:02:48.251475,,,,
QC_SRFAII_25_01_B_WEOM_r1_52_1_27803.d,/mnt/home/bmeluch/NMDC/nom_processing/monet_nom/raw/QC_SRFAII_25_01_B_WEOM_r1_52_1_27803.d/QC_SRFAII_25_01_B_WEOM_r1_52_1_27803.d,0,.d,Error processing QC_SRFAII_25_01_B_WEOM_r1_52_1_27803.d after 1 attempts: /mnt/home/bmeluch/NMDC/nom_processing/monet_nom/raw/QC_SRFAII_25_01_B_WEOM_r1_52_1_27803.d/QC_SRFAII_25_01_B_WEOM_r1_52_1_27803.d does not seem to be a valid Solarix Mass Spectrum,2026-06-30T22:49:08.280432,,,,
QC_SRFAII_23_01_20ppm_r2_Mag_04Jan24_300SA_p01_52_1_14552.d,/mnt/home/bmeluch/NMDC/nom_processing/monet_nom/raw/QC_SRFAII_23_01_20ppm_r2_Mag_04Jan24_300SA_p01_52_1_14552.d/QC_SRFAII_23_01_20ppm_r2_Mag_04Jan24_300SA_p01_52_1_14552.d,0,.d,Error processing QC_SRFAII_23_01_20ppm_r2_Mag_04Jan24_300SA_p01_52_1_14552.d after 1 attempts: /mnt/home/bmeluch/NMDC/nom_processing/monet_nom/raw/QC_SRFAII_23_01_20ppm_r2_Mag_04Jan24_300SA_p01_52_1_14552.d/QC_SRFAII_23_01_20ppm_r2_Mag_04Jan24_300SA_p01_52_1_14552.d does not seem to be a valid Solarix Mass Spectrum,2026-06-30T22:49:08.347132,,,,
60886_3_T_1_WEOM_r2_Mag_10Mar24_300SA_p01_13_1_17204.d,/mnt/home/bmeluch/NMDC/nom_processing/monet_nom/raw/60886_3_T_1_WEOM_r2_Mag_10Mar24_300SA_p01_13_1_17204.d/60886_3_T_1_WEOM_r2_Mag_10Mar24_300SA_p01_13_1_17204.d,0,.d,Error processing 60886_3_T_1_WEOM_r2_Mag_10Mar24_300SA_p01_13_1_17204.d after 1 attempts: /mnt/home/bmeluch/NMDC/nom_processing/monet_nom/raw/60886_3_T_1_WEOM_r2_Mag_10Mar24_300SA_p01_13_1_17204.d/60886_3_T_1_WEOM_r2_Mag_10Mar24_300SA_p01_13_1_17204.d does not seem to be a valid Solarix Mass Spectrum,2026-07-08T18:39:51.374403,,,,
60942_5_B_3_r1_Mag_07Mar24_300SA_p01_29_1_16989.d,/mnt/home/bmeluch/NMDC/nom_processing/monet_nom/raw/60942_5_B_3_WEOM_r1_Mag_07Mar24_300SA_p01_29_1_16989.d/60942_5_B_3_r1_Mag_07Mar24_300SA_p01_29_1_16989.d,0,.d,Error processing 60942_5_B_3_r1_Mag_07Mar24_300SA_p01_29_1_16989.d after 1 attempts: /mnt/home/bmeluch/NMDC/nom_processing/monet_nom/raw/60942_5_B_3_WEOM_r1_Mag_07Mar24_300SA_p01_29_1_16989.d/60942_5_B_3_r1_Mag_07Mar24_300SA_p01_29_1_16989.d does not seem to be a valid Solarix Mass Spectrum,2026-07-07T22:08:08.686049,,,,
QC_SRFAII_23_01_20ppm_r1_Mag_18Jan24_300SA_p01_54_1_14752.d,/mnt/home/bmeluch/NMDC/nom_processing/monet_nom/raw/QC_SRFAII_23_01_20ppm_r1_Mag_18Jan24_300SA_p01_54_1_14752.d/QC_SRFAII_23_01_20ppm_r1_Mag_18Jan24_300SA_p01_54_1_14752.d,0,.d,Error processing QC_SRFAII_23_01_20ppm_r1_Mag_18Jan24_300SA_p01_54_1_14752.d after 1 attempts: /mnt/home/bmeluch/NMDC/nom_processing/monet_nom/raw/QC_SRFAII_23_01_20ppm_r1_Mag_18Jan24_300SA_p01_54_1_14752.d/QC_SRFAII_23_01_20ppm_r1_Mag_18Jan24_300SA_p01_54_1_14752.d does not seem to be a valid Solarix Mass Spectrum,2026-06-30T22:49:08.442441,,,,
60886_4_B_2_WEOM_r2_Mag_10Mar24_300SA_p01_23_1_17210.d,/mnt/home/bmeluch/NMDC/nom_processing/monet_nom/raw/60886_4_B_2_WEOM_r2_Mag_10Mar24_300SA_p01_23_1_17210.d/60886_4_B_2_WEOM_r2_Mag_10Mar24_300SA_p01_23_1_17210.d,0,.d,Error processing 60886_4_B_2_WEOM_r2_Mag_10Mar24_300SA_p01_23_1_17210.d after 1 attempts: /mnt/home/bmeluch/NMDC/nom_processing/monet_nom/raw/60886_4_B_2_WEOM_r2_Mag_10Mar24_300SA_p01_23_1_17210.d/60886_4_B_2_WEOM_r2_Mag_10Mar24_300SA_p01_23_1_17210.d does not seem to be a valid Solarix Mass Spectrum,2026-07-08T18:44:13.412132,,,,
60942_1_B_2_WEOM_r3_Mag_07Mar24_300SA_p01_5_1_17069.d,/mnt/home/bmeluch/NMDC/nom_processing/monet_nom/raw/60942_1_B_2_WEOM_r3_Mag_07Mar24_300SA_p01_5_1_17069.d/60942_1_B_2_WEOM_r3_Mag_07Mar24_300SA_p01_5_1_17069.d,0,.d,Error processing 60942_1_B_2_WEOM_r3_Mag_07Mar24_300SA_p01_5_1_17069.d after 1 attempts: /mnt/home/bmeluch/NMDC/nom_processing/monet_nom/raw/60942_1_B_2_WEOM_r3_Mag_07Mar24_300SA_p01_5_1_17069.d/60942_1_B_2_WEOM_r3_Mag_07Mar24_300SA_p01_5_1_17069.d does not seem to be a valid Solarix Mass Spectrum,2026-07-07T22:43:44.430843,,,,
60886_1_B_3_WEOM_r1_Mag_10Mar24_300SA_p01_6_1_17148.d,/mnt/home/bmeluch/NMDC/nom_processing/monet_nom/raw/60886_1_B_3_WEOM_r1_Mag_10Mar24_300SA_p01_6_1_17148.d/60886_1_B_3_WEOM_r1_Mag_10Mar24_300SA_p01_6_1_17148.d,0,.d,Error processing 60886_1_B_3_WEOM_r1_Mag_10Mar24_300SA_p01_6_1_17148.d after 1 attempts: /mnt/home/bmeluch/NMDC/nom_processing/monet_nom/raw/60886_1_B_3_WEOM_r1_Mag_10Mar24_300SA_p01_6_1_17148.d/60886_1_B_3_WEOM_r1_Mag_10Mar24_300SA_p01_6_1_17148.d does not seem to be a valid Solarix Mass Spectrum,2026-07-08T17:45:22.488139,,,,
60942_4_B_3_r1_Mag_07Mar24_300SA_p01_23_1_16984.d,/mnt/home/bmeluch/NMDC/nom_processing/monet_nom/raw/60942_4_B_3_WEOM_r1_Mag_07Mar24_300SA_p01_23_1_16984.d/60942_4_B_3_r1_Mag_07Mar24_300SA_p01_23_1_16984.d,0,.d,Error processing 60942_4_B_3_r1_Mag_07Mar24_300SA_p01_23_1_16984.d after 1 attempts: /mnt/home/bmeluch/NMDC/nom_processing/monet_nom/raw/60942_4_B_3_WEOM_r1_Mag_07Mar24_300SA_p01_23_1_16984.d/60942_4_B_3_r1_Mag_07Mar24_300SA_p01_23_1_16984.d does not seem to be a valid Solarix Mass Spectrum,2026-07-07T22:05:39.339973,,,,
60886_4_B_3_WEOM_r1_Mag_10Mar24_300SA_p01_24_1_17133.d,/mnt/home/bmeluch/NMDC/nom_processing/monet_nom/raw/60886_4_B_3_WEOM_r1_Mag_10Mar24_300SA_p01_24_1_17133.d/60886_4_B_3_WEOM_r1_Mag_10Mar24_300SA_p01_24_1_17133.d,0,.d,Error processing 60886_4_B_3_WEOM_r1_Mag_10Mar24_300SA_p01_24_1_17133.d after 1 attempts: /mnt/home/bmeluch/NMDC/nom_processing/monet_nom/raw/60886_4_B_3_WEOM_r1_Mag_10Mar24_300SA_p01_24_1_17133.d/60886_4_B_3_WEOM_r1_Mag_10Mar24_300SA_p01_24_1_17133.d does not seem to be a valid Solarix Mass Spectrum,2026-07-08T17:30:40.843227,,,,
60886_2_B_2_WEOM_r1_Mag_10Mar24_300SA_p01_11_1_17163.d,/mnt/home/bmeluch/NMDC/nom_processing/monet_nom/raw/60886_2_B_2_WEOM_r1_Mag_10Mar24_300SA_p01_11_1_17163.d/60886_2_B_2_WEOM_r1_Mag_10Mar24_300SA_p01_11_1_17163.d,0,.d,Error processing 60886_2_B_2_WEOM_r1_Mag_10Mar24_300SA_p01_11_1_17163.d after 1 attempts: /mnt/home/bmeluch/NMDC/nom_processing/monet_nom/raw/60886_2_B_2_WEOM_r1_Mag_10Mar24_300SA_p01_11_1_17163.d/60886_2_B_2_WEOM_r1_Mag_10Mar24_300SA_p01_11_1_17163.d does not seem to be a valid Solarix Mass Spectrum,2026-07-08T18:01:21.908062,,,,
60923_17_T_2_WEOM_r1_Mag_04Mar24_300SA_p01_14_1_16794.d,/mnt/home/bmeluch/NMDC/nom_processing/monet_nom/raw/60923_17_T_2_WEOM_r1_Mag_04Mar24_300SA_p01_14_1_16794.d/60923_17_T_2_WEOM_r1_Mag_04Mar24_300SA_p01_14_1_16794.d,0,.d,Error processing 60923_17_T_2_WEOM_r1_Mag_04Mar24_300SA_p01_14_1_16794.d after 1 attempts: /mnt/home/bmeluch/NMDC/nom_processing/monet_nom/raw/60923_17_T_2_WEOM_r1_Mag_04Mar24_300SA_p01_14_1_16794.d/60923_17_T_2_WEOM_r1_Mag_04Mar24_300SA_p01_14_1_16794.d does not seem to be a valid Solarix Mass Spectrum,2026-07-07T19:27:17.866143,,,,
60923_15_B_1_WEOM_r2_Mag_04Mar24_300SA_p01_4_1_16854.d,/mnt/home/bmeluch/NMDC/nom_processing/monet_nom/raw/60923_15_B_1_WEOM_r2_Mag_04Mar24_300SA_p01_4_1_16854.d/60923_15_B_1_WEOM_r2_Mag_04Mar24_300SA_p01_4_1_16854.d,0,.d,Error processing 60923_15_B_1_WEOM_r2_Mag_04Mar24_300SA_p01_4_1_16854.d after 1 attempts: /mnt/home/bmeluch/NMDC/nom_processing/monet_nom/raw/60923_15_B_1_WEOM_r2_Mag_04Mar24_300SA_p01_4_1_16854.d/60923_15_B_1_WEOM_r2_Mag_04Mar24_300SA_p01_4_1_16854.d does not seem to be a valid Solarix Mass Spectrum,2026-07-07T19:55:39.903332,,,,
QC_SRFAII_23_01_10ppm_WEOM_r3_Mag_10Mar24_300SA_p01_54_1_17254.d,/mnt/home/bmeluch/NMDC/nom_processing/monet_nom/raw/QC_SRFAII_23_01_10ppm_WEOM_r3_Mag_10Mar24_300SA_p01_54_1_17254.d/QC_SRFAII_23_01_10ppm_WEOM_r3_Mag_10Mar24_300SA_p01_54_1_17254.d,0,.d,Error processing QC_SRFAII_23_01_10ppm_WEOM_r3_Mag_10Mar24_300SA_p01_54_1_17254.d after 1 attempts: /mnt/home/bmeluch/NMDC/nom_processing/monet_nom/raw/QC_SRFAII_23_01_10ppm_WEOM_r3_Mag_10Mar24_300SA_p01_54_1_17254.d/QC_SRFAII_23_01_10ppm_WEOM_r3_Mag_10Mar24_300SA_p01_54_1_17254.d does not seem to be a valid Solarix Mass Spectrum,2026-06-30T22:49:08.794178,,,,
60886_6_B_1_WEOM_r1_Mag_10Mar24_300SA_p01_34_1_17137.d,/mnt/home/bmeluch/NMDC/nom_processing/monet_nom/raw/60886_6_B_1_WEOM_r1_Mag_10Mar24_300SA_p01_34_1_17137.d/60886_6_B_1_WEOM_r1_Mag_10Mar24_300SA_p01_34_1_17137.d,0,.d,Error processing 60886_6_B_1_WEOM_r1_Mag_10Mar24_300SA_p01_34_1_17137.d after 1 attempts: /mnt/home/bmeluch/NMDC/nom_processing/monet_nom/raw/60886_6_B_1_WEOM_r1_Mag_10Mar24_300SA_p01_34_1_17137.d/60886_6_B_1_WEOM_r1_Mag_10Mar24_300SA_p01_34_1_17137.d does not seem to be a valid Solarix Mass Spectrum,2026-07-08T17:35:02.743299,,,,
QC_SRFAII_20ppm_04Jan24_Mag_2w_8M_300SA_p01_54_1_14415.d,/mnt/home/bmeluch/NMDC/nom_processing/monet_nom/raw/QC_SRFAII_20ppm_04Jan24_Mag_2w_8M_300SA_p01_54_1_14415.d/QC_SRFAII_20ppm_04Jan24_Mag_2w_8M_300SA_p01_54_1_14415.d,0,.d,Error processing QC_SRFAII_20ppm_04Jan24_Mag_2w_8M_300SA_p01_54_1_14415.d after 1 attempts: /mnt/home/bmeluch/NMDC/nom_processing/monet_nom/raw/QC_SRFAII_20ppm_04Jan24_Mag_2w_8M_300SA_p01_54_1_14415.d/QC_SRFAII_20ppm_04Jan24_Mag_2w_8M_300SA_p01_54_1_14415.d does not seem to be a valid Solarix Mass Spectrum,2026-06-30T22:49:08.871369,,,,
60942_2_B_2_WEOM_r3_Mag_07Mar24_300SA_p01_11_1_17104.d,/mnt/home/bmeluch/NMDC/nom_processing/monet_nom/raw/60942_2_B_2_WEOM_r3_Mag_07Mar24_300SA_p01_11_1_17104.d/60942_2_B_2_WEOM_r3_Mag_07Mar24_300SA_p01_11_1_17104.d,0,.d,Error processing 60942_2_B_2_WEOM_r3_Mag_07Mar24_300SA_p01_11_1_17104.d after 1 attempts: /mnt/home/bmeluch/NMDC/nom_processing/monet_nom/raw/60942_2_B_2_WEOM_r3_Mag_07Mar24_300SA_p01_11_1_17104.d/60942_2_B_2_WEOM_r3_Mag_07Mar24_300SA_p01_11_1_17104.d does not seem to be a valid Solarix Mass Spectrum,2026-07-08T17:15:19.461894,,,,
60886_6_T_2_WEOM_r1_Mag_10Mar24_300SA_p01_32_1_17114.d,/mnt/home/bmeluch/NMDC/nom_processing/monet_nom/raw/60886_6_T_2_WEOM_r1_Mag_10Mar24_300SA_p01_32_1_17114.d/60886_6_T_2_WEOM_r1_Mag_10Mar24_300SA_p01_32_1_17114.d,0,.d,Error processing 60886_6_T_2_WEOM_r1_Mag_10Mar24_300SA_p01_32_1_17114.d after 1 attempts: /mnt/home/bmeluch/NMDC/nom_processing/monet_nom/raw/60886_6_T_2_WEOM_r1_Mag_10Mar24_300SA_p01_32_1_17114.d/60886_6_T_2_WEOM_r1_Mag_10Mar24_300SA_p01_32_1_17114.d does not seem to be a valid Solarix Mass Spectrum,2026-07-08T17:23:31.898408,,,,
60886_4_T_2_WEOM_r2_Mag_10Mar24_300SA_p01_20_1_17225.d,/mnt/home/bmeluch/NMDC/nom_processing/monet_nom/raw/60886_4_T_2_WEOM_r2_Mag_10Mar24_300SA_p01_20_1_17225.d/60886_4_T_2_WEOM_r2_Mag_10Mar24_300SA_p01_20_1_17225.d,0,.d,Error processing 60886_4_T_2_WEOM_r2_Mag_10Mar24_300SA_p01_20_1_17225.d after 1 attempts: /mnt/home/bmeluch/NMDC/nom_processing/monet_nom/raw/60886_4_T_2_WEOM_r2_Mag_10Mar24_300SA_p01_20_1_17225.d/60886_4_T_2_WEOM_r2_Mag_10Mar24_300SA_p01_20_1_17225.d does not seem to be a valid Solarix Mass Spectrum,2026-07-08T19:00:38.062998,,,,
60942_1_T_1_WEOM_r2_Mag_07Mar24_300SA_p01_1_1_17025.d,/mnt/home/bmeluch/NMDC/nom_processing/monet_nom/raw/60942_1_T_1_WEOM_r2_Mag_07Mar24_300SA_p01_1_1_17025.d/60942_1_T_1_WEOM_r2_Mag_07Mar24_300SA_p01_1_1_17025.d,0,.d,Error processing 60942_1_T_1_WEOM_r2_Mag_07Mar24_300SA_p01_1_1_17025.d after 1 attempts: /mnt/home/bmeluch/NMDC/nom_processing/monet_nom/raw/60942_1_T_1_WEOM_r2_Mag_07Mar24_300SA_p01_1_1_17025.d/60942_1_T_1_WEOM_r2_Mag_07Mar24_300SA_p01_1_1_17025.d does not seem to be a valid Solarix Mass Spectrum,2026-07-07T22:24:55.746214,,,,
60923_17_T_2_WEOM_r2_Mag_04Mar24_300SA_p01_14_1_16882.d,/mnt/home/bmeluch/NMDC/nom_processing/monet_nom/raw/60923_17_T_2_WEOM_r2_Mag_04Mar24_300SA_p01_14_1_16882.d/60923_17_T_2_WEOM_r2_Mag_04Mar24_300SA_p01_14_1_16882.d,0,.d,Error processing 60923_17_T_2_WEOM_r2_Mag_04Mar24_300SA_p01_14_1_16882.d after 1 attempts: /mnt/home/bmeluch/NMDC/nom_processing/monet_nom/raw/60923_17_T_2_WEOM_r2_Mag_04Mar24_300SA_p01_14_1_16882.d/60923_17_T_2_WEOM_r2_Mag_04Mar24_300SA_p01_14_1_16882.d does not seem to be a valid Solarix Mass Spectrum,2026-07-07T20:07:56.624772,,,,
QC_SRFAII_23_01_10ppm_WEOM_r3_Mag_07Mar24_300SA_p01_54_1_17108.d,/mnt/home/bmeluch/NMDC/nom_processing/monet_nom/raw/QC_SRFAII_23_01_10ppm_WEOM_r3_Mag_07Mar24_300SA_p01_54_1_17108.d/QC_SRFAII_23_01_10ppm_WEOM_r3_Mag_07Mar24_300SA_p01_54_1_17108.d,0,.d,Error processing QC_SRFAII_23_01_10ppm_WEOM_r3_Mag_07Mar24_300SA_p01_54_1_17108.d after 1 attempts: /mnt/home/bmeluch/NMDC/nom_processing/monet_nom/raw/QC_SRFAII_23_01_10ppm_WEOM_r3_Mag_07Mar24_300SA_p01_54_1_17108.d/QC_SRFAII_23_01_10ppm_WEOM_r3_Mag_07Mar24_300SA_p01_54_1_17108.d does not seem to be a valid Solarix Mass Spectrum,2026-06-30T22:49:08.931538,,,,
60942_6_B_1_WEOM_r3_Mag_07Mar24_300SA_p01_33_1_17072.d,/mnt/home/bmeluch/NMDC/nom_processing/monet_nom/raw/60942_6_B_1_WEOM_r3_Mag_07Mar24_300SA_p01_33_1_17072.d/60942_6_B_1_WEOM_r3_Mag_07Mar24_300SA_p01_33_1_17072.d,0,.d,Error processing 60942_6_B_1_WEOM_r3_Mag_07Mar24_300SA_p01_33_1_17072.d after 1 attempts: /mnt/home/bmeluch/NMDC/nom_processing/monet_nom/raw/60942_6_B_1_WEOM_r3_Mag_07Mar24_300SA_p01_33_1_17072.d/60942_6_B_1_WEOM_r3_Mag_07Mar24_300SA_p01_33_1_17072.d does not seem to be a valid Solarix Mass Spectrum,2026-07-07T22:44:58.107444,,,,
60923_21_B_1_WEOM_r2_Mag_04Mar24_300SA_p01_40_1_16876.d,/mnt/home/bmeluch/NMDC/nom_processing/monet_nom/raw/60923_21_B_1_WEOM_r2_Mag_04Mar24_300SA_p01_40_1_16876.d/60923_21_B_1_WEOM_r2_Mag_04Mar24_300SA_p01_40_1_16876.d,0,.d,Error processing 60923_21_B_1_WEOM_r2_Mag_04Mar24_300SA_p01_40_1_16876.d after 1 attempts: /mnt/home/bmeluch/NMDC/nom_processing/monet_nom/raw/60923_21_B_1_WEOM_r2_Mag_04Mar24_300SA_p01_40_1_16876.d/60923_21_B_1_WEOM_r2_Mag_04Mar24_300SA_p01_40_1_16876.d does not seem to be a valid Solarix Mass Spectrum,2026-07-07T20:05:21.993998,,,,
QC_SRFAII_23_01_10ppm_WEOM_r3_Mag_04Mar24_300SA_p01_54_1_16924.d,/mnt/home/bmeluch/NMDC/nom_processing/monet_nom/raw/QC_SRFAII_23_01_10ppm_WEOM_r3_Mag_04Mar24_300SA_p01_54_1_16924.d/QC_SRFAII_23_01_10ppm_WEOM_r3_Mag_04Mar24_300SA_p01_54_1_16924.d,0,.d,Error processing QC_SRFAII_23_01_10ppm_WEOM_r3_Mag_04Mar24_300SA_p01_54_1_16924.d after 1 attempts: /mnt/home/bmeluch/NMDC/nom_processing/monet_nom/raw/QC_SRFAII_23_01_10ppm_WEOM_r3_Mag_04Mar24_300SA_p01_54_1_16924.d/QC_SRFAII_23_01_10ppm_WEOM_r3_Mag_04Mar24_300SA_p01_54_1_16924.d does not seem to be a valid Solarix Mass Spectrum,2026-06-30T22:49:09.114420,,,,
60942_5_T_1_WEOM_r3_Mag_07Mar24_300SA_p01_24_1_17073.d,/mnt/home/bmeluch/NMDC/nom_processing/monet_nom/raw/60942_5_T_1_WEOM_r3_Mag_07Mar24_300SA_p01_24_1_17073.d/60942_5_T_1_WEOM_r3_Mag_07Mar24_300SA_p01_24_1_17073.d,0,.d,Error processing 60942_5_T_1_WEOM_r3_Mag_07Mar24_300SA_p01_24_1_17073.d after 1 attempts: /mnt/home/bmeluch/NMDC/nom_processing/monet_nom/raw/60942_5_T_1_WEOM_r3_Mag_07Mar24_300SA_p01_24_1_17073.d/60942_5_T_1_WEOM_r3_Mag_07Mar24_300SA_p01_24_1_17073.d does not seem to be a valid Solarix Mass Spectrum,2026-07-07T22:45:33.267706,,,,
60923_19_T_3_WEOM_r3_Mag_04Mar24_300SA_p01_27_1_16921.d,/mnt/home/bmeluch/NMDC/nom_processing/monet_nom/raw/60923_19_T_3_WEOM_r3_Mag_04Mar24_300SA_p01_27_1_16921.d/60923_19_T_3_WEOM_r3_Mag_04Mar24_300SA_p01_27_1_16921.d,0,.d,Error processing 60923_19_T_3_WEOM_r3_Mag_04Mar24_300SA_p01_27_1_16921.d after 1 attempts: /mnt/home/bmeluch/NMDC/nom_processing/monet_nom/raw/60923_19_T_3_WEOM_r3_Mag_04Mar24_300SA_p01_27_1_16921.d/60923_19_T_3_WEOM_r3_Mag_04Mar24_300SA_p01_27_1_16921.d does not seem to be a valid Solarix Mass Spectrum,2026-07-07T20:31:08.261111,,,,
60923_16_B_2_WEOM_r1_Mag_04Mar24_300SA_p01_11_1_16848.d,/mnt/home/bmeluch/NMDC/nom_processing/monet_nom/raw/60923_16_B_2_WEOM_r1_Mag_04Mar24_300SA_p01_11_1_16848.d/60923_16_B_2_WEOM_r1_Mag_04Mar24_300SA_p01_11_1_16848.d,0,.d,Error processing 60923_16_B_2_WEOM_r1_Mag_04Mar24_300SA_p01_11_1_16848.d after 1 attempts: /mnt/home/bmeluch/NMDC/nom_processing/monet_nom/raw/60923_16_B_2_WEOM_r1_Mag_04Mar24_300SA_p01_11_1_16848.d/60923_16_B_2_WEOM_r1_Mag_04Mar24_300SA_p01_11_1_16848.d does not seem to be a valid Solarix Mass Spectrum,2026-07-07T19:52:26.099230,,,,
60923_17_B_3_WEOM_r3_Mag_04Mar24_300SA_p01_18_1_16913.d,/mnt/home/bmeluch/NMDC/nom_processing/monet_nom/raw/60923_17_B_3_WEOM_r3_Mag_04Mar24_300SA_p01_18_1_16913.d/60923_17_B_3_WEOM_r3_Mag_04Mar24_300SA_p01_18_1_16913.d,0,.d,Error processing 60923_17_B_3_WEOM_r3_Mag_04Mar24_300SA_p01_18_1_16913.d after 1 attempts: /mnt/home/bmeluch/NMDC/nom_processing/monet_nom/raw/60923_17_B_3_WEOM_r3_Mag_04Mar24_300SA_p01_18_1_16913.d/60923_17_B_3_WEOM_r3_Mag_04Mar24_300SA_p01_18_1_16913.d does not seem to be a valid Solarix Mass Spectrum,2026-07-07T20:24:31.475511,,,,
60942_5_T_3_WEOM_r2_Mag_07Mar24_300SA_p01_26_1_17019.d,/mnt/home/bmeluch/NMDC/nom_processing/monet_nom/raw/60942_5_T_3_WEOM_r2_Mag_07Mar24_300SA_p01_26_1_17019.d/60942_5_T_3_WEOM_r2_Mag_07Mar24_300SA_p01_26_1_17019.d,0,.d,Error processing 60942_5_T_3_WEOM_r2_Mag_07Mar24_300SA_p01_26_1_17019.d after 1 attempts: /mnt/home/bmeluch/NMDC/nom_processing/monet_nom/raw/60942_5_T_3_WEOM_r2_Mag_07Mar24_300SA_p01_26_1_17019.d/60942_5_T_3_WEOM_r2_Mag_07Mar24_300SA_p01_26_1_17019.d does not seem to be a valid Solarix Mass Spectrum,2026-07-07T22:21:50.760052,,,,
60942_5_T_2_WEOM_r1_Mag_07Mar24_300SA_p01_25_1_16992.d,/mnt/home/bmeluch/NMDC/nom_processing/monet_nom/raw/60942_5_T_2_WEOM_r1_Mag_07Mar24_300SA_p01_25_1_16992.d/60942_5_T_2_WEOM_r1_Mag_07Mar24_300SA_p01_25_1_16992.d,0,.d,Error processing 60942_5_T_2_WEOM_r1_Mag_07Mar24_300SA_p01_25_1_16992.d after 1 attempts: /mnt/home/bmeluch/NMDC/nom_processing/monet_nom/raw/60942_5_T_2_WEOM_r1_Mag_07Mar24_300SA_p01_25_1_16992.d/60942_5_T_2_WEOM_r1_Mag_07Mar24_300SA_p01_25_1_16992.d does not seem to be a valid Solarix Mass Spectrum,2026-07-07T22:08:47.342503,,,,
60942_1_B_3_r1_Mag_07Mar24_300SA_p01_6_1_16978.d,/mnt/home/bmeluch/NMDC/nom_processing/monet_nom/raw/60942_1_B_3_WEOM_r1_Mag_07Mar24_300SA_p01_6_1_16978.d/60942_1_B_3_r1_Mag_07Mar24_300SA_p01_6_1_16978.d,0,.d,Error processing 60942_1_B_3_r1_Mag_07Mar24_300SA_p01_6_1_16978.d after 1 attempts: /mnt/home/bmeluch/NMDC/nom_processing/monet_nom/raw/60942_1_B_3_WEOM_r1_Mag_07Mar24_300SA_p01_6_1_16978.d/60942_1_B_3_r1_Mag_07Mar24_300SA_p01_6_1_16978.d does not seem to be a valid Solarix Mass Spectrum,2026-07-07T22:03:12.697784,,,,
60923_20_T_1_WEOM_r2_Mag_04Mar24_300SA_p01_31_1_16852.d,/mnt/home/bmeluch/NMDC/nom_processing/monet_nom/raw/60923_20_T_1_WEOM_r2_Mag_04Mar24_300SA_p01_31_1_16852.d/60923_20_T_1_WEOM_r2_Mag_04Mar24_300SA_p01_31_1_16852.d,0,.d,Error processing 60923_20_T_1_WEOM_r2_Mag_04Mar24_300SA_p01_31_1_16852.d after 1 attempts: /mnt/home/bmeluch/NMDC/nom_processing/monet_nom/raw/60923_20_T_1_WEOM_r2_Mag_04Mar24_300SA_p01_31_1_16852.d/60923_20_T_1_WEOM_r2_Mag_04Mar24_300SA_p01_31_1_16852.d does not seem to be a valid Solarix Mass Spectrum,2026-07-07T19:55:00.675318,,,,
QC_SRFAII_23_01_10ppm_r1_Mag_12Feb24_300SA_p01_54_1_15070.d,/mnt/home/bmeluch/NMDC/nom_processing/monet_nom/raw/QC_SRFAII_23_01_10ppm_r1_Mag_12Feb24_300SA_p01_54_1_15070.d/QC_SRFAII_23_01_10ppm_r1_Mag_12Feb24_300SA_p01_54_1_15070.d,0,.d,Error processing QC_SRFAII_23_01_10ppm_r1_Mag_12Feb24_300SA_p01_54_1_15070.d after 1 attempts: /mnt/home/bmeluch/NMDC/nom_processing/monet_nom/raw/QC_SRFAII_23_01_10ppm_r1_Mag_12Feb24_300SA_p01_54_1_15070.d/QC_SRFAII_23_01_10ppm_r1_Mag_12Feb24_300SA_p01_54_1_15070.d does not seem to be a valid Solarix Mass Spectrum,2026-06-30T22:49:09.515954,,,,
QC_SRFAII_23_01_10ppm_WEOM_r3_Mag_13May24_300SA_p01_54_1_18396.d,/mnt/home/bmeluch/NMDC/nom_processing/monet_nom/raw/QC_SRFAII_23_01_10ppm_WEOM_r3_Mag_13May24_300SA_p01_54_1_18396.d/QC_SRFAII_23_01_10ppm_WEOM_r3_Mag_13May24_300SA_p01_54_1_18396.d,0,.d,Error processing QC_SRFAII_23_01_10ppm_WEOM_r3_Mag_13May24_300SA_p01_54_1_18396.d after 1 attempts: /mnt/home/bmeluch/NMDC/nom_processing/monet_nom/raw/QC_SRFAII_23_01_10ppm_WEOM_r3_Mag_13May24_300SA_p01_54_1_18396.d/QC_SRFAII_23_01_10ppm_WEOM_r3_Mag_13May24_300SA_p01_54_1_18396.d does not seem to be a valid Solarix Mass Spectrum,2026-06-30T22:49:09.584252,,,,
60942_6_T_3_r1_Mag_07Mar24_300SA_p01_32_1_16985.d,/mnt/home/bmeluch/NMDC/nom_processing/monet_nom/raw/60942_6_T_3_WEOM_r1_Mag_07Mar24_300SA_p01_32_1_16985.d/60942_6_T_3_r1_Mag_07Mar24_300SA_p01_32_1_16985.d,0,.d,Error processing 60942_6_T_3_r1_Mag_07Mar24_300SA_p01_32_1_16985.d after 1 attempts: /mnt/home/bmeluch/NMDC/nom_processing/monet_nom/raw/60942_6_T_3_WEOM_r1_Mag_07Mar24_300SA_p01_32_1_16985.d/60942_6_T_3_r1_Mag_07Mar24_300SA_p01_32_1_16985.d does not seem to be a valid Solarix Mass Spectrum,2026-07-07T22:06:16.556538,,,,
60942_3_B_2_WEOM_r3_Mag_07Mar24_300SA_p01_16_1_17079.d,/mnt/home/bmeluch/NMDC/nom_processing/monet_nom/raw/60942_3_B_2_WEOM_r3_Mag_07Mar24_300SA_p01_16_1_17079.d/60942_3_B_2_WEOM_r3_Mag_07Mar24_300SA_p01_16_1_17079.d,0,.d,Error processing 60942_3_B_2_WEOM_r3_Mag_07Mar24_300SA_p01_16_1_17079.d after 1 attempts: /mnt/home/bmeluch/NMDC/nom_processing/monet_nom/raw/60942_3_B_2_WEOM_r3_Mag_07Mar24_300SA_p01_16_1_17079.d/60942_3_B_2_WEOM_r3_Mag_07Mar24_300SA_p01_16_1_17079.d does not seem to be a valid Solarix Mass Spectrum,2026-07-07T22:49:05.756998,,,,
60886_1_B_1_WEOM_r3_Mag_10Mar24_300SA_p01_4_1_17251.d,/mnt/home/bmeluch/NMDC/nom_processing/monet_nom/raw/60886_1_B_1_WEOM_r3_Mag_10Mar24_300SA_p01_4_1_17251.d/60886_1_B_1_WEOM_r3_Mag_10Mar24_300SA_p01_4_1_17251.d,0,.d,Error processing 60886_1_B_1_WEOM_r3_Mag_10Mar24_300SA_p01_4_1_17251.d after 1 attempts: /mnt/home/bmeluch/NMDC/nom_processing/monet_nom/raw/60886_1_B_1_WEOM_r3_Mag_10Mar24_300SA_p01_4_1_17251.d/60886_1_B_1_WEOM_r3_Mag_10Mar24_300SA_p01_4_1_17251.d does not seem to be a valid Solarix Mass Spectrum,2026-07-08T19:27:19.109263,,,,
QC_SRFAII_23_01_20ppm_r2_Mag_18Jan24_300SA_p01_54_1_14841.d,/mnt/home/bmeluch/NMDC/nom_processing/monet_nom/raw/QC_SRFAII_23_01_20ppm_r2_Mag_18Jan24_300SA_p01_54_1_14841.d/QC_SRFAII_23_01_20ppm_r2_Mag_18Jan24_300SA_p01_54_1_14841.d,0,.d,Error processing QC_SRFAII_23_01_20ppm_r2_Mag_18Jan24_300SA_p01_54_1_14841.d after 1 attempts: /mnt/home/bmeluch/NMDC/nom_processing/monet_nom/raw/QC_SRFAII_23_01_20ppm_r2_Mag_18Jan24_300SA_p01_54_1_14841.d/QC_SRFAII_23_01_20ppm_r2_Mag_18Jan24_300SA_p01_54_1_14841.d does not seem to be a valid Solarix Mass Spectrum,2026-06-30T22:49:09.640280,,,,
60886_5_T_2_WEOM_r2_Mag_10Mar24_300SA_p01_26_1_17198.d,/mnt/home/bmeluch/NMDC/nom_processing/monet_nom/raw/60886_5_T_2_WEOM_r2_Mag_10Mar24_300SA_p01_26_1_17198.d/60886_5_T_2_WEOM_r2_Mag_10Mar24_300SA_p01_26_1_17198.d,0,.d,Error processing 60886_5_T_2_WEOM_r2_Mag_10Mar24_300SA_p01_26_1_17198.d after 1 attempts: /mnt/home/bmeluch/NMDC/nom_processing/monet_nom/raw/60886_5_T_2_WEOM_r2_Mag_10Mar24_300SA_p01_26_1_17198.d/60886_5_T_2_WEOM_r2_Mag_10Mar24_300SA_p01_26_1_17198.d does not seem to be a valid Solarix Mass Spectrum,2026-07-08T18:34:04.006122,,,,
60923_18_T_1_WEOM_r2_Mag_04Mar24_300SA_p01_19_1_16869.d,/mnt/home/bmeluch/NMDC/nom_processing/monet_nom/raw/60923_18_T_1_WEOM_r2_Mag_04Mar24_300SA_p01_19_1_16869.d/60923_18_T_1_WEOM_r2_Mag_04Mar24_300SA_p01_19_1_16869.d,0,.d,Error processing 60923_18_T_1_WEOM_r2_Mag_04Mar24_300SA_p01_19_1_16869.d after 1 attempts: /mnt/home/bmeluch/NMDC/nom_processing/monet_nom/raw/60923_18_T_1_WEOM_r2_Mag_04Mar24_300SA_p01_19_1_16869.d/60923_18_T_1_WEOM_r2_Mag_04Mar24_300SA_p01_19_1_16869.d does not seem to be a valid Solarix Mass Spectrum,2026-07-07T20:02:09.191462,,,,
60886_6_T_2_WEOM_r2_Mag_10Mar24_300SA_p01_32_1_17200.d,/mnt/home/bmeluch/NMDC/nom_processing/monet_nom/raw/60886_6_T_2_WEOM_r2_Mag_10Mar24_300SA_p01_32_1_17200.d/60886_6_T_2_WEOM_r2_Mag_10Mar24_300SA_p01_32_1_17200.d,0,.d,Error processing 60886_6_T_2_WEOM_r2_Mag_10Mar24_300SA_p01_32_1_17200.d after 1 attempts: /mnt/home/bmeluch/NMDC/nom_processing/monet_nom/raw/60886_6_T_2_WEOM_r2_Mag_10Mar24_300SA_p01_32_1_17200.d/60886_6_T_2_WEOM_r2_Mag_10Mar24_300SA_p01_32_1_17200.d does not seem to be a valid Solarix Mass Spectrum,2026-07-08T18:35:30.987548,,,,
60942_5_T_3_r1_Mag_07Mar24_300SA_p01_26_1_16975.d,/mnt/home/bmeluch/NMDC/nom_processing/monet_nom/raw/60942_5_T_3_WEOM_r1_Mag_07Mar24_300SA_p01_26_1_16975.d/60942_5_T_3_r1_Mag_07Mar24_300SA_p01_26_1_16975.d,0,.d,Error processing 60942_5_T_3_r1_Mag_07Mar24_300SA_p01_26_1_16975.d after 1 attempts: /mnt/home/bmeluch/NMDC/nom_processing/monet_nom/raw/60942_5_T_3_WEOM_r1_Mag_07Mar24_300SA_p01_26_1_16975.d/60942_5_T_3_r1_Mag_07Mar24_300SA_p01_26_1_16975.d does not seem to be a valid Solarix Mass Spectrum,2026-07-07T22:01:08.145397,,,,
60886_4_T_1_WEOM_r2_Mag_10Mar24_300SA_p01_19_1_17215.d,/mnt/home/bmeluch/NMDC/nom_processing/monet_nom/raw/60886_4_T_1_WEOM_r2_Mag_10Mar24_300SA_p01_19_1_17215.d/60886_4_T_1_WEOM_r2_Mag_10Mar24_300SA_p01_19_1_17215.d,0,.d,Error processing 60886_4_T_1_WEOM_r2_Mag_10Mar24_300SA_p01_19_1_17215.d after 1 attempts: /mnt/home/bmeluch/NMDC/nom_processing/monet_nom/raw/60886_4_T_1_WEOM_r2_Mag_10Mar24_300SA_p01_19_1_17215.d/60886_4_T_1_WEOM_r2_Mag_10Mar24_300SA_p01_19_1_17215.d does not seem to be a valid Solarix Mass Spectrum,2026-07-08T18:48:40.385221,,,,
60886_2_B_3_WEOM_r2_Mag_10Mar24_300SA_p01_12_1_17223.d,/mnt/home/bmeluch/NMDC/nom_processing/monet_nom/raw/60886_2_B_3_WEOM_r2_Mag_10Mar24_300SA_p01_12_1_17223.d/60886_2_B_3_WEOM_r2_Mag_10Mar24_300SA_p01_12_1_17223.d,0,.d,Error processing 60886_2_B_3_WEOM_r2_Mag_10Mar24_300SA_p01_12_1_17223.d after 1 attempts: /mnt/home/bmeluch/NMDC/nom_processing/monet_nom/raw/60886_2_B_3_WEOM_r2_Mag_10Mar24_300SA_p01_12_1_17223.d/60886_2_B_3_WEOM_r2_Mag_10Mar24_300SA_p01_12_1_17223.d does not seem to be a valid Solarix Mass Spectrum,2026-07-08T18:57:38.969940,,,,
60923_17_B_2_WEOM_r1_Mag_04Mar24_300SA_p01_17_1_16820.d,/mnt/home/bmeluch/NMDC/nom_processing/monet_nom/raw/60923_17_B_2_WEOM_r1_Mag_04Mar24_300SA_p01_17_1_16820.d/60923_17_B_2_WEOM_r1_Mag_04Mar24_300SA_p01_17_1_16820.d,0,.d,Error processing 60923_17_B_2_WEOM_r1_Mag_04Mar24_300SA_p01_17_1_16820.d after 1 attempts: /mnt/home/bmeluch/NMDC/nom_processing/monet_nom/raw/60923_17_B_2_WEOM_r1_Mag_04Mar24_300SA_p01_17_1_16820.d/60923_17_B_2_WEOM_r1_Mag_04Mar24_300SA_p01_17_1_16820.d does not seem to be a valid Solarix Mass Spectrum,2026-07-07T19:39:32.790234,,,,
60886_4_B_3_WEOM_r3_Mag_10Mar24_300SA_p01_24_1_17256.d,/mnt/home/bmeluch/NMDC/nom_processing/monet_nom/raw/60886_4_B_3_WEOM_r3_Mag_10Mar24_300SA_p01_24_1_17256.d/60886_4_B_3_WEOM_r3_Mag_10Mar24_300SA_p01_24_1_17256.d,0,.d,Error processing 60886_4_B_3_WEOM_r3_Mag_10Mar24_300SA_p01_24_1_17256.d after 1 attempts: /mnt/home/bmeluch/NMDC/nom_processing/monet_nom/raw/60886_4_B_3_WEOM_r3_Mag_10Mar24_300SA_p01_24_1_17256.d/60886_4_B_3_WEOM_r3_Mag_10Mar24_300SA_p01_24_1_17256.d does not seem to be a valid Solarix Mass Spectrum,2026-07-08T19:31:47.077721,,,,
60942_3_B_3_r1_Mag_07Mar24_300SA_p01_17_1_16981.d,/mnt/home/bmeluch/NMDC/nom_processing/monet_nom/raw/60942_3_B_3_WEOM_r1_Mag_07Mar24_300SA_p01_17_1_16981.d/60942_3_B_3_r1_Mag_07Mar24_300SA_p01_17_1_16981.d,0,.d,Error processing 60942_3_B_3_r1_Mag_07Mar24_300SA_p01_17_1_16981.d after 1 attempts: /mnt/home/bmeluch/NMDC/nom_processing/monet_nom/raw/60942_3_B_3_WEOM_r1_Mag_07Mar24_300SA_p01_17_1_16981.d/60942_3_B_3_r1_Mag_07Mar24_300SA_p01_17_1_16981.d does not seem to be a valid Solarix Mass Spectrum,2026-07-07T22:04:25.578587,,,,
60923_18_T_1_WEOM_r3_Mag_04Mar24_300SA_p01_19_1_16934.d,/mnt/home/bmeluch/NMDC/nom_processing/monet_nom/raw/60923_18_T_1_WEOM_r3_Mag_04Mar24_300SA_p01_19_1_16934.d/60923_18_T_1_WEOM_r3_Mag_04Mar24_300SA_p01_19_1_16934.d,0,.d,Error processing 60923_18_T_1_WEOM_r3_Mag_04Mar24_300SA_p01_19_1_16934.d after 1 attempts: /mnt/home/bmeluch/NMDC/nom_processing/monet_nom/raw/60923_18_T_1_WEOM_r3_Mag_04Mar24_300SA_p01_19_1_16934.d/60923_18_T_1_WEOM_r3_Mag_04Mar24_300SA_p01_19_1_16934.d does not seem to be a valid Solarix Mass Spectrum,2026-07-07T20:58:17.832428,,,,
60942_3_T_1_r1_Mag_07Mar24_300SA_p01_13_1_16987.d,/mnt/home/bmeluch/NMDC/nom_processing/monet_nom/raw/60942_3_T_1_WEOM_r1_Mag_07Mar24_300SA_p01_13_1_16987.d/60942_3_T_1_r1_Mag_07Mar24_300SA_p01_13_1_16987.d,0,.d,Error processing 60942_3_T_1_r1_Mag_07Mar24_300SA_p01_13_1_16987.d after 1 attempts: /mnt/home/bmeluch/NMDC/nom_processing/monet_nom/raw/60942_3_T_1_WEOM_r1_Mag_07Mar24_300SA_p01_13_1_16987.d/60942_3_T_1_r1_Mag_07Mar24_300SA_p01_13_1_16987.d does not seem to be a valid Solarix Mass Spectrum,2026-07-07T22:07:31.005566,,,,
60942_3_T_2_WEOM_r2_Mag_07Mar24_300SA_p01_14_1_17054.d,/mnt/home/bmeluch/NMDC/nom_processing/monet_nom/raw/60942_3_T_2_WEOM_r2_Mag_07Mar24_300SA_p01_14_1_17054.d/60942_3_T_2_WEOM_r2_Mag_07Mar24_300SA_p01_14_1_17054.d,0,.d,Error processing 60942_3_T_2_WEOM_r2_Mag_07Mar24_300SA_p01_14_1_17054.d after 1 attempts: /mnt/home/bmeluch/NMDC/nom_processing/monet_nom/raw/60942_3_T_2_WEOM_r2_Mag_07Mar24_300SA_p01_14_1_17054.d/60942_3_T_2_WEOM_r2_Mag_07Mar24_300SA_p01_14_1_17054.d does not seem to be a valid Solarix Mass Spectrum,2026-07-07T22:37:00.654459,,,,
60923_18_B_2_WEOM_r3_Mag_04Mar24_300SA_p01_23_1_16951.d,/mnt/home/bmeluch/NMDC/nom_processing/monet_nom/raw/60923_18_B_2_WEOM_r3_Mag_04Mar24_300SA_p01_23_1_16951.d/60923_18_B_2_WEOM_r3_Mag_04Mar24_300SA_p01_23_1_16951.d,0,.d,Error processing 60923_18_B_2_WEOM_r3_Mag_04Mar24_300SA_p01_23_1_16951.d after 1 attempts: /mnt/home/bmeluch/NMDC/nom_processing/monet_nom/raw/60923_18_B_2_WEOM_r3_Mag_04Mar24_300SA_p01_23_1_16951.d/60923_18_B_2_WEOM_r3_Mag_04Mar24_300SA_p01_23_1_16951.d does not seem to be a valid Solarix Mass Spectrum,2026-07-07T21:24:02.399174,,,,
QC_SRFAII_23_01_20ppm_r2_Mag_21Dec23_300SA_p01_54_1_14119.d,/mnt/home/bmeluch/NMDC/nom_processing/monet_nom/raw/QC_SRFAII_23_01_20ppm_r2_Mag_21Dec23_300SA_p01_54_1_14119.d/QC_SRFAII_23_01_20ppm_r2_Mag_21Dec23_300SA_p01_54_1_14119.d,0,.d,Error processing QC_SRFAII_23_01_20ppm_r2_Mag_21Dec23_300SA_p01_54_1_14119.d after 1 attempts: /mnt/home/bmeluch/NMDC/nom_processing/monet_nom/raw/QC_SRFAII_23_01_20ppm_r2_Mag_21Dec23_300SA_p01_54_1_14119.d/QC_SRFAII_23_01_20ppm_r2_Mag_21Dec23_300SA_p01_54_1_14119.d does not seem to be a valid Solarix Mass Spectrum,2026-06-30T22:49:10.032213,,,,
60886_6_T_1_WEOM_r2_Mag_10Mar24_300SA_p01_31_1_17216.d,/mnt/home/bmeluch/NMDC/nom_processing/monet_nom/raw/60886_6_T_1_WEOM_r2_Mag_10Mar24_300SA_p01_31_1_17216.d/60886_6_T_1_WEOM_r2_Mag_10Mar24_300SA_p01_31_1_17216.d,0,.d,Error processing 60886_6_T_1_WEOM_r2_Mag_10Mar24_300SA_p01_31_1_17216.d after 1 attempts: /mnt/home/bmeluch/NMDC/nom_processing/monet_nom/raw/60886_6_T_1_WEOM_r2_Mag_10Mar24_300SA_p01_31_1_17216.d/60886_6_T_1_WEOM_r2_Mag_10Mar24_300SA_p01_31_1_17216.d does not seem to be a valid Solarix Mass Spectrum,2026-07-08T18:50:07.897472,,,,
QC_SRFAII_23_01_10ppm_r2_Mag_21Feb24_300SA_p01_15_1_15907.d,/mnt/home/bmeluch/NMDC/nom_processing/monet_nom/raw/QC_SRFAII_23_01_10ppm_r2_Mag_21Feb24_300SA_p01_15_1_15907.d/QC_SRFAII_23_01_10ppm_r2_Mag_21Feb24_300SA_p01_15_1_15907.d,0,.d,Error processing QC_SRFAII_23_01_10ppm_r2_Mag_21Feb24_300SA_p01_15_1_15907.d after 1 attempts: /mnt/home/bmeluch/NMDC/nom_processing/monet_nom/raw/QC_SRFAII_23_01_10ppm_r2_Mag_21Feb24_300SA_p01_15_1_15907.d/QC_SRFAII_23_01_10ppm_r2_Mag_21Feb24_300SA_p01_15_1_15907.d does not seem to be a valid Solarix Mass Spectrum,2026-06-30T22:49:10.431229,,,,
60942_4_T_3_WEOM_r3_Mag_07Mar24_300SA_p01_20_1_17082.d,/mnt/home/bmeluch/NMDC/nom_processing/monet_nom/raw/60942_4_T_3_WEOM_r3_Mag_07Mar24_300SA_p01_20_1_17082.d/60942_4_T_3_WEOM_r3_Mag_07Mar24_300SA_p01_20_1_17082.d,0,.d,Error processing 60942_4_T_3_WEOM_r3_Mag_07Mar24_300SA_p01_20_1_17082.d after 1 attempts: /mnt/home/bmeluch/NMDC/nom_processing/monet_nom/raw/60942_4_T_3_WEOM_r3_Mag_07Mar24_300SA_p01_20_1_17082.d/60942_4_T_3_WEOM_r3_Mag_07Mar24_300SA_p01_20_1_17082.d does not seem to be a valid Solarix Mass Spectrum,2026-07-07T22:57:02.878827,,,,
60942_6_T_1_WEOM_r1_Mag_07Mar24_300SA_p01_30_1_17010.d,/mnt/home/bmeluch/NMDC/nom_processing/monet_nom/raw/60942_6_T_1_WEOM_r1_Mag_07Mar24_300SA_p01_30_1_17010.d/60942_6_T_1_WEOM_r1_Mag_07Mar24_300SA_p01_30_1_17010.d,0,.d,Error processing 60942_6_T_1_WEOM_r1_Mag_07Mar24_300SA_p01_30_1_17010.d after 1 attempts: /mnt/home/bmeluch/NMDC/nom_processing/monet_nom/raw/60942_6_T_1_WEOM_r1_Mag_07Mar24_300SA_p01_30_1_17010.d/60942_6_T_1_WEOM_r1_Mag_07Mar24_300SA_p01_30_1_17010.d does not seem to be a valid Solarix Mass Spectrum,2026-07-07T22:18:03.646626,,,,
60923_21_T_2_WEOM_r3_Mag_04Mar24_300SA_p01_38_1_16940.d,/mnt/home/bmeluch/NMDC/nom_processing/monet_nom/raw/60923_21_T_2_WEOM_r3_Mag_04Mar24_300SA_p01_38_1_16940.d/60923_21_T_2_WEOM_r3_Mag_04Mar24_300SA_p01_38_1_16940.d,0,.d,Error processing 60923_21_T_2_WEOM_r3_Mag_04Mar24_300SA_p01_38_1_16940.d after 1 attempts: /mnt/home/bmeluch/NMDC/nom_processing/monet_nom/raw/60923_21_T_2_WEOM_r3_Mag_04Mar24_300SA_p01_38_1_16940.d/60923_21_T_2_WEOM_r3_Mag_04Mar24_300SA_p01_38_1_16940.d does not seem to be a valid Solarix Mass Spectrum,2026-07-07T21:03:51.310426,,,,
60942_6_B_1_WEOM_r2_Mag_07Mar24_300SA_p01_33_1_17014.d,/mnt/home/bmeluch/NMDC/nom_processing/monet_nom/raw/60942_6_B_1_WEOM_r2_Mag_07Mar24_300SA_p01_33_1_17014.d/60942_6_B_1_WEOM_r2_Mag_07Mar24_300SA_p01_33_1_17014.d,0,.d,Error processing 60942_6_B_1_WEOM_r2_Mag_07Mar24_300SA_p01_33_1_17014.d after 1 attempts: /mnt/home/bmeluch/NMDC/nom_processing/monet_nom/raw/60942_6_B_1_WEOM_r2_Mag_07Mar24_300SA_p01_33_1_17014.d/60942_6_B_1_WEOM_r2_Mag_07Mar24_300SA_p01_33_1_17014.d does not seem to be a valid Solarix Mass Spectrum,2026-07-07T22:19:22.234974,,,,
60923_17_T_1_WEOM_r3_Mag_04Mar24_300SA_p01_13_1_16962.d,/mnt/home/bmeluch/NMDC/nom_processing/monet_nom/raw/60923_17_T_1_WEOM_r3_Mag_04Mar24_300SA_p01_13_1_16962.d/60923_17_T_1_WEOM_r3_Mag_04Mar24_300SA_p01_13_1_16962.d,0,.d,Error processing 60923_17_T_1_WEOM_r3_Mag_04Mar24_300SA_p01_13_1_16962.d after 1 attempts: /mnt/home/bmeluch/NMDC/nom_processing/monet_nom/raw/60923_17_T_1_WEOM_r3_Mag_04Mar24_300SA_p01_13_1_16962.d/60923_17_T_1_WEOM_r3_Mag_04Mar24_300SA_p01_13_1_16962.d does not seem to be a valid Solarix Mass Spectrum,2026-07-07T21:50:58.510022,,,,
60942_6_T_1_WEOM_r2_Mag_07Mar24_300SA_p01_30_1_17031.d,/mnt/home/bmeluch/NMDC/nom_processing/monet_nom/raw/60942_6_T_1_WEOM_r2_Mag_07Mar24_300SA_p01_30_1_17031.d/60942_6_T_1_WEOM_r2_Mag_07Mar24_300SA_p01_30_1_17031.d,0,.d,Error processing 60942_6_T_1_WEOM_r2_Mag_07Mar24_300SA_p01_30_1_17031.d after 1 attempts: /mnt/home/bmeluch/NMDC/nom_processing/monet_nom/raw/60942_6_T_1_WEOM_r2_Mag_07Mar24_300SA_p01_30_1_17031.d/60942_6_T_1_WEOM_r2_Mag_07Mar24_300SA_p01_30_1_17031.d does not seem to be a valid Solarix Mass Spectrum,2026-07-07T22:26:44.467204,,,,
QC_SRFAII_23_01_20ppm_r1_Mag_04Jan24_300SA_p01_54_1_14484.d,/mnt/home/bmeluch/NMDC/nom_processing/monet_nom/raw/QC_SRFAII_23_01_20ppm_r1_Mag_04Jan24_300SA_p01_54_1_14484.d/QC_SRFAII_23_01_20ppm_r1_Mag_04Jan24_300SA_p01_54_1_14484.d,0,.d,Error processing QC_SRFAII_23_01_20ppm_r1_Mag_04Jan24_300SA_p01_54_1_14484.d after 1 attempts: /mnt/home/bmeluch/NMDC/nom_processing/monet_nom/raw/QC_SRFAII_23_01_20ppm_r1_Mag_04Jan24_300SA_p01_54_1_14484.d/QC_SRFAII_23_01_20ppm_r1_Mag_04Jan24_300SA_p01_54_1_14484.d does not seem to be a valid Solarix Mass Spectrum,2026-06-30T22:49:10.562382,,,,
60886_1_T_1_WEOM_r2_Mag_10Mar24_300SA_p01_1_1_17185.d,/mnt/home/bmeluch/NMDC/nom_processing/monet_nom/raw/60886_1_T_1_WEOM_r2_Mag_10Mar24_300SA_p01_1_1_17185.d/60886_1_T_1_WEOM_r2_Mag_10Mar24_300SA_p01_1_1_17185.d,0,.d,Error processing 60886_1_T_1_WEOM_r2_Mag_10Mar24_300SA_p01_1_1_17185.d after 1 attempts: /mnt/home/bmeluch/NMDC/nom_processing/monet_nom/raw/60886_1_T_1_WEOM_r2_Mag_10Mar24_300SA_p01_1_1_17185.d/60886_1_T_1_WEOM_r2_Mag_10Mar24_300SA_p01_1_1_17185.d does not seem to be a valid Solarix Mass Spectrum,2026-07-08T18:22:34.806722,,,,
60886_4_B_3_WEOM_r2_Mag_10Mar24_300SA_p01_24_1_17203.d,/mnt/home/bmeluch/NMDC/nom_processing/monet_nom/raw/60886_4_B_3_WEOM_r2_Mag_10Mar24_300SA_p01_24_1_17203.d/60886_4_B_3_WEOM_r2_Mag_10Mar24_300SA_p01_24_1_17203.d,0,.d,Error processing 60886_4_B_3_WEOM_r2_Mag_10Mar24_300SA_p01_24_1_17203.d after 1 attempts: /mnt/home/bmeluch/NMDC/nom_processing/monet_nom/raw/60886_4_B_3_WEOM_r2_Mag_10Mar24_300SA_p01_24_1_17203.d/60886_4_B_3_WEOM_r2_Mag_10Mar24_300SA_p01_24_1_17203.d does not seem to be a valid Solarix Mass Spectrum,2026-07-08T18:38:24.281594,,,,
60886_2_T_2_WEOM_r3_Mag_10Mar24_300SA_p01_8_1_17252.d,/mnt/home/bmeluch/NMDC/nom_processing/monet_nom/raw/60886_2_T_2_WEOM_r3_Mag_10Mar24_300SA_p01_8_1_17252.d/60886_2_T_2_WEOM_r3_Mag_10Mar24_300SA_p01_8_1_17252.d,0,.d,Error processing 60886_2_T_2_WEOM_r3_Mag_10Mar24_300SA_p01_8_1_17252.d after 1 attempts: /mnt/home/bmeluch/NMDC/nom_processing/monet_nom/raw/60886_2_T_2_WEOM_r3_Mag_10Mar24_300SA_p01_8_1_17252.d/60886_2_T_2_WEOM_r3_Mag_10Mar24_300SA_p01_8_1_17252.d does not seem to be a valid Solarix Mass Spectrum,2026-07-08T19:28:48.489451,,,,
60942_3_B_3_WEOM_r2_Mag_07Mar24_300SA_p01_17_1_17030.d,/mnt/home/bmeluch/NMDC/nom_processing/monet_nom/raw/60942_3_B_3_WEOM_r2_Mag_07Mar24_300SA_p01_17_1_17030.d/60942_3_B_3_WEOM_r2_Mag_07Mar24_300SA_p01_17_1_17030.d,0,.d,Error processing 60942_3_B_3_WEOM_r2_Mag_07Mar24_300SA_p01_17_1_17030.d after 1 attempts: /mnt/home/bmeluch/NMDC/nom_processing/monet_nom/raw/60942_3_B_3_WEOM_r2_Mag_07Mar24_300SA_p01_17_1_17030.d/60942_3_B_3_WEOM_r2_Mag_07Mar24_300SA_p01_17_1_17030.d does not seem to be a valid Solarix Mass Spectrum,2026-07-07T22:26:08.674889,,,,
60942_2_T_1_WEOM_r3_Mag_07Mar24_300SA_p01_7_1_17066.d,/mnt/home/bmeluch/NMDC/nom_processing/monet_nom/raw/60942_2_T_1_WEOM_r3_Mag_07Mar24_300SA_p01_7_1_17066.d/60942_2_T_1_WEOM_r3_Mag_07Mar24_300SA_p01_7_1_17066.d,0,.d,Error processing 60942_2_T_1_WEOM_r3_Mag_07Mar24_300SA_p01_7_1_17066.d after 1 attempts: /mnt/home/bmeluch/NMDC/nom_processing/monet_nom/raw/60942_2_T_1_WEOM_r3_Mag_07Mar24_300SA_p01_7_1_17066.d/60942_2_T_1_WEOM_r3_Mag_07Mar24_300SA_p01_7_1_17066.d does not seem to be a valid Solarix Mass Spectrum,2026-07-07T22:41:54.517798,,,,
60886_6_B_3_WEOM_r1_Mag_10Mar24_300SA_p01_36_1_17153.d,/mnt/home/bmeluch/NMDC/nom_processing/monet_nom/raw/60886_6_B_3_WEOM_r1_Mag_10Mar24_300SA_p01_36_1_17153.d/60886_6_B_3_WEOM_r1_Mag_10Mar24_300SA_p01_36_1_17153.d,0,.d,Error processing 60886_6_B_3_WEOM_r1_Mag_10Mar24_300SA_p01_36_1_17153.d after 1 attempts: /mnt/home/bmeluch/NMDC/nom_processing/monet_nom/raw/60886_6_B_3_WEOM_r1_Mag_10Mar24_300SA_p01_36_1_17153.d/60886_6_B_3_WEOM_r1_Mag_10Mar24_300SA_p01_36_1_17153.d does not seem to be a valid Solarix Mass Spectrum,2026-07-08T17:49:42.970978,,,,
60923_18_B_3_WEOM_r2_Mag_04Mar24_300SA_p01_24_1_16885.d,/mnt/home/bmeluch/NMDC/nom_processing/monet_nom/raw/60923_18_B_3_WEOM_r2_Mag_04Mar24_300SA_p01_24_1_16885.d/60923_18_B_3_WEOM_r2_Mag_04Mar24_300SA_p01_24_1_16885.d,0,.d,Error processing 60923_18_B_3_WEOM_r2_Mag_04Mar24_300SA_p01_24_1_16885.d after 1 attempts: /mnt/home/bmeluch/NMDC/nom_processing/monet_nom/raw/60923_18_B_3_WEOM_r2_Mag_04Mar24_300SA_p01_24_1_16885.d/60923_18_B_3_WEOM_r2_Mag_04Mar24_300SA_p01_24_1_16885.d does not seem to be a valid Solarix Mass Spectrum,2026-07-07T20:09:15.225290,,,,
QC_SRFAII_23_01_10ppm_WEOM_r2_Mag_01May24_300SA_p01_54_1_18173.d,/mnt/home/bmeluch/NMDC/nom_processing/monet_nom/raw/QC_SRFAII_23_01_10ppm_WEOM_r2_Mag_01May24_300SA_p01_54_1_18173.d/QC_SRFAII_23_01_10ppm_WEOM_r2_Mag_01May24_300SA_p01_54_1_18173.d,0,.d,Error processing QC_SRFAII_23_01_10ppm_WEOM_r2_Mag_01May24_300SA_p01_54_1_18173.d after 1 attempts: /mnt/home/bmeluch/NMDC/nom_processing/monet_nom/raw/QC_SRFAII_23_01_10ppm_WEOM_r2_Mag_01May24_300SA_p01_54_1_18173.d/QC_SRFAII_23_01_10ppm_WEOM_r2_Mag_01May24_300SA_p01_54_1_18173.d does not seem to be a valid Solarix Mass Spectrum,2026-06-30T22:49:10.734185,,,,
60923_19_T_1_WEOM_r1_Mag_04Mar24_300SA_p01_25_1_16800.d,/mnt/home/bmeluch/NMDC/nom_processing/monet_nom/raw/60923_19_T_1_WEOM_r1_Mag_04Mar24_300SA_p01_25_1_16800.d/60923_19_T_1_WEOM_r1_Mag_04Mar24_300SA_p01_25_1_16800.d,0,.d,Error processing 60923_19_T_1_WEOM_r1_Mag_04Mar24_300SA_p01_25_1_16800.d after 1 attempts: /mnt/home/bmeluch/NMDC/nom_processing/monet_nom/raw/60923_19_T_1_WEOM_r1_Mag_04Mar24_300SA_p01_25_1_16800.d/60923_19_T_1_WEOM_r1_Mag_04Mar24_300SA_p01_25_1_16800.d does not seem to be a valid Solarix Mass Spectrum,2026-07-07T19:31:20.526203,,,,
60923_15_T_3_WEOM_r3_Mag_04Mar24_300SA_p01_3_1_16916.d,/mnt/home/bmeluch/NMDC/nom_processing/monet_nom/raw/60923_15_T_3_WEOM_r3_Mag_04Mar24_300SA_p01_3_1_16916.d/60923_15_T_3_WEOM_r3_Mag_04Mar24_300SA_p01_3_1_16916.d,0,.d,Error processing 60923_15_T_3_WEOM_r3_Mag_04Mar24_300SA_p01_3_1_16916.d after 1 attempts: /mnt/home/bmeluch/NMDC/nom_processing/monet_nom/raw/60923_15_T_3_WEOM_r3_Mag_04Mar24_300SA_p01_3_1_16916.d/60923_15_T_3_WEOM_r3_Mag_04Mar24_300SA_p01_3_1_16916.d does not seem to be a valid Solarix Mass Spectrum,2026-07-07T20:26:27.803570,,,,
60886_1_T_3_WEOM_r1_Mag_10Mar24_300SA_p01_3_1_17113.d,/mnt/home/bmeluch/NMDC/nom_processing/monet_nom/raw/60886_1_T_3_WEOM_r1_Mag_10Mar24_300SA_p01_3_1_17113.d/60886_1_T_3_WEOM_r1_Mag_10Mar24_300SA_p01_3_1_17113.d,0,.d,Error processing 60886_1_T_3_WEOM_r1_Mag_10Mar24_300SA_p01_3_1_17113.d after 1 attempts: /mnt/home/bmeluch/NMDC/nom_processing/monet_nom/raw/60886_1_T_3_WEOM_r1_Mag_10Mar24_300SA_p01_3_1_17113.d/60886_1_T_3_WEOM_r1_Mag_10Mar24_300SA_p01_3_1_17113.d does not seem to be a valid Solarix Mass Spectrum,2026-07-08T17:22:08.825991,,,,
60942_2_B_2_WEOM_r1_Mag_07Mar24_300SA_p01_11_1_17003.d,/mnt/home/bmeluch/NMDC/nom_processing/monet_nom/raw/60942_2_B_2_WEOM_r1_Mag_07Mar24_300SA_p01_11_1_17003.d/60942_2_B_2_WEOM_r1_Mag_07Mar24_300SA_p01_11_1_17003.d,0,.d,Error processing 60942_2_B_2_WEOM_r1_Mag_07Mar24_300SA_p01_11_1_17003.d after 1 attempts: /mnt/home/bmeluch/NMDC/nom_processing/monet_nom/raw/60942_2_B_2_WEOM_r1_Mag_07Mar24_300SA_p01_11_1_17003.d/60942_2_B_2_WEOM_r1_Mag_07Mar24_300SA_p01_11_1_17003.d does not seem to be a valid Solarix Mass Spectrum,2026-07-07T22:14:57.533625,,,,
QC_SRFAII_23_01_10ppm_WEOM_r1_Mag_01May24_300SA_p01_54_1_18108.d,/mnt/home/bmeluch/NMDC/nom_processing/monet_nom/raw/QC_SRFAII_23_01_10ppm_WEOM_r1_Mag_01May24_300SA_p01_54_1_18108.d/QC_SRFAII_23_01_10ppm_WEOM_r1_Mag_01May24_300SA_p01_54_1_18108.d,0,.d,Error processing QC_SRFAII_23_01_10ppm_WEOM_r1_Mag_01May24_300SA_p01_54_1_18108.d after 1 attempts: /mnt/home/bmeluch/NMDC/nom_processing/monet_nom/raw/QC_SRFAII_23_01_10ppm_WEOM_r1_Mag_01May24_300SA_p01_54_1_18108.d/QC_SRFAII_23_01_10ppm_WEOM_r1_Mag_01May24_300SA_p01_54_1_18108.d does not seem to be a valid Solarix Mass Spectrum,2026-06-30T22:49:10.856596,,,,
60942_6_T_2_WEOM_r1_Mag_07Mar24_300SA_p01_31_1_16999.d,/mnt/home/bmeluch/NMDC/nom_processing/monet_nom/raw/60942_6_T_2_WEOM_r1_Mag_07Mar24_300SA_p01_31_1_16999.d/60942_6_T_2_WEOM_r1_Mag_07Mar24_300SA_p01_31_1_16999.d,0,.d,Error processing 60942_6_T_2_WEOM_r1_Mag_07Mar24_300SA_p01_31_1_16999.d after 1 attempts: /mnt/home/bmeluch/NMDC/nom_processing/monet_nom/raw/60942_6_T_2_WEOM_r1_Mag_07Mar24_300SA_p01_31_1_16999.d/60942_6_T_2_WEOM_r1_Mag_07Mar24_300SA_p01_31_1_16999.d does not seem to be a valid Solarix Mass Spectrum,2026-07-07T22:13:06.380886,,,,
60923_19_T_1_WEOM_r2_Mag_04Mar24_300SA_p01_25_1_16891.d,/mnt/home/bmeluch/NMDC/nom_processing/monet_nom/raw/60923_19_T_1_WEOM_r2_Mag_04Mar24_300SA_p01_25_1_16891.d/60923_19_T_1_WEOM_r2_Mag_04Mar24_300SA_p01_25_1_16891.d,0,.d,Error processing 60923_19_T_1_WEOM_r2_Mag_04Mar24_300SA_p01_25_1_16891.d after 1 attempts: /mnt/home/bmeluch/NMDC/nom_processing/monet_nom/raw/60923_19_T_1_WEOM_r2_Mag_04Mar24_300SA_p01_25_1_16891.d/60923_19_T_1_WEOM_r2_Mag_04Mar24_300SA_p01_25_1_16891.d does not seem to be a valid Solarix Mass Spectrum,2026-07-07T20:12:31.225834,,,,
60942_4_B_2_WEOM_r2_Mag_07Mar24_300SA_p01_22_1_17016.d,/mnt/home/bmeluch/NMDC/nom_processing/monet_nom/raw/60942_4_B_2_WEOM_r2_Mag_07Mar24_300SA_p01_22_1_17016.d/60942_4_B_2_WEOM_r2_Mag_07Mar24_300SA_p01_22_1_17016.d,0,.d,Error processing 60942_4_B_2_WEOM_r2_Mag_07Mar24_300SA_p01_22_1_17016.d after 1 attempts: /mnt/home/bmeluch/NMDC/nom_processing/monet_nom/raw/60942_4_B_2_WEOM_r2_Mag_07Mar24_300SA_p01_22_1_17016.d/60942_4_B_2_WEOM_r2_Mag_07Mar24_300SA_p01_22_1_17016.d does not seem to be a valid Solarix Mass Spectrum,2026-07-07T22:19:59.295123,,,,
QC_SRFAII_23_01_10ppm_WEOM_r1_Mag_07Mar24_300SA_p01_54_1_17028.d,/mnt/home/bmeluch/NMDC/nom_processing/monet_nom/raw/QC_SRFAII_23_01_10ppm_WEOM_r1_Mag_07Mar24_300SA_p01_54_1_17028.d/QC_SRFAII_23_01_10ppm_WEOM_r1_Mag_07Mar24_300SA_p01_54_1_17028.d,0,.d,Error processing QC_SRFAII_23_01_10ppm_WEOM_r1_Mag_07Mar24_300SA_p01_54_1_17028.d after 1 attempts: /mnt/home/bmeluch/NMDC/nom_processing/monet_nom/raw/QC_SRFAII_23_01_10ppm_WEOM_r1_Mag_07Mar24_300SA_p01_54_1_17028.d/QC_SRFAII_23_01_10ppm_WEOM_r1_Mag_07Mar24_300SA_p01_54_1_17028.d does not seem to be a valid Solarix Mass Spectrum,2026-06-30T22:49:11.179025,,,,
QC_SRFAII_23_01_20ppm_r3_Mag_21Dec23_300SA_p01_54_1_14142.d,/mnt/home/bmeluch/NMDC/nom_processing/monet_nom/raw/QC_SRFAII_23_01_20ppm_r3_Mag_21Dec23_300SA_p01_54_1_14142.d/QC_SRFAII_23_01_20ppm_r3_Mag_21Dec23_300SA_p01_54_1_14142.d,0,.d,Error processing QC_SRFAII_23_01_20ppm_r3_Mag_21Dec23_300SA_p01_54_1_14142.d after 1 attempts: /mnt/home/bmeluch/NMDC/nom_processing/monet_nom/raw/QC_SRFAII_23_01_20ppm_r3_Mag_21Dec23_300SA_p01_54_1_14142.d/QC_SRFAII_23_01_20ppm_r3_Mag_21Dec23_300SA_p01_54_1_14142.d does not seem to be a valid Solarix Mass Spectrum,2026-06-30T22:49:11.384255,,,,
60923_20_B_1_WEOM_r2_Mag_04Mar24_300SA_p01_34_1_16905.d,/mnt/home/bmeluch/NMDC/nom_processing/monet_nom/raw/60923_20_B_1_WEOM_r2_Mag_04Mar24_300SA_p01_34_1_16905.d/60923_20_B_1_WEOM_r2_Mag_04Mar24_300SA_p01_34_1_16905.d,0,.d,Error processing 60923_20_B_1_WEOM_r2_Mag_04Mar24_300SA_p01_34_1_16905.d after 1 attempts: /mnt/home/bmeluch/NMDC/nom_processing/monet_nom/raw/60923_20_B_1_WEOM_r2_Mag_04Mar24_300SA_p01_34_1_16905.d/60923_20_B_1_WEOM_r2_Mag_04Mar24_300SA_p01_34_1_16905.d does not seem to be a valid Solarix Mass Spectrum,2026-07-07T20:19:38.575165,,,,
60923_20_T_2_WEOM_r2_Mag_04Mar24_300SA_p01_32_1_16874.d,/mnt/home/bmeluch/NMDC/nom_processing/monet_nom/raw/60923_20_T_2_WEOM_r2_Mag_04Mar24_300SA_p01_32_1_16874.d/60923_20_T_2_WEOM_r2_Mag_04Mar24_300SA_p01_32_1_16874.d,0,.d,Error processing 60923_20_T_2_WEOM_r2_Mag_04Mar24_300SA_p01_32_1_16874.d after 1 attempts: /mnt/home/bmeluch/NMDC/nom_processing/monet_nom/raw/60923_20_T_2_WEOM_r2_Mag_04Mar24_300SA_p01_32_1_16874.d/60923_20_T_2_WEOM_r2_Mag_04Mar24_300SA_p01_32_1_16874.d does not seem to be a valid Solarix Mass Spectrum,2026-07-07T20:04:43.667519,,,,
60886_5_B_2_WEOM_r2_Mag_10Mar24_300SA_p01_29_1_17179.d,/mnt/home/bmeluch/NMDC/nom_processing/monet_nom/raw/60886_5_B_2_WEOM_r2_Mag_10Mar24_300SA_p01_29_1_17179.d/60886_5_B_2_WEOM_r2_Mag_10Mar24_300SA_p01_29_1_17179.d,0,.d,Error processing 60886_5_B_2_WEOM_r2_Mag_10Mar24_300SA_p01_29_1_17179.d after 1 attempts: /mnt/home/bmeluch/NMDC/nom_processing/monet_nom/raw/60886_5_B_2_WEOM_r2_Mag_10Mar24_300SA_p01_29_1_17179.d/60886_5_B_2_WEOM_r2_Mag_10Mar24_300SA_p01_29_1_17179.d does not seem to be a valid Solarix Mass Spectrum,2026-07-08T18:15:24.106738,,,,
60886_5_T_3_WEOM_r2_Mag_10Mar24_300SA_p01_27_1_17184.d,/mnt/home/bmeluch/NMDC/nom_processing/monet_nom/raw/60886_5_T_3_WEOM_r2_Mag_10Mar24_300SA_p01_27_1_17184.d/60886_5_T_3_WEOM_r2_Mag_10Mar24_300SA_p01_27_1_17184.d,0,.d,Error processing 60886_5_T_3_WEOM_r2_Mag_10Mar24_300SA_p01_27_1_17184.d after 1 attempts: /mnt/home/bmeluch/NMDC/nom_processing/monet_nom/raw/60886_5_T_3_WEOM_r2_Mag_10Mar24_300SA_p01_27_1_17184.d/60886_5_T_3_WEOM_r2_Mag_10Mar24_300SA_p01_27_1_17184.d does not seem to be a valid Solarix Mass Spectrum,2026-07-08T18:21:08.594006,,,,
QC_SRFAII_20ppm_04Jan24_Mag_2w_8M_300SA_p01_54_1_14411.d,/mnt/home/bmeluch/NMDC/nom_processing/monet_nom/raw/QC_SRFAII_20ppm_04Jan24_Mag_2w_8M_300SA_p01_54_1_14411.d/QC_SRFAII_20ppm_04Jan24_Mag_2w_8M_300SA_p01_54_1_14411.d,0,.d,Error processing QC_SRFAII_20ppm_04Jan24_Mag_2w_8M_300SA_p01_54_1_14411.d after 1 attempts: /mnt/home/bmeluch/NMDC/nom_processing/monet_nom/raw/QC_SRFAII_20ppm_04Jan24_Mag_2w_8M_300SA_p01_54_1_14411.d/QC_SRFAII_20ppm_04Jan24_Mag_2w_8M_300SA_p01_54_1_14411.d does not seem to be a valid Solarix Mass Spectrum,2026-06-30T22:49:11.452424,,,,
60886_3_B_1_WEOM_r3_Mag_10Mar24_300SA_p01_16_1_17242.d,/mnt/home/bmeluch/NMDC/nom_processing/monet_nom/raw/60886_3_B_1_WEOM_r3_Mag_10Mar24_300SA_p01_16_1_17242.d/60886_3_B_1_WEOM_r3_Mag_10Mar24_300SA_p01_16_1_17242.d,0,.d,Error processing 60886_3_B_1_WEOM_r3_Mag_10Mar24_300SA_p01_16_1_17242.d after 1 attempts: /mnt/home/bmeluch/NMDC/nom_processing/monet_nom/raw/60886_3_B_1_WEOM_r3_Mag_10Mar24_300SA_p01_16_1_17242.d/60886_3_B_1_WEOM_r3_Mag_10Mar24_300SA_p01_16_1_17242.d does not seem to be a valid Solarix Mass Spectrum,2026-07-08T19:16:51.054875,,,,
60923_18_B_3_WEOM_r1_Mag_04Mar24_300SA_p01_24_1_16823.d,/mnt/home/bmeluch/NMDC/nom_processing/monet_nom/raw/60923_18_B_3_WEOM_r1_Mag_04Mar24_300SA_p01_24_1_16823.d/60923_18_B_3_WEOM_r1_Mag_04Mar24_300SA_p01_24_1_16823.d,0,.d,Error processing 60923_18_B_3_WEOM_r1_Mag_04Mar24_300SA_p01_24_1_16823.d after 1 attempts: /mnt/home/bmeluch/NMDC/nom_processing/monet_nom/raw/60923_18_B_3_WEOM_r1_Mag_04Mar24_300SA_p01_24_1_16823.d/60923_18_B_3_WEOM_r1_Mag_04Mar24_300SA_p01_24_1_16823.d does not seem to be a valid Solarix Mass Spectrum,2026-07-07T19:41:33.308789,,,,
60886_6_B_2_WEOM_r3_Mag_10Mar24_300SA_p01_35_1_17241.d,/mnt/home/bmeluch/NMDC/nom_processing/monet_nom/raw/60886_6_B_2_WEOM_r3_Mag_10Mar24_300SA_p01_35_1_17241.d/60886_6_B_2_WEOM_r3_Mag_10Mar24_300SA_p01_35_1_17241.d,0,.d,Error processing 60886_6_B_2_WEOM_r3_Mag_10Mar24_300SA_p01_35_1_17241.d after 1 attempts: /mnt/home/bmeluch/NMDC/nom_processing/monet_nom/raw/60886_6_B_2_WEOM_r3_Mag_10Mar24_300SA_p01_35_1_17241.d/60886_6_B_2_WEOM_r3_Mag_10Mar24_300SA_p01_35_1_17241.d does not seem to be a valid Solarix Mass Spectrum,2026-07-08T19:15:22.494244,,,,
60886_4_B_2_WEOM_r3_Mag_10Mar24_300SA_p01_23_1_17275.d,/mnt/home/bmeluch/NMDC/nom_processing/monet_nom/raw/60886_4_B_2_WEOM_r3_Mag_10Mar24_300SA_p01_23_1_17275.d/60886_4_B_2_WEOM_r3_Mag_10Mar24_300SA_p01_23_1_17275.d,0,.d,Error processing 60886_4_B_2_WEOM_r3_Mag_10Mar24_300SA_p01_23_1_17275.d after 1 attempts: /mnt/home/bmeluch/NMDC/nom_processing/monet_nom/raw/60886_4_B_2_WEOM_r3_Mag_10Mar24_300SA_p01_23_1_17275.d/60886_4_B_2_WEOM_r3_Mag_10Mar24_300SA_p01_23_1_17275.d does not seem to be a valid Solarix Mass Spectrum,2026-07-08T19:51:07.547370,,,,
60923_15_B_1_WEOM_r1_Mag_04Mar24_300SA_p01_4_1_16827.d,/mnt/home/bmeluch/NMDC/nom_processing/monet_nom/raw/60923_15_B_1_WEOM_r1_Mag_04Mar24_300SA_p01_4_1_16827.d/60923_15_B_1_WEOM_r1_Mag_04Mar24_300SA_p01_4_1_16827.d,0,.d,Error processing 60923_15_B_1_WEOM_r1_Mag_04Mar24_300SA_p01_4_1_16827.d after 1 attempts: /mnt/home/bmeluch/NMDC/nom_processing/monet_nom/raw/60923_15_B_1_WEOM_r1_Mag_04Mar24_300SA_p01_4_1_16827.d/60923_15_B_1_WEOM_r1_Mag_04Mar24_300SA_p01_4_1_16827.d does not seem to be a valid Solarix Mass Spectrum,2026-07-07T19:43:37.168977,,,,
QC_SRFAII_23_01_10ppm_WEOM_r2_Mag_10Mar24_300SA_p01_54_1_17208.d,/mnt/home/bmeluch/NMDC/nom_processing/monet_nom/raw/QC_SRFAII_23_01_10ppm_WEOM_r2_Mag_10Mar24_300SA_p01_54_1_17208.d/QC_SRFAII_23_01_10ppm_WEOM_r2_Mag_10Mar24_300SA_p01_54_1_17208.d,0,.d,Error processing QC_SRFAII_23_01_10ppm_WEOM_r2_Mag_10Mar24_300SA_p01_54_1_17208.d after 1 attempts: /mnt/home/bmeluch/NMDC/nom_processing/monet_nom/raw/QC_SRFAII_23_01_10ppm_WEOM_r2_Mag_10Mar24_300SA_p01_54_1_17208.d/QC_SRFAII_23_01_10ppm_WEOM_r2_Mag_10Mar24_300SA_p01_54_1_17208.d does not seem to be a valid Solarix Mass Spectrum,2026-06-30T22:49:11.516815,,,,
60942_1_B_3_WEOM_r2_Mag_07Mar24_300SA_p01_6_1_17049.d,/mnt/home/bmeluch/NMDC/nom_processing/monet_nom/raw/60942_1_B_3_WEOM_r2_Mag_07Mar24_300SA_p01_6_1_17049.d/60942_1_B_3_WEOM_r2_Mag_07Mar24_300SA_p01_6_1_17049.d,0,.d,Error processing 60942_1_B_3_WEOM_r2_Mag_07Mar24_300SA_p01_6_1_17049.d after 1 attempts: /mnt/home/bmeluch/NMDC/nom_processing/monet_nom/raw/60942_1_B_3_WEOM_r2_Mag_07Mar24_300SA_p01_6_1_17049.d/60942_1_B_3_WEOM_r2_Mag_07Mar24_300SA_p01_6_1_17049.d does not seem to be a valid Solarix Mass Spectrum,2026-07-07T22:34:36.645941,,,,
60942_5_B_1_r1_Mag_07Mar24_300SA_p01_27_1_16974.d,/mnt/home/bmeluch/NMDC/nom_processing/monet_nom/raw/60942_5_B_1_WEOM_r1_Mag_07Mar24_300SA_p01_27_1_16974.d/60942_5_B_1_r1_Mag_07Mar24_300SA_p01_27_1_16974.d,0,.d,Error processing 60942_5_B_1_r1_Mag_07Mar24_300SA_p01_27_1_16974.d after 1 attempts: /mnt/home/bmeluch/NMDC/nom_processing/monet_nom/raw/60942_5_B_1_WEOM_r1_Mag_07Mar24_300SA_p01_27_1_16974.d/60942_5_B_1_r1_Mag_07Mar24_300SA_p01_27_1_16974.d does not seem to be a valid Solarix Mass Spectrum,2026-07-07T22:00:21.669232,,,,
QC_SRFAII_23_01_10ppm_WEOM_r3_Mag_10May24_300SA_p01_54_1_18372.d,/mnt/home/bmeluch/NMDC/nom_processing/monet_nom/raw/QC_SRFAII_23_01_10ppm_WEOM_r3_Mag_10May24_300SA_p01_54_1_18372.d/QC_SRFAII_23_01_10ppm_WEOM_r3_Mag_10May24_300SA_p01_54_1_18372.d,0,.d,Error processing QC_SRFAII_23_01_10ppm_WEOM_r3_Mag_10May24_300SA_p01_54_1_18372.d after 1 attempts: /mnt/home/bmeluch/NMDC/nom_processing/monet_nom/raw/QC_SRFAII_23_01_10ppm_WEOM_r3_Mag_10May24_300SA_p01_54_1_18372.d/QC_SRFAII_23_01_10ppm_WEOM_r3_Mag_10May24_300SA_p01_54_1_18372.d does not seem to be a valid Solarix Mass Spectrum,2026-06-30T22:49:11.581430,,,,
60923_17_T_3_WEOM_r3_Mag_04Mar24_300SA_p01_15_1_16936.d,/mnt/home/bmeluch/NMDC/nom_processing/monet_nom/raw/60923_17_T_3_WEOM_r3_Mag_04Mar24_300SA_p01_15_1_16936.d/60923_17_T_3_WEOM_r3_Mag_04Mar24_300SA_p01_15_1_16936.d,0,.d,Error processing 60923_17_T_3_WEOM_r3_Mag_04Mar24_300SA_p01_15_1_16936.d after 1 attempts: /mnt/home/bmeluch/NMDC/nom_processing/monet_nom/raw/60923_17_T_3_WEOM_r3_Mag_04Mar24_300SA_p01_15_1_16936.d/60923_17_T_3_WEOM_r3_Mag_04Mar24_300SA_p01_15_1_16936.d does not seem to be a valid Solarix Mass Spectrum,2026-07-07T20:59:11.416906,,,,
60886_2_T_1_WEOM_r2_Mag_10Mar24_300SA_p01_7_1_17201.d,/mnt/home/bmeluch/NMDC/nom_processing/monet_nom/raw/60886_2_T_1_WEOM_r2_Mag_10Mar24_300SA_p01_7_1_17201.d/60886_2_T_1_WEOM_r2_Mag_10Mar24_300SA_p01_7_1_17201.d,0,.d,Error processing 60886_2_T_1_WEOM_r2_Mag_10Mar24_300SA_p01_7_1_17201.d after 1 attempts: /mnt/home/bmeluch/NMDC/nom_processing/monet_nom/raw/60886_2_T_1_WEOM_r2_Mag_10Mar24_300SA_p01_7_1_17201.d/60886_2_T_1_WEOM_r2_Mag_10Mar24_300SA_p01_7_1_17201.d does not seem to be a valid Solarix Mass Spectrum,2026-07-08T18:36:57.668662,,,,
60942_5_B_1_WEOM_r3_Mag_07Mar24_300SA_p01_27_1_17076.d,/mnt/home/bmeluch/NMDC/nom_processing/monet_nom/raw/60942_5_B_1_WEOM_r3_Mag_07Mar24_300SA_p01_27_1_17076.d/60942_5_B_1_WEOM_r3_Mag_07Mar24_300SA_p01_27_1_17076.d,0,.d,Error processing 60942_5_B_1_WEOM_r3_Mag_07Mar24_300SA_p01_27_1_17076.d after 1 attempts: /mnt/home/bmeluch/NMDC/nom_processing/monet_nom/raw/60942_5_B_1_WEOM_r3_Mag_07Mar24_300SA_p01_27_1_17076.d/60942_5_B_1_WEOM_r3_Mag_07Mar24_300SA_p01_27_1_17076.d does not seem to be a valid Solarix Mass Spectrum,2026-07-07T22:46:44.312187,,,,
60923_19_B_3_WEOM_r2_Mag_04Mar24_300SA_p01_30_1_16892.d,/mnt/home/bmeluch/NMDC/nom_processing/monet_nom/raw/60923_19_B_3_WEOM_r2_Mag_04Mar24_300SA_p01_30_1_16892.d/60923_19_B_3_WEOM_r2_Mag_04Mar24_300SA_p01_30_1_16892.d,0,.d,Error processing 60923_19_B_3_WEOM_r2_Mag_04Mar24_300SA_p01_30_1_16892.d after 1 attempts: /mnt/home/bmeluch/NMDC/nom_processing/monet_nom/raw/60923_19_B_3_WEOM_r2_Mag_04Mar24_300SA_p01_30_1_16892.d/60923_19_B_3_WEOM_r2_Mag_04Mar24_300SA_p01_30_1_16892.d does not seem to be a valid Solarix Mass Spectrum,2026-07-07T20:13:09.865999,,,,
QC_SRFAII_23_01_20ppm_r3_Mag_21Dec23_300SA_p01_54_1_14201.d,/mnt/home/bmeluch/NMDC/nom_processing/monet_nom/raw/QC_SRFAII_23_01_20ppm_r3_Mag_21Dec23_300SA_p01_54_1_14201.d/QC_SRFAII_23_01_20ppm_r3_Mag_21Dec23_300SA_p01_54_1_14201.d,0,.d,Error processing QC_SRFAII_23_01_20ppm_r3_Mag_21Dec23_300SA_p01_54_1_14201.d after 1 attempts: /mnt/home/bmeluch/NMDC/nom_processing/monet_nom/raw/QC_SRFAII_23_01_20ppm_r3_Mag_21Dec23_300SA_p01_54_1_14201.d/QC_SRFAII_23_01_20ppm_r3_Mag_21Dec23_300SA_p01_54_1_14201.d does not seem to be a valid Solarix Mass Spectrum,2026-06-30T22:49:11.949096,,,,
60886_1_B_2_WEOM_r1_Mag_10Mar24_300SA_p01_5_1_17140.d,/mnt/home/bmeluch/NMDC/nom_processing/monet_nom/raw/60886_1_B_2_WEOM_r1_Mag_10Mar24_300SA_p01_5_1_17140.d/60886_1_B_2_WEOM_r1_Mag_10Mar24_300SA_p01_5_1_17140.d,0,.d,Error processing 60886_1_B_2_WEOM_r1_Mag_10Mar24_300SA_p01_5_1_17140.d after 1 attempts: /mnt/home/bmeluch/NMDC/nom_processing/monet_nom/raw/60886_1_B_2_WEOM_r1_Mag_10Mar24_300SA_p01_5_1_17140.d/60886_1_B_2_WEOM_r1_Mag_10Mar24_300SA_p01_5_1_17140.d does not seem to be a valid Solarix Mass Spectrum,2026-07-08T17:37:58.195296,,,,
60942_1_B_1_WEOM_r1_Mag_07Mar24_300SA_p01_4_1_16993.d,/mnt/home/bmeluch/NMDC/nom_processing/monet_nom/raw/60942_1_B_1_WEOM_r1_Mag_07Mar24_300SA_p01_4_1_16993.d/60942_1_B_1_WEOM_r1_Mag_07Mar24_300SA_p01_4_1_16993.d,0,.d,Error processing 60942_1_B_1_WEOM_r1_Mag_07Mar24_300SA_p01_4_1_16993.d after 1 attempts: /mnt/home/bmeluch/NMDC/nom_processing/monet_nom/raw/60942_1_B_1_WEOM_r1_Mag_07Mar24_300SA_p01_4_1_16993.d/60942_1_B_1_WEOM_r1_Mag_07Mar24_300SA_p01_4_1_16993.d does not seem to be a valid Solarix Mass Spectrum,2026-07-07T22:09:26.082926,,,,
60886_5_B_1_WEOM_r3_Mag_10Mar24_300SA_p01_28_1_17235.d,/mnt/home/bmeluch/NMDC/nom_processing/monet_nom/raw/60886_5_B_1_WEOM_r3_Mag_10Mar24_300SA_p01_28_1_17235.d/60886_5_B_1_WEOM_r3_Mag_10Mar24_300SA_p01_28_1_17235.d,0,.d,Error processing 60886_5_B_1_WEOM_r3_Mag_10Mar24_300SA_p01_28_1_17235.d after 1 attempts: /mnt/home/bmeluch/NMDC/nom_processing/monet_nom/raw/60886_5_B_1_WEOM_r3_Mag_10Mar24_300SA_p01_28_1_17235.d/60886_5_B_1_WEOM_r3_Mag_10Mar24_300SA_p01_28_1_17235.d does not seem to be a valid Solarix Mass Spectrum,2026-07-08T19:09:29.402409,,,,
QC_SRFAII_23_01_20ppm_r2_Mag_18Jan24_300SA_p01_54_1_14819.d,/mnt/home/bmeluch/NMDC/nom_processing/monet_nom/raw/QC_SRFAII_23_01_20ppm_r2_Mag_18Jan24_300SA_p01_54_1_14819.d/QC_SRFAII_23_01_20ppm_r2_Mag_18Jan24_300SA_p01_54_1_14819.d,0,.d,Error processing QC_SRFAII_23_01_20ppm_r2_Mag_18Jan24_300SA_p01_54_1_14819.d after 1 attempts: /mnt/home/bmeluch/NMDC/nom_processing/monet_nom/raw/QC_SRFAII_23_01_20ppm_r2_Mag_18Jan24_300SA_p01_54_1_14819.d/QC_SRFAII_23_01_20ppm_r2_Mag_18Jan24_300SA_p01_54_1_14819.d does not seem to be a valid Solarix Mass Spectrum,2026-06-30T22:49:12.222955,,,,
QC_SRFAII_23_01_10ppm_WEOM_r1_Mag_01May24_300SA_p01_54_1_18064.d,/mnt/home/bmeluch/NMDC/nom_processing/monet_nom/raw/QC_SRFAII_23_01_10ppm_WEOM_r1_Mag_01May24_300SA_p01_54_1_18064.d/QC_SRFAII_23_01_10ppm_WEOM_r1_Mag_01May24_300SA_p01_54_1_18064.d,0,.d,Error processing QC_SRFAII_23_01_10ppm_WEOM_r1_Mag_01May24_300SA_p01_54_1_18064.d after 1 attempts: /mnt/home/bmeluch/NMDC/nom_processing/monet_nom/raw/QC_SRFAII_23_01_10ppm_WEOM_r1_Mag_01May24_300SA_p01_54_1_18064.d/QC_SRFAII_23_01_10ppm_WEOM_r1_Mag_01May24_300SA_p01_54_1_18064.d does not seem to be a valid Solarix Mass Spectrum,2026-06-30T22:49:12.389242,,,,
60886_3_B_3_WEOM_r2_Mag_10Mar24_300SA_p01_18_1_17207.d,/mnt/home/bmeluch/NMDC/nom_processing/monet_nom/raw/60886_3_B_3_WEOM_r2_Mag_10Mar24_300SA_p01_18_1_17207.d/60886_3_B_3_WEOM_r2_Mag_10Mar24_300SA_p01_18_1_17207.d,0,.d,Error processing 60886_3_B_3_WEOM_r2_Mag_10Mar24_300SA_p01_18_1_17207.d after 1 attempts: /mnt/home/bmeluch/NMDC/nom_processing/monet_nom/raw/60886_3_B_3_WEOM_r2_Mag_10Mar24_300SA_p01_18_1_17207.d/60886_3_B_3_WEOM_r2_Mag_10Mar24_300SA_p01_18_1_17207.d does not seem to be a valid Solarix Mass Spectrum,2026-07-08T18:42:46.799657,,,,
60942_5_T_1_WEOM_r2_Mag_07Mar24_300SA_p01_24_1_17022.d,/mnt/home/bmeluch/NMDC/nom_processing/monet_nom/raw/60942_5_T_1_WEOM_r2_Mag_07Mar24_300SA_p01_24_1_17022.d/60942_5_T_1_WEOM_r2_Mag_07Mar24_300SA_p01_24_1_17022.d,0,.d,Error processing 60942_5_T_1_WEOM_r2_Mag_07Mar24_300SA_p01_24_1_17022.d after 1 attempts: /mnt/home/bmeluch/NMDC/nom_processing/monet_nom/raw/60942_5_T_1_WEOM_r2_Mag_07Mar24_300SA_p01_24_1_17022.d/60942_5_T_1_WEOM_r2_Mag_07Mar24_300SA_p01_24_1_17022.d does not seem to be a valid Solarix Mass Spectrum,2026-07-07T22:23:40.801410,,,,
60942_6_B_2_WEOM_r1_Mag_07Mar24_300SA_p01_34_1_17007.d,/mnt/home/bmeluch/NMDC/nom_processing/monet_nom/raw/60942_6_B_2_WEOM_r1_Mag_07Mar24_300SA_p01_34_1_17007.d/60942_6_B_2_WEOM_r1_Mag_07Mar24_300SA_p01_34_1_17007.d,0,.d,Error processing 60942_6_B_2_WEOM_r1_Mag_07Mar24_300SA_p01_34_1_17007.d after 1 attempts: /mnt/home/bmeluch/NMDC/nom_processing/monet_nom/raw/60942_6_B_2_WEOM_r1_Mag_07Mar24_300SA_p01_34_1_17007.d/60942_6_B_2_WEOM_r1_Mag_07Mar24_300SA_p01_34_1_17007.d does not seem to be a valid Solarix Mass Spectrum,2026-07-07T22:16:48.318264,,,,
QC_SRFAII_23_01_20ppm_r3_Mag_04Jan24_300SA_p01_52_1_14643.d,/mnt/home/bmeluch/NMDC/nom_processing/monet_nom/raw/QC_SRFAII_23_01_20ppm_r3_Mag_04Jan24_300SA_p01_52_1_14643.d/QC_SRFAII_23_01_20ppm_r3_Mag_04Jan24_300SA_p01_52_1_14643.d,0,.d,Error processing QC_SRFAII_23_01_20ppm_r3_Mag_04Jan24_300SA_p01_52_1_14643.d after 1 attempts: /mnt/home/bmeluch/NMDC/nom_processing/monet_nom/raw/QC_SRFAII_23_01_20ppm_r3_Mag_04Jan24_300SA_p01_52_1_14643.d/QC_SRFAII_23_01_20ppm_r3_Mag_04Jan24_300SA_p01_52_1_14643.d does not seem to be a valid Solarix Mass Spectrum,2026-06-30T22:49:12.456867,,,,
60942_5_T_1_WEOM_r2_Mag_07Mar24_300SA_p01_24_1_17022.d,/mnt/home/bmeluch/NMDC/nom_processing/monet_nom/raw/60942_5_T_1_WEOM_r2_Mag_07Mar24_300SA_p01_24_1_17022.d,4096,.d,,,,profile,1,,,positive,107.48180113177645,1100.0100791496186,13.5028,13.5028,2024-03-08T21:47:59-08:00,1,2026-07-07T22:24:17.373814,
60942_6_B_2_WEOM_r1_Mag_07Mar24_300SA_p01_34_1_17007.d,/mnt/home/bmeluch/NMDC/nom_processing/monet_nom/raw/60942_6_B_2_WEOM_r1_Mag_07Mar24_300SA_p01_34_1_17007.d,4096,.d,,,,profile,1,,,positive,107.48180113177645,1100.0100791496186,13.5032,13.5032,2024-03-08T15:09:08-08:00,1,2026-07-07T22:17:23.494434,
QC_SRFAII_23_01_20ppm_r3_Mag_04Jan24_300SA_p01_52_1_14643.d,/mnt/home/bmeluch/NMDC/nom_processing/monet_nom/raw/QC_SRFAII_23_01_20ppm_r3_Mag_04Jan24_300SA_p01_52_1_14643.d,4096,.d,,,,profile,1,,,positive,107.48179178061193,1100.0101587804602,13.5005,13.5005,2024-01-08T20:54:04-08:00,1,2026-06-30T22:49:12.456867,
