sample_id,raw_data_file,processed_data_directory,srfa_calib_path,mass_spec_configuration_name,instrument_used,processing_institution_workflow,processing_institution_generation,instrument_analysis_end_date,instrument_instance_specifier,associated_studies
nmdc:procsm-11-j444y023,/home/bmeluch/NMDC/nom_processing/miesel_11_8bjf2432/raw/Miesel_60009_67_BONA_Oea_POST_MSTplus5_33_H2O_SPE_r2_300SA_IATp03_9117.zip,/home/bmeluch/NMDC/nom_processing/miesel_11_8bjf2432/processed_20260513/Miesel_60009_67_BONA_Oea_POST_MSTplus5_33_H2O_SPE_r2_300SA_IATp03_9117,/home/bmeluch/NMDC/nom_processing/miesel_11_8bjf2432/raw/Miesel_60009_QC_SRFAII_20ppm_r2_28Jan23_Fir_300SA_IATp01_9108.zip,"EMSL NOM full profile mass spectrometry, negative",12T FT-ICR MS,EMSL,EMSL,2023-01-28T13:53:12Z,,['nmdc:sty-11-8bjf2432']
nmdc:procsm-11-4q2ctk72,/home/bmeluch/NMDC/nom_processing/miesel_11_8bjf2432/raw/Miesel_60009_60_TALL_A1_POST_MST_33_Met_SPE_r1_30Jan23_Fir_300SA_IATp03_9198.zip,/home/bmeluch/NMDC/nom_processing/miesel_11_8bjf2432/processed_20260513/Miesel_60009_60_TALL_A1_POST_MST_33_Met_SPE_r1_30Jan23_Fir_300SA_IATp03_9198,/home/bmeluch/NMDC/nom_processing/miesel_11_8bjf2432/raw/Miesel_60009_QC_SRFAII_20ppm_r2_28Jan23_Fir_300SA_IATp01_9168.zip,"EMSL NOM full profile mass spectrometry, negative",12T FT-ICR MS,EMSL,EMSL,2023-01-29T19:32:30Z,,['nmdc:sty-11-8bjf2432']
nmdc:procsm-11-kjf60017,/home/bmeluch/NMDC/nom_processing/miesel_11_8bjf2432/raw/Miesel_60009_70_DCFS_A1_POST_MSTplus5_33_Met_SPE_r2_300SA_IATp03_9564.zip,/home/bmeluch/NMDC/nom_processing/miesel_11_8bjf2432/processed_20260513/Miesel_60009_70_DCFS_A1_POST_MSTplus5_33_Met_SPE_r2_300SA_IATp03_9564,/home/bmeluch/NMDC/nom_processing/miesel_11_8bjf2432/raw/Miesel_60009_QC_SRFAII_20ppm_30Jan23_Fir_300SA_IATp01_9389.zip,"EMSL NOM full profile mass spectrometry, negative",12T FT-ICR MS,EMSL,EMSL,2023-02-11T23:39:59Z,,['nmdc:sty-11-8bjf2432']
nmdc:procsm-11-6pjwam04,/home/bmeluch/NMDC/nom_processing/miesel_11_8bjf2432/raw/Miesel_60009_05_CLBJ_A1_PRE_Met_SPE_r1_30Jan23_Fir_300SA_IATp03_9238.zip,/home/bmeluch/NMDC/nom_processing/miesel_11_8bjf2432/processed_20260513/Miesel_60009_05_CLBJ_A1_PRE_Met_SPE_r1_30Jan23_Fir_300SA_IATp03_9238,/home/bmeluch/NMDC/nom_processing/miesel_11_8bjf2432/raw/Miesel_60009_QC_SRFAII_20ppm_30Jan23_Fir_300SA_IATp01_9235.zip,"EMSL NOM full profile mass spectrometry, negative",12T FT-ICR MS,EMSL,EMSL,2023-01-30T10:24:36Z,,['nmdc:sty-11-8bjf2432']
nmdc:procsm-11-2zxvh544,/home/bmeluch/NMDC/nom_processing/miesel_11_8bjf2432/raw/Miesel_60009_65_BARR_Oaf_POST_MSTplus5_33_Met_SPE_r2_300SA_IATp03_9601.zip,/home/bmeluch/NMDC/nom_processing/miesel_11_8bjf2432/processed_20260513/Miesel_60009_65_BARR_Oaf_POST_MSTplus5_33_Met_SPE_r2_300SA_IATp03_9601,/home/bmeluch/NMDC/nom_processing/miesel_11_8bjf2432/raw/Miesel_60009_QC_SRFAII_20ppm_10Feb23_Fir_300SA_IATp01_9585.zip,"EMSL NOM full profile mass spectrometry, negative",12T FT-ICR MS,EMSL,EMSL,2023-02-12T12:17:15Z,,['nmdc:sty-11-8bjf2432']
nmdc:procsm-11-4nhtad10,/home/bmeluch/NMDC/nom_processing/miesel_11_8bjf2432/raw/Miesel_60009_07_DCFS_A1_PRE_H2O_SPE_r2_28Jan23_Fir_300SA_IATp03_9121.zip,/home/bmeluch/NMDC/nom_processing/miesel_11_8bjf2432/processed_20260513/Miesel_60009_07_DCFS_A1_PRE_H2O_SPE_r2_28Jan23_Fir_300SA_IATp03_9121,/home/bmeluch/NMDC/nom_processing/miesel_11_8bjf2432/raw/Miesel_60009_QC_SRFAII_20ppm_r2_28Jan23_Fir_300SA_IATp01_9108.zip,"EMSL NOM full profile mass spectrometry, negative",12T FT-ICR MS,EMSL,EMSL,2023-01-28T15:21:04Z,,['nmdc:sty-11-8bjf2432']
nmdc:procsm-11-49c1zq20,/home/bmeluch/NMDC/nom_processing/miesel_11_8bjf2432/raw/Miesel_60009_25_TREE_A1_PRE_Met_SPE_r2_300SA_IATp03_9565.zip,/home/bmeluch/NMDC/nom_processing/miesel_11_8bjf2432/processed_20260513/Miesel_60009_25_TREE_A1_PRE_Met_SPE_r2_300SA_IATp03_9565,/home/bmeluch/NMDC/nom_processing/miesel_11_8bjf2432/raw/Miesel_60009_QC_SRFAII_20ppm_30Jan23_Fir_300SA_IATp01_9389.zip,"EMSL NOM full profile mass spectrometry, negative",12T FT-ICR MS,EMSL,EMSL,2023-02-12T00:00:27Z,,['nmdc:sty-11-8bjf2432']
nmdc:procsm-11-8jxt0f41,/home/bmeluch/NMDC/nom_processing/miesel_11_8bjf2432/raw/Miesel_60009_55_RMNP_A1_POST_MST_33_H2O_SPE_r2_28Jan23_Alder_300SA_IATp03_9102.zip,/home/bmeluch/NMDC/nom_processing/miesel_11_8bjf2432/processed_20260513/Miesel_60009_55_RMNP_A1_POST_MST_33_H2O_SPE_r2_28Jan23_Alder_300SA_IATp03_9102,/home/bmeluch/NMDC/nom_processing/miesel_11_8bjf2432/raw/Miesel_60009_QC_SRFAII_20ppm_r1_26Jan23_Alder_300SA_IATp01_9076.zip,"EMSL NOM full profile mass spectrometry, negative",12T FT-ICR MS,EMSL,EMSL,2023-01-28T08:23:42Z,,['nmdc:sty-11-8bjf2432']
nmdc:procsm-11-hnk2p352,/home/bmeluch/NMDC/nom_processing/miesel_11_8bjf2432/raw/Miesel_60009_68_CLBJ_A1_POST_MSTplus5_33_H2O_SPE_r2_300SA_IATp03_9154.zip,/home/bmeluch/NMDC/nom_processing/miesel_11_8bjf2432/processed_20260513/Miesel_60009_68_CLBJ_A1_POST_MSTplus5_33_H2O_SPE_r2_300SA_IATp03_9154,/home/bmeluch/NMDC/nom_processing/miesel_11_8bjf2432/raw/Miesel_60009_QC_SRFAII_20ppm_r2_28Jan23_Fir_300SA_IATp01_9140.zip,"EMSL NOM full profile mass spectrometry, negative",12T FT-ICR MS,EMSL,EMSL,2023-01-29T03:25:58Z,,['nmdc:sty-11-8bjf2432']
nmdc:procsm-11-438cnc93,/home/bmeluch/NMDC/nom_processing/miesel_11_8bjf2432/raw/Miesel_60009_13_KONZ_A1_PRE_H2O_SPE_r2_28Jan23_Alder_300SA_IATp03_9091.zip,/home/bmeluch/NMDC/nom_processing/miesel_11_8bjf2432/processed_20260513/Miesel_60009_13_KONZ_A1_PRE_H2O_SPE_r2_28Jan23_Alder_300SA_IATp03_9091,/home/bmeluch/NMDC/nom_processing/miesel_11_8bjf2432/raw/Miesel_60009_QC_SRFAII_20ppm_r1_26Jan23_Alder_300SA_IATp01_9076.zip,"EMSL NOM full profile mass spectrometry, negative",12T FT-ICR MS,EMSL,EMSL,2023-01-28T04:22:04Z,,['nmdc:sty-11-8bjf2432']
nmdc:procsm-11-4q7v8q16,/home/bmeluch/NMDC/nom_processing/miesel_11_8bjf2432/raw/Miesel_60009_50_MLBS_A_POST_MST_33_H2O_SPE_r2_28Jan23_Fir_300SA_IATp03_9143.zip,/home/bmeluch/NMDC/nom_processing/miesel_11_8bjf2432/processed_20260513/Miesel_60009_50_MLBS_A_POST_MST_33_H2O_SPE_r2_28Jan23_Fir_300SA_IATp03_9143,/home/bmeluch/NMDC/nom_processing/miesel_11_8bjf2432/raw/Miesel_60009_QC_SRFAII_20ppm_r2_28Jan23_Fir_300SA_IATp01_9140.zip,"EMSL NOM full profile mass spectrometry, negative",12T FT-ICR MS,EMSL,EMSL,2023-01-28T23:24:20Z,,['nmdc:sty-11-8bjf2432']
nmdc:procsm-11-wpgbf713,/home/bmeluch/NMDC/nom_processing/miesel_11_8bjf2432/raw/Miesel_60009_15_MOAB_A_PRE_H2O_SPE_r2_28Jan23_Alder_300SA_IATp03_9079.zip,/home/bmeluch/NMDC/nom_processing/miesel_11_8bjf2432/processed_20260513/Miesel_60009_15_MOAB_A_PRE_H2O_SPE_r2_28Jan23_Alder_300SA_IATp03_9079,/home/bmeluch/NMDC/nom_processing/miesel_11_8bjf2432/raw/Miesel_60009_QC_SRFAII_20ppm_r1_26Jan23_Alder_300SA_IATp01_9076.zip,"EMSL NOM full profile mass spectrometry, negative",12T FT-ICR MS,EMSL,EMSL,2023-01-27T23:58:28Z,,['nmdc:sty-11-8bjf2432']
nmdc:procsm-11-641zm837,/home/bmeluch/NMDC/nom_processing/miesel_11_8bjf2432/raw/Miesel_60009_39_BLAN_Ap1_POST_MST_33_Met_SPE_r1_300SA_IATp03_9260.zip,/home/bmeluch/NMDC/nom_processing/miesel_11_8bjf2432/processed_20260513/Miesel_60009_39_BLAN_Ap1_POST_MST_33_Met_SPE_r1_300SA_IATp03_9260,/home/bmeluch/NMDC/nom_processing/miesel_11_8bjf2432/raw/Miesel_60009_QC_SRFAII_20ppm_30Jan23_Fir_300SA_IATp01_9235.zip,"EMSL NOM full profile mass spectrometry, negative",12T FT-ICR MS,EMSL,EMSL,2023-01-30T18:27:52Z,,['nmdc:sty-11-8bjf2432']
nmdc:procsm-11-rtvyrf37,/home/bmeluch/NMDC/nom_processing/miesel_11_8bjf2432/raw/Miesel_60009_41_CLBJ_A1_POST_MST_33_Met_SPE_r2_300SA_IATp03_9602.zip,/home/bmeluch/NMDC/nom_processing/miesel_11_8bjf2432/processed_20260513/Miesel_60009_41_CLBJ_A1_POST_MST_33_Met_SPE_r2_300SA_IATp03_9602,/home/bmeluch/NMDC/nom_processing/miesel_11_8bjf2432/raw/Miesel_60009_QC_SRFAII_20ppm_10Feb23_Fir_300SA_IATp01_9585.zip,"EMSL NOM full profile mass spectrometry, negative",12T FT-ICR MS,EMSL,EMSL,2023-02-12T12:37:43Z,,['nmdc:sty-11-8bjf2432']
nmdc:procsm-11-vqx12088,/home/bmeluch/NMDC/nom_processing/miesel_11_8bjf2432/raw/Miesel_60009_14_MLBS_A_PRE_H2O_SPE_r1_26Jan23_Alder_300SA_IATp03_9071.zip,/home/bmeluch/NMDC/nom_processing/miesel_11_8bjf2432/processed_20260513/Miesel_60009_14_MLBS_A_PRE_H2O_SPE_r1_26Jan23_Alder_300SA_IATp03_9071,/home/bmeluch/NMDC/nom_processing/miesel_11_8bjf2432/raw/Miesel_60009_QC_SRFAII_20ppm_r1_26Jan23_Alder_300SA_IATp01_9044.zip,"EMSL NOM full profile mass spectrometry, negative",12T FT-ICR MS,EMSL,EMSL,2023-01-27T21:02:44Z,,['nmdc:sty-11-8bjf2432']
nmdc:procsm-11-a0v4c883,/home/bmeluch/NMDC/nom_processing/miesel_11_8bjf2432/raw/Miesel_60009_02_BARR_Oaf_PRE_Met_SPE_r1_300SA_IATp03_9274.zip,/home/bmeluch/NMDC/nom_processing/miesel_11_8bjf2432/processed_20260513/Miesel_60009_02_BARR_Oaf_PRE_Met_SPE_r1_300SA_IATp03_9274,/home/bmeluch/NMDC/nom_processing/miesel_11_8bjf2432/raw/Miesel_60009_QC_SRFAII_20ppm_30Jan23_Fir_300SA_IATp01_9266.zip,"EMSL NOM full profile mass spectrometry, negative",12T FT-ICR MS,EMSL,EMSL,2023-01-30T23:35:24Z,,['nmdc:sty-11-8bjf2432']
nmdc:procsm-11-5jqe1234,/home/bmeluch/NMDC/nom_processing/miesel_11_8bjf2432/raw/Miesel_60009_63_WREF_A1_POST_MST_33_Met_SPE_r1_300SA_IATp03_9264.zip,/home/bmeluch/NMDC/nom_processing/miesel_11_8bjf2432/processed_20260513/Miesel_60009_63_WREF_A1_POST_MST_33_Met_SPE_r1_300SA_IATp03_9264,/home/bmeluch/NMDC/nom_processing/miesel_11_8bjf2432/raw/Miesel_60009_QC_SRFAII_20ppm_30Jan23_Fir_300SA_IATp01_9235.zip,"EMSL NOM full profile mass spectrometry, negative",12T FT-ICR MS,EMSL,EMSL,2023-01-30T19:55:44Z,,['nmdc:sty-11-8bjf2432']
nmdc:procsm-11-dp4jwk58,/home/bmeluch/NMDC/nom_processing/miesel_11_8bjf2432/raw/Miesel_60009_04_BONA_Oea_PRE_H2O_SPE_r2_28Jan23_Alder_300SA_IATp03_9103.zip,/home/bmeluch/NMDC/nom_processing/miesel_11_8bjf2432/processed_20260513/Miesel_60009_04_BONA_Oea_PRE_H2O_SPE_r2_28Jan23_Alder_300SA_IATp03_9103,/home/bmeluch/NMDC/nom_processing/miesel_11_8bjf2432/raw/Miesel_60009_QC_SRFAII_20ppm_r1_26Jan23_Alder_300SA_IATp01_9076.zip,"EMSL NOM full profile mass spectrometry, negative",12T FT-ICR MS,EMSL,EMSL,2023-01-28T08:45:40Z,,['nmdc:sty-11-8bjf2432']
nmdc:procsm-11-6pjwam04,/home/bmeluch/NMDC/nom_processing/miesel_11_8bjf2432/raw/Miesel_60009_05_CLBJ_A1_PRE_Met_SPE_r2_300SA_IATp03_9621.zip,/home/bmeluch/NMDC/nom_processing/miesel_11_8bjf2432/processed_20260513/Miesel_60009_05_CLBJ_A1_PRE_Met_SPE_r2_300SA_IATp03_9621,/home/bmeluch/NMDC/nom_processing/miesel_11_8bjf2432/raw/Miesel_60009_QC_SRFAII_20ppm_10Feb23_Fir_300SA_IATp01_9617.zip,"EMSL NOM full profile mass spectrometry, negative",12T FT-ICR MS,EMSL,EMSL,2023-02-12T19:06:35Z,,['nmdc:sty-11-8bjf2432']
nmdc:procsm-11-kt3nbq35,/home/bmeluch/NMDC/nom_processing/miesel_11_8bjf2432/raw/Miesel_60009_42_CPER_A1_POST_MST_33_Met_SPE_r1_300SA_IATp03_9290.zip,/home/bmeluch/NMDC/nom_processing/miesel_11_8bjf2432/processed_20260513/Miesel_60009_42_CPER_A1_POST_MST_33_Met_SPE_r1_300SA_IATp03_9290,/home/bmeluch/NMDC/nom_processing/miesel_11_8bjf2432/raw/Miesel_60009_QC_SRFAII_20ppm_30Jan23_Fir_300SA_IATp01_9266.zip,"EMSL NOM full profile mass spectrometry, negative",12T FT-ICR MS,EMSL,EMSL,2023-01-31T05:26:52Z,,['nmdc:sty-11-8bjf2432']
nmdc:procsm-11-m0vq9w09,/home/bmeluch/NMDC/nom_processing/miesel_11_8bjf2432/raw/Miesel_60009_20_SERC_A_PRE_H2O_SPE_r2_28Jan23_Fir_300SA_IATp03_9148.zip,/home/bmeluch/NMDC/nom_processing/miesel_11_8bjf2432/processed_20260513/Miesel_60009_20_SERC_A_PRE_H2O_SPE_r2_28Jan23_Fir_300SA_IATp03_9148,/home/bmeluch/NMDC/nom_processing/miesel_11_8bjf2432/raw/Miesel_60009_QC_SRFAII_20ppm_r2_28Jan23_Fir_300SA_IATp01_9140.zip,"EMSL NOM full profile mass spectrometry, negative",12T FT-ICR MS,EMSL,EMSL,2023-01-29T01:14:10Z,,['nmdc:sty-11-8bjf2432']
nmdc:procsm-11-aa34by92,/home/bmeluch/NMDC/nom_processing/miesel_11_8bjf2432/raw/Miesel_60009_82_RMNP_A1_POST_MSTplus5_33_H2O_SPE_r1_300SA_IATp03_9072.zip,/home/bmeluch/NMDC/nom_processing/miesel_11_8bjf2432/processed_20260513/Miesel_60009_82_RMNP_A1_POST_MSTplus5_33_H2O_SPE_r1_300SA_IATp03_9072,/home/bmeluch/NMDC/nom_processing/miesel_11_8bjf2432/raw/Miesel_60009_QC_SRFAII_20ppm_r1_26Jan23_Alder_300SA_IATp01_9044.zip,"EMSL NOM full profile mass spectrometry, negative",12T FT-ICR MS,EMSL,EMSL,2023-01-27T21:24:42Z,,['nmdc:sty-11-8bjf2432']
nmdc:procsm-11-s03ycj67,/home/bmeluch/NMDC/nom_processing/miesel_11_8bjf2432/raw/Miesel_60009_50_MLBS_A_POST_MST_33_Met_SPE_r2_300SA_IATp03_9581.zip,/home/bmeluch/NMDC/nom_processing/miesel_11_8bjf2432/processed_20260513/Miesel_60009_50_MLBS_A_POST_MST_33_Met_SPE_r2_300SA_IATp03_9581,/home/bmeluch/NMDC/nom_processing/miesel_11_8bjf2432/raw/Miesel_60009_QC_SRFAII_20ppm_30Jan23_Fir_300SA_IATp01_9389.zip,"EMSL NOM full profile mass spectrometry, negative",12T FT-ICR MS,EMSL,EMSL,2023-02-12T05:27:55Z,,['nmdc:sty-11-8bjf2432']
nmdc:procsm-11-rntnn312,/home/bmeluch/NMDC/nom_processing/miesel_11_8bjf2432/raw/Miesel_60009_44_DELA_A_POST_MST_33_Met_SPE_r2_300SA_IATp03_9578.zip,/home/bmeluch/NMDC/nom_processing/miesel_11_8bjf2432/processed_20260513/Miesel_60009_44_DELA_A_POST_MST_33_Met_SPE_r2_300SA_IATp03_9578,/home/bmeluch/NMDC/nom_processing/miesel_11_8bjf2432/raw/Miesel_60009_QC_SRFAII_20ppm_30Jan23_Fir_300SA_IATp01_9389.zip,"EMSL NOM full profile mass spectrometry, negative",12T FT-ICR MS,EMSL,EMSL,2023-02-12T04:26:31Z,,['nmdc:sty-11-8bjf2432']
nmdc:procsm-11-yvr5bh44,/home/bmeluch/NMDC/nom_processing/miesel_11_8bjf2432/raw/Miesel_60009_80_NIWO_A_POST_MSTplus5_33_Met_SPE_r2_300SA_IATp03_9569.zip,/home/bmeluch/NMDC/nom_processing/miesel_11_8bjf2432/processed_20260513/Miesel_60009_80_NIWO_A_POST_MSTplus5_33_Met_SPE_r2_300SA_IATp03_9569,/home/bmeluch/NMDC/nom_processing/miesel_11_8bjf2432/raw/Miesel_60009_QC_SRFAII_20ppm_30Jan23_Fir_300SA_IATp01_9389.zip,"EMSL NOM full profile mass spectrometry, negative",12T FT-ICR MS,EMSL,EMSL,2023-02-12T01:22:19Z,,['nmdc:sty-11-8bjf2432']
nmdc:procsm-11-qak15t71,/home/bmeluch/NMDC/nom_processing/miesel_11_8bjf2432/raw/Miesel_60009_03_BLAN_Ap1_PRE_Met_SPE_r1_300SA_IATp03_9247.zip,/home/bmeluch/NMDC/nom_processing/miesel_11_8bjf2432/processed_20260513/Miesel_60009_03_BLAN_Ap1_PRE_Met_SPE_r1_300SA_IATp03_9247,/home/bmeluch/NMDC/nom_processing/miesel_11_8bjf2432/raw/Miesel_60009_QC_SRFAII_20ppm_30Jan23_Fir_300SA_IATp01_9235.zip,"EMSL NOM full profile mass spectrometry, negative",12T FT-ICR MS,EMSL,EMSL,2023-01-30T13:42:18Z,,['nmdc:sty-11-8bjf2432']
nmdc:procsm-11-rx02gk34,/home/bmeluch/NMDC/nom_processing/miesel_11_8bjf2432/raw/Miesel_60009_16_NGPR_A_PRE_H2O_SPE_r1_26Jan23_Alder_300SA_IATp03_9022.zip,/home/bmeluch/NMDC/nom_processing/miesel_11_8bjf2432/processed_20260513/Miesel_60009_16_NGPR_A_PRE_H2O_SPE_r1_26Jan23_Alder_300SA_IATp03_9022,/home/bmeluch/NMDC/nom_processing/miesel_11_8bjf2432/raw/Miesel_60009_QC_SRFAII_20ppm_r1_26Jan23_Alder_300SA_IATp01_9014.zip,"EMSL NOM full profile mass spectrometry, negative",12T FT-ICR MS,EMSL,EMSL,2023-01-27T02:49:38Z,,['nmdc:sty-11-8bjf2432']
nmdc:procsm-11-hx4qfa33,/home/bmeluch/NMDC/nom_processing/miesel_11_8bjf2432/raw/Miesel_60009_70_DCFS_A1_POST_MSTplus5_33_H2O_SPE_r2_300SA_IATp03_9163.zip,/home/bmeluch/NMDC/nom_processing/miesel_11_8bjf2432/processed_20260513/Miesel_60009_70_DCFS_A1_POST_MSTplus5_33_H2O_SPE_r2_300SA_IATp03_9163,/home/bmeluch/NMDC/nom_processing/miesel_11_8bjf2432/raw/Miesel_60009_QC_SRFAII_20ppm_r2_28Jan23_Fir_300SA_IATp01_9140.zip,"EMSL NOM full profile mass spectrometry, negative",12T FT-ICR MS,EMSL,EMSL,2023-01-29T06:43:40Z,,['nmdc:sty-11-8bjf2432']
nmdc:procsm-11-57nh0k71,/home/bmeluch/NMDC/nom_processing/miesel_11_8bjf2432/raw/Miesel_60009_01_ABBY_A_PRE_H2O_SPE_r2_28Jan23_Fir_300SA_IATp03_9113.zip,/home/bmeluch/NMDC/nom_processing/miesel_11_8bjf2432/processed_20260513/Miesel_60009_01_ABBY_A_PRE_H2O_SPE_r2_28Jan23_Fir_300SA_IATp03_9113,/home/bmeluch/NMDC/nom_processing/miesel_11_8bjf2432/raw/Miesel_60009_QC_SRFAII_20ppm_r2_28Jan23_Fir_300SA_IATp01_9108.zip,"EMSL NOM full profile mass spectrometry, negative",12T FT-ICR MS,EMSL,EMSL,2023-01-28T12:25:20Z,,['nmdc:sty-11-8bjf2432']
nmdc:procsm-11-hhph5z83,/home/bmeluch/NMDC/nom_processing/miesel_11_8bjf2432/raw/Miesel_60009_59_STEI_A1_POST_MST_33_Met_SPE_r1_30Jan23_Fir_300SA_IATp03_9195.zip,/home/bmeluch/NMDC/nom_processing/miesel_11_8bjf2432/processed_20260513/Miesel_60009_59_STEI_A1_POST_MST_33_Met_SPE_r1_30Jan23_Fir_300SA_IATp03_9195,/home/bmeluch/NMDC/nom_processing/miesel_11_8bjf2432/raw/Miesel_60009_QC_SRFAII_20ppm_r2_28Jan23_Fir_300SA_IATp01_9168.zip,"EMSL NOM full profile mass spectrometry, negative",12T FT-ICR MS,EMSL,EMSL,2023-01-29T18:26:36Z,,['nmdc:sty-11-8bjf2432']
nmdc:procsm-11-224gja14,/home/bmeluch/NMDC/nom_processing/miesel_11_8bjf2432/raw/Miesel_60009_19_RMNP_A1_PRE_H2O_SPE_r2_28Jan23_Fir_300SA_IATp03_9126.zip,/home/bmeluch/NMDC/nom_processing/miesel_11_8bjf2432/processed_20260513/Miesel_60009_19_RMNP_A1_PRE_H2O_SPE_r2_28Jan23_Fir_300SA_IATp03_9126,/home/bmeluch/NMDC/nom_processing/miesel_11_8bjf2432/raw/Miesel_60009_QC_SRFAII_20ppm_r2_28Jan23_Fir_300SA_IATp01_9108.zip,"EMSL NOM full profile mass spectrometry, negative",12T FT-ICR MS,EMSL,EMSL,2023-01-28T17:10:54Z,,['nmdc:sty-11-8bjf2432']
nmdc:procsm-11-6qew2e71,/home/bmeluch/NMDC/nom_processing/miesel_11_8bjf2432/raw/Miesel_60009_22_SOAP_A_PRE_H2O_SPE_r2_28Jan23_Alder_300SA_IATp03_9085.zip,/home/bmeluch/NMDC/nom_processing/miesel_11_8bjf2432/processed_20260513/Miesel_60009_22_SOAP_A_PRE_H2O_SPE_r2_28Jan23_Alder_300SA_IATp03_9085,/home/bmeluch/NMDC/nom_processing/miesel_11_8bjf2432/raw/Miesel_60009_QC_SRFAII_20ppm_r1_26Jan23_Alder_300SA_IATp01_9076.zip,"EMSL NOM full profile mass spectrometry, negative",12T FT-ICR MS,EMSL,EMSL,2023-01-28T02:10:16Z,,['nmdc:sty-11-8bjf2432']
nmdc:procsm-11-5qqvy298,/home/bmeluch/NMDC/nom_processing/miesel_11_8bjf2432/raw/Miesel_60009_53_NIWO_A_POST_MST_33_H2O_SPE_r2_28Jan23_Fir_300SA_IATp03_9136.zip,/home/bmeluch/NMDC/nom_processing/miesel_11_8bjf2432/processed_20260513/Miesel_60009_53_NIWO_A_POST_MST_33_H2O_SPE_r2_28Jan23_Fir_300SA_IATp03_9136,/home/bmeluch/NMDC/nom_processing/miesel_11_8bjf2432/raw/Miesel_60009_QC_SRFAII_20ppm_r2_28Jan23_Fir_300SA_IATp01_9108.zip,"EMSL NOM full profile mass spectrometry, negative",12T FT-ICR MS,EMSL,EMSL,2023-01-28T20:50:34Z,,['nmdc:sty-11-8bjf2432']
nmdc:procsm-11-yda6sv41,/home/bmeluch/NMDC/nom_processing/miesel_11_8bjf2432/raw/Miesel_60009_08_DELA_A_PRE_Met_SPE_r2_300SA_IATp03_9580.zip,/home/bmeluch/NMDC/nom_processing/miesel_11_8bjf2432/processed_20260513/Miesel_60009_08_DELA_A_PRE_Met_SPE_r2_300SA_IATp03_9580,/home/bmeluch/NMDC/nom_processing/miesel_11_8bjf2432/raw/Miesel_60009_QC_SRFAII_20ppm_30Jan23_Fir_300SA_IATp01_9389.zip,"EMSL NOM full profile mass spectrometry, negative",12T FT-ICR MS,EMSL,EMSL,2023-02-12T05:07:27Z,,['nmdc:sty-11-8bjf2432']
nmdc:procsm-11-e9vpzp13,/home/bmeluch/NMDC/nom_processing/miesel_11_8bjf2432/raw/Miesel_60009_37_ABBY_A_POST_MST_33_Met_SPE_r2_300SA_IATp03_9630.zip,/home/bmeluch/NMDC/nom_processing/miesel_11_8bjf2432/processed_20260513/Miesel_60009_37_ABBY_A_POST_MST_33_Met_SPE_r2_300SA_IATp03_9630,/home/bmeluch/NMDC/nom_processing/miesel_11_8bjf2432/raw/Miesel_60009_QC_SRFAII_20ppm_10Feb23_Fir_300SA_IATp01_9617.zip,"EMSL NOM full profile mass spectrometry, negative",12T FT-ICR MS,EMSL,EMSL,2023-02-12T22:10:47Z,,['nmdc:sty-11-8bjf2432']
nmdc:procsm-11-5x2aby52,/home/bmeluch/NMDC/nom_processing/miesel_11_8bjf2432/raw/Miesel_60009_51_MOAB_A_POST_MST_33_H2O_SPE_r1_26Jan23_Alder_300SA_IATp03_9019.zip,/home/bmeluch/NMDC/nom_processing/miesel_11_8bjf2432/processed_20260513/Miesel_60009_51_MOAB_A_POST_MST_33_H2O_SPE_r1_26Jan23_Alder_300SA_IATp03_9019,/home/bmeluch/NMDC/nom_processing/miesel_11_8bjf2432/raw/Miesel_60009_QC_SRFAII_20ppm_r1_26Jan23_Alder_300SA_IATp01_9014.zip,"EMSL NOM full profile mass spectrometry, negative",12T FT-ICR MS,EMSL,EMSL,2023-01-27T01:43:44Z,,['nmdc:sty-11-8bjf2432']
nmdc:procsm-11-yvr5bh44,/home/bmeluch/NMDC/nom_processing/miesel_11_8bjf2432/raw/Miesel_60009_80_NIWO_A_POST_MSTplus5_33_Met_SPE_r1_30Jan23_Fir_300SA_IATp03_9172.zip,/home/bmeluch/NMDC/nom_processing/miesel_11_8bjf2432/processed_20260513/Miesel_60009_80_NIWO_A_POST_MSTplus5_33_Met_SPE_r1_30Jan23_Fir_300SA_IATp03_9172,/home/bmeluch/NMDC/nom_processing/miesel_11_8bjf2432/raw/Miesel_60009_QC_SRFAII_20ppm_r2_28Jan23_Fir_300SA_IATp01_9168.zip,"EMSL NOM full profile mass spectrometry, negative",12T FT-ICR MS,EMSL,EMSL,2023-01-29T10:01:22Z,,['nmdc:sty-11-8bjf2432']
nmdc:procsm-11-9k4nny47,/home/bmeluch/NMDC/nom_processing/miesel_11_8bjf2432/raw/Miesel_60009_47_HEAL_Oae_POST_MST_33_Met_SPE_r2_300SA_IATp03_9572.zip,/home/bmeluch/NMDC/nom_processing/miesel_11_8bjf2432/processed_20260513/Miesel_60009_47_HEAL_Oae_POST_MST_33_Met_SPE_r2_300SA_IATp03_9572,/home/bmeluch/NMDC/nom_processing/miesel_11_8bjf2432/raw/Miesel_60009_QC_SRFAII_20ppm_30Jan23_Fir_300SA_IATp01_9389.zip,"EMSL NOM full profile mass spectrometry, negative",12T FT-ICR MS,EMSL,EMSL,2023-02-12T02:23:43Z,,['nmdc:sty-11-8bjf2432']
nmdc:procsm-11-gryq1664,/home/bmeluch/NMDC/nom_processing/miesel_11_8bjf2432/raw/Miesel_60009_64_ABBY_A_POST_MSTplus5_33_Met_SPE_r1_300SA_IATp03_9280.zip,/home/bmeluch/NMDC/nom_processing/miesel_11_8bjf2432/processed_20260513/Miesel_60009_64_ABBY_A_POST_MSTplus5_33_Met_SPE_r1_300SA_IATp03_9280,/home/bmeluch/NMDC/nom_processing/miesel_11_8bjf2432/raw/Miesel_60009_QC_SRFAII_20ppm_30Jan23_Fir_300SA_IATp01_9266.zip,"EMSL NOM full profile mass spectrometry, negative",12T FT-ICR MS,EMSL,EMSL,2023-01-31T01:47:12Z,,['nmdc:sty-11-8bjf2432']
nmdc:procsm-11-8d014239,/home/bmeluch/NMDC/nom_processing/miesel_11_8bjf2432/raw/Miesel_60009_17_NIWO_A_PRE_H2O_SPE_r1_26Jan23_Alder_300SA_IATp03_9047.zip,/home/bmeluch/NMDC/nom_processing/miesel_11_8bjf2432/processed_20260513/Miesel_60009_17_NIWO_A_PRE_H2O_SPE_r1_26Jan23_Alder_300SA_IATp03_9047,/home/bmeluch/NMDC/nom_processing/miesel_11_8bjf2432/raw/Miesel_60009_QC_SRFAII_20ppm_r1_26Jan23_Alder_300SA_IATp01_9044.zip,"EMSL NOM full profile mass spectrometry, negative",12T FT-ICR MS,EMSL,EMSL,2023-01-27T11:58:48Z,,['nmdc:sty-11-8bjf2432']
nmdc:procsm-11-4nhtad10,/home/bmeluch/NMDC/nom_processing/miesel_11_8bjf2432/raw/Miesel_60009_07_DCFS_A1_PRE_H2O_SPE_r1_26Jan23_Alder_300SA_IATp03_8987.zip,/home/bmeluch/NMDC/nom_processing/miesel_11_8bjf2432/processed_20260513/Miesel_60009_07_DCFS_A1_PRE_H2O_SPE_r1_26Jan23_Alder_300SA_IATp03_8987,/home/bmeluch/NMDC/nom_processing/miesel_11_8bjf2432/raw/Miesel_60009_QC_SRFAII_20ppm_r1_26Jan23_Alder_300SA_IATp01_8983.zip,"EMSL NOM full profile mass spectrometry, negative",12T FT-ICR MS,EMSL,EMSL,2023-01-26T14:00:47Z,,['nmdc:sty-11-8bjf2432']
nmdc:procsm-11-yp69j512,/home/bmeluch/NMDC/nom_processing/miesel_11_8bjf2432/raw/Miesel_60009_74_HEAL_Oae_POST_MSTplus5_33_H2O_SPE_r1_300SA_IATp03_9005.zip,/home/bmeluch/NMDC/nom_processing/miesel_11_8bjf2432/processed_20260513/Miesel_60009_74_HEAL_Oae_POST_MSTplus5_33_H2O_SPE_r1_300SA_IATp03_9005,/home/bmeluch/NMDC/nom_processing/miesel_11_8bjf2432/raw/Miesel_60009_QC_SRFAII_20ppm_r1_26Jan23_Alder_300SA_IATp01_8983.zip,"EMSL NOM full profile mass spectrometry, negative",12T FT-ICR MS,EMSL,EMSL,2023-01-26T20:36:12Z,,['nmdc:sty-11-8bjf2432']
nmdc:procsm-11-fe14mw54,/home/bmeluch/NMDC/nom_processing/miesel_11_8bjf2432/raw/Miesel_60009_39_BLAN_Ap1_POST_MST_33_H2O_SPE_r2_28Jan23_Alder_300SA_IATp03_9089.zip,/home/bmeluch/NMDC/nom_processing/miesel_11_8bjf2432/processed_20260513/Miesel_60009_39_BLAN_Ap1_POST_MST_33_H2O_SPE_r2_28Jan23_Alder_300SA_IATp03_9089,/home/bmeluch/NMDC/nom_processing/miesel_11_8bjf2432/raw/Miesel_60009_QC_SRFAII_20ppm_r1_26Jan23_Alder_300SA_IATp01_9076.zip,"EMSL NOM full profile mass spectrometry, negative",12T FT-ICR MS,EMSL,EMSL,2023-01-28T03:38:08Z,,['nmdc:sty-11-8bjf2432']
nmdc:procsm-11-kjf60017,/home/bmeluch/NMDC/nom_processing/miesel_11_8bjf2432/raw/Miesel_60009_70_DCFS_A1_POST_MSTplus5_33_Met_SPE_r1_300SA_IATp03_9187.zip,/home/bmeluch/NMDC/nom_processing/miesel_11_8bjf2432/processed_20260513/Miesel_60009_70_DCFS_A1_POST_MSTplus5_33_Met_SPE_r1_300SA_IATp03_9187,/home/bmeluch/NMDC/nom_processing/miesel_11_8bjf2432/raw/Miesel_60009_QC_SRFAII_20ppm_r2_28Jan23_Fir_300SA_IATp01_9168.zip,"EMSL NOM full profile mass spectrometry, negative",12T FT-ICR MS,EMSL,EMSL,2023-01-29T15:30:52Z,,['nmdc:sty-11-8bjf2432']
nmdc:procsm-11-rntnn312,/home/bmeluch/NMDC/nom_processing/miesel_11_8bjf2432/raw/Miesel_60009_44_DELA_A_POST_MST_33_Met_SPE_r1_30Jan23_Fir_300SA_IATp03_9175.zip,/home/bmeluch/NMDC/nom_processing/miesel_11_8bjf2432/processed_20260513/Miesel_60009_44_DELA_A_POST_MST_33_Met_SPE_r1_30Jan23_Fir_300SA_IATp03_9175,/home/bmeluch/NMDC/nom_processing/miesel_11_8bjf2432/raw/Miesel_60009_QC_SRFAII_20ppm_r2_28Jan23_Fir_300SA_IATp01_9168.zip,"EMSL NOM full profile mass spectrometry, negative",12T FT-ICR MS,EMSL,EMSL,2023-01-29T11:07:16Z,,['nmdc:sty-11-8bjf2432']
nmdc:procsm-11-a0n4ty95,/home/bmeluch/NMDC/nom_processing/miesel_11_8bjf2432/raw/Miesel_60009_51_MOAB_A_POST_MST_33_Met_SPE_r2_300SA_IATp03_9642.zip,/home/bmeluch/NMDC/nom_processing/miesel_11_8bjf2432/processed_20260513/Miesel_60009_51_MOAB_A_POST_MST_33_Met_SPE_r2_300SA_IATp03_9642,/home/bmeluch/NMDC/nom_processing/miesel_11_8bjf2432/raw/Miesel_60009_QC_SRFAII_20ppm_10Feb23_Fir_300SA_IATp01_9617.zip,"EMSL NOM full profile mass spectrometry, negative",12T FT-ICR MS,EMSL,EMSL,2023-02-13T02:16:23Z,,['nmdc:sty-11-8bjf2432']
nmdc:procsm-11-v1q3bc03,/home/bmeluch/NMDC/nom_processing/miesel_11_8bjf2432/raw/Miesel_60009_16_NGPR_A_PRE_Met_SPE_r1_30Jan23_Fir_300SA_IATp03_9196.zip,/home/bmeluch/NMDC/nom_processing/miesel_11_8bjf2432/processed_20260513/Miesel_60009_16_NGPR_A_PRE_Met_SPE_r1_30Jan23_Fir_300SA_IATp03_9196,/home/bmeluch/NMDC/nom_processing/miesel_11_8bjf2432/raw/Miesel_60009_QC_SRFAII_20ppm_r2_28Jan23_Fir_300SA_IATp01_9168.zip,"EMSL NOM full profile mass spectrometry, negative",12T FT-ICR MS,EMSL,EMSL,2023-01-29T18:48:34Z,,['nmdc:sty-11-8bjf2432']
nmdc:procsm-11-57a5xc16,/home/bmeluch/NMDC/nom_processing/miesel_11_8bjf2432/raw/Miesel_60009_44_DELA_A_POST_MST_33_H2O_SPE_r2_28Jan23_Fir_300SA_IATp03_9132.zip,/home/bmeluch/NMDC/nom_processing/miesel_11_8bjf2432/processed_20260513/Miesel_60009_44_DELA_A_POST_MST_33_H2O_SPE_r2_28Jan23_Fir_300SA_IATp03_9132,/home/bmeluch/NMDC/nom_processing/miesel_11_8bjf2432/raw/Miesel_60009_QC_SRFAII_20ppm_r2_28Jan23_Fir_300SA_IATp01_9108.zip,"EMSL NOM full profile mass spectrometry, negative",12T FT-ICR MS,EMSL,EMSL,2023-01-28T19:22:42Z,,['nmdc:sty-11-8bjf2432']
nmdc:procsm-11-365ara10,/home/bmeluch/NMDC/nom_processing/miesel_11_8bjf2432/raw/Miesel_60009_26_UNDE_A_PRE_H2O_SPE_r1_26Jan23_Alder_300SA_IATp03_8996.zip,/home/bmeluch/NMDC/nom_processing/miesel_11_8bjf2432/processed_20260513/Miesel_60009_26_UNDE_A_PRE_H2O_SPE_r1_26Jan23_Alder_300SA_IATp03_8996,/home/bmeluch/NMDC/nom_processing/miesel_11_8bjf2432/raw/Miesel_60009_QC_SRFAII_20ppm_r1_26Jan23_Alder_300SA_IATp01_8983.zip,"EMSL NOM full profile mass spectrometry, negative",12T FT-ICR MS,EMSL,EMSL,2023-01-26T17:18:30Z,,['nmdc:sty-11-8bjf2432']
nmdc:procsm-11-8jxt0f41,/home/bmeluch/NMDC/nom_processing/miesel_11_8bjf2432/raw/Miesel_60009_55_RMNP_A1_POST_MST_33_H2O_SPE_r1_26Jan23_Alder_300SA_IATp03_9066.zip,/home/bmeluch/NMDC/nom_processing/miesel_11_8bjf2432/processed_20260513/Miesel_60009_55_RMNP_A1_POST_MST_33_H2O_SPE_r1_26Jan23_Alder_300SA_IATp03_9066,/home/bmeluch/NMDC/nom_processing/miesel_11_8bjf2432/raw/Miesel_60009_QC_SRFAII_20ppm_r1_26Jan23_Alder_300SA_IATp01_9044.zip,"EMSL NOM full profile mass spectrometry, negative",12T FT-ICR MS,EMSL,EMSL,2023-01-27T19:12:54Z,,['nmdc:sty-11-8bjf2432']
nmdc:procsm-11-wr2df567,/home/bmeluch/NMDC/nom_processing/miesel_11_8bjf2432/raw/Miesel_60009_72_DSNY_A_POST_MSTplus5_33_Met_SPE_r1_300SA_IATp03_9291.zip,/home/bmeluch/NMDC/nom_processing/miesel_11_8bjf2432/processed_20260513/Miesel_60009_72_DSNY_A_POST_MSTplus5_33_Met_SPE_r1_300SA_IATp03_9291,/home/bmeluch/NMDC/nom_processing/miesel_11_8bjf2432/raw/Miesel_60009_QC_SRFAII_20ppm_30Jan23_Fir_300SA_IATp01_9266.zip,"EMSL NOM full profile mass spectrometry, negative",12T FT-ICR MS,EMSL,EMSL,2023-01-31T05:48:50Z,,['nmdc:sty-11-8bjf2432']
nmdc:procsm-11-fs3s9r55,/home/bmeluch/NMDC/nom_processing/miesel_11_8bjf2432/raw/Miesel_60009_48_JORN_Ak_POST_MST_33_H2O_SPE_r1_26Jan23_Alder_300SA_IATp03_9068.zip,/home/bmeluch/NMDC/nom_processing/miesel_11_8bjf2432/processed_20260513/Miesel_60009_48_JORN_Ak_POST_MST_33_H2O_SPE_r1_26Jan23_Alder_300SA_IATp03_9068,/home/bmeluch/NMDC/nom_processing/miesel_11_8bjf2432/raw/Miesel_60009_QC_SRFAII_20ppm_r1_26Jan23_Alder_300SA_IATp01_9044.zip,"EMSL NOM full profile mass spectrometry, negative",12T FT-ICR MS,EMSL,EMSL,2023-01-27T19:56:50Z,,['nmdc:sty-11-8bjf2432']
nmdc:procsm-11-51axrr75,/home/bmeluch/NMDC/nom_processing/miesel_11_8bjf2432/raw/Miesel_60009_71_DELA_A_POST_MSTplus5_33_H2O_SPE_r2_28Jan23_Fir_300SA_IATp03_9159.zip,/home/bmeluch/NMDC/nom_processing/miesel_11_8bjf2432/processed_20260513/Miesel_60009_71_DELA_A_POST_MSTplus5_33_H2O_SPE_r2_28Jan23_Fir_300SA_IATp03_9159,/home/bmeluch/NMDC/nom_processing/miesel_11_8bjf2432/raw/Miesel_60009_QC_SRFAII_20ppm_r2_28Jan23_Fir_300SA_IATp01_9140.zip,"EMSL NOM full profile mass spectrometry, negative",12T FT-ICR MS,EMSL,EMSL,2023-01-29T05:15:48Z,,['nmdc:sty-11-8bjf2432']
nmdc:procsm-11-q7bq4j32,/home/bmeluch/NMDC/nom_processing/miesel_11_8bjf2432/raw/Miesel_60009_57_SJER_A_POST_MST_33_H2O_SPE_r2_28Jan23_Alder_300SA_IATp03_9096.zip,/home/bmeluch/NMDC/nom_processing/miesel_11_8bjf2432/processed_20260513/Miesel_60009_57_SJER_A_POST_MST_33_H2O_SPE_r2_28Jan23_Alder_300SA_IATp03_9096,/home/bmeluch/NMDC/nom_processing/miesel_11_8bjf2432/raw/Miesel_60009_QC_SRFAII_20ppm_r1_26Jan23_Alder_300SA_IATp01_9076.zip,"EMSL NOM full profile mass spectrometry, negative",12T FT-ICR MS,EMSL,EMSL,2023-01-28T06:11:54Z,,['nmdc:sty-11-8bjf2432']
nmdc:procsm-11-qz4r8767,/home/bmeluch/NMDC/nom_processing/miesel_11_8bjf2432/raw/Miesel_60009_86_STEI_A1_POST_MSTplus5_33_Met_SPE_r2_300SA_IATp03_9606.zip,/home/bmeluch/NMDC/nom_processing/miesel_11_8bjf2432/processed_20260513/Miesel_60009_86_STEI_A1_POST_MSTplus5_33_Met_SPE_r2_300SA_IATp03_9606,/home/bmeluch/NMDC/nom_processing/miesel_11_8bjf2432/raw/Miesel_60009_QC_SRFAII_20ppm_10Feb23_Fir_300SA_IATp01_9585.zip,"EMSL NOM full profile mass spectrometry, negative",12T FT-ICR MS,EMSL,EMSL,2023-02-12T13:59:35Z,,['nmdc:sty-11-8bjf2432']
nmdc:procsm-11-yn3eef91,/home/bmeluch/NMDC/nom_processing/miesel_11_8bjf2432/raw/Miesel_60009_12_JORN_Ak_PRE_H2O_SPE_r1_26Jan23_Alder_300SA_IATp03_9062.zip,/home/bmeluch/NMDC/nom_processing/miesel_11_8bjf2432/processed_20260513/Miesel_60009_12_JORN_Ak_PRE_H2O_SPE_r1_26Jan23_Alder_300SA_IATp03_9062,/home/bmeluch/NMDC/nom_processing/miesel_11_8bjf2432/raw/Miesel_60009_QC_SRFAII_20ppm_r1_26Jan23_Alder_300SA_IATp01_9044.zip,"EMSL NOM full profile mass spectrometry, negative",12T FT-ICR MS,EMSL,EMSL,2023-01-27T17:45:02Z,,['nmdc:sty-11-8bjf2432']
nmdc:procsm-11-ve7kh914,/home/bmeluch/NMDC/nom_processing/miesel_11_8bjf2432/raw/Miesel_60009_27_WREF_A1_PRE_Met_SPE_r2_300SA_IATp03_9598.zip,/home/bmeluch/NMDC/nom_processing/miesel_11_8bjf2432/processed_20260513/Miesel_60009_27_WREF_A1_PRE_Met_SPE_r2_300SA_IATp03_9598,/home/bmeluch/NMDC/nom_processing/miesel_11_8bjf2432/raw/Miesel_60009_QC_SRFAII_20ppm_10Feb23_Fir_300SA_IATp01_9585.zip,"EMSL NOM full profile mass spectrometry, negative",12T FT-ICR MS,EMSL,EMSL,2023-02-12T11:15:51Z,,['nmdc:sty-11-8bjf2432']
nmdc:procsm-11-yda6sv41,/home/bmeluch/NMDC/nom_processing/miesel_11_8bjf2432/raw/Miesel_60009_08_DELA_A_PRE_Met_SPE_r1_300SA_IATp03_9246.zip,/home/bmeluch/NMDC/nom_processing/miesel_11_8bjf2432/processed_20260513/Miesel_60009_08_DELA_A_PRE_Met_SPE_r1_300SA_IATp03_9246,/home/bmeluch/NMDC/nom_processing/miesel_11_8bjf2432/raw/Miesel_60009_QC_SRFAII_20ppm_30Jan23_Fir_300SA_IATp01_9235.zip,"EMSL NOM full profile mass spectrometry, negative",12T FT-ICR MS,EMSL,EMSL,2023-01-30T13:20:20Z,,['nmdc:sty-11-8bjf2432']
nmdc:procsm-11-t0q68b14,/home/bmeluch/NMDC/nom_processing/miesel_11_8bjf2432/raw/Miesel_60009_21_SJER_A_PRE_H2O_SPE_r1_26Jan23_Alder_300SA_IATp03_8990.zip,/home/bmeluch/NMDC/nom_processing/miesel_11_8bjf2432/processed_20260513/Miesel_60009_21_SJER_A_PRE_H2O_SPE_r1_26Jan23_Alder_300SA_IATp03_8990,/home/bmeluch/NMDC/nom_processing/miesel_11_8bjf2432/raw/Miesel_60009_QC_SRFAII_20ppm_r1_26Jan23_Alder_300SA_IATp01_8983.zip,"EMSL NOM full profile mass spectrometry, negative",12T FT-ICR MS,EMSL,EMSL,2023-01-26T15:06:41Z,,['nmdc:sty-11-8bjf2432']
nmdc:procsm-11-x7tqah14,/home/bmeluch/NMDC/nom_processing/miesel_11_8bjf2432/raw/Miesel_60009_72_DSNY_A_POST_MSTplus5_33_H2O_SPE_r1_300SA_IATp03_9010.zip,/home/bmeluch/NMDC/nom_processing/miesel_11_8bjf2432/processed_20260513/Miesel_60009_72_DSNY_A_POST_MSTplus5_33_H2O_SPE_r1_300SA_IATp03_9010,/home/bmeluch/NMDC/nom_processing/miesel_11_8bjf2432/raw/Miesel_60009_QC_SRFAII_20ppm_r1_26Jan23_Alder_300SA_IATp01_8983.zip,"EMSL NOM full profile mass spectrometry, negative",12T FT-ICR MS,EMSL,EMSL,2023-01-26T22:26:01Z,,['nmdc:sty-11-8bjf2432']
nmdc:procsm-11-8z3hc015,/home/bmeluch/NMDC/nom_processing/miesel_11_8bjf2432/raw/Miesel_60009_46_GRSM_A_POST_MST_33_Met_SPE_r2_300SA_IATp03_9609.zip,/home/bmeluch/NMDC/nom_processing/miesel_11_8bjf2432/processed_20260513/Miesel_60009_46_GRSM_A_POST_MST_33_Met_SPE_r2_300SA_IATp03_9609,/home/bmeluch/NMDC/nom_processing/miesel_11_8bjf2432/raw/Miesel_60009_QC_SRFAII_20ppm_10Feb23_Fir_300SA_IATp01_9585.zip,"EMSL NOM full profile mass spectrometry, negative",12T FT-ICR MS,EMSL,EMSL,2023-02-12T15:00:59Z,,['nmdc:sty-11-8bjf2432']
nmdc:procsm-11-kqh9ky60,/home/bmeluch/NMDC/nom_processing/miesel_11_8bjf2432/raw/Miesel_60009_71_DELA_A_POST_MSTplus5_33_Met_SPE_r1_30Jan23_Fir_300SA_IATp03_9244.zip,/home/bmeluch/NMDC/nom_processing/miesel_11_8bjf2432/processed_20260513/Miesel_60009_71_DELA_A_POST_MSTplus5_33_Met_SPE_r1_30Jan23_Fir_300SA_IATp03_9244,/home/bmeluch/NMDC/nom_processing/miesel_11_8bjf2432/raw/Miesel_60009_QC_SRFAII_20ppm_30Jan23_Fir_300SA_IATp01_9235.zip,"EMSL NOM full profile mass spectrometry, negative",12T FT-ICR MS,EMSL,EMSL,2023-01-30T12:36:24Z,,['nmdc:sty-11-8bjf2432']
nmdc:procsm-11-y1qeys62,/home/bmeluch/NMDC/nom_processing/miesel_11_8bjf2432/raw/Miesel_60009_15_MOAB_A_PRE_Met_SPE_r1_300SA_IATp03_9262.zip,/home/bmeluch/NMDC/nom_processing/miesel_11_8bjf2432/processed_20260513/Miesel_60009_15_MOAB_A_PRE_Met_SPE_r1_300SA_IATp03_9262,/home/bmeluch/NMDC/nom_processing/miesel_11_8bjf2432/raw/Miesel_60009_QC_SRFAII_20ppm_30Jan23_Fir_300SA_IATp01_9235.zip,"EMSL NOM full profile mass spectrometry, negative",12T FT-ICR MS,EMSL,EMSL,2023-01-30T19:11:48Z,,['nmdc:sty-11-8bjf2432']
nmdc:procsm-11-8zggrm55,/home/bmeluch/NMDC/nom_processing/miesel_11_8bjf2432/raw/Miesel_60009_62_UNDE_A_POST_MST_33_H2O_SPE_r2_28Jan23_Alder_300SA_IATp03_9088.zip,/home/bmeluch/NMDC/nom_processing/miesel_11_8bjf2432/processed_20260513/Miesel_60009_62_UNDE_A_POST_MST_33_H2O_SPE_r2_28Jan23_Alder_300SA_IATp03_9088,/home/bmeluch/NMDC/nom_processing/miesel_11_8bjf2432/raw/Miesel_60009_QC_SRFAII_20ppm_r1_26Jan23_Alder_300SA_IATp01_9076.zip,"EMSL NOM full profile mass spectrometry, negative",12T FT-ICR MS,EMSL,EMSL,2023-01-28T03:16:10Z,,['nmdc:sty-11-8bjf2432']
nmdc:procsm-11-s05w3n93,/home/bmeluch/NMDC/nom_processing/miesel_11_8bjf2432/raw/Miesel_60009_19_RMNP_A1_PRE_Met_SPE_r1_30Jan23_Fir_300SA_IATp03_9179.zip,/home/bmeluch/NMDC/nom_processing/miesel_11_8bjf2432/processed_20260513/Miesel_60009_19_RMNP_A1_PRE_Met_SPE_r1_30Jan23_Fir_300SA_IATp03_9179,/home/bmeluch/NMDC/nom_processing/miesel_11_8bjf2432/raw/Miesel_60009_QC_SRFAII_20ppm_r2_28Jan23_Fir_300SA_IATp01_9168.zip,"EMSL NOM full profile mass spectrometry, negative",12T FT-ICR MS,EMSL,EMSL,2023-01-29T12:35:08Z,,['nmdc:sty-11-8bjf2432']
nmdc:procsm-11-exsvn052,/home/bmeluch/NMDC/nom_processing/miesel_11_8bjf2432/raw/Miesel_60009_43_DCFS_A1_POST_MST_33_Met_SPE_r1_300SA_IATp03_9270.zip,/home/bmeluch/NMDC/nom_processing/miesel_11_8bjf2432/processed_20260513/Miesel_60009_43_DCFS_A1_POST_MST_33_Met_SPE_r1_300SA_IATp03_9270,/home/bmeluch/NMDC/nom_processing/miesel_11_8bjf2432/raw/Miesel_60009_QC_SRFAII_20ppm_30Jan23_Fir_300SA_IATp01_9266.zip,"EMSL NOM full profile mass spectrometry, negative",12T FT-ICR MS,EMSL,EMSL,2023-01-30T22:07:32Z,,['nmdc:sty-11-8bjf2432']
nmdc:procsm-11-51axrr75,/home/bmeluch/NMDC/nom_processing/miesel_11_8bjf2432/raw/Miesel_60009_71_DELA_A_POST_MSTplus5_33_H2O_SPE_r1_300SA_IATp03_8985.zip,/home/bmeluch/NMDC/nom_processing/miesel_11_8bjf2432/processed_20260513/Miesel_60009_71_DELA_A_POST_MSTplus5_33_H2O_SPE_r1_300SA_IATp03_8985,/home/bmeluch/NMDC/nom_processing/miesel_11_8bjf2432/raw/Miesel_60009_QC_SRFAII_20ppm_r1_26Jan23_Alder_300SA_IATp01_8983.zip,"EMSL NOM full profile mass spectrometry, negative",12T FT-ICR MS,EMSL,EMSL,2023-01-26T13:16:52Z,,['nmdc:sty-11-8bjf2432']
nmdc:procsm-11-zsyfjc73,/home/bmeluch/NMDC/nom_processing/miesel_11_8bjf2432/raw/Miesel_60009_38_BARR_Oaf_POST_MST_33_H2O_SPE_r2_28Jan23_Fir_300SA_IATp03_9142.zip,/home/bmeluch/NMDC/nom_processing/miesel_11_8bjf2432/processed_20260513/Miesel_60009_38_BARR_Oaf_POST_MST_33_H2O_SPE_r2_28Jan23_Fir_300SA_IATp03_9142,/home/bmeluch/NMDC/nom_processing/miesel_11_8bjf2432/raw/Miesel_60009_QC_SRFAII_20ppm_r2_28Jan23_Fir_300SA_IATp01_9140.zip,"EMSL NOM full profile mass spectrometry, negative",12T FT-ICR MS,EMSL,EMSL,2023-01-28T23:02:22Z,,['nmdc:sty-11-8bjf2432']
nmdc:procsm-11-21ac4y57,/home/bmeluch/NMDC/nom_processing/miesel_11_8bjf2432/raw/Miesel_60009_17_NIWO_A_PRE_Met_SPE_r2_300SA_IATp03_9562.zip,/home/bmeluch/NMDC/nom_processing/miesel_11_8bjf2432/processed_20260513/Miesel_60009_17_NIWO_A_PRE_Met_SPE_r2_300SA_IATp03_9562,/home/bmeluch/NMDC/nom_processing/miesel_11_8bjf2432/raw/Miesel_60009_QC_SRFAII_20ppm_30Jan23_Fir_300SA_IATp01_9389.zip,"EMSL NOM full profile mass spectrometry, negative",12T FT-ICR MS,EMSL,EMSL,2023-02-11T22:59:03Z,,['nmdc:sty-11-8bjf2432']
nmdc:procsm-11-q7bq4j32,/home/bmeluch/NMDC/nom_processing/miesel_11_8bjf2432/raw/Miesel_60009_57_SJER_A_POST_MST_33_H2O_SPE_r1_26Jan23_Alder_300SA_IATp03_9026.zip,/home/bmeluch/NMDC/nom_processing/miesel_11_8bjf2432/processed_20260513/Miesel_60009_57_SJER_A_POST_MST_33_H2O_SPE_r1_26Jan23_Alder_300SA_IATp03_9026,/home/bmeluch/NMDC/nom_processing/miesel_11_8bjf2432/raw/Miesel_60009_QC_SRFAII_20ppm_r1_26Jan23_Alder_300SA_IATp01_9014.zip,"EMSL NOM full profile mass spectrometry, negative",12T FT-ICR MS,EMSL,EMSL,2023-01-27T04:17:30Z,,['nmdc:sty-11-8bjf2432']
nmdc:procsm-11-k9sgmd50,/home/bmeluch/NMDC/nom_processing/miesel_11_8bjf2432/raw/Miesel_60009_89_UNDE_A_POST_MSTplus5_33_Met_SPE_r2_300SA_IATp03_9604.zip,/home/bmeluch/NMDC/nom_processing/miesel_11_8bjf2432/processed_20260513/Miesel_60009_89_UNDE_A_POST_MSTplus5_33_Met_SPE_r2_300SA_IATp03_9604,/home/bmeluch/NMDC/nom_processing/miesel_11_8bjf2432/raw/Miesel_60009_QC_SRFAII_20ppm_10Feb23_Fir_300SA_IATp01_9585.zip,"EMSL NOM full profile mass spectrometry, negative",12T FT-ICR MS,EMSL,EMSL,2023-02-12T13:18:39Z,,['nmdc:sty-11-8bjf2432']
nmdc:procsm-11-exsvn052,/home/bmeluch/NMDC/nom_processing/miesel_11_8bjf2432/raw/Miesel_60009_43_DCFS_A1_POST_MST_33_Met_SPE_r2_300SA_IATp03_9636.zip,/home/bmeluch/NMDC/nom_processing/miesel_11_8bjf2432/processed_20260513/Miesel_60009_43_DCFS_A1_POST_MST_33_Met_SPE_r2_300SA_IATp03_9636,/home/bmeluch/NMDC/nom_processing/miesel_11_8bjf2432/raw/Miesel_60009_QC_SRFAII_20ppm_10Feb23_Fir_300SA_IATp01_9617.zip,"EMSL NOM full profile mass spectrometry, negative",12T FT-ICR MS,EMSL,EMSL,2023-02-13T00:13:35Z,,['nmdc:sty-11-8bjf2432']
nmdc:procsm-11-jeakwq91,/home/bmeluch/NMDC/nom_processing/miesel_11_8bjf2432/raw/Miesel_60009_76_KONZ_A1_POST_MSTplus5_33_Met_SPE_r2_300SA_IATp03_9583.zip,/home/bmeluch/NMDC/nom_processing/miesel_11_8bjf2432/processed_20260513/Miesel_60009_76_KONZ_A1_POST_MSTplus5_33_Met_SPE_r2_300SA_IATp03_9583,/home/bmeluch/NMDC/nom_processing/miesel_11_8bjf2432/raw/Miesel_60009_QC_SRFAII_20ppm_30Jan23_Fir_300SA_IATp01_9389.zip,"EMSL NOM full profile mass spectrometry, negative",12T FT-ICR MS,EMSL,EMSL,2023-02-12T06:08:51Z,,['nmdc:sty-11-8bjf2432']
nmdc:procsm-11-zxthbb39,/home/bmeluch/NMDC/nom_processing/miesel_11_8bjf2432/raw/Miesel_60009_43_DCFS_A1_POST_MST_33_H2O_SPE_r1_26Jan23_Alder_300SA_IATp03_9023.zip,/home/bmeluch/NMDC/nom_processing/miesel_11_8bjf2432/processed_20260513/Miesel_60009_43_DCFS_A1_POST_MST_33_H2O_SPE_r1_26Jan23_Alder_300SA_IATp03_9023,/home/bmeluch/NMDC/nom_processing/miesel_11_8bjf2432/raw/Miesel_60009_QC_SRFAII_20ppm_r1_26Jan23_Alder_300SA_IATp01_9014.zip,"EMSL NOM full profile mass spectrometry, negative",12T FT-ICR MS,EMSL,EMSL,2023-01-27T03:11:36Z,,['nmdc:sty-11-8bjf2432']
nmdc:procsm-11-e9vpzp13,/home/bmeluch/NMDC/nom_processing/miesel_11_8bjf2432/raw/Miesel_60009_37_ABBY_A_POST_MST_33_Met_SPE_r1_30Jan23_Fir_300SA_IATp03_9178.zip,/home/bmeluch/NMDC/nom_processing/miesel_11_8bjf2432/processed_20260513/Miesel_60009_37_ABBY_A_POST_MST_33_Met_SPE_r1_30Jan23_Fir_300SA_IATp03_9178,/home/bmeluch/NMDC/nom_processing/miesel_11_8bjf2432/raw/Miesel_60009_QC_SRFAII_20ppm_r2_28Jan23_Fir_300SA_IATp01_9168.zip,"EMSL NOM full profile mass spectrometry, negative",12T FT-ICR MS,EMSL,EMSL,2023-01-29T12:13:10Z,,['nmdc:sty-11-8bjf2432']
nmdc:procsm-11-qeqz9966,/home/bmeluch/NMDC/nom_processing/miesel_11_8bjf2432/raw/Miesel_60009_37_ABBY_A_POST_MST_33_H2O_SPE_r1_26Jan23_Alder_300SA_IATp03_9021.zip,/home/bmeluch/NMDC/nom_processing/miesel_11_8bjf2432/processed_20260513/Miesel_60009_37_ABBY_A_POST_MST_33_H2O_SPE_r1_26Jan23_Alder_300SA_IATp03_9021,/home/bmeluch/NMDC/nom_processing/miesel_11_8bjf2432/raw/Miesel_60009_QC_SRFAII_20ppm_r1_26Jan23_Alder_300SA_IATp01_9014.zip,"EMSL NOM full profile mass spectrometry, negative",12T FT-ICR MS,EMSL,EMSL,2023-01-27T02:27:39Z,,['nmdc:sty-11-8bjf2432']
nmdc:procsm-11-fftpgq33,/home/bmeluch/NMDC/nom_processing/miesel_11_8bjf2432/raw/Miesel_60009_63_WREF_A1_POST_MST_33_H2O_SPE_r2_28Jan23_Fir_300SA_IATp03_9123.zip,/home/bmeluch/NMDC/nom_processing/miesel_11_8bjf2432/processed_20260513/Miesel_60009_63_WREF_A1_POST_MST_33_H2O_SPE_r2_28Jan23_Fir_300SA_IATp03_9123,/home/bmeluch/NMDC/nom_processing/miesel_11_8bjf2432/raw/Miesel_60009_QC_SRFAII_20ppm_r2_28Jan23_Fir_300SA_IATp01_9108.zip,"EMSL NOM full profile mass spectrometry, negative",12T FT-ICR MS,EMSL,EMSL,2023-01-28T16:05:00Z,,['nmdc:sty-11-8bjf2432']
nmdc:procsm-11-fftpgq33,/home/bmeluch/NMDC/nom_processing/miesel_11_8bjf2432/raw/Miesel_60009_63_WREF_A1_POST_MST_33_H2O_SPE_r1_26Jan23_Alder_300SA_IATp03_8988.zip,/home/bmeluch/NMDC/nom_processing/miesel_11_8bjf2432/processed_20260513/Miesel_60009_63_WREF_A1_POST_MST_33_H2O_SPE_r1_26Jan23_Alder_300SA_IATp03_8988,/home/bmeluch/NMDC/nom_processing/miesel_11_8bjf2432/raw/Miesel_60009_QC_SRFAII_20ppm_r1_26Jan23_Alder_300SA_IATp01_8983.zip,"EMSL NOM full profile mass spectrometry, negative",12T FT-ICR MS,EMSL,EMSL,2023-01-26T14:22:45Z,,['nmdc:sty-11-8bjf2432']
nmdc:procsm-11-0fkwa014,/home/bmeluch/NMDC/nom_processing/miesel_11_8bjf2432/raw/Miesel_60009_40_BONA_Oea_POST_MST_33_Met_SPE_r1_30Jan23_Fir_300SA_IATp03_9239.zip,/home/bmeluch/NMDC/nom_processing/miesel_11_8bjf2432/processed_20260513/Miesel_60009_40_BONA_Oea_POST_MST_33_Met_SPE_r1_30Jan23_Fir_300SA_IATp03_9239,/home/bmeluch/NMDC/nom_processing/miesel_11_8bjf2432/raw/Miesel_60009_QC_SRFAII_20ppm_30Jan23_Fir_300SA_IATp01_9235.zip,"EMSL NOM full profile mass spectrometry, negative",12T FT-ICR MS,EMSL,EMSL,2023-01-30T10:46:34Z,,['nmdc:sty-11-8bjf2432']
nmdc:procsm-11-phehan07,/home/bmeluch/NMDC/nom_processing/miesel_11_8bjf2432/raw/Miesel_60009_66_BLAN_Ap1_POST_MSTplus5_33_Met_SPE_r1_300SA_IATp03_9245.zip,/home/bmeluch/NMDC/nom_processing/miesel_11_8bjf2432/processed_20260513/Miesel_60009_66_BLAN_Ap1_POST_MSTplus5_33_Met_SPE_r1_300SA_IATp03_9245,/home/bmeluch/NMDC/nom_processing/miesel_11_8bjf2432/raw/Miesel_60009_QC_SRFAII_20ppm_30Jan23_Fir_300SA_IATp01_9235.zip,"EMSL NOM full profile mass spectrometry, negative",12T FT-ICR MS,EMSL,EMSL,2023-01-30T12:58:22Z,,['nmdc:sty-11-8bjf2432']
nmdc:procsm-11-gr18gb55,/home/bmeluch/NMDC/nom_processing/miesel_11_8bjf2432/raw/Miesel_60009_23_STEI_A1_PRE_H2O_SPE_r1_26Jan23_Alder_300SA_IATp03_9033.zip,/home/bmeluch/NMDC/nom_processing/miesel_11_8bjf2432/processed_20260513/Miesel_60009_23_STEI_A1_PRE_H2O_SPE_r1_26Jan23_Alder_300SA_IATp03_9033,/home/bmeluch/NMDC/nom_processing/miesel_11_8bjf2432/raw/Miesel_60009_QC_SRFAII_20ppm_r1_26Jan23_Alder_300SA_IATp01_9014.zip,"EMSL NOM full profile mass spectrometry, negative",12T FT-ICR MS,EMSL,EMSL,2023-01-27T06:51:16Z,,['nmdc:sty-11-8bjf2432']
nmdc:procsm-11-yp69j512,/home/bmeluch/NMDC/nom_processing/miesel_11_8bjf2432/raw/Miesel_60009_74_HEAL_Oae_POST_MSTplus5_33_H2O_SPE_r2_300SA_IATp03_9145.zip,/home/bmeluch/NMDC/nom_processing/miesel_11_8bjf2432/processed_20260513/Miesel_60009_74_HEAL_Oae_POST_MSTplus5_33_H2O_SPE_r2_300SA_IATp03_9145,/home/bmeluch/NMDC/nom_processing/miesel_11_8bjf2432/raw/Miesel_60009_QC_SRFAII_20ppm_r2_28Jan23_Fir_300SA_IATp01_9140.zip,"EMSL NOM full profile mass spectrometry, negative",12T FT-ICR MS,EMSL,EMSL,2023-01-29T00:08:16Z,,['nmdc:sty-11-8bjf2432']
nmdc:procsm-11-gqawjp04,/home/bmeluch/NMDC/nom_processing/miesel_11_8bjf2432/raw/Miesel_60009_05_CLBJ_A1_PRE_H2O_SPE_r1_26Jan23_Alder_300SA_IATp03_9013.zip,/home/bmeluch/NMDC/nom_processing/miesel_11_8bjf2432/processed_20260513/Miesel_60009_05_CLBJ_A1_PRE_H2O_SPE_r1_26Jan23_Alder_300SA_IATp03_9013,/home/bmeluch/NMDC/nom_processing/miesel_11_8bjf2432/raw/Miesel_60009_QC_SRFAII_20ppm_r1_26Jan23_Alder_300SA_IATp01_8983.zip,"EMSL NOM full profile mass spectrometry, negative",12T FT-ICR MS,EMSL,EMSL,2023-01-26T23:31:56Z,,['nmdc:sty-11-8bjf2432']
nmdc:procsm-11-srbhhn35,/home/bmeluch/NMDC/nom_processing/miesel_11_8bjf2432/raw/Miesel_60009_65_BARR_Oaf_POST_MSTplus5_33_H2O_SPE_r2_300SA_IATp03_9134.zip,/home/bmeluch/NMDC/nom_processing/miesel_11_8bjf2432/processed_20260513/Miesel_60009_65_BARR_Oaf_POST_MSTplus5_33_H2O_SPE_r2_300SA_IATp03_9134,/home/bmeluch/NMDC/nom_processing/miesel_11_8bjf2432/raw/Miesel_60009_QC_SRFAII_20ppm_r2_28Jan23_Fir_300SA_IATp01_9108.zip,"EMSL NOM full profile mass spectrometry, negative",12T FT-ICR MS,EMSL,EMSL,2023-01-28T20:06:38Z,,['nmdc:sty-11-8bjf2432']
nmdc:procsm-11-5qqvy298,/home/bmeluch/NMDC/nom_processing/miesel_11_8bjf2432/raw/Miesel_60009_53_NIWO_A_POST_MST_33_H2O_SPE_r1_26Jan23_Alder_300SA_IATp03_8997.zip,/home/bmeluch/NMDC/nom_processing/miesel_11_8bjf2432/processed_20260513/Miesel_60009_53_NIWO_A_POST_MST_33_H2O_SPE_r1_26Jan23_Alder_300SA_IATp03_8997,/home/bmeluch/NMDC/nom_processing/miesel_11_8bjf2432/raw/Miesel_60009_QC_SRFAII_20ppm_r1_26Jan23_Alder_300SA_IATp01_8983.zip,"EMSL NOM full profile mass spectrometry, negative",12T FT-ICR MS,EMSL,EMSL,2023-01-26T17:40:27Z,,['nmdc:sty-11-8bjf2432']
nmdc:procsm-11-j0kawb92,/home/bmeluch/NMDC/nom_processing/miesel_11_8bjf2432/raw/Miesel_60009_77_MLBS_A_POST_MSTplus5_33_H2O_SPE_r1_300SA_IATp03_9020.zip,/home/bmeluch/NMDC/nom_processing/miesel_11_8bjf2432/processed_20260513/Miesel_60009_77_MLBS_A_POST_MSTplus5_33_H2O_SPE_r1_300SA_IATp03_9020,/home/bmeluch/NMDC/nom_processing/miesel_11_8bjf2432/raw/Miesel_60009_QC_SRFAII_20ppm_r1_26Jan23_Alder_300SA_IATp01_9014.zip,"EMSL NOM full profile mass spectrometry, negative",12T FT-ICR MS,EMSL,EMSL,2023-01-27T02:05:42Z,,['nmdc:sty-11-8bjf2432']
nmdc:procsm-11-qbqzev71,/home/bmeluch/NMDC/nom_processing/miesel_11_8bjf2432/raw/Miesel_60009_83_SERC_A_POST_MSTplus5_33_Met_SPE_r2_300SA_IATp03_9557.zip,/home/bmeluch/NMDC/nom_processing/miesel_11_8bjf2432/processed_20260513/Miesel_60009_83_SERC_A_POST_MSTplus5_33_Met_SPE_r2_300SA_IATp03_9557,/home/bmeluch/NMDC/nom_processing/miesel_11_8bjf2432/raw/Miesel_60009_QC_SRFAII_20ppm_30Jan23_Fir_300SA_IATp01_9389.zip,"EMSL NOM full profile mass spectrometry, negative",12T FT-ICR MS,EMSL,EMSL,2023-02-11T21:16:43Z,,['nmdc:sty-11-8bjf2432']
nmdc:procsm-11-vq7htc79,/home/bmeluch/NMDC/nom_processing/miesel_11_8bjf2432/raw/Miesel_60009_58_SOAP_A_POST_MST_33_H2O_SPE_r2_28Jan23_Fir_300SA_IATp03_9111.zip,/home/bmeluch/NMDC/nom_processing/miesel_11_8bjf2432/processed_20260513/Miesel_60009_58_SOAP_A_POST_MST_33_H2O_SPE_r2_28Jan23_Fir_300SA_IATp03_9111,/home/bmeluch/NMDC/nom_processing/miesel_11_8bjf2432/raw/Miesel_60009_QC_SRFAII_20ppm_r2_28Jan23_Fir_300SA_IATp01_9108.zip,"EMSL NOM full profile mass spectrometry, negative",12T FT-ICR MS,EMSL,EMSL,2023-01-28T11:41:24Z,,['nmdc:sty-11-8bjf2432']
nmdc:procsm-11-rx02gk34,/home/bmeluch/NMDC/nom_processing/miesel_11_8bjf2432/raw/Miesel_60009_16_NGPR_A_PRE_H2O_SPE_r2_28Jan23_Fir_300SA_IATp03_9160.zip,/home/bmeluch/NMDC/nom_processing/miesel_11_8bjf2432/processed_20260513/Miesel_60009_16_NGPR_A_PRE_H2O_SPE_r2_28Jan23_Fir_300SA_IATp03_9160,/home/bmeluch/NMDC/nom_processing/miesel_11_8bjf2432/raw/Miesel_60009_QC_SRFAII_20ppm_r2_28Jan23_Fir_300SA_IATp01_9140.zip,"EMSL NOM full profile mass spectrometry, negative",12T FT-ICR MS,EMSL,EMSL,2023-01-29T05:37:46Z,,['nmdc:sty-11-8bjf2432']
nmdc:procsm-11-kqh9ky60,/home/bmeluch/NMDC/nom_processing/miesel_11_8bjf2432/raw/Miesel_60009_71_DELA_A_POST_MSTplus5_33_Met_SPE_r2_300SA_IATp03_9590.zip,/home/bmeluch/NMDC/nom_processing/miesel_11_8bjf2432/processed_20260513/Miesel_60009_71_DELA_A_POST_MSTplus5_33_Met_SPE_r2_300SA_IATp03_9590,/home/bmeluch/NMDC/nom_processing/miesel_11_8bjf2432/raw/Miesel_60009_QC_SRFAII_20ppm_10Feb23_Fir_300SA_IATp01_9585.zip,"EMSL NOM full profile mass spectrometry, negative",12T FT-ICR MS,EMSL,EMSL,2023-02-12T08:32:07Z,,['nmdc:sty-11-8bjf2432']
nmdc:procsm-11-x7tqah14,/home/bmeluch/NMDC/nom_processing/miesel_11_8bjf2432/raw/Miesel_60009_72_DSNY_A_POST_MSTplus5_33_H2O_SPE_r2_28Jan23_Fir_300SA_IATp03_9149.zip,/home/bmeluch/NMDC/nom_processing/miesel_11_8bjf2432/processed_20260513/Miesel_60009_72_DSNY_A_POST_MSTplus5_33_H2O_SPE_r2_28Jan23_Fir_300SA_IATp03_9149,/home/bmeluch/NMDC/nom_processing/miesel_11_8bjf2432/raw/Miesel_60009_QC_SRFAII_20ppm_r2_28Jan23_Fir_300SA_IATp01_9140.zip,"EMSL NOM full profile mass spectrometry, negative",12T FT-ICR MS,EMSL,EMSL,2023-01-29T01:36:08Z,,['nmdc:sty-11-8bjf2432']
nmdc:procsm-11-qz4r8767,/home/bmeluch/NMDC/nom_processing/miesel_11_8bjf2432/raw/Miesel_60009_86_STEI_A1_POST_MSTplus5_33_Met_SPE_r1_300SA_IATp03_9281.zip,/home/bmeluch/NMDC/nom_processing/miesel_11_8bjf2432/processed_20260513/Miesel_60009_86_STEI_A1_POST_MSTplus5_33_Met_SPE_r1_300SA_IATp03_9281,/home/bmeluch/NMDC/nom_processing/miesel_11_8bjf2432/raw/Miesel_60009_QC_SRFAII_20ppm_30Jan23_Fir_300SA_IATp01_9266.zip,"EMSL NOM full profile mass spectrometry, negative",12T FT-ICR MS,EMSL,EMSL,2023-01-31T02:09:10Z,,['nmdc:sty-11-8bjf2432']
nmdc:procsm-11-c81v3q05,/home/bmeluch/NMDC/nom_processing/miesel_11_8bjf2432/raw/Miesel_60009_88_TREE_A1_POST_MSTplus5_33_Met_SPE_r2_300SA_IATp03_9570.zip,/home/bmeluch/NMDC/nom_processing/miesel_11_8bjf2432/processed_20260513/Miesel_60009_88_TREE_A1_POST_MSTplus5_33_Met_SPE_r2_300SA_IATp03_9570,/home/bmeluch/NMDC/nom_processing/miesel_11_8bjf2432/raw/Miesel_60009_QC_SRFAII_20ppm_30Jan23_Fir_300SA_IATp01_9389.zip,"EMSL NOM full profile mass spectrometry, negative",12T FT-ICR MS,EMSL,EMSL,2023-02-12T01:42:47Z,,['nmdc:sty-11-8bjf2432']
nmdc:procsm-11-6tscdw68,/home/bmeluch/NMDC/nom_processing/miesel_11_8bjf2432/raw/Miesel_60009_61_TREE_A1_POST_MST_33_H2O_SPE_r1_26Jan23_Alder_300SA_IATp03_9031.zip,/home/bmeluch/NMDC/nom_processing/miesel_11_8bjf2432/processed_20260513/Miesel_60009_61_TREE_A1_POST_MST_33_H2O_SPE_r1_26Jan23_Alder_300SA_IATp03_9031,/home/bmeluch/NMDC/nom_processing/miesel_11_8bjf2432/raw/Miesel_60009_QC_SRFAII_20ppm_r1_26Jan23_Alder_300SA_IATp01_9014.zip,"EMSL NOM full profile mass spectrometry, negative",12T FT-ICR MS,EMSL,EMSL,2023-01-27T06:07:20Z,,['nmdc:sty-11-8bjf2432']
nmdc:procsm-11-xn2qrr11,/home/bmeluch/NMDC/nom_processing/miesel_11_8bjf2432/raw/Miesel_60009_85_SOAP_A_POST_MSTplus5_33_H2O_SPE_r1_300SA_IATp03_9034.zip,/home/bmeluch/NMDC/nom_processing/miesel_11_8bjf2432/processed_20260513/Miesel_60009_85_SOAP_A_POST_MSTplus5_33_H2O_SPE_r1_300SA_IATp03_9034,/home/bmeluch/NMDC/nom_processing/miesel_11_8bjf2432/raw/Miesel_60009_QC_SRFAII_20ppm_r1_26Jan23_Alder_300SA_IATp01_9014.zip,"EMSL NOM full profile mass spectrometry, negative",12T FT-ICR MS,EMSL,EMSL,2023-01-27T07:13:14Z,,['nmdc:sty-11-8bjf2432']
nmdc:procsm-11-g4zzmt14,/home/bmeluch/NMDC/nom_processing/miesel_11_8bjf2432/raw/Miesel_60009_27_WREF_A1_PRE_H2O_SPE_r1_26Jan23_Alder_300SA_IATp03_9060.zip,/home/bmeluch/NMDC/nom_processing/miesel_11_8bjf2432/processed_20260513/Miesel_60009_27_WREF_A1_PRE_H2O_SPE_r1_26Jan23_Alder_300SA_IATp03_9060,/home/bmeluch/NMDC/nom_processing/miesel_11_8bjf2432/raw/Miesel_60009_QC_SRFAII_20ppm_r1_26Jan23_Alder_300SA_IATp01_9044.zip,"EMSL NOM full profile mass spectrometry, negative",12T FT-ICR MS,EMSL,EMSL,2023-01-27T17:01:06Z,,['nmdc:sty-11-8bjf2432']
nmdc:procsm-11-j7v6m392,/home/bmeluch/NMDC/nom_processing/miesel_11_8bjf2432/raw/Miesel_60009_02_BARR_Oaf_PRE_H2O_SPE_r2_28Jan23_Fir_300SA_IATp03_9119.zip,/home/bmeluch/NMDC/nom_processing/miesel_11_8bjf2432/processed_20260513/Miesel_60009_02_BARR_Oaf_PRE_H2O_SPE_r2_28Jan23_Fir_300SA_IATp03_9119,/home/bmeluch/NMDC/nom_processing/miesel_11_8bjf2432/raw/Miesel_60009_QC_SRFAII_20ppm_r2_28Jan23_Fir_300SA_IATp01_9108.zip,"EMSL NOM full profile mass spectrometry, negative",12T FT-ICR MS,EMSL,EMSL,2023-01-28T14:37:08Z,,['nmdc:sty-11-8bjf2432']
nmdc:procsm-11-qfgmmz39,/home/bmeluch/NMDC/nom_processing/miesel_11_8bjf2432/raw/Miesel_60009_66_BLAN_Ap1_POST_MSTplus5_33_H2O_SPE_r1_300SA_IATp03_9052.zip,/home/bmeluch/NMDC/nom_processing/miesel_11_8bjf2432/processed_20260513/Miesel_60009_66_BLAN_Ap1_POST_MSTplus5_33_H2O_SPE_r1_300SA_IATp03_9052,/home/bmeluch/NMDC/nom_processing/miesel_11_8bjf2432/raw/Miesel_60009_QC_SRFAII_20ppm_r1_26Jan23_Alder_300SA_IATp01_9044.zip,"EMSL NOM full profile mass spectrometry, negative",12T FT-ICR MS,EMSL,EMSL,2023-01-27T13:48:38Z,,['nmdc:sty-11-8bjf2432']
nmdc:procsm-11-3d9a0591,/home/bmeluch/NMDC/nom_processing/miesel_11_8bjf2432/raw/Miesel_60009_41_CLBJ_A1_POST_MST_33_H2O_SPE_r2_28Jan23_Fir_300SA_IATp03_9133.zip,/home/bmeluch/NMDC/nom_processing/miesel_11_8bjf2432/processed_20260513/Miesel_60009_41_CLBJ_A1_POST_MST_33_H2O_SPE_r2_28Jan23_Fir_300SA_IATp03_9133,/home/bmeluch/NMDC/nom_processing/miesel_11_8bjf2432/raw/Miesel_60009_QC_SRFAII_20ppm_r2_28Jan23_Fir_300SA_IATp01_9108.zip,"EMSL NOM full profile mass spectrometry, negative",12T FT-ICR MS,EMSL,EMSL,2023-01-28T19:44:40Z,,['nmdc:sty-11-8bjf2432']
nmdc:procsm-11-2pdxr495,/home/bmeluch/NMDC/nom_processing/miesel_11_8bjf2432/raw/Miesel_60009_56_SERC_A_POST_MST_33_H2O_SPE_r1_26Jan23_Alder_300SA_IATp03_9002.zip,/home/bmeluch/NMDC/nom_processing/miesel_11_8bjf2432/processed_20260513/Miesel_60009_56_SERC_A_POST_MST_33_H2O_SPE_r1_26Jan23_Alder_300SA_IATp03_9002,/home/bmeluch/NMDC/nom_processing/miesel_11_8bjf2432/raw/Miesel_60009_QC_SRFAII_20ppm_r1_26Jan23_Alder_300SA_IATp01_8983.zip,"EMSL NOM full profile mass spectrometry, negative",12T FT-ICR MS,EMSL,EMSL,2023-01-26T19:30:18Z,,['nmdc:sty-11-8bjf2432']
nmdc:procsm-11-m0vq9w09,/home/bmeluch/NMDC/nom_processing/miesel_11_8bjf2432/raw/Miesel_60009_20_SERC_A_PRE_H2O_SPE_r1_26Jan23_Alder_300SA_IATp03_9012.zip,/home/bmeluch/NMDC/nom_processing/miesel_11_8bjf2432/processed_20260513/Miesel_60009_20_SERC_A_PRE_H2O_SPE_r1_26Jan23_Alder_300SA_IATp03_9012,/home/bmeluch/NMDC/nom_processing/miesel_11_8bjf2432/raw/Miesel_60009_QC_SRFAII_20ppm_r1_26Jan23_Alder_300SA_IATp01_8983.zip,"EMSL NOM full profile mass spectrometry, negative",12T FT-ICR MS,EMSL,EMSL,2023-01-26T23:09:58Z,,['nmdc:sty-11-8bjf2432']
nmdc:procsm-11-ay6a6s96,/home/bmeluch/NMDC/nom_processing/miesel_11_8bjf2432/raw/Miesel_60009_78_MOAB_A_POST_MSTplus5_33_H2O_SPE_r2_28Jan23_Fir_300SA_IATp03_9106.zip,/home/bmeluch/NMDC/nom_processing/miesel_11_8bjf2432/processed_20260513/Miesel_60009_78_MOAB_A_POST_MSTplus5_33_H2O_SPE_r2_28Jan23_Fir_300SA_IATp03_9106,/home/bmeluch/NMDC/nom_processing/miesel_11_8bjf2432/raw/Miesel_60009_QC_SRFAII_20ppm_r1_26Jan23_Alder_300SA_IATp01_9076.zip,"EMSL NOM full profile mass spectrometry, negative",12T FT-ICR MS,EMSL,EMSL,2023-01-28T09:51:34Z,,['nmdc:sty-11-8bjf2432']
nmdc:procsm-11-79manp72,/home/bmeluch/NMDC/nom_processing/miesel_11_8bjf2432/raw/Miesel_60009_79_NGPR_A_POST_MSTplus5_33_H2O_SPE_r2_300SA_IATp03_9090.zip,/home/bmeluch/NMDC/nom_processing/miesel_11_8bjf2432/processed_20260513/Miesel_60009_79_NGPR_A_POST_MSTplus5_33_H2O_SPE_r2_300SA_IATp03_9090,/home/bmeluch/NMDC/nom_processing/miesel_11_8bjf2432/raw/Miesel_60009_QC_SRFAII_20ppm_r1_26Jan23_Alder_300SA_IATp01_9076.zip,"EMSL NOM full profile mass spectrometry, negative",12T FT-ICR MS,EMSL,EMSL,2023-01-28T04:00:06Z,,['nmdc:sty-11-8bjf2432']
nmdc:procsm-11-6qew2e71,/home/bmeluch/NMDC/nom_processing/miesel_11_8bjf2432/raw/Miesel_60009_22_SOAP_A_PRE_H2O_SPE_r1_26Jan23_Alder_300SA_IATp03_9057.zip,/home/bmeluch/NMDC/nom_processing/miesel_11_8bjf2432/processed_20260513/Miesel_60009_22_SOAP_A_PRE_H2O_SPE_r1_26Jan23_Alder_300SA_IATp03_9057,/home/bmeluch/NMDC/nom_processing/miesel_11_8bjf2432/raw/Miesel_60009_QC_SRFAII_20ppm_r1_26Jan23_Alder_300SA_IATp01_9044.zip,"EMSL NOM full profile mass spectrometry, negative",12T FT-ICR MS,EMSL,EMSL,2023-01-27T15:55:12Z,,['nmdc:sty-11-8bjf2432']
nmdc:procsm-11-438cnc93,/home/bmeluch/NMDC/nom_processing/miesel_11_8bjf2432/raw/Miesel_60009_13_KONZ_A1_PRE_H2O_SPE_r1_26Jan23_Alder_300SA_IATp03_9070.zip,/home/bmeluch/NMDC/nom_processing/miesel_11_8bjf2432/processed_20260513/Miesel_60009_13_KONZ_A1_PRE_H2O_SPE_r1_26Jan23_Alder_300SA_IATp03_9070,/home/bmeluch/NMDC/nom_processing/miesel_11_8bjf2432/raw/Miesel_60009_QC_SRFAII_20ppm_r1_26Jan23_Alder_300SA_IATp01_9044.zip,"EMSL NOM full profile mass spectrometry, negative",12T FT-ICR MS,EMSL,EMSL,2023-01-27T20:40:46Z,,['nmdc:sty-11-8bjf2432']
nmdc:procsm-11-7bhyw102,/home/bmeluch/NMDC/nom_processing/miesel_11_8bjf2432/raw/Miesel_60009_21_SJER_A_PRE_Met_SPE_r2_300SA_IATp03_9597.zip,/home/bmeluch/NMDC/nom_processing/miesel_11_8bjf2432/processed_20260513/Miesel_60009_21_SJER_A_PRE_Met_SPE_r2_300SA_IATp03_9597,/home/bmeluch/NMDC/nom_processing/miesel_11_8bjf2432/raw/Miesel_60009_QC_SRFAII_20ppm_10Feb23_Fir_300SA_IATp01_9585.zip,"EMSL NOM full profile mass spectrometry, negative",12T FT-ICR MS,EMSL,EMSL,2023-02-12T10:55:23Z,,['nmdc:sty-11-8bjf2432']
nmdc:procsm-11-fc41dz43,/home/bmeluch/NMDC/nom_processing/miesel_11_8bjf2432/raw/Miesel_60009_52_NGPR_A_POST_MST_33_Met_SPE_r1_30Jan23_Fir_300SA_IATp03_9182.zip,/home/bmeluch/NMDC/nom_processing/miesel_11_8bjf2432/processed_20260513/Miesel_60009_52_NGPR_A_POST_MST_33_Met_SPE_r1_30Jan23_Fir_300SA_IATp03_9182,/home/bmeluch/NMDC/nom_processing/miesel_11_8bjf2432/raw/Miesel_60009_QC_SRFAII_20ppm_r2_28Jan23_Fir_300SA_IATp01_9168.zip,"EMSL NOM full profile mass spectrometry, negative",12T FT-ICR MS,EMSL,EMSL,2023-01-29T13:41:02Z,,['nmdc:sty-11-8bjf2432']
nmdc:procsm-11-nkfjmz31,/home/bmeluch/NMDC/nom_processing/miesel_11_8bjf2432/raw/Miesel_60009_64_ABBY_A_POST_MSTplus5_33_H2O_SPE_r1_300SA_IATp03_9056.zip,/home/bmeluch/NMDC/nom_processing/miesel_11_8bjf2432/processed_20260513/Miesel_60009_64_ABBY_A_POST_MSTplus5_33_H2O_SPE_r1_300SA_IATp03_9056,/home/bmeluch/NMDC/nom_processing/miesel_11_8bjf2432/raw/Miesel_60009_QC_SRFAII_20ppm_r1_26Jan23_Alder_300SA_IATp01_9044.zip,"EMSL NOM full profile mass spectrometry, negative",12T FT-ICR MS,EMSL,EMSL,2023-01-27T15:33:14Z,,['nmdc:sty-11-8bjf2432']
nmdc:procsm-11-0mybds96,/home/bmeluch/NMDC/nom_processing/miesel_11_8bjf2432/raw/Miesel_60009_67_BONA_Oea_POST_MSTplus5_33_Met_SPE_r1_300SA_IATp03_9181.zip,/home/bmeluch/NMDC/nom_processing/miesel_11_8bjf2432/processed_20260513/Miesel_60009_67_BONA_Oea_POST_MSTplus5_33_Met_SPE_r1_300SA_IATp03_9181,/home/bmeluch/NMDC/nom_processing/miesel_11_8bjf2432/raw/Miesel_60009_QC_SRFAII_20ppm_r2_28Jan23_Fir_300SA_IATp01_9168.zip,"EMSL NOM full profile mass spectrometry, negative",12T FT-ICR MS,EMSL,EMSL,2023-01-29T13:19:04Z,,['nmdc:sty-11-8bjf2432']
nmdc:procsm-11-3jfvpy40,/home/bmeluch/NMDC/nom_processing/miesel_11_8bjf2432/raw/Miesel_60009_01_ABBY_A_PRE_Met_SPE_r1_300SA_IATp03_9286.zip,/home/bmeluch/NMDC/nom_processing/miesel_11_8bjf2432/processed_20260513/Miesel_60009_01_ABBY_A_PRE_Met_SPE_r1_300SA_IATp03_9286,/home/bmeluch/NMDC/nom_processing/miesel_11_8bjf2432/raw/Miesel_60009_QC_SRFAII_20ppm_30Jan23_Fir_300SA_IATp01_9266.zip,"EMSL NOM full profile mass spectrometry, negative",12T FT-ICR MS,EMSL,EMSL,2023-01-31T03:59:00Z,,['nmdc:sty-11-8bjf2432']
nmdc:procsm-11-c81v3q05,/home/bmeluch/NMDC/nom_processing/miesel_11_8bjf2432/raw/Miesel_60009_88_TREE_A1_POST_MSTplus5_33_Met_SPE_r1_300SA_IATp03_9276.zip,/home/bmeluch/NMDC/nom_processing/miesel_11_8bjf2432/processed_20260513/Miesel_60009_88_TREE_A1_POST_MSTplus5_33_Met_SPE_r1_300SA_IATp03_9276,/home/bmeluch/NMDC/nom_processing/miesel_11_8bjf2432/raw/Miesel_60009_QC_SRFAII_20ppm_30Jan23_Fir_300SA_IATp01_9266.zip,"EMSL NOM full profile mass spectrometry, negative",12T FT-ICR MS,EMSL,EMSL,2023-01-31T00:19:20Z,,['nmdc:sty-11-8bjf2432']
nmdc:procsm-11-3d9a0591,/home/bmeluch/NMDC/nom_processing/miesel_11_8bjf2432/raw/Miesel_60009_41_CLBJ_A1_POST_MST_33_H2O_SPE_r1_26Jan23_Alder_300SA_IATp03_9039.zip,/home/bmeluch/NMDC/nom_processing/miesel_11_8bjf2432/processed_20260513/Miesel_60009_41_CLBJ_A1_POST_MST_33_H2O_SPE_r1_26Jan23_Alder_300SA_IATp03_9039,/home/bmeluch/NMDC/nom_processing/miesel_11_8bjf2432/raw/Miesel_60009_QC_SRFAII_20ppm_r1_26Jan23_Alder_300SA_IATp01_9014.zip,"EMSL NOM full profile mass spectrometry, negative",12T FT-ICR MS,EMSL,EMSL,2023-01-27T09:03:03Z,,['nmdc:sty-11-8bjf2432']
nmdc:procsm-11-44t45e90,/home/bmeluch/NMDC/nom_processing/miesel_11_8bjf2432/raw/Miesel_60009_26_UNDE_A_PRE_Met_SPE_r2_300SA_IATp03_9640.zip,/home/bmeluch/NMDC/nom_processing/miesel_11_8bjf2432/processed_20260513/Miesel_60009_26_UNDE_A_PRE_Met_SPE_r2_300SA_IATp03_9640,/home/bmeluch/NMDC/nom_processing/miesel_11_8bjf2432/raw/Miesel_60009_QC_SRFAII_20ppm_10Feb23_Fir_300SA_IATp01_9617.zip,"EMSL NOM full profile mass spectrometry, negative",12T FT-ICR MS,EMSL,EMSL,2023-02-13T01:35:27Z,,['nmdc:sty-11-8bjf2432']
nmdc:procsm-11-r95hz925,/home/bmeluch/NMDC/nom_processing/miesel_11_8bjf2432/raw/Miesel_60009_69_CPER_A1_POST_MSTplus5_33_Met_SPE_r1_300SA_IATp03_9190.zip,/home/bmeluch/NMDC/nom_processing/miesel_11_8bjf2432/processed_20260513/Miesel_60009_69_CPER_A1_POST_MSTplus5_33_Met_SPE_r1_300SA_IATp03_9190,/home/bmeluch/NMDC/nom_processing/miesel_11_8bjf2432/raw/Miesel_60009_QC_SRFAII_20ppm_r2_28Jan23_Fir_300SA_IATp01_9168.zip,"EMSL NOM full profile mass spectrometry, negative",12T FT-ICR MS,EMSL,EMSL,2023-01-29T16:36:46Z,,['nmdc:sty-11-8bjf2432']
nmdc:procsm-11-30seev04,/home/bmeluch/NMDC/nom_processing/miesel_11_8bjf2432/raw/Miesel_60009_78_MOAB_A_POST_MSTplus5_33_Met_SPE_r2_300SA_IATp03_9624.zip,/home/bmeluch/NMDC/nom_processing/miesel_11_8bjf2432/processed_20260513/Miesel_60009_78_MOAB_A_POST_MSTplus5_33_Met_SPE_r2_300SA_IATp03_9624,/home/bmeluch/NMDC/nom_processing/miesel_11_8bjf2432/raw/Miesel_60009_QC_SRFAII_20ppm_10Feb23_Fir_300SA_IATp01_9617.zip,"EMSL NOM full profile mass spectrometry, negative",12T FT-ICR MS,EMSL,EMSL,2023-02-12T20:07:59Z,,['nmdc:sty-11-8bjf2432']
nmdc:procsm-11-6jw13a66,/home/bmeluch/NMDC/nom_processing/miesel_11_8bjf2432/raw/Miesel_60009_54_OSBS_A_POST_MST_33_H2O_SPE_r2_28Jan23_Alder_300SA_IATp03_9095.zip,/home/bmeluch/NMDC/nom_processing/miesel_11_8bjf2432/processed_20260513/Miesel_60009_54_OSBS_A_POST_MST_33_H2O_SPE_r2_28Jan23_Alder_300SA_IATp03_9095,/home/bmeluch/NMDC/nom_processing/miesel_11_8bjf2432/raw/Miesel_60009_QC_SRFAII_20ppm_r1_26Jan23_Alder_300SA_IATp01_9076.zip,"EMSL NOM full profile mass spectrometry, negative",12T FT-ICR MS,EMSL,EMSL,2023-01-28T05:49:56Z,,['nmdc:sty-11-8bjf2432']
nmdc:procsm-11-sp8g3023,/home/bmeluch/NMDC/nom_processing/miesel_11_8bjf2432/raw/Miesel_60009_57_SJER_A_POST_MST_33_Met_SPE_r1_30Jan23_Fir_300SA_IATp03_9240.zip,/home/bmeluch/NMDC/nom_processing/miesel_11_8bjf2432/processed_20260513/Miesel_60009_57_SJER_A_POST_MST_33_Met_SPE_r1_30Jan23_Fir_300SA_IATp03_9240,/home/bmeluch/NMDC/nom_processing/miesel_11_8bjf2432/raw/Miesel_60009_QC_SRFAII_20ppm_30Jan23_Fir_300SA_IATp01_9235.zip,"EMSL NOM full profile mass spectrometry, negative",12T FT-ICR MS,EMSL,EMSL,2023-01-30T11:08:32Z,,['nmdc:sty-11-8bjf2432']
nmdc:procsm-11-zgnqcz39,/home/bmeluch/NMDC/nom_processing/miesel_11_8bjf2432/raw/Miesel_60009_58_SOAP_A_POST_MST_33_Met_SPE_r2_300SA_IATp03_9561.zip,/home/bmeluch/NMDC/nom_processing/miesel_11_8bjf2432/processed_20260513/Miesel_60009_58_SOAP_A_POST_MST_33_Met_SPE_r2_300SA_IATp03_9561,/home/bmeluch/NMDC/nom_processing/miesel_11_8bjf2432/raw/Miesel_60009_QC_SRFAII_20ppm_30Jan23_Fir_300SA_IATp01_9389.zip,"EMSL NOM full profile mass spectrometry, negative",12T FT-ICR MS,EMSL,EMSL,2023-02-11T22:38:35Z,,['nmdc:sty-11-8bjf2432']
nmdc:procsm-11-2009zw54,/home/bmeluch/NMDC/nom_processing/miesel_11_8bjf2432/raw/Miesel_60009_10_GRSM_A_PRE_H2O_SPE_r1_26Jan23_Alder_300SA_IATp03_9050.zip,/home/bmeluch/NMDC/nom_processing/miesel_11_8bjf2432/processed_20260513/Miesel_60009_10_GRSM_A_PRE_H2O_SPE_r1_26Jan23_Alder_300SA_IATp03_9050,/home/bmeluch/NMDC/nom_processing/miesel_11_8bjf2432/raw/Miesel_60009_QC_SRFAII_20ppm_r1_26Jan23_Alder_300SA_IATp01_9044.zip,"EMSL NOM full profile mass spectrometry, negative",12T FT-ICR MS,EMSL,EMSL,2023-01-27T13:04:42Z,,['nmdc:sty-11-8bjf2432']
nmdc:procsm-11-srbhhn35,/home/bmeluch/NMDC/nom_processing/miesel_11_8bjf2432/raw/Miesel_60009_65_BARR_Oaf_POST_MSTplus5_33_H2O_SPE_r1_300SA_IATp03_9067.zip,/home/bmeluch/NMDC/nom_processing/miesel_11_8bjf2432/processed_20260513/Miesel_60009_65_BARR_Oaf_POST_MSTplus5_33_H2O_SPE_r1_300SA_IATp03_9067,/home/bmeluch/NMDC/nom_processing/miesel_11_8bjf2432/raw/Miesel_60009_QC_SRFAII_20ppm_r1_26Jan23_Alder_300SA_IATp01_9044.zip,"EMSL NOM full profile mass spectrometry, negative",12T FT-ICR MS,EMSL,EMSL,2023-01-27T19:34:52Z,,['nmdc:sty-11-8bjf2432']
nmdc:procsm-11-a0v4c883,/home/bmeluch/NMDC/nom_processing/miesel_11_8bjf2432/raw/Miesel_60009_02_BARR_Oaf_PRE_Met_SPE_r2_300SA_IATp03_9608.zip,/home/bmeluch/NMDC/nom_processing/miesel_11_8bjf2432/processed_20260513/Miesel_60009_02_BARR_Oaf_PRE_Met_SPE_r2_300SA_IATp03_9608,/home/bmeluch/NMDC/nom_processing/miesel_11_8bjf2432/raw/Miesel_60009_QC_SRFAII_20ppm_10Feb23_Fir_300SA_IATp01_9585.zip,"EMSL NOM full profile mass spectrometry, negative",12T FT-ICR MS,EMSL,EMSL,2023-02-12T14:40:31Z,,['nmdc:sty-11-8bjf2432']
nmdc:procsm-11-a9zfs623,/home/bmeluch/NMDC/nom_processing/miesel_11_8bjf2432/raw/Miesel_60009_07_DCFS_A1_PRE_Met_SPE_r2_300SA_IATp03_9588.zip,/home/bmeluch/NMDC/nom_processing/miesel_11_8bjf2432/processed_20260513/Miesel_60009_07_DCFS_A1_PRE_Met_SPE_r2_300SA_IATp03_9588,/home/bmeluch/NMDC/nom_processing/miesel_11_8bjf2432/raw/Miesel_60009_QC_SRFAII_20ppm_10Feb23_Fir_300SA_IATp01_9585.zip,"EMSL NOM full profile mass spectrometry, negative",12T FT-ICR MS,EMSL,EMSL,2023-02-12T07:51:11Z,,['nmdc:sty-11-8bjf2432']
nmdc:procsm-11-6t3mcc56,/home/bmeluch/NMDC/nom_processing/miesel_11_8bjf2432/raw/Miesel_60009_45_DSNY_A_POST_MST_33_Met_SPE_r1_300SA_IATp03_9268.zip,/home/bmeluch/NMDC/nom_processing/miesel_11_8bjf2432/processed_20260513/Miesel_60009_45_DSNY_A_POST_MST_33_Met_SPE_r1_300SA_IATp03_9268,/home/bmeluch/NMDC/nom_processing/miesel_11_8bjf2432/raw/Miesel_60009_QC_SRFAII_20ppm_30Jan23_Fir_300SA_IATp01_9266.zip,"EMSL NOM full profile mass spectrometry, negative",12T FT-ICR MS,EMSL,EMSL,2023-01-30T21:23:36Z,,['nmdc:sty-11-8bjf2432']
nmdc:procsm-11-9bgt2294,/home/bmeluch/NMDC/nom_processing/miesel_11_8bjf2432/raw/Miesel_60009_59_STEI_A1_POST_MST_33_H2O_SPE_r2_28Jan23_Fir_300SA_IATp03_9156.zip,/home/bmeluch/NMDC/nom_processing/miesel_11_8bjf2432/processed_20260513/Miesel_60009_59_STEI_A1_POST_MST_33_H2O_SPE_r2_28Jan23_Fir_300SA_IATp03_9156,/home/bmeluch/NMDC/nom_processing/miesel_11_8bjf2432/raw/Miesel_60009_QC_SRFAII_20ppm_r2_28Jan23_Fir_300SA_IATp01_9140.zip,"EMSL NOM full profile mass spectrometry, negative",12T FT-ICR MS,EMSL,EMSL,2023-01-29T04:09:54Z,,['nmdc:sty-11-8bjf2432']
nmdc:procsm-11-ykdsjv17,/home/bmeluch/NMDC/nom_processing/miesel_11_8bjf2432/raw/Miesel_60009_75_JORN_Ak_POST_MSTplus5_33_Met_SPE_r1_300SA_IATp03_9193.zip,/home/bmeluch/NMDC/nom_processing/miesel_11_8bjf2432/processed_20260513/Miesel_60009_75_JORN_Ak_POST_MSTplus5_33_Met_SPE_r1_300SA_IATp03_9193,/home/bmeluch/NMDC/nom_processing/miesel_11_8bjf2432/raw/Miesel_60009_QC_SRFAII_20ppm_r2_28Jan23_Fir_300SA_IATp01_9168.zip,"EMSL NOM full profile mass spectrometry, negative",12T FT-ICR MS,EMSL,EMSL,2023-01-29T17:42:40Z,,['nmdc:sty-11-8bjf2432']
nmdc:procsm-11-8zggrm55,/home/bmeluch/NMDC/nom_processing/miesel_11_8bjf2432/raw/Miesel_60009_62_UNDE_A_POST_MST_33_H2O_SPE_r1_26Jan23_Alder_300SA_IATp03_9046.zip,/home/bmeluch/NMDC/nom_processing/miesel_11_8bjf2432/processed_20260513/Miesel_60009_62_UNDE_A_POST_MST_33_H2O_SPE_r1_26Jan23_Alder_300SA_IATp03_9046,/home/bmeluch/NMDC/nom_processing/miesel_11_8bjf2432/raw/Miesel_60009_QC_SRFAII_20ppm_r1_26Jan23_Alder_300SA_IATp01_9044.zip,"EMSL NOM full profile mass spectrometry, negative",12T FT-ICR MS,EMSL,EMSL,2023-01-27T11:36:50Z,,['nmdc:sty-11-8bjf2432']
nmdc:procsm-11-qak15t71,/home/bmeluch/NMDC/nom_processing/miesel_11_8bjf2432/raw/Miesel_60009_03_BLAN_Ap1_PRE_Met_SPE_r2_300SA_IATp03_9556.zip,/home/bmeluch/NMDC/nom_processing/miesel_11_8bjf2432/processed_20260513/Miesel_60009_03_BLAN_Ap1_PRE_Met_SPE_r2_300SA_IATp03_9556,/home/bmeluch/NMDC/nom_processing/miesel_11_8bjf2432/raw/Miesel_60009_QC_SRFAII_20ppm_30Jan23_Fir_300SA_IATp01_9389.zip,"EMSL NOM full profile mass spectrometry, negative",12T FT-ICR MS,EMSL,EMSL,2023-02-11T20:56:15Z,,['nmdc:sty-11-8bjf2432']
nmdc:procsm-11-8yp8me58,/home/bmeluch/NMDC/nom_processing/miesel_11_8bjf2432/raw/Miesel_60009_84_SJER_A_POST_MSTplus5_33_H2O_SPE_r2_28Jan23_Fir_300SA_IATp03_9165.zip,/home/bmeluch/NMDC/nom_processing/miesel_11_8bjf2432/processed_20260513/Miesel_60009_84_SJER_A_POST_MSTplus5_33_H2O_SPE_r2_28Jan23_Fir_300SA_IATp03_9165,/home/bmeluch/NMDC/nom_processing/miesel_11_8bjf2432/raw/Miesel_60009_QC_SRFAII_20ppm_r2_28Jan23_Fir_300SA_IATp01_9140.zip,"EMSL NOM full profile mass spectrometry, negative",12T FT-ICR MS,EMSL,EMSL,2023-01-29T07:27:36Z,,['nmdc:sty-11-8bjf2432']
nmdc:procsm-11-cr9hre71,/home/bmeluch/NMDC/nom_processing/miesel_11_8bjf2432/raw/Miesel_60009_90_WREF_A1_POST_MSTplus5_33_Met_SPE_r2_300SA_IATp03_9592.zip,/home/bmeluch/NMDC/nom_processing/miesel_11_8bjf2432/processed_20260513/Miesel_60009_90_WREF_A1_POST_MSTplus5_33_Met_SPE_r2_300SA_IATp03_9592,/home/bmeluch/NMDC/nom_processing/miesel_11_8bjf2432/raw/Miesel_60009_QC_SRFAII_20ppm_10Feb23_Fir_300SA_IATp01_9585.zip,"EMSL NOM full profile mass spectrometry, negative",12T FT-ICR MS,EMSL,EMSL,2023-02-12T09:13:03Z,,['nmdc:sty-11-8bjf2432']
nmdc:procsm-11-3p1sxr46,/home/bmeluch/NMDC/nom_processing/miesel_11_8bjf2432/raw/Miesel_60009_88_TREE_A1_POST_MSTplus5_33_H2O_SPE_r2_300SA_IATp03_9157.zip,/home/bmeluch/NMDC/nom_processing/miesel_11_8bjf2432/processed_20260513/Miesel_60009_88_TREE_A1_POST_MSTplus5_33_H2O_SPE_r2_300SA_IATp03_9157,/home/bmeluch/NMDC/nom_processing/miesel_11_8bjf2432/raw/Miesel_60009_QC_SRFAII_20ppm_r2_28Jan23_Fir_300SA_IATp01_9140.zip,"EMSL NOM full profile mass spectrometry, negative",12T FT-ICR MS,EMSL,EMSL,2023-01-29T04:31:52Z,,['nmdc:sty-11-8bjf2432']
nmdc:procsm-11-d0616538,/home/bmeluch/NMDC/nom_processing/miesel_11_8bjf2432/raw/Miesel_60009_04_BONA_Oea_PRE_Met_SPE_r1_300SA_IATp03_9250.zip,/home/bmeluch/NMDC/nom_processing/miesel_11_8bjf2432/processed_20260513/Miesel_60009_04_BONA_Oea_PRE_Met_SPE_r1_300SA_IATp03_9250,/home/bmeluch/NMDC/nom_processing/miesel_11_8bjf2432/raw/Miesel_60009_QC_SRFAII_20ppm_30Jan23_Fir_300SA_IATp01_9235.zip,"EMSL NOM full profile mass spectrometry, negative",12T FT-ICR MS,EMSL,EMSL,2023-01-30T14:48:12Z,,['nmdc:sty-11-8bjf2432']
nmdc:procsm-11-e9ey9m36,/home/bmeluch/NMDC/nom_processing/miesel_11_8bjf2432/raw/Miesel_60009_06_CPER_A1_PRE_Met_SPE_r1_300SA_IATp03_9249.zip,/home/bmeluch/NMDC/nom_processing/miesel_11_8bjf2432/processed_20260513/Miesel_60009_06_CPER_A1_PRE_Met_SPE_r1_300SA_IATp03_9249,/home/bmeluch/NMDC/nom_processing/miesel_11_8bjf2432/raw/Miesel_60009_QC_SRFAII_20ppm_30Jan23_Fir_300SA_IATp01_9235.zip,"EMSL NOM full profile mass spectrometry, negative",12T FT-ICR MS,EMSL,EMSL,2023-01-30T14:26:14Z,,['nmdc:sty-11-8bjf2432']
nmdc:procsm-11-dgvt6j93,/home/bmeluch/NMDC/nom_processing/miesel_11_8bjf2432/raw/Miesel_60009_48_JORN_Ak_POST_MST_33_Met_SPE_r1_300SA_IATp03_9287.zip,/home/bmeluch/NMDC/nom_processing/miesel_11_8bjf2432/processed_20260513/Miesel_60009_48_JORN_Ak_POST_MST_33_Met_SPE_r1_300SA_IATp03_9287,/home/bmeluch/NMDC/nom_processing/miesel_11_8bjf2432/raw/Miesel_60009_QC_SRFAII_20ppm_30Jan23_Fir_300SA_IATp01_9266.zip,"EMSL NOM full profile mass spectrometry, negative",12T FT-ICR MS,EMSL,EMSL,2023-01-31T04:20:58Z,,['nmdc:sty-11-8bjf2432']
nmdc:procsm-11-2n0et497,/home/bmeluch/NMDC/nom_processing/miesel_11_8bjf2432/raw/Miesel_60009_53_NIWO_A_POST_MST_33_Met_SPE_r2_300SA_IATp03_9632.zip,/home/bmeluch/NMDC/nom_processing/miesel_11_8bjf2432/processed_20260513/Miesel_60009_53_NIWO_A_POST_MST_33_Met_SPE_r2_300SA_IATp03_9632,/home/bmeluch/NMDC/nom_processing/miesel_11_8bjf2432/raw/Miesel_60009_QC_SRFAII_20ppm_10Feb23_Fir_300SA_IATp01_9617.zip,"EMSL NOM full profile mass spectrometry, negative",12T FT-ICR MS,EMSL,EMSL,2023-02-12T22:51:43Z,,['nmdc:sty-11-8bjf2432']
nmdc:procsm-11-g4zzmt14,/home/bmeluch/NMDC/nom_processing/miesel_11_8bjf2432/raw/Miesel_60009_27_WREF_A1_PRE_H2O_SPE_r2_28Jan23_Fir_300SA_IATp03_9107.zip,/home/bmeluch/NMDC/nom_processing/miesel_11_8bjf2432/processed_20260513/Miesel_60009_27_WREF_A1_PRE_H2O_SPE_r2_28Jan23_Fir_300SA_IATp03_9107,/home/bmeluch/NMDC/nom_processing/miesel_11_8bjf2432/raw/Miesel_60009_QC_SRFAII_20ppm_r1_26Jan23_Alder_300SA_IATp01_9076.zip,"EMSL NOM full profile mass spectrometry, negative",12T FT-ICR MS,EMSL,EMSL,2023-01-28T10:13:32Z,,['nmdc:sty-11-8bjf2432']
nmdc:procsm-11-09rmts77,/home/bmeluch/NMDC/nom_processing/miesel_11_8bjf2432/raw/Miesel_60009_49_KONZ_A1_POST_MST_33_H2O_SPE_r2_28Jan23_Alder_300SA_IATp03_9105.zip,/home/bmeluch/NMDC/nom_processing/miesel_11_8bjf2432/processed_20260513/Miesel_60009_49_KONZ_A1_POST_MST_33_H2O_SPE_r2_28Jan23_Alder_300SA_IATp03_9105,/home/bmeluch/NMDC/nom_processing/miesel_11_8bjf2432/raw/Miesel_60009_QC_SRFAII_20ppm_r1_26Jan23_Alder_300SA_IATp01_9076.zip,"EMSL NOM full profile mass spectrometry, negative",12T FT-ICR MS,EMSL,EMSL,2023-01-28T09:29:36Z,,['nmdc:sty-11-8bjf2432']
nmdc:procsm-11-46avaz74,/home/bmeluch/NMDC/nom_processing/miesel_11_8bjf2432/raw/Miesel_60009_61_TREE_A1_POST_MST_33_Met_SPE_r2_300SA_IATp03_9633.zip,/home/bmeluch/NMDC/nom_processing/miesel_11_8bjf2432/processed_20260513/Miesel_60009_61_TREE_A1_POST_MST_33_Met_SPE_r2_300SA_IATp03_9633,/home/bmeluch/NMDC/nom_processing/miesel_11_8bjf2432/raw/Miesel_60009_QC_SRFAII_20ppm_10Feb23_Fir_300SA_IATp01_9617.zip,"EMSL NOM full profile mass spectrometry, negative",12T FT-ICR MS,EMSL,EMSL,2023-02-12T23:12:11Z,,['nmdc:sty-11-8bjf2432']
nmdc:procsm-11-g846a662,/home/bmeluch/NMDC/nom_processing/miesel_11_8bjf2432/raw/Miesel_60009_79_NGPR_A_POST_MSTplus5_33_Met_SPE_r1_300SA_IATp03_9259.zip,/home/bmeluch/NMDC/nom_processing/miesel_11_8bjf2432/processed_20260513/Miesel_60009_79_NGPR_A_POST_MSTplus5_33_Met_SPE_r1_300SA_IATp03_9259,/home/bmeluch/NMDC/nom_processing/miesel_11_8bjf2432/raw/Miesel_60009_QC_SRFAII_20ppm_30Jan23_Fir_300SA_IATp01_9235.zip,"EMSL NOM full profile mass spectrometry, negative",12T FT-ICR MS,EMSL,EMSL,2023-01-30T18:05:54Z,,['nmdc:sty-11-8bjf2432']
nmdc:procsm-11-qbqzev71,/home/bmeluch/NMDC/nom_processing/miesel_11_8bjf2432/raw/Miesel_60009_83_SERC_A_POST_MSTplus5_33_Met_SPE_r1_300SA_IATp03_9269.zip,/home/bmeluch/NMDC/nom_processing/miesel_11_8bjf2432/processed_20260513/Miesel_60009_83_SERC_A_POST_MSTplus5_33_Met_SPE_r1_300SA_IATp03_9269,/home/bmeluch/NMDC/nom_processing/miesel_11_8bjf2432/raw/Miesel_60009_QC_SRFAII_20ppm_30Jan23_Fir_300SA_IATp01_9266.zip,"EMSL NOM full profile mass spectrometry, negative",12T FT-ICR MS,EMSL,EMSL,2023-01-30T21:45:34Z,,['nmdc:sty-11-8bjf2432']
nmdc:procsm-11-r9vwwd95,/home/bmeluch/NMDC/nom_processing/miesel_11_8bjf2432/raw/Miesel_60009_84_SJER_A_POST_MSTplus5_33_Met_SPE_r2_300SA_IATp03_9627.zip,/home/bmeluch/NMDC/nom_processing/miesel_11_8bjf2432/processed_20260513/Miesel_60009_84_SJER_A_POST_MSTplus5_33_Met_SPE_r2_300SA_IATp03_9627,/home/bmeluch/NMDC/nom_processing/miesel_11_8bjf2432/raw/Miesel_60009_QC_SRFAII_20ppm_10Feb23_Fir_300SA_IATp01_9617.zip,"EMSL NOM full profile mass spectrometry, negative",12T FT-ICR MS,EMSL,EMSL,2023-02-12T21:09:23Z,,['nmdc:sty-11-8bjf2432']
nmdc:procsm-11-h2y34j84,/home/bmeluch/NMDC/nom_processing/miesel_11_8bjf2432/raw/Miesel_60009_83_SERC_A_POST_MSTplus5_33_H2O_SPE_r2_300SA_IATp03_9099.zip,/home/bmeluch/NMDC/nom_processing/miesel_11_8bjf2432/processed_20260513/Miesel_60009_83_SERC_A_POST_MSTplus5_33_H2O_SPE_r2_300SA_IATp03_9099,/home/bmeluch/NMDC/nom_processing/miesel_11_8bjf2432/raw/Miesel_60009_QC_SRFAII_20ppm_r1_26Jan23_Alder_300SA_IATp01_9076.zip,"EMSL NOM full profile mass spectrometry, negative",12T FT-ICR MS,EMSL,EMSL,2023-01-28T07:17:48Z,,['nmdc:sty-11-8bjf2432']
nmdc:procsm-11-375wej49,/home/bmeluch/NMDC/nom_processing/miesel_11_8bjf2432/raw/Miesel_60009_14_MLBS_A_PRE_Met_SPE_r1_30Jan23_Fir_300SA_IATp03_9173.zip,/home/bmeluch/NMDC/nom_processing/miesel_11_8bjf2432/processed_20260513/Miesel_60009_14_MLBS_A_PRE_Met_SPE_r1_30Jan23_Fir_300SA_IATp03_9173,/home/bmeluch/NMDC/nom_processing/miesel_11_8bjf2432/raw/Miesel_60009_QC_SRFAII_20ppm_r2_28Jan23_Fir_300SA_IATp01_9168.zip,"EMSL NOM full profile mass spectrometry, negative",12T FT-ICR MS,EMSL,EMSL,2023-01-29T10:23:20Z,,['nmdc:sty-11-8bjf2432']
nmdc:procsm-11-6t3mcc56,/home/bmeluch/NMDC/nom_processing/miesel_11_8bjf2432/raw/Miesel_60009_45_DSNY_A_POST_MST_33_Met_SPE_r2_300SA_IATp03_9566.zip,/home/bmeluch/NMDC/nom_processing/miesel_11_8bjf2432/processed_20260513/Miesel_60009_45_DSNY_A_POST_MST_33_Met_SPE_r2_300SA_IATp03_9566,/home/bmeluch/NMDC/nom_processing/miesel_11_8bjf2432/raw/Miesel_60009_QC_SRFAII_20ppm_30Jan23_Fir_300SA_IATp01_9389.zip,"EMSL NOM full profile mass spectrometry, negative",12T FT-ICR MS,EMSL,EMSL,2023-02-12T00:20:55Z,,['nmdc:sty-11-8bjf2432']
nmdc:procsm-11-xqfg7f75,/home/bmeluch/NMDC/nom_processing/miesel_11_8bjf2432/raw/Miesel_60009_85_SOAP_A_POST_MSTplus5_33_Met_SPE_r1_300SA_IATp03_9275.zip,/home/bmeluch/NMDC/nom_processing/miesel_11_8bjf2432/processed_20260513/Miesel_60009_85_SOAP_A_POST_MSTplus5_33_Met_SPE_r1_300SA_IATp03_9275,/home/bmeluch/NMDC/nom_processing/miesel_11_8bjf2432/raw/Miesel_60009_QC_SRFAII_20ppm_30Jan23_Fir_300SA_IATp01_9266.zip,"EMSL NOM full profile mass spectrometry, negative",12T FT-ICR MS,EMSL,EMSL,2023-01-30T23:57:22Z,,['nmdc:sty-11-8bjf2432']
nmdc:procsm-11-641zm837,/home/bmeluch/NMDC/nom_processing/miesel_11_8bjf2432/raw/Miesel_60009_39_BLAN_Ap1_POST_MST_33_Met_SPE_r2_300SA_IATp03_9616.zip,/home/bmeluch/NMDC/nom_processing/miesel_11_8bjf2432/processed_20260513/Miesel_60009_39_BLAN_Ap1_POST_MST_33_Met_SPE_r2_300SA_IATp03_9616,/home/bmeluch/NMDC/nom_processing/miesel_11_8bjf2432/raw/Miesel_60009_QC_SRFAII_20ppm_10Feb23_Fir_300SA_IATp01_9585.zip,"EMSL NOM full profile mass spectrometry, negative",12T FT-ICR MS,EMSL,EMSL,2023-02-12T17:24:15Z,,['nmdc:sty-11-8bjf2432']
nmdc:procsm-11-y1qeys62,/home/bmeluch/NMDC/nom_processing/miesel_11_8bjf2432/raw/Miesel_60009_15_MOAB_A_PRE_Met_SPE_r2_300SA_IATp03_9643.zip,/home/bmeluch/NMDC/nom_processing/miesel_11_8bjf2432/processed_20260513/Miesel_60009_15_MOAB_A_PRE_Met_SPE_r2_300SA_IATp03_9643,/home/bmeluch/NMDC/nom_processing/miesel_11_8bjf2432/raw/Miesel_60009_QC_SRFAII_20ppm_10Feb23_Fir_300SA_IATp01_9617.zip,"EMSL NOM full profile mass spectrometry, negative",12T FT-ICR MS,EMSL,EMSL,2023-02-13T02:36:51Z,,['nmdc:sty-11-8bjf2432']
nmdc:procsm-11-ettmte93,/home/bmeluch/NMDC/nom_processing/miesel_11_8bjf2432/raw/Miesel_60009_75_JORN_Ak_POST_MSTplus5_33_H2O_SPE_r1_300SA_IATp03_8989.zip,/home/bmeluch/NMDC/nom_processing/miesel_11_8bjf2432/processed_20260513/Miesel_60009_75_JORN_Ak_POST_MSTplus5_33_H2O_SPE_r1_300SA_IATp03_8989,/home/bmeluch/NMDC/nom_processing/miesel_11_8bjf2432/raw/Miesel_60009_QC_SRFAII_20ppm_r1_26Jan23_Alder_300SA_IATp01_8983.zip,"EMSL NOM full profile mass spectrometry, negative",12T FT-ICR MS,EMSL,EMSL,2023-01-26T14:44:43Z,,['nmdc:sty-11-8bjf2432']
nmdc:procsm-11-vbe16856,/home/bmeluch/NMDC/nom_processing/miesel_11_8bjf2432/raw/Miesel_60009_49_KONZ_A1_POST_MST_33_Met_SPE_r2_300SA_IATp03_9573.zip,/home/bmeluch/NMDC/nom_processing/miesel_11_8bjf2432/processed_20260513/Miesel_60009_49_KONZ_A1_POST_MST_33_Met_SPE_r2_300SA_IATp03_9573,/home/bmeluch/NMDC/nom_processing/miesel_11_8bjf2432/raw/Miesel_60009_QC_SRFAII_20ppm_30Jan23_Fir_300SA_IATp01_9389.zip,"EMSL NOM full profile mass spectrometry, negative",12T FT-ICR MS,EMSL,EMSL,2023-02-12T02:44:11Z,,['nmdc:sty-11-8bjf2432']
nmdc:procsm-11-s03ycj67,/home/bmeluch/NMDC/nom_processing/miesel_11_8bjf2432/raw/Miesel_60009_50_MLBS_A_POST_MST_33_Met_SPE_r1_300SA_IATp03_9288.zip,/home/bmeluch/NMDC/nom_processing/miesel_11_8bjf2432/processed_20260513/Miesel_60009_50_MLBS_A_POST_MST_33_Met_SPE_r1_300SA_IATp03_9288,/home/bmeluch/NMDC/nom_processing/miesel_11_8bjf2432/raw/Miesel_60009_QC_SRFAII_20ppm_30Jan23_Fir_300SA_IATp01_9266.zip,"EMSL NOM full profile mass spectrometry, negative",12T FT-ICR MS,EMSL,EMSL,2023-01-31T04:42:56Z,,['nmdc:sty-11-8bjf2432']
nmdc:procsm-11-3kj1kv37,/home/bmeluch/NMDC/nom_processing/miesel_11_8bjf2432/raw/Miesel_60009_86_STEI_A1_POST_MSTplus5_33_H2O_SPE_r2_300SA_IATp03_9129.zip,/home/bmeluch/NMDC/nom_processing/miesel_11_8bjf2432/processed_20260513/Miesel_60009_86_STEI_A1_POST_MSTplus5_33_H2O_SPE_r2_300SA_IATp03_9129,/home/bmeluch/NMDC/nom_processing/miesel_11_8bjf2432/raw/Miesel_60009_QC_SRFAII_20ppm_r2_28Jan23_Fir_300SA_IATp01_9108.zip,"EMSL NOM full profile mass spectrometry, negative",12T FT-ICR MS,EMSL,EMSL,2023-01-28T18:16:48Z,,['nmdc:sty-11-8bjf2432']
nmdc:procsm-11-j0kawb92,/home/bmeluch/NMDC/nom_processing/miesel_11_8bjf2432/raw/Miesel_60009_77_MLBS_A_POST_MSTplus5_33_H2O_SPE_r2_300SA_IATp03_9098.zip,/home/bmeluch/NMDC/nom_processing/miesel_11_8bjf2432/processed_20260513/Miesel_60009_77_MLBS_A_POST_MSTplus5_33_H2O_SPE_r2_300SA_IATp03_9098,/home/bmeluch/NMDC/nom_processing/miesel_11_8bjf2432/raw/Miesel_60009_QC_SRFAII_20ppm_r1_26Jan23_Alder_300SA_IATp01_9076.zip,"EMSL NOM full profile mass spectrometry, negative",12T FT-ICR MS,EMSL,EMSL,2023-01-28T06:55:50Z,,['nmdc:sty-11-8bjf2432']
nmdc:procsm-11-t4ecfd37,/home/bmeluch/NMDC/nom_processing/miesel_11_8bjf2432/raw/Miesel_60009_11_HEAL_Oae_PRE_H2O_SPE_r2_28Jan23_Alder_300SA_IATp03_9093.zip,/home/bmeluch/NMDC/nom_processing/miesel_11_8bjf2432/processed_20260513/Miesel_60009_11_HEAL_Oae_PRE_H2O_SPE_r2_28Jan23_Alder_300SA_IATp03_9093,/home/bmeluch/NMDC/nom_processing/miesel_11_8bjf2432/raw/Miesel_60009_QC_SRFAII_20ppm_r1_26Jan23_Alder_300SA_IATp01_9076.zip,"EMSL NOM full profile mass spectrometry, negative",12T FT-ICR MS,EMSL,EMSL,2023-01-28T05:06:00Z,,['nmdc:sty-11-8bjf2432']
nmdc:procsm-11-sp8g3023,/home/bmeluch/NMDC/nom_processing/miesel_11_8bjf2432/raw/Miesel_60009_57_SJER_A_POST_MST_33_Met_SPE_r2_300SA_IATp03_9620.zip,/home/bmeluch/NMDC/nom_processing/miesel_11_8bjf2432/processed_20260513/Miesel_60009_57_SJER_A_POST_MST_33_Met_SPE_r2_300SA_IATp03_9620,/home/bmeluch/NMDC/nom_processing/miesel_11_8bjf2432/raw/Miesel_60009_QC_SRFAII_20ppm_10Feb23_Fir_300SA_IATp01_9617.zip,"EMSL NOM full profile mass spectrometry, negative",12T FT-ICR MS,EMSL,EMSL,2023-02-12T18:46:07Z,,['nmdc:sty-11-8bjf2432']
nmdc:procsm-11-jkdqc441,/home/bmeluch/NMDC/nom_processing/miesel_11_8bjf2432/raw/Miesel_60009_90_WREF_A1_POST_MSTplus5_33_H2O_SPE_r1_300SA_IATp03_9040.zip,/home/bmeluch/NMDC/nom_processing/miesel_11_8bjf2432/processed_20260513/Miesel_60009_90_WREF_A1_POST_MSTplus5_33_H2O_SPE_r1_300SA_IATp03_9040,/home/bmeluch/NMDC/nom_processing/miesel_11_8bjf2432/raw/Miesel_60009_QC_SRFAII_20ppm_r1_26Jan23_Alder_300SA_IATp01_9014.zip,"EMSL NOM full profile mass spectrometry, negative",12T FT-ICR MS,EMSL,EMSL,2023-01-27T09:25:02Z,,['nmdc:sty-11-8bjf2432']
nmdc:procsm-11-aa34by92,/home/bmeluch/NMDC/nom_processing/miesel_11_8bjf2432/raw/Miesel_60009_82_RMNP_A1_POST_MSTplus5_33_H2O_SPE_r2_300SA_IATp03_9161.zip,/home/bmeluch/NMDC/nom_processing/miesel_11_8bjf2432/processed_20260513/Miesel_60009_82_RMNP_A1_POST_MSTplus5_33_H2O_SPE_r2_300SA_IATp03_9161,/home/bmeluch/NMDC/nom_processing/miesel_11_8bjf2432/raw/Miesel_60009_QC_SRFAII_20ppm_r2_28Jan23_Fir_300SA_IATp01_9140.zip,"EMSL NOM full profile mass spectrometry, negative",12T FT-ICR MS,EMSL,EMSL,2023-01-29T05:59:44Z,,['nmdc:sty-11-8bjf2432']
nmdc:procsm-11-r9vwwd95,/home/bmeluch/NMDC/nom_processing/miesel_11_8bjf2432/raw/Miesel_60009_84_SJER_A_POST_MSTplus5_33_Met_SPE_r1_30Jan23_Fir_300SA_IATp03_9194.zip,/home/bmeluch/NMDC/nom_processing/miesel_11_8bjf2432/processed_20260513/Miesel_60009_84_SJER_A_POST_MSTplus5_33_Met_SPE_r1_30Jan23_Fir_300SA_IATp03_9194,/home/bmeluch/NMDC/nom_processing/miesel_11_8bjf2432/raw/Miesel_60009_QC_SRFAII_20ppm_r2_28Jan23_Fir_300SA_IATp01_9168.zip,"EMSL NOM full profile mass spectrometry, negative",12T FT-ICR MS,EMSL,EMSL,2023-01-29T18:04:38Z,,['nmdc:sty-11-8bjf2432']
nmdc:procsm-11-ykdsjv17,/home/bmeluch/NMDC/nom_processing/miesel_11_8bjf2432/raw/Miesel_60009_75_JORN_Ak_POST_MSTplus5_33_Met_SPE_r2_300SA_IATp03_9611.zip,/home/bmeluch/NMDC/nom_processing/miesel_11_8bjf2432/processed_20260513/Miesel_60009_75_JORN_Ak_POST_MSTplus5_33_Met_SPE_r2_300SA_IATp03_9611,/home/bmeluch/NMDC/nom_processing/miesel_11_8bjf2432/raw/Miesel_60009_QC_SRFAII_20ppm_10Feb23_Fir_300SA_IATp01_9585.zip,"EMSL NOM full profile mass spectrometry, negative",12T FT-ICR MS,EMSL,EMSL,2023-02-12T15:41:55Z,,['nmdc:sty-11-8bjf2432']
nmdc:procsm-11-hpwke580,/home/bmeluch/NMDC/nom_processing/miesel_11_8bjf2432/raw/Miesel_60009_08_DELA_A_PRE_H2O_SPE_r1_26Jan23_Alder_300SA_IATp03_9016.zip,/home/bmeluch/NMDC/nom_processing/miesel_11_8bjf2432/processed_20260513/Miesel_60009_08_DELA_A_PRE_H2O_SPE_r1_26Jan23_Alder_300SA_IATp03_9016,/home/bmeluch/NMDC/nom_processing/miesel_11_8bjf2432/raw/Miesel_60009_QC_SRFAII_20ppm_r1_26Jan23_Alder_300SA_IATp01_9014.zip,"EMSL NOM full profile mass spectrometry, negative",12T FT-ICR MS,EMSL,EMSL,2023-01-27T00:37:50Z,,['nmdc:sty-11-8bjf2432']
nmdc:procsm-11-25cjhy07,/home/bmeluch/NMDC/nom_processing/miesel_11_8bjf2432/raw/Miesel_60009_54_OSBS_A_POST_MST_33_Met_SPE_r2_300SA_IATp03_9637.zip,/home/bmeluch/NMDC/nom_processing/miesel_11_8bjf2432/processed_20260513/Miesel_60009_54_OSBS_A_POST_MST_33_Met_SPE_r2_300SA_IATp03_9637,/home/bmeluch/NMDC/nom_processing/miesel_11_8bjf2432/raw/Miesel_60009_QC_SRFAII_20ppm_10Feb23_Fir_300SA_IATp01_9617.zip,"EMSL NOM full profile mass spectrometry, negative",12T FT-ICR MS,EMSL,EMSL,2023-02-13T00:34:03Z,,['nmdc:sty-11-8bjf2432']
nmdc:procsm-11-57nh0k71,/home/bmeluch/NMDC/nom_processing/miesel_11_8bjf2432/raw/Miesel_60009_01_ABBY_A_PRE_H2O_SPE_r1_26Jan23_Alder_300SA_IATp03_9009.zip,/home/bmeluch/NMDC/nom_processing/miesel_11_8bjf2432/processed_20260513/Miesel_60009_01_ABBY_A_PRE_H2O_SPE_r1_26Jan23_Alder_300SA_IATp03_9009,/home/bmeluch/NMDC/nom_processing/miesel_11_8bjf2432/raw/Miesel_60009_QC_SRFAII_20ppm_r1_26Jan23_Alder_300SA_IATp01_8983.zip,"EMSL NOM full profile mass spectrometry, negative",12T FT-ICR MS,EMSL,EMSL,2023-01-26T22:04:03Z,,['nmdc:sty-11-8bjf2432']
nmdc:procsm-11-s05w3n93,/home/bmeluch/NMDC/nom_processing/miesel_11_8bjf2432/raw/Miesel_60009_19_RMNP_A1_PRE_Met_SPE_r2_300SA_IATp03_9584.zip,/home/bmeluch/NMDC/nom_processing/miesel_11_8bjf2432/processed_20260513/Miesel_60009_19_RMNP_A1_PRE_Met_SPE_r2_300SA_IATp03_9584,/home/bmeluch/NMDC/nom_processing/miesel_11_8bjf2432/raw/Miesel_60009_QC_SRFAII_20ppm_30Jan23_Fir_300SA_IATp01_9389.zip,"EMSL NOM full profile mass spectrometry, negative",12T FT-ICR MS,EMSL,EMSL,2023-02-12T06:29:19Z,,['nmdc:sty-11-8bjf2432']
nmdc:procsm-11-a4aa1k17,/home/bmeluch/NMDC/nom_processing/miesel_11_8bjf2432/raw/Miesel_60009_22_SOAP_A_PRE_Met_SPE_r1_30Jan23_Fir_300SA_IATp03_9184.zip,/home/bmeluch/NMDC/nom_processing/miesel_11_8bjf2432/processed_20260513/Miesel_60009_22_SOAP_A_PRE_Met_SPE_r1_30Jan23_Fir_300SA_IATp03_9184,/home/bmeluch/NMDC/nom_processing/miesel_11_8bjf2432/raw/Miesel_60009_QC_SRFAII_20ppm_r2_28Jan23_Fir_300SA_IATp01_9168.zip,"EMSL NOM full profile mass spectrometry, negative",12T FT-ICR MS,EMSL,EMSL,2023-01-29T14:24:58Z,,['nmdc:sty-11-8bjf2432']
nmdc:procsm-11-2009zw54,/home/bmeluch/NMDC/nom_processing/miesel_11_8bjf2432/raw/Miesel_60009_10_GRSM_A_PRE_H2O_SPE_r2_28Jan23_Fir_300SA_IATp03_9114.zip,/home/bmeluch/NMDC/nom_processing/miesel_11_8bjf2432/processed_20260513/Miesel_60009_10_GRSM_A_PRE_H2O_SPE_r2_28Jan23_Fir_300SA_IATp03_9114,/home/bmeluch/NMDC/nom_processing/miesel_11_8bjf2432/raw/Miesel_60009_QC_SRFAII_20ppm_r2_28Jan23_Fir_300SA_IATp01_9108.zip,"EMSL NOM full profile mass spectrometry, negative",12T FT-ICR MS,EMSL,EMSL,2023-01-28T12:47:18Z,,['nmdc:sty-11-8bjf2432']
nmdc:procsm-11-e9ey9m36,/home/bmeluch/NMDC/nom_processing/miesel_11_8bjf2432/raw/Miesel_60009_06_CPER_A1_PRE_Met_SPE_r2_300SA_IATp03_9555.zip,/home/bmeluch/NMDC/nom_processing/miesel_11_8bjf2432/processed_20260513/Miesel_60009_06_CPER_A1_PRE_Met_SPE_r2_300SA_IATp03_9555,/home/bmeluch/NMDC/nom_processing/miesel_11_8bjf2432/raw/Miesel_60009_QC_SRFAII_20ppm_30Jan23_Fir_300SA_IATp01_9389.zip,"EMSL NOM full profile mass spectrometry, negative",12T FT-ICR MS,EMSL,EMSL,2023-02-11T20:35:47Z,,['nmdc:sty-11-8bjf2432']
nmdc:procsm-11-2shgjt60,/home/bmeluch/NMDC/nom_processing/miesel_11_8bjf2432/raw/Miesel_60009_46_GRSM_A_POST_MST_33_H2O_SPE_r1_26Jan23_Alder_300SA_IATp03_9028.zip,/home/bmeluch/NMDC/nom_processing/miesel_11_8bjf2432/processed_20260513/Miesel_60009_46_GRSM_A_POST_MST_33_H2O_SPE_r1_26Jan23_Alder_300SA_IATp03_9028,/home/bmeluch/NMDC/nom_processing/miesel_11_8bjf2432/raw/Miesel_60009_QC_SRFAII_20ppm_r1_26Jan23_Alder_300SA_IATp01_9014.zip,"EMSL NOM full profile mass spectrometry, negative",12T FT-ICR MS,EMSL,EMSL,2023-01-27T05:01:26Z,,['nmdc:sty-11-8bjf2432']
nmdc:procsm-11-9k4nny47,/home/bmeluch/NMDC/nom_processing/miesel_11_8bjf2432/raw/Miesel_60009_47_HEAL_Oae_POST_MST_33_Met_SPE_r1_300SA_IATp03_9283.zip,/home/bmeluch/NMDC/nom_processing/miesel_11_8bjf2432/processed_20260513/Miesel_60009_47_HEAL_Oae_POST_MST_33_Met_SPE_r1_300SA_IATp03_9283,/home/bmeluch/NMDC/nom_processing/miesel_11_8bjf2432/raw/Miesel_60009_QC_SRFAII_20ppm_30Jan23_Fir_300SA_IATp01_9266.zip,"EMSL NOM full profile mass spectrometry, negative",12T FT-ICR MS,EMSL,EMSL,2023-01-31T02:53:06Z,,['nmdc:sty-11-8bjf2432']
nmdc:procsm-11-3kj1kv37,/home/bmeluch/NMDC/nom_processing/miesel_11_8bjf2432/raw/Miesel_60009_86_STEI_A1_POST_MSTplus5_33_H2O_SPE_r1_300SA_IATp03_8992.zip,/home/bmeluch/NMDC/nom_processing/miesel_11_8bjf2432/processed_20260513/Miesel_60009_86_STEI_A1_POST_MSTplus5_33_H2O_SPE_r1_300SA_IATp03_8992,/home/bmeluch/NMDC/nom_processing/miesel_11_8bjf2432/raw/Miesel_60009_QC_SRFAII_20ppm_r1_26Jan23_Alder_300SA_IATp01_8983.zip,"EMSL NOM full profile mass spectrometry, negative",12T FT-ICR MS,EMSL,EMSL,2023-01-26T15:50:38Z,,['nmdc:sty-11-8bjf2432']
nmdc:procsm-11-3jfvpy40,/home/bmeluch/NMDC/nom_processing/miesel_11_8bjf2432/raw/Miesel_60009_01_ABBY_A_PRE_Met_SPE_r2_300SA_IATp03_9559.zip,/home/bmeluch/NMDC/nom_processing/miesel_11_8bjf2432/processed_20260513/Miesel_60009_01_ABBY_A_PRE_Met_SPE_r2_300SA_IATp03_9559,/home/bmeluch/NMDC/nom_processing/miesel_11_8bjf2432/raw/Miesel_60009_QC_SRFAII_20ppm_30Jan23_Fir_300SA_IATp01_9389.zip,"EMSL NOM full profile mass spectrometry, negative",12T FT-ICR MS,EMSL,EMSL,2023-02-11T21:57:39Z,,['nmdc:sty-11-8bjf2432']
nmdc:procsm-11-phehan07,/home/bmeluch/NMDC/nom_processing/miesel_11_8bjf2432/raw/Miesel_60009_66_BLAN_Ap1_POST_MSTplus5_33_Met_SPE_r2_300SA_IATp03_9558.zip,/home/bmeluch/NMDC/nom_processing/miesel_11_8bjf2432/processed_20260513/Miesel_60009_66_BLAN_Ap1_POST_MSTplus5_33_Met_SPE_r2_300SA_IATp03_9558,/home/bmeluch/NMDC/nom_processing/miesel_11_8bjf2432/raw/Miesel_60009_QC_SRFAII_20ppm_30Jan23_Fir_300SA_IATp01_9389.zip,"EMSL NOM full profile mass spectrometry, negative",12T FT-ICR MS,EMSL,EMSL,2023-02-11T21:37:11Z,,['nmdc:sty-11-8bjf2432']
nmdc:procsm-11-ezxmyq45,/home/bmeluch/NMDC/nom_processing/miesel_11_8bjf2432/raw/Miesel_60009_10_GRSM_A_PRE_Met_SPE_r2_300SA_IATp03_9560.zip,/home/bmeluch/NMDC/nom_processing/miesel_11_8bjf2432/processed_20260513/Miesel_60009_10_GRSM_A_PRE_Met_SPE_r2_300SA_IATp03_9560,/home/bmeluch/NMDC/nom_processing/miesel_11_8bjf2432/raw/Miesel_60009_QC_SRFAII_20ppm_30Jan23_Fir_300SA_IATp01_9389.zip,"EMSL NOM full profile mass spectrometry, negative",12T FT-ICR MS,EMSL,EMSL,2023-02-11T22:18:07Z,,['nmdc:sty-11-8bjf2432']
nmdc:procsm-11-9mwajt12,/home/bmeluch/NMDC/nom_processing/miesel_11_8bjf2432/raw/Miesel_60009_77_MLBS_A_POST_MSTplus5_33_Met_SPE_r2_300SA_IATp03_9622.zip,/home/bmeluch/NMDC/nom_processing/miesel_11_8bjf2432/processed_20260513/Miesel_60009_77_MLBS_A_POST_MSTplus5_33_Met_SPE_r2_300SA_IATp03_9622,/home/bmeluch/NMDC/nom_processing/miesel_11_8bjf2432/raw/Miesel_60009_QC_SRFAII_20ppm_10Feb23_Fir_300SA_IATp01_9617.zip,"EMSL NOM full profile mass spectrometry, negative",12T FT-ICR MS,EMSL,EMSL,2023-02-12T19:27:03Z,,['nmdc:sty-11-8bjf2432']
nmdc:procsm-11-hhph5z83,/home/bmeluch/NMDC/nom_processing/miesel_11_8bjf2432/raw/Miesel_60009_59_STEI_A1_POST_MST_33_Met_SPE_r2_300SA_IATp03_9574.zip,/home/bmeluch/NMDC/nom_processing/miesel_11_8bjf2432/processed_20260513/Miesel_60009_59_STEI_A1_POST_MST_33_Met_SPE_r2_300SA_IATp03_9574,/home/bmeluch/NMDC/nom_processing/miesel_11_8bjf2432/raw/Miesel_60009_QC_SRFAII_20ppm_30Jan23_Fir_300SA_IATp01_9389.zip,"EMSL NOM full profile mass spectrometry, negative",12T FT-ICR MS,EMSL,EMSL,2023-02-12T03:04:39Z,,['nmdc:sty-11-8bjf2432']
nmdc:procsm-11-eskad315,/home/bmeluch/NMDC/nom_processing/miesel_11_8bjf2432/raw/Miesel_60009_56_SERC_A_POST_MST_33_Met_SPE_r1_300SA_IATp03_9284.zip,/home/bmeluch/NMDC/nom_processing/miesel_11_8bjf2432/processed_20260513/Miesel_60009_56_SERC_A_POST_MST_33_Met_SPE_r1_300SA_IATp03_9284,/home/bmeluch/NMDC/nom_processing/miesel_11_8bjf2432/raw/Miesel_60009_QC_SRFAII_20ppm_30Jan23_Fir_300SA_IATp01_9266.zip,"EMSL NOM full profile mass spectrometry, negative",12T FT-ICR MS,EMSL,EMSL,2023-01-31T03:15:04Z,,['nmdc:sty-11-8bjf2432']
nmdc:procsm-11-k196kc79,/home/bmeluch/NMDC/nom_processing/miesel_11_8bjf2432/raw/Miesel_60009_73_GRSM_A_POST_MSTplus5_33_H2O_SPE_r2_28Jan23_Fir_300SA_IATp03_9144.zip,/home/bmeluch/NMDC/nom_processing/miesel_11_8bjf2432/processed_20260513/Miesel_60009_73_GRSM_A_POST_MSTplus5_33_H2O_SPE_r2_28Jan23_Fir_300SA_IATp03_9144,/home/bmeluch/NMDC/nom_processing/miesel_11_8bjf2432/raw/Miesel_60009_QC_SRFAII_20ppm_r2_28Jan23_Fir_300SA_IATp01_9140.zip,"EMSL NOM full profile mass spectrometry, negative",12T FT-ICR MS,EMSL,EMSL,2023-01-28T23:46:18Z,,['nmdc:sty-11-8bjf2432']
nmdc:procsm-11-t0q68b14,/home/bmeluch/NMDC/nom_processing/miesel_11_8bjf2432/raw/Miesel_60009_21_SJER_A_PRE_H2O_SPE_r2_28Jan23_Fir_300SA_IATp03_9137.zip,/home/bmeluch/NMDC/nom_processing/miesel_11_8bjf2432/processed_20260513/Miesel_60009_21_SJER_A_PRE_H2O_SPE_r2_28Jan23_Fir_300SA_IATp03_9137,/home/bmeluch/NMDC/nom_processing/miesel_11_8bjf2432/raw/Miesel_60009_QC_SRFAII_20ppm_r2_28Jan23_Fir_300SA_IATp01_9108.zip,"EMSL NOM full profile mass spectrometry, negative",12T FT-ICR MS,EMSL,EMSL,2023-01-28T21:12:32Z,,['nmdc:sty-11-8bjf2432']
nmdc:procsm-11-d0616538,/home/bmeluch/NMDC/nom_processing/miesel_11_8bjf2432/raw/Miesel_60009_04_BONA_Oea_PRE_Met_SPE_r2_300SA_IATp03_9596.zip,/home/bmeluch/NMDC/nom_processing/miesel_11_8bjf2432/processed_20260513/Miesel_60009_04_BONA_Oea_PRE_Met_SPE_r2_300SA_IATp03_9596,/home/bmeluch/NMDC/nom_processing/miesel_11_8bjf2432/raw/Miesel_60009_QC_SRFAII_20ppm_10Feb23_Fir_300SA_IATp01_9585.zip,"EMSL NOM full profile mass spectrometry, negative",12T FT-ICR MS,EMSL,EMSL,2023-02-12T10:34:55Z,,['nmdc:sty-11-8bjf2432']
nmdc:procsm-11-6tscdw68,/home/bmeluch/NMDC/nom_processing/miesel_11_8bjf2432/raw/Miesel_60009_61_TREE_A1_POST_MST_33_H2O_SPE_r2_28Jan23_Fir_300SA_IATp03_9122.zip,/home/bmeluch/NMDC/nom_processing/miesel_11_8bjf2432/processed_20260513/Miesel_60009_61_TREE_A1_POST_MST_33_H2O_SPE_r2_28Jan23_Fir_300SA_IATp03_9122,/home/bmeluch/NMDC/nom_processing/miesel_11_8bjf2432/raw/Miesel_60009_QC_SRFAII_20ppm_r2_28Jan23_Fir_300SA_IATp01_9108.zip,"EMSL NOM full profile mass spectrometry, negative",12T FT-ICR MS,EMSL,EMSL,2023-01-28T15:43:02Z,,['nmdc:sty-11-8bjf2432']
nmdc:procsm-11-wc5t4768,/home/bmeluch/NMDC/nom_processing/miesel_11_8bjf2432/raw/Miesel_60009_24_TALL_A1_PRE_H2O_SPE_r1_26Jan23_Alder_300SA_IATp03_9043.zip,/home/bmeluch/NMDC/nom_processing/miesel_11_8bjf2432/processed_20260513/Miesel_60009_24_TALL_A1_PRE_H2O_SPE_r1_26Jan23_Alder_300SA_IATp03_9043,/home/bmeluch/NMDC/nom_processing/miesel_11_8bjf2432/raw/Miesel_60009_QC_SRFAII_20ppm_r1_26Jan23_Alder_300SA_IATp01_9014.zip,"EMSL NOM full profile mass spectrometry, negative",12T FT-ICR MS,EMSL,EMSL,2023-01-27T10:30:56Z,,['nmdc:sty-11-8bjf2432']
nmdc:procsm-11-eskad315,/home/bmeluch/NMDC/nom_processing/miesel_11_8bjf2432/raw/Miesel_60009_56_SERC_A_POST_MST_33_Met_SPE_r2_300SA_IATp03_9594.zip,/home/bmeluch/NMDC/nom_processing/miesel_11_8bjf2432/processed_20260513/Miesel_60009_56_SERC_A_POST_MST_33_Met_SPE_r2_300SA_IATp03_9594,/home/bmeluch/NMDC/nom_processing/miesel_11_8bjf2432/raw/Miesel_60009_QC_SRFAII_20ppm_10Feb23_Fir_300SA_IATp01_9585.zip,"EMSL NOM full profile mass spectrometry, negative",12T FT-ICR MS,EMSL,EMSL,2023-02-12T09:53:59Z,,['nmdc:sty-11-8bjf2432']
nmdc:procsm-11-224gja14,/home/bmeluch/NMDC/nom_processing/miesel_11_8bjf2432/raw/Miesel_60009_19_RMNP_A1_PRE_H2O_SPE_r1_26Jan23_Alder_300SA_IATp03_9032.zip,/home/bmeluch/NMDC/nom_processing/miesel_11_8bjf2432/processed_20260513/Miesel_60009_19_RMNP_A1_PRE_H2O_SPE_r1_26Jan23_Alder_300SA_IATp03_9032,/home/bmeluch/NMDC/nom_processing/miesel_11_8bjf2432/raw/Miesel_60009_QC_SRFAII_20ppm_r1_26Jan23_Alder_300SA_IATp01_9014.zip,"EMSL NOM full profile mass spectrometry, negative",12T FT-ICR MS,EMSL,EMSL,2023-01-27T06:29:18Z,,['nmdc:sty-11-8bjf2432']
nmdc:procsm-11-5tz0h672,/home/bmeluch/NMDC/nom_processing/miesel_11_8bjf2432/raw/Miesel_60009_89_UNDE_A_POST_MSTplus5_33_H2O_SPE_r2_28Jan23_Fir_300SA_IATp03_9124.zip,/home/bmeluch/NMDC/nom_processing/miesel_11_8bjf2432/processed_20260513/Miesel_60009_89_UNDE_A_POST_MSTplus5_33_H2O_SPE_r2_28Jan23_Fir_300SA_IATp03_9124,/home/bmeluch/NMDC/nom_processing/miesel_11_8bjf2432/raw/Miesel_60009_QC_SRFAII_20ppm_r2_28Jan23_Fir_300SA_IATp01_9108.zip,"EMSL NOM full profile mass spectrometry, negative",12T FT-ICR MS,EMSL,EMSL,2023-01-28T16:26:58Z,,['nmdc:sty-11-8bjf2432']
nmdc:procsm-11-k196kc79,/home/bmeluch/NMDC/nom_processing/miesel_11_8bjf2432/raw/Miesel_60009_73_GRSM_A_POST_MSTplus5_33_H2O_SPE_r1_300SA_IATp03_9064.zip,/home/bmeluch/NMDC/nom_processing/miesel_11_8bjf2432/processed_20260513/Miesel_60009_73_GRSM_A_POST_MSTplus5_33_H2O_SPE_r1_300SA_IATp03_9064,/home/bmeluch/NMDC/nom_processing/miesel_11_8bjf2432/raw/Miesel_60009_QC_SRFAII_20ppm_r1_26Jan23_Alder_300SA_IATp01_9044.zip,"EMSL NOM full profile mass spectrometry, negative",12T FT-ICR MS,EMSL,EMSL,2023-01-27T18:28:58Z,,['nmdc:sty-11-8bjf2432']
nmdc:procsm-11-25cjhy07,/home/bmeluch/NMDC/nom_processing/miesel_11_8bjf2432/raw/Miesel_60009_54_OSBS_A_POST_MST_33_Met_SPE_r1_300SA_IATp03_9253.zip,/home/bmeluch/NMDC/nom_processing/miesel_11_8bjf2432/processed_20260513/Miesel_60009_54_OSBS_A_POST_MST_33_Met_SPE_r1_300SA_IATp03_9253,/home/bmeluch/NMDC/nom_processing/miesel_11_8bjf2432/raw/Miesel_60009_QC_SRFAII_20ppm_30Jan23_Fir_300SA_IATp01_9235.zip,"EMSL NOM full profile mass spectrometry, negative",12T FT-ICR MS,EMSL,EMSL,2023-01-30T15:54:06Z,,['nmdc:sty-11-8bjf2432']
nmdc:procsm-11-cf3tgk77,/home/bmeluch/NMDC/nom_processing/miesel_11_8bjf2432/raw/Miesel_60009_23_STEI_A1_PRE_Met_SPE_r2_300SA_IATp03_9623.zip,/home/bmeluch/NMDC/nom_processing/miesel_11_8bjf2432/processed_20260513/Miesel_60009_23_STEI_A1_PRE_Met_SPE_r2_300SA_IATp03_9623,/home/bmeluch/NMDC/nom_processing/miesel_11_8bjf2432/raw/Miesel_60009_QC_SRFAII_20ppm_10Feb23_Fir_300SA_IATp01_9617.zip,"EMSL NOM full profile mass spectrometry, negative",12T FT-ICR MS,EMSL,EMSL,2023-02-12T19:47:31Z,,['nmdc:sty-11-8bjf2432']
nmdc:procsm-11-4q7v8q16,/home/bmeluch/NMDC/nom_processing/miesel_11_8bjf2432/raw/Miesel_60009_50_MLBS_A_POST_MST_33_H2O_SPE_r1_26Jan23_Alder_300SA_IATp03_9001.zip,/home/bmeluch/NMDC/nom_processing/miesel_11_8bjf2432/processed_20260513/Miesel_60009_50_MLBS_A_POST_MST_33_H2O_SPE_r1_26Jan23_Alder_300SA_IATp03_9001,/home/bmeluch/NMDC/nom_processing/miesel_11_8bjf2432/raw/Miesel_60009_QC_SRFAII_20ppm_r1_26Jan23_Alder_300SA_IATp01_8983.zip,"EMSL NOM full profile mass spectrometry, negative",12T FT-ICR MS,EMSL,EMSL,2023-01-26T19:08:20Z,,['nmdc:sty-11-8bjf2432']
nmdc:procsm-11-ggkffz73,/home/bmeluch/NMDC/nom_processing/miesel_11_8bjf2432/raw/Miesel_60009_18_OSBS_A_PRE_Met_SPE_r1_30Jan23_Fir_300SA_IATp03_9191.zip,/home/bmeluch/NMDC/nom_processing/miesel_11_8bjf2432/processed_20260513/Miesel_60009_18_OSBS_A_PRE_Met_SPE_r1_30Jan23_Fir_300SA_IATp03_9191,/home/bmeluch/NMDC/nom_processing/miesel_11_8bjf2432/raw/Miesel_60009_QC_SRFAII_20ppm_r2_28Jan23_Fir_300SA_IATp01_9168.zip,"EMSL NOM full profile mass spectrometry, negative",12T FT-ICR MS,EMSL,EMSL,2023-01-29T16:58:44Z,,['nmdc:sty-11-8bjf2432']
nmdc:procsm-11-vgqh8k60,/home/bmeluch/NMDC/nom_processing/miesel_11_8bjf2432/raw/Miesel_60009_03_BLAN_Ap1_PRE_H2O_SPE_r1_26Jan23_Alder_300SA_IATp03_9027.zip,/home/bmeluch/NMDC/nom_processing/miesel_11_8bjf2432/processed_20260513/Miesel_60009_03_BLAN_Ap1_PRE_H2O_SPE_r1_26Jan23_Alder_300SA_IATp03_9027,/home/bmeluch/NMDC/nom_processing/miesel_11_8bjf2432/raw/Miesel_60009_QC_SRFAII_20ppm_r1_26Jan23_Alder_300SA_IATp01_9014.zip,"EMSL NOM full profile mass spectrometry, negative",12T FT-ICR MS,EMSL,EMSL,2023-01-27T04:39:28Z,,['nmdc:sty-11-8bjf2432']
nmdc:procsm-11-fc41dz43,/home/bmeluch/NMDC/nom_processing/miesel_11_8bjf2432/raw/Miesel_60009_52_NGPR_A_POST_MST_33_Met_SPE_r2_300SA_IATp03_9613.zip,/home/bmeluch/NMDC/nom_processing/miesel_11_8bjf2432/processed_20260513/Miesel_60009_52_NGPR_A_POST_MST_33_Met_SPE_r2_300SA_IATp03_9613,/home/bmeluch/NMDC/nom_processing/miesel_11_8bjf2432/raw/Miesel_60009_QC_SRFAII_20ppm_10Feb23_Fir_300SA_IATp01_9585.zip,"EMSL NOM full profile mass spectrometry, negative",12T FT-ICR MS,EMSL,EMSL,2023-02-12T16:22:51Z,,['nmdc:sty-11-8bjf2432']
nmdc:procsm-11-03pr5h14,/home/bmeluch/NMDC/nom_processing/miesel_11_8bjf2432/raw/Miesel_60009_80_NIWO_A_POST_MSTplus5_33_H2O_SPE_r2_28Jan23_Fir_300SA_IATp03_9110.zip,/home/bmeluch/NMDC/nom_processing/miesel_11_8bjf2432/processed_20260513/Miesel_60009_80_NIWO_A_POST_MSTplus5_33_H2O_SPE_r2_28Jan23_Fir_300SA_IATp03_9110,/home/bmeluch/NMDC/nom_processing/miesel_11_8bjf2432/raw/Miesel_60009_QC_SRFAII_20ppm_r2_28Jan23_Fir_300SA_IATp01_9108.zip,"EMSL NOM full profile mass spectrometry, negative",12T FT-ICR MS,EMSL,EMSL,2023-01-28T11:19:26Z,,['nmdc:sty-11-8bjf2432']
nmdc:procsm-11-8yp8me58,/home/bmeluch/NMDC/nom_processing/miesel_11_8bjf2432/raw/Miesel_60009_84_SJER_A_POST_MSTplus5_33_H2O_SPE_r1_300SA_IATp03_8998.zip,/home/bmeluch/NMDC/nom_processing/miesel_11_8bjf2432/processed_20260513/Miesel_60009_84_SJER_A_POST_MSTplus5_33_H2O_SPE_r1_300SA_IATp03_8998,/home/bmeluch/NMDC/nom_processing/miesel_11_8bjf2432/raw/Miesel_60009_QC_SRFAII_20ppm_r1_26Jan23_Alder_300SA_IATp01_8983.zip,"EMSL NOM full profile mass spectrometry, negative",12T FT-ICR MS,EMSL,EMSL,2023-01-26T18:02:26Z,,['nmdc:sty-11-8bjf2432']
nmdc:procsm-11-cm35jb20,/home/bmeluch/NMDC/nom_processing/miesel_11_8bjf2432/raw/Miesel_60009_55_RMNP_A1_POST_MST_33_Met_SPE_r2_300SA_IATp03_9577.zip,/home/bmeluch/NMDC/nom_processing/miesel_11_8bjf2432/processed_20260513/Miesel_60009_55_RMNP_A1_POST_MST_33_Met_SPE_r2_300SA_IATp03_9577,/home/bmeluch/NMDC/nom_processing/miesel_11_8bjf2432/raw/Miesel_60009_QC_SRFAII_20ppm_30Jan23_Fir_300SA_IATp01_9389.zip,"EMSL NOM full profile mass spectrometry, negative",12T FT-ICR MS,EMSL,EMSL,2023-02-12T04:06:03Z,,['nmdc:sty-11-8bjf2432']
nmdc:procsm-11-3njd4h12,/home/bmeluch/NMDC/nom_processing/miesel_11_8bjf2432/raw/Miesel_60009_62_UNDE_A_POST_MST_33_Met_SPE_r1_300SA_IATp03_9256.zip,/home/bmeluch/NMDC/nom_processing/miesel_11_8bjf2432/processed_20260513/Miesel_60009_62_UNDE_A_POST_MST_33_Met_SPE_r1_300SA_IATp03_9256,/home/bmeluch/NMDC/nom_processing/miesel_11_8bjf2432/raw/Miesel_60009_QC_SRFAII_20ppm_30Jan23_Fir_300SA_IATp01_9235.zip,"EMSL NOM full profile mass spectrometry, negative",12T FT-ICR MS,EMSL,EMSL,2023-01-30T17:00:00Z,,['nmdc:sty-11-8bjf2432']
nmdc:procsm-11-5jqe1234,/home/bmeluch/NMDC/nom_processing/miesel_11_8bjf2432/raw/Miesel_60009_63_WREF_A1_POST_MST_33_Met_SPE_r2_300SA_IATp03_9612.zip,/home/bmeluch/NMDC/nom_processing/miesel_11_8bjf2432/processed_20260513/Miesel_60009_63_WREF_A1_POST_MST_33_Met_SPE_r2_300SA_IATp03_9612,/home/bmeluch/NMDC/nom_processing/miesel_11_8bjf2432/raw/Miesel_60009_QC_SRFAII_20ppm_10Feb23_Fir_300SA_IATp01_9585.zip,"EMSL NOM full profile mass spectrometry, negative",12T FT-ICR MS,EMSL,EMSL,2023-02-12T16:02:23Z,,['nmdc:sty-11-8bjf2432']
nmdc:procsm-11-jver3e41,/home/bmeluch/NMDC/nom_processing/miesel_11_8bjf2432/raw/Miesel_60009_69_CPER_A1_POST_MSTplus5_33_H2O_SPE_r2_300SA_IATp03_9153.zip,/home/bmeluch/NMDC/nom_processing/miesel_11_8bjf2432/processed_20260513/Miesel_60009_69_CPER_A1_POST_MSTplus5_33_H2O_SPE_r2_300SA_IATp03_9153,/home/bmeluch/NMDC/nom_processing/miesel_11_8bjf2432/raw/Miesel_60009_QC_SRFAII_20ppm_r2_28Jan23_Fir_300SA_IATp01_9140.zip,"EMSL NOM full profile mass spectrometry, negative",12T FT-ICR MS,EMSL,EMSL,2023-01-29T03:04:00Z,,['nmdc:sty-11-8bjf2432']
nmdc:procsm-11-wr2df567,/home/bmeluch/NMDC/nom_processing/miesel_11_8bjf2432/raw/Miesel_60009_72_DSNY_A_POST_MSTplus5_33_Met_SPE_r2_300SA_IATp03_9626.zip,/home/bmeluch/NMDC/nom_processing/miesel_11_8bjf2432/processed_20260513/Miesel_60009_72_DSNY_A_POST_MSTplus5_33_Met_SPE_r2_300SA_IATp03_9626,/home/bmeluch/NMDC/nom_processing/miesel_11_8bjf2432/raw/Miesel_60009_QC_SRFAII_20ppm_10Feb23_Fir_300SA_IATp01_9617.zip,"EMSL NOM full profile mass spectrometry, negative",12T FT-ICR MS,EMSL,EMSL,2023-02-12T20:48:55Z,,['nmdc:sty-11-8bjf2432']
nmdc:procsm-11-9ss70n49,/home/bmeluch/NMDC/nom_processing/miesel_11_8bjf2432/raw/Miesel_60009_60_TALL_A1_POST_MST_33_H2O_SPE_r1_26Jan23_Alder_300SA_IATp03_9037.zip,/home/bmeluch/NMDC/nom_processing/miesel_11_8bjf2432/processed_20260513/Miesel_60009_60_TALL_A1_POST_MST_33_H2O_SPE_r1_26Jan23_Alder_300SA_IATp03_9037,/home/bmeluch/NMDC/nom_processing/miesel_11_8bjf2432/raw/Miesel_60009_QC_SRFAII_20ppm_r1_26Jan23_Alder_300SA_IATp01_9014.zip,"EMSL NOM full profile mass spectrometry, negative",12T FT-ICR MS,EMSL,EMSL,2023-01-27T08:19:07Z,,['nmdc:sty-11-8bjf2432']
nmdc:procsm-11-ezxmyq45,/home/bmeluch/NMDC/nom_processing/miesel_11_8bjf2432/raw/Miesel_60009_10_GRSM_A_PRE_Met_SPE_r1_30Jan23_Fir_300SA_IATp03_9180.zip,/home/bmeluch/NMDC/nom_processing/miesel_11_8bjf2432/processed_20260513/Miesel_60009_10_GRSM_A_PRE_Met_SPE_r1_30Jan23_Fir_300SA_IATp03_9180,/home/bmeluch/NMDC/nom_processing/miesel_11_8bjf2432/raw/Miesel_60009_QC_SRFAII_20ppm_r2_28Jan23_Fir_300SA_IATp01_9168.zip,"EMSL NOM full profile mass spectrometry, negative",12T FT-ICR MS,EMSL,EMSL,2023-01-29T12:57:06Z,,['nmdc:sty-11-8bjf2432']
nmdc:procsm-11-nkfjmz31,/home/bmeluch/NMDC/nom_processing/miesel_11_8bjf2432/raw/Miesel_60009_64_ABBY_A_POST_MSTplus5_33_H2O_SPE_r2_300SA_IATp03_9086.zip,/home/bmeluch/NMDC/nom_processing/miesel_11_8bjf2432/processed_20260513/Miesel_60009_64_ABBY_A_POST_MSTplus5_33_H2O_SPE_r2_300SA_IATp03_9086,/home/bmeluch/NMDC/nom_processing/miesel_11_8bjf2432/raw/Miesel_60009_QC_SRFAII_20ppm_r1_26Jan23_Alder_300SA_IATp01_9076.zip,"EMSL NOM full profile mass spectrometry, negative",12T FT-ICR MS,EMSL,EMSL,2023-01-28T02:32:14Z,,['nmdc:sty-11-8bjf2432']
nmdc:procsm-11-h193hq33,/home/bmeluch/NMDC/nom_processing/miesel_11_8bjf2432/raw/Miesel_60009_81_OSBS_A_POST_MSTplus5_33_Met_SPE_r2_300SA_IATp03_9568.zip,/home/bmeluch/NMDC/nom_processing/miesel_11_8bjf2432/processed_20260513/Miesel_60009_81_OSBS_A_POST_MSTplus5_33_Met_SPE_r2_300SA_IATp03_9568,/home/bmeluch/NMDC/nom_processing/miesel_11_8bjf2432/raw/Miesel_60009_QC_SRFAII_20ppm_30Jan23_Fir_300SA_IATp01_9389.zip,"EMSL NOM full profile mass spectrometry, negative",12T FT-ICR MS,EMSL,EMSL,2023-02-12T01:01:51Z,,['nmdc:sty-11-8bjf2432']
nmdc:procsm-11-ggkffz73,/home/bmeluch/NMDC/nom_processing/miesel_11_8bjf2432/raw/Miesel_60009_18_OSBS_A_PRE_Met_SPE_r2_300SA_IATp03_9589.zip,/home/bmeluch/NMDC/nom_processing/miesel_11_8bjf2432/processed_20260513/Miesel_60009_18_OSBS_A_PRE_Met_SPE_r2_300SA_IATp03_9589,/home/bmeluch/NMDC/nom_processing/miesel_11_8bjf2432/raw/Miesel_60009_QC_SRFAII_20ppm_10Feb23_Fir_300SA_IATp01_9585.zip,"EMSL NOM full profile mass spectrometry, negative",12T FT-ICR MS,EMSL,EMSL,2023-02-12T08:11:39Z,,['nmdc:sty-11-8bjf2432']
nmdc:procsm-11-dp4jwk58,/home/bmeluch/NMDC/nom_processing/miesel_11_8bjf2432/raw/Miesel_60009_04_BONA_Oea_PRE_H2O_SPE_r1_26Jan23_Alder_300SA_IATp03_9004.zip,/home/bmeluch/NMDC/nom_processing/miesel_11_8bjf2432/processed_20260513/Miesel_60009_04_BONA_Oea_PRE_H2O_SPE_r1_26Jan23_Alder_300SA_IATp03_9004,/home/bmeluch/NMDC/nom_processing/miesel_11_8bjf2432/raw/Miesel_60009_QC_SRFAII_20ppm_r1_26Jan23_Alder_300SA_IATp01_8983.zip,"EMSL NOM full profile mass spectrometry, negative",12T FT-ICR MS,EMSL,EMSL,2023-01-26T20:14:14Z,,['nmdc:sty-11-8bjf2432']
nmdc:procsm-11-xn2qrr11,/home/bmeluch/NMDC/nom_processing/miesel_11_8bjf2432/raw/Miesel_60009_85_SOAP_A_POST_MSTplus5_33_H2O_SPE_r2_28Jan23_Fir_300SA_IATp03_9166.zip,/home/bmeluch/NMDC/nom_processing/miesel_11_8bjf2432/processed_20260513/Miesel_60009_85_SOAP_A_POST_MSTplus5_33_H2O_SPE_r2_28Jan23_Fir_300SA_IATp03_9166,/home/bmeluch/NMDC/nom_processing/miesel_11_8bjf2432/raw/Miesel_60009_QC_SRFAII_20ppm_r2_28Jan23_Fir_300SA_IATp01_9140.zip,"EMSL NOM full profile mass spectrometry, negative",12T FT-ICR MS,EMSL,EMSL,2023-01-29T07:49:34Z,,['nmdc:sty-11-8bjf2432']
nmdc:procsm-11-4a01h476,/home/bmeluch/NMDC/nom_processing/miesel_11_8bjf2432/raw/Miesel_60009_76_KONZ_A1_POST_MSTplus5_33_H2O_SPE_r1_300SA_IATp03_9065.zip,/home/bmeluch/NMDC/nom_processing/miesel_11_8bjf2432/processed_20260513/Miesel_60009_76_KONZ_A1_POST_MSTplus5_33_H2O_SPE_r1_300SA_IATp03_9065,/home/bmeluch/NMDC/nom_processing/miesel_11_8bjf2432/raw/Miesel_60009_QC_SRFAII_20ppm_r1_26Jan23_Alder_300SA_IATp01_9044.zip,"EMSL NOM full profile mass spectrometry, negative",12T FT-ICR MS,EMSL,EMSL,2023-01-27T18:50:56Z,,['nmdc:sty-11-8bjf2432']
nmdc:procsm-11-4q2ctk72,/home/bmeluch/NMDC/nom_processing/miesel_11_8bjf2432/raw/Miesel_60009_60_TALL_A1_POST_MST_33_Met_SPE_r2_300SA_IATp03_9600.zip,/home/bmeluch/NMDC/nom_processing/miesel_11_8bjf2432/processed_20260513/Miesel_60009_60_TALL_A1_POST_MST_33_Met_SPE_r2_300SA_IATp03_9600,/home/bmeluch/NMDC/nom_processing/miesel_11_8bjf2432/raw/Miesel_60009_QC_SRFAII_20ppm_10Feb23_Fir_300SA_IATp01_9585.zip,"EMSL NOM full profile mass spectrometry, negative",12T FT-ICR MS,EMSL,EMSL,2023-02-12T11:56:47Z,,['nmdc:sty-11-8bjf2432']
nmdc:procsm-11-3njd4h12,/home/bmeluch/NMDC/nom_processing/miesel_11_8bjf2432/raw/Miesel_60009_62_UNDE_A_POST_MST_33_Met_SPE_r2_300SA_IATp03_9634.zip,/home/bmeluch/NMDC/nom_processing/miesel_11_8bjf2432/processed_20260513/Miesel_60009_62_UNDE_A_POST_MST_33_Met_SPE_r2_300SA_IATp03_9634,/home/bmeluch/NMDC/nom_processing/miesel_11_8bjf2432/raw/Miesel_60009_QC_SRFAII_20ppm_10Feb23_Fir_300SA_IATp01_9617.zip,"EMSL NOM full profile mass spectrometry, negative",12T FT-ICR MS,EMSL,EMSL,2023-02-12T23:32:39Z,,['nmdc:sty-11-8bjf2432']
nmdc:procsm-11-p0b27m59,/home/bmeluch/NMDC/nom_processing/miesel_11_8bjf2432/raw/Miesel_60009_18_OSBS_A_PRE_H2O_SPE_r1_26Jan23_Alder_300SA_IATp03_9054.zip,/home/bmeluch/NMDC/nom_processing/miesel_11_8bjf2432/processed_20260513/Miesel_60009_18_OSBS_A_PRE_H2O_SPE_r1_26Jan23_Alder_300SA_IATp03_9054,/home/bmeluch/NMDC/nom_processing/miesel_11_8bjf2432/raw/Miesel_60009_QC_SRFAII_20ppm_r1_26Jan23_Alder_300SA_IATp01_9044.zip,"EMSL NOM full profile mass spectrometry, negative",12T FT-ICR MS,EMSL,EMSL,2023-01-27T14:49:18Z,,['nmdc:sty-11-8bjf2432']
nmdc:procsm-11-z4tpze78,/home/bmeluch/NMDC/nom_processing/miesel_11_8bjf2432/raw/Miesel_60009_68_CLBJ_A1_POST_MSTplus5_33_Met_SPE_r1_300SA_IATp03_9254.zip,/home/bmeluch/NMDC/nom_processing/miesel_11_8bjf2432/processed_20260513/Miesel_60009_68_CLBJ_A1_POST_MSTplus5_33_Met_SPE_r1_300SA_IATp03_9254,/home/bmeluch/NMDC/nom_processing/miesel_11_8bjf2432/raw/Miesel_60009_QC_SRFAII_20ppm_30Jan23_Fir_300SA_IATp01_9235.zip,"EMSL NOM full profile mass spectrometry, negative",12T FT-ICR MS,EMSL,EMSL,2023-01-30T16:16:04Z,,['nmdc:sty-11-8bjf2432']
nmdc:procsm-11-fs3s9r55,/home/bmeluch/NMDC/nom_processing/miesel_11_8bjf2432/raw/Miesel_60009_48_JORN_Ak_POST_MST_33_H2O_SPE_r2_28Jan23_Fir_300SA_IATp03_9112.zip,/home/bmeluch/NMDC/nom_processing/miesel_11_8bjf2432/processed_20260513/Miesel_60009_48_JORN_Ak_POST_MST_33_H2O_SPE_r2_28Jan23_Fir_300SA_IATp03_9112,/home/bmeluch/NMDC/nom_processing/miesel_11_8bjf2432/raw/Miesel_60009_QC_SRFAII_20ppm_r2_28Jan23_Fir_300SA_IATp01_9108.zip,"EMSL NOM full profile mass spectrometry, negative",12T FT-ICR MS,EMSL,EMSL,2023-01-28T12:03:22Z,,['nmdc:sty-11-8bjf2432']
nmdc:procsm-11-30seev04,/home/bmeluch/NMDC/nom_processing/miesel_11_8bjf2432/raw/Miesel_60009_78_MOAB_A_POST_MSTplus5_33_Met_SPE_r1_300SA_IATp03_9295.zip,/home/bmeluch/NMDC/nom_processing/miesel_11_8bjf2432/processed_20260513/Miesel_60009_78_MOAB_A_POST_MSTplus5_33_Met_SPE_r1_300SA_IATp03_9295,/home/bmeluch/NMDC/nom_processing/miesel_11_8bjf2432/raw/Miesel_60009_QC_SRFAII_20ppm_30Jan23_Fir_300SA_IATp01_9266.zip,"EMSL NOM full profile mass spectrometry, negative",12T FT-ICR MS,EMSL,EMSL,2023-01-31T07:16:42Z,,['nmdc:sty-11-8bjf2432']
nmdc:procsm-11-365ara10,/home/bmeluch/NMDC/nom_processing/miesel_11_8bjf2432/raw/Miesel_60009_26_UNDE_A_PRE_H2O_SPE_r2_28Jan23_Fir_300SA_IATp03_9155.zip,/home/bmeluch/NMDC/nom_processing/miesel_11_8bjf2432/processed_20260513/Miesel_60009_26_UNDE_A_PRE_H2O_SPE_r2_28Jan23_Fir_300SA_IATp03_9155,/home/bmeluch/NMDC/nom_processing/miesel_11_8bjf2432/raw/Miesel_60009_QC_SRFAII_20ppm_r2_28Jan23_Fir_300SA_IATp01_9140.zip,"EMSL NOM full profile mass spectrometry, negative",12T FT-ICR MS,EMSL,EMSL,2023-01-29T03:47:56Z,,['nmdc:sty-11-8bjf2432']
nmdc:procsm-11-5x2aby52,/home/bmeluch/NMDC/nom_processing/miesel_11_8bjf2432/raw/Miesel_60009_51_MOAB_A_POST_MST_33_H2O_SPE_r2_28Jan23_Fir_300SA_IATp03_9115.zip,/home/bmeluch/NMDC/nom_processing/miesel_11_8bjf2432/processed_20260513/Miesel_60009_51_MOAB_A_POST_MST_33_H2O_SPE_r2_28Jan23_Fir_300SA_IATp03_9115,/home/bmeluch/NMDC/nom_processing/miesel_11_8bjf2432/raw/Miesel_60009_QC_SRFAII_20ppm_r2_28Jan23_Fir_300SA_IATp01_9108.zip,"EMSL NOM full profile mass spectrometry, negative",12T FT-ICR MS,EMSL,EMSL,2023-01-28T13:09:16Z,,['nmdc:sty-11-8bjf2432']
nmdc:procsm-11-hx4qfa33,/home/bmeluch/NMDC/nom_processing/miesel_11_8bjf2432/raw/Miesel_60009_70_DCFS_A1_POST_MSTplus5_33_H2O_SPE_r1_300SA_IATp03_9074.zip,/home/bmeluch/NMDC/nom_processing/miesel_11_8bjf2432/processed_20260513/Miesel_60009_70_DCFS_A1_POST_MSTplus5_33_H2O_SPE_r1_300SA_IATp03_9074,/home/bmeluch/NMDC/nom_processing/miesel_11_8bjf2432/raw/Miesel_60009_QC_SRFAII_20ppm_r1_26Jan23_Alder_300SA_IATp01_9044.zip,"EMSL NOM full profile mass spectrometry, negative",12T FT-ICR MS,EMSL,EMSL,2023-01-27T22:08:38Z,,['nmdc:sty-11-8bjf2432']
nmdc:procsm-11-zgnqcz39,/home/bmeluch/NMDC/nom_processing/miesel_11_8bjf2432/raw/Miesel_60009_58_SOAP_A_POST_MST_33_Met_SPE_r1_30Jan23_Fir_300SA_IATp03_9242.zip,/home/bmeluch/NMDC/nom_processing/miesel_11_8bjf2432/processed_20260513/Miesel_60009_58_SOAP_A_POST_MST_33_Met_SPE_r1_30Jan23_Fir_300SA_IATp03_9242,/home/bmeluch/NMDC/nom_processing/miesel_11_8bjf2432/raw/Miesel_60009_QC_SRFAII_20ppm_30Jan23_Fir_300SA_IATp01_9235.zip,"EMSL NOM full profile mass spectrometry, negative",12T FT-ICR MS,EMSL,EMSL,2023-01-30T11:52:28Z,,['nmdc:sty-11-8bjf2432']
nmdc:procsm-11-r95hz925,/home/bmeluch/NMDC/nom_processing/miesel_11_8bjf2432/raw/Miesel_60009_69_CPER_A1_POST_MSTplus5_33_Met_SPE_r2_300SA_IATp03_9599.zip,/home/bmeluch/NMDC/nom_processing/miesel_11_8bjf2432/processed_20260513/Miesel_60009_69_CPER_A1_POST_MSTplus5_33_Met_SPE_r2_300SA_IATp03_9599,/home/bmeluch/NMDC/nom_processing/miesel_11_8bjf2432/raw/Miesel_60009_QC_SRFAII_20ppm_10Feb23_Fir_300SA_IATp01_9585.zip,"EMSL NOM full profile mass spectrometry, negative",12T FT-ICR MS,EMSL,EMSL,2023-02-12T11:36:19Z,,['nmdc:sty-11-8bjf2432']
nmdc:procsm-11-3wb93s34,/home/bmeluch/NMDC/nom_processing/miesel_11_8bjf2432/raw/Miesel_60009_12_JORN_Ak_PRE_Met_SPE_r1_300SA_IATp03_9273.zip,/home/bmeluch/NMDC/nom_processing/miesel_11_8bjf2432/processed_20260513/Miesel_60009_12_JORN_Ak_PRE_Met_SPE_r1_300SA_IATp03_9273,/home/bmeluch/NMDC/nom_processing/miesel_11_8bjf2432/raw/Miesel_60009_QC_SRFAII_20ppm_30Jan23_Fir_300SA_IATp01_9266.zip,"EMSL NOM full profile mass spectrometry, negative",12T FT-ICR MS,EMSL,EMSL,2023-01-30T23:13:26Z,,['nmdc:sty-11-8bjf2432']
nmdc:procsm-11-9mwajt12,/home/bmeluch/NMDC/nom_processing/miesel_11_8bjf2432/raw/Miesel_60009_77_MLBS_A_POST_MSTplus5_33_Met_SPE_r1_300SA_IATp03_9388.zip,/home/bmeluch/NMDC/nom_processing/miesel_11_8bjf2432/processed_20260513/Miesel_60009_77_MLBS_A_POST_MSTplus5_33_Met_SPE_r1_300SA_IATp03_9388,/home/bmeluch/NMDC/nom_processing/miesel_11_8bjf2432/raw/Miesel_60009_QC_SRFAII_20ppm_30Jan23_Fir_300SA_IATp01_9360.zip,"EMSL NOM full profile mass spectrometry, negative",12T FT-ICR MS,EMSL,EMSL,2023-02-01T17:19:39Z,,['nmdc:sty-11-8bjf2432']
nmdc:procsm-11-03pr5h14,/home/bmeluch/NMDC/nom_processing/miesel_11_8bjf2432/raw/Miesel_60009_80_NIWO_A_POST_MSTplus5_33_H2O_SPE_r1_300SA_IATp03_9073.zip,/home/bmeluch/NMDC/nom_processing/miesel_11_8bjf2432/processed_20260513/Miesel_60009_80_NIWO_A_POST_MSTplus5_33_H2O_SPE_r1_300SA_IATp03_9073,/home/bmeluch/NMDC/nom_processing/miesel_11_8bjf2432/raw/Miesel_60009_QC_SRFAII_20ppm_r1_26Jan23_Alder_300SA_IATp01_9044.zip,"EMSL NOM full profile mass spectrometry, negative",12T FT-ICR MS,EMSL,EMSL,2023-01-27T21:46:40Z,,['nmdc:sty-11-8bjf2432']
nmdc:procsm-11-z4tpze78,/home/bmeluch/NMDC/nom_processing/miesel_11_8bjf2432/raw/Miesel_60009_68_CLBJ_A1_POST_MSTplus5_33_Met_SPE_r2_300SA_IATp03_9591.zip,/home/bmeluch/NMDC/nom_processing/miesel_11_8bjf2432/processed_20260513/Miesel_60009_68_CLBJ_A1_POST_MSTplus5_33_Met_SPE_r2_300SA_IATp03_9591,/home/bmeluch/NMDC/nom_processing/miesel_11_8bjf2432/raw/Miesel_60009_QC_SRFAII_20ppm_10Feb23_Fir_300SA_IATp01_9585.zip,"EMSL NOM full profile mass spectrometry, negative",12T FT-ICR MS,EMSL,EMSL,2023-02-12T08:52:35Z,,['nmdc:sty-11-8bjf2432']
nmdc:procsm-11-hnk2p352,/home/bmeluch/NMDC/nom_processing/miesel_11_8bjf2432/raw/Miesel_60009_68_CLBJ_A1_POST_MSTplus5_33_H2O_SPE_r1_26Jan23_IATp03_9000.zip,/home/bmeluch/NMDC/nom_processing/miesel_11_8bjf2432/processed_20260513/Miesel_60009_68_CLBJ_A1_POST_MSTplus5_33_H2O_SPE_r1_26Jan23_IATp03_9000,/home/bmeluch/NMDC/nom_processing/miesel_11_8bjf2432/raw/Miesel_60009_QC_SRFAII_20ppm_r1_26Jan23_Alder_300SA_IATp01_8983.zip,"EMSL NOM full profile mass spectrometry, negative",12T FT-ICR MS,EMSL,EMSL,2023-01-26T18:46:22Z,,['nmdc:sty-11-8bjf2432']
nmdc:procsm-11-zxthbb39,/home/bmeluch/NMDC/nom_processing/miesel_11_8bjf2432/raw/Miesel_60009_43_DCFS_A1_POST_MST_33_H2O_SPE_r2_28Jan23_Alder_300SA_IATp03_9080.zip,/home/bmeluch/NMDC/nom_processing/miesel_11_8bjf2432/processed_20260513/Miesel_60009_43_DCFS_A1_POST_MST_33_H2O_SPE_r2_28Jan23_Alder_300SA_IATp03_9080,/home/bmeluch/NMDC/nom_processing/miesel_11_8bjf2432/raw/Miesel_60009_QC_SRFAII_20ppm_r1_26Jan23_Alder_300SA_IATp01_9076.zip,"EMSL NOM full profile mass spectrometry, negative",12T FT-ICR MS,EMSL,EMSL,2023-01-28T00:20:26Z,,['nmdc:sty-11-8bjf2432']
nmdc:procsm-11-g846a662,/home/bmeluch/NMDC/nom_processing/miesel_11_8bjf2432/raw/Miesel_60009_79_NGPR_A_POST_MSTplus5_33_Met_SPE_r2_300SA_IATp03_9567.zip,/home/bmeluch/NMDC/nom_processing/miesel_11_8bjf2432/processed_20260513/Miesel_60009_79_NGPR_A_POST_MSTplus5_33_Met_SPE_r2_300SA_IATp03_9567,/home/bmeluch/NMDC/nom_processing/miesel_11_8bjf2432/raw/Miesel_60009_QC_SRFAII_20ppm_30Jan23_Fir_300SA_IATp01_9389.zip,"EMSL NOM full profile mass spectrometry, negative",12T FT-ICR MS,EMSL,EMSL,2023-02-12T00:41:23Z,,['nmdc:sty-11-8bjf2432']
nmdc:procsm-11-tyf51491,/home/bmeluch/NMDC/nom_processing/miesel_11_8bjf2432/raw/Miesel_60009_24_TALL_A1_PRE_Met_SPE_r1_30Jan23_Fir_300SA_IATp03_9241.zip,/home/bmeluch/NMDC/nom_processing/miesel_11_8bjf2432/processed_20260513/Miesel_60009_24_TALL_A1_PRE_Met_SPE_r1_30Jan23_Fir_300SA_IATp03_9241,/home/bmeluch/NMDC/nom_processing/miesel_11_8bjf2432/raw/Miesel_60009_QC_SRFAII_20ppm_30Jan23_Fir_300SA_IATp01_9235.zip,"EMSL NOM full profile mass spectrometry, negative",12T FT-ICR MS,EMSL,EMSL,2023-01-30T11:30:30Z,,['nmdc:sty-11-8bjf2432']
nmdc:procsm-11-wyptm311,/home/bmeluch/NMDC/nom_processing/miesel_11_8bjf2432/raw/Miesel_60009_87_TALL_A1_POST_MSTplus5_33_H2O_SPE_r1_300SA_IATp03_9058.zip,/home/bmeluch/NMDC/nom_processing/miesel_11_8bjf2432/processed_20260513/Miesel_60009_87_TALL_A1_POST_MSTplus5_33_H2O_SPE_r1_300SA_IATp03_9058,/home/bmeluch/NMDC/nom_processing/miesel_11_8bjf2432/raw/Miesel_60009_QC_SRFAII_20ppm_r1_26Jan23_Alder_300SA_IATp01_9044.zip,"EMSL NOM full profile mass spectrometry, negative",12T FT-ICR MS,EMSL,EMSL,2023-01-27T16:17:10Z,,['nmdc:sty-11-8bjf2432']
nmdc:procsm-11-0fkwa014,/home/bmeluch/NMDC/nom_processing/miesel_11_8bjf2432/raw/Miesel_60009_40_BONA_Oea_POST_MST_33_Met_SPE_r2_300SA_IATp03_9605.zip,/home/bmeluch/NMDC/nom_processing/miesel_11_8bjf2432/processed_20260513/Miesel_60009_40_BONA_Oea_POST_MST_33_Met_SPE_r2_300SA_IATp03_9605,/home/bmeluch/NMDC/nom_processing/miesel_11_8bjf2432/raw/Miesel_60009_QC_SRFAII_20ppm_10Feb23_Fir_300SA_IATp01_9585.zip,"EMSL NOM full profile mass spectrometry, negative",12T FT-ICR MS,EMSL,EMSL,2023-02-12T13:39:07Z,,['nmdc:sty-11-8bjf2432']
nmdc:procsm-11-c1dwcr41,/home/bmeluch/NMDC/nom_processing/miesel_11_8bjf2432/raw/Miesel_60009_73_GRSM_A_POST_MSTplus5_33_Met_SPE_r1_30Jan23_Fir_300SA_IATp03_9237.zip,/home/bmeluch/NMDC/nom_processing/miesel_11_8bjf2432/processed_20260513/Miesel_60009_73_GRSM_A_POST_MSTplus5_33_Met_SPE_r1_30Jan23_Fir_300SA_IATp03_9237,/home/bmeluch/NMDC/nom_processing/miesel_11_8bjf2432/raw/Miesel_60009_QC_SRFAII_20ppm_30Jan23_Fir_300SA_IATp01_9235.zip,"EMSL NOM full profile mass spectrometry, negative",12T FT-ICR MS,EMSL,EMSL,2023-01-30T10:02:38Z,,['nmdc:sty-11-8bjf2432']
nmdc:procsm-11-t4ecfd37,/home/bmeluch/NMDC/nom_processing/miesel_11_8bjf2432/raw/Miesel_60009_11_HEAL_Oae_PRE_H2O_SPE_r1_26Jan23_Alder_300SA_IATp03_8999.zip,/home/bmeluch/NMDC/nom_processing/miesel_11_8bjf2432/processed_20260513/Miesel_60009_11_HEAL_Oae_PRE_H2O_SPE_r1_26Jan23_Alder_300SA_IATp03_8999,/home/bmeluch/NMDC/nom_processing/miesel_11_8bjf2432/raw/Miesel_60009_QC_SRFAII_20ppm_r1_26Jan23_Alder_300SA_IATp01_8983.zip,"EMSL NOM full profile mass spectrometry, negative",12T FT-ICR MS,EMSL,EMSL,2023-01-26T18:24:24Z,,['nmdc:sty-11-8bjf2432']
nmdc:procsm-11-wyptm311,/home/bmeluch/NMDC/nom_processing/miesel_11_8bjf2432/raw/Miesel_60009_87_TALL_A1_POST_MSTplus5_33_H2O_SPE_r2_300SA_IATp03_9146.zip,/home/bmeluch/NMDC/nom_processing/miesel_11_8bjf2432/processed_20260513/Miesel_60009_87_TALL_A1_POST_MSTplus5_33_H2O_SPE_r2_300SA_IATp03_9146,/home/bmeluch/NMDC/nom_processing/miesel_11_8bjf2432/raw/Miesel_60009_QC_SRFAII_20ppm_r2_28Jan23_Fir_300SA_IATp01_9140.zip,"EMSL NOM full profile mass spectrometry, negative",12T FT-ICR MS,EMSL,EMSL,2023-01-29T00:30:14Z,,['nmdc:sty-11-8bjf2432']
nmdc:procsm-11-hq4b5m08,/home/bmeluch/NMDC/nom_processing/miesel_11_8bjf2432/raw/Miesel_60009_06_CPER_A1_PRE_H2O_SPE_r2_28Jan23_Fir_300SA_IATp03_9120.zip,/home/bmeluch/NMDC/nom_processing/miesel_11_8bjf2432/processed_20260513/Miesel_60009_06_CPER_A1_PRE_H2O_SPE_r2_28Jan23_Fir_300SA_IATp03_9120,/home/bmeluch/NMDC/nom_processing/miesel_11_8bjf2432/raw/Miesel_60009_QC_SRFAII_20ppm_r2_28Jan23_Fir_300SA_IATp01_9108.zip,"EMSL NOM full profile mass spectrometry, negative",12T FT-ICR MS,EMSL,EMSL,2023-01-28T14:59:06Z,,['nmdc:sty-11-8bjf2432']
nmdc:procsm-11-2pdxr495,/home/bmeluch/NMDC/nom_processing/miesel_11_8bjf2432/raw/Miesel_60009_56_SERC_A_POST_MST_33_H2O_SPE_r2_28Jan23_Fir_300SA_IATp03_9164.zip,/home/bmeluch/NMDC/nom_processing/miesel_11_8bjf2432/processed_20260513/Miesel_60009_56_SERC_A_POST_MST_33_H2O_SPE_r2_28Jan23_Fir_300SA_IATp03_9164,/home/bmeluch/NMDC/nom_processing/miesel_11_8bjf2432/raw/Miesel_60009_QC_SRFAII_20ppm_r2_28Jan23_Fir_300SA_IATp01_9140.zip,"EMSL NOM full profile mass spectrometry, negative",12T FT-ICR MS,EMSL,EMSL,2023-01-29T07:05:38Z,,['nmdc:sty-11-8bjf2432']
nmdc:procsm-11-xqfg7f75,/home/bmeluch/NMDC/nom_processing/miesel_11_8bjf2432/raw/Miesel_60009_85_SOAP_A_POST_MSTplus5_33_Met_SPE_r2_300SA_IATp03_9615.zip,/home/bmeluch/NMDC/nom_processing/miesel_11_8bjf2432/processed_20260513/Miesel_60009_85_SOAP_A_POST_MSTplus5_33_Met_SPE_r2_300SA_IATp03_9615,/home/bmeluch/NMDC/nom_processing/miesel_11_8bjf2432/raw/Miesel_60009_QC_SRFAII_20ppm_10Feb23_Fir_300SA_IATp01_9585.zip,"EMSL NOM full profile mass spectrometry, negative",12T FT-ICR MS,EMSL,EMSL,2023-02-12T17:03:47Z,,['nmdc:sty-11-8bjf2432']
nmdc:procsm-11-ve7kh914,/home/bmeluch/NMDC/nom_processing/miesel_11_8bjf2432/raw/Miesel_60009_27_WREF_A1_PRE_Met_SPE_r1_300SA_IATp03_9277.zip,/home/bmeluch/NMDC/nom_processing/miesel_11_8bjf2432/processed_20260513/Miesel_60009_27_WREF_A1_PRE_Met_SPE_r1_300SA_IATp03_9277,/home/bmeluch/NMDC/nom_processing/miesel_11_8bjf2432/raw/Miesel_60009_QC_SRFAII_20ppm_30Jan23_Fir_300SA_IATp01_9266.zip,"EMSL NOM full profile mass spectrometry, negative",12T FT-ICR MS,EMSL,EMSL,2023-01-31T00:41:18Z,,['nmdc:sty-11-8bjf2432']
nmdc:procsm-11-1anqbc23,/home/bmeluch/NMDC/nom_processing/miesel_11_8bjf2432/raw/Miesel_60009_81_OSBS_A_POST_MSTplus5_33_H2O_SPE_r1_300SA_IATp03_8991.zip,/home/bmeluch/NMDC/nom_processing/miesel_11_8bjf2432/processed_20260513/Miesel_60009_81_OSBS_A_POST_MSTplus5_33_H2O_SPE_r1_300SA_IATp03_8991,/home/bmeluch/NMDC/nom_processing/miesel_11_8bjf2432/raw/Miesel_60009_QC_SRFAII_20ppm_r1_26Jan23_Alder_300SA_IATp01_8983.zip,"EMSL NOM full profile mass spectrometry, negative",12T FT-ICR MS,EMSL,EMSL,2023-01-26T15:28:39Z,,['nmdc:sty-11-8bjf2432']
nmdc:procsm-11-4tsfgy52,/home/bmeluch/NMDC/nom_processing/miesel_11_8bjf2432/raw/Miesel_60009_42_CPER_A1_POST_MST_33_H2O_SPE_r1_26Jan23_Alder_300SA_IATp03_9011.zip,/home/bmeluch/NMDC/nom_processing/miesel_11_8bjf2432/processed_20260513/Miesel_60009_42_CPER_A1_POST_MST_33_H2O_SPE_r1_26Jan23_Alder_300SA_IATp03_9011,/home/bmeluch/NMDC/nom_processing/miesel_11_8bjf2432/raw/Miesel_60009_QC_SRFAII_20ppm_r1_26Jan23_Alder_300SA_IATp01_8983.zip,"EMSL NOM full profile mass spectrometry, negative",12T FT-ICR MS,EMSL,EMSL,2023-01-26T22:48:00Z,,['nmdc:sty-11-8bjf2432']
nmdc:procsm-11-h2y34j84,/home/bmeluch/NMDC/nom_processing/miesel_11_8bjf2432/raw/Miesel_60009_83_SERC_A_POST_MSTplus5_33_H2O_SPE_r1_300SA_IATp03_8986.zip,/home/bmeluch/NMDC/nom_processing/miesel_11_8bjf2432/processed_20260513/Miesel_60009_83_SERC_A_POST_MSTplus5_33_H2O_SPE_r1_300SA_IATp03_8986,/home/bmeluch/NMDC/nom_processing/miesel_11_8bjf2432/raw/Miesel_60009_QC_SRFAII_20ppm_r1_26Jan23_Alder_300SA_IATp01_8983.zip,"EMSL NOM full profile mass spectrometry, negative",12T FT-ICR MS,EMSL,EMSL,2023-01-26T13:38:50Z,,['nmdc:sty-11-8bjf2432']
nmdc:procsm-11-zsyfjc73,/home/bmeluch/NMDC/nom_processing/miesel_11_8bjf2432/raw/Miesel_60009_38_BARR_Oaf_POST_MST_33_H2O_SPE_r1_26Jan23_Alder_300SA_IATp03_9053.zip,/home/bmeluch/NMDC/nom_processing/miesel_11_8bjf2432/processed_20260513/Miesel_60009_38_BARR_Oaf_POST_MST_33_H2O_SPE_r1_26Jan23_Alder_300SA_IATp03_9053,/home/bmeluch/NMDC/nom_processing/miesel_11_8bjf2432/raw/Miesel_60009_QC_SRFAII_20ppm_r1_26Jan23_Alder_300SA_IATp01_9044.zip,"EMSL NOM full profile mass spectrometry, negative",12T FT-ICR MS,EMSL,EMSL,2023-01-27T14:27:20Z,,['nmdc:sty-11-8bjf2432']
nmdc:procsm-11-16tsh374,/home/bmeluch/NMDC/nom_processing/miesel_11_8bjf2432/raw/Miesel_60009_82_RMNP_A1_POST_MSTplus5_33_Met_SPE_r1_300SA_IATp03_9263.zip,/home/bmeluch/NMDC/nom_processing/miesel_11_8bjf2432/processed_20260513/Miesel_60009_82_RMNP_A1_POST_MSTplus5_33_Met_SPE_r1_300SA_IATp03_9263,/home/bmeluch/NMDC/nom_processing/miesel_11_8bjf2432/raw/Miesel_60009_QC_SRFAII_20ppm_30Jan23_Fir_300SA_IATp01_9235.zip,"EMSL NOM full profile mass spectrometry, negative",12T FT-ICR MS,EMSL,EMSL,2023-01-30T19:33:46Z,,['nmdc:sty-11-8bjf2432']
nmdc:procsm-11-vsy2fk94,/home/bmeluch/NMDC/nom_processing/miesel_11_8bjf2432/raw/Miesel_60009_13_KONZ_A1_PRE_Met_SPE_r2_300SA_IATp03_9593.zip,/home/bmeluch/NMDC/nom_processing/miesel_11_8bjf2432/processed_20260513/Miesel_60009_13_KONZ_A1_PRE_Met_SPE_r2_300SA_IATp03_9593,/home/bmeluch/NMDC/nom_processing/miesel_11_8bjf2432/raw/Miesel_60009_QC_SRFAII_20ppm_10Feb23_Fir_300SA_IATp01_9585.zip,"EMSL NOM full profile mass spectrometry, negative",12T FT-ICR MS,EMSL,EMSL,2023-02-12T09:33:31Z,,['nmdc:sty-11-8bjf2432']
nmdc:procsm-11-a0n4ty95,/home/bmeluch/NMDC/nom_processing/miesel_11_8bjf2432/raw/Miesel_60009_51_MOAB_A_POST_MST_33_Met_SPE_r1_30Jan23_Fir_300SA_IATp03_9171.zip,/home/bmeluch/NMDC/nom_processing/miesel_11_8bjf2432/processed_20260513/Miesel_60009_51_MOAB_A_POST_MST_33_Met_SPE_r1_30Jan23_Fir_300SA_IATp03_9171,/home/bmeluch/NMDC/nom_processing/miesel_11_8bjf2432/raw/Miesel_60009_QC_SRFAII_20ppm_r2_28Jan23_Fir_300SA_IATp01_9168.zip,"EMSL NOM full profile mass spectrometry, negative",12T FT-ICR MS,EMSL,EMSL,2023-01-29T09:39:24Z,,['nmdc:sty-11-8bjf2432']
nmdc:procsm-11-gr18gb55,/home/bmeluch/NMDC/nom_processing/miesel_11_8bjf2432/raw/Miesel_60009_23_STEI_A1_PRE_H2O_SPE_r2_28Jan23_Alder_300SA_IATp03_9094.zip,/home/bmeluch/NMDC/nom_processing/miesel_11_8bjf2432/processed_20260513/Miesel_60009_23_STEI_A1_PRE_H2O_SPE_r2_28Jan23_Alder_300SA_IATp03_9094,/home/bmeluch/NMDC/nom_processing/miesel_11_8bjf2432/raw/Miesel_60009_QC_SRFAII_20ppm_r1_26Jan23_Alder_300SA_IATp01_9076.zip,"EMSL NOM full profile mass spectrometry, negative",12T FT-ICR MS,EMSL,EMSL,2023-01-28T05:27:58Z,,['nmdc:sty-11-8bjf2432']
nmdc:procsm-11-vbe16856,/home/bmeluch/NMDC/nom_processing/miesel_11_8bjf2432/raw/Miesel_60009_49_KONZ_A1_POST_MST_33_Met_SPE_r1_300SA_IATp03_9293.zip,/home/bmeluch/NMDC/nom_processing/miesel_11_8bjf2432/processed_20260513/Miesel_60009_49_KONZ_A1_POST_MST_33_Met_SPE_r1_300SA_IATp03_9293,/home/bmeluch/NMDC/nom_processing/miesel_11_8bjf2432/raw/Miesel_60009_QC_SRFAII_20ppm_30Jan23_Fir_300SA_IATp01_9266.zip,"EMSL NOM full profile mass spectrometry, negative",12T FT-ICR MS,EMSL,EMSL,2023-01-31T06:32:46Z,,['nmdc:sty-11-8bjf2432']
nmdc:procsm-11-hpwke580,/home/bmeluch/NMDC/nom_processing/miesel_11_8bjf2432/raw/Miesel_60009_08_DELA_A_PRE_H2O_SPE_r2_28Jan23_Alder_300SA_IATp03_9087.zip,/home/bmeluch/NMDC/nom_processing/miesel_11_8bjf2432/processed_20260513/Miesel_60009_08_DELA_A_PRE_H2O_SPE_r2_28Jan23_Alder_300SA_IATp03_9087,/home/bmeluch/NMDC/nom_processing/miesel_11_8bjf2432/raw/Miesel_60009_QC_SRFAII_20ppm_r1_26Jan23_Alder_300SA_IATp01_9076.zip,"EMSL NOM full profile mass spectrometry, negative",12T FT-ICR MS,EMSL,EMSL,2023-01-28T02:54:12Z,,['nmdc:sty-11-8bjf2432']
nmdc:procsm-11-0mybds96,/home/bmeluch/NMDC/nom_processing/miesel_11_8bjf2432/raw/Miesel_60009_67_BONA_Oea_POST_MSTplus5_33_Met_SPE_r2_300SA_IATp03_9644.zip,/home/bmeluch/NMDC/nom_processing/miesel_11_8bjf2432/processed_20260513/Miesel_60009_67_BONA_Oea_POST_MSTplus5_33_Met_SPE_r2_300SA_IATp03_9644,/home/bmeluch/NMDC/nom_processing/miesel_11_8bjf2432/raw/Miesel_60009_QC_SRFAII_20ppm_10Feb23_Fir_300SA_IATp01_9617.zip,"EMSL NOM full profile mass spectrometry, negative",12T FT-ICR MS,EMSL,EMSL,2023-02-13T02:57:19Z,,['nmdc:sty-11-8bjf2432']
nmdc:procsm-11-vqx12088,/home/bmeluch/NMDC/nom_processing/miesel_11_8bjf2432/raw/Miesel_60009_14_MLBS_A_PRE_H2O_SPE_r2_28Jan23_Fir_300SA_IATp03_9128.zip,/home/bmeluch/NMDC/nom_processing/miesel_11_8bjf2432/processed_20260513/Miesel_60009_14_MLBS_A_PRE_H2O_SPE_r2_28Jan23_Fir_300SA_IATp03_9128,/home/bmeluch/NMDC/nom_processing/miesel_11_8bjf2432/raw/Miesel_60009_QC_SRFAII_20ppm_r2_28Jan23_Fir_300SA_IATp01_9108.zip,"EMSL NOM full profile mass spectrometry, negative",12T FT-ICR MS,EMSL,EMSL,2023-01-28T17:54:50Z,,['nmdc:sty-11-8bjf2432']
nmdc:procsm-11-h193hq33,/home/bmeluch/NMDC/nom_processing/miesel_11_8bjf2432/raw/Miesel_60009_81_OSBS_A_POST_MSTplus5_33_Met_SPE_r1_300SA_IATp03_9282.zip,/home/bmeluch/NMDC/nom_processing/miesel_11_8bjf2432/processed_20260513/Miesel_60009_81_OSBS_A_POST_MSTplus5_33_Met_SPE_r1_300SA_IATp03_9282,/home/bmeluch/NMDC/nom_processing/miesel_11_8bjf2432/raw/Miesel_60009_QC_SRFAII_20ppm_30Jan23_Fir_300SA_IATp01_9266.zip,"EMSL NOM full profile mass spectrometry, negative",12T FT-ICR MS,EMSL,EMSL,2023-01-31T02:31:08Z,,['nmdc:sty-11-8bjf2432']
nmdc:procsm-11-qfgmmz39,/home/bmeluch/NMDC/nom_processing/miesel_11_8bjf2432/raw/Miesel_60009_66_BLAN_Ap1_POST_MSTplus5_33_H2O_SPE_r2_300SA_IATp03_9158.zip,/home/bmeluch/NMDC/nom_processing/miesel_11_8bjf2432/processed_20260513/Miesel_60009_66_BLAN_Ap1_POST_MSTplus5_33_H2O_SPE_r2_300SA_IATp03_9158,/home/bmeluch/NMDC/nom_processing/miesel_11_8bjf2432/raw/Miesel_60009_QC_SRFAII_20ppm_r2_28Jan23_Fir_300SA_IATp01_9140.zip,"EMSL NOM full profile mass spectrometry, negative",12T FT-ICR MS,EMSL,EMSL,2023-01-29T04:53:50Z,,['nmdc:sty-11-8bjf2432']
nmdc:procsm-11-wpr1vb28,/home/bmeluch/NMDC/nom_processing/miesel_11_8bjf2432/raw/Miesel_60009_25_TREE_A1_PRE_H2O_SPE_r1_26Jan23_Alder_300SA_IATp03_9029.zip,/home/bmeluch/NMDC/nom_processing/miesel_11_8bjf2432/processed_20260513/Miesel_60009_25_TREE_A1_PRE_H2O_SPE_r1_26Jan23_Alder_300SA_IATp03_9029,/home/bmeluch/NMDC/nom_processing/miesel_11_8bjf2432/raw/Miesel_60009_QC_SRFAII_20ppm_r1_26Jan23_Alder_300SA_IATp01_9014.zip,"EMSL NOM full profile mass spectrometry, negative",12T FT-ICR MS,EMSL,EMSL,2023-01-27T05:23:23Z,,['nmdc:sty-11-8bjf2432']
nmdc:procsm-11-7bhyw102,/home/bmeluch/NMDC/nom_processing/miesel_11_8bjf2432/raw/Miesel_60009_21_SJER_A_PRE_Met_SPE_r1_300SA_IATp03_9251.zip,/home/bmeluch/NMDC/nom_processing/miesel_11_8bjf2432/processed_20260513/Miesel_60009_21_SJER_A_PRE_Met_SPE_r1_300SA_IATp03_9251,/home/bmeluch/NMDC/nom_processing/miesel_11_8bjf2432/raw/Miesel_60009_QC_SRFAII_20ppm_30Jan23_Fir_300SA_IATp01_9235.zip,"EMSL NOM full profile mass spectrometry, negative",12T FT-ICR MS,EMSL,EMSL,2023-01-30T15:10:10Z,,['nmdc:sty-11-8bjf2432']
nmdc:procsm-11-4a01h476,/home/bmeluch/NMDC/nom_processing/miesel_11_8bjf2432/raw/Miesel_60009_76_KONZ_A1_POST_MSTplus5_33_H2O_SPE_r2_300SA_IATp03_9101.zip,/home/bmeluch/NMDC/nom_processing/miesel_11_8bjf2432/processed_20260513/Miesel_60009_76_KONZ_A1_POST_MSTplus5_33_H2O_SPE_r2_300SA_IATp03_9101,/home/bmeluch/NMDC/nom_processing/miesel_11_8bjf2432/raw/Miesel_60009_QC_SRFAII_20ppm_r1_26Jan23_Alder_300SA_IATp01_9076.zip,"EMSL NOM full profile mass spectrometry, negative",12T FT-ICR MS,EMSL,EMSL,2023-01-28T08:01:44Z,,['nmdc:sty-11-8bjf2432']
nmdc:procsm-11-vhaqyn33,/home/bmeluch/NMDC/nom_processing/miesel_11_8bjf2432/raw/Miesel_60009_09_DSNY_A_PRE_Met_SPE_r1_300SA_IATp03_9248.zip,/home/bmeluch/NMDC/nom_processing/miesel_11_8bjf2432/processed_20260513/Miesel_60009_09_DSNY_A_PRE_Met_SPE_r1_300SA_IATp03_9248,/home/bmeluch/NMDC/nom_processing/miesel_11_8bjf2432/raw/Miesel_60009_QC_SRFAII_20ppm_30Jan23_Fir_300SA_IATp01_9235.zip,"EMSL NOM full profile mass spectrometry, negative",12T FT-ICR MS,EMSL,EMSL,2023-01-30T14:04:16Z,,['nmdc:sty-11-8bjf2432']
nmdc:procsm-11-0p77sk78,/home/bmeluch/NMDC/nom_processing/miesel_11_8bjf2432/raw/Miesel_60009_74_HEAL_Oae_POST_MSTplus5_33_Met_SPE_r1_300SA_IATp03_9186.zip,/home/bmeluch/NMDC/nom_processing/miesel_11_8bjf2432/processed_20260513/Miesel_60009_74_HEAL_Oae_POST_MSTplus5_33_Met_SPE_r1_300SA_IATp03_9186,/home/bmeluch/NMDC/nom_processing/miesel_11_8bjf2432/raw/Miesel_60009_QC_SRFAII_20ppm_r2_28Jan23_Fir_300SA_IATp01_9168.zip,"EMSL NOM full profile mass spectrometry, negative",12T FT-ICR MS,EMSL,EMSL,2023-01-29T15:08:54Z,,['nmdc:sty-11-8bjf2432']
nmdc:procsm-11-v1q3bc03,/home/bmeluch/NMDC/nom_processing/miesel_11_8bjf2432/raw/Miesel_60009_16_NGPR_A_PRE_Met_SPE_r2_300SA_IATp03_9603.zip,/home/bmeluch/NMDC/nom_processing/miesel_11_8bjf2432/processed_20260513/Miesel_60009_16_NGPR_A_PRE_Met_SPE_r2_300SA_IATp03_9603,/home/bmeluch/NMDC/nom_processing/miesel_11_8bjf2432/raw/Miesel_60009_QC_SRFAII_20ppm_10Feb23_Fir_300SA_IATp01_9585.zip,"EMSL NOM full profile mass spectrometry, negative",12T FT-ICR MS,EMSL,EMSL,2023-02-12T12:58:11Z,,['nmdc:sty-11-8bjf2432']
nmdc:procsm-11-vgqh8k60,/home/bmeluch/NMDC/nom_processing/miesel_11_8bjf2432/raw/Miesel_60009_03_BLAN_Ap1_PRE_H2O_SPE_r2_28Jan23_Alder_300SA_IATp03_9092.zip,/home/bmeluch/NMDC/nom_processing/miesel_11_8bjf2432/processed_20260513/Miesel_60009_03_BLAN_Ap1_PRE_H2O_SPE_r2_28Jan23_Alder_300SA_IATp03_9092,/home/bmeluch/NMDC/nom_processing/miesel_11_8bjf2432/raw/Miesel_60009_QC_SRFAII_20ppm_r1_26Jan23_Alder_300SA_IATp01_9076.zip,"EMSL NOM full profile mass spectrometry, negative",12T FT-ICR MS,EMSL,EMSL,2023-01-28T04:44:02Z,,['nmdc:sty-11-8bjf2432']
nmdc:procsm-11-1anqbc23,/home/bmeluch/NMDC/nom_processing/miesel_11_8bjf2432/raw/Miesel_60009_81_OSBS_A_POST_MSTplus5_33_H2O_SPE_r2_28Jan23_Fir_300SA_IATp03_9125.zip,/home/bmeluch/NMDC/nom_processing/miesel_11_8bjf2432/processed_20260513/Miesel_60009_81_OSBS_A_POST_MSTplus5_33_H2O_SPE_r2_28Jan23_Fir_300SA_IATp03_9125,/home/bmeluch/NMDC/nom_processing/miesel_11_8bjf2432/raw/Miesel_60009_QC_SRFAII_20ppm_r2_28Jan23_Fir_300SA_IATp01_9108.zip,"EMSL NOM full profile mass spectrometry, negative",12T FT-ICR MS,EMSL,EMSL,2023-01-28T16:48:56Z,,['nmdc:sty-11-8bjf2432']
nmdc:procsm-11-dgvt6j93,/home/bmeluch/NMDC/nom_processing/miesel_11_8bjf2432/raw/Miesel_60009_48_JORN_Ak_POST_MST_33_Met_SPE_r2_300SA_IATp03_9614.zip,/home/bmeluch/NMDC/nom_processing/miesel_11_8bjf2432/processed_20260513/Miesel_60009_48_JORN_Ak_POST_MST_33_Met_SPE_r2_300SA_IATp03_9614,/home/bmeluch/NMDC/nom_processing/miesel_11_8bjf2432/raw/Miesel_60009_QC_SRFAII_20ppm_10Feb23_Fir_300SA_IATp01_9585.zip,"EMSL NOM full profile mass spectrometry, negative",12T FT-ICR MS,EMSL,EMSL,2023-02-12T16:43:19Z,,['nmdc:sty-11-8bjf2432']
nmdc:procsm-11-2shgjt60,/home/bmeluch/NMDC/nom_processing/miesel_11_8bjf2432/raw/Miesel_60009_46_GRSM_A_POST_MST_33_H2O_SPE_r2_28Jan23_Fir_300SA_IATp03_9152.zip,/home/bmeluch/NMDC/nom_processing/miesel_11_8bjf2432/processed_20260513/Miesel_60009_46_GRSM_A_POST_MST_33_H2O_SPE_r2_28Jan23_Fir_300SA_IATp03_9152,/home/bmeluch/NMDC/nom_processing/miesel_11_8bjf2432/raw/Miesel_60009_QC_SRFAII_20ppm_r2_28Jan23_Fir_300SA_IATp01_9140.zip,"EMSL NOM full profile mass spectrometry, negative",12T FT-ICR MS,EMSL,EMSL,2023-01-29T02:42:02Z,,['nmdc:sty-11-8bjf2432']
nmdc:procsm-11-ctttsw36,/home/bmeluch/NMDC/nom_processing/miesel_11_8bjf2432/raw/Miesel_60009_11_HEAL_Oae_PRE_Met_SPE_r1_300SA_IATp03_9285.zip,/home/bmeluch/NMDC/nom_processing/miesel_11_8bjf2432/processed_20260513/Miesel_60009_11_HEAL_Oae_PRE_Met_SPE_r1_300SA_IATp03_9285,/home/bmeluch/NMDC/nom_processing/miesel_11_8bjf2432/raw/Miesel_60009_QC_SRFAII_20ppm_30Jan23_Fir_300SA_IATp01_9266.zip,"EMSL NOM full profile mass spectrometry, negative",12T FT-ICR MS,EMSL,EMSL,2023-01-31T03:37:02Z,,['nmdc:sty-11-8bjf2432']
nmdc:procsm-11-ctttsw36,/home/bmeluch/NMDC/nom_processing/miesel_11_8bjf2432/raw/Miesel_60009_11_HEAL_Oae_PRE_Met_SPE_r2_300SA_IATp03_9631.zip,/home/bmeluch/NMDC/nom_processing/miesel_11_8bjf2432/processed_20260513/Miesel_60009_11_HEAL_Oae_PRE_Met_SPE_r2_300SA_IATp03_9631,/home/bmeluch/NMDC/nom_processing/miesel_11_8bjf2432/raw/Miesel_60009_QC_SRFAII_20ppm_10Feb23_Fir_300SA_IATp01_9617.zip,"EMSL NOM full profile mass spectrometry, negative",12T FT-ICR MS,EMSL,EMSL,2023-02-12T22:31:15Z,,['nmdc:sty-11-8bjf2432']
nmdc:procsm-11-44t45e90,/home/bmeluch/NMDC/nom_processing/miesel_11_8bjf2432/raw/Miesel_60009_26_UNDE_A_PRE_Met_SPE_r1_300SA_IATp03_9279.zip,/home/bmeluch/NMDC/nom_processing/miesel_11_8bjf2432/processed_20260513/Miesel_60009_26_UNDE_A_PRE_Met_SPE_r1_300SA_IATp03_9279,/home/bmeluch/NMDC/nom_processing/miesel_11_8bjf2432/raw/Miesel_60009_QC_SRFAII_20ppm_30Jan23_Fir_300SA_IATp01_9266.zip,"EMSL NOM full profile mass spectrometry, negative",12T FT-ICR MS,EMSL,EMSL,2023-01-31T01:25:14Z,,['nmdc:sty-11-8bjf2432']
nmdc:procsm-11-a9zfs623,/home/bmeluch/NMDC/nom_processing/miesel_11_8bjf2432/raw/Miesel_60009_07_DCFS_A1_PRE_Met_SPE_r1_300SA_IATp03_9255.zip,/home/bmeluch/NMDC/nom_processing/miesel_11_8bjf2432/processed_20260513/Miesel_60009_07_DCFS_A1_PRE_Met_SPE_r1_300SA_IATp03_9255,/home/bmeluch/NMDC/nom_processing/miesel_11_8bjf2432/raw/Miesel_60009_QC_SRFAII_20ppm_30Jan23_Fir_300SA_IATp01_9235.zip,"EMSL NOM full profile mass spectrometry, negative",12T FT-ICR MS,EMSL,EMSL,2023-01-30T16:38:02Z,,['nmdc:sty-11-8bjf2432']
nmdc:procsm-11-3wb93s34,/home/bmeluch/NMDC/nom_processing/miesel_11_8bjf2432/raw/Miesel_60009_12_JORN_Ak_PRE_Met_SPE_r2_300SA_IATp03_9610.zip,/home/bmeluch/NMDC/nom_processing/miesel_11_8bjf2432/processed_20260513/Miesel_60009_12_JORN_Ak_PRE_Met_SPE_r2_300SA_IATp03_9610,/home/bmeluch/NMDC/nom_processing/miesel_11_8bjf2432/raw/Miesel_60009_QC_SRFAII_20ppm_10Feb23_Fir_300SA_IATp01_9585.zip,"EMSL NOM full profile mass spectrometry, negative",12T FT-ICR MS,EMSL,EMSL,2023-02-12T15:21:27Z,,['nmdc:sty-11-8bjf2432']
nmdc:procsm-11-8mw3ap77,/home/bmeluch/NMDC/nom_processing/miesel_11_8bjf2432/raw/Miesel_60009_38_BARR_Oaf_POST_MST_33_Met_SPE_r2_300SA_IATp03_9635.zip,/home/bmeluch/NMDC/nom_processing/miesel_11_8bjf2432/processed_20260513/Miesel_60009_38_BARR_Oaf_POST_MST_33_Met_SPE_r2_300SA_IATp03_9635,/home/bmeluch/NMDC/nom_processing/miesel_11_8bjf2432/raw/Miesel_60009_QC_SRFAII_20ppm_10Feb23_Fir_300SA_IATp01_9617.zip,"EMSL NOM full profile mass spectrometry, negative",12T FT-ICR MS,EMSL,EMSL,2023-02-12T23:53:07Z,,['nmdc:sty-11-8bjf2432']
nmdc:procsm-11-49c1zq20,/home/bmeluch/NMDC/nom_processing/miesel_11_8bjf2432/raw/Miesel_60009_25_TREE_A1_PRE_Met_SPE_r1_300SA_IATp03_9292.zip,/home/bmeluch/NMDC/nom_processing/miesel_11_8bjf2432/processed_20260513/Miesel_60009_25_TREE_A1_PRE_Met_SPE_r1_300SA_IATp03_9292,/home/bmeluch/NMDC/nom_processing/miesel_11_8bjf2432/raw/Miesel_60009_QC_SRFAII_20ppm_30Jan23_Fir_300SA_IATp01_9266.zip,"EMSL NOM full profile mass spectrometry, negative",12T FT-ICR MS,EMSL,EMSL,2023-01-31T06:10:48Z,,['nmdc:sty-11-8bjf2432']
nmdc:procsm-11-j444y023,/home/bmeluch/NMDC/nom_processing/miesel_11_8bjf2432/raw/Miesel_60009_67_BONA_Oea_POST_MSTplus5_33_H2O_SPE_r1_300SA_IATp03_9036.zip,/home/bmeluch/NMDC/nom_processing/miesel_11_8bjf2432/processed_20260513/Miesel_60009_67_BONA_Oea_POST_MSTplus5_33_H2O_SPE_r1_300SA_IATp03_9036,/home/bmeluch/NMDC/nom_processing/miesel_11_8bjf2432/raw/Miesel_60009_QC_SRFAII_20ppm_r1_26Jan23_Alder_300SA_IATp01_9014.zip,"EMSL NOM full profile mass spectrometry, negative",12T FT-ICR MS,EMSL,EMSL,2023-01-27T07:57:10Z,,['nmdc:sty-11-8bjf2432']
nmdc:procsm-11-xkhg6m45,/home/bmeluch/NMDC/nom_processing/miesel_11_8bjf2432/raw/Miesel_60009_47_HEAL_Oae_POST_MST_33_H2O_SPE_r1_26Jan23_Alder_300SA_IATp03_9007.zip,/home/bmeluch/NMDC/nom_processing/miesel_11_8bjf2432/processed_20260513/Miesel_60009_47_HEAL_Oae_POST_MST_33_H2O_SPE_r1_26Jan23_Alder_300SA_IATp03_9007,/home/bmeluch/NMDC/nom_processing/miesel_11_8bjf2432/raw/Miesel_60009_QC_SRFAII_20ppm_r1_26Jan23_Alder_300SA_IATp01_8983.zip,"EMSL NOM full profile mass spectrometry, negative",12T FT-ICR MS,EMSL,EMSL,2023-01-26T21:20:07Z,,['nmdc:sty-11-8bjf2432']
nmdc:procsm-11-375wej49,/home/bmeluch/NMDC/nom_processing/miesel_11_8bjf2432/raw/Miesel_60009_14_MLBS_A_PRE_Met_SPE_r2_300SA_IATp03_9628.zip,/home/bmeluch/NMDC/nom_processing/miesel_11_8bjf2432/processed_20260513/Miesel_60009_14_MLBS_A_PRE_Met_SPE_r2_300SA_IATp03_9628,/home/bmeluch/NMDC/nom_processing/miesel_11_8bjf2432/raw/Miesel_60009_QC_SRFAII_20ppm_10Feb23_Fir_300SA_IATp01_9617.zip,"EMSL NOM full profile mass spectrometry, negative",12T FT-ICR MS,EMSL,EMSL,2023-02-12T21:29:51Z,,['nmdc:sty-11-8bjf2432']
nmdc:procsm-11-j7v6m392,/home/bmeluch/NMDC/nom_processing/miesel_11_8bjf2432/raw/Miesel_60009_02_BARR_Oaf_PRE_H2O_SPE_r1_26Jan23_Alder_300SA_IATp03_9049.zip,/home/bmeluch/NMDC/nom_processing/miesel_11_8bjf2432/processed_20260513/Miesel_60009_02_BARR_Oaf_PRE_H2O_SPE_r1_26Jan23_Alder_300SA_IATp03_9049,/home/bmeluch/NMDC/nom_processing/miesel_11_8bjf2432/raw/Miesel_60009_QC_SRFAII_20ppm_r1_26Jan23_Alder_300SA_IATp01_9044.zip,"EMSL NOM full profile mass spectrometry, negative",12T FT-ICR MS,EMSL,EMSL,2023-01-27T12:42:44Z,,['nmdc:sty-11-8bjf2432']
nmdc:procsm-11-wpgbf713,/home/bmeluch/NMDC/nom_processing/miesel_11_8bjf2432/raw/Miesel_60009_15_MOAB_A_PRE_H2O_SPE_r1_26Jan23_Alder_300SA_IATp03_9018.zip,/home/bmeluch/NMDC/nom_processing/miesel_11_8bjf2432/processed_20260513/Miesel_60009_15_MOAB_A_PRE_H2O_SPE_r1_26Jan23_Alder_300SA_IATp03_9018,/home/bmeluch/NMDC/nom_processing/miesel_11_8bjf2432/raw/Miesel_60009_QC_SRFAII_20ppm_r1_26Jan23_Alder_300SA_IATp01_9014.zip,"EMSL NOM full profile mass spectrometry, negative",12T FT-ICR MS,EMSL,EMSL,2023-01-27T01:21:45Z,,['nmdc:sty-11-8bjf2432']
nmdc:procsm-11-xkhg6m45,/home/bmeluch/NMDC/nom_processing/miesel_11_8bjf2432/raw/Miesel_60009_47_HEAL_Oae_POST_MST_33_H2O_SPE_r2_28Jan23_Fir_300SA_IATp03_9135.zip,/home/bmeluch/NMDC/nom_processing/miesel_11_8bjf2432/processed_20260513/Miesel_60009_47_HEAL_Oae_POST_MST_33_H2O_SPE_r2_28Jan23_Fir_300SA_IATp03_9135,/home/bmeluch/NMDC/nom_processing/miesel_11_8bjf2432/raw/Miesel_60009_QC_SRFAII_20ppm_r2_28Jan23_Fir_300SA_IATp01_9108.zip,"EMSL NOM full profile mass spectrometry, negative",12T FT-ICR MS,EMSL,EMSL,2023-01-28T20:28:36Z,,['nmdc:sty-11-8bjf2432']
nmdc:procsm-11-21ac4y57,/home/bmeluch/NMDC/nom_processing/miesel_11_8bjf2432/raw/Miesel_60009_17_NIWO_A_PRE_Met_SPE_r1_300SA_IATp03_9294.zip,/home/bmeluch/NMDC/nom_processing/miesel_11_8bjf2432/processed_20260513/Miesel_60009_17_NIWO_A_PRE_Met_SPE_r1_300SA_IATp03_9294,/home/bmeluch/NMDC/nom_processing/miesel_11_8bjf2432/raw/Miesel_60009_QC_SRFAII_20ppm_30Jan23_Fir_300SA_IATp01_9266.zip,"EMSL NOM full profile mass spectrometry, negative",12T FT-ICR MS,EMSL,EMSL,2023-01-31T06:54:44Z,,['nmdc:sty-11-8bjf2432']
nmdc:procsm-11-jver3e41,/home/bmeluch/NMDC/nom_processing/miesel_11_8bjf2432/raw/Miesel_60009_69_CPER_A1_POST_MSTplus5_33_H2O_SPE_r1_300SA_IATp03_8995.zip,/home/bmeluch/NMDC/nom_processing/miesel_11_8bjf2432/processed_20260513/Miesel_60009_69_CPER_A1_POST_MSTplus5_33_H2O_SPE_r1_300SA_IATp03_8995,/home/bmeluch/NMDC/nom_processing/miesel_11_8bjf2432/raw/Miesel_60009_QC_SRFAII_20ppm_r1_26Jan23_Alder_300SA_IATp01_8983.zip,"EMSL NOM full profile mass spectrometry, negative",12T FT-ICR MS,EMSL,EMSL,2023-01-26T16:56:32Z,,['nmdc:sty-11-8bjf2432']
nmdc:procsm-11-wc5t4768,/home/bmeluch/NMDC/nom_processing/miesel_11_8bjf2432/raw/Miesel_60009_24_TALL_A1_PRE_H2O_SPE_r2_28Jan23_Fir_300SA_IATp03_9131.zip,/home/bmeluch/NMDC/nom_processing/miesel_11_8bjf2432/processed_20260513/Miesel_60009_24_TALL_A1_PRE_H2O_SPE_r2_28Jan23_Fir_300SA_IATp03_9131,/home/bmeluch/NMDC/nom_processing/miesel_11_8bjf2432/raw/Miesel_60009_QC_SRFAII_20ppm_r2_28Jan23_Fir_300SA_IATp01_9108.zip,"EMSL NOM full profile mass spectrometry, negative",12T FT-ICR MS,EMSL,EMSL,2023-01-28T19:00:44Z,,['nmdc:sty-11-8bjf2432']
nmdc:procsm-11-5tz0h672,/home/bmeluch/NMDC/nom_processing/miesel_11_8bjf2432/raw/Miesel_60009_89_UNDE_A_POST_MSTplus5_33_H2O_SPE_r1_300SA_IATp03_9063.zip,/home/bmeluch/NMDC/nom_processing/miesel_11_8bjf2432/processed_20260513/Miesel_60009_89_UNDE_A_POST_MSTplus5_33_H2O_SPE_r1_300SA_IATp03_9063,/home/bmeluch/NMDC/nom_processing/miesel_11_8bjf2432/raw/Miesel_60009_QC_SRFAII_20ppm_r1_26Jan23_Alder_300SA_IATp01_9044.zip,"EMSL NOM full profile mass spectrometry, negative",12T FT-ICR MS,EMSL,EMSL,2023-01-27T18:07:00Z,,['nmdc:sty-11-8bjf2432']
nmdc:procsm-11-wpr1vb28,/home/bmeluch/NMDC/nom_processing/miesel_11_8bjf2432/raw/Miesel_60009_25_TREE_A1_PRE_H2O_SPE_r2_28Jan23_Fir_300SA_IATp03_9162.zip,/home/bmeluch/NMDC/nom_processing/miesel_11_8bjf2432/processed_20260513/Miesel_60009_25_TREE_A1_PRE_H2O_SPE_r2_28Jan23_Fir_300SA_IATp03_9162,/home/bmeluch/NMDC/nom_processing/miesel_11_8bjf2432/raw/Miesel_60009_QC_SRFAII_20ppm_r2_28Jan23_Fir_300SA_IATp01_9140.zip,"EMSL NOM full profile mass spectrometry, negative",12T FT-ICR MS,EMSL,EMSL,2023-01-29T06:21:42Z,,['nmdc:sty-11-8bjf2432']
nmdc:procsm-11-8d014239,/home/bmeluch/NMDC/nom_processing/miesel_11_8bjf2432/raw/Miesel_60009_17_NIWO_A_PRE_H2O_SPE_r2_28Jan23_Alder_300SA_IATp03_9104.zip,/home/bmeluch/NMDC/nom_processing/miesel_11_8bjf2432/processed_20260513/Miesel_60009_17_NIWO_A_PRE_H2O_SPE_r2_28Jan23_Alder_300SA_IATp03_9104,/home/bmeluch/NMDC/nom_processing/miesel_11_8bjf2432/raw/Miesel_60009_QC_SRFAII_20ppm_r1_26Jan23_Alder_300SA_IATp01_9076.zip,"EMSL NOM full profile mass spectrometry, negative",12T FT-ICR MS,EMSL,EMSL,2023-01-28T09:07:38Z,,['nmdc:sty-11-8bjf2432']
nmdc:procsm-11-7x3jnw02,/home/bmeluch/NMDC/nom_processing/miesel_11_8bjf2432/raw/Miesel_60009_52_NGPR_A_POST_MST_33_H2O_SPE_r2_28Jan23_Fir_300SA_IATp03_9167.zip,/home/bmeluch/NMDC/nom_processing/miesel_11_8bjf2432/processed_20260513/Miesel_60009_52_NGPR_A_POST_MST_33_H2O_SPE_r2_28Jan23_Fir_300SA_IATp03_9167,/home/bmeluch/NMDC/nom_processing/miesel_11_8bjf2432/raw/Miesel_60009_QC_SRFAII_20ppm_r2_28Jan23_Fir_300SA_IATp01_9140.zip,"EMSL NOM full profile mass spectrometry, negative",12T FT-ICR MS,EMSL,EMSL,2023-01-29T08:11:32Z,,['nmdc:sty-11-8bjf2432']
nmdc:procsm-11-vhaqyn33,/home/bmeluch/NMDC/nom_processing/miesel_11_8bjf2432/raw/Miesel_60009_09_DSNY_A_PRE_Met_SPE_r2_300SA_IATp03_9625.zip,/home/bmeluch/NMDC/nom_processing/miesel_11_8bjf2432/processed_20260513/Miesel_60009_09_DSNY_A_PRE_Met_SPE_r2_300SA_IATp03_9625,/home/bmeluch/NMDC/nom_processing/miesel_11_8bjf2432/raw/Miesel_60009_QC_SRFAII_20ppm_10Feb23_Fir_300SA_IATp01_9617.zip,"EMSL NOM full profile mass spectrometry, negative",12T FT-ICR MS,EMSL,EMSL,2023-02-12T20:28:27Z,,['nmdc:sty-11-8bjf2432']
nmdc:procsm-11-jeakwq91,/home/bmeluch/NMDC/nom_processing/miesel_11_8bjf2432/raw/Miesel_60009_76_KONZ_A1_POST_MSTplus5_33_Met_SPE_r1_300SA_IATp03_9272.zip,/home/bmeluch/NMDC/nom_processing/miesel_11_8bjf2432/processed_20260513/Miesel_60009_76_KONZ_A1_POST_MSTplus5_33_Met_SPE_r1_300SA_IATp03_9272,/home/bmeluch/NMDC/nom_processing/miesel_11_8bjf2432/raw/Miesel_60009_QC_SRFAII_20ppm_30Jan23_Fir_300SA_IATp01_9266.zip,"EMSL NOM full profile mass spectrometry, negative",12T FT-ICR MS,EMSL,EMSL,2023-01-30T22:51:28Z,,['nmdc:sty-11-8bjf2432']
nmdc:procsm-11-gryq1664,/home/bmeluch/NMDC/nom_processing/miesel_11_8bjf2432/raw/Miesel_60009_64_ABBY_A_POST_MSTplus5_33_Met_SPE_r2_300SA_IATp03_9563.zip,/home/bmeluch/NMDC/nom_processing/miesel_11_8bjf2432/processed_20260513/Miesel_60009_64_ABBY_A_POST_MSTplus5_33_Met_SPE_r2_300SA_IATp03_9563,/home/bmeluch/NMDC/nom_processing/miesel_11_8bjf2432/raw/Miesel_60009_QC_SRFAII_20ppm_30Jan23_Fir_300SA_IATp01_9389.zip,"EMSL NOM full profile mass spectrometry, negative",12T FT-ICR MS,EMSL,EMSL,2023-02-11T23:19:31Z,,['nmdc:sty-11-8bjf2432']
nmdc:procsm-11-57a5xc16,/home/bmeluch/NMDC/nom_processing/miesel_11_8bjf2432/raw/Miesel_60009_44_DELA_A_POST_MST_33_H2O_SPE_r1_26Jan23_Alder_300SA_IATp03_9061.zip,/home/bmeluch/NMDC/nom_processing/miesel_11_8bjf2432/processed_20260513/Miesel_60009_44_DELA_A_POST_MST_33_H2O_SPE_r1_26Jan23_Alder_300SA_IATp03_9061,/home/bmeluch/NMDC/nom_processing/miesel_11_8bjf2432/raw/Miesel_60009_QC_SRFAII_20ppm_r1_26Jan23_Alder_300SA_IATp01_9044.zip,"EMSL NOM full profile mass spectrometry, negative",12T FT-ICR MS,EMSL,EMSL,2023-01-27T17:23:04Z,,['nmdc:sty-11-8bjf2432']
nmdc:procsm-11-8mw3ap77,/home/bmeluch/NMDC/nom_processing/miesel_11_8bjf2432/raw/Miesel_60009_38_BARR_Oaf_POST_MST_33_Met_SPE_r1_30Jan23_Fir_300SA_IATp03_9183.zip,/home/bmeluch/NMDC/nom_processing/miesel_11_8bjf2432/processed_20260513/Miesel_60009_38_BARR_Oaf_POST_MST_33_Met_SPE_r1_30Jan23_Fir_300SA_IATp03_9183,/home/bmeluch/NMDC/nom_processing/miesel_11_8bjf2432/raw/Miesel_60009_QC_SRFAII_20ppm_r2_28Jan23_Fir_300SA_IATp01_9168.zip,"EMSL NOM full profile mass spectrometry, negative",12T FT-ICR MS,EMSL,EMSL,2023-01-29T14:03:00Z,,['nmdc:sty-11-8bjf2432']
nmdc:procsm-11-tkt9j846,/home/bmeluch/NMDC/nom_processing/miesel_11_8bjf2432/raw/Miesel_60009_20_SERC_A_PRE_Met_SPE_r2_300SA_IATp03_9629.zip,/home/bmeluch/NMDC/nom_processing/miesel_11_8bjf2432/processed_20260513/Miesel_60009_20_SERC_A_PRE_Met_SPE_r2_300SA_IATp03_9629,/home/bmeluch/NMDC/nom_processing/miesel_11_8bjf2432/raw/Miesel_60009_QC_SRFAII_20ppm_10Feb23_Fir_300SA_IATp01_9617.zip,"EMSL NOM full profile mass spectrometry, negative",12T FT-ICR MS,EMSL,EMSL,2023-02-12T21:50:19Z,,['nmdc:sty-11-8bjf2432']
nmdc:procsm-11-cf3tgk77,/home/bmeluch/NMDC/nom_processing/miesel_11_8bjf2432/raw/Miesel_60009_23_STEI_A1_PRE_Met_SPE_r1_30Jan23_Fir_300SA_IATp03_9192.zip,/home/bmeluch/NMDC/nom_processing/miesel_11_8bjf2432/processed_20260513/Miesel_60009_23_STEI_A1_PRE_Met_SPE_r1_30Jan23_Fir_300SA_IATp03_9192,/home/bmeluch/NMDC/nom_processing/miesel_11_8bjf2432/raw/Miesel_60009_QC_SRFAII_20ppm_r2_28Jan23_Fir_300SA_IATp01_9168.zip,"EMSL NOM full profile mass spectrometry, negative",12T FT-ICR MS,EMSL,EMSL,2023-01-29T17:20:42Z,,['nmdc:sty-11-8bjf2432']
nmdc:procsm-11-9ss70n49,/home/bmeluch/NMDC/nom_processing/miesel_11_8bjf2432/raw/Miesel_60009_60_TALL_A1_POST_MST_33_H2O_SPE_r2_28Jan23_Fir_300SA_IATp03_9127.zip,/home/bmeluch/NMDC/nom_processing/miesel_11_8bjf2432/processed_20260513/Miesel_60009_60_TALL_A1_POST_MST_33_H2O_SPE_r2_28Jan23_Fir_300SA_IATp03_9127,/home/bmeluch/NMDC/nom_processing/miesel_11_8bjf2432/raw/Miesel_60009_QC_SRFAII_20ppm_r2_28Jan23_Fir_300SA_IATp01_9108.zip,"EMSL NOM full profile mass spectrometry, negative",12T FT-ICR MS,EMSL,EMSL,2023-01-28T17:32:52Z,,['nmdc:sty-11-8bjf2432']
nmdc:procsm-11-j24khh87,/home/bmeluch/NMDC/nom_processing/miesel_11_8bjf2432/raw/Miesel_60009_40_BONA_Oea_POST_MST_33_H2O_SPE_r2_28Jan23_Alder_300SA_IATp03_9078.zip,/home/bmeluch/NMDC/nom_processing/miesel_11_8bjf2432/processed_20260513/Miesel_60009_40_BONA_Oea_POST_MST_33_H2O_SPE_r2_28Jan23_Alder_300SA_IATp03_9078,/home/bmeluch/NMDC/nom_processing/miesel_11_8bjf2432/raw/Miesel_60009_QC_SRFAII_20ppm_r1_26Jan23_Alder_300SA_IATp01_9076.zip,"EMSL NOM full profile mass spectrometry, negative",12T FT-ICR MS,EMSL,EMSL,2023-01-27T23:36:30Z,,['nmdc:sty-11-8bjf2432']
nmdc:procsm-11-4tsfgy52,/home/bmeluch/NMDC/nom_processing/miesel_11_8bjf2432/raw/Miesel_60009_42_CPER_A1_POST_MST_33_H2O_SPE_r2_28Jan23_Alder_300SA_IATp03_9097.zip,/home/bmeluch/NMDC/nom_processing/miesel_11_8bjf2432/processed_20260513/Miesel_60009_42_CPER_A1_POST_MST_33_H2O_SPE_r2_28Jan23_Alder_300SA_IATp03_9097,/home/bmeluch/NMDC/nom_processing/miesel_11_8bjf2432/raw/Miesel_60009_QC_SRFAII_20ppm_r1_26Jan23_Alder_300SA_IATp01_9076.zip,"EMSL NOM full profile mass spectrometry, negative",12T FT-ICR MS,EMSL,EMSL,2023-01-28T06:33:52Z,,['nmdc:sty-11-8bjf2432']
nmdc:procsm-11-6jw13a66,/home/bmeluch/NMDC/nom_processing/miesel_11_8bjf2432/raw/Miesel_60009_54_OSBS_A_POST_MST_33_H2O_SPE_r1_26Jan23_Alder_300SA_IATp03_9003.zip,/home/bmeluch/NMDC/nom_processing/miesel_11_8bjf2432/processed_20260513/Miesel_60009_54_OSBS_A_POST_MST_33_H2O_SPE_r1_26Jan23_Alder_300SA_IATp03_9003,/home/bmeluch/NMDC/nom_processing/miesel_11_8bjf2432/raw/Miesel_60009_QC_SRFAII_20ppm_r1_26Jan23_Alder_300SA_IATp01_8983.zip,"EMSL NOM full profile mass spectrometry, negative",12T FT-ICR MS,EMSL,EMSL,2023-01-26T19:52:16Z,,['nmdc:sty-11-8bjf2432']
nmdc:procsm-11-16tsh374,/home/bmeluch/NMDC/nom_processing/miesel_11_8bjf2432/raw/Miesel_60009_82_RMNP_A1_POST_MSTplus5_33_Met_SPE_r2_300SA_IATp03_9575.zip,/home/bmeluch/NMDC/nom_processing/miesel_11_8bjf2432/processed_20260513/Miesel_60009_82_RMNP_A1_POST_MSTplus5_33_Met_SPE_r2_300SA_IATp03_9575,/home/bmeluch/NMDC/nom_processing/miesel_11_8bjf2432/raw/Miesel_60009_QC_SRFAII_20ppm_30Jan23_Fir_300SA_IATp01_9389.zip,"EMSL NOM full profile mass spectrometry, negative",12T FT-ICR MS,EMSL,EMSL,2023-02-12T03:25:07Z,,['nmdc:sty-11-8bjf2432']
nmdc:procsm-11-2n0et497,/home/bmeluch/NMDC/nom_processing/miesel_11_8bjf2432/raw/Miesel_60009_53_NIWO_A_POST_MST_33_Met_SPE_r1_300SA_IATp03_9265.zip,/home/bmeluch/NMDC/nom_processing/miesel_11_8bjf2432/processed_20260513/Miesel_60009_53_NIWO_A_POST_MST_33_Met_SPE_r1_300SA_IATp03_9265,/home/bmeluch/NMDC/nom_processing/miesel_11_8bjf2432/raw/Miesel_60009_QC_SRFAII_20ppm_30Jan23_Fir_300SA_IATp01_9235.zip,"EMSL NOM full profile mass spectrometry, negative",12T FT-ICR MS,EMSL,EMSL,2023-01-30T20:17:42Z,,['nmdc:sty-11-8bjf2432']
nmdc:procsm-11-c1dwcr41,/home/bmeluch/NMDC/nom_processing/miesel_11_8bjf2432/raw/Miesel_60009_73_GRSM_A_POST_MSTplus5_33_Met_SPE_r2_300SA_IATp03_9607.zip,/home/bmeluch/NMDC/nom_processing/miesel_11_8bjf2432/processed_20260513/Miesel_60009_73_GRSM_A_POST_MSTplus5_33_Met_SPE_r2_300SA_IATp03_9607,/home/bmeluch/NMDC/nom_processing/miesel_11_8bjf2432/raw/Miesel_60009_QC_SRFAII_20ppm_10Feb23_Fir_300SA_IATp01_9585.zip,"EMSL NOM full profile mass spectrometry, negative",12T FT-ICR MS,EMSL,EMSL,2023-02-12T14:20:03Z,,['nmdc:sty-11-8bjf2432']
nmdc:procsm-11-46avaz74,/home/bmeluch/NMDC/nom_processing/miesel_11_8bjf2432/raw/Miesel_60009_61_TREE_A1_POST_MST_33_Met_SPE_r1_30Jan23_Fir_300SA_IATp03_9177.zip,/home/bmeluch/NMDC/nom_processing/miesel_11_8bjf2432/processed_20260513/Miesel_60009_61_TREE_A1_POST_MST_33_Met_SPE_r1_30Jan23_Fir_300SA_IATp03_9177,/home/bmeluch/NMDC/nom_processing/miesel_11_8bjf2432/raw/Miesel_60009_QC_SRFAII_20ppm_r2_28Jan23_Fir_300SA_IATp01_9168.zip,"EMSL NOM full profile mass spectrometry, negative",12T FT-ICR MS,EMSL,EMSL,2023-01-29T11:51:12Z,,['nmdc:sty-11-8bjf2432']
nmdc:procsm-11-cr9hre71,/home/bmeluch/NMDC/nom_processing/miesel_11_8bjf2432/raw/Miesel_60009_90_WREF_A1_POST_MSTplus5_33_Met_SPE_r1_300SA_IATp03_9199.zip,/home/bmeluch/NMDC/nom_processing/miesel_11_8bjf2432/processed_20260513/Miesel_60009_90_WREF_A1_POST_MSTplus5_33_Met_SPE_r1_300SA_IATp03_9199,/home/bmeluch/NMDC/nom_processing/miesel_11_8bjf2432/raw/Miesel_60009_QC_SRFAII_20ppm_r2_28Jan23_Fir_300SA_IATp01_9168.zip,"EMSL NOM full profile mass spectrometry, negative",12T FT-ICR MS,EMSL,EMSL,2023-01-29T19:54:28Z,,['nmdc:sty-11-8bjf2432']
nmdc:procsm-11-2zxvh544,/home/bmeluch/NMDC/nom_processing/miesel_11_8bjf2432/raw/Miesel_60009_65_BARR_Oaf_POST_MSTplus5_33_Met_SPE_r1_300SA_IATp03_9243.zip,/home/bmeluch/NMDC/nom_processing/miesel_11_8bjf2432/processed_20260513/Miesel_60009_65_BARR_Oaf_POST_MSTplus5_33_Met_SPE_r1_300SA_IATp03_9243,/home/bmeluch/NMDC/nom_processing/miesel_11_8bjf2432/raw/Miesel_60009_QC_SRFAII_20ppm_30Jan23_Fir_300SA_IATp01_9235.zip,"EMSL NOM full profile mass spectrometry, negative",12T FT-ICR MS,EMSL,EMSL,2023-01-30T12:14:26Z,,['nmdc:sty-11-8bjf2432']
nmdc:procsm-11-kt3nbq35,/home/bmeluch/NMDC/nom_processing/miesel_11_8bjf2432/raw/Miesel_60009_42_CPER_A1_POST_MST_33_Met_SPE_r2_300SA_IATp03_9641.zip,/home/bmeluch/NMDC/nom_processing/miesel_11_8bjf2432/processed_20260513/Miesel_60009_42_CPER_A1_POST_MST_33_Met_SPE_r2_300SA_IATp03_9641,/home/bmeluch/NMDC/nom_processing/miesel_11_8bjf2432/raw/Miesel_60009_QC_SRFAII_20ppm_10Feb23_Fir_300SA_IATp01_9617.zip,"EMSL NOM full profile mass spectrometry, negative",12T FT-ICR MS,EMSL,EMSL,2023-02-13T01:55:55Z,,['nmdc:sty-11-8bjf2432']
nmdc:procsm-11-79manp72,/home/bmeluch/NMDC/nom_processing/miesel_11_8bjf2432/raw/Miesel_60009_79_NGPR_A_POST_MSTplus5_33_H2O_SPE_r1_300SA_IATp03_9051.zip,/home/bmeluch/NMDC/nom_processing/miesel_11_8bjf2432/processed_20260513/Miesel_60009_79_NGPR_A_POST_MSTplus5_33_H2O_SPE_r1_300SA_IATp03_9051,/home/bmeluch/NMDC/nom_processing/miesel_11_8bjf2432/raw/Miesel_60009_QC_SRFAII_20ppm_r1_26Jan23_Alder_300SA_IATp01_9044.zip,"EMSL NOM full profile mass spectrometry, negative",12T FT-ICR MS,EMSL,EMSL,2023-01-27T13:26:40Z,,['nmdc:sty-11-8bjf2432']
nmdc:procsm-11-jkdqc441,/home/bmeluch/NMDC/nom_processing/miesel_11_8bjf2432/raw/Miesel_60009_90_WREF_A1_POST_MSTplus5_33_H2O_SPE_r2_300SA_IATp03_9139.zip,/home/bmeluch/NMDC/nom_processing/miesel_11_8bjf2432/processed_20260513/Miesel_60009_90_WREF_A1_POST_MSTplus5_33_H2O_SPE_r2_300SA_IATp03_9139,/home/bmeluch/NMDC/nom_processing/miesel_11_8bjf2432/raw/Miesel_60009_QC_SRFAII_20ppm_r2_28Jan23_Fir_300SA_IATp01_9108.zip,"EMSL NOM full profile mass spectrometry, negative",12T FT-ICR MS,EMSL,EMSL,2023-01-28T21:56:28Z,,['nmdc:sty-11-8bjf2432']
nmdc:procsm-11-k9sgmd50,/home/bmeluch/NMDC/nom_processing/miesel_11_8bjf2432/raw/Miesel_60009_89_UNDE_A_POST_MSTplus5_33_Met_SPE_r1_300SA_IATp03_9258.zip,/home/bmeluch/NMDC/nom_processing/miesel_11_8bjf2432/processed_20260513/Miesel_60009_89_UNDE_A_POST_MSTplus5_33_Met_SPE_r1_300SA_IATp03_9258,/home/bmeluch/NMDC/nom_processing/miesel_11_8bjf2432/raw/Miesel_60009_QC_SRFAII_20ppm_30Jan23_Fir_300SA_IATp01_9235.zip,"EMSL NOM full profile mass spectrometry, negative",12T FT-ICR MS,EMSL,EMSL,2023-01-30T17:43:56Z,,['nmdc:sty-11-8bjf2432']
nmdc:procsm-11-hq4b5m08,/home/bmeluch/NMDC/nom_processing/miesel_11_8bjf2432/raw/Miesel_60009_06_CPER_A1_PRE_H2O_SPE_r1_26Jan23_Alder_300SA_IATp03_9025.zip,/home/bmeluch/NMDC/nom_processing/miesel_11_8bjf2432/processed_20260513/Miesel_60009_06_CPER_A1_PRE_H2O_SPE_r1_26Jan23_Alder_300SA_IATp03_9025,/home/bmeluch/NMDC/nom_processing/miesel_11_8bjf2432/raw/Miesel_60009_QC_SRFAII_20ppm_r1_26Jan23_Alder_300SA_IATp01_9014.zip,"EMSL NOM full profile mass spectrometry, negative",12T FT-ICR MS,EMSL,EMSL,2023-01-27T03:55:32Z,,['nmdc:sty-11-8bjf2432']
nmdc:procsm-11-fe14mw54,/home/bmeluch/NMDC/nom_processing/miesel_11_8bjf2432/raw/Miesel_60009_39_BLAN_Ap1_POST_MST_33_H2O_SPE_r1_26Jan23_Alder_300SA_IATp03_8994.zip,/home/bmeluch/NMDC/nom_processing/miesel_11_8bjf2432/processed_20260513/Miesel_60009_39_BLAN_Ap1_POST_MST_33_H2O_SPE_r1_26Jan23_Alder_300SA_IATp03_8994,/home/bmeluch/NMDC/nom_processing/miesel_11_8bjf2432/raw/Miesel_60009_QC_SRFAII_20ppm_r1_26Jan23_Alder_300SA_IATp01_8983.zip,"EMSL NOM full profile mass spectrometry, negative",12T FT-ICR MS,EMSL,EMSL,2023-01-26T16:34:34Z,,['nmdc:sty-11-8bjf2432']
nmdc:procsm-11-knahkp95,/home/bmeluch/NMDC/nom_processing/miesel_11_8bjf2432/raw/Miesel_60009_09_DSNY_A_PRE_H2O_SPE_r1_26Jan23_Alder_300SA_IATp03_9006.zip,/home/bmeluch/NMDC/nom_processing/miesel_11_8bjf2432/processed_20260513/Miesel_60009_09_DSNY_A_PRE_H2O_SPE_r1_26Jan23_Alder_300SA_IATp03_9006,/home/bmeluch/NMDC/nom_processing/miesel_11_8bjf2432/raw/Miesel_60009_QC_SRFAII_20ppm_r1_26Jan23_Alder_300SA_IATp01_8983.zip,"EMSL NOM full profile mass spectrometry, negative",12T FT-ICR MS,EMSL,EMSL,2023-01-26T20:58:10Z,,['nmdc:sty-11-8bjf2432']
nmdc:procsm-11-a4aa1k17,/home/bmeluch/NMDC/nom_processing/miesel_11_8bjf2432/raw/Miesel_60009_22_SOAP_A_PRE_Met_SPE_r2_300SA_IATp03_9579.zip,/home/bmeluch/NMDC/nom_processing/miesel_11_8bjf2432/processed_20260513/Miesel_60009_22_SOAP_A_PRE_Met_SPE_r2_300SA_IATp03_9579,/home/bmeluch/NMDC/nom_processing/miesel_11_8bjf2432/raw/Miesel_60009_QC_SRFAII_20ppm_30Jan23_Fir_300SA_IATp01_9389.zip,"EMSL NOM full profile mass spectrometry, negative",12T FT-ICR MS,EMSL,EMSL,2023-02-12T04:46:59Z,,['nmdc:sty-11-8bjf2432']
nmdc:procsm-11-4ee86888,/home/bmeluch/NMDC/nom_processing/miesel_11_8bjf2432/raw/Miesel_60009_87_TALL_A1_POST_MSTplus5_33_Met_SPE_r2_300SA_IATp03_9638.zip,/home/bmeluch/NMDC/nom_processing/miesel_11_8bjf2432/processed_20260513/Miesel_60009_87_TALL_A1_POST_MSTplus5_33_Met_SPE_r2_300SA_IATp03_9638,/home/bmeluch/NMDC/nom_processing/miesel_11_8bjf2432/raw/Miesel_60009_QC_SRFAII_20ppm_10Feb23_Fir_300SA_IATp01_9617.zip,"EMSL NOM full profile mass spectrometry, negative",12T FT-ICR MS,EMSL,EMSL,2023-02-13T00:54:31Z,,['nmdc:sty-11-8bjf2432']
nmdc:procsm-11-7x3jnw02,/home/bmeluch/NMDC/nom_processing/miesel_11_8bjf2432/raw/Miesel_60009_52_NGPR_A_POST_MST_33_H2O_SPE_r1_26Jan23_Alder_300SA_IATp03_9030.zip,/home/bmeluch/NMDC/nom_processing/miesel_11_8bjf2432/processed_20260513/Miesel_60009_52_NGPR_A_POST_MST_33_H2O_SPE_r1_26Jan23_Alder_300SA_IATp03_9030,/home/bmeluch/NMDC/nom_processing/miesel_11_8bjf2432/raw/Miesel_60009_QC_SRFAII_20ppm_r1_26Jan23_Alder_300SA_IATp01_9014.zip,"EMSL NOM full profile mass spectrometry, negative",12T FT-ICR MS,EMSL,EMSL,2023-01-27T05:45:22Z,,['nmdc:sty-11-8bjf2432']
nmdc:procsm-11-vq7htc79,/home/bmeluch/NMDC/nom_processing/miesel_11_8bjf2432/raw/Miesel_60009_58_SOAP_A_POST_MST_33_H2O_SPE_r1_26Jan23_Alder_300SA_IATp03_9048.zip,/home/bmeluch/NMDC/nom_processing/miesel_11_8bjf2432/processed_20260513/Miesel_60009_58_SOAP_A_POST_MST_33_H2O_SPE_r1_26Jan23_Alder_300SA_IATp03_9048,/home/bmeluch/NMDC/nom_processing/miesel_11_8bjf2432/raw/Miesel_60009_QC_SRFAII_20ppm_r1_26Jan23_Alder_300SA_IATp01_9044.zip,"EMSL NOM full profile mass spectrometry, negative",12T FT-ICR MS,EMSL,EMSL,2023-01-27T12:20:46Z,,['nmdc:sty-11-8bjf2432']
nmdc:procsm-11-knahkp95,/home/bmeluch/NMDC/nom_processing/miesel_11_8bjf2432/raw/Miesel_60009_09_DSNY_A_PRE_H2O_SPE_r2_28Jan23_Alder_300SA_IATp03_9100.zip,/home/bmeluch/NMDC/nom_processing/miesel_11_8bjf2432/processed_20260513/Miesel_60009_09_DSNY_A_PRE_H2O_SPE_r2_28Jan23_Alder_300SA_IATp03_9100,/home/bmeluch/NMDC/nom_processing/miesel_11_8bjf2432/raw/Miesel_60009_QC_SRFAII_20ppm_r1_26Jan23_Alder_300SA_IATp01_9076.zip,"EMSL NOM full profile mass spectrometry, negative",12T FT-ICR MS,EMSL,EMSL,2023-01-28T07:39:46Z,,['nmdc:sty-11-8bjf2432']
nmdc:procsm-11-gqawjp04,/home/bmeluch/NMDC/nom_processing/miesel_11_8bjf2432/raw/Miesel_60009_05_CLBJ_A1_PRE_H2O_SPE_r2_28Jan23_Fir_300SA_IATp03_9150.zip,/home/bmeluch/NMDC/nom_processing/miesel_11_8bjf2432/processed_20260513/Miesel_60009_05_CLBJ_A1_PRE_H2O_SPE_r2_28Jan23_Fir_300SA_IATp03_9150,/home/bmeluch/NMDC/nom_processing/miesel_11_8bjf2432/raw/Miesel_60009_QC_SRFAII_20ppm_r2_28Jan23_Fir_300SA_IATp01_9140.zip,"EMSL NOM full profile mass spectrometry, negative",12T FT-ICR MS,EMSL,EMSL,2023-01-29T01:58:06Z,,['nmdc:sty-11-8bjf2432']
nmdc:procsm-11-vsy2fk94,/home/bmeluch/NMDC/nom_processing/miesel_11_8bjf2432/raw/Miesel_60009_13_KONZ_A1_PRE_Met_SPE_r1_300SA_IATp03_9289.zip,/home/bmeluch/NMDC/nom_processing/miesel_11_8bjf2432/processed_20260513/Miesel_60009_13_KONZ_A1_PRE_Met_SPE_r1_300SA_IATp03_9289,/home/bmeluch/NMDC/nom_processing/miesel_11_8bjf2432/raw/Miesel_60009_QC_SRFAII_20ppm_30Jan23_Fir_300SA_IATp01_9266.zip,"EMSL NOM full profile mass spectrometry, negative",12T FT-ICR MS,EMSL,EMSL,2023-01-31T05:04:54Z,,['nmdc:sty-11-8bjf2432']
nmdc:procsm-11-4ee86888,/home/bmeluch/NMDC/nom_processing/miesel_11_8bjf2432/raw/Miesel_60009_87_TALL_A1_POST_MSTplus5_33_Met_SPE_r1_300SA_IATp03_9174.zip,/home/bmeluch/NMDC/nom_processing/miesel_11_8bjf2432/processed_20260513/Miesel_60009_87_TALL_A1_POST_MSTplus5_33_Met_SPE_r1_300SA_IATp03_9174,/home/bmeluch/NMDC/nom_processing/miesel_11_8bjf2432/raw/Miesel_60009_QC_SRFAII_20ppm_r2_28Jan23_Fir_300SA_IATp01_9168.zip,"EMSL NOM full profile mass spectrometry, negative",12T FT-ICR MS,EMSL,EMSL,2023-01-29T10:45:18Z,,['nmdc:sty-11-8bjf2432']
nmdc:procsm-11-8z3hc015,/home/bmeluch/NMDC/nom_processing/miesel_11_8bjf2432/raw/Miesel_60009_46_GRSM_A_POST_MST_33_Met_SPE_r1_300SA_IATp03_9257.zip,/home/bmeluch/NMDC/nom_processing/miesel_11_8bjf2432/processed_20260513/Miesel_60009_46_GRSM_A_POST_MST_33_Met_SPE_r1_300SA_IATp03_9257,/home/bmeluch/NMDC/nom_processing/miesel_11_8bjf2432/raw/Miesel_60009_QC_SRFAII_20ppm_30Jan23_Fir_300SA_IATp01_9235.zip,"EMSL NOM full profile mass spectrometry, negative",12T FT-ICR MS,EMSL,EMSL,2023-01-30T17:21:58Z,,['nmdc:sty-11-8bjf2432']
nmdc:procsm-11-yn3eef91,/home/bmeluch/NMDC/nom_processing/miesel_11_8bjf2432/raw/Miesel_60009_12_JORN_Ak_PRE_H2O_SPE_r2_28Jan23_Fir_300SA_IATp03_9147.zip,/home/bmeluch/NMDC/nom_processing/miesel_11_8bjf2432/processed_20260513/Miesel_60009_12_JORN_Ak_PRE_H2O_SPE_r2_28Jan23_Fir_300SA_IATp03_9147,/home/bmeluch/NMDC/nom_processing/miesel_11_8bjf2432/raw/Miesel_60009_QC_SRFAII_20ppm_r2_28Jan23_Fir_300SA_IATp01_9140.zip,"EMSL NOM full profile mass spectrometry, negative",12T FT-ICR MS,EMSL,EMSL,2023-01-29T00:52:12Z,,['nmdc:sty-11-8bjf2432']
nmdc:procsm-11-atxkb905,/home/bmeluch/NMDC/nom_processing/miesel_11_8bjf2432/raw/Miesel_60009_45_DSNY_A_POST_MST_33_H2O_SPE_r2_28Jan23_Alder_300SA_IATp03_9081.zip,/home/bmeluch/NMDC/nom_processing/miesel_11_8bjf2432/processed_20260513/Miesel_60009_45_DSNY_A_POST_MST_33_H2O_SPE_r2_28Jan23_Alder_300SA_IATp03_9081,/home/bmeluch/NMDC/nom_processing/miesel_11_8bjf2432/raw/Miesel_60009_QC_SRFAII_20ppm_r1_26Jan23_Alder_300SA_IATp01_9076.zip,"EMSL NOM full profile mass spectrometry, negative",12T FT-ICR MS,EMSL,EMSL,2023-01-28T00:42:24Z,,['nmdc:sty-11-8bjf2432']
nmdc:procsm-11-p0b27m59,/home/bmeluch/NMDC/nom_processing/miesel_11_8bjf2432/raw/Miesel_60009_18_OSBS_A_PRE_H2O_SPE_r2_28Jan23_Fir_300SA_IATp03_9130.zip,/home/bmeluch/NMDC/nom_processing/miesel_11_8bjf2432/processed_20260513/Miesel_60009_18_OSBS_A_PRE_H2O_SPE_r2_28Jan23_Fir_300SA_IATp03_9130,/home/bmeluch/NMDC/nom_processing/miesel_11_8bjf2432/raw/Miesel_60009_QC_SRFAII_20ppm_r2_28Jan23_Fir_300SA_IATp01_9108.zip,"EMSL NOM full profile mass spectrometry, negative",12T FT-ICR MS,EMSL,EMSL,2023-01-28T18:38:46Z,,['nmdc:sty-11-8bjf2432']
nmdc:procsm-11-tyf51491,/home/bmeluch/NMDC/nom_processing/miesel_11_8bjf2432/raw/Miesel_60009_24_TALL_A1_PRE_Met_SPE_r2_300SA_IATp03_9587.zip,/home/bmeluch/NMDC/nom_processing/miesel_11_8bjf2432/processed_20260513/Miesel_60009_24_TALL_A1_PRE_Met_SPE_r2_300SA_IATp03_9587,/home/bmeluch/NMDC/nom_processing/miesel_11_8bjf2432/raw/Miesel_60009_QC_SRFAII_20ppm_10Feb23_Fir_300SA_IATp01_9585.zip,"EMSL NOM full profile mass spectrometry, negative",12T FT-ICR MS,EMSL,EMSL,2023-02-12T07:30:43Z,,['nmdc:sty-11-8bjf2432']
nmdc:procsm-11-ay6a6s96,/home/bmeluch/NMDC/nom_processing/miesel_11_8bjf2432/raw/Miesel_60009_78_MOAB_A_POST_MSTplus5_33_H2O_SPE_r1_300SA_IATp03_9059.zip,/home/bmeluch/NMDC/nom_processing/miesel_11_8bjf2432/processed_20260513/Miesel_60009_78_MOAB_A_POST_MSTplus5_33_H2O_SPE_r1_300SA_IATp03_9059,/home/bmeluch/NMDC/nom_processing/miesel_11_8bjf2432/raw/Miesel_60009_QC_SRFAII_20ppm_r1_26Jan23_Alder_300SA_IATp01_9044.zip,"EMSL NOM full profile mass spectrometry, negative",12T FT-ICR MS,EMSL,EMSL,2023-01-27T16:39:08Z,,['nmdc:sty-11-8bjf2432']
nmdc:procsm-11-09rmts77,/home/bmeluch/NMDC/nom_processing/miesel_11_8bjf2432/raw/Miesel_60009_49_KONZ_A1_POST_MST_33_H2O_SPE_r1_26Jan23_Alder_300SA_IATp03_9017.zip,/home/bmeluch/NMDC/nom_processing/miesel_11_8bjf2432/processed_20260513/Miesel_60009_49_KONZ_A1_POST_MST_33_H2O_SPE_r1_26Jan23_Alder_300SA_IATp03_9017,/home/bmeluch/NMDC/nom_processing/miesel_11_8bjf2432/raw/Miesel_60009_QC_SRFAII_20ppm_r1_26Jan23_Alder_300SA_IATp01_9014.zip,"EMSL NOM full profile mass spectrometry, negative",12T FT-ICR MS,EMSL,EMSL,2023-01-27T00:59:48Z,,['nmdc:sty-11-8bjf2432']
nmdc:procsm-11-atxkb905,/home/bmeluch/NMDC/nom_processing/miesel_11_8bjf2432/raw/Miesel_60009_45_DSNY_A_POST_MST_33_H2O_SPE_r1_26Jan23_Alder_300SA_IATp03_9042.zip,/home/bmeluch/NMDC/nom_processing/miesel_11_8bjf2432/processed_20260513/Miesel_60009_45_DSNY_A_POST_MST_33_H2O_SPE_r1_26Jan23_Alder_300SA_IATp03_9042,/home/bmeluch/NMDC/nom_processing/miesel_11_8bjf2432/raw/Miesel_60009_QC_SRFAII_20ppm_r1_26Jan23_Alder_300SA_IATp01_9014.zip,"EMSL NOM full profile mass spectrometry, negative",12T FT-ICR MS,EMSL,EMSL,2023-01-27T10:08:58Z,,['nmdc:sty-11-8bjf2432']
nmdc:procsm-11-rtvyrf37,/home/bmeluch/NMDC/nom_processing/miesel_11_8bjf2432/raw/Miesel_60009_41_CLBJ_A1_POST_MST_33_Met_SPE_r1_30Jan23_Fir_300SA_IATp03_9188.zip,/home/bmeluch/NMDC/nom_processing/miesel_11_8bjf2432/processed_20260513/Miesel_60009_41_CLBJ_A1_POST_MST_33_Met_SPE_r1_30Jan23_Fir_300SA_IATp03_9188,/home/bmeluch/NMDC/nom_processing/miesel_11_8bjf2432/raw/Miesel_60009_QC_SRFAII_20ppm_r2_28Jan23_Fir_300SA_IATp01_9168.zip,"EMSL NOM full profile mass spectrometry, negative",12T FT-ICR MS,EMSL,EMSL,2023-01-29T15:52:50Z,,['nmdc:sty-11-8bjf2432']
nmdc:procsm-11-0p77sk78,/home/bmeluch/NMDC/nom_processing/miesel_11_8bjf2432/raw/Miesel_60009_74_HEAL_Oae_POST_MSTplus5_33_Met_SPE_r2_300SA_IATp03_9619.zip,/home/bmeluch/NMDC/nom_processing/miesel_11_8bjf2432/processed_20260513/Miesel_60009_74_HEAL_Oae_POST_MSTplus5_33_Met_SPE_r2_300SA_IATp03_9619,/home/bmeluch/NMDC/nom_processing/miesel_11_8bjf2432/raw/Miesel_60009_QC_SRFAII_20ppm_10Feb23_Fir_300SA_IATp01_9617.zip,"EMSL NOM full profile mass spectrometry, negative",12T FT-ICR MS,EMSL,EMSL,2023-02-12T18:25:39Z,,['nmdc:sty-11-8bjf2432']
nmdc:procsm-11-9bgt2294,/home/bmeluch/NMDC/nom_processing/miesel_11_8bjf2432/raw/Miesel_60009_59_STEI_A1_POST_MST_33_H2O_SPE_r1_26Jan23_Alder_300SA_IATp03_9041.zip,/home/bmeluch/NMDC/nom_processing/miesel_11_8bjf2432/processed_20260513/Miesel_60009_59_STEI_A1_POST_MST_33_H2O_SPE_r1_26Jan23_Alder_300SA_IATp03_9041,/home/bmeluch/NMDC/nom_processing/miesel_11_8bjf2432/raw/Miesel_60009_QC_SRFAII_20ppm_r1_26Jan23_Alder_300SA_IATp01_9014.zip,"EMSL NOM full profile mass spectrometry, negative",12T FT-ICR MS,EMSL,EMSL,2023-01-27T09:47:00Z,,['nmdc:sty-11-8bjf2432']
nmdc:procsm-11-cm35jb20,/home/bmeluch/NMDC/nom_processing/miesel_11_8bjf2432/raw/Miesel_60009_55_RMNP_A1_POST_MST_33_Met_SPE_r1_30Jan23_Fir_300SA_IATp03_9185.zip,/home/bmeluch/NMDC/nom_processing/miesel_11_8bjf2432/processed_20260513/Miesel_60009_55_RMNP_A1_POST_MST_33_Met_SPE_r1_30Jan23_Fir_300SA_IATp03_9185,/home/bmeluch/NMDC/nom_processing/miesel_11_8bjf2432/raw/Miesel_60009_QC_SRFAII_20ppm_r2_28Jan23_Fir_300SA_IATp01_9168.zip,"EMSL NOM full profile mass spectrometry, negative",12T FT-ICR MS,EMSL,EMSL,2023-01-29T14:46:56Z,,['nmdc:sty-11-8bjf2432']
nmdc:procsm-11-ettmte93,/home/bmeluch/NMDC/nom_processing/miesel_11_8bjf2432/raw/Miesel_60009_75_JORN_Ak_POST_MSTplus5_33_H2O_SPE_r2_300SA_IATp03_9082.zip,/home/bmeluch/NMDC/nom_processing/miesel_11_8bjf2432/processed_20260513/Miesel_60009_75_JORN_Ak_POST_MSTplus5_33_H2O_SPE_r2_300SA_IATp03_9082,/home/bmeluch/NMDC/nom_processing/miesel_11_8bjf2432/raw/Miesel_60009_QC_SRFAII_20ppm_r1_26Jan23_Alder_300SA_IATp01_9076.zip,"EMSL NOM full profile mass spectrometry, negative",12T FT-ICR MS,EMSL,EMSL,2023-01-28T01:04:22Z,,['nmdc:sty-11-8bjf2432']
nmdc:procsm-11-3p1sxr46,/home/bmeluch/NMDC/nom_processing/miesel_11_8bjf2432/raw/Miesel_60009_88_TREE_A1_POST_MSTplus5_33_H2O_SPE_r1_300SA_IATp03_9038.zip,/home/bmeluch/NMDC/nom_processing/miesel_11_8bjf2432/processed_20260513/Miesel_60009_88_TREE_A1_POST_MSTplus5_33_H2O_SPE_r1_300SA_IATp03_9038,/home/bmeluch/NMDC/nom_processing/miesel_11_8bjf2432/raw/Miesel_60009_QC_SRFAII_20ppm_r1_26Jan23_Alder_300SA_IATp01_9014.zip,"EMSL NOM full profile mass spectrometry, negative",12T FT-ICR MS,EMSL,EMSL,2023-01-27T08:41:06Z,,['nmdc:sty-11-8bjf2432']
nmdc:procsm-11-tkt9j846,/home/bmeluch/NMDC/nom_processing/miesel_11_8bjf2432/raw/Miesel_60009_20_SERC_A_PRE_Met_SPE_r1_30Jan23_Fir_300SA_IATp03_9189.zip,/home/bmeluch/NMDC/nom_processing/miesel_11_8bjf2432/processed_20260513/Miesel_60009_20_SERC_A_PRE_Met_SPE_r1_30Jan23_Fir_300SA_IATp03_9189,/home/bmeluch/NMDC/nom_processing/miesel_11_8bjf2432/raw/Miesel_60009_QC_SRFAII_20ppm_r2_28Jan23_Fir_300SA_IATp01_9168.zip,"EMSL NOM full profile mass spectrometry, negative",12T FT-ICR MS,EMSL,EMSL,2023-01-29T16:14:48Z,,['nmdc:sty-11-8bjf2432']
nmdc:procsm-11-j24khh87,/home/bmeluch/NMDC/nom_processing/miesel_11_8bjf2432/raw/Miesel_60009_40_BONA_Oea_POST_MST_33_H2O_SPE_r1_26Jan23_Alder_300SA_IATp03_9035.zip,/home/bmeluch/NMDC/nom_processing/miesel_11_8bjf2432/processed_20260513/Miesel_60009_40_BONA_Oea_POST_MST_33_H2O_SPE_r1_26Jan23_Alder_300SA_IATp03_9035,/home/bmeluch/NMDC/nom_processing/miesel_11_8bjf2432/raw/Miesel_60009_QC_SRFAII_20ppm_r1_26Jan23_Alder_300SA_IATp01_9014.zip,"EMSL NOM full profile mass spectrometry, negative",12T FT-ICR MS,EMSL,EMSL,2023-01-27T07:35:12Z,,['nmdc:sty-11-8bjf2432']
nmdc:procsm-11-qeqz9966,/home/bmeluch/NMDC/nom_processing/miesel_11_8bjf2432/raw/Miesel_60009_37_ABBY_A_POST_MST_33_H2O_SPE_r2_28Jan23_Fir_300SA_IATp03_9118.zip,/home/bmeluch/NMDC/nom_processing/miesel_11_8bjf2432/processed_20260513/Miesel_60009_37_ABBY_A_POST_MST_33_H2O_SPE_r2_28Jan23_Fir_300SA_IATp03_9118,/home/bmeluch/NMDC/nom_processing/miesel_11_8bjf2432/raw/Miesel_60009_QC_SRFAII_20ppm_r2_28Jan23_Fir_300SA_IATp01_9108.zip,"EMSL NOM full profile mass spectrometry, negative",12T FT-ICR MS,EMSL,EMSL,2023-01-28T14:15:10Z,,['nmdc:sty-11-8bjf2432']
