"dataset_id","dataset","comment","acq_time_start","instrument","eus_proposal_id","data_folder_path","dataset_rating"
1328933,"60920_9_BTM_3_MAOM_r3_Mag_23Dec24_3p3kV_300SA_p01_44_1_21148","",2024-12-25 19:52:10.000,SciMax01,"60920",https://proto-9.pnl.gov/SciMax01/2024_4/60920_9_BTM_3_MAOM_r3_Mag_23Dec24_3p3kV_300SA_p01_44_1_21148,Released
1230856,"60932_3_T_3_WEOM_r1_Mag_21Feb24_300SA_p01_11_1_15515",Buzzard: MONet,2024-02-22 16:30:17.000,SciMax01,"60932",https://proto-9.pnl.gov/SciMax01/2024_1/60932_3_T_3_WEOM_r1_Mag_21Feb24_300SA_p01_11_1_15515,Released
1220527,"60938_3_B_2_WEOM_r2_Mag_18Jan24_300SA_p01_17_1_14897",Buzzard: MONet,2024-01-22 11:16:55.000,SciMax01,"60938",https://proto-9.pnl.gov/SciMax01/2024_1/60938_3_B_2_WEOM_r2_Mag_18Jan24_300SA_p01_17_1_14897,Released
1336718,"60923_15_BTM_1_MAOM_r2_Mag_22Jan25_3p3kV_300SA_p01_13_1_22269","",2025-01-23 19:37:46.000,SciMax01,"60923",https://proto-9.pnl.gov/SciMax01/2025_1/60923_15_BTM_1_MAOM_r2_Mag_22Jan25_3p3kV_300SA_p01_13_1_22269,Released
1337725,"60886_6_BTM_3_MAOM_r3_Mag_22Jan25_3p3kV_300SA_p01_45_1_22499","",2025-01-28 02:12:33.000,SciMax01,"60886",https://proto-9.pnl.gov/SciMax01/2025_1/60886_6_BTM_3_MAOM_r3_Mag_22Jan25_3p3kV_300SA_p01_45_1_22499,Released
1252847,"60881_1_T_3_WEOM_r2_Mag_01May24_300SA_p01_47_1_18148","",2024-05-04 13:12:42.000,SciMax01,"60881",https://proto-9.pnl.gov/SciMax01/2024_2/60881_1_T_3_WEOM_r2_Mag_01May24_300SA_p01_47_1_18148,Released
1231082,"60846_7_B_3_WEOM_r2_Mag_16Feb24_300SA_p01_30_1_15308",Buzzard: MONet,2024-02-17 22:27:12.000,SciMax01,"60846",https://proto-9.pnl.gov/SciMax01/2024_1/60846_7_B_3_WEOM_r2_Mag_16Feb24_300SA_p01_30_1_15308,Released
1252903,"60881_4_T_3_WEOM_r2_Mag_01May24_300SA_p01_18_1_18179","",2024-05-05 02:57:07.000,SciMax01,"60881",https://proto-9.pnl.gov/SciMax01/2024_2/60881_4_T_3_WEOM_r2_Mag_01May24_300SA_p01_18_1_18179,Released
1230682,"60932_1_B_1_WEOM_r3_Mag_24Feb24_300SA_p01_1_1_16003",Buzzard: MONet,2024-02-26 03:38:21.000,SciMax01,"60932",https://proto-9.pnl.gov/SciMax01/2024_1/60932_1_B_1_WEOM_r3_Mag_24Feb24_300SA_p01_1_1_16003,Released
1221030,QC_SRFAII_23_01_20ppm_r2_Mag_18Jan24_300SA_p01_54_1_14819,Buzzard: MONet,2024-01-21 00:42:40.000,SciMax01,"60933",https://proto-9.pnl.gov/SciMax01/2024_1/QC_SRFAII_23_01_20ppm_r2_Mag_18Jan24_300SA_p01_54_1_14819,Released
1217440,"60923_9_B_2_WEOM_r2_Mag_04Jan24_300SA_p01_46_1_14554",Buzzard: Use this data,2024-01-07 05:27:52.000,SciMax01,"60923",https://proto-9.pnl.gov/SciMax01/2024_1/60923_9_B_2_WEOM_r2_Mag_04Jan24_300SA_p01_46_1_14554,Released
1329834,"60921_4_TOP_1_MAOM_r3_Mag_27Dec24_3p3kV_300SA_p01_21_1_21413","",2025-01-01 05:37:03.000,SciMax01,"60921",https://proto-9.pnl.gov/SciMax01/2025_1/60921_4_TOP_1_MAOM_r3_Mag_27Dec24_3p3kV_300SA_p01_21_1_21413,Released
1346085,"60880_6_BTM_3_MAOM_r3_Mag_26Feb25_3p3kV_300SA_p01_46_1_23921","",2025-03-04 09:47:46.000,SciMax01,"60880",https://proto-9.pnl.gov/SciMax01/2025_1/60880_6_BTM_3_MAOM_r3_Mag_26Feb25_3p3kV_300SA_p01_46_1_23921,Released
1231124,"60933_17_B_1_WEOM_r3_Mag_12Feb24_300SA_p01_40_1_15205",Buzzard: MONet,2024-02-15 23:39:55.000,SciMax01,"60933",https://proto-9.pnl.gov/SciMax01/2024_1/60933_17_B_1_WEOM_r3_Mag_12Feb24_300SA_p01_40_1_15205,Released
1220965,"60938_2_T_2_WEOM_r3_Mag_18Jan24_300SA_p01_8_1_14977",Buzzard: MONet,2024-01-23 22:44:13.000,SciMax01,"60938",https://proto-9.pnl.gov/SciMax01/2024_1/60938_2_T_2_WEOM_r3_Mag_18Jan24_300SA_p01_8_1_14977,Released
1335391,"60933_15_TOP_2_MAOM_r1_Mag_13Jan25_3p3kV_300SA_p01_30_1_21805","",2025-01-14 16:56:19.000,SciMax01,"60933",https://proto-9.pnl.gov/SciMax01/2025_1/60933_15_TOP_2_MAOM_r1_Mag_13Jan25_3p3kV_300SA_p01_30_1_21805,Released
1230706,"60932_2_B_3_WEOM_r2_Mag_24Feb24_300SA_p01_8_1_15942",Buzzard: MONet,2024-02-25 00:36:18.000,SciMax01,"60932",https://proto-9.pnl.gov/SciMax01/2024_1/60932_2_B_3_WEOM_r2_Mag_24Feb24_300SA_p01_8_1_15942,Released
1220991,"60938_3_T_2_WEOM_r3_Mag_18Jan24_300SA_p01_14_1_14989",Buzzard: MONet,2024-01-24 04:03:19.000,SciMax01,"60938",https://proto-9.pnl.gov/SciMax01/2024_1/60938_3_T_2_WEOM_r3_Mag_18Jan24_300SA_p01_14_1_14989,Released
1217306,"60923_10_T_3_WEOM_r3_Mag_04Jan24_300SA_p01_27_1_14667",Buzzard: Use this data,2024-01-09 07:32:47.000,SciMax01,"60923",https://proto-9.pnl.gov/SciMax01/2024_1/60923_10_T_3_WEOM_r3_Mag_04Jan24_300SA_p01_27_1_14667,Released
1252800,QC_SRFAII_23_01_10ppm_WEOM_r1_Mag_01May24_300SA_p01_54_1_18108,"",2024-05-03 19:29:05.000,SciMax01,"60881",https://proto-9.pnl.gov/SciMax01/2024_2/QC_SRFAII_23_01_10ppm_WEOM_r1_Mag_01May24_300SA_p01_54_1_18108,Released
1344946,"60920_2_BTM_3_MAOM_r2_Mag_19Feb25_3p3kV_300SA_p01_12_1_23394","",2025-02-20 18:54:04.000,SciMax01,"60920",https://proto-9.pnl.gov/SciMax01/2025_1/60920_2_BTM_3_MAOM_r2_Mag_19Feb25_3p3kV_300SA_p01_12_1_23394,Released
1345555,"60880_5_TOP_1_MAOM_r2_Mag_26Feb25_3p3kV_300SA_p01_35_1_23859","",2025-03-03 06:09:21.000,SciMax01,"60880",https://proto-9.pnl.gov/SciMax01/2025_1/60880_5_TOP_1_MAOM_r2_Mag_26Feb25_3p3kV_300SA_p01_35_1_23859,Released
1235636,"60886_6_B_1_WEOM_r1_Mag_10Mar24_300SA_p01_34_1_17137",Buzzard: MONet,2024-03-11 18:30:13.000,SciMax01,"60886",https://proto-9.pnl.gov/SciMax01/2024_1/60886_6_B_1_WEOM_r1_Mag_10Mar24_300SA_p01_34_1_17137,Released
1336813,"60923_17_TOP_3_MAOM_r2_Mag_22Jan25_3p3kV_300SA_p01_24_1_22289","",2025-01-24 04:33:16.000,SciMax01,"60923",https://proto-9.pnl.gov/SciMax01/2025_1/60923_17_TOP_3_MAOM_r2_Mag_22Jan25_3p3kV_300SA_p01_24_1_22289,Released
1252807,"60881_1_B_3_WEOM_r2_Mag_01May24_300SA_p01_3_1_18165","",2024-05-04 20:44:47.000,SciMax01,"60881",https://proto-9.pnl.gov/SciMax01/2024_2/60881_1_B_3_WEOM_r2_Mag_01May24_300SA_p01_3_1_18165,Released
1235660,"60942_3_B_2_WEOM_r3_Mag_07Mar24_300SA_p01_16_1_17079",Buzzard: MONet,2024-03-10 15:55:51.000,SciMax01,"60942",https://proto-9.pnl.gov/SciMax01/2024_1/60942_3_B_2_WEOM_r3_Mag_07Mar24_300SA_p01_16_1_17079,Released
1340554,"60938_3_TOP_2_MAOM_r1_Mag_03Feb25_3p3kV_300SA_p01_14_1_22773","",2025-02-04 03:43:37.000,SciMax01,"60938",https://proto-9.pnl.gov/SciMax01/2025_1/60938_3_TOP_2_MAOM_r1_Mag_03Feb25_3p3kV_300SA_p01_14_1_22773,Released
1338649,"60933_18_BTM_2_MAOM_r3_Mag_29Jan25_3p3kV_300SA_p01_5_1_22674","",2025-01-31 08:27:08.000,SciMax01,"60933",https://proto-9.pnl.gov/SciMax01/2025_1/60933_18_BTM_2_MAOM_r3_Mag_29Jan25_3p3kV_300SA_p01_5_1_22674,Released
1314853,"60933_5_TOP_1_WEOM_r1_Mag_01Nov24_3p3kV_p01_27_1_20107",Buzzard: Testing response after Instrument cell clean and lab move,2024-11-02 05:06:46.000,SciMax01,"60938",https://proto-9.pnl.gov/SciMax01/2024_4/60933_5_TOP_1_WEOM_r1_Mag_01Nov24_3p3kV_p01_27_1_20107,Released
1234601,"60923_21_B_1_WEOM_r1_Mag_04Mar24_300SA_p01_40_1_16845",Buzzard: MONet,2024-03-05 14:47:29.000,SciMax01,"60923",https://proto-9.pnl.gov/SciMax01/2024_1/60923_21_B_1_WEOM_r1_Mag_04Mar24_300SA_p01_40_1_16845,Released
1217515,"60923_9_T_1_WEOM_r1_Mag_04Jan24_300SA_p01_17_1_14429",Buzzard: Use this data,2024-01-04 22:03:58.000,SciMax01,"60923",https://proto-9.pnl.gov/SciMax01/2024_1/60923_9_T_1_WEOM_r1_Mag_04Jan24_300SA_p01_17_1_14429,Released
1340297,"60946_1_BTM_3_MAOM_r3_Mag_03Feb25_3p3kV_300SA_p01_34_1_22996","",2025-02-08 07:07:30.000,SciMax01,"60946",https://proto-9.pnl.gov/SciMax01/2025_1/60946_1_BTM_3_MAOM_r3_Mag_03Feb25_3p3kV_300SA_p01_34_1_22996,Released
1220985,"60938_1_B_3_WEOM_r3_Mag_18Jan24_300SA_p01_6_1_14992",Buzzard: MONet,2024-01-24 05:23:06.000,SciMax01,"60938",https://proto-9.pnl.gov/SciMax01/2024_1/60938_1_B_3_WEOM_r3_Mag_18Jan24_300SA_p01_6_1_14992,Released
1217527,"60923_14_T_1_WEOM_r1_Mag_04Jan24_300SA_p01_27_1_14426",Buzzard: Use this data,2024-01-04 20:44:10.000,SciMax01,"60923",https://proto-9.pnl.gov/SciMax01/2024_1/60923_14_T_1_WEOM_r1_Mag_04Jan24_300SA_p01_27_1_14426,Released
1336953,"60923_20_TOP_3_MAOM_r2_Mag_22Jan25_3p3kV_300SA_p01_46_1_22312","",2025-01-24 14:48:02.000,SciMax01,"60923",https://proto-9.pnl.gov/SciMax01/2025_1/60923_20_TOP_3_MAOM_r2_Mag_22Jan25_3p3kV_300SA_p01_46_1_22312,Released
1220733,"60933_3_B_1_WEOM_r1_Mag_18Jan24_300SA_p01_13_1_14701",Buzzard: MONet,2024-01-18 20:24:53.000,SciMax01,"60933",https://proto-9.pnl.gov/SciMax01/2024_1/60933_3_B_1_WEOM_r1_Mag_18Jan24_300SA_p01_13_1_14701,Released
1336145,"60933_17_TOP_3_MAOM_r1_Mag_13Jan25_3p3kV_300SA_p01_42_1_21817","samples were rerun to check, all good",2025-01-14 22:17:52.000,SciMax01,"60933",https://proto-9.pnl.gov/SciMax01/2025_1/60933_17_TOP_3_MAOM_r1_Mag_13Jan25_3p3kV_300SA_p01_42_1_21817,Released
1344905,"60920_5_TOP_3_MAOM_r1_Mag_19Feb25_3p3kV_300SA_p01_27_1_23339","",2025-02-19 18:24:08.000,SciMax01,"60920",https://proto-9.pnl.gov/SciMax01/2025_1/60920_5_TOP_3_MAOM_r1_Mag_19Feb25_3p3kV_300SA_p01_27_1_23339,Released
1471484,QC_SRFAII_25_01_old_r1_54_1_32067,Buzzard: testing Fluent extractions,2026-01-28 17:25:10.000,SciMax01,"61050",https://proto-9.pnl.gov/SciMax01/2026_1/QC_SRFAII_25_01_old_r1_54_1_32067,Released
1336833,"60923_15_BTM_2_MAOM_r2_Mag_22Jan25_3p3kV_300SA_p01_14_1_22295","",2025-01-24 07:13:33.000,SciMax01,"60923",https://proto-9.pnl.gov/SciMax01/2025_1/60923_15_BTM_2_MAOM_r2_Mag_22Jan25_3p3kV_300SA_p01_14_1_22295,Released
1252940,"60881_2_B_2_WEOM_r3_Mag_01May24_300SA_p01_8_1_18258","",2024-05-06 13:57:47.000,SciMax01,"60881",https://proto-9.pnl.gov/SciMax01/2024_2/60881_2_B_2_WEOM_r3_Mag_01May24_300SA_p01_8_1_18258,Released
1344947,"60920_4_TOP_1_MAOM_r1_Mag_19Feb25_3p3kV_300SA_p01_19_1_23338","",2025-02-19 17:57:22.000,SciMax01,"60920",https://proto-9.pnl.gov/SciMax01/2025_1/60920_4_TOP_1_MAOM_r1_Mag_19Feb25_3p3kV_300SA_p01_19_1_23338,Released
1329535,"60880_4_BTM_1_MAOM_r2_Mag_27Dec24_3p3kV_300SA_p01_10_1_21363","",2024-12-31 07:19:12.000,SciMax01,"60880",https://proto-9.pnl.gov/SciMax01/2024_4/60880_4_BTM_1_MAOM_r2_Mag_27Dec24_3p3kV_300SA_p01_10_1_21363,Released
1329162,"60923_7_TOP_3_MAOM_r2_Mag_27Dec24_3p3kV_300SA_p01_39_1_21259","",2024-12-29 08:57:41.000,SciMax01,"60923",https://proto-9.pnl.gov/SciMax01/2024_4/60923_7_TOP_3_MAOM_r2_Mag_27Dec24_3p3kV_300SA_p01_39_1_21259,Released
1215813,QC_SRFAII_23_01_20ppm_r2_Mag_21Dec23_300SA_p01_54_1_14119,Data needs to be reviewed,2023-12-25 04:28:06.000,SciMax01,"60920",https://proto-9.pnl.gov/SciMax01/2024_1/QC_SRFAII_23_01_20ppm_r2_Mag_21Dec23_300SA_p01_54_1_14119,Released
1328834,"60940_2_TOP_3_MAOM_r1_Mag_19Dec24_3p3kV_300SA_p01_9_1_20993","",2024-12-20 08:18:15.000,SciMax01,"60940",https://proto-9.pnl.gov/SciMax01/2024_4/60940_2_TOP_3_MAOM_r1_Mag_19Dec24_3p3kV_300SA_p01_9_1_20993,Released
1335332,"60933_13_TOP_1_MAOM_r3_Mag_13Jan25_3p3kV_300SA_p01_17_1_21934","",2025-01-17 02:30:45.000,SciMax01,"60933",https://proto-9.pnl.gov/SciMax01/2025_1/60933_13_TOP_1_MAOM_r3_Mag_13Jan25_3p3kV_300SA_p01_17_1_21934,Released
1335193,"60933_16_BTM_2_MAOM_r2_Mag_13Jan25_3p3kV_300SA_p01_38_1_21869","",2025-01-15 21:31:02.000,SciMax01,"60933",https://proto-9.pnl.gov/SciMax01/2025_1/60933_16_BTM_2_MAOM_r2_Mag_13Jan25_3p3kV_300SA_p01_38_1_21869,Released
1340583,"60938_5_BTM_2_MAOM_r2_Mag_03Feb25_3p3kV_300SA_p01_33_1_22828","",2025-02-05 04:14:03.000,SciMax01,"60938",https://proto-9.pnl.gov/SciMax01/2025_1/60938_5_BTM_2_MAOM_r2_Mag_03Feb25_3p3kV_300SA_p01_33_1_22828,Released
1341738,"60881_1_TOP_1_MAOM_r1_Mag_10Feb25_3p3kV_300SA_p01_1_1_23201","",2025-02-13 13:59:29.000,SciMax01,"60881",https://proto-9.pnl.gov/SciMax01/2025_1/60881_1_TOP_1_MAOM_r1_Mag_10Feb25_3p3kV_300SA_p01_1_1_23201,Released
1344811,"60920_3_TOP_3_MAOM_r3_Mag_19Feb25_3p3kV_300SA_p01_15_1_23450","",2025-02-21 19:53:00.000,SciMax01,"60920",https://proto-9.pnl.gov/SciMax01/2025_1/60920_3_TOP_3_MAOM_r3_Mag_19Feb25_3p3kV_300SA_p01_15_1_23450,Released
1341911,"60881_2_TOP_3_MAOM_r2_Mag_10Feb25_3p3kV_300SA_p01_9_1_23241","",2025-02-14 07:50:27.000,SciMax01,"60881",https://proto-9.pnl.gov/SciMax01/2025_1/60881_2_TOP_3_MAOM_r2_Mag_10Feb25_3p3kV_300SA_p01_9_1_23241,Released
1340380,"60942_6_BTM_3_MAOM_r3_Mag_03Feb25_3p3kV_300SA_p01_28_1_23023","",2025-02-08 19:10:23.000,SciMax01,"60942",https://proto-9.pnl.gov/SciMax01/2025_1/60942_6_BTM_3_MAOM_r3_Mag_03Feb25_3p3kV_300SA_p01_28_1_23023,Released
1344765,"60920_1_TOP_1_MAOM_r1_Mag_19Feb25_3p3kV_300SA_p01_1_1_23366","",2025-02-20 06:26:04.000,SciMax01,"60920",https://proto-9.pnl.gov/SciMax01/2025_1/60920_1_TOP_1_MAOM_r1_Mag_19Feb25_3p3kV_300SA_p01_1_1_23366,Released
1216082,"60923_6_T_3_WEOM_r1_Mag_26Dec23_300SA_p01_19_1_14268",Buzzard: Data is fine but queue stopped over holiday week so need to shim cell and will run the queue again,2023-12-28 13:45:14.000,SciMax01,"60923",https://proto-9.pnl.gov/SciMax01/2024_1/60923_6_T_3_WEOM_r1_Mag_26Dec23_300SA_p01_19_1_14268,Released
1252840,"60881_2_T_1_WEOM_r2_Mag_01May24_300SA_p01_4_1_18166","",2024-05-04 21:11:22.000,SciMax01,"60881",https://proto-9.pnl.gov/SciMax01/2024_2/60881_2_T_1_WEOM_r2_Mag_01May24_300SA_p01_4_1_18166,Released
1344964,"60920_2_TOP_2_MAOM_r2_Mag_19Feb25_3p3kV_300SA_p01_8_1_23419","",2025-02-21 06:02:38.000,SciMax01,"60920",https://proto-9.pnl.gov/SciMax01/2025_1/60920_2_TOP_2_MAOM_r2_Mag_19Feb25_3p3kV_300SA_p01_8_1_23419,Released
1252876,"60881_2_T_3_WEOM_r3_Mag_01May24_300SA_p01_6_1_18236","",2024-05-06 04:12:45.000,SciMax01,"60881",https://proto-9.pnl.gov/SciMax01/2024_2/60881_2_T_3_WEOM_r3_Mag_01May24_300SA_p01_6_1_18236,Released
1341809,"60881_5_TOP_2_MAOM_r1_Mag_10Feb25_3p3kV_300SA_p01_26_1_23216","",2025-02-13 20:41:00.000,SciMax01,"60881",https://proto-9.pnl.gov/SciMax01/2025_1/60881_5_TOP_2_MAOM_r1_Mag_10Feb25_3p3kV_300SA_p01_26_1_23216,Released
1329457,"60880_3_BTM_2_MAOM_r1_Mag_27Dec24_3p3kV_300SA_p01_5_1_21337","",2024-12-30 19:44:02.000,SciMax01,"60880",https://proto-9.pnl.gov/SciMax01/2024_4/60880_3_BTM_2_MAOM_r1_Mag_27Dec24_3p3kV_300SA_p01_5_1_21337,Released
1272583,"60923_3_T_1_MAOM_r3_Mag_04Jul24_300SA_p01_13_1_19427",Buzzard: testing MAOM samples before the move,2024-07-05 08:10:14.000,SciMax01,"60923",https://proto-9.pnl.gov/SciMax01/2024_3/60923_3_T_1_MAOM_r3_Mag_04Jul24_300SA_p01_13_1_19427,Released
1481354,QC_SRFAII_25_02_r1_Mag_12Mar26_54_1_32509,"",2026-03-13 02:30:12.000,SciMax01,"61050",https://proto-9.pnl.gov/SciMax01/2026_1/QC_SRFAII_25_02_r1_Mag_12Mar26_54_1_32509,Released
1344900,"60920_5_TOP_3_MAOM_r2_Mag_19Feb25_3p3kV_300SA_p01_27_1_23407","",2025-02-21 00:41:50.000,SciMax01,"60920",https://proto-9.pnl.gov/SciMax01/2025_1/60920_5_TOP_3_MAOM_r2_Mag_19Feb25_3p3kV_300SA_p01_27_1_23407,Released
1330642,"60846_2_BTM_3_MAOM_r2_Mag_02Jan25_3p3kV_300SA_p01_6_1_21520","",2025-01-04 05:37:35.000,SciMax01,"60846",https://proto-9.pnl.gov/SciMax01/2025_1/60846_2_BTM_3_MAOM_r2_Mag_02Jan25_3p3kV_300SA_p01_6_1_21520,Released
1231301,"60933_16_T_1_WEOM_r3_Mag_12Feb24_300SA_p01_31_1_15223",Buzzard: MONet,2024-02-16 07:38:36.000,SciMax01,"60933",https://proto-9.pnl.gov/SciMax01/2024_1/60933_16_T_1_WEOM_r3_Mag_12Feb24_300SA_p01_31_1_15223,Released
1338061,"60923_11_BTM_2_MAOM_r1_Mag_29Jan25_3p3kV_300SA_p01_39_1_22572","",2025-01-29 10:58:45.000,SciMax01,"60923",https://proto-9.pnl.gov/SciMax01/2025_1/60923_11_BTM_2_MAOM_r1_Mag_29Jan25_3p3kV_300SA_p01_39_1_22572,Released
1217477,"60923_11_T_2_WEOM_r2_Mag_04Jan24_300SA_p01_1_1_14566",Buzzard: Use this data,2024-01-07 10:46:59.000,SciMax01,"60923",https://proto-9.pnl.gov/SciMax01/2024_1/60923_11_T_2_WEOM_r2_Mag_04Jan24_300SA_p01_1_1_14566,Released
1217336,"60923_1_B_2_WEOM_r1_Mag_04Jan24_300SA_p01_30_1_14455",Buzzard: Use this data,2024-01-05 09:35:19.000,SciMax01,"60923",https://proto-9.pnl.gov/SciMax01/2024_1/60923_1_B_2_WEOM_r1_Mag_04Jan24_300SA_p01_30_1_14455,Released
1336205,"60923_14_BTM_1_MAOM_r1_Mag_22Jan25_3p3kV_300SA_p01_7_1_22208","",2025-01-22 16:25:46.000,SciMax01,"60923",https://proto-9.pnl.gov/SciMax01/2025_1/60923_14_BTM_1_MAOM_r1_Mag_22Jan25_3p3kV_300SA_p01_7_1_22208,Released
1329513,"60880_4_BTM_1_MAOM_r1_Mag_27Dec24_3p3kV_300SA_p01_10_1_21355","",2024-12-31 03:45:19.000,SciMax01,"60880",https://proto-9.pnl.gov/SciMax01/2024_4/60880_4_BTM_1_MAOM_r1_Mag_27Dec24_3p3kV_300SA_p01_10_1_21355,Released
1338239,"60923_12_BTM_3_MAOM_r1_Mag_29Jan25_3p3kV_300SA_p01_45_1_22586","",2025-01-29 17:13:18.000,SciMax01,"60923",https://proto-9.pnl.gov/SciMax01/2025_1/60923_12_BTM_3_MAOM_r1_Mag_29Jan25_3p3kV_300SA_p01_45_1_22586,Released
1337269,"60923_21_BTM_1_MAOM_r1_Mag_22Jan25_3p3kV_300SA_p01_4_1_22391","",2025-01-26 02:03:19.000,SciMax01,"60923",https://proto-9.pnl.gov/SciMax01/2025_1/60923_21_BTM_1_MAOM_r1_Mag_22Jan25_3p3kV_300SA_p01_4_1_22391,Released
1234657,"60923_21_T_2_WEOM_r3_Mag_04Mar24_300SA_p01_38_1_16940",Buzzard: MONet,2024-03-07 08:53:34.000,SciMax01,"60923",https://proto-9.pnl.gov/SciMax01/2024_1/60923_21_T_2_WEOM_r3_Mag_04Mar24_300SA_p01_38_1_16940,Released
1220591,"60933_7_B_2_WEOM_r3_Mag_18Jan24_300SA_p01_38_1_14929",Buzzard: MONet,2024-01-23 01:27:50.000,SciMax01,"60933",https://proto-9.pnl.gov/SciMax01/2024_1/60933_7_B_2_WEOM_r3_Mag_18Jan24_300SA_p01_38_1_14929,Released
1330803,"60933_7_TOP_2_MAOM_r1_Mag_05Jan25_3p3kV_300SA_p01_39_1_21596","",2025-01-05 15:29:46.000,SciMax01,"60933",https://proto-9.pnl.gov/SciMax01/2025_1/60933_7_TOP_2_MAOM_r1_Mag_05Jan25_3p3kV_300SA_p01_39_1_21596,Released
1252908,QC_SRFAII_23_01_10ppm_WEOM_r3_Mag_01May24_300SA_p01_54_1_18216,"",2024-05-05 19:20:59.000,SciMax01,"60929",https://proto-9.pnl.gov/SciMax01/2024_2/QC_SRFAII_23_01_10ppm_WEOM_r3_Mag_01May24_300SA_p01_54_1_18216,Released
1216103,"60923_11_B_1_WEOM_r1_Mag_26Dec23_300SA_p01_22_1_14221",Buzzard: Data is fine but queue stopped over holiday week so need to shim cell and will run the queue again,2023-12-27 16:55:29.000,SciMax01,"60923",https://proto-9.pnl.gov/SciMax01/2024_1/60923_11_B_1_WEOM_r1_Mag_26Dec23_300SA_p01_22_1_14221,Released
1337283,"60886_1_BTM_3_MAOM_r1_Mag_22Jan25_3p3kV_300SA_p01_12_1_22396","",2025-01-26 04:16:58.000,SciMax01,"60886",https://proto-9.pnl.gov/SciMax01/2025_1/60886_1_BTM_3_MAOM_r1_Mag_22Jan25_3p3kV_300SA_p01_12_1_22396,Released
1236272,"60886_4_B_2_WEOM_r2_Mag_10Mar24_300SA_p01_23_1_17210",Buzzard: MONet,2024-03-13 02:51:18.000,SciMax01,"60886",https://proto-9.pnl.gov/SciMax01/2024_1/60886_4_B_2_WEOM_r2_Mag_10Mar24_300SA_p01_23_1_17210,Released
1032830,"1000S_SRFA_20ppm_run1_Fir_26Apr22_300SA_p01_1_1_3561","",2022-04-26 16:28:11.000,SciMax01,"60141",https://proto-9.pnl.gov/SciMax01/2022_2/1000S_SRFA_20ppm_run1_Fir_26Apr22_300SA_p01_1_1_3561,Released
1230687,"60932_1_T_2_WEOM_r2_Mag_24Feb24_300SA_p01_50_1_15935",Buzzard: MONet,2024-02-24 21:30:13.000,SciMax01,"60932",https://proto-9.pnl.gov/SciMax01/2024_1/60932_1_T_2_WEOM_r2_Mag_24Feb24_300SA_p01_50_1_15935,Released
1340608,"60938_6_BTM_3_MAOM_r1_Mag_03Feb25_3p3kV_300SA_p01_40_1_22764","",2025-02-03 23:42:59.000,SciMax01,"60938",https://proto-9.pnl.gov/SciMax01/2025_1/60938_6_BTM_3_MAOM_r1_Mag_03Feb25_3p3kV_300SA_p01_40_1_22764,Released
1215999,"60920_3_B_1_WEOM_r3_Mag_21Dec23_300SA_p01_6_1_14146",Data needs to be reviewed,2023-12-25 16:26:02.000,SciMax01,"60920",https://proto-9.pnl.gov/SciMax01/2024_1/60920_3_B_1_WEOM_r3_Mag_21Dec23_300SA_p01_6_1_14146,Released
1253679,"60940_1_T_1_WEOM_r2_Mag_10May24_300SA_p01_1_1_18342","",2024-05-12 03:17:27.000,SciMax01,"60940",https://proto-9.pnl.gov/SciMax01/2024_2/60940_1_T_1_WEOM_r2_Mag_10May24_300SA_p01_1_1_18342,Released
1236293,"60886_4_T_1_WEOM_r2_Mag_10Mar24_300SA_p01_19_1_17215",Buzzard: MONet,2024-03-13 05:04:13.000,SciMax01,"60886",https://proto-9.pnl.gov/SciMax01/2024_1/60886_4_T_1_WEOM_r2_Mag_10Mar24_300SA_p01_19_1_17215,Released
1253680,"60940_4_T_2_WEOM_r2_Mag_10May24_300SA_p01_17_1_18317","",2024-05-11 16:12:40.000,SciMax01,"60940",https://proto-9.pnl.gov/SciMax01/2024_2/60940_4_T_2_WEOM_r2_Mag_10May24_300SA_p01_17_1_18317,Released
1336278,"60923_13_BTM_3_MAOM_r1_Mag_22Jan25_3p3kV_300SA_p01_3_1_22219","",2025-01-22 21:19:50.000,SciMax01,"60923",https://proto-9.pnl.gov/SciMax01/2025_1/60923_13_BTM_3_MAOM_r1_Mag_22Jan25_3p3kV_300SA_p01_3_1_22219,Released
1330606,"60846_7_TOP_2_MAOM_r2_Mag_02Jan25_3p3kV_300SA_p01_14_1_21505","",2025-01-03 22:56:53.000,SciMax01,"60846",https://proto-9.pnl.gov/SciMax01/2025_1/60846_7_TOP_2_MAOM_r2_Mag_02Jan25_3p3kV_300SA_p01_14_1_21505,Released
1346040,"60880_5_TOP_2_MAOM_r3_Mag_26Feb25_3p3kV_300SA_p01_36_1_23902","",2025-03-04 01:19:35.000,SciMax01,"60880",https://proto-9.pnl.gov/SciMax01/2025_1/60880_5_TOP_2_MAOM_r3_Mag_26Feb25_3p3kV_300SA_p01_36_1_23902,Released
1230689,"60932_4_B_1_WEOM_r2_Mag_24Feb24_300SA_p01_18_1_15958",Buzzard: MONet,2024-02-25 07:41:49.000,SciMax01,"60932",https://proto-9.pnl.gov/SciMax01/2024_1/60932_4_B_1_WEOM_r2_Mag_24Feb24_300SA_p01_18_1_15958,Released
1329572,"60880_3_BTM_1_MAOM_r2_Mag_27Dec24_3p3kV_300SA_p01_4_1_21375","",2024-12-31 12:40:00.000,SciMax01,"60880",https://proto-9.pnl.gov/SciMax01/2024_4/60880_3_BTM_1_MAOM_r2_Mag_27Dec24_3p3kV_300SA_p01_4_1_21375,Released
1217292,"60923_3_B_1_WEOM_r3_Mag_04Jan24_300SA_p01_6_1_14600",Buzzard: Use this data,2024-01-08 01:51:10.000,SciMax01,"60923",https://proto-9.pnl.gov/SciMax01/2024_1/60923_3_B_1_WEOM_r3_Mag_04Jan24_300SA_p01_6_1_14600,Released
1220995,"60938_5_B_1_WEOM_r3_Mag_18Jan24_300SA_p01_28_1_14984",Buzzard: MONet,2024-01-24 01:50:21.000,SciMax01,"60938",https://proto-9.pnl.gov/SciMax01/2024_1/60938_5_B_1_WEOM_r3_Mag_18Jan24_300SA_p01_28_1_14984,Released
1234620,"60923_17_T_3_WEOM_r3_Mag_04Mar24_300SA_p01_15_1_16936",Buzzard: MONet,2024-03-07 07:07:12.000,SciMax01,"60923",https://proto-9.pnl.gov/SciMax01/2024_1/60923_17_T_3_WEOM_r3_Mag_04Mar24_300SA_p01_15_1_16936,Released
1329155,"60923_5_TOP_3_MAOM_r1_Mag_27Dec24_3p3kV_300SA_p01_27_1_21195","",2024-12-28 04:26:19.000,SciMax01,"60923",https://proto-9.pnl.gov/SciMax01/2024_4/60923_5_TOP_3_MAOM_r1_Mag_27Dec24_3p3kV_300SA_p01_27_1_21195,Released
1338548,"60923_9_BTM_1_MAOM_r2_Mag_29Jan25_3p3kV_300SA_p01_22_1_22645","",2025-01-30 19:31:24.000,SciMax01,"60923",https://proto-9.pnl.gov/SciMax01/2025_1/60923_9_BTM_1_MAOM_r2_Mag_29Jan25_3p3kV_300SA_p01_22_1_22645,Released
1330978,"60933_7_TOP_1_MAOM_r2_Mag_05Jan25_3p3kV_300SA_p01_38_1_21663","",2025-01-06 21:22:55.000,SciMax01,"60933",https://proto-9.pnl.gov/SciMax01/2025_1/60933_7_TOP_1_MAOM_r2_Mag_05Jan25_3p3kV_300SA_p01_38_1_21663,Released
1252790,"60881_4_B_1_WEOM_r1_Mag_01May24_300SA_p01_19_1_18110","",2024-05-03 20:22:16.000,SciMax01,"60881",https://proto-9.pnl.gov/SciMax01/2024_2/60881_4_B_1_WEOM_r1_Mag_01May24_300SA_p01_19_1_18110,Released
1217416,"60923_7_B_1_WEOM_r1_Mag_04Jan24_300SA_p01_14_1_14434",Buzzard: Use this data,2024-01-05 00:16:53.000,SciMax01,"60923",https://proto-9.pnl.gov/SciMax01/2024_1/60923_7_B_1_WEOM_r1_Mag_04Jan24_300SA_p01_14_1_14434,Released
1253568,QC_SRFAII_23_01_10ppm_WEOM_r3_Mag_13May24_300SA_p01_54_1_18414,"",2024-05-13 16:56:23.000,SciMax01,"60940",https://proto-9.pnl.gov/SciMax01/2024_2/QC_SRFAII_23_01_10ppm_WEOM_r3_Mag_13May24_300SA_p01_54_1_18414,Released
1217488,"60923_6_B_2_WEOM_r2_Mag_04Jan24_300SA_p01_40_1_14556",Buzzard: Use this data,2024-01-07 06:21:03.000,SciMax01,"60923",https://proto-9.pnl.gov/SciMax01/2024_1/60923_6_B_2_WEOM_r2_Mag_04Jan24_300SA_p01_40_1_14556,Released
1341283,"60932_6_BTM_3_MAOM_r2_Mag_10Feb25_3p3kV_300SA_p01_40_1_23106","",2025-02-11 19:37:53.000,SciMax01,"60932",https://proto-9.pnl.gov/SciMax01/2025_1/60932_6_BTM_3_MAOM_r2_Mag_10Feb25_3p3kV_300SA_p01_40_1_23106,Released
1341219,"60932_4_BTM_1_MAOM_r1_Mag_10Feb25_3p3kV_300SA_p01_22_1_23084","",2025-02-11 09:49:26.000,SciMax01,"60932",https://proto-9.pnl.gov/SciMax01/2025_1/60932_4_BTM_1_MAOM_r1_Mag_10Feb25_3p3kV_300SA_p01_22_1_23084,Released
1336796,"60923_19_BTM_3_MAOM_r2_Mag_22Jan25_3p3kV_300SA_p01_43_1_22285","",2025-01-24 02:46:16.000,SciMax01,"60923",https://proto-9.pnl.gov/SciMax01/2025_1/60923_19_BTM_3_MAOM_r2_Mag_22Jan25_3p3kV_300SA_p01_43_1_22285,Released
1330234,"60846_5_BTM_2_MAOM_r1_Mag_02Jan25_3p3kV_300SA_p01_11_1_21457","",2025-01-03 01:32:05.000,SciMax01,"60846",https://proto-9.pnl.gov/SciMax01/2025_1/60846_5_BTM_2_MAOM_r1_Mag_02Jan25_3p3kV_300SA_p01_11_1_21457,Released
1330699,"60846_5_BTM_1_MAOM_r3_Mag_02Jan25_3p3kV_300SA_p01_10_1_21545","",2025-01-04 16:46:30.000,SciMax01,"60846",https://proto-9.pnl.gov/SciMax01/2025_1/60846_5_BTM_1_MAOM_r3_Mag_02Jan25_3p3kV_300SA_p01_10_1_21545,Released
1336216,"60923_20_BTM_3_MAOM_r1_Mag_22Jan25_3p3kV_300SA_p01_49_1_22210","",2025-01-22 17:19:10.000,SciMax01,"60923",https://proto-9.pnl.gov/SciMax01/2025_1/60923_20_BTM_3_MAOM_r1_Mag_22Jan25_3p3kV_300SA_p01_49_1_22210,Released
1165417,MONet_Test_QC_SRFAII_20ppm_Fir_06Jul23_300SA_p1_2_1_8687,Buzzard: Just testing samples tubes,2023-07-06 15:32:52.000,"15T_FTICR_I","60141",https://proto-9.pnl.gov/15T_FTICR_I/2023_3/MONet_Test_QC_SRFAII_20ppm_Fir_06Jul23_300SA_p1_2_1_8687,Released
1234640,QC_SRFAII_23_01_10ppm_WEOM_r3_Mag_04Mar24_300SA_p01_54_1_16946,Buzzard: MONet,2024-03-07 11:33:07.000,SciMax01,"60923",https://proto-9.pnl.gov/SciMax01/2024_1/QC_SRFAII_23_01_10ppm_WEOM_r3_Mag_04Mar24_300SA_p01_54_1_16946,Released
1338082,"60923_9_BTM_1_MAOM_r1_Mag_29Jan25_3p3kV_300SA_p01_22_1_22574","",2025-01-29 11:52:10.000,SciMax01,"60923",https://proto-9.pnl.gov/SciMax01/2025_1/60923_9_BTM_1_MAOM_r1_Mag_29Jan25_3p3kV_300SA_p01_22_1_22574,Released
1231323,"60933_17_B_1_WEOM_r1_Mag_12Feb24_300SA_p01_40_1_15028",Buzzard: MONet,2024-02-12 17:05:29.000,SciMax01,"60933",https://proto-9.pnl.gov/SciMax01/2024_1/60933_17_B_1_WEOM_r1_Mag_12Feb24_300SA_p01_40_1_15028,Released
1345081,"60920_3_TOP_1_MAOM_r3_Mag_19Feb25_3p3kV_300SA_p01_13_1_23441","",2025-02-21 15:52:13.000,SciMax01,"60920",https://proto-9.pnl.gov/SciMax01/2025_1/60920_3_TOP_1_MAOM_r3_Mag_19Feb25_3p3kV_300SA_p01_13_1_23441,Released
1329551,"60921_4_BTM_3_MAOM_r2_Mag_27Dec24_3p3kV_300SA_p01_26_1_21372","",2024-12-31 11:19:39.000,SciMax01,"60921",https://proto-9.pnl.gov/SciMax01/2024_4/60921_4_BTM_3_MAOM_r2_Mag_27Dec24_3p3kV_300SA_p01_26_1_21372,Released
1340243,"60946_1_BTM_2_MAOM_r2_Mag_03Feb25_3p3kV_300SA_p01_33_1_22979","",2025-02-07 23:32:32.000,SciMax01,"60946",https://proto-9.pnl.gov/SciMax01/2025_1/60946_1_BTM_2_MAOM_r2_Mag_03Feb25_3p3kV_300SA_p01_33_1_22979,Released
1338305,"60923_11_TOP_1_MAOM_r2_Mag_29Jan25_3p3kV_300SA_p01_31_1_22608","",2025-01-30 03:02:14.000,SciMax01,"60923",https://proto-9.pnl.gov/SciMax01/2025_1/60923_11_TOP_1_MAOM_r2_Mag_29Jan25_3p3kV_300SA_p01_31_1_22608,Released
1217298,"60923_12_T_2_WEOM_r3_Mag_04Jan24_300SA_p01_3_1_14638",Buzzard: Use this data,2024-01-08 18:41:37.000,SciMax01,"60923",https://proto-9.pnl.gov/SciMax01/2024_1/60923_12_T_2_WEOM_r3_Mag_04Jan24_300SA_p01_3_1_14638,Released
1235642,"60942_5_T_2_WEOM_r1_Mag_07Mar24_300SA_p01_25_1_16992",Buzzard: MONet,2024-03-08 08:29:26.000,SciMax01,"60942",https://proto-9.pnl.gov/SciMax01/2024_1/60942_5_T_2_WEOM_r1_Mag_07Mar24_300SA_p01_25_1_16992,Released
1090107,"1000s_SRFAII_06_31Oct22_Mag_300SA_p01_181_1_7194","",2022-11-01 18:22:50.000,SciMax01,"60141",https://proto-9.pnl.gov/SciMax01/2022_4/1000s_SRFAII_06_31Oct22_Mag_300SA_p01_181_1_7194,Released
1330661,"60880_2_BTM_2_MAOM_r2_Mag_02Jan25_3p3kV_300SA_p01_45_1_21528","",2025-01-04 09:11:33.000,SciMax01,"60880",https://proto-9.pnl.gov/SciMax01/2025_1/60880_2_BTM_2_MAOM_r2_Mag_02Jan25_3p3kV_300SA_p01_45_1_21528,Released
1328996,"60940_3_TOP_3_MAOM_r3_Mag_23Dec24_3p3kV_300SA_p01_15_1_21126","",2024-12-25 10:03:59.000,SciMax01,"60940",https://proto-9.pnl.gov/SciMax01/2024_4/60940_3_TOP_3_MAOM_r3_Mag_23Dec24_3p3kV_300SA_p01_15_1_21126,Released
1341350,"60932_1_TOP_1_MAOM_r2_Mag_10Feb25_3p3kV_300SA_p01_1_1_23135","",2025-02-12 08:34:38.000,SciMax01,"60932",https://proto-9.pnl.gov/SciMax01/2025_1/60932_1_TOP_1_MAOM_r2_Mag_10Feb25_3p3kV_300SA_p01_1_1_23135,Released
1236294,"60886_1_T_3_WEOM_r2_Mag_10Mar24_300SA_p01_3_1_17196",Buzzard: MONet,2024-03-12 20:39:02.000,SciMax01,"60886",https://proto-9.pnl.gov/SciMax01/2024_1/60886_1_T_3_WEOM_r2_Mag_10Mar24_300SA_p01_3_1_17196,Released
1336433,"60923_17_BTM_3_MAOM_r1_Mag_22Jan25_3p3kV_300SA_p01_31_1_22255","",2025-01-23 13:22:54.000,SciMax01,"60923",https://proto-9.pnl.gov/SciMax01/2025_1/60923_17_BTM_3_MAOM_r1_Mag_22Jan25_3p3kV_300SA_p01_31_1_22255,Released
1329014,"60920_8_TOP_2_MAOM_r3_Mag_23Dec24_3p3kV_300SA_p01_34_1_21144","",2024-12-25 18:05:19.000,SciMax01,"60920",https://proto-9.pnl.gov/SciMax01/2024_4/60920_8_TOP_2_MAOM_r3_Mag_23Dec24_3p3kV_300SA_p01_34_1_21144,Released
1314810,"20241101_Test_SRFA_3p3kV_1_1_20073",Buzzard: Testing response after Instrument cell clean and lab move,2024-11-01 13:57:23.000,SciMax01,"60938",https://proto-9.pnl.gov/SciMax01/2024_4/20241101_Test_SRFA_3p3kV_1_1_20073,Released
1220605,"60933_10_T_1_WEOM_r2_Mag_18Jan24_300SA_p01_46_1_14816",Buzzard: MONet,2024-01-20 23:22:52.000,SciMax01,"60933",https://proto-9.pnl.gov/SciMax01/2024_1/60933_10_T_1_WEOM_r2_Mag_18Jan24_300SA_p01_46_1_14816,Released
1346513,"60921_2_BTM_1_MAOM_r2_Mag_26Feb25_3p3kV_300SA_p01_4_1_23946","",2025-03-05 18:00:31.000,SciMax01,"60921",https://proto-9.pnl.gov/SciMax01/2025_1/60921_2_BTM_1_MAOM_r2_Mag_26Feb25_3p3kV_300SA_p01_4_1_23946,Released
1345330,"60880_6_BTM_1_MAOM_r1_Mag_26Feb25_3p3kV_300SA_p01_44_1_23779","",2025-03-01 18:28:24.000,SciMax01,"60880",https://proto-9.pnl.gov/SciMax01/2025_1/60880_6_BTM_1_MAOM_r1_Mag_26Feb25_3p3kV_300SA_p01_44_1_23779,Released
1231017,"60880_4_B_3_WEOM_r1_Mag_16Feb24_300SA_p01_37_1_15370",Buzzard: MONet,2024-02-19 10:59:18.000,SciMax01,"60880",https://proto-9.pnl.gov/SciMax01/2024_1/60880_4_B_3_WEOM_r1_Mag_16Feb24_300SA_p01_37_1_15370,Released
1231197,"60846_17_B_1_WEOM_r1_Mag_16Feb24_300SA_p01_40_1_15246",Buzzard: MONet,2024-02-16 18:58:35.000,SciMax01,"60846",https://proto-9.pnl.gov/SciMax01/2024_1/60846_17_B_1_WEOM_r1_Mag_16Feb24_300SA_p01_40_1_15246,Released
1328947,"60940_4_TOP_3_MAOM_r3_Mag_23Dec24_3p3kV_300SA_p01_21_1_21129","",2024-12-25 11:24:24.000,SciMax01,"60940",https://proto-9.pnl.gov/SciMax01/2024_4/60940_4_TOP_3_MAOM_r3_Mag_23Dec24_3p3kV_300SA_p01_21_1_21129,Released
1337180,"60923_16_TOP_2_MAOM_r3_Mag_22Jan25_3p3kV_300SA_p01_17_1_22355","",2025-01-25 09:59:25.000,SciMax01,"60923",https://proto-9.pnl.gov/SciMax01/2025_1/60923_16_TOP_2_MAOM_r3_Mag_22Jan25_3p3kV_300SA_p01_17_1_22355,Released
1330705,"60846_5_BTM_2_MAOM_r3_Mag_02Jan25_3p3kV_300SA_p01_11_1_21549","",2025-01-04 18:33:29.000,SciMax01,"60846",https://proto-9.pnl.gov/SciMax01/2025_1/60846_5_BTM_2_MAOM_r3_Mag_02Jan25_3p3kV_300SA_p01_11_1_21549,Released
1328885,"60921_2_BTM_Combo_WEOM_r2_Mag_23Dec24_3p3kV_300SA_p01_52_1_21017",Buzzard: combo samples,2024-12-23 09:28:28.000,SciMax01,"60921",https://proto-9.pnl.gov/SciMax01/2024_4/60921_2_BTM_Combo_WEOM_r2_Mag_23Dec24_3p3kV_300SA_p01_52_1_21017,Released
1253626,"60940_3_B_1_WEOM_r2_Mag_10May24_300SA_p01_13_1_18327","",2024-05-11 20:38:33.000,SciMax01,"60940",https://proto-9.pnl.gov/SciMax01/2024_2/60940_3_B_1_WEOM_r2_Mag_10May24_300SA_p01_13_1_18327,Released
1221034,QC_SRFAII_23_01_10ppm_r3_Mag_18Jan24_300SA_p01_52_1_14963,Buzzard: MONet,2024-01-23 16:31:58.000,SciMax01,"60933",https://proto-9.pnl.gov/SciMax01/2024_1/QC_SRFAII_23_01_10ppm_r3_Mag_18Jan24_300SA_p01_52_1_14963,Released
1235574,"60942_6_T_2_WEOM_r2_Mag_07Mar24_300SA_p01_31_1_17060",Buzzard: MONet,2024-03-09 22:31:24.000,SciMax01,"60942",https://proto-9.pnl.gov/SciMax01/2024_1/60942_6_T_2_WEOM_r2_Mag_07Mar24_300SA_p01_31_1_17060,Released
1220695,"60933_10_T_3_WEOM_r2_Mag_18Jan24_300SA_p01_48_1_14856",Buzzard: MONet,2024-01-21 17:06:43.000,SciMax01,"60933",https://proto-9.pnl.gov/SciMax01/2024_1/60933_10_T_3_WEOM_r2_Mag_18Jan24_300SA_p01_48_1_14856,Released
1252852,"60881_3_B_1_WEOM_r1_Mag_01May24_300SA_p01_13_1_18089","",2024-05-03 11:03:51.000,SciMax01,"60881",https://proto-9.pnl.gov/SciMax01/2024_2/60881_3_B_1_WEOM_r1_Mag_01May24_300SA_p01_13_1_18089,Released
1252781,"60881_5_T_1_WEOM_r1_Mag_01May24_300SA_p01_22_1_18072","",2024-05-03 03:31:52.000,SciMax01,"60881",https://proto-9.pnl.gov/SciMax01/2024_2/60881_5_T_1_WEOM_r1_Mag_01May24_300SA_p01_22_1_18072,Released
1236349,"60886_1_B_2_WEOM_r2_Mag_10Mar24_300SA_p01_5_1_17195",Buzzard: MONet,2024-03-12 20:12:28.000,SciMax01,"60886",https://proto-9.pnl.gov/SciMax01/2024_1/60886_1_B_2_WEOM_r2_Mag_10Mar24_300SA_p01_5_1_17195,Released
1345980,"60880_6_BTM_1_MAOM_r3_Mag_26Feb25_3p3kV_300SA_p01_44_1_23883","",2025-03-03 16:50:40.000,SciMax01,"60880",https://proto-9.pnl.gov/SciMax01/2025_1/60880_6_BTM_1_MAOM_r3_Mag_26Feb25_3p3kV_300SA_p01_44_1_23883,Released
1481294,QC_SRFAII_25_02_r2_Mag_12Mar26_54_1_32540,"",2026-03-13 12:53:54.000,SciMax01,"61050",https://proto-9.pnl.gov/SciMax01/2026_1/QC_SRFAII_25_02_r2_Mag_12Mar26_54_1_32540,Released
1233019,QC_SRFAII_23_01_10ppm_WEOM_r0_Mag_04Mar24_300SA_p01_54_1_16791,"",2024-03-04 14:51:37.000,SciMax01,"60923",https://proto-9.pnl.gov/SciMax01/2024_1/QC_SRFAII_23_01_10ppm_WEOM_r0_Mag_04Mar24_300SA_p01_54_1_16791,Released
1252931,"60881_5_B_2_WEOM_r2_Mag_01May24_300SA_p01_26_1_18177","",2024-05-05 02:03:57.000,SciMax01,"60881",https://proto-9.pnl.gov/SciMax01/2024_2/60881_5_B_2_WEOM_r2_Mag_01May24_300SA_p01_26_1_18177,Released
1215849,"60920_3_B_2_WEOM_r3_Mag_21Dec23_300SA_p01_25_1_14166",Data needs to be reviewed,2023-12-26 01:17:55.000,SciMax01,"60920",https://proto-9.pnl.gov/SciMax01/2024_1/60920_3_B_2_WEOM_r3_Mag_21Dec23_300SA_p01_25_1_14166,Released
1090089,"1000s_SRFAII_05_31Oct22_Mag_300SA_p01_180_1_7193","",2022-11-01 17:55:45.000,SciMax01,"60141",https://proto-9.pnl.gov/SciMax01/2022_4/1000s_SRFAII_05_31Oct22_Mag_300SA_p01_180_1_7193,Released
1217388,"60923_6_T_3_WEOM_r1_Mag_04Jan24_300SA_p01_19_1_14482",Buzzard: Use this data,2024-01-05 21:33:10.000,SciMax01,"60923",https://proto-9.pnl.gov/SciMax01/2024_1/60923_6_T_3_WEOM_r1_Mag_04Jan24_300SA_p01_19_1_14482,Released
1231005,"60880_1_T_3_WEOM_r2_Mag_16Feb24_300SA_p01_17_1_15412",Buzzard: MONet,2024-02-20 05:36:05.000,SciMax01,"60880",https://proto-9.pnl.gov/SciMax01/2024_1/60880_1_T_3_WEOM_r2_Mag_16Feb24_300SA_p01_17_1_15412,Released
1215929,"60920_9_B_1_WEOM_r1_Mag_21Dec23_300SA_p01_17_1_14004",Data needs to be reviewed,2023-12-22 00:22:45.000,SciMax01,"60920",https://proto-9.pnl.gov/SciMax01/2024_1/60920_9_B_1_WEOM_r1_Mag_21Dec23_300SA_p01_17_1_14004,Released
1234618,"60923_16_B_2_WEOM_r3_Mag_04Mar24_300SA_p01_11_1_16931",Buzzard: MONet,2024-03-07 04:54:16.000,SciMax01,"60923",https://proto-9.pnl.gov/SciMax01/2024_1/60923_16_B_2_WEOM_r3_Mag_04Mar24_300SA_p01_11_1_16931,Released
1341235,"60932_5_TOP_2_MAOM_r1_Mag_10Feb25_3p3kV_300SA_p01_30_1_23091","",2025-02-11 12:57:01.000,SciMax01,"60932",https://proto-9.pnl.gov/SciMax01/2025_1/60932_5_TOP_2_MAOM_r1_Mag_10Feb25_3p3kV_300SA_p01_30_1_23091,Released
1220744,"60933_2_B_1_WEOM_r3_Mag_18Jan24_300SA_p01_7_1_14928",Buzzard: MONet,2024-01-23 01:01:15.000,SciMax01,"60933",https://proto-9.pnl.gov/SciMax01/2024_1/60933_2_B_1_WEOM_r3_Mag_18Jan24_300SA_p01_7_1_14928,Released
1328957,"60920_9_TOP_3_MAOM_r3_Mag_23Dec24_3p3kV_300SA_p01_41_1_21150","",2024-12-25 20:45:26.000,SciMax01,"60920",https://proto-9.pnl.gov/SciMax01/2024_4/60920_9_TOP_3_MAOM_r3_Mag_23Dec24_3p3kV_300SA_p01_41_1_21150,Released
1340578,"60938_5_BTM_1_MAOM_r3_Mag_03Feb25_3p3kV_300SA_p01_32_1_22886","",2025-02-06 06:05:26.000,SciMax01,"60938",https://proto-9.pnl.gov/SciMax01/2025_1/60938_5_BTM_1_MAOM_r3_Mag_03Feb25_3p3kV_300SA_p01_32_1_22886,Released
1230690,"60932_6_T_2_WEOM_r3_Mag_24Feb24_300SA_p01_28_1_16007",Buzzard: MONet,2024-02-26 05:24:43.000,SciMax01,"60932",https://proto-9.pnl.gov/SciMax01/2024_1/60932_6_T_2_WEOM_r3_Mag_24Feb24_300SA_p01_28_1_16007,Released
1336802,"60923_16_TOP_3_MAOM_r2_Mag_22Jan25_3p3kV_300SA_p01_18_1_22286","",2025-01-24 03:13:03.000,SciMax01,"60923",https://proto-9.pnl.gov/SciMax01/2025_1/60923_16_TOP_3_MAOM_r2_Mag_22Jan25_3p3kV_300SA_p01_18_1_22286,Released
1235594,"60942_4_B_2_WEOM_r2_Mag_07Mar24_300SA_p01_22_1_17016",Buzzard: MONet,2024-03-08 19:08:58.000,SciMax01,"60942",https://proto-9.pnl.gov/SciMax01/2024_1/60942_4_B_2_WEOM_r2_Mag_07Mar24_300SA_p01_22_1_17016,Released
1345998,"60880_5_BTM_2_MAOM_r3_Mag_26Feb25_3p3kV_300SA_p01_39_1_23889","",2025-03-03 19:31:27.000,SciMax01,"60880",https://proto-9.pnl.gov/SciMax01/2025_1/60880_5_BTM_2_MAOM_r3_Mag_26Feb25_3p3kV_300SA_p01_39_1_23889,Released
1230852,"60932_2_T_2_WEOM_r2_Mag_21Feb24_300SA_p01_4_1_15893",Buzzard: MONet,2024-02-23 21:20:52.000,SciMax01,"60932",https://proto-9.pnl.gov/SciMax01/2024_1/60932_2_T_2_WEOM_r2_Mag_21Feb24_300SA_p01_4_1_15893,Released
1252827,"60881_1_B_1_WEOM_r1_Mag_01May24_300SA_p01_1_1_18114","",2024-05-03 22:08:37.000,SciMax01,"60881",https://proto-9.pnl.gov/SciMax01/2024_2/60881_1_B_1_WEOM_r1_Mag_01May24_300SA_p01_1_1_18114,Released
1234600,"60923_17_B_1_WEOM_r2_Mag_04Mar24_300SA_p01_16_1_16890",Buzzard: MONet,2024-03-06 10:44:03.000,SciMax01,"60923",https://proto-9.pnl.gov/SciMax01/2024_1/60923_17_B_1_WEOM_r2_Mag_04Mar24_300SA_p01_16_1_16890,Released
1165485,MONet_Test_Soap_R_3_pls-10ppmSRFAII_fir_r2_07Jul23_300SA_p1_14_1_8743,Buzzard: Just testing samples tubes,2023-07-07 18:53:48.000,"15T_FTICR_I","60141",https://proto-9.pnl.gov/15T_FTICR_I/2023_3/MONet_Test_Soap_R_3_pls-10ppmSRFAII_fir_r2_07Jul23_300SA_p1_14_1_8743,Released
1328983,"60940_3_TOP_1_MAOM_r2_Mag_23Dec24_3p3kV_300SA_p01_13_1_21054","",2024-12-24 01:58:23.000,SciMax01,"60940",https://proto-9.pnl.gov/SciMax01/2024_4/60940_3_TOP_1_MAOM_r2_Mag_23Dec24_3p3kV_300SA_p01_13_1_21054,Released
1329035,"60923_2_TOP_3_MAOM_r2_Mag_27Dec24_3p3kV_300SA_p01_9_1_21219","",2024-12-28 15:07:38.000,SciMax01,"60923",https://proto-9.pnl.gov/SciMax01/2024_4/60923_2_TOP_3_MAOM_r2_Mag_27Dec24_3p3kV_300SA_p01_9_1_21219,Released
1344886,"60942_1_BTM_3_MAOM_r2_Mag_19Feb25_3p3kV_300SA_p01_12_1_23536","",2025-02-23 10:15:52.000,SciMax01,"60942",https://proto-9.pnl.gov/SciMax01/2025_1/60942_1_BTM_3_MAOM_r2_Mag_19Feb25_3p3kV_300SA_p01_12_1_23536,Released
1329836,"60921_4_BTM_3_MAOM_r3_Mag_27Dec24_3p3kV_300SA_p01_26_1_21415","",2025-01-01 06:30:39.000,SciMax01,"60921",https://proto-9.pnl.gov/SciMax01/2025_1/60921_4_BTM_3_MAOM_r3_Mag_27Dec24_3p3kV_300SA_p01_26_1_21415,Released
1215894,"60920_9_B_3_WEOM_r2_Mag_21Dec23_300SA_p01_17_1_14113",Data needs to be reviewed,2023-12-25 01:48:33.000,SciMax01,"60920",https://proto-9.pnl.gov/SciMax01/2024_1/60920_9_B_3_WEOM_r2_Mag_21Dec23_300SA_p01_17_1_14113,Released
1349528,"60933_3_BTM_3_MAOM_r3_Mag_20Jan25_3p3kV_300SA_p01_15_1_22183","",2025-01-21 22:26:44.000,SciMax01,"60933",https://proto-9.pnl.gov/SciMax01/2025_1/60933_3_BTM_3_MAOM_r3_Mag_20Jan25_3p3kV_300SA_p01_15_1_22183,Released
1335194,"60933_13_TOP_2_MAOM_r1_Mag_13Jan25_3p3kV_300SA_p01_18_1_21810","",2025-01-14 19:10:27.000,SciMax01,"60933",https://proto-9.pnl.gov/SciMax01/2025_1/60933_13_TOP_2_MAOM_r1_Mag_13Jan25_3p3kV_300SA_p01_18_1_21810,Released
1230936,"60846_2_B_2_WEOM_r3_Mag_16Feb24_300SA_p01_17_1_15335",Buzzard: MONet,2024-02-18 19:28:40.000,SciMax01,"60846",https://proto-9.pnl.gov/SciMax01/2024_1/60846_2_B_2_WEOM_r3_Mag_16Feb24_300SA_p01_17_1_15335,Released
1215945,"60920_2_B_3_WEOM_r1_Mag_21Dec23_300SA_p01_4_1_14054",Data needs to be reviewed,2023-12-22 22:32:17.000,SciMax01,"60920",https://proto-9.pnl.gov/SciMax01/2024_1/60920_2_B_3_WEOM_r1_Mag_21Dec23_300SA_p01_4_1_14054,Released
1230891,QC_SRFAII_23_01_10ppm_r3_Mag_21Feb24_300SA_p01_54_1_15455,Buzzard: MONet,2024-02-21 13:54:52.000,SciMax01,"60921",https://proto-9.pnl.gov/SciMax01/2024_1/QC_SRFAII_23_01_10ppm_r3_Mag_21Feb24_300SA_p01_54_1_15455,Released
1235583,"60942_5_B_1_WEOM_r2_Mag_07Mar24_300SA_p01_27_1_17043",Buzzard: MONet,2024-03-09 14:59:20.000,SciMax01,"60942",https://proto-9.pnl.gov/SciMax01/2024_1/60942_5_B_1_WEOM_r2_Mag_07Mar24_300SA_p01_27_1_17043,Released
1231251,"60933_14_T_3_WEOM_r3_Mag_12Feb24_300SA_p01_21_1_15172",Buzzard: MONet,2024-02-15 09:02:29.000,SciMax01,"60933",https://proto-9.pnl.gov/SciMax01/2024_1/60933_14_T_3_WEOM_r3_Mag_12Feb24_300SA_p01_21_1_15172,Released
1217269,"60923_9_T_2_WEOM_r1_Mag_04Jan24_300SA_p01_45_1_14466",Buzzard: Use this data,2024-01-05 14:27:46.000,SciMax01,"60923",https://proto-9.pnl.gov/SciMax01/2024_1/60923_9_T_2_WEOM_r1_Mag_04Jan24_300SA_p01_45_1_14466,Released
1231224,"60933_16_T_2_WEOM_r3_Mag_12Feb24_300SA_p01_32_1_15217",Buzzard: MONet,2024-02-16 04:59:04.000,SciMax01,"60933",https://proto-9.pnl.gov/SciMax01/2024_1/60933_16_T_2_WEOM_r3_Mag_12Feb24_300SA_p01_32_1_15217,Released
1445617,QC_SRFAII_25_01_D_WEOM_r2_54_1_28031,"",2025-11-05 20:30:59.000,SciMax01,"61078",https://proto-9.pnl.gov/SciMax01/2025_4/QC_SRFAII_25_01_D_WEOM_r2_54_1_28031,Released
1479854,QC_SRFAII_old_r2_05Mar26_Fir_54_1_32451,Buzzard: Testing Gilson,2026-03-05 18:02:52.000,SciMax01,"61050",https://proto-9.pnl.gov/SciMax01/2026_1/QC_SRFAII_old_r2_05Mar26_Fir_54_1_32451,Released
1230799,QC_SRFAII_23_01_10ppm_r3_Mag_24Feb24_300SA_p01_54_1_15997,Buzzard: MONet,2024-02-26 00:58:49.000,SciMax01,"60932",https://proto-9.pnl.gov/SciMax01/2024_1/QC_SRFAII_23_01_10ppm_r3_Mag_24Feb24_300SA_p01_54_1_15997,Released
1341547,"60932_5_TOP_1_MAOM_r3_Mag_10Feb25_3p3kV_300SA_p01_29_1_23168","",2025-02-12 23:17:55.000,SciMax01,"60932",https://proto-9.pnl.gov/SciMax01/2025_1/60932_5_TOP_1_MAOM_r3_Mag_10Feb25_3p3kV_300SA_p01_29_1_23168,Released
1230736,QC_SRFAII_23_01_10ppm_r3_Mag_21Feb24_300SA_p01_54_1_15512,Buzzard: MONet,2024-02-22 15:10:31.000,SciMax01,"60932",https://proto-9.pnl.gov/SciMax01/2024_1/QC_SRFAII_23_01_10ppm_r3_Mag_21Feb24_300SA_p01_54_1_15512,Released
1230663,"60932_4_B_1_WEOM_r3_Mag_24Feb24_300SA_p01_18_1_15992",Buzzard: MONet,2024-02-25 22:45:52.000,SciMax01,"60932",https://proto-9.pnl.gov/SciMax01/2024_1/60932_4_B_1_WEOM_r3_Mag_24Feb24_300SA_p01_18_1_15992,Released
1337322,"60886_3_TOP_2_MAOM_r1_Mag_22Jan25_3p3kV_300SA_p01_20_1_22412","",2025-01-26 11:25:18.000,SciMax01,"60886",https://proto-9.pnl.gov/SciMax01/2025_1/60886_3_TOP_2_MAOM_r1_Mag_22Jan25_3p3kV_300SA_p01_20_1_22412,Released
1217508,QC_SRFAII_20ppm_04Jan24_Mag_2w_8M_300SA_p01_54_1_14413,Buzzard: Use this data,2024-01-04 14:58:29.000,SciMax01,"60923",https://proto-9.pnl.gov/SciMax01/2024_1/QC_SRFAII_20ppm_04Jan24_Mag_2w_8M_300SA_p01_54_1_14413,Released
1231253,"60933_15_T_2_WEOM_r3_Mag_12Feb24_300SA_p01_26_1_15187",Buzzard: MONet,2024-02-15 15:41:19.000,SciMax01,"60933",https://proto-9.pnl.gov/SciMax01/2024_1/60933_15_T_2_WEOM_r3_Mag_12Feb24_300SA_p01_26_1_15187,Released
1340112,"60946_1_BTM_1_MAOM_r2_Mag_03Feb25_3p3kV_300SA_p01_32_1_22952","",2025-02-07 11:30:41.000,SciMax01,"60946",https://proto-9.pnl.gov/SciMax01/2025_1/60946_1_BTM_1_MAOM_r2_Mag_03Feb25_3p3kV_300SA_p01_32_1_22952,Released
1338603,"60923_10_TOP_2_MAOM_r2_Mag_29Jan25_3p3kV_300SA_p01_26_1_22660","",2025-01-31 02:12:24.000,SciMax01,"60923",https://proto-9.pnl.gov/SciMax01/2025_1/60923_10_TOP_2_MAOM_r2_Mag_29Jan25_3p3kV_300SA_p01_26_1_22660,Released
1337774,"60886_4_TOP_3_MAOM_r3_Mag_22Jan25_3p3kV_300SA_p01_31_1_22513","",2025-01-28 08:26:48.000,SciMax01,"60886",https://proto-9.pnl.gov/SciMax01/2025_1/60886_4_TOP_3_MAOM_r3_Mag_22Jan25_3p3kV_300SA_p01_31_1_22513,Released
1236268,"60886_2_B_3_WEOM_r2_Mag_10Mar24_300SA_p01_12_1_17223",Buzzard: MONet,2024-03-13 08:36:56.000,SciMax01,"60886",https://proto-9.pnl.gov/SciMax01/2024_1/60886_2_B_3_WEOM_r2_Mag_10Mar24_300SA_p01_12_1_17223,Released
1215834,"60920_6_B_1_WEOM_r1_Mag_21Dec23_300SA_p01_12_1_14005",Data needs to be reviewed,2023-12-22 00:49:19.000,SciMax01,"60920",https://proto-9.pnl.gov/SciMax01/2024_1/60920_6_B_1_WEOM_r1_Mag_21Dec23_300SA_p01_12_1_14005,Released
1234574,"60923_18_B_2_WEOM_r1_Mag_04Mar24_300SA_p01_23_1_16846",Buzzard: MONet,2024-03-05 15:14:06.000,SciMax01,"60923",https://proto-9.pnl.gov/SciMax01/2024_1/60923_18_B_2_WEOM_r1_Mag_04Mar24_300SA_p01_23_1_16846,Released
984623,Bowmann_ICR_1000Soils_SRFAII_1_r1_Magnolia_24Nov21_2w_P01_2_1_1117,"",2021-11-24 09:45:38.000,SciMax01,"60141",https://proto-9.pnl.gov/SciMax01/2021_4/Bowmann_ICR_1000Soils_SRFAII_1_r1_Magnolia_24Nov21_2w_P01_2_1_1117,Released
1231094,"60933_18_T_1_WEOM_r2_Mag_12Feb24_300SA_p01_43_1_15102",Buzzard: MONet,2024-02-14 02:01:11.000,SciMax01,"60933",https://proto-9.pnl.gov/SciMax01/2024_1/60933_18_T_1_WEOM_r2_Mag_12Feb24_300SA_p01_43_1_15102,Released
1337559,"60886_5_TOP_2_MAOM_r2_Mag_22Jan25_3p3kV_300SA_p01_36_1_22469","",2025-01-27 12:49:51.000,SciMax01,"60886",https://proto-9.pnl.gov/SciMax01/2025_1/60886_5_TOP_2_MAOM_r2_Mag_22Jan25_3p3kV_300SA_p01_36_1_22469,Released
1335508,"60921_1_TOP_Combo_WEOM_Mag_19Dec24_3p3kV_300SA_p01_49_1_20962",Buzzard: combo samples,2024-12-19 18:28:23.000,SciMax01,"60921",https://proto-9.pnl.gov/SciMax01/2025_1/60921_1_TOP_Combo_WEOM_Mag_19Dec24_3p3kV_300SA_p01_49_1_20962,Released
1235607,"60886_2_T_3_WEOM_r1_Mag_10Mar24_300SA_p01_9_1_17116",Buzzard: MONet,2024-03-11 08:19:41.000,SciMax01,"60886",https://proto-9.pnl.gov/SciMax01/2024_1/60886_2_T_3_WEOM_r1_Mag_10Mar24_300SA_p01_9_1_17116,Released
1344909,"60920_3_BTM_1_MAOM_r3_Mag_19Feb25_3p3kV_300SA_p01_16_1_23445","",2025-02-21 17:39:12.000,SciMax01,"60920",https://proto-9.pnl.gov/SciMax01/2025_1/60920_3_BTM_1_MAOM_r3_Mag_19Feb25_3p3kV_300SA_p01_16_1_23445,Released
1330683,"60846_7_TOP_2_MAOM_r3_Mag_02Jan25_3p3kV_300SA_p01_14_1_21539","",2025-01-04 14:05:34.000,SciMax01,"60846",https://proto-9.pnl.gov/SciMax01/2025_1/60846_7_TOP_2_MAOM_r3_Mag_02Jan25_3p3kV_300SA_p01_14_1_21539,Released
1215844,"60920_5_T_1_WEOM_r3_Mag_21Dec23_300SA_p01_9_1_14131",Data needs to be reviewed,2023-12-25 09:47:12.000,SciMax01,"60920",https://proto-9.pnl.gov/SciMax01/2024_1/60920_5_T_1_WEOM_r3_Mag_21Dec23_300SA_p01_9_1_14131,Released
1252864,"60881_6_T_2_WEOM_r1_Mag_01May24_300SA_p01_29_1_18126","",2024-05-04 03:27:41.000,SciMax01,"60881",https://proto-9.pnl.gov/SciMax01/2024_2/60881_6_T_2_WEOM_r1_Mag_01May24_300SA_p01_29_1_18126,Released
1220682,"60938_1_B_1_WEOM_r1_Mag_18Jan24_300SA_p01_4_1_14781",Buzzard: MONet,2024-01-20 07:52:15.000,SciMax01,"60938",https://proto-9.pnl.gov/SciMax01/2024_1/60938_1_B_1_WEOM_r1_Mag_18Jan24_300SA_p01_4_1_14781,Released
1341519,"60932_5_BTM_3_MAOM_r3_Mag_10Feb25_3p3kV_300SA_p01_34_1_23163","",2025-02-12 21:04:09.000,SciMax01,"60932",https://proto-9.pnl.gov/SciMax01/2025_1/60932_5_BTM_3_MAOM_r3_Mag_10Feb25_3p3kV_300SA_p01_34_1_23163,Released
1330668,"60846_7_BTM_1_MAOM_r2_Mag_02Jan25_3p3kV_300SA_p01_16_1_21531","",2025-01-04 10:31:45.000,SciMax01,"60846",https://proto-9.pnl.gov/SciMax01/2025_1/60846_7_BTM_1_MAOM_r2_Mag_02Jan25_3p3kV_300SA_p01_16_1_21531,Released
1231271,"60933_13_B_3_WEOM_r1_Mag_12Feb24_300SA_p01_18_1_15036",Buzzard: MONet,2024-02-12 20:38:11.000,SciMax01,"60933",https://proto-9.pnl.gov/SciMax01/2024_1/60933_13_B_3_WEOM_r1_Mag_12Feb24_300SA_p01_18_1_15036,Released
1236332,"60886_4_B_3_WEOM_r3_Mag_10Mar24_300SA_p01_24_1_17256",Buzzard: MONet,2024-03-13 23:14:21.000,SciMax01,"60886",https://proto-9.pnl.gov/SciMax01/2024_1/60886_4_B_3_WEOM_r3_Mag_10Mar24_300SA_p01_24_1_17256,Released
1329582,"60921_3_TOP_1_MAOM_r2_Mag_27Dec24_3p3kV_300SA_p01_13_1_21376","",2024-12-31 13:06:48.000,SciMax01,"60921",https://proto-9.pnl.gov/SciMax01/2024_4/60921_3_TOP_1_MAOM_r2_Mag_27Dec24_3p3kV_300SA_p01_13_1_21376,Released
1217491,"60923_8_T_2_WEOM_r3_Mag_04Jan24_300SA_p01_43_1_14652",Buzzard: Use this data,2024-01-09 00:53:55.000,SciMax01,"60923",https://proto-9.pnl.gov/SciMax01/2024_1/60923_8_T_2_WEOM_r3_Mag_04Jan24_300SA_p01_43_1_14652,Released
1220636,"60933_1_T_2_WEOM_r1_Mag_18Jan24_300SA_p01_2_1_14742",Buzzard: MONet,2024-01-19 14:35:09.000,SciMax01,"60933",https://proto-9.pnl.gov/SciMax01/2024_1/60933_1_T_2_WEOM_r1_Mag_18Jan24_300SA_p01_2_1_14742,Released
1340282,"60942_5_BTM_1_MAOM_r2_Mag_03Feb25_3p3kV_300SA_p01_16_1_22990","",2025-02-08 04:27:07.000,SciMax01,"60942",https://proto-9.pnl.gov/SciMax01/2025_1/60942_5_BTM_1_MAOM_r2_Mag_03Feb25_3p3kV_300SA_p01_16_1_22990,Released
1330708,"60846_5_TOP_2_MAOM_r3_Mag_02Jan25_3p3kV_300SA_p01_8_1_21550","",2025-01-04 19:00:16.000,SciMax01,"60846",https://proto-9.pnl.gov/SciMax01/2025_1/60846_5_TOP_2_MAOM_r3_Mag_02Jan25_3p3kV_300SA_p01_8_1_21550,Released
1231153,"60846_12_B_2_WEOM_r1_Mag_16Feb24_300SA_p01_35_1_15245",Buzzard: MONet,2024-02-16 18:32:00.000,SciMax01,"60846",https://proto-9.pnl.gov/SciMax01/2024_1/60846_12_B_2_WEOM_r1_Mag_16Feb24_300SA_p01_35_1_15245,Released
1272527,"60923_3_T_3_MAOM_r3_Mag_04Jul24_300SA_p01_15_1_19410",Buzzard: testing MAOM samples before the move,2024-07-05 00:38:12.000,SciMax01,"60923",https://proto-9.pnl.gov/SciMax01/2024_3/60923_3_T_3_MAOM_r3_Mag_04Jul24_300SA_p01_15_1_19410,Released
1341061,"60932_2_BTM_1_MAOM_r1_Mag_10Feb25_3p3kV_300SA_p01_10_1_23051","",2025-02-10 19:07:03.000,SciMax01,"60932",https://proto-9.pnl.gov/SciMax01/2025_1/60932_2_BTM_1_MAOM_r1_Mag_10Feb25_3p3kV_300SA_p01_10_1_23051,Released
1234609,"60923_16_T_2_WEOM_r2_Mag_04Mar24_300SA_p01_8_1_16865",Buzzard: MONet,2024-03-05 23:39:20.000,SciMax01,"60923",https://proto-9.pnl.gov/SciMax01/2024_1/60923_16_T_2_WEOM_r2_Mag_04Mar24_300SA_p01_8_1_16865,Released
1342004,"60881_5_BTM_3_MAOM_r2_Mag_10Feb25_3p3kV_300SA_p01_30_1_23273","",2025-02-14 22:06:38.000,SciMax01,"60881",https://proto-9.pnl.gov/SciMax01/2025_1/60881_5_BTM_3_MAOM_r2_Mag_10Feb25_3p3kV_300SA_p01_30_1_23273,Released
1272605,"60923_2_T_2_MAOM_r3_Mag_04Jul24_300SA_p01_8_1_19409",Buzzard: testing MAOM samples before the move,2024-07-05 00:11:37.000,SciMax01,"60923",https://proto-9.pnl.gov/SciMax01/2024_3/60923_2_T_2_MAOM_r3_Mag_04Jul24_300SA_p01_8_1_19409,Released
1215854,"60920_7_T_2_WEOM_r1_Mag_21Dec23_300SA_p01_32_1_14016",Data needs to be reviewed,2023-12-22 05:41:51.000,SciMax01,"60920",https://proto-9.pnl.gov/SciMax01/2024_1/60920_7_T_2_WEOM_r1_Mag_21Dec23_300SA_p01_32_1_14016,Released
1180760,QC_SRFA_2_2023_01_54_1_13212,Buzzard: QC's and Blanks,2023-08-24 17:09:40.000,SciMax01,"60141",https://proto-9.pnl.gov/SciMax01/2023_3/QC_SRFA_2_2023_01_54_1_13212,Released
1329837,"60880_3_TOP_3_MAOM_r3_Mag_27Dec24_3p3kV_300SA_p01_3_1_21416","",2025-01-01 06:57:15.000,SciMax01,"60880",https://proto-9.pnl.gov/SciMax01/2025_1/60880_3_TOP_3_MAOM_r3_Mag_27Dec24_3p3kV_300SA_p01_3_1_21416,Released
1180796,"60881_4_T_1_WEOM_1w_51_1_13386",Buzzard: 1w; Data needs to be reviewed,2023-08-29 16:31:00.000,SciMax01,"60881",https://proto-9.pnl.gov/SciMax01/2023_3/60881_4_T_1_WEOM_1w_51_1_13386,Released
1216097,QC_SRFAII_23_01_20ppm_r2_Mag_26Dec23_300SA_p01_54_1_14317,Buzzard: Data is fine but queue stopped over holiday week so need to shim cell and will run the queue again,2023-12-29 11:28:10.000,SciMax01,"60923",https://proto-9.pnl.gov/SciMax01/2024_1/QC_SRFAII_23_01_20ppm_r2_Mag_26Dec23_300SA_p01_54_1_14317,Released
1220535,"60933_2_B_2_WEOM_r1_Mag_18Jan24_300SA_p01_8_1_14723",Buzzard: MONet,2024-01-19 06:09:55.000,SciMax01,"60933",https://proto-9.pnl.gov/SciMax01/2024_1/60933_2_B_2_WEOM_r1_Mag_18Jan24_300SA_p01_8_1_14723,Released
1329121,"60923_2_BTM_2_MAOM_r1_Mag_27Dec24_3p3kV_300SA_p01_11_1_21200","",2024-12-28 06:39:28.000,SciMax01,"60923",https://proto-9.pnl.gov/SciMax01/2024_4/60923_2_BTM_2_MAOM_r1_Mag_27Dec24_3p3kV_300SA_p01_11_1_21200,Released
1345000,"60929_3_TOP_1_MAOM_r1_Mag_19Feb25_3p3kV_300SA_p01_33_1_23488","",2025-02-22 12:50:25.000,SciMax01,"60929",https://proto-9.pnl.gov/SciMax01/2025_1/60929_3_TOP_1_MAOM_r1_Mag_19Feb25_3p3kV_300SA_p01_33_1_23488,Released
1231180,QC_SRFAII_23_01_10ppm_r2_Mag_12Feb24_300SA_p01_54_1_15136,Buzzard: MONet,2024-02-14 17:05:17.000,SciMax01,"60933",https://proto-9.pnl.gov/SciMax01/2024_1/QC_SRFAII_23_01_10ppm_r2_Mag_12Feb24_300SA_p01_54_1_15136,Released
1330721,"60846_2_TOP_3_MAOM_r3_Mag_02Jan25_3p3kV_300SA_p01_3_1_21556","",2025-01-04 21:40:50.000,SciMax01,"60846",https://proto-9.pnl.gov/SciMax01/2025_1/60846_2_TOP_3_MAOM_r3_Mag_02Jan25_3p3kV_300SA_p01_3_1_21556,Released
1344931,"60942_1_BTM_1_MAOM_r3_Mag_19Feb25_3p3kV_300SA_p01_10_1_23584","",2025-02-25 02:13:25.000,SciMax01,"60942",https://proto-9.pnl.gov/SciMax01/2025_1/60942_1_BTM_1_MAOM_r3_Mag_19Feb25_3p3kV_300SA_p01_10_1_23584,Released
1337225,"60923_19_TOP_2_MAOM_r3_Mag_22Jan25_3p3kV_300SA_p01_39_1_22374","",2025-01-25 18:28:39.000,SciMax01,"60923",https://proto-9.pnl.gov/SciMax01/2025_1/60923_19_TOP_2_MAOM_r3_Mag_22Jan25_3p3kV_300SA_p01_39_1_22374,Released
1252929,"60881_6_B_2_WEOM_r3_Mag_01May24_300SA_p01_31_1_18246","",2024-05-06 08:38:42.000,SciMax01,"60881",https://proto-9.pnl.gov/SciMax01/2024_2/60881_6_B_2_WEOM_r3_Mag_01May24_300SA_p01_31_1_18246,Released
1236273,"60886_2_T_1_WEOM_r2_Mag_10Mar24_300SA_p01_7_1_17201",Buzzard: MONet,2024-03-12 22:51:59.000,SciMax01,"60886",https://proto-9.pnl.gov/SciMax01/2024_1/60886_2_T_1_WEOM_r2_Mag_10Mar24_300SA_p01_7_1_17201,Released
1231041,"60933_15_T_1_WEOM_r1_Mag_12Feb24_300SA_p01_25_1_15065",Buzzard: MONet,2024-02-13 09:29:18.000,SciMax01,"60933",https://proto-9.pnl.gov/SciMax01/2024_1/60933_15_T_1_WEOM_r1_Mag_12Feb24_300SA_p01_25_1_15065,Released
1217478,"60923_12_B_1_WEOM_r1_Mag_04Jan24_300SA_p01_24_1_14423",Buzzard: Use this data,2024-01-04 19:24:24.000,SciMax01,"60923",https://proto-9.pnl.gov/SciMax01/2024_1/60923_12_B_1_WEOM_r1_Mag_04Jan24_300SA_p01_24_1_14423,Released
1502048,QC_SRFAII_25_02_20260611_r1_Mag_54_1_33937,Buzzard: testing Gilson wash volumes,2026-06-11 22:42:47.000,SciMax01,"61050",https://proto-9.pnl.gov/SciMax01/2026_2/QC_SRFAII_25_02_20260611_r1_Mag_54_1_33937,Released
1329005,"60940_2_TOP_2_MAOM_r2_Mag_23Dec24_3p3kV_300SA_p01_8_1_21061","",2024-12-24 05:05:04.000,SciMax01,"60940",https://proto-9.pnl.gov/SciMax01/2024_4/60940_2_TOP_2_MAOM_r2_Mag_23Dec24_3p3kV_300SA_p01_8_1_21061,Released
1314884,"60846_2_BTM_2_WEOM_r1_Mag_01Nov24_3p3kV_p01_13_1_20091",Buzzard: Testing response after Instrument cell clean and lab move,2024-11-01 21:58:58.000,SciMax01,"60938",https://proto-9.pnl.gov/SciMax01/2024_4/60846_2_BTM_2_WEOM_r1_Mag_01Nov24_3p3kV_p01_13_1_20091,Released
1231009,"60846_5_B_1_WEOM_r3_Mag_16Feb24_300SA_p01_22_1_15354",Buzzard: MONet,2024-02-19 03:53:52.000,SciMax01,"60846",https://proto-9.pnl.gov/SciMax01/2024_1/60846_5_B_1_WEOM_r3_Mag_16Feb24_300SA_p01_22_1_15354,Released
1220544,"60933_4_B_1_WEOM_r3_Mag_18Jan24_300SA_p01_19_1_14911",Buzzard: MONet,2024-01-22 17:29:10.000,SciMax01,"60933",https://proto-9.pnl.gov/SciMax01/2024_1/60933_4_B_1_WEOM_r3_Mag_18Jan24_300SA_p01_19_1_14911,Released
1335215,"60923_8_TOP_3_MAOM_r2_Mag_13Jan25_3p3kV_300SA_p01_15_1_22016","",2025-01-18 15:05:28.000,SciMax01,"60923",https://proto-9.pnl.gov/SciMax01/2025_1/60923_8_TOP_3_MAOM_r2_Mag_13Jan25_3p3kV_300SA_p01_15_1_22016,Released
1340533,"60938_2_TOP_2_MAOM_r2_Mag_03Feb25_3p3kV_300SA_p01_8_1_22803","",2025-02-04 17:06:23.000,SciMax01,"60938",https://proto-9.pnl.gov/SciMax01/2025_1/60938_2_TOP_2_MAOM_r2_Mag_03Feb25_3p3kV_300SA_p01_8_1_22803,Released
1231133,"60933_15_B_1_WEOM_r2_Mag_12Feb24_300SA_p01_28_1_15119",Buzzard: MONet,2024-02-14 09:33:12.000,SciMax01,"60933",https://proto-9.pnl.gov/SciMax01/2024_1/60933_15_B_1_WEOM_r2_Mag_12Feb24_300SA_p01_28_1_15119,Released
1235719,QC_SRFAII_23_01_10ppm_WEOM_r1_Mag_10Mar24_300SA_p01_54_1_17142,Buzzard: MONet,2024-03-11 20:43:11.000,SciMax01,"60886",https://proto-9.pnl.gov/SciMax01/2024_1/QC_SRFAII_23_01_10ppm_WEOM_r1_Mag_10Mar24_300SA_p01_54_1_17142,Released
1233038,"60923_19_T_2_WEOM_r1_Mag_04Mar24_300SA_p01_26_1_16821","",2024-03-05 04:09:20.000,SciMax01,"60923",https://proto-9.pnl.gov/SciMax01/2024_1/60923_19_T_2_WEOM_r1_Mag_04Mar24_300SA_p01_26_1_16821,Released
1337079,"60923_18_TOP_3_MAOM_r3_Mag_22Jan25_3p3kV_300SA_p01_34_1_22342","",2025-01-25 04:10:48.000,SciMax01,"60923",https://proto-9.pnl.gov/SciMax01/2025_1/60923_18_TOP_3_MAOM_r3_Mag_22Jan25_3p3kV_300SA_p01_34_1_22342,Released
1314878,"60923_12_BTM_1_WEOM_r1_Mag_01Nov24_3p3kV_p01_22_1_20102",Buzzard: Testing response after Instrument cell clean and lab move,2024-11-02 02:52:58.000,SciMax01,"60938",https://proto-9.pnl.gov/SciMax01/2024_4/60923_12_BTM_1_WEOM_r1_Mag_01Nov24_3p3kV_p01_22_1_20102,Released
1341765,"60881_2_BTM_2_MAOM_r1_Mag_10Feb25_3p3kV_300SA_p01_11_1_23207","",2025-02-13 16:40:03.000,SciMax01,"60881",https://proto-9.pnl.gov/SciMax01/2025_1/60881_2_BTM_2_MAOM_r1_Mag_10Feb25_3p3kV_300SA_p01_11_1_23207,Released
1345917,"60880_6_BTM_3_MAOM_r2_Mag_26Feb25_3p3kV_300SA_p01_46_1_23875","",2025-03-03 13:17:12.000,SciMax01,"60880",https://proto-9.pnl.gov/SciMax01/2025_1/60880_6_BTM_3_MAOM_r2_Mag_26Feb25_3p3kV_300SA_p01_46_1_23875,Released
1234643,"60923_19_B_3_WEOM_r2_Mag_04Mar24_300SA_p01_30_1_16892",Buzzard: MONet,2024-03-06 11:37:13.000,SciMax01,"60923",https://proto-9.pnl.gov/SciMax01/2024_1/60923_19_B_3_WEOM_r2_Mag_04Mar24_300SA_p01_30_1_16892,Released
1329824,"60880_3_TOP_1_MAOM_r3_Mag_27Dec24_3p3kV_300SA_p01_1_1_21407","",2025-01-01 02:55:57.000,SciMax01,"60880",https://proto-9.pnl.gov/SciMax01/2025_1/60880_3_TOP_1_MAOM_r3_Mag_27Dec24_3p3kV_300SA_p01_1_1_21407,Released
1217456,"60923_1_T_3_WEOM_r2_Mag_04Jan24_300SA_p01_9_1_14594",Buzzard: Use this data,2024-01-07 23:11:36.000,SciMax01,"60923",https://proto-9.pnl.gov/SciMax01/2024_1/60923_1_T_3_WEOM_r2_Mag_04Jan24_300SA_p01_9_1_14594,Released
1340180,"60946_2_BTM_2_MAOM_r2_Mag_03Feb25_3p3kV_300SA_p01_39_1_22966","",2025-02-07 17:45:05.000,SciMax01,"60946",https://proto-9.pnl.gov/SciMax01/2025_1/60946_2_BTM_2_MAOM_r2_Mag_03Feb25_3p3kV_300SA_p01_39_1_22966,Released
1338799,"60933_18_TOP_3_MAOM_r3_Mag_29Jan25_3p3kV_300SA_p01_3_1_22699","",2025-01-31 19:35:40.000,SciMax01,"60933",https://proto-9.pnl.gov/SciMax01/2025_1/60933_18_TOP_3_MAOM_r3_Mag_29Jan25_3p3kV_300SA_p01_3_1_22699,Released
1216080,"60923_12_B_3_WEOM_r1_Mag_26Dec23_300SA_p01_32_1_14283",Buzzard: Data is fine but queue stopped over holiday week so need to shim cell and will run the queue again,2023-12-28 20:24:07.000,SciMax01,"60923",https://proto-9.pnl.gov/SciMax01/2024_1/60923_12_B_3_WEOM_r1_Mag_26Dec23_300SA_p01_32_1_14283,Released
1328847,"60940_2_BTM_3_MAOM_r1_Mag_19Dec24_3p3kV_300SA_p01_12_1_20988","",2024-12-20 06:04:19.000,SciMax01,"60940",https://proto-9.pnl.gov/SciMax01/2024_4/60940_2_BTM_3_MAOM_r1_Mag_19Dec24_3p3kV_300SA_p01_12_1_20988,Released
1215869,"60920_2_B_1_WEOM_r3_Mag_21Dec23_300SA_p01_4_1_14144",Data needs to be reviewed,2023-12-25 15:32:51.000,SciMax01,"60920",https://proto-9.pnl.gov/SciMax01/2024_1/60920_2_B_1_WEOM_r3_Mag_21Dec23_300SA_p01_4_1_14144,Released
1220702,"60933_9_T_3_WEOM_r1_Mag_18Jan24_300SA_p01_45_1_14739",Buzzard: MONet,2024-01-19 13:15:23.000,SciMax01,"60933",https://proto-9.pnl.gov/SciMax01/2024_1/60933_9_T_3_WEOM_r1_Mag_18Jan24_300SA_p01_45_1_14739,Released
1215789,"60920_2_B_2_WEOM_r2_Mag_21Dec23_300SA_p01_23_1_14090",Data needs to be reviewed,2023-12-24 15:36:56.000,SciMax01,"60920",https://proto-9.pnl.gov/SciMax01/2024_1/60920_2_B_2_WEOM_r2_Mag_21Dec23_300SA_p01_23_1_14090,Released
1252928,"60881_3_B_1_WEOM_r3_Mag_01May24_300SA_p01_13_1_18202","",2024-05-05 13:08:40.000,SciMax01,"60881",https://proto-9.pnl.gov/SciMax01/2024_2/60881_3_B_1_WEOM_r3_Mag_01May24_300SA_p01_13_1_18202,Released
1231191,"60933_18_T_1_WEOM_r1_Mag_12Feb24_300SA_p01_43_1_15073",Buzzard: MONet,2024-02-13 13:10:07.000,SciMax01,"60933",https://proto-9.pnl.gov/SciMax01/2024_1/60933_18_T_1_WEOM_r1_Mag_12Feb24_300SA_p01_43_1_15073,Released
1216180,"60923_7_B_3_WEOM_r1_Mag_26Dec23_300SA_p01_22_1_14275",Buzzard: Data is fine but queue stopped over holiday week so need to shim cell and will run the queue again,2023-12-28 16:51:23.000,SciMax01,"60923",https://proto-9.pnl.gov/SciMax01/2024_1/60923_7_B_3_WEOM_r1_Mag_26Dec23_300SA_p01_22_1_14275,Released
1338749,"60933_20_BTM_3_MAOM_r3_Mag_29Jan25_3p3kV_300SA_p01_18_1_22687","",2025-01-31 14:14:46.000,SciMax01,"60933",https://proto-9.pnl.gov/SciMax01/2025_1/60933_20_BTM_3_MAOM_r3_Mag_29Jan25_3p3kV_300SA_p01_18_1_22687,Released
1230733,"60932_3_T_3_WEOM_r3_Mag_24Feb24_300SA_p01_11_1_15987",Buzzard: MONet,2024-02-25 20:32:55.000,SciMax01,"60932",https://proto-9.pnl.gov/SciMax01/2024_1/60932_3_T_3_WEOM_r3_Mag_24Feb24_300SA_p01_11_1_15987,Released
1235634,"60886_5_B_3_WEOM_r1_Mag_10Mar24_300SA_p01_30_1_17150",Buzzard: MONet,2024-03-12 00:15:54.000,SciMax01,"60886",https://proto-9.pnl.gov/SciMax01/2024_1/60886_5_B_3_WEOM_r1_Mag_10Mar24_300SA_p01_30_1_17150,Released
1336070,"60923_14_TOP_1_MAOM_r1_Mag_22Jan25_3p3kV_300SA_p01_4_1_22201","",2025-01-22 13:18:32.000,SciMax01,"60923",https://proto-9.pnl.gov/SciMax01/2025_1/60923_14_TOP_1_MAOM_r1_Mag_22Jan25_3p3kV_300SA_p01_4_1_22201,Released
1336142,"60933_17_BTM_2_MAOM_r3_Mag_13Jan25_3p3kV_300SA_p01_44_1_21904","",2025-01-16 13:08:02.000,SciMax01,"60933",https://proto-9.pnl.gov/SciMax01/2025_1/60933_17_BTM_2_MAOM_r3_Mag_13Jan25_3p3kV_300SA_p01_44_1_21904,Released
1314873,QC_SRFAII_23_01_20ppm_r1_Mag_01Nov24_3p3kV_p01_54_1_20094,Buzzard: Testing response after Instrument cell clean and lab move,2024-11-01 23:19:20.000,SciMax01,"60938",https://proto-9.pnl.gov/SciMax01/2024_4/QC_SRFAII_23_01_20ppm_r1_Mag_01Nov24_3p3kV_p01_54_1_20094,Released
1329802,"60921_4_TOP_2_MAOM_r3_Mag_27Dec24_3p3kV_300SA_p01_22_1_21397","",2024-12-31 22:28:04.000,SciMax01,"60921",https://proto-9.pnl.gov/SciMax01/2024_4/60921_4_TOP_2_MAOM_r3_Mag_27Dec24_3p3kV_300SA_p01_22_1_21397,Released
1349522,"60933_12_TOP_2_MAOM_r3_Mag_31Jan25_3p3kV_300SA_p01_8_1_22736","",2025-02-01 12:05:57.000,SciMax01,"60933",https://proto-9.pnl.gov/SciMax01/2025_1/60933_12_TOP_2_MAOM_r3_Mag_31Jan25_3p3kV_300SA_p01_8_1_22736,Released
1231031,"60933_19_T_3_WEOM_r3_Mag_12Feb24_300SA_p01_51_1_15196",Buzzard: MONet,2024-02-15 19:40:37.000,SciMax01,"60933",https://proto-9.pnl.gov/SciMax01/2024_1/60933_19_T_3_WEOM_r3_Mag_12Feb24_300SA_p01_51_1_15196,Released
1215923,"60920_5_B_2_WEOM_r2_Mag_21Dec23_300SA_p01_29_1_14105",Data needs to be reviewed,2023-12-24 22:15:50.000,SciMax01,"60920",https://proto-9.pnl.gov/SciMax01/2024_1/60920_5_B_2_WEOM_r2_Mag_21Dec23_300SA_p01_29_1_14105,Released
1342101,"60881_3_BTM_3_MAOM_r3_Mag_10Feb25_3p3kV_300SA_p01_18_1_23301","",2025-02-15 10:35:28.000,SciMax01,"60881",https://proto-9.pnl.gov/SciMax01/2025_1/60881_3_BTM_3_MAOM_r3_Mag_10Feb25_3p3kV_300SA_p01_18_1_23301,Released
1220698,"60933_7_B_3_WEOM_r2_Mag_18Jan24_300SA_p01_39_1_14854",Buzzard: MONet,2024-01-21 16:13:32.000,SciMax01,"60933",https://proto-9.pnl.gov/SciMax01/2024_1/60933_7_B_3_WEOM_r2_Mag_18Jan24_300SA_p01_39_1_14854,Released
1215895,"60920_6_B_3_WEOM_r1_Mag_21Dec23_300SA_p01_12_1_14039",Data needs to be reviewed,2023-12-22 15:53:25.000,SciMax01,"60920",https://proto-9.pnl.gov/SciMax01/2024_1/60920_6_B_3_WEOM_r1_Mag_21Dec23_300SA_p01_12_1_14039,Released
1252889,"60881_1_B_3_WEOM_r3_Mag_01May24_300SA_p01_3_1_18224","",2024-05-05 22:53:40.000,SciMax01,"60881",https://proto-9.pnl.gov/SciMax01/2024_2/60881_1_B_3_WEOM_r3_Mag_01May24_300SA_p01_3_1_18224,Released
1231194,"60933_16_T_1_WEOM_r2_Mag_12Feb24_300SA_p01_31_1_15109",Buzzard: MONet,2024-02-14 05:07:21.000,SciMax01,"60933",https://proto-9.pnl.gov/SciMax01/2024_1/60933_16_T_1_WEOM_r2_Mag_12Feb24_300SA_p01_31_1_15109,Released
1341795,"60881_5_TOP_3_MAOM_r1_Mag_10Feb25_3p3kV_300SA_p01_27_1_23213","",2025-02-13 19:20:37.000,SciMax01,"60881",https://proto-9.pnl.gov/SciMax01/2025_1/60881_5_TOP_3_MAOM_r1_Mag_10Feb25_3p3kV_300SA_p01_27_1_23213,Released
1314848,"60942_6_TOP_2_WEOM_r1_Mag_01Nov24_3p3kV_p01_31_1_20111",Buzzard: Testing response after Instrument cell clean and lab move,2024-11-02 06:53:35.000,SciMax01,"60938",https://proto-9.pnl.gov/SciMax01/2024_4/60942_6_TOP_2_WEOM_r1_Mag_01Nov24_3p3kV_p01_31_1_20111,Released
1253615,"60940_4_B_2_WEOM_r3_Mag_10May24_300SA_p01_20_1_18365","",2024-05-12 13:28:55.000,SciMax01,"60940",https://proto-9.pnl.gov/SciMax01/2024_2/60940_4_B_2_WEOM_r3_Mag_10May24_300SA_p01_20_1_18365,Released
1328860,"60920_9_BTM_3_MAOM_r1_Mag_19Dec24_3p3kV_300SA_p01_44_1_21010","",2024-12-20 15:52:34.000,SciMax01,"60920",https://proto-9.pnl.gov/SciMax01/2024_4/60920_9_BTM_3_MAOM_r1_Mag_19Dec24_3p3kV_300SA_p01_44_1_21010,Released
1330953,"60933_2_BTM_2_MAOM_r2_Mag_05Jan25_3p3kV_300SA_p01_8_1_21657","",2025-01-06 18:42:39.000,SciMax01,"60933",https://proto-9.pnl.gov/SciMax01/2025_1/60933_2_BTM_2_MAOM_r2_Mag_05Jan25_3p3kV_300SA_p01_8_1_21657,Released
1230678,"60932_2_B_3_WEOM_r3_Mag_24Feb24_300SA_p01_8_1_15984",Buzzard: MONet,2024-02-25 19:13:09.000,SciMax01,"60932",https://proto-9.pnl.gov/SciMax01/2024_1/60932_2_B_3_WEOM_r3_Mag_24Feb24_300SA_p01_8_1_15984,Released
1231161,"60846_2_T_1_WEOM_r2_Mag_16Feb24_300SA_p01_13_1_15307",Buzzard: MONet,2024-02-17 22:00:37.000,SciMax01,"60846",https://proto-9.pnl.gov/SciMax01/2024_1/60846_2_T_1_WEOM_r2_Mag_16Feb24_300SA_p01_13_1_15307,Released
1328979,"60920_9_BTM_2_MAOM_r1_Mag_23Dec24_3p3kV_300SA_p01_43_1_21035","",2024-12-23 17:30:04.000,SciMax01,"60920",https://proto-9.pnl.gov/SciMax01/2024_4/60920_9_BTM_2_MAOM_r1_Mag_23Dec24_3p3kV_300SA_p01_43_1_21035,Released
1230783,QC_SRFAII_23_01_10ppm_r1_Mag_21Feb24_300SA_p01_54_1_15534,Buzzard: MONet,2024-02-23 00:55:30.000,SciMax01,"60932",https://proto-9.pnl.gov/SciMax01/2024_1/QC_SRFAII_23_01_10ppm_r1_Mag_21Feb24_300SA_p01_54_1_15534,Released
1216059,"60923_12_T_2_WEOM_r2_Mag_26Dec23_300SA_p01_3_1_14349",Buzzard: Data is fine but queue stopped over holiday week so need to shim cell and will run the queue again,2023-12-30 01:39:05.000,SciMax01,"60923",https://proto-9.pnl.gov/SciMax01/2024_1/60923_12_T_2_WEOM_r2_Mag_26Dec23_300SA_p01_3_1_14349,Released
1329741,"60880_3_BTM_2_MAOM_r2_Mag_27Dec24_3p3kV_300SA_p01_5_1_21382","",2024-12-31 15:47:11.000,SciMax01,"60880",https://proto-9.pnl.gov/SciMax01/2024_4/60880_3_BTM_2_MAOM_r2_Mag_27Dec24_3p3kV_300SA_p01_5_1_21382,Released
1180758,QC_SRFA_2_2023_01_1w_54_1_13391,Buzzard: QC's and Blanks,2023-08-29 18:43:58.000,SciMax01,"60141",https://proto-9.pnl.gov/SciMax01/2023_3/QC_SRFA_2_2023_01_1w_54_1_13391,Released
1231106,"60933_13_B_2_WEOM_r1_Mag_12Feb24_300SA_p01_17_1_15072",Buzzard: MONet,2024-02-13 12:43:32.000,SciMax01,"60933",https://proto-9.pnl.gov/SciMax01/2024_1/60933_13_B_2_WEOM_r1_Mag_12Feb24_300SA_p01_17_1_15072,Released
1220679,"60938_2_B_2_WEOM_r2_Mag_18Jan24_300SA_p01_11_1_14863",Buzzard: MONet,2024-01-21 20:12:50.000,SciMax01,"60938",https://proto-9.pnl.gov/SciMax01/2024_1/60938_2_B_2_WEOM_r2_Mag_18Jan24_300SA_p01_11_1_14863,Released
1217262,"60923_11_B_1_WEOM_r3_Mag_04Jan24_300SA_p01_22_1_14614",Buzzard: Use this data,2024-01-08 08:03:28.000,SciMax01,"60923",https://proto-9.pnl.gov/SciMax01/2024_1/60923_11_B_1_WEOM_r3_Mag_04Jan24_300SA_p01_22_1_14614,Released
1216115,"60923_1_T_2_WEOM_r2_Mag_26Dec23_300SA_p01_29_1_14328",Buzzard: Data is fine but queue stopped over holiday week so need to shim cell and will run the queue again,2023-12-29 16:20:42.000,SciMax01,"60923",https://proto-9.pnl.gov/SciMax01/2024_1/60923_1_T_2_WEOM_r2_Mag_26Dec23_300SA_p01_29_1_14328,Released
1344968,"60920_3_TOP_2_MAOM_r2_Mag_19Feb25_3p3kV_300SA_p01_14_1_23408","",2025-02-21 01:08:27.000,SciMax01,"60920",https://proto-9.pnl.gov/SciMax01/2025_1/60920_3_TOP_2_MAOM_r2_Mag_19Feb25_3p3kV_300SA_p01_14_1_23408,Released
1252830,"60881_6_T_1_WEOM_r1_Mag_01May24_300SA_p01_28_1_18068","",2024-05-03 01:45:30.000,SciMax01,"60881",https://proto-9.pnl.gov/SciMax01/2024_2/60881_6_T_1_WEOM_r1_Mag_01May24_300SA_p01_28_1_18068,Released
1230819,"60932_4_B_3_WEOM_r2_Mag_21Feb24_300SA_p01_20_1_15896",Buzzard: MONet,2024-02-23 22:40:37.000,SciMax01,"60932",https://proto-9.pnl.gov/SciMax01/2024_1/60932_4_B_3_WEOM_r2_Mag_21Feb24_300SA_p01_20_1_15896,Released
1329540,"60880_4_TOP_3_MAOM_r2_Mag_27Dec24_3p3kV_300SA_p01_9_1_21368","",2024-12-31 09:32:48.000,SciMax01,"60880",https://proto-9.pnl.gov/SciMax01/2024_4/60880_4_TOP_3_MAOM_r2_Mag_27Dec24_3p3kV_300SA_p01_9_1_21368,Released
1328965,"60940_3_TOP_2_MAOM_r3_Mag_23Dec24_3p3kV_300SA_p01_14_1_21116","",2024-12-25 05:35:43.000,SciMax01,"60940",https://proto-9.pnl.gov/SciMax01/2024_4/60940_3_TOP_2_MAOM_r3_Mag_23Dec24_3p3kV_300SA_p01_14_1_21116,Released
1272574,"60923_4_T_1_MAOM_r3_Mag_04Jul24_300SA_p01_19_1_19414",Buzzard: testing MAOM samples before the move,2024-07-05 02:24:33.000,SciMax01,"60923",https://proto-9.pnl.gov/SciMax01/2024_3/60923_4_T_1_MAOM_r3_Mag_04Jul24_300SA_p01_19_1_19414,Released
1335253,"60933_12_BTM_1_MAOM_r1_Mag_13Jan25_3p3kV_300SA_p01_10_1_21784","",2025-01-13 20:13:10.000,SciMax01,"60933",https://proto-9.pnl.gov/SciMax01/2025_1/60933_12_BTM_1_MAOM_r1_Mag_13Jan25_3p3kV_300SA_p01_10_1_21784,Released
1329046,"60923_3_TOP_3_MAOM_r1_Mag_27Dec24_3p3kV_300SA_p01_15_1_21187","",2024-12-28 00:52:22.000,SciMax01,"60923",https://proto-9.pnl.gov/SciMax01/2024_4/60923_3_TOP_3_MAOM_r1_Mag_27Dec24_3p3kV_300SA_p01_15_1_21187,Released
1337034,"60923_18_BTM_2_MAOM_r3_Mag_22Jan25_3p3kV_300SA_p01_36_1_22329","",2025-01-24 22:23:28.000,SciMax01,"60923",https://proto-9.pnl.gov/SciMax01/2025_1/60923_18_BTM_2_MAOM_r3_Mag_22Jan25_3p3kV_300SA_p01_36_1_22329,Released
1338738,"60923_13_TOP_3_MAOM_r3_Mag_29Jan25_3p3kV_300SA_p01_48_1_22685","",2025-01-31 13:21:30.000,SciMax01,"60923",https://proto-9.pnl.gov/SciMax01/2025_1/60923_13_TOP_3_MAOM_r3_Mag_29Jan25_3p3kV_300SA_p01_48_1_22685,Released
1330997,"60933_5_TOP_2_MAOM_r2_Mag_05Jan25_3p3kV_300SA_p01_23_1_21668","",2025-01-06 23:36:22.000,SciMax01,"60933",https://proto-9.pnl.gov/SciMax01/2025_1/60933_5_TOP_2_MAOM_r2_Mag_05Jan25_3p3kV_300SA_p01_23_1_21668,Released
1221011,"60933_5_T_2_WEOM_r3_Mag_18Jan24_300SA_p01_23_1_14951",Buzzard: MONet,2024-01-23 11:12:52.000,SciMax01,"60933",https://proto-9.pnl.gov/SciMax01/2024_1/60933_5_T_2_WEOM_r3_Mag_18Jan24_300SA_p01_23_1_14951,Released
1231080,"60933_20_T_1_WEOM_r3_Mag_12Feb24_300SA_p01_4_1_15229",Buzzard: MONet,2024-02-16 10:18:10.000,SciMax01,"60933",https://proto-9.pnl.gov/SciMax01/2024_1/60933_20_T_1_WEOM_r3_Mag_12Feb24_300SA_p01_4_1_15229,Released
1337293,"60886_3_BTM_3_MAOM_r1_Mag_22Jan25_3p3kV_300SA_p01_28_1_22399","",2025-01-26 05:37:21.000,SciMax01,"60886",https://proto-9.pnl.gov/SciMax01/2025_1/60886_3_BTM_3_MAOM_r1_Mag_22Jan25_3p3kV_300SA_p01_28_1_22399,Released
1340538,"60938_2_TOP_3_MAOM_r3_Mag_03Feb25_3p3kV_300SA_p01_9_1_22883","",2025-02-06 04:45:03.000,SciMax01,"60938",https://proto-9.pnl.gov/SciMax01/2025_1/60938_2_TOP_3_MAOM_r3_Mag_03Feb25_3p3kV_300SA_p01_9_1_22883,Released
1217460,"60923_3_B_3_WEOM_r3_Mag_04Jan24_300SA_p01_14_1_14660",Buzzard: Use this data,2024-01-09 04:26:39.000,SciMax01,"60923",https://proto-9.pnl.gov/SciMax01/2024_1/60923_3_B_3_WEOM_r3_Mag_04Jan24_300SA_p01_14_1_14660,Released
1216159,"60923_6_T_1_WEOM_r1_Mag_26Dec23_300SA_p01_11_1_14230",Buzzard: Data is fine but queue stopped over holiday week so need to shim cell and will run the queue again,2023-12-27 20:54:49.000,SciMax01,"60923",https://proto-9.pnl.gov/SciMax01/2024_1/60923_6_T_1_WEOM_r1_Mag_26Dec23_300SA_p01_11_1_14230,Released
1216136,"60923_4_B_1_WEOM_r1_Mag_26Dec23_300SA_p01_8_1_14213",Buzzard: Data is fine but queue stopped over holiday week so need to shim cell and will run the queue again,2023-12-27 13:22:47.000,SciMax01,"60923",https://proto-9.pnl.gov/SciMax01/2024_1/60923_4_B_1_WEOM_r1_Mag_26Dec23_300SA_p01_8_1_14213,Released
1341860,"60881_1_BTM_1_MAOM_r1_Mag_10Feb25_3p3kV_300SA_p01_4_1_23228","",2025-02-14 02:02:48.000,SciMax01,"60881",https://proto-9.pnl.gov/SciMax01/2025_1/60881_1_BTM_1_MAOM_r1_Mag_10Feb25_3p3kV_300SA_p01_4_1_23228,Released
1215788,"60920_8_T_2_WEOM_r1_Mag_21Dec23_300SA_p01_33_1_14011",Data needs to be reviewed,2023-12-22 03:28:53.000,SciMax01,"60920",https://proto-9.pnl.gov/SciMax01/2024_1/60920_8_T_2_WEOM_r1_Mag_21Dec23_300SA_p01_33_1_14011,Released
1445488,QC_SRFAII_25_01_B_WEOM_r1_52_1_27803,"",2025-11-01 08:50:32.000,SciMax01,"61111",https://proto-9.pnl.gov/SciMax01/2025_4/QC_SRFAII_25_01_B_WEOM_r1_52_1_27803,Released
1328918,"60940_3_TOP_1_MAOM_r3_Mag_23Dec24_3p3kV_300SA_p01_13_1_21134","",2024-12-25 13:38:03.000,SciMax01,"60940",https://proto-9.pnl.gov/SciMax01/2024_4/60940_3_TOP_1_MAOM_r3_Mag_23Dec24_3p3kV_300SA_p01_13_1_21134,Released
1230703,"60932_5_T_1_WEOM_r2_Mag_24Feb24_300SA_p01_21_1_15941",Buzzard: MONet,2024-02-25 00:09:42.000,SciMax01,"60932",https://proto-9.pnl.gov/SciMax01/2024_1/60932_5_T_1_WEOM_r2_Mag_24Feb24_300SA_p01_21_1_15941,Released
1217517,"60923_11_B_3_WEOM_r2_Mag_04Jan24_300SA_p01_30_1_14573",Buzzard: Use this data,2024-01-07 13:53:09.000,SciMax01,"60923",https://proto-9.pnl.gov/SciMax01/2024_1/60923_11_B_3_WEOM_r2_Mag_04Jan24_300SA_p01_30_1_14573,Released
1252821,"60929_2_T_3_WEOM_r2_Mag_01May24_300SA_p01_45_1_18141","",2024-05-04 10:06:31.000,SciMax01,"60929",https://proto-9.pnl.gov/SciMax01/2024_2/60929_2_T_3_WEOM_r2_Mag_01May24_300SA_p01_45_1_18141,Released
1252780,"60929_2_T_1_WEOM_r1_Mag_01May24_300SA_p01_43_1_18082","",2024-05-03 07:57:44.000,SciMax01,"60929",https://proto-9.pnl.gov/SciMax01/2024_2/60929_2_T_1_WEOM_r1_Mag_01May24_300SA_p01_43_1_18082,Released
1231105,"60933_12_T_3_WEOM_r1_Mag_12Feb24_300SA_p01_9_1_15099",Buzzard: MONet,2024-02-14 00:41:26.000,SciMax01,"60933",https://proto-9.pnl.gov/SciMax01/2024_1/60933_12_T_3_WEOM_r1_Mag_12Feb24_300SA_p01_9_1_15099,Released
1215885,"60920_3_T_3_WEOM_r2_Mag_21Dec23_300SA_p01_5_1_14128",Data needs to be reviewed,2023-12-25 08:27:27.000,SciMax01,"60920",https://proto-9.pnl.gov/SciMax01/2024_1/60920_3_T_3_WEOM_r2_Mag_21Dec23_300SA_p01_5_1_14128,Released
1330565,"60846_12_BTM_2_MAOM_r2_Mag_02Jan25_3p3kV_300SA_p01_23_1_21490","",2025-01-03 16:16:03.000,SciMax01,"60846",https://proto-9.pnl.gov/SciMax01/2025_1/60846_12_BTM_2_MAOM_r2_Mag_02Jan25_3p3kV_300SA_p01_23_1_21490,Released
1341892,"60881_5_TOP_3_MAOM_r2_Mag_10Feb25_3p3kV_300SA_p01_27_1_23236","",2025-02-14 05:36:38.000,SciMax01,"60881",https://proto-9.pnl.gov/SciMax01/2025_1/60881_5_TOP_3_MAOM_r2_Mag_10Feb25_3p3kV_300SA_p01_27_1_23236,Released
1217507,QC_SRFAII_20ppm_04Jan24_Mag_2w_8M_300SA_p01_54_1_14412,Buzzard: Use this data,2024-01-04 14:31:54.000,SciMax01,"60923",https://proto-9.pnl.gov/SciMax01/2024_1/QC_SRFAII_20ppm_04Jan24_Mag_2w_8M_300SA_p01_54_1_14412,Released
1337970,"60923_11_TOP_2_MAOM_r1_Mag_29Jan25_3p3kV_300SA_p01_32_1_22552","",2025-01-29 02:03:14.000,SciMax01,"60923",https://proto-9.pnl.gov/SciMax01/2025_1/60923_11_TOP_2_MAOM_r1_Mag_29Jan25_3p3kV_300SA_p01_32_1_22552,Released
1344982,"60920_1_BTM_2_MAOM_r3_Mag_19Feb25_3p3kV_300SA_p01_5_1_23422","",2025-02-21 07:22:49.000,SciMax01,"60920",https://proto-9.pnl.gov/SciMax01/2025_1/60920_1_BTM_2_MAOM_r3_Mag_19Feb25_3p3kV_300SA_p01_5_1_23422,Released
1346505,"60921_2_BTM_2_MAOM_r2_Mag_26Feb25_3p3kV_300SA_p01_5_1_23944","",2025-03-05 17:07:05.000,SciMax01,"60921",https://proto-9.pnl.gov/SciMax01/2025_1/60921_2_BTM_2_MAOM_r2_Mag_26Feb25_3p3kV_300SA_p01_5_1_23944,Released
1217261,"60923_2_B_1_WEOM_r1_Mag_04Jan24_300SA_p01_4_1_14442",Buzzard: Use this data,2024-01-05 03:49:36.000,SciMax01,"60923",https://proto-9.pnl.gov/SciMax01/2024_1/60923_2_B_1_WEOM_r1_Mag_04Jan24_300SA_p01_4_1_14442,Released
1215902,"60920_10_T_1_WEOM_r3_Mag_21Dec23_300SA_p01_18_1_14153",Data needs to be reviewed,2023-12-25 19:32:11.000,SciMax01,"60920",https://proto-9.pnl.gov/SciMax01/2024_1/60920_10_T_1_WEOM_r3_Mag_21Dec23_300SA_p01_18_1_14153,Released
1234858,"60923_19_T_1_WEOM_r3_Mag_04Mar24_300SA_p01_25_1_16957",Buzzard: MONet,2024-03-07 16:58:45.000,SciMax01,"60923",https://proto-9.pnl.gov/SciMax01/2024_1/60923_19_T_1_WEOM_r3_Mag_04Mar24_300SA_p01_25_1_16957,Released
1230897,"60921_4_B_1_WEOM_r3_Mag_21Feb24_300SA_p01_2_1_15511",Buzzard: MONet,2024-02-22 14:43:55.000,SciMax01,"60921",https://proto-9.pnl.gov/SciMax01/2024_1/60921_4_B_1_WEOM_r3_Mag_21Feb24_300SA_p01_2_1_15511,Released
1090417,"1000s_SRFAII_20ppm_01_25Oct22_Mag_300SA_p01_1_1_6914",Buzzard: QC's and blanks,2022-10-25 14:13:55.000,SciMax01,"60141",https://proto-9.pnl.gov/SciMax01/2022_4/1000s_SRFAII_20ppm_01_25Oct22_Mag_300SA_p01_1_1_6914,Released
1345028,"60920_5_TOP_3_MAOM_r3_Mag_19Feb25_3p3kV_300SA_p01_27_1_23434","",2025-02-21 12:44:48.000,SciMax01,"60920",https://proto-9.pnl.gov/SciMax01/2025_1/60920_5_TOP_3_MAOM_r3_Mag_19Feb25_3p3kV_300SA_p01_27_1_23434,Released
1341611,"60932_3_TOP_3_MAOM_r3_Mag_10Feb25_3p3kV_300SA_p01_15_1_23181","",2025-02-13 05:05:13.000,SciMax01,"60932",https://proto-9.pnl.gov/SciMax01/2025_1/60932_3_TOP_3_MAOM_r3_Mag_10Feb25_3p3kV_300SA_p01_15_1_23181,Released
1328936,"60940_3_BTM_1_MAOM_r2_Mag_23Dec24_3p3kV_300SA_p01_16_1_21045","",2024-12-23 21:57:56.000,SciMax01,"60940",https://proto-9.pnl.gov/SciMax01/2024_4/60940_3_BTM_1_MAOM_r2_Mag_23Dec24_3p3kV_300SA_p01_16_1_21045,Released
1217330,"60923_12_B_3_WEOM_r1_Mag_04Jan24_300SA_p01_32_1_14497",Buzzard: Use this data,2024-01-06 04:12:02.000,SciMax01,"60923",https://proto-9.pnl.gov/SciMax01/2024_1/60923_12_B_3_WEOM_r1_Mag_04Jan24_300SA_p01_32_1_14497,Released
1217486,"60923_9_T_2_WEOM_r2_Mag_04Jan24_300SA_p01_45_1_14559",Buzzard: Use this data,2024-01-07 07:40:51.000,SciMax01,"60923",https://proto-9.pnl.gov/SciMax01/2024_1/60923_9_T_2_WEOM_r2_Mag_04Jan24_300SA_p01_45_1_14559,Released
1233053,QC_SRFAII_23_01_10ppm_WEOM_r1_Mag_04Mar24_300SA_p01_54_1_16814,"",2024-03-05 01:03:13.000,SciMax01,"60923",https://proto-9.pnl.gov/SciMax01/2024_1/QC_SRFAII_23_01_10ppm_WEOM_r1_Mag_04Mar24_300SA_p01_54_1_16814,Released
1231311,"60933_19_B_2_WEOM_r3_Mag_12Feb24_300SA_p01_2_1_15228",Buzzard: MONet,2024-02-16 09:51:34.000,SciMax01,"60933",https://proto-9.pnl.gov/SciMax01/2024_1/60933_19_B_2_WEOM_r3_Mag_12Feb24_300SA_p01_2_1_15228,Released
1349526,"60933_17_TOP_3_MAOM_r3_Mag_31Jan25_3p3kV_300SA_p01_42_1_22739","",2025-02-01 13:26:19.000,SciMax01,"60933",https://proto-9.pnl.gov/SciMax01/2025_1/60933_17_TOP_3_MAOM_r3_Mag_31Jan25_3p3kV_300SA_p01_42_1_22739,Released
1330263,"60846_7_TOP_1_MAOM_r1_Mag_02Jan25_3p3kV_300SA_p01_13_1_21470","",2025-01-03 07:20:01.000,SciMax01,"60846",https://proto-9.pnl.gov/SciMax01/2025_1/60846_7_TOP_1_MAOM_r1_Mag_02Jan25_3p3kV_300SA_p01_13_1_21470,Released
1220977,"60938_2_T_3_WEOM_r3_Mag_18Jan24_300SA_p01_9_1_14975",Buzzard: MONet,2024-01-23 21:51:03.000,SciMax01,"60938",https://proto-9.pnl.gov/SciMax01/2024_1/60938_2_T_3_WEOM_r3_Mag_18Jan24_300SA_p01_9_1_14975,Released
1217304,"60923_4_T_1_WEOM_r3_Mag_04Jan24_300SA_p01_7_1_14620",Buzzard: Use this data,2024-01-08 10:43:02.000,SciMax01,"60923",https://proto-9.pnl.gov/SciMax01/2024_1/60923_4_T_1_WEOM_r3_Mag_04Jan24_300SA_p01_7_1_14620,Released
1341041,"60932_3_BTM_3_MAOM_r1_Mag_10Feb25_3p3kV_300SA_p01_18_1_23047","",2025-02-10 17:20:12.000,SciMax01,"60932",https://proto-9.pnl.gov/SciMax01/2025_1/60932_3_BTM_3_MAOM_r1_Mag_10Feb25_3p3kV_300SA_p01_18_1_23047,Released
1337186,"60923_18_TOP_2_MAOM_r3_Mag_22Jan25_3p3kV_300SA_p01_33_1_22357","",2025-01-25 10:53:00.000,SciMax01,"60923",https://proto-9.pnl.gov/SciMax01/2025_1/60923_18_TOP_2_MAOM_r3_Mag_22Jan25_3p3kV_300SA_p01_33_1_22357,Released
1231272,"60846_5_B_1_WEOM_r2_Mag_16Feb24_300SA_p01_22_1_15288",Buzzard: MONet,2024-02-17 13:35:24.000,SciMax01,"60846",https://proto-9.pnl.gov/SciMax01/2024_1/60846_5_B_1_WEOM_r2_Mag_16Feb24_300SA_p01_22_1_15288,Released
1341239,"60932_6_TOP_1_MAOM_r1_Mag_10Feb25_3p3kV_300SA_p01_35_1_23093","",2025-02-11 13:50:27.000,SciMax01,"60932",https://proto-9.pnl.gov/SciMax01/2025_1/60932_6_TOP_1_MAOM_r1_Mag_10Feb25_3p3kV_300SA_p01_35_1_23093,Released
1349509,"60933_2_BTM_3_MAOM_r3_Mag_20Jan25_3p3kV_300SA_p01_9_1_22178","",2025-01-21 20:12:37.000,SciMax01,"60933",https://proto-9.pnl.gov/SciMax01/2025_1/60933_2_BTM_3_MAOM_r3_Mag_20Jan25_3p3kV_300SA_p01_9_1_22178,Released
1329064,"60923_4_TOP_2_MAOM_r3_Mag_27Dec24_3p3kV_300SA_p01_20_1_21285","",2024-12-29 20:33:02.000,SciMax01,"60923",https://proto-9.pnl.gov/SciMax01/2024_4/60923_4_TOP_2_MAOM_r3_Mag_27Dec24_3p3kV_300SA_p01_20_1_21285,Released
1337042,"60923_16_BTM_1_MAOM_r3_Mag_22Jan25_3p3kV_300SA_p01_19_1_22331","",2025-01-24 23:17:02.000,SciMax01,"60923",https://proto-9.pnl.gov/SciMax01/2025_1/60923_16_BTM_1_MAOM_r3_Mag_22Jan25_3p3kV_300SA_p01_19_1_22331,Released
1345023,"60920_4_TOP_2_MAOM_r2_Mag_19Feb25_3p3kV_300SA_p01_20_1_23387","",2025-02-20 15:47:21.000,SciMax01,"60920",https://proto-9.pnl.gov/SciMax01/2025_1/60920_4_TOP_2_MAOM_r2_Mag_19Feb25_3p3kV_300SA_p01_20_1_23387,Released
1339878,"60942_5_BTM_2_MAOM_r1_Mag_03Feb25_3p3kV_300SA_p01_17_1_22908","",2025-02-06 15:53:11.000,SciMax01,"60942",https://proto-9.pnl.gov/SciMax01/2025_1/60942_5_BTM_2_MAOM_r1_Mag_03Feb25_3p3kV_300SA_p01_17_1_22908,Released
1215889,"60920_4_T_1_WEOM_r2_Mag_21Dec23_300SA_p01_7_1_14082",Data needs to be reviewed,2023-12-23 10:56:53.000,SciMax01,"60920",https://proto-9.pnl.gov/SciMax01/2024_1/60920_4_T_1_WEOM_r2_Mag_21Dec23_300SA_p01_7_1_14082,Released
1180815,"60881_3_B_2_WEOM_1w_5_1_13395",Buzzard: 1w; Data needs to be reviewed,2023-08-29 20:30:19.000,SciMax01,"60881",https://proto-9.pnl.gov/SciMax01/2023_3/60881_3_B_2_WEOM_1w_5_1_13395,Released
1234608,"60923_19_T_2_WEOM_r2_Mag_04Mar24_300SA_p01_26_1_16899",Buzzard: MONet,2024-03-06 14:43:21.000,SciMax01,"60923",https://proto-9.pnl.gov/SciMax01/2024_1/60923_19_T_2_WEOM_r2_Mag_04Mar24_300SA_p01_26_1_16899,Released
1335191,"60933_11_TOP_1_MAOM_r1_Mag_13Jan25_3p3kV_300SA_p01_1_1_21788","",2025-01-13 22:00:20.000,SciMax01,"60933",https://proto-9.pnl.gov/SciMax01/2025_1/60933_11_TOP_1_MAOM_r1_Mag_13Jan25_3p3kV_300SA_p01_1_1_21788,Released
1340253,"60946_1_TOP_1_MAOM_r2_Mag_03Feb25_3p3kV_300SA_p01_29_1_22981","",2025-02-08 00:26:08.000,SciMax01,"60946",https://proto-9.pnl.gov/SciMax01/2025_1/60946_1_TOP_1_MAOM_r2_Mag_03Feb25_3p3kV_300SA_p01_29_1_22981,Released
1341627,"60932_4_BTM_3_MAOM_r3_Mag_10Feb25_3p3kV_300SA_p01_24_1_23184","",2025-02-13 06:25:25.000,SciMax01,"60932",https://proto-9.pnl.gov/SciMax01/2025_1/60932_4_BTM_3_MAOM_r3_Mag_10Feb25_3p3kV_300SA_p01_24_1_23184,Released
1340553,"60938_3_TOP_3_MAOM_r2_Mag_03Feb25_3p3kV_300SA_p01_15_1_22827","",2025-02-05 03:47:14.000,SciMax01,"60938",https://proto-9.pnl.gov/SciMax01/2025_1/60938_3_TOP_3_MAOM_r2_Mag_03Feb25_3p3kV_300SA_p01_15_1_22827,Released
1216201,"60923_13_T_2_WEOM_r2_Mag_26Dec23_300SA_p01_5_1_14336",Buzzard: Data is fine but queue stopped over holiday week so need to shim cell and will run the queue again,2023-12-29 19:53:25.000,SciMax01,"60923",https://proto-9.pnl.gov/SciMax01/2024_1/60923_13_T_2_WEOM_r2_Mag_26Dec23_300SA_p01_5_1_14336,Released
1341199,"60932_4_BTM_2_MAOM_r1_Mag_10Feb25_3p3kV_300SA_p01_23_1_23079","",2025-02-11 07:36:10.000,SciMax01,"60932",https://proto-9.pnl.gov/SciMax01/2025_1/60932_4_BTM_2_MAOM_r1_Mag_10Feb25_3p3kV_300SA_p01_23_1_23079,Released
1335267,"60933_14_BTM_3_MAOM_r3_Mag_13Jan25_3p3kV_300SA_p01_28_1_21945","",2025-01-17 07:25:27.000,SciMax01,"60933",https://proto-9.pnl.gov/SciMax01/2025_1/60933_14_BTM_3_MAOM_r3_Mag_13Jan25_3p3kV_300SA_p01_28_1_21945,Released
1235598,"60942_5_B_1_WEOM_r3_Mag_07Mar24_300SA_p01_27_1_17076",Buzzard: MONet,2024-03-10 14:36:06.000,SciMax01,"60942",https://proto-9.pnl.gov/SciMax01/2024_1/60942_5_B_1_WEOM_r3_Mag_07Mar24_300SA_p01_27_1_17076,Released
1217323,"60923_1_B_3_WEOM_r3_Mag_04Jan24_300SA_p01_10_1_14672",Buzzard: Use this data,2024-01-09 09:45:43.000,SciMax01,"60923",https://proto-9.pnl.gov/SciMax01/2024_1/60923_1_B_3_WEOM_r3_Mag_04Jan24_300SA_p01_10_1_14672,Released
1340328,"60946_1_TOP_1_MAOM_r3_Mag_03Feb25_3p3kV_300SA_p01_29_1_23007","",2025-02-08 12:01:39.000,SciMax01,"60946",https://proto-9.pnl.gov/SciMax01/2025_1/60946_1_TOP_1_MAOM_r3_Mag_03Feb25_3p3kV_300SA_p01_29_1_23007,Released
1231250,"60846_17_B_1_WEOM_r2_Mag_16Feb24_300SA_p01_40_1_15297",Buzzard: MONet,2024-02-17 17:34:41.000,SciMax01,"60846",https://proto-9.pnl.gov/SciMax01/2024_1/60846_17_B_1_WEOM_r2_Mag_16Feb24_300SA_p01_40_1_15297,Released
1235641,"60942_5_T_3_WEOM_r1_Mag_07Mar24_300SA_p01_26_1_16975",Buzzard: MONet,2024-03-08 00:57:23.000,SciMax01,"60942",https://proto-9.pnl.gov/SciMax01/2024_1/60942_5_T_3_WEOM_r1_Mag_07Mar24_300SA_p01_26_1_16975,Released
1331033,"60933_4_TOP_1_MAOM_r2_Mag_05Jan25_3p3kV_300SA_p01_16_1_21684","",2025-01-07 06:45:00.000,SciMax01,"60933",https://proto-9.pnl.gov/SciMax01/2025_1/60933_4_TOP_1_MAOM_r2_Mag_05Jan25_3p3kV_300SA_p01_16_1_21684,Released
1336135,"60933_17_BTM_2_MAOM_r2_Mag_13Jan25_3p3kV_300SA_p01_44_1_21893","",2025-01-16 08:14:09.000,SciMax01,"60933",https://proto-9.pnl.gov/SciMax01/2025_1/60933_17_BTM_2_MAOM_r2_Mag_13Jan25_3p3kV_300SA_p01_44_1_21893,Released
1337955,"60933_19_BTM_3_MAOM_r1_Mag_29Jan25_3p3kV_300SA_p01_12_1_22548","",2025-01-29 00:16:07.000,SciMax01,"60933",https://proto-9.pnl.gov/SciMax01/2025_1/60933_19_BTM_3_MAOM_r1_Mag_29Jan25_3p3kV_300SA_p01_12_1_22548,Released
1220989,QC_SRFAII_23_01_10ppm_r3_Mag_18Jan24_300SA_p01_52_1_15009,Buzzard: MONet,2024-01-24 12:55:05.000,SciMax01,"60938",https://proto-9.pnl.gov/SciMax01/2024_1/QC_SRFAII_23_01_10ppm_r3_Mag_18Jan24_300SA_p01_52_1_15009,Released
1230858,"60932_2_B_3_WEOM_r1_Mag_21Feb24_300SA_p01_8_1_15516",Buzzard: MONet,2024-02-22 16:56:53.000,SciMax01,"60932",https://proto-9.pnl.gov/SciMax01/2024_1/60932_2_B_3_WEOM_r1_Mag_21Feb24_300SA_p01_8_1_15516,Released
1252792,"60929_3_T_2_WEOM_r1_Mag_01May24_300SA_p01_50_1_18103","",2024-05-03 17:16:07.000,SciMax01,"60929",https://proto-9.pnl.gov/SciMax01/2024_2/60929_3_T_2_WEOM_r1_Mag_01May24_300SA_p01_50_1_18103,Released
1235562,"60942_5_B_2_WEOM_r1_Mag_07Mar24_300SA_p01_28_1_16997",Buzzard: MONet,2024-03-08 10:42:22.000,SciMax01,"60942",https://proto-9.pnl.gov/SciMax01/2024_1/60942_5_B_2_WEOM_r1_Mag_07Mar24_300SA_p01_28_1_16997,Released
1230949,"60846_12_T_3_WEOM_r3_Mag_16Feb24_300SA_p01_33_1_15347",Buzzard: MONet,2024-02-19 00:47:44.000,SciMax01,"60846",https://proto-9.pnl.gov/SciMax01/2024_1/60846_12_T_3_WEOM_r3_Mag_16Feb24_300SA_p01_33_1_15347,Released
1331049,"60933_2_TOP_2_MAOM_r2_Mag_05Jan25_3p3kV_300SA_p01_5_1_21690","",2025-01-07 09:25:34.000,SciMax01,"60933",https://proto-9.pnl.gov/SciMax01/2025_1/60933_2_TOP_2_MAOM_r2_Mag_05Jan25_3p3kV_300SA_p01_5_1_21690,Released
1340077,"60942_4_TOP_1_MAOM_r2_Mag_03Feb25_3p3kV_300SA_p01_7_1_22947","",2025-02-07 09:16:54.000,SciMax01,"60942",https://proto-9.pnl.gov/SciMax01/2025_1/60942_4_TOP_1_MAOM_r2_Mag_03Feb25_3p3kV_300SA_p01_7_1_22947,Released
1338053,"60923_13_TOP_3_MAOM_r1_Mag_29Jan25_3p3kV_300SA_p01_48_1_22571","",2025-01-29 10:31:58.000,SciMax01,"60923",https://proto-9.pnl.gov/SciMax01/2025_1/60923_13_TOP_3_MAOM_r1_Mag_29Jan25_3p3kV_300SA_p01_48_1_22571,Released
1345379,"60880_5_TOP_1_MAOM_r1_Mag_26Feb25_3p3kV_300SA_p01_35_1_23793","",2025-03-02 00:43:19.000,SciMax01,"60880",https://proto-9.pnl.gov/SciMax01/2025_1/60880_5_TOP_1_MAOM_r1_Mag_26Feb25_3p3kV_300SA_p01_35_1_23793,Released
1217677,"60923_11_T_3_WEOM_r3_Mag_04Jan24_300SA_p01_29_1_14684",Buzzard: Use this data,2024-01-09 15:04:46.000,SciMax01,"60923",https://proto-9.pnl.gov/SciMax01/2024_1/60923_11_T_3_WEOM_r3_Mag_04Jan24_300SA_p01_29_1_14684,Released
1345033,"60942_3_TOP_1_MAOM_r3_Mag_19Feb25_3p3kV_300SA_p01_19_1_23577","",2025-02-24 23:06:13.000,SciMax01,"60942",https://proto-9.pnl.gov/SciMax01/2025_1/60942_3_TOP_1_MAOM_r3_Mag_19Feb25_3p3kV_300SA_p01_19_1_23577,Released
1340535,"60938_2_BTM_3_MAOM_r3_Mag_03Feb25_3p3kV_300SA_p01_12_1_22872","",2025-02-05 23:50:30.000,SciMax01,"60938",https://proto-9.pnl.gov/SciMax01/2025_1/60938_2_BTM_3_MAOM_r3_Mag_03Feb25_3p3kV_300SA_p01_12_1_22872,Released
1314887,"60886_2_BTM_1_WEOM_r1_Mag_01Nov24_3p3kV_p01_6_1_20084",Buzzard: Testing response after Instrument cell clean and lab move,2024-11-01 18:52:04.000,SciMax01,"60938",https://proto-9.pnl.gov/SciMax01/2024_4/60886_2_BTM_1_WEOM_r1_Mag_01Nov24_3p3kV_p01_6_1_20084,Released
1330948,"60933_5_BTM_2_MAOM_r2_Mag_05Jan25_3p3kV_300SA_p01_30_1_21656","",2025-01-06 18:16:02.000,SciMax01,"60933",https://proto-9.pnl.gov/SciMax01/2025_1/60933_5_BTM_2_MAOM_r2_Mag_05Jan25_3p3kV_300SA_p01_30_1_21656,Released
1342171,"60881_2_BTM_2_MAOM_r3_Mag_10Feb25_3p3kV_300SA_p01_11_1_23318","",2025-02-15 18:10:26.000,SciMax01,"60881",https://proto-9.pnl.gov/SciMax01/2025_1/60881_2_BTM_2_MAOM_r3_Mag_10Feb25_3p3kV_300SA_p01_11_1_23318,Released
1231015,"60880_2_T_3_WEOM_r3_Mag_16Feb24_300SA_p01_22_1_15429",Buzzard: MONet,2024-02-20 13:08:03.000,SciMax01,"60880",https://proto-9.pnl.gov/SciMax01/2024_1/60880_2_T_3_WEOM_r3_Mag_16Feb24_300SA_p01_22_1_15429,Released
1329132,"60923_7_BTM_2_MAOM_r1_Mag_27Dec24_3p3kV_300SA_p01_41_1_21176","",2024-12-27 19:58:00.000,SciMax01,"60923",https://proto-9.pnl.gov/SciMax01/2024_4/60923_7_BTM_2_MAOM_r1_Mag_27Dec24_3p3kV_300SA_p01_41_1_21176,Released
1272586,"60923_2_B_2_MAOM_r1_Mag_03Jul24_300SA_p01_11_1_19367",Buzzard: testing MAOM samples before the move,2024-07-03 23:23:30.000,SciMax01,"60923",https://proto-9.pnl.gov/SciMax01/2024_3/60923_2_B_2_MAOM_r1_Mag_03Jul24_300SA_p01_11_1_19367,Released
1344929,"60920_4_TOP_2_MAOM_r3_Mag_19Feb25_3p3kV_300SA_p01_20_1_23443","",2025-02-21 16:45:37.000,SciMax01,"60920",https://proto-9.pnl.gov/SciMax01/2025_1/60920_4_TOP_2_MAOM_r3_Mag_19Feb25_3p3kV_300SA_p01_20_1_23443,Released
1217329,"60923_12_T_1_WEOM_r2_Mag_04Jan24_300SA_p01_23_1_14515",Buzzard: Use this data,2024-01-06 12:10:41.000,SciMax01,"60923",https://proto-9.pnl.gov/SciMax01/2024_1/60923_12_T_1_WEOM_r2_Mag_04Jan24_300SA_p01_23_1_14515,Released
1341359,"60932_6_TOP_1_MAOM_r2_Mag_10Feb25_3p3kV_300SA_p01_35_1_23137","",2025-02-12 09:28:12.000,SciMax01,"60932",https://proto-9.pnl.gov/SciMax01/2025_1/60932_6_TOP_1_MAOM_r2_Mag_10Feb25_3p3kV_300SA_p01_35_1_23137,Released
1336422,"60923_18_BTM_1_MAOM_r2_Mag_22Jan25_3p3kV_300SA_p01_35_1_22258","",2025-01-23 14:43:05.000,SciMax01,"60923",https://proto-9.pnl.gov/SciMax01/2025_1/60923_18_BTM_1_MAOM_r2_Mag_22Jan25_3p3kV_300SA_p01_35_1_22258,Released
1215827,"60920_2_B_2_WEOM_r1_Mag_21Dec23_300SA_p01_23_1_14018",Data needs to be reviewed,2023-12-22 06:35:02.000,SciMax01,"60920",https://proto-9.pnl.gov/SciMax01/2024_1/60920_2_B_2_WEOM_r1_Mag_21Dec23_300SA_p01_23_1_14018,Released
1329134,"60923_5_TOP_2_MAOM_r2_Mag_27Dec24_3p3kV_300SA_p01_26_1_21222","",2024-12-28 16:28:00.000,SciMax01,"60923",https://proto-9.pnl.gov/SciMax01/2024_4/60923_5_TOP_2_MAOM_r2_Mag_27Dec24_3p3kV_300SA_p01_26_1_21222,Released
1272541,"60923_1_B_1_MAOM_r2_Mag_04Jul24_300SA_p01_4_1_19383",Buzzard: testing MAOM samples before the move,2024-07-04 12:40:18.000,SciMax01,"60923",https://proto-9.pnl.gov/SciMax01/2024_3/60923_1_B_1_MAOM_r2_Mag_04Jul24_300SA_p01_4_1_19383,Released
1344794,"60929_2_TOP_3_MAOM_r1_Mag_19Feb25_3p3kV_300SA_p01_29_1_23485","",2025-02-22 11:29:33.000,SciMax01,"60929",https://proto-9.pnl.gov/SciMax01/2025_1/60929_2_TOP_3_MAOM_r1_Mag_19Feb25_3p3kV_300SA_p01_29_1_23485,Released
1329242,"60923_2_TOP_3_MAOM_r3_Mag_27Dec24_3p3kV_300SA_p01_9_1_21326","",2024-12-30 14:50:12.000,SciMax01,"60923",https://proto-9.pnl.gov/SciMax01/2024_4/60923_2_TOP_3_MAOM_r3_Mag_27Dec24_3p3kV_300SA_p01_9_1_21326,Released
1330886,"60933_7_TOP_1_MAOM_r1_Mag_05Jan25_3p3kV_300SA_p01_38_1_21637","",2025-01-06 09:47:42.000,SciMax01,"60933",https://proto-9.pnl.gov/SciMax01/2025_1/60933_7_TOP_1_MAOM_r1_Mag_05Jan25_3p3kV_300SA_p01_38_1_21637,Released
1345962,"60880_6_TOP_2_MAOM_r3_Mag_26Feb25_3p3kV_300SA_p01_42_1_23880","",2025-03-03 15:30:38.000,SciMax01,"60880",https://proto-9.pnl.gov/SciMax01/2025_1/60880_6_TOP_2_MAOM_r3_Mag_26Feb25_3p3kV_300SA_p01_42_1_23880,Released
1340121,"60946_1_BTM_3_MAOM_r2_Mag_03Feb25_3p3kV_300SA_p01_34_1_22955","",2025-02-07 12:50:53.000,SciMax01,"60946",https://proto-9.pnl.gov/SciMax01/2025_1/60946_1_BTM_3_MAOM_r2_Mag_03Feb25_3p3kV_300SA_p01_34_1_22955,Released
1253598,"60940_4_B_1_WEOM_r1_Mag_10May24_300SA_p01_19_1_18271","",2024-05-10 19:49:26.000,SciMax01,"60940",https://proto-9.pnl.gov/SciMax01/2024_2/60940_4_B_1_WEOM_r1_Mag_10May24_300SA_p01_19_1_18271,Released
1236326,"60886_6_T_3_WEOM_r3_Mag_10Mar24_300SA_p01_33_1_17274",Buzzard: MONet,2024-03-14 07:13:00.000,SciMax01,"60886",https://proto-9.pnl.gov/SciMax01/2024_1/60886_6_T_3_WEOM_r3_Mag_10Mar24_300SA_p01_33_1_17274,Released
1231132,"60933_15_T_3_WEOM_r1_Mag_12Feb24_300SA_p01_27_1_15055",Buzzard: MONet,2024-02-13 05:03:25.000,SciMax01,"60933",https://proto-9.pnl.gov/SciMax01/2024_1/60933_15_T_3_WEOM_r1_Mag_12Feb24_300SA_p01_27_1_15055,Released
1165473,"20230707_QC_SRFAII_20ppm_4M_300SA_p1_000001",Buzzard: Just testing samples tubes,2023-07-07 13:22:03.000,"15T_FTICR_I","60141",https://proto-9.pnl.gov/15T_FTICR_I/2023_3/20230707_QC_SRFAII_20ppm_4M_300SA_p1_000001,Released
1340577,"60938_4_TOP_3_MAOM_r2_Mag_03Feb25_3p3kV_300SA_p01_21_1_22819","",2025-02-05 00:13:23.000,SciMax01,"60938",https://proto-9.pnl.gov/SciMax01/2025_1/60938_4_TOP_3_MAOM_r2_Mag_03Feb25_3p3kV_300SA_p01_21_1_22819,Released
1336423,"60923_17_TOP_2_MAOM_r1_Mag_22Jan25_3p3kV_300SA_p01_23_1_22253","",2025-01-23 12:29:19.000,SciMax01,"60923",https://proto-9.pnl.gov/SciMax01/2025_1/60923_17_TOP_2_MAOM_r1_Mag_22Jan25_3p3kV_300SA_p01_23_1_22253,Released
1346541,"60921_2_BTM_2_MAOM_r3_Mag_26Feb25_3p3kV_300SA_p01_5_1_23955","",2025-03-05 22:00:53.000,SciMax01,"60921",https://proto-9.pnl.gov/SciMax01/2025_1/60921_2_BTM_2_MAOM_r3_Mag_26Feb25_3p3kV_300SA_p01_5_1_23955,Released
1330677,"60846_12_BTM_2_MAOM_r3_Mag_02Jan25_3p3kV_300SA_p01_23_1_21536","",2025-01-04 12:45:21.000,SciMax01,"60846",https://proto-9.pnl.gov/SciMax01/2025_1/60846_12_BTM_2_MAOM_r3_Mag_02Jan25_3p3kV_300SA_p01_23_1_21536,Released
1314719,"60923_3_T_2_MAOM_r1_Mag_01Nov24_300SA_3p3kV_p01_14_1_20178",Buzzard: Testing response after Instrument cell clean and lab move,2024-11-04 22:24:41.000,SciMax01,"60923",https://proto-9.pnl.gov/SciMax01/2024_4/60923_3_T_2_MAOM_r1_Mag_01Nov24_300SA_3p3kV_p01_14_1_20178,Released
1349521,"60933_19_TOP_1_MAOM_r3_Mag_29Jan25_3p3kV_300SA_p01_7_1_22708","",2025-01-31 23:36:36.000,SciMax01,"60933",https://proto-9.pnl.gov/SciMax01/2025_1/60933_19_TOP_1_MAOM_r3_Mag_29Jan25_3p3kV_300SA_p01_7_1_22708,Released
1490315,"20260414_QC_SRFA_A_r3_Mag_53_1_32755","",2026-04-15 13:38:49.000,SciMax01,"61050",https://proto-9.pnl.gov/SciMax01/2026_2/20260414_QC_SRFA_A_r3_Mag_53_1_32755,Released
1231302,"60933_18_T_3_WEOM_r1_Mag_12Feb24_300SA_p01_45_1_15066",Buzzard: MONet,2024-02-13 09:55:53.000,SciMax01,"60933",https://proto-9.pnl.gov/SciMax01/2024_1/60933_18_T_3_WEOM_r1_Mag_12Feb24_300SA_p01_45_1_15066,Released
1340419,"60942_3_BTM_2_MAOM_r3_Mag_03Feb25_3p3kV_300SA_p01_5_1_23034","",2025-02-09 00:03:53.000,SciMax01,"60942",https://proto-9.pnl.gov/SciMax01/2025_1/60942_3_BTM_2_MAOM_r3_Mag_03Feb25_3p3kV_300SA_p01_5_1_23034,Released
1230614,"60946_2_B_2_WEOM_r1_Mag_23Feb24_300SA_p01_37_1_16020",Buzzard: Monet,2024-02-26 11:10:27.000,SciMax01,"60946",https://proto-9.pnl.gov/SciMax01/2024_1/60946_2_B_2_WEOM_r1_Mag_23Feb24_300SA_p01_37_1_16020,Released
1331045,"60933_10_TOP_1_MAOM_r2_Mag_05Jan25_3p3kV_300SA_p01_50_1_21689","",2025-01-07 08:58:48.000,SciMax01,"60933",https://proto-9.pnl.gov/SciMax01/2025_1/60933_10_TOP_1_MAOM_r2_Mag_05Jan25_3p3kV_300SA_p01_50_1_21689,Released
1329114,"60923_3_BTM_2_MAOM_r3_Mag_27Dec24_3p3kV_300SA_p01_17_1_21273","",2024-12-29 15:12:04.000,SciMax01,"60923",https://proto-9.pnl.gov/SciMax01/2024_4/60923_3_BTM_2_MAOM_r3_Mag_27Dec24_3p3kV_300SA_p01_17_1_21273,Released
1230801,"60932_6_T_1_WEOM_r1_Mag_21Feb24_300SA_p01_27_1_15542",Buzzard: MONet,2024-02-23 04:28:13.000,SciMax01,"60932",https://proto-9.pnl.gov/SciMax01/2024_1/60932_6_T_1_WEOM_r1_Mag_21Feb24_300SA_p01_27_1_15542,Released
1230640,"60946_2_B_3_WEOM_r1_Mag_23Feb24_300SA_p01_38_1_16024",Buzzard: Monet,2024-02-26 12:56:48.000,SciMax01,"60946",https://proto-9.pnl.gov/SciMax01/2024_1/60946_2_B_3_WEOM_r1_Mag_23Feb24_300SA_p01_38_1_16024,Released
1220713,"60938_5_T_3_WEOM_r1_Mag_18Jan24_300SA_p01_27_1_14780",Buzzard: MONet,2024-01-20 07:25:39.000,SciMax01,"60938",https://proto-9.pnl.gov/SciMax01/2024_1/60938_5_T_3_WEOM_r1_Mag_18Jan24_300SA_p01_27_1_14780,Released
1342164,"60881_6_BTM_3_MAOM_r3_Mag_10Feb25_3p3kV_300SA_p01_36_1_23316","",2025-02-15 17:17:00.000,SciMax01,"60881",https://proto-9.pnl.gov/SciMax01/2025_1/60881_6_BTM_3_MAOM_r3_Mag_10Feb25_3p3kV_300SA_p01_36_1_23316,Released
1217443,QC_SRFAII_23_01_20ppm_r1_Mag_04Jan24_300SA_p01_54_1_14484,Buzzard: Use this data,2024-01-05 22:26:21.000,SciMax01,"60923",https://proto-9.pnl.gov/SciMax01/2024_1/QC_SRFAII_23_01_20ppm_r1_Mag_04Jan24_300SA_p01_54_1_14484,Released
1230861,"60932_5_B_3_WEOM_r2_Mag_21Feb24_300SA_p01_26_1_15891",Buzzard: MONet,2024-02-23 20:27:41.000,SciMax01,"60932",https://proto-9.pnl.gov/SciMax01/2024_1/60932_5_B_3_WEOM_r2_Mag_21Feb24_300SA_p01_26_1_15891,Released
1480494,"20260213_SRFA-1_reeval_mag_53_1_32383","",2026-02-13 19:18:37.000,SciMax01,"61050",https://proto-9.pnl.gov/SciMax01/2026_1/20260213_SRFA-1_reeval_mag_53_1_32383,Released
1335242,"60933_14_TOP_3_MAOM_r2_Mag_13Jan25_3p3kV_300SA_p01_25_1_21838","",2025-01-15 07:40:27.000,SciMax01,"60933",https://proto-9.pnl.gov/SciMax01/2025_1/60933_14_TOP_3_MAOM_r2_Mag_13Jan25_3p3kV_300SA_p01_25_1_21838,Released
1314800,"60938_4_TOP_2_WEOM_r1_Mag_01Nov24_3p3kV_p01_23_1_20103",Buzzard: Testing response after Instrument cell clean and lab move,2024-11-02 03:19:56.000,SciMax01,"60938",https://proto-9.pnl.gov/SciMax01/2024_4/60938_4_TOP_2_WEOM_r1_Mag_01Nov24_3p3kV_p01_23_1_20103,Released
1330730,"60846_5_BTM_3_MAOM_r3_Mag_02Jan25_3p3kV_300SA_p01_12_1_21560","",2025-01-04 23:27:41.000,SciMax01,"60846",https://proto-9.pnl.gov/SciMax01/2025_1/60846_5_BTM_3_MAOM_r3_Mag_02Jan25_3p3kV_300SA_p01_12_1_21560,Released
1235614,"60942_6_B_2_WEOM_r3_Mag_07Mar24_300SA_p01_34_1_17096",Buzzard: MONet,2024-03-10 23:27:53.000,SciMax01,"60942",https://proto-9.pnl.gov/SciMax01/2024_1/60942_6_B_2_WEOM_r3_Mag_07Mar24_300SA_p01_34_1_17096,Released
1252829,QC_SRFAII_23_01_10ppm_WEOM_r1_Mag_01May24_300SA_p01_54_1_18064,"",2024-05-02 23:59:07.000,SciMax01,"60881",https://proto-9.pnl.gov/SciMax01/2024_2/QC_SRFAII_23_01_10ppm_WEOM_r1_Mag_01May24_300SA_p01_54_1_18064,Released
1231208,"60933_13_T_1_WEOM_r2_Mag_12Feb24_300SA_p01_13_1_15117",Buzzard: MONet,2024-02-14 08:40:01.000,SciMax01,"60933",https://proto-9.pnl.gov/SciMax01/2024_1/60933_13_T_1_WEOM_r2_Mag_12Feb24_300SA_p01_13_1_15117,Released
1329119,"60923_1_BTM_2_MAOM_r1_Mag_27Dec24_3p3kV_300SA_p01_5_1_21198","",2024-12-28 05:46:12.000,SciMax01,"60923",https://proto-9.pnl.gov/SciMax01/2024_4/60923_1_BTM_2_MAOM_r1_Mag_27Dec24_3p3kV_300SA_p01_5_1_21198,Released
1235657,"60942_2_T_3_WEOM_r1_Mag_07Mar24_300SA_p01_9_1_16969",Buzzard: MONet,2024-03-07 22:17:51.000,SciMax01,"60942",https://proto-9.pnl.gov/SciMax01/2024_1/60942_2_T_3_WEOM_r1_Mag_07Mar24_300SA_p01_9_1_16969,Released
1234634,"60923_20_T_1_WEOM_r2_Mag_04Mar24_300SA_p01_31_1_16852",Buzzard: MONet,2024-03-05 17:53:39.000,SciMax01,"60923",https://proto-9.pnl.gov/SciMax01/2024_1/60923_20_T_1_WEOM_r2_Mag_04Mar24_300SA_p01_31_1_16852,Released
1217412,"60923_6_B_3_WEOM_r3_Mag_04Jan24_300SA_p01_20_1_14680",Buzzard: Use this data,2024-01-09 13:18:25.000,SciMax01,"60923",https://proto-9.pnl.gov/SciMax01/2024_1/60923_6_B_3_WEOM_r3_Mag_04Jan24_300SA_p01_20_1_14680,Released
1330524,"60880_1_BTM_3_MAOM_r1_Mag_02Jan25_3p3kV_300SA_p01_40_1_21477","",2025-01-03 10:27:43.000,SciMax01,"60880",https://proto-9.pnl.gov/SciMax01/2025_1/60880_1_BTM_3_MAOM_r1_Mag_02Jan25_3p3kV_300SA_p01_40_1_21477,Released
1235573,"60886_5_B_1_WEOM_r1_Mag_10Mar24_300SA_p01_28_1_17155",Buzzard: MONet,2024-03-12 02:28:51.000,SciMax01,"60886",https://proto-9.pnl.gov/SciMax01/2024_1/60886_5_B_1_WEOM_r1_Mag_10Mar24_300SA_p01_28_1_17155,Released
1165480,MONet_Test_Soap_G_3_pls-10ppmSRFAII_fir_r2_07Jul23_300SA_p1_13_1_8742,Buzzard: Just testing samples tubes,2023-07-07 18:31:37.000,"15T_FTICR_I","60141",https://proto-9.pnl.gov/15T_FTICR_I/2023_3/MONet_Test_Soap_G_3_pls-10ppmSRFAII_fir_r2_07Jul23_300SA_p1_13_1_8742,Released
1337428,"60886_6_TOP_3_MAOM_r2_Mag_22Jan25_3p3kV_300SA_p01_42_1_22454","",2025-01-27 06:08:07.000,SciMax01,"60886",https://proto-9.pnl.gov/SciMax01/2025_1/60886_6_TOP_3_MAOM_r2_Mag_22Jan25_3p3kV_300SA_p01_42_1_22454,Released
1234870,"60923_16_B_1_WEOM_r3_Mag_04Mar24_300SA_p01_10_1_16960",Buzzard: MONet,2024-03-07 18:18:32.000,SciMax01,"60923",https://proto-9.pnl.gov/SciMax01/2024_1/60923_16_B_1_WEOM_r3_Mag_04Mar24_300SA_p01_10_1_16960,Released
1231176,"60933_16_B_2_WEOM_r1_Mag_12Feb24_300SA_p01_35_1_15067",Buzzard: MONet,2024-02-13 10:22:27.000,SciMax01,"60933",https://proto-9.pnl.gov/SciMax01/2024_1/60933_16_B_2_WEOM_r1_Mag_12Feb24_300SA_p01_35_1_15067,Released
1235729,QC_SRFAII_23_01_10ppm_WEOM_r3_Mag_07Mar24_300SA_p01_54_1_17108,Buzzard: MONet,2024-03-11 04:46:58.000,SciMax01,"60942",https://proto-9.pnl.gov/SciMax01/2024_1/QC_SRFAII_23_01_10ppm_WEOM_r3_Mag_07Mar24_300SA_p01_54_1_17108,Released
1345017,"60920_6_BTM_2_MAOM_r2_Mag_19Feb25_3p3kV_300SA_p01_35_1_23405","",2025-02-20 23:48:05.000,SciMax01,"60920",https://proto-9.pnl.gov/SciMax01/2025_1/60920_6_BTM_2_MAOM_r2_Mag_19Feb25_3p3kV_300SA_p01_35_1_23405,Released
1230669,"60932_2_T_2_WEOM_r2_Mag_24Feb24_300SA_p01_4_1_15919",Buzzard: MONet,2024-02-24 14:24:45.000,SciMax01,"60932",https://proto-9.pnl.gov/SciMax01/2024_1/60932_2_T_2_WEOM_r2_Mag_24Feb24_300SA_p01_4_1_15919,Released
1217449,"60923_6_T_2_WEOM_r1_Mag_04Jan24_300SA_p01_39_1_14477",Buzzard: Use this data,2024-01-05 19:20:14.000,SciMax01,"60923",https://proto-9.pnl.gov/SciMax01/2024_1/60923_6_T_2_WEOM_r1_Mag_04Jan24_300SA_p01_39_1_14477,Released
1215870,"60920_6_T_1_WEOM_r1_Mag_21Dec23_300SA_p01_11_1_14003",Data needs to be reviewed,2023-12-21 23:56:08.000,SciMax01,"60920",https://proto-9.pnl.gov/SciMax01/2024_1/60920_6_T_1_WEOM_r1_Mag_21Dec23_300SA_p01_11_1_14003,Released
1340432,"60942_6_TOP_3_MAOM_r3_Mag_03Feb25_3p3kV_300SA_p01_25_1_23038","",2025-02-09 01:50:47.000,SciMax01,"60942",https://proto-9.pnl.gov/SciMax01/2025_1/60942_6_TOP_3_MAOM_r3_Mag_03Feb25_3p3kV_300SA_p01_25_1_23038,Released
1337091,"60923_19_BTM_2_MAOM_r3_Mag_22Jan25_3p3kV_300SA_p01_42_1_22345","",2025-01-25 05:31:08.000,SciMax01,"60923",https://proto-9.pnl.gov/SciMax01/2025_1/60923_19_BTM_2_MAOM_r3_Mag_22Jan25_3p3kV_300SA_p01_42_1_22345,Released
1236329,QC_SRFAII_23_01_10ppm_WEOM_r3_Mag_10Mar24_300SA_p01_54_1_17254,Buzzard: MONet,2024-03-13 22:21:10.000,SciMax01,"60886",https://proto-9.pnl.gov/SciMax01/2024_1/QC_SRFAII_23_01_10ppm_WEOM_r3_Mag_10Mar24_300SA_p01_54_1_17254,Released
1337876,"60923_21_TOP_1_MAOM_r3_Mag_22Jan25_3p3kV_300SA_p01_1_1_22530","",2025-01-28 16:14:33.000,SciMax01,"60923",https://proto-9.pnl.gov/SciMax01/2025_1/60923_21_TOP_1_MAOM_r3_Mag_22Jan25_3p3kV_300SA_p01_1_1_22530,Released
1337267,"60886_1_TOP_2_MAOM_r1_Mag_22Jan25_3p3kV_300SA_p01_8_1_22390","",2025-01-26 01:36:32.000,SciMax01,"60886",https://proto-9.pnl.gov/SciMax01/2025_1/60886_1_TOP_2_MAOM_r1_Mag_22Jan25_3p3kV_300SA_p01_8_1_22390,Released
1329022,"60920_8_TOP_1_MAOM_r1_Mag_23Dec24_3p3kV_300SA_p01_33_1_21030","",2024-12-23 15:16:08.000,SciMax01,"60920",https://proto-9.pnl.gov/SciMax01/2024_4/60920_8_TOP_1_MAOM_r1_Mag_23Dec24_3p3kV_300SA_p01_33_1_21030,Released
1329235,"60923_6_BTM_2_MAOM_r3_Mag_27Dec24_3p3kV_300SA_p01_35_1_21323","",2024-12-30 13:29:59.000,SciMax01,"60923",https://proto-9.pnl.gov/SciMax01/2024_4/60923_6_BTM_2_MAOM_r3_Mag_27Dec24_3p3kV_300SA_p01_35_1_21323,Released
1344871,"60920_6_BTM_3_MAOM_r1_Mag_19Feb25_3p3kV_300SA_p01_36_1_23360","",2025-02-20 03:45:16.000,SciMax01,"60920",https://proto-9.pnl.gov/SciMax01/2025_1/60920_6_BTM_3_MAOM_r1_Mag_19Feb25_3p3kV_300SA_p01_36_1_23360,Released
1344912,"60942_2_BTM_1_MAOM_r3_Mag_19Feb25_3p3kV_300SA_p01_16_1_23593","",2025-02-25 06:14:02.000,SciMax01,"60942",https://proto-9.pnl.gov/SciMax01/2025_1/60942_2_BTM_1_MAOM_r3_Mag_19Feb25_3p3kV_300SA_p01_16_1_23593,Released
1344921,"60929_2_TOP_2_MAOM_r3_Mag_19Feb25_3p3kV_300SA_p01_28_1_23589","",2025-02-25 04:27:01.000,SciMax01,"60929",https://proto-9.pnl.gov/SciMax01/2025_1/60929_2_TOP_2_MAOM_r3_Mag_19Feb25_3p3kV_300SA_p01_28_1_23589,Released
1344961,"60929_2_TOP_1_MAOM_r3_Mag_19Feb25_3p3kV_300SA_p01_27_1_23548","",2025-02-23 15:37:13.000,SciMax01,"60929",https://proto-9.pnl.gov/SciMax01/2025_1/60929_2_TOP_1_MAOM_r3_Mag_19Feb25_3p3kV_300SA_p01_27_1_23548,Released
1341217,"60932_1_BTM_1_MAOM_r1_Mag_10Feb25_3p3kV_300SA_p01_4_1_23083","",2025-02-11 09:22:50.000,SciMax01,"60932",https://proto-9.pnl.gov/SciMax01/2025_1/60932_1_BTM_1_MAOM_r1_Mag_10Feb25_3p3kV_300SA_p01_4_1_23083,Released
1252892,"60881_2_T_2_WEOM_r3_Mag_01May24_300SA_p01_5_1_18227","",2024-05-06 00:13:27.000,SciMax01,"60881",https://proto-9.pnl.gov/SciMax01/2024_2/60881_2_T_2_WEOM_r3_Mag_01May24_300SA_p01_5_1_18227,Released
1272604,"60923_3_B_2_MAOM_r2_Mag_04Jul24_300SA_p01_17_1_19400",Buzzard: testing MAOM samples before the move,2024-07-04 20:12:19.000,SciMax01,"60923",https://proto-9.pnl.gov/SciMax01/2024_3/60923_3_B_2_MAOM_r2_Mag_04Jul24_300SA_p01_17_1_19400,Released
1217294,"60923_2_B_3_WEOM_r2_Mag_04Jan24_300SA_p01_12_1_14580",Buzzard: Use this data,2024-01-07 16:59:18.000,SciMax01,"60923",https://proto-9.pnl.gov/SciMax01/2024_1/60923_2_B_3_WEOM_r2_Mag_04Jan24_300SA_p01_12_1_14580,Released
1335278,"60933_16_BTM_3_MAOM_r2_Mag_13Jan25_3p3kV_300SA_p01_39_1_21897","",2025-01-16 10:00:59.000,SciMax01,"60933",https://proto-9.pnl.gov/SciMax01/2025_1/60933_16_BTM_3_MAOM_r2_Mag_13Jan25_3p3kV_300SA_p01_39_1_21897,Released
1336431,"60923_20_BTM_2_MAOM_r1_Mag_22Jan25_3p3kV_300SA_p01_48_1_22250","",2025-01-23 11:09:07.000,SciMax01,"60923",https://proto-9.pnl.gov/SciMax01/2025_1/60923_20_BTM_2_MAOM_r1_Mag_22Jan25_3p3kV_300SA_p01_48_1_22250,Released
1230963,"60846_2_T_1_WEOM_r3_Mag_16Feb24_300SA_p01_13_1_15345",Buzzard: MONet,2024-02-18 23:54:33.000,SciMax01,"60846",https://proto-9.pnl.gov/SciMax01/2024_1/60846_2_T_1_WEOM_r3_Mag_16Feb24_300SA_p01_13_1_15345,Released
1314840,"60886_2_BTM_1_WEOM_r1_Mag_01Nov24_4p2kV_p01_6_1_20121",Buzzard: Testing response after Instrument cell clean and lab move,2024-11-02 11:20:10.000,SciMax01,"60938",https://proto-9.pnl.gov/SciMax01/2024_4/60886_2_BTM_1_WEOM_r1_Mag_01Nov24_4p2kV_p01_6_1_20121,Released
1489533,"20260410_QC_SRFAII_A_r2_Mag_53_1_32653","",2026-04-10 18:27:30.000,SciMax01,"61050",https://proto-9.pnl.gov/SciMax01/2026_2/20260410_QC_SRFAII_A_r2_Mag_53_1_32653,Released
1236355,"60886_3_T_2_WEOM_r3_Mag_10Mar24_300SA_p01_14_1_17232",Buzzard: MONet,2024-03-13 12:36:14.000,SciMax01,"60886",https://proto-9.pnl.gov/SciMax01/2024_1/60886_3_T_2_WEOM_r3_Mag_10Mar24_300SA_p01_14_1_17232,Released
1340169,"60920_7_TOP_3_MAOM_r2_Mag_03Feb25_3p3kV_300SA_p01_3_1_22962","",2025-02-07 15:57:55.000,SciMax01,"60920",https://proto-9.pnl.gov/SciMax01/2025_1/60920_7_TOP_3_MAOM_r2_Mag_03Feb25_3p3kV_300SA_p01_3_1_22962,Released
1215892,"60920_1_B_3_WEOM_r2_Mag_21Dec23_300SA_p01_2_1_14109",Data needs to be reviewed,2023-12-25 00:02:10.000,SciMax01,"60920",https://proto-9.pnl.gov/SciMax01/2024_1/60920_1_B_3_WEOM_r2_Mag_21Dec23_300SA_p01_2_1_14109,Released
1490045,"20260414_QC_SRFA_A_r1_Mag_53_1_32680","",2026-04-14 12:29:54.000,SciMax01,"61050",https://proto-9.pnl.gov/SciMax01/2026_2/20260414_QC_SRFA_A_r1_Mag_53_1_32680,Released
1230728,"60932_1_T_1_WEOM_r3_Mag_24Feb24_300SA_p01_49_1_15977",Buzzard: MONet,2024-02-25 16:07:01.000,SciMax01,"60932",https://proto-9.pnl.gov/SciMax01/2024_1/60932_1_T_1_WEOM_r3_Mag_24Feb24_300SA_p01_49_1_15977,Released
1337403,"60886_3_TOP_1_MAOM_r2_Mag_22Jan25_3p3kV_300SA_p01_19_1_22446","",2025-01-27 02:34:04.000,SciMax01,"60886",https://proto-9.pnl.gov/SciMax01/2025_1/60886_3_TOP_1_MAOM_r2_Mag_22Jan25_3p3kV_300SA_p01_19_1_22446,Released
1231089,"60933_17_T_3_WEOM_r2_Mag_12Feb24_300SA_p01_39_1_15164",Buzzard: MONet,2024-02-15 05:29:46.000,SciMax01,"60933",https://proto-9.pnl.gov/SciMax01/2024_1/60933_17_T_3_WEOM_r2_Mag_12Feb24_300SA_p01_39_1_15164,Released
1231067,"60933_15_B_1_WEOM_r1_Mag_12Feb24_300SA_p01_28_1_15086",Buzzard: MONet,2024-02-13 18:55:46.000,SciMax01,"60933",https://proto-9.pnl.gov/SciMax01/2024_1/60933_15_B_1_WEOM_r1_Mag_12Feb24_300SA_p01_28_1_15086,Released
1180752,QC_SRFA_2_2023_01_54_1_13284,Buzzard: QC's and Blanks,2023-08-26 01:04:11.000,SciMax01,"60141",https://proto-9.pnl.gov/SciMax01/2023_3/QC_SRFA_2_2023_01_54_1_13284,Released
1221031,"60933_3_B_3_WEOM_r3_Mag_18Jan24_300SA_p01_15_1_14954",Buzzard: MONet,2024-01-23 12:32:38.000,SciMax01,"60933",https://proto-9.pnl.gov/SciMax01/2024_1/60933_3_B_3_WEOM_r3_Mag_18Jan24_300SA_p01_15_1_14954,Released
1314808,QC_SRFAII_23_01_20ppm_r1_Mag_01Nov24_3p3kV_p01_54_1_20077,Buzzard: Testing response after Instrument cell clean and lab move,2024-11-01 15:45:23.000,SciMax01,"60938",https://proto-9.pnl.gov/SciMax01/2024_4/QC_SRFAII_23_01_20ppm_r1_Mag_01Nov24_3p3kV_p01_54_1_20077,Released
1217422,"60923_10_B_1_WEOM_r2_Mag_04Jan24_300SA_p01_20_1_14534",Buzzard: Use this data,2024-01-06 20:35:57.000,SciMax01,"60923",https://proto-9.pnl.gov/SciMax01/2024_1/60923_10_B_1_WEOM_r2_Mag_04Jan24_300SA_p01_20_1_14534,Released
1216007,"60923_12_B_1_WEOM_r2_Mag_26Dec23_300SA_p01_24_1_14313",Buzzard: Data is fine but queue stopped over holiday week so need to shim cell and will run the queue again,2023-12-29 09:41:49.000,SciMax01,"60923",https://proto-9.pnl.gov/SciMax01/2024_1/60923_12_B_1_WEOM_r2_Mag_26Dec23_300SA_p01_24_1_14313,Released
1337688,"60886_1_TOP_3_MAOM_r3_Mag_22Jan25_3p3kV_300SA_p01_9_1_22488","",2025-01-27 21:18:34.000,SciMax01,"60886",https://proto-9.pnl.gov/SciMax01/2025_1/60886_1_TOP_3_MAOM_r3_Mag_22Jan25_3p3kV_300SA_p01_9_1_22488,Released
1230686,QC_SRFAII_23_01_10ppm_r3_Mag_23Feb24_300SA_p01_54_1_16068,Buzzard: MONet,2024-02-27 08:26:48.000,SciMax01,"60946",https://proto-9.pnl.gov/SciMax01/2024_1/QC_SRFAII_23_01_10ppm_r3_Mag_23Feb24_300SA_p01_54_1_16068,Released
1349523,"60933_2_TOP_3_MAOM_r3_Mag_20Jan25_3p3kV_300SA_p01_6_1_22173","",2025-01-21 17:58:49.000,SciMax01,"60933",https://proto-9.pnl.gov/SciMax01/2025_1/60933_2_TOP_3_MAOM_r3_Mag_20Jan25_3p3kV_300SA_p01_6_1_22173,Released
1345082,"60920_6_BTM_2_MAOM_r1_Mag_19Feb25_3p3kV_300SA_p01_35_1_23372","",2025-02-20 09:06:10.000,SciMax01,"60920",https://proto-9.pnl.gov/SciMax01/2025_1/60920_6_BTM_2_MAOM_r1_Mag_19Feb25_3p3kV_300SA_p01_35_1_23372,Released
1329509,"60921_3_BTM_3_MAOM_r1_Mag_27Dec24_3p3kV_300SA_p01_18_1_21354","",2024-12-31 03:18:32.000,SciMax01,"60921",https://proto-9.pnl.gov/SciMax01/2024_4/60921_3_BTM_3_MAOM_r1_Mag_27Dec24_3p3kV_300SA_p01_18_1_21354,Released
1231255,"60933_17_B_3_WEOM_r2_Mag_12Feb24_300SA_p01_42_1_15130",Buzzard: MONet,2024-02-14 14:25:42.000,SciMax01,"60933",https://proto-9.pnl.gov/SciMax01/2024_1/60933_17_B_3_WEOM_r2_Mag_12Feb24_300SA_p01_42_1_15130,Released
1180807,"60921_2_T_2_WEOM_1w_11_1_13402",Buzzard: 1w; Data needs to be reviewed,2023-08-29 23:36:26.000,SciMax01,"60921",https://proto-9.pnl.gov/SciMax01/2023_3/60921_2_T_2_WEOM_1w_11_1_13402,Released
1340437,"60942_3_BTM_3_MAOM_r3_Mag_03Feb25_3p3kV_300SA_p01_6_1_23039","",2025-02-09 02:17:24.000,SciMax01,"60942",https://proto-9.pnl.gov/SciMax01/2025_1/60942_3_BTM_3_MAOM_r3_Mag_03Feb25_3p3kV_300SA_p01_6_1_23039,Released
1220626,"60938_5_T_1_WEOM_r1_Mag_18Jan24_300SA_p01_25_1_14793",Buzzard: MONet,2024-01-20 13:11:22.000,SciMax01,"60938",https://proto-9.pnl.gov/SciMax01/2024_1/60938_5_T_1_WEOM_r1_Mag_18Jan24_300SA_p01_25_1_14793,Released
1217255,"60923_11_T_1_WEOM_r2_Mag_04Jan24_300SA_p01_21_1_14511",Buzzard: Use this data,2024-01-06 10:24:18.000,SciMax01,"60923",https://proto-9.pnl.gov/SciMax01/2024_1/60923_11_T_1_WEOM_r2_Mag_04Jan24_300SA_p01_21_1_14511,Released
1230656,"60932_4_T_2_WEOM_r3_Mag_24Feb24_300SA_p01_16_1_15980",Buzzard: MONet,2024-02-25 17:26:48.000,SciMax01,"60932",https://proto-9.pnl.gov/SciMax01/2024_1/60932_4_T_2_WEOM_r3_Mag_24Feb24_300SA_p01_16_1_15980,Released
1216090,"60923_11_T_1_WEOM_r1_Mag_26Dec23_300SA_p01_21_1_14211",Buzzard: Data is fine but queue stopped over holiday week so need to shim cell and will run the queue again,2023-12-27 12:29:37.000,SciMax01,"60923",https://proto-9.pnl.gov/SciMax01/2024_1/60923_11_T_1_WEOM_r1_Mag_26Dec23_300SA_p01_21_1_14211,Released
1217451,QC_SRFAII_20ppm_04Jan24_Mag_2w_8M_300SA_p01_54_1_14414,Buzzard: Use this data,2024-01-04 15:25:05.000,SciMax01,"60923",https://proto-9.pnl.gov/SciMax01/2024_1/QC_SRFAII_20ppm_04Jan24_Mag_2w_8M_300SA_p01_54_1_14414,Released
1331021,"60933_8_TOP_1_MAOM_r2_Mag_05Jan25_3p3kV_300SA_p01_44_1_21678","",2025-01-07 04:04:16.000,SciMax01,"60933",https://proto-9.pnl.gov/SciMax01/2025_1/60933_8_TOP_1_MAOM_r2_Mag_05Jan25_3p3kV_300SA_p01_44_1_21678,Released
1089183,"1000s_SRFAII_20ppm_12_rr_28Oct22_Mag_300SA_p01_155_1_7068","",2022-10-29 13:26:18.000,SciMax01,"60141",https://proto-9.pnl.gov/SciMax01/2022_4/1000s_SRFAII_20ppm_12_rr_28Oct22_Mag_300SA_p01_155_1_7068,Released
1216204,"60923_8_T_2_WEOM_r1_Mag_26Dec23_300SA_p01_43_1_14259",Buzzard: Data is fine but queue stopped over holiday week so need to shim cell and will run the queue again,2023-12-28 09:45:55.000,SciMax01,"60923",https://proto-9.pnl.gov/SciMax01/2024_1/60923_8_T_2_WEOM_r1_Mag_26Dec23_300SA_p01_43_1_14259,Released
1342131,"60881_4_TOP_3_MAOM_r3_Mag_10Feb25_3p3kV_300SA_p01_21_1_23309","",2025-02-15 14:09:57.000,SciMax01,"60881",https://proto-9.pnl.gov/SciMax01/2025_1/60881_4_TOP_3_MAOM_r3_Mag_10Feb25_3p3kV_300SA_p01_21_1_23309,Released
1272601,"60923_3_B_3_MAOM_r3_Mag_04Jul24_300SA_p01_18_1_19416",Buzzard: testing MAOM samples before the move,2024-07-05 03:17:44.000,SciMax01,"60923",https://proto-9.pnl.gov/SciMax01/2024_3/60923_3_B_3_MAOM_r3_Mag_04Jul24_300SA_p01_18_1_19416,Released
1252869,"60881_2_B_2_WEOM_r1_Mag_01May24_300SA_p01_8_1_18121","",2024-05-04 01:14:44.000,SciMax01,"60881",https://proto-9.pnl.gov/SciMax01/2024_2/60881_2_B_2_WEOM_r1_Mag_01May24_300SA_p01_8_1_18121,Released
1217371,"60923_5_B_3_WEOM_r2_Mag_04Jan24_300SA_p01_18_1_14586",Buzzard: Use this data,2024-01-07 19:38:51.000,SciMax01,"60923",https://proto-9.pnl.gov/SciMax01/2024_1/60923_5_B_3_WEOM_r2_Mag_04Jan24_300SA_p01_18_1_14586,Released
1215953,"60920_1_T_2_WEOM_r1_Mag_21Dec23_300SA_p01_20_1_14019",Data needs to be reviewed,2023-12-22 07:01:37.000,SciMax01,"60920",https://proto-9.pnl.gov/SciMax01/2024_1/60920_1_T_2_WEOM_r1_Mag_21Dec23_300SA_p01_20_1_14019,Released
1339977,"60942_6_TOP_3_MAOM_r1_Mag_03Feb25_3p3kV_300SA_p01_25_1_22930","",2025-02-07 01:42:08.000,SciMax01,"60942",https://proto-9.pnl.gov/SciMax01/2025_1/60942_6_TOP_3_MAOM_r1_Mag_03Feb25_3p3kV_300SA_p01_25_1_22930,Released
1220993,"60938_6_T_1_WEOM_r3_Mag_18Jan24_300SA_p01_31_1_14995",Buzzard: MONet,2024-01-24 06:42:51.000,SciMax01,"60938",https://proto-9.pnl.gov/SciMax01/2024_1/60938_6_T_1_WEOM_r3_Mag_18Jan24_300SA_p01_31_1_14995,Released
1032814,"1000S_SRFA_20ppm_run1_Fir_22Apr22_300SA_p01_1_1_3356","",2022-04-23 06:53:27.000,SciMax01,"60141",https://proto-9.pnl.gov/SciMax01/2022_2/1000S_SRFA_20ppm_run1_Fir_22Apr22_300SA_p01_1_1_3356,Released
1331702,"60933_4_BTM_1_MAOM_r3_Mag_05Jan25_3p3kV_300SA_p01_19_1_21767",data good just rerun,2025-01-09 14:24:07.000,SciMax01,"60933",https://proto-9.pnl.gov/SciMax01/2025_1/60933_4_BTM_1_MAOM_r3_Mag_05Jan25_3p3kV_300SA_p01_19_1_21767,Released
1231056,"60933_20_B_3_WEOM_r2_Mag_12Feb24_300SA_p01_9_1_15105",Buzzard: MONet,2024-02-14 03:20:57.000,SciMax01,"60933",https://proto-9.pnl.gov/SciMax01/2024_1/60933_20_B_3_WEOM_r2_Mag_12Feb24_300SA_p01_9_1_15105,Released
1330961,"60933_8_TOP_3_MAOM_r2_Mag_05Jan25_3p3kV_300SA_p01_46_1_21659","",2025-01-06 19:36:15.000,SciMax01,"60933",https://proto-9.pnl.gov/SciMax01/2025_1/60933_8_TOP_3_MAOM_r2_Mag_05Jan25_3p3kV_300SA_p01_46_1_21659,Released
1236265,"60886_4_T_2_WEOM_r3_Mag_10Mar24_300SA_p01_20_1_17271",Buzzard: MONet,2024-03-14 05:53:13.000,SciMax01,"60886",https://proto-9.pnl.gov/SciMax01/2024_1/60886_4_T_2_WEOM_r3_Mag_10Mar24_300SA_p01_20_1_17271,Released
1231178,"60933_13_T_3_WEOM_r3_Mag_12Feb24_300SA_p01_15_1_15218",Buzzard: MONet,2024-02-16 05:25:39.000,SciMax01,"60933",https://proto-9.pnl.gov/SciMax01/2024_1/60933_13_T_3_WEOM_r3_Mag_12Feb24_300SA_p01_15_1_15218,Released
1337012,"60923_20_BTM_1_MAOM_r3_Mag_22Jan25_3p3kV_300SA_p01_47_1_22323","",2025-01-24 19:42:43.000,SciMax01,"60923",https://proto-9.pnl.gov/SciMax01/2025_1/60923_20_BTM_1_MAOM_r3_Mag_22Jan25_3p3kV_300SA_p01_47_1_22323,Released
1252938,"60881_2_T_3_WEOM_r2_Mag_01May24_300SA_p01_6_1_18180","",2024-05-05 03:23:41.000,SciMax01,"60881",https://proto-9.pnl.gov/SciMax01/2024_2/60881_2_T_3_WEOM_r2_Mag_01May24_300SA_p01_6_1_18180,Released
1230620,"60946_2_B_1_WEOM_r1_Mag_23Feb24_300SA_p01_36_1_16023",Buzzard: Monet,2024-02-26 12:30:13.000,SciMax01,"60946",https://proto-9.pnl.gov/SciMax01/2024_1/60946_2_B_1_WEOM_r1_Mag_23Feb24_300SA_p01_36_1_16023,Released
1230792,QC_SRFAII_23_01_10ppm_r2_Mag_24Feb24_300SA_p01_54_1_15952,Buzzard: MONet,2024-02-25 05:02:15.000,SciMax01,"60932",https://proto-9.pnl.gov/SciMax01/2024_1/QC_SRFAII_23_01_10ppm_r2_Mag_24Feb24_300SA_p01_54_1_15952,Released
1165435,MONet_Test_H2O_R_3_pls-10ppmSRFAII_fir_r2_07Jul23_300SA_p1_18_1_8747,Buzzard: Just testing samples tubes,2023-07-07 20:22:32.000,"15T_FTICR_I","60141",https://proto-9.pnl.gov/15T_FTICR_I/2023_3/MONet_Test_H2O_R_3_pls-10ppmSRFAII_fir_r2_07Jul23_300SA_p1_18_1_8747,Released
1338252,"60933_19_TOP_2_MAOM_r1_Mag_29Jan25_3p3kV_300SA_p01_8_1_22591","",2025-01-29 19:27:26.000,SciMax01,"60933",https://proto-9.pnl.gov/SciMax01/2025_1/60933_19_TOP_2_MAOM_r1_Mag_29Jan25_3p3kV_300SA_p01_8_1_22591,Released
1349511,"60933_12_TOP_2_MAOM_r2_Mag_31Jan25_3p3kV_300SA_p01_8_1_22734","",2025-02-01 11:12:12.000,SciMax01,"60933",https://proto-9.pnl.gov/SciMax01/2025_1/60933_12_TOP_2_MAOM_r2_Mag_31Jan25_3p3kV_300SA_p01_8_1_22734,Released
1344783,"60920_2_BTM_2_MAOM_r1_Mag_19Feb25_3p3kV_300SA_p01_11_1_23355","",2025-02-20 01:31:39.000,SciMax01,"60920",https://proto-9.pnl.gov/SciMax01/2025_1/60920_2_BTM_2_MAOM_r1_Mag_19Feb25_3p3kV_300SA_p01_11_1_23355,Released
1165413,MONet_Test_WY01_R_3_pls-10ppmSRFAII_fir_r2_07Jul23_300SA_p1_16_1_8745,Buzzard: Just testing samples tubes,2023-07-07 19:38:10.000,"15T_FTICR_I","60141",https://proto-9.pnl.gov/15T_FTICR_I/2023_3/MONet_Test_WY01_R_3_pls-10ppmSRFAII_fir_r2_07Jul23_300SA_p1_16_1_8745,Released
1180756,QC_SRFA_2_2023_01_1w_54_1_13345,Buzzard: QC's and Blanks,2023-08-28 22:20:48.000,SciMax01,"60141",https://proto-9.pnl.gov/SciMax01/2023_3/QC_SRFA_2_2023_01_1w_54_1_13345,Released
1089039,"1000s_SRFAII_20ppm_10_25Oct22_Mag_300SA_p01_121_1_7034","",2022-10-28 22:05:29.000,SciMax01,"60141",https://proto-9.pnl.gov/SciMax01/2022_4/1000s_SRFAII_20ppm_10_25Oct22_Mag_300SA_p01_121_1_7034,Released
1236281,"60886_6_T_1_WEOM_r3_Mag_10Mar24_300SA_p01_31_1_17245",Buzzard: MONet,2024-03-13 18:21:53.000,SciMax01,"60886",https://proto-9.pnl.gov/SciMax01/2024_1/60886_6_T_1_WEOM_r3_Mag_10Mar24_300SA_p01_31_1_17245,Released
1235681,"60942_3_B_2_WEOM_r2_Mag_07Mar24_300SA_p01_16_1_17047",Buzzard: MONet,2024-03-09 16:45:42.000,SciMax01,"60942",https://proto-9.pnl.gov/SciMax01/2024_1/60942_3_B_2_WEOM_r2_Mag_07Mar24_300SA_p01_16_1_17047,Released
1091235,"1000s_SRFAII_08_01Nov22_Mag_300SA_p01_214_1_7227","",2022-11-02 09:16:34.000,SciMax01,"60141",https://proto-9.pnl.gov/SciMax01/2022_4/1000s_SRFAII_08_01Nov22_Mag_300SA_p01_214_1_7227,Released
1221022,"60933_2_T_2_WEOM_r3_Mag_18Jan24_300SA_p01_5_1_14950",Buzzard: MONet,2024-01-23 10:46:17.000,SciMax01,"60933",https://proto-9.pnl.gov/SciMax01/2024_1/60933_2_T_2_WEOM_r3_Mag_18Jan24_300SA_p01_5_1_14950,Released
1216011,"60923_3_B_1_WEOM_r1_Mag_26Dec23_300SA_p01_6_1_14206",Buzzard: Data is fine but queue stopped over holiday week so need to shim cell and will run the queue again,2023-12-27 10:16:40.000,SciMax01,"60923",https://proto-9.pnl.gov/SciMax01/2024_1/60923_3_B_1_WEOM_r1_Mag_26Dec23_300SA_p01_6_1_14206,Released
1195707,MONet_JT_TEST_Gilson_QC_SRFAII_20ppm_r1_05Oct23_Mag_300SA_p01_54_1_13885,Buzzard: testing,2023-10-05 16:21:27.000,SciMax01,"60141",https://proto-9.pnl.gov/SciMax01/2023_4/MONet_JT_TEST_Gilson_QC_SRFAII_20ppm_r1_05Oct23_Mag_300SA_p01_54_1_13885,Released
1272559,"60923_1_T_3_MAOM_r1_Mag_03Jul24_300SA_p01_3_1_19363",Buzzard: testing MAOM samples before the move,2024-07-03 21:37:09.000,SciMax01,"60923",https://proto-9.pnl.gov/SciMax01/2024_3/60923_1_T_3_MAOM_r1_Mag_03Jul24_300SA_p01_3_1_19363,Released
1337407,"60923_21_BTM_2_MAOM_r2_Mag_22Jan25_3p3kV_300SA_p01_5_1_22447","",2025-01-27 03:00:53.000,SciMax01,"60923",https://proto-9.pnl.gov/SciMax01/2025_1/60923_21_BTM_2_MAOM_r2_Mag_22Jan25_3p3kV_300SA_p01_5_1_22447,Released
1215947,"60920_10_T_1_WEOM_r1_Mag_21Dec23_300SA_p01_18_1_13992",Data needs to be reviewed,2023-12-21 19:03:39.000,SciMax01,"60920",https://proto-9.pnl.gov/SciMax01/2024_1/60920_10_T_1_WEOM_r1_Mag_21Dec23_300SA_p01_18_1_13992,Released
1340562,"60938_4_BTM_1_MAOM_r3_Mag_03Feb25_3p3kV_300SA_p01_22_1_22885","",2025-02-06 05:38:28.000,SciMax01,"60938",https://proto-9.pnl.gov/SciMax01/2025_1/60938_4_BTM_1_MAOM_r3_Mag_03Feb25_3p3kV_300SA_p01_22_1_22885,Released
1340319,"60942_6_BTM_2_MAOM_r3_Mag_03Feb25_3p3kV_300SA_p01_27_1_23003","",2025-02-08 10:14:40.000,SciMax01,"60942",https://proto-9.pnl.gov/SciMax01/2025_1/60942_6_BTM_2_MAOM_r3_Mag_03Feb25_3p3kV_300SA_p01_27_1_23003,Released
1330983,"60933_9_TOP_2_MAOM_r2_Mag_05Jan25_3p3kV_300SA_p01_48_1_21664","",2025-01-06 21:49:33.000,SciMax01,"60933",https://proto-9.pnl.gov/SciMax01/2025_1/60933_9_TOP_2_MAOM_r2_Mag_05Jan25_3p3kV_300SA_p01_48_1_21664,Released
1235717,QC_SRFAII_23_01_10ppm_WEOM_r1_Mag_10Mar24_300SA_p01_54_1_17164,Buzzard: MONet,2024-03-12 06:28:10.000,SciMax01,"60886",https://proto-9.pnl.gov/SciMax01/2024_1/QC_SRFAII_23_01_10ppm_WEOM_r1_Mag_10Mar24_300SA_p01_54_1_17164,Released
1230735,"60932_5_B_3_WEOM_r2_Mag_24Feb24_300SA_p01_26_1_15917",Buzzard: MONet,2024-02-24 13:31:35.000,SciMax01,"60932",https://proto-9.pnl.gov/SciMax01/2024_1/60932_5_B_3_WEOM_r2_Mag_24Feb24_300SA_p01_26_1_15917,Released
1220639,"60938_4_B_3_WEOM_r1_Mag_18Jan24_300SA_p01_24_1_14767",Buzzard: MONet,2024-01-20 01:39:56.000,SciMax01,"60938",https://proto-9.pnl.gov/SciMax01/2024_1/60938_4_B_3_WEOM_r1_Mag_18Jan24_300SA_p01_24_1_14767,Released
1220573,"60938_6_B_1_WEOM_r1_Mag_18Jan24_300SA_p01_34_1_14790",Buzzard: MONet,2024-01-20 11:51:36.000,SciMax01,"60938",https://proto-9.pnl.gov/SciMax01/2024_1/60938_6_B_1_WEOM_r1_Mag_18Jan24_300SA_p01_34_1_14790,Released
1230657,"60932_6_T_1_WEOM_r2_Mag_24Feb24_300SA_p01_27_1_15943",Buzzard: MONet,2024-02-25 01:02:54.000,SciMax01,"60932",https://proto-9.pnl.gov/SciMax01/2024_1/60932_6_T_1_WEOM_r2_Mag_24Feb24_300SA_p01_27_1_15943,Released
1314861,"60933_11_TOP_3_WEOM_r1_Mag_01Nov24_3p3kV_p01_14_1_20092",Buzzard: Testing response after Instrument cell clean and lab move,2024-11-01 22:25:36.000,SciMax01,"60938",https://proto-9.pnl.gov/SciMax01/2024_4/60933_11_TOP_3_WEOM_r1_Mag_01Nov24_3p3kV_p01_14_1_20092,Released
1328976,"60940_3_BTM_2_MAOM_r3_Mag_23Dec24_3p3kV_300SA_p01_17_1_21124","",2024-12-25 09:10:34.000,SciMax01,"60940",https://proto-9.pnl.gov/SciMax01/2024_4/60940_3_BTM_2_MAOM_r3_Mag_23Dec24_3p3kV_300SA_p01_17_1_21124,Released
1252812,"60881_2_T_2_WEOM_r1_Mag_01May24_300SA_p01_5_1_18123","",2024-05-04 02:07:55.000,SciMax01,"60881",https://proto-9.pnl.gov/SciMax01/2024_2/60881_2_T_2_WEOM_r1_Mag_01May24_300SA_p01_5_1_18123,Released
1340579,"60938_4_TOP_3_MAOM_r3_Mag_03Feb25_3p3kV_300SA_p01_21_1_22871","",2025-02-05 23:23:53.000,SciMax01,"60938",https://proto-9.pnl.gov/SciMax01/2025_1/60938_4_TOP_3_MAOM_r3_Mag_03Feb25_3p3kV_300SA_p01_21_1_22871,Released
1329058,"60923_3_BTM_1_MAOM_r3_Mag_27Dec24_3p3kV_300SA_p01_16_1_21276","",2024-12-29 16:32:36.000,SciMax01,"60923",https://proto-9.pnl.gov/SciMax01/2024_4/60923_3_BTM_1_MAOM_r3_Mag_27Dec24_3p3kV_300SA_p01_16_1_21276,Released
1341256,"60932_5_TOP_1_MAOM_r2_Mag_10Feb25_3p3kV_300SA_p01_29_1_23098","",2025-02-11 16:04:15.000,SciMax01,"60932",https://proto-9.pnl.gov/SciMax01/2025_1/60932_5_TOP_1_MAOM_r2_Mag_10Feb25_3p3kV_300SA_p01_29_1_23098,Released
1230660,"60932_5_T_3_WEOM_r3_Mag_24Feb24_300SA_p01_23_1_15967",Buzzard: MONet,2024-02-25 11:41:08.000,SciMax01,"60932",https://proto-9.pnl.gov/SciMax01/2024_1/60932_5_T_3_WEOM_r3_Mag_24Feb24_300SA_p01_23_1_15967,Released
1330675,"60880_2_TOP_2_MAOM_r3_Mag_02Jan25_3p3kV_300SA_p01_42_1_21535","",2025-01-04 12:18:45.000,SciMax01,"60880",https://proto-9.pnl.gov/SciMax01/2025_1/60880_2_TOP_2_MAOM_r3_Mag_02Jan25_3p3kV_300SA_p01_42_1_21535,Released
1340564,"60938_4_BTM_3_MAOM_r3_Mag_03Feb25_3p3kV_300SA_p01_24_1_22861","",2025-02-05 18:56:57.000,SciMax01,"60938",https://proto-9.pnl.gov/SciMax01/2025_1/60938_4_BTM_3_MAOM_r3_Mag_03Feb25_3p3kV_300SA_p01_24_1_22861,Released
1231146,"60846_5_T_2_WEOM_r3_Mag_16Feb24_300SA_p01_20_1_15326",Buzzard: MONet,2024-02-18 06:25:54.000,SciMax01,"60846",https://proto-9.pnl.gov/SciMax01/2024_1/60846_5_T_2_WEOM_r3_Mag_16Feb24_300SA_p01_20_1_15326,Released
1253612,"60940_2_B_2_WEOM_r2_Mag_10May24_300SA_p01_11_1_18349","",2024-05-12 06:23:33.000,SciMax01,"60940",https://proto-9.pnl.gov/SciMax01/2024_2/60940_2_B_2_WEOM_r2_Mag_10May24_300SA_p01_11_1_18349,Released
1220978,"60938_6_B_3_WEOM_r3_Mag_18Jan24_300SA_p01_36_1_15004",Buzzard: MONet,2024-01-24 10:42:10.000,SciMax01,"60938",https://proto-9.pnl.gov/SciMax01/2024_1/60938_6_B_3_WEOM_r3_Mag_18Jan24_300SA_p01_36_1_15004,Released
1216187,"60923_2_T_2_WEOM_r1_Mag_26Dec23_300SA_p01_31_1_14239",Buzzard: Data is fine but queue stopped over holiday week so need to shim cell and will run the queue again,2023-12-28 00:54:06.000,SciMax01,"60923",https://proto-9.pnl.gov/SciMax01/2024_1/60923_2_T_2_WEOM_r1_Mag_26Dec23_300SA_p01_31_1_14239,Released
1252814,QC_SRFAII_23_01_10ppm_WEOM_r2_Mag_01May24_300SA_p01_54_1_18129,"",2024-05-04 04:47:27.000,SciMax01,"60881",https://proto-9.pnl.gov/SciMax01/2024_2/QC_SRFAII_23_01_10ppm_WEOM_r2_Mag_01May24_300SA_p01_54_1_18129,Released
1235588,"60942_4_B_2_WEOM_r1_Mag_07Mar24_300SA_p01_22_1_16977",Buzzard: MONet,2024-03-08 01:50:34.000,SciMax01,"60942",https://proto-9.pnl.gov/SciMax01/2024_1/60942_4_B_2_WEOM_r1_Mag_07Mar24_300SA_p01_22_1_16977,Released
1341510,"60932_2_TOP_2_MAOM_r3_Mag_10Feb25_3p3kV_300SA_p01_8_1_23161","",2025-02-12 20:10:42.000,SciMax01,"60932",https://proto-9.pnl.gov/SciMax01/2025_1/60932_2_TOP_2_MAOM_r3_Mag_10Feb25_3p3kV_300SA_p01_8_1_23161,Released
1231064,"60933_14_T_2_WEOM_r3_Mag_12Feb24_300SA_p01_20_1_15207",Buzzard: MONet,2024-02-16 00:33:07.000,SciMax01,"60933",https://proto-9.pnl.gov/SciMax01/2024_1/60933_14_T_2_WEOM_r3_Mag_12Feb24_300SA_p01_20_1_15207,Released
1337816,"60886_2_TOP_2_MAOM_r3_Mag_22Jan25_3p3kV_300SA_p01_14_1_22522","",2025-01-28 12:27:46.000,SciMax01,"60886",https://proto-9.pnl.gov/SciMax01/2025_1/60886_2_TOP_2_MAOM_r3_Mag_22Jan25_3p3kV_300SA_p01_14_1_22522,Released
1231042,"60933_15_B_2_WEOM_r3_Mag_12Feb24_300SA_p01_29_1_15237",Buzzard: MONet,2024-02-16 13:50:52.000,SciMax01,"60933",https://proto-9.pnl.gov/SciMax01/2024_1/60933_15_B_2_WEOM_r3_Mag_12Feb24_300SA_p01_29_1_15237,Released
1165481,MONet_Test_QC_SRFAII_20ppm_Fir_06Jul23_300SA_p1_42_1_8727,Buzzard: Just testing samples tubes,2023-07-07 06:20:13.000,"15T_FTICR_I","60141",https://proto-9.pnl.gov/15T_FTICR_I/2023_3/MONet_Test_QC_SRFAII_20ppm_Fir_06Jul23_300SA_p1_42_1_8727,Released
1341078,"60932_2_BTM_2_MAOM_r1_Mag_10Feb25_3p3kV_300SA_p01_11_1_23054","",2025-02-10 20:27:35.000,SciMax01,"60932",https://proto-9.pnl.gov/SciMax01/2025_1/60932_2_BTM_2_MAOM_r1_Mag_10Feb25_3p3kV_300SA_p01_11_1_23054,Released
1344801,"60920_1_BTM_2_MAOM_r2_Mag_19Feb25_3p3kV_300SA_p01_5_1_23398","",2025-02-20 20:41:03.000,SciMax01,"60920",https://proto-9.pnl.gov/SciMax01/2025_1/60920_1_BTM_2_MAOM_r2_Mag_19Feb25_3p3kV_300SA_p01_5_1_23398,Released
1230627,"60946_1_T_3_WEOM_r3_Mag_23Feb24_300SA_p01_40_1_16059",Buzzard: Monet,2024-02-27 04:27:29.000,SciMax01,"60946",https://proto-9.pnl.gov/SciMax01/2024_1/60946_1_T_3_WEOM_r3_Mag_23Feb24_300SA_p01_40_1_16059,Released
1340612,"60938_6_TOP_1_MAOM_r1_Mag_03Feb25_3p3kV_300SA_p01_35_1_22746","",2025-02-03 15:41:33.000,SciMax01,"60938",https://proto-9.pnl.gov/SciMax01/2025_1/60938_6_TOP_1_MAOM_r1_Mag_03Feb25_3p3kV_300SA_p01_35_1_22746,Released
1335248,"60933_15_BTM_1_MAOM_r2_Mag_13Jan25_3p3kV_300SA_p01_32_1_21867","",2025-01-15 20:37:27.000,SciMax01,"60933",https://proto-9.pnl.gov/SciMax01/2025_1/60933_15_BTM_1_MAOM_r2_Mag_13Jan25_3p3kV_300SA_p01_32_1_21867,Released
1331013,"60933_7_BTM_2_MAOM_r2_Mag_05Jan25_3p3kV_300SA_p01_42_1_21673","",2025-01-07 01:50:20.000,SciMax01,"60933",https://proto-9.pnl.gov/SciMax01/2025_1/60933_7_BTM_2_MAOM_r2_Mag_05Jan25_3p3kV_300SA_p01_42_1_21673,Released
1220696,"60933_3_T_1_WEOM_r1_Mag_18Jan24_300SA_p01_10_1_14751",Buzzard: MONet,2024-01-19 18:34:29.000,SciMax01,"60933",https://proto-9.pnl.gov/SciMax01/2024_1/60933_3_T_1_WEOM_r1_Mag_18Jan24_300SA_p01_10_1_14751,Released
1236306,"60886_2_B_3_WEOM_r3_Mag_10Mar24_300SA_p01_12_1_17277",Buzzard: MONet,2024-03-14 08:32:47.000,SciMax01,"60886",https://proto-9.pnl.gov/SciMax01/2024_1/60886_2_B_3_WEOM_r3_Mag_10Mar24_300SA_p01_12_1_17277,Released
1336733,"60923_16_BTM_3_MAOM_r2_Mag_22Jan25_3p3kV_300SA_p01_21_1_22271","",2025-01-23 20:31:11.000,SciMax01,"60923",https://proto-9.pnl.gov/SciMax01/2025_1/60923_16_BTM_3_MAOM_r2_Mag_22Jan25_3p3kV_300SA_p01_21_1_22271,Released
1337301,"60886_4_BTM_2_MAOM_r1_Mag_22Jan25_3p3kV_300SA_p01_33_1_22402","",2025-01-26 06:57:24.000,SciMax01,"60886",https://proto-9.pnl.gov/SciMax01/2025_1/60886_4_BTM_2_MAOM_r1_Mag_22Jan25_3p3kV_300SA_p01_33_1_22402,Released
1336290,"60923_19_TOP_1_MAOM_r1_Mag_22Jan25_3p3kV_300SA_p01_38_1_22221","",2025-01-22 22:13:13.000,SciMax01,"60923",https://proto-9.pnl.gov/SciMax01/2025_1/60923_19_TOP_1_MAOM_r1_Mag_22Jan25_3p3kV_300SA_p01_38_1_22221,Released
1221035,"60933_1_T_3_WEOM_r3_Mag_18Jan24_300SA_p01_3_1_14961",Buzzard: MONet,2024-01-23 15:38:47.000,SciMax01,"60933",https://proto-9.pnl.gov/SciMax01/2024_1/60933_1_T_3_WEOM_r3_Mag_18Jan24_300SA_p01_3_1_14961,Released
1481346,QC_SRFAII_25_02_r1_Mag_12Mar26_54_1_32510,"",2026-03-13 02:50:19.000,SciMax01,"61050",https://proto-9.pnl.gov/SciMax01/2026_1/QC_SRFAII_25_02_r1_Mag_12Mar26_54_1_32510,Released
1231232,"60933_19_B_1_WEOM_r3_Mag_12Feb24_300SA_p01_1_1_15184",Buzzard: MONet,2024-02-15 14:21:32.000,SciMax01,"60933",https://proto-9.pnl.gov/SciMax01/2024_1/60933_19_B_1_WEOM_r3_Mag_12Feb24_300SA_p01_1_1_15184,Released
1215837,"60920_1_T_2_WEOM_r3_Mag_21Dec23_300SA_p01_20_1_14172",Data needs to be reviewed,2023-12-26 03:57:26.000,SciMax01,"60920",https://proto-9.pnl.gov/SciMax01/2024_1/60920_1_T_2_WEOM_r3_Mag_21Dec23_300SA_p01_20_1_14172,Released
1220711,"60933_1_T_1_WEOM_r1_Mag_18Jan24_300SA_p01_1_1_14702",Buzzard: MONet,2024-01-18 20:51:28.000,SciMax01,"60933",https://proto-9.pnl.gov/SciMax01/2024_1/60933_1_T_1_WEOM_r1_Mag_18Jan24_300SA_p01_1_1_14702,Released
1484248,QC_SRFAII_25_02_r2_Mag_25Mar26_54_1_32637,"",2026-03-26 03:48:55.000,SciMax01,"61050",https://proto-9.pnl.gov/SciMax01/2026_1/QC_SRFAII_25_02_r2_Mag_25Mar26_54_1_32637,Released
1231068,"60933_20_T_1_WEOM_r2_Mag_12Feb24_300SA_p01_4_1_15141",Buzzard: MONet,2024-02-14 19:18:14.000,SciMax01,"60933",https://proto-9.pnl.gov/SciMax01/2024_1/60933_20_T_1_WEOM_r2_Mag_12Feb24_300SA_p01_4_1_15141,Released
1220979,"60938_1_B_1_WEOM_r3_Mag_18Jan24_300SA_p01_4_1_14973",Buzzard: MONet,2024-01-23 20:57:51.000,SciMax01,"60938",https://proto-9.pnl.gov/SciMax01/2024_1/60938_1_B_1_WEOM_r3_Mag_18Jan24_300SA_p01_4_1_14973,Released
1215984,"60920_1_B_1_WEOM_r2_Mag_21Dec23_300SA_p01_2_1_14081",Data needs to be reviewed,2023-12-23 10:30:18.000,SciMax01,"60920",https://proto-9.pnl.gov/SciMax01/2024_1/60920_1_B_1_WEOM_r2_Mag_21Dec23_300SA_p01_2_1_14081,Released
1341415,"60932_6_TOP_2_MAOM_r3_Mag_10Feb25_3p3kV_300SA_p01_36_1_23148","",2025-02-12 14:22:35.000,SciMax01,"60932",https://proto-9.pnl.gov/SciMax01/2025_1/60932_6_TOP_2_MAOM_r3_Mag_10Feb25_3p3kV_300SA_p01_36_1_23148,Released
1338786,"60933_20_BTM_2_MAOM_r3_Mag_29Jan25_3p3kV_300SA_p01_17_1_22695","",2025-01-31 17:48:38.000,SciMax01,"60933",https://proto-9.pnl.gov/SciMax01/2025_1/60933_20_BTM_2_MAOM_r3_Mag_29Jan25_3p3kV_300SA_p01_17_1_22695,Released
1233008,"60923_19_T_3_WEOM_r1_Mag_04Mar24_300SA_p01_27_1_16816","",2024-03-05 01:56:24.000,SciMax01,"60923",https://proto-9.pnl.gov/SciMax01/2024_1/60923_19_T_3_WEOM_r1_Mag_04Mar24_300SA_p01_27_1_16816,Released
1328851,"60940_4_TOP_1_MAOM_r1_Mag_19Dec24_3p3kV_300SA_p01_19_1_20982","",2024-12-20 03:23:22.000,SciMax01,"60940",https://proto-9.pnl.gov/SciMax01/2024_4/60940_4_TOP_1_MAOM_r1_Mag_19Dec24_3p3kV_300SA_p01_19_1_20982,Released
1338286,"60933_18_BTM_2_MAOM_r1_Mag_29Jan25_3p3kV_300SA_p01_5_1_22602","",2025-01-30 00:21:50.000,SciMax01,"60933",https://proto-9.pnl.gov/SciMax01/2025_1/60933_18_BTM_2_MAOM_r1_Mag_29Jan25_3p3kV_300SA_p01_5_1_22602,Released
1236365,"60886_1_T_1_WEOM_r3_Mag_10Mar24_300SA_p01_1_1_17253",Buzzard: MONet,2024-03-13 21:54:35.000,SciMax01,"60886",https://proto-9.pnl.gov/SciMax01/2024_1/60886_1_T_1_WEOM_r3_Mag_10Mar24_300SA_p01_1_1_17253,Released
1330244,"60846_2_BTM_3_MAOM_r1_Mag_02Jan25_3p3kV_300SA_p01_6_1_21461","",2025-01-03 03:19:24.000,SciMax01,"60846",https://proto-9.pnl.gov/SciMax01/2025_1/60846_2_BTM_3_MAOM_r1_Mag_02Jan25_3p3kV_300SA_p01_6_1_21461,Released
1331051,"60933_8_TOP_2_MAOM_r2_Mag_05Jan25_3p3kV_300SA_p01_45_1_21691","",2025-01-07 09:52:13.000,SciMax01,"60933",https://proto-9.pnl.gov/SciMax01/2025_1/60933_8_TOP_2_MAOM_r2_Mag_05Jan25_3p3kV_300SA_p01_45_1_21691,Released
1217334,"60923_8_T_1_WEOM_r3_Mag_04Jan24_300SA_p01_15_1_14629",Buzzard: Use this data,2024-01-08 14:42:19.000,SciMax01,"60923",https://proto-9.pnl.gov/SciMax01/2024_1/60923_8_T_1_WEOM_r3_Mag_04Jan24_300SA_p01_15_1_14629,Released
1252904,"60881_5_B_2_WEOM_r3_Mag_01May24_300SA_p01_26_1_18223","",2024-05-05 22:27:06.000,SciMax01,"60881",https://proto-9.pnl.gov/SciMax01/2024_2/60881_5_B_2_WEOM_r3_Mag_01May24_300SA_p01_26_1_18223,Released
1220537,"60933_5_B_2_WEOM_r1_Mag_18Jan24_300SA_p01_26_1_14714",Buzzard: MONet,2024-01-19 02:10:36.000,SciMax01,"60933",https://proto-9.pnl.gov/SciMax01/2024_1/60933_5_B_2_WEOM_r1_Mag_18Jan24_300SA_p01_26_1_14714,Released
1221033,"60933_4_T_2_WEOM_r3_Mag_18Jan24_300SA_p01_17_1_14953",Buzzard: MONet,2024-01-23 12:06:03.000,SciMax01,"60933",https://proto-9.pnl.gov/SciMax01/2024_1/60933_4_T_2_WEOM_r3_Mag_18Jan24_300SA_p01_17_1_14953,Released
1215891,"60920_3_T_2_WEOM_r1_Mag_21Dec23_300SA_p01_24_1_14029",Data needs to be reviewed,2023-12-22 11:27:30.000,SciMax01,"60920",https://proto-9.pnl.gov/SciMax01/2024_1/60920_3_T_2_WEOM_r1_Mag_21Dec23_300SA_p01_24_1_14029,Released
1230965,"60880_3_T_1_WEOM_r3_Mag_16Feb24_300SA_p01_26_1_15441",Buzzard: MONet,2024-02-20 18:27:11.000,SciMax01,"60880",https://proto-9.pnl.gov/SciMax01/2024_1/60880_3_T_1_WEOM_r3_Mag_16Feb24_300SA_p01_26_1_15441,Released
1217473,"60923_12_B_1_WEOM_r2_Mag_04Jan24_300SA_p01_24_1_14527",Buzzard: Use this data,2024-01-06 17:29:46.000,SciMax01,"60923",https://proto-9.pnl.gov/SciMax01/2024_1/60923_12_B_1_WEOM_r2_Mag_04Jan24_300SA_p01_24_1_14527,Released
1235575,"60886_2_B_3_WEOM_r1_Mag_10Mar24_300SA_p01_12_1_17171",Buzzard: MONet,2024-03-12 09:34:19.000,SciMax01,"60886",https://proto-9.pnl.gov/SciMax01/2024_1/60886_2_B_3_WEOM_r1_Mag_10Mar24_300SA_p01_12_1_17171,Released
1314842,"60881_3_BTM_1_WEOM_r1_Mag_01Nov24_3p3kV_p01_1_1_20079",Buzzard: Testing response after Instrument cell clean and lab move,2024-11-01 16:38:38.000,SciMax01,"60938",https://proto-9.pnl.gov/SciMax01/2024_4/60881_3_BTM_1_WEOM_r1_Mag_01Nov24_3p3kV_p01_1_1_20079,Released
1233015,"60923_18_T_2_WEOM_r1_Mag_04Mar24_300SA_p01_20_1_16830","",2024-03-05 08:08:37.000,SciMax01,"60923",https://proto-9.pnl.gov/SciMax01/2024_1/60923_18_T_2_WEOM_r1_Mag_04Mar24_300SA_p01_20_1_16830,Released
1337782,"60886_5_BTM_3_MAOM_r3_Mag_22Jan25_3p3kV_300SA_p01_39_1_22516","",2025-01-28 09:46:52.000,SciMax01,"60886",https://proto-9.pnl.gov/SciMax01/2025_1/60886_5_BTM_3_MAOM_r3_Mag_22Jan25_3p3kV_300SA_p01_39_1_22516,Released
1329028,"60923_4_BTM_2_MAOM_r3_Mag_27Dec24_3p3kV_300SA_p01_23_1_21295","",2024-12-30 01:00:45.000,SciMax01,"60923",https://proto-9.pnl.gov/SciMax01/2024_4/60923_4_BTM_2_MAOM_r3_Mag_27Dec24_3p3kV_300SA_p01_23_1_21295,Released
1341843,"60881_6_TOP_2_MAOM_r1_Mag_10Feb25_3p3kV_300SA_p01_32_1_23224","",2025-02-14 00:15:18.000,SciMax01,"60881",https://proto-9.pnl.gov/SciMax01/2025_1/60881_6_TOP_2_MAOM_r1_Mag_10Feb25_3p3kV_300SA_p01_32_1_23224,Released
1344833,"60929_1_TOP_1_MAOM_r2_Mag_19Feb25_3p3kV_300SA_p01_22_1_23515","",2025-02-23 00:53:17.000,SciMax01,"60929",https://proto-9.pnl.gov/SciMax01/2025_1/60929_1_TOP_1_MAOM_r2_Mag_19Feb25_3p3kV_300SA_p01_22_1_23515,Released
1341259,"60932_3_TOP_2_MAOM_r2_Mag_10Feb25_3p3kV_300SA_p01_14_1_23099","",2025-02-11 16:30:52.000,SciMax01,"60932",https://proto-9.pnl.gov/SciMax01/2025_1/60932_3_TOP_2_MAOM_r2_Mag_10Feb25_3p3kV_300SA_p01_14_1_23099,Released
1231057,"60933_20_B_2_WEOM_r2_Mag_12Feb24_300SA_p01_8_1_15135",Buzzard: MONet,2024-02-14 16:38:41.000,SciMax01,"60933",https://proto-9.pnl.gov/SciMax01/2024_1/60933_20_B_2_WEOM_r2_Mag_12Feb24_300SA_p01_8_1_15135,Released
1335272,"60933_14_TOP_1_MAOM_r3_Mag_13Jan25_3p3kV_300SA_p01_23_1_21903","",2025-01-16 12:41:14.000,SciMax01,"60933",https://proto-9.pnl.gov/SciMax01/2025_1/60933_14_TOP_1_MAOM_r3_Mag_13Jan25_3p3kV_300SA_p01_23_1_21903,Released
1253616,QC_SRFAII_23_01_10ppm_WEOM_r2_Mag_10May24_300SA_p01_54_1_18306,"",2024-05-11 11:20:11.000,SciMax01,"60940",https://proto-9.pnl.gov/SciMax01/2024_2/QC_SRFAII_23_01_10ppm_WEOM_r2_Mag_10May24_300SA_p01_54_1_18306,Released
1344939,"60920_6_TOP_1_MAOM_r3_Mag_19Feb25_3p3kV_300SA_p01_31_1_23448","",2025-02-21 18:59:25.000,SciMax01,"60920",https://proto-9.pnl.gov/SciMax01/2025_1/60920_6_TOP_1_MAOM_r3_Mag_19Feb25_3p3kV_300SA_p01_31_1_23448,Released
1335197,"60933_14_BTM_1_MAOM_r2_Mag_13Jan25_3p3kV_300SA_p01_26_1_21879","",2025-01-16 01:59:38.000,SciMax01,"60933",https://proto-9.pnl.gov/SciMax01/2025_1/60933_14_BTM_1_MAOM_r2_Mag_13Jan25_3p3kV_300SA_p01_26_1_21879,Released
1253658,"60940_3_B_3_WEOM_r3_Mag_10May24_300SA_p01_15_1_18361","",2024-05-12 11:42:33.000,SciMax01,"60940",https://proto-9.pnl.gov/SciMax01/2024_2/60940_3_B_3_WEOM_r3_Mag_10May24_300SA_p01_15_1_18361,Released
1234631,"60923_16_T_2_WEOM_r3_Mag_04Mar24_300SA_p01_8_1_16918",Buzzard: MONet,2024-03-06 23:08:34.000,SciMax01,"60923",https://proto-9.pnl.gov/SciMax01/2024_1/60923_16_T_2_WEOM_r3_Mag_04Mar24_300SA_p01_8_1_16918,Released
1216100,"60923_9_B_2_WEOM_r2_Mag_26Dec23_300SA_p01_46_1_14340",Buzzard: Data is fine but queue stopped over holiday week so need to shim cell and will run the queue again,2023-12-29 21:39:46.000,SciMax01,"60923",https://proto-9.pnl.gov/SciMax01/2024_1/60923_9_B_2_WEOM_r2_Mag_26Dec23_300SA_p01_46_1_14340,Released
1480454,QC_SRFAII_25_02_B_09Mar26_Fir_54_1_32476,"",2026-03-09 17:23:16.000,SciMax01,"61050",https://proto-9.pnl.gov/SciMax01/2026_1/QC_SRFAII_25_02_B_09Mar26_Fir_54_1_32476,Released
1335377,"60933_13_TOP_1_MAOM_r1_Mag_13Jan25_3p3kV_300SA_p01_17_1_21830","",2025-01-15 04:06:48.000,SciMax01,"60933",https://proto-9.pnl.gov/SciMax01/2025_1/60933_13_TOP_1_MAOM_r1_Mag_13Jan25_3p3kV_300SA_p01_17_1_21830,Released
1231072,"60933_13_T_1_WEOM_r1_Mag_12Feb24_300SA_p01_13_1_15064",Buzzard: MONet,2024-02-13 09:02:41.000,SciMax01,"60933",https://proto-9.pnl.gov/SciMax01/2024_1/60933_13_T_1_WEOM_r1_Mag_12Feb24_300SA_p01_13_1_15064,Released
1340573,"60938_5_BTM_1_MAOM_r1_Mag_03Feb25_3p3kV_300SA_p01_32_1_22749","",2025-02-03 17:01:45.000,SciMax01,"60938",https://proto-9.pnl.gov/SciMax01/2025_1/60938_5_BTM_1_MAOM_r1_Mag_03Feb25_3p3kV_300SA_p01_32_1_22749,Released
1329041,"60923_5_BTM_3_MAOM_r3_Mag_27Dec24_3p3kV_300SA_p01_30_1_21289","",2024-12-29 22:19:53.000,SciMax01,"60923",https://proto-9.pnl.gov/SciMax01/2024_4/60923_5_BTM_3_MAOM_r3_Mag_27Dec24_3p3kV_300SA_p01_30_1_21289,Released
1330770,"60846_17_BTM_2_MAOM_r3_Mag_02Jan25_3p3kV_300SA_p01_33_1_21579","",2025-01-05 07:55:59.000,SciMax01,"60846",https://proto-9.pnl.gov/SciMax01/2025_1/60846_17_BTM_2_MAOM_r3_Mag_02Jan25_3p3kV_300SA_p01_33_1_21579,Released
1329158,"60923_6_BTM_2_MAOM_r1_Mag_27Dec24_3p3kV_300SA_p01_35_1_21196","",2024-12-28 04:52:56.000,SciMax01,"60923",https://proto-9.pnl.gov/SciMax01/2024_4/60923_6_BTM_2_MAOM_r1_Mag_27Dec24_3p3kV_300SA_p01_35_1_21196,Released
1335259,"60933_16_TOP_2_MAOM_r1_Mag_13Jan25_3p3kV_300SA_p01_36_1_21813","",2025-01-14 20:30:51.000,SciMax01,"60933",https://proto-9.pnl.gov/SciMax01/2025_1/60933_16_TOP_2_MAOM_r1_Mag_13Jan25_3p3kV_300SA_p01_36_1_21813,Released
1252787,"60929_2_B_3_WEOM_r1_Mag_01May24_300SA_p01_48_1_18076","",2024-05-03 05:18:12.000,SciMax01,"60929",https://proto-9.pnl.gov/SciMax01/2024_2/60929_2_B_3_WEOM_r1_Mag_01May24_300SA_p01_48_1_18076,Released
1328952,"60940_1_BTM_2_MAOM_r2_Mag_23Dec24_3p3kV_300SA_p01_5_1_21065","",2024-12-24 06:52:15.000,SciMax01,"60940",https://proto-9.pnl.gov/SciMax01/2024_4/60940_1_BTM_2_MAOM_r2_Mag_23Dec24_3p3kV_300SA_p01_5_1_21065,Released
1235637,"60942_6_B_2_WEOM_r1_Mag_07Mar24_300SA_p01_34_1_17007",Buzzard: MONet,2024-03-08 15:09:39.000,SciMax01,"60942",https://proto-9.pnl.gov/SciMax01/2024_1/60942_6_B_2_WEOM_r1_Mag_07Mar24_300SA_p01_34_1_17007,Released
1329066,"60923_5_BTM_3_MAOM_r2_Mag_27Dec24_3p3kV_300SA_p01_30_1_21249","",2024-12-29 04:30:07.000,SciMax01,"60923",https://proto-9.pnl.gov/SciMax01/2024_4/60923_5_BTM_3_MAOM_r2_Mag_27Dec24_3p3kV_300SA_p01_30_1_21249,Released
1337046,"60923_19_BTM_3_MAOM_r3_Mag_22Jan25_3p3kV_300SA_p01_43_1_22332","",2025-01-24 23:43:39.000,SciMax01,"60923",https://proto-9.pnl.gov/SciMax01/2025_1/60923_19_BTM_3_MAOM_r3_Mag_22Jan25_3p3kV_300SA_p01_43_1_22332,Released
1336436,"60923_15_BTM_3_MAOM_r1_Mag_22Jan25_3p3kV_300SA_p01_15_1_22241","",2025-01-23 07:08:24.000,SciMax01,"60923",https://proto-9.pnl.gov/SciMax01/2025_1/60923_15_BTM_3_MAOM_r1_Mag_22Jan25_3p3kV_300SA_p01_15_1_22241,Released
1233029,"60923_20_B_1_WEOM_r1_Mag_04Mar24_300SA_p01_34_1_16833","",2024-03-05 09:28:23.000,SciMax01,"60923",https://proto-9.pnl.gov/SciMax01/2024_1/60923_20_B_1_WEOM_r1_Mag_04Mar24_300SA_p01_34_1_16833,Released
1230917,"60880_4_B_2_WEOM_r3_Mag_16Feb24_300SA_p01_36_1_15440",Buzzard: MONet,2024-02-20 18:00:34.000,SciMax01,"60880",https://proto-9.pnl.gov/SciMax01/2024_1/60880_4_B_2_WEOM_r3_Mag_16Feb24_300SA_p01_36_1_15440,Released
1337399,"60886_5_TOP_1_MAOM_r2_Mag_22Jan25_3p3kV_300SA_p01_35_1_22444","",2025-01-27 01:40:40.000,SciMax01,"60886",https://proto-9.pnl.gov/SciMax01/2025_1/60886_5_TOP_1_MAOM_r2_Mag_22Jan25_3p3kV_300SA_p01_35_1_22444,Released
1235669,"60942_1_T_2_WEOM_r2_Mag_07Mar24_300SA_p01_2_1_17033",Buzzard: MONet,2024-03-09 10:33:26.000,SciMax01,"60942",https://proto-9.pnl.gov/SciMax01/2024_1/60942_1_T_2_WEOM_r2_Mag_07Mar24_300SA_p01_2_1_17033,Released
1230675,"60932_4_T_1_WEOM_r3_Mag_24Feb24_300SA_p01_15_1_15993",Buzzard: MONet,2024-02-25 23:12:27.000,SciMax01,"60932",https://proto-9.pnl.gov/SciMax01/2024_1/60932_4_T_1_WEOM_r3_Mag_24Feb24_300SA_p01_15_1_15993,Released
1220715,"60938_5_B_1_WEOM_r2_Mag_18Jan24_300SA_p01_28_1_14867",Buzzard: MONet,2024-01-21 21:59:13.000,SciMax01,"60938",https://proto-9.pnl.gov/SciMax01/2024_1/60938_5_B_1_WEOM_r2_Mag_18Jan24_300SA_p01_28_1_14867,Released
1340388,"60942_3_BTM_1_MAOM_r3_Mag_03Feb25_3p3kV_300SA_p01_4_1_23025","",2025-02-08 20:03:37.000,SciMax01,"60942",https://proto-9.pnl.gov/SciMax01/2025_1/60942_3_BTM_1_MAOM_r3_Mag_03Feb25_3p3kV_300SA_p01_4_1_23025,Released
1337697,"60886_4_BTM_2_MAOM_r3_Mag_22Jan25_3p3kV_300SA_p01_33_1_22490","",2025-01-27 22:11:59.000,SciMax01,"60886",https://proto-9.pnl.gov/SciMax01/2025_1/60886_4_BTM_2_MAOM_r3_Mag_22Jan25_3p3kV_300SA_p01_33_1_22490,Released
1252834,"60929_1_B_2_WEOM_r1_Mag_01May24_300SA_p01_41_1_18088","",2024-05-03 10:37:17.000,SciMax01,"60929",https://proto-9.pnl.gov/SciMax01/2024_2/60929_1_B_2_WEOM_r1_Mag_01May24_300SA_p01_41_1_18088,Released
1338313,"60923_13_TOP_1_MAOM_r2_Mag_29Jan25_3p3kV_300SA_p01_46_1_22612","",2025-01-30 04:48:55.000,SciMax01,"60923",https://proto-9.pnl.gov/SciMax01/2025_1/60923_13_TOP_1_MAOM_r2_Mag_29Jan25_3p3kV_300SA_p01_46_1_22612,Released
1253618,"60940_4_B_2_WEOM_r2_Mag_10May24_300SA_p01_20_1_18348","",2024-05-12 05:56:58.000,SciMax01,"60940",https://proto-9.pnl.gov/SciMax01/2024_2/60940_4_B_2_WEOM_r2_Mag_10May24_300SA_p01_20_1_18348,Released
1236303,"60886_3_B_2_WEOM_r2_Mag_10Mar24_300SA_p01_17_1_17193",Buzzard: MONet,2024-03-12 19:19:16.000,SciMax01,"60886",https://proto-9.pnl.gov/SciMax01/2024_1/60886_3_B_2_WEOM_r2_Mag_10Mar24_300SA_p01_17_1_17193,Released
1340115,"60942_4_BTM_3_MAOM_r2_Mag_03Feb25_3p3kV_300SA_p01_12_1_22953","",2025-02-07 11:57:28.000,SciMax01,"60942",https://proto-9.pnl.gov/SciMax01/2025_1/60942_4_BTM_3_MAOM_r2_Mag_03Feb25_3p3kV_300SA_p01_12_1_22953,Released
1344873,"60920_3_TOP_1_MAOM_r2_Mag_19Feb25_3p3kV_300SA_p01_13_1_23378","",2025-02-20 11:46:45.000,SciMax01,"60920",https://proto-9.pnl.gov/SciMax01/2025_1/60920_3_TOP_1_MAOM_r2_Mag_19Feb25_3p3kV_300SA_p01_13_1_23378,Released
1328839,"60920_11_TOP_1_MAOM_r1_Mag_19Dec24_3p3kV_300SA_p01_48_1_21011","",2024-12-20 16:19:21.000,SciMax01,"60920",https://proto-9.pnl.gov/SciMax01/2024_4/60920_11_TOP_1_MAOM_r1_Mag_19Dec24_3p3kV_300SA_p01_48_1_21011,Released
1215824,"60920_5_B_2_WEOM_r3_Mag_21Dec23_300SA_p01_29_1_14174",Data needs to be reviewed,2023-12-26 04:50:39.000,SciMax01,"60920",https://proto-9.pnl.gov/SciMax01/2024_1/60920_5_B_2_WEOM_r3_Mag_21Dec23_300SA_p01_29_1_14174,Released
1234586,"60923_15_B_2_WEOM_r2_Mag_04Mar24_300SA_p01_5_1_16878",Buzzard: MONet,2024-03-06 05:24:58.000,SciMax01,"60923",https://proto-9.pnl.gov/SciMax01/2024_1/60923_15_B_2_WEOM_r2_Mag_04Mar24_300SA_p01_5_1_16878,Released
1338351,"60933_19_TOP_3_MAOM_r2_Mag_29Jan25_3p3kV_300SA_p01_9_1_22621","",2025-01-30 08:49:12.000,SciMax01,"60933",https://proto-9.pnl.gov/SciMax01/2025_1/60933_19_TOP_3_MAOM_r2_Mag_29Jan25_3p3kV_300SA_p01_9_1_22621,Released
1330806,"60933_7_BTM_3_MAOM_r1_Mag_05Jan25_3p3kV_300SA_p01_43_1_21597","",2025-01-05 15:56:34.000,SciMax01,"60933",https://proto-9.pnl.gov/SciMax01/2025_1/60933_7_BTM_3_MAOM_r1_Mag_05Jan25_3p3kV_300SA_p01_43_1_21597,Released
1217374,"60923_7_T_2_WEOM_r2_Mag_04Jan24_300SA_p01_41_1_14555",Buzzard: Use this data,2024-01-07 05:54:27.000,SciMax01,"60923",https://proto-9.pnl.gov/SciMax01/2024_1/60923_7_T_2_WEOM_r2_Mag_04Jan24_300SA_p01_41_1_14555,Released
1335298,"60923_8_TOP_3_MAOM_r1_Mag_13Jan25_3p3kV_300SA_p01_15_1_22008","",2025-01-18 11:31:25.000,SciMax01,"60923",https://proto-9.pnl.gov/SciMax01/2025_1/60923_8_TOP_3_MAOM_r1_Mag_13Jan25_3p3kV_300SA_p01_15_1_22008,Released
1166738,MONet_Test_QC_SRFAII_20ppm_r1_Fir_11Jul23_300SA_p1_1_1_8761,Buzzard: Just testing samples tubes,2023-07-11 10:38:47.000,"15T_FTICR_I","60141",https://proto-9.pnl.gov/15T_FTICR_I/2023_3/MONet_Test_QC_SRFAII_20ppm_r1_Fir_11Jul23_300SA_p1_1_1_8761,Released
1337210,"60923_15_TOP_1_MAOM_r3_Mag_22Jan25_3p3kV_300SA_p01_10_1_22368","",2025-01-25 15:48:02.000,SciMax01,"60923",https://proto-9.pnl.gov/SciMax01/2025_1/60923_15_TOP_1_MAOM_r3_Mag_22Jan25_3p3kV_300SA_p01_10_1_22368,Released
1090394,"1000s_SRFAII_01_31Oct22_Mag_300SA_p01_120_1_7133","",2022-10-31 14:50:45.000,SciMax01,"60141",https://proto-9.pnl.gov/SciMax01/2022_4/1000s_SRFAII_01_31Oct22_Mag_300SA_p01_120_1_7133,Released
1335256,"60923_9_TOP_1_MAOM_r1_Mag_13Jan25_3p3kV_300SA_p01_19_1_21959","",2025-01-17 13:40:02.000,SciMax01,"60923",https://proto-9.pnl.gov/SciMax01/2025_1/60923_9_TOP_1_MAOM_r1_Mag_13Jan25_3p3kV_300SA_p01_19_1_21959,Released
1234627,"60923_16_T_3_WEOM_r2_Mag_04Mar24_300SA_p01_9_1_16860",Buzzard: MONet,2024-03-05 21:26:23.000,SciMax01,"60923",https://proto-9.pnl.gov/SciMax01/2024_1/60923_16_T_3_WEOM_r2_Mag_04Mar24_300SA_p01_9_1_16860,Released
1252897,"60881_4_T_1_WEOM_r3_Mag_01May24_300SA_p01_16_1_18215","",2024-05-05 18:54:23.000,SciMax01,"60881",https://proto-9.pnl.gov/SciMax01/2024_2/60881_4_T_1_WEOM_r3_Mag_01May24_300SA_p01_16_1_18215,Released
1220568,"60938_3_T_1_WEOM_r1_Mag_18Jan24_300SA_p01_13_1_14769",Buzzard: MONet,2024-01-20 02:33:07.000,SciMax01,"60938",https://proto-9.pnl.gov/SciMax01/2024_1/60938_3_T_1_WEOM_r1_Mag_18Jan24_300SA_p01_13_1_14769,Released
1339960,"60942_3_BTM_1_MAOM_r1_Mag_03Feb25_3p3kV_300SA_p01_4_1_22925","",2025-02-06 23:28:21.000,SciMax01,"60942",https://proto-9.pnl.gov/SciMax01/2025_1/60942_3_BTM_1_MAOM_r1_Mag_03Feb25_3p3kV_300SA_p01_4_1_22925,Released
1329141,"60923_3_BTM_2_MAOM_r2_Mag_27Dec24_3p3kV_300SA_p01_17_1_21244","",2024-12-29 02:16:21.000,SciMax01,"60923",https://proto-9.pnl.gov/SciMax01/2024_4/60923_3_BTM_2_MAOM_r2_Mag_27Dec24_3p3kV_300SA_p01_17_1_21244,Released
1235667,"60942_3_B_3_WEOM_r2_Mag_07Mar24_300SA_p01_17_1_17030",Buzzard: MONet,2024-03-09 09:13:41.000,SciMax01,"60942",https://proto-9.pnl.gov/SciMax01/2024_1/60942_3_B_3_WEOM_r2_Mag_07Mar24_300SA_p01_17_1_17030,Released
1217366,"60923_12_B_2_WEOM_r3_Mag_04Jan24_300SA_p01_4_1_14654",Buzzard: Use this data,2024-01-09 01:47:06.000,SciMax01,"60923",https://proto-9.pnl.gov/SciMax01/2024_1/60923_12_B_2_WEOM_r3_Mag_04Jan24_300SA_p01_4_1_14654,Released
1230820,"60932_6_B_2_WEOM_r1_Mag_21Feb24_300SA_p01_31_1_15548",Buzzard: MONet,2024-02-23 07:07:43.000,SciMax01,"60932",https://proto-9.pnl.gov/SciMax01/2024_1/60932_6_B_2_WEOM_r1_Mag_21Feb24_300SA_p01_31_1_15548,Released
1329063,"60923_5_TOP_1_MAOM_r1_Mag_27Dec24_3p3kV_300SA_p01_25_1_21192","",2024-12-28 03:06:17.000,SciMax01,"60923",https://proto-9.pnl.gov/SciMax01/2024_4/60923_5_TOP_1_MAOM_r1_Mag_27Dec24_3p3kV_300SA_p01_25_1_21192,Released
1235673,"60942_1_T_3_WEOM_r1_Mag_07Mar24_300SA_p01_3_1_16972",Buzzard: MONet,2024-03-07 23:37:37.000,SciMax01,"60942",https://proto-9.pnl.gov/SciMax01/2024_1/60942_1_T_3_WEOM_r1_Mag_07Mar24_300SA_p01_3_1_16972,Released
1341154,"60932_1_TOP_2_MAOM_r1_Mag_10Feb25_3p3kV_300SA_p01_2_1_23070","",2025-02-11 03:35:31.000,SciMax01,"60932",https://proto-9.pnl.gov/SciMax01/2025_1/60932_1_TOP_2_MAOM_r1_Mag_10Feb25_3p3kV_300SA_p01_2_1_23070,Released
1215901,"60920_2_B_1_WEOM_r2_Mag_21Dec23_300SA_p01_4_1_14064",Data needs to be reviewed,2023-12-23 02:58:13.000,SciMax01,"60920",https://proto-9.pnl.gov/SciMax01/2024_1/60920_2_B_1_WEOM_r2_Mag_21Dec23_300SA_p01_4_1_14064,Released
1502134,QC_SRFAII_25_02_20260611_r2_Mag_54_1_33971,Buzzard: testing Gilson wash volumes,2026-06-12 10:06:49.000,SciMax01,"61050",https://proto-9.pnl.gov/SciMax01/2026_2/QC_SRFAII_25_02_20260611_r2_Mag_54_1_33971,Released
1341666,"60932_5_TOP_2_MAOM_r3_Mag_10Feb25_3p3kV_300SA_p01_30_1_23188","",2025-02-13 08:11:55.000,SciMax01,"60932",https://proto-9.pnl.gov/SciMax01/2025_1/60932_5_TOP_2_MAOM_r3_Mag_10Feb25_3p3kV_300SA_p01_30_1_23188,Released
1336140,"60933_17_BTM_1_MAOM_r2_Mag_13Jan25_3p3kV_300SA_p01_43_1_21889","",2025-01-16 06:27:21.000,SciMax01,"60933",https://proto-9.pnl.gov/SciMax01/2025_1/60933_17_BTM_1_MAOM_r2_Mag_13Jan25_3p3kV_300SA_p01_43_1_21889,Released
1231043,"60933_15_B_2_WEOM_r1_Mag_12Feb24_300SA_p01_29_1_15034",Buzzard: MONet,2024-02-12 19:45:01.000,SciMax01,"60933",https://proto-9.pnl.gov/SciMax01/2024_1/60933_15_B_2_WEOM_r1_Mag_12Feb24_300SA_p01_29_1_15034,Released
1215886,"60920_11_T_3_WEOM_r2_Mag_21Dec23_300SA_p01_19_1_14118",Data needs to be reviewed,2023-12-25 04:01:31.000,SciMax01,"60920",https://proto-9.pnl.gov/SciMax01/2024_1/60920_11_T_3_WEOM_r2_Mag_21Dec23_300SA_p01_19_1_14118,Released
1215958,"60920_8_T_3_WEOM_r1_Mag_21Dec23_300SA_p01_14_1_14034",Data needs to be reviewed,2023-12-22 13:40:28.000,SciMax01,"60920",https://proto-9.pnl.gov/SciMax01/2024_1/60920_8_T_3_WEOM_r1_Mag_21Dec23_300SA_p01_14_1_14034,Released
1340602,"60942_4_TOP_3_MAOM_r1_Mag_03Feb25_3p3kV_300SA_p01_9_1_22892","",2025-02-06 08:45:40.000,SciMax01,"60942",https://proto-9.pnl.gov/SciMax01/2025_1/60942_4_TOP_3_MAOM_r1_Mag_03Feb25_3p3kV_300SA_p01_9_1_22892,Released
1252873,"60881_4_B_1_WEOM_r2_Mag_01May24_300SA_p01_19_1_18153","",2024-05-04 15:25:40.000,SciMax01,"60881",https://proto-9.pnl.gov/SciMax01/2024_2/60881_4_B_1_WEOM_r2_Mag_01May24_300SA_p01_19_1_18153,Released
1235647,"60886_2_T_2_WEOM_r1_Mag_10Mar24_300SA_p01_8_1_17169",Buzzard: MONet,2024-03-12 08:41:08.000,SciMax01,"60886",https://proto-9.pnl.gov/SciMax01/2024_1/60886_2_T_2_WEOM_r1_Mag_10Mar24_300SA_p01_8_1_17169,Released
1217356,"60923_11_B_3_WEOM_r1_Mag_04Jan24_300SA_p01_30_1_14499",Buzzard: Use this data,2024-01-06 05:05:14.000,SciMax01,"60923",https://proto-9.pnl.gov/SciMax01/2024_1/60923_11_B_3_WEOM_r1_Mag_04Jan24_300SA_p01_30_1_14499,Released
1330858,"60933_2_BTM_2_MAOM_r1_Mag_05Jan25_3p3kV_300SA_p01_8_1_21623","",2025-01-06 03:32:59.000,SciMax01,"60933",https://proto-9.pnl.gov/SciMax01/2025_1/60933_2_BTM_2_MAOM_r1_Mag_05Jan25_3p3kV_300SA_p01_8_1_21623,Released
1340610,"60938_6_BTM_2_MAOM_r2_Mag_03Feb25_3p3kV_300SA_p01_39_1_22825","",2025-02-05 02:53:49.000,SciMax01,"60938",https://proto-9.pnl.gov/SciMax01/2025_1/60938_6_BTM_2_MAOM_r2_Mag_03Feb25_3p3kV_300SA_p01_39_1_22825,Released
1336130,"60923_19_TOP_2_MAOM_r1_Mag_22Jan25_3p3kV_300SA_p01_39_1_22205","",2025-01-22 15:05:43.000,SciMax01,"60923",https://proto-9.pnl.gov/SciMax01/2025_1/60923_19_TOP_2_MAOM_r1_Mag_22Jan25_3p3kV_300SA_p01_39_1_22205,Released
1217503,"60923_12_B_2_WEOM_r2_Mag_04Jan24_300SA_p01_4_1_14544",Buzzard: Use this data,2024-01-07 01:01:52.000,SciMax01,"60923",https://proto-9.pnl.gov/SciMax01/2024_1/60923_12_B_2_WEOM_r2_Mag_04Jan24_300SA_p01_4_1_14544,Released
1341821,"60881_4_TOP_1_MAOM_r1_Mag_10Feb25_3p3kV_300SA_p01_19_1_23218","",2025-02-13 21:34:35.000,SciMax01,"60881",https://proto-9.pnl.gov/SciMax01/2025_1/60881_4_TOP_1_MAOM_r1_Mag_10Feb25_3p3kV_300SA_p01_19_1_23218,Released
1217425,QC_SRFAII_20ppm_04Jan24_Mag_2w_8M_300SA_p01_54_1_14415,Buzzard: Use this data,2024-01-04 15:51:40.000,SciMax01,"60923",https://proto-9.pnl.gov/SciMax01/2024_1/QC_SRFAII_20ppm_04Jan24_Mag_2w_8M_300SA_p01_54_1_14415,Released
1336961,"60923_19_TOP_1_MAOM_r2_Mag_22Jan25_3p3kV_300SA_p01_38_1_22314","",2025-01-24 15:41:27.000,SciMax01,"60923",https://proto-9.pnl.gov/SciMax01/2025_1/60923_19_TOP_1_MAOM_r2_Mag_22Jan25_3p3kV_300SA_p01_38_1_22314,Released
1215963,"60920_11_T_2_WEOM_r2_Mag_21Dec23_300SA_p01_38_1_14104",Data needs to be reviewed,2023-12-24 21:49:14.000,SciMax01,"60920",https://proto-9.pnl.gov/SciMax01/2024_1/60920_11_T_2_WEOM_r2_Mag_21Dec23_300SA_p01_38_1_14104,Released
1032813,"1000S_SRFA_20ppm_run2_Fir_26Apr22_300SA_p01_1_1_3578","",2022-04-26 22:41:37.000,SciMax01,"60141",https://proto-9.pnl.gov/SciMax01/2022_2/1000S_SRFA_20ppm_run2_Fir_26Apr22_300SA_p01_1_1_3578,Released
1215792,"60920_4_B_1_WEOM_r2_Mag_21Dec23_300SA_p01_8_1_14065",Data needs to be reviewed,2023-12-23 03:24:49.000,SciMax01,"60920",https://proto-9.pnl.gov/SciMax01/2024_1/60920_4_B_1_WEOM_r2_Mag_21Dec23_300SA_p01_8_1_14065,Released
1234662,QC_SRFAII_23_01_10ppm_WEOM_r2_Mag_04Mar24_300SA_p01_54_1_16902,Buzzard: MONet,2024-03-06 16:03:06.000,SciMax01,"60923",https://proto-9.pnl.gov/SciMax01/2024_1/QC_SRFAII_23_01_10ppm_WEOM_r2_Mag_04Mar24_300SA_p01_54_1_16902,Released
1341289,"60932_4_BTM_2_MAOM_r2_Mag_10Feb25_3p3kV_300SA_p01_23_1_23109","",2025-02-11 20:58:15.000,SciMax01,"60932",https://proto-9.pnl.gov/SciMax01/2025_1/60932_4_BTM_2_MAOM_r2_Mag_10Feb25_3p3kV_300SA_p01_23_1_23109,Released
1252915,"60929_2_B_3_WEOM_r3_Mag_01May24_300SA_p01_48_1_18200","",2024-05-05 12:15:30.000,SciMax01,"60929",https://proto-9.pnl.gov/SciMax01/2024_2/60929_2_B_3_WEOM_r3_Mag_01May24_300SA_p01_48_1_18200,Released
1032643,"1000S_SRFA_20ppm_run1_Fir_22Apr22_300SA_p01_27_1_3384","",2022-04-23 17:08:30.000,SciMax01,"60141",https://proto-9.pnl.gov/SciMax01/2022_2/1000S_SRFA_20ppm_run1_Fir_22Apr22_300SA_p01_27_1_3384,Released
1340346,"60946_2_TOP_2_MAOM_r3_Mag_03Feb25_3p3kV_300SA_p01_36_1_23014","",2025-02-08 15:09:04.000,SciMax01,"60946",https://proto-9.pnl.gov/SciMax01/2025_1/60946_2_TOP_2_MAOM_r3_Mag_03Feb25_3p3kV_300SA_p01_36_1_23014,Released
1230659,"60932_5_B_2_WEOM_r3_Mag_24Feb24_300SA_p01_25_1_16012",Buzzard: MONet,2024-02-26 07:37:41.000,SciMax01,"60932",https://proto-9.pnl.gov/SciMax01/2024_1/60932_5_B_2_WEOM_r3_Mag_24Feb24_300SA_p01_25_1_16012,Released
1230829,"60932_6_T_3_WEOM_r1_Mag_21Feb24_300SA_p01_29_1_15885",Buzzard: MONet,2024-02-23 17:48:09.000,SciMax01,"60932",https://proto-9.pnl.gov/SciMax01/2024_1/60932_6_T_3_WEOM_r1_Mag_21Feb24_300SA_p01_29_1_15885,Released
1230877,"60921_3_T_2_WEOM_r3_Mag_21Feb24_300SA_p01_45_1_15504",Buzzard: MONet,2024-02-22 11:37:48.000,SciMax01,"60921",https://proto-9.pnl.gov/SciMax01/2024_1/60921_3_T_2_WEOM_r3_Mag_21Feb24_300SA_p01_45_1_15504,Released
1344828,"60929_2_TOP_3_MAOM_r2_Mag_19Feb25_3p3kV_300SA_p01_29_1_23517","",2025-02-23 01:46:48.000,SciMax01,"60929",https://proto-9.pnl.gov/SciMax01/2025_1/60929_2_TOP_3_MAOM_r2_Mag_19Feb25_3p3kV_300SA_p01_29_1_23517,Released
1230638,"60946_1_B_1_WEOM_r2_Mag_23Feb24_300SA_p01_41_1_16044",Buzzard: Monet,2024-02-26 21:48:37.000,SciMax01,"60946",https://proto-9.pnl.gov/SciMax01/2024_1/60946_1_B_1_WEOM_r2_Mag_23Feb24_300SA_p01_41_1_16044,Released
1345434,"60880_5_BTM_1_MAOM_r1_Mag_26Feb25_3p3kV_300SA_p01_38_1_23812","",2025-03-02 09:11:07.000,SciMax01,"60880",https://proto-9.pnl.gov/SciMax01/2025_1/60880_5_BTM_1_MAOM_r1_Mag_26Feb25_3p3kV_300SA_p01_38_1_23812,Released
1329094,"60923_1_BTM_2_MAOM_r3_Mag_27Dec24_3p3kV_300SA_p01_5_1_21272","",2024-12-29 14:45:27.000,SciMax01,"60923",https://proto-9.pnl.gov/SciMax01/2024_4/60923_1_BTM_2_MAOM_r3_Mag_27Dec24_3p3kV_300SA_p01_5_1_21272,Released
1337319,"60923_21_TOP_3_MAOM_r1_Mag_22Jan25_3p3kV_300SA_p01_3_1_22410","",2025-01-26 10:31:53.000,SciMax01,"60923",https://proto-9.pnl.gov/SciMax01/2025_1/60923_21_TOP_3_MAOM_r1_Mag_22Jan25_3p3kV_300SA_p01_3_1_22410,Released
1335274,"60933_15_BTM_2_MAOM_r2_Mag_13Jan25_3p3kV_300SA_p01_33_1_21846","",2025-01-15 11:14:37.000,SciMax01,"60933",https://proto-9.pnl.gov/SciMax01/2025_1/60933_15_BTM_2_MAOM_r2_Mag_13Jan25_3p3kV_300SA_p01_33_1_21846,Released
1231156,"60933_12_B_2_WEOM_r3_Mag_12Feb24_300SA_p01_11_1_15222",Buzzard: MONet,2024-02-16 07:12:01.000,SciMax01,"60933",https://proto-9.pnl.gov/SciMax01/2024_1/60933_12_B_2_WEOM_r3_Mag_12Feb24_300SA_p01_11_1_15222,Released
1335340,"60933_13_BTM_3_MAOM_r2_Mag_13Jan25_3p3kV_300SA_p01_22_1_21892","",2025-01-16 07:47:21.000,SciMax01,"60933",https://proto-9.pnl.gov/SciMax01/2025_1/60933_13_BTM_3_MAOM_r2_Mag_13Jan25_3p3kV_300SA_p01_22_1_21892,Released
1217453,"60923_3_T_2_WEOM_r2_Mag_04Jan24_300SA_p01_33_1_14546",Buzzard: Use this data,2024-01-07 01:55:08.000,SciMax01,"60923",https://proto-9.pnl.gov/SciMax01/2024_1/60923_3_T_2_WEOM_r2_Mag_04Jan24_300SA_p01_33_1_14546,Released
1220625,"60938_4_B_1_WEOM_r2_Mag_18Jan24_300SA_p01_22_1_14900",Buzzard: MONet,2024-01-22 12:36:42.000,SciMax01,"60938",https://proto-9.pnl.gov/SciMax01/2024_1/60938_4_B_1_WEOM_r2_Mag_18Jan24_300SA_p01_22_1_14900,Released
1340594,"60938_6_BTM_1_MAOM_r2_Mag_03Feb25_3p3kV_300SA_p01_38_1_22822","",2025-02-05 01:33:58.000,SciMax01,"60938",https://proto-9.pnl.gov/SciMax01/2025_1/60938_6_BTM_1_MAOM_r2_Mag_03Feb25_3p3kV_300SA_p01_38_1_22822,Released
1252913,"60881_4_T_2_WEOM_r3_Mag_01May24_300SA_p01_17_1_18240","",2024-05-06 05:59:08.000,SciMax01,"60881",https://proto-9.pnl.gov/SciMax01/2024_2/60881_4_T_2_WEOM_r3_Mag_01May24_300SA_p01_17_1_18240,Released
1231003,"60880_3_B_3_WEOM_r1_Mag_16Feb24_300SA_p01_31_1_15373",Buzzard: MONet,2024-02-19 12:19:05.000,SciMax01,"60880",https://proto-9.pnl.gov/SciMax01/2024_1/60880_3_B_3_WEOM_r1_Mag_16Feb24_300SA_p01_31_1_15373,Released
1330246,"60846_2_TOP_3_MAOM_r1_Mag_02Jan25_3p3kV_300SA_p01_3_1_21462","",2025-01-03 03:46:12.000,SciMax01,"60846",https://proto-9.pnl.gov/SciMax01/2025_1/60846_2_TOP_3_MAOM_r1_Mag_02Jan25_3p3kV_300SA_p01_3_1_21462,Released
1215855,"60920_9_T_3_WEOM_r1_Mag_21Dec23_300SA_p01_16_1_14036",Data needs to be reviewed,2023-12-22 14:33:40.000,SciMax01,"60920",https://proto-9.pnl.gov/SciMax01/2024_1/60920_9_T_3_WEOM_r1_Mag_21Dec23_300SA_p01_16_1_14036,Released
1217303,"60923_3_T_1_WEOM_r3_Mag_04Jan24_300SA_p01_5_1_14613",Buzzard: Use this data,2024-01-08 07:36:52.000,SciMax01,"60923",https://proto-9.pnl.gov/SciMax01/2024_1/60923_3_T_1_WEOM_r3_Mag_04Jan24_300SA_p01_5_1_14613,Released
1233036,"60923_21_T_2_WEOM_r1_Mag_04Mar24_300SA_p01_38_1_16822","",2024-03-05 04:35:54.000,SciMax01,"60923",https://proto-9.pnl.gov/SciMax01/2024_1/60923_21_T_2_WEOM_r1_Mag_04Mar24_300SA_p01_38_1_16822,Released
1216023,"60923_6_T_2_WEOM_r2_Mag_26Dec23_300SA_p01_39_1_14351",Buzzard: Data is fine but queue stopped over holiday week so need to shim cell and will run the queue again,2023-12-30 02:32:17.000,SciMax01,"60923",https://proto-9.pnl.gov/SciMax01/2024_1/60923_6_T_2_WEOM_r2_Mag_26Dec23_300SA_p01_39_1_14351,Released
1230931,"60880_4_T_1_WEOM_r3_Mag_16Feb24_300SA_p01_32_1_15449",Buzzard: MONet,2024-02-20 21:59:54.000,SciMax01,"60880",https://proto-9.pnl.gov/SciMax01/2024_1/60880_4_T_1_WEOM_r3_Mag_16Feb24_300SA_p01_32_1_15449,Released
1340343,"60942_5_TOP_1_MAOM_r3_Mag_03Feb25_3p3kV_300SA_p01_13_1_23013","",2025-02-08 14:42:06.000,SciMax01,"60942",https://proto-9.pnl.gov/SciMax01/2025_1/60942_5_TOP_1_MAOM_r3_Mag_03Feb25_3p3kV_300SA_p01_13_1_23013,Released
1335216,"60933_13_TOP_3_MAOM_r2_Mag_13Jan25_3p3kV_300SA_p01_19_1_21883","",2025-01-16 03:46:36.000,SciMax01,"60933",https://proto-9.pnl.gov/SciMax01/2025_1/60933_13_TOP_3_MAOM_r2_Mag_13Jan25_3p3kV_300SA_p01_19_1_21883,Released
1346469,"60921_2_BTM_2_MAOM_r1_Mag_26Feb25_3p3kV_300SA_p01_5_1_23934","",2025-03-05 12:40:20.000,SciMax01,"60921",https://proto-9.pnl.gov/SciMax01/2025_1/60921_2_BTM_2_MAOM_r1_Mag_26Feb25_3p3kV_300SA_p01_5_1_23934,Released
1231050,"60933_16_B_3_WEOM_r3_Mag_12Feb24_300SA_p01_36_1_15194",Buzzard: MONet,2024-02-15 18:47:27.000,SciMax01,"60933",https://proto-9.pnl.gov/SciMax01/2024_1/60933_16_B_3_WEOM_r3_Mag_12Feb24_300SA_p01_36_1_15194,Released
1330219,"60846_2_TOP_1_MAOM_r1_Mag_02Jan25_3p3kV_300SA_p01_1_1_21454","",2025-01-03 00:11:53.000,SciMax01,"60846",https://proto-9.pnl.gov/SciMax01/2025_1/60846_2_TOP_1_MAOM_r1_Mag_02Jan25_3p3kV_300SA_p01_1_1_21454,Released
1230964,"60880_2_T_2_WEOM_r2_Mag_16Feb24_300SA_p01_21_1_15394",Buzzard: MONet,2024-02-19 21:37:29.000,SciMax01,"60880",https://proto-9.pnl.gov/SciMax01/2024_1/60880_2_T_2_WEOM_r2_Mag_16Feb24_300SA_p01_21_1_15394,Released
1236348,"60886_5_B_1_WEOM_r3_Mag_10Mar24_300SA_p01_28_1_17235",Buzzard: MONet,2024-03-13 13:55:58.000,SciMax01,"60886",https://proto-9.pnl.gov/SciMax01/2024_1/60886_5_B_1_WEOM_r3_Mag_10Mar24_300SA_p01_28_1_17235,Released
1329052,"60923_5_BTM_1_MAOM_r3_Mag_27Dec24_3p3kV_300SA_p01_28_1_21309","",2024-12-30 07:15:47.000,SciMax01,"60923",https://proto-9.pnl.gov/SciMax01/2024_4/60923_5_BTM_1_MAOM_r3_Mag_27Dec24_3p3kV_300SA_p01_28_1_21309,Released
1340512,"60938_1_BTM_3_MAOM_r2_Mag_03Feb25_3p3kV_300SA_p01_6_1_22812","",2025-02-04 21:06:42.000,SciMax01,"60938",https://proto-9.pnl.gov/SciMax01/2025_1/60938_1_BTM_3_MAOM_r2_Mag_03Feb25_3p3kV_300SA_p01_6_1_22812,Released
1216050,QC_SRFAII_23_01_20ppm_r0_Mag_26Dec23_300SA_p01_54_1_14203,Buzzard: Data is fine but queue stopped over holiday week so need to shim cell and will run the queue again,2023-12-27 08:56:54.000,SciMax01,"60923",https://proto-9.pnl.gov/SciMax01/2024_1/QC_SRFAII_23_01_20ppm_r0_Mag_26Dec23_300SA_p01_54_1_14203,Released
1230629,"60946_2_B_1_WEOM_r2_Mag_23Feb24_300SA_p01_36_1_16049",Buzzard: Monet,2024-02-27 00:01:35.000,SciMax01,"60946",https://proto-9.pnl.gov/SciMax01/2024_1/60946_2_B_1_WEOM_r2_Mag_23Feb24_300SA_p01_36_1_16049,Released
1216035,"60923_2_T_1_WEOM_r1_Mag_26Dec23_300SA_p01_3_1_14235",Buzzard: Data is fine but queue stopped over holiday week so need to shim cell and will run the queue again,2023-12-27 23:07:45.000,SciMax01,"60923",https://proto-9.pnl.gov/SciMax01/2024_1/60923_2_T_1_WEOM_r1_Mag_26Dec23_300SA_p01_3_1_14235,Released
1330555,"60846_17_BTM_2_MAOM_r2_Mag_02Jan25_3p3kV_300SA_p01_33_1_21486","",2025-01-03 14:28:42.000,SciMax01,"60846",https://proto-9.pnl.gov/SciMax01/2025_1/60846_17_BTM_2_MAOM_r2_Mag_02Jan25_3p3kV_300SA_p01_33_1_21486,Released
1230878,"60921_4_B_1_WEOM_r1_Mag_21Feb24_300SA_p01_2_1_15463",Buzzard: MONet,2024-02-21 17:27:36.000,SciMax01,"60921",https://proto-9.pnl.gov/SciMax01/2024_1/60921_4_B_1_WEOM_r1_Mag_21Feb24_300SA_p01_2_1_15463,Released
1329099,"60923_5_TOP_2_MAOM_r1_Mag_27Dec24_3p3kV_300SA_p01_26_1_21177","",2024-12-27 20:24:36.000,SciMax01,"60923",https://proto-9.pnl.gov/SciMax01/2024_4/60923_5_TOP_2_MAOM_r1_Mag_27Dec24_3p3kV_300SA_p01_26_1_21177,Released
1252836,"60929_2_T_2_WEOM_r2_Mag_01May24_300SA_p01_44_1_18137","",2024-05-04 08:20:09.000,SciMax01,"60929",https://proto-9.pnl.gov/SciMax01/2024_2/60929_2_T_2_WEOM_r2_Mag_01May24_300SA_p01_44_1_18137,Released
1220617,"60933_9_T_2_WEOM_r1_Mag_18Jan24_300SA_p01_44_1_14735",Buzzard: MONet,2024-01-19 11:28:59.000,SciMax01,"60933",https://proto-9.pnl.gov/SciMax01/2024_1/60933_9_T_2_WEOM_r1_Mag_18Jan24_300SA_p01_44_1_14735,Released
1330017,"60880_1_BTM_1_MAOM_r1_Mag_02Jan25_3p3kV_300SA_p01_38_1_21436","",2025-01-02 16:10:19.000,SciMax01,"60880",https://proto-9.pnl.gov/SciMax01/2025_1/60880_1_BTM_1_MAOM_r1_Mag_02Jan25_3p3kV_300SA_p01_38_1_21436,Released
1235635,"60886_3_T_2_WEOM_r1_Mag_10Mar24_300SA_p01_14_1_17172",Buzzard: MONet,2024-03-12 10:00:54.000,SciMax01,"60886",https://proto-9.pnl.gov/SciMax01/2024_1/60886_3_T_2_WEOM_r1_Mag_10Mar24_300SA_p01_14_1_17172,Released
1253682,"60940_2_B_1_WEOM_r1_Mag_10May24_300SA_p01_10_1_18298","",2024-05-11 07:47:26.000,SciMax01,"60940",https://proto-9.pnl.gov/SciMax01/2024_2/60940_2_B_1_WEOM_r1_Mag_10May24_300SA_p01_10_1_18298,Released
1344826,"60942_1_BTM_2_MAOM_r3_Mag_19Feb25_3p3kV_300SA_p01_11_1_23566","",2025-02-24 18:12:01.000,SciMax01,"60942",https://proto-9.pnl.gov/SciMax01/2025_1/60942_1_BTM_2_MAOM_r3_Mag_19Feb25_3p3kV_300SA_p01_11_1_23566,Released
1217307,"60923_2_T_1_WEOM_r1_Mag_04Jan24_300SA_p01_3_1_14449",Buzzard: Use this data,2024-01-05 06:55:45.000,SciMax01,"60923",https://proto-9.pnl.gov/SciMax01/2024_1/60923_2_T_1_WEOM_r1_Mag_04Jan24_300SA_p01_3_1_14449,Released
1253628,"60940_2_T_2_WEOM_r2_Mag_10May24_300SA_p01_8_1_18324","",2024-05-11 19:18:48.000,SciMax01,"60940",https://proto-9.pnl.gov/SciMax01/2024_2/60940_2_T_2_WEOM_r2_Mag_10May24_300SA_p01_8_1_18324,Released
1230893,"60921_3_T_2_WEOM_r1_Mag_21Feb24_300SA_p01_45_1_15471",Buzzard: MONet,2024-02-21 21:00:19.000,SciMax01,"60921",https://proto-9.pnl.gov/SciMax01/2024_1/60921_3_T_2_WEOM_r1_Mag_21Feb24_300SA_p01_45_1_15471,Released
1233049,QC_SRFAII_23_01_10ppm_WEOM_r1_Mag_04Mar24_300SA_p01_54_1_16792,"",2024-03-04 15:18:12.000,SciMax01,"60923",https://proto-9.pnl.gov/SciMax01/2024_1/QC_SRFAII_23_01_10ppm_WEOM_r1_Mag_04Mar24_300SA_p01_54_1_16792,Released
1220647,"60933_2_T_1_WEOM_r3_Mag_18Jan24_300SA_p01_4_1_14938",Buzzard: MONet,2024-01-23 05:27:09.000,SciMax01,"60933",https://proto-9.pnl.gov/SciMax01/2024_1/60933_2_T_1_WEOM_r3_Mag_18Jan24_300SA_p01_4_1_14938,Released
1337907,"60886_2_BTM_1_MAOM_r3_Mag_22Jan25_3p3kV_300SA_p01_16_1_22536","",2025-01-28 18:55:18.000,SciMax01,"60886",https://proto-9.pnl.gov/SciMax01/2025_1/60886_2_BTM_1_MAOM_r3_Mag_22Jan25_3p3kV_300SA_p01_16_1_22536,Released
1032774,"1000S_SRFA_20ppm_run2_Fir_22Apr22_300SA_p01_89_1_3446","",2022-04-24 15:50:27.000,SciMax01,"60141",https://proto-9.pnl.gov/SciMax01/2022_2/1000S_SRFA_20ppm_run2_Fir_22Apr22_300SA_p01_89_1_3446,Released
1340590,"60938_5_TOP_1_MAOM_r2_Mag_03Feb25_3p3kV_300SA_p01_29_1_22842","",2025-02-05 10:28:45.000,SciMax01,"60938",https://proto-9.pnl.gov/SciMax01/2025_1/60938_5_TOP_1_MAOM_r2_Mag_03Feb25_3p3kV_300SA_p01_29_1_22842,Released
1215804,"60920_4_B_3_WEOM_r1_Mag_21Dec23_300SA_p01_8_1_14056",Data needs to be reviewed,2023-12-22 23:25:28.000,SciMax01,"60920",https://proto-9.pnl.gov/SciMax01/2024_1/60920_4_B_3_WEOM_r1_Mag_21Dec23_300SA_p01_8_1_14056,Released
1165429,MONet_Test_QC_SRFAII_10ppm_Fir_r1_07Jul23_300SA_p1_12_1_8741,Buzzard: Just testing samples tubes,2023-07-07 18:09:26.000,"15T_FTICR_I","60141",https://proto-9.pnl.gov/15T_FTICR_I/2023_3/MONet_Test_QC_SRFAII_10ppm_Fir_r1_07Jul23_300SA_p1_12_1_8741,Released
1346034,"60880_6_BTM_2_MAOM_r3_Mag_26Feb25_3p3kV_300SA_p01_45_1_23900","",2025-03-04 00:25:50.000,SciMax01,"60880",https://proto-9.pnl.gov/SciMax01/2025_1/60880_6_BTM_2_MAOM_r3_Mag_26Feb25_3p3kV_300SA_p01_45_1_23900,Released
1236260,"60942_1_T_1_WEOM_r1_Mag_07Mar24_300SA_p01_1_1_16994",Buzzard: MONet,2024-03-08 09:22:36.000,SciMax01,"60942",https://proto-9.pnl.gov/SciMax01/2024_1/60942_1_T_1_WEOM_r1_Mag_07Mar24_300SA_p01_1_1_16994,Released
1216145,"60923_13_B_3_WEOM_r1_Mag_26Dec23_300SA_p01_34_1_14265",Buzzard: Data is fine but queue stopped over holiday week so need to shim cell and will run the queue again,2023-12-28 12:25:28.000,SciMax01,"60923",https://proto-9.pnl.gov/SciMax01/2024_1/60923_13_B_3_WEOM_r1_Mag_26Dec23_300SA_p01_34_1_14265,Released
1336916,"60923_13_BTM_2_MAOM_r2_Mag_22Jan25_3p3kV_300SA_p01_2_1_22302","",2025-01-24 10:20:26.000,SciMax01,"60923",https://proto-9.pnl.gov/SciMax01/2025_1/60923_13_BTM_2_MAOM_r2_Mag_22Jan25_3p3kV_300SA_p01_2_1_22302,Released
1340277,"60942_5_TOP_2_MAOM_r2_Mag_03Feb25_3p3kV_300SA_p01_14_1_22988","",2025-02-08 03:33:32.000,SciMax01,"60942",https://proto-9.pnl.gov/SciMax01/2025_1/60942_5_TOP_2_MAOM_r2_Mag_03Feb25_3p3kV_300SA_p01_14_1_22988,Released
1341868,"60881_5_BTM_2_MAOM_r1_Mag_10Feb25_3p3kV_300SA_p01_29_1_23230","",2025-02-14 02:56:23.000,SciMax01,"60881",https://proto-9.pnl.gov/SciMax01/2025_1/60881_5_BTM_2_MAOM_r1_Mag_10Feb25_3p3kV_300SA_p01_29_1_23230,Released
1230968,"60880_3_T_3_WEOM_r3_Mag_16Feb24_300SA_p01_28_1_15426",Buzzard: MONet,2024-02-20 11:48:17.000,SciMax01,"60880",https://proto-9.pnl.gov/SciMax01/2024_1/60880_3_T_3_WEOM_r3_Mag_16Feb24_300SA_p01_28_1_15426,Released
1328883,"60921_1_BTM_Combo_WEOM_r3_Mag_23Dec24_3p3kV_300SA_p01_50_1_21022",Buzzard: combo samples,2024-12-23 11:42:25.000,SciMax01,"60921",https://proto-9.pnl.gov/SciMax01/2024_4/60921_1_BTM_Combo_WEOM_r3_Mag_23Dec24_3p3kV_300SA_p01_50_1_21022,Released
1217492,"60923_13_B_2_WEOM_r3_Mag_04Jan24_300SA_p01_6_1_14631",Buzzard: Use this data,2024-01-08 15:35:30.000,SciMax01,"60923",https://proto-9.pnl.gov/SciMax01/2024_1/60923_13_B_2_WEOM_r3_Mag_04Jan24_300SA_p01_6_1_14631,Released
1230639,"60946_1_T_3_WEOM_r2_Mag_23Feb24_300SA_p01_40_1_16041",Buzzard: Monet,2024-02-26 20:28:51.000,SciMax01,"60946",https://proto-9.pnl.gov/SciMax01/2024_1/60946_1_T_3_WEOM_r2_Mag_23Feb24_300SA_p01_40_1_16041,Released
1221018,QC_SRFAII_23_01_20ppm_r1_Mag_18Jan24_300SA_p01_54_1_14715,Buzzard: MONet,2024-01-19 02:37:11.000,SciMax01,"60933",https://proto-9.pnl.gov/SciMax01/2024_1/QC_SRFAII_23_01_20ppm_r1_Mag_18Jan24_300SA_p01_54_1_14715,Released
1342070,"60881_6_TOP_1_MAOM_r3_Mag_10Feb25_3p3kV_300SA_p01_31_1_23292","",2025-02-15 06:34:42.000,SciMax01,"60881",https://proto-9.pnl.gov/SciMax01/2025_1/60881_6_TOP_1_MAOM_r3_Mag_10Feb25_3p3kV_300SA_p01_31_1_23292,Released
1180795,"60921_2_B_3_WEOM_1w_17_1_13408",Buzzard: 1w; Data needs to be reviewed,2023-08-30 02:15:59.000,SciMax01,"60921",https://proto-9.pnl.gov/SciMax01/2023_3/60921_2_B_3_WEOM_1w_17_1_13408,Released
1335360,"60933_11_BTM_3_MAOM_r3_Mag_13Jan25_3p3kV_300SA_p01_6_1_21918","",2025-01-16 19:22:25.000,SciMax01,"60933",https://proto-9.pnl.gov/SciMax01/2025_1/60933_11_BTM_3_MAOM_r3_Mag_13Jan25_3p3kV_300SA_p01_6_1_21918,Released
1340615,"60938_6_TOP_3_MAOM_r1_Mag_03Feb25_3p3kV_300SA_p01_37_1_22753","",2025-02-03 18:48:37.000,SciMax01,"60938",https://proto-9.pnl.gov/SciMax01/2025_1/60938_6_TOP_3_MAOM_r1_Mag_03Feb25_3p3kV_300SA_p01_37_1_22753,Released
1329769,"60880_4_BTM_2_MAOM_r2_Mag_27Dec24_3p3kV_300SA_p01_11_1_21386","",2024-12-31 17:33:41.000,SciMax01,"60880",https://proto-9.pnl.gov/SciMax01/2024_4/60880_4_BTM_2_MAOM_r2_Mag_27Dec24_3p3kV_300SA_p01_11_1_21386,Released
1230707,"60932_2_T_3_WEOM_r3_Mag_24Feb24_300SA_p01_5_1_16000",Buzzard: MONet,2024-02-26 02:18:35.000,SciMax01,"60932",https://proto-9.pnl.gov/SciMax01/2024_1/60932_2_T_3_WEOM_r3_Mag_24Feb24_300SA_p01_5_1_16000,Released
1344835,"60942_3_TOP_3_MAOM_r3_Mag_19Feb25_3p3kV_300SA_p01_21_1_23552","",2025-02-23 17:24:03.000,SciMax01,"60942",https://proto-9.pnl.gov/SciMax01/2025_1/60942_3_TOP_3_MAOM_r3_Mag_19Feb25_3p3kV_300SA_p01_21_1_23552,Released
1345055,"60920_6_BTM_1_MAOM_r3_Mag_19Feb25_3p3kV_300SA_p01_34_1_23461","",2025-02-22 00:47:54.000,SciMax01,"60920",https://proto-9.pnl.gov/SciMax01/2025_1/60920_6_BTM_1_MAOM_r3_Mag_19Feb25_3p3kV_300SA_p01_34_1_23461,Released
1341337,"60932_5_BTM_1_MAOM_r2_Mag_10Feb25_3p3kV_300SA_p01_32_1_23130","",2025-02-12 06:20:41.000,SciMax01,"60932",https://proto-9.pnl.gov/SciMax01/2025_1/60932_5_BTM_1_MAOM_r2_Mag_10Feb25_3p3kV_300SA_p01_32_1_23130,Released
1272533,"60923_2_B_2_MAOM_r2_Mag_04Jul24_300SA_p01_11_1_19387",Buzzard: testing MAOM samples before the move,2024-07-04 14:26:39.000,SciMax01,"60923",https://proto-9.pnl.gov/SciMax01/2024_3/60923_2_B_2_MAOM_r2_Mag_04Jul24_300SA_p01_11_1_19387,Released
1220536,"60933_4_B_2_WEOM_r3_Mag_18Jan24_300SA_p01_20_1_14913",Buzzard: MONet,2024-01-22 18:22:21.000,SciMax01,"60933",https://proto-9.pnl.gov/SciMax01/2024_1/60933_4_B_2_WEOM_r3_Mag_18Jan24_300SA_p01_20_1_14913,Released
1233009,"60923_16_T_2_WEOM_r1_Mag_04Mar24_300SA_p01_8_1_16839","",2024-03-05 12:07:56.000,SciMax01,"60923",https://proto-9.pnl.gov/SciMax01/2024_1/60923_16_T_2_WEOM_r1_Mag_04Mar24_300SA_p01_8_1_16839,Released
1336427,"60923_13_BTM_2_MAOM_r1_Mag_22Jan25_3p3kV_300SA_p01_2_1_22242","",2025-01-23 07:35:10.000,SciMax01,"60923",https://proto-9.pnl.gov/SciMax01/2025_1/60923_13_BTM_2_MAOM_r1_Mag_22Jan25_3p3kV_300SA_p01_2_1_22242,Released
1479839,QC_SRFAII_old_end_05Mar26_Fir_54_1_32463,Buzzard: Testing Gilson,2026-03-05 22:04:19.000,SciMax01,"61050",https://proto-9.pnl.gov/SciMax01/2026_1/QC_SRFAII_old_end_05Mar26_Fir_54_1_32463,Released
1337984,"60933_19_BTM_2_MAOM_r1_Mag_29Jan25_3p3kV_300SA_p01_11_1_22556","",2025-01-29 03:50:15.000,SciMax01,"60933",https://proto-9.pnl.gov/SciMax01/2025_1/60933_19_BTM_2_MAOM_r1_Mag_29Jan25_3p3kV_300SA_p01_11_1_22556,Released
1253622,"60940_1_T_1_WEOM_r1_Mag_10May24_300SA_p01_1_1_18282","",2024-05-11 00:41:58.000,SciMax01,"60940",https://proto-9.pnl.gov/SciMax01/2024_2/60940_1_T_1_WEOM_r1_Mag_10May24_300SA_p01_1_1_18282,Released
1230959,"60880_3_T_1_WEOM_r2_Mag_16Feb24_300SA_p01_26_1_15417",Buzzard: MONet,2024-02-20 07:49:00.000,SciMax01,"60880",https://proto-9.pnl.gov/SciMax01/2024_1/60880_3_T_1_WEOM_r2_Mag_16Feb24_300SA_p01_26_1_15417,Released
1252774,QC_SRFAII_23_01_10ppm_WEOM_r1_Mag_01May24_300SA_p01_54_1_18086,"",2024-05-03 09:44:06.000,SciMax01,"60881",https://proto-9.pnl.gov/SciMax01/2024_2/QC_SRFAII_23_01_10ppm_WEOM_r1_Mag_01May24_300SA_p01_54_1_18086,Released
1335217,"60933_12_BTM_3_MAOM_r3_Mag_13Jan25_3p3kV_300SA_p01_12_1_21915","",2025-01-16 18:02:03.000,SciMax01,"60933",https://proto-9.pnl.gov/SciMax01/2025_1/60933_12_BTM_3_MAOM_r3_Mag_13Jan25_3p3kV_300SA_p01_12_1_21915,Released
1231218,"60933_12_B_3_WEOM_r3_Mag_12Feb24_300SA_p01_12_1_15170",Buzzard: MONet,2024-02-15 08:09:18.000,SciMax01,"60933",https://proto-9.pnl.gov/SciMax01/2024_1/60933_12_B_3_WEOM_r3_Mag_12Feb24_300SA_p01_12_1_15170,Released
1180753,QC_SRFA_2_2023_01_54_1_13307,Buzzard: QC's and Blanks,2023-08-26 11:15:46.000,SciMax01,"60141",https://proto-9.pnl.gov/SciMax01/2023_3/QC_SRFA_2_2023_01_54_1_13307,Released
1217377,"60923_3_T_3_WEOM_r3_Mag_04Jan24_300SA_p01_13_1_14674",Buzzard: Use this data,2024-01-09 10:38:53.000,SciMax01,"60923",https://proto-9.pnl.gov/SciMax01/2024_1/60923_3_T_3_WEOM_r3_Mag_04Jan24_300SA_p01_13_1_14674,Released
1230813,"60932_3_T_2_WEOM_r2_Mag_21Feb24_300SA_p01_10_1_15900",Buzzard: MONet,2024-02-24 00:26:58.000,SciMax01,"60932",https://proto-9.pnl.gov/SciMax01/2024_1/60932_3_T_2_WEOM_r2_Mag_21Feb24_300SA_p01_10_1_15900,Released
1335252,"60933_15_BTM_2_MAOM_r3_Mag_13Jan25_3p3kV_300SA_p01_33_1_21957","",2025-01-17 12:46:37.000,SciMax01,"60933",https://proto-9.pnl.gov/SciMax01/2025_1/60933_15_BTM_2_MAOM_r3_Mag_13Jan25_3p3kV_300SA_p01_33_1_21957,Released
1253655,"60940_4_B_2_WEOM_r1_Mag_10May24_300SA_p01_20_1_18296","",2024-05-11 06:54:15.000,SciMax01,"60940",https://proto-9.pnl.gov/SciMax01/2024_2/60940_4_B_2_WEOM_r1_Mag_10May24_300SA_p01_20_1_18296,Released
1329003,"60920_9_BTM_2_MAOM_r3_Mag_23Dec24_3p3kV_300SA_p01_43_1_21139","",2024-12-25 15:51:50.000,SciMax01,"60920",https://proto-9.pnl.gov/SciMax01/2024_4/60920_9_BTM_2_MAOM_r3_Mag_23Dec24_3p3kV_300SA_p01_43_1_21139,Released
1217293,"60923_8_T_1_WEOM_r1_Mag_04Jan24_300SA_p01_15_1_14446",Buzzard: Use this data,2024-01-05 05:36:00.000,SciMax01,"60923",https://proto-9.pnl.gov/SciMax01/2024_1/60923_8_T_1_WEOM_r1_Mag_04Jan24_300SA_p01_15_1_14446,Released
1338864,"60923_11_BTM_2_MAOM_r3_Mag_29Jan25_3p3kV_300SA_p01_39_1_22715","",2025-02-01 02:43:48.000,SciMax01,"60923",https://proto-9.pnl.gov/SciMax01/2025_1/60923_11_BTM_2_MAOM_r3_Mag_29Jan25_3p3kV_300SA_p01_39_1_22715,Released
1338463,"60923_11_BTM_1_MAOM_r2_Mag_29Jan25_3p3kV_300SA_p01_38_1_22624","",2025-01-30 10:09:23.000,SciMax01,"60923",https://proto-9.pnl.gov/SciMax01/2025_1/60923_11_BTM_1_MAOM_r2_Mag_29Jan25_3p3kV_300SA_p01_38_1_22624,Released
1235661,"60942_3_B_3_WEOM_r1_Mag_07Mar24_300SA_p01_17_1_16981",Buzzard: MONet,2024-03-08 03:36:56.000,SciMax01,"60942",https://proto-9.pnl.gov/SciMax01/2024_1/60942_3_B_3_WEOM_r1_Mag_07Mar24_300SA_p01_17_1_16981,Released
1489508,"20260410_QC_SRFAII_A_r1_Mag_53_1_32641","",2026-04-10 14:26:03.000,SciMax01,"61050",https://proto-9.pnl.gov/SciMax01/2026_2/20260410_QC_SRFAII_A_r1_Mag_53_1_32641,Released
1217305,"60923_12_B_1_WEOM_r3_Mag_04Jan24_300SA_p01_24_1_14627",Buzzard: Use this data,2024-01-08 13:49:10.000,SciMax01,"60923",https://proto-9.pnl.gov/SciMax01/2024_1/60923_12_B_1_WEOM_r3_Mag_04Jan24_300SA_p01_24_1_14627,Released
1180813,"60881_2_T_3_BLANK_1w_12_1_13403",Buzzard: 1w,2023-08-30 00:03:01.000,SciMax01,"60881",https://proto-9.pnl.gov/SciMax01/2023_3/60881_2_T_3_BLANK_1w_12_1_13403,Released
1341267,"60932_1_BTM_3_MAOM_r2_Mag_10Feb25_3p3kV_300SA_p01_6_1_23101","",2025-02-11 17:24:17.000,SciMax01,"60932",https://proto-9.pnl.gov/SciMax01/2025_1/60932_1_BTM_3_MAOM_r2_Mag_10Feb25_3p3kV_300SA_p01_6_1_23101,Released
1314798,"60923_13_BTM_3_WEOM_r1_Mag_01Nov24_3p3kV_p01_10_1_20088",Buzzard: Testing response after Instrument cell clean and lab move,2024-11-01 20:38:45.000,SciMax01,"60938",https://proto-9.pnl.gov/SciMax01/2024_4/60923_13_BTM_3_WEOM_r1_Mag_01Nov24_3p3kV_p01_10_1_20088,Released
1340584,"60938_6_BTM_1_MAOM_r1_Mag_03Feb25_3p3kV_300SA_p01_38_1_22781","",2025-02-04 07:17:08.000,SciMax01,"60938",https://proto-9.pnl.gov/SciMax01/2025_1/60938_6_BTM_1_MAOM_r1_Mag_03Feb25_3p3kV_300SA_p01_38_1_22781,Released
1338062,"60923_11_TOP_3_MAOM_r3_Mag_13Jan25_3p3kV_300SA_p01_36_1_22116","",2025-01-20 16:35:03.000,SciMax01,"60923",https://proto-9.pnl.gov/SciMax01/2025_1/60923_11_TOP_3_MAOM_r3_Mag_13Jan25_3p3kV_300SA_p01_36_1_22116,Released
1220657,"60933_10_T_2_WEOM_r1_Mag_18Jan24_300SA_p01_47_1_14730",Buzzard: MONet,2024-01-19 09:16:03.000,SciMax01,"60933",https://proto-9.pnl.gov/SciMax01/2024_1/60933_10_T_2_WEOM_r1_Mag_18Jan24_300SA_p01_47_1_14730,Released
1344870,"60942_3_TOP_1_MAOM_r1_Mag_19Feb25_3p3kV_300SA_p01_19_1_23497","",2025-02-22 16:50:42.000,SciMax01,"60942",https://proto-9.pnl.gov/SciMax01/2025_1/60942_3_TOP_1_MAOM_r1_Mag_19Feb25_3p3kV_300SA_p01_19_1_23497,Released
1231252,"60933_17_T_3_WEOM_r1_Mag_12Feb24_300SA_p01_39_1_15035",Buzzard: MONet,2024-02-12 20:11:36.000,SciMax01,"60933",https://proto-9.pnl.gov/SciMax01/2024_1/60933_17_T_3_WEOM_r1_Mag_12Feb24_300SA_p01_39_1_15035,Released
1230757,QC_SRFAII_23_01_10ppm_r3_Mag_24Feb24_300SA_p01_54_1_15974,Buzzard: MONet,2024-02-25 14:47:16.000,SciMax01,"60932",https://proto-9.pnl.gov/SciMax01/2024_1/QC_SRFAII_23_01_10ppm_r3_Mag_24Feb24_300SA_p01_54_1_15974,Released
1216056,"60923_4_B_1_WEOM_r2_Mag_26Dec23_300SA_p01_8_1_14304",Buzzard: Data is fine but queue stopped over holiday week so need to shim cell and will run the queue again,2023-12-29 05:42:32.000,SciMax01,"60923",https://proto-9.pnl.gov/SciMax01/2024_1/60923_4_B_1_WEOM_r2_Mag_26Dec23_300SA_p01_8_1_14304,Released
1180817,"60881_1_T_3_WEOM_1w_3_1_13393",Buzzard: 1w; Data needs to be reviewed,2023-08-29 19:37:09.000,SciMax01,"60881",https://proto-9.pnl.gov/SciMax01/2023_3/60881_1_T_3_WEOM_1w_3_1_13393,Released
1349536,"60933_4_TOP_2_MAOM_r3_Mag_20Jan25_3p3kV_300SA_p01_17_1_22175","",2025-01-21 18:52:23.000,SciMax01,"60933",https://proto-9.pnl.gov/SciMax01/2025_1/60933_4_TOP_2_MAOM_r3_Mag_20Jan25_3p3kV_300SA_p01_17_1_22175,Released
1340421,"60946_2_TOP_3_MAOM_r3_Mag_03Feb25_3p3kV_300SA_p01_37_1_23035","",2025-02-09 00:30:31.000,SciMax01,"60946",https://proto-9.pnl.gov/SciMax01/2025_1/60946_2_TOP_3_MAOM_r3_Mag_03Feb25_3p3kV_300SA_p01_37_1_23035,Released
1216195,QC_SRFAII_23_01_20ppm_r2_Mag_26Dec23_300SA_p01_52_1_14361,Buzzard: Data is fine but queue stopped over holiday week so need to shim cell and will run the queue again,2023-12-30 06:58:12.000,SciMax01,"60923",https://proto-9.pnl.gov/SciMax01/2024_1/QC_SRFAII_23_01_20ppm_r2_Mag_26Dec23_300SA_p01_52_1_14361,Released
1217270,"60923_12_B_3_WEOM_r3_Mag_04Jan24_300SA_p01_32_1_14678",Buzzard: Use this data,2024-01-09 12:25:15.000,SciMax01,"60923",https://proto-9.pnl.gov/SciMax01/2024_1/60923_12_B_3_WEOM_r3_Mag_04Jan24_300SA_p01_32_1_14678,Released
1215996,"60920_4_B_3_WEOM_r3_Mag_21Dec23_300SA_p01_8_1_14181",Data needs to be reviewed,2023-12-26 07:56:45.000,SciMax01,"60920",https://proto-9.pnl.gov/SciMax01/2024_1/60920_4_B_3_WEOM_r3_Mag_21Dec23_300SA_p01_8_1_14181,Released
1090564,"1000s_SRFAII_20ppm_08_25Oct22_Mag_300SA_p01_102_1_7015","",2022-10-28 13:30:54.000,SciMax01,"60141",https://proto-9.pnl.gov/SciMax01/2022_4/1000s_SRFAII_20ppm_08_25Oct22_Mag_300SA_p01_102_1_7015,Released
1272530,"60923_3_B_2_MAOM_r1_Mag_03Jul24_300SA_p01_17_1_19371",Buzzard: testing MAOM samples before the move,2024-07-04 01:09:54.000,SciMax01,"60923",https://proto-9.pnl.gov/SciMax01/2024_3/60923_3_B_2_MAOM_r1_Mag_03Jul24_300SA_p01_17_1_19371,Released
1215965,"60920_7_T_3_WEOM_r2_Mag_21Dec23_300SA_p01_13_1_14116",Data needs to be reviewed,2023-12-25 03:08:20.000,SciMax01,"60920",https://proto-9.pnl.gov/SciMax01/2024_1/60920_7_T_3_WEOM_r2_Mag_21Dec23_300SA_p01_13_1_14116,Released
1217263,"60923_4_T_3_WEOM_r1_Mag_04Jan24_300SA_p01_15_1_14488",Buzzard: Use this data,2024-01-06 00:12:43.000,SciMax01,"60923",https://proto-9.pnl.gov/SciMax01/2024_1/60923_4_T_3_WEOM_r1_Mag_04Jan24_300SA_p01_15_1_14488,Released
1328829,"60940_1_BTM_3_MAOM_r1_Mag_19Dec24_3p3kV_300SA_p01_6_1_21000","",2024-12-20 11:25:27.000,SciMax01,"60940",https://proto-9.pnl.gov/SciMax01/2024_4/60940_1_BTM_3_MAOM_r1_Mag_19Dec24_3p3kV_300SA_p01_6_1_21000,Released
1252794,"60929_2_B_2_WEOM_r1_Mag_01May24_300SA_p01_47_1_18081","",2024-05-03 07:31:08.000,SciMax01,"60929",https://proto-9.pnl.gov/SciMax01/2024_2/60929_2_B_2_WEOM_r1_Mag_01May24_300SA_p01_47_1_18081,Released
1220984,"60938_3_T_1_WEOM_r3_Mag_18Jan24_300SA_p01_13_1_15007",Buzzard: MONet,2024-01-24 12:01:56.000,SciMax01,"60938",https://proto-9.pnl.gov/SciMax01/2024_1/60938_3_T_1_WEOM_r3_Mag_18Jan24_300SA_p01_13_1_15007,Released
1328980,"60940_4_BTM_2_MAOM_r3_Mag_23Dec24_3p3kV_300SA_p01_23_1_21105","",2024-12-25 00:41:52.000,SciMax01,"60940",https://proto-9.pnl.gov/SciMax01/2024_4/60940_4_BTM_2_MAOM_r3_Mag_23Dec24_3p3kV_300SA_p01_23_1_21105,Released
1230946,"60880_3_B_1_WEOM_r3_Mag_16Feb24_300SA_p01_29_1_15430",Buzzard: MONet,2024-02-20 13:34:40.000,SciMax01,"60880",https://proto-9.pnl.gov/SciMax01/2024_1/60880_3_B_1_WEOM_r3_Mag_16Feb24_300SA_p01_29_1_15430,Released
1340591,"60938_5_BTM_3_MAOM_r3_Mag_03Feb25_3p3kV_300SA_p01_34_1_22870","",2025-02-05 22:57:06.000,SciMax01,"60938",https://proto-9.pnl.gov/SciMax01/2025_1/60938_5_BTM_3_MAOM_r3_Mag_03Feb25_3p3kV_300SA_p01_34_1_22870,Released
1217257,"60923_11_B_2_WEOM_r3_Mag_04Jan24_300SA_p01_2_1_14646",Buzzard: Use this data,2024-01-08 22:14:22.000,SciMax01,"60923",https://proto-9.pnl.gov/SciMax01/2024_1/60923_11_B_2_WEOM_r3_Mag_04Jan24_300SA_p01_2_1_14646,Released
1236288,"60886_5_B_3_WEOM_r3_Mag_10Mar24_300SA_p01_30_1_17265",Buzzard: MONet,2024-03-14 03:13:40.000,SciMax01,"60886",https://proto-9.pnl.gov/SciMax01/2024_1/60886_5_B_3_WEOM_r3_Mag_10Mar24_300SA_p01_30_1_17265,Released
1339993,"60942_5_TOP_1_MAOM_r1_Mag_03Feb25_3p3kV_300SA_p01_13_1_22934","",2025-02-07 03:28:48.000,SciMax01,"60942",https://proto-9.pnl.gov/SciMax01/2025_1/60942_5_TOP_1_MAOM_r1_Mag_03Feb25_3p3kV_300SA_p01_13_1_22934,Released
1336986,"60923_15_TOP_3_MAOM_r3_Mag_22Jan25_3p3kV_300SA_p01_12_1_22317","",2025-01-24 17:01:49.000,SciMax01,"60923",https://proto-9.pnl.gov/SciMax01/2025_1/60923_15_TOP_3_MAOM_r3_Mag_22Jan25_3p3kV_300SA_p01_12_1_22317,Released
1220653,"60933_5_T_2_WEOM_r1_Mag_18Jan24_300SA_p01_23_1_14713",Buzzard: MONet,2024-01-19 01:44:00.000,SciMax01,"60933",https://proto-9.pnl.gov/SciMax01/2024_1/60933_5_T_2_WEOM_r1_Mag_18Jan24_300SA_p01_23_1_14713,Released
1342034,"60881_2_BTM_3_MAOM_r3_Mag_10Feb25_3p3kV_300SA_p01_12_1_23281","",2025-02-15 01:40:19.000,SciMax01,"60881",https://proto-9.pnl.gov/SciMax01/2025_1/60881_2_BTM_3_MAOM_r3_Mag_10Feb25_3p3kV_300SA_p01_12_1_23281,Released
1230803,"60932_1_T_3_WEOM_r2_Mag_21Feb24_300SA_p01_51_1_15890",Buzzard: MONet,2024-02-23 20:01:06.000,SciMax01,"60932",https://proto-9.pnl.gov/SciMax01/2024_1/60932_1_T_3_WEOM_r2_Mag_21Feb24_300SA_p01_51_1_15890,Released
1231160,"60846_5_T_1_WEOM_r1_Mag_16Feb24_300SA_p01_19_1_15252",Buzzard: MONet,2024-02-16 21:38:08.000,SciMax01,"60846",https://proto-9.pnl.gov/SciMax01/2024_1/60846_5_T_1_WEOM_r1_Mag_16Feb24_300SA_p01_19_1_15252,Released
1216101,"60923_6_B_3_WEOM_r1_Mag_26Dec23_300SA_p01_20_1_14282",Buzzard: Data is fine but queue stopped over holiday week so need to shim cell and will run the queue again,2023-12-28 19:57:31.000,SciMax01,"60923",https://proto-9.pnl.gov/SciMax01/2024_1/60923_6_B_3_WEOM_r1_Mag_26Dec23_300SA_p01_20_1_14282,Released
1231107,"60933_11_B_1_WEOM_r1_Mag_12Feb24_300SA_p01_4_1_15069",Buzzard: MONet,2024-02-13 11:15:38.000,SciMax01,"60933",https://proto-9.pnl.gov/SciMax01/2024_1/60933_11_B_1_WEOM_r1_Mag_12Feb24_300SA_p01_4_1_15069,Released
1340558,"60938_3_TOP_1_MAOM_r3_Mag_03Feb25_3p3kV_300SA_p01_13_1_22888","",2025-02-06 06:58:51.000,SciMax01,"60938",https://proto-9.pnl.gov/SciMax01/2025_1/60938_3_TOP_1_MAOM_r3_Mag_03Feb25_3p3kV_300SA_p01_13_1_22888,Released
1341761,"60881_3_BTM_3_MAOM_r1_Mag_10Feb25_3p3kV_300SA_p01_18_1_23206","",2025-02-13 16:13:26.000,SciMax01,"60881",https://proto-9.pnl.gov/SciMax01/2025_1/60881_3_BTM_3_MAOM_r1_Mag_10Feb25_3p3kV_300SA_p01_18_1_23206,Released
1335285,"60933_15_TOP_2_MAOM_r3_Mag_13Jan25_3p3kV_300SA_p01_30_1_21916","",2025-01-16 18:28:51.000,SciMax01,"60933",https://proto-9.pnl.gov/SciMax01/2025_1/60933_15_TOP_2_MAOM_r3_Mag_13Jan25_3p3kV_300SA_p01_30_1_21916,Released
1329813,"60921_3_TOP_2_MAOM_r3_Mag_27Dec24_3p3kV_300SA_p01_14_1_21402","",2025-01-01 00:41:51.000,SciMax01,"60921",https://proto-9.pnl.gov/SciMax01/2025_1/60921_3_TOP_2_MAOM_r3_Mag_27Dec24_3p3kV_300SA_p01_14_1_21402,Released
1329197,"60923_7_TOP_2_MAOM_r3_Mag_27Dec24_3p3kV_300SA_p01_38_1_21317","",2024-12-30 10:49:26.000,SciMax01,"60923",https://proto-9.pnl.gov/SciMax01/2024_4/60923_7_TOP_2_MAOM_r3_Mag_27Dec24_3p3kV_300SA_p01_38_1_21317,Released
1337326,"60886_6_TOP_1_MAOM_r1_Mag_22Jan25_3p3kV_300SA_p01_40_1_22413","",2025-01-26 11:52:05.000,SciMax01,"60886",https://proto-9.pnl.gov/SciMax01/2025_1/60886_6_TOP_1_MAOM_r1_Mag_22Jan25_3p3kV_300SA_p01_40_1_22413,Released
1165442,MONet_Test_QC_SRFAII_10ppm_Fir_r2_07Jul23_300SA_p1_21_1_8750,Buzzard: Just testing samples tubes,2023-07-07 21:29:05.000,"15T_FTICR_I","60141",https://proto-9.pnl.gov/15T_FTICR_I/2023_3/MONet_Test_QC_SRFAII_10ppm_Fir_r2_07Jul23_300SA_p1_21_1_8750,Released
1231223,"60933_17_T_2_WEOM_r3_Mag_12Feb24_300SA_p01_38_1_15191",Buzzard: MONet,2024-02-15 17:27:41.000,SciMax01,"60933",https://proto-9.pnl.gov/SciMax01/2024_1/60933_17_T_2_WEOM_r3_Mag_12Feb24_300SA_p01_38_1_15191,Released
1330829,"60933_7_TOP_3_MAOM_r1_Mag_05Jan25_3p3kV_300SA_p01_40_1_21608","",2025-01-05 20:51:35.000,SciMax01,"60933",https://proto-9.pnl.gov/SciMax01/2025_1/60933_7_TOP_3_MAOM_r1_Mag_05Jan25_3p3kV_300SA_p01_40_1_21608,Released
1345070,"60942_2_BTM_2_MAOM_r2_Mag_19Feb25_3p3kV_300SA_p01_17_1_23507","",2025-02-22 21:18:28.000,SciMax01,"60942",https://proto-9.pnl.gov/SciMax01/2025_1/60942_2_BTM_2_MAOM_r2_Mag_19Feb25_3p3kV_300SA_p01_17_1_23507,Released
1342123,"60881_4_BTM_1_MAOM_r3_Mag_10Feb25_3p3kV_300SA_p01_22_1_23307","",2025-02-15 13:16:13.000,SciMax01,"60881",https://proto-9.pnl.gov/SciMax01/2025_1/60881_4_BTM_1_MAOM_r3_Mag_10Feb25_3p3kV_300SA_p01_22_1_23307,Released
1220667,"60933_8_T_3_WEOM_r2_Mag_18Jan24_300SA_p01_42_1_14850",Buzzard: MONet,2024-01-21 14:27:08.000,SciMax01,"60933",https://proto-9.pnl.gov/SciMax01/2024_1/60933_8_T_3_WEOM_r2_Mag_18Jan24_300SA_p01_42_1_14850,Released
1345085,"60920_6_BTM_3_MAOM_r3_Mag_19Feb25_3p3kV_300SA_p01_36_1_23456","",2025-02-21 22:33:35.000,SciMax01,"60920",https://proto-9.pnl.gov/SciMax01/2025_1/60920_6_BTM_3_MAOM_r3_Mag_19Feb25_3p3kV_300SA_p01_36_1_23456,Released
1329454,"60921_3_TOP_2_MAOM_r1_Mag_27Dec24_3p3kV_300SA_p01_14_1_21336","",2024-12-30 19:17:16.000,SciMax01,"60921",https://proto-9.pnl.gov/SciMax01/2024_4/60921_3_TOP_2_MAOM_r1_Mag_27Dec24_3p3kV_300SA_p01_14_1_21336,Released
1338482,"60933_20_BTM_1_MAOM_r2_Mag_29Jan25_3p3kV_300SA_p01_16_1_22629","",2025-01-30 12:23:03.000,SciMax01,"60933",https://proto-9.pnl.gov/SciMax01/2025_1/60933_20_BTM_1_MAOM_r2_Mag_29Jan25_3p3kV_300SA_p01_16_1_22629,Released
1346518,"60921_2_BTM_3_MAOM_r2_Mag_26Feb25_3p3kV_300SA_p01_6_1_23947","",2025-03-05 18:27:07.000,SciMax01,"60921",https://proto-9.pnl.gov/SciMax01/2025_1/60921_2_BTM_3_MAOM_r2_Mag_26Feb25_3p3kV_300SA_p01_6_1_23947,Released
1341530,"60932_1_TOP_2_MAOM_r3_Mag_10Feb25_3p3kV_300SA_p01_2_1_23165","",2025-02-12 21:57:44.000,SciMax01,"60932",https://proto-9.pnl.gov/SciMax01/2025_1/60932_1_TOP_2_MAOM_r3_Mag_10Feb25_3p3kV_300SA_p01_2_1_23165,Released
1328971,"60920_8_TOP_1_MAOM_r3_Mag_23Dec24_3p3kV_300SA_p01_33_1_21145","",2024-12-25 18:32:07.000,SciMax01,"60920",https://proto-9.pnl.gov/SciMax01/2024_4/60920_8_TOP_1_MAOM_r3_Mag_23Dec24_3p3kV_300SA_p01_33_1_21145,Released
1340351,"60946_2_BTM_3_MAOM_r3_Mag_03Feb25_3p3kV_300SA_p01_40_1_23016","",2025-02-08 16:02:40.000,SciMax01,"60946",https://proto-9.pnl.gov/SciMax01/2025_1/60946_2_BTM_3_MAOM_r3_Mag_03Feb25_3p3kV_300SA_p01_40_1_23016,Released
1331016,"60933_9_TOP_3_MAOM_r2_Mag_05Jan25_3p3kV_300SA_p01_49_1_21674","",2025-01-07 02:17:07.000,SciMax01,"60933",https://proto-9.pnl.gov/SciMax01/2025_1/60933_9_TOP_3_MAOM_r2_Mag_05Jan25_3p3kV_300SA_p01_49_1_21674,Released
1216132,"60923_6_T_1_WEOM_r2_Mag_26Dec23_300SA_p01_11_1_14321",Buzzard: Data is fine but queue stopped over holiday week so need to shim cell and will run the queue again,2023-12-29 13:14:33.000,SciMax01,"60923",https://proto-9.pnl.gov/SciMax01/2024_1/60923_6_T_1_WEOM_r2_Mag_26Dec23_300SA_p01_11_1_14321,Released
1230673,"60932_3_T_1_WEOM_r3_Mag_24Feb24_300SA_p01_9_1_15985",Buzzard: MONet,2024-02-25 19:39:44.000,SciMax01,"60932",https://proto-9.pnl.gov/SciMax01/2024_1/60932_3_T_1_WEOM_r3_Mag_24Feb24_300SA_p01_9_1_15985,Released
1032826,"1000S_SRFA_20ppm_run1_Fir_25Apr22_300SA_p01_1_1_3511","",2022-04-25 16:32:35.000,SciMax01,"60141",https://proto-9.pnl.gov/SciMax01/2022_2/1000S_SRFA_20ppm_run1_Fir_25Apr22_300SA_p01_1_1_3511,Released
1235648,"60942_3_B_1_WEOM_r3_Mag_07Mar24_300SA_p01_15_1_17102",Buzzard: MONet,2024-03-11 02:07:26.000,SciMax01,"60942",https://proto-9.pnl.gov/SciMax01/2024_1/60942_3_B_1_WEOM_r3_Mag_07Mar24_300SA_p01_15_1_17102,Released
1233039,"60923_21_T_3_WEOM_r1_Mag_04Mar24_300SA_p01_39_1_16804","",2024-03-04 20:37:18.000,SciMax01,"60923",https://proto-9.pnl.gov/SciMax01/2024_1/60923_21_T_3_WEOM_r1_Mag_04Mar24_300SA_p01_39_1_16804,Released
957845,Bowman_ICR_SRFAII_Magnolia_03Sept21_2xR_10msIAT_300tr_2sFID_2_1_3,"",2021-09-03 14:27:47.000,SciMax01,"60141",https://proto-9.pnl.gov/SciMax01/2021_3/Bowman_ICR_SRFAII_Magnolia_03Sept21_2xR_10msIAT_300tr_2sFID_2_1_3,Released
1340165,"60942_6_TOP_2_MAOM_r2_Mag_03Feb25_3p3kV_300SA_p01_24_1_22961","",2025-02-07 15:31:08.000,SciMax01,"60942",https://proto-9.pnl.gov/SciMax01/2025_1/60942_6_TOP_2_MAOM_r2_Mag_03Feb25_3p3kV_300SA_p01_24_1_22961,Released
1217327,"60923_6_T_1_WEOM_r1_Mag_04Jan24_300SA_p01_11_1_14444",Buzzard: Use this data,2024-01-05 04:42:47.000,SciMax01,"60923",https://proto-9.pnl.gov/SciMax01/2024_1/60923_6_T_1_WEOM_r1_Mag_04Jan24_300SA_p01_11_1_14444,Released
1340565,"60938_4_TOP_1_MAOM_r1_Mag_03Feb25_3p3kV_300SA_p01_19_1_22757","",2025-02-03 20:35:27.000,SciMax01,"60938",https://proto-9.pnl.gov/SciMax01/2025_1/60938_4_TOP_1_MAOM_r1_Mag_03Feb25_3p3kV_300SA_p01_19_1_22757,Released
1235718,"60942_1_B_3_WEOM_r2_Mag_07Mar24_300SA_p01_6_1_17049",Buzzard: MONet,2024-03-09 17:38:52.000,SciMax01,"60942",https://proto-9.pnl.gov/SciMax01/2024_1/60942_1_B_3_WEOM_r2_Mag_07Mar24_300SA_p01_6_1_17049,Released
1328951,"60920_8_BTM_1_MAOM_r1_Mag_23Dec24_3p3kV_300SA_p01_36_1_21040","",2024-12-23 19:44:09.000,SciMax01,"60920",https://proto-9.pnl.gov/SciMax01/2024_4/60920_8_BTM_1_MAOM_r1_Mag_23Dec24_3p3kV_300SA_p01_36_1_21040,Released
1341888,"60881_4_TOP_3_MAOM_r1_Mag_10Feb25_3p3kV_300SA_p01_21_1_23235","",2025-02-14 05:10:00.000,SciMax01,"60881",https://proto-9.pnl.gov/SciMax01/2025_1/60881_4_TOP_3_MAOM_r1_Mag_10Feb25_3p3kV_300SA_p01_21_1_23235,Released
1329036,"60923_7_BTM_3_MAOM_r2_Mag_27Dec24_3p3kV_300SA_p01_42_1_21258","",2024-12-29 08:30:53.000,SciMax01,"60923",https://proto-9.pnl.gov/SciMax01/2024_4/60923_7_BTM_3_MAOM_r2_Mag_27Dec24_3p3kV_300SA_p01_42_1_21258,Released
1314765,"60923_1_T_2_MAOM_r1_Mag_01Nov24_300SA_3p3kV_p01_2_1_20172",Buzzard: Testing response after Instrument cell clean and lab move,2024-11-04 19:44:35.000,SciMax01,"60923",https://proto-9.pnl.gov/SciMax01/2024_4/60923_1_T_2_MAOM_r1_Mag_01Nov24_300SA_3p3kV_p01_2_1_20172,Released
1236354,QC_SRFAII_23_01_10ppm_WEOM_r3_Mag_10Mar24_300SA_p01_54_1_17230,Buzzard: MONet,2024-03-13 11:43:03.000,SciMax01,"60886",https://proto-9.pnl.gov/SciMax01/2024_1/QC_SRFAII_23_01_10ppm_WEOM_r3_Mag_10Mar24_300SA_p01_54_1_17230,Released
1230905,"60921_4_B_3_WEOM_r1_Mag_21Feb24_300SA_p01_4_1_15470",Buzzard: MONet,2024-02-21 20:33:43.000,SciMax01,"60921",https://proto-9.pnl.gov/SciMax01/2024_1/60921_4_B_3_WEOM_r1_Mag_21Feb24_300SA_p01_4_1_15470,Released
1230615,"60946_2_T_3_WEOM_r1_Mag_23Feb24_300SA_p01_35_1_16026",Buzzard: Monet,2024-02-26 13:49:59.000,SciMax01,"60946",https://proto-9.pnl.gov/SciMax01/2024_1/60946_2_T_3_WEOM_r1_Mag_23Feb24_300SA_p01_35_1_16026,Released
1252901,"60881_3_T_1_WEOM_r3_Mag_01May24_300SA_p01_10_1_18244","",2024-05-06 07:45:30.000,SciMax01,"60881",https://proto-9.pnl.gov/SciMax01/2024_2/60881_3_T_1_WEOM_r3_Mag_01May24_300SA_p01_10_1_18244,Released
1345025,"60929_1_BTM_3_MAOM_r3_Mag_19Feb25_3p3kV_300SA_p01_26_1_23578","",2025-02-24 23:32:51.000,SciMax01,"60929",https://proto-9.pnl.gov/SciMax01/2025_1/60929_1_BTM_3_MAOM_r3_Mag_19Feb25_3p3kV_300SA_p01_26_1_23578,Released
1180748,QC_SRFA_2_2023_01_1w_52_1_13346,Buzzard: QC's and Blanks,2023-08-28 22:47:24.000,SciMax01,"60141",https://proto-9.pnl.gov/SciMax01/2023_3/QC_SRFA_2_2023_01_1w_52_1_13346,Released
1340541,"60938_2_TOP_3_MAOM_r2_Mag_03Feb25_3p3kV_300SA_p01_9_1_22820","",2025-02-05 00:40:12.000,SciMax01,"60938",https://proto-9.pnl.gov/SciMax01/2025_1/60938_2_TOP_3_MAOM_r2_Mag_03Feb25_3p3kV_300SA_p01_9_1_22820,Released
1231071,"60933_12_T_3_WEOM_r2_Mag_12Feb24_300SA_p01_9_1_15108",Buzzard: MONet,2024-02-14 04:40:46.000,SciMax01,"60933",https://proto-9.pnl.gov/SciMax01/2024_1/60933_12_T_3_WEOM_r2_Mag_12Feb24_300SA_p01_9_1_15108,Released
1220541,"60938_3_T_1_WEOM_r2_Mag_18Jan24_300SA_p01_13_1_14898",Buzzard: MONet,2024-01-22 11:43:30.000,SciMax01,"60938",https://proto-9.pnl.gov/SciMax01/2024_1/60938_3_T_1_WEOM_r2_Mag_18Jan24_300SA_p01_13_1_14898,Released
1335229,"60933_14_TOP_3_MAOM_r1_Mag_13Jan25_3p3kV_300SA_p01_25_1_21806","",2025-01-14 17:23:16.000,SciMax01,"60933",https://proto-9.pnl.gov/SciMax01/2025_1/60933_14_TOP_3_MAOM_r1_Mag_13Jan25_3p3kV_300SA_p01_25_1_21806,Released
1236322,"60886_2_T_3_WEOM_r3_Mag_10Mar24_300SA_p01_9_1_17244",Buzzard: MONet,2024-03-13 17:55:18.000,SciMax01,"60886",https://proto-9.pnl.gov/SciMax01/2024_1/60886_2_T_3_WEOM_r3_Mag_10Mar24_300SA_p01_9_1_17244,Released
1231172,"60933_14_T_1_WEOM_r2_Mag_12Feb24_300SA_p01_19_1_15154",Buzzard: MONet,2024-02-15 01:03:53.000,SciMax01,"60933",https://proto-9.pnl.gov/SciMax01/2024_1/60933_14_T_1_WEOM_r2_Mag_12Feb24_300SA_p01_19_1_15154,Released
1329811,"60921_3_TOP_1_MAOM_r3_Mag_27Dec24_3p3kV_300SA_p01_13_1_21400","",2024-12-31 23:48:16.000,SciMax01,"60921",https://proto-9.pnl.gov/SciMax01/2025_1/60921_3_TOP_1_MAOM_r3_Mag_27Dec24_3p3kV_300SA_p01_13_1_21400,Released
1330834,"60933_5_TOP_3_MAOM_r1_Mag_05Jan25_3p3kV_300SA_p01_24_1_21612","",2025-01-05 22:38:36.000,SciMax01,"60933",https://proto-9.pnl.gov/SciMax01/2025_1/60933_5_TOP_3_MAOM_r1_Mag_05Jan25_3p3kV_300SA_p01_24_1_21612,Released
1230990,"60846_7_T_1_WEOM_r3_Mag_16Feb24_300SA_p01_25_1_15353",Buzzard: MONet,2024-02-19 03:27:15.000,SciMax01,"60846",https://proto-9.pnl.gov/SciMax01/2024_1/60846_7_T_1_WEOM_r3_Mag_16Feb24_300SA_p01_25_1_15353,Released
1328978,"60920_11_TOP_3_MAOM_r2_Mag_23Dec24_3p3kV_300SA_p01_50_1_21098","",2024-12-24 21:34:30.000,SciMax01,"60920",https://proto-9.pnl.gov/SciMax01/2024_4/60920_11_TOP_3_MAOM_r2_Mag_23Dec24_3p3kV_300SA_p01_50_1_21098,Released
1165414,MONet_Test_WY01_G_3_pls-10ppmSRFAII_fir_r1_07Jul23_300SA_p1_6_1_8735,Buzzard: Just testing samples tubes,2023-07-07 15:56:20.000,"15T_FTICR_I","60141",https://proto-9.pnl.gov/15T_FTICR_I/2023_3/MONet_Test_WY01_G_3_pls-10ppmSRFAII_fir_r1_07Jul23_300SA_p1_6_1_8735,Released
1230901,"60921_3_T_1_WEOM_r3_Mag_21Feb24_300SA_p01_44_1_15503",Buzzard: MONet,2024-02-22 11:11:12.000,SciMax01,"60921",https://proto-9.pnl.gov/SciMax01/2024_1/60921_3_T_1_WEOM_r3_Mag_21Feb24_300SA_p01_44_1_15503,Released
1336710,"60923_17_BTM_2_MAOM_r2_Mag_22Jan25_3p3kV_300SA_p01_30_1_22268","",2025-01-23 19:10:59.000,SciMax01,"60923",https://proto-9.pnl.gov/SciMax01/2025_1/60923_17_BTM_2_MAOM_r2_Mag_22Jan25_3p3kV_300SA_p01_30_1_22268,Released
1215968,"60920_1_T_3_WEOM_r3_Mag_21Dec23_300SA_p01_1_1_14190",Data needs to be reviewed,2023-12-26 11:56:06.000,SciMax01,"60920",https://proto-9.pnl.gov/SciMax01/2024_1/60920_1_T_3_WEOM_r3_Mag_21Dec23_300SA_p01_1_1_14190,Released
1216104,"60923_12_B_2_WEOM_r1_Mag_26Dec23_300SA_p01_4_1_14243",Buzzard: Data is fine but queue stopped over holiday week so need to shim cell and will run the queue again,2023-12-28 02:40:29.000,SciMax01,"60923",https://proto-9.pnl.gov/SciMax01/2024_1/60923_12_B_2_WEOM_r1_Mag_26Dec23_300SA_p01_4_1_14243,Released
1499207,"20260520_QC_SRFAII_25_02_MeOct25_Mag_300tr_54_1_33045","",2026-05-20 17:31:50.000,SciMax01,"61050",https://proto-9.pnl.gov/SciMax01/2026_2/20260520_QC_SRFAII_25_02_MeOct25_Mag_300tr_54_1_33045,Released
1341535,"60932_6_TOP_3_MAOM_r3_Mag_10Feb25_3p3kV_300SA_p01_37_1_23166","",2025-02-12 22:24:21.000,SciMax01,"60932",https://proto-9.pnl.gov/SciMax01/2025_1/60932_6_TOP_3_MAOM_r3_Mag_10Feb25_3p3kV_300SA_p01_37_1_23166,Released
1341308,"60932_3_BTM_1_MAOM_r2_Mag_10Feb25_3p3kV_300SA_p01_16_1_23118","",2025-02-12 00:59:21.000,SciMax01,"60932",https://proto-9.pnl.gov/SciMax01/2025_1/60932_3_BTM_1_MAOM_r2_Mag_10Feb25_3p3kV_300SA_p01_16_1_23118,Released
1330200,"60846_17_TOP_1_MAOM_r1_Mag_02Jan25_3p3kV_300SA_p01_29_1_21448","",2025-01-02 21:31:17.000,SciMax01,"60846",https://proto-9.pnl.gov/SciMax01/2025_1/60846_17_TOP_1_MAOM_r1_Mag_02Jan25_3p3kV_300SA_p01_29_1_21448,Released
1217411,"60923_4_T_1_WEOM_r1_Mag_04Jan24_300SA_p01_7_1_14448",Buzzard: Use this data,2024-01-05 06:29:10.000,SciMax01,"60923",https://proto-9.pnl.gov/SciMax01/2024_1/60923_4_T_1_WEOM_r1_Mag_04Jan24_300SA_p01_7_1_14448,Released
1234607,"60923_18_T_1_WEOM_r3_Mag_04Mar24_300SA_p01_19_1_16934",Buzzard: MONet,2024-03-07 06:14:01.000,SciMax01,"60923",https://proto-9.pnl.gov/SciMax01/2024_1/60923_18_T_1_WEOM_r3_Mag_04Mar24_300SA_p01_19_1_16934,Released
1215866,"60920_3_B_3_WEOM_r2_Mag_21Dec23_300SA_p01_6_1_14123",Data needs to be reviewed,2023-12-25 06:14:29.000,SciMax01,"60920",https://proto-9.pnl.gov/SciMax01/2024_1/60920_3_B_3_WEOM_r2_Mag_21Dec23_300SA_p01_6_1_14123,Released
1479844,QC_SRFAII_old_r3_05Mar26_Fir_54_1_32457,Buzzard: Testing Gilson,2026-03-05 20:03:35.000,SciMax01,"61050",https://proto-9.pnl.gov/SciMax01/2026_1/QC_SRFAII_old_r3_05Mar26_Fir_54_1_32457,Released
1340306,"60946_1_BTM_1_MAOM_r3_Mag_03Feb25_3p3kV_300SA_p01_32_1_22999","",2025-02-08 08:27:51.000,SciMax01,"60946",https://proto-9.pnl.gov/SciMax01/2025_1/60946_1_BTM_1_MAOM_r3_Mag_03Feb25_3p3kV_300SA_p01_32_1_22999,Released
1236255,"60942_1_T_1_WEOM_r2_Mag_07Mar24_300SA_p01_1_1_17025",Buzzard: MONet,2024-03-08 23:08:17.000,SciMax01,"60942",https://proto-9.pnl.gov/SciMax01/2024_1/60942_1_T_1_WEOM_r2_Mag_07Mar24_300SA_p01_1_1_17025,Released
1344849,"60929_1_TOP_2_MAOM_r2_Mag_19Feb25_3p3kV_300SA_p01_23_1_23522","",2025-02-23 04:00:47.000,SciMax01,"60929",https://proto-9.pnl.gov/SciMax01/2025_1/60929_1_TOP_2_MAOM_r2_Mag_19Feb25_3p3kV_300SA_p01_23_1_23522,Released
1344803,"60920_2_TOP_1_MAOM_r2_Mag_19Feb25_3p3kV_300SA_p01_7_1_23393","",2025-02-20 18:27:26.000,SciMax01,"60920",https://proto-9.pnl.gov/SciMax01/2025_1/60920_2_TOP_1_MAOM_r2_Mag_19Feb25_3p3kV_300SA_p01_7_1_23393,Released
1216126,"60923_6_B_2_WEOM_r1_Mag_26Dec23_300SA_p01_40_1_14240",Buzzard: Data is fine but queue stopped over holiday week so need to shim cell and will run the queue again,2023-12-28 01:20:41.000,SciMax01,"60923",https://proto-9.pnl.gov/SciMax01/2024_1/60923_6_B_2_WEOM_r1_Mag_26Dec23_300SA_p01_40_1_14240,Released
1336957,"60923_14_TOP_3_MAOM_r2_Mag_22Jan25_3p3kV_300SA_p01_6_1_22313","",2025-01-24 15:14:40.000,SciMax01,"60923",https://proto-9.pnl.gov/SciMax01/2025_1/60923_14_TOP_3_MAOM_r2_Mag_22Jan25_3p3kV_300SA_p01_6_1_22313,Released
1252895,"60929_2_B_2_WEOM_r3_Mag_01May24_300SA_p01_47_1_18234","",2024-05-06 03:19:34.000,SciMax01,"60929",https://proto-9.pnl.gov/SciMax01/2024_2/60929_2_B_2_WEOM_r3_Mag_01May24_300SA_p01_47_1_18234,Released
1337865,"60886_5_TOP_2_MAOM_r3_Mag_22Jan25_3p3kV_300SA_p01_36_1_22529","",2025-01-28 15:34:59.000,SciMax01,"60886",https://proto-9.pnl.gov/SciMax01/2025_1/60886_5_TOP_2_MAOM_r3_Mag_22Jan25_3p3kV_300SA_p01_36_1_22529,Released
1233026,"60923_15_T_2_WEOM_r1_Mag_04Mar24_300SA_p01_2_1_16796","",2024-03-04 17:04:34.000,SciMax01,"60923",https://proto-9.pnl.gov/SciMax01/2024_1/60923_15_T_2_WEOM_r1_Mag_04Mar24_300SA_p01_2_1_16796,Released
1217439,"60923_13_B_2_WEOM_r1_Mag_04Jan24_300SA_p01_6_1_14451",Buzzard: Use this data,2024-01-05 07:48:56.000,SciMax01,"60923",https://proto-9.pnl.gov/SciMax01/2024_1/60923_13_B_2_WEOM_r1_Mag_04Jan24_300SA_p01_6_1_14451,Released
1215956,"60920_1_T_1_WEOM_r1_Mag_21Dec23_300SA_p01_1_1_14006",Data needs to be reviewed,2023-12-22 01:15:55.000,SciMax01,"60920",https://proto-9.pnl.gov/SciMax01/2024_1/60920_1_T_1_WEOM_r1_Mag_21Dec23_300SA_p01_1_1_14006,Released
1341178,"60932_5_BTM_2_MAOM_r1_Mag_10Feb25_3p3kV_300SA_p01_33_1_23075","",2025-02-11 05:49:19.000,SciMax01,"60932",https://proto-9.pnl.gov/SciMax01/2025_1/60932_5_BTM_2_MAOM_r1_Mag_10Feb25_3p3kV_300SA_p01_33_1_23075,Released
1217431,QC_SRFAII_23_01_20ppm_r2_Mag_04Jan24_300SA_p01_54_1_14531,Buzzard: Use this data,2024-01-06 19:16:09.000,SciMax01,"60923",https://proto-9.pnl.gov/SciMax01/2024_1/QC_SRFAII_23_01_20ppm_r2_Mag_04Jan24_300SA_p01_54_1_14531,Released
1339954,"60946_2_BTM_1_MAOM_r1_Mag_03Feb25_3p3kV_300SA_p01_38_1_22924","",2025-02-06 23:01:33.000,SciMax01,"60946",https://proto-9.pnl.gov/SciMax01/2025_1/60946_2_BTM_1_MAOM_r1_Mag_03Feb25_3p3kV_300SA_p01_38_1_22924,Released
1336138,"60933_17_TOP_1_MAOM_r1_Mag_13Jan25_3p3kV_300SA_p01_40_1_21792","samples were rerun to check, all good",2025-01-14 11:08:40.000,SciMax01,"60933",https://proto-9.pnl.gov/SciMax01/2025_1/60933_17_TOP_1_MAOM_r1_Mag_13Jan25_3p3kV_300SA_p01_40_1_21792,Released
1235571,"60886_1_T_3_WEOM_r1_Mag_10Mar24_300SA_p01_3_1_17113",Buzzard: MONet,2024-03-11 06:59:56.000,SciMax01,"60886",https://proto-9.pnl.gov/SciMax01/2024_1/60886_1_T_3_WEOM_r1_Mag_10Mar24_300SA_p01_3_1_17113,Released
1329133,"60923_7_BTM_1_MAOM_r1_Mag_27Dec24_3p3kV_300SA_p01_40_1_21199","",2024-12-28 06:12:50.000,SciMax01,"60923",https://proto-9.pnl.gov/SciMax01/2024_4/60923_7_BTM_1_MAOM_r1_Mag_27Dec24_3p3kV_300SA_p01_40_1_21199,Released
1231263,"60933_15_T_3_WEOM_r3_Mag_12Feb24_300SA_p01_27_1_15219",Buzzard: MONet,2024-02-16 05:52:14.000,SciMax01,"60933",https://proto-9.pnl.gov/SciMax01/2024_1/60933_15_T_3_WEOM_r3_Mag_12Feb24_300SA_p01_27_1_15219,Released
1252909,"60881_5_T_2_WEOM_r3_Mag_01May24_300SA_p01_23_1_18218","",2024-05-05 20:14:11.000,SciMax01,"60881",https://proto-9.pnl.gov/SciMax01/2024_2/60881_5_T_2_WEOM_r3_Mag_01May24_300SA_p01_23_1_18218,Released
1272566,"60923_1_T_3_MAOM_r3_Mag_04Jul24_300SA_p01_3_1_19432",Buzzard: testing MAOM samples before the move,2024-07-05 10:23:11.000,SciMax01,"60923",https://proto-9.pnl.gov/SciMax01/2024_3/60923_1_T_3_MAOM_r3_Mag_04Jul24_300SA_p01_3_1_19432,Released
1340287,"60942_4_BTM_2_MAOM_r2_Mag_03Feb25_3p3kV_300SA_p01_11_1_22992","",2025-02-08 05:20:41.000,SciMax01,"60942",https://proto-9.pnl.gov/SciMax01/2025_1/60942_4_BTM_2_MAOM_r2_Mag_03Feb25_3p3kV_300SA_p01_11_1_22992,Released
1216142,"60923_4_T_1_WEOM_r1_Mag_26Dec23_300SA_p01_7_1_14234",Buzzard: Data is fine but queue stopped over holiday week so need to shim cell and will run the queue again,2023-12-27 22:41:10.000,SciMax01,"60923",https://proto-9.pnl.gov/SciMax01/2024_1/60923_4_T_1_WEOM_r1_Mag_26Dec23_300SA_p01_7_1_14234,Released
1215905,"60920_9_T_1_WEOM_r2_Mag_21Dec23_300SA_p01_16_1_14061",Data needs to be reviewed,2023-12-23 01:38:26.000,SciMax01,"60920",https://proto-9.pnl.gov/SciMax01/2024_1/60920_9_T_1_WEOM_r2_Mag_21Dec23_300SA_p01_16_1_14061,Released
1230727,"60932_1_T_3_WEOM_r3_Mag_24Feb24_300SA_p01_51_1_15983",Buzzard: MONet,2024-02-25 18:46:34.000,SciMax01,"60932",https://proto-9.pnl.gov/SciMax01/2024_1/60932_1_T_3_WEOM_r3_Mag_24Feb24_300SA_p01_51_1_15983,Released
1220581,"60938_3_B_2_WEOM_r1_Mag_18Jan24_300SA_p01_17_1_14786",Buzzard: MONet,2024-01-20 10:05:13.000,SciMax01,"60938",https://proto-9.pnl.gov/SciMax01/2024_1/60938_3_B_2_WEOM_r1_Mag_18Jan24_300SA_p01_17_1_14786,Released
1235670,"60942_1_B_1_WEOM_r3_Mag_07Mar24_300SA_p01_4_1_17074",Buzzard: MONet,2024-03-10 13:42:55.000,SciMax01,"60942",https://proto-9.pnl.gov/SciMax01/2024_1/60942_1_B_1_WEOM_r3_Mag_07Mar24_300SA_p01_4_1_17074,Released
1220574,"60933_4_T_3_WEOM_r3_Mag_18Jan24_300SA_p01_18_1_14936",Buzzard: MONet,2024-01-23 04:33:57.000,SciMax01,"60933",https://proto-9.pnl.gov/SciMax01/2024_1/60933_4_T_3_WEOM_r3_Mag_18Jan24_300SA_p01_18_1_14936,Released
1331008,"60933_1_TOP_1_MAOM_r2_Mag_05Jan25_3p3kV_300SA_p01_1_1_21671","",2025-01-07 00:56:34.000,SciMax01,"60933",https://proto-9.pnl.gov/SciMax01/2025_1/60933_1_TOP_1_MAOM_r2_Mag_05Jan25_3p3kV_300SA_p01_1_1_21671,Released
1231034,QC_SRFAII_23_01_10ppm_r1_Mag_12Feb24_300SA_p01_54_1_15048,Buzzard: MONet,2024-02-13 01:57:14.000,SciMax01,"60933",https://proto-9.pnl.gov/SciMax01/2024_1/QC_SRFAII_23_01_10ppm_r1_Mag_12Feb24_300SA_p01_54_1_15048,Released
1216099,"60923_9_T_3_WEOM_r1_Mag_26Dec23_300SA_p01_25_1_14278",Buzzard: Data is fine but queue stopped over holiday week so need to shim cell and will run the queue again,2023-12-28 18:11:09.000,SciMax01,"60923",https://proto-9.pnl.gov/SciMax01/2024_1/60923_9_T_3_WEOM_r1_Mag_26Dec23_300SA_p01_25_1_14278,Released
1252916,"60881_3_B_2_WEOM_r3_Mag_01May24_300SA_p01_14_1_18221","",2024-05-05 21:33:56.000,SciMax01,"60881",https://proto-9.pnl.gov/SciMax01/2024_2/60881_3_B_2_WEOM_r3_Mag_01May24_300SA_p01_14_1_18221,Released
1329039,"60923_1_BTM_1_MAOM_r3_Mag_27Dec24_3p3kV_300SA_p01_4_1_21308","",2024-12-30 06:49:00.000,SciMax01,"60923",https://proto-9.pnl.gov/SciMax01/2024_4/60923_1_BTM_1_MAOM_r3_Mag_27Dec24_3p3kV_300SA_p01_4_1_21308,Released
1235650,"60942_2_T_3_WEOM_r3_Mag_07Mar24_300SA_p01_9_1_17064",Buzzard: MONet,2024-03-10 00:17:46.000,SciMax01,"60942",https://proto-9.pnl.gov/SciMax01/2024_1/60942_2_T_3_WEOM_r3_Mag_07Mar24_300SA_p01_9_1_17064,Released
1216107,"60923_3_B_1_WEOM_r2_Mag_26Dec23_300SA_p01_6_1_14311",Buzzard: Data is fine but queue stopped over holiday week so need to shim cell and will run the queue again,2023-12-29 08:48:39.000,SciMax01,"60923",https://proto-9.pnl.gov/SciMax01/2024_1/60923_3_B_1_WEOM_r2_Mag_26Dec23_300SA_p01_6_1_14311,Released
1338203,"60933_20_TOP_2_MAOM_r1_Mag_29Jan25_3p3kV_300SA_p01_14_1_22579","",2025-01-29 14:06:17.000,SciMax01,"60933",https://proto-9.pnl.gov/SciMax01/2025_1/60933_20_TOP_2_MAOM_r1_Mag_29Jan25_3p3kV_300SA_p01_14_1_22579,Released
1314829,"60923_10_TOP_2_WEOM_r1_Mag_01Nov24_3p3kV_p01_9_1_20087",Buzzard: Testing response after Instrument cell clean and lab move,2024-11-01 20:12:07.000,SciMax01,"60938",https://proto-9.pnl.gov/SciMax01/2024_4/60923_10_TOP_2_WEOM_r1_Mag_01Nov24_3p3kV_p01_9_1_20087,Released
1339990,"60942_6_TOP_2_MAOM_r1_Mag_03Feb25_3p3kV_300SA_p01_24_1_22933","",2025-02-07 03:02:10.000,SciMax01,"60942",https://proto-9.pnl.gov/SciMax01/2025_1/60942_6_TOP_2_MAOM_r1_Mag_03Feb25_3p3kV_300SA_p01_24_1_22933,Released
1342173,"60881_5_BTM_1_MAOM_r3_Mag_10Feb25_3p3kV_300SA_p01_28_1_23319","",2025-02-15 18:37:03.000,SciMax01,"60881",https://proto-9.pnl.gov/SciMax01/2025_1/60881_5_BTM_1_MAOM_r3_Mag_10Feb25_3p3kV_300SA_p01_28_1_23319,Released
1314749,"60923_3_B_3_MAOM_r2_Mag_01Nov24_300SA_4p2kV_p01_18_1_20203",Buzzard: Testing response after Instrument cell clean and lab move,2024-11-05 09:31:19.000,SciMax01,"60923",https://proto-9.pnl.gov/SciMax01/2024_4/60923_3_B_3_MAOM_r2_Mag_01Nov24_300SA_4p2kV_p01_18_1_20203,Released
1231129,"60933_14_B_2_WEOM_r3_Mag_12Feb24_300SA_p01_23_1_15212",Buzzard: MONet,2024-02-16 02:46:06.000,SciMax01,"60933",https://proto-9.pnl.gov/SciMax01/2024_1/60933_14_B_2_WEOM_r3_Mag_12Feb24_300SA_p01_23_1_15212,Released
1217474,"60923_8_T_3_WEOM_r3_Mag_04Jan24_300SA_p01_23_1_14682",Buzzard: Use this data,2024-01-09 14:11:36.000,SciMax01,"60923",https://proto-9.pnl.gov/SciMax01/2024_1/60923_8_T_3_WEOM_r3_Mag_04Jan24_300SA_p01_23_1_14682,Released
1336440,"60923_14_BTM_3_MAOM_r1_Mag_22Jan25_3p3kV_300SA_p01_9_1_22236","",2025-01-23 04:54:44.000,SciMax01,"60923",https://proto-9.pnl.gov/SciMax01/2025_1/60923_14_BTM_3_MAOM_r1_Mag_22Jan25_3p3kV_300SA_p01_9_1_22236,Released
1230725,"60932_3_B_1_WEOM_r3_Mag_24Feb24_300SA_p01_12_1_15972",Buzzard: MONet,2024-02-25 13:54:04.000,SciMax01,"60932",https://proto-9.pnl.gov/SciMax01/2024_1/60932_3_B_1_WEOM_r3_Mag_24Feb24_300SA_p01_12_1_15972,Released
1341433,"60932_3_TOP_1_MAOM_r3_Mag_10Feb25_3p3kV_300SA_p01_13_1_23152","",2025-02-12 16:09:55.000,SciMax01,"60932",https://proto-9.pnl.gov/SciMax01/2025_1/60932_3_TOP_1_MAOM_r3_Mag_10Feb25_3p3kV_300SA_p01_13_1_23152,Released
1216197,"60923_3_T_3_WEOM_r2_Mag_26Dec23_300SA_p01_13_1_14363",Buzzard: Data is fine but queue stopped over holiday week so need to shim cell and will run the queue again,2023-12-30 07:51:22.000,SciMax01,"60923",https://proto-9.pnl.gov/SciMax01/2024_1/60923_3_T_3_WEOM_r2_Mag_26Dec23_300SA_p01_13_1_14363,Released
1314783,"60880_1_BTM_1_WEOM_r1_Mag_01Nov24_3p3kV_p01_4_1_20082",Buzzard: Testing response after Instrument cell clean and lab move,2024-11-01 17:58:50.000,SciMax01,"60938",https://proto-9.pnl.gov/SciMax01/2024_4/60880_1_BTM_1_WEOM_r1_Mag_01Nov24_3p3kV_p01_4_1_20082,Released
1235556,"60886_5_T_1_WEOM_r1_Mag_10Mar24_300SA_p01_25_1_17141",Buzzard: MONet,2024-03-11 20:16:36.000,SciMax01,"60886",https://proto-9.pnl.gov/SciMax01/2024_1/60886_5_T_1_WEOM_r1_Mag_10Mar24_300SA_p01_25_1_17141,Released
1337229,"60886_1_TOP_3_MAOM_r1_Mag_22Jan25_3p3kV_300SA_p01_9_1_22376","",2025-01-25 19:21:55.000,SciMax01,"60886",https://proto-9.pnl.gov/SciMax01/2025_1/60886_1_TOP_3_MAOM_r1_Mag_22Jan25_3p3kV_300SA_p01_9_1_22376,Released
1221003,"60938_5_T_2_WEOM_r3_Mag_18Jan24_300SA_p01_26_1_14988",Buzzard: MONet,2024-01-24 03:36:44.000,SciMax01,"60938",https://proto-9.pnl.gov/SciMax01/2024_1/60938_5_T_2_WEOM_r3_Mag_18Jan24_300SA_p01_26_1_14988,Released
1217400,"60923_2_B_2_WEOM_r1_Mag_04Jan24_300SA_p01_32_1_14472",Buzzard: Use this data,2024-01-05 17:07:19.000,SciMax01,"60923",https://proto-9.pnl.gov/SciMax01/2024_1/60923_2_B_2_WEOM_r1_Mag_04Jan24_300SA_p01_32_1_14472,Released
1340568,"60938_4_BTM_1_MAOM_r2_Mag_03Feb25_3p3kV_300SA_p01_22_1_22838","",2025-02-05 08:41:56.000,SciMax01,"60938",https://proto-9.pnl.gov/SciMax01/2025_1/60938_4_BTM_1_MAOM_r2_Mag_03Feb25_3p3kV_300SA_p01_22_1_22838,Released
1328886,"60921_1_TOP_Combo_WEOM_r2_Mag_23Dec24_3p3kV_300SA_p01_49_1_21018",Buzzard: combo samples,2024-12-23 09:55:16.000,SciMax01,"60921",https://proto-9.pnl.gov/SciMax01/2024_4/60921_1_TOP_Combo_WEOM_r2_Mag_23Dec24_3p3kV_300SA_p01_49_1_21018,Released
1236299,"60886_2_B_1_WEOM_r2_Mag_10Mar24_300SA_p01_10_1_17217",Buzzard: MONet,2024-03-13 05:57:24.000,SciMax01,"60886",https://proto-9.pnl.gov/SciMax01/2024_1/60886_2_B_1_WEOM_r2_Mag_10Mar24_300SA_p01_10_1_17217,Released
1338221,"60923_11_BTM_1_MAOM_r1_Mag_29Jan25_3p3kV_300SA_p01_38_1_22582","",2025-01-29 15:26:39.000,SciMax01,"60923",https://proto-9.pnl.gov/SciMax01/2025_1/60923_11_BTM_1_MAOM_r1_Mag_29Jan25_3p3kV_300SA_p01_38_1_22582,Released
1337917,"60886_3_BTM_1_MAOM_r3_Mag_22Jan25_3p3kV_300SA_p01_26_1_22539","",2025-01-28 20:15:31.000,SciMax01,"60886",https://proto-9.pnl.gov/SciMax01/2025_1/60886_3_BTM_1_MAOM_r3_Mag_22Jan25_3p3kV_300SA_p01_26_1_22539,Released
1337702,"60886_4_BTM_1_MAOM_r3_Mag_22Jan25_3p3kV_300SA_p01_32_1_22491","",2025-01-27 22:38:37.000,SciMax01,"60886",https://proto-9.pnl.gov/SciMax01/2025_1/60886_4_BTM_1_MAOM_r3_Mag_22Jan25_3p3kV_300SA_p01_32_1_22491,Released
1234597,"60923_21_T_1_WEOM_r2_Mag_04Mar24_300SA_p01_37_1_16884",Buzzard: MONet,2024-03-06 08:04:31.000,SciMax01,"60923",https://proto-9.pnl.gov/SciMax01/2024_1/60923_21_T_1_WEOM_r2_Mag_04Mar24_300SA_p01_37_1_16884,Released
1231055,"60933_18_T_1_WEOM_r3_Mag_12Feb24_300SA_p01_43_1_15200",Buzzard: MONet,2024-02-15 21:27:00.000,SciMax01,"60933",https://proto-9.pnl.gov/SciMax01/2024_1/60933_18_T_1_WEOM_r3_Mag_12Feb24_300SA_p01_43_1_15200,Released
1252907,"60929_1_B_2_WEOM_r3_Mag_01May24_300SA_p01_41_1_18222","",2024-05-05 22:00:31.000,SciMax01,"60929",https://proto-9.pnl.gov/SciMax01/2024_2/60929_1_B_2_WEOM_r3_Mag_01May24_300SA_p01_41_1_18222,Released
1231332,"60933_18_T_2_WEOM_r1_Mag_12Feb24_300SA_p01_44_1_15029",Buzzard: MONet,2024-02-12 17:32:05.000,SciMax01,"60933",https://proto-9.pnl.gov/SciMax01/2024_1/60933_18_T_2_WEOM_r1_Mag_12Feb24_300SA_p01_44_1_15029,Released
1329591,"60880_3_BTM_3_MAOM_r2_Mag_27Dec24_3p3kV_300SA_p01_6_1_21377","",2024-12-31 13:33:35.000,SciMax01,"60880",https://proto-9.pnl.gov/SciMax01/2024_4/60880_3_BTM_3_MAOM_r2_Mag_27Dec24_3p3kV_300SA_p01_6_1_21377,Released
1344797,"60942_1_TOP_2_MAOM_r3_Mag_19Feb25_3p3kV_300SA_p01_8_1_23565","",2025-02-24 17:45:13.000,SciMax01,"60942",https://proto-9.pnl.gov/SciMax01/2025_1/60942_1_TOP_2_MAOM_r3_Mag_19Feb25_3p3kV_300SA_p01_8_1_23565,Released
1215910,"60920_8_T_1_WEOM_r1_Mag_21Dec23_300SA_p01_14_1_13996",Data needs to be reviewed,2023-12-21 20:50:01.000,SciMax01,"60920",https://proto-9.pnl.gov/SciMax01/2024_1/60920_8_T_1_WEOM_r1_Mag_21Dec23_300SA_p01_14_1_13996,Released
1337106,"60923_16_BTM_2_MAOM_r3_Mag_22Jan25_3p3kV_300SA_p01_20_1_22352","",2025-01-25 08:39:03.000,SciMax01,"60923",https://proto-9.pnl.gov/SciMax01/2025_1/60923_16_BTM_2_MAOM_r3_Mag_22Jan25_3p3kV_300SA_p01_20_1_22352,Released
1329054,"60923_6_TOP_2_MAOM_r1_Mag_27Dec24_3p3kV_300SA_p01_32_1_21213","",2024-12-28 12:27:04.000,SciMax01,"60923",https://proto-9.pnl.gov/SciMax01/2024_4/60923_6_TOP_2_MAOM_r1_Mag_27Dec24_3p3kV_300SA_p01_32_1_21213,Released
1344958,"60920_2_BTM_1_MAOM_r3_Mag_19Feb25_3p3kV_300SA_p01_10_1_23459","",2025-02-21 23:54:08.000,SciMax01,"60920",https://proto-9.pnl.gov/SciMax01/2025_1/60920_2_BTM_1_MAOM_r3_Mag_19Feb25_3p3kV_300SA_p01_10_1_23459,Released
1231095,"60933_12_B_3_WEOM_r2_Mag_12Feb24_300SA_p01_12_1_15163",Buzzard: MONet,2024-02-15 05:03:09.000,SciMax01,"60933",https://proto-9.pnl.gov/SciMax01/2024_1/60933_12_B_3_WEOM_r2_Mag_12Feb24_300SA_p01_12_1_15163,Released
1502061,QC_SRFAII_25_02_20260611_r1_Mag_54_1_33938,Buzzard: testing Gilson wash volumes,2026-06-11 23:02:55.000,SciMax01,"61050",https://proto-9.pnl.gov/SciMax01/2026_2/QC_SRFAII_25_02_20260611_r1_Mag_54_1_33938,Released
1340519,"60938_1_TOP_3_MAOM_r3_Mag_03Feb25_3p3kV_300SA_p01_3_1_22889","",2025-02-06 07:25:39.000,SciMax01,"60938",https://proto-9.pnl.gov/SciMax01/2025_1/60938_1_TOP_3_MAOM_r3_Mag_03Feb25_3p3kV_300SA_p01_3_1_22889,Released
1215986,"60920_3_T_2_WEOM_r3_Mag_21Dec23_300SA_p01_24_1_14163",Data needs to be reviewed,2023-12-25 23:58:07.000,SciMax01,"60920",https://proto-9.pnl.gov/SciMax01/2024_1/60920_3_T_2_WEOM_r3_Mag_21Dec23_300SA_p01_24_1_14163,Released
1230667,"60932_1_T_1_WEOM_r2_Mag_24Feb24_300SA_p01_49_1_15937",Buzzard: MONet,2024-02-24 22:23:22.000,SciMax01,"60932",https://proto-9.pnl.gov/SciMax01/2024_1/60932_1_T_1_WEOM_r2_Mag_24Feb24_300SA_p01_49_1_15937,Released
1235596,"60942_5_T_2_WEOM_r3_Mag_07Mar24_300SA_p01_25_1_17103",Buzzard: MONet,2024-03-11 02:34:01.000,SciMax01,"60942",https://proto-9.pnl.gov/SciMax01/2024_1/60942_5_T_2_WEOM_r3_Mag_07Mar24_300SA_p01_25_1_17103,Released
1231280,"60933_16_B_2_WEOM_r2_Mag_12Feb24_300SA_p01_35_1_15107",Buzzard: MONet,2024-02-14 04:14:09.000,SciMax01,"60933",https://proto-9.pnl.gov/SciMax01/2024_1/60933_16_B_2_WEOM_r2_Mag_12Feb24_300SA_p01_35_1_15107,Released
1231123,"60933_19_B_3_WEOM_r1_Mag_12Feb24_300SA_p01_3_1_15058",Buzzard: MONet,2024-02-13 06:23:10.000,SciMax01,"60933",https://proto-9.pnl.gov/SciMax01/2024_1/60933_19_B_3_WEOM_r1_Mag_12Feb24_300SA_p01_3_1_15058,Released
1217314,QC_SRFAII_23_01_20ppm_r2_Mag_04Jan24_300SA_p01_52_1_14575,Buzzard: Use this data,2024-01-07 14:46:20.000,SciMax01,"60923",https://proto-9.pnl.gov/SciMax01/2024_1/QC_SRFAII_23_01_20ppm_r2_Mag_04Jan24_300SA_p01_52_1_14575,Released
1345065,"60920_3_BTM_1_MAOM_r2_Mag_19Feb25_3p3kV_300SA_p01_16_1_23417","",2025-02-21 05:10:16.000,SciMax01,"60920",https://proto-9.pnl.gov/SciMax01/2025_1/60920_3_BTM_1_MAOM_r2_Mag_19Feb25_3p3kV_300SA_p01_16_1_23417,Released
1337204,"60923_14_TOP_2_MAOM_r3_Mag_22Jan25_3p3kV_300SA_p01_5_1_22365","",2025-01-25 14:27:29.000,SciMax01,"60923",https://proto-9.pnl.gov/SciMax01/2025_1/60923_14_TOP_2_MAOM_r3_Mag_22Jan25_3p3kV_300SA_p01_5_1_22365,Released
1335311,"60923_8_BTM_1_MAOM_r1_Mag_13Jan25_3p3kV_300SA_p01_16_1_22001","",2025-01-18 08:23:54.000,SciMax01,"60923",https://proto-9.pnl.gov/SciMax01/2025_1/60923_8_BTM_1_MAOM_r1_Mag_13Jan25_3p3kV_300SA_p01_16_1_22001,Released
1252952,"60881_5_T_3_WEOM_r2_Mag_01May24_300SA_p01_24_1_18169","",2024-05-04 22:31:09.000,SciMax01,"60881",https://proto-9.pnl.gov/SciMax01/2024_2/60881_5_T_3_WEOM_r2_Mag_01May24_300SA_p01_24_1_18169,Released
1215967,"60920_2_T_3_WEOM_r1_Mag_21Dec23_300SA_p01_3_1_14049",Data needs to be reviewed,2023-12-22 20:19:19.000,SciMax01,"60920",https://proto-9.pnl.gov/SciMax01/2024_1/60920_2_T_3_WEOM_r1_Mag_21Dec23_300SA_p01_3_1_14049,Released
1231274,QC_SRFAII_23_01_10ppm_r3_Mag_12Feb24_300SA_p01_54_1_15241,Buzzard: MONet,2024-02-16 16:45:38.000,SciMax01,"60933",https://proto-9.pnl.gov/SciMax01/2024_1/QC_SRFAII_23_01_10ppm_r3_Mag_12Feb24_300SA_p01_54_1_15241,Released
1215899,"60920_8_T_1_WEOM_r3_Mag_21Dec23_300SA_p01_14_1_14134",Data needs to be reviewed,2023-12-25 11:06:57.000,SciMax01,"60920",https://proto-9.pnl.gov/SciMax01/2024_1/60920_8_T_1_WEOM_r3_Mag_21Dec23_300SA_p01_14_1_14134,Released
1231287,"60933_14_B_2_WEOM_r2_Mag_12Feb24_300SA_p01_23_1_15121",Buzzard: MONet,2024-02-14 10:26:23.000,SciMax01,"60933",https://proto-9.pnl.gov/SciMax01/2024_1/60933_14_B_2_WEOM_r2_Mag_12Feb24_300SA_p01_23_1_15121,Released
1342065,"60881_1_BTM_2_MAOM_r3_Mag_10Feb25_3p3kV_300SA_p01_5_1_23291","",2025-02-15 06:08:05.000,SciMax01,"60881",https://proto-9.pnl.gov/SciMax01/2025_1/60881_1_BTM_2_MAOM_r3_Mag_10Feb25_3p3kV_300SA_p01_5_1_23291,Released
1340522,"60938_2_BTM_1_MAOM_r1_Mag_03Feb25_3p3kV_300SA_p01_10_1_22771","",2025-02-04 02:50:12.000,SciMax01,"60938",https://proto-9.pnl.gov/SciMax01/2025_1/60938_2_BTM_1_MAOM_r1_Mag_03Feb25_3p3kV_300SA_p01_10_1_22771,Released
1344926,"60929_2_TOP_2_MAOM_r2_Mag_19Feb25_3p3kV_300SA_p01_28_1_23510","",2025-02-22 22:39:11.000,SciMax01,"60929",https://proto-9.pnl.gov/SciMax01/2025_1/60929_2_TOP_2_MAOM_r2_Mag_19Feb25_3p3kV_300SA_p01_28_1_23510,Released
1344844,"60942_2_TOP_1_MAOM_r1_Mag_19Feb25_3p3kV_300SA_p01_13_1_23471","",2025-02-22 05:15:08.000,SciMax01,"60942",https://proto-9.pnl.gov/SciMax01/2025_1/60942_2_TOP_1_MAOM_r1_Mag_19Feb25_3p3kV_300SA_p01_13_1_23471,Released
1231027,"60933_11_B_3_WEOM_r3_Mag_12Feb24_300SA_p01_6_1_15185",Buzzard: MONet,2024-02-15 14:48:08.000,SciMax01,"60933",https://proto-9.pnl.gov/SciMax01/2024_1/60933_11_B_3_WEOM_r3_Mag_12Feb24_300SA_p01_6_1_15185,Released
1234591,"60923_19_T_2_WEOM_r3_Mag_04Mar24_300SA_p01_26_1_16943",Buzzard: MONet,2024-03-07 10:13:21.000,SciMax01,"60923",https://proto-9.pnl.gov/SciMax01/2024_1/60923_19_T_2_WEOM_r3_Mag_04Mar24_300SA_p01_26_1_16943,Released
1090523,"1000s_SRFAII_20ppm_03_25Oct22_Mag_300SA_p01_34_1_6947","",2022-10-26 05:49:32.000,SciMax01,"60141",https://proto-9.pnl.gov/SciMax01/2022_4/1000s_SRFAII_20ppm_03_25Oct22_Mag_300SA_p01_34_1_6947,Released
1328832,"60940_2_TOP_2_MAOM_r1_Mag_19Dec24_3p3kV_300SA_p01_8_1_20979","",2024-12-20 02:03:22.000,SciMax01,"60940",https://proto-9.pnl.gov/SciMax01/2024_4/60940_2_TOP_2_MAOM_r1_Mag_19Dec24_3p3kV_300SA_p01_8_1_20979,Released
1338743,"60923_10_BTM_2_MAOM_r3_Mag_29Jan25_3p3kV_300SA_p01_29_1_22686","",2025-01-31 13:48:07.000,SciMax01,"60923",https://proto-9.pnl.gov/SciMax01/2025_1/60923_10_BTM_2_MAOM_r3_Mag_29Jan25_3p3kV_300SA_p01_29_1_22686,Released
1180802,"60921_1_T_2_WEOM_1w_20_1_13411",Buzzard: 1w; Data needs to be reviewed,2023-08-30 03:35:45.000,SciMax01,"60921",https://proto-9.pnl.gov/SciMax01/2023_3/60921_1_T_2_WEOM_1w_20_1_13411,Released
1336694,"60923_18_TOP_1_MAOM_r2_Mag_22Jan25_3p3kV_300SA_p01_32_1_22265","",2025-01-23 17:50:27.000,SciMax01,"60923",https://proto-9.pnl.gov/SciMax01/2025_1/60923_18_TOP_1_MAOM_r2_Mag_22Jan25_3p3kV_300SA_p01_32_1_22265,Released
1231282,"60846_12_B_3_WEOM_r2_Mag_16Feb24_300SA_p01_36_1_15299",Buzzard: MONet,2024-02-17 18:27:52.000,SciMax01,"60846",https://proto-9.pnl.gov/SciMax01/2024_1/60846_12_B_3_WEOM_r2_Mag_16Feb24_300SA_p01_36_1_15299,Released
1338509,"60933_18_TOP_3_MAOM_r2_Mag_29Jan25_3p3kV_300SA_p01_3_1_22637","",2025-01-30 15:57:12.000,SciMax01,"60933",https://proto-9.pnl.gov/SciMax01/2025_1/60933_18_TOP_3_MAOM_r2_Mag_29Jan25_3p3kV_300SA_p01_3_1_22637,Released
1230942,"60880_2_T_2_WEOM_r3_Mag_16Feb24_300SA_p01_21_1_15436",Buzzard: MONet,2024-02-20 16:14:14.000,SciMax01,"60880",https://proto-9.pnl.gov/SciMax01/2024_1/60880_2_T_2_WEOM_r3_Mag_16Feb24_300SA_p01_21_1_15436,Released
1180809,"60921_2_B_1_WEOM_1w_14_1_13405",Buzzard: 1w; Data needs to be reviewed,2023-08-30 00:56:12.000,SciMax01,"60921",https://proto-9.pnl.gov/SciMax01/2023_3/60921_2_B_1_WEOM_1w_14_1_13405,Released
1234565,"60923_15_T_1_WEOM_r3_Mag_04Mar24_300SA_p01_1_1_16926",Buzzard: MONet,2024-03-07 02:41:17.000,SciMax01,"60923",https://proto-9.pnl.gov/SciMax01/2024_1/60923_15_T_1_WEOM_r3_Mag_04Mar24_300SA_p01_1_1_16926,Released
1230924,"60880_2_B_1_WEOM_r1_Mag_16Feb24_300SA_p01_23_1_15377",Buzzard: MONet,2024-02-19 14:05:28.000,SciMax01,"60880",https://proto-9.pnl.gov/SciMax01/2024_1/60880_2_B_1_WEOM_r1_Mag_16Feb24_300SA_p01_23_1_15377,Released
1335277,"60933_13_BTM_3_MAOM_r1_Mag_13Jan25_3p3kV_300SA_p01_22_1_21811","",2025-01-14 19:37:16.000,SciMax01,"60933",https://proto-9.pnl.gov/SciMax01/2025_1/60933_13_BTM_3_MAOM_r1_Mag_13Jan25_3p3kV_300SA_p01_22_1_21811,Released
1338817,"60923_10_TOP_3_MAOM_r3_Mag_29Jan25_3p3kV_300SA_p01_27_1_22704","",2025-01-31 21:49:27.000,SciMax01,"60923",https://proto-9.pnl.gov/SciMax01/2025_1/60923_10_TOP_3_MAOM_r3_Mag_29Jan25_3p3kV_300SA_p01_27_1_22704,Released
1329118,"60923_5_TOP_1_MAOM_r3_Mag_27Dec24_3p3kV_300SA_p01_25_1_21277","",2024-12-29 16:59:13.000,SciMax01,"60923",https://proto-9.pnl.gov/SciMax01/2024_4/60923_5_TOP_1_MAOM_r3_Mag_27Dec24_3p3kV_300SA_p01_25_1_21277,Released
1336315,"60923_15_BTM_2_MAOM_r1_Mag_22Jan25_3p3kV_300SA_p01_14_1_22224","",2025-01-22 23:33:16.000,SciMax01,"60923",https://proto-9.pnl.gov/SciMax01/2025_1/60923_15_BTM_2_MAOM_r1_Mag_22Jan25_3p3kV_300SA_p01_14_1_22224,Released
1230845,"60932_6_B_3_WEOM_r1_Mag_21Feb24_300SA_p01_32_1_15529",Buzzard: MONet,2024-02-22 22:42:32.000,SciMax01,"60932",https://proto-9.pnl.gov/SciMax01/2024_1/60932_6_B_3_WEOM_r1_Mag_21Feb24_300SA_p01_32_1_15529,Released
1180803,"60921_2_T_3_WEOM_1w_10_1_13401",Buzzard: 1w; Data needs to be reviewed,2023-08-29 23:09:51.000,SciMax01,"60921",https://proto-9.pnl.gov/SciMax01/2023_3/60921_2_T_3_WEOM_1w_10_1_13401,Released
1231039,"60933_14_B_3_WEOM_r2_Mag_12Feb24_300SA_p01_24_1_15143",Buzzard: MONet,2024-02-14 20:11:25.000,SciMax01,"60933",https://proto-9.pnl.gov/SciMax01/2024_1/60933_14_B_3_WEOM_r2_Mag_12Feb24_300SA_p01_24_1_15143,Released
1165476,MONet_Test_Soap_R_3_pls-10ppmSRFAII_fir_r1_07Jul23_300SA_p1_5_1_8734,Buzzard: Just testing samples tubes,2023-07-07 15:34:09.000,"15T_FTICR_I","60141",https://proto-9.pnl.gov/15T_FTICR_I/2023_3/MONet_Test_Soap_R_3_pls-10ppmSRFAII_fir_r1_07Jul23_300SA_p1_5_1_8734,Released
1337310,"60886_2_TOP_2_MAOM_r1_Mag_22Jan25_3p3kV_300SA_p01_14_1_22406","",2025-01-26 08:44:43.000,SciMax01,"60886",https://proto-9.pnl.gov/SciMax01/2025_1/60886_2_TOP_2_MAOM_r1_Mag_22Jan25_3p3kV_300SA_p01_14_1_22406,Released
1230922,"60880_2_B_1_WEOM_r2_Mag_16Feb24_300SA_p01_23_1_15399",Buzzard: MONet,2024-02-19 23:50:25.000,SciMax01,"60880",https://proto-9.pnl.gov/SciMax01/2024_1/60880_2_B_1_WEOM_r2_Mag_16Feb24_300SA_p01_23_1_15399,Released
1217337,"60923_1_T_2_WEOM_r3_Mag_04Jan24_300SA_p01_29_1_14650",Buzzard: Use this data,2024-01-09 00:00:43.000,SciMax01,"60923",https://proto-9.pnl.gov/SciMax01/2024_1/60923_1_T_2_WEOM_r3_Mag_04Jan24_300SA_p01_29_1_14650,Released
1216171,"60923_3_B_3_WEOM_r1_Mag_26Dec23_300SA_p01_14_1_14293",Buzzard: Data is fine but queue stopped over holiday week so need to shim cell and will run the queue again,2023-12-29 00:50:02.000,SciMax01,"60923",https://proto-9.pnl.gov/SciMax01/2024_1/60923_3_B_3_WEOM_r1_Mag_26Dec23_300SA_p01_14_1_14293,Released
1180812,"60881_2_T_1_BLANK_1w_21_1_13412",Buzzard: 1w,2023-08-30 04:02:20.000,SciMax01,"60881",https://proto-9.pnl.gov/SciMax01/2023_3/60881_2_T_1_BLANK_1w_21_1_13412,Released
1335273,"60933_13_BTM_1_MAOM_r3_Mag_13Jan25_3p3kV_300SA_p01_20_1_21914","",2025-01-16 17:35:26.000,SciMax01,"60933",https://proto-9.pnl.gov/SciMax01/2025_1/60933_13_BTM_1_MAOM_r3_Mag_13Jan25_3p3kV_300SA_p01_20_1_21914,Released
1230699,"60932_4_B_3_WEOM_r2_Mag_24Feb24_300SA_p01_20_1_15922",Buzzard: MONet,2024-02-24 15:44:32.000,SciMax01,"60932",https://proto-9.pnl.gov/SciMax01/2024_1/60932_4_B_3_WEOM_r2_Mag_24Feb24_300SA_p01_20_1_15922,Released
1090519,"1000s_SRFAII_20ppm_05_25Oct22_Mag_300SA_p01_68_1_6981","",2022-10-27 22:10:05.000,SciMax01,"60141",https://proto-9.pnl.gov/SciMax01/2022_4/1000s_SRFAII_20ppm_05_25Oct22_Mag_300SA_p01_68_1_6981,Released
1252888,"60929_2_B_1_WEOM_r3_Mag_01May24_300SA_p01_46_1_18230","",2024-05-06 01:33:12.000,SciMax01,"60929",https://proto-9.pnl.gov/SciMax01/2024_2/60929_2_B_1_WEOM_r3_Mag_01May24_300SA_p01_46_1_18230,Released
1233027,"60923_17_T_1_WEOM_r1_Mag_04Mar24_300SA_p01_13_1_16843","",2024-03-05 13:54:18.000,SciMax01,"60923",https://proto-9.pnl.gov/SciMax01/2024_1/60923_17_T_1_WEOM_r1_Mag_04Mar24_300SA_p01_13_1_16843,Released
1340549,"60938_3_BTM_3_MAOM_r3_Mag_03Feb25_3p3kV_300SA_p01_18_1_22860","",2025-02-05 18:30:09.000,SciMax01,"60938",https://proto-9.pnl.gov/SciMax01/2025_1/60938_3_BTM_3_MAOM_r3_Mag_03Feb25_3p3kV_300SA_p01_18_1_22860,Released
1216203,"60923_9_T_1_WEOM_r2_Mag_26Dec23_300SA_p01_17_1_14315",Buzzard: Data is fine but queue stopped over holiday week so need to shim cell and will run the queue again,2023-12-29 10:35:00.000,SciMax01,"60923",https://proto-9.pnl.gov/SciMax01/2024_1/60923_9_T_1_WEOM_r2_Mag_26Dec23_300SA_p01_17_1_14315,Released
1216084,"60923_7_T_2_WEOM_r1_Mag_26Dec23_300SA_p01_41_1_14246",Buzzard: Data is fine but queue stopped over holiday week so need to shim cell and will run the queue again,2023-12-28 04:00:15.000,SciMax01,"60923",https://proto-9.pnl.gov/SciMax01/2024_1/60923_7_T_2_WEOM_r1_Mag_26Dec23_300SA_p01_41_1_14246,Released
1215914,"60920_2_B_3_WEOM_r2_Mag_21Dec23_300SA_p01_4_1_14110",Data needs to be reviewed,2023-12-25 00:28:47.000,SciMax01,"60920",https://proto-9.pnl.gov/SciMax01/2024_1/60920_2_B_3_WEOM_r2_Mag_21Dec23_300SA_p01_4_1_14110,Released
1337566,"60886_1_TOP_2_MAOM_r2_Mag_22Jan25_3p3kV_300SA_p01_8_1_22470","",2025-01-27 13:16:30.000,SciMax01,"60886",https://proto-9.pnl.gov/SciMax01/2025_1/60886_1_TOP_2_MAOM_r2_Mag_22Jan25_3p3kV_300SA_p01_8_1_22470,Released
1328958,"60920_8_BTM_3_MAOM_r2_Mag_23Dec24_3p3kV_300SA_p01_38_1_21088","",2024-12-24 17:07:16.000,SciMax01,"60920",https://proto-9.pnl.gov/SciMax01/2024_4/60920_8_BTM_3_MAOM_r2_Mag_23Dec24_3p3kV_300SA_p01_38_1_21088,Released
1344882,"60942_2_TOP_3_MAOM_r1_Mag_19Feb25_3p3kV_300SA_p01_15_1_23480","",2025-02-22 09:15:27.000,SciMax01,"60942",https://proto-9.pnl.gov/SciMax01/2025_1/60942_2_TOP_3_MAOM_r1_Mag_19Feb25_3p3kV_300SA_p01_15_1_23480,Released
1330595,"60846_5_BTM_3_MAOM_r2_Mag_02Jan25_3p3kV_300SA_p01_12_1_21501","",2025-01-03 21:10:14.000,SciMax01,"60846",https://proto-9.pnl.gov/SciMax01/2025_1/60846_5_BTM_3_MAOM_r2_Mag_02Jan25_3p3kV_300SA_p01_12_1_21501,Released
1231217,"60933_19_T_2_WEOM_r3_Mag_12Feb24_300SA_p01_50_1_15204",Buzzard: MONet,2024-02-15 23:13:19.000,SciMax01,"60933",https://proto-9.pnl.gov/SciMax01/2024_1/60933_19_T_2_WEOM_r3_Mag_12Feb24_300SA_p01_50_1_15204,Released
1349537,"60933_7_TOP_1_MAOM_r3_Mag_20Jan25_3p3kV_300SA_p01_38_1_22179","",2025-01-21 20:39:24.000,SciMax01,"60933",https://proto-9.pnl.gov/SciMax01/2025_1/60933_7_TOP_1_MAOM_r3_Mag_20Jan25_3p3kV_300SA_p01_38_1_22179,Released
1330008,"60880_2_BTM_2_MAOM_r1_Mag_02Jan25_3p3kV_300SA_p01_45_1_21435","",2025-01-02 15:43:41.000,SciMax01,"60880",https://proto-9.pnl.gov/SciMax01/2025_1/60880_2_BTM_2_MAOM_r1_Mag_02Jan25_3p3kV_300SA_p01_45_1_21435,Released
1233006,"60923_20_T_2_WEOM_r1_Mag_04Mar24_300SA_p01_32_1_16828","",2024-03-05 07:15:25.000,SciMax01,"60923",https://proto-9.pnl.gov/SciMax01/2024_1/60923_20_T_2_WEOM_r1_Mag_04Mar24_300SA_p01_32_1_16828,Released
1344802,"60929_1_TOP_1_MAOM_r3_Mag_19Feb25_3p3kV_300SA_p01_22_1_23594","",2025-02-25 06:40:50.000,SciMax01,"60929",https://proto-9.pnl.gov/SciMax01/2025_1/60929_1_TOP_1_MAOM_r3_Mag_19Feb25_3p3kV_300SA_p01_22_1_23594,Released
1338265,"60923_10_BTM_1_MAOM_r1_Mag_29Jan25_3p3kV_300SA_p01_28_1_22595","",2025-01-29 21:14:26.000,SciMax01,"60923",https://proto-9.pnl.gov/SciMax01/2025_1/60923_10_BTM_1_MAOM_r1_Mag_29Jan25_3p3kV_300SA_p01_28_1_22595,Released
1341051,"60932_3_BTM_2_MAOM_r1_Mag_10Feb25_3p3kV_300SA_p01_17_1_23049","",2025-02-10 18:13:38.000,SciMax01,"60932",https://proto-9.pnl.gov/SciMax01/2025_1/60932_3_BTM_2_MAOM_r1_Mag_10Feb25_3p3kV_300SA_p01_17_1_23049,Released
1231234,"60933_12_B_2_WEOM_r2_Mag_12Feb24_300SA_p01_11_1_15113",Buzzard: MONet,2024-02-14 06:53:40.000,SciMax01,"60933",https://proto-9.pnl.gov/SciMax01/2024_1/60933_12_B_2_WEOM_r2_Mag_12Feb24_300SA_p01_11_1_15113,Released
1341264,"60932_4_TOP_2_MAOM_r2_Mag_10Feb25_3p3kV_300SA_p01_20_1_23100","",2025-02-11 16:57:30.000,SciMax01,"60932",https://proto-9.pnl.gov/SciMax01/2025_1/60932_4_TOP_2_MAOM_r2_Mag_10Feb25_3p3kV_300SA_p01_20_1_23100,Released
1220611,"60933_4_B_2_WEOM_r1_Mag_18Jan24_300SA_p01_20_1_14748",Buzzard: MONet,2024-01-19 17:14:42.000,SciMax01,"60933",https://proto-9.pnl.gov/SciMax01/2024_1/60933_4_B_2_WEOM_r1_Mag_18Jan24_300SA_p01_20_1_14748,Released
1234576,"60923_18_B_3_WEOM_r2_Mag_04Mar24_300SA_p01_24_1_16885",Buzzard: MONet,2024-03-06 08:31:06.000,SciMax01,"60923",https://proto-9.pnl.gov/SciMax01/2024_1/60923_18_B_3_WEOM_r2_Mag_04Mar24_300SA_p01_24_1_16885,Released
1484251,QC_SRFAII_25_02_r1_Mag_25Mar26_54_1_32623,"",2026-03-25 23:07:16.000,SciMax01,"61050",https://proto-9.pnl.gov/SciMax01/2026_1/QC_SRFAII_25_02_r1_Mag_25Mar26_54_1_32623,Released
1329101,"60923_6_BTM_1_MAOM_r1_Mag_27Dec24_3p3kV_300SA_p01_34_1_21188","",2024-12-28 01:19:09.000,SciMax01,"60923",https://proto-9.pnl.gov/SciMax01/2024_4/60923_6_BTM_1_MAOM_r1_Mag_27Dec24_3p3kV_300SA_p01_34_1_21188,Released
1336817,"60923_20_TOP_1_MAOM_r2_Mag_22Jan25_3p3kV_300SA_p01_44_1_22291","",2025-01-24 05:26:41.000,SciMax01,"60923",https://proto-9.pnl.gov/SciMax01/2025_1/60923_20_TOP_1_MAOM_r2_Mag_22Jan25_3p3kV_300SA_p01_44_1_22291,Released
1338528,"60933_19_BTM_1_MAOM_r2_Mag_29Jan25_3p3kV_300SA_p01_10_1_22641","",2025-01-30 17:44:03.000,SciMax01,"60933",https://proto-9.pnl.gov/SciMax01/2025_1/60933_19_BTM_1_MAOM_r2_Mag_29Jan25_3p3kV_300SA_p01_10_1_22641,Released
1230744,QC_SRFAII_23_01_10ppm_r3_Mag_24Feb24_300SA_p01_54_1_16017,Buzzard: MONet,2024-02-26 09:50:40.000,SciMax01,"60946",https://proto-9.pnl.gov/SciMax01/2024_1/QC_SRFAII_23_01_10ppm_r3_Mag_24Feb24_300SA_p01_54_1_16017,Released
1328913,"60920_9_TOP_2_MAOM_r2_Mag_23Dec24_3p3kV_300SA_p01_40_1_21087","",2024-12-24 16:40:38.000,SciMax01,"60920",https://proto-9.pnl.gov/SciMax01/2024_4/60920_9_TOP_2_MAOM_r2_Mag_23Dec24_3p3kV_300SA_p01_40_1_21087,Released
1231235,"60933_13_B_2_WEOM_r2_Mag_12Feb24_300SA_p01_17_1_15138",Buzzard: MONet,2024-02-14 17:58:30.000,SciMax01,"60933",https://proto-9.pnl.gov/SciMax01/2024_1/60933_13_B_2_WEOM_r2_Mag_12Feb24_300SA_p01_17_1_15138,Released
1215872,"60920_2_T_2_WEOM_r2_Mag_21Dec23_300SA_p01_22_1_14101",Data needs to be reviewed,2023-12-24 20:29:27.000,SciMax01,"60920",https://proto-9.pnl.gov/SciMax01/2024_1/60920_2_T_2_WEOM_r2_Mag_21Dec23_300SA_p01_22_1_14101,Released
1331711,"60933_4_BTM_3_MAOM_r3_Mag_05Jan25_3p3kV_300SA_p01_21_1_21769",data good just rerun,2025-01-09 15:17:34.000,SciMax01,"60933",https://proto-9.pnl.gov/SciMax01/2025_1/60933_4_BTM_3_MAOM_r3_Mag_05Jan25_3p3kV_300SA_p01_21_1_21769,Released
1216022,"60923_2_B_3_WEOM_r1_Mag_26Dec23_300SA_p01_12_1_14290",Buzzard: Data is fine but queue stopped over holiday week so need to shim cell and will run the queue again,2023-12-28 23:30:15.000,SciMax01,"60923",https://proto-9.pnl.gov/SciMax01/2024_1/60923_2_B_3_WEOM_r1_Mag_26Dec23_300SA_p01_12_1_14290,Released
1330794,"60933_4_BTM_3_MAOM_r1_Mag_05Jan25_3p3kV_300SA_p01_21_1_21592","",2025-01-05 13:43:06.000,SciMax01,"60933",https://proto-9.pnl.gov/SciMax01/2025_1/60933_4_BTM_3_MAOM_r1_Mag_05Jan25_3p3kV_300SA_p01_21_1_21592,Released
1217331,"60923_12_B_3_WEOM_r2_Mag_04Jan24_300SA_p01_32_1_14589",Buzzard: Use this data,2024-01-07 20:58:38.000,SciMax01,"60923",https://proto-9.pnl.gov/SciMax01/2024_1/60923_12_B_3_WEOM_r2_Mag_04Jan24_300SA_p01_32_1_14589,Released
1337803,"60886_1_BTM_2_MAOM_r3_Mag_22Jan25_3p3kV_300SA_p01_11_1_22520","",2025-01-28 11:34:11.000,SciMax01,"60886",https://proto-9.pnl.gov/SciMax01/2025_1/60886_1_BTM_2_MAOM_r3_Mag_22Jan25_3p3kV_300SA_p01_11_1_22520,Released
1217379,"60923_11_B_1_WEOM_r1_Mag_04Jan24_300SA_p01_22_1_14435",Buzzard: Use this data,2024-01-05 00:43:29.000,SciMax01,"60923",https://proto-9.pnl.gov/SciMax01/2024_1/60923_11_B_1_WEOM_r1_Mag_04Jan24_300SA_p01_22_1_14435,Released
1220649,"60938_6_B_3_WEOM_r1_Mag_18Jan24_300SA_p01_36_1_14791",Buzzard: MONet,2024-01-20 12:18:11.000,SciMax01,"60938",https://proto-9.pnl.gov/SciMax01/2024_1/60938_6_B_3_WEOM_r1_Mag_18Jan24_300SA_p01_36_1_14791,Released
1236350,"60886_3_B_3_WEOM_r3_Mag_10Mar24_300SA_p01_18_1_17272",Buzzard: MONet,2024-03-14 06:19:48.000,SciMax01,"60886",https://proto-9.pnl.gov/SciMax01/2024_1/60886_3_B_3_WEOM_r3_Mag_10Mar24_300SA_p01_18_1_17272,Released
1231110,"60933_18_T_3_WEOM_r2_Mag_12Feb24_300SA_p01_45_1_15149",Buzzard: MONet,2024-02-14 22:50:56.000,SciMax01,"60933",https://proto-9.pnl.gov/SciMax01/2024_1/60933_18_T_3_WEOM_r2_Mag_12Feb24_300SA_p01_45_1_15149,Released
1217285,"60923_3_B_2_WEOM_r2_Mag_04Jan24_300SA_p01_34_1_14558",Buzzard: Use this data,2024-01-07 07:14:14.000,SciMax01,"60923",https://proto-9.pnl.gov/SciMax01/2024_1/60923_3_B_2_WEOM_r2_Mag_04Jan24_300SA_p01_34_1_14558,Released
1216140,"60923_11_B_3_WEOM_r2_Mag_26Dec23_300SA_p01_30_1_14359",Buzzard: Data is fine but queue stopped over holiday week so need to shim cell and will run the queue again,2023-12-30 06:05:01.000,SciMax01,"60923",https://proto-9.pnl.gov/SciMax01/2024_1/60923_11_B_3_WEOM_r2_Mag_26Dec23_300SA_p01_30_1_14359,Released
1090589,"1000s_SRFAII_20ppm_06_25Oct22_Mag_300SA_p01_69_1_6982","",2022-10-27 22:37:09.000,SciMax01,"60141",https://proto-9.pnl.gov/SciMax01/2022_4/1000s_SRFAII_20ppm_06_25Oct22_Mag_300SA_p01_69_1_6982,Released
1340442,"60946_1_TOP_2_MAOM_r3_Mag_03Feb25_3p3kV_300SA_p01_30_1_23041","",2025-02-09 03:10:50.000,SciMax01,"60946",https://proto-9.pnl.gov/SciMax01/2025_1/60946_1_TOP_2_MAOM_r3_Mag_03Feb25_3p3kV_300SA_p01_30_1_23041,Released
1231167,"60933_13_B_3_WEOM_r2_Mag_12Feb24_300SA_p01_18_1_15133",Buzzard: MONet,2024-02-14 15:45:30.000,SciMax01,"60933",https://proto-9.pnl.gov/SciMax01/2024_1/60933_13_B_3_WEOM_r2_Mag_12Feb24_300SA_p01_18_1_15133,Released
1342021,"60881_5_TOP_2_MAOM_r2_Mag_10Feb25_3p3kV_300SA_p01_26_1_23277","",2025-02-14 23:53:38.000,SciMax01,"60881",https://proto-9.pnl.gov/SciMax01/2025_1/60881_5_TOP_2_MAOM_r2_Mag_10Feb25_3p3kV_300SA_p01_26_1_23277,Released
1337547,"60886_4_BTM_1_MAOM_r2_Mag_22Jan25_3p3kV_300SA_p01_32_1_22468","",2025-01-27 12:23:13.000,SciMax01,"60886",https://proto-9.pnl.gov/SciMax01/2025_1/60886_4_BTM_1_MAOM_r2_Mag_22Jan25_3p3kV_300SA_p01_32_1_22468,Released
1253696,"60940_3_B_2_WEOM_r2_Mag_10May24_300SA_p01_14_1_18321","",2024-05-11 17:59:01.000,SciMax01,"60940",https://proto-9.pnl.gov/SciMax01/2024_2/60940_3_B_2_WEOM_r2_Mag_10May24_300SA_p01_14_1_18321,Released
1337190,"60923_20_TOP_1_MAOM_r3_Mag_22Jan25_3p3kV_300SA_p01_44_1_22359","",2025-01-25 11:46:34.000,SciMax01,"60923",https://proto-9.pnl.gov/SciMax01/2025_1/60923_20_TOP_1_MAOM_r3_Mag_22Jan25_3p3kV_300SA_p01_44_1_22359,Released
1336046,"60933_8_TOP_1_MAOM_r3_Mag_20Jan25_3p3kV_300SA_p01_44_1_22160","",2025-01-21 12:11:22.000,SciMax01,"60933",https://proto-9.pnl.gov/SciMax01/2025_1/60933_8_TOP_1_MAOM_r3_Mag_20Jan25_3p3kV_300SA_p01_44_1_22160,Released
1252957,"60881_2_B_1_WEOM_r3_Mag_01May24_300SA_p01_7_1_18205","",2024-05-05 14:28:27.000,SciMax01,"60881",https://proto-9.pnl.gov/SciMax01/2024_2/60881_2_B_1_WEOM_r3_Mag_01May24_300SA_p01_7_1_18205,Released
1344999,"60929_2_BTM_1_MAOM_r1_Mag_19Feb25_3p3kV_300SA_p01_30_1_23500","",2025-02-22 18:10:55.000,SciMax01,"60929",https://proto-9.pnl.gov/SciMax01/2025_1/60929_2_BTM_1_MAOM_r1_Mag_19Feb25_3p3kV_300SA_p01_30_1_23500,Released
1253614,"60940_1_B_3_WEOM_r1_Mag_10May24_300SA_p01_6_1_18291","",2024-05-11 04:41:18.000,SciMax01,"60940",https://proto-9.pnl.gov/SciMax01/2024_2/60940_1_B_3_WEOM_r1_Mag_10May24_300SA_p01_6_1_18291,Released
1220616,"60938_2_T_1_WEOM_r1_Mag_18Jan24_300SA_p01_7_1_14772",Buzzard: MONet,2024-01-20 03:52:54.000,SciMax01,"60938",https://proto-9.pnl.gov/SciMax01/2024_1/60938_2_T_1_WEOM_r1_Mag_18Jan24_300SA_p01_7_1_14772,Released
1216161,"60923_1_B_1_WEOM_r1_Mag_26Dec23_300SA_p01_2_1_14233",Buzzard: Data is fine but queue stopped over holiday week so need to shim cell and will run the queue again,2023-12-27 22:14:34.000,SciMax01,"60923",https://proto-9.pnl.gov/SciMax01/2024_1/60923_1_B_1_WEOM_r1_Mag_26Dec23_300SA_p01_2_1_14233,Released
1230816,"60932_6_B_1_WEOM_r1_Mag_21Feb24_300SA_p01_30_1_15518",Buzzard: MONet,2024-02-22 17:50:04.000,SciMax01,"60932",https://proto-9.pnl.gov/SciMax01/2024_1/60932_6_B_1_WEOM_r1_Mag_21Feb24_300SA_p01_30_1_15518,Released
1328862,"60940_3_BTM_2_MAOM_r1_Mag_19Dec24_3p3kV_300SA_p01_17_1_21002","",2024-12-20 12:18:53.000,SciMax01,"60940",https://proto-9.pnl.gov/SciMax01/2024_4/60940_3_BTM_2_MAOM_r1_Mag_19Dec24_3p3kV_300SA_p01_17_1_21002,Released
1329458,"60880_4_TOP_1_MAOM_r1_Mag_27Dec24_3p3kV_300SA_p01_7_1_21338","",2024-12-30 20:10:40.000,SciMax01,"60880",https://proto-9.pnl.gov/SciMax01/2024_4/60880_4_TOP_1_MAOM_r1_Mag_27Dec24_3p3kV_300SA_p01_7_1_21338,Released
1336761,"60923_15_TOP_3_MAOM_r2_Mag_22Jan25_3p3kV_300SA_p01_12_1_22277","",2025-01-23 23:11:55.000,SciMax01,"60923",https://proto-9.pnl.gov/SciMax01/2025_1/60923_15_TOP_3_MAOM_r2_Mag_22Jan25_3p3kV_300SA_p01_12_1_22277,Released
1328939,"60920_10_TOP_2_MAOM_r3_Mag_23Dec24_3p3kV_300SA_p01_46_1_21157","",2024-12-25 23:52:58.000,SciMax01,"60920",https://proto-9.pnl.gov/SciMax01/2024_4/60920_10_TOP_2_MAOM_r3_Mag_23Dec24_3p3kV_300SA_p01_46_1_21157,Released
1220575,"60938_5_T_2_WEOM_r1_Mag_18Jan24_300SA_p01_26_1_14761",Buzzard: MONet,2024-01-19 23:00:21.000,SciMax01,"60938",https://proto-9.pnl.gov/SciMax01/2024_1/60938_5_T_2_WEOM_r1_Mag_18Jan24_300SA_p01_26_1_14761,Released
1235590,"60942_6_T_3_WEOM_r2_Mag_07Mar24_300SA_p01_32_1_17059",Buzzard: MONet,2024-03-09 22:04:48.000,SciMax01,"60942",https://proto-9.pnl.gov/SciMax01/2024_1/60942_6_T_3_WEOM_r2_Mag_07Mar24_300SA_p01_32_1_17059,Released
1328840,"60940_4_BTM_2_MAOM_r1_Mag_19Dec24_3p3kV_300SA_p01_23_1_20978","",2024-12-20 01:36:35.000,SciMax01,"60940",https://proto-9.pnl.gov/SciMax01/2024_4/60940_4_BTM_2_MAOM_r1_Mag_19Dec24_3p3kV_300SA_p01_23_1_20978,Released
1231145,"60846_2_T_3_WEOM_r2_Mag_16Feb24_300SA_p01_15_1_15284",Buzzard: MONet,2024-02-17 11:49:03.000,SciMax01,"60846",https://proto-9.pnl.gov/SciMax01/2024_1/60846_2_T_3_WEOM_r2_Mag_16Feb24_300SA_p01_15_1_15284,Released
1166785,MONet_Test_QC_SRFAII_20ppm_r1_Fir_11Jul23_300SA_p1_2_1_8762,Buzzard: Just testing samples tubes,2023-07-11 11:04:29.000,"15T_FTICR_I","60141",https://proto-9.pnl.gov/15T_FTICR_I/2023_3/MONet_Test_QC_SRFAII_20ppm_r1_Fir_11Jul23_300SA_p1_2_1_8762,Released
1253690,"60940_1_B_1_WEOM_r1_Mag_10May24_300SA_p01_4_1_18295","",2024-05-11 06:27:39.000,SciMax01,"60940",https://proto-9.pnl.gov/SciMax01/2024_2/60940_1_B_1_WEOM_r1_Mag_10May24_300SA_p01_4_1_18295,Released
1230631,"60946_2_B_2_WEOM_r2_Mag_23Feb24_300SA_p01_37_1_16038",Buzzard: Monet,2024-02-26 19:09:05.000,SciMax01,"60946",https://proto-9.pnl.gov/SciMax01/2024_1/60946_2_B_2_WEOM_r2_Mag_23Feb24_300SA_p01_37_1_16038,Released
1217302,"60923_1_B_2_WEOM_r2_Mag_04Jan24_300SA_p01_30_1_14561",Buzzard: Use this data,2024-01-07 08:34:02.000,SciMax01,"60923",https://proto-9.pnl.gov/SciMax01/2024_1/60923_1_B_2_WEOM_r2_Mag_04Jan24_300SA_p01_30_1_14561,Released
1329109,"60923_7_BTM_3_MAOM_r1_Mag_27Dec24_3p3kV_300SA_p01_42_1_21169","",2024-12-27 16:51:18.000,SciMax01,"60923",https://proto-9.pnl.gov/SciMax01/2024_4/60923_7_BTM_3_MAOM_r1_Mag_27Dec24_3p3kV_300SA_p01_42_1_21169,Released
1336328,"60923_15_BTM_1_MAOM_r1_Mag_22Jan25_3p3kV_300SA_p01_13_1_22226","",2025-01-23 00:26:40.000,SciMax01,"60923",https://proto-9.pnl.gov/SciMax01/2025_1/60923_15_BTM_1_MAOM_r1_Mag_22Jan25_3p3kV_300SA_p01_13_1_22226,Released
1230832,"60932_2_T_3_WEOM_r1_Mag_21Feb24_300SA_p01_5_1_15520",Buzzard: MONet,2024-02-22 18:43:15.000,SciMax01,"60932",https://proto-9.pnl.gov/SciMax01/2024_1/60932_2_T_3_WEOM_r1_Mag_21Feb24_300SA_p01_5_1_15520,Released
1221044,QC_SRFAII_23_01_20ppm_r0_Mag_18Jan24_300SA_p01_52_1_14691,Buzzard: MONet,2024-01-18 15:41:01.000,SciMax01,"60938",https://proto-9.pnl.gov/SciMax01/2024_1/QC_SRFAII_23_01_20ppm_r0_Mag_18Jan24_300SA_p01_52_1_14691,Released
1216047,"60923_2_T_1_WEOM_r2_Mag_26Dec23_300SA_p01_3_1_14310",Buzzard: Data is fine but queue stopped over holiday week so need to shim cell and will run the queue again,2023-12-29 08:22:03.000,SciMax01,"60923",https://proto-9.pnl.gov/SciMax01/2024_1/60923_2_T_1_WEOM_r2_Mag_26Dec23_300SA_p01_3_1_14310,Released
1337605,"60886_3_TOP_2_MAOM_r2_Mag_22Jan25_3p3kV_300SA_p01_20_1_22475","",2025-01-27 15:30:26.000,SciMax01,"60886",https://proto-9.pnl.gov/SciMax01/2025_1/60886_3_TOP_2_MAOM_r2_Mag_22Jan25_3p3kV_300SA_p01_20_1_22475,Released
1252875,"60881_5_T_1_WEOM_r3_Mag_01May24_300SA_p01_22_1_18235","",2024-05-06 03:46:10.000,SciMax01,"60881",https://proto-9.pnl.gov/SciMax01/2024_2/60881_5_T_1_WEOM_r3_Mag_01May24_300SA_p01_22_1_18235,Released
1346525,"60921_1_TOP_3_MAOM_r2_Mag_26Feb25_3p3kV_300SA_p01_3_1_23949","",2025-03-05 19:20:41.000,SciMax01,"60921",https://proto-9.pnl.gov/SciMax01/2025_1/60921_1_TOP_3_MAOM_r2_Mag_26Feb25_3p3kV_300SA_p01_3_1_23949,Released
1215802,"60920_1_B_3_WEOM_r1_Mag_21Dec23_300SA_p01_2_1_14035",Data needs to be reviewed,2023-12-22 14:07:04.000,SciMax01,"60920",https://proto-9.pnl.gov/SciMax01/2024_1/60920_1_B_3_WEOM_r1_Mag_21Dec23_300SA_p01_2_1_14035,Released
1335246,"60933_11_TOP_3_MAOM_r2_Mag_13Jan25_3p3kV_300SA_p01_3_1_21848","",2025-01-15 12:08:03.000,SciMax01,"60933",https://proto-9.pnl.gov/SciMax01/2025_1/60933_11_TOP_3_MAOM_r2_Mag_13Jan25_3p3kV_300SA_p01_3_1_21848,Released
1217259,QC_SRFAII_23_01_20ppm_r1_Mag_04Jan24_300SA_p01_54_1_14508,Buzzard: Use this data,2024-01-06 09:04:32.000,SciMax01,"60923",https://proto-9.pnl.gov/SciMax01/2024_1/QC_SRFAII_23_01_20ppm_r1_Mag_04Jan24_300SA_p01_54_1_14508,Released
1345094,"60920_4_BTM_2_MAOM_r2_Mag_19Feb25_3p3kV_300SA_p01_23_1_23401","",2025-02-20 22:01:06.000,SciMax01,"60920",https://proto-9.pnl.gov/SciMax01/2025_1/60920_4_BTM_2_MAOM_r2_Mag_19Feb25_3p3kV_300SA_p01_23_1_23401,Released
1340120,"60946_2_TOP_3_MAOM_r2_Mag_03Feb25_3p3kV_300SA_p01_37_1_22954","",2025-02-07 12:24:06.000,SciMax01,"60946",https://proto-9.pnl.gov/SciMax01/2025_1/60946_2_TOP_3_MAOM_r2_Mag_03Feb25_3p3kV_300SA_p01_37_1_22954,Released
1336069,"60933_8_TOP_3_MAOM_r3_Mag_20Jan25_3p3kV_300SA_p01_46_1_22161","",2025-01-21 12:38:01.000,SciMax01,"60933",https://proto-9.pnl.gov/SciMax01/2025_1/60933_8_TOP_3_MAOM_r3_Mag_20Jan25_3p3kV_300SA_p01_46_1_22161,Released
1344962,"60942_2_BTM_3_MAOM_r3_Mag_19Feb25_3p3kV_300SA_p01_18_1_23563","",2025-02-24 16:51:58.000,SciMax01,"60942",https://proto-9.pnl.gov/SciMax01/2025_1/60942_2_BTM_3_MAOM_r3_Mag_19Feb25_3p3kV_300SA_p01_18_1_23563,Released
1344916,"60920_5_BTM_2_MAOM_r3_Mag_19Feb25_3p3kV_300SA_p01_29_1_23460","",2025-02-22 00:21:06.000,SciMax01,"60920",https://proto-9.pnl.gov/SciMax01/2025_1/60920_5_BTM_2_MAOM_r3_Mag_19Feb25_3p3kV_300SA_p01_29_1_23460,Released
1329117,"60923_6_BTM_3_MAOM_r1_Mag_27Dec24_3p3kV_300SA_p01_36_1_21182","",2024-12-27 22:38:44.000,SciMax01,"60923",https://proto-9.pnl.gov/SciMax01/2024_4/60923_6_BTM_3_MAOM_r1_Mag_27Dec24_3p3kV_300SA_p01_36_1_21182,Released
1253603,QC_SRFAII_23_01_10ppm_WEOM_r3_Mag_10May24_300SA_p01_54_1_18372,"",2024-05-12 16:35:04.000,SciMax01,"60940",https://proto-9.pnl.gov/SciMax01/2024_2/QC_SRFAII_23_01_10ppm_WEOM_r3_Mag_10May24_300SA_p01_54_1_18372,Released
1272555,"60923_2_B_2_MAOM_r3_Mag_04Jul24_300SA_p01_11_1_19417",Buzzard: testing MAOM samples before the move,2024-07-05 03:44:20.000,SciMax01,"60923",https://proto-9.pnl.gov/SciMax01/2024_3/60923_2_B_2_MAOM_r3_Mag_04Jul24_300SA_p01_11_1_19417,Released
1235608,"60886_5_T_2_WEOM_r1_Mag_10Mar24_300SA_p01_26_1_17168",Buzzard: MONet,2024-03-12 08:14:33.000,SciMax01,"60886",https://proto-9.pnl.gov/SciMax01/2024_1/60886_5_T_2_WEOM_r1_Mag_10Mar24_300SA_p01_26_1_17168,Released
1231151,"60933_15_B_3_WEOM_r3_Mag_12Feb24_300SA_p01_30_1_15230",Buzzard: MONet,2024-02-16 10:44:45.000,SciMax01,"60933",https://proto-9.pnl.gov/SciMax01/2024_1/60933_15_B_3_WEOM_r3_Mag_12Feb24_300SA_p01_30_1_15230,Released
1329135,"60923_4_BTM_3_MAOM_r3_Mag_27Dec24_3p3kV_300SA_p01_24_1_21286","",2024-12-29 20:59:40.000,SciMax01,"60923",https://proto-9.pnl.gov/SciMax01/2024_4/60923_4_BTM_3_MAOM_r3_Mag_27Dec24_3p3kV_300SA_p01_24_1_21286,Released
1231304,"60933_11_B_1_WEOM_r3_Mag_12Feb24_300SA_p01_4_1_15220",Buzzard: MONet,2024-02-16 06:18:49.000,SciMax01,"60933",https://proto-9.pnl.gov/SciMax01/2024_1/60933_11_B_1_WEOM_r3_Mag_12Feb24_300SA_p01_4_1_15220,Released
1235628,"60886_6_T_2_WEOM_r1_Mag_10Mar24_300SA_p01_32_1_17114",Buzzard: MONet,2024-03-11 07:26:31.000,SciMax01,"60886",https://proto-9.pnl.gov/SciMax01/2024_1/60886_6_T_2_WEOM_r1_Mag_10Mar24_300SA_p01_32_1_17114,Released
1235684,"60942_2_T_2_WEOM_r1_Mag_07Mar24_300SA_p01_8_1_16971",Buzzard: MONet,2024-03-07 23:11:01.000,SciMax01,"60942",https://proto-9.pnl.gov/SciMax01/2024_1/60942_2_T_2_WEOM_r1_Mag_07Mar24_300SA_p01_8_1_16971,Released
1230890,"60921_4_B_3_WEOM_r2_Mag_21Feb24_300SA_p01_4_1_15485",Buzzard: MONet,2024-02-22 03:12:34.000,SciMax01,"60921",https://proto-9.pnl.gov/SciMax01/2024_1/60921_4_B_3_WEOM_r2_Mag_21Feb24_300SA_p01_4_1_15485,Released
1217524,QC_SRFAII_23_01_20ppm_r1_Mag_04Jan24_300SA_p01_54_1_14440,Buzzard: Use this data,2024-01-05 02:56:25.000,SciMax01,"60923",https://proto-9.pnl.gov/SciMax01/2024_1/QC_SRFAII_23_01_20ppm_r1_Mag_04Jan24_300SA_p01_54_1_14440,Released
1314812,QC_SRFAII_23_01_20ppm_r1_Mag_01Nov24_4p2kV_p01_54_1_20150,Buzzard: Testing response after Instrument cell clean and lab move,2024-11-03 00:14:36.000,SciMax01,"60938",https://proto-9.pnl.gov/SciMax01/2024_4/QC_SRFAII_23_01_20ppm_r1_Mag_01Nov24_4p2kV_p01_54_1_20150,Released
1328849,"60940_3_TOP_2_MAOM_r1_Mag_19Dec24_3p3kV_300SA_p01_14_1_21001","",2024-12-20 11:52:15.000,SciMax01,"60940",https://proto-9.pnl.gov/SciMax01/2024_4/60940_3_TOP_2_MAOM_r1_Mag_19Dec24_3p3kV_300SA_p01_14_1_21001,Released
1481322,QC_SRFAII_25_02_r2_Mag_12Mar26_54_1_32539,"",2026-03-13 12:33:47.000,SciMax01,"61050",https://proto-9.pnl.gov/SciMax01/2026_1/QC_SRFAII_25_02_r2_Mag_12Mar26_54_1_32539,Released
1344914,"60942_1_TOP_2_MAOM_r2_Mag_19Feb25_3p3kV_300SA_p01_8_1_23527","",2025-02-23 06:14:34.000,SciMax01,"60942",https://proto-9.pnl.gov/SciMax01/2025_1/60942_1_TOP_2_MAOM_r2_Mag_19Feb25_3p3kV_300SA_p01_8_1_23527,Released
1217480,QC_SRFAII_23_01_20ppm_r0_Mag_04Jan24_300SA_p01_54_1_14418,Buzzard: Use this data,2024-01-04 17:11:26.000,SciMax01,"60923",https://proto-9.pnl.gov/SciMax01/2024_1/QC_SRFAII_23_01_20ppm_r0_Mag_04Jan24_300SA_p01_54_1_14418,Released
1215882,"60920_10_T_1_WEOM_r2_Mag_21Dec23_300SA_p01_18_1_14069",Data needs to be reviewed,2023-12-23 05:11:12.000,SciMax01,"60920",https://proto-9.pnl.gov/SciMax01/2024_1/60920_10_T_1_WEOM_r2_Mag_21Dec23_300SA_p01_18_1_14069,Released
1344734,"60920_3_TOP_1_MAOM_r1_Mag_19Feb25_3p3kV_300SA_p01_13_1_23343","",2025-02-19 20:11:09.000,SciMax01,"60920",https://proto-9.pnl.gov/SciMax01/2025_1/60920_3_TOP_1_MAOM_r1_Mag_19Feb25_3p3kV_300SA_p01_13_1_23343,Released
1216199,"60923_2_T_3_WEOM_r1_Mag_26Dec23_300SA_p01_11_1_14269",Buzzard: Data is fine but queue stopped over holiday week so need to shim cell and will run the queue again,2023-12-28 14:11:50.000,SciMax01,"60923",https://proto-9.pnl.gov/SciMax01/2024_1/60923_2_T_3_WEOM_r1_Mag_26Dec23_300SA_p01_11_1_14269,Released
1314889,"60846_5_BTM_1_WEOM_r1_Mag_01Nov24_4p2kV_p01_25_1_20142",Buzzard: Testing response after Instrument cell clean and lab move,2024-11-02 20:40:49.000,SciMax01,"60938",https://proto-9.pnl.gov/SciMax01/2024_4/60846_5_BTM_1_WEOM_r1_Mag_01Nov24_4p2kV_p01_25_1_20142,Released
1231220,"60933_20_B_2_WEOM_r3_Mag_12Feb24_300SA_p01_8_1_15232",Buzzard: MONet,2024-02-16 11:37:56.000,SciMax01,"60933",https://proto-9.pnl.gov/SciMax01/2024_1/60933_20_B_2_WEOM_r3_Mag_12Feb24_300SA_p01_8_1_15232,Released
1330887,"60933_8_TOP_3_MAOM_r1_Mag_05Jan25_3p3kV_300SA_p01_46_1_21638","",2025-01-06 10:14:28.000,SciMax01,"60933",https://proto-9.pnl.gov/SciMax01/2025_1/60933_8_TOP_3_MAOM_r1_Mag_05Jan25_3p3kV_300SA_p01_46_1_21638,Released
1335355,"60933_14_TOP_2_MAOM_r1_Mag_13Jan25_3p3kV_300SA_p01_24_1_21821","",2025-01-15 00:05:14.000,SciMax01,"60933",https://proto-9.pnl.gov/SciMax01/2025_1/60933_14_TOP_2_MAOM_r1_Mag_13Jan25_3p3kV_300SA_p01_24_1_21821,Released
1335257,"60933_15_TOP_1_MAOM_r1_Mag_13Jan25_3p3kV_300SA_p01_29_1_21789","",2025-01-13 22:27:17.000,SciMax01,"60933",https://proto-9.pnl.gov/SciMax01/2025_1/60933_15_TOP_1_MAOM_r1_Mag_13Jan25_3p3kV_300SA_p01_29_1_21789,Released
1272564,"60923_1_B_1_MAOM_r1_Mag_03Jul24_300SA_p01_4_1_19369",Buzzard: testing MAOM samples before the move,2024-07-04 00:16:42.000,SciMax01,"60923",https://proto-9.pnl.gov/SciMax01/2024_3/60923_1_B_1_MAOM_r1_Mag_03Jul24_300SA_p01_4_1_19369,Released
1338605,"60933_20_BTM_3_MAOM_r2_Mag_29Jan25_3p3kV_300SA_p01_18_1_22662","",2025-01-31 03:05:58.000,SciMax01,"60933",https://proto-9.pnl.gov/SciMax01/2025_1/60933_20_BTM_3_MAOM_r2_Mag_29Jan25_3p3kV_300SA_p01_18_1_22662,Released
1339946,"60942_4_BTM_1_MAOM_r1_Mag_03Feb25_3p3kV_300SA_p01_10_1_22922","",2025-02-06 22:07:58.000,SciMax01,"60942",https://proto-9.pnl.gov/SciMax01/2025_1/60942_4_BTM_1_MAOM_r1_Mag_03Feb25_3p3kV_300SA_p01_10_1_22922,Released
1331097,"60933_5_TOP_1_MAOM_r2_Mag_05Jan25_3p3kV_300SA_p01_22_1_21697","",2025-01-07 12:32:39.000,SciMax01,"60933",https://proto-9.pnl.gov/SciMax01/2025_1/60933_5_TOP_1_MAOM_r2_Mag_05Jan25_3p3kV_300SA_p01_22_1_21697,Released
1215815,"60920_6_T_3_WEOM_r1_Mag_21Dec23_300SA_p01_11_1_14037",Data needs to be reviewed,2023-12-22 15:00:14.000,SciMax01,"60920",https://proto-9.pnl.gov/SciMax01/2024_1/60920_6_T_3_WEOM_r1_Mag_21Dec23_300SA_p01_11_1_14037,Released
1336134,"60933_17_TOP_1_MAOM_r2_Mag_13Jan25_3p3kV_300SA_p01_40_1_21865","samples were rerun to check, all good",2025-01-15 19:43:53.000,SciMax01,"60933",https://proto-9.pnl.gov/SciMax01/2025_1/60933_17_TOP_1_MAOM_r2_Mag_13Jan25_3p3kV_300SA_p01_40_1_21865,Released
1329530,"60921_4_BTM_2_MAOM_r2_Mag_27Dec24_3p3kV_300SA_p01_25_1_21361","",2024-12-31 06:25:56.000,SciMax01,"60921",https://proto-9.pnl.gov/SciMax01/2024_4/60921_4_BTM_2_MAOM_r2_Mag_27Dec24_3p3kV_300SA_p01_25_1_21361,Released
1216163,"60923_6_T_2_WEOM_r1_Mag_26Dec23_300SA_p01_39_1_14263",Buzzard: Data is fine but queue stopped over holiday week so need to shim cell and will run the queue again,2023-12-28 11:32:17.000,SciMax01,"60923",https://proto-9.pnl.gov/SciMax01/2024_1/60923_6_T_2_WEOM_r1_Mag_26Dec23_300SA_p01_39_1_14263,Released
1217448,"60923_14_B_1_WEOM_r2_Mag_04Jan24_300SA_p01_28_1_14538",Buzzard: Use this data,2024-01-06 22:22:20.000,SciMax01,"60923",https://proto-9.pnl.gov/SciMax01/2024_1/60923_14_B_1_WEOM_r2_Mag_04Jan24_300SA_p01_28_1_14538,Released
1217397,"60923_5_T_2_WEOM_r2_Mag_04Jan24_300SA_p01_37_1_14547",Buzzard: Use this data,2024-01-07 02:21:44.000,SciMax01,"60923",https://proto-9.pnl.gov/SciMax01/2024_1/60923_5_T_2_WEOM_r2_Mag_04Jan24_300SA_p01_37_1_14547,Released
1180778,QC_SRFA_2_2023_01_52_1_13254,Buzzard: QC's and Blanks,2023-08-25 11:46:27.000,SciMax01,"60141",https://proto-9.pnl.gov/SciMax01/2023_3/QC_SRFA_2_2023_01_52_1_13254,Released
1195681,MONet_JT_TEST_Gilson_QC_SRFAII_20ppm_r2_05Oct23_Mag_300SA_p01_54_1_13896,Buzzard: testing,2023-10-05 21:13:58.000,SciMax01,"60141",https://proto-9.pnl.gov/SciMax01/2023_4/MONet_JT_TEST_Gilson_QC_SRFAII_20ppm_r2_05Oct23_Mag_300SA_p01_54_1_13896,Released
1337719,"60886_6_TOP_3_MAOM_r3_Mag_22Jan25_3p3kV_300SA_p01_42_1_22496","",2025-01-28 00:52:13.000,SciMax01,"60886",https://proto-9.pnl.gov/SciMax01/2025_1/60886_6_TOP_3_MAOM_r3_Mag_22Jan25_3p3kV_300SA_p01_42_1_22496,Released
1329068,"60923_2_TOP_2_MAOM_r3_Mag_27Dec24_3p3kV_300SA_p01_8_1_21294","",2024-12-30 00:33:58.000,SciMax01,"60923",https://proto-9.pnl.gov/SciMax01/2024_4/60923_2_TOP_2_MAOM_r3_Mag_27Dec24_3p3kV_300SA_p01_8_1_21294,Released
1230850,"60932_6_B_1_WEOM_r2_Mag_21Feb24_300SA_p01_30_1_15897",Buzzard: MONet,2024-02-23 23:07:13.000,SciMax01,"60932",https://proto-9.pnl.gov/SciMax01/2024_1/60932_6_B_1_WEOM_r2_Mag_21Feb24_300SA_p01_30_1_15897,Released
1329087,"60923_7_BTM_3_MAOM_r3_Mag_27Dec24_3p3kV_300SA_p01_42_1_21287","",2024-12-29 21:26:17.000,SciMax01,"60923",https://proto-9.pnl.gov/SciMax01/2024_4/60923_7_BTM_3_MAOM_r3_Mag_27Dec24_3p3kV_300SA_p01_42_1_21287,Released
1235680,"60942_2_T_1_WEOM_r1_Mag_07Mar24_300SA_p01_7_1_16976",Buzzard: MONet,2024-03-08 01:23:59.000,SciMax01,"60942",https://proto-9.pnl.gov/SciMax01/2024_1/60942_2_T_1_WEOM_r1_Mag_07Mar24_300SA_p01_7_1_16976,Released
1231265,"60933_11_B_2_WEOM_r3_Mag_12Feb24_300SA_p01_5_1_15176",Buzzard: MONet,2024-02-15 10:48:49.000,SciMax01,"60933",https://proto-9.pnl.gov/SciMax01/2024_1/60933_11_B_2_WEOM_r3_Mag_12Feb24_300SA_p01_5_1_15176,Released
1195701,MONet_JT_TEST_Gilson_QC_SRFAII_20ppm_r3_05Oct23_Mag_300SA_p01_54_1_13916,Buzzard: testing,2023-10-06 06:05:45.000,SciMax01,"60141",https://proto-9.pnl.gov/SciMax01/2023_4/MONet_JT_TEST_Gilson_QC_SRFAII_20ppm_r3_05Oct23_Mag_300SA_p01_54_1_13916,Released
1330581,"60846_12_BTM_3_MAOM_r2_Mag_02Jan25_3p3kV_300SA_p01_24_1_21496","",2025-01-03 18:56:28.000,SciMax01,"60846",https://proto-9.pnl.gov/SciMax01/2025_1/60846_12_BTM_3_MAOM_r2_Mag_02Jan25_3p3kV_300SA_p01_24_1_21496,Released
1230705,"60932_2_T_3_WEOM_r2_Mag_24Feb24_300SA_p01_5_1_15944",Buzzard: MONet,2024-02-25 01:29:33.000,SciMax01,"60932",https://proto-9.pnl.gov/SciMax01/2024_1/60932_2_T_3_WEOM_r2_Mag_24Feb24_300SA_p01_5_1_15944,Released
1215922,"60920_7_T_2_WEOM_r2_Mag_21Dec23_300SA_p01_32_1_14091",Data needs to be reviewed,2023-12-24 16:03:32.000,SciMax01,"60920",https://proto-9.pnl.gov/SciMax01/2024_1/60920_7_T_2_WEOM_r2_Mag_21Dec23_300SA_p01_32_1_14091,Released
1230734,"60932_6_T_2_WEOM_r1_Mag_24Feb24_300SA_p01_28_1_15914",Buzzard: MONet,2024-02-24 12:11:48.000,SciMax01,"60932",https://proto-9.pnl.gov/SciMax01/2024_1/60932_6_T_2_WEOM_r1_Mag_24Feb24_300SA_p01_28_1_15914,Released
1337942,"60923_12_TOP_2_MAOM_r1_Mag_29Jan25_3p3kV_300SA_p01_42_1_22545","",2025-01-28 22:55:35.000,SciMax01,"60923",https://proto-9.pnl.gov/SciMax01/2025_1/60923_12_TOP_2_MAOM_r1_Mag_29Jan25_3p3kV_300SA_p01_42_1_22545,Released
1230710,"60932_1_B_3_WEOM_r2_Mag_24Feb24_300SA_p01_3_1_15927",Buzzard: MONet,2024-02-24 17:57:28.000,SciMax01,"60932",https://proto-9.pnl.gov/SciMax01/2024_1/60932_1_B_3_WEOM_r2_Mag_24Feb24_300SA_p01_3_1_15927,Released
1340348,"60942_4_TOP_1_MAOM_r3_Mag_03Feb25_3p3kV_300SA_p01_7_1_23015","",2025-02-08 15:35:51.000,SciMax01,"60942",https://proto-9.pnl.gov/SciMax01/2025_1/60942_4_TOP_1_MAOM_r3_Mag_03Feb25_3p3kV_300SA_p01_7_1_23015,Released
1329185,"60923_7_TOP_1_MAOM_r3_Mag_27Dec24_3p3kV_300SA_p01_37_1_21316","",2024-12-30 10:22:38.000,SciMax01,"60923",https://proto-9.pnl.gov/SciMax01/2024_4/60923_7_TOP_1_MAOM_r3_Mag_27Dec24_3p3kV_300SA_p01_37_1_21316,Released
1340593,"60938_5_BTM_2_MAOM_r3_Mag_03Feb25_3p3kV_300SA_p01_33_1_22844","",2025-02-05 11:22:21.000,SciMax01,"60938",https://proto-9.pnl.gov/SciMax01/2025_1/60938_5_BTM_2_MAOM_r3_Mag_03Feb25_3p3kV_300SA_p01_33_1_22844,Released
1220720,"60938_3_T_2_WEOM_r1_Mag_18Jan24_300SA_p01_14_1_14782",Buzzard: MONet,2024-01-20 08:18:50.000,SciMax01,"60938",https://proto-9.pnl.gov/SciMax01/2024_1/60938_3_T_2_WEOM_r1_Mag_18Jan24_300SA_p01_14_1_14782,Released
1221024,QC_SRFAII_23_01_20ppm_r2_Mag_18Jan24_300SA_p01_54_1_14797,Buzzard: MONet,2024-01-20 14:57:41.000,SciMax01,"60933",https://proto-9.pnl.gov/SciMax01/2024_1/QC_SRFAII_23_01_20ppm_r2_Mag_18Jan24_300SA_p01_54_1_14797,Released
1349504,"60933_12_TOP_1_MAOM_r3_Mag_31Jan25_3p3kV_300SA_p01_7_1_22738","",2025-02-01 12:59:32.000,SciMax01,"60933",https://proto-9.pnl.gov/SciMax01/2025_1/60933_12_TOP_1_MAOM_r3_Mag_31Jan25_3p3kV_300SA_p01_7_1_22738,Released
1230892,"60921_3_B_1_WEOM_r3_Mag_21Feb24_300SA_p01_47_1_15496",Buzzard: MONet,2024-02-22 08:05:05.000,SciMax01,"60921",https://proto-9.pnl.gov/SciMax01/2024_1/60921_3_B_1_WEOM_r3_Mag_21Feb24_300SA_p01_47_1_15496,Released
1216194,"60923_1_T_2_WEOM_r1_Mag_26Dec23_300SA_p01_29_1_14256",Buzzard: Data is fine but queue stopped over holiday week so need to shim cell and will run the queue again,2023-12-28 08:26:08.000,SciMax01,"60923",https://proto-9.pnl.gov/SciMax01/2024_1/60923_1_T_2_WEOM_r1_Mag_26Dec23_300SA_p01_29_1_14256,Released
1234865,"60923_15_B_3_WEOM_r3_Mag_04Mar24_300SA_p01_6_1_16952",Buzzard: MONet,2024-03-07 14:45:46.000,SciMax01,"60923",https://proto-9.pnl.gov/SciMax01/2024_1/60923_15_B_3_WEOM_r3_Mag_04Mar24_300SA_p01_6_1_16952,Released
1230664,"60932_5_B_2_WEOM_r2_Mag_24Feb24_300SA_p01_25_1_15948",Buzzard: MONet,2024-02-25 03:15:54.000,SciMax01,"60932",https://proto-9.pnl.gov/SciMax01/2024_1/60932_5_B_2_WEOM_r2_Mag_24Feb24_300SA_p01_25_1_15948,Released
1340605,"60938_6_BTM_1_MAOM_r3_Mag_03Feb25_3p3kV_300SA_p01_38_1_22864","",2025-02-05 20:16:49.000,SciMax01,"60938",https://proto-9.pnl.gov/SciMax01/2025_1/60938_6_BTM_1_MAOM_r3_Mag_03Feb25_3p3kV_300SA_p01_38_1_22864,Released
1330784,"60846_7_TOP_3_MAOM_r3_Mag_02Jan25_3p3kV_300SA_p01_15_1_21587","",2025-01-05 11:29:40.000,SciMax01,"60846",https://proto-9.pnl.gov/SciMax01/2025_1/60846_7_TOP_3_MAOM_r3_Mag_02Jan25_3p3kV_300SA_p01_15_1_21587,Released
1342115,"60881_2_TOP_1_MAOM_r3_Mag_10Feb25_3p3kV_300SA_p01_7_1_23305","",2025-02-15 12:22:39.000,SciMax01,"60881",https://proto-9.pnl.gov/SciMax01/2025_1/60881_2_TOP_1_MAOM_r3_Mag_10Feb25_3p3kV_300SA_p01_7_1_23305,Released
1330749,"60846_2_BTM_1_MAOM_r3_Mag_02Jan25_3p3kV_300SA_p01_4_1_21569","",2025-01-05 03:28:23.000,SciMax01,"60846",https://proto-9.pnl.gov/SciMax01/2025_1/60846_2_BTM_1_MAOM_r3_Mag_02Jan25_3p3kV_300SA_p01_4_1_21569,Released
1337374,"60886_4_TOP_3_MAOM_r2_Mag_22Jan25_3p3kV_300SA_p01_31_1_22433","",2025-01-26 20:46:37.000,SciMax01,"60886",https://proto-9.pnl.gov/SciMax01/2025_1/60886_4_TOP_3_MAOM_r2_Mag_22Jan25_3p3kV_300SA_p01_31_1_22433,Released
1335189,"60933_13_BTM_2_MAOM_r1_Mag_13Jan25_3p3kV_300SA_p01_21_1_21812","",2025-01-14 20:04:03.000,SciMax01,"60933",https://proto-9.pnl.gov/SciMax01/2025_1/60933_13_BTM_2_MAOM_r1_Mag_13Jan25_3p3kV_300SA_p01_21_1_21812,Released
1342167,"60881_4_BTM_2_MAOM_r3_Mag_10Feb25_3p3kV_300SA_p01_23_1_23317","",2025-02-15 17:43:47.000,SciMax01,"60881",https://proto-9.pnl.gov/SciMax01/2025_1/60881_4_BTM_2_MAOM_r3_Mag_10Feb25_3p3kV_300SA_p01_23_1_23317,Released
1216071,"60923_1_T_1_WEOM_r2_Mag_26Dec23_300SA_p01_1_1_14322",Buzzard: Data is fine but queue stopped over holiday week so need to shim cell and will run the queue again,2023-12-29 13:41:08.000,SciMax01,"60923",https://proto-9.pnl.gov/SciMax01/2024_1/60923_1_T_1_WEOM_r2_Mag_26Dec23_300SA_p01_1_1_14322,Released
1252910,"60881_1_B_1_WEOM_r3_Mag_01May24_300SA_p01_1_1_18228","",2024-05-06 00:40:02.000,SciMax01,"60881",https://proto-9.pnl.gov/SciMax01/2024_2/60881_1_B_1_WEOM_r3_Mag_01May24_300SA_p01_1_1_18228,Released
1328846,"60920_9_TOP_2_MAOM_r1_Mag_19Dec24_3p3kV_300SA_p01_40_1_21005","",2024-12-20 13:38:56.000,SciMax01,"60920",https://proto-9.pnl.gov/SciMax01/2024_4/60920_9_TOP_2_MAOM_r1_Mag_19Dec24_3p3kV_300SA_p01_40_1_21005,Released
1341968,"60881_2_BTM_2_MAOM_r2_Mag_10Feb25_3p3kV_300SA_p01_11_1_23261","",2025-02-14 16:45:56.000,SciMax01,"60881",https://proto-9.pnl.gov/SciMax01/2025_1/60881_2_BTM_2_MAOM_r2_Mag_10Feb25_3p3kV_300SA_p01_11_1_23261,Released
1220603,"60933_2_T_3_WEOM_r3_Mag_18Jan24_300SA_p01_6_1_14945",Buzzard: MONet,2024-01-23 08:33:18.000,SciMax01,"60933",https://proto-9.pnl.gov/SciMax01/2024_1/60933_2_T_3_WEOM_r3_Mag_18Jan24_300SA_p01_6_1_14945,Released
1341276,"60932_3_TOP_1_MAOM_r2_Mag_10Feb25_3p3kV_300SA_p01_13_1_23103","",2025-02-11 18:17:42.000,SciMax01,"60932",https://proto-9.pnl.gov/SciMax01/2025_1/60932_3_TOP_1_MAOM_r2_Mag_10Feb25_3p3kV_300SA_p01_13_1_23103,Released
1216169,"60923_13_T_3_WEOM_r2_Mag_26Dec23_300SA_p01_33_1_14360",Buzzard: Data is fine but queue stopped over holiday week so need to shim cell and will run the queue again,2023-12-30 06:31:36.000,SciMax01,"60923",https://proto-9.pnl.gov/SciMax01/2024_1/60923_13_T_3_WEOM_r2_Mag_26Dec23_300SA_p01_33_1_14360,Released
1328999,"60940_3_BTM_3_MAOM_r3_Mag_23Dec24_3p3kV_300SA_p01_18_1_21112","",2024-12-25 03:48:53.000,SciMax01,"60940",https://proto-9.pnl.gov/SciMax01/2024_4/60940_3_BTM_3_MAOM_r3_Mag_23Dec24_3p3kV_300SA_p01_18_1_21112,Released
1314780,"60923_3_T_1_MAOM_r2_Mag_01Nov24_300SA_4p2kV_p01_13_1_20191",Buzzard: Testing response after Instrument cell clean and lab move,2024-11-05 04:11:38.000,SciMax01,"60923",https://proto-9.pnl.gov/SciMax01/2024_4/60923_3_T_1_MAOM_r2_Mag_01Nov24_300SA_4p2kV_p01_13_1_20191,Released
1350668,"60933_18_TOP_1_MAOM_r1_Mag_29Jan25_3p3kV_300SA_p01_1_1_22568","",2025-01-29 09:11:34.000,SciMax01,"60933",https://proto-9.pnl.gov/SciMax01/2025_1/60933_18_TOP_1_MAOM_r1_Mag_29Jan25_3p3kV_300SA_p01_1_1_22568,Released
1230984,"60880_4_B_3_WEOM_r2_Mag_16Feb24_300SA_p01_37_1_15421",Buzzard: MONet,2024-02-20 09:35:21.000,SciMax01,"60880",https://proto-9.pnl.gov/SciMax01/2024_1/60880_4_B_3_WEOM_r2_Mag_16Feb24_300SA_p01_37_1_15421,Released
1234630,"60923_20_B_2_WEOM_r2_Mag_04Mar24_300SA_p01_35_1_16862",Buzzard: MONet,2024-03-05 22:19:34.000,SciMax01,"60923",https://proto-9.pnl.gov/SciMax01/2024_1/60923_20_B_2_WEOM_r2_Mag_04Mar24_300SA_p01_35_1_16862,Released
1329082,"60923_7_BTM_1_MAOM_r2_Mag_27Dec24_3p3kV_300SA_p01_40_1_21231","",2024-12-28 20:28:47.000,SciMax01,"60923",https://proto-9.pnl.gov/SciMax01/2024_4/60923_7_BTM_1_MAOM_r2_Mag_27Dec24_3p3kV_300SA_p01_40_1_21231,Released
1236266,"60886_6_T_1_WEOM_r2_Mag_10Mar24_300SA_p01_31_1_17216",Buzzard: MONet,2024-03-13 05:30:49.000,SciMax01,"60886",https://proto-9.pnl.gov/SciMax01/2024_1/60886_6_T_1_WEOM_r2_Mag_10Mar24_300SA_p01_31_1_17216,Released
1344960,"60942_2_BTM_1_MAOM_r2_Mag_19Feb25_3p3kV_300SA_p01_16_1_23538","",2025-02-23 11:09:39.000,SciMax01,"60942",https://proto-9.pnl.gov/SciMax01/2025_1/60942_2_BTM_1_MAOM_r2_Mag_19Feb25_3p3kV_300SA_p01_16_1_23538,Released
1341111,"60932_3_BTM_1_MAOM_r1_Mag_10Feb25_3p3kV_300SA_p01_16_1_23061","",2025-02-10 23:35:03.000,SciMax01,"60932",https://proto-9.pnl.gov/SciMax01/2025_1/60932_3_BTM_1_MAOM_r1_Mag_10Feb25_3p3kV_300SA_p01_16_1_23061,Released
1234665,QC_SRFAII_23_01_10ppm_WEOM_r2_Mag_04Mar24_300SA_p01_54_1_16880,Buzzard: MONet,2024-03-06 06:18:10.000,SciMax01,"60923",https://proto-9.pnl.gov/SciMax01/2024_1/QC_SRFAII_23_01_10ppm_WEOM_r2_Mag_04Mar24_300SA_p01_54_1_16880,Released
1220560,"60933_3_B_3_WEOM_r2_Mag_18Jan24_300SA_p01_15_1_14823",Buzzard: MONet,2024-01-21 02:29:09.000,SciMax01,"60933",https://proto-9.pnl.gov/SciMax01/2024_1/60933_3_B_3_WEOM_r2_Mag_18Jan24_300SA_p01_15_1_14823,Released
1336146,"60933_17_TOP_3_MAOM_r3_Mag_13Jan25_3p3kV_300SA_p01_42_1_21926","samples were rerun to check, all good",2025-01-16 22:56:46.000,SciMax01,"60933",https://proto-9.pnl.gov/SciMax01/2025_1/60933_17_TOP_3_MAOM_r3_Mag_13Jan25_3p3kV_300SA_p01_42_1_21926,Released
1252965,"60881_4_B_1_WEOM_r3_Mag_01May24_300SA_p01_19_1_18197","",2024-05-05 10:55:44.000,SciMax01,"60881",https://proto-9.pnl.gov/SciMax01/2024_2/60881_4_B_1_WEOM_r3_Mag_01May24_300SA_p01_19_1_18197,Released
1220732,"60938_5_B_2_WEOM_r2_Mag_18Jan24_300SA_p01_29_1_14866",Buzzard: MONet,2024-01-21 21:32:37.000,SciMax01,"60938",https://proto-9.pnl.gov/SciMax01/2024_1/60938_5_B_2_WEOM_r2_Mag_18Jan24_300SA_p01_29_1_14866,Released
1217529,"60923_6_T_1_WEOM_r3_Mag_04Jan24_300SA_p01_11_1_14623",Buzzard: Use this data,2024-01-08 12:02:49.000,SciMax01,"60923",https://proto-9.pnl.gov/SciMax01/2024_1/60923_6_T_1_WEOM_r3_Mag_04Jan24_300SA_p01_11_1_14623,Released
1337636,"60886_6_TOP_2_MAOM_r2_Mag_22Jan25_3p3kV_300SA_p01_41_1_22479","",2025-01-27 17:17:17.000,SciMax01,"60886",https://proto-9.pnl.gov/SciMax01/2025_1/60886_6_TOP_2_MAOM_r2_Mag_22Jan25_3p3kV_300SA_p01_41_1_22479,Released
1217403,"60923_1_T_1_WEOM_r3_Mag_04Jan24_300SA_p01_1_1_14624",Buzzard: Use this data,2024-01-08 12:29:23.000,SciMax01,"60923",https://proto-9.pnl.gov/SciMax01/2024_1/60923_1_T_1_WEOM_r3_Mag_04Jan24_300SA_p01_1_1_14624,Released
1231281,"60933_15_T_2_WEOM_r2_Mag_12Feb24_300SA_p01_26_1_15168",Buzzard: MONet,2024-02-15 07:16:07.000,SciMax01,"60933",https://proto-9.pnl.gov/SciMax01/2024_1/60933_15_T_2_WEOM_r2_Mag_12Feb24_300SA_p01_26_1_15168,Released
1231077,"60846_12_T_2_WEOM_r1_Mag_16Feb24_300SA_p01_32_1_15243",Buzzard: MONet,2024-02-16 17:38:49.000,SciMax01,"60846",https://proto-9.pnl.gov/SciMax01/2024_1/60846_12_T_2_WEOM_r1_Mag_16Feb24_300SA_p01_32_1_15243,Released
1230954,"60846_12_B_1_WEOM_r3_Mag_16Feb24_300SA_p01_34_1_15352",Buzzard: MONet,2024-02-19 03:00:41.000,SciMax01,"60846",https://proto-9.pnl.gov/SciMax01/2024_1/60846_12_B_1_WEOM_r3_Mag_16Feb24_300SA_p01_34_1_15352,Released
1471498,QC_SRFAII_25_01_old_r3_54_1_32091,Buzzard: testing Fluent extractions,2026-01-29 01:28:04.000,SciMax01,"61050",https://proto-9.pnl.gov/SciMax01/2026_1/QC_SRFAII_25_01_old_r3_54_1_32091,Released
1345416,"60880_6_BTM_2_MAOM_r1_Mag_26Feb25_3p3kV_300SA_p01_45_1_23805","",2025-03-02 06:04:13.000,SciMax01,"60880",https://proto-9.pnl.gov/SciMax01/2025_1/60880_6_BTM_2_MAOM_r1_Mag_26Feb25_3p3kV_300SA_p01_45_1_23805,Released
1338044,"60933_18_BTM_3_MAOM_r1_Mag_29Jan25_3p3kV_300SA_p01_6_1_22570","",2025-01-29 10:05:10.000,SciMax01,"60933",https://proto-9.pnl.gov/SciMax01/2025_1/60933_18_BTM_3_MAOM_r1_Mag_29Jan25_3p3kV_300SA_p01_6_1_22570,Released
1217353,QC_SRFAII_23_01_20ppm_r3_Mag_04Jan24_300SA_p01_52_1_14643,Buzzard: Use this data,2024-01-08 20:54:35.000,SciMax01,"60923",https://proto-9.pnl.gov/SciMax01/2024_1/QC_SRFAII_23_01_20ppm_r3_Mag_04Jan24_300SA_p01_52_1_14643,Released
1252945,"60929_1_T_2_WEOM_r3_Mag_01May24_300SA_p01_38_1_18255","",2024-05-06 12:38:00.000,SciMax01,"60929",https://proto-9.pnl.gov/SciMax01/2024_2/60929_1_T_2_WEOM_r3_Mag_01May24_300SA_p01_38_1_18255,Released
1217342,"60923_4_T_3_WEOM_r2_Mag_04Jan24_300SA_p01_15_1_14596",Buzzard: Use this data,2024-01-08 00:04:47.000,SciMax01,"60923",https://proto-9.pnl.gov/SciMax01/2024_1/60923_4_T_3_WEOM_r2_Mag_04Jan24_300SA_p01_15_1_14596,Released
1336060,"60933_7_TOP_2_MAOM_r3_Mag_20Jan25_3p3kV_300SA_p01_39_1_22138","",2025-01-21 02:23:47.000,SciMax01,"60933",https://proto-9.pnl.gov/SciMax01/2025_1/60933_7_TOP_2_MAOM_r3_Mag_20Jan25_3p3kV_300SA_p01_39_1_22138,Released
1329760,"60880_3_TOP_3_MAOM_r2_Mag_27Dec24_3p3kV_300SA_p01_3_1_21384","",2024-12-31 16:40:25.000,SciMax01,"60880",https://proto-9.pnl.gov/SciMax01/2024_4/60880_3_TOP_3_MAOM_r2_Mag_27Dec24_3p3kV_300SA_p01_3_1_21384,Released
1236336,"60886_4_T_1_WEOM_r3_Mag_10Mar24_300SA_p01_19_1_17239",Buzzard: MONet,2024-03-13 15:42:21.000,SciMax01,"60886",https://proto-9.pnl.gov/SciMax01/2024_1/60886_4_T_1_WEOM_r3_Mag_10Mar24_300SA_p01_19_1_17239,Released
1032788,"1000S_SRFA_20ppm_run1_Fir_28Apr22_300SA_p01_1_1_3618","",2022-04-28 13:36:26.000,SciMax01,"60141",https://proto-9.pnl.gov/SciMax01/2022_2/1000S_SRFA_20ppm_run1_Fir_28Apr22_300SA_p01_1_1_3618,Released
1233013,"60923_15_B_1_WEOM_r1_Mag_04Mar24_300SA_p01_4_1_16827","",2024-03-05 06:48:50.000,SciMax01,"60923",https://proto-9.pnl.gov/SciMax01/2024_1/60923_15_B_1_WEOM_r1_Mag_04Mar24_300SA_p01_4_1_16827,Released
1328985,"60940_1_TOP_3_MAOM_r2_Mag_23Dec24_3p3kV_300SA_p01_3_1_21062","",2024-12-24 05:31:53.000,SciMax01,"60940",https://proto-9.pnl.gov/SciMax01/2024_4/60940_1_TOP_3_MAOM_r2_Mag_23Dec24_3p3kV_300SA_p01_3_1_21062,Released
1336336,"60923_16_TOP_2_MAOM_r1_Mag_22Jan25_3p3kV_300SA_p01_17_1_22227","",2025-01-23 00:53:17.000,SciMax01,"60923",https://proto-9.pnl.gov/SciMax01/2025_1/60923_16_TOP_2_MAOM_r1_Mag_22Jan25_3p3kV_300SA_p01_17_1_22227,Released
1217289,"60923_7_B_3_WEOM_r2_Mag_04Jan24_300SA_p01_22_1_14593",Buzzard: Use this data,2024-01-07 22:45:01.000,SciMax01,"60923",https://proto-9.pnl.gov/SciMax01/2024_1/60923_7_B_3_WEOM_r2_Mag_04Jan24_300SA_p01_22_1_14593,Released
1340570,"60938_5_BTM_1_MAOM_r2_Mag_03Feb25_3p3kV_300SA_p01_32_1_22799","",2025-02-04 15:19:13.000,SciMax01,"60938",https://proto-9.pnl.gov/SciMax01/2025_1/60938_5_BTM_1_MAOM_r2_Mag_03Feb25_3p3kV_300SA_p01_32_1_22799,Released
1215973,"60920_11_T_1_WEOM_r3_Mag_21Dec23_300SA_p01_19_1_14141",Data needs to be reviewed,2023-12-25 14:13:06.000,SciMax01,"60920",https://proto-9.pnl.gov/SciMax01/2024_1/60920_11_T_1_WEOM_r3_Mag_21Dec23_300SA_p01_19_1_14141,Released
1272542,"60923_1_T_2_MAOM_r1_Mag_03Jul24_300SA_p01_2_1_19366",Buzzard: testing MAOM samples before the move,2024-07-03 22:56:55.000,SciMax01,"60923",https://proto-9.pnl.gov/SciMax01/2024_3/60923_1_T_2_MAOM_r1_Mag_03Jul24_300SA_p01_2_1_19366,Released
1231165,"60933_14_T_3_WEOM_r2_Mag_12Feb24_300SA_p01_21_1_15151",Buzzard: MONet,2024-02-14 23:44:07.000,SciMax01,"60933",https://proto-9.pnl.gov/SciMax01/2024_1/60933_14_T_3_WEOM_r2_Mag_12Feb24_300SA_p01_21_1_15151,Released
1231126,"60846_2_B_2_WEOM_r2_Mag_16Feb24_300SA_p01_17_1_15294",Buzzard: MONet,2024-02-17 16:14:54.000,SciMax01,"60846",https://proto-9.pnl.gov/SciMax01/2024_1/60846_2_B_2_WEOM_r2_Mag_16Feb24_300SA_p01_17_1_15294,Released
1335265,"60933_16_TOP_1_MAOM_r3_Mag_13Jan25_3p3kV_300SA_p01_35_1_21924","",2025-01-16 22:03:00.000,SciMax01,"60933",https://proto-9.pnl.gov/SciMax01/2025_1/60933_16_TOP_1_MAOM_r3_Mag_13Jan25_3p3kV_300SA_p01_35_1_21924,Released
1489532,"20260410_QC_SRFAII_A_r1_Mag_53_1_32642","",2026-04-10 14:46:10.000,SciMax01,"61050",https://proto-9.pnl.gov/SciMax01/2026_2/20260410_QC_SRFAII_A_r1_Mag_53_1_32642,Released
1215809,"60920_2_T_1_WEOM_r3_Mag_21Dec23_300SA_p01_3_1_14133",Data needs to be reviewed,2023-12-25 10:40:21.000,SciMax01,"60920",https://proto-9.pnl.gov/SciMax01/2024_1/60920_2_T_1_WEOM_r3_Mag_21Dec23_300SA_p01_3_1_14133,Released
1180810,"60921_1_B_2_WEOM_1w_15_1_13406",Buzzard: 1w; Data needs to be reviewed,2023-08-30 01:22:49.000,SciMax01,"60921",https://proto-9.pnl.gov/SciMax01/2023_3/60921_1_B_2_WEOM_1w_15_1_13406,Released
1341277,"60932_5_BTM_3_MAOM_r2_Mag_10Feb25_3p3kV_300SA_p01_34_1_23104","",2025-02-11 18:44:19.000,SciMax01,"60932",https://proto-9.pnl.gov/SciMax01/2025_1/60932_5_BTM_3_MAOM_r2_Mag_10Feb25_3p3kV_300SA_p01_34_1_23104,Released
1252831,"60881_1_T_1_WEOM_r1_Mag_01May24_300SA_p01_45_1_18128","",2024-05-04 04:20:52.000,SciMax01,"60881",https://proto-9.pnl.gov/SciMax01/2024_2/60881_1_T_1_WEOM_r1_Mag_01May24_300SA_p01_45_1_18128,Released
1215925,QC_SRFAII_23_01_20ppm_r2_Mag_21Dec23_300SA_p01_54_1_14075,Data needs to be reviewed,2023-12-23 07:50:44.000,SciMax01,"60920",https://proto-9.pnl.gov/SciMax01/2024_1/QC_SRFAII_23_01_20ppm_r2_Mag_21Dec23_300SA_p01_54_1_14075,Released
1329805,"60880_4_BTM_1_MAOM_r3_Mag_27Dec24_3p3kV_300SA_p01_10_1_21398","",2024-12-31 22:54:50.000,SciMax01,"60880",https://proto-9.pnl.gov/SciMax01/2024_4/60880_4_BTM_1_MAOM_r3_Mag_27Dec24_3p3kV_300SA_p01_10_1_21398,Released
1480045,QC_SRFAII-1_old_20260213_54_1_32408,"",2026-02-19 12:32:21.000,SciMax01,"61050",https://proto-9.pnl.gov/SciMax01/2026_1/QC_SRFAII-1_old_20260213_54_1_32408,Released
1220629,"60938_6_B_2_WEOM_r2_Mag_18Jan24_300SA_p01_35_1_14886",Buzzard: MONet,2024-01-22 06:24:26.000,SciMax01,"60938",https://proto-9.pnl.gov/SciMax01/2024_1/60938_6_B_2_WEOM_r2_Mag_18Jan24_300SA_p01_35_1_14886,Released
1349533,"60933_5_BTM_3_MAOM_r3_Mag_20Jan25_3p3kV_300SA_p01_31_1_22172","",2025-01-21 17:32:02.000,SciMax01,"60933",https://proto-9.pnl.gov/SciMax01/2025_1/60933_5_BTM_3_MAOM_r3_Mag_20Jan25_3p3kV_300SA_p01_31_1_22172,Released
1344881,"60920_6_TOP_2_MAOM_r3_Mag_19Feb25_3p3kV_300SA_p01_32_1_23452","",2025-02-21 20:46:25.000,SciMax01,"60920",https://proto-9.pnl.gov/SciMax01/2025_1/60920_6_TOP_2_MAOM_r3_Mag_19Feb25_3p3kV_300SA_p01_32_1_23452,Released
1217275,"60923_5_T_1_WEOM_r3_Mag_04Jan24_300SA_p01_9_1_14610",Buzzard: Use this data,2024-01-08 06:17:06.000,SciMax01,"60923",https://proto-9.pnl.gov/SciMax01/2024_1/60923_5_T_1_WEOM_r3_Mag_04Jan24_300SA_p01_9_1_14610,Released
1272545,"60923_3_B_2_MAOM_r3_Mag_04Jul24_300SA_p01_17_1_19421",Buzzard: testing MAOM samples before the move,2024-07-05 05:30:42.000,SciMax01,"60923",https://proto-9.pnl.gov/SciMax01/2024_3/60923_3_B_2_MAOM_r3_Mag_04Jul24_300SA_p01_17_1_19421,Released
1272607,"60923_3_T_1_MAOM_r2_Mag_04Jul24_300SA_p01_13_1_19389",Buzzard: testing MAOM samples before the move,2024-07-04 15:19:49.000,SciMax01,"60923",https://proto-9.pnl.gov/SciMax01/2024_3/60923_3_T_1_MAOM_r2_Mag_04Jul24_300SA_p01_13_1_19389,Released
1215793,"60920_7_T_3_WEOM_r3_Mag_21Dec23_300SA_p01_13_1_14191",Data needs to be reviewed,2023-12-26 12:22:42.000,SciMax01,"60920",https://proto-9.pnl.gov/SciMax01/2024_1/60920_7_T_3_WEOM_r3_Mag_21Dec23_300SA_p01_13_1_14191,Released
1330968,"60933_5_TOP_3_MAOM_r2_Mag_05Jan25_3p3kV_300SA_p01_24_1_21661","",2025-01-06 20:29:31.000,SciMax01,"60933",https://proto-9.pnl.gov/SciMax01/2025_1/60933_5_TOP_3_MAOM_r2_Mag_05Jan25_3p3kV_300SA_p01_24_1_21661,Released
1230980,"60880_4_T_3_WEOM_r2_Mag_16Feb24_300SA_p01_34_1_15415",Buzzard: MONet,2024-02-20 06:55:51.000,SciMax01,"60880",https://proto-9.pnl.gov/SciMax01/2024_1/60880_4_T_3_WEOM_r2_Mag_16Feb24_300SA_p01_34_1_15415,Released
1235643,"60942_4_T_1_WEOM_r3_Mag_07Mar24_300SA_p01_18_1_17067",Buzzard: MONet,2024-03-10 01:37:39.000,SciMax01,"60942",https://proto-9.pnl.gov/SciMax01/2024_1/60942_4_T_1_WEOM_r3_Mag_07Mar24_300SA_p01_18_1_17067,Released
1231286,"60846_5_T_1_WEOM_r2_Mag_16Feb24_300SA_p01_19_1_15316",Buzzard: MONet,2024-02-18 01:59:59.000,SciMax01,"60846",https://proto-9.pnl.gov/SciMax01/2024_1/60846_5_T_1_WEOM_r2_Mag_16Feb24_300SA_p01_19_1_15316,Released
1336998,"60923_18_BTM_3_MAOM_r3_Mag_22Jan25_3p3kV_300SA_p01_37_1_22319","",2025-01-24 17:55:23.000,SciMax01,"60923",https://proto-9.pnl.gov/SciMax01/2025_1/60923_18_BTM_3_MAOM_r3_Mag_22Jan25_3p3kV_300SA_p01_37_1_22319,Released
1230996,"60880_3_B_2_WEOM_r1_Mag_16Feb24_300SA_p01_30_1_15372",Buzzard: MONet,2024-02-19 11:52:29.000,SciMax01,"60880",https://proto-9.pnl.gov/SciMax01/2024_1/60880_3_B_2_WEOM_r1_Mag_16Feb24_300SA_p01_30_1_15372,Released
1216019,"60923_3_T_1_WEOM_r1_Mag_26Dec23_300SA_p01_5_1_14219",Buzzard: Data is fine but queue stopped over holiday week so need to shim cell and will run the queue again,2023-12-27 16:02:19.000,SciMax01,"60923",https://proto-9.pnl.gov/SciMax01/2024_1/60923_3_T_1_WEOM_r1_Mag_26Dec23_300SA_p01_5_1_14219,Released
1341582,"60932_1_TOP_1_MAOM_r3_Mag_10Feb25_3p3kV_300SA_p01_1_1_23175","",2025-02-13 02:24:49.000,SciMax01,"60932",https://proto-9.pnl.gov/SciMax01/2025_1/60932_1_TOP_1_MAOM_r3_Mag_10Feb25_3p3kV_300SA_p01_1_1_23175,Released
1340513,"60938_1_TOP_2_MAOM_r1_Mag_03Feb25_3p3kV_300SA_p01_2_1_22780","",2025-02-04 06:50:29.000,SciMax01,"60938",https://proto-9.pnl.gov/SciMax01/2025_1/60938_1_TOP_2_MAOM_r1_Mag_03Feb25_3p3kV_300SA_p01_2_1_22780,Released
1329019,"60940_2_BTM_1_MAOM_r2_Mag_23Dec24_3p3kV_300SA_p01_10_1_21067","",2024-12-24 07:45:50.000,SciMax01,"60940",https://proto-9.pnl.gov/SciMax01/2024_4/60940_2_BTM_1_MAOM_r2_Mag_23Dec24_3p3kV_300SA_p01_10_1_21067,Released
1231303,"60933_17_T_2_WEOM_r2_Mag_12Feb24_300SA_p01_38_1_15111",Buzzard: MONet,2024-02-14 06:00:30.000,SciMax01,"60933",https://proto-9.pnl.gov/SciMax01/2024_1/60933_17_T_2_WEOM_r2_Mag_12Feb24_300SA_p01_38_1_15111,Released
1338596,"60923_12_TOP_1_MAOM_r2_Mag_29Jan25_3p3kV_300SA_p01_41_1_22658","",2025-01-31 01:18:48.000,SciMax01,"60923",https://proto-9.pnl.gov/SciMax01/2025_1/60923_12_TOP_1_MAOM_r2_Mag_29Jan25_3p3kV_300SA_p01_41_1_22658,Released
1236282,"60886_6_B_3_WEOM_r3_Mag_10Mar24_300SA_p01_36_1_17229",Buzzard: MONet,2024-03-13 11:16:28.000,SciMax01,"60886",https://proto-9.pnl.gov/SciMax01/2024_1/60886_6_B_3_WEOM_r3_Mag_10Mar24_300SA_p01_36_1_17229,Released
1337855,"60886_2_BTM_3_MAOM_r3_Mag_22Jan25_3p3kV_300SA_p01_18_1_22527","",2025-01-28 14:41:34.000,SciMax01,"60886",https://proto-9.pnl.gov/SciMax01/2025_1/60886_2_BTM_3_MAOM_r3_Mag_22Jan25_3p3kV_300SA_p01_18_1_22527,Released
1471486,QC_SRFAII_25_01_old_r2_54_1_32079,Buzzard: testing Fluent extractions,2026-01-28 21:26:36.000,SciMax01,"61050",https://proto-9.pnl.gov/SciMax01/2026_1/QC_SRFAII_25_01_old_r2_54_1_32079,Released
1349530,"60933_12_TOP_3_MAOM_r2_Mag_31Jan25_3p3kV_300SA_p01_9_1_22730","",2025-02-01 09:25:12.000,SciMax01,"60933",https://proto-9.pnl.gov/SciMax01/2025_1/60933_12_TOP_3_MAOM_r2_Mag_31Jan25_3p3kV_300SA_p01_9_1_22730,Released
1165430,MONet_Test_Soap_G_3_pls-10ppmSRFAII_fir_r1_07Jul23_300SA_p1_4_1_8733,Buzzard: Just testing samples tubes,2023-07-07 15:11:58.000,"15T_FTICR_I","60141",https://proto-9.pnl.gov/15T_FTICR_I/2023_3/MONet_Test_Soap_G_3_pls-10ppmSRFAII_fir_r1_07Jul23_300SA_p1_4_1_8733,Released
1217391,"60923_11_B_3_WEOM_r3_Mag_04Jan24_300SA_p01_30_1_14673",Buzzard: Use this data,2024-01-09 10:12:19.000,SciMax01,"60923",https://proto-9.pnl.gov/SciMax01/2024_1/60923_11_B_3_WEOM_r3_Mag_04Jan24_300SA_p01_30_1_14673,Released
1337109,"60923_17_BTM_2_MAOM_r3_Mag_22Jan25_3p3kV_300SA_p01_30_1_22353","",2025-01-25 09:05:41.000,SciMax01,"60923",https://proto-9.pnl.gov/SciMax01/2025_1/60923_17_BTM_2_MAOM_r3_Mag_22Jan25_3p3kV_300SA_p01_30_1_22353,Released
1329447,"60921_3_BTM_1_MAOM_r1_Mag_27Dec24_3p3kV_300SA_p01_16_1_21333","",2024-12-30 17:56:53.000,SciMax01,"60921",https://proto-9.pnl.gov/SciMax01/2024_4/60921_3_BTM_1_MAOM_r1_Mag_27Dec24_3p3kV_300SA_p01_16_1_21333,Released
1234626,"60923_16_B_3_WEOM_r2_Mag_04Mar24_300SA_p01_12_1_16886",Buzzard: MONet,2024-03-06 08:57:42.000,SciMax01,"60923",https://proto-9.pnl.gov/SciMax01/2024_1/60923_16_B_3_WEOM_r2_Mag_04Mar24_300SA_p01_12_1_16886,Released
1215880,QC_SRFAII_23_01_20ppm_r3_Mag_21Dec23_300SA_p01_54_1_14142,Data needs to be reviewed,2023-12-25 14:39:41.000,SciMax01,"60920",https://proto-9.pnl.gov/SciMax01/2024_1/QC_SRFAII_23_01_20ppm_r3_Mag_21Dec23_300SA_p01_54_1_14142,Released
1252828,"60929_2_T_2_WEOM_r1_Mag_01May24_300SA_p01_44_1_18104","",2024-05-03 17:42:42.000,SciMax01,"60929",https://proto-9.pnl.gov/SciMax01/2024_2/60929_2_T_2_WEOM_r1_Mag_01May24_300SA_p01_44_1_18104,Released
1330775,"60880_1_BTM_2_MAOM_r3_Mag_02Jan25_3p3kV_300SA_p01_39_1_21582","",2025-01-05 09:16:21.000,SciMax01,"60880",https://proto-9.pnl.gov/SciMax01/2025_1/60880_1_BTM_2_MAOM_r3_Mag_02Jan25_3p3kV_300SA_p01_39_1_21582,Released
1345006,"60920_5_TOP_2_MAOM_r3_Mag_19Feb25_3p3kV_300SA_p01_26_1_23432","",2025-02-21 11:51:04.000,SciMax01,"60920",https://proto-9.pnl.gov/SciMax01/2025_1/60920_5_TOP_2_MAOM_r3_Mag_19Feb25_3p3kV_300SA_p01_26_1_23432,Released
1340320,"60920_7_TOP_3_MAOM_r3_Mag_03Feb25_3p3kV_300SA_p01_3_1_23004","",2025-02-08 10:41:18.000,SciMax01,"60920",https://proto-9.pnl.gov/SciMax01/2025_1/60920_7_TOP_3_MAOM_r3_Mag_03Feb25_3p3kV_300SA_p01_3_1_23004,Released
1221009,QC_SRFAII_23_01_10ppm_r3_Mag_18Jan24_300SA_p01_52_1_14947,Buzzard: MONet,2024-01-23 09:26:29.000,SciMax01,"60933",https://proto-9.pnl.gov/SciMax01/2024_1/QC_SRFAII_23_01_10ppm_r3_Mag_18Jan24_300SA_p01_52_1_14947,Released
1272544,"60923_1_T_3_MAOM_r2_Mag_04Jul24_300SA_p01_3_1_19398",Buzzard: testing MAOM samples before the move,2024-07-04 19:19:07.000,SciMax01,"60923",https://proto-9.pnl.gov/SciMax01/2024_3/60923_1_T_3_MAOM_r2_Mag_04Jul24_300SA_p01_3_1_19398,Released
1231047,"60846_12_T_1_WEOM_r3_Mag_16Feb24_300SA_p01_31_1_15323",Buzzard: MONet,2024-02-18 05:06:08.000,SciMax01,"60846",https://proto-9.pnl.gov/SciMax01/2024_1/60846_12_T_1_WEOM_r3_Mag_16Feb24_300SA_p01_31_1_15323,Released
1335226,"60933_12_BTM_3_MAOM_r2_Mag_13Jan25_3p3kV_300SA_p01_12_1_21878","",2025-01-16 01:32:50.000,SciMax01,"60933",https://proto-9.pnl.gov/SciMax01/2025_1/60933_12_BTM_3_MAOM_r2_Mag_13Jan25_3p3kV_300SA_p01_12_1_21878,Released
1236289,QC_SRFAII_23_01_10ppm_WEOM_r2_Mag_10Mar24_300SA_p01_54_1_17208,Buzzard: MONet,2024-03-13 01:58:07.000,SciMax01,"60886",https://proto-9.pnl.gov/SciMax01/2024_1/QC_SRFAII_23_01_10ppm_WEOM_r2_Mag_10Mar24_300SA_p01_54_1_17208,Released
1180763,QC_SRFA_2_2023_01_1w_54_1_13335,Buzzard: QC's and Blanks,2023-08-28 17:54:54.000,SciMax01,"60141",https://proto-9.pnl.gov/SciMax01/2023_3/QC_SRFA_2_2023_01_1w_54_1_13335,Released
1344764,"60920_1_TOP_2_MAOM_r1_Mag_19Feb25_3p3kV_300SA_p01_2_1_23377","",2025-02-20 11:19:58.000,SciMax01,"60920",https://proto-9.pnl.gov/SciMax01/2025_1/60920_1_TOP_2_MAOM_r1_Mag_19Feb25_3p3kV_300SA_p01_2_1_23377,Released
1344906,"60920_3_BTM_2_MAOM_r3_Mag_19Feb25_3p3kV_300SA_p01_17_1_23438","",2025-02-21 14:31:50.000,SciMax01,"60920",https://proto-9.pnl.gov/SciMax01/2025_1/60920_3_BTM_2_MAOM_r3_Mag_19Feb25_3p3kV_300SA_p01_17_1_23438,Released
1234611,"60923_19_B_2_WEOM_r3_Mag_04Mar24_300SA_p01_29_1_16927",Buzzard: MONet,2024-03-07 03:07:53.000,SciMax01,"60923",https://proto-9.pnl.gov/SciMax01/2024_1/60923_19_B_2_WEOM_r3_Mag_04Mar24_300SA_p01_29_1_16927,Released
1220565,"60933_3_T_3_WEOM_r3_Mag_18Jan24_300SA_p01_12_1_14924",Buzzard: MONet,2024-01-22 23:14:52.000,SciMax01,"60933",https://proto-9.pnl.gov/SciMax01/2024_1/60933_3_T_3_WEOM_r3_Mag_18Jan24_300SA_p01_12_1_14924,Released
1216151,"60923_5_B_3_WEOM_r1_Mag_26Dec23_300SA_p01_18_1_14277",Buzzard: Data is fine but queue stopped over holiday week so need to shim cell and will run the queue again,2023-12-28 17:44:33.000,SciMax01,"60923",https://proto-9.pnl.gov/SciMax01/2024_1/60923_5_B_3_WEOM_r1_Mag_26Dec23_300SA_p01_18_1_14277,Released
1272558,"60923_3_T_2_MAOM_r2_Mag_04Jul24_300SA_p01_14_1_19402",Buzzard: testing MAOM samples before the move,2024-07-04 21:05:29.000,SciMax01,"60923",https://proto-9.pnl.gov/SciMax01/2024_3/60923_3_T_2_MAOM_r2_Mag_04Jul24_300SA_p01_14_1_19402,Released
1234570,"60923_19_T_1_WEOM_r2_Mag_04Mar24_300SA_p01_25_1_16891",Buzzard: MONet,2024-03-06 11:10:38.000,SciMax01,"60923",https://proto-9.pnl.gov/SciMax01/2024_1/60923_19_T_1_WEOM_r2_Mag_04Mar24_300SA_p01_25_1_16891,Released
1345089,"60920_5_TOP_2_MAOM_r2_Mag_19Feb25_3p3kV_300SA_p01_26_1_23410","",2025-02-21 02:01:41.000,SciMax01,"60920",https://proto-9.pnl.gov/SciMax01/2025_1/60920_5_TOP_2_MAOM_r2_Mag_19Feb25_3p3kV_300SA_p01_26_1_23410,Released
1235570,"60886_6_B_3_WEOM_r1_Mag_10Mar24_300SA_p01_36_1_17153",Buzzard: MONet,2024-03-12 01:35:41.000,SciMax01,"60886",https://proto-9.pnl.gov/SciMax01/2024_1/60886_6_B_3_WEOM_r1_Mag_10Mar24_300SA_p01_36_1_17153,Released
1234624,"60923_19_B_1_WEOM_r2_Mag_04Mar24_300SA_p01_28_1_16871",Buzzard: MONet,2024-03-06 02:18:53.000,SciMax01,"60923",https://proto-9.pnl.gov/SciMax01/2024_1/60923_19_B_1_WEOM_r2_Mag_04Mar24_300SA_p01_28_1_16871,Released
1335231,"60933_16_TOP_2_MAOM_r3_Mag_13Jan25_3p3kV_300SA_p01_36_1_21927","",2025-01-16 23:23:34.000,SciMax01,"60933",https://proto-9.pnl.gov/SciMax01/2025_1/60933_16_TOP_2_MAOM_r3_Mag_13Jan25_3p3kV_300SA_p01_36_1_21927,Released
1235668,"60942_2_B_1_WEOM_r3_Mag_07Mar24_300SA_p01_10_1_17078",Buzzard: MONet,2024-03-10 15:29:15.000,SciMax01,"60942",https://proto-9.pnl.gov/SciMax01/2024_1/60942_2_B_1_WEOM_r3_Mag_07Mar24_300SA_p01_10_1_17078,Released
1345309,"60880_6_BTM_3_MAOM_r1_Mag_26Feb25_3p3kV_300SA_p01_46_1_23770","",2025-03-01 14:27:57.000,SciMax01,"60880",https://proto-9.pnl.gov/SciMax01/2025_1/60880_6_BTM_3_MAOM_r1_Mag_26Feb25_3p3kV_300SA_p01_46_1_23770,Released
1349529,"60933_8_TOP_2_MAOM_r3_Mag_20Jan25_3p3kV_300SA_p01_45_1_22186","",2025-01-21 23:46:57.000,SciMax01,"60933",https://proto-9.pnl.gov/SciMax01/2025_1/60933_8_TOP_2_MAOM_r3_Mag_20Jan25_3p3kV_300SA_p01_45_1_22186,Released
1215786,"60920_4_T_3_WEOM_r3_Mag_21Dec23_300SA_p01_7_1_14184",Data needs to be reviewed,2023-12-26 09:16:33.000,SciMax01,"60920",https://proto-9.pnl.gov/SciMax01/2024_1/60920_4_T_3_WEOM_r3_Mag_21Dec23_300SA_p01_7_1_14184,Released
1344880,"60920_2_TOP_2_MAOM_r3_Mag_19Feb25_3p3kV_300SA_p01_8_1_23439","",2025-02-21 14:58:38.000,SciMax01,"60920",https://proto-9.pnl.gov/SciMax01/2025_1/60920_2_TOP_2_MAOM_r3_Mag_19Feb25_3p3kV_300SA_p01_8_1_23439,Released
1314771,"60923_2_T_1_MAOM_r1_Mag_01Nov24_300SA_3p3kV_p01_7_1_20167",Buzzard: Testing response after Instrument cell clean and lab move,2024-11-04 17:31:07.000,SciMax01,"60923",https://proto-9.pnl.gov/SciMax01/2024_4/60923_2_T_1_MAOM_r1_Mag_01Nov24_300SA_3p3kV_p01_7_1_20167,Released
1217281,"60923_13_T_3_WEOM_r3_Mag_04Jan24_300SA_p01_33_1_14671",Buzzard: Use this data,2024-01-09 09:19:08.000,SciMax01,"60923",https://proto-9.pnl.gov/SciMax01/2024_1/60923_13_T_3_WEOM_r3_Mag_04Jan24_300SA_p01_33_1_14671,Released
1220557,"60933_7_T_2_WEOM_r2_Mag_18Jan24_300SA_p01_35_1_14815",Buzzard: MONet,2024-01-20 22:56:16.000,SciMax01,"60933",https://proto-9.pnl.gov/SciMax01/2024_1/60933_7_T_2_WEOM_r2_Mag_18Jan24_300SA_p01_35_1_14815,Released
1328919,"60920_9_BTM_1_MAOM_r3_Mag_23Dec24_3p3kV_300SA_p01_42_1_21135","",2024-12-25 14:04:51.000,SciMax01,"60920",https://proto-9.pnl.gov/SciMax01/2024_4/60920_9_BTM_1_MAOM_r3_Mag_23Dec24_3p3kV_300SA_p01_42_1_21135,Released
1331565,"60933_7_TOP_1_MAOM_r3_Mag_05Jan25_3p3kV_300SA_p01_38_1_21758",data good just rerun,2025-01-09 10:23:30.000,SciMax01,"60933",https://proto-9.pnl.gov/SciMax01/2025_1/60933_7_TOP_1_MAOM_r3_Mag_05Jan25_3p3kV_300SA_p01_38_1_21758,Released
1314863,"60881_3_BTM_1_WEOM_r1_Mag_01Nov24_4p2kV_p01_1_1_20116",Buzzard: Testing response after Instrument cell clean and lab move,2024-11-02 09:07:03.000,SciMax01,"60938",https://proto-9.pnl.gov/SciMax01/2024_4/60881_3_BTM_1_WEOM_r1_Mag_01Nov24_4p2kV_p01_1_1_20116,Released
1314864,"60933_20_BTM_3_WEOM_r1_Mag_01Nov24_4p2kV_p01_16_1_20133",Buzzard: Testing response after Instrument cell clean and lab move,2024-11-02 16:40:29.000,SciMax01,"60938",https://proto-9.pnl.gov/SciMax01/2024_4/60933_20_BTM_3_WEOM_r1_Mag_01Nov24_4p2kV_p01_16_1_20133,Released
1335290,"60933_11_BTM_3_MAOM_r1_Mag_13Jan25_3p3kV_300SA_p01_6_1_21829","",2025-01-15 03:40:01.000,SciMax01,"60933",https://proto-9.pnl.gov/SciMax01/2025_1/60933_11_BTM_3_MAOM_r1_Mag_13Jan25_3p3kV_300SA_p01_6_1_21829,Released
1340501,"60946_2_BTM_3_MAOM_r1_Mag_03Feb25_3p3kV_300SA_p01_40_1_22895","",2025-02-06 10:05:53.000,SciMax01,"60946",https://proto-9.pnl.gov/SciMax01/2025_1/60946_2_BTM_3_MAOM_r1_Mag_03Feb25_3p3kV_300SA_p01_40_1_22895,Released
1335382,"60923_9_TOP_2_MAOM_r3_Mag_13Jan25_3p3kV_300SA_p01_20_1_22099","",2025-01-20 04:04:52.000,SciMax01,"60923",https://proto-9.pnl.gov/SciMax01/2025_1/60923_9_TOP_2_MAOM_r3_Mag_13Jan25_3p3kV_300SA_p01_20_1_22099,Released
1216175,"60923_5_B_2_WEOM_r1_Mag_26Dec23_300SA_p01_38_1_14261",Buzzard: Data is fine but queue stopped over holiday week so need to shim cell and will run the queue again,2023-12-28 10:39:05.000,SciMax01,"60923",https://proto-9.pnl.gov/SciMax01/2024_1/60923_5_B_2_WEOM_r1_Mag_26Dec23_300SA_p01_38_1_14261,Released
1314762,"60923_1_B_1_MAOM_r2_Mag_01Nov24_300SA_4p2kV_p01_4_1_20185",Buzzard: Testing response after Instrument cell clean and lab move,2024-11-05 01:31:52.000,SciMax01,"60923",https://proto-9.pnl.gov/SciMax01/2024_4/60923_1_B_1_MAOM_r2_Mag_01Nov24_300SA_4p2kV_p01_4_1_20185,Released
1215998,"60920_2_T_1_WEOM_r1_Mag_21Dec23_300SA_p01_3_1_13995",Data needs to be reviewed,2023-12-21 20:23:25.000,SciMax01,"60920",https://proto-9.pnl.gov/SciMax01/2024_1/60920_2_T_1_WEOM_r1_Mag_21Dec23_300SA_p01_3_1_13995,Released
1340423,"60942_5_TOP_2_MAOM_r3_Mag_03Feb25_3p3kV_300SA_p01_14_1_23036","",2025-02-09 00:57:09.000,SciMax01,"60942",https://proto-9.pnl.gov/SciMax01/2025_1/60942_5_TOP_2_MAOM_r3_Mag_03Feb25_3p3kV_300SA_p01_14_1_23036,Released
1230869,"60921_3_B_2_WEOM_r2_Mag_21Feb24_300SA_p01_48_1_15481",Buzzard: MONet,2024-02-22 01:26:11.000,SciMax01,"60921",https://proto-9.pnl.gov/SciMax01/2024_1/60921_3_B_2_WEOM_r2_Mag_21Feb24_300SA_p01_48_1_15481,Released
1217489,"60923_11_T_3_WEOM_r1_Mag_04Jan24_300SA_p01_29_1_14490",Buzzard: Use this data,2024-01-06 01:05:54.000,SciMax01,"60923",https://proto-9.pnl.gov/SciMax01/2024_1/60923_11_T_3_WEOM_r1_Mag_04Jan24_300SA_p01_29_1_14490,Released
1235675,"60942_4_T_1_WEOM_r1_Mag_07Mar24_300SA_p01_18_1_16996",Buzzard: MONet,2024-03-08 10:15:47.000,SciMax01,"60942",https://proto-9.pnl.gov/SciMax01/2024_1/60942_4_T_1_WEOM_r1_Mag_07Mar24_300SA_p01_18_1_16996,Released
1335369,"60933_13_TOP_1_MAOM_r2_Mag_13Jan25_3p3kV_300SA_p01_17_1_21857","",2025-01-15 16:09:22.000,SciMax01,"60933",https://proto-9.pnl.gov/SciMax01/2025_1/60933_13_TOP_1_MAOM_r2_Mag_13Jan25_3p3kV_300SA_p01_17_1_21857,Released
1337060,"60923_14_BTM_1_MAOM_r3_Mag_22Jan25_3p3kV_300SA_p01_7_1_22336","",2025-01-25 01:30:30.000,SciMax01,"60923",https://proto-9.pnl.gov/SciMax01/2025_1/60923_14_BTM_1_MAOM_r3_Mag_22Jan25_3p3kV_300SA_p01_7_1_22336,Released
1236264,QC_SRFAII_23_01_10ppm_WEOM_r1_Mag_07Mar24_300SA_p01_54_1_16966,Buzzard: MONet,2024-03-07 20:58:04.000,SciMax01,"60942",https://proto-9.pnl.gov/SciMax01/2024_1/QC_SRFAII_23_01_10ppm_WEOM_r1_Mag_07Mar24_300SA_p01_54_1_16966,Released
1340524,"60938_2_BTM_1_MAOM_r3_Mag_03Feb25_3p3kV_300SA_p01_10_1_22846","",2025-02-05 12:15:46.000,SciMax01,"60938",https://proto-9.pnl.gov/SciMax01/2025_1/60938_2_BTM_1_MAOM_r3_Mag_03Feb25_3p3kV_300SA_p01_10_1_22846,Released
1331538,"60933_5_BTM_3_MAOM_r3_Mag_05Jan25_3p3kV_300SA_p01_31_1_21751",data good just rerun,2025-01-09 07:16:19.000,SciMax01,"60933",https://proto-9.pnl.gov/SciMax01/2025_1/60933_5_BTM_3_MAOM_r3_Mag_05Jan25_3p3kV_300SA_p01_31_1_21751,Released
1236345,QC_SRFAII_23_01_10ppm_WEOM_r2_Mag_10Mar24_300SA_p01_54_1_17186,Buzzard: MONet,2024-03-12 16:13:10.000,SciMax01,"60886",https://proto-9.pnl.gov/SciMax01/2024_1/QC_SRFAII_23_01_10ppm_WEOM_r2_Mag_10Mar24_300SA_p01_54_1_17186,Released
1252860,"60881_2_B_1_WEOM_r2_Mag_01May24_300SA_p01_7_1_18138","",2024-05-04 08:46:44.000,SciMax01,"60881",https://proto-9.pnl.gov/SciMax01/2024_2/60881_2_B_1_WEOM_r2_Mag_01May24_300SA_p01_7_1_18138,Released
1337969,"60923_10_BTM_3_MAOM_r1_Mag_29Jan25_3p3kV_300SA_p01_30_1_22551","",2025-01-29 01:36:18.000,SciMax01,"60923",https://proto-9.pnl.gov/SciMax01/2025_1/60923_10_BTM_3_MAOM_r1_Mag_29Jan25_3p3kV_300SA_p01_30_1_22551,Released
1217315,"60923_5_T_2_WEOM_r1_Mag_04Jan24_300SA_p01_37_1_14461",Buzzard: Use this data,2024-01-05 12:14:50.000,SciMax01,"60923",https://proto-9.pnl.gov/SciMax01/2024_1/60923_5_T_2_WEOM_r1_Mag_04Jan24_300SA_p01_37_1_14461,Released
1337287,"60886_2_BTM_2_MAOM_r1_Mag_22Jan25_3p3kV_300SA_p01_17_1_22397","",2025-01-26 04:43:45.000,SciMax01,"60886",https://proto-9.pnl.gov/SciMax01/2025_1/60886_2_BTM_2_MAOM_r1_Mag_22Jan25_3p3kV_300SA_p01_17_1_22397,Released
1217516,"60923_7_B_1_WEOM_r2_Mag_04Jan24_300SA_p01_14_1_14521",Buzzard: Use this data,2024-01-06 14:50:13.000,SciMax01,"60923",https://proto-9.pnl.gov/SciMax01/2024_1/60923_7_B_1_WEOM_r2_Mag_04Jan24_300SA_p01_14_1_14521,Released
1236334,"60886_3_T_3_WEOM_r3_Mag_10Mar24_300SA_p01_15_1_17270",Buzzard: MONet,2024-03-14 05:26:37.000,SciMax01,"60886",https://proto-9.pnl.gov/SciMax01/2024_1/60886_3_T_3_WEOM_r3_Mag_10Mar24_300SA_p01_15_1_17270,Released
1217312,"60923_3_B_2_WEOM_r1_Mag_04Jan24_300SA_p01_34_1_14450",Buzzard: Use this data,2024-01-05 07:22:21.000,SciMax01,"60923",https://proto-9.pnl.gov/SciMax01/2024_1/60923_3_B_2_WEOM_r1_Mag_04Jan24_300SA_p01_34_1_14450,Released
1220654,"60933_8_T_2_WEOM_r1_Mag_18Jan24_300SA_p01_41_1_14725",Buzzard: MONet,2024-01-19 07:03:06.000,SciMax01,"60933",https://proto-9.pnl.gov/SciMax01/2024_1/60933_8_T_2_WEOM_r1_Mag_18Jan24_300SA_p01_41_1_14725,Released
1341319,"60932_2_BTM_2_MAOM_r2_Mag_10Feb25_3p3kV_300SA_p01_11_1_23122","",2025-02-12 02:46:23.000,SciMax01,"60932",https://proto-9.pnl.gov/SciMax01/2025_1/60932_2_BTM_2_MAOM_r2_Mag_10Feb25_3p3kV_300SA_p01_11_1_23122,Released
1314745,"60923_3_T_3_MAOM_r1_Mag_01Nov24_300SA_3p3kV_p01_15_1_20174",Buzzard: Testing response after Instrument cell clean and lab move,2024-11-04 20:38:00.000,SciMax01,"60923",https://proto-9.pnl.gov/SciMax01/2024_4/60923_3_T_3_MAOM_r1_Mag_01Nov24_300SA_3p3kV_p01_15_1_20174,Released
1253570,"60940_2_T_1_WEOM_r1_Mag_10May24_300SA_p01_7_1_18297","",2024-05-11 07:20:50.000,SciMax01,"60940",https://proto-9.pnl.gov/SciMax01/2024_2/60940_2_T_1_WEOM_r1_Mag_10May24_300SA_p01_7_1_18297,Released
1180818,"60921_2_T_1_WEOM_1w_22_1_13416",Buzzard: 1w; Data needs to be reviewed,2023-08-30 05:48:42.000,SciMax01,"60921",https://proto-9.pnl.gov/SciMax01/2023_3/60921_2_T_1_WEOM_1w_22_1_13416,Released
1220680,"60938_3_B_1_WEOM_r2_Mag_18Jan24_300SA_p01_16_1_14887",Buzzard: MONet,2024-01-22 06:51:01.000,SciMax01,"60938",https://proto-9.pnl.gov/SciMax01/2024_1/60938_3_B_1_WEOM_r2_Mag_18Jan24_300SA_p01_16_1_14887,Released
1335395,"60933_16_TOP_3_MAOM_r3_Mag_13Jan25_3p3kV_300SA_p01_37_1_21958","",2025-01-17 13:13:15.000,SciMax01,"60933",https://proto-9.pnl.gov/SciMax01/2025_1/60933_16_TOP_3_MAOM_r3_Mag_13Jan25_3p3kV_300SA_p01_37_1_21958,Released
1314772,"60923_1_B_3_MAOM_r1_Mag_01Nov24_300SA_3p3kV_p01_6_1_20164",Buzzard: Testing response after Instrument cell clean and lab move,2024-11-04 16:11:03.000,SciMax01,"60923",https://proto-9.pnl.gov/SciMax01/2024_4/60923_1_B_3_MAOM_r1_Mag_01Nov24_300SA_3p3kV_p01_6_1_20164,Released
1330771,"60846_12_TOP_1_MAOM_r3_Mag_02Jan25_3p3kV_300SA_p01_19_1_21580","",2025-01-05 08:22:47.000,SciMax01,"60846",https://proto-9.pnl.gov/SciMax01/2025_1/60846_12_TOP_1_MAOM_r3_Mag_02Jan25_3p3kV_300SA_p01_19_1_21580,Released
1231205,"60846_2_B_3_WEOM_r1_Mag_16Feb24_300SA_p01_18_1_15271",Buzzard: MONet,2024-02-17 06:03:21.000,SciMax01,"60846",https://proto-9.pnl.gov/SciMax01/2024_1/60846_2_B_3_WEOM_r1_Mag_16Feb24_300SA_p01_18_1_15271,Released
1236352,"60886_6_B_1_WEOM_r2_Mag_10Mar24_300SA_p01_34_1_17180",Buzzard: MONet,2024-03-12 13:33:37.000,SciMax01,"60886",https://proto-9.pnl.gov/SciMax01/2024_1/60886_6_B_1_WEOM_r2_Mag_10Mar24_300SA_p01_34_1_17180,Released
1231305,"60933_14_B_1_WEOM_r3_Mag_12Feb24_300SA_p01_22_1_15240",Buzzard: MONet,2024-02-16 16:19:02.000,SciMax01,"60933",https://proto-9.pnl.gov/SciMax01/2024_1/60933_14_B_1_WEOM_r3_Mag_12Feb24_300SA_p01_22_1_15240,Released
1220998,"60938_2_T_1_WEOM_r3_Mag_18Jan24_300SA_p01_7_1_14983",Buzzard: MONet,2024-01-24 01:23:46.000,SciMax01,"60938",https://proto-9.pnl.gov/SciMax01/2024_1/60938_2_T_1_WEOM_r3_Mag_18Jan24_300SA_p01_7_1_14983,Released
1314793,"60942_6_BTM_3_WEOM_r1_Mag_01Nov24_3p3kV_p01_19_1_20099",Buzzard: Testing response after Instrument cell clean and lab move,2024-11-02 01:32:56.000,SciMax01,"60938",https://proto-9.pnl.gov/SciMax01/2024_4/60942_6_BTM_3_WEOM_r1_Mag_01Nov24_3p3kV_p01_19_1_20099,Released
1235558,"60942_6_T_1_WEOM_r3_Mag_07Mar24_300SA_p01_30_1_17081",Buzzard: MONet,2024-03-10 16:49:01.000,SciMax01,"60942",https://proto-9.pnl.gov/SciMax01/2024_1/60942_6_T_1_WEOM_r3_Mag_07Mar24_300SA_p01_30_1_17081,Released
1337207,"60923_20_TOP_2_MAOM_r3_Mag_22Jan25_3p3kV_300SA_p01_45_1_22367","",2025-01-25 15:21:05.000,SciMax01,"60923",https://proto-9.pnl.gov/SciMax01/2025_1/60923_20_TOP_2_MAOM_r3_Mag_22Jan25_3p3kV_300SA_p01_45_1_22367,Released
1314788,"60886_3_BTM_3_WEOM_r1_Mag_01Nov24_4p2kV_p01_7_1_20122",Buzzard: Testing response after Instrument cell clean and lab move,2024-11-02 11:46:47.000,SciMax01,"60938",https://proto-9.pnl.gov/SciMax01/2024_4/60886_3_BTM_3_WEOM_r1_Mag_01Nov24_4p2kV_p01_7_1_20122,Released
1233004,"60923_17_B_2_WEOM_r1_Mag_04Mar24_300SA_p01_17_1_16820","",2024-03-05 03:42:45.000,SciMax01,"60923",https://proto-9.pnl.gov/SciMax01/2024_1/60923_17_B_2_WEOM_r1_Mag_04Mar24_300SA_p01_17_1_16820,Released
1230967,"60846_2_T_2_WEOM_r3_Mag_16Feb24_300SA_p01_14_1_15356",Buzzard: MONet,2024-02-19 04:47:02.000,SciMax01,"60846",https://proto-9.pnl.gov/SciMax01/2024_1/60846_2_T_2_WEOM_r3_Mag_16Feb24_300SA_p01_14_1_15356,Released
1337357,"60886_5_TOP_2_MAOM_r1_Mag_22Jan25_3p3kV_300SA_p01_36_1_22426","",2025-01-26 17:39:35.000,SciMax01,"60886",https://proto-9.pnl.gov/SciMax01/2025_1/60886_5_TOP_2_MAOM_r1_Mag_22Jan25_3p3kV_300SA_p01_36_1_22426,Released
1329079,"60923_5_BTM_1_MAOM_r2_Mag_27Dec24_3p3kV_300SA_p01_28_1_21250","",2024-12-29 04:56:55.000,SciMax01,"60923",https://proto-9.pnl.gov/SciMax01/2024_4/60923_5_BTM_1_MAOM_r2_Mag_27Dec24_3p3kV_300SA_p01_28_1_21250,Released
1217340,"60923_6_B_1_WEOM_r1_Mag_04Jan24_300SA_p01_12_1_14421",Buzzard: Use this data,2024-01-04 18:31:14.000,SciMax01,"60923",https://proto-9.pnl.gov/SciMax01/2024_1/60923_6_B_1_WEOM_r1_Mag_04Jan24_300SA_p01_12_1_14421,Released
1231066,"60933_20_B_1_WEOM_r3_Mag_12Feb24_300SA_p01_7_1_15234",Buzzard: MONet,2024-02-16 12:31:06.000,SciMax01,"60933",https://proto-9.pnl.gov/SciMax01/2024_1/60933_20_B_1_WEOM_r3_Mag_12Feb24_300SA_p01_7_1_15234,Released
1216038,"60923_5_B_1_WEOM_r2_Mag_26Dec23_300SA_p01_10_1_14312",Buzzard: Data is fine but queue stopped over holiday week so need to shim cell and will run the queue again,2023-12-29 09:15:14.000,SciMax01,"60923",https://proto-9.pnl.gov/SciMax01/2024_1/60923_5_B_1_WEOM_r2_Mag_26Dec23_300SA_p01_10_1_14312,Released
1336363,"60923_16_BTM_1_MAOM_r1_Mag_22Jan25_3p3kV_300SA_p01_19_1_22231","",2025-01-23 02:40:17.000,SciMax01,"60923",https://proto-9.pnl.gov/SciMax01/2025_1/60923_16_BTM_1_MAOM_r1_Mag_22Jan25_3p3kV_300SA_p01_19_1_22231,Released
1335222,"60933_16_TOP_1_MAOM_r1_Mag_13Jan25_3p3kV_300SA_p01_35_1_21783","",2025-01-13 19:46:13.000,SciMax01,"60933",https://proto-9.pnl.gov/SciMax01/2025_1/60933_16_TOP_1_MAOM_r1_Mag_13Jan25_3p3kV_300SA_p01_35_1_21783,Released
1236346,"60886_1_B_1_WEOM_r3_Mag_10Mar24_300SA_p01_4_1_17251",Buzzard: MONet,2024-03-13 21:01:25.000,SciMax01,"60886",https://proto-9.pnl.gov/SciMax01/2024_1/60886_1_B_1_WEOM_r3_Mag_10Mar24_300SA_p01_4_1_17251,Released
1340301,"60946_1_TOP_3_MAOM_r3_Mag_03Feb25_3p3kV_300SA_p01_31_1_22997","",2025-02-08 07:34:17.000,SciMax01,"60946",https://proto-9.pnl.gov/SciMax01/2025_1/60946_1_TOP_3_MAOM_r3_Mag_03Feb25_3p3kV_300SA_p01_31_1_22997,Released
1337296,"60886_3_TOP_1_MAOM_r1_Mag_22Jan25_3p3kV_300SA_p01_19_1_22400","",2025-01-26 06:04:08.000,SciMax01,"60886",https://proto-9.pnl.gov/SciMax01/2025_1/60886_3_TOP_1_MAOM_r1_Mag_22Jan25_3p3kV_300SA_p01_19_1_22400,Released
1341907,"60881_4_TOP_2_MAOM_r2_Mag_10Feb25_3p3kV_300SA_p01_20_1_23240","",2025-02-14 07:23:40.000,SciMax01,"60881",https://proto-9.pnl.gov/SciMax01/2025_1/60881_4_TOP_2_MAOM_r2_Mag_10Feb25_3p3kV_300SA_p01_20_1_23240,Released
1252963,"60929_2_B_1_WEOM_r2_Mag_01May24_300SA_p01_46_1_18168","",2024-05-04 22:04:35.000,SciMax01,"60929",https://proto-9.pnl.gov/SciMax01/2024_2/60929_2_B_1_WEOM_r2_Mag_01May24_300SA_p01_46_1_18168,Released
1329990,"60880_1_TOP_2_MAOM_r1_Mag_02Jan25_3p3kV_300SA_p01_36_1_21433","",2025-01-02 14:49:56.000,SciMax01,"60880",https://proto-9.pnl.gov/SciMax01/2025_1/60880_1_TOP_2_MAOM_r1_Mag_02Jan25_3p3kV_300SA_p01_36_1_21433,Released
1216010,"60923_8_T_2_WEOM_r2_Mag_26Dec23_300SA_p01_43_1_14335",Buzzard: Data is fine but queue stopped over holiday week so need to shim cell and will run the queue again,2023-12-29 19:26:48.000,SciMax01,"60923",https://proto-9.pnl.gov/SciMax01/2024_1/60923_8_T_2_WEOM_r2_Mag_26Dec23_300SA_p01_43_1_14335,Released
1340548,"60938_3_BTM_2_MAOM_r1_Mag_03Feb25_3p3kV_300SA_p01_17_1_22755","",2025-02-03 19:42:02.000,SciMax01,"60938",https://proto-9.pnl.gov/SciMax01/2025_1/60938_3_BTM_2_MAOM_r1_Mag_03Feb25_3p3kV_300SA_p01_17_1_22755,Released
1215951,"60920_9_B_3_WEOM_r3_Mag_21Dec23_300SA_p01_17_1_14200",Data needs to be reviewed,2023-12-26 16:22:00.000,SciMax01,"60920",https://proto-9.pnl.gov/SciMax01/2024_1/60920_9_B_3_WEOM_r3_Mag_21Dec23_300SA_p01_17_1_14200,Released
1338892,"60933_19_BTM_2_MAOM_r3_Mag_29Jan25_3p3kV_300SA_p01_11_1_22721","",2025-02-01 05:24:34.000,SciMax01,"60933",https://proto-9.pnl.gov/SciMax01/2025_1/60933_19_BTM_2_MAOM_r3_Mag_29Jan25_3p3kV_300SA_p01_11_1_22721,Released
1339779,"60946_1_BTM_2_MAOM_r1_Mag_03Feb25_3p3kV_300SA_p01_33_1_22900","",2025-02-06 12:19:29.000,SciMax01,"60946",https://proto-9.pnl.gov/SciMax01/2025_1/60946_1_BTM_2_MAOM_r1_Mag_03Feb25_3p3kV_300SA_p01_33_1_22900,Released
1349512,"60933_12_TOP_3_MAOM_r1_Mag_31Jan25_3p3kV_300SA_p01_9_1_22725","",2025-02-01 07:11:25.000,SciMax01,"60933",https://proto-9.pnl.gov/SciMax01/2025_1/60933_12_TOP_3_MAOM_r1_Mag_31Jan25_3p3kV_300SA_p01_9_1_22725,Released
1329116,"60923_4_TOP_1_MAOM_r2_Mag_27Dec24_3p3kV_300SA_p01_19_1_21245","",2024-12-29 02:43:08.000,SciMax01,"60923",https://proto-9.pnl.gov/SciMax01/2024_4/60923_4_TOP_1_MAOM_r2_Mag_27Dec24_3p3kV_300SA_p01_19_1_21245,Released
1217523,"60923_2_T_1_WEOM_r3_Mag_04Jan24_300SA_p01_3_1_14608",Buzzard: Use this data,2024-01-08 05:23:55.000,SciMax01,"60923",https://proto-9.pnl.gov/SciMax01/2024_1/60923_2_T_1_WEOM_r3_Mag_04Jan24_300SA_p01_3_1_14608,Released
1328988,"60920_8_BTM_3_MAOM_r3_Mag_23Dec24_3p3kV_300SA_p01_38_1_21152","",2024-12-25 21:39:01.000,SciMax01,"60920",https://proto-9.pnl.gov/SciMax01/2024_4/60920_8_BTM_3_MAOM_r3_Mag_23Dec24_3p3kV_300SA_p01_38_1_21152,Released
1342077,"60881_5_TOP_3_MAOM_r3_Mag_10Feb25_3p3kV_300SA_p01_27_1_23294","",2025-02-15 07:28:25.000,SciMax01,"60881",https://proto-9.pnl.gov/SciMax01/2025_1/60881_5_TOP_3_MAOM_r3_Mag_10Feb25_3p3kV_300SA_p01_27_1_23294,Released
1231211,"60933_19_T_1_WEOM_r3_Mag_12Feb24_300SA_p01_49_1_15236",Buzzard: MONet,2024-02-16 13:24:17.000,SciMax01,"60933",https://proto-9.pnl.gov/SciMax01/2024_1/60933_19_T_1_WEOM_r3_Mag_12Feb24_300SA_p01_49_1_15236,Released
1215887,"60920_7_T_2_WEOM_r3_Mag_21Dec23_300SA_p01_32_1_14176",Data needs to be reviewed,2023-12-26 05:43:48.000,SciMax01,"60920",https://proto-9.pnl.gov/SciMax01/2024_1/60920_7_T_2_WEOM_r3_Mag_21Dec23_300SA_p01_32_1_14176,Released
1215912,"60920_4_B_3_WEOM_r2_Mag_21Dec23_300SA_p01_8_1_14124",Data needs to be reviewed,2023-12-25 06:41:04.000,SciMax01,"60920",https://proto-9.pnl.gov/SciMax01/2024_1/60920_4_B_3_WEOM_r2_Mag_21Dec23_300SA_p01_8_1_14124,Released
1180816,"60881_2_B_1_WEOM_1w_52_1_13387",Buzzard: 1w; Data needs to be reviewed,2023-08-29 16:57:36.000,SciMax01,"60881",https://proto-9.pnl.gov/SciMax01/2023_3/60881_2_B_1_WEOM_1w_52_1_13387,Released
1330544,"60846_7_TOP_3_MAOM_r2_Mag_02Jan25_3p3kV_300SA_p01_15_1_21483","",2025-01-03 13:08:09.000,SciMax01,"60846",https://proto-9.pnl.gov/SciMax01/2025_1/60846_7_TOP_3_MAOM_r2_Mag_02Jan25_3p3kV_300SA_p01_15_1_21483,Released
1330908,"60933_1_TOP_2_MAOM_r1_Mag_05Jan25_3p3kV_300SA_p01_2_1_21647","",2025-01-06 14:15:46.000,SciMax01,"60933",https://proto-9.pnl.gov/SciMax01/2025_1/60933_1_TOP_2_MAOM_r1_Mag_05Jan25_3p3kV_300SA_p01_2_1_21647,Released
1216017,QC_SRFAII_23_01_20ppm_r0_Mag_26Dec23_300SA_p01_54_1_14204,Buzzard: Data is fine but queue stopped over holiday week so need to shim cell and will run the queue again,2023-12-27 09:23:28.000,SciMax01,"60923",https://proto-9.pnl.gov/SciMax01/2024_1/QC_SRFAII_23_01_20ppm_r0_Mag_26Dec23_300SA_p01_54_1_14204,Released
1330714,"60880_2_BTM_1_MAOM_r3_Mag_02Jan25_3p3kV_300SA_p01_44_1_21552","",2025-01-04 19:53:41.000,SciMax01,"60880",https://proto-9.pnl.gov/SciMax01/2025_1/60880_2_BTM_1_MAOM_r3_Mag_02Jan25_3p3kV_300SA_p01_44_1_21552,Released
1328942,"60940_4_TOP_1_MAOM_r3_Mag_23Dec24_3p3kV_300SA_p01_19_1_21127","",2024-12-25 10:30:48.000,SciMax01,"60940",https://proto-9.pnl.gov/SciMax01/2024_4/60940_4_TOP_1_MAOM_r3_Mag_23Dec24_3p3kV_300SA_p01_19_1_21127,Released
1215966,"60920_1_T_3_WEOM_r1_Mag_21Dec23_300SA_p01_1_1_14042",Data needs to be reviewed,2023-12-22 17:13:11.000,SciMax01,"60920",https://proto-9.pnl.gov/SciMax01/2024_1/60920_1_T_3_WEOM_r1_Mag_21Dec23_300SA_p01_1_1_14042,Released
1234564,"60923_15_B_1_WEOM_r2_Mag_04Mar24_300SA_p01_4_1_16854",Buzzard: MONet,2024-03-05 18:46:50.000,SciMax01,"60923",https://proto-9.pnl.gov/SciMax01/2024_1/60923_15_B_1_WEOM_r2_Mag_04Mar24_300SA_p01_4_1_16854,Released
1337317,"60886_5_BTM_2_MAOM_r1_Mag_22Jan25_3p3kV_300SA_p01_38_1_22409","",2025-01-26 10:05:06.000,SciMax01,"60886",https://proto-9.pnl.gov/SciMax01/2025_1/60886_5_BTM_2_MAOM_r1_Mag_22Jan25_3p3kV_300SA_p01_38_1_22409,Released
1217514,"60923_7_T_1_WEOM_r2_Mag_04Jan24_300SA_p01_13_1_14517",Buzzard: Use this data,2024-01-06 13:03:52.000,SciMax01,"60923",https://proto-9.pnl.gov/SciMax01/2024_1/60923_7_T_1_WEOM_r2_Mag_04Jan24_300SA_p01_13_1_14517,Released
1215825,"60920_9_T_1_WEOM_r1_Mag_21Dec23_300SA_p01_16_1_13997",Data needs to be reviewed,2023-12-21 21:16:36.000,SciMax01,"60920",https://proto-9.pnl.gov/SciMax01/2024_1/60920_9_T_1_WEOM_r1_Mag_21Dec23_300SA_p01_16_1_13997,Released
1339918,"60942_6_TOP_1_MAOM_r1_Mag_03Feb25_3p3kV_300SA_p01_23_1_22916","",2025-02-06 19:27:31.000,SciMax01,"60942",https://proto-9.pnl.gov/SciMax01/2025_1/60942_6_TOP_1_MAOM_r1_Mag_03Feb25_3p3kV_300SA_p01_23_1_22916,Released
1231090,"60846_5_B_1_WEOM_r1_Mag_16Feb24_300SA_p01_22_1_15244",Buzzard: MONet,2024-02-16 18:05:24.000,SciMax01,"60846",https://proto-9.pnl.gov/SciMax01/2024_1/60846_5_B_1_WEOM_r1_Mag_16Feb24_300SA_p01_22_1_15244,Released
1341936,"60881_2_BTM_1_MAOM_r2_Mag_10Feb25_3p3kV_300SA_p01_10_1_23252","",2025-02-14 12:44:49.000,SciMax01,"60881",https://proto-9.pnl.gov/SciMax01/2025_1/60881_2_BTM_1_MAOM_r2_Mag_10Feb25_3p3kV_300SA_p01_10_1_23252,Released
1340502,"60938_1_BTM_2_MAOM_r3_Mag_03Feb25_3p3kV_300SA_p01_5_1_22873","",2025-02-06 00:17:18.000,SciMax01,"60938",https://proto-9.pnl.gov/SciMax01/2025_1/60938_1_BTM_2_MAOM_r3_Mag_03Feb25_3p3kV_300SA_p01_5_1_22873,Released
1314732,"60923_2_T_3_MAOM_r2_Mag_01Nov24_300SA_4p2kV_p01_9_1_20197",Buzzard: Testing response after Instrument cell clean and lab move,2024-11-05 06:51:23.000,SciMax01,"60923",https://proto-9.pnl.gov/SciMax01/2024_4/60923_2_T_3_MAOM_r2_Mag_01Nov24_300SA_4p2kV_p01_9_1_20197,Released
1336758,"60923_15_TOP_2_MAOM_r2_Mag_22Jan25_3p3kV_300SA_p01_11_1_22276","",2025-01-23 22:45:07.000,SciMax01,"60923",https://proto-9.pnl.gov/SciMax01/2025_1/60923_15_TOP_2_MAOM_r2_Mag_22Jan25_3p3kV_300SA_p01_11_1_22276,Released
1216181,QC_SRFAII_23_01_20ppm_r1_Mag_26Dec23_300SA_p01_54_1_14270,Buzzard: Data is fine but queue stopped over holiday week so need to shim cell and will run the queue again,2023-12-28 14:38:26.000,SciMax01,"60923",https://proto-9.pnl.gov/SciMax01/2024_1/QC_SRFAII_23_01_20ppm_r1_Mag_26Dec23_300SA_p01_54_1_14270,Released
1234629,"60923_20_B_3_WEOM_r3_Mag_04Mar24_300SA_p01_36_1_16919",Buzzard: MONet,2024-03-06 23:35:11.000,SciMax01,"60923",https://proto-9.pnl.gov/SciMax01/2024_1/60923_20_B_3_WEOM_r3_Mag_04Mar24_300SA_p01_36_1_16919,Released
1217676,"60923_5_T_3_WEOM_r3_Mag_04Jan24_300SA_p01_17_1_14687",Buzzard: Use this data,2024-01-09 16:24:32.000,SciMax01,"60923",https://proto-9.pnl.gov/SciMax01/2024_1/60923_5_T_3_WEOM_r3_Mag_04Jan24_300SA_p01_17_1_14687,Released
1215979,"60920_2_B_3_WEOM_r3_Mag_21Dec23_300SA_p01_4_1_14183",Data needs to be reviewed,2023-12-26 08:49:56.000,SciMax01,"60920",https://proto-9.pnl.gov/SciMax01/2024_1/60920_2_B_3_WEOM_r3_Mag_21Dec23_300SA_p01_4_1_14183,Released
1339966,"60946_1_BTM_1_MAOM_r1_Mag_03Feb25_3p3kV_300SA_p01_32_1_22927","",2025-02-07 00:21:46.000,SciMax01,"60946",https://proto-9.pnl.gov/SciMax01/2025_1/60946_1_BTM_1_MAOM_r1_Mag_03Feb25_3p3kV_300SA_p01_32_1_22927,Released
1329034,"60923_2_BTM_3_MAOM_r1_Mag_27Dec24_3p3kV_300SA_p01_12_1_21210","",2024-12-28 11:06:51.000,SciMax01,"60923",https://proto-9.pnl.gov/SciMax01/2024_4/60923_2_BTM_3_MAOM_r1_Mag_27Dec24_3p3kV_300SA_p01_12_1_21210,Released
1338625,"60933_20_BTM_1_MAOM_r3_Mag_29Jan25_3p3kV_300SA_p01_16_1_22670","",2025-01-31 06:40:07.000,SciMax01,"60933",https://proto-9.pnl.gov/SciMax01/2025_1/60933_20_BTM_1_MAOM_r3_Mag_29Jan25_3p3kV_300SA_p01_16_1_22670,Released
1337250,"60886_6_BTM_1_MAOM_r1_Mag_22Jan25_3p3kV_300SA_p01_43_1_22384","",2025-01-25 22:56:03.000,SciMax01,"60886",https://proto-9.pnl.gov/SciMax01/2025_1/60886_6_BTM_1_MAOM_r1_Mag_22Jan25_3p3kV_300SA_p01_43_1_22384,Released
1231173,"60846_17_B_2_WEOM_r3_Mag_16Feb24_300SA_p01_41_1_15324",Buzzard: MONet,2024-02-18 05:32:42.000,SciMax01,"60846",https://proto-9.pnl.gov/SciMax01/2024_1/60846_17_B_2_WEOM_r3_Mag_16Feb24_300SA_p01_41_1_15324,Released
1216055,"60923_4_T_2_WEOM_r2_Mag_26Dec23_300SA_p01_35_1_14353",Buzzard: Data is fine but queue stopped over holiday week so need to shim cell and will run the queue again,2023-12-30 03:25:28.000,SciMax01,"60923",https://proto-9.pnl.gov/SciMax01/2024_1/60923_4_T_2_WEOM_r2_Mag_26Dec23_300SA_p01_35_1_14353,Released
1220613,"60933_4_T_2_WEOM_r2_Mag_18Jan24_300SA_p01_17_1_14836",Buzzard: MONet,2024-01-21 08:14:50.000,SciMax01,"60933",https://proto-9.pnl.gov/SciMax01/2024_1/60933_4_T_2_WEOM_r2_Mag_18Jan24_300SA_p01_17_1_14836,Released
1467758,QC_SRFAII_25_01_C_WEOM_r1_54_1_31528,"",2026-01-16 21:14:02.000,SciMax01,"61552",https://proto-9.pnl.gov/SciMax01/2026_1/QC_SRFAII_25_01_C_WEOM_r1_54_1_31528,Released
1337997,"60933_20_TOP_1_MAOM_r1_Mag_29Jan25_3p3kV_300SA_p01_13_1_22559","",2025-01-29 05:10:48.000,SciMax01,"60933",https://proto-9.pnl.gov/SciMax01/2025_1/60933_20_TOP_1_MAOM_r1_Mag_29Jan25_3p3kV_300SA_p01_13_1_22559,Released
1337085,"60923_19_TOP_1_MAOM_r3_Mag_22Jan25_3p3kV_300SA_p01_38_1_22343","",2025-01-25 04:37:35.000,SciMax01,"60923",https://proto-9.pnl.gov/SciMax01/2025_1/60923_19_TOP_1_MAOM_r3_Mag_22Jan25_3p3kV_300SA_p01_38_1_22343,Released
1339923,"60942_6_BTM_2_MAOM_r1_Mag_03Feb25_3p3kV_300SA_p01_27_1_22917","",2025-02-06 19:54:19.000,SciMax01,"60942",https://proto-9.pnl.gov/SciMax01/2025_1/60942_6_BTM_2_MAOM_r1_Mag_03Feb25_3p3kV_300SA_p01_27_1_22917,Released
1215939,"60920_4_T_2_WEOM_r1_Mag_21Dec23_300SA_p01_26_1_14012",Data needs to be reviewed,2023-12-22 03:55:28.000,SciMax01,"60920",https://proto-9.pnl.gov/SciMax01/2024_1/60920_4_T_2_WEOM_r1_Mag_21Dec23_300SA_p01_26_1_14012,Released
1328972,"60940_2_TOP_3_MAOM_r2_Mag_23Dec24_3p3kV_300SA_p01_9_1_21048","",2024-12-23 23:17:49.000,SciMax01,"60940",https://proto-9.pnl.gov/SciMax01/2024_4/60940_2_TOP_3_MAOM_r2_Mag_23Dec24_3p3kV_300SA_p01_9_1_21048,Released
1342158,"60881_3_TOP_3_MAOM_r3_Mag_10Feb25_3p3kV_300SA_p01_15_1_23315","",2025-02-15 16:50:22.000,SciMax01,"60881",https://proto-9.pnl.gov/SciMax01/2025_1/60881_3_TOP_3_MAOM_r3_Mag_10Feb25_3p3kV_300SA_p01_15_1_23315,Released
1235631,"60886_6_T_1_WEOM_r1_Mag_10Mar24_300SA_p01_31_1_17166",Buzzard: MONet,2024-03-12 07:21:22.000,SciMax01,"60886",https://proto-9.pnl.gov/SciMax01/2024_1/60886_6_T_1_WEOM_r1_Mag_10Mar24_300SA_p01_31_1_17166,Released
1337054,"60923_17_TOP_3_MAOM_r3_Mag_22Jan25_3p3kV_300SA_p01_24_1_22335","",2025-01-25 01:03:52.000,SciMax01,"60923",https://proto-9.pnl.gov/SciMax01/2025_1/60923_17_TOP_3_MAOM_r3_Mag_22Jan25_3p3kV_300SA_p01_24_1_22335,Released
1329359,"60923_1_BTM_3_MAOM_r3_Mag_27Dec24_3p3kV_300SA_p01_6_1_21327","",2024-12-30 15:16:48.000,SciMax01,"60923",https://proto-9.pnl.gov/SciMax01/2024_4/60923_1_BTM_3_MAOM_r3_Mag_27Dec24_3p3kV_300SA_p01_6_1_21327,Released
1328949,"60920_8_BTM_2_MAOM_r1_Mag_23Dec24_3p3kV_300SA_p01_37_1_21041","",2024-12-23 20:10:47.000,SciMax01,"60920",https://proto-9.pnl.gov/SciMax01/2024_4/60920_8_BTM_2_MAOM_r1_Mag_23Dec24_3p3kV_300SA_p01_37_1_21041,Released
1344879,"60920_1_TOP_1_MAOM_r3_Mag_19Feb25_3p3kV_300SA_p01_1_1_23453","",2025-02-21 21:13:23.000,SciMax01,"60920",https://proto-9.pnl.gov/SciMax01/2025_1/60920_1_TOP_1_MAOM_r3_Mag_19Feb25_3p3kV_300SA_p01_1_1_23453,Released
1217362,"60923_9_B_3_WEOM_r3_Mag_04Jan24_300SA_p01_26_1_14675",Buzzard: Use this data,2024-01-09 11:05:29.000,SciMax01,"60923",https://proto-9.pnl.gov/SciMax01/2024_1/60923_9_B_3_WEOM_r3_Mag_04Jan24_300SA_p01_26_1_14675,Released
1220669,"60933_5_T_3_WEOM_r2_Mag_18Jan24_300SA_p01_24_1_14808",Buzzard: MONet,2024-01-20 19:50:10.000,SciMax01,"60933",https://proto-9.pnl.gov/SciMax01/2024_1/60933_5_T_3_WEOM_r2_Mag_18Jan24_300SA_p01_24_1_14808,Released
1220745,"60933_4_B_3_WEOM_r2_Mag_18Jan24_300SA_p01_21_1_14825",Buzzard: MONet,2024-01-21 03:22:20.000,SciMax01,"60933",https://proto-9.pnl.gov/SciMax01/2024_1/60933_4_B_3_WEOM_r2_Mag_18Jan24_300SA_p01_21_1_14825,Released
1340560,"60938_4_BTM_3_MAOM_r2_Mag_03Feb25_3p3kV_300SA_p01_24_1_22796","",2025-02-04 13:58:51.000,SciMax01,"60938",https://proto-9.pnl.gov/SciMax01/2025_1/60938_4_BTM_3_MAOM_r2_Mag_03Feb25_3p3kV_300SA_p01_24_1_22796,Released
1231070,"60933_16_B_3_WEOM_r1_Mag_12Feb24_300SA_p01_36_1_15098",Buzzard: MONet,2024-02-14 00:14:50.000,SciMax01,"60933",https://proto-9.pnl.gov/SciMax01/2024_1/60933_16_B_3_WEOM_r1_Mag_12Feb24_300SA_p01_36_1_15098,Released
1339987,"60920_7_TOP_2_MAOM_r1_Mag_03Feb25_3p3kV_300SA_p01_2_1_22932","",2025-02-07 02:35:33.000,SciMax01,"60920",https://proto-9.pnl.gov/SciMax01/2025_1/60920_7_TOP_2_MAOM_r1_Mag_03Feb25_3p3kV_300SA_p01_2_1_22932,Released
1345020,"60920_1_TOP_3_MAOM_r2_Mag_19Feb25_3p3kV_300SA_p01_3_1_23391","",2025-02-20 17:34:01.000,SciMax01,"60920",https://proto-9.pnl.gov/SciMax01/2025_1/60920_1_TOP_3_MAOM_r2_Mag_19Feb25_3p3kV_300SA_p01_3_1_23391,Released
1341211,"60932_1_TOP_3_MAOM_r1_Mag_10Feb25_3p3kV_300SA_p01_3_1_23082","",2025-02-11 08:56:12.000,SciMax01,"60932",https://proto-9.pnl.gov/SciMax01/2025_1/60932_1_TOP_3_MAOM_r1_Mag_10Feb25_3p3kV_300SA_p01_3_1_23082,Released
1220725,"60938_5_T_3_WEOM_r2_Mag_18Jan24_300SA_p01_27_1_14883",Buzzard: MONet,2024-01-22 05:04:41.000,SciMax01,"60938",https://proto-9.pnl.gov/SciMax01/2024_1/60938_5_T_3_WEOM_r2_Mag_18Jan24_300SA_p01_27_1_14883,Released
1220545,"60938_1_B_2_WEOM_r1_Mag_18Jan24_300SA_p01_5_1_14757",Buzzard: MONet,2024-01-19 21:14:01.000,SciMax01,"60938",https://proto-9.pnl.gov/SciMax01/2024_1/60938_1_B_2_WEOM_r1_Mag_18Jan24_300SA_p01_5_1_14757,Released
1252933,QC_SRFAII_23_01_10ppm_WEOM_r3_Mag_01May24_300SA_p01_54_1_18238,"",2024-05-06 05:05:56.000,SciMax01,"60929",https://proto-9.pnl.gov/SciMax01/2024_2/QC_SRFAII_23_01_10ppm_WEOM_r3_Mag_01May24_300SA_p01_54_1_18238,Released
1234642,"60923_15_T_2_WEOM_r2_Mag_04Mar24_300SA_p01_2_1_16879",Buzzard: MONet,2024-03-06 05:51:34.000,SciMax01,"60923",https://proto-9.pnl.gov/SciMax01/2024_1/60923_15_T_2_WEOM_r2_Mag_04Mar24_300SA_p01_2_1_16879,Released
1340617,"60938_6_BTM_2_MAOM_r1_Mag_03Feb25_3p3kV_300SA_p01_39_1_22759","",2025-02-03 21:29:01.000,SciMax01,"60938",https://proto-9.pnl.gov/SciMax01/2025_1/60938_6_BTM_2_MAOM_r1_Mag_03Feb25_3p3kV_300SA_p01_39_1_22759,Released
1252896,"60881_2_B_3_WEOM_r3_Mag_01May24_300SA_p01_9_1_18208","",2024-05-05 15:48:14.000,SciMax01,"60881",https://proto-9.pnl.gov/SciMax01/2024_2/60881_2_B_3_WEOM_r3_Mag_01May24_300SA_p01_9_1_18208,Released
1216008,"60923_14_T_1_WEOM_r1_Mag_26Dec23_300SA_p01_27_1_14212",Buzzard: Data is fine but queue stopped over holiday week so need to shim cell and will run the queue again,2023-12-27 12:56:11.000,SciMax01,"60923",https://proto-9.pnl.gov/SciMax01/2024_1/60923_14_T_1_WEOM_r1_Mag_26Dec23_300SA_p01_27_1_14212,Released
1231040,"60846_7_B_2_WEOM_r1_Mag_16Feb24_300SA_p01_29_1_15260",Buzzard: MONet,2024-02-17 01:10:51.000,SciMax01,"60846",https://proto-9.pnl.gov/SciMax01/2024_1/60846_7_B_2_WEOM_r1_Mag_16Feb24_300SA_p01_29_1_15260,Released
1338773,"60933_18_BTM_1_MAOM_r3_Mag_29Jan25_3p3kV_300SA_p01_4_1_22693","",2025-01-31 16:55:23.000,SciMax01,"60933",https://proto-9.pnl.gov/SciMax01/2025_1/60933_18_BTM_1_MAOM_r3_Mag_29Jan25_3p3kV_300SA_p01_4_1_22693,Released
1341853,"60881_2_TOP_2_MAOM_r1_Mag_10Feb25_3p3kV_300SA_p01_8_1_23226","",2025-02-14 01:09:13.000,SciMax01,"60881",https://proto-9.pnl.gov/SciMax01/2025_1/60881_2_TOP_2_MAOM_r1_Mag_10Feb25_3p3kV_300SA_p01_8_1_23226,Released
1217462,"60923_12_T_2_WEOM_r1_Mag_04Jan24_300SA_p01_3_1_14476",Buzzard: Use this data,2024-01-05 18:53:39.000,SciMax01,"60923",https://proto-9.pnl.gov/SciMax01/2024_1/60923_12_T_2_WEOM_r1_Mag_04Jan24_300SA_p01_3_1_14476,Released
1217301,"60923_7_T_1_WEOM_r3_Mag_04Jan24_300SA_p01_13_1_14626",Buzzard: Use this data,2024-01-08 13:22:35.000,SciMax01,"60923",https://proto-9.pnl.gov/SciMax01/2024_1/60923_7_T_1_WEOM_r3_Mag_04Jan24_300SA_p01_13_1_14626,Released
1253651,"60940_1_T_2_WEOM_r3_Mag_10May24_300SA_p01_2_1_18366","",2024-05-12 13:55:29.000,SciMax01,"60940",https://proto-9.pnl.gov/SciMax01/2024_2/60940_1_T_2_WEOM_r3_Mag_10May24_300SA_p01_2_1_18366,Released
1215974,"60920_1_B_1_WEOM_r3_Mag_21Dec23_300SA_p01_2_1_14138",Data needs to be reviewed,2023-12-25 12:53:20.000,SciMax01,"60920",https://proto-9.pnl.gov/SciMax01/2024_1/60920_1_B_1_WEOM_r3_Mag_21Dec23_300SA_p01_2_1_14138,Released
1217322,"60923_13_B_1_WEOM_r1_Mag_04Jan24_300SA_p01_26_1_14445",Buzzard: Use this data,2024-01-05 05:09:23.000,SciMax01,"60923",https://proto-9.pnl.gov/SciMax01/2024_1/60923_13_B_1_WEOM_r1_Mag_04Jan24_300SA_p01_26_1_14445,Released
1216193,"60923_8_B_2_WEOM_r1_Mag_26Dec23_300SA_p01_44_1_14250",Buzzard: Data is fine but queue stopped over holiday week so need to shim cell and will run the queue again,2023-12-28 05:46:37.000,SciMax01,"60923",https://proto-9.pnl.gov/SciMax01/2024_1/60923_8_B_2_WEOM_r1_Mag_26Dec23_300SA_p01_44_1_14250,Released
1341952,"60881_1_TOP_3_MAOM_r2_Mag_10Feb25_3p3kV_300SA_p01_3_1_23257","",2025-02-14 14:58:56.000,SciMax01,"60881",https://proto-9.pnl.gov/SciMax01/2025_1/60881_1_TOP_3_MAOM_r2_Mag_10Feb25_3p3kV_300SA_p01_3_1_23257,Released
1335228,"60933_16_BTM_2_MAOM_r3_Mag_13Jan25_3p3kV_300SA_p01_38_1_21925","",2025-01-16 22:29:58.000,SciMax01,"60933",https://proto-9.pnl.gov/SciMax01/2025_1/60933_16_BTM_2_MAOM_r3_Mag_13Jan25_3p3kV_300SA_p01_38_1_21925,Released
1340514,"60938_1_TOP_1_MAOM_r2_Mag_03Feb25_3p3kV_300SA_p01_1_1_22830","",2025-02-05 05:07:47.000,SciMax01,"60938",https://proto-9.pnl.gov/SciMax01/2025_1/60938_1_TOP_1_MAOM_r2_Mag_03Feb25_3p3kV_300SA_p01_1_1_22830,Released
1217447,"60923_3_T_3_WEOM_r1_Mag_04Jan24_300SA_p01_13_1_14500",Buzzard: Use this data,2024-01-06 05:31:50.000,SciMax01,"60923",https://proto-9.pnl.gov/SciMax01/2024_1/60923_3_T_3_WEOM_r1_Mag_04Jan24_300SA_p01_13_1_14500,Released
1340607,"60938_6_BTM_3_MAOM_r2_Mag_03Feb25_3p3kV_300SA_p01_40_1_22823","",2025-02-05 02:00:35.000,SciMax01,"60938",https://proto-9.pnl.gov/SciMax01/2025_1/60938_6_BTM_3_MAOM_r2_Mag_03Feb25_3p3kV_300SA_p01_40_1_22823,Released
1252905,"60881_6_B_3_WEOM_r3_Mag_01May24_300SA_p01_32_1_18245","",2024-05-06 08:12:06.000,SciMax01,"60881",https://proto-9.pnl.gov/SciMax01/2024_2/60881_6_B_3_WEOM_r3_Mag_01May24_300SA_p01_32_1_18245,Released
1220747,"60938_1_T_2_WEOM_r2_Mag_18Jan24_300SA_p01_2_1_14878",Buzzard: MONet,2024-01-22 02:51:42.000,SciMax01,"60938",https://proto-9.pnl.gov/SciMax01/2024_1/60938_1_T_2_WEOM_r2_Mag_18Jan24_300SA_p01_2_1_14878,Released
1216094,"60923_11_B_1_WEOM_r2_Mag_26Dec23_300SA_p01_22_1_14314",Buzzard: Data is fine but queue stopped over holiday week so need to shim cell and will run the queue again,2023-12-29 10:08:25.000,SciMax01,"60923",https://proto-9.pnl.gov/SciMax01/2024_1/60923_11_B_1_WEOM_r2_Mag_26Dec23_300SA_p01_22_1_14314,Released
1217320,"60923_7_T_1_WEOM_r1_Mag_04Jan24_300SA_p01_13_1_14436",Buzzard: Use this data,2024-01-05 01:10:04.000,SciMax01,"60923",https://proto-9.pnl.gov/SciMax01/2024_1/60923_7_T_1_WEOM_r1_Mag_04Jan24_300SA_p01_13_1_14436,Released
1346502,"60921_1_TOP_1_MAOM_r2_Mag_26Feb25_3p3kV_300SA_p01_1_1_23943","",2025-03-05 16:40:18.000,SciMax01,"60921",https://proto-9.pnl.gov/SciMax01/2025_1/60921_1_TOP_1_MAOM_r2_Mag_26Feb25_3p3kV_300SA_p01_1_1_23943,Released
1340256,"60942_3_BTM_2_MAOM_r2_Mag_03Feb25_3p3kV_300SA_p01_5_1_22982","",2025-02-08 00:52:55.000,SciMax01,"60942",https://proto-9.pnl.gov/SciMax01/2025_1/60942_3_BTM_2_MAOM_r2_Mag_03Feb25_3p3kV_300SA_p01_5_1_22982,Released
1340576,"60938_4_TOP_2_MAOM_r3_Mag_03Feb25_3p3kV_300SA_p01_20_1_22857","",2025-02-05 17:09:57.000,SciMax01,"60938",https://proto-9.pnl.gov/SciMax01/2025_1/60938_4_TOP_2_MAOM_r3_Mag_03Feb25_3p3kV_300SA_p01_20_1_22857,Released
1344955,"60920_5_BTM_1_MAOM_r3_Mag_19Feb25_3p3kV_300SA_p01_28_1_23440","",2025-02-21 15:25:26.000,SciMax01,"60920",https://proto-9.pnl.gov/SciMax01/2025_1/60920_5_BTM_1_MAOM_r3_Mag_19Feb25_3p3kV_300SA_p01_28_1_23440,Released
1220690,"60938_4_B_2_WEOM_r1_Mag_18Jan24_300SA_p01_23_1_14783",Buzzard: MONet,2024-01-20 08:45:26.000,SciMax01,"60938",https://proto-9.pnl.gov/SciMax01/2024_1/60938_4_B_2_WEOM_r1_Mag_18Jan24_300SA_p01_23_1_14783,Released
1340173,"60942_6_TOP_3_MAOM_r2_Mag_03Feb25_3p3kV_300SA_p01_25_1_22963","",2025-02-07 16:24:42.000,SciMax01,"60942",https://proto-9.pnl.gov/SciMax01/2025_1/60942_6_TOP_3_MAOM_r2_Mag_03Feb25_3p3kV_300SA_p01_25_1_22963,Released
1220705,"60933_7_T_1_WEOM_r1_Mag_18Jan24_300SA_p01_34_1_14740",Buzzard: MONet,2024-01-19 13:41:58.000,SciMax01,"60933",https://proto-9.pnl.gov/SciMax01/2024_1/60933_7_T_1_WEOM_r1_Mag_18Jan24_300SA_p01_34_1_14740,Released
1338578,"60933_18_BTM_1_MAOM_r2_Mag_29Jan25_3p3kV_300SA_p01_4_1_22652","",2025-01-30 22:38:26.000,SciMax01,"60933",https://proto-9.pnl.gov/SciMax01/2025_1/60933_18_BTM_1_MAOM_r2_Mag_29Jan25_3p3kV_300SA_p01_4_1_22652,Released
1230900,"60921_3_B_1_WEOM_r2_Mag_21Feb24_300SA_p01_47_1_15480",Buzzard: MONet,2024-02-22 00:59:36.000,SciMax01,"60921",https://proto-9.pnl.gov/SciMax01/2024_1/60921_3_B_1_WEOM_r2_Mag_21Feb24_300SA_p01_47_1_15480,Released
1216049,"60923_7_T_3_WEOM_r1_Mag_26Dec23_300SA_p01_21_1_14264",Buzzard: Data is fine but queue stopped over holiday week so need to shim cell and will run the queue again,2023-12-28 11:58:53.000,SciMax01,"60923",https://proto-9.pnl.gov/SciMax01/2024_1/60923_7_T_3_WEOM_r1_Mag_26Dec23_300SA_p01_21_1_14264,Released
1230915,"60846_17_B_1_WEOM_r3_Mag_16Feb24_300SA_p01_40_1_15349",Buzzard: MONet,2024-02-19 01:40:56.000,SciMax01,"60846",https://proto-9.pnl.gov/SciMax01/2024_1/60846_17_B_1_WEOM_r3_Mag_16Feb24_300SA_p01_40_1_15349,Released
1329007,"60940_4_TOP_2_MAOM_r3_Mag_23Dec24_3p3kV_300SA_p01_20_1_21114","",2024-12-25 04:42:18.000,SciMax01,"60940",https://proto-9.pnl.gov/SciMax01/2024_4/60940_4_TOP_2_MAOM_r3_Mag_23Dec24_3p3kV_300SA_p01_20_1_21114,Released
1217316,"60923_10_B_2_WEOM_r3_Mag_04Jan24_300SA_p01_48_1_14649",Buzzard: Use this data,2024-01-08 23:34:08.000,SciMax01,"60923",https://proto-9.pnl.gov/SciMax01/2024_1/60923_10_B_2_WEOM_r3_Mag_04Jan24_300SA_p01_48_1_14649,Released
1350669,"60923_9_BTM_3_MAOM_r2_Mag_29Jan25_3p3kV_300SA_p01_24_1_22636","",2025-01-30 15:30:14.000,SciMax01,"60923",https://proto-9.pnl.gov/SciMax01/2025_1/60923_9_BTM_3_MAOM_r2_Mag_29Jan25_3p3kV_300SA_p01_24_1_22636,Released
1330579,"60846_2_BTM_1_MAOM_r2_Mag_02Jan25_3p3kV_300SA_p01_4_1_21495","",2025-01-03 18:29:41.000,SciMax01,"60846",https://proto-9.pnl.gov/SciMax01/2025_1/60846_2_BTM_1_MAOM_r2_Mag_02Jan25_3p3kV_300SA_p01_4_1_21495,Released
1230807,"60932_4_T_1_WEOM_r1_Mag_21Feb24_300SA_p01_15_1_15527",Buzzard: MONet,2024-02-22 21:49:22.000,SciMax01,"60932",https://proto-9.pnl.gov/SciMax01/2024_1/60932_4_T_1_WEOM_r1_Mag_21Feb24_300SA_p01_15_1_15527,Released
1341054,"60932_2_TOP_2_MAOM_r1_Mag_10Feb25_3p3kV_300SA_p01_8_1_23050","",2025-02-10 18:40:25.000,SciMax01,"60932",https://proto-9.pnl.gov/SciMax01/2025_1/60932_2_TOP_2_MAOM_r1_Mag_10Feb25_3p3kV_300SA_p01_8_1_23050,Released
1217414,"60923_1_B_1_WEOM_r2_Mag_04Jan24_300SA_p01_2_1_14513",Buzzard: Use this data,2024-01-06 11:17:29.000,SciMax01,"60923",https://proto-9.pnl.gov/SciMax01/2024_1/60923_1_B_1_WEOM_r2_Mag_04Jan24_300SA_p01_2_1_14513,Released
1217396,"60923_8_B_1_WEOM_r1_Mag_04Jan24_300SA_p01_16_1_14430",Buzzard: Use this data,2024-01-04 22:30:32.000,SciMax01,"60923",https://proto-9.pnl.gov/SciMax01/2024_1/60923_8_B_1_WEOM_r1_Mag_04Jan24_300SA_p01_16_1_14430,Released
1216196,"60923_2_T_2_WEOM_r2_Mag_26Dec23_300SA_p01_31_1_14327",Buzzard: Data is fine but queue stopped over holiday week so need to shim cell and will run the queue again,2023-12-29 15:54:06.000,SciMax01,"60923",https://proto-9.pnl.gov/SciMax01/2024_1/60923_2_T_2_WEOM_r2_Mag_26Dec23_300SA_p01_31_1_14327,Released
1272590,QC_SRFAII_23_01_10ppm_MAOM_r1_Mag_03Jul24_300SA_p01_54_1_19377,Buzzard: testing MAOM samples before the move,2024-07-04 03:49:26.000,SciMax01,"60923",https://proto-9.pnl.gov/SciMax01/2024_3/QC_SRFAII_23_01_10ppm_MAOM_r1_Mag_03Jul24_300SA_p01_54_1_19377,Released
1253695,"60940_2_T_3_WEOM_r1_Mag_10May24_300SA_p01_9_1_18287","",2024-05-11 02:54:55.000,SciMax01,"60940",https://proto-9.pnl.gov/SciMax01/2024_2/60940_2_T_3_WEOM_r1_Mag_10May24_300SA_p01_9_1_18287,Released
1328861,"60940_3_TOP_3_MAOM_r1_Mag_19Dec24_3p3kV_300SA_p01_15_1_20981","",2024-12-20 02:56:46.000,SciMax01,"60940",https://proto-9.pnl.gov/SciMax01/2024_4/60940_3_TOP_3_MAOM_r1_Mag_19Dec24_3p3kV_300SA_p01_15_1_20981,Released
1337258,"60886_2_BTM_1_MAOM_r1_Mag_22Jan25_3p3kV_300SA_p01_16_1_22386","",2025-01-25 23:49:27.000,SciMax01,"60886",https://proto-9.pnl.gov/SciMax01/2025_1/60886_2_BTM_1_MAOM_r1_Mag_22Jan25_3p3kV_300SA_p01_16_1_22386,Released
1230941,"60880_3_T_1_WEOM_r1_Mag_16Feb24_300SA_p01_26_1_15381",Buzzard: MONet,2024-02-19 15:51:49.000,SciMax01,"60880",https://proto-9.pnl.gov/SciMax01/2024_1/60880_3_T_1_WEOM_r1_Mag_16Feb24_300SA_p01_26_1_15381,Released
1233025,"60923_17_B_1_WEOM_r1_Mag_04Mar24_300SA_p01_16_1_16813","",2024-03-05 00:36:38.000,SciMax01,"60923",https://proto-9.pnl.gov/SciMax01/2024_1/60923_17_B_1_WEOM_r1_Mag_04Mar24_300SA_p01_16_1_16813,Released
1342090,"60881_1_BTM_3_MAOM_r3_Mag_10Feb25_3p3kV_300SA_p01_6_1_23298","",2025-02-15 09:15:16.000,SciMax01,"60881",https://proto-9.pnl.gov/SciMax01/2025_1/60881_1_BTM_3_MAOM_r3_Mag_10Feb25_3p3kV_300SA_p01_6_1_23298,Released
1337885,"60923_21_TOP_3_MAOM_r3_Mag_22Jan25_3p3kV_300SA_p01_3_1_22532","",2025-01-28 17:07:57.000,SciMax01,"60923",https://proto-9.pnl.gov/SciMax01/2025_1/60923_21_TOP_3_MAOM_r3_Mag_22Jan25_3p3kV_300SA_p01_3_1_22532,Released
1221027,"60933_8_T_1_WEOM_r3_Mag_18Jan24_300SA_p01_40_1_14959",Buzzard: MONet,2024-01-23 14:45:35.000,SciMax01,"60933",https://proto-9.pnl.gov/SciMax01/2024_1/60933_8_T_1_WEOM_r3_Mag_18Jan24_300SA_p01_40_1_14959,Released
1220967,"60938_2_B_2_WEOM_r3_Mag_18Jan24_300SA_p01_11_1_14979",Buzzard: MONet,2024-01-23 23:37:25.000,SciMax01,"60938",https://proto-9.pnl.gov/SciMax01/2024_1/60938_2_B_2_WEOM_r3_Mag_18Jan24_300SA_p01_11_1_14979,Released
1220621,"60938_4_T_2_WEOM_r1_Mag_18Jan24_300SA_p01_20_1_14765",Buzzard: MONet,2024-01-20 00:46:45.000,SciMax01,"60938",https://proto-9.pnl.gov/SciMax01/2024_1/60938_4_T_2_WEOM_r1_Mag_18Jan24_300SA_p01_20_1_14765,Released
1215833,"60920_3_B_2_WEOM_r1_Mag_21Dec23_300SA_p01_25_1_14027",Data needs to be reviewed,2023-12-22 10:34:21.000,SciMax01,"60920",https://proto-9.pnl.gov/SciMax01/2024_1/60920_3_B_2_WEOM_r1_Mag_21Dec23_300SA_p01_25_1_14027,Released
1230834,"60932_6_T_2_WEOM_r1_Mag_21Feb24_300SA_p01_28_1_15888",Buzzard: MONet,2024-02-23 19:07:55.000,SciMax01,"60932",https://proto-9.pnl.gov/SciMax01/2024_1/60932_6_T_2_WEOM_r1_Mag_21Feb24_300SA_p01_28_1_15888,Released
1220704,"60938_5_B_3_WEOM_r1_Mag_18Jan24_300SA_p01_30_1_14773",Buzzard: MONet,2024-01-20 04:19:30.000,SciMax01,"60938",https://proto-9.pnl.gov/SciMax01/2024_1/60938_5_B_3_WEOM_r1_Mag_18Jan24_300SA_p01_30_1_14773,Released
1341402,"60932_4_TOP_3_MAOM_r3_Mag_10Feb25_3p3kV_300SA_p01_21_1_23146","",2025-02-12 13:29:10.000,SciMax01,"60932",https://proto-9.pnl.gov/SciMax01/2025_1/60932_4_TOP_3_MAOM_r3_Mag_10Feb25_3p3kV_300SA_p01_21_1_23146,Released
1235578,"60942_4_T_1_WEOM_r3_Mag_07Mar24_300SA_p01_18_1_17068",Buzzard: MONet,2024-03-10 11:03:23.000,SciMax01,"60942",https://proto-9.pnl.gov/SciMax01/2024_1/60942_4_T_1_WEOM_r3_Mag_07Mar24_300SA_p01_18_1_17068,Released
1215867,"60920_8_B_1_WEOM_r3_Mag_21Dec23_300SA_p01_15_1_14150",Data needs to be reviewed,2023-12-25 18:12:24.000,SciMax01,"60920",https://proto-9.pnl.gov/SciMax01/2024_1/60920_8_B_1_WEOM_r3_Mag_21Dec23_300SA_p01_15_1_14150,Released
1340595,"60938_5_TOP_2_MAOM_r1_Mag_03Feb25_3p3kV_300SA_p01_30_1_22750","",2025-02-03 17:28:34.000,SciMax01,"60938",https://proto-9.pnl.gov/SciMax01/2025_1/60938_5_TOP_2_MAOM_r1_Mag_03Feb25_3p3kV_300SA_p01_30_1_22750,Released
1216150,"60923_5_T_3_WEOM_r1_Mag_26Dec23_300SA_p01_17_1_14284",Buzzard: Data is fine but queue stopped over holiday week so need to shim cell and will run the queue again,2023-12-28 20:50:42.000,SciMax01,"60923",https://proto-9.pnl.gov/SciMax01/2024_1/60923_5_T_3_WEOM_r1_Mag_26Dec23_300SA_p01_17_1_14284,Released
1230635,"60946_1_T_2_WEOM_r1_Mag_23Feb24_300SA_p01_39_1_16021",Buzzard: Monet,2024-02-26 11:37:01.000,SciMax01,"60946",https://proto-9.pnl.gov/SciMax01/2024_1/60946_1_T_2_WEOM_r1_Mag_23Feb24_300SA_p01_39_1_16021,Released
1236366,"60886_3_B_1_WEOM_r3_Mag_10Mar24_300SA_p01_16_1_17242",Buzzard: MONet,2024-03-13 17:02:07.000,SciMax01,"60886",https://proto-9.pnl.gov/SciMax01/2024_1/60886_3_B_1_WEOM_r3_Mag_10Mar24_300SA_p01_16_1_17242,Released
1235644,"60942_5_T_3_WEOM_r3_Mag_07Mar24_300SA_p01_26_1_17095",Buzzard: MONet,2024-03-10 23:01:19.000,SciMax01,"60942",https://proto-9.pnl.gov/SciMax01/2024_1/60942_5_T_3_WEOM_r3_Mag_07Mar24_300SA_p01_26_1_17095,Released
1235721,QC_SRFAII_23_01_10ppm_WEOM_r3_Mag_10Mar24_300SA_p01_54_1_17129,Buzzard: MONet,2024-03-11 14:57:32.000,SciMax01,"60886",https://proto-9.pnl.gov/SciMax01/2024_1/QC_SRFAII_23_01_10ppm_WEOM_r3_Mag_10Mar24_300SA_p01_54_1_17129,Released
1220597,"60933_2_B_3_WEOM_r2_Mag_18Jan24_300SA_p01_9_1_14826",Buzzard: MONet,2024-01-21 03:48:55.000,SciMax01,"60933",https://proto-9.pnl.gov/SciMax01/2024_1/60933_2_B_3_WEOM_r2_Mag_18Jan24_300SA_p01_9_1_14826,Released
1341742,"60881_1_TOP_2_MAOM_r1_Mag_10Feb25_3p3kV_300SA_p01_2_1_23205","",2025-02-13 15:46:29.000,SciMax01,"60881",https://proto-9.pnl.gov/SciMax01/2025_1/60881_1_TOP_2_MAOM_r1_Mag_10Feb25_3p3kV_300SA_p01_2_1_23205,Released
1231148,"60846_12_T_1_WEOM_r2_Mag_16Feb24_300SA_p01_31_1_15314",Buzzard: MONet,2024-02-18 01:06:47.000,SciMax01,"60846",https://proto-9.pnl.gov/SciMax01/2024_1/60846_12_T_1_WEOM_r2_Mag_16Feb24_300SA_p01_31_1_15314,Released
1166734,Test_8M_QC_SRFAII_20ppm_Fir_10Jul23_300SA_p1_1_1_8754,Buzzard: Just testing samples tubes,2023-07-10 15:08:22.000,"15T_FTICR_I","60141",https://proto-9.pnl.gov/15T_FTICR_I/2023_3/Test_8M_QC_SRFAII_20ppm_Fir_10Jul23_300SA_p1_1_1_8754,Released
1217513,"60923_13_T_1_WEOM_r3_Mag_04Jan24_300SA_p01_25_1_14602",Buzzard: Use this data,2024-01-08 02:44:20.000,SciMax01,"60923",https://proto-9.pnl.gov/SciMax01/2024_1/60923_13_T_1_WEOM_r3_Mag_04Jan24_300SA_p01_25_1_14602,Released
1314816,"60938_4_TOP_2_WEOM_r1_Mag_01Nov24_4p2kV_p01_23_1_20140",Buzzard: Testing response after Instrument cell clean and lab move,2024-11-02 19:47:24.000,SciMax01,"60938",https://proto-9.pnl.gov/SciMax01/2024_4/60938_4_TOP_2_WEOM_r1_Mag_01Nov24_4p2kV_p01_23_1_20140,Released
1252962,"60929_2_B_2_WEOM_r2_Mag_01May24_300SA_p01_47_1_18172","",2024-05-04 23:50:54.000,SciMax01,"60929",https://proto-9.pnl.gov/SciMax01/2024_2/60929_2_B_2_WEOM_r2_Mag_01May24_300SA_p01_47_1_18172,Released
1340613,"60942_6_BTM_1_MAOM_r1_Mag_03Feb25_3p3kV_300SA_p01_26_1_22896","",2025-02-06 10:32:29.000,SciMax01,"60942",https://proto-9.pnl.gov/SciMax01/2025_1/60942_6_BTM_1_MAOM_r1_Mag_03Feb25_3p3kV_300SA_p01_26_1_22896,Released
1489518,"20260410_QC_SRFAII_A_r3_Mag_53_1_32664","",2026-04-10 22:08:48.000,SciMax01,"61050",https://proto-9.pnl.gov/SciMax01/2026_2/20260410_QC_SRFAII_A_r3_Mag_53_1_32664,Released
1217390,"60923_14_T_1_WEOM_r2_Mag_04Jan24_300SA_p01_27_1_14510",Buzzard: Use this data,2024-01-06 09:57:43.000,SciMax01,"60923",https://proto-9.pnl.gov/SciMax01/2024_1/60923_14_T_1_WEOM_r2_Mag_04Jan24_300SA_p01_27_1_14510,Released
1340140,"60942_6_BTM_1_MAOM_r2_Mag_03Feb25_3p3kV_300SA_p01_26_1_22959","",2025-02-07 14:37:42.000,SciMax01,"60942",https://proto-9.pnl.gov/SciMax01/2025_1/60942_6_BTM_1_MAOM_r2_Mag_03Feb25_3p3kV_300SA_p01_26_1_22959,Released
1166692,MONet_Test_QC_SRFAII_20ppm_r2_Fir_11Jul23_300SA_p1_106_1_8866,Buzzard: Just testing samples tubes,2023-07-13 07:35:34.000,"15T_FTICR_I","60141",https://proto-9.pnl.gov/15T_FTICR_I/2023_3/MONet_Test_QC_SRFAII_20ppm_r2_Fir_11Jul23_300SA_p1_106_1_8866,Released
1217352,"60923_7_T_2_WEOM_r3_Mag_04Jan24_300SA_p01_41_1_14634",Buzzard: Use this data,2024-01-08 16:55:16.000,SciMax01,"60923",https://proto-9.pnl.gov/SciMax01/2024_1/60923_7_T_2_WEOM_r3_Mag_04Jan24_300SA_p01_41_1_14634,Released
1231260,"60846_17_B_2_WEOM_r2_Mag_16Feb24_300SA_p01_41_1_15283",Buzzard: MONet,2024-02-17 11:22:29.000,SciMax01,"60846",https://proto-9.pnl.gov/SciMax01/2024_1/60846_17_B_2_WEOM_r2_Mag_16Feb24_300SA_p01_41_1_15283,Released
1314833,"60846_2_BTM_2_WEOM_r1_Mag_01Nov24_4p2kV_p01_13_1_20128",Buzzard: Testing response after Instrument cell clean and lab move,2024-11-02 14:27:03.000,SciMax01,"60938",https://proto-9.pnl.gov/SciMax01/2024_4/60846_2_BTM_2_WEOM_r1_Mag_01Nov24_4p2kV_p01_13_1_20128,Released
1340567,"60938_4_BTM_3_MAOM_r1_Mag_03Feb25_3p3kV_300SA_p01_24_1_22751","",2025-02-03 17:55:12.000,SciMax01,"60938",https://proto-9.pnl.gov/SciMax01/2025_1/60938_4_BTM_3_MAOM_r1_Mag_03Feb25_3p3kV_300SA_p01_24_1_22751,Released
1328945,"60920_11_TOP_2_MAOM_r3_Mag_23Dec24_3p3kV_300SA_p01_49_1_21138","",2024-12-25 15:25:03.000,SciMax01,"60920",https://proto-9.pnl.gov/SciMax01/2024_4/60920_11_TOP_2_MAOM_r3_Mag_23Dec24_3p3kV_300SA_p01_49_1_21138,Released
1329002,"60920_10_TOP_1_MAOM_r3_Mag_23Dec24_3p3kV_300SA_p01_45_1_21146","",2024-12-25 18:58:45.000,SciMax01,"60920",https://proto-9.pnl.gov/SciMax01/2024_4/60920_10_TOP_1_MAOM_r3_Mag_23Dec24_3p3kV_300SA_p01_45_1_21146,Released
1230646,"60946_2_B_2_WEOM_r3_Mag_23Feb24_300SA_p01_37_1_16060",Buzzard: Monet,2024-02-27 04:54:05.000,SciMax01,"60946",https://proto-9.pnl.gov/SciMax01/2024_1/60946_2_B_2_WEOM_r3_Mag_23Feb24_300SA_p01_37_1_16060,Released
1337931,"60923_21_BTM_1_MAOM_r3_Mag_22Jan25_3p3kV_300SA_p01_4_1_22542","",2025-01-28 21:35:42.000,SciMax01,"60923",https://proto-9.pnl.gov/SciMax01/2025_1/60923_21_BTM_1_MAOM_r3_Mag_22Jan25_3p3kV_300SA_p01_4_1_22542,Released
1330709,"60846_7_BTM_3_MAOM_r3_Mag_02Jan25_3p3kV_300SA_p01_18_1_21551","",2025-01-04 19:27:04.000,SciMax01,"60846",https://proto-9.pnl.gov/SciMax01/2025_1/60846_7_BTM_3_MAOM_r3_Mag_02Jan25_3p3kV_300SA_p01_18_1_21551,Released
1337797,"60886_4_TOP_1_MAOM_r3_Mag_22Jan25_3p3kV_300SA_p01_29_1_22519","",2025-01-28 11:07:24.000,SciMax01,"60886",https://proto-9.pnl.gov/SciMax01/2025_1/60886_4_TOP_1_MAOM_r3_Mag_22Jan25_3p3kV_300SA_p01_29_1_22519,Released
1330789,"60933_3_TOP_1_MAOM_r1_Mag_05Jan25_3p3kV_300SA_p01_10_1_21590","",2025-01-05 12:49:51.000,SciMax01,"60933",https://proto-9.pnl.gov/SciMax01/2025_1/60933_3_TOP_1_MAOM_r1_Mag_05Jan25_3p3kV_300SA_p01_10_1_21590,Released
1341780,"60881_3_TOP_3_MAOM_r1_Mag_10Feb25_3p3kV_300SA_p01_15_1_23210","",2025-02-13 18:00:36.000,SciMax01,"60881",https://proto-9.pnl.gov/SciMax01/2025_1/60881_3_TOP_3_MAOM_r1_Mag_10Feb25_3p3kV_300SA_p01_15_1_23210,Released
1220658,"60933_7_B_3_WEOM_r1_Mag_18Jan24_300SA_p01_39_1_14718",Buzzard: MONet,2024-01-19 03:56:58.000,SciMax01,"60933",https://proto-9.pnl.gov/SciMax01/2024_1/60933_7_B_3_WEOM_r1_Mag_18Jan24_300SA_p01_39_1_14718,Released
1335292,"60923_8_TOP_1_MAOM_r2_Mag_13Jan25_3p3kV_300SA_p01_13_1_22034","",2025-01-18 23:06:34.000,SciMax01,"60923",https://proto-9.pnl.gov/SciMax01/2025_1/60923_8_TOP_1_MAOM_r2_Mag_13Jan25_3p3kV_300SA_p01_13_1_22034,Released
1220999,"60938_4_B_1_WEOM_r3_Mag_18Jan24_300SA_p01_22_1_14994",Buzzard: MONet,2024-01-24 06:16:16.000,SciMax01,"60938",https://proto-9.pnl.gov/SciMax01/2024_1/60938_4_B_1_WEOM_r3_Mag_18Jan24_300SA_p01_22_1_14994,Released
1335308,"60933_15_TOP_2_MAOM_r2_Mag_13Jan25_3p3kV_300SA_p01_30_1_21861","",2025-01-15 17:56:12.000,SciMax01,"60933",https://proto-9.pnl.gov/SciMax01/2025_1/60933_15_TOP_2_MAOM_r2_Mag_13Jan25_3p3kV_300SA_p01_30_1_21861,Released
1220558,"60933_3_B_2_WEOM_r2_Mag_18Jan24_300SA_p01_14_1_14801",Buzzard: MONet,2024-01-20 16:44:04.000,SciMax01,"60933",https://proto-9.pnl.gov/SciMax01/2024_1/60933_3_B_2_WEOM_r2_Mag_18Jan24_300SA_p01_14_1_14801,Released
1340508,"60938_1_BTM_2_MAOM_r1_Mag_03Feb25_3p3kV_300SA_p01_5_1_22760","",2025-02-03 21:55:59.000,SciMax01,"60938",https://proto-9.pnl.gov/SciMax01/2025_1/60938_1_BTM_2_MAOM_r1_Mag_03Feb25_3p3kV_300SA_p01_5_1_22760,Released
1328887,"60921_1_TOP_Combo_WEOM_r3_Mag_23Dec24_3p3kV_300SA_p01_49_1_21023",Buzzard: combo samples,2024-12-23 12:09:04.000,SciMax01,"60921",https://proto-9.pnl.gov/SciMax01/2024_4/60921_1_TOP_Combo_WEOM_r3_Mag_23Dec24_3p3kV_300SA_p01_49_1_21023,Released
1236258,"60942_1_B_3_WEOM_r3_Mag_07Mar24_300SA_p01_6_1_17091",Buzzard: MONet,2024-03-10 21:14:57.000,SciMax01,"60942",https://proto-9.pnl.gov/SciMax01/2024_1/60942_1_B_3_WEOM_r3_Mag_07Mar24_300SA_p01_6_1_17091,Released
1231001,"60846_7_B_3_WEOM_r3_Mag_16Feb24_300SA_p01_30_1_15338",Buzzard: MONet,2024-02-18 20:48:25.000,SciMax01,"60846",https://proto-9.pnl.gov/SciMax01/2024_1/60846_7_B_3_WEOM_r3_Mag_16Feb24_300SA_p01_30_1_15338,Released
1231209,"60933_18_B_1_WEOM_r3_Mag_12Feb24_300SA_p01_46_1_15183",Buzzard: MONet,2024-02-15 13:54:56.000,SciMax01,"60933",https://proto-9.pnl.gov/SciMax01/2024_1/60933_18_B_1_WEOM_r3_Mag_12Feb24_300SA_p01_46_1_15183,Released
1344822,"60942_1_BTM_3_MAOM_r1_Mag_19Feb25_3p3kV_300SA_p01_12_1_23479","",2025-02-22 08:48:49.000,SciMax01,"60942",https://proto-9.pnl.gov/SciMax01/2025_1/60942_1_BTM_3_MAOM_r1_Mag_19Feb25_3p3kV_300SA_p01_12_1_23479,Released
1233018,"60923_17_T_2_WEOM_r1_Mag_04Mar24_300SA_p01_14_1_16794","",2024-03-04 16:11:23.000,SciMax01,"60923",https://proto-9.pnl.gov/SciMax01/2024_1/60923_17_T_2_WEOM_r1_Mag_04Mar24_300SA_p01_14_1_16794,Released
1230700,"60932_1_B_1_WEOM_r2_Mag_24Feb24_300SA_p01_1_1_15950",Buzzard: MONet,2024-02-25 04:09:04.000,SciMax01,"60932",https://proto-9.pnl.gov/SciMax01/2024_1/60932_1_B_1_WEOM_r2_Mag_24Feb24_300SA_p01_1_1_15950,Released
1336348,"60923_14_BTM_2_MAOM_r1_Mag_22Jan25_3p3kV_300SA_p01_8_1_22229","",2025-01-23 01:46:42.000,SciMax01,"60923",https://proto-9.pnl.gov/SciMax01/2025_1/60923_14_BTM_2_MAOM_r1_Mag_22Jan25_3p3kV_300SA_p01_8_1_22229,Released
1230691,"60932_4_B_3_WEOM_r3_Mag_24Feb24_300SA_p01_20_1_15973",Buzzard: MONet,2024-02-25 14:20:40.000,SciMax01,"60932",https://proto-9.pnl.gov/SciMax01/2024_1/60932_4_B_3_WEOM_r3_Mag_24Feb24_300SA_p01_20_1_15973,Released
1340397,"60942_4_BTM_2_MAOM_r3_Mag_03Feb25_3p3kV_300SA_p01_11_1_23028","",2025-02-08 21:23:39.000,SciMax01,"60942",https://proto-9.pnl.gov/SciMax01/2025_1/60942_4_BTM_2_MAOM_r3_Mag_03Feb25_3p3kV_300SA_p01_11_1_23028,Released
1215839,"60920_1_B_2_WEOM_r3_Mag_21Dec23_300SA_p01_21_1_14173",Data needs to be reviewed,2023-12-26 04:24:02.000,SciMax01,"60920",https://proto-9.pnl.gov/SciMax01/2024_1/60920_1_B_2_WEOM_r3_Mag_21Dec23_300SA_p01_21_1_14173,Released
1335372,"60933_11_TOP_1_MAOM_r2_Mag_13Jan25_3p3kV_300SA_p01_1_1_21894","",2025-01-16 08:40:46.000,SciMax01,"60933",https://proto-9.pnl.gov/SciMax01/2025_1/60933_11_TOP_1_MAOM_r2_Mag_13Jan25_3p3kV_300SA_p01_1_1_21894,Released
1341388,"60932_2_BTM_1_MAOM_r2_Mag_10Feb25_3p3kV_300SA_p01_10_1_23143","",2025-02-12 12:08:37.000,SciMax01,"60932",https://proto-9.pnl.gov/SciMax01/2025_1/60932_2_BTM_1_MAOM_r2_Mag_10Feb25_3p3kV_300SA_p01_10_1_23143,Released
1231029,"60933_16_T_3_WEOM_r3_Mag_12Feb24_300SA_p01_33_1_15171",Buzzard: MONet,2024-02-15 08:35:53.000,SciMax01,"60933",https://proto-9.pnl.gov/SciMax01/2024_1/60933_16_T_3_WEOM_r3_Mag_12Feb24_300SA_p01_33_1_15171,Released
1344866,"60920_5_BTM_1_MAOM_r2_Mag_19Feb25_3p3kV_300SA_p01_28_1_23411","",2025-02-21 02:28:30.000,SciMax01,"60920",https://proto-9.pnl.gov/SciMax01/2025_1/60920_5_BTM_1_MAOM_r2_Mag_19Feb25_3p3kV_300SA_p01_28_1_23411,Released
1253673,"60940_2_T_3_WEOM_r2_Mag_10May24_300SA_p01_9_1_18331","",2024-05-11 22:24:54.000,SciMax01,"60940",https://proto-9.pnl.gov/SciMax01/2024_2/60940_2_T_3_WEOM_r2_Mag_10May24_300SA_p01_9_1_18331,Released
1217430,"60923_14_T_2_WEOM_r2_Mag_04Jan24_300SA_p01_7_1_14543",Buzzard: Use this data,2024-01-07 00:35:16.000,SciMax01,"60923",https://proto-9.pnl.gov/SciMax01/2024_1/60923_14_T_2_WEOM_r2_Mag_04Jan24_300SA_p01_7_1_14543,Released
1234646,"60923_17_T_3_WEOM_r2_Mag_04Mar24_300SA_p01_15_1_16851",Buzzard: MONet,2024-03-05 17:27:02.000,SciMax01,"60923",https://proto-9.pnl.gov/SciMax01/2024_1/60923_17_T_3_WEOM_r2_Mag_04Mar24_300SA_p01_15_1_16851,Released
1329814,"60921_3_TOP_3_MAOM_r3_Mag_27Dec24_3p3kV_300SA_p01_15_1_21403","",2025-01-01 01:08:28.000,SciMax01,"60921",https://proto-9.pnl.gov/SciMax01/2025_1/60921_3_TOP_3_MAOM_r3_Mag_27Dec24_3p3kV_300SA_p01_15_1_21403,Released
1230842,"60932_5_T_3_WEOM_r2_Mag_21Feb24_300SA_p01_23_1_15895",Buzzard: MONet,2024-02-23 22:14:02.000,SciMax01,"60932",https://proto-9.pnl.gov/SciMax01/2024_1/60932_5_T_3_WEOM_r2_Mag_21Feb24_300SA_p01_23_1_15895,Released
1165482,MONet_Test_QC_SRFAII_20ppm_Fir_07Jul23_300SA_p1_23_1_8752,Buzzard: Just testing samples tubes,2023-07-07 22:13:27.000,"15T_FTICR_I","60141",https://proto-9.pnl.gov/15T_FTICR_I/2023_3/MONet_Test_QC_SRFAII_20ppm_Fir_07Jul23_300SA_p1_23_1_8752,Released
1234632,"60923_21_T_2_WEOM_r2_Mag_04Mar24_300SA_p01_38_1_16900",Buzzard: MONet,2024-03-06 15:09:55.000,SciMax01,"60923",https://proto-9.pnl.gov/SciMax01/2024_1/60923_21_T_2_WEOM_r2_Mag_04Mar24_300SA_p01_38_1_16900,Released
1341356,"60932_4_TOP_3_MAOM_r2_Mag_10Feb25_3p3kV_300SA_p01_21_1_23136","",2025-02-12 09:01:24.000,SciMax01,"60932",https://proto-9.pnl.gov/SciMax01/2025_1/60932_4_TOP_3_MAOM_r2_Mag_10Feb25_3p3kV_300SA_p01_21_1_23136,Released
1252778,"60881_5_B_3_WEOM_r2_Mag_01May24_300SA_p01_27_1_18133","",2024-05-04 06:33:48.000,SciMax01,"60881",https://proto-9.pnl.gov/SciMax01/2024_2/60881_5_B_3_WEOM_r2_Mag_01May24_300SA_p01_27_1_18133,Released
1220546,"60938_5_T_2_WEOM_r2_Mag_18Jan24_300SA_p01_26_1_14899",Buzzard: MONet,2024-01-22 12:10:06.000,SciMax01,"60938",https://proto-9.pnl.gov/SciMax01/2024_1/60938_5_T_2_WEOM_r2_Mag_18Jan24_300SA_p01_26_1_14899,Released
1338733,"60923_10_BTM_3_MAOM_r3_Mag_29Jan25_3p3kV_300SA_p01_30_1_22684","",2025-01-31 12:54:52.000,SciMax01,"60923",https://proto-9.pnl.gov/SciMax01/2025_1/60923_10_BTM_3_MAOM_r3_Mag_29Jan25_3p3kV_300SA_p01_30_1_22684,Released
1272535,"60923_2_T_2_MAOM_r1_Mag_03Jul24_300SA_p01_8_1_19376",Buzzard: testing MAOM samples before the move,2024-07-04 03:22:51.000,SciMax01,"60923",https://proto-9.pnl.gov/SciMax01/2024_3/60923_2_T_2_MAOM_r1_Mag_03Jul24_300SA_p01_8_1_19376,Released
1341741,"60881_1_BTM_3_MAOM_r1_Mag_10Feb25_3p3kV_300SA_p01_6_1_23202","",2025-02-13 14:26:17.000,SciMax01,"60881",https://proto-9.pnl.gov/SciMax01/2025_1/60881_1_BTM_3_MAOM_r1_Mag_10Feb25_3p3kV_300SA_p01_6_1_23202,Released
1217512,"60923_6_B_3_WEOM_r1_Mag_04Jan24_300SA_p01_20_1_14496",Buzzard: Use this data,2024-01-06 03:45:26.000,SciMax01,"60923",https://proto-9.pnl.gov/SciMax01/2024_1/60923_6_B_3_WEOM_r1_Mag_04Jan24_300SA_p01_20_1_14496,Released
1166711,MONet_Test_QC_SRFAII_20ppm_r1_Fir_11Jul23_300SA_p1_32_1_8792,Buzzard: Just testing samples tubes,2023-07-11 23:55:00.000,"15T_FTICR_I","60141",https://proto-9.pnl.gov/15T_FTICR_I/2023_3/MONet_Test_QC_SRFAII_20ppm_r1_Fir_11Jul23_300SA_p1_32_1_8792,Released
1335322,"60933_14_BTM_3_MAOM_r2_Mag_13Jan25_3p3kV_300SA_p01_28_1_21874","",2025-01-15 23:45:20.000,SciMax01,"60933",https://proto-9.pnl.gov/SciMax01/2025_1/60933_14_BTM_3_MAOM_r2_Mag_13Jan25_3p3kV_300SA_p01_28_1_21874,Released
1234866,"60923_17_T_1_WEOM_r3_Mag_04Mar24_300SA_p01_13_1_16962",Buzzard: MONet,2024-03-07 19:11:43.000,SciMax01,"60923",https://proto-9.pnl.gov/SciMax01/2024_1/60923_17_T_1_WEOM_r3_Mag_04Mar24_300SA_p01_13_1_16962,Released
1339849,"60946_2_TOP_3_MAOM_r1_Mag_03Feb25_3p3kV_300SA_p01_37_1_22903","",2025-02-06 13:39:32.000,SciMax01,"60946",https://proto-9.pnl.gov/SciMax01/2025_1/60946_2_TOP_3_MAOM_r1_Mag_03Feb25_3p3kV_300SA_p01_37_1_22903,Released
1330177,"60846_12_TOP_2_MAOM_r1_Mag_02Jan25_3p3kV_300SA_p01_20_1_21440","",2025-01-02 17:56:58.000,SciMax01,"60846",https://proto-9.pnl.gov/SciMax01/2025_1/60846_12_TOP_2_MAOM_r1_Mag_02Jan25_3p3kV_300SA_p01_20_1_21440,Released
1329539,"60921_3_BTM_2_MAOM_r2_Mag_27Dec24_3p3kV_300SA_p01_17_1_21367","",2024-12-31 09:06:11.000,SciMax01,"60921",https://proto-9.pnl.gov/SciMax01/2024_4/60921_3_BTM_2_MAOM_r2_Mag_27Dec24_3p3kV_300SA_p01_17_1_21367,Released
1165440,"20230706_20ppm_SRFAII_300SA_p01_000001",Buzzard: Just testing samples tubes,2023-07-06 14:34:07.000,"15T_FTICR_I","60141",https://proto-9.pnl.gov/15T_FTICR_I/2023_3/20230706_20ppm_SRFAII_300SA_p01_000001,Released
1216043,"60923_13_B_2_WEOM_r2_Mag_26Dec23_300SA_p01_6_1_14348",Buzzard: Data is fine but queue stopped over holiday week so need to shim cell and will run the queue again,2023-12-30 01:12:30.000,SciMax01,"60923",https://proto-9.pnl.gov/SciMax01/2024_1/60923_13_B_2_WEOM_r2_Mag_26Dec23_300SA_p01_6_1_14348,Released
1230622,"60946_1_B_1_WEOM_r1_Mag_23Feb24_300SA_p01_41_1_16028",Buzzard: Monet,2024-02-26 14:43:10.000,SciMax01,"60946",https://proto-9.pnl.gov/SciMax01/2024_1/60946_1_B_1_WEOM_r1_Mag_23Feb24_300SA_p01_41_1_16028,Released
1340515,"60938_1_TOP_2_MAOM_r3_Mag_03Feb25_3p3kV_300SA_p01_2_1_22858","",2025-02-05 17:36:44.000,SciMax01,"60938",https://proto-9.pnl.gov/SciMax01/2025_1/60938_1_TOP_2_MAOM_r3_Mag_03Feb25_3p3kV_300SA_p01_2_1_22858,Released
1231356,QC_SRFAII_23_01_10ppm_r1_Mag_12Feb24_300SA_p01_54_1_15070,Buzzard: MONet,2024-02-13 11:42:14.000,SciMax01,"60933",https://proto-9.pnl.gov/SciMax01/2024_1/QC_SRFAII_23_01_10ppm_r1_Mag_12Feb24_300SA_p01_54_1_15070,Released
1032576,"1000S_SRFA_20ppm_run1_Fir_22Apr22_300SA_p01_1_1_3328","",2022-04-22 20:06:23.000,SciMax01,"60141",https://proto-9.pnl.gov/SciMax01/2022_2/1000S_SRFA_20ppm_run1_Fir_22Apr22_300SA_p01_1_1_3328,Released
1329151,"60923_6_BTM_3_MAOM_r2_Mag_27Dec24_3p3kV_300SA_p01_36_1_21239","",2024-12-29 00:02:37.000,SciMax01,"60923",https://proto-9.pnl.gov/SciMax01/2024_4/60923_6_BTM_3_MAOM_r2_Mag_27Dec24_3p3kV_300SA_p01_36_1_21239,Released
1337189,"60923_15_BTM_3_MAOM_r3_Mag_22Jan25_3p3kV_300SA_p01_15_1_22358","",2025-01-25 11:19:47.000,SciMax01,"60923",https://proto-9.pnl.gov/SciMax01/2025_1/60923_15_BTM_3_MAOM_r3_Mag_22Jan25_3p3kV_300SA_p01_15_1_22358,Released
1230975,"60846_17_B_3_WEOM_r3_Mag_16Feb24_300SA_p01_42_1_15359",Buzzard: MONet,2024-02-19 06:06:48.000,SciMax01,"60846",https://proto-9.pnl.gov/SciMax01/2024_1/60846_17_B_3_WEOM_r3_Mag_16Feb24_300SA_p01_42_1_15359,Released
1220963,"60938_6_T_2_WEOM_r3_Mag_18Jan24_300SA_p01_32_1_14976",Buzzard: MONet,2024-01-23 22:17:37.000,SciMax01,"60938",https://proto-9.pnl.gov/SciMax01/2024_1/60938_6_T_2_WEOM_r3_Mag_18Jan24_300SA_p01_32_1_14976,Released
1341136,"60932_2_TOP_3_MAOM_r1_Mag_10Feb25_3p3kV_300SA_p01_9_1_23066","",2025-02-11 01:48:49.000,SciMax01,"60932",https://proto-9.pnl.gov/SciMax01/2025_1/60932_2_TOP_3_MAOM_r1_Mag_10Feb25_3p3kV_300SA_p01_9_1_23066,Released
1230658,"60932_3_B_3_WEOM_r3_Mag_24Feb24_300SA_p01_14_1_16009",Buzzard: MONet,2024-02-26 06:17:54.000,SciMax01,"60932",https://proto-9.pnl.gov/SciMax01/2024_1/60932_3_B_3_WEOM_r3_Mag_24Feb24_300SA_p01_14_1_16009,Released
1217271,"60923_9_B_3_WEOM_r1_Mag_04Jan24_300SA_p01_26_1_14506",Buzzard: Use this data,2024-01-06 08:11:22.000,SciMax01,"60923",https://proto-9.pnl.gov/SciMax01/2024_1/60923_9_B_3_WEOM_r1_Mag_04Jan24_300SA_p01_26_1_14506,Released
1341073,"60932_5_TOP_3_MAOM_r1_Mag_10Feb25_3p3kV_300SA_p01_31_1_23053","",2025-02-10 20:00:37.000,SciMax01,"60932",https://proto-9.pnl.gov/SciMax01/2025_1/60932_5_TOP_3_MAOM_r1_Mag_10Feb25_3p3kV_300SA_p01_31_1_23053,Released
1253578,"60940_4_T_3_WEOM_r2_Mag_10May24_300SA_p01_18_1_18330","",2024-05-11 21:58:19.000,SciMax01,"60940",https://proto-9.pnl.gov/SciMax01/2024_2/60940_4_T_3_WEOM_r2_Mag_10May24_300SA_p01_18_1_18330,Released
1314843,"60846_5_BTM_1_WEOM_r1_Mag_01Nov24_3p3kV_p01_25_1_20105",Buzzard: Testing response after Instrument cell clean and lab move,2024-11-02 04:13:20.000,SciMax01,"60938",https://proto-9.pnl.gov/SciMax01/2024_4/60846_5_BTM_1_WEOM_r1_Mag_01Nov24_3p3kV_p01_25_1_20105,Released
1220615,"60938_4_T_2_WEOM_r2_Mag_18Jan24_300SA_p01_20_1_14859",Buzzard: MONet,2024-01-21 18:26:29.000,SciMax01,"60938",https://proto-9.pnl.gov/SciMax01/2024_1/60938_4_T_2_WEOM_r2_Mag_18Jan24_300SA_p01_20_1_14859,Released
1345012,"60929_1_TOP_2_MAOM_r1_Mag_19Feb25_3p3kV_300SA_p01_23_1_23472","",2025-02-22 05:41:55.000,SciMax01,"60929",https://proto-9.pnl.gov/SciMax01/2025_1/60929_1_TOP_2_MAOM_r1_Mag_19Feb25_3p3kV_300SA_p01_23_1_23472,Released
1216207,"60923_7_T_1_WEOM_r2_Mag_26Dec23_300SA_p01_13_1_14303",Buzzard: Data is fine but queue stopped over holiday week so need to shim cell and will run the queue again,2023-12-29 05:15:56.000,SciMax01,"60923",https://proto-9.pnl.gov/SciMax01/2024_1/60923_7_T_1_WEOM_r2_Mag_26Dec23_300SA_p01_13_1_14303,Released
1230868,"60921_4_T_1_WEOM_r1_Mag_21Feb24_300SA_p01_50_1_15461",Buzzard: MONet,2024-02-21 16:34:25.000,SciMax01,"60921",https://proto-9.pnl.gov/SciMax01/2024_1/60921_4_T_1_WEOM_r1_Mag_21Feb24_300SA_p01_50_1_15461,Released
1252782,"60881_4_T_3_WEOM_r1_Mag_01May24_300SA_p01_18_1_18100","",2024-05-03 15:56:21.000,SciMax01,"60881",https://proto-9.pnl.gov/SciMax01/2024_2/60881_4_T_3_WEOM_r1_Mag_01May24_300SA_p01_18_1_18100,Released
1314821,"60933_1_TOP_3_WEOM_r1_Mag_01Nov24_3p3kV_p01_30_1_20110",Buzzard: Testing response after Instrument cell clean and lab move,2024-11-02 06:26:58.000,SciMax01,"60938",https://proto-9.pnl.gov/SciMax01/2024_4/60933_1_TOP_3_WEOM_r1_Mag_01Nov24_3p3kV_p01_30_1_20110,Released
1220746,"60938_6_B_3_WEOM_r2_Mag_18Jan24_300SA_p01_36_1_14882",Buzzard: MONet,2024-01-22 04:38:05.000,SciMax01,"60938",https://proto-9.pnl.gov/SciMax01/2024_1/60938_6_B_3_WEOM_r2_Mag_18Jan24_300SA_p01_36_1_14882,Released
1215995,QC_SRFAII_23_01_20ppm_r1_Mag_21Dec23_300SA_p01_54_1_14030,Data needs to be reviewed,2023-12-22 11:54:06.000,SciMax01,"60920",https://proto-9.pnl.gov/SciMax01/2024_1/QC_SRFAII_23_01_20ppm_r1_Mag_21Dec23_300SA_p01_54_1_14030,Released
1338851,"60933_20_TOP_3_MAOM_r3_Mag_29Jan25_3p3kV_300SA_p01_15_1_22712","",2025-02-01 01:23:25.000,SciMax01,"60933",https://proto-9.pnl.gov/SciMax01/2025_1/60933_20_TOP_3_MAOM_r3_Mag_29Jan25_3p3kV_300SA_p01_15_1_22712,Released
1235688,"60942_2_T_2_WEOM_r2_Mag_07Mar24_300SA_p01_8_1_17058",Buzzard: MONet,2024-03-09 21:38:13.000,SciMax01,"60942",https://proto-9.pnl.gov/SciMax01/2024_1/60942_2_T_2_WEOM_r2_Mag_07Mar24_300SA_p01_8_1_17058,Released
1338478,"60923_9_BTM_2_MAOM_r2_Mag_29Jan25_3p3kV_300SA_p01_23_1_22628","",2025-01-30 11:56:15.000,SciMax01,"60923",https://proto-9.pnl.gov/SciMax01/2025_1/60923_9_BTM_2_MAOM_r2_Mag_29Jan25_3p3kV_300SA_p01_23_1_22628,Released
1337879,"60923_21_TOP_2_MAOM_r3_Mag_22Jan25_3p3kV_300SA_p01_2_1_22531","",2025-01-28 16:41:10.000,SciMax01,"60923",https://proto-9.pnl.gov/SciMax01/2025_1/60923_21_TOP_2_MAOM_r3_Mag_22Jan25_3p3kV_300SA_p01_2_1_22531,Released
1231143,"60933_12_B_1_WEOM_r1_Mag_12Feb24_300SA_p01_10_1_15062",Buzzard: MONet,2024-02-13 08:09:31.000,SciMax01,"60933",https://proto-9.pnl.gov/SciMax01/2024_1/60933_12_B_1_WEOM_r1_Mag_12Feb24_300SA_p01_10_1_15062,Released
1344726,"60920_1_BTM_3_MAOM_r1_Mag_19Feb25_3p3kV_300SA_p01_6_1_23370","",2025-02-20 08:12:54.000,SciMax01,"60920",https://proto-9.pnl.gov/SciMax01/2025_1/60920_1_BTM_3_MAOM_r1_Mag_19Feb25_3p3kV_300SA_p01_6_1_23370,Released
1233022,"60923_21_B_3_WEOM_r1_Mag_04Mar24_300SA_p01_42_1_16841","",2024-03-05 13:01:07.000,SciMax01,"60923",https://proto-9.pnl.gov/SciMax01/2024_1/60923_21_B_3_WEOM_r1_Mag_04Mar24_300SA_p01_42_1_16841,Released
1216004,"60923_12_T_1_WEOM_r2_Mag_26Dec23_300SA_p01_23_1_14301",Buzzard: Data is fine but queue stopped over holiday week so need to shim cell and will run the queue again,2023-12-29 04:22:46.000,SciMax01,"60923",https://proto-9.pnl.gov/SciMax01/2024_1/60923_12_T_1_WEOM_r2_Mag_26Dec23_300SA_p01_23_1_14301,Released
1335326,"60933_12_BTM_3_MAOM_r1_Mag_13Jan25_3p3kV_300SA_p01_12_1_21815","",2025-01-14 21:24:27.000,SciMax01,"60933",https://proto-9.pnl.gov/SciMax01/2025_1/60933_12_BTM_3_MAOM_r1_Mag_13Jan25_3p3kV_300SA_p01_12_1_21815,Released
1230704,"60932_5_T_3_WEOM_r2_Mag_24Feb24_300SA_p01_23_1_15921",Buzzard: MONet,2024-02-24 15:17:56.000,SciMax01,"60932",https://proto-9.pnl.gov/SciMax01/2024_1/60932_5_T_3_WEOM_r2_Mag_24Feb24_300SA_p01_23_1_15921,Released
1337289,"60886_2_TOP_3_MAOM_r1_Mag_22Jan25_3p3kV_300SA_p01_15_1_22398","",2025-01-26 05:10:33.000,SciMax01,"60886",https://proto-9.pnl.gov/SciMax01/2025_1/60886_2_TOP_3_MAOM_r1_Mag_22Jan25_3p3kV_300SA_p01_15_1_22398,Released
1329494,"60880_3_BTM_1_MAOM_r1_Mag_27Dec24_3p3kV_300SA_p01_4_1_21349","",2024-12-31 01:05:03.000,SciMax01,"60880",https://proto-9.pnl.gov/SciMax01/2024_4/60880_3_BTM_1_MAOM_r1_Mag_27Dec24_3p3kV_300SA_p01_4_1_21349,Released
1217339,QC_SRFAII_20ppm_04Jan24_Mag_2w_8M_300SA_p01_54_1_14411,Buzzard: Use this data,2024-01-04 14:05:19.000,SciMax01,"60923",https://proto-9.pnl.gov/SciMax01/2024_1/QC_SRFAII_20ppm_04Jan24_Mag_2w_8M_300SA_p01_54_1_14411,Released
1331543,"60933_4_TOP_3_MAOM_r3_Mag_05Jan25_3p3kV_300SA_p01_18_1_21753",data good just rerun,2025-01-09 08:10:03.000,SciMax01,"60933",https://proto-9.pnl.gov/SciMax01/2025_1/60933_4_TOP_3_MAOM_r3_Mag_05Jan25_3p3kV_300SA_p01_18_1_21753,Released
1344748,"60920_2_BTM_1_MAOM_r1_Mag_19Feb25_3p3kV_300SA_p01_10_1_23367","",2025-02-20 06:52:51.000,SciMax01,"60920",https://proto-9.pnl.gov/SciMax01/2025_1/60920_2_BTM_1_MAOM_r1_Mag_19Feb25_3p3kV_300SA_p01_10_1_23367,Released
1215850,"60920_3_T_1_WEOM_r3_Mag_21Dec23_300SA_p01_5_1_14137",Data needs to be reviewed,2023-12-25 12:26:44.000,SciMax01,"60920",https://proto-9.pnl.gov/SciMax01/2024_1/60920_3_T_1_WEOM_r3_Mag_21Dec23_300SA_p01_5_1_14137,Released
1337016,"60923_19_BTM_1_MAOM_r3_Mag_22Jan25_3p3kV_300SA_p01_41_1_22324","",2025-01-24 20:09:32.000,SciMax01,"60923",https://proto-9.pnl.gov/SciMax01/2025_1/60923_19_BTM_1_MAOM_r3_Mag_22Jan25_3p3kV_300SA_p01_41_1_22324,Released
1032772,"1000S_SRFA_20ppm_run1_Fir_22Apr22_300SA_p01_61_1_3418","",2022-04-24 05:35:22.000,SciMax01,"60141",https://proto-9.pnl.gov/SciMax01/2022_2/1000S_SRFA_20ppm_run1_Fir_22Apr22_300SA_p01_61_1_3418,Released
1216121,"60923_12_B_1_WEOM_r1_Mag_26Dec23_300SA_p01_24_1_14209",Buzzard: Data is fine but queue stopped over holiday week so need to shim cell and will run the queue again,2023-12-27 11:36:25.000,SciMax01,"60923",https://proto-9.pnl.gov/SciMax01/2024_1/60923_12_B_1_WEOM_r1_Mag_26Dec23_300SA_p01_24_1_14209,Released
1215816,"60920_11_T_1_WEOM_r1_Mag_21Dec23_300SA_p01_19_1_14007",Data needs to be reviewed,2023-12-22 01:42:31.000,SciMax01,"60920",https://proto-9.pnl.gov/SciMax01/2024_1/60920_11_T_1_WEOM_r1_Mag_21Dec23_300SA_p01_19_1_14007,Released
1342073,"60881_5_TOP_1_MAOM_r3_Mag_10Feb25_3p3kV_300SA_p01_25_1_23293","",2025-02-15 07:01:39.000,SciMax01,"60881",https://proto-9.pnl.gov/SciMax01/2025_1/60881_5_TOP_1_MAOM_r3_Mag_10Feb25_3p3kV_300SA_p01_25_1_23293,Released
1234622,"60923_17_B_3_WEOM_r2_Mag_04Mar24_300SA_p01_18_1_16868",Buzzard: MONet,2024-03-06 00:59:07.000,SciMax01,"60923",https://proto-9.pnl.gov/SciMax01/2024_1/60923_17_B_3_WEOM_r2_Mag_04Mar24_300SA_p01_18_1_16868,Released
1215794,"60920_3_T_1_WEOM_r1_Mag_21Dec23_300SA_p01_5_1_13990",Data needs to be reviewed,2023-12-21 18:10:28.000,SciMax01,"60920",https://proto-9.pnl.gov/SciMax01/2024_1/60920_3_T_1_WEOM_r1_Mag_21Dec23_300SA_p01_5_1_13990,Released
1481357,QC_SRFAII_25_02_r1_Mag_13Mar26_54_1_32573,"",2026-03-14 02:48:34.000,SciMax01,"61050",https://proto-9.pnl.gov/SciMax01/2026_1/QC_SRFAII_25_02_r1_Mag_13Mar26_54_1_32573,Released
1217258,"60923_14_T_2_WEOM_r1_Mag_04Jan24_300SA_p01_7_1_14456",Buzzard: Use this data,2024-01-05 10:01:54.000,SciMax01,"60923",https://proto-9.pnl.gov/SciMax01/2024_1/60923_14_T_2_WEOM_r1_Mag_04Jan24_300SA_p01_7_1_14456,Released
1252877,"60881_5_B_1_WEOM_r3_Mag_01May24_300SA_p01_25_1_18232","",2024-05-06 02:26:23.000,SciMax01,"60881",https://proto-9.pnl.gov/SciMax01/2024_2/60881_5_B_1_WEOM_r3_Mag_01May24_300SA_p01_25_1_18232,Released
1221028,"60933_9_T_1_WEOM_r3_Mag_18Jan24_300SA_p01_43_1_14957",Buzzard: MONet,2024-01-23 13:52:25.000,SciMax01,"60933",https://proto-9.pnl.gov/SciMax01/2024_1/60933_9_T_1_WEOM_r3_Mag_18Jan24_300SA_p01_43_1_14957,Released
1329440,"60880_3_TOP_3_MAOM_r1_Mag_27Dec24_3p3kV_300SA_p01_3_1_21331","",2024-12-30 17:03:29.000,SciMax01,"60880",https://proto-9.pnl.gov/SciMax01/2024_4/60880_3_TOP_3_MAOM_r1_Mag_27Dec24_3p3kV_300SA_p01_3_1_21331,Released
1314824,"60923_2_B_1_MAOM_r1_Mag_01Nov24_300SA_3p3kV_p01_10_1_20162",Buzzard: Testing response after Instrument cell clean and lab move,2024-11-04 15:17:39.000,SciMax01,"60923",https://proto-9.pnl.gov/SciMax01/2024_4/60923_2_B_1_MAOM_r1_Mag_01Nov24_300SA_3p3kV_p01_10_1_20162,Released
1235626,"60942_4_B_1_WEOM_r3_Mag_07Mar24_300SA_p01_21_1_17107",Buzzard: MONet,2024-03-11 04:20:22.000,SciMax01,"60942",https://proto-9.pnl.gov/SciMax01/2024_1/60942_4_B_1_WEOM_r3_Mag_07Mar24_300SA_p01_21_1_17107,Released
1217461,"60923_9_T_1_WEOM_r2_Mag_04Jan24_300SA_p01_17_1_14529",Buzzard: Use this data,2024-01-06 18:22:58.000,SciMax01,"60923",https://proto-9.pnl.gov/SciMax01/2024_1/60923_9_T_1_WEOM_r2_Mag_04Jan24_300SA_p01_17_1_14529,Released
1272594,QC_SRFAII_23_01_10ppm_MAOM_r3_Mag_04Jul24_300SA_p01_54_1_19433,Buzzard: testing MAOM samples before the move,2024-07-05 10:49:47.000,SciMax01,"60923",https://proto-9.pnl.gov/SciMax01/2024_3/QC_SRFAII_23_01_10ppm_MAOM_r3_Mag_04Jul24_300SA_p01_54_1_19433,Released
1215888,"60920_5_T_2_WEOM_r3_Mag_21Dec23_300SA_p01_28_1_14162",Data needs to be reviewed,2023-12-25 23:31:31.000,SciMax01,"60920",https://proto-9.pnl.gov/SciMax01/2024_1/60920_5_T_2_WEOM_r3_Mag_21Dec23_300SA_p01_28_1_14162,Released
1217410,"60923_7_B_3_WEOM_r3_Mag_04Jan24_300SA_p01_22_1_14662",Buzzard: Use this data,2024-01-09 05:19:50.000,SciMax01,"60923",https://proto-9.pnl.gov/SciMax01/2024_1/60923_7_B_3_WEOM_r3_Mag_04Jan24_300SA_p01_22_1_14662,Released
1090354,"1000s_SRFAII_04_31Oct22_Mag_300SA_p01_154_1_7167","",2022-11-01 06:11:35.000,SciMax01,"60141",https://proto-9.pnl.gov/SciMax01/2022_4/1000s_SRFAII_04_31Oct22_Mag_300SA_p01_154_1_7167,Released
1230903,"60921_4_B_2_WEOM_r3_Mag_21Feb24_300SA_p01_3_1_15495",Buzzard: MONet,2024-02-22 07:38:29.000,SciMax01,"60921",https://proto-9.pnl.gov/SciMax01/2024_1/60921_4_B_2_WEOM_r3_Mag_21Feb24_300SA_p01_3_1_15495,Released
1341195,"60932_6_TOP_2_MAOM_r1_Mag_10Feb25_3p3kV_300SA_p01_36_1_23078","",2025-02-11 07:09:33.000,SciMax01,"60932",https://proto-9.pnl.gov/SciMax01/2025_1/60932_6_TOP_2_MAOM_r1_Mag_10Feb25_3p3kV_300SA_p01_36_1_23078,Released
1344874,"60920_2_BTM_2_MAOM_r3_Mag_19Feb25_3p3kV_300SA_p01_11_1_23451","",2025-02-21 20:19:48.000,SciMax01,"60920",https://proto-9.pnl.gov/SciMax01/2025_1/60920_2_BTM_2_MAOM_r3_Mag_19Feb25_3p3kV_300SA_p01_11_1_23451,Released
1330215,"60880_2_BTM_1_MAOM_r1_Mag_02Jan25_3p3kV_300SA_p01_44_1_21452","",2025-01-02 23:18:26.000,SciMax01,"60880",https://proto-9.pnl.gov/SciMax01/2025_1/60880_2_BTM_1_MAOM_r1_Mag_02Jan25_3p3kV_300SA_p01_44_1_21452,Released
1090538,"1000s_SRFAII_20ppm_04_25Oct22_Mag_300SA_p01_35_1_6948","",2022-10-26 06:16:36.000,SciMax01,"60141",https://proto-9.pnl.gov/SciMax01/2022_4/1000s_SRFAII_20ppm_04_25Oct22_Mag_300SA_p01_35_1_6948,Released
1335325,"60933_13_BTM_1_MAOM_r1_Mag_13Jan25_3p3kV_300SA_p01_20_1_21794","",2025-01-14 12:02:06.000,SciMax01,"60933",https://proto-9.pnl.gov/SciMax01/2025_1/60933_13_BTM_1_MAOM_r1_Mag_13Jan25_3p3kV_300SA_p01_20_1_21794,Released
1329157,"60923_2_TOP_1_MAOM_r3_Mag_27Dec24_3p3kV_300SA_p01_7_1_21313","",2024-12-30 09:02:48.000,SciMax01,"60923",https://proto-9.pnl.gov/SciMax01/2024_4/60923_2_TOP_1_MAOM_r3_Mag_27Dec24_3p3kV_300SA_p01_7_1_21313,Released
1335269,"60933_11_BTM_2_MAOM_r2_Mag_13Jan25_3p3kV_300SA_p01_5_1_21856","",2025-01-15 15:42:33.000,SciMax01,"60933",https://proto-9.pnl.gov/SciMax01/2025_1/60933_11_BTM_2_MAOM_r2_Mag_13Jan25_3p3kV_300SA_p01_5_1_21856,Released
1330922,"60933_4_BTM_1_MAOM_r2_Mag_05Jan25_3p3kV_300SA_p01_19_1_21651","",2025-01-06 16:02:36.000,SciMax01,"60933",https://proto-9.pnl.gov/SciMax01/2025_1/60933_4_BTM_1_MAOM_r2_Mag_05Jan25_3p3kV_300SA_p01_19_1_21651,Released
1272585,"60923_3_T_1_MAOM_r1_Mag_03Jul24_300SA_p01_13_1_19352",Buzzard: testing MAOM samples before the move,2024-07-03 16:44:39.000,SciMax01,"60923",https://proto-9.pnl.gov/SciMax01/2024_3/60923_3_T_1_MAOM_r1_Mag_03Jul24_300SA_p01_13_1_19352,Released
1231092,QC_SRFAII_23_01_10ppm_r3_Mag_12Feb24_300SA_p01_54_1_15224,Buzzard: MONet,2024-02-16 08:05:12.000,SciMax01,"60933",https://proto-9.pnl.gov/SciMax01/2024_1/QC_SRFAII_23_01_10ppm_r3_Mag_12Feb24_300SA_p01_54_1_15224,Released
1342097,"60881_6_TOP_2_MAOM_r3_Mag_10Feb25_3p3kV_300SA_p01_32_1_23300","",2025-02-15 10:08:41.000,SciMax01,"60881",https://proto-9.pnl.gov/SciMax01/2025_1/60881_6_TOP_2_MAOM_r3_Mag_10Feb25_3p3kV_300SA_p01_32_1_23300,Released
1230633,"60946_1_T_1_WEOM_r2_Mag_23Feb24_300SA_p01_38_1_16050",Buzzard: Monet,2024-02-27 00:28:09.000,SciMax01,"60946",https://proto-9.pnl.gov/SciMax01/2024_1/60946_1_T_1_WEOM_r2_Mag_23Feb24_300SA_p01_38_1_16050,Released
1329120,"60923_6_BTM_2_MAOM_r2_Mag_27Dec24_3p3kV_300SA_p01_35_1_21240","",2024-12-29 00:29:24.000,SciMax01,"60923",https://proto-9.pnl.gov/SciMax01/2024_4/60923_6_BTM_2_MAOM_r2_Mag_27Dec24_3p3kV_300SA_p01_35_1_21240,Released
1230666,"60932_3_B_1_WEOM_r2_Mag_24Feb24_300SA_p01_12_1_15956",Buzzard: MONet,2024-02-25 06:48:36.000,SciMax01,"60932",https://proto-9.pnl.gov/SciMax01/2024_1/60932_3_B_1_WEOM_r2_Mag_24Feb24_300SA_p01_12_1_15956,Released
1217324,"60923_6_B_2_WEOM_r1_Mag_04Jan24_300SA_p01_40_1_14454",Buzzard: Use this data,2024-01-05 09:08:43.000,SciMax01,"60923",https://proto-9.pnl.gov/SciMax01/2024_1/60923_6_B_2_WEOM_r1_Mag_04Jan24_300SA_p01_40_1_14454,Released
1330260,"60846_12_TOP_3_MAOM_r1_Mag_02Jan25_3p3kV_300SA_p01_21_1_21468","",2025-01-03 06:26:46.000,SciMax01,"60846",https://proto-9.pnl.gov/SciMax01/2025_1/60846_12_TOP_3_MAOM_r1_Mag_02Jan25_3p3kV_300SA_p01_21_1_21468,Released
1272597,"60923_3_B_1_MAOM_r2_Mag_04Jul24_300SA_p01_16_1_19406",Buzzard: testing MAOM samples before the move,2024-07-04 22:51:50.000,SciMax01,"60923",https://proto-9.pnl.gov/SciMax01/2024_3/60923_3_B_1_MAOM_r2_Mag_04Jul24_300SA_p01_16_1_19406,Released
1231249,"60933_20_T_3_WEOM_r1_Mag_12Feb24_300SA_p01_6_1_15038",Buzzard: MONet,2024-02-12 21:31:21.000,SciMax01,"60933",https://proto-9.pnl.gov/SciMax01/2024_1/60933_20_T_3_WEOM_r1_Mag_12Feb24_300SA_p01_6_1_15038,Released
1338523,"60923_11_BTM_2_MAOM_r2_Mag_29Jan25_3p3kV_300SA_p01_39_1_22640","",2025-01-30 17:17:25.000,SciMax01,"60923",https://proto-9.pnl.gov/SciMax01/2025_1/60923_11_BTM_2_MAOM_r2_Mag_29Jan25_3p3kV_300SA_p01_39_1_22640,Released
1231115,"60933_15_B_1_WEOM_r3_Mag_12Feb24_300SA_p01_28_1_15190",Buzzard: MONet,2024-02-15 17:01:05.000,SciMax01,"60933",https://proto-9.pnl.gov/SciMax01/2024_1/60933_15_B_1_WEOM_r3_Mag_12Feb24_300SA_p01_28_1_15190,Released
1216122,"60923_14_B_1_WEOM_r2_Mag_26Dec23_300SA_p01_28_1_14324",Buzzard: Data is fine but queue stopped over holiday week so need to shim cell and will run the queue again,2023-12-29 14:34:19.000,SciMax01,"60923",https://proto-9.pnl.gov/SciMax01/2024_1/60923_14_B_1_WEOM_r2_Mag_26Dec23_300SA_p01_28_1_14324,Released
1335187,"60933_14_BTM_1_MAOM_r3_Mag_13Jan25_3p3kV_300SA_p01_26_1_21954","",2025-01-17 11:26:15.000,SciMax01,"60933",https://proto-9.pnl.gov/SciMax01/2025_1/60933_14_BTM_1_MAOM_r3_Mag_13Jan25_3p3kV_300SA_p01_26_1_21954,Released
1220553,"60933_9_T_3_WEOM_r2_Mag_18Jan24_300SA_p01_45_1_14829",Buzzard: MONet,2024-01-21 05:08:41.000,SciMax01,"60933",https://proto-9.pnl.gov/SciMax01/2024_1/60933_9_T_3_WEOM_r2_Mag_18Jan24_300SA_p01_45_1_14829,Released
1252927,"60881_3_T_2_WEOM_r3_Mag_01May24_300SA_p01_11_1_18211","",2024-05-05 17:08:00.000,SciMax01,"60881",https://proto-9.pnl.gov/SciMax01/2024_2/60881_3_T_2_WEOM_r3_Mag_01May24_300SA_p01_11_1_18211,Released
1220974,"60938_3_B_1_WEOM_r3_Mag_18Jan24_300SA_p01_16_1_15005",Buzzard: MONet,2024-01-24 11:08:46.000,SciMax01,"60938",https://proto-9.pnl.gov/SciMax01/2024_1/60938_3_B_1_WEOM_r3_Mag_18Jan24_300SA_p01_16_1_15005,Released
1236284,"60886_3_B_1_WEOM_r2_Mag_10Mar24_300SA_p01_16_1_17194",Buzzard: MONet,2024-03-12 19:45:51.000,SciMax01,"60886",https://proto-9.pnl.gov/SciMax01/2024_1/60886_3_B_1_WEOM_r2_Mag_10Mar24_300SA_p01_16_1_17194,Released
1335524,"60923_8_BTM_3_MAOM_r3_Mag_13Jan25_3p3kV_300SA_p01_18_1_22119","",2025-01-20 17:55:34.000,SciMax01,"60923",https://proto-9.pnl.gov/SciMax01/2025_1/60923_8_BTM_3_MAOM_r3_Mag_13Jan25_3p3kV_300SA_p01_18_1_22119,Released
1330534,"60846_17_TOP_1_MAOM_r2_Mag_02Jan25_3p3kV_300SA_p01_29_1_21479","",2025-01-03 11:21:18.000,SciMax01,"60846",https://proto-9.pnl.gov/SciMax01/2025_1/60846_17_TOP_1_MAOM_r2_Mag_02Jan25_3p3kV_300SA_p01_29_1_21479,Released
1235615,"60942_6_B_1_WEOM_r1_Mag_07Mar24_300SA_p01_33_1_16970",Buzzard: MONet,2024-03-07 22:44:26.000,SciMax01,"60942",https://proto-9.pnl.gov/SciMax01/2024_1/60942_6_B_1_WEOM_r1_Mag_07Mar24_300SA_p01_33_1_16970,Released
1234636,"60923_19_B_3_WEOM_r3_Mag_04Mar24_300SA_p01_30_1_16942",Buzzard: MONet,2024-03-07 09:46:44.000,SciMax01,"60923",https://proto-9.pnl.gov/SciMax01/2024_1/60923_19_B_3_WEOM_r3_Mag_04Mar24_300SA_p01_30_1_16942,Released
1215871,"60920_8_B_3_WEOM_r2_Mag_21Dec23_300SA_p01_15_1_14107",Data needs to be reviewed,2023-12-24 23:09:00.000,SciMax01,"60920",https://proto-9.pnl.gov/SciMax01/2024_1/60920_8_B_3_WEOM_r2_Mag_21Dec23_300SA_p01_15_1_14107,Released
1330648,"60846_2_TOP_3_MAOM_r2_Mag_02Jan25_3p3kV_300SA_p01_3_1_21523","",2025-01-04 06:57:58.000,SciMax01,"60846",https://proto-9.pnl.gov/SciMax01/2025_1/60846_2_TOP_3_MAOM_r2_Mag_02Jan25_3p3kV_300SA_p01_3_1_21523,Released
1216054,"60923_9_B_1_WEOM_r2_Mag_26Dec23_300SA_p01_18_1_14300",Buzzard: Data is fine but queue stopped over holiday week so need to shim cell and will run the queue again,2023-12-29 03:56:10.000,SciMax01,"60923",https://proto-9.pnl.gov/SciMax01/2024_1/60923_9_B_1_WEOM_r2_Mag_26Dec23_300SA_p01_18_1_14300,Released
1220529,"60938_3_T_3_WEOM_r2_Mag_18Jan24_300SA_p01_15_1_14864",Buzzard: MONet,2024-01-21 20:39:26.000,SciMax01,"60938",https://proto-9.pnl.gov/SciMax01/2024_1/60938_3_T_3_WEOM_r2_Mag_18Jan24_300SA_p01_15_1_14864,Released
1235580,"60886_1_T_2_WEOM_r1_Mag_10Mar24_300SA_p01_2_1_17151",Buzzard: MONet,2024-03-12 00:42:29.000,SciMax01,"60886",https://proto-9.pnl.gov/SciMax01/2024_1/60886_1_T_2_WEOM_r1_Mag_10Mar24_300SA_p01_2_1_17151,Released
1230670,"60932_6_B_3_WEOM_r3_Mag_24Feb24_300SA_p01_32_1_16016",Buzzard: MONet,2024-02-26 09:24:03.000,SciMax01,"60932",https://proto-9.pnl.gov/SciMax01/2024_1/60932_6_B_3_WEOM_r3_Mag_24Feb24_300SA_p01_32_1_16016,Released
1231228,"60933_19_T_2_WEOM_r1_Mag_12Feb24_300SA_p01_50_1_15059",Buzzard: MONet,2024-02-13 06:49:46.000,SciMax01,"60933",https://proto-9.pnl.gov/SciMax01/2024_1/60933_19_T_2_WEOM_r1_Mag_12Feb24_300SA_p01_50_1_15059,Released
1329001,"60920_11_TOP_3_MAOM_r3_Mag_23Dec24_3p3kV_300SA_p01_50_1_21153","",2024-12-25 22:05:50.000,SciMax01,"60920",https://proto-9.pnl.gov/SciMax01/2024_4/60920_11_TOP_3_MAOM_r3_Mag_23Dec24_3p3kV_300SA_p01_50_1_21153,Released
1329029,"60923_1_TOP_3_MAOM_r3_Mag_27Dec24_3p3kV_300SA_p01_3_1_21282","",2024-12-29 19:13:00.000,SciMax01,"60923",https://proto-9.pnl.gov/SciMax01/2024_4/60923_1_TOP_3_MAOM_r3_Mag_27Dec24_3p3kV_300SA_p01_3_1_21282,Released
1220632,"60933_4_T_2_WEOM_r1_Mag_18Jan24_300SA_p01_17_1_14750",Buzzard: MONet,2024-01-19 18:07:53.000,SciMax01,"60933",https://proto-9.pnl.gov/SciMax01/2024_1/60933_4_T_2_WEOM_r1_Mag_18Jan24_300SA_p01_17_1_14750,Released
1220694,"60933_1_T_1_WEOM_r3_Mag_18Jan24_300SA_p01_1_1_14916",Buzzard: MONet,2024-01-22 19:42:08.000,SciMax01,"60933",https://proto-9.pnl.gov/SciMax01/2024_1/60933_1_T_1_WEOM_r3_Mag_18Jan24_300SA_p01_1_1_14916,Released
1336424,"60923_19_BTM_1_MAOM_r1_Mag_22Jan25_3p3kV_300SA_p01_41_1_22246","",2025-01-23 09:22:20.000,SciMax01,"60923",https://proto-9.pnl.gov/SciMax01/2025_1/60923_19_BTM_1_MAOM_r1_Mag_22Jan25_3p3kV_300SA_p01_41_1_22246,Released
1220709,"60938_1_T_3_WEOM_r1_Mag_18Jan24_300SA_p01_3_1_14763",Buzzard: MONet,2024-01-19 23:53:34.000,SciMax01,"60938",https://proto-9.pnl.gov/SciMax01/2024_1/60938_1_T_3_WEOM_r1_Mag_18Jan24_300SA_p01_3_1_14763,Released
1253660,"60940_1_B_1_WEOM_r3_Mag_10May24_300SA_p01_4_1_18354","",2024-05-12 08:36:28.000,SciMax01,"60940",https://proto-9.pnl.gov/SciMax01/2024_2/60940_1_B_1_WEOM_r3_Mag_10May24_300SA_p01_4_1_18354,Released
1231099,"60933_11_B_3_WEOM_r1_Mag_12Feb24_300SA_p01_6_1_15054",Buzzard: MONet,2024-02-13 04:36:48.000,SciMax01,"60933",https://proto-9.pnl.gov/SciMax01/2024_1/60933_11_B_3_WEOM_r1_Mag_12Feb24_300SA_p01_6_1_15054,Released
1338345,"60933_20_BTM_2_MAOM_r2_Mag_29Jan25_3p3kV_300SA_p01_17_1_22620","",2025-01-30 08:22:24.000,SciMax01,"60933",https://proto-9.pnl.gov/SciMax01/2025_1/60933_20_BTM_2_MAOM_r2_Mag_29Jan25_3p3kV_300SA_p01_17_1_22620,Released
1220590,"60933_10_T_2_WEOM_r3_Mag_18Jan24_300SA_p01_47_1_14912",Buzzard: MONet,2024-01-22 17:55:45.000,SciMax01,"60933",https://proto-9.pnl.gov/SciMax01/2024_1/60933_10_T_2_WEOM_r3_Mag_18Jan24_300SA_p01_47_1_14912,Released
1345067,"60920_5_BTM_1_MAOM_r1_Mag_19Feb25_3p3kV_300SA_p01_28_1_23362","",2025-02-20 04:38:51.000,SciMax01,"60920",https://proto-9.pnl.gov/SciMax01/2025_1/60920_5_BTM_1_MAOM_r1_Mag_19Feb25_3p3kV_300SA_p01_28_1_23362,Released
1337993,"60923_11_TOP_1_MAOM_r1_Mag_29Jan25_3p3kV_300SA_p01_31_1_22558","",2025-01-29 04:43:51.000,SciMax01,"60923",https://proto-9.pnl.gov/SciMax01/2025_1/60923_11_TOP_1_MAOM_r1_Mag_29Jan25_3p3kV_300SA_p01_31_1_22558,Released
1236335,"60886_3_B_3_WEOM_r2_Mag_10Mar24_300SA_p01_18_1_17207",Buzzard: MONet,2024-03-13 01:31:32.000,SciMax01,"60886",https://proto-9.pnl.gov/SciMax01/2024_1/60886_3_B_3_WEOM_r2_Mag_10Mar24_300SA_p01_18_1_17207,Released
1032591,"1000S_SRFA_20ppm_run1_Fir_27Apr22_300SA_p01_1_1_3599","",2022-04-27 09:16:12.000,SciMax01,"60141",https://proto-9.pnl.gov/SciMax01/2022_2/1000S_SRFA_20ppm_run1_Fir_27Apr22_300SA_p01_1_1_3599,Released
1252796,"60881_2_T_3_WEOM_r1_Mag_01May24_300SA_p01_6_1_18095","",2024-05-03 13:43:24.000,SciMax01,"60881",https://proto-9.pnl.gov/SciMax01/2024_2/60881_2_T_3_WEOM_r1_Mag_01May24_300SA_p01_6_1_18095,Released
1344761,"60920_3_BTM_1_MAOM_r1_Mag_19Feb25_3p3kV_300SA_p01_16_1_23346","",2025-02-19 21:31:21.000,SciMax01,"60920",https://proto-9.pnl.gov/SciMax01/2025_1/60920_3_BTM_1_MAOM_r1_Mag_19Feb25_3p3kV_300SA_p01_16_1_23346,Released
1230628,"60946_1_B_3_WEOM_r1_Mag_23Feb24_300SA_p01_43_1_16019",Buzzard: Monet,2024-02-26 10:43:51.000,SciMax01,"60946",https://proto-9.pnl.gov/SciMax01/2024_1/60946_1_B_3_WEOM_r1_Mag_23Feb24_300SA_p01_43_1_16019,Released
1344838,"60929_2_BTM_1_MAOM_r2_Mag_19Feb25_3p3kV_300SA_p01_30_1_23504","",2025-02-22 19:57:55.000,SciMax01,"60929",https://proto-9.pnl.gov/SciMax01/2025_1/60929_2_BTM_1_MAOM_r2_Mag_19Feb25_3p3kV_300SA_p01_30_1_23504,Released
1220676,"60933_5_B_3_WEOM_r3_Mag_18Jan24_300SA_p01_27_1_14944",Buzzard: MONet,2024-01-23 08:06:42.000,SciMax01,"60933",https://proto-9.pnl.gov/SciMax01/2024_1/60933_5_B_3_WEOM_r3_Mag_18Jan24_300SA_p01_27_1_14944,Released
1340072,"60946_2_BTM_3_MAOM_r2_Mag_03Feb25_3p3kV_300SA_p01_40_1_22945","",2025-02-07 08:23:10.000,SciMax01,"60946",https://proto-9.pnl.gov/SciMax01/2025_1/60946_2_BTM_3_MAOM_r2_Mag_03Feb25_3p3kV_300SA_p01_40_1_22945,Released
1341971,"60881_4_BTM_1_MAOM_r2_Mag_10Feb25_3p3kV_300SA_p01_22_1_23262","",2025-02-14 17:12:44.000,SciMax01,"60881",https://proto-9.pnl.gov/SciMax01/2025_1/60881_4_BTM_1_MAOM_r2_Mag_10Feb25_3p3kV_300SA_p01_22_1_23262,Released
1345018,"60942_1_TOP_1_MAOM_r3_Mag_19Feb25_3p3kV_300SA_p01_7_1_23592","",2025-02-25 05:47:23.000,SciMax01,"60942",https://proto-9.pnl.gov/SciMax01/2025_1/60942_1_TOP_1_MAOM_r3_Mag_19Feb25_3p3kV_300SA_p01_7_1_23592,Released
1314835,"60932_6_TOP_2_WEOM_r1_Mag_01Nov24_3p3kV_p01_20_1_20100",Buzzard: Testing response after Instrument cell clean and lab move,2024-11-02 01:59:43.000,SciMax01,"60938",https://proto-9.pnl.gov/SciMax01/2024_4/60932_6_TOP_2_WEOM_r1_Mag_01Nov24_3p3kV_p01_20_1_20100,Released
1217426,"60923_2_T_2_WEOM_r2_Mag_04Jan24_300SA_p01_31_1_14541",Buzzard: Use this data,2024-01-06 23:42:05.000,SciMax01,"60923",https://proto-9.pnl.gov/SciMax01/2024_1/60923_2_T_2_WEOM_r2_Mag_04Jan24_300SA_p01_31_1_14541,Released
1252964,"60881_1_T_1_WEOM_r3_Mag_01May24_300SA_p01_45_1_18196","",2024-05-05 10:29:08.000,SciMax01,"60881",https://proto-9.pnl.gov/SciMax01/2024_2/60881_1_T_1_WEOM_r3_Mag_01May24_300SA_p01_45_1_18196,Released
1341692,"60932_2_TOP_1_MAOM_r3_Mag_10Feb25_3p3kV_300SA_p01_7_1_23193","",2025-02-13 10:25:31.000,SciMax01,"60932",https://proto-9.pnl.gov/SciMax01/2025_1/60932_2_TOP_1_MAOM_r3_Mag_10Feb25_3p3kV_300SA_p01_7_1_23193,Released
1235672,"60942_3_T_2_WEOM_r1_Mag_07Mar24_300SA_p01_14_1_17011",Buzzard: MONet,2024-03-08 16:56:01.000,SciMax01,"60942",https://proto-9.pnl.gov/SciMax01/2024_1/60942_3_T_2_WEOM_r1_Mag_07Mar24_300SA_p01_14_1_17011,Released
1345002,"60920_4_BTM_1_MAOM_r2_Mag_19Feb25_3p3kV_300SA_p01_22_1_23418","",2025-02-21 05:35:48.000,SciMax01,"60920",https://proto-9.pnl.gov/SciMax01/2025_1/60920_4_BTM_1_MAOM_r2_Mag_19Feb25_3p3kV_300SA_p01_22_1_23418,Released
1230685,"60932_1_T_2_WEOM_r3_Mag_24Feb24_300SA_p01_50_1_15988",Buzzard: MONet,2024-02-25 20:59:30.000,SciMax01,"60932",https://proto-9.pnl.gov/SciMax01/2024_1/60932_1_T_2_WEOM_r3_Mag_24Feb24_300SA_p01_50_1_15988,Released
1215932,QC_SRFAII_23_01_20ppm_r3_Mag_21Dec23_300SA_p01_54_1_14186,Data needs to be reviewed,2023-12-26 10:09:44.000,SciMax01,"60920",https://proto-9.pnl.gov/SciMax01/2024_1/QC_SRFAII_23_01_20ppm_r3_Mag_21Dec23_300SA_p01_54_1_14186,Released
1231170,"60933_14_B_2_WEOM_r1_Mag_12Feb24_300SA_p01_23_1_15076",Buzzard: MONet,2024-02-13 14:29:53.000,SciMax01,"60933",https://proto-9.pnl.gov/SciMax01/2024_1/60933_14_B_2_WEOM_r1_Mag_12Feb24_300SA_p01_23_1_15076,Released
1338563,"60933_20_TOP_1_MAOM_r2_Mag_29Jan25_3p3kV_300SA_p01_13_1_22648","",2025-01-30 20:51:25.000,SciMax01,"60933",https://proto-9.pnl.gov/SciMax01/2025_1/60933_20_TOP_1_MAOM_r2_Mag_29Jan25_3p3kV_300SA_p01_13_1_22648,Released
1342023,"60881_6_TOP_3_MAOM_r3_Mag_10Feb25_3p3kV_300SA_p01_33_1_23278","",2025-02-15 00:20:15.000,SciMax01,"60881",https://proto-9.pnl.gov/SciMax01/2025_1/60881_6_TOP_3_MAOM_r3_Mag_10Feb25_3p3kV_300SA_p01_33_1_23278,Released
1220599,"60938_4_T_3_WEOM_r2_Mag_18Jan24_300SA_p01_21_1_14870",Buzzard: MONet,2024-01-21 23:19:00.000,SciMax01,"60938",https://proto-9.pnl.gov/SciMax01/2024_1/60938_4_T_3_WEOM_r2_Mag_18Jan24_300SA_p01_21_1_14870,Released
1180808,"60881_5_T_2_WEOM_1w_2_1_13389",Buzzard: 1w; Data needs to be reviewed,2023-08-29 17:50:47.000,SciMax01,"60881",https://proto-9.pnl.gov/SciMax01/2023_3/60881_5_T_2_WEOM_1w_2_1_13389,Released
1329010,"60940_1_TOP_2_MAOM_r2_Mag_23Dec24_3p3kV_300SA_p01_2_1_21055","",2024-12-24 02:25:01.000,SciMax01,"60940",https://proto-9.pnl.gov/SciMax01/2024_4/60940_1_TOP_2_MAOM_r2_Mag_23Dec24_3p3kV_300SA_p01_2_1_21055,Released
1235674,"60942_2_T_1_WEOM_r2_Mag_07Mar24_300SA_p01_7_1_17048",Buzzard: MONet,2024-03-09 17:12:17.000,SciMax01,"60942",https://proto-9.pnl.gov/SciMax01/2024_1/60942_2_T_1_WEOM_r2_Mag_07Mar24_300SA_p01_7_1_17048,Released
1344837,"60920_3_BTM_2_MAOM_r2_Mag_19Feb25_3p3kV_300SA_p01_17_1_23388","",2025-02-20 16:13:59.000,SciMax01,"60920",https://proto-9.pnl.gov/SciMax01/2025_1/60920_3_BTM_2_MAOM_r2_Mag_19Feb25_3p3kV_300SA_p01_17_1_23388,Released
1341379,"60932_4_TOP_1_MAOM_r2_Mag_10Feb25_3p3kV_300SA_p01_19_1_23141","",2025-02-12 11:15:12.000,SciMax01,"60932",https://proto-9.pnl.gov/SciMax01/2025_1/60932_4_TOP_1_MAOM_r2_Mag_10Feb25_3p3kV_300SA_p01_19_1_23141,Released
1329070,"60923_3_BTM_1_MAOM_r1_Mag_27Dec24_3p3kV_300SA_p01_16_1_21203","",2024-12-28 08:00:00.000,SciMax01,"60923",https://proto-9.pnl.gov/SciMax01/2024_4/60923_3_BTM_1_MAOM_r1_Mag_27Dec24_3p3kV_300SA_p01_16_1_21203,Released
1217296,"60923_4_B_1_WEOM_r1_Mag_04Jan24_300SA_p01_8_1_14427",Buzzard: Use this data,2024-01-04 21:10:47.000,SciMax01,"60923",https://proto-9.pnl.gov/SciMax01/2024_1/60923_4_B_1_WEOM_r1_Mag_04Jan24_300SA_p01_8_1_14427,Released
1314741,"60923_2_B_3_MAOM_r2_Mag_01Nov24_300SA_4p2kV_p01_12_1_20199",Buzzard: Testing response after Instrument cell clean and lab move,2024-11-05 07:44:38.000,SciMax01,"60923",https://proto-9.pnl.gov/SciMax01/2024_4/60923_2_B_3_MAOM_r2_Mag_01Nov24_300SA_4p2kV_p01_12_1_20199,Released
1344760,"60920_2_TOP_1_MAOM_r1_Mag_19Feb25_3p3kV_300SA_p01_7_1_23344","",2025-02-19 20:37:56.000,SciMax01,"60920",https://proto-9.pnl.gov/SciMax01/2025_1/60920_2_TOP_1_MAOM_r1_Mag_19Feb25_3p3kV_300SA_p01_7_1_23344,Released
1231200,"60846_7_B_1_WEOM_r1_Mag_16Feb24_300SA_p01_28_1_15280",Buzzard: MONet,2024-02-17 10:02:42.000,SciMax01,"60846",https://proto-9.pnl.gov/SciMax01/2024_1/60846_7_B_1_WEOM_r1_Mag_16Feb24_300SA_p01_28_1_15280,Released
1336829,"60923_18_TOP_3_MAOM_r2_Mag_22Jan25_3p3kV_300SA_p01_34_1_22294","",2025-01-24 06:46:53.000,SciMax01,"60923",https://proto-9.pnl.gov/SciMax01/2025_1/60923_18_TOP_3_MAOM_r2_Mag_22Jan25_3p3kV_300SA_p01_34_1_22294,Released
1235568,"60886_3_B_1_WEOM_r1_Mag_10Mar24_300SA_p01_16_1_17115",Buzzard: MONet,2024-03-11 07:53:06.000,SciMax01,"60886",https://proto-9.pnl.gov/SciMax01/2024_1/60886_3_B_1_WEOM_r1_Mag_10Mar24_300SA_p01_16_1_17115,Released
1341553,"60932_4_TOP_2_MAOM_r3_Mag_10Feb25_3p3kV_300SA_p01_20_1_23169","",2025-02-12 23:44:33.000,SciMax01,"60932",https://proto-9.pnl.gov/SciMax01/2025_1/60932_4_TOP_2_MAOM_r3_Mag_10Feb25_3p3kV_300SA_p01_20_1_23169,Released
1328975,"60920_9_BTM_2_MAOM_r2_Mag_23Dec24_3p3kV_300SA_p01_43_1_21078","",2024-12-24 12:39:42.000,SciMax01,"60920",https://proto-9.pnl.gov/SciMax01/2024_4/60920_9_BTM_2_MAOM_r2_Mag_23Dec24_3p3kV_300SA_p01_43_1_21078,Released
1233011,"60923_17_B_3_WEOM_r1_Mag_04Mar24_300SA_p01_18_1_16798","",2024-03-04 17:57:46.000,SciMax01,"60923",https://proto-9.pnl.gov/SciMax01/2024_1/60923_17_B_3_WEOM_r1_Mag_04Mar24_300SA_p01_18_1_16798,Released
1216200,"60923_1_B_2_WEOM_r1_Mag_26Dec23_300SA_p01_30_1_14241",Buzzard: Data is fine but queue stopped over holiday week so need to shim cell and will run the queue again,2023-12-28 01:47:17.000,SciMax01,"60923",https://proto-9.pnl.gov/SciMax01/2024_1/60923_1_B_2_WEOM_r1_Mag_26Dec23_300SA_p01_30_1_14241,Released
1216117,"60923_1_B_3_WEOM_r2_Mag_26Dec23_300SA_p01_10_1_14354",Buzzard: Data is fine but queue stopped over holiday week so need to shim cell and will run the queue again,2023-12-30 03:52:03.000,SciMax01,"60923",https://proto-9.pnl.gov/SciMax01/2024_1/60923_1_B_3_WEOM_r2_Mag_26Dec23_300SA_p01_10_1_14354,Released
1340099,"60942_5_BTM_3_MAOM_r2_Mag_03Feb25_3p3kV_300SA_p01_18_1_22951","",2025-02-07 11:04:04.000,SciMax01,"60942",https://proto-9.pnl.gov/SciMax01/2025_1/60942_5_BTM_3_MAOM_r2_Mag_03Feb25_3p3kV_300SA_p01_18_1_22951,Released
1252816,"60881_3_T_3_WEOM_r1_Mag_01May24_300SA_p01_12_1_18106","",2024-05-03 18:35:54.000,SciMax01,"60881",https://proto-9.pnl.gov/SciMax01/2024_2/60881_3_T_3_WEOM_r1_Mag_01May24_300SA_p01_12_1_18106,Released
1337621,"60923_21_TOP_1_MAOM_r2_Mag_22Jan25_3p3kV_300SA_p01_1_1_22477","",2025-01-27 16:23:52.000,SciMax01,"60923",https://proto-9.pnl.gov/SciMax01/2025_1/60923_21_TOP_1_MAOM_r2_Mag_22Jan25_3p3kV_300SA_p01_1_1_22477,Released
1252793,"60881_4_B_2_WEOM_r1_Mag_01May24_300SA_p01_20_1_18066","",2024-05-03 00:52:20.000,SciMax01,"60881",https://proto-9.pnl.gov/SciMax01/2024_2/60881_4_B_2_WEOM_r1_Mag_01May24_300SA_p01_20_1_18066,Released
1335383,"60933_11_TOP_2_MAOM_r1_Mag_13Jan25_3p3kV_300SA_p01_2_1_21809","",2025-01-14 18:43:39.000,SciMax01,"60933",https://proto-9.pnl.gov/SciMax01/2025_1/60933_11_TOP_2_MAOM_r1_Mag_13Jan25_3p3kV_300SA_p01_2_1_21809,Released
1234594,"60923_15_T_2_WEOM_r3_Mag_04Mar24_300SA_p01_2_1_16915",Buzzard: MONet,2024-03-06 21:48:49.000,SciMax01,"60923",https://proto-9.pnl.gov/SciMax01/2024_1/60923_15_T_2_WEOM_r3_Mag_04Mar24_300SA_p01_2_1_16915,Released
1231243,"60846_7_T_1_WEOM_r1_Mag_16Feb24_300SA_p01_25_1_15273",Buzzard: MONet,2024-02-17 06:56:31.000,SciMax01,"60846",https://proto-9.pnl.gov/SciMax01/2024_1/60846_7_T_1_WEOM_r1_Mag_16Feb24_300SA_p01_25_1_15273,Released
1230634,"60946_1_T_2_WEOM_r2_Mag_23Feb24_300SA_p01_39_1_16048",Buzzard: Monet,2024-02-26 23:35:00.000,SciMax01,"60946",https://proto-9.pnl.gov/SciMax01/2024_1/60946_1_T_2_WEOM_r2_Mag_23Feb24_300SA_p01_39_1_16048,Released
1252805,"60881_2_B_3_WEOM_r1_Mag_01May24_300SA_p01_9_1_18078","",2024-05-03 06:11:22.000,SciMax01,"60881",https://proto-9.pnl.gov/SciMax01/2024_2/60881_2_B_3_WEOM_r1_Mag_01May24_300SA_p01_9_1_18078,Released
1231192,"60933_14_T_3_WEOM_r1_Mag_12Feb24_300SA_p01_21_1_15084",Buzzard: MONet,2024-02-13 18:02:36.000,SciMax01,"60933",https://proto-9.pnl.gov/SciMax01/2024_1/60933_14_T_3_WEOM_r1_Mag_12Feb24_300SA_p01_21_1_15084,Released
1235581,"60942_5_B_2_WEOM_r3_Mag_07Mar24_300SA_p01_28_1_17084",Buzzard: MONet,2024-03-10 18:08:47.000,SciMax01,"60942",https://proto-9.pnl.gov/SciMax01/2024_1/60942_5_B_2_WEOM_r3_Mag_07Mar24_300SA_p01_28_1_17084,Released
1235592,"60942_5_B_2_WEOM_r2_Mag_07Mar24_300SA_p01_28_1_17026",Buzzard: MONet,2024-03-08 23:34:52.000,SciMax01,"60942",https://proto-9.pnl.gov/SciMax01/2024_1/60942_5_B_2_WEOM_r2_Mag_07Mar24_300SA_p01_28_1_17026,Released
1217282,"60923_2_T_3_WEOM_r2_Mag_04Jan24_300SA_p01_11_1_14590",Buzzard: Use this data,2024-01-07 21:25:13.000,SciMax01,"60923",https://proto-9.pnl.gov/SciMax01/2024_1/60923_2_T_3_WEOM_r2_Mag_04Jan24_300SA_p01_11_1_14590,Released
1220567,"60933_5_B_1_WEOM_r3_Mag_18Jan24_300SA_p01_25_1_14917",Buzzard: MONet,2024-01-22 20:08:44.000,SciMax01,"60933",https://proto-9.pnl.gov/SciMax01/2024_1/60933_5_B_1_WEOM_r3_Mag_18Jan24_300SA_p01_25_1_14917,Released
1235555,"60942_6_T_1_WEOM_r2_Mag_07Mar24_300SA_p01_30_1_17031",Buzzard: MONet,2024-03-09 09:40:16.000,SciMax01,"60942",https://proto-9.pnl.gov/SciMax01/2024_1/60942_6_T_1_WEOM_r2_Mag_07Mar24_300SA_p01_30_1_17031,Released
1090425,"1000s_20ppm_SRFAII_24Oct22_Mag_300SA_p01_1_1_6911",Buzzard: QC's and blanks,2022-10-24 16:34:55.000,SciMax01,"60141",https://proto-9.pnl.gov/SciMax01/2022_4/1000s_20ppm_SRFAII_24Oct22_Mag_300SA_p01_1_1_6911,Released
1230650,"60946_2_T_1_WEOM_r3_Mag_23Feb24_300SA_p01_33_1_16066",Buzzard: Monet,2024-02-27 07:33:37.000,SciMax01,"60946",https://proto-9.pnl.gov/SciMax01/2024_1/60946_2_T_1_WEOM_r3_Mag_23Feb24_300SA_p01_33_1_16066,Released
1230904,"60921_4_B_3_WEOM_r3_Mag_21Feb24_300SA_p01_4_1_15501",Buzzard: MONet,2024-02-22 10:18:00.000,SciMax01,"60921",https://proto-9.pnl.gov/SciMax01/2024_1/60921_4_B_3_WEOM_r3_Mag_21Feb24_300SA_p01_4_1_15501,Released
1220994,"60938_2_B_1_WEOM_r3_Mag_18Jan24_300SA_p01_10_1_15000",Buzzard: MONet,2024-01-24 08:55:50.000,SciMax01,"60938",https://proto-9.pnl.gov/SciMax01/2024_1/60938_2_B_1_WEOM_r3_Mag_18Jan24_300SA_p01_10_1_15000,Released
1230677,"60932_3_B_3_WEOM_r2_Mag_24Feb24_300SA_p01_14_1_15929",Buzzard: MONet,2024-02-24 18:50:38.000,SciMax01,"60932",https://proto-9.pnl.gov/SciMax01/2024_1/60932_3_B_3_WEOM_r2_Mag_24Feb24_300SA_p01_14_1_15929,Released
1314852,"60923_15_TOP_1_WEOM_r1_Mag_01Nov24_4p2kV_p01_11_1_20126",Buzzard: Testing response after Instrument cell clean and lab move,2024-11-02 13:33:38.000,SciMax01,"60938",https://proto-9.pnl.gov/SciMax01/2024_4/60923_15_TOP_1_WEOM_r1_Mag_01Nov24_4p2kV_p01_11_1_20126,Released
1215940,"60920_9_B_2_WEOM_r3_Mag_21Dec23_300SA_p01_36_1_14169",Data needs to be reviewed,2023-12-26 02:37:41.000,SciMax01,"60920",https://proto-9.pnl.gov/SciMax01/2024_1/60920_9_B_2_WEOM_r3_Mag_21Dec23_300SA_p01_36_1_14169,Released
1220670,"60933_2_B_3_WEOM_r1_Mag_18Jan24_300SA_p01_9_1_14721",Buzzard: MONet,2024-01-19 05:16:46.000,SciMax01,"60933",https://proto-9.pnl.gov/SciMax01/2024_1/60933_2_B_3_WEOM_r1_Mag_18Jan24_300SA_p01_9_1_14721,Released
1236351,"60886_5_T_2_WEOM_r3_Mag_10Mar24_300SA_p01_26_1_17227",Buzzard: MONet,2024-03-13 10:23:17.000,SciMax01,"60886",https://proto-9.pnl.gov/SciMax01/2024_1/60886_5_T_2_WEOM_r3_Mag_10Mar24_300SA_p01_26_1_17227,Released
1165419,MONet_Test_HCl_R_3_pls-10ppmSRFAII_fir_r1_07Jul23_300SA_p1_11_1_8740,Buzzard: Just testing samples tubes,2023-07-07 17:47:14.000,"15T_FTICR_I","60141",https://proto-9.pnl.gov/15T_FTICR_I/2023_3/MONet_Test_HCl_R_3_pls-10ppmSRFAII_fir_r1_07Jul23_300SA_p1_11_1_8740,Released
1350673,"60923_9_BTM_3_MAOM_r3_Mag_29Jan25_3p3kV_300SA_p01_24_1_22713","",2025-02-01 01:50:12.000,SciMax01,"60923",https://proto-9.pnl.gov/SciMax01/2025_1/60923_9_BTM_3_MAOM_r3_Mag_29Jan25_3p3kV_300SA_p01_24_1_22713,Released
1341328,"60932_2_TOP_1_MAOM_r2_Mag_10Feb25_3p3kV_300SA_p01_7_1_23126","",2025-02-12 04:33:23.000,SciMax01,"60932",https://proto-9.pnl.gov/SciMax01/2025_1/60932_2_TOP_1_MAOM_r2_Mag_10Feb25_3p3kV_300SA_p01_7_1_23126,Released
1335375,"60933_15_TOP_3_MAOM_r2_Mag_13Jan25_3p3kV_300SA_p01_31_1_21858","",2025-01-15 16:36:09.000,SciMax01,"60933",https://proto-9.pnl.gov/SciMax01/2025_1/60933_15_TOP_3_MAOM_r2_Mag_13Jan25_3p3kV_300SA_p01_31_1_21858,Released
1346540,"60921_1_TOP_2_MAOM_r3_Mag_26Feb25_3p3kV_300SA_p01_2_1_23954","",2025-03-05 21:34:16.000,SciMax01,"60921",https://proto-9.pnl.gov/SciMax01/2025_1/60921_1_TOP_2_MAOM_r3_Mag_26Feb25_3p3kV_300SA_p01_2_1_23954,Released
1335283,"60933_13_TOP_2_MAOM_r3_Mag_13Jan25_3p3kV_300SA_p01_18_1_21943","",2025-01-17 06:31:51.000,SciMax01,"60933",https://proto-9.pnl.gov/SciMax01/2025_1/60933_13_TOP_2_MAOM_r3_Mag_13Jan25_3p3kV_300SA_p01_18_1_21943,Released
1230709,"60932_3_T_1_WEOM_r2_Mag_24Feb24_300SA_p01_9_1_15928",Buzzard: MONet,2024-02-24 18:24:03.000,SciMax01,"60932",https://proto-9.pnl.gov/SciMax01/2024_1/60932_3_T_1_WEOM_r2_Mag_24Feb24_300SA_p01_9_1_15928,Released
1329827,"60921_4_TOP_3_MAOM_r3_Mag_27Dec24_3p3kV_300SA_p01_23_1_21411","",2025-01-01 04:43:17.000,SciMax01,"60921",https://proto-9.pnl.gov/SciMax01/2025_1/60921_4_TOP_3_MAOM_r3_Mag_27Dec24_3p3kV_300SA_p01_23_1_21411,Released
1217433,"60923_12_T_1_WEOM_r3_Mag_04Jan24_300SA_p01_23_1_14603",Buzzard: Use this data,2024-01-08 03:10:56.000,SciMax01,"60923",https://proto-9.pnl.gov/SciMax01/2024_1/60923_12_T_1_WEOM_r3_Mag_04Jan24_300SA_p01_23_1_14603,Released
1328944,"60940_4_TOP_3_MAOM_r2_Mag_23Dec24_3p3kV_300SA_p01_21_1_21071","",2024-12-24 09:32:48.000,SciMax01,"60940",https://proto-9.pnl.gov/SciMax01/2024_4/60940_4_TOP_3_MAOM_r2_Mag_23Dec24_3p3kV_300SA_p01_21_1_21071,Released
1340094,"60946_2_TOP_1_MAOM_r2_Mag_03Feb25_3p3kV_300SA_p01_35_1_22949","",2025-02-07 10:10:29.000,SciMax01,"60946",https://proto-9.pnl.gov/SciMax01/2025_1/60946_2_TOP_1_MAOM_r2_Mag_03Feb25_3p3kV_300SA_p01_35_1_22949,Released
1236298,"60886_5_T_3_WEOM_r2_Mag_10Mar24_300SA_p01_27_1_17184",Buzzard: MONet,2024-03-12 15:19:59.000,SciMax01,"60886",https://proto-9.pnl.gov/SciMax01/2024_1/60886_5_T_3_WEOM_r2_Mag_10Mar24_300SA_p01_27_1_17184,Released
1349501,"60933_10_TOP_1_MAOM_r3_Mag_20Jan25_3p3kV_300SA_p01_50_1_22185","",2025-01-21 23:20:10.000,SciMax01,"60933",https://proto-9.pnl.gov/SciMax01/2025_1/60933_10_TOP_1_MAOM_r3_Mag_20Jan25_3p3kV_300SA_p01_50_1_22185,Released
1272523,"60923_1_B_3_MAOM_r1_Mag_03Jul24_300SA_p01_6_1_19358",Buzzard: testing MAOM samples before the move,2024-07-03 19:24:11.000,SciMax01,"60923",https://proto-9.pnl.gov/SciMax01/2024_3/60923_1_B_3_MAOM_r1_Mag_03Jul24_300SA_p01_6_1_19358,Released
1335208,"60933_14_TOP_1_MAOM_r2_Mag_13Jan25_3p3kV_300SA_p01_23_1_21840","",2025-01-15 08:34:02.000,SciMax01,"60933",https://proto-9.pnl.gov/SciMax01/2025_1/60933_14_TOP_1_MAOM_r2_Mag_13Jan25_3p3kV_300SA_p01_23_1_21840,Released
1329084,"60923_6_TOP_2_MAOM_r3_Mag_27Dec24_3p3kV_300SA_p01_32_1_21305","",2024-12-30 05:28:58.000,SciMax01,"60923",https://proto-9.pnl.gov/SciMax01/2024_4/60923_6_TOP_2_MAOM_r3_Mag_27Dec24_3p3kV_300SA_p01_32_1_21305,Released
1252833,"60881_3_T_1_WEOM_r2_Mag_01May24_300SA_p01_10_1_18144","",2024-05-04 11:26:18.000,SciMax01,"60881",https://proto-9.pnl.gov/SciMax01/2024_2/60881_3_T_1_WEOM_r2_Mag_01May24_300SA_p01_10_1_18144,Released
1337489,"60923_21_BTM_1_MAOM_r2_Mag_22Jan25_3p3kV_300SA_p01_4_1_22464","",2025-01-27 10:36:03.000,SciMax01,"60923",https://proto-9.pnl.gov/SciMax01/2025_1/60923_21_BTM_1_MAOM_r2_Mag_22Jan25_3p3kV_300SA_p01_4_1_22464,Released
1331546,"60933_4_TOP_2_MAOM_r3_Mag_05Jan25_3p3kV_300SA_p01_17_1_21754",data good just rerun,2025-01-09 08:36:40.000,SciMax01,"60933",https://proto-9.pnl.gov/SciMax01/2025_1/60933_4_TOP_2_MAOM_r3_Mag_05Jan25_3p3kV_300SA_p01_17_1_21754,Released
1235595,"60886_1_T_1_WEOM_r1_Mag_10Mar24_300SA_p01_1_1_17135",Buzzard: MONet,2024-03-11 17:37:04.000,SciMax01,"60886",https://proto-9.pnl.gov/SciMax01/2024_1/60886_1_T_1_WEOM_r1_Mag_10Mar24_300SA_p01_1_1_17135,Released
1233042,QC_SRFAII_23_01_10ppm_WEOM_r1_Mag_04Mar24_300SA_p01_54_1_16836,"",2024-03-05 10:48:10.000,SciMax01,"60923",https://proto-9.pnl.gov/SciMax01/2024_1/QC_SRFAII_23_01_10ppm_WEOM_r1_Mag_04Mar24_300SA_p01_54_1_16836,Released
1330767,"60880_1_TOP_1_MAOM_r3_Mag_02Jan25_3p3kV_300SA_p01_35_1_21578","",2025-01-05 07:29:12.000,SciMax01,"60880",https://proto-9.pnl.gov/SciMax01/2025_1/60880_1_TOP_1_MAOM_r3_Mag_02Jan25_3p3kV_300SA_p01_35_1_21578,Released
1217321,"60923_3_B_3_WEOM_r2_Mag_04Jan24_300SA_p01_14_1_14581",Buzzard: Use this data,2024-01-07 17:25:54.000,SciMax01,"60923",https://proto-9.pnl.gov/SciMax01/2024_1/60923_3_B_3_WEOM_r2_Mag_04Jan24_300SA_p01_14_1_14581,Released
1328974,"60940_4_TOP_1_MAOM_r2_Mag_23Dec24_3p3kV_300SA_p01_19_1_21066","",2024-12-24 07:19:02.000,SciMax01,"60940",https://proto-9.pnl.gov/SciMax01/2024_4/60940_4_TOP_1_MAOM_r2_Mag_23Dec24_3p3kV_300SA_p01_19_1_21066,Released
1329065,"60923_4_TOP_1_MAOM_r1_Mag_27Dec24_3p3kV_300SA_p01_19_1_21197","",2024-12-28 05:19:34.000,SciMax01,"60923",https://proto-9.pnl.gov/SciMax01/2024_4/60923_4_TOP_1_MAOM_r1_Mag_27Dec24_3p3kV_300SA_p01_19_1_21197,Released
1328928,"60920_9_TOP_3_MAOM_r2_Mag_23Dec24_3p3kV_300SA_p01_41_1_21097","",2024-12-24 21:07:42.000,SciMax01,"60920",https://proto-9.pnl.gov/SciMax01/2024_4/60920_9_TOP_3_MAOM_r2_Mag_23Dec24_3p3kV_300SA_p01_41_1_21097,Released
1252953,"60929_1_T_3_WEOM_r2_Mag_01May24_300SA_p01_39_1_18184","",2024-05-05 05:10:03.000,SciMax01,"60929",https://proto-9.pnl.gov/SciMax01/2024_2/60929_1_T_3_WEOM_r2_Mag_01May24_300SA_p01_39_1_18184,Released
1252802,"60929_1_B_3_WEOM_r1_Mag_01May24_300SA_p01_42_1_18116","",2024-05-03 23:01:48.000,SciMax01,"60929",https://proto-9.pnl.gov/SciMax01/2024_2/60929_1_B_3_WEOM_r1_Mag_01May24_300SA_p01_42_1_18116,Released
1345493,"60880_5_BTM_1_MAOM_r2_Mag_26Feb25_3p3kV_300SA_p01_38_1_23832","",2025-03-02 18:07:16.000,SciMax01,"60880",https://proto-9.pnl.gov/SciMax01/2025_1/60880_5_BTM_1_MAOM_r2_Mag_26Feb25_3p3kV_300SA_p01_38_1_23832,Released
1328994,"60920_11_TOP_1_MAOM_r2_Mag_23Dec24_3p3kV_300SA_p01_48_1_21099","",2024-12-24 22:01:17.000,SciMax01,"60920",https://proto-9.pnl.gov/SciMax01/2024_4/60920_11_TOP_1_MAOM_r2_Mag_23Dec24_3p3kV_300SA_p01_48_1_21099,Released
1272588,"60923_1_B_2_MAOM_r1_Mag_03Jul24_300SA_p01_5_1_19355",Buzzard: testing MAOM samples before the move,2024-07-03 18:04:24.000,SciMax01,"60923",https://proto-9.pnl.gov/SciMax01/2024_3/60923_1_B_2_MAOM_r1_Mag_03Jul24_300SA_p01_5_1_19355,Released
1217358,"60923_11_T_2_WEOM_r3_Mag_04Jan24_300SA_p01_1_1_14640",Buzzard: Use this data,2024-01-08 19:34:50.000,SciMax01,"60923",https://proto-9.pnl.gov/SciMax01/2024_1/60923_11_T_2_WEOM_r3_Mag_04Jan24_300SA_p01_1_1_14640,Released
1314785,"60933_17_TOP_3_WEOM_r1_Mag_01Nov24_4p2kV_p01_26_1_20143",Buzzard: Testing response after Instrument cell clean and lab move,2024-11-02 21:07:36.000,SciMax01,"60938",https://proto-9.pnl.gov/SciMax01/2024_4/60933_17_TOP_3_WEOM_r1_Mag_01Nov24_4p2kV_p01_26_1_20143,Released
1231155,"60846_2_B_1_WEOM_r1_Mag_16Feb24_300SA_p01_16_1_15272",Buzzard: MONet,2024-02-17 06:29:56.000,SciMax01,"60846",https://proto-9.pnl.gov/SciMax01/2024_1/60846_2_B_1_WEOM_r1_Mag_16Feb24_300SA_p01_16_1_15272,Released
1215943,"60920_6_B_3_WEOM_r3_Mag_21Dec23_300SA_p01_12_1_14179",Data needs to be reviewed,2023-12-26 07:03:35.000,SciMax01,"60920",https://proto-9.pnl.gov/SciMax01/2024_1/60920_6_B_3_WEOM_r3_Mag_21Dec23_300SA_p01_12_1_14179,Released
1341857,"60881_6_TOP_1_MAOM_r1_Mag_10Feb25_3p3kV_300SA_p01_31_1_23227","",2025-02-14 01:36:01.000,SciMax01,"60881",https://proto-9.pnl.gov/SciMax01/2025_1/60881_6_TOP_1_MAOM_r1_Mag_10Feb25_3p3kV_300SA_p01_31_1_23227,Released
1330189,"60846_5_BTM_3_MAOM_r1_Mag_02Jan25_3p3kV_300SA_p01_12_1_21443","",2025-01-02 19:17:40.000,SciMax01,"60846",https://proto-9.pnl.gov/SciMax01/2025_1/60846_5_BTM_3_MAOM_r1_Mag_02Jan25_3p3kV_300SA_p01_12_1_21443,Released
1231054,"60846_2_T_3_WEOM_r1_Mag_16Feb24_300SA_p01_15_1_15268",Buzzard: MONet,2024-02-17 04:43:36.000,SciMax01,"60846",https://proto-9.pnl.gov/SciMax01/2024_1/60846_2_T_3_WEOM_r1_Mag_16Feb24_300SA_p01_15_1_15268,Released
1217407,"60923_8_B_3_WEOM_r3_Mag_04Jan24_300SA_p01_24_1_14663",Buzzard: Use this data,2024-01-09 05:46:25.000,SciMax01,"60923",https://proto-9.pnl.gov/SciMax01/2024_1/60923_8_B_3_WEOM_r3_Mag_04Jan24_300SA_p01_24_1_14663,Released
1346484,"60921_1_TOP_3_MAOM_r1_Mag_26Feb25_3p3kV_300SA_p01_3_1_23938","",2025-03-05 14:27:01.000,SciMax01,"60921",https://proto-9.pnl.gov/SciMax01/2025_1/60921_1_TOP_3_MAOM_r1_Mag_26Feb25_3p3kV_300SA_p01_3_1_23938,Released
1216086,"60923_13_B_1_WEOM_r2_Mag_26Dec23_300SA_p01_26_1_14309",Buzzard: Data is fine but queue stopped over holiday week so need to shim cell and will run the queue again,2023-12-29 07:55:28.000,SciMax01,"60923",https://proto-9.pnl.gov/SciMax01/2024_1/60923_13_B_1_WEOM_r2_Mag_26Dec23_300SA_p01_26_1_14309,Released
1236285,QC_SRFAII_23_01_10ppm_WEOM_r3_Mag_10Mar24_300SA_p01_54_1_17278,Buzzard: MONet,2024-03-14 08:59:22.000,SciMax01,"60886",https://proto-9.pnl.gov/SciMax01/2024_1/QC_SRFAII_23_01_10ppm_WEOM_r3_Mag_10Mar24_300SA_p01_54_1_17278,Released
1345015,"60942_2_BTM_3_MAOM_r2_Mag_19Feb25_3p3kV_300SA_p01_18_1_23545","",2025-02-23 14:16:52.000,SciMax01,"60942",https://proto-9.pnl.gov/SciMax01/2025_1/60942_2_BTM_3_MAOM_r2_Mag_19Feb25_3p3kV_300SA_p01_18_1_23545,Released
1339896,"60942_4_BTM_3_MAOM_r1_Mag_03Feb25_3p3kV_300SA_p01_12_1_22912","",2025-02-06 17:40:22.000,SciMax01,"60942",https://proto-9.pnl.gov/SciMax01/2025_1/60942_4_BTM_3_MAOM_r1_Mag_03Feb25_3p3kV_300SA_p01_12_1_22912,Released
1272602,"60923_1_B_2_MAOM_r3_Mag_04Jul24_300SA_p01_5_1_19428",Buzzard: testing MAOM samples before the move,2024-07-05 08:36:50.000,SciMax01,"60923",https://proto-9.pnl.gov/SciMax01/2024_3/60923_1_B_2_MAOM_r3_Mag_04Jul24_300SA_p01_5_1_19428,Released
1346493,"60921_1_TOP_1_MAOM_r1_Mag_26Feb25_3p3kV_300SA_p01_1_1_23941","",2025-03-05 15:47:02.000,SciMax01,"60921",https://proto-9.pnl.gov/SciMax01/2025_1/60921_1_TOP_1_MAOM_r1_Mag_26Feb25_3p3kV_300SA_p01_1_1_23941,Released
1341776,"60881_1_BTM_2_MAOM_r1_Mag_10Feb25_3p3kV_300SA_p01_5_1_23209","",2025-02-13 17:33:39.000,SciMax01,"60881",https://proto-9.pnl.gov/SciMax01/2025_1/60881_1_BTM_2_MAOM_r1_Mag_10Feb25_3p3kV_300SA_p01_5_1_23209,Released
1328953,"60920_8_TOP_3_MAOM_r2_Mag_23Dec24_3p3kV_300SA_p01_35_1_21090","",2024-12-24 18:00:39.000,SciMax01,"60920",https://proto-9.pnl.gov/SciMax01/2024_4/60920_8_TOP_3_MAOM_r2_Mag_23Dec24_3p3kV_300SA_p01_35_1_21090,Released
1215964,"60920_2_B_2_WEOM_r3_Mag_21Dec23_300SA_p01_23_1_14157",Data needs to be reviewed,2023-12-25 21:18:33.000,SciMax01,"60920",https://proto-9.pnl.gov/SciMax01/2024_1/60920_2_B_2_WEOM_r3_Mag_21Dec23_300SA_p01_23_1_14157,Released
1231352,QC_SRFAII_23_01_10ppm_r0_Mag_12Feb24_300SA_p01_54_1_15026,Buzzard: MONet,2024-02-12 16:12:17.000,SciMax01,"60933",https://proto-9.pnl.gov/SciMax01/2024_1/QC_SRFAII_23_01_10ppm_r0_Mag_12Feb24_300SA_p01_54_1_15026,Released
1231119,"60933_11_B_2_WEOM_r2_Mag_12Feb24_300SA_p01_5_1_15131",Buzzard: MONet,2024-02-14 14:52:18.000,SciMax01,"60933",https://proto-9.pnl.gov/SciMax01/2024_1/60933_11_B_2_WEOM_r2_Mag_12Feb24_300SA_p01_5_1_15131,Released
1253620,"60940_2_B_1_WEOM_r2_Mag_10May24_300SA_p01_10_1_18337","",2024-05-12 01:04:29.000,SciMax01,"60940",https://proto-9.pnl.gov/SciMax01/2024_2/60940_2_B_1_WEOM_r2_Mag_10May24_300SA_p01_10_1_18337,Released
1230651,"60946_2_T_2_WEOM_r3_Mag_23Feb24_300SA_p01_34_1_16057",Buzzard: Monet,2024-02-27 03:34:17.000,SciMax01,"60946",https://proto-9.pnl.gov/SciMax01/2024_1/60946_2_T_2_WEOM_r3_Mag_23Feb24_300SA_p01_34_1_16057,Released
1337777,"60886_5_TOP_1_MAOM_r3_Mag_22Jan25_3p3kV_300SA_p01_35_1_22514","",2025-01-28 08:53:26.000,SciMax01,"60886",https://proto-9.pnl.gov/SciMax01/2025_1/60886_5_TOP_1_MAOM_r3_Mag_22Jan25_3p3kV_300SA_p01_35_1_22514,Released
1217395,"60923_5_B_1_WEOM_r2_Mag_04Jan24_300SA_p01_10_1_14526",Buzzard: Use this data,2024-01-06 17:03:11.000,SciMax01,"60923",https://proto-9.pnl.gov/SciMax01/2024_1/60923_5_B_1_WEOM_r2_Mag_04Jan24_300SA_p01_10_1_14526,Released
1216041,"60923_8_B_1_WEOM_r2_Mag_26Dec23_300SA_p01_16_1_14316",Buzzard: Data is fine but queue stopped over holiday week so need to shim cell and will run the queue again,2023-12-29 11:01:34.000,SciMax01,"60923",https://proto-9.pnl.gov/SciMax01/2024_1/60923_8_B_1_WEOM_r2_Mag_26Dec23_300SA_p01_16_1_14316,Released
1217317,"60923_14_T_2_WEOM_r3_Mag_04Jan24_300SA_p01_7_1_14632",Buzzard: Use this data,2024-01-08 16:02:06.000,SciMax01,"60923",https://proto-9.pnl.gov/SciMax01/2024_1/60923_14_T_2_WEOM_r3_Mag_04Jan24_300SA_p01_7_1_14632,Released
1215936,"60920_11_T_1_WEOM_r2_Mag_21Dec23_300SA_p01_19_1_14060",Data needs to be reviewed,2023-12-23 01:11:51.000,SciMax01,"60920",https://proto-9.pnl.gov/SciMax01/2024_1/60920_11_T_1_WEOM_r2_Mag_21Dec23_300SA_p01_19_1_14060,Released
1215961,"60920_1_B_2_WEOM_r1_Mag_21Dec23_300SA_p01_21_1_14020",Data needs to be reviewed,2023-12-22 07:28:14.000,SciMax01,"60920",https://proto-9.pnl.gov/SciMax01/2024_1/60920_1_B_2_WEOM_r1_Mag_21Dec23_300SA_p01_21_1_14020,Released
1341250,"60932_1_BTM_2_MAOM_r2_Mag_10Feb25_3p3kV_300SA_p01_5_1_23096","",2025-02-11 15:10:50.000,SciMax01,"60932",https://proto-9.pnl.gov/SciMax01/2025_1/60932_1_BTM_2_MAOM_r2_Mag_10Feb25_3p3kV_300SA_p01_5_1_23096,Released
1328997,"60920_8_BTM_1_MAOM_r2_Mag_23Dec24_3p3kV_300SA_p01_36_1_21093","",2024-12-24 19:21:02.000,SciMax01,"60920",https://proto-9.pnl.gov/SciMax01/2024_4/60920_8_BTM_1_MAOM_r2_Mag_23Dec24_3p3kV_300SA_p01_36_1_21093,Released
1230864,"60921_4_T_3_WEOM_r3_Mag_21Feb24_300SA_p01_1_1_15510",Buzzard: MONet,2024-02-22 14:17:20.000,SciMax01,"60921",https://proto-9.pnl.gov/SciMax01/2024_1/60921_4_T_3_WEOM_r3_Mag_21Feb24_300SA_p01_1_1_15510,Released
1349505,"60933_4_BTM_3_MAOM_r3_Mag_20Jan25_3p3kV_300SA_p01_21_1_22190","",2025-01-22 01:33:47.000,SciMax01,"60933",https://proto-9.pnl.gov/SciMax01/2025_1/60933_4_BTM_3_MAOM_r3_Mag_20Jan25_3p3kV_300SA_p01_21_1_22190,Released
1231002,"60846_2_B_3_WEOM_r3_Mag_16Feb24_300SA_p01_18_1_15358",Buzzard: MONet,2024-02-19 05:40:13.000,SciMax01,"60846",https://proto-9.pnl.gov/SciMax01/2024_1/60846_2_B_3_WEOM_r3_Mag_16Feb24_300SA_p01_18_1_15358,Released
1236317,"60886_4_B_3_WEOM_r2_Mag_10Mar24_300SA_p01_24_1_17203",Buzzard: MONet,2024-03-12 23:45:10.000,SciMax01,"60886",https://proto-9.pnl.gov/SciMax01/2024_1/60886_4_B_3_WEOM_r2_Mag_10Mar24_300SA_p01_24_1_17203,Released
1252912,"60881_2_B_3_WEOM_r2_Mag_01May24_300SA_p01_9_1_18181","",2024-05-05 03:50:17.000,SciMax01,"60881",https://proto-9.pnl.gov/SciMax01/2024_2/60881_2_B_3_WEOM_r2_Mag_01May24_300SA_p01_9_1_18181,Released
1235725,QC_SRFAII_23_01_10ppm_WEOM_r1_Mag_07Mar24_300SA_p02_54_1_16990,Buzzard: MONet,2024-03-08 07:36:15.000,SciMax01,"60942",https://proto-9.pnl.gov/SciMax01/2024_1/QC_SRFAII_23_01_10ppm_WEOM_r1_Mag_07Mar24_300SA_p02_54_1_16990,Released
1216060,"60923_8_B_2_WEOM_r2_Mag_26Dec23_300SA_p01_44_1_14350",Buzzard: Data is fine but queue stopped over holiday week so need to shim cell and will run the queue again,2023-12-30 02:05:41.000,SciMax01,"60923",https://proto-9.pnl.gov/SciMax01/2024_1/60923_8_B_2_WEOM_r2_Mag_26Dec23_300SA_p01_44_1_14350,Released
1252806,"60881_4_B_3_WEOM_r2_Mag_01May24_300SA_p01_21_1_18132","",2024-05-04 06:07:13.000,SciMax01,"60881",https://proto-9.pnl.gov/SciMax01/2024_2/60881_4_B_3_WEOM_r2_Mag_01May24_300SA_p01_21_1_18132,Released
1329486,"60880_3_BTM_3_MAOM_r1_Mag_27Dec24_3p3kV_300SA_p01_6_1_21347","",2024-12-31 00:11:48.000,SciMax01,"60880",https://proto-9.pnl.gov/SciMax01/2024_4/60880_3_BTM_3_MAOM_r1_Mag_27Dec24_3p3kV_300SA_p01_6_1_21347,Released
1215934,"60920_1_B_2_WEOM_r2_Mag_21Dec23_300SA_p01_21_1_14086",Data needs to be reviewed,2023-12-24 13:50:33.000,SciMax01,"60920",https://proto-9.pnl.gov/SciMax01/2024_1/60920_1_B_2_WEOM_r2_Mag_21Dec23_300SA_p01_21_1_14086,Released
1252811,"60881_3_T_1_WEOM_r1_Mag_01May24_300SA_p01_10_1_18115","",2024-05-03 22:35:13.000,SciMax01,"60881",https://proto-9.pnl.gov/SciMax01/2024_2/60881_3_T_1_WEOM_r1_Mag_01May24_300SA_p01_10_1_18115,Released
1180745,QC_SRFA_2_2023_01_1w_54_1_13399,Buzzard: QC's and Blanks,2023-08-29 22:16:40.000,SciMax01,"60141",https://proto-9.pnl.gov/SciMax01/2023_3/QC_SRFA_2_2023_01_1w_54_1_13399,Released
1329550,"60921_4_BTM_1_MAOM_r2_Mag_27Dec24_3p3kV_300SA_p01_24_1_21371","",2024-12-31 10:52:52.000,SciMax01,"60921",https://proto-9.pnl.gov/SciMax01/2024_4/60921_4_BTM_1_MAOM_r2_Mag_27Dec24_3p3kV_300SA_p01_24_1_21371,Released
1344814,"60920_2_BTM_2_MAOM_r2_Mag_19Feb25_3p3kV_300SA_p01_11_1_23406","",2025-02-21 00:15:02.000,SciMax01,"60920",https://proto-9.pnl.gov/SciMax01/2025_1/60920_2_BTM_2_MAOM_r2_Mag_19Feb25_3p3kV_300SA_p01_11_1_23406,Released
1231186,"60933_11_T_2_WEOM_r3_Mag_12Feb24_300SA_p01_2_1_15235",Buzzard: MONet,2024-02-16 12:57:42.000,SciMax01,"60933",https://proto-9.pnl.gov/SciMax01/2024_1/60933_11_T_2_WEOM_r3_Mag_12Feb24_300SA_p01_2_1_15235,Released
1234610,"60923_15_T_3_WEOM_r3_Mag_04Mar24_300SA_p01_3_1_16916",Buzzard: MONet,2024-03-06 22:15:24.000,SciMax01,"60923",https://proto-9.pnl.gov/SciMax01/2024_1/60923_15_T_3_WEOM_r3_Mag_04Mar24_300SA_p01_3_1_16916,Released
1220992,"60938_1_T_1_WEOM_r3_Mag_18Jan24_300SA_p01_1_1_14996",Buzzard: MONet,2024-01-24 07:09:26.000,SciMax01,"60938",https://proto-9.pnl.gov/SciMax01/2024_1/60938_1_T_1_WEOM_r3_Mag_18Jan24_300SA_p01_1_1_14996,Released
1165433,MONet_Test_HCl_G_3_pls-10ppmSRFAII_fir_r1_07Jul23_300SA_p1_10_1_8739,Buzzard: Just testing samples tubes,2023-07-07 17:25:03.000,"15T_FTICR_I","60141",https://proto-9.pnl.gov/15T_FTICR_I/2023_3/MONet_Test_HCl_G_3_pls-10ppmSRFAII_fir_r1_07Jul23_300SA_p1_10_1_8739,Released
1090415,"1000s_SRFAII_20ppm_02_29Oct22_Mag_300SA_p01_154_1_7104",Buzzard: QC's and blanks,2022-10-30 07:23:07.000,SciMax01,"60141",https://proto-9.pnl.gov/SciMax01/2022_4/1000s_SRFAII_20ppm_02_29Oct22_Mag_300SA_p01_154_1_7104,Released
1340521,"60938_1_TOP_3_MAOM_r1_Mag_03Feb25_3p3kV_300SA_p01_3_1_22777","",2025-02-04 05:30:26.000,SciMax01,"60938",https://proto-9.pnl.gov/SciMax01/2025_1/60938_1_TOP_3_MAOM_r1_Mag_03Feb25_3p3kV_300SA_p01_3_1_22777,Released
1272562,"60923_3_B_3_MAOM_r2_Mag_04Jul24_300SA_p01_18_1_19401",Buzzard: testing MAOM samples before the move,2024-07-04 20:38:54.000,SciMax01,"60923",https://proto-9.pnl.gov/SciMax01/2024_3/60923_3_B_3_MAOM_r2_Mag_04Jul24_300SA_p01_18_1_19401,Released
1230867,"60921_4_T_3_WEOM_r2_Mag_21Feb24_300SA_p01_1_1_15484",Buzzard: MONet,2024-02-22 02:45:59.000,SciMax01,"60921",https://proto-9.pnl.gov/SciMax01/2024_1/60921_4_T_3_WEOM_r2_Mag_21Feb24_300SA_p01_1_1_15484,Released
1346547,"60921_1_TOP_1_MAOM_r3_Mag_26Feb25_3p3kV_300SA_p01_1_1_23957","",2025-03-05 22:54:07.000,SciMax01,"60921",https://proto-9.pnl.gov/SciMax01/2025_1/60921_1_TOP_1_MAOM_r3_Mag_26Feb25_3p3kV_300SA_p01_1_1_23957,Released
1341130,"60932_4_TOP_3_MAOM_r1_Mag_10Feb25_3p3kV_300SA_p01_21_1_23065","",2025-02-11 01:22:11.000,SciMax01,"60932",https://proto-9.pnl.gov/SciMax01/2025_1/60932_4_TOP_3_MAOM_r1_Mag_10Feb25_3p3kV_300SA_p01_21_1_23065,Released
1235625,"60942_6_B_3_WEOM_r3_Mag_07Mar24_300SA_p01_35_1_17105",Buzzard: MONet,2024-03-11 03:27:13.000,SciMax01,"60942",https://proto-9.pnl.gov/SciMax01/2024_1/60942_6_B_3_WEOM_r3_Mag_07Mar24_300SA_p01_35_1_17105,Released
1344872,"60920_6_BTM_2_MAOM_r3_Mag_19Feb25_3p3kV_300SA_p01_35_1_23427","",2025-02-21 09:37:06.000,SciMax01,"60920",https://proto-9.pnl.gov/SciMax01/2025_1/60920_6_BTM_2_MAOM_r3_Mag_19Feb25_3p3kV_300SA_p01_35_1_23427,Released
1231134,"60933_16_B_1_WEOM_r1_Mag_12Feb24_300SA_p01_34_1_15097",Buzzard: MONet,2024-02-13 23:48:15.000,SciMax01,"60933",https://proto-9.pnl.gov/SciMax01/2024_1/60933_16_B_1_WEOM_r1_Mag_12Feb24_300SA_p01_34_1_15097,Released
1230711,"60932_5_B_3_WEOM_r3_Mag_24Feb24_300SA_p01_26_1_16015",Buzzard: MONet,2024-02-26 08:57:28.000,SciMax01,"60932",https://proto-9.pnl.gov/SciMax01/2024_1/60932_5_B_3_WEOM_r3_Mag_24Feb24_300SA_p01_26_1_16015,Released
1180764,QC_SRFA_2_2023_01_1w_54_1_13421,Buzzard: QC's and Blanks,2023-08-30 08:01:42.000,SciMax01,"60141",https://proto-9.pnl.gov/SciMax01/2023_3/QC_SRFA_2_2023_01_1w_54_1_13421,Released
1329136,"60923_5_BTM_2_MAOM_r2_Mag_27Dec24_3p3kV_300SA_p01_29_1_21264","",2024-12-29 11:11:38.000,SciMax01,"60923",https://proto-9.pnl.gov/SciMax01/2024_4/60923_5_BTM_2_MAOM_r2_Mag_27Dec24_3p3kV_300SA_p01_29_1_21264,Released
1216185,"60923_10_T_3_WEOM_r1_Mag_26Dec23_300SA_p01_27_1_14266",Buzzard: Data is fine but queue stopped over holiday week so need to shim cell and will run the queue again,2023-12-28 12:52:04.000,SciMax01,"60923",https://proto-9.pnl.gov/SciMax01/2024_1/60923_10_T_3_WEOM_r1_Mag_26Dec23_300SA_p01_27_1_14266,Released
1252777,QC_SRFAII_23_01_10ppm_WEOM_r2_Mag_01May24_300SA_p01_54_1_18151,"",2024-05-04 14:32:28.000,SciMax01,"60881",https://proto-9.pnl.gov/SciMax01/2024_2/QC_SRFAII_23_01_10ppm_WEOM_r2_Mag_01May24_300SA_p01_54_1_18151,Released
1235677,"60942_3_T_2_WEOM_r3_Mag_07Mar24_300SA_p01_14_1_17080",Buzzard: MONet,2024-03-10 16:22:26.000,SciMax01,"60942",https://proto-9.pnl.gov/SciMax01/2024_1/60942_3_T_2_WEOM_r3_Mag_07Mar24_300SA_p01_14_1_17080,Released
1329156,"60923_2_BTM_3_MAOM_r3_Mag_27Dec24_3p3kV_300SA_p01_12_1_21300","",2024-12-30 03:14:31.000,SciMax01,"60923",https://proto-9.pnl.gov/SciMax01/2024_4/60923_2_BTM_3_MAOM_r3_Mag_27Dec24_3p3kV_300SA_p01_12_1_21300,Released
1217392,"60923_7_T_3_WEOM_r1_Mag_04Jan24_300SA_p01_21_1_14478",Buzzard: Use this data,2024-01-05 19:46:50.000,SciMax01,"60923",https://proto-9.pnl.gov/SciMax01/2024_1/60923_7_T_3_WEOM_r1_Mag_04Jan24_300SA_p01_21_1_14478,Released
1338587,"60933_18_BTM_3_MAOM_r2_Mag_29Jan25_3p3kV_300SA_p01_6_1_22655","",2025-01-30 23:58:47.000,SciMax01,"60933",https://proto-9.pnl.gov/SciMax01/2025_1/60933_18_BTM_3_MAOM_r2_Mag_29Jan25_3p3kV_300SA_p01_6_1_22655,Released
1330724,"60880_1_TOP_3_MAOM_r3_Mag_02Jan25_3p3kV_300SA_p01_37_1_21557","",2025-01-04 22:07:38.000,SciMax01,"60880",https://proto-9.pnl.gov/SciMax01/2025_1/60880_1_TOP_3_MAOM_r3_Mag_02Jan25_3p3kV_300SA_p01_37_1_21557,Released
1215982,"60920_8_B_2_WEOM_r1_Mag_21Dec23_300SA_p01_34_1_14021",Data needs to be reviewed,2023-12-22 07:54:49.000,SciMax01,"60920",https://proto-9.pnl.gov/SciMax01/2024_1/60920_8_B_2_WEOM_r1_Mag_21Dec23_300SA_p01_34_1_14021,Released
1234660,"60923_15_B_3_WEOM_r2_Mag_04Mar24_300SA_p01_6_1_16904",Buzzard: MONet,2024-03-06 16:56:18.000,SciMax01,"60923",https://proto-9.pnl.gov/SciMax01/2024_1/60923_15_B_3_WEOM_r2_Mag_04Mar24_300SA_p01_6_1_16904,Released
1230943,"60880_2_T_2_WEOM_r1_Mag_16Feb24_300SA_p01_21_1_15366",Buzzard: MONet,2024-02-19 09:12:56.000,SciMax01,"60880",https://proto-9.pnl.gov/SciMax01/2024_1/60880_2_T_2_WEOM_r1_Mag_16Feb24_300SA_p01_21_1_15366,Released
1253709,"60940_1_T_2_WEOM_r2_Mag_10May24_300SA_p01_2_1_18309","",2024-05-11 12:39:56.000,SciMax01,"60940",https://proto-9.pnl.gov/SciMax01/2024_2/60940_1_T_2_WEOM_r2_Mag_10May24_300SA_p01_2_1_18309,Released
1336137,"60933_17_TOP_2_MAOM_r2_Mag_13Jan25_3p3kV_300SA_p01_41_1_21887","samples were rerun to check, all good",2025-01-16 05:33:57.000,SciMax01,"60933",https://proto-9.pnl.gov/SciMax01/2025_1/60933_17_TOP_2_MAOM_r2_Mag_13Jan25_3p3kV_300SA_p01_41_1_21887,Released
1328941,"60920_9_TOP_2_MAOM_r3_Mag_23Dec24_3p3kV_300SA_p01_40_1_21156","",2024-12-25 23:26:12.000,SciMax01,"60920",https://proto-9.pnl.gov/SciMax01/2024_4/60920_9_TOP_2_MAOM_r3_Mag_23Dec24_3p3kV_300SA_p01_40_1_21156,Released
1252887,"60881_6_B_1_WEOM_r2_Mag_01May24_300SA_p01_30_1_18171","",2024-05-04 23:24:20.000,SciMax01,"60881",https://proto-9.pnl.gov/SciMax01/2024_2/60881_6_B_1_WEOM_r2_Mag_01May24_300SA_p01_30_1_18171,Released
1231202,"60846_5_T_2_WEOM_r2_Mag_16Feb24_300SA_p01_20_1_15298",Buzzard: MONet,2024-02-17 18:01:17.000,SciMax01,"60846",https://proto-9.pnl.gov/SciMax01/2024_1/60846_5_T_2_WEOM_r2_Mag_16Feb24_300SA_p01_20_1_15298,Released
1330630,"60880_1_BTM_3_MAOM_r2_Mag_02Jan25_3p3kV_300SA_p01_40_1_21515","",2025-01-04 03:23:56.000,SciMax01,"60880",https://proto-9.pnl.gov/SciMax01/2025_1/60880_1_BTM_3_MAOM_r2_Mag_02Jan25_3p3kV_300SA_p01_40_1_21515,Released
1216025,"60923_14_T_1_WEOM_r2_Mag_26Dec23_300SA_p01_27_1_14296",Buzzard: Data is fine but queue stopped over holiday week so need to shim cell and will run the queue again,2023-12-29 02:09:49.000,SciMax01,"60923",https://proto-9.pnl.gov/SciMax01/2024_1/60923_14_T_1_WEOM_r2_Mag_26Dec23_300SA_p01_27_1_14296,Released
1337421,"60886_3_BTM_3_MAOM_r2_Mag_22Jan25_3p3kV_300SA_p01_28_1_22452","",2025-01-27 05:14:31.000,SciMax01,"60886",https://proto-9.pnl.gov/SciMax01/2025_1/60886_3_BTM_3_MAOM_r2_Mag_22Jan25_3p3kV_300SA_p01_28_1_22452,Released
1336439,"60923_14_TOP_2_MAOM_r1_Mag_22Jan25_3p3kV_300SA_p01_5_1_22247","",2025-01-23 09:48:56.000,SciMax01,"60923",https://proto-9.pnl.gov/SciMax01/2025_1/60923_14_TOP_2_MAOM_r1_Mag_22Jan25_3p3kV_300SA_p01_5_1_22247,Released
1089194,"1000s_SRFAII_20ppm_02_29Oct22_Mag_300SA_p01_121_1_7071","",2022-10-29 16:29:19.000,SciMax01,"60141",https://proto-9.pnl.gov/SciMax01/2022_4/1000s_SRFAII_20ppm_02_29Oct22_Mag_300SA_p01_121_1_7071,Released
1338769,"60923_11_TOP_1_MAOM_r3_Mag_29Jan25_3p3kV_300SA_p01_31_1_22692","",2025-01-31 16:28:34.000,SciMax01,"60923",https://proto-9.pnl.gov/SciMax01/2025_1/60923_11_TOP_1_MAOM_r3_Mag_29Jan25_3p3kV_300SA_p01_31_1_22692,Released
1231215,"60933_17_B_2_WEOM_r2_Mag_12Feb24_300SA_p01_41_1_15160",Buzzard: MONet,2024-02-15 03:43:23.000,SciMax01,"60933",https://proto-9.pnl.gov/SciMax01/2024_1/60933_17_B_2_WEOM_r2_Mag_12Feb24_300SA_p01_41_1_15160,Released
1215847,"60920_2_T_2_WEOM_r1_Mag_21Dec23_300SA_p01_22_1_14023",Data needs to be reviewed,2023-12-22 08:48:00.000,SciMax01,"60920",https://proto-9.pnl.gov/SciMax01/2024_1/60920_2_T_2_WEOM_r1_Mag_21Dec23_300SA_p01_22_1_14023,Released
1330536,"60846_12_TOP_1_MAOM_r2_Mag_02Jan25_3p3kV_300SA_p01_19_1_21480","",2025-01-03 11:47:55.000,SciMax01,"60846",https://proto-9.pnl.gov/SciMax01/2025_1/60846_12_TOP_1_MAOM_r2_Mag_02Jan25_3p3kV_300SA_p01_19_1_21480,Released
1329004,"60920_11_TOP_3_MAOM_r1_Mag_23Dec24_3p3kV_300SA_p01_50_1_21034","",2024-12-23 17:03:26.000,SciMax01,"60920",https://proto-9.pnl.gov/SciMax01/2024_4/60920_11_TOP_3_MAOM_r1_Mag_23Dec24_3p3kV_300SA_p01_50_1_21034,Released
1314794,"60932_4_BTM_2_WEOM_r1_Mag_01Nov24_3p3kV_p01_29_1_20109",Buzzard: Testing response after Instrument cell clean and lab move,2024-11-02 06:00:21.000,SciMax01,"60938",https://proto-9.pnl.gov/SciMax01/2024_4/60932_4_BTM_2_WEOM_r1_Mag_01Nov24_3p3kV_p01_29_1_20109,Released
1337307,"60886_1_TOP_1_MAOM_r1_Mag_22Jan25_3p3kV_300SA_p01_7_1_22405","",2025-01-26 08:17:55.000,SciMax01,"60886",https://proto-9.pnl.gov/SciMax01/2025_1/60886_1_TOP_1_MAOM_r1_Mag_22Jan25_3p3kV_300SA_p01_7_1_22405,Released
1220528,"60938_5_T_1_WEOM_r2_Mag_18Jan24_300SA_p01_25_1_14890",Buzzard: MONet,2024-01-22 08:10:47.000,SciMax01,"60938",https://proto-9.pnl.gov/SciMax01/2024_1/60938_5_T_1_WEOM_r2_Mag_18Jan24_300SA_p01_25_1_14890,Released
1272581,"60923_3_T_2_MAOM_r3_Mag_04Jul24_300SA_p01_14_1_19426",Buzzard: testing MAOM samples before the move,2024-07-05 07:43:39.000,SciMax01,"60923",https://proto-9.pnl.gov/SciMax01/2024_3/60923_3_T_2_MAOM_r3_Mag_04Jul24_300SA_p01_14_1_19426,Released
1231242,"60933_13_T_3_WEOM_r1_Mag_12Feb24_300SA_p01_15_1_15079",Buzzard: MONet,2024-02-13 15:49:40.000,SciMax01,"60933",https://proto-9.pnl.gov/SciMax01/2024_1/60933_13_T_3_WEOM_r1_Mag_12Feb24_300SA_p01_15_1_15079,Released
1338004,"60923_13_TOP_2_MAOM_r1_Mag_29Jan25_3p3kV_300SA_p01_47_1_22561","",2025-01-29 06:04:14.000,SciMax01,"60923",https://proto-9.pnl.gov/SciMax01/2025_1/60923_13_TOP_2_MAOM_r1_Mag_29Jan25_3p3kV_300SA_p01_47_1_22561,Released
1329461,"60921_3_TOP_1_MAOM_r1_Mag_27Dec24_3p3kV_300SA_p01_13_1_21339","",2024-12-30 20:37:38.000,SciMax01,"60921",https://proto-9.pnl.gov/SciMax01/2024_4/60921_3_TOP_1_MAOM_r1_Mag_27Dec24_3p3kV_300SA_p01_13_1_21339,Released
1329044,"60923_2_TOP_2_MAOM_r2_Mag_27Dec24_3p3kV_300SA_p01_8_1_21246","",2024-12-29 03:09:55.000,SciMax01,"60923",https://proto-9.pnl.gov/SciMax01/2024_4/60923_2_TOP_2_MAOM_r2_Mag_27Dec24_3p3kV_300SA_p01_8_1_21246,Released
1350672,"60923_9_BTM_3_MAOM_r1_Mag_29Jan25_3p3kV_300SA_p01_24_1_22589","",2025-01-29 18:33:52.000,SciMax01,"60923",https://proto-9.pnl.gov/SciMax01/2025_1/60923_9_BTM_3_MAOM_r1_Mag_29Jan25_3p3kV_300SA_p01_24_1_22589,Released
1217341,"60923_3_B_2_WEOM_r3_Mag_04Jan24_300SA_p01_34_1_14657",Buzzard: Use this data,2024-01-09 03:06:52.000,SciMax01,"60923",https://proto-9.pnl.gov/SciMax01/2024_1/60923_3_B_2_WEOM_r3_Mag_04Jan24_300SA_p01_34_1_14657,Released
1230913,"60880_4_T_1_WEOM_r1_Mag_16Feb24_300SA_p01_32_1_15389",Buzzard: MONet,2024-02-19 19:24:33.000,SciMax01,"60880",https://proto-9.pnl.gov/SciMax01/2024_1/60880_4_T_1_WEOM_r1_Mag_16Feb24_300SA_p01_32_1_15389,Released
1335350,"60933_15_BTM_1_MAOM_r1_Mag_13Jan25_3p3kV_300SA_p01_32_1_21781","",2025-01-13 18:52:39.000,SciMax01,"60933",https://proto-9.pnl.gov/SciMax01/2025_1/60933_15_BTM_1_MAOM_r1_Mag_13Jan25_3p3kV_300SA_p01_32_1_21781,Released
1329130,"60923_5_BTM_1_MAOM_r1_Mag_27Dec24_3p3kV_300SA_p01_28_1_21183","",2024-12-27 23:05:22.000,SciMax01,"60923",https://proto-9.pnl.gov/SciMax01/2024_4/60923_5_BTM_1_MAOM_r1_Mag_27Dec24_3p3kV_300SA_p01_28_1_21183,Released
1272568,"60923_2_T_3_MAOM_r1_Mag_03Jul24_300SA_p01_9_1_19362",Buzzard: testing MAOM samples before the move,2024-07-03 21:10:34.000,SciMax01,"60923",https://proto-9.pnl.gov/SciMax01/2024_3/60923_2_T_3_MAOM_r1_Mag_03Jul24_300SA_p01_9_1_19362,Released
1340202,"60942_4_TOP_2_MAOM_r2_Mag_03Feb25_3p3kV_300SA_p01_8_1_22970","",2025-02-07 19:32:05.000,SciMax01,"60942",https://proto-9.pnl.gov/SciMax01/2025_1/60942_4_TOP_2_MAOM_r2_Mag_03Feb25_3p3kV_300SA_p01_8_1_22970,Released
1330822,"60933_9_TOP_3_MAOM_r1_Mag_05Jan25_3p3kV_300SA_p01_49_1_21605","",2025-01-05 19:31:23.000,SciMax01,"60933",https://proto-9.pnl.gov/SciMax01/2025_1/60933_9_TOP_3_MAOM_r1_Mag_05Jan25_3p3kV_300SA_p01_49_1_21605,Released
1216069,"60923_11_T_2_WEOM_r2_Mag_26Dec23_300SA_p01_1_1_14352",Buzzard: Data is fine but queue stopped over holiday week so need to shim cell and will run the queue again,2023-12-30 02:58:53.000,SciMax01,"60923",https://proto-9.pnl.gov/SciMax01/2024_1/60923_11_T_2_WEOM_r2_Mag_26Dec23_300SA_p01_1_1_14352,Released
1234652,"60923_16_B_3_WEOM_r3_Mag_04Mar24_300SA_p01_12_1_16933",Buzzard: MONet,2024-03-07 05:47:26.000,SciMax01,"60923",https://proto-9.pnl.gov/SciMax01/2024_1/60923_16_B_3_WEOM_r3_Mag_04Mar24_300SA_p01_12_1_16933,Released
1217375,"60923_10_T_2_WEOM_r3_Mag_04Jan24_300SA_p01_47_1_14656",Buzzard: Use this data,2024-01-09 02:40:16.000,SciMax01,"60923",https://proto-9.pnl.gov/SciMax01/2024_1/60923_10_T_2_WEOM_r3_Mag_04Jan24_300SA_p01_47_1_14656,Released
1216076,"60923_11_B_3_WEOM_r1_Mag_26Dec23_300SA_p01_30_1_14285",Buzzard: Data is fine but queue stopped over holiday week so need to shim cell and will run the queue again,2023-12-28 21:17:18.000,SciMax01,"60923",https://proto-9.pnl.gov/SciMax01/2024_1/60923_11_B_3_WEOM_r1_Mag_26Dec23_300SA_p01_30_1_14285,Released
1233037,"60923_15_T_3_WEOM_r1_Mag_04Mar24_300SA_p01_3_1_16810","",2024-03-04 23:16:52.000,SciMax01,"60923",https://proto-9.pnl.gov/SciMax01/2024_1/60923_15_T_3_WEOM_r1_Mag_04Mar24_300SA_p01_3_1_16810,Released
1330755,"60846_12_TOP_3_MAOM_r3_Mag_02Jan25_3p3kV_300SA_p01_21_1_21572","",2025-01-05 04:48:37.000,SciMax01,"60846",https://proto-9.pnl.gov/SciMax01/2025_1/60846_12_TOP_3_MAOM_r3_Mag_02Jan25_3p3kV_300SA_p01_21_1_21572,Released
1329083,"60923_7_TOP_3_MAOM_r1_Mag_27Dec24_3p3kV_300SA_p01_39_1_21178","",2024-12-27 20:51:24.000,SciMax01,"60923",https://proto-9.pnl.gov/SciMax01/2024_4/60923_7_TOP_3_MAOM_r1_Mag_27Dec24_3p3kV_300SA_p01_39_1_21178,Released
1335284,"60933_16_BTM_3_MAOM_r3_Mag_13Jan25_3p3kV_300SA_p01_39_1_21909","",2025-01-16 15:21:39.000,SciMax01,"60933",https://proto-9.pnl.gov/SciMax01/2025_1/60933_16_BTM_3_MAOM_r3_Mag_13Jan25_3p3kV_300SA_p01_39_1_21909,Released
1336049,"60933_5_TOP_3_MAOM_r3_Mag_20Jan25_3p3kV_300SA_p01_24_1_22158","",2025-01-21 11:17:57.000,SciMax01,"60933",https://proto-9.pnl.gov/SciMax01/2025_1/60933_5_TOP_3_MAOM_r3_Mag_20Jan25_3p3kV_300SA_p01_24_1_22158,Released
1231245,"60846_2_B_2_WEOM_r1_Mag_16Feb24_300SA_p01_17_1_15278",Buzzard: MONet,2024-02-17 09:09:31.000,SciMax01,"60846",https://proto-9.pnl.gov/SciMax01/2024_1/60846_2_B_2_WEOM_r1_Mag_16Feb24_300SA_p01_17_1_15278,Released
1340598,"60938_6_TOP_2_MAOM_r1_Mag_03Feb25_3p3kV_300SA_p01_36_1_22776","",2025-02-04 05:03:40.000,SciMax01,"60938",https://proto-9.pnl.gov/SciMax01/2025_1/60938_6_TOP_2_MAOM_r1_Mag_03Feb25_3p3kV_300SA_p01_36_1_22776,Released
1329037,"60923_1_TOP_2_MAOM_r1_Mag_27Dec24_3p3kV_300SA_p01_2_1_21186","",2024-12-28 00:25:35.000,SciMax01,"60923",https://proto-9.pnl.gov/SciMax01/2024_4/60923_1_TOP_2_MAOM_r1_Mag_27Dec24_3p3kV_300SA_p01_2_1_21186,Released
1340125,"60942_5_BTM_2_MAOM_r2_Mag_03Feb25_3p3kV_300SA_p01_17_1_22956","",2025-02-07 13:17:31.000,SciMax01,"60942",https://proto-9.pnl.gov/SciMax01/2025_1/60942_5_BTM_2_MAOM_r2_Mag_03Feb25_3p3kV_300SA_p01_17_1_22956,Released
1339970,"60942_5_TOP_2_MAOM_r1_Mag_03Feb25_3p3kV_300SA_p01_14_1_22928","",2025-02-07 00:48:43.000,SciMax01,"60942",https://proto-9.pnl.gov/SciMax01/2025_1/60942_5_TOP_2_MAOM_r1_Mag_03Feb25_3p3kV_300SA_p01_14_1_22928,Released
1328962,"60940_4_BTM_1_MAOM_r2_Mag_23Dec24_3p3kV_300SA_p01_22_1_21077","",2024-12-24 12:13:03.000,SciMax01,"60940",https://proto-9.pnl.gov/SciMax01/2024_4/60940_4_BTM_1_MAOM_r2_Mag_23Dec24_3p3kV_300SA_p01_22_1_21077,Released
1220564,"60933_5_T_3_WEOM_r3_Mag_18Jan24_300SA_p01_24_1_14934",Buzzard: MONet,2024-01-23 03:40:48.000,SciMax01,"60933",https://proto-9.pnl.gov/SciMax01/2024_1/60933_5_T_3_WEOM_r3_Mag_18Jan24_300SA_p01_24_1_14934,Released
1220547,"60933_5_B_3_WEOM_r2_Mag_18Jan24_300SA_p01_27_1_14802",Buzzard: MONet,2024-01-20 17:10:38.000,SciMax01,"60933",https://proto-9.pnl.gov/SciMax01/2024_1/60933_5_B_3_WEOM_r2_Mag_18Jan24_300SA_p01_27_1_14802,Released
1330027,"60880_2_TOP_3_MAOM_r1_Mag_02Jan25_3p3kV_300SA_p01_43_1_21438","",2025-01-02 17:03:45.000,SciMax01,"60880",https://proto-9.pnl.gov/SciMax01/2025_1/60880_2_TOP_3_MAOM_r1_Mag_02Jan25_3p3kV_300SA_p01_43_1_21438,Released
1231276,"60933_14_T_2_WEOM_r1_Mag_12Feb24_300SA_p01_20_1_15083",Buzzard: MONet,2024-02-13 17:36:00.000,SciMax01,"60933",https://proto-9.pnl.gov/SciMax01/2024_1/60933_14_T_2_WEOM_r1_Mag_12Feb24_300SA_p01_20_1_15083,Released
1328927,"60920_9_TOP_1_MAOM_r2_Mag_23Dec24_3p3kV_300SA_p01_39_1_21089","",2024-12-24 17:33:53.000,SciMax01,"60920",https://proto-9.pnl.gov/SciMax01/2024_4/60920_9_TOP_1_MAOM_r2_Mag_23Dec24_3p3kV_300SA_p01_39_1_21089,Released
1215868,"60920_7_T_3_WEOM_r1_Mag_21Dec23_300SA_p01_13_1_14048",Data needs to be reviewed,2023-12-22 19:52:44.000,SciMax01,"60920",https://proto-9.pnl.gov/SciMax01/2024_1/60920_7_T_3_WEOM_r1_Mag_21Dec23_300SA_p01_13_1_14048,Released
1216029,"60923_14_B_1_WEOM_r1_Mag_26Dec23_300SA_p01_28_1_14225",Buzzard: Data is fine but queue stopped over holiday week so need to shim cell and will run the queue again,2023-12-27 18:41:52.000,SciMax01,"60923",https://proto-9.pnl.gov/SciMax01/2024_1/60923_14_B_1_WEOM_r1_Mag_26Dec23_300SA_p01_28_1_14225,Released
1215840,"60920_5_T_2_WEOM_r2_Mag_21Dec23_300SA_p01_28_1_14095",Data needs to be reviewed,2023-12-24 17:49:54.000,SciMax01,"60920",https://proto-9.pnl.gov/SciMax01/2024_1/60920_5_T_2_WEOM_r2_Mag_21Dec23_300SA_p01_28_1_14095,Released
1329086,"60923_5_BTM_2_MAOM_r1_Mag_27Dec24_3p3kV_300SA_p01_29_1_21181","",2024-12-27 22:11:47.000,SciMax01,"60923",https://proto-9.pnl.gov/SciMax01/2024_4/60923_5_BTM_2_MAOM_r1_Mag_27Dec24_3p3kV_300SA_p01_29_1_21181,Released
1230947,"60880_1_T_2_WEOM_r2_Mag_16Feb24_300SA_p01_16_1_15419",Buzzard: MONet,2024-02-20 08:42:11.000,SciMax01,"60880",https://proto-9.pnl.gov/SciMax01/2024_1/60880_1_T_2_WEOM_r2_Mag_16Feb24_300SA_p01_16_1_15419,Released
1328875,"60921_2_BTM_Combo_WEOM_Mag_19Dec24_3p3kV_300SA_p01_52_1_20965",Buzzard: combo samples,2024-12-19 19:48:47.000,SciMax01,"60921",https://proto-9.pnl.gov/SciMax01/2024_4/60921_2_BTM_Combo_WEOM_Mag_19Dec24_3p3kV_300SA_p01_52_1_20965,Released
1329463,"60880_4_TOP_3_MAOM_r1_Mag_27Dec24_3p3kV_300SA_p01_9_1_21340","",2024-12-30 21:04:25.000,SciMax01,"60880",https://proto-9.pnl.gov/SciMax01/2024_4/60880_4_TOP_3_MAOM_r1_Mag_27Dec24_3p3kV_300SA_p01_9_1_21340,Released
1235678,"60942_3_T_1_WEOM_r1_Mag_07Mar24_300SA_p01_13_1_16987",Buzzard: MONet,2024-03-08 06:16:29.000,SciMax01,"60942",https://proto-9.pnl.gov/SciMax01/2024_1/60942_3_T_1_WEOM_r1_Mag_07Mar24_300SA_p01_13_1_16987,Released
1235577,"60942_4_B_3_WEOM_r3_Mag_07Mar24_300SA_p01_23_1_17083",Buzzard: MONet,2024-03-10 17:42:12.000,SciMax01,"60942",https://proto-9.pnl.gov/SciMax01/2024_1/60942_4_B_3_WEOM_r3_Mag_07Mar24_300SA_p01_23_1_17083,Released
1220584,"60938_3_T_3_WEOM_r1_Mag_18Jan24_300SA_p01_15_1_14774",Buzzard: MONet,2024-01-20 04:46:05.000,SciMax01,"60938",https://proto-9.pnl.gov/SciMax01/2024_1/60938_3_T_3_WEOM_r1_Mag_18Jan24_300SA_p01_15_1_14774,Released
1499210,"20260520_QC_SRFAII_25_02_MeOct25_Mag_300tr_54_1_33047","",2026-05-20 18:12:04.000,SciMax01,"61050",https://proto-9.pnl.gov/SciMax01/2026_2/20260520_QC_SRFAII_25_02_MeOct25_Mag_300tr_54_1_33047,Released
1231293,"60933_20_T_2_WEOM_r2_Mag_12Feb24_300SA_p01_5_1_15104",Buzzard: MONet,2024-02-14 02:54:23.000,SciMax01,"60933",https://proto-9.pnl.gov/SciMax01/2024_1/60933_20_T_2_WEOM_r2_Mag_12Feb24_300SA_p01_5_1_15104,Released
1230806,"60932_4_T_2_WEOM_r1_Mag_21Feb24_300SA_p01_16_1_15522",Buzzard: MONet,2024-02-22 19:36:26.000,SciMax01,"60932",https://proto-9.pnl.gov/SciMax01/2024_1/60932_4_T_2_WEOM_r1_Mag_21Feb24_300SA_p01_16_1_15522,Released
1340265,"60942_3_BTM_3_MAOM_r2_Mag_03Feb25_3p3kV_300SA_p01_6_1_22984","",2025-02-08 01:46:19.000,SciMax01,"60942",https://proto-9.pnl.gov/SciMax01/2025_1/60942_3_BTM_3_MAOM_r2_Mag_03Feb25_3p3kV_300SA_p01_6_1_22984,Released
1341734,"60881_5_BTM_3_MAOM_r1_Mag_10Feb25_3p3kV_300SA_p01_30_1_23197","",2025-02-13 12:12:29.000,SciMax01,"60881",https://proto-9.pnl.gov/SciMax01/2025_1/60881_5_BTM_3_MAOM_r1_Mag_10Feb25_3p3kV_300SA_p01_30_1_23197,Released
1330176,"60846_7_BTM_1_MAOM_r1_Mag_02Jan25_3p3kV_300SA_p01_16_1_21439","",2025-01-02 17:30:21.000,SciMax01,"60846",https://proto-9.pnl.gov/SciMax01/2025_1/60846_7_BTM_1_MAOM_r1_Mag_02Jan25_3p3kV_300SA_p01_16_1_21439,Released
1231010,"60880_1_B_2_WEOM_r3_Mag_16Feb24_300SA_p01_19_1_15438",Buzzard: MONet,2024-02-20 17:07:24.000,SciMax01,"60880",https://proto-9.pnl.gov/SciMax01/2024_1/60880_1_B_2_WEOM_r3_Mag_16Feb24_300SA_p01_19_1_15438,Released
1328992,"60920_10_TOP_3_MAOM_r1_Mag_23Dec24_3p3kV_300SA_p01_47_1_21038","",2024-12-23 18:50:34.000,SciMax01,"60920",https://proto-9.pnl.gov/SciMax01/2024_4/60920_10_TOP_3_MAOM_r1_Mag_23Dec24_3p3kV_300SA_p01_47_1_21038,Released
1345098,"60920_1_BTM_3_MAOM_r2_Mag_19Feb25_3p3kV_300SA_p01_6_1_23390","",2025-02-20 17:07:13.000,SciMax01,"60920",https://proto-9.pnl.gov/SciMax01/2025_1/60920_1_BTM_3_MAOM_r2_Mag_19Feb25_3p3kV_300SA_p01_6_1_23390,Released
1235553,"60942_4_B_1_WEOM_r1_Mag_07Mar24_300SA_p01_21_1_17001",Buzzard: MONet,2024-03-08 12:28:44.000,SciMax01,"60942",https://proto-9.pnl.gov/SciMax01/2024_1/60942_4_B_1_WEOM_r1_Mag_07Mar24_300SA_p01_21_1_17001,Released
1216205,"60923_14_B_2_WEOM_r1_Mag_26Dec23_300SA_p01_8_1_14253",Buzzard: Data is fine but queue stopped over holiday week so need to shim cell and will run the queue again,2023-12-28 07:06:23.000,SciMax01,"60923",https://proto-9.pnl.gov/SciMax01/2024_1/60923_14_B_2_WEOM_r1_Mag_26Dec23_300SA_p01_8_1_14253,Released
1230694,"60932_1_B_2_WEOM_r3_Mag_24Feb24_300SA_p01_2_1_16002",Buzzard: MONet,2024-02-26 03:11:45.000,SciMax01,"60932",https://proto-9.pnl.gov/SciMax01/2024_1/60932_1_B_2_WEOM_r3_Mag_24Feb24_300SA_p01_2_1_16002,Released
1231196,"60933_12_T_1_WEOM_r3_Mag_12Feb24_300SA_p01_7_1_15226",Buzzard: MONet,2024-02-16 08:58:23.000,SciMax01,"60933",https://proto-9.pnl.gov/SciMax01/2024_1/60933_12_T_1_WEOM_r3_Mag_12Feb24_300SA_p01_7_1_15226,Released
1328842,"60940_1_TOP_1_MAOM_r1_Mag_19Dec24_3p3kV_300SA_p01_1_1_20986","",2024-12-20 05:10:43.000,SciMax01,"60940",https://proto-9.pnl.gov/SciMax01/2024_4/60940_1_TOP_1_MAOM_r1_Mag_19Dec24_3p3kV_300SA_p01_1_1_20986,Released
1235586,"60886_4_T_2_WEOM_r1_Mag_10Mar24_300SA_p01_20_1_17144",Buzzard: MONet,2024-03-11 21:36:22.000,SciMax01,"60886",https://proto-9.pnl.gov/SciMax01/2024_1/60886_4_T_2_WEOM_r1_Mag_10Mar24_300SA_p01_20_1_17144,Released
1338631,"60923_12_BTM_2_MAOM_r3_Mag_29Jan25_3p3kV_300SA_p01_44_1_22673","",2025-01-31 08:00:30.000,SciMax01,"60923",https://proto-9.pnl.gov/SciMax01/2025_1/60923_12_BTM_2_MAOM_r3_Mag_29Jan25_3p3kV_300SA_p01_44_1_22673,Released
1335192,"60933_14_BTM_3_MAOM_r1_Mag_13Jan25_3p3kV_300SA_p01_28_1_21834","",2025-01-15 05:53:17.000,SciMax01,"60933",https://proto-9.pnl.gov/SciMax01/2025_1/60933_14_BTM_3_MAOM_r1_Mag_13Jan25_3p3kV_300SA_p01_28_1_21834,Released
1220608,"60933_2_T_1_WEOM_r2_Mag_18Jan24_300SA_p01_4_1_14821",Buzzard: MONet,2024-01-21 01:35:58.000,SciMax01,"60933",https://proto-9.pnl.gov/SciMax01/2024_1/60933_2_T_1_WEOM_r2_Mag_18Jan24_300SA_p01_4_1_14821,Released
1337951,"60923_12_BTM_2_MAOM_r1_Mag_29Jan25_3p3kV_300SA_p01_44_1_22547","",2025-01-28 23:49:20.000,SciMax01,"60923",https://proto-9.pnl.gov/SciMax01/2025_1/60923_12_BTM_2_MAOM_r1_Mag_29Jan25_3p3kV_300SA_p01_44_1_22547,Released
1272529,"60923_2_B_3_MAOM_r3_Mag_04Jul24_300SA_p01_12_1_19424",Buzzard: testing MAOM samples before the move,2024-07-05 06:50:29.000,SciMax01,"60923",https://proto-9.pnl.gov/SciMax01/2024_3/60923_2_B_3_MAOM_r3_Mag_04Jul24_300SA_p01_12_1_19424,Released
1234617,"60923_17_B_2_WEOM_r3_Mag_04Mar24_300SA_p01_17_1_16944",Buzzard: MONet,2024-03-07 10:39:56.000,SciMax01,"60923",https://proto-9.pnl.gov/SciMax01/2024_1/60923_17_B_2_WEOM_r3_Mag_04Mar24_300SA_p01_17_1_16944,Released
1340587,"60938_5_TOP_3_MAOM_r1_Mag_03Feb25_3p3kV_300SA_p01_31_1_22772","",2025-02-04 03:16:50.000,SciMax01,"60938",https://proto-9.pnl.gov/SciMax01/2025_1/60938_5_TOP_3_MAOM_r1_Mag_03Feb25_3p3kV_300SA_p01_31_1_22772,Released
1217299,"60923_9_B_1_WEOM_r2_Mag_04Jan24_300SA_p01_18_1_14514",Buzzard: Use this data,2024-01-06 11:44:06.000,SciMax01,"60923",https://proto-9.pnl.gov/SciMax01/2024_1/60923_9_B_1_WEOM_r2_Mag_04Jan24_300SA_p01_18_1_14514,Released
1215980,"60920_5_T_1_WEOM_r2_Mag_21Dec23_300SA_p01_9_1_14063",Data needs to be reviewed,2023-12-23 02:31:36.000,SciMax01,"60920",https://proto-9.pnl.gov/SciMax01/2024_1/60920_5_T_1_WEOM_r2_Mag_21Dec23_300SA_p01_9_1_14063,Released
1090426,"1000s_SRFAII_20ppm_01_29Oct22_Mag_300SA_p01_180_1_7130",Buzzard: QC's and blanks,2022-10-30 19:07:18.000,SciMax01,"60141",https://proto-9.pnl.gov/SciMax01/2022_4/1000s_SRFAII_20ppm_01_29Oct22_Mag_300SA_p01_180_1_7130,Released
1480453,QC_SRFAII_25_02_B_09Mar26_Fir_54_1_32467,"",2026-03-09 14:22:11.000,SciMax01,"61050",https://proto-9.pnl.gov/SciMax01/2026_1/QC_SRFAII_25_02_B_09Mar26_Fir_54_1_32467,Released
1330744,"60846_12_BTM_3_MAOM_r3_Mag_02Jan25_3p3kV_300SA_p01_24_1_21566","",2025-01-05 02:08:11.000,SciMax01,"60846",https://proto-9.pnl.gov/SciMax01/2025_1/60846_12_BTM_3_MAOM_r3_Mag_02Jan25_3p3kV_300SA_p01_24_1_21566,Released
1336062,"60933_1_TOP_3_MAOM_r3_Mag_20Jan25_3p3kV_300SA_p01_3_1_22169","",2025-01-21 16:11:40.000,SciMax01,"60933",https://proto-9.pnl.gov/SciMax01/2025_1/60933_1_TOP_3_MAOM_r3_Mag_20Jan25_3p3kV_300SA_p01_3_1_22169,Released
1337722,"60923_21_BTM_2_MAOM_r3_Mag_22Jan25_3p3kV_300SA_p01_5_1_22497","",2025-01-28 01:19:00.000,SciMax01,"60923",https://proto-9.pnl.gov/SciMax01/2025_1/60923_21_BTM_2_MAOM_r3_Mag_22Jan25_3p3kV_300SA_p01_5_1_22497,Released
1338325,"60933_19_TOP_2_MAOM_r2_Mag_29Jan25_3p3kV_300SA_p01_8_1_22616","",2025-01-30 06:35:43.000,SciMax01,"60933",https://proto-9.pnl.gov/SciMax01/2025_1/60933_19_TOP_2_MAOM_r2_Mag_29Jan25_3p3kV_300SA_p01_8_1_22616,Released
1330901,"60933_10_TOP_3_MAOM_r1_Mag_05Jan25_3p3kV_300SA_p01_52_1_21645","",2025-01-06 13:22:01.000,SciMax01,"60933",https://proto-9.pnl.gov/SciMax01/2025_1/60933_10_TOP_3_MAOM_r1_Mag_05Jan25_3p3kV_300SA_p01_52_1_21645,Released
1231254,"60933_19_B_3_WEOM_r2_Mag_12Feb24_300SA_p01_3_1_15157",Buzzard: MONet,2024-02-15 02:23:39.000,SciMax01,"60933",https://proto-9.pnl.gov/SciMax01/2024_1/60933_19_B_3_WEOM_r2_Mag_12Feb24_300SA_p01_3_1_15157,Released
1330812,"60933_2_TOP_3_MAOM_r1_Mag_05Jan25_3p3kV_300SA_p01_6_1_21600","",2025-01-05 17:17:17.000,SciMax01,"60933",https://proto-9.pnl.gov/SciMax01/2025_1/60933_2_TOP_3_MAOM_r1_Mag_05Jan25_3p3kV_300SA_p01_6_1_21600,Released
1235587,"60886_1_B_1_WEOM_r1_Mag_10Mar24_300SA_p01_4_1_17147",Buzzard: MONet,2024-03-11 22:56:08.000,SciMax01,"60886",https://proto-9.pnl.gov/SciMax01/2024_1/60886_1_B_1_WEOM_r1_Mag_10Mar24_300SA_p01_4_1_17147,Released
1252783,"60929_3_T_1_WEOM_r1_Mag_01May24_300SA_p01_49_1_18075","",2024-05-03 04:51:37.000,SciMax01,"60929",https://proto-9.pnl.gov/SciMax01/2024_2/60929_3_T_1_WEOM_r1_Mag_01May24_300SA_p01_49_1_18075,Released
1335227,"60933_16_TOP_1_MAOM_r2_Mag_13Jan25_3p3kV_300SA_p01_35_1_21849","",2025-01-15 12:35:01.000,SciMax01,"60933",https://proto-9.pnl.gov/SciMax01/2025_1/60933_16_TOP_1_MAOM_r2_Mag_13Jan25_3p3kV_300SA_p01_35_1_21849,Released
1215848,"60920_8_B_1_WEOM_r1_Mag_21Dec23_300SA_p01_15_1_13993",Data needs to be reviewed,2023-12-21 19:30:14.000,SciMax01,"60920",https://proto-9.pnl.gov/SciMax01/2024_1/60920_8_B_1_WEOM_r1_Mag_21Dec23_300SA_p01_15_1_13993,Released
1329073,"60923_4_BTM_1_MAOM_r2_Mag_27Dec24_3p3kV_300SA_p01_22_1_21227","",2024-12-28 18:41:58.000,SciMax01,"60923",https://proto-9.pnl.gov/SciMax01/2024_4/60923_4_BTM_1_MAOM_r2_Mag_27Dec24_3p3kV_300SA_p01_22_1_21227,Released
1340599,"60938_6_TOP_2_MAOM_r3_Mag_03Feb25_3p3kV_300SA_p01_36_1_22890","",2025-02-06 07:52:26.000,SciMax01,"60938",https://proto-9.pnl.gov/SciMax01/2025_1/60938_6_TOP_2_MAOM_r3_Mag_03Feb25_3p3kV_300SA_p01_36_1_22890,Released
1344976,"60942_1_TOP_2_MAOM_r1_Mag_19Feb25_3p3kV_300SA_p01_8_1_23462","",2025-02-22 01:14:32.000,SciMax01,"60942",https://proto-9.pnl.gov/SciMax01/2025_1/60942_1_TOP_2_MAOM_r1_Mag_19Feb25_3p3kV_300SA_p01_8_1_23462,Released
1216208,"60923_9_T_2_WEOM_r2_Mag_26Dec23_300SA_p01_45_1_14345",Buzzard: Data is fine but queue stopped over holiday week so need to shim cell and will run the queue again,2023-12-29 23:52:43.000,SciMax01,"60923",https://proto-9.pnl.gov/SciMax01/2024_1/60923_9_T_2_WEOM_r2_Mag_26Dec23_300SA_p01_45_1_14345,Released
1220976,"60938_2_B_3_WEOM_r3_Mag_18Jan24_300SA_p01_12_1_14998",Buzzard: MONet,2024-01-24 08:02:38.000,SciMax01,"60938",https://proto-9.pnl.gov/SciMax01/2024_1/60938_2_B_3_WEOM_r3_Mag_18Jan24_300SA_p01_12_1_14998,Released
1335185,"60923_3_TOP_3_MAOM_r3_Mag_27Dec24_3p3kV_300SA_p01_15_1_21315","",2024-12-30 09:56:01.000,SciMax01,"60923",https://proto-9.pnl.gov/SciMax01/2025_1/60923_3_TOP_3_MAOM_r3_Mag_27Dec24_3p3kV_300SA_p01_15_1_21315,Released
1335211,"60933_16_TOP_3_MAOM_r2_Mag_13Jan25_3p3kV_300SA_p01_37_1_21890","",2025-01-16 06:54:07.000,SciMax01,"60933",https://proto-9.pnl.gov/SciMax01/2025_1/60933_16_TOP_3_MAOM_r2_Mag_13Jan25_3p3kV_300SA_p01_37_1_21890,Released
1252839,"60881_1_B_2_WEOM_r2_Mag_01May24_300SA_p01_2_1_18131","",2024-05-04 05:40:38.000,SciMax01,"60881",https://proto-9.pnl.gov/SciMax01/2024_2/60881_1_B_2_WEOM_r2_Mag_01May24_300SA_p01_2_1_18131,Released
1217424,"60923_1_T_1_WEOM_r1_Mag_04Jan24_300SA_p01_1_1_14431",Buzzard: Use this data,2024-01-04 22:57:08.000,SciMax01,"60923",https://proto-9.pnl.gov/SciMax01/2024_1/60923_1_T_1_WEOM_r1_Mag_04Jan24_300SA_p01_1_1_14431,Released
1335243,"60933_13_BTM_2_MAOM_r3_Mag_13Jan25_3p3kV_300SA_p01_21_1_21922","",2025-01-16 21:09:36.000,SciMax01,"60933",https://proto-9.pnl.gov/SciMax01/2025_1/60933_13_BTM_2_MAOM_r3_Mag_13Jan25_3p3kV_300SA_p01_21_1_21922,Released
1328987,"60940_3_BTM_2_MAOM_r2_Mag_23Dec24_3p3kV_300SA_p01_17_1_21075","",2024-12-24 11:19:48.000,SciMax01,"60940",https://proto-9.pnl.gov/SciMax01/2024_4/60940_3_BTM_2_MAOM_r2_Mag_23Dec24_3p3kV_300SA_p01_17_1_21075,Released
1336822,"60923_16_TOP_2_MAOM_r2_Mag_22Jan25_3p3kV_300SA_p01_17_1_22292","",2025-01-24 05:53:18.000,SciMax01,"60923",https://proto-9.pnl.gov/SciMax01/2025_1/60923_16_TOP_2_MAOM_r2_Mag_22Jan25_3p3kV_300SA_p01_17_1_22292,Released
1345478,"60880_5_BTM_3_MAOM_r2_Mag_26Feb25_3p3kV_300SA_p01_40_1_23828","",2025-03-02 16:19:46.000,SciMax01,"60880",https://proto-9.pnl.gov/SciMax01/2025_1/60880_5_BTM_3_MAOM_r2_Mag_26Feb25_3p3kV_300SA_p01_40_1_23828,Released
1217295,"60923_3_T_2_WEOM_r3_Mag_04Jan24_300SA_p01_33_1_14636",Buzzard: Use this data,2024-01-08 17:48:28.000,SciMax01,"60923",https://proto-9.pnl.gov/SciMax01/2024_1/60923_3_T_2_WEOM_r3_Mag_04Jan24_300SA_p01_33_1_14636,Released
1499236,"20260520_QC_SRFAII_25_02_MeOct25_Mag_300tr_54_1_33074","",2026-05-21 03:15:18.000,SciMax01,"61050",https://proto-9.pnl.gov/SciMax01/2026_2/20260520_QC_SRFAII_25_02_MeOct25_Mag_300tr_54_1_33074,Released
1234641,"60923_16_T_1_WEOM_r3_Mag_04Mar24_300SA_p01_7_1_16917",Buzzard: MONet,2024-03-06 22:41:59.000,SciMax01,"60923",https://proto-9.pnl.gov/SciMax01/2024_1/60923_16_T_1_WEOM_r3_Mag_04Mar24_300SA_p01_7_1_16917,Released
1230879,"60921_4_T_3_WEOM_r1_Mag_21Feb24_300SA_p01_1_1_15465",Buzzard: MONet,2024-02-21 18:20:46.000,SciMax01,"60921",https://proto-9.pnl.gov/SciMax01/2024_1/60921_4_T_3_WEOM_r1_Mag_21Feb24_300SA_p01_1_1_15465,Released
1220688,"60938_2_B_3_WEOM_r2_Mag_18Jan24_300SA_p01_12_1_14893",Buzzard: MONet,2024-01-22 09:30:36.000,SciMax01,"60938",https://proto-9.pnl.gov/SciMax01/2024_1/60938_2_B_3_WEOM_r2_Mag_18Jan24_300SA_p01_12_1_14893,Released
1330653,"60846_5_TOP_2_MAOM_r2_Mag_02Jan25_3p3kV_300SA_p01_8_1_21525","",2025-01-04 07:51:31.000,SciMax01,"60846",https://proto-9.pnl.gov/SciMax01/2025_1/60846_5_TOP_2_MAOM_r2_Mag_02Jan25_3p3kV_300SA_p01_8_1_21525,Released
1252835,"60881_3_T_2_WEOM_r1_Mag_01May24_300SA_p01_11_1_18083","",2024-05-03 08:24:19.000,SciMax01,"60881",https://proto-9.pnl.gov/SciMax01/2024_2/60881_3_T_2_WEOM_r1_Mag_01May24_300SA_p01_11_1_18083,Released
1337182,"60923_14_TOP_3_MAOM_r3_Mag_22Jan25_3p3kV_300SA_p01_6_1_22356","",2025-01-25 10:26:13.000,SciMax01,"60923",https://proto-9.pnl.gov/SciMax01/2025_1/60923_14_TOP_3_MAOM_r3_Mag_22Jan25_3p3kV_300SA_p01_6_1_22356,Released
1336067,"60933_2_TOP_1_MAOM_r3_Mag_20Jan25_3p3kV_300SA_p01_4_1_22140","",2025-01-21 03:17:02.000,SciMax01,"60933",https://proto-9.pnl.gov/SciMax01/2025_1/60933_2_TOP_1_MAOM_r3_Mag_20Jan25_3p3kV_300SA_p01_4_1_22140,Released
1331562,"60933_2_BTM_3_MAOM_r3_Mag_05Jan25_3p3kV_300SA_p01_9_1_21757",data good just rerun,2025-01-09 09:56:52.000,SciMax01,"60933",https://proto-9.pnl.gov/SciMax01/2025_1/60933_2_BTM_3_MAOM_r3_Mag_05Jan25_3p3kV_300SA_p01_9_1_21757,Released
1331240,"60933_2_TOP_1_MAOM_r2_Mag_05Jan25_3p3kV_300SA_p01_4_1_21703","",2025-01-07 15:13:15.000,SciMax01,"60933",https://proto-9.pnl.gov/SciMax01/2025_1/60933_2_TOP_1_MAOM_r2_Mag_05Jan25_3p3kV_300SA_p01_4_1_21703,Released
1314855,"60929_2_TOP_2_WEOM_r1_Mag_01Nov24_4p2kV_p01_3_1_20118",Buzzard: Testing response after Instrument cell clean and lab move,2024-11-02 10:00:18.000,SciMax01,"60938",https://proto-9.pnl.gov/SciMax01/2024_4/60929_2_TOP_2_WEOM_r1_Mag_01Nov24_4p2kV_p01_3_1_20118,Released
1165411,MONet_Test_QC_SRFAII_20ppm_Fir_07Jul23_300SA_p1_1_1_8730,Buzzard: Just testing samples tubes,2023-07-07 14:05:25.000,"15T_FTICR_I","60141",https://proto-9.pnl.gov/15T_FTICR_I/2023_3/MONet_Test_QC_SRFAII_20ppm_Fir_07Jul23_300SA_p1_1_1_8730,Released
1235664,"60942_3_B_1_WEOM_r1_Mag_07Mar24_300SA_p01_15_1_16980",Buzzard: MONet,2024-03-08 03:10:21.000,SciMax01,"60942",https://proto-9.pnl.gov/SciMax01/2024_1/60942_3_B_1_WEOM_r1_Mag_07Mar24_300SA_p01_15_1_16980,Released
1235567,"60942_5_T_1_WEOM_r3_Mag_07Mar24_300SA_p01_24_1_17073",Buzzard: MONet,2024-03-10 13:16:19.000,SciMax01,"60942",https://proto-9.pnl.gov/SciMax01/2024_1/60942_5_T_1_WEOM_r3_Mag_07Mar24_300SA_p01_24_1_17073,Released
1217365,QC_SRFAII_23_01_20ppm_r1_Mag_04Jan24_300SA_p01_54_1_14462,Buzzard: Use this data,2024-01-05 12:41:27.000,SciMax01,"60923",https://proto-9.pnl.gov/SciMax01/2024_1/QC_SRFAII_23_01_20ppm_r1_Mag_04Jan24_300SA_p01_54_1_14462,Released
1253581,"60940_3_B_3_WEOM_r2_Mag_10May24_300SA_p01_15_1_18347","",2024-05-12 05:30:22.000,SciMax01,"60940",https://proto-9.pnl.gov/SciMax01/2024_2/60940_3_B_3_WEOM_r2_Mag_10May24_300SA_p01_15_1_18347,Released
1217419,"60923_12_B_2_WEOM_r1_Mag_04Jan24_300SA_p01_4_1_14457",Buzzard: Use this data,2024-01-05 10:28:29.000,SciMax01,"60923",https://proto-9.pnl.gov/SciMax01/2024_1/60923_12_B_2_WEOM_r1_Mag_04Jan24_300SA_p01_4_1_14457,Released
1340395,"60942_4_TOP_2_MAOM_r3_Mag_03Feb25_3p3kV_300SA_p01_8_1_23027","",2025-02-08 20:57:02.000,SciMax01,"60942",https://proto-9.pnl.gov/SciMax01/2025_1/60942_4_TOP_2_MAOM_r3_Mag_03Feb25_3p3kV_300SA_p01_8_1_23027,Released
1231238,"60933_12_B_2_WEOM_r1_Mag_12Feb24_300SA_p01_11_1_15060",Buzzard: MONet,2024-02-13 07:16:20.000,SciMax01,"60933",https://proto-9.pnl.gov/SciMax01/2024_1/60933_12_B_2_WEOM_r1_Mag_12Feb24_300SA_p01_11_1_15060,Released
1230637,"60946_2_T_1_WEOM_r2_Mag_23Feb24_300SA_p01_33_1_16047",Buzzard: Monet,2024-02-26 23:08:24.000,SciMax01,"60946",https://proto-9.pnl.gov/SciMax01/2024_1/60946_2_T_1_WEOM_r2_Mag_23Feb24_300SA_p01_33_1_16047,Released
1336285,"60923_19_BTM_2_MAOM_r1_Mag_22Jan25_3p3kV_300SA_p01_42_1_22220","",2025-01-22 21:46:26.000,SciMax01,"60923",https://proto-9.pnl.gov/SciMax01/2025_1/60923_19_BTM_2_MAOM_r1_Mag_22Jan25_3p3kV_300SA_p01_42_1_22220,Released
1314858,"60942_6_TOP_2_WEOM_r1_Mag_01Nov24_4p2kV_p01_31_1_20148",Buzzard: Testing response after Instrument cell clean and lab move,2024-11-02 23:21:02.000,SciMax01,"60938",https://proto-9.pnl.gov/SciMax01/2024_4/60942_6_TOP_2_WEOM_r1_Mag_01Nov24_4p2kV_p01_31_1_20148,Released
1337000,"60923_14_BTM_2_MAOM_r3_Mag_22Jan25_3p3kV_300SA_p01_8_1_22320","",2025-01-24 18:22:10.000,SciMax01,"60923",https://proto-9.pnl.gov/SciMax01/2025_1/60923_14_BTM_2_MAOM_r3_Mag_22Jan25_3p3kV_300SA_p01_8_1_22320,Released
1236292,"60886_2_T_2_WEOM_r3_Mag_10Mar24_300SA_p01_8_1_17252",Buzzard: MONet,2024-03-13 21:28:01.000,SciMax01,"60886",https://proto-9.pnl.gov/SciMax01/2024_1/60886_2_T_2_WEOM_r3_Mag_10Mar24_300SA_p01_8_1_17252,Released
1502094,QC_SRFAII_25_02_20260611_r0_Mag_54_1_33903,Buzzard: testing Gilson wash volumes,2026-06-11 11:18:41.000,SciMax01,"61050",https://proto-9.pnl.gov/SciMax01/2026_2/QC_SRFAII_25_02_20260611_r0_Mag_54_1_33903,Released
1331707,"60933_1_TOP_2_MAOM_r3_Mag_05Jan25_3p3kV_300SA_p01_2_1_21768",data good just rerun,2025-01-09 14:50:45.000,SciMax01,"60933",https://proto-9.pnl.gov/SciMax01/2025_1/60933_1_TOP_2_MAOM_r3_Mag_05Jan25_3p3kV_300SA_p01_2_1_21768,Released
1337980,"60923_10_TOP_1_MAOM_r1_Mag_29Jan25_3p3kV_300SA_p01_25_1_22554","",2025-01-29 02:56:51.000,SciMax01,"60923",https://proto-9.pnl.gov/SciMax01/2025_1/60923_10_TOP_1_MAOM_r1_Mag_29Jan25_3p3kV_300SA_p01_25_1_22554,Released
1215908,"60920_3_B_1_WEOM_r1_Mag_21Dec23_300SA_p01_6_1_14010",Data needs to be reviewed,2023-12-22 03:02:18.000,SciMax01,"60920",https://proto-9.pnl.gov/SciMax01/2024_1/60920_3_B_1_WEOM_r1_Mag_21Dec23_300SA_p01_6_1_14010,Released
1217335,"60923_14_B_2_WEOM_r3_Mag_04Jan24_300SA_p01_8_1_14655",Buzzard: Use this data,2024-01-09 02:13:41.000,SciMax01,"60923",https://proto-9.pnl.gov/SciMax01/2024_1/60923_14_B_2_WEOM_r3_Mag_04Jan24_300SA_p01_8_1_14655,Released
1330895,"60933_3_BTM_2_MAOM_r1_Mag_05Jan25_3p3kV_300SA_p01_14_1_21642","",2025-01-06 12:01:49.000,SciMax01,"60933",https://proto-9.pnl.gov/SciMax01/2025_1/60933_3_BTM_2_MAOM_r1_Mag_05Jan25_3p3kV_300SA_p01_14_1_21642,Released
1215927,"60920_10_T_3_WEOM_r3_Mag_21Dec23_300SA_p01_18_1_14180",Data needs to be reviewed,2023-12-26 07:30:11.000,SciMax01,"60920",https://proto-9.pnl.gov/SciMax01/2024_1/60920_10_T_3_WEOM_r3_Mag_21Dec23_300SA_p01_18_1_14180,Released
1220641,"60938_5_B_1_WEOM_r1_Mag_18Jan24_300SA_p01_28_1_14758",Buzzard: MONet,2024-01-19 21:40:36.000,SciMax01,"60938",https://proto-9.pnl.gov/SciMax01/2024_1/60938_5_B_1_WEOM_r1_Mag_18Jan24_300SA_p01_28_1_14758,Released
1338261,"60933_20_BTM_2_MAOM_r1_Mag_29Jan25_3p3kV_300SA_p01_17_1_22593","",2025-01-29 20:20:52.000,SciMax01,"60933",https://proto-9.pnl.gov/SciMax01/2025_1/60933_20_BTM_2_MAOM_r1_Mag_29Jan25_3p3kV_300SA_p01_17_1_22593,Released
1329140,"60923_5_TOP_3_MAOM_r2_Mag_27Dec24_3p3kV_300SA_p01_27_1_21241","",2024-12-29 00:56:01.000,SciMax01,"60923",https://proto-9.pnl.gov/SciMax01/2024_4/60923_5_TOP_3_MAOM_r2_Mag_27Dec24_3p3kV_300SA_p01_27_1_21241,Released
1337779,"60886_1_BTM_3_MAOM_r3_Mag_22Jan25_3p3kV_300SA_p01_12_1_22515","",2025-01-28 09:20:04.000,SciMax01,"60886",https://proto-9.pnl.gov/SciMax01/2025_1/60886_1_BTM_3_MAOM_r3_Mag_22Jan25_3p3kV_300SA_p01_12_1_22515,Released
1252902,"60881_5_T_3_WEOM_r3_Mag_01May24_300SA_p01_24_1_18242","",2024-05-06 06:52:19.000,SciMax01,"60881",https://proto-9.pnl.gov/SciMax01/2024_2/60881_5_T_3_WEOM_r3_Mag_01May24_300SA_p01_24_1_18242,Released
1329233,"60923_7_BTM_2_MAOM_r3_Mag_27Dec24_3p3kV_300SA_p01_41_1_21322","",2024-12-30 13:03:13.000,SciMax01,"60923",https://proto-9.pnl.gov/SciMax01/2024_4/60923_7_BTM_2_MAOM_r3_Mag_27Dec24_3p3kV_300SA_p01_41_1_21322,Released
1216070,"60923_4_B_3_WEOM_r2_Mag_26Dec23_300SA_p01_16_1_14365",Buzzard: Data is fine but queue stopped over holiday week so need to shim cell and will run the queue again,2023-12-30 08:44:34.000,SciMax01,"60923",https://proto-9.pnl.gov/SciMax01/2024_1/60923_4_B_3_WEOM_r2_Mag_26Dec23_300SA_p01_16_1_14365,Released
1330781,"60846_17_TOP_1_MAOM_r3_Mag_02Jan25_3p3kV_300SA_p01_29_1_21585","",2025-01-05 10:36:25.000,SciMax01,"60846",https://proto-9.pnl.gov/SciMax01/2025_1/60846_17_TOP_1_MAOM_r3_Mag_02Jan25_3p3kV_300SA_p01_29_1_21585,Released
1234581,"60923_15_B_2_WEOM_r3_Mag_04Mar24_300SA_p01_5_1_16945",Buzzard: MONet,2024-03-07 11:06:32.000,SciMax01,"60923",https://proto-9.pnl.gov/SciMax01/2024_1/60923_15_B_2_WEOM_r3_Mag_04Mar24_300SA_p01_5_1_16945,Released
1330745,"60880_2_TOP_3_MAOM_r3_Mag_02Jan25_3p3kV_300SA_p01_43_1_21567","",2025-01-05 02:34:58.000,SciMax01,"60880",https://proto-9.pnl.gov/SciMax01/2025_1/60880_2_TOP_3_MAOM_r3_Mag_02Jan25_3p3kV_300SA_p01_43_1_21567,Released
1253675,"60940_1_B_2_WEOM_r3_Mag_10May24_300SA_p01_5_1_18362","",2024-05-12 12:09:09.000,SciMax01,"60940",https://proto-9.pnl.gov/SciMax01/2024_2/60940_1_B_2_WEOM_r3_Mag_10May24_300SA_p01_5_1_18362,Released
1230814,"60932_1_B_3_WEOM_r1_Mag_21Feb24_300SA_p01_3_1_15540",Buzzard: MONet,2024-02-23 03:35:01.000,SciMax01,"60932",https://proto-9.pnl.gov/SciMax01/2024_1/60932_1_B_3_WEOM_r1_Mag_21Feb24_300SA_p01_3_1_15540,Released
1329045,"60923_3_BTM_2_MAOM_r1_Mag_27Dec24_3p3kV_300SA_p01_17_1_21164","",2024-12-27 14:37:40.000,SciMax01,"60923",https://proto-9.pnl.gov/SciMax01/2024_4/60923_3_BTM_2_MAOM_r1_Mag_27Dec24_3p3kV_300SA_p01_17_1_21164,Released
1220742,"60933_7_B_2_WEOM_r2_Mag_18Jan24_300SA_p01_38_1_14813",Buzzard: MONet,2024-01-20 22:03:06.000,SciMax01,"60933",https://proto-9.pnl.gov/SciMax01/2024_1/60933_7_B_2_WEOM_r2_Mag_18Jan24_300SA_p01_38_1_14813,Released
1328837,"60940_3_BTM_1_MAOM_r1_Mag_19Dec24_3p3kV_300SA_p01_16_1_20976","",2024-12-20 00:43:09.000,SciMax01,"60940",https://proto-9.pnl.gov/SciMax01/2024_4/60940_3_BTM_1_MAOM_r1_Mag_19Dec24_3p3kV_300SA_p01_16_1_20976,Released
1231149,"60846_12_B_1_WEOM_r1_Mag_16Feb24_300SA_p01_34_1_15279",Buzzard: MONet,2024-02-17 09:36:05.000,SciMax01,"60846",https://proto-9.pnl.gov/SciMax01/2024_1/60846_12_B_1_WEOM_r1_Mag_16Feb24_300SA_p01_34_1_15279,Released
1328921,"60920_9_BTM_3_MAOM_r2_Mag_23Dec24_3p3kV_300SA_p01_44_1_21094","",2024-12-24 19:47:47.000,SciMax01,"60920",https://proto-9.pnl.gov/SciMax01/2024_4/60920_9_BTM_3_MAOM_r2_Mag_23Dec24_3p3kV_300SA_p01_44_1_21094,Released
1231130,"60933_19_T_3_WEOM_r2_Mag_12Feb24_300SA_p01_51_1_15125",Buzzard: MONet,2024-02-14 12:12:46.000,SciMax01,"60933",https://proto-9.pnl.gov/SciMax01/2024_1/60933_19_T_3_WEOM_r2_Mag_12Feb24_300SA_p01_51_1_15125,Released
1216127,"60923_10_B_1_WEOM_r2_Mag_26Dec23_300SA_p01_20_1_14320",Buzzard: Data is fine but queue stopped over holiday week so need to shim cell and will run the queue again,2023-12-29 12:47:57.000,SciMax01,"60923",https://proto-9.pnl.gov/SciMax01/2024_1/60923_10_B_1_WEOM_r2_Mag_26Dec23_300SA_p01_20_1_14320,Released
1336786,"60923_16_BTM_1_MAOM_r2_Mag_22Jan25_3p3kV_300SA_p01_19_1_22282","",2025-01-24 01:25:43.000,SciMax01,"60923",https://proto-9.pnl.gov/SciMax01/2025_1/60923_16_BTM_1_MAOM_r2_Mag_22Jan25_3p3kV_300SA_p01_19_1_22282,Released
1481395,QC_SRFAII_25_02_r2_Mag_13Mar26_54_1_32604,"",2026-03-14 13:12:17.000,SciMax01,"61050",https://proto-9.pnl.gov/SciMax01/2026_1/QC_SRFAII_25_02_r2_Mag_13Mar26_54_1_32604,Released
1336430,"60923_16_BTM_3_MAOM_r1_Mag_22Jan25_3p3kV_300SA_p01_21_1_22235","",2025-01-23 04:27:47.000,SciMax01,"60923",https://proto-9.pnl.gov/SciMax01/2025_1/60923_16_BTM_3_MAOM_r1_Mag_22Jan25_3p3kV_300SA_p01_21_1_22235,Released
1329008,"60940_3_TOP_2_MAOM_r2_Mag_23Dec24_3p3kV_300SA_p01_14_1_21046","",2024-12-23 22:24:34.000,SciMax01,"60940",https://proto-9.pnl.gov/SciMax01/2024_4/60940_3_TOP_2_MAOM_r2_Mag_23Dec24_3p3kV_300SA_p01_14_1_21046,Released
1231210,"60846_5_T_1_WEOM_r3_Mag_16Feb24_300SA_p01_19_1_15325",Buzzard: MONet,2024-02-18 05:59:18.000,SciMax01,"60846",https://proto-9.pnl.gov/SciMax01/2024_1/60846_5_T_1_WEOM_r3_Mag_16Feb24_300SA_p01_19_1_15325,Released
1329105,"60923_1_BTM_1_MAOM_r1_Mag_27Dec24_3p3kV_300SA_p01_4_1_21189","",2024-12-28 01:45:55.000,SciMax01,"60923",https://proto-9.pnl.gov/SciMax01/2024_4/60923_1_BTM_1_MAOM_r1_Mag_27Dec24_3p3kV_300SA_p01_4_1_21189,Released
1220570,"60933_7_B_1_WEOM_r1_Mag_18Jan24_300SA_p01_37_1_14732",Buzzard: MONet,2024-01-19 10:09:13.000,SciMax01,"60933",https://proto-9.pnl.gov/SciMax01/2024_1/60933_7_B_1_WEOM_r1_Mag_18Jan24_300SA_p01_37_1_14732,Released
1217380,"60923_6_B_1_WEOM_r3_Mag_04Jan24_300SA_p01_12_1_14615",Buzzard: Use this data,2024-01-08 08:30:04.000,SciMax01,"60923",https://proto-9.pnl.gov/SciMax01/2024_1/60923_6_B_1_WEOM_r3_Mag_04Jan24_300SA_p01_12_1_14615,Released
1349506,"60933_17_TOP_1_MAOM_r3_Mag_31Jan25_3p3kV_300SA_p01_40_1_22737","",2025-02-01 12:32:45.000,SciMax01,"60933",https://proto-9.pnl.gov/SciMax01/2025_1/60933_17_TOP_1_MAOM_r3_Mag_31Jan25_3p3kV_300SA_p01_40_1_22737,Released
1480046,QC_SRFAII-1_old_20260213_54_1_32440,"",2026-02-19 23:16:03.000,SciMax01,"61050",https://proto-9.pnl.gov/SciMax01/2026_1/QC_SRFAII-1_old_20260213_54_1_32440,Released
1231256,"60933_17_B_2_WEOM_r1_Mag_12Feb24_300SA_p01_41_1_15039",Buzzard: MONet,2024-02-12 21:57:57.000,SciMax01,"60933",https://proto-9.pnl.gov/SciMax01/2024_1/60933_17_B_2_WEOM_r1_Mag_12Feb24_300SA_p01_41_1_15039,Released
1329081,"60923_2_TOP_1_MAOM_r2_Mag_27Dec24_3p3kV_300SA_p01_7_1_21217","",2024-12-28 14:14:04.000,SciMax01,"60923",https://proto-9.pnl.gov/SciMax01/2024_4/60923_2_TOP_1_MAOM_r2_Mag_27Dec24_3p3kV_300SA_p01_7_1_21217,Released
1314867,QC_SRFAII_23_01_20ppm_r1_Mag_01Nov24_4p2kV_p01_54_1_20151,Buzzard: Testing response after Instrument cell clean and lab move,2024-11-03 00:41:13.000,SciMax01,"60938",https://proto-9.pnl.gov/SciMax01/2024_4/QC_SRFAII_23_01_20ppm_r1_Mag_01Nov24_4p2kV_p01_54_1_20151,Released
1231135,"60933_17_T_1_WEOM_r2_Mag_12Feb24_300SA_p01_37_1_15144",Buzzard: MONet,2024-02-14 20:38:00.000,SciMax01,"60933",https://proto-9.pnl.gov/SciMax01/2024_1/60933_17_T_1_WEOM_r2_Mag_12Feb24_300SA_p01_37_1_15144,Released
1216088,"60923_8_T_1_WEOM_r2_Mag_26Dec23_300SA_p01_15_1_14302",Buzzard: Data is fine but queue stopped over holiday week so need to shim cell and will run the queue again,2023-12-29 04:49:21.000,SciMax01,"60923",https://proto-9.pnl.gov/SciMax01/2024_1/60923_8_T_1_WEOM_r2_Mag_26Dec23_300SA_p01_15_1_14302,Released
1314735,"60923_3_B_2_MAOM_r1_Mag_01Nov24_300SA_3p3kV_p01_17_1_20177",Buzzard: Testing response after Instrument cell clean and lab move,2024-11-04 21:58:02.000,SciMax01,"60923",https://proto-9.pnl.gov/SciMax01/2024_4/60923_3_B_2_MAOM_r1_Mag_01Nov24_300SA_3p3kV_p01_17_1_20177,Released
1502100,QC_SRFAII_25_02_20260611_r0_Mag_54_1_33904,Buzzard: testing Gilson wash volumes,2026-06-11 11:38:50.000,SciMax01,"61050",https://proto-9.pnl.gov/SciMax01/2026_2/QC_SRFAII_25_02_20260611_r0_Mag_54_1_33904,Released
1345040,"60920_3_BTM_3_MAOM_r2_Mag_19Feb25_3p3kV_300SA_p01_18_1_23404","",2025-02-20 23:21:18.000,SciMax01,"60920",https://proto-9.pnl.gov/SciMax01/2025_1/60920_3_BTM_3_MAOM_r2_Mag_19Feb25_3p3kV_300SA_p01_18_1_23404,Released
1336147,"60933_17_TOP_3_MAOM_r2_Mag_13Jan25_3p3kV_300SA_p01_42_1_21870","samples were rerun to check, all good",2025-01-15 21:57:50.000,SciMax01,"60933",https://proto-9.pnl.gov/SciMax01/2025_1/60933_17_TOP_3_MAOM_r2_Mag_13Jan25_3p3kV_300SA_p01_42_1_21870,Released
1220550,"60938_3_B_3_WEOM_r2_Mag_18Jan24_300SA_p01_18_1_14868",Buzzard: MONet,2024-01-21 22:25:48.000,SciMax01,"60938",https://proto-9.pnl.gov/SciMax01/2024_1/60938_3_B_3_WEOM_r2_Mag_18Jan24_300SA_p01_18_1_14868,Released
1340614,"60946_1_TOP_3_MAOM_r1_Mag_03Feb25_3p3kV_300SA_p01_31_1_22893","",2025-02-06 09:12:28.000,SciMax01,"60946",https://proto-9.pnl.gov/SciMax01/2025_1/60946_1_TOP_3_MAOM_r1_Mag_03Feb25_3p3kV_300SA_p01_31_1_22893,Released
1252804,"60929_1_B_3_WEOM_r2_Mag_01May24_300SA_p01_42_1_18155","",2024-05-04 16:18:51.000,SciMax01,"60929",https://proto-9.pnl.gov/SciMax01/2024_2/60929_1_B_3_WEOM_r2_Mag_01May24_300SA_p01_42_1_18155,Released
1089179,"1000s_SRFAII_20ppm_11_rr_28Oct22_Mag_300SA_p01_154_1_7067","",2022-10-29 12:59:14.000,SciMax01,"60141",https://proto-9.pnl.gov/SciMax01/2022_4/1000s_SRFAII_20ppm_11_rr_28Oct22_Mag_300SA_p01_154_1_7067,Released
1340566,"60938_4_BTM_1_MAOM_r1_Mag_03Feb25_3p3kV_300SA_p01_22_1_22769","",2025-02-04 01:56:36.000,SciMax01,"60938",https://proto-9.pnl.gov/SciMax01/2025_1/60938_4_BTM_1_MAOM_r1_Mag_03Feb25_3p3kV_300SA_p01_22_1_22769,Released
1337708,"60886_6_TOP_1_MAOM_r3_Mag_22Jan25_3p3kV_300SA_p01_40_1_22493","",2025-01-27 23:31:52.000,SciMax01,"60886",https://proto-9.pnl.gov/SciMax01/2025_1/60886_6_TOP_1_MAOM_r3_Mag_22Jan25_3p3kV_300SA_p01_40_1_22493,Released
1217287,"60923_14_T_1_WEOM_r3_Mag_04Jan24_300SA_p01_27_1_14609",Buzzard: Use this data,2024-01-08 05:50:31.000,SciMax01,"60923",https://proto-9.pnl.gov/SciMax01/2024_1/60923_14_T_1_WEOM_r3_Mag_04Jan24_300SA_p01_27_1_14609,Released
1233012,"60923_18_T_1_WEOM_r1_Mag_04Mar24_300SA_p01_19_1_16842","",2024-03-05 13:27:42.000,SciMax01,"60923",https://proto-9.pnl.gov/SciMax01/2024_1/60923_18_T_1_WEOM_r1_Mag_04Mar24_300SA_p01_19_1_16842,Released
1341840,"60881_3_TOP_1_MAOM_r1_Mag_10Feb25_3p3kV_300SA_p01_13_1_23223","",2025-02-13 23:48:21.000,SciMax01,"60881",https://proto-9.pnl.gov/SciMax01/2025_1/60881_3_TOP_1_MAOM_r1_Mag_10Feb25_3p3kV_300SA_p01_13_1_23223,Released
1335374,"60923_9_TOP_3_MAOM_r3_Mag_13Jan25_3p3kV_300SA_p01_21_1_22093","",2025-01-20 01:24:49.000,SciMax01,"60923",https://proto-9.pnl.gov/SciMax01/2025_1/60923_9_TOP_3_MAOM_r3_Mag_13Jan25_3p3kV_300SA_p01_21_1_22093,Released
1235627,"60886_2_B_2_WEOM_r1_Mag_10Mar24_300SA_p01_11_1_17163",Buzzard: MONet,2024-03-12 06:01:35.000,SciMax01,"60886",https://proto-9.pnl.gov/SciMax01/2024_1/60886_2_B_2_WEOM_r1_Mag_10Mar24_300SA_p01_11_1_17163,Released
1220693,"60933_1_T_3_WEOM_r2_Mag_18Jan24_300SA_p01_3_1_14817",Buzzard: MONet,2024-01-20 23:49:28.000,SciMax01,"60933",https://proto-9.pnl.gov/SciMax01/2024_1/60933_1_T_3_WEOM_r2_Mag_18Jan24_300SA_p01_3_1_14817,Released
1236276,"60886_1_T_1_WEOM_r2_Mag_10Mar24_300SA_p01_1_1_17185",Buzzard: MONet,2024-03-12 15:46:33.000,SciMax01,"60886",https://proto-9.pnl.gov/SciMax01/2024_1/60886_1_T_1_WEOM_r2_Mag_10Mar24_300SA_p01_1_1_17185,Released
1215918,"60920_4_T_3_WEOM_r2_Mag_21Dec23_300SA_p01_7_1_14125",Data needs to be reviewed,2023-12-25 07:07:40.000,SciMax01,"60920",https://proto-9.pnl.gov/SciMax01/2024_1/60920_4_T_3_WEOM_r2_Mag_21Dec23_300SA_p01_7_1_14125,Released
1215879,"60920_10_T_3_WEOM_r2_Mag_21Dec23_300SA_p01_18_1_14122",Data needs to be reviewed,2023-12-25 05:47:52.000,SciMax01,"60920",https://proto-9.pnl.gov/SciMax01/2024_1/60920_10_T_3_WEOM_r2_Mag_21Dec23_300SA_p01_18_1_14122,Released
1329146,"60923_4_BTM_3_MAOM_r1_Mag_27Dec24_3p3kV_300SA_p01_24_1_21193","",2024-12-28 03:32:55.000,SciMax01,"60923",https://proto-9.pnl.gov/SciMax01/2024_4/60923_4_BTM_3_MAOM_r1_Mag_27Dec24_3p3kV_300SA_p01_24_1_21193,Released
1180774,QC_SRFA_2_2023_01_1w_52_1_13361,Buzzard: QC's and Blanks,2023-08-29 05:26:16.000,SciMax01,"60141",https://proto-9.pnl.gov/SciMax01/2023_3/QC_SRFA_2_2023_01_1w_52_1_13361,Released
1231137,"60933_16_B_1_WEOM_r3_Mag_12Feb24_300SA_p01_34_1_15177",Buzzard: MONet,2024-02-15 11:15:24.000,SciMax01,"60933",https://proto-9.pnl.gov/SciMax01/2024_1/60933_16_B_1_WEOM_r3_Mag_12Feb24_300SA_p01_34_1_15177,Released
1340520,"60938_2_BTM_1_MAOM_r2_Mag_03Feb25_3p3kV_300SA_p01_10_1_22831","",2025-02-05 05:34:24.000,SciMax01,"60938",https://proto-9.pnl.gov/SciMax01/2025_1/60938_2_BTM_1_MAOM_r2_Mag_03Feb25_3p3kV_300SA_p01_10_1_22831,Released
1329112,"60923_2_TOP_1_MAOM_r1_Mag_27Dec24_3p3kV_300SA_p01_7_1_21201","",2024-12-28 07:06:16.000,SciMax01,"60923",https://proto-9.pnl.gov/SciMax01/2024_4/60923_2_TOP_1_MAOM_r1_Mag_27Dec24_3p3kV_300SA_p01_7_1_21201,Released
1231164,"60933_17_B_3_WEOM_r3_Mag_12Feb24_300SA_p01_42_1_15216",Buzzard: MONet,2024-02-16 04:32:29.000,SciMax01,"60933",https://proto-9.pnl.gov/SciMax01/2024_1/60933_17_B_3_WEOM_r3_Mag_12Feb24_300SA_p01_42_1_15216,Released
1341902,"60881_3_BTM_1_MAOM_r2_Mag_10Feb25_3p3kV_300SA_p01_16_1_23239","",2025-02-14 06:56:52.000,SciMax01,"60881",https://proto-9.pnl.gov/SciMax01/2025_1/60881_3_BTM_1_MAOM_r2_Mag_10Feb25_3p3kV_300SA_p01_16_1_23239,Released
1252944,"60929_1_T_1_WEOM_r3_Mag_01May24_300SA_p01_37_1_18248","",2024-05-06 09:31:52.000,SciMax01,"60929",https://proto-9.pnl.gov/SciMax01/2024_2/60929_1_T_1_WEOM_r3_Mag_01May24_300SA_p01_37_1_18248,Released
1231016,"60880_2_T_1_WEOM_r2_Mag_16Feb24_300SA_p01_20_1_15396",Buzzard: MONet,2024-02-19 22:30:40.000,SciMax01,"60880",https://proto-9.pnl.gov/SciMax01/2024_1/60880_2_T_1_WEOM_r2_Mag_16Feb24_300SA_p01_20_1_15396,Released
1252810,"60881_5_B_3_WEOM_r1_Mag_01May24_300SA_p01_27_1_18098","",2024-05-03 15:03:12.000,SciMax01,"60881",https://proto-9.pnl.gov/SciMax01/2024_2/60881_5_B_3_WEOM_r1_Mag_01May24_300SA_p01_27_1_18098,Released
1236271,"60886_4_B_2_WEOM_r3_Mag_10Mar24_300SA_p01_23_1_17275",Buzzard: MONet,2024-03-14 07:39:35.000,SciMax01,"60886",https://proto-9.pnl.gov/SciMax01/2024_1/60886_4_B_2_WEOM_r3_Mag_10Mar24_300SA_p01_23_1_17275,Released
1330541,"60880_2_TOP_3_MAOM_r2_Mag_02Jan25_3p3kV_300SA_p01_43_1_21482","",2025-01-03 12:41:22.000,SciMax01,"60880",https://proto-9.pnl.gov/SciMax01/2025_1/60880_2_TOP_3_MAOM_r2_Mag_02Jan25_3p3kV_300SA_p01_43_1_21482,Released
1230993,"60880_4_T_3_WEOM_r1_Mag_16Feb24_300SA_p01_34_1_15378",Buzzard: MONet,2024-02-19 14:32:03.000,SciMax01,"60880",https://proto-9.pnl.gov/SciMax01/2024_1/60880_4_T_3_WEOM_r1_Mag_16Feb24_300SA_p01_34_1_15378,Released
1344923,"60929_3_TOP_1_MAOM_r2_Mag_19Feb25_3p3kV_300SA_p01_33_1_23540","",2025-02-23 12:02:54.000,SciMax01,"60929",https://proto-9.pnl.gov/SciMax01/2025_1/60929_3_TOP_1_MAOM_r2_Mag_19Feb25_3p3kV_300SA_p01_33_1_23540,Released
1331038,"60933_3_BTM_2_MAOM_r2_Mag_05Jan25_3p3kV_300SA_p01_14_1_21686","",2025-01-07 07:38:46.000,SciMax01,"60933",https://proto-9.pnl.gov/SciMax01/2025_1/60933_3_BTM_2_MAOM_r2_Mag_05Jan25_3p3kV_300SA_p01_14_1_21686,Released
1340015,"60920_7_TOP_3_MAOM_r1_Mag_03Feb25_3p3kV_300SA_p01_3_1_22939","",2025-02-07 05:42:35.000,SciMax01,"60920",https://proto-9.pnl.gov/SciMax01/2025_1/60920_7_TOP_3_MAOM_r1_Mag_03Feb25_3p3kV_300SA_p01_3_1_22939,Released
1336456,"60923_20_TOP_1_MAOM_r1_Mag_22Jan25_3p3kV_300SA_p01_44_1_22249","",2025-01-23 10:42:21.000,SciMax01,"60923",https://proto-9.pnl.gov/SciMax01/2025_1/60923_20_TOP_1_MAOM_r1_Mag_22Jan25_3p3kV_300SA_p01_44_1_22249,Released
1236360,"60886_2_T_1_WEOM_r3_Mag_10Mar24_300SA_p01_7_1_17269",Buzzard: MONet,2024-03-14 05:00:02.000,SciMax01,"60886",https://proto-9.pnl.gov/SciMax01/2024_1/60886_2_T_1_WEOM_r3_Mag_10Mar24_300SA_p01_7_1_17269,Released
1230680,"60932_2_T_2_WEOM_r3_Mag_24Feb24_300SA_p01_4_1_15990",Buzzard: MONet,2024-02-25 21:52:41.000,SciMax01,"60932",https://proto-9.pnl.gov/SciMax01/2024_1/60932_2_T_2_WEOM_r3_Mag_24Feb24_300SA_p01_4_1_15990,Released
1235602,"60942_5_B_1_WEOM_r1_Mag_07Mar24_300SA_p01_27_1_16974",Buzzard: MONet,2024-03-08 00:30:48.000,SciMax01,"60942",https://proto-9.pnl.gov/SciMax01/2024_1/60942_5_B_1_WEOM_r1_Mag_07Mar24_300SA_p01_27_1_16974,Released
1329775,"60921_3_TOP_2_MAOM_r2_Mag_27Dec24_3p3kV_300SA_p01_14_1_21389","",2024-12-31 18:54:14.000,SciMax01,"60921",https://proto-9.pnl.gov/SciMax01/2024_4/60921_3_TOP_2_MAOM_r2_Mag_27Dec24_3p3kV_300SA_p01_14_1_21389,Released
1329056,"60923_1_BTM_1_MAOM_r2_Mag_27Dec24_3p3kV_300SA_p01_4_1_21256","",2024-12-29 07:37:19.000,SciMax01,"60923",https://proto-9.pnl.gov/SciMax01/2024_4/60923_1_BTM_1_MAOM_r2_Mag_27Dec24_3p3kV_300SA_p01_4_1_21256,Released
1336826,"60923_17_BTM_3_MAOM_r2_Mag_22Jan25_3p3kV_300SA_p01_31_1_22293","",2025-01-24 06:20:07.000,SciMax01,"60923",https://proto-9.pnl.gov/SciMax01/2025_1/60923_17_BTM_3_MAOM_r2_Mag_22Jan25_3p3kV_300SA_p01_31_1_22293,Released
1231114,"60846_17_T_3_WEOM_r2_Mag_16Feb24_300SA_p01_39_1_15318",Buzzard: MONet,2024-02-18 02:53:11.000,SciMax01,"60846",https://proto-9.pnl.gov/SciMax01/2024_1/60846_17_T_3_WEOM_r2_Mag_16Feb24_300SA_p01_39_1_15318,Released
1340540,"60938_3_BTM_1_MAOM_r3_Mag_03Feb25_3p3kV_300SA_p01_16_1_22891","",2025-02-06 08:19:03.000,SciMax01,"60938",https://proto-9.pnl.gov/SciMax01/2025_1/60938_3_BTM_1_MAOM_r3_Mag_03Feb25_3p3kV_300SA_p01_16_1_22891,Released
1215875,"60920_5_T_3_WEOM_r3_Mag_21Dec23_300SA_p01_9_1_14193",Data needs to be reviewed,2023-12-26 13:15:52.000,SciMax01,"60920",https://proto-9.pnl.gov/SciMax01/2024_1/60920_5_T_3_WEOM_r3_Mag_21Dec23_300SA_p01_9_1_14193,Released
1330574,"60880_1_TOP_3_MAOM_r2_Mag_02Jan25_3p3kV_300SA_p01_37_1_21493","",2025-01-03 17:36:14.000,SciMax01,"60880",https://proto-9.pnl.gov/SciMax01/2025_1/60880_1_TOP_3_MAOM_r2_Mag_02Jan25_3p3kV_300SA_p01_37_1_21493,Released
1252900,"60881_3_T_3_WEOM_r2_Mag_01May24_300SA_p01_12_1_18192","",2024-05-05 08:42:47.000,SciMax01,"60881",https://proto-9.pnl.gov/SciMax01/2024_2/60881_3_T_3_WEOM_r2_Mag_01May24_300SA_p01_12_1_18192,Released
1180814,"60881_4_T_2_WEOM_1w_4_1_13394",Buzzard: 1w; Data needs to be reviewed,2023-08-29 20:03:43.000,SciMax01,"60881",https://proto-9.pnl.gov/SciMax01/2023_3/60881_4_T_2_WEOM_1w_4_1_13394,Released
1341046,"60932_1_TOP_1_MAOM_r1_Mag_10Feb25_3p3kV_300SA_p01_1_1_23048","",2025-02-10 17:46:51.000,SciMax01,"60932",https://proto-9.pnl.gov/SciMax01/2025_1/60932_1_TOP_1_MAOM_r1_Mag_10Feb25_3p3kV_300SA_p01_1_1_23048,Released
1235687,"60942_2_B_1_WEOM_r1_Mag_07Mar24_300SA_p01_10_1_17004",Buzzard: MONet,2024-03-08 13:48:32.000,SciMax01,"60942",https://proto-9.pnl.gov/SciMax01/2024_1/60942_2_B_1_WEOM_r1_Mag_07Mar24_300SA_p01_10_1_17004,Released
1231087,"60846_5_B_3_WEOM_r1_Mag_16Feb24_300SA_p01_24_1_15270",Buzzard: MONet,2024-02-17 05:36:45.000,SciMax01,"60846",https://proto-9.pnl.gov/SciMax01/2024_1/60846_5_B_3_WEOM_r1_Mag_16Feb24_300SA_p01_24_1_15270,Released
1336558,"60923_14_BTM_1_MAOM_r2_Mag_22Jan25_3p3kV_300SA_p01_7_1_22259","",2025-01-23 15:09:43.000,SciMax01,"60923",https://proto-9.pnl.gov/SciMax01/2025_1/60923_14_BTM_1_MAOM_r2_Mag_22Jan25_3p3kV_300SA_p01_7_1_22259,Released
1335592,"60923_8_TOP_3_MAOM_r3_Mag_13Jan25_3p3kV_300SA_p01_15_1_22135","",2025-01-21 01:03:16.000,SciMax01,"60923",https://proto-9.pnl.gov/SciMax01/2025_1/60923_8_TOP_3_MAOM_r3_Mag_13Jan25_3p3kV_300SA_p01_15_1_22135,Released
1345056,"60929_3_TOP_2_MAOM_r2_Mag_19Feb25_3p3kV_300SA_p01_34_1_23524","",2025-02-23 04:54:11.000,SciMax01,"60929",https://proto-9.pnl.gov/SciMax01/2025_1/60929_3_TOP_2_MAOM_r2_Mag_19Feb25_3p3kV_300SA_p01_34_1_23524,Released
1329145,"60923_6_TOP_3_MAOM_r1_Mag_27Dec24_3p3kV_300SA_p01_33_1_21190","",2024-12-28 02:12:43.000,SciMax01,"60923",https://proto-9.pnl.gov/SciMax01/2024_4/60923_6_TOP_3_MAOM_r1_Mag_27Dec24_3p3kV_300SA_p01_33_1_21190,Released
1235564,"60942_5_T_1_WEOM_r1_Mag_07Mar24_300SA_p01_24_1_16983",Buzzard: MONet,2024-03-08 04:30:07.000,SciMax01,"60942",https://proto-9.pnl.gov/SciMax01/2024_1/60942_5_T_1_WEOM_r1_Mag_07Mar24_300SA_p01_24_1_16983,Released
1220964,"60938_4_T_2_WEOM_r3_Mag_18Jan24_300SA_p01_20_1_14987",Buzzard: MONet,2024-01-24 03:10:09.000,SciMax01,"60938",https://proto-9.pnl.gov/SciMax01/2024_1/60938_4_T_2_WEOM_r3_Mag_18Jan24_300SA_p01_20_1_14987,Released
1338615,"60933_18_BTM_3_MAOM_r3_Mag_29Jan25_3p3kV_300SA_p01_6_1_22665","",2025-01-31 04:26:21.000,SciMax01,"60933",https://proto-9.pnl.gov/SciMax01/2025_1/60933_18_BTM_3_MAOM_r3_Mag_29Jan25_3p3kV_300SA_p01_6_1_22665,Released
1220598,"60933_1_T_3_WEOM_r1_Mag_18Jan24_300SA_p01_3_1_14695",Buzzard: MONet,2024-01-18 17:45:19.000,SciMax01,"60933",https://proto-9.pnl.gov/SciMax01/2024_1/60933_1_T_3_WEOM_r1_Mag_18Jan24_300SA_p01_3_1_14695,Released
1230652,"60946_1_B_3_WEOM_r2_Mag_23Feb24_300SA_p01_43_1_16036",Buzzard: Monet,2024-02-26 18:15:55.000,SciMax01,"60946",https://proto-9.pnl.gov/SciMax01/2024_1/60946_1_B_3_WEOM_r2_Mag_23Feb24_300SA_p01_43_1_16036,Released
1341501,"60932_3_TOP_2_MAOM_r3_Mag_10Feb25_3p3kV_300SA_p01_14_1_23159","",2025-02-12 19:17:17.000,SciMax01,"60932",https://proto-9.pnl.gov/SciMax01/2025_1/60932_3_TOP_2_MAOM_r3_Mag_10Feb25_3p3kV_300SA_p01_14_1_23159,Released
1215856,"60920_1_B_3_WEOM_r3_Mag_21Dec23_300SA_p01_2_1_14182",Data needs to be reviewed,2023-12-26 08:23:21.000,SciMax01,"60920",https://proto-9.pnl.gov/SciMax01/2024_1/60920_1_B_3_WEOM_r3_Mag_21Dec23_300SA_p01_2_1_14182,Released
1314886,"60932_6_BTM_3_WEOM_r1_Mag_01Nov24_4p2kV_p01_2_1_20117",Buzzard: Testing response after Instrument cell clean and lab move,2024-11-02 09:33:41.000,SciMax01,"60938",https://proto-9.pnl.gov/SciMax01/2024_4/60932_6_BTM_3_WEOM_r1_Mag_01Nov24_4p2kV_p01_2_1_20117,Released
1344890,"60942_2_TOP_2_MAOM_r2_Mag_19Feb25_3p3kV_300SA_p01_14_1_23531","",2025-02-23 08:01:44.000,SciMax01,"60942",https://proto-9.pnl.gov/SciMax01/2025_1/60942_2_TOP_2_MAOM_r2_Mag_19Feb25_3p3kV_300SA_p01_14_1_23531,Released
1338269,"60923_11_BTM_3_MAOM_r1_Mag_29Jan25_3p3kV_300SA_p01_40_1_22596","",2025-01-29 21:41:15.000,SciMax01,"60923",https://proto-9.pnl.gov/SciMax01/2025_1/60923_11_BTM_3_MAOM_r1_Mag_29Jan25_3p3kV_300SA_p01_40_1_22596,Released
1329055,"60923_3_TOP_1_MAOM_r2_Mag_27Dec24_3p3kV_300SA_p01_13_1_21255","",2024-12-29 07:10:31.000,SciMax01,"60923",https://proto-9.pnl.gov/SciMax01/2024_4/60923_3_TOP_1_MAOM_r2_Mag_27Dec24_3p3kV_300SA_p01_13_1_21255,Released
1231117,"60933_20_T_2_WEOM_r1_Mag_12Feb24_300SA_p01_5_1_15090",Buzzard: MONet,2024-02-13 20:42:08.000,SciMax01,"60933",https://proto-9.pnl.gov/SciMax01/2024_1/60933_20_T_2_WEOM_r1_Mag_12Feb24_300SA_p01_5_1_15090,Released
1231181,"60933_18_B_2_WEOM_r2_Mag_12Feb24_300SA_p01_47_1_15129",Buzzard: MONet,2024-02-14 13:59:07.000,SciMax01,"60933",https://proto-9.pnl.gov/SciMax01/2024_1/60933_18_B_2_WEOM_r2_Mag_12Feb24_300SA_p01_47_1_15129,Released
1230644,"60946_1_B_3_WEOM_r3_Mag_23Feb24_300SA_p01_43_1_16055",Buzzard: Monet,2024-02-27 02:41:06.000,SciMax01,"60946",https://proto-9.pnl.gov/SciMax01/2024_1/60946_1_B_3_WEOM_r3_Mag_23Feb24_300SA_p01_43_1_16055,Released
1217389,"60923_10_B_1_WEOM_r3_Mag_04Jan24_300SA_p01_20_1_14606",Buzzard: Use this data,2024-01-08 04:30:44.000,SciMax01,"60923",https://proto-9.pnl.gov/SciMax01/2024_1/60923_10_B_1_WEOM_r3_Mag_04Jan24_300SA_p01_20_1_14606,Released
1330859,"60933_10_TOP_2_MAOM_r1_Mag_05Jan25_3p3kV_300SA_p01_51_1_21624","",2025-01-06 03:59:36.000,SciMax01,"60933",https://proto-9.pnl.gov/SciMax01/2025_1/60933_10_TOP_2_MAOM_r1_Mag_05Jan25_3p3kV_300SA_p01_51_1_21624,Released
1329018,"60920_9_TOP_1_MAOM_r3_Mag_23Dec24_3p3kV_300SA_p01_39_1_21137","",2024-12-25 14:58:26.000,SciMax01,"60920",https://proto-9.pnl.gov/SciMax01/2024_4/60920_9_TOP_1_MAOM_r3_Mag_23Dec24_3p3kV_300SA_p01_39_1_21137,Released
1230712,"60932_2_B_1_WEOM_r2_Mag_24Feb24_300SA_p01_6_1_15959",Buzzard: MONet,2024-02-25 08:08:25.000,SciMax01,"60932",https://proto-9.pnl.gov/SciMax01/2024_1/60932_2_B_1_WEOM_r2_Mag_24Feb24_300SA_p01_6_1_15959,Released
1195697,MONet_JT_TEST_Gilson_QC_SRFAII_20ppm_r3_05Oct23_Mag_300SA_p01_54_1_13906,Buzzard: testing,2023-10-06 01:39:52.000,SciMax01,"60141",https://proto-9.pnl.gov/SciMax01/2023_4/MONet_JT_TEST_Gilson_QC_SRFAII_20ppm_r3_05Oct23_Mag_300SA_p01_54_1_13906,Released
1220717,"60933_7_T_3_WEOM_r2_Mag_18Jan24_300SA_p01_36_1_14837",Buzzard: MONet,2024-01-21 08:41:25.000,SciMax01,"60933",https://proto-9.pnl.gov/SciMax01/2024_1/60933_7_T_3_WEOM_r2_Mag_18Jan24_300SA_p01_36_1_14837,Released
1349503,"60933_17_TOP_1_MAOM_r2_Mag_31Jan25_3p3kV_300SA_p01_40_1_22731","",2025-02-01 09:52:00.000,SciMax01,"60933",https://proto-9.pnl.gov/SciMax01/2025_1/60933_17_TOP_1_MAOM_r2_Mag_31Jan25_3p3kV_300SA_p01_40_1_22731,Released
1338874,"60933_20_TOP_1_MAOM_r3_Mag_29Jan25_3p3kV_300SA_p01_13_1_22717","",2025-02-01 03:37:23.000,SciMax01,"60933",https://proto-9.pnl.gov/SciMax01/2025_1/60933_20_TOP_1_MAOM_r3_Mag_29Jan25_3p3kV_300SA_p01_13_1_22717,Released
1215843,"60920_8_T_3_WEOM_r2_Mag_21Dec23_300SA_p01_14_1_14127",Data needs to be reviewed,2023-12-25 08:00:50.000,SciMax01,"60920",https://proto-9.pnl.gov/SciMax01/2024_1/60920_8_T_3_WEOM_r2_Mag_21Dec23_300SA_p01_14_1_14127,Released
1217399,"60923_8_B_3_WEOM_r2_Mag_04Jan24_300SA_p01_24_1_14597",Buzzard: Use this data,2024-01-08 00:31:22.000,SciMax01,"60923",https://proto-9.pnl.gov/SciMax01/2024_1/60923_8_B_3_WEOM_r2_Mag_04Jan24_300SA_p01_24_1_14597,Released
1236338,"60886_5_T_1_WEOM_r3_Mag_10Mar24_300SA_p01_25_1_17262",Buzzard: MONet,2024-03-14 01:53:54.000,SciMax01,"60886",https://proto-9.pnl.gov/SciMax01/2024_1/60886_5_T_1_WEOM_r3_Mag_10Mar24_300SA_p01_25_1_17262,Released
1220752,"60933_4_T_1_WEOM_r3_Mag_18Jan24_300SA_p01_16_1_14907",Buzzard: MONet,2024-01-22 15:42:48.000,SciMax01,"60933",https://proto-9.pnl.gov/SciMax01/2024_1/60933_4_T_1_WEOM_r3_Mag_18Jan24_300SA_p01_16_1_14907,Released
1340018,"60942_6_BTM_3_MAOM_r1_Mag_03Feb25_3p3kV_300SA_p01_28_1_22940","",2025-02-07 06:09:13.000,SciMax01,"60942",https://proto-9.pnl.gov/SciMax01/2025_1/60942_6_BTM_3_MAOM_r1_Mag_03Feb25_3p3kV_300SA_p01_28_1_22940,Released
1220661,"60938_1_B_1_WEOM_r2_Mag_18Jan24_300SA_p01_4_1_14865",Buzzard: MONet,2024-01-21 21:06:01.000,SciMax01,"60938",https://proto-9.pnl.gov/SciMax01/2024_1/60938_1_B_1_WEOM_r2_Mag_18Jan24_300SA_p01_4_1_14865,Released
1335218,"60933_15_BTM_3_MAOM_r3_Mag_13Jan25_3p3kV_300SA_p01_34_1_21923","",2025-01-16 21:36:23.000,SciMax01,"60933",https://proto-9.pnl.gov/SciMax01/2025_1/60933_15_BTM_3_MAOM_r3_Mag_13Jan25_3p3kV_300SA_p01_34_1_21923,Released
1337392,"60886_2_BTM_1_MAOM_r2_Mag_22Jan25_3p3kV_300SA_p01_16_1_22442","",2025-01-27 00:47:04.000,SciMax01,"60886",https://proto-9.pnl.gov/SciMax01/2025_1/60886_2_BTM_1_MAOM_r2_Mag_22Jan25_3p3kV_300SA_p01_16_1_22442,Released
1337391,"60886_1_TOP_1_MAOM_r2_Mag_22Jan25_3p3kV_300SA_p01_7_1_22441","",2025-01-27 00:20:27.000,SciMax01,"60886",https://proto-9.pnl.gov/SciMax01/2025_1/60886_1_TOP_1_MAOM_r2_Mag_22Jan25_3p3kV_300SA_p01_7_1_22441,Released
1234871,"60923_20_B_1_WEOM_r3_Mag_04Mar24_300SA_p01_34_1_16958",Buzzard: MONet,2024-03-07 17:25:21.000,SciMax01,"60923",https://proto-9.pnl.gov/SciMax01/2024_1/60923_20_B_1_WEOM_r3_Mag_04Mar24_300SA_p01_34_1_16958,Released
1338782,"60933_19_BTM_1_MAOM_r3_Mag_29Jan25_3p3kV_300SA_p01_10_1_22694","",2025-01-31 17:22:01.000,SciMax01,"60933",https://proto-9.pnl.gov/SciMax01/2025_1/60933_19_BTM_1_MAOM_r3_Mag_29Jan25_3p3kV_300SA_p01_10_1_22694,Released
1230676,"60932_1_B_2_WEOM_r2_Mag_24Feb24_300SA_p01_2_1_15965",Buzzard: MONet,2024-02-25 10:47:57.000,SciMax01,"60932",https://proto-9.pnl.gov/SciMax01/2024_1/60932_1_B_2_WEOM_r2_Mag_24Feb24_300SA_p01_2_1_15965,Released
1230827,"60932_1_B_2_WEOM_r1_Mag_21Feb24_300SA_p01_2_1_15545",Buzzard: MONet,2024-02-23 05:47:57.000,SciMax01,"60932",https://proto-9.pnl.gov/SciMax01/2024_1/60932_1_B_2_WEOM_r1_Mag_21Feb24_300SA_p01_2_1_15545,Released
1231193,"60933_13_T_2_WEOM_r2_Mag_12Feb24_300SA_p01_14_1_15142",Buzzard: MONet,2024-02-14 19:44:49.000,SciMax01,"60933",https://proto-9.pnl.gov/SciMax01/2024_1/60933_13_T_2_WEOM_r2_Mag_12Feb24_300SA_p01_14_1_15142,Released
1337303,"60886_6_TOP_3_MAOM_r1_Mag_22Jan25_3p3kV_300SA_p01_42_1_22403","",2025-01-26 07:24:12.000,SciMax01,"60886",https://proto-9.pnl.gov/SciMax01/2025_1/60886_6_TOP_3_MAOM_r1_Mag_22Jan25_3p3kV_300SA_p01_42_1_22403,Released
1216030,"60923_10_T_2_WEOM_r1_Mag_26Dec23_300SA_p01_47_1_14251",Buzzard: Data is fine but queue stopped over holiday week so need to shim cell and will run the queue again,2023-12-28 06:13:12.000,SciMax01,"60923",https://proto-9.pnl.gov/SciMax01/2024_1/60923_10_T_2_WEOM_r1_Mag_26Dec23_300SA_p01_47_1_14251,Released
1329100,"60923_4_BTM_1_MAOM_r3_Mag_27Dec24_3p3kV_300SA_p01_22_1_21288","",2024-12-29 21:53:05.000,SciMax01,"60923",https://proto-9.pnl.gov/SciMax01/2024_4/60923_4_BTM_1_MAOM_r3_Mag_27Dec24_3p3kV_300SA_p01_22_1_21288,Released
1220578,"60933_9_T_2_WEOM_r2_Mag_18Jan24_300SA_p01_44_1_14855",Buzzard: MONet,2024-01-21 16:40:07.000,SciMax01,"60933",https://proto-9.pnl.gov/SciMax01/2024_1/60933_9_T_2_WEOM_r2_Mag_18Jan24_300SA_p01_44_1_14855,Released
1341789,"60881_3_BTM_2_MAOM_r1_Mag_10Feb25_3p3kV_300SA_p01_17_1_23212","",2025-02-13 18:53:49.000,SciMax01,"60881",https://proto-9.pnl.gov/SciMax01/2025_1/60881_3_BTM_2_MAOM_r1_Mag_10Feb25_3p3kV_300SA_p01_17_1_23212,Released
1340582,"60938_5_BTM_3_MAOM_r2_Mag_03Feb25_3p3kV_300SA_p01_34_1_22836","",2025-02-05 07:48:41.000,SciMax01,"60938",https://proto-9.pnl.gov/SciMax01/2025_1/60938_5_BTM_3_MAOM_r2_Mag_03Feb25_3p3kV_300SA_p01_34_1_22836,Released
1217441,"60923_10_B_3_WEOM_r3_Mag_04Jan24_300SA_p01_28_1_14683",Buzzard: Use this data,2024-01-09 14:38:11.000,SciMax01,"60923",https://proto-9.pnl.gov/SciMax01/2024_1/60923_10_B_3_WEOM_r3_Mag_04Jan24_300SA_p01_28_1_14683,Released
1234604,"60923_20_B_2_WEOM_r3_Mag_04Mar24_300SA_p01_35_1_16911",Buzzard: MONet,2024-03-06 20:02:26.000,SciMax01,"60923",https://proto-9.pnl.gov/SciMax01/2024_1/60923_20_B_2_WEOM_r3_Mag_04Mar24_300SA_p01_35_1_16911,Released
1481341,QC_SRFAII_25_02_r0_Mag_12Mar26_54_1_32479,"",2026-03-12 16:26:36.000,SciMax01,"61050",https://proto-9.pnl.gov/SciMax01/2026_1/QC_SRFAII_25_02_r0_Mag_12Mar26_54_1_32479,Released
1235663,"60942_1_B_1_WEOM_r2_Mag_07Mar24_300SA_p01_4_1_17021",Buzzard: MONet,2024-03-08 21:21:55.000,SciMax01,"60942",https://proto-9.pnl.gov/SciMax01/2024_1/60942_1_B_1_WEOM_r2_Mag_07Mar24_300SA_p01_4_1_17021,Released
1180740,QC_SRFA_2_2023_01_1w_52_1_13376,Buzzard: QC's and Blanks,2023-08-29 12:05:06.000,SciMax01,"60141",https://proto-9.pnl.gov/SciMax01/2023_3/QC_SRFA_2_2023_01_1w_52_1_13376,Released
1336772,"60923_18_BTM_3_MAOM_r2_Mag_22Jan25_3p3kV_300SA_p01_37_1_22279","",2025-01-24 00:05:40.000,SciMax01,"60923",https://proto-9.pnl.gov/SciMax01/2025_1/60923_18_BTM_3_MAOM_r2_Mag_22Jan25_3p3kV_300SA_p01_37_1_22279,Released
1345068,"60929_1_BTM_2_MAOM_r1_Mag_19Feb25_3p3kV_300SA_p01_25_1_23465","",2025-02-22 02:35:03.000,SciMax01,"60929",https://proto-9.pnl.gov/SciMax01/2025_1/60929_1_BTM_2_MAOM_r1_Mag_19Feb25_3p3kV_300SA_p01_25_1_23465,Released
1235559,"60886_3_T_1_WEOM_r1_Mag_10Mar24_300SA_p01_13_1_17160",Buzzard: MONet,2024-03-12 04:41:48.000,SciMax01,"60886",https://proto-9.pnl.gov/SciMax01/2024_1/60886_3_T_1_WEOM_r1_Mag_10Mar24_300SA_p01_13_1_17160,Released
1215924,"60920_2_T_3_WEOM_r2_Mag_21Dec23_300SA_p01_3_1_14112",Data needs to be reviewed,2023-12-25 01:21:58.000,SciMax01,"60920",https://proto-9.pnl.gov/SciMax01/2024_1/60920_2_T_3_WEOM_r2_Mag_21Dec23_300SA_p01_3_1_14112,Released
1220538,"60938_6_T_1_WEOM_r2_Mag_18Jan24_300SA_p01_31_1_14881",Buzzard: MONet,2024-01-22 04:11:29.000,SciMax01,"60938",https://proto-9.pnl.gov/SciMax01/2024_1/60938_6_T_1_WEOM_r2_Mag_18Jan24_300SA_p01_31_1_14881,Released
1217256,"60923_1_T_2_WEOM_r1_Mag_04Jan24_300SA_p01_29_1_14470",Buzzard: Use this data,2024-01-05 16:14:09.000,SciMax01,"60923",https://proto-9.pnl.gov/SciMax01/2024_1/60923_1_T_2_WEOM_r1_Mag_04Jan24_300SA_p01_29_1_14470,Released
1345100,"60942_2_TOP_3_MAOM_r2_Mag_19Feb25_3p3kV_300SA_p01_15_1_23516","",2025-02-23 01:20:00.000,SciMax01,"60942",https://proto-9.pnl.gov/SciMax01/2025_1/60942_2_TOP_3_MAOM_r2_Mag_19Feb25_3p3kV_300SA_p01_15_1_23516,Released
1252797,"60881_5_T_3_WEOM_r1_Mag_01May24_300SA_p01_24_1_18117","",2024-05-03 23:28:23.000,SciMax01,"60881",https://proto-9.pnl.gov/SciMax01/2024_2/60881_5_T_3_WEOM_r1_Mag_01May24_300SA_p01_24_1_18117,Released
1230938,"60880_3_T_3_WEOM_r2_Mag_16Feb24_300SA_p01_28_1_15407",Buzzard: MONet,2024-02-20 03:23:08.000,SciMax01,"60880",https://proto-9.pnl.gov/SciMax01/2024_1/60880_3_T_3_WEOM_r2_Mag_16Feb24_300SA_p01_28_1_15407,Released
1338290,"60933_20_BTM_1_MAOM_r1_Mag_29Jan25_3p3kV_300SA_p01_16_1_22603","",2025-01-30 00:48:38.000,SciMax01,"60933",https://proto-9.pnl.gov/SciMax01/2025_1/60933_20_BTM_1_MAOM_r1_Mag_29Jan25_3p3kV_300SA_p01_16_1_22603,Released
1338906,"60933_17_TOP_2_MAOM_r1_Mag_31Jan25_3p3kV_300SA_p01_41_1_22728","samples were rerun to check, all good",2025-02-01 08:31:48.000,SciMax01,"60933",https://proto-9.pnl.gov/SciMax01/2025_1/60933_17_TOP_2_MAOM_r1_Mag_31Jan25_3p3kV_300SA_p01_41_1_22728,Released
1253605,"60940_1_B_3_WEOM_r2_Mag_10May24_300SA_p01_6_1_18322","",2024-05-11 18:25:37.000,SciMax01,"60940",https://proto-9.pnl.gov/SciMax01/2024_2/60940_1_B_3_WEOM_r2_Mag_10May24_300SA_p01_6_1_18322,Released
1340505,"60938_1_BTM_1_MAOM_r1_Mag_03Feb25_3p3kV_300SA_p01_4_1_22775","",2025-02-04 04:37:02.000,SciMax01,"60938",https://proto-9.pnl.gov/SciMax01/2025_1/60938_1_BTM_1_MAOM_r1_Mag_03Feb25_3p3kV_300SA_p01_4_1_22775,Released
1336068,"60933_7_BTM_2_MAOM_r3_Mag_20Jan25_3p3kV_300SA_p01_42_1_22146","",2025-01-21 05:57:25.000,SciMax01,"60933",https://proto-9.pnl.gov/SciMax01/2025_1/60933_7_BTM_2_MAOM_r3_Mag_20Jan25_3p3kV_300SA_p01_42_1_22146,Released
1231111,"60846_5_B_2_WEOM_r2_Mag_16Feb24_300SA_p01_23_1_15304",Buzzard: MONet,2024-02-17 20:40:50.000,SciMax01,"60846",https://proto-9.pnl.gov/SciMax01/2024_1/60846_5_B_2_WEOM_r2_Mag_16Feb24_300SA_p01_23_1_15304,Released
1220612,"60933_3_T_2_WEOM_r1_Mag_18Jan24_300SA_p01_11_1_14700",Buzzard: MONet,2024-01-18 19:58:18.000,SciMax01,"60933",https://proto-9.pnl.gov/SciMax01/2024_1/60933_3_T_2_WEOM_r1_Mag_18Jan24_300SA_p01_11_1_14700,Released
1231203,"60933_18_B_2_WEOM_r3_Mag_12Feb24_300SA_p01_47_1_15175",Buzzard: MONet,2024-02-15 10:22:13.000,SciMax01,"60933",https://proto-9.pnl.gov/SciMax01/2024_1/60933_18_B_2_WEOM_r3_Mag_12Feb24_300SA_p01_47_1_15175,Released
1253633,"60940_4_T_1_WEOM_r2_Mag_10May24_300SA_p01_16_1_18313","",2024-05-11 14:26:17.000,SciMax01,"60940",https://proto-9.pnl.gov/SciMax01/2024_2/60940_4_T_1_WEOM_r2_Mag_10May24_300SA_p01_16_1_18313,Released
1032568,"1000S_SRFA_20ppm_run1_Fir_25Apr22_300SA_p01_1_1_3510","",2022-04-25 16:10:37.000,SciMax01,"60141",https://proto-9.pnl.gov/SciMax01/2022_2/1000S_SRFA_20ppm_run1_Fir_25Apr22_300SA_p01_1_1_3510,Released
1344836,"60942_2_BTM_3_MAOM_r1_Mag_19Feb25_3p3kV_300SA_p01_18_1_23476","",2025-02-22 07:28:35.000,SciMax01,"60942",https://proto-9.pnl.gov/SciMax01/2025_1/60942_2_BTM_3_MAOM_r1_Mag_19Feb25_3p3kV_300SA_p01_18_1_23476,Released
1340006,"60920_7_TOP_1_MAOM_r1_Mag_03Feb25_3p3kV_300SA_p01_1_1_22937","",2025-02-07 04:49:01.000,SciMax01,"60920",https://proto-9.pnl.gov/SciMax01/2025_1/60920_7_TOP_1_MAOM_r1_Mag_03Feb25_3p3kV_300SA_p01_1_1_22937,Released
1341174,"60932_6_BTM_1_MAOM_r1_Mag_10Feb25_3p3kV_300SA_p01_38_1_23074","",2025-02-11 05:22:31.000,SciMax01,"60932",https://proto-9.pnl.gov/SciMax01/2025_1/60932_6_BTM_1_MAOM_r1_Mag_10Feb25_3p3kV_300SA_p01_38_1_23074,Released
1341285,"60932_5_TOP_3_MAOM_r2_Mag_10Feb25_3p3kV_300SA_p01_31_1_23107","",2025-02-11 20:04:40.000,SciMax01,"60932",https://proto-9.pnl.gov/SciMax01/2025_1/60932_5_TOP_3_MAOM_r2_Mag_10Feb25_3p3kV_300SA_p01_31_1_23107,Released
1335584,"60923_8_TOP_2_MAOM_r3_Mag_13Jan25_3p3kV_300SA_p01_14_1_22133","",2025-01-21 00:09:49.000,SciMax01,"60923",https://proto-9.pnl.gov/SciMax01/2025_1/60923_8_TOP_2_MAOM_r3_Mag_13Jan25_3p3kV_300SA_p01_14_1_22133,Released
1220607,"60933_10_T_3_WEOM_r1_Mag_18Jan24_300SA_p01_48_1_14704",Buzzard: MONet,2024-01-18 21:44:39.000,SciMax01,"60933",https://proto-9.pnl.gov/SciMax01/2024_1/60933_10_T_3_WEOM_r1_Mag_18Jan24_300SA_p01_48_1_14704,Released
1252801,"60929_1_T_1_WEOM_r1_Mag_01May24_300SA_p01_37_1_18092","",2024-05-03 12:23:39.000,SciMax01,"60929",https://proto-9.pnl.gov/SciMax01/2024_2/60929_1_T_1_WEOM_r1_Mag_01May24_300SA_p01_37_1_18092,Released
1253611,"60940_1_T_3_WEOM_r2_Mag_10May24_300SA_p01_3_1_18325","",2024-05-11 19:45:22.000,SciMax01,"60940",https://proto-9.pnl.gov/SciMax01/2024_2/60940_1_T_3_WEOM_r2_Mag_10May24_300SA_p01_3_1_18325,Released
1216166,"60923_11_B_2_WEOM_r2_Mag_26Dec23_300SA_p01_2_1_14346",Buzzard: Data is fine but queue stopped over holiday week so need to shim cell and will run the queue again,2023-12-30 00:19:18.000,SciMax01,"60923",https://proto-9.pnl.gov/SciMax01/2024_1/60923_11_B_2_WEOM_r2_Mag_26Dec23_300SA_p01_2_1_14346,Released
1272580,"60923_4_T_1_MAOM_r2_Mag_04Jul24_300SA_p01_19_1_19403",Buzzard: testing MAOM samples before the move,2024-07-04 21:32:05.000,SciMax01,"60923",https://proto-9.pnl.gov/SciMax01/2024_3/60923_4_T_1_MAOM_r2_Mag_04Jul24_300SA_p01_19_1_19403,Released
1220600,"60938_6_T_2_WEOM_r2_Mag_18Jan24_300SA_p01_32_1_14896",Buzzard: MONet,2024-01-22 10:50:19.000,SciMax01,"60938",https://proto-9.pnl.gov/SciMax01/2024_1/60938_6_T_2_WEOM_r2_Mag_18Jan24_300SA_p01_32_1_14896,Released
1340075,"60942_6_BTM_3_MAOM_r2_Mag_03Feb25_3p3kV_300SA_p01_28_1_22946","",2025-02-07 08:50:07.000,SciMax01,"60942",https://proto-9.pnl.gov/SciMax01/2025_1/60942_6_BTM_3_MAOM_r2_Mag_03Feb25_3p3kV_300SA_p01_28_1_22946,Released
1252846,"60929_2_B_3_WEOM_r2_Mag_01May24_300SA_p01_48_1_18154","",2024-05-04 15:52:15.000,SciMax01,"60929",https://proto-9.pnl.gov/SciMax01/2024_2/60929_2_B_3_WEOM_r2_Mag_01May24_300SA_p01_48_1_18154,Released
1230972,QC_SRFAII_23_01_10ppm_r3_Mag_16Feb24_300SA_p01_54_1_15341,Buzzard: MONet,2024-02-18 22:08:12.000,SciMax01,"60846",https://proto-9.pnl.gov/SciMax01/2024_1/QC_SRFAII_23_01_10ppm_r3_Mag_16Feb24_300SA_p01_54_1_15341,Released
1328986,"60920_10_TOP_1_MAOM_r1_Mag_23Dec24_3p3kV_300SA_p01_45_1_21032","",2024-12-23 16:09:33.000,SciMax01,"60920",https://proto-9.pnl.gov/SciMax01/2024_4/60920_10_TOP_1_MAOM_r1_Mag_23Dec24_3p3kV_300SA_p01_45_1_21032,Released
1217360,"60923_2_T_2_WEOM_r3_Mag_04Jan24_300SA_p01_31_1_14630",Buzzard: Use this data,2024-01-08 15:08:55.000,SciMax01,"60923",https://proto-9.pnl.gov/SciMax01/2024_1/60923_2_T_2_WEOM_r3_Mag_04Jan24_300SA_p01_31_1_14630,Released
1166670,Test_8M_QC_SRFAII_20ppm_Fir_10Jul23_300SA_p1_4_1_8757,Buzzard: Just testing samples tubes,2023-07-10 16:25:25.000,"15T_FTICR_I","60141",https://proto-9.pnl.gov/15T_FTICR_I/2023_3/Test_8M_QC_SRFAII_20ppm_Fir_10Jul23_300SA_p1_4_1_8757,Released
1338665,"60923_10_TOP_1_MAOM_r3_Mag_29Jan25_3p3kV_300SA_p01_25_1_22680","",2025-01-31 11:07:43.000,SciMax01,"60923",https://proto-9.pnl.gov/SciMax01/2025_1/60923_10_TOP_1_MAOM_r3_Mag_29Jan25_3p3kV_300SA_p01_25_1_22680,Released
1220562,"60933_4_B_2_WEOM_r2_Mag_18Jan24_300SA_p01_20_1_14834",Buzzard: MONet,2024-01-21 07:21:39.000,SciMax01,"60933",https://proto-9.pnl.gov/SciMax01/2024_1/60933_4_B_2_WEOM_r2_Mag_18Jan24_300SA_p01_20_1_14834,Released
1328917,"60920_8_BTM_2_MAOM_r3_Mag_23Dec24_3p3kV_300SA_p01_37_1_21151","",2024-12-25 21:12:14.000,SciMax01,"60920",https://proto-9.pnl.gov/SciMax01/2024_4/60920_8_BTM_2_MAOM_r3_Mag_23Dec24_3p3kV_300SA_p01_37_1_21151,Released
1344934,"60920_4_BTM_1_MAOM_r1_Mag_19Feb25_3p3kV_300SA_p01_22_1_23357","",2025-02-20 02:25:14.000,SciMax01,"60920",https://proto-9.pnl.gov/SciMax01/2025_1/60920_4_BTM_1_MAOM_r1_Mag_19Feb25_3p3kV_300SA_p01_22_1_23357,Released
1338293,"60923_13_TOP_3_MAOM_r2_Mag_29Jan25_3p3kV_300SA_p01_48_1_22604","",2025-01-30 01:15:25.000,SciMax01,"60923",https://proto-9.pnl.gov/SciMax01/2025_1/60923_13_TOP_3_MAOM_r2_Mag_29Jan25_3p3kV_300SA_p01_48_1_22604,Released
1231051,"60846_7_T_2_WEOM_r2_Mag_16Feb24_300SA_p01_26_1_15287",Buzzard: MONet,2024-02-17 13:08:48.000,SciMax01,"60846",https://proto-9.pnl.gov/SciMax01/2024_1/60846_7_T_2_WEOM_r2_Mag_16Feb24_300SA_p01_26_1_15287,Released
1216002,"60920_7_T_1_WEOM_r3_Mag_21Dec23_300SA_p01_13_1_14154",Data needs to be reviewed,2023-12-25 19:58:46.000,SciMax01,"60920",https://proto-9.pnl.gov/SciMax01/2024_1/60920_7_T_1_WEOM_r3_Mag_21Dec23_300SA_p01_13_1_14154,Released
1342080,"60881_3_BTM_2_MAOM_r3_Mag_10Feb25_3p3kV_300SA_p01_17_1_23295","",2025-02-15 07:55:02.000,SciMax01,"60881",https://proto-9.pnl.gov/SciMax01/2025_1/60881_3_BTM_2_MAOM_r3_Mag_10Feb25_3p3kV_300SA_p01_17_1_23295,Released
1341824,"60881_3_BTM_1_MAOM_r1_Mag_10Feb25_3p3kV_300SA_p01_16_1_23219","",2025-02-13 22:01:22.000,SciMax01,"60881",https://proto-9.pnl.gov/SciMax01/2025_1/60881_3_BTM_1_MAOM_r1_Mag_10Feb25_3p3kV_300SA_p01_16_1_23219,Released
1220640,"60938_2_T_3_WEOM_r1_Mag_18Jan24_300SA_p01_9_1_14794",Buzzard: MONet,2024-01-20 13:37:57.000,SciMax01,"60938",https://proto-9.pnl.gov/SciMax01/2024_1/60938_2_T_3_WEOM_r1_Mag_18Jan24_300SA_p01_9_1_14794,Released
1340133,"60920_7_TOP_2_MAOM_r2_Mag_03Feb25_3p3kV_300SA_p01_2_1_22958","",2025-02-07 14:10:55.000,SciMax01,"60920",https://proto-9.pnl.gov/SciMax01/2025_1/60920_7_TOP_2_MAOM_r2_Mag_03Feb25_3p3kV_300SA_p01_2_1_22958,Released
1335235,"60933_16_TOP_2_MAOM_r2_Mag_13Jan25_3p3kV_300SA_p01_36_1_21839","",2025-01-15 08:07:14.000,SciMax01,"60933",https://proto-9.pnl.gov/SciMax01/2025_1/60933_16_TOP_2_MAOM_r2_Mag_13Jan25_3p3kV_300SA_p01_36_1_21839,Released
1231113,"60933_19_T_1_WEOM_r2_Mag_12Feb24_300SA_p01_49_1_15148",Buzzard: MONet,2024-02-14 22:24:21.000,SciMax01,"60933",https://proto-9.pnl.gov/SciMax01/2024_1/60933_19_T_1_WEOM_r2_Mag_12Feb24_300SA_p01_49_1_15148,Released
1236290,"60886_1_T_2_WEOM_r2_Mag_10Mar24_300SA_p01_2_1_17212",Buzzard: MONet,2024-03-13 03:44:28.000,SciMax01,"60886",https://proto-9.pnl.gov/SciMax01/2024_1/60886_1_T_2_WEOM_r2_Mag_10Mar24_300SA_p01_2_1_17212,Released
1231221,"60846_12_T_1_WEOM_r1_Mag_16Feb24_300SA_p01_31_1_15247",Buzzard: MONet,2024-02-16 19:25:11.000,SciMax01,"60846",https://proto-9.pnl.gov/SciMax01/2024_1/60846_12_T_1_WEOM_r1_Mag_16Feb24_300SA_p01_31_1_15247,Released
1341895,"60881_5_BTM_1_MAOM_r2_Mag_10Feb25_3p3kV_300SA_p01_28_1_23237","",2025-02-14 06:03:27.000,SciMax01,"60881",https://proto-9.pnl.gov/SciMax01/2025_1/60881_5_BTM_1_MAOM_r2_Mag_10Feb25_3p3kV_300SA_p01_28_1_23237,Released
1220712,"60933_8_T_3_WEOM_r1_Mag_18Jan24_300SA_p01_42_1_14731",Buzzard: MONet,2024-01-19 09:42:37.000,SciMax01,"60933",https://proto-9.pnl.gov/SciMax01/2024_1/60933_8_T_3_WEOM_r1_Mag_18Jan24_300SA_p01_42_1_14731,Released
1253698,"60940_4_B_3_WEOM_r1_Mag_10May24_300SA_p01_21_1_18265","",2024-05-10 17:09:53.000,SciMax01,"60940",https://proto-9.pnl.gov/SciMax01/2024_2/60940_4_B_3_WEOM_r1_Mag_10May24_300SA_p01_21_1_18265,Released
1341747,"60881_6_BTM_1_MAOM_r1_Mag_10Feb25_3p3kV_300SA_p01_34_1_23198","",2025-02-13 12:39:26.000,SciMax01,"60881",https://proto-9.pnl.gov/SciMax01/2025_1/60881_6_BTM_1_MAOM_r1_Mag_10Feb25_3p3kV_300SA_p01_34_1_23198,Released
1314888,"60938_5_TOP_2_WEOM_r1_Mag_01Nov24_3p3kV_p01_24_1_20104",Buzzard: Testing response after Instrument cell clean and lab move,2024-11-02 03:46:43.000,SciMax01,"60938",https://proto-9.pnl.gov/SciMax01/2024_4/60938_5_TOP_2_WEOM_r1_Mag_01Nov24_3p3kV_p01_24_1_20104,Released
1090507,"1000s_SRFAII_20ppm_07_25Oct22_Mag_300SA_p01_101_1_7014","",2022-10-28 13:03:49.000,SciMax01,"60141",https://proto-9.pnl.gov/SciMax01/2022_4/1000s_SRFAII_20ppm_07_25Oct22_Mag_300SA_p01_101_1_7014,Released
1234635,"60923_21_B_1_WEOM_r2_Mag_04Mar24_300SA_p01_40_1_16876",Buzzard: MONet,2024-03-06 04:31:49.000,SciMax01,"60923",https://proto-9.pnl.gov/SciMax01/2024_1/60923_21_B_1_WEOM_r2_Mag_04Mar24_300SA_p01_40_1_16876,Released
1340603,"60938_6_TOP_3_MAOM_r2_Mag_03Feb25_3p3kV_300SA_p01_37_1_22815","",2025-02-04 22:26:36.000,SciMax01,"60938",https://proto-9.pnl.gov/SciMax01/2025_1/60938_6_TOP_3_MAOM_r2_Mag_03Feb25_3p3kV_300SA_p01_37_1_22815,Released
1338658,"60923_11_BTM_3_MAOM_r3_Mag_29Jan25_3p3kV_300SA_p01_40_1_22678","",2025-01-31 10:14:09.000,SciMax01,"60923",https://proto-9.pnl.gov/SciMax01/2025_1/60923_11_BTM_3_MAOM_r3_Mag_29Jan25_3p3kV_300SA_p01_40_1_22678,Released
1336442,"60923_17_TOP_1_MAOM_r1_Mag_22Jan25_3p3kV_300SA_p01_22_1_22233","",2025-01-23 03:34:02.000,SciMax01,"60923",https://proto-9.pnl.gov/SciMax01/2025_1/60923_17_TOP_1_MAOM_r1_Mag_22Jan25_3p3kV_300SA_p01_22_1_22233,Released
1231044,"60933_13_B_1_WEOM_r2_Mag_12Feb24_300SA_p01_16_1_15155",Buzzard: MONet,2024-02-15 01:30:27.000,SciMax01,"60933",https://proto-9.pnl.gov/SciMax01/2024_1/60933_13_B_1_WEOM_r2_Mag_12Feb24_300SA_p01_16_1_15155,Released
1230939,"60846_2_B_1_WEOM_r3_Mag_16Feb24_300SA_p01_16_1_15344",Buzzard: MONet,2024-02-18 23:27:58.000,SciMax01,"60846",https://proto-9.pnl.gov/SciMax01/2024_1/60846_2_B_1_WEOM_r3_Mag_16Feb24_300SA_p01_16_1_15344,Released
1231257,"60933_18_B_3_WEOM_r1_Mag_12Feb24_300SA_p01_48_1_15088",Buzzard: MONet,2024-02-13 19:48:56.000,SciMax01,"60933",https://proto-9.pnl.gov/SciMax01/2024_1/60933_18_B_3_WEOM_r1_Mag_12Feb24_300SA_p01_48_1_15088,Released
1234589,"60923_17_T_2_WEOM_r3_Mag_04Mar24_300SA_p01_14_1_16908",Buzzard: MONet,2024-03-06 18:42:39.000,SciMax01,"60923",https://proto-9.pnl.gov/SciMax01/2024_1/60923_17_T_2_WEOM_r3_Mag_04Mar24_300SA_p01_14_1_16908,Released
1180785,QC_SRFA_2_2023_01_1w_54_1_13414,Buzzard: QC's and Blanks,2023-08-30 04:55:31.000,SciMax01,"60141",https://proto-9.pnl.gov/SciMax01/2023_3/QC_SRFA_2_2023_01_1w_54_1_13414,Released
1252848,"60881_4_T_2_WEOM_r1_Mag_01May24_300SA_p01_17_1_18113","",2024-05-03 21:42:02.000,SciMax01,"60881",https://proto-9.pnl.gov/SciMax01/2024_2/60881_4_T_2_WEOM_r1_Mag_01May24_300SA_p01_17_1_18113,Released
1337432,"60923_21_TOP_2_MAOM_r2_Mag_22Jan25_3p3kV_300SA_p01_2_1_22456","",2025-01-27 07:01:42.000,SciMax01,"60923",https://proto-9.pnl.gov/SciMax01/2025_1/60923_21_TOP_2_MAOM_r2_Mag_22Jan25_3p3kV_300SA_p01_2_1_22456,Released
1230998,"60880_2_B_2_WEOM_r1_Mag_16Feb24_300SA_p01_24_1_15376",Buzzard: MONet,2024-02-19 13:38:52.000,SciMax01,"60880",https://proto-9.pnl.gov/SciMax01/2024_1/60880_2_B_2_WEOM_r1_Mag_16Feb24_300SA_p01_24_1_15376,Released
1340400,"60942_6_BTM_1_MAOM_r3_Mag_03Feb25_3p3kV_300SA_p01_26_1_23029","",2025-02-08 21:50:18.000,SciMax01,"60942",https://proto-9.pnl.gov/SciMax01/2025_1/60942_6_BTM_1_MAOM_r3_Mag_03Feb25_3p3kV_300SA_p01_26_1_23029,Released
1338230,"60933_18_TOP_2_MAOM_r1_Mag_29Jan25_3p3kV_300SA_p01_2_1_22584","",2025-01-29 16:20:04.000,SciMax01,"60933",https://proto-9.pnl.gov/SciMax01/2025_1/60933_18_TOP_2_MAOM_r1_Mag_29Jan25_3p3kV_300SA_p01_2_1_22584,Released
1220687,"60938_2_B_1_WEOM_r1_Mag_18Jan24_300SA_p01_10_1_14762",Buzzard: MONet,2024-01-19 23:26:58.000,SciMax01,"60938",https://proto-9.pnl.gov/SciMax01/2024_1/60938_2_B_1_WEOM_r1_Mag_18Jan24_300SA_p01_10_1_14762,Released
1344855,"60929_2_TOP_2_MAOM_r1_Mag_19Feb25_3p3kV_300SA_p01_28_1_23494","",2025-02-22 15:30:40.000,SciMax01,"60929",https://proto-9.pnl.gov/SciMax01/2025_1/60929_2_TOP_2_MAOM_r1_Mag_19Feb25_3p3kV_300SA_p01_28_1_23494,Released
1328924,"60940_2_BTM_2_MAOM_r3_Mag_23Dec24_3p3kV_300SA_p01_11_1_21107","",2024-12-25 01:35:17.000,SciMax01,"60940",https://proto-9.pnl.gov/SciMax01/2024_4/60940_2_BTM_2_MAOM_r3_Mag_23Dec24_3p3kV_300SA_p01_11_1_21107,Released
1230720,"60932_2_B_2_WEOM_r2_Mag_24Feb24_300SA_p01_7_1_15951",Buzzard: MONet,2024-02-25 04:35:39.000,SciMax01,"60932",https://proto-9.pnl.gov/SciMax01/2024_1/60932_2_B_2_WEOM_r2_Mag_24Feb24_300SA_p01_7_1_15951,Released
1328981,"60920_8_BTM_1_MAOM_r3_Mag_23Dec24_3p3kV_300SA_p01_36_1_21142","",2024-12-25 17:11:43.000,SciMax01,"60920",https://proto-9.pnl.gov/SciMax01/2024_4/60920_8_BTM_1_MAOM_r3_Mag_23Dec24_3p3kV_300SA_p01_36_1_21142,Released
1252878,"60929_1_B_1_WEOM_r3_Mag_01May24_300SA_p01_40_1_18204","",2024-05-05 14:01:50.000,SciMax01,"60929",https://proto-9.pnl.gov/SciMax01/2024_2/60929_1_B_1_WEOM_r3_Mag_01May24_300SA_p01_40_1_18204,Released
1336562,"60923_20_BTM_3_MAOM_r2_Mag_22Jan25_3p3kV_300SA_p01_49_1_22260","",2025-01-23 15:36:30.000,SciMax01,"60923",https://proto-9.pnl.gov/SciMax01/2025_1/60923_20_BTM_3_MAOM_r2_Mag_22Jan25_3p3kV_300SA_p01_49_1_22260,Released
1216157,"60923_12_T_1_WEOM_r1_Mag_26Dec23_300SA_p01_23_1_14210",Buzzard: Data is fine but queue stopped over holiday week so need to shim cell and will run the queue again,2023-12-27 12:03:00.000,SciMax01,"60923",https://proto-9.pnl.gov/SciMax01/2024_1/60923_12_T_1_WEOM_r1_Mag_26Dec23_300SA_p01_23_1_14210,Released
1329766,"60880_3_TOP_2_MAOM_r2_Mag_27Dec24_3p3kV_300SA_p01_2_1_21385","",2024-12-31 17:07:03.000,SciMax01,"60880",https://proto-9.pnl.gov/SciMax01/2024_4/60880_3_TOP_2_MAOM_r2_Mag_27Dec24_3p3kV_300SA_p01_2_1_21385,Released
1231266,"60846_12_B_2_WEOM_r2_Mag_16Feb24_300SA_p01_35_1_15313",Buzzard: MONet,2024-02-18 00:40:12.000,SciMax01,"60846",https://proto-9.pnl.gov/SciMax01/2024_1/60846_12_B_2_WEOM_r2_Mag_16Feb24_300SA_p01_35_1_15313,Released
1328838,"60940_4_TOP_2_MAOM_r1_Mag_19Dec24_3p3kV_300SA_p01_20_1_20987","",2024-12-20 05:37:30.000,SciMax01,"60940",https://proto-9.pnl.gov/SciMax01/2024_4/60940_4_TOP_2_MAOM_r1_Mag_19Dec24_3p3kV_300SA_p01_20_1_20987,Released
1231199,QC_SRFAII_23_01_10ppm_r2_Mag_16Feb24_300SA_p01_54_1_15301,Buzzard: MONet,2024-02-17 19:21:04.000,SciMax01,"60846",https://proto-9.pnl.gov/SciMax01/2024_1/QC_SRFAII_23_01_10ppm_r2_Mag_16Feb24_300SA_p01_54_1_15301,Released
1252884,"60881_3_T_3_WEOM_r3_Mag_01May24_300SA_p01_12_1_18203","",2024-05-05 13:35:17.000,SciMax01,"60881",https://proto-9.pnl.gov/SciMax01/2024_2/60881_3_T_3_WEOM_r3_Mag_01May24_300SA_p01_12_1_18203,Released
1335344,"60933_14_BTM_2_MAOM_r2_Mag_13Jan25_3p3kV_300SA_p01_27_1_21866","",2025-01-15 20:10:40.000,SciMax01,"60933",https://proto-9.pnl.gov/SciMax01/2025_1/60933_14_BTM_2_MAOM_r2_Mag_13Jan25_3p3kV_300SA_p01_27_1_21866,Released
1217435,"60923_13_B_3_WEOM_r2_Mag_04Jan24_300SA_p01_34_1_14569",Buzzard: Use this data,2024-01-07 12:06:46.000,SciMax01,"60923",https://proto-9.pnl.gov/SciMax01/2024_1/60923_13_B_3_WEOM_r2_Mag_04Jan24_300SA_p01_34_1_14569,Released
1215878,"60920_9_B_2_WEOM_r1_Mag_21Dec23_300SA_p01_36_1_14015",Data needs to be reviewed,2023-12-22 05:15:15.000,SciMax01,"60920",https://proto-9.pnl.gov/SciMax01/2024_1/60920_9_B_2_WEOM_r1_Mag_21Dec23_300SA_p01_36_1_14015,Released
1272589,"60923_2_B_3_MAOM_r2_Mag_04Jul24_300SA_p01_12_1_19397",Buzzard: testing MAOM samples before the move,2024-07-04 18:52:32.000,SciMax01,"60923",https://proto-9.pnl.gov/SciMax01/2024_3/60923_2_B_3_MAOM_r2_Mag_04Jul24_300SA_p01_12_1_19397,Released
1215992,"60920_4_T_2_WEOM_r3_Mag_21Dec23_300SA_p01_26_1_14156",Data needs to be reviewed,2023-12-25 20:51:58.000,SciMax01,"60920",https://proto-9.pnl.gov/SciMax01/2024_1/60920_4_T_2_WEOM_r3_Mag_21Dec23_300SA_p01_26_1_14156,Released
1340604,"60938_6_TOP_3_MAOM_r3_Mag_03Feb25_3p3kV_300SA_p01_37_1_22884","",2025-02-06 05:11:40.000,SciMax01,"60938",https://proto-9.pnl.gov/SciMax01/2025_1/60938_6_TOP_3_MAOM_r3_Mag_03Feb25_3p3kV_300SA_p01_37_1_22884,Released
1231204,"60933_19_T_1_WEOM_r1_Mag_12Feb24_300SA_p01_49_1_15040",Buzzard: MONet,2024-02-12 22:24:32.000,SciMax01,"60933",https://proto-9.pnl.gov/SciMax01/2024_1/60933_19_T_1_WEOM_r1_Mag_12Feb24_300SA_p01_49_1_15040,Released
1234667,QC_SRFAII_23_01_10ppm_WEOM_r3_Mag_04Mar24_300SA_p01_54_1_16924,Buzzard: MONet,2024-03-07 01:48:08.000,SciMax01,"60923",https://proto-9.pnl.gov/SciMax01/2024_1/QC_SRFAII_23_01_10ppm_WEOM_r3_Mag_04Mar24_300SA_p01_54_1_16924,Released
1340575,"60938_4_TOP_1_MAOM_r3_Mag_03Feb25_3p3kV_300SA_p01_19_1_22882","",2025-02-06 04:18:14.000,SciMax01,"60938",https://proto-9.pnl.gov/SciMax01/2025_1/60938_4_TOP_1_MAOM_r3_Mag_03Feb25_3p3kV_300SA_p01_19_1_22882,Released
1217457,"60923_14_B_1_WEOM_r3_Mag_04Jan24_300SA_p01_28_1_14605",Buzzard: Use this data,2024-01-08 04:04:07.000,SciMax01,"60923",https://proto-9.pnl.gov/SciMax01/2024_1/60923_14_B_1_WEOM_r3_Mag_04Jan24_300SA_p01_28_1_14605,Released
1337227,"60923_14_TOP_1_MAOM_r3_Mag_22Jan25_3p3kV_300SA_p01_4_1_22375","",2025-01-25 18:55:15.000,SciMax01,"60923",https://proto-9.pnl.gov/SciMax01/2025_1/60923_14_TOP_1_MAOM_r3_Mag_22Jan25_3p3kV_300SA_p01_4_1_22375,Released
1341330,"60932_6_BTM_1_MAOM_r2_Mag_10Feb25_3p3kV_300SA_p01_38_1_23127","",2025-02-12 05:00:20.000,SciMax01,"60932",https://proto-9.pnl.gov/SciMax01/2025_1/60932_6_BTM_1_MAOM_r2_Mag_10Feb25_3p3kV_300SA_p01_38_1_23127,Released
1235679,"60942_1_T_2_WEOM_r1_Mag_07Mar24_300SA_p01_2_1_17002",Buzzard: MONet,2024-03-08 12:55:21.000,SciMax01,"60942",https://proto-9.pnl.gov/SciMax01/2024_1/60942_1_T_2_WEOM_r1_Mag_07Mar24_300SA_p01_2_1_17002,Released
1215831,"60920_4_T_3_WEOM_r1_Mag_21Dec23_300SA_p01_7_1_14040",Data needs to be reviewed,2023-12-22 16:20:00.000,SciMax01,"60920",https://proto-9.pnl.gov/SciMax01/2024_1/60920_4_T_3_WEOM_r1_Mag_21Dec23_300SA_p01_7_1_14040,Released
1336225,"60923_17_TOP_3_MAOM_r1_Mag_22Jan25_3p3kV_300SA_p01_24_1_22211","",2025-01-22 17:45:59.000,SciMax01,"60923",https://proto-9.pnl.gov/SciMax01/2025_1/60923_17_TOP_3_MAOM_r1_Mag_22Jan25_3p3kV_300SA_p01_24_1_22211,Released
1337194,"60923_20_TOP_3_MAOM_r3_Mag_22Jan25_3p3kV_300SA_p01_46_1_22361","",2025-01-25 12:40:10.000,SciMax01,"60923",https://proto-9.pnl.gov/SciMax01/2025_1/60923_20_TOP_3_MAOM_r3_Mag_22Jan25_3p3kV_300SA_p01_46_1_22361,Released
1235569,"60886_2_T_1_WEOM_r1_Mag_10Mar24_300SA_p01_7_1_17154",Buzzard: MONet,2024-03-12 02:02:16.000,SciMax01,"60886",https://proto-9.pnl.gov/SciMax01/2024_1/60886_2_T_1_WEOM_r1_Mag_10Mar24_300SA_p01_7_1_17154,Released
1344762,"60920_2_BTM_3_MAOM_r1_Mag_19Feb25_3p3kV_300SA_p01_12_1_23352","",2025-02-20 00:11:37.000,SciMax01,"60920",https://proto-9.pnl.gov/SciMax01/2025_1/60920_2_BTM_3_MAOM_r1_Mag_19Feb25_3p3kV_300SA_p01_12_1_23352,Released
1230958,"60846_7_T_2_WEOM_r3_Mag_16Feb24_300SA_p01_26_1_15337",Buzzard: MONet,2024-02-18 20:21:49.000,SciMax01,"60846",https://proto-9.pnl.gov/SciMax01/2024_1/60846_7_T_2_WEOM_r3_Mag_16Feb24_300SA_p01_26_1_15337,Released
1230641,"60946_2_B_1_WEOM_r3_Mag_23Feb24_300SA_p01_36_1_16054",Buzzard: Monet,2024-02-27 02:14:31.000,SciMax01,"60946",https://proto-9.pnl.gov/SciMax01/2024_1/60946_2_B_1_WEOM_r3_Mag_23Feb24_300SA_p01_36_1_16054,Released
1344884,"60942_1_TOP_1_MAOM_r1_Mag_19Feb25_3p3kV_300SA_p01_7_1_23492","",2025-02-22 14:37:04.000,SciMax01,"60942",https://proto-9.pnl.gov/SciMax01/2025_1/60942_1_TOP_1_MAOM_r1_Mag_19Feb25_3p3kV_300SA_p01_7_1_23492,Released
1349527,"60933_3_TOP_1_MAOM_r3_Mag_20Jan25_3p3kV_300SA_p01_10_1_22191","",2025-01-22 02:00:24.000,SciMax01,"60933",https://proto-9.pnl.gov/SciMax01/2025_1/60933_3_TOP_1_MAOM_r3_Mag_20Jan25_3p3kV_300SA_p01_10_1_22191,Released
1253610,"60940_1_T_2_WEOM_r1_Mag_10May24_300SA_p01_2_1_18274","",2024-05-10 21:09:13.000,SciMax01,"60940",https://proto-9.pnl.gov/SciMax01/2024_2/60940_1_T_2_WEOM_r1_Mag_10May24_300SA_p01_2_1_18274,Released
1165412,"20230707_QC_SRFAII_20ppm_8M_300SA_p1_000001",Buzzard: Just testing samples tubes,2023-07-07 13:07:55.000,"15T_FTICR_I","60141",https://proto-9.pnl.gov/15T_FTICR_I/2023_3/20230707_QC_SRFAII_20ppm_8M_300SA_p1_000001,Released
1329362,"60880_4_BTM_3_MAOM_r1_Mag_27Dec24_3p3kV_300SA_p01_12_1_21328","",2024-12-30 15:43:25.000,SciMax01,"60880",https://proto-9.pnl.gov/SciMax01/2024_4/60880_4_BTM_3_MAOM_r1_Mag_27Dec24_3p3kV_300SA_p01_12_1_21328,Released
1231013,"60846_12_B_2_WEOM_r3_Mag_16Feb24_300SA_p01_35_1_15350",Buzzard: MONet,2024-02-19 02:07:31.000,SciMax01,"60846",https://proto-9.pnl.gov/SciMax01/2024_1/60846_12_B_2_WEOM_r3_Mag_16Feb24_300SA_p01_35_1_15350,Released
1180762,QC_SRFA_2_2023_01_54_1_13314,Buzzard: QC's and Blanks,2023-08-26 14:21:54.000,SciMax01,"60141",https://proto-9.pnl.gov/SciMax01/2023_3/QC_SRFA_2_2023_01_54_1_13314,Released
1337312,"60923_21_BTM_2_MAOM_r1_Mag_22Jan25_3p3kV_300SA_p01_5_1_22407","",2025-01-26 09:11:41.000,SciMax01,"60923",https://proto-9.pnl.gov/SciMax01/2025_1/60923_21_BTM_2_MAOM_r1_Mag_22Jan25_3p3kV_300SA_p01_5_1_22407,Released
1329091,"60923_6_TOP_1_MAOM_r3_Mag_27Dec24_3p3kV_300SA_p01_31_1_21299","",2024-12-30 02:47:54.000,SciMax01,"60923",https://proto-9.pnl.gov/SciMax01/2024_4/60923_6_TOP_1_MAOM_r3_Mag_27Dec24_3p3kV_300SA_p01_31_1_21299,Released
1272563,"60923_3_B_3_MAOM_r1_Mag_03Jul24_300SA_p01_18_1_19354",Buzzard: testing MAOM samples before the move,2024-07-03 17:37:49.000,SciMax01,"60923",https://proto-9.pnl.gov/SciMax01/2024_3/60923_3_B_3_MAOM_r1_Mag_03Jul24_300SA_p01_18_1_19354,Released
1329030,"60923_5_BTM_2_MAOM_r3_Mag_27Dec24_3p3kV_300SA_p01_29_1_21301","",2024-12-30 03:41:18.000,SciMax01,"60923",https://proto-9.pnl.gov/SciMax01/2024_4/60923_5_BTM_2_MAOM_r3_Mag_27Dec24_3p3kV_300SA_p01_29_1_21301,Released
1252920,QC_SRFAII_23_01_10ppm_WEOM_r3_Mag_01May24_300SA_p01_54_1_18194,"",2024-05-05 09:35:57.000,SciMax01,"60929",https://proto-9.pnl.gov/SciMax01/2024_2/QC_SRFAII_23_01_10ppm_WEOM_r3_Mag_01May24_300SA_p01_54_1_18194,Released
1180789,QC_SRFA_2_2023_01_54_1_13292,Buzzard: QC's and Blanks,2023-08-26 04:36:52.000,SciMax01,"60141",https://proto-9.pnl.gov/SciMax01/2023_3/QC_SRFA_2_2023_01_54_1_13292,Released
1337962,"60923_11_TOP_3_MAOM_r1_Mag_29Jan25_3p3kV_300SA_p01_33_1_22550","",2025-01-29 01:09:31.000,SciMax01,"60923",https://proto-9.pnl.gov/SciMax01/2025_1/60923_11_TOP_3_MAOM_r1_Mag_29Jan25_3p3kV_300SA_p01_33_1_22550,Released
1234860,"60923_21_T_3_WEOM_r3_Mag_04Mar24_300SA_p01_39_1_16963",Buzzard: MONet,2024-03-07 19:38:19.000,SciMax01,"60923",https://proto-9.pnl.gov/SciMax01/2024_1/60923_21_T_3_WEOM_r3_Mag_04Mar24_300SA_p01_39_1_16963,Released
1480456,QC_SRFAII_old_09Mar26_Fir_52_1_32466,"",2026-03-09 14:02:05.000,SciMax01,"61050",https://proto-9.pnl.gov/SciMax01/2026_1/QC_SRFAII_old_09Mar26_Fir_52_1_32466,Released
1220645,"60938_6_T_3_WEOM_r2_Mag_18Jan24_300SA_p01_33_1_14885",Buzzard: MONet,2024-01-22 05:57:51.000,SciMax01,"60938",https://proto-9.pnl.gov/SciMax01/2024_1/60938_6_T_3_WEOM_r2_Mag_18Jan24_300SA_p01_33_1_14885,Released
1330870,"60933_3_BTM_3_MAOM_r1_Mag_05Jan25_3p3kV_300SA_p01_15_1_21628","",2025-01-06 05:46:45.000,SciMax01,"60933",https://proto-9.pnl.gov/SciMax01/2025_1/60933_3_BTM_3_MAOM_r1_Mag_05Jan25_3p3kV_300SA_p01_15_1_21628,Released
1330203,"60846_5_TOP_3_MAOM_r1_Mag_02Jan25_3p3kV_300SA_p01_9_1_21449","",2025-01-02 21:58:05.000,SciMax01,"60846",https://proto-9.pnl.gov/SciMax01/2025_1/60846_5_TOP_3_MAOM_r1_Mag_02Jan25_3p3kV_300SA_p01_9_1_21449,Released
1344812,"60942_3_TOP_1_MAOM_r2_Mag_19Feb25_3p3kV_300SA_p01_19_1_23518","",2025-02-23 02:13:36.000,SciMax01,"60942",https://proto-9.pnl.gov/SciMax01/2025_1/60942_3_TOP_1_MAOM_r2_Mag_19Feb25_3p3kV_300SA_p01_19_1_23518,Released
1230805,"60932_1_T_2_WEOM_r1_Mag_21Feb24_300SA_p01_50_1_15537",Buzzard: MONet,2024-02-23 02:15:14.000,SciMax01,"60932",https://proto-9.pnl.gov/SciMax01/2024_1/60932_1_T_2_WEOM_r1_Mag_21Feb24_300SA_p01_50_1_15537,Released
1337263,"60886_4_BTM_3_MAOM_r1_Mag_22Jan25_3p3kV_300SA_p01_34_1_22388","",2025-01-26 00:43:03.000,SciMax01,"60886",https://proto-9.pnl.gov/SciMax01/2025_1/60886_4_BTM_3_MAOM_r1_Mag_22Jan25_3p3kV_300SA_p01_34_1_22388,Released
1484273,QC_SRFAII_25_02_r1_Mag_25Mar26_54_1_32622,"",2026-03-25 22:47:08.000,SciMax01,"61050",https://proto-9.pnl.gov/SciMax01/2026_1/QC_SRFAII_25_02_r1_Mag_25Mar26_54_1_32622,Released
1215818,"60920_4_B_1_WEOM_r3_Mag_21Dec23_300SA_p01_8_1_14140",Data needs to be reviewed,2023-12-25 13:46:31.000,SciMax01,"60920",https://proto-9.pnl.gov/SciMax01/2024_1/60920_4_B_1_WEOM_r3_Mag_21Dec23_300SA_p01_8_1_14140,Released
1340022,"60946_1_TOP_2_MAOM_r1_Mag_03Feb25_3p3kV_300SA_p01_30_1_22941","",2025-02-07 06:36:00.000,SciMax01,"60946",https://proto-9.pnl.gov/SciMax01/2025_1/60946_1_TOP_2_MAOM_r1_Mag_03Feb25_3p3kV_300SA_p01_30_1_22941,Released
1330729,"60846_7_TOP_1_MAOM_r3_Mag_02Jan25_3p3kV_300SA_p01_13_1_21559","",2025-01-04 23:01:03.000,SciMax01,"60846",https://proto-9.pnl.gov/SciMax01/2025_1/60846_7_TOP_1_MAOM_r3_Mag_02Jan25_3p3kV_300SA_p01_13_1_21559,Released
1230981,"60880_4_T_2_WEOM_r3_Mag_16Feb24_300SA_p01_33_1_15445",Buzzard: MONet,2024-02-20 20:13:34.000,SciMax01,"60880",https://proto-9.pnl.gov/SciMax01/2024_1/60880_4_T_2_WEOM_r3_Mag_16Feb24_300SA_p01_33_1_15445,Released
1314862,"60938_5_TOP_2_WEOM_r1_Mag_01Nov24_4p2kV_p01_24_1_20141",Buzzard: Testing response after Instrument cell clean and lab move,2024-11-02 20:14:11.000,SciMax01,"60938",https://proto-9.pnl.gov/SciMax01/2024_4/60938_5_TOP_2_WEOM_r1_Mag_01Nov24_4p2kV_p01_24_1_20141,Released
1215909,"60920_6_T_2_WEOM_r3_Mag_21Dec23_300SA_p01_30_1_14177",Data needs to be reviewed,2023-12-26 06:10:23.000,SciMax01,"60920",https://proto-9.pnl.gov/SciMax01/2024_1/60920_6_T_2_WEOM_r3_Mag_21Dec23_300SA_p01_30_1_14177,Released
1345540,"60880_6_TOP_2_MAOM_r2_Mag_26Feb25_3p3kV_300SA_p01_42_1_23853","",2025-03-03 03:28:45.000,SciMax01,"60880",https://proto-9.pnl.gov/SciMax01/2025_1/60880_6_TOP_2_MAOM_r2_Mag_26Feb25_3p3kV_300SA_p01_42_1_23853,Released
1230859,"60932_1_B_1_WEOM_r1_Mag_21Feb24_300SA_p01_1_1_15519",Buzzard: MONet,2024-02-22 18:16:40.000,SciMax01,"60932",https://proto-9.pnl.gov/SciMax01/2024_1/60932_1_B_1_WEOM_r1_Mag_21Feb24_300SA_p01_1_1_15519,Released
1216173,"60923_7_T_1_WEOM_r1_Mag_26Dec23_300SA_p01_13_1_14222",Buzzard: Data is fine but queue stopped over holiday week so need to shim cell and will run the queue again,2023-12-27 17:22:06.000,SciMax01,"60923",https://proto-9.pnl.gov/SciMax01/2024_1/60923_7_T_1_WEOM_r1_Mag_26Dec23_300SA_p01_13_1_14222,Released
1217521,"60923_9_B_2_WEOM_r1_Mag_04Jan24_300SA_p01_46_1_14469",Buzzard: Use this data,2024-01-05 15:47:33.000,SciMax01,"60923",https://proto-9.pnl.gov/SciMax01/2024_1/60923_9_B_2_WEOM_r1_Mag_04Jan24_300SA_p01_46_1_14469,Released
1330195,"60880_1_TOP_1_MAOM_r1_Mag_02Jan25_3p3kV_300SA_p01_35_1_21446","",2025-01-02 20:37:53.000,SciMax01,"60880",https://proto-9.pnl.gov/SciMax01/2025_1/60880_1_TOP_1_MAOM_r1_Mag_02Jan25_3p3kV_300SA_p01_35_1_21446,Released
1252858,"60929_1_T_3_WEOM_r1_Mag_01May24_300SA_p01_39_1_18096","",2024-05-03 14:10:00.000,SciMax01,"60929",https://proto-9.pnl.gov/SciMax01/2024_2/60929_1_T_3_WEOM_r1_Mag_01May24_300SA_p01_39_1_18096,Released
1230693,"60932_4_T_2_WEOM_r2_Mag_24Feb24_300SA_p01_16_1_15920",Buzzard: MONet,2024-02-24 14:51:21.000,SciMax01,"60932",https://proto-9.pnl.gov/SciMax01/2024_1/60932_4_T_2_WEOM_r2_Mag_24Feb24_300SA_p01_16_1_15920,Released
984642,Bowmann_ICR_1000Soils_SRFAII_1_r1_Magnolia_24Nov21_2w_P01_1_1_1116,"",2021-11-24 09:18:53.000,SciMax01,"60141",https://proto-9.pnl.gov/SciMax01/2021_4/Bowmann_ICR_1000Soils_SRFAII_1_r1_Magnolia_24Nov21_2w_P01_1_1_1116,Released
1328863,"60940_1_TOP_3_MAOM_r1_Mag_19Dec24_3p3kV_300SA_p01_3_1_20999","",2024-12-20 10:58:50.000,SciMax01,"60940",https://proto-9.pnl.gov/SciMax01/2024_4/60940_1_TOP_3_MAOM_r1_Mag_19Dec24_3p3kV_300SA_p01_3_1_20999,Released
1252886,"60881_6_T_1_WEOM_r3_Mag_01May24_300SA_p01_28_1_18220","",2024-05-05 21:07:21.000,SciMax01,"60881",https://proto-9.pnl.gov/SciMax01/2024_2/60881_6_T_1_WEOM_r3_Mag_01May24_300SA_p01_28_1_18220,Released
1231104,"60846_2_T_2_WEOM_r1_Mag_16Feb24_300SA_p01_14_1_15269",Buzzard: MONet,2024-02-17 05:10:11.000,SciMax01,"60846",https://proto-9.pnl.gov/SciMax01/2024_1/60846_2_T_2_WEOM_r1_Mag_16Feb24_300SA_p01_14_1_15269,Released
1337435,"60886_3_BTM_1_MAOM_r2_Mag_22Jan25_3p3kV_300SA_p01_26_1_22457","",2025-01-27 07:28:19.000,SciMax01,"60886",https://proto-9.pnl.gov/SciMax01/2025_1/60886_3_BTM_1_MAOM_r2_Mag_22Jan25_3p3kV_300SA_p01_26_1_22457,Released
1272606,QC_SRFAII_23_01_10ppm_MAOM_r0_Mag_04Jul24_300SA_p01_54_1_19381,Buzzard: testing MAOM samples before the move,2024-07-04 11:47:08.000,SciMax01,"60923",https://proto-9.pnl.gov/SciMax01/2024_3/QC_SRFAII_23_01_10ppm_MAOM_r0_Mag_04Jul24_300SA_p01_54_1_19381,Released
1337097,"60923_15_TOP_2_MAOM_r3_Mag_22Jan25_3p3kV_300SA_p01_11_1_22348","",2025-01-25 06:51:34.000,SciMax01,"60923",https://proto-9.pnl.gov/SciMax01/2025_1/60923_15_TOP_2_MAOM_r3_Mag_22Jan25_3p3kV_300SA_p01_11_1_22348,Released
1329565,"60880_4_TOP_2_MAOM_r2_Mag_27Dec24_3p3kV_300SA_p01_8_1_21374","",2024-12-31 12:13:13.000,SciMax01,"60880",https://proto-9.pnl.gov/SciMax01/2024_4/60880_4_TOP_2_MAOM_r2_Mag_27Dec24_3p3kV_300SA_p01_8_1_21374,Released
1235591,"60886_6_B_2_WEOM_r1_Mag_10Mar24_300SA_p01_35_1_17162",Buzzard: MONet,2024-03-12 05:35:00.000,SciMax01,"60886",https://proto-9.pnl.gov/SciMax01/2024_1/60886_6_B_2_WEOM_r1_Mag_10Mar24_300SA_p01_35_1_17162,Released
1220729,"60933_4_B_1_WEOM_r2_Mag_18Jan24_300SA_p01_19_1_14827",Buzzard: MONet,2024-01-21 04:15:30.000,SciMax01,"60933",https://proto-9.pnl.gov/SciMax01/2024_1/60933_4_B_1_WEOM_r2_Mag_18Jan24_300SA_p01_19_1_14827,Released
1230655,"60932_3_T_3_WEOM_r2_Mag_24Feb24_300SA_p01_11_1_15939",Buzzard: MONet,2024-02-24 23:16:34.000,SciMax01,"60932",https://proto-9.pnl.gov/SciMax01/2024_1/60932_3_T_3_WEOM_r2_Mag_24Feb24_300SA_p01_11_1_15939,Released
1338472,"60923_10_BTM_2_MAOM_r2_Mag_29Jan25_3p3kV_300SA_p01_29_1_22626","",2025-01-30 11:02:48.000,SciMax01,"60923",https://proto-9.pnl.gov/SciMax01/2025_1/60923_10_BTM_2_MAOM_r2_Mag_29Jan25_3p3kV_300SA_p01_29_1_22626,Released
1344996,"60920_4_BTM_3_MAOM_r3_Mag_19Feb25_3p3kV_300SA_p01_24_1_23436","",2025-02-21 13:38:14.000,SciMax01,"60920",https://proto-9.pnl.gov/SciMax01/2025_1/60920_4_BTM_3_MAOM_r3_Mag_19Feb25_3p3kV_300SA_p01_24_1_23436,Released
1235623,"60942_6_T_3_WEOM_r3_Mag_07Mar24_300SA_p01_32_1_17089",Buzzard: MONet,2024-03-10 20:21:46.000,SciMax01,"60942",https://proto-9.pnl.gov/SciMax01/2024_1/60942_6_T_3_WEOM_r3_Mag_07Mar24_300SA_p01_32_1_17089,Released
1331083,"60933_2_BTM_3_MAOM_r2_Mag_05Jan25_3p3kV_300SA_p01_9_1_21693","",2025-01-07 10:45:48.000,SciMax01,"60933",https://proto-9.pnl.gov/SciMax01/2025_1/60933_2_BTM_3_MAOM_r2_Mag_05Jan25_3p3kV_300SA_p01_9_1_21693,Released
1336066,"60933_3_BTM_2_MAOM_r3_Mag_20Jan25_3p3kV_300SA_p01_14_1_22168","",2025-01-21 15:44:43.000,SciMax01,"60933",https://proto-9.pnl.gov/SciMax01/2025_1/60933_3_BTM_2_MAOM_r3_Mag_20Jan25_3p3kV_300SA_p01_14_1_22168,Released
1331018,"60933_7_TOP_3_MAOM_r2_Mag_05Jan25_3p3kV_300SA_p01_40_1_21675","",2025-01-07 02:43:53.000,SciMax01,"60933",https://proto-9.pnl.gov/SciMax01/2025_1/60933_7_TOP_3_MAOM_r2_Mag_05Jan25_3p3kV_300SA_p01_40_1_21675,Released
1331539,"60933_2_TOP_3_MAOM_r3_Mag_05Jan25_3p3kV_300SA_p01_6_1_21752",data good just rerun,2025-01-09 07:43:16.000,SciMax01,"60933",https://proto-9.pnl.gov/SciMax01/2025_1/60933_2_TOP_3_MAOM_r3_Mag_05Jan25_3p3kV_300SA_p01_6_1_21752,Released
1215841,"60920_10_T_3_WEOM_r1_Mag_21Dec23_300SA_p01_18_1_14041",Data needs to be reviewed,2023-12-22 16:46:36.000,SciMax01,"60920",https://proto-9.pnl.gov/SciMax01/2024_1/60920_10_T_3_WEOM_r1_Mag_21Dec23_300SA_p01_18_1_14041,Released
1330838,"60933_10_TOP_1_MAOM_r1_Mag_05Jan25_3p3kV_300SA_p01_50_1_21613","",2025-01-05 23:05:23.000,SciMax01,"60933",https://proto-9.pnl.gov/SciMax01/2025_1/60933_10_TOP_1_MAOM_r1_Mag_05Jan25_3p3kV_300SA_p01_50_1_21613,Released
1329600,"60921_3_TOP_3_MAOM_r2_Mag_27Dec24_3p3kV_300SA_p01_15_1_21378","",2024-12-31 14:00:11.000,SciMax01,"60921",https://proto-9.pnl.gov/SciMax01/2024_4/60921_3_TOP_3_MAOM_r2_Mag_27Dec24_3p3kV_300SA_p01_15_1_21378,Released
1220583,"60933_7_T_1_WEOM_r2_Mag_18Jan24_300SA_p01_34_1_14830",Buzzard: MONet,2024-01-21 05:35:16.000,SciMax01,"60933",https://proto-9.pnl.gov/SciMax01/2024_1/60933_7_T_1_WEOM_r2_Mag_18Jan24_300SA_p01_34_1_14830,Released
1252826,"60881_1_T_2_WEOM_r2_Mag_01May24_300SA_p01_46_1_18150","",2024-05-04 14:05:52.000,SciMax01,"60881",https://proto-9.pnl.gov/SciMax01/2024_2/60881_1_T_2_WEOM_r2_Mag_01May24_300SA_p01_46_1_18150,Released
1216133,"60923_10_B_3_WEOM_r1_Mag_26Dec23_300SA_p01_28_1_14267",Buzzard: Data is fine but queue stopped over holiday week so need to shim cell and will run the queue again,2023-12-28 13:18:39.000,SciMax01,"60923",https://proto-9.pnl.gov/SciMax01/2024_1/60923_10_B_3_WEOM_r1_Mag_26Dec23_300SA_p01_28_1_14267,Released
1341769,"60881_5_BTM_1_MAOM_r1_Mag_10Feb25_3p3kV_300SA_p01_28_1_23208","",2025-02-13 17:06:50.000,SciMax01,"60881",https://proto-9.pnl.gov/SciMax01/2025_1/60881_5_BTM_1_MAOM_r1_Mag_10Feb25_3p3kV_300SA_p01_28_1_23208,Released
1236324,"60886_2_T_2_WEOM_r2_Mag_10Mar24_300SA_p01_8_1_17219",Buzzard: MONet,2024-03-13 06:50:35.000,SciMax01,"60886",https://proto-9.pnl.gov/SciMax01/2024_1/60886_2_T_2_WEOM_r2_Mag_10Mar24_300SA_p01_8_1_17219,Released
1220996,"60938_5_B_3_WEOM_r3_Mag_18Jan24_300SA_p01_30_1_14965",Buzzard: MONet,2024-01-23 17:25:08.000,SciMax01,"60938",https://proto-9.pnl.gov/SciMax01/2024_1/60938_5_B_3_WEOM_r3_Mag_18Jan24_300SA_p01_30_1_14965,Released
1329025,"60940_4_BTM_1_MAOM_r3_Mag_23Dec24_3p3kV_300SA_p01_22_1_21115","",2024-12-25 05:09:06.000,SciMax01,"60940",https://proto-9.pnl.gov/SciMax01/2024_4/60940_4_BTM_1_MAOM_r3_Mag_23Dec24_3p3kV_300SA_p01_22_1_21115,Released
1231283,"60933_11_T_2_WEOM_r1_Mag_12Feb24_300SA_p01_2_1_15078",Buzzard: MONet,2024-02-13 15:23:04.000,SciMax01,"60933",https://proto-9.pnl.gov/SciMax01/2024_1/60933_11_T_2_WEOM_r1_Mag_12Feb24_300SA_p01_2_1_15078,Released
1341979,"60881_3_BTM_2_MAOM_r2_Mag_10Feb25_3p3kV_300SA_p01_17_1_23264","",2025-02-14 18:05:59.000,SciMax01,"60881",https://proto-9.pnl.gov/SciMax01/2025_1/60881_3_BTM_2_MAOM_r2_Mag_10Feb25_3p3kV_300SA_p01_17_1_23264,Released
1337572,"60886_5_TOP_3_MAOM_r2_Mag_22Jan25_3p3kV_300SA_p01_37_1_22471","",2025-01-27 13:43:17.000,SciMax01,"60886",https://proto-9.pnl.gov/SciMax01/2025_1/60886_5_TOP_3_MAOM_r2_Mag_22Jan25_3p3kV_300SA_p01_37_1_22471,Released
1314819,"60933_5_TOP_1_WEOM_r1_Mag_01Nov24_4p2kV_p01_27_1_20144",Buzzard: Testing response after Instrument cell clean and lab move,2024-11-02 21:34:23.000,SciMax01,"60938",https://proto-9.pnl.gov/SciMax01/2024_4/60933_5_TOP_1_WEOM_r1_Mag_01Nov24_4p2kV_p01_27_1_20144,Released
1230818,"60932_3_T_1_WEOM_r1_Mag_21Feb24_300SA_p01_9_1_15531",Buzzard: MONet,2024-02-22 23:35:44.000,SciMax01,"60932",https://proto-9.pnl.gov/SciMax01/2024_1/60932_3_T_1_WEOM_r1_Mag_21Feb24_300SA_p01_9_1_15531,Released
1231128,"60933_17_T_1_WEOM_r1_Mag_12Feb24_300SA_p01_37_1_15044",Buzzard: MONet,2024-02-13 00:10:53.000,SciMax01,"60933",https://proto-9.pnl.gov/SciMax01/2024_1/60933_17_T_1_WEOM_r1_Mag_12Feb24_300SA_p01_37_1_15044,Released
1328843,"60920_8_BTM_3_MAOM_r1_Mag_19Dec24_3p3kV_300SA_p01_38_1_21003","",2024-12-20 12:45:31.000,SciMax01,"60920",https://proto-9.pnl.gov/SciMax01/2024_4/60920_8_BTM_3_MAOM_r1_Mag_19Dec24_3p3kV_300SA_p01_38_1_21003,Released
1180743,QC_SRFA_2_2023_01_52_1_13239,Buzzard: QC's and Blanks,2023-08-25 05:07:37.000,SciMax01,"60141",https://proto-9.pnl.gov/SciMax01/2023_3/QC_SRFA_2_2023_01_52_1_13239,Released
1338362,"60923_10_TOP_1_MAOM_r2_Mag_29Jan25_3p3kV_300SA_p01_25_1_22622","",2025-01-30 09:15:58.000,SciMax01,"60923",https://proto-9.pnl.gov/SciMax01/2025_1/60923_10_TOP_1_MAOM_r2_Mag_29Jan25_3p3kV_300SA_p01_25_1_22622,Released
1252815,"60881_3_B_3_WEOM_r1_Mag_01May24_300SA_p01_15_1_18124","",2024-05-04 02:34:29.000,SciMax01,"60881",https://proto-9.pnl.gov/SciMax01/2024_2/60881_3_B_3_WEOM_r1_Mag_01May24_300SA_p01_15_1_18124,Released
1335362,"60933_16_BTM_2_MAOM_r1_Mag_13Jan25_3p3kV_300SA_p01_38_1_21808","",2025-01-14 18:16:42.000,SciMax01,"60933",https://proto-9.pnl.gov/SciMax01/2025_1/60933_16_BTM_2_MAOM_r1_Mag_13Jan25_3p3kV_300SA_p01_38_1_21808,Released
1216048,"60923_13_T_2_WEOM_r1_Mag_26Dec23_300SA_p01_5_1_14244",Buzzard: Data is fine but queue stopped over holiday week so need to shim cell and will run the queue again,2023-12-28 03:07:04.000,SciMax01,"60923",https://proto-9.pnl.gov/SciMax01/2024_1/60923_13_T_2_WEOM_r1_Mag_26Dec23_300SA_p01_5_1_14244,Released
1344975,"60920_1_BTM_1_MAOM_r2_Mag_19Feb25_3p3kV_300SA_p01_4_1_23400","",2025-02-20 21:34:29.000,SciMax01,"60920",https://proto-9.pnl.gov/SciMax01/2025_1/60920_1_BTM_1_MAOM_r2_Mag_19Feb25_3p3kV_300SA_p01_4_1_23400,Released
1314782,"60923_4_T_1_MAOM_r2_Mag_01Nov24_300SA_4p2kV_p01_19_1_20205",Buzzard: Testing response after Instrument cell clean and lab move,2024-11-05 10:24:33.000,SciMax01,"60923",https://proto-9.pnl.gov/SciMax01/2024_4/60923_4_T_1_MAOM_r2_Mag_01Nov24_300SA_4p2kV_p01_19_1_20205,Released
1252939,"60881_2_B_2_WEOM_r2_Mag_01May24_300SA_p01_8_1_18176","",2024-05-05 01:37:21.000,SciMax01,"60881",https://proto-9.pnl.gov/SciMax01/2024_2/60881_2_B_2_WEOM_r2_Mag_01May24_300SA_p01_8_1_18176,Released
1342063,"60881_3_TOP_2_MAOM_r3_Mag_10Feb25_3p3kV_300SA_p01_14_1_23290","",2025-02-15 05:41:17.000,SciMax01,"60881",https://proto-9.pnl.gov/SciMax01/2025_1/60881_3_TOP_2_MAOM_r3_Mag_10Feb25_3p3kV_300SA_p01_14_1_23290,Released
1252954,"60881_4_T_3_WEOM_r3_Mag_01May24_300SA_p01_18_1_18209","",2024-05-05 16:14:49.000,SciMax01,"60881",https://proto-9.pnl.gov/SciMax01/2024_2/60881_4_T_3_WEOM_r3_Mag_01May24_300SA_p01_18_1_18209,Released
1215807,"60920_8_T_2_WEOM_r2_Mag_21Dec23_300SA_p01_33_1_14100",Data needs to be reviewed,2023-12-24 20:02:52.000,SciMax01,"60920",https://proto-9.pnl.gov/SciMax01/2024_1/60920_8_T_2_WEOM_r2_Mag_21Dec23_300SA_p01_33_1_14100,Released
1314767,"60923_2_B_3_MAOM_r1_Mag_01Nov24_300SA_3p3kV_p01_12_1_20180",Buzzard: Testing response after Instrument cell clean and lab move,2024-11-04 23:18:15.000,SciMax01,"60923",https://proto-9.pnl.gov/SciMax01/2024_4/60923_2_B_3_MAOM_r1_Mag_01Nov24_300SA_3p3kV_p01_12_1_20180,Released
1165455,MONet_Test_QC_SRFAII_20ppm_Fir_07Jul23_300SA_p1_2_1_8731,Buzzard: Just testing samples tubes,2023-07-07 14:27:36.000,"15T_FTICR_I","60141",https://proto-9.pnl.gov/15T_FTICR_I/2023_3/MONet_Test_QC_SRFAII_20ppm_Fir_07Jul23_300SA_p1_2_1_8731,Released
1230630,"60946_2_T_3_WEOM_r3_Mag_23Feb24_300SA_p01_35_1_16063",Buzzard: Monet,2024-02-27 06:13:52.000,SciMax01,"60946",https://proto-9.pnl.gov/SciMax01/2024_1/60946_2_T_3_WEOM_r3_Mag_23Feb24_300SA_p01_35_1_16063,Released
1221017,"60933_9_T_2_WEOM_r3_Mag_18Jan24_300SA_p01_44_1_14958",Buzzard: MONet,2024-01-23 14:19:00.000,SciMax01,"60933",https://proto-9.pnl.gov/SciMax01/2024_1/60933_9_T_2_WEOM_r3_Mag_18Jan24_300SA_p01_44_1_14958,Released
1337036,"60923_13_BTM_1_MAOM_r3_Mag_22Jan25_3p3kV_300SA_p01_1_1_22330","",2025-01-24 22:50:14.000,SciMax01,"60923",https://proto-9.pnl.gov/SciMax01/2025_1/60923_13_BTM_1_MAOM_r3_Mag_22Jan25_3p3kV_300SA_p01_1_1_22330,Released
1335323,"60933_14_BTM_2_MAOM_r1_Mag_13Jan25_3p3kV_300SA_p01_27_1_21795","",2025-01-14 12:28:54.000,SciMax01,"60933",https://proto-9.pnl.gov/SciMax01/2025_1/60933_14_BTM_2_MAOM_r1_Mag_13Jan25_3p3kV_300SA_p01_27_1_21795,Released
1340304,"60942_5_BTM_1_MAOM_r3_Mag_03Feb25_3p3kV_300SA_p01_16_1_22998","",2025-02-08 08:01:04.000,SciMax01,"60942",https://proto-9.pnl.gov/SciMax01/2025_1/60942_5_BTM_1_MAOM_r3_Mag_03Feb25_3p3kV_300SA_p01_16_1_22998,Released
1349510,"60933_17_TOP_3_MAOM_r2_Mag_31Jan25_3p3kV_300SA_p01_42_1_22732","",2025-02-01 10:18:46.000,SciMax01,"60933",https://proto-9.pnl.gov/SciMax01/2025_1/60933_17_TOP_3_MAOM_r2_Mag_31Jan25_3p3kV_300SA_p01_42_1_22732,Released
1338323,"60923_10_BTM_1_MAOM_r2_Mag_29Jan25_3p3kV_300SA_p01_28_1_22615","",2025-01-30 06:09:07.000,SciMax01,"60923",https://proto-9.pnl.gov/SciMax01/2025_1/60923_10_BTM_1_MAOM_r2_Mag_29Jan25_3p3kV_300SA_p01_28_1_22615,Released
1314832,"60881_4_TOP_2_WEOM_r1_Mag_01Nov24_4p2kV_p01_21_1_20138",Buzzard: Testing response after Instrument cell clean and lab move,2024-11-02 18:54:09.000,SciMax01,"60938",https://proto-9.pnl.gov/SciMax01/2024_4/60881_4_TOP_2_WEOM_r1_Mag_01Nov24_4p2kV_p01_21_1_20138,Released
1231021,"60880_4_B_1_WEOM_r2_Mag_16Feb24_300SA_p01_35_1_15413",Buzzard: MONet,2024-02-20 06:02:41.000,SciMax01,"60880",https://proto-9.pnl.gov/SciMax01/2024_1/60880_4_B_1_WEOM_r2_Mag_16Feb24_300SA_p01_35_1_15413,Released
1489517,"20260410_QC_SRFAII_A_r3_Mag_53_1_32677","",2026-04-11 02:30:22.000,SciMax01,"61050",https://proto-9.pnl.gov/SciMax01/2026_2/20260410_QC_SRFAII_A_r3_Mag_53_1_32677,Released
1341938,"60881_3_TOP_1_MAOM_r2_Mag_10Feb25_3p3kV_300SA_p01_13_1_23253","",2025-02-14 13:11:36.000,SciMax01,"60881",https://proto-9.pnl.gov/SciMax01/2025_1/60881_3_TOP_1_MAOM_r2_Mag_10Feb25_3p3kV_300SA_p01_13_1_23253,Released
1215832,"60920_4_T_1_WEOM_r1_Mag_21Dec23_300SA_p01_7_1_13998",Data needs to be reviewed,2023-12-21 21:43:11.000,SciMax01,"60920",https://proto-9.pnl.gov/SciMax01/2024_1/60920_4_T_1_WEOM_r1_Mag_21Dec23_300SA_p01_7_1_13998,Released
1337385,"60886_2_TOP_1_MAOM_r2_Mag_22Jan25_3p3kV_300SA_p01_13_1_22439","",2025-01-26 23:27:01.000,SciMax01,"60886",https://proto-9.pnl.gov/SciMax01/2025_1/60886_2_TOP_1_MAOM_r2_Mag_22Jan25_3p3kV_300SA_p01_13_1_22439,Released
1345083,"60920_4_BTM_2_MAOM_r3_Mag_19Feb25_3p3kV_300SA_p01_23_1_23430","",2025-02-21 10:57:18.000,SciMax01,"60920",https://proto-9.pnl.gov/SciMax01/2025_1/60920_4_BTM_2_MAOM_r3_Mag_19Feb25_3p3kV_300SA_p01_23_1_23430,Released
1231154,"60933_12_B_3_WEOM_r1_Mag_12Feb24_300SA_p01_12_1_15037",Buzzard: MONet,2024-02-12 21:04:47.000,SciMax01,"60933",https://proto-9.pnl.gov/SciMax01/2024_1/60933_12_B_3_WEOM_r1_Mag_12Feb24_300SA_p01_12_1_15037,Released
1341863,"60881_1_TOP_3_MAOM_r1_Mag_10Feb25_3p3kV_300SA_p01_3_1_23229","",2025-02-14 02:29:36.000,SciMax01,"60881",https://proto-9.pnl.gov/SciMax01/2025_1/60881_1_TOP_3_MAOM_r1_Mag_10Feb25_3p3kV_300SA_p01_3_1_23229,Released
1235662,"60942_2_B_3_WEOM_r3_Mag_07Mar24_300SA_p01_12_1_17090",Buzzard: MONet,2024-03-10 20:48:21.000,SciMax01,"60942",https://proto-9.pnl.gov/SciMax01/2024_1/60942_2_B_3_WEOM_r3_Mag_07Mar24_300SA_p01_12_1_17090,Released
1235659,"60942_4_T_1_WEOM_r2_Mag_07Mar24_300SA_p01_18_1_17017",Buzzard: MONet,2024-03-08 19:35:33.000,SciMax01,"60942",https://proto-9.pnl.gov/SciMax01/2024_1/60942_4_T_1_WEOM_r2_Mag_07Mar24_300SA_p01_18_1_17017,Released
1217354,"60923_9_T_2_WEOM_r3_Mag_04Jan24_300SA_p01_45_1_14651",Buzzard: Use this data,2024-01-09 00:27:19.000,SciMax01,"60923",https://proto-9.pnl.gov/SciMax01/2024_1/60923_9_T_2_WEOM_r3_Mag_04Jan24_300SA_p01_45_1_14651,Released
1253630,"60940_2_B_3_WEOM_r3_Mag_10May24_300SA_p01_12_1_18358","",2024-05-12 10:22:50.000,SciMax01,"60940",https://proto-9.pnl.gov/SciMax01/2024_2/60940_2_B_3_WEOM_r3_Mag_10May24_300SA_p01_12_1_18358,Released
1329812,"60880_4_TOP_2_MAOM_r3_Mag_27Dec24_3p3kV_300SA_p01_8_1_21401","",2025-01-01 00:15:02.000,SciMax01,"60880",https://proto-9.pnl.gov/SciMax01/2025_1/60880_4_TOP_2_MAOM_r3_Mag_27Dec24_3p3kV_300SA_p01_8_1_21401,Released
1235554,"60942_5_B_3_WEOM_r1_Mag_07Mar24_300SA_p01_29_1_16989",Buzzard: MONet,2024-03-08 07:09:40.000,SciMax01,"60942",https://proto-9.pnl.gov/SciMax01/2024_1/60942_5_B_3_WEOM_r1_Mag_07Mar24_300SA_p01_29_1_16989,Released
1236328,"60886_1_T_3_WEOM_r3_Mag_10Mar24_300SA_p01_3_1_17228",Buzzard: MONet,2024-03-13 10:49:53.000,SciMax01,"60886",https://proto-9.pnl.gov/SciMax01/2024_1/60886_1_T_3_WEOM_r3_Mag_10Mar24_300SA_p01_3_1_17228,Released
1217343,"60923_10_B_3_WEOM_r2_Mag_04Jan24_300SA_p01_28_1_14585",Buzzard: Use this data,2024-01-07 19:12:15.000,SciMax01,"60923",https://proto-9.pnl.gov/SciMax01/2024_1/60923_10_B_3_WEOM_r2_Mag_04Jan24_300SA_p01_28_1_14585,Released
1230702,"60932_3_T_2_WEOM_r2_Mag_24Feb24_300SA_p01_10_1_15926",Buzzard: MONet,2024-02-24 17:30:54.000,SciMax01,"60932",https://proto-9.pnl.gov/SciMax01/2024_1/60932_3_T_2_WEOM_r2_Mag_24Feb24_300SA_p01_10_1_15926,Released
1340237,"60946_1_TOP_3_MAOM_r2_Mag_03Feb25_3p3kV_300SA_p01_31_1_22978","",2025-02-07 23:05:54.000,SciMax01,"60946",https://proto-9.pnl.gov/SciMax01/2025_1/60946_1_TOP_3_MAOM_r2_Mag_03Feb25_3p3kV_300SA_p01_31_1_22978,Released
1340552,"60938_3_TOP_1_MAOM_r2_Mag_03Feb25_3p3kV_300SA_p01_13_1_22804","",2025-02-04 17:33:01.000,SciMax01,"60938",https://proto-9.pnl.gov/SciMax01/2025_1/60938_3_TOP_1_MAOM_r2_Mag_03Feb25_3p3kV_300SA_p01_13_1_22804,Released
1338460,"60923_11_TOP_2_MAOM_r2_Mag_29Jan25_3p3kV_300SA_p01_32_1_22623","",2025-01-30 09:42:45.000,SciMax01,"60923",https://proto-9.pnl.gov/SciMax01/2025_1/60923_11_TOP_2_MAOM_r2_Mag_29Jan25_3p3kV_300SA_p01_32_1_22623,Released
1338034,"60933_19_TOP_1_MAOM_r1_Mag_29Jan25_3p3kV_300SA_p01_7_1_22567","",2025-01-29 08:44:47.000,SciMax01,"60933",https://proto-9.pnl.gov/SciMax01/2025_1/60933_19_TOP_1_MAOM_r1_Mag_29Jan25_3p3kV_300SA_p01_7_1_22567,Released
1329948,"60846_2_BTM_1_MAOM_r1_Mag_02Jan25_3p3kV_300SA_p01_4_1_21428","",2025-01-02 12:35:49.000,SciMax01,"60846",https://proto-9.pnl.gov/SciMax01/2025_1/60846_2_BTM_1_MAOM_r1_Mag_02Jan25_3p3kV_300SA_p01_4_1_21428,Released
1337431,"60886_5_BTM_3_MAOM_r2_Mag_22Jan25_3p3kV_300SA_p01_39_1_22455","",2025-01-27 06:34:55.000,SciMax01,"60886",https://proto-9.pnl.gov/SciMax01/2025_1/60886_5_BTM_3_MAOM_r2_Mag_22Jan25_3p3kV_300SA_p01_39_1_22455,Released
1336258,"60923_20_BTM_1_MAOM_r1_Mag_22Jan25_3p3kV_300SA_p01_47_1_22216","",2025-01-22 19:59:37.000,SciMax01,"60923",https://proto-9.pnl.gov/SciMax01/2025_1/60923_20_BTM_1_MAOM_r1_Mag_22Jan25_3p3kV_300SA_p01_47_1_22216,Released
1236319,"60886_6_B_2_WEOM_r2_Mag_10Mar24_300SA_p01_35_1_17182",Buzzard: MONet,2024-03-12 14:26:49.000,SciMax01,"60886",https://proto-9.pnl.gov/SciMax01/2024_1/60886_6_B_2_WEOM_r2_Mag_10Mar24_300SA_p01_35_1_17182,Released
1340546,"60938_3_BTM_2_MAOM_r3_Mag_03Feb25_3p3kV_300SA_p01_17_1_22863","",2025-02-05 19:50:12.000,SciMax01,"60938",https://proto-9.pnl.gov/SciMax01/2025_1/60938_3_BTM_2_MAOM_r3_Mag_03Feb25_3p3kV_300SA_p01_17_1_22863,Released
1329148,"60923_4_BTM_3_MAOM_r2_Mag_27Dec24_3p3kV_300SA_p01_24_1_21226","",2024-12-28 18:15:00.000,SciMax01,"60923",https://proto-9.pnl.gov/SciMax01/2024_4/60923_4_BTM_3_MAOM_r2_Mag_27Dec24_3p3kV_300SA_p01_24_1_21226,Released
1252911,"60881_4_B_2_WEOM_r3_Mag_01May24_300SA_p01_20_1_18212","",2024-05-05 17:34:35.000,SciMax01,"60881",https://proto-9.pnl.gov/SciMax01/2024_2/60881_4_B_2_WEOM_r3_Mag_01May24_300SA_p01_20_1_18212,Released
1231053,"60933_14_B_3_WEOM_r1_Mag_12Feb24_300SA_p01_24_1_15046",Buzzard: MONet,2024-02-13 01:04:03.000,SciMax01,"60933",https://proto-9.pnl.gov/SciMax01/2024_1/60933_14_B_3_WEOM_r1_Mag_12Feb24_300SA_p01_24_1_15046,Released
1344944,"60929_2_TOP_1_MAOM_r2_Mag_19Feb25_3p3kV_300SA_p01_27_1_23544","",2025-02-23 13:50:05.000,SciMax01,"60929",https://proto-9.pnl.gov/SciMax01/2025_1/60929_2_TOP_1_MAOM_r2_Mag_19Feb25_3p3kV_300SA_p01_27_1_23544,Released
1235560,"60942_4_T_2_WEOM_r3_Mag_07Mar24_300SA_p01_19_1_17071",Buzzard: MONet,2024-03-10 12:23:09.000,SciMax01,"60942",https://proto-9.pnl.gov/SciMax01/2024_1/60942_4_T_2_WEOM_r3_Mag_07Mar24_300SA_p01_19_1_17071,Released
1230985,"60846_12_B_3_WEOM_r3_Mag_16Feb24_300SA_p01_36_1_15343",Buzzard: MONet,2024-02-18 23:01:22.000,SciMax01,"60846",https://proto-9.pnl.gov/SciMax01/2024_1/60846_12_B_3_WEOM_r3_Mag_16Feb24_300SA_p01_36_1_15343,Released
1341977,"60881_4_BTM_3_MAOM_r2_Mag_10Feb25_3p3kV_300SA_p01_24_1_23263","",2025-02-14 17:39:21.000,SciMax01,"60881",https://proto-9.pnl.gov/SciMax01/2025_1/60881_4_BTM_3_MAOM_r2_Mag_10Feb25_3p3kV_300SA_p01_24_1_23263,Released
1335310,"60933_15_BTM_3_MAOM_r2_Mag_13Jan25_3p3kV_300SA_p01_34_1_21845","",2025-01-15 10:47:50.000,SciMax01,"60933",https://proto-9.pnl.gov/SciMax01/2025_1/60933_15_BTM_3_MAOM_r2_Mag_13Jan25_3p3kV_300SA_p01_34_1_21845,Released
1220602,"60933_3_T_3_WEOM_r2_Mag_18Jan24_300SA_p01_12_1_14846",Buzzard: MONet,2024-01-21 12:40:48.000,SciMax01,"60933",https://proto-9.pnl.gov/SciMax01/2024_1/60933_3_T_3_WEOM_r2_Mag_18Jan24_300SA_p01_12_1_14846,Released
1230926,"60880_3_B_2_WEOM_r2_Mag_16Feb24_300SA_p01_30_1_15395",Buzzard: MONet,2024-02-19 22:04:04.000,SciMax01,"60880",https://proto-9.pnl.gov/SciMax01/2024_1/60880_3_B_2_WEOM_r2_Mag_16Feb24_300SA_p01_30_1_15395,Released
1330646,"60846_7_BTM_2_MAOM_r2_Mag_02Jan25_3p3kV_300SA_p01_17_1_21522","",2025-01-04 06:31:10.000,SciMax01,"60846",https://proto-9.pnl.gov/SciMax01/2025_1/60846_7_BTM_2_MAOM_r2_Mag_02Jan25_3p3kV_300SA_p01_17_1_21522,Released
1330725,"60846_12_TOP_2_MAOM_r3_Mag_02Jan25_3p3kV_300SA_p01_20_1_21558","",2025-01-04 22:34:16.000,SciMax01,"60846",https://proto-9.pnl.gov/SciMax01/2025_1/60846_12_TOP_2_MAOM_r3_Mag_02Jan25_3p3kV_300SA_p01_20_1_21558,Released
1344820,"60920_5_BTM_2_MAOM_r1_Mag_19Feb25_3p3kV_300SA_p01_29_1_23348","",2025-02-19 22:24:47.000,SciMax01,"60920",https://proto-9.pnl.gov/SciMax01/2025_1/60920_5_BTM_2_MAOM_r1_Mag_19Feb25_3p3kV_300SA_p01_29_1_23348,Released
1331010,"60933_5_BTM_1_MAOM_r2_Mag_05Jan25_3p3kV_300SA_p01_29_1_21672","",2025-01-07 01:23:22.000,SciMax01,"60933",https://proto-9.pnl.gov/SciMax01/2025_1/60933_5_BTM_1_MAOM_r2_Mag_05Jan25_3p3kV_300SA_p01_29_1_21672,Released
1330650,"60880_1_TOP_2_MAOM_r2_Mag_02Jan25_3p3kV_300SA_p01_36_1_21524","",2025-01-04 07:24:55.000,SciMax01,"60880",https://proto-9.pnl.gov/SciMax01/2025_1/60880_1_TOP_2_MAOM_r2_Mag_02Jan25_3p3kV_300SA_p01_36_1_21524,Released
1165458,MONet_Test_QC_SRFAII_20ppm_Fir_07Jul23_300SA_p1_22_1_8751,Buzzard: Just testing samples tubes,2023-07-07 21:51:16.000,"15T_FTICR_I","60141",https://proto-9.pnl.gov/15T_FTICR_I/2023_3/MONet_Test_QC_SRFAII_20ppm_Fir_07Jul23_300SA_p1_22_1_8751,Released
1337766,"60886_4_BTM_3_MAOM_r3_Mag_22Jan25_3p3kV_300SA_p01_34_1_22510","",2025-01-28 07:06:46.000,SciMax01,"60886",https://proto-9.pnl.gov/SciMax01/2025_1/60886_4_BTM_3_MAOM_r3_Mag_22Jan25_3p3kV_300SA_p01_34_1_22510,Released
1345030,"60942_3_TOP_2_MAOM_r2_Mag_19Feb25_3p3kV_300SA_p01_20_1_23541","",2025-02-23 12:29:52.000,SciMax01,"60942",https://proto-9.pnl.gov/SciMax01/2025_1/60942_3_TOP_2_MAOM_r2_Mag_19Feb25_3p3kV_300SA_p01_20_1_23541,Released
1231046,"60846_12_T_2_WEOM_r2_Mag_16Feb24_300SA_p01_32_1_15305",Buzzard: MONet,2024-02-17 21:07:26.000,SciMax01,"60846",https://proto-9.pnl.gov/SciMax01/2024_1/60846_12_T_2_WEOM_r2_Mag_16Feb24_300SA_p01_32_1_15305,Released
1346075,"60880_5_TOP_1_MAOM_r3_Mag_26Feb25_3p3kV_300SA_p01_35_1_23916","",2025-03-04 07:34:20.000,SciMax01,"60880",https://proto-9.pnl.gov/SciMax01/2025_1/60880_5_TOP_1_MAOM_r3_Mag_26Feb25_3p3kV_300SA_p01_35_1_23916,Released
1230944,"60880_1_B_1_WEOM_r1_Mag_16Feb24_300SA_p01_18_1_15368",Buzzard: MONet,2024-02-19 10:06:08.000,SciMax01,"60880",https://proto-9.pnl.gov/SciMax01/2024_1/60880_1_B_1_WEOM_r1_Mag_16Feb24_300SA_p01_18_1_15368,Released
1217372,"60923_8_B_3_WEOM_r1_Mag_04Jan24_300SA_p01_24_1_14501",Buzzard: Use this data,2024-01-06 05:58:25.000,SciMax01,"60923",https://proto-9.pnl.gov/SciMax01/2024_1/60923_8_B_3_WEOM_r1_Mag_04Jan24_300SA_p01_24_1_14501,Released
1339934,"60946_2_BTM_2_MAOM_r1_Mag_03Feb25_3p3kV_300SA_p01_39_1_22919","",2025-02-06 20:47:55.000,SciMax01,"60946",https://proto-9.pnl.gov/SciMax01/2025_1/60946_2_BTM_2_MAOM_r1_Mag_03Feb25_3p3kV_300SA_p01_39_1_22919,Released
1329154,"60923_3_TOP_2_MAOM_r2_Mag_27Dec24_3p3kV_300SA_p01_14_1_21270","",2024-12-29 13:51:53.000,SciMax01,"60923",https://proto-9.pnl.gov/SciMax01/2024_4/60923_3_TOP_2_MAOM_r2_Mag_27Dec24_3p3kV_300SA_p01_14_1_21270,Released
1234650,"60923_16_B_2_WEOM_r1_Mag_04Mar24_300SA_p01_11_1_16848",Buzzard: MONet,2024-03-05 16:07:15.000,SciMax01,"60923",https://proto-9.pnl.gov/SciMax01/2024_1/60923_16_B_2_WEOM_r1_Mag_04Mar24_300SA_p01_11_1_16848,Released
1340616,"60938_6_BTM_2_MAOM_r3_Mag_03Feb25_3p3kV_300SA_p01_39_1_22880","",2025-02-06 03:24:49.000,SciMax01,"60938",https://proto-9.pnl.gov/SciMax01/2025_1/60938_6_BTM_2_MAOM_r3_Mag_03Feb25_3p3kV_300SA_p01_39_1_22880,Released
1344984,"60920_4_TOP_3_MAOM_r1_Mag_19Feb25_3p3kV_300SA_p01_21_1_23347","",2025-02-19 21:58:09.000,SciMax01,"60920",https://proto-9.pnl.gov/SciMax01/2025_1/60920_4_TOP_3_MAOM_r1_Mag_19Feb25_3p3kV_300SA_p01_21_1_23347,Released
1217466,"60923_2_B_1_WEOM_r3_Mag_04Jan24_300SA_p01_4_1_14616",Buzzard: Use this data,2024-01-08 08:56:40.000,SciMax01,"60923",https://proto-9.pnl.gov/SciMax01/2024_1/60923_2_B_1_WEOM_r3_Mag_04Jan24_300SA_p01_4_1_14616,Released
1330748,"60846_17_BTM_3_MAOM_r3_Mag_02Jan25_3p3kV_300SA_p01_34_1_21568","",2025-01-05 03:01:36.000,SciMax01,"60846",https://proto-9.pnl.gov/SciMax01/2025_1/60846_17_BTM_3_MAOM_r3_Mag_02Jan25_3p3kV_300SA_p01_34_1_21568,Released
1215791,"60920_4_B_2_WEOM_r3_Mag_21Dec23_300SA_p01_27_1_14167",Data needs to be reviewed,2023-12-26 01:44:30.000,SciMax01,"60920",https://proto-9.pnl.gov/SciMax01/2024_1/60920_4_B_2_WEOM_r3_Mag_21Dec23_300SA_p01_27_1_14167,Released
1217346,"60923_11_B_2_WEOM_r1_Mag_04Jan24_300SA_p01_2_1_14471",Buzzard: Use this data,2024-01-05 16:40:44.000,SciMax01,"60923",https://proto-9.pnl.gov/SciMax01/2024_1/60923_11_B_2_WEOM_r1_Mag_04Jan24_300SA_p01_2_1_14471,Released
1236318,"60886_6_T_2_WEOM_r2_Mag_10Mar24_300SA_p01_32_1_17200",Buzzard: MONet,2024-03-12 22:25:23.000,SciMax01,"60886",https://proto-9.pnl.gov/SciMax01/2024_1/60886_6_T_2_WEOM_r2_Mag_10Mar24_300SA_p01_32_1_17200,Released
1230935,"60880_2_B_1_WEOM_r3_Mag_16Feb24_300SA_p01_23_1_15444",Buzzard: MONet,2024-02-20 19:46:58.000,SciMax01,"60880",https://proto-9.pnl.gov/SciMax01/2024_1/60880_2_B_1_WEOM_r3_Mag_16Feb24_300SA_p01_23_1_15444,Released
1230632,"60946_1_B_2_WEOM_r1_Mag_23Feb24_300SA_p01_42_1_16029",Buzzard: Monet,2024-02-26 15:09:46.000,SciMax01,"60946",https://proto-9.pnl.gov/SciMax01/2024_1/60946_1_B_2_WEOM_r1_Mag_23Feb24_300SA_p01_42_1_16029,Released
1330238,"60846_17_BTM_2_MAOM_r1_Mag_02Jan25_3p3kV_300SA_p01_33_1_21458","",2025-01-03 01:58:52.000,SciMax01,"60846",https://proto-9.pnl.gov/SciMax01/2025_1/60846_17_BTM_2_MAOM_r1_Mag_02Jan25_3p3kV_300SA_p01_33_1_21458,Released
1337667,"60886_3_BTM_2_MAOM_r2_Mag_22Jan25_3p3kV_300SA_p01_27_1_22484","",2025-01-27 19:31:06.000,SciMax01,"60886",https://proto-9.pnl.gov/SciMax01/2025_1/60886_3_BTM_2_MAOM_r2_Mag_22Jan25_3p3kV_300SA_p01_27_1_22484,Released
1340589,"60938_5_BTM_2_MAOM_r1_Mag_03Feb25_3p3kV_300SA_p01_33_1_22795","",2025-02-04 13:31:54.000,SciMax01,"60938",https://proto-9.pnl.gov/SciMax01/2025_1/60938_5_BTM_2_MAOM_r1_Mag_03Feb25_3p3kV_300SA_p01_33_1_22795,Released
1217332,"60923_9_B_1_WEOM_r3_Mag_04Jan24_300SA_p01_18_1_14612",Buzzard: Use this data,2024-01-08 07:10:17.000,SciMax01,"60923",https://proto-9.pnl.gov/SciMax01/2024_1/60923_9_B_1_WEOM_r3_Mag_04Jan24_300SA_p01_18_1_14612,Released
1235651,"60942_1_B_2_WEOM_r1_Mag_07Mar24_300SA_p01_5_1_16998",Buzzard: MONet,2024-03-08 11:08:58.000,SciMax01,"60942",https://proto-9.pnl.gov/SciMax01/2024_1/60942_1_B_2_WEOM_r1_Mag_07Mar24_300SA_p01_5_1_16998,Released
1236311,"60886_6_B_3_WEOM_r2_Mag_10Mar24_300SA_p01_36_1_17191",Buzzard: MONet,2024-03-12 18:26:05.000,SciMax01,"60886",https://proto-9.pnl.gov/SciMax01/2024_1/60886_6_B_3_WEOM_r2_Mag_10Mar24_300SA_p01_36_1_17191,Released
1230730,"60932_4_B_2_WEOM_r2_Mag_24Feb24_300SA_p01_19_1_15961",Buzzard: MONet,2024-02-25 09:01:37.000,SciMax01,"60932",https://proto-9.pnl.gov/SciMax01/2024_1/60932_4_B_2_WEOM_r2_Mag_24Feb24_300SA_p01_19_1_15961,Released
1216078,QC_SRFAII_23_01_20ppm_r1_Mag_26Dec23_300SA_p01_54_1_14294,Buzzard: Data is fine but queue stopped over holiday week so need to shim cell and will run the queue again,2023-12-29 01:16:38.000,SciMax01,"60923",https://proto-9.pnl.gov/SciMax01/2024_1/QC_SRFAII_23_01_20ppm_r1_Mag_26Dec23_300SA_p01_54_1_14294,Released
1336050,"60933_7_BTM_3_MAOM_r3_Mag_20Jan25_3p3kV_300SA_p01_43_1_22164","",2025-01-21 13:57:53.000,SciMax01,"60933",https://proto-9.pnl.gov/SciMax01/2025_1/60933_7_BTM_3_MAOM_r3_Mag_20Jan25_3p3kV_300SA_p01_43_1_22164,Released
1235685,"60942_3_B_3_WEOM_r3_Mag_07Mar24_300SA_p01_17_1_17100",Buzzard: MONet,2024-03-11 01:14:14.000,SciMax01,"60942",https://proto-9.pnl.gov/SciMax01/2024_1/60942_3_B_3_WEOM_r3_Mag_07Mar24_300SA_p01_17_1_17100,Released
1344804,"60929_1_BTM_2_MAOM_r2_Mag_19Feb25_3p3kV_300SA_p01_25_1_23521","",2025-02-23 03:33:50.000,SciMax01,"60929",https://proto-9.pnl.gov/SciMax01/2025_1/60929_1_BTM_2_MAOM_r2_Mag_19Feb25_3p3kV_300SA_p01_25_1_23521,Released
1346080,"60880_5_BTM_1_MAOM_r3_Mag_26Feb25_3p3kV_300SA_p01_38_1_23919","",2025-03-04 08:54:32.000,SciMax01,"60880",https://proto-9.pnl.gov/SciMax01/2025_1/60880_5_BTM_1_MAOM_r3_Mag_26Feb25_3p3kV_300SA_p01_38_1_23919,Released
1216119,"60923_3_T_1_WEOM_r2_Mag_26Dec23_300SA_p01_5_1_14305",Buzzard: Data is fine but queue stopped over holiday week so need to shim cell and will run the queue again,2023-12-29 06:09:07.000,SciMax01,"60923",https://proto-9.pnl.gov/SciMax01/2024_1/60923_3_T_1_WEOM_r2_Mag_26Dec23_300SA_p01_5_1_14305,Released
1341944,"60881_1_TOP_2_MAOM_r2_Mag_10Feb25_3p3kV_300SA_p01_2_1_23255","",2025-02-14 14:05:21.000,SciMax01,"60881",https://proto-9.pnl.gov/SciMax01/2025_1/60881_1_TOP_2_MAOM_r2_Mag_10Feb25_3p3kV_300SA_p01_2_1_23255,Released
1230661,"60932_5_T_2_WEOM_r3_Mag_24Feb24_300SA_p01_22_1_15978",Buzzard: MONet,2024-02-25 16:33:37.000,SciMax01,"60932",https://proto-9.pnl.gov/SciMax01/2024_1/60932_5_T_2_WEOM_r3_Mag_24Feb24_300SA_p01_22_1_15978,Released
1216063,"60923_9_T_2_WEOM_r1_Mag_26Dec23_300SA_p01_45_1_14252",Buzzard: Data is fine but queue stopped over holiday week so need to shim cell and will run the queue again,2023-12-28 06:39:47.000,SciMax01,"60923",https://proto-9.pnl.gov/SciMax01/2024_1/60923_9_T_2_WEOM_r1_Mag_26Dec23_300SA_p01_45_1_14252,Released
1330986,"60933_3_TOP_1_MAOM_r2_Mag_05Jan25_3p3kV_300SA_p01_10_1_21665","",2025-01-06 22:16:30.000,SciMax01,"60933",https://proto-9.pnl.gov/SciMax01/2025_1/60933_3_TOP_1_MAOM_r2_Mag_05Jan25_3p3kV_300SA_p01_10_1_21665,Released
1235616,"60942_6_T_2_WEOM_r1_Mag_07Mar24_300SA_p01_31_1_16999",Buzzard: MONet,2024-03-08 11:35:34.000,SciMax01,"60942",https://proto-9.pnl.gov/SciMax01/2024_1/60942_6_T_2_WEOM_r1_Mag_07Mar24_300SA_p01_31_1_16999,Released
1220743,"60938_6_B_1_WEOM_r2_Mag_18Jan24_300SA_p01_34_1_14902",Buzzard: MONet,2024-01-22 13:29:52.000,SciMax01,"60938",https://proto-9.pnl.gov/SciMax01/2024_1/60938_6_B_1_WEOM_r2_Mag_18Jan24_300SA_p01_34_1_14902,Released
1341206,"60932_5_BTM_1_MAOM_r1_Mag_10Feb25_3p3kV_300SA_p01_32_1_23080","",2025-02-11 08:02:57.000,SciMax01,"60932",https://proto-9.pnl.gov/SciMax01/2025_1/60932_5_BTM_1_MAOM_r1_Mag_10Feb25_3p3kV_300SA_p01_32_1_23080,Released
1253666,QC_SRFAII_23_01_10ppm_WEOM_r3_Mag_13May24_300SA_p01_54_1_18396,"",2024-05-13 08:57:45.000,SciMax01,"60940",https://proto-9.pnl.gov/SciMax01/2024_2/QC_SRFAII_23_01_10ppm_WEOM_r3_Mag_13May24_300SA_p01_54_1_18396,Released
1314770,"60923_1_T_2_MAOM_r2_Mag_01Nov24_300SA_4p2kV_p01_2_1_20186",Buzzard: Testing response after Instrument cell clean and lab move,2024-11-05 01:58:30.000,SciMax01,"60923",https://proto-9.pnl.gov/SciMax01/2024_4/60923_1_T_2_MAOM_r2_Mag_01Nov24_300SA_4p2kV_p01_2_1_20186,Released
1314841,"60933_17_TOP_1_WEOM_r1_Mag_01Nov24_3p3kV_p01_15_1_20093",Buzzard: Testing response after Instrument cell clean and lab move,2024-11-01 22:52:23.000,SciMax01,"60938",https://proto-9.pnl.gov/SciMax01/2024_4/60933_17_TOP_1_WEOM_r1_Mag_01Nov24_3p3kV_p01_15_1_20093,Released
1236277,"60886_5_T_3_WEOM_r3_Mag_10Mar24_300SA_p01_27_1_17234",Buzzard: MONet,2024-03-13 13:29:24.000,SciMax01,"60886",https://proto-9.pnl.gov/SciMax01/2024_1/60886_5_T_3_WEOM_r3_Mag_10Mar24_300SA_p01_27_1_17234,Released
1235633,"60886_1_B_3_WEOM_r1_Mag_10Mar24_300SA_p01_6_1_17148",Buzzard: MONet,2024-03-11 23:22:42.000,SciMax01,"60886",https://proto-9.pnl.gov/SciMax01/2024_1/60886_1_B_3_WEOM_r1_Mag_10Mar24_300SA_p01_6_1_17148,Released
1231296,"60933_12_T_1_WEOM_r1_Mag_12Feb24_300SA_p01_7_1_15050",Buzzard: MONet,2024-02-13 02:50:27.000,SciMax01,"60933",https://proto-9.pnl.gov/SciMax01/2024_1/60933_12_T_1_WEOM_r1_Mag_12Feb24_300SA_p01_7_1_15050,Released
1339803,"60942_5_BTM_3_MAOM_r1_Mag_03Feb25_3p3kV_300SA_p01_18_1_22901","",2025-02-06 12:46:06.000,SciMax01,"60942",https://proto-9.pnl.gov/SciMax01/2025_1/60942_5_BTM_3_MAOM_r1_Mag_03Feb25_3p3kV_300SA_p01_18_1_22901,Released
1331234,"60933_3_BTM_3_MAOM_r2_Mag_05Jan25_3p3kV_300SA_p01_15_1_21701","",2025-01-07 14:19:40.000,SciMax01,"60933",https://proto-9.pnl.gov/SciMax01/2025_1/60933_3_BTM_3_MAOM_r2_Mag_05Jan25_3p3kV_300SA_p01_15_1_21701,Released
1215926,"60920_3_B_1_WEOM_r2_Mag_21Dec23_300SA_p01_6_1_14067",Data needs to be reviewed,2023-12-23 04:18:01.000,SciMax01,"60920",https://proto-9.pnl.gov/SciMax01/2024_1/60920_3_B_1_WEOM_r2_Mag_21Dec23_300SA_p01_6_1_14067,Released
1217526,"60923_2_B_1_WEOM_r2_Mag_04Jan24_300SA_p01_4_1_14537",Buzzard: Use this data,2024-01-06 21:55:45.000,SciMax01,"60923",https://proto-9.pnl.gov/SciMax01/2024_1/60923_2_B_1_WEOM_r2_Mag_04Jan24_300SA_p01_4_1_14537,Released
1349516,"60933_17_TOP_1_MAOM_r1_Mag_31Jan25_3p3kV_300SA_p01_40_1_22724","",2025-02-01 06:44:37.000,SciMax01,"60933",https://proto-9.pnl.gov/SciMax01/2025_1/60933_17_TOP_1_MAOM_r1_Mag_31Jan25_3p3kV_300SA_p01_40_1_22724,Released
1235671,"60942_1_T_3_WEOM_r2_Mag_07Mar24_300SA_p01_3_1_17051",Buzzard: MONet,2024-03-09 18:32:02.000,SciMax01,"60942",https://proto-9.pnl.gov/SciMax01/2024_1/60942_1_T_3_WEOM_r2_Mag_07Mar24_300SA_p01_3_1_17051,Released
1235589,"60942_5_B_3_WEOM_r2_Mag_07Mar24_300SA_p01_29_1_17042",Buzzard: MONet,2024-03-09 14:32:44.000,SciMax01,"60942",https://proto-9.pnl.gov/SciMax01/2024_1/60942_5_B_3_WEOM_r2_Mag_07Mar24_300SA_p01_29_1_17042,Released
1215893,"60920_11_T_2_WEOM_r1_Mag_21Dec23_300SA_p01_38_1_14028",Data needs to be reviewed,2023-12-22 11:00:55.000,SciMax01,"60920",https://proto-9.pnl.gov/SciMax01/2024_1/60920_11_T_2_WEOM_r1_Mag_21Dec23_300SA_p01_38_1_14028,Released
1231229,"60933_17_T_2_WEOM_r1_Mag_12Feb24_300SA_p01_38_1_15047",Buzzard: MONet,2024-02-13 01:30:39.000,SciMax01,"60933",https://proto-9.pnl.gov/SciMax01/2024_1/60933_17_T_2_WEOM_r1_Mag_12Feb24_300SA_p01_38_1_15047,Released
1217386,"60923_4_B_3_WEOM_r1_Mag_04Jan24_300SA_p01_16_1_14494",Buzzard: Use this data,2024-01-06 02:52:15.000,SciMax01,"60923",https://proto-9.pnl.gov/SciMax01/2024_1/60923_4_B_3_WEOM_r1_Mag_04Jan24_300SA_p01_16_1_14494,Released
1337337,"60886_4_TOP_3_MAOM_r1_Mag_22Jan25_3p3kV_300SA_p01_31_1_22419","",2025-01-26 14:32:33.000,SciMax01,"60886",https://proto-9.pnl.gov/SciMax01/2025_1/60886_4_TOP_3_MAOM_r1_Mag_22Jan25_3p3kV_300SA_p01_31_1_22419,Released
1217476,"60923_10_T_3_WEOM_r2_Mag_04Jan24_300SA_p01_27_1_14582",Buzzard: Use this data,2024-01-07 17:52:30.000,SciMax01,"60923",https://proto-9.pnl.gov/SciMax01/2024_1/60923_10_T_3_WEOM_r2_Mag_04Jan24_300SA_p01_27_1_14582,Released
1217525,"60923_10_T_1_WEOM_r3_Mag_04Jan24_300SA_p01_19_1_14611",Buzzard: Use this data,2024-01-08 06:43:41.000,SciMax01,"60923",https://proto-9.pnl.gov/SciMax01/2024_1/60923_10_T_1_WEOM_r3_Mag_04Jan24_300SA_p01_19_1_14611,Released
1329024,"60940_1_BTM_1_MAOM_r2_Mag_23Dec24_3p3kV_300SA_p01_4_1_21047","",2024-12-23 22:51:11.000,SciMax01,"60940",https://proto-9.pnl.gov/SciMax01/2024_4/60940_1_BTM_1_MAOM_r2_Mag_23Dec24_3p3kV_300SA_p01_4_1_21047,Released
1490033,"20260414_QC_SRFA_A_r3_Mag_53_1_32729","",2026-04-15 04:55:46.000,SciMax01,"61050",https://proto-9.pnl.gov/SciMax01/2026_2/20260414_QC_SRFA_A_r3_Mag_53_1_32729,Released
1231230,"60933_13_T_2_WEOM_r3_Mag_12Feb24_300SA_p01_14_1_15231",Buzzard: MONet,2024-02-16 11:11:21.000,SciMax01,"60933",https://proto-9.pnl.gov/SciMax01/2024_1/60933_13_T_2_WEOM_r3_Mag_12Feb24_300SA_p01_14_1_15231,Released
1231059,"60846_2_T_2_WEOM_r2_Mag_16Feb24_300SA_p01_14_1_15317",Buzzard: MONet,2024-02-18 02:26:35.000,SciMax01,"60846",https://proto-9.pnl.gov/SciMax01/2024_1/60846_2_T_2_WEOM_r2_Mag_16Feb24_300SA_p01_14_1_15317,Released
1349508,"60933_3_BTM_1_MAOM_r3_Mag_20Jan25_3p3kV_300SA_p01_13_1_22181","",2025-01-21 21:33:10.000,SciMax01,"60933",https://proto-9.pnl.gov/SciMax01/2025_1/60933_3_BTM_1_MAOM_r3_Mag_20Jan25_3p3kV_300SA_p01_13_1_22181,Released
1342047,"60881_3_BTM_1_MAOM_r3_Mag_10Feb25_3p3kV_300SA_p01_16_1_23284","",2025-02-15 03:00:11.000,SciMax01,"60881",https://proto-9.pnl.gov/SciMax01/2025_1/60881_3_BTM_1_MAOM_r3_Mag_10Feb25_3p3kV_300SA_p01_16_1_23284,Released
1341168,"60932_3_TOP_3_MAOM_r1_Mag_10Feb25_3p3kV_300SA_p01_15_1_23073","",2025-02-11 04:55:44.000,SciMax01,"60932",https://proto-9.pnl.gov/SciMax01/2025_1/60932_3_TOP_3_MAOM_r1_Mag_10Feb25_3p3kV_300SA_p01_15_1_23073,Released
1338877,"60923_9_BTM_2_MAOM_r3_Mag_29Jan25_3p3kV_300SA_p01_23_1_22718","",2025-02-01 04:04:10.000,SciMax01,"60923",https://proto-9.pnl.gov/SciMax01/2025_1/60923_9_BTM_2_MAOM_r3_Mag_29Jan25_3p3kV_300SA_p01_23_1_22718,Released
1329835,"60880_3_BTM_3_MAOM_r3_Mag_27Dec24_3p3kV_300SA_p01_6_1_21414","",2025-01-01 06:03:51.000,SciMax01,"60880",https://proto-9.pnl.gov/SciMax01/2025_1/60880_3_BTM_3_MAOM_r3_Mag_27Dec24_3p3kV_300SA_p01_6_1_21414,Released
1329152,"60923_2_BTM_1_MAOM_r1_Mag_27Dec24_3p3kV_300SA_p01_10_1_21173","",2024-12-27 18:37:47.000,SciMax01,"60923",https://proto-9.pnl.gov/SciMax01/2024_4/60923_2_BTM_1_MAOM_r1_Mag_27Dec24_3p3kV_300SA_p01_10_1_21173,Released
1230918,"60880_3_B_3_WEOM_r3_Mag_16Feb24_300SA_p01_31_1_15435",Buzzard: MONet,2024-02-20 15:47:37.000,SciMax01,"60880",https://proto-9.pnl.gov/SciMax01/2024_1/60880_3_B_3_WEOM_r3_Mag_16Feb24_300SA_p01_31_1_15435,Released
1216092,"60923_5_T_2_WEOM_r2_Mag_26Dec23_300SA_p01_37_1_14333",Buzzard: Data is fine but queue stopped over holiday week so need to shim cell and will run the queue again,2023-12-29 18:33:38.000,SciMax01,"60923",https://proto-9.pnl.gov/SciMax01/2024_1/60923_5_T_2_WEOM_r2_Mag_26Dec23_300SA_p01_37_1_14333,Released
1230672,QC_SRFAII_23_01_10ppm_r1_Mag_23Feb24_300SA_p01_54_1_16034,Buzzard: MONet,2024-02-26 17:22:44.000,SciMax01,"60946",https://proto-9.pnl.gov/SciMax01/2024_1/QC_SRFAII_23_01_10ppm_r1_Mag_23Feb24_300SA_p01_54_1_16034,Released
1233028,"60923_19_B_2_WEOM_r1_Mag_04Mar24_300SA_p01_29_1_16811","",2024-03-04 23:43:27.000,SciMax01,"60923",https://proto-9.pnl.gov/SciMax01/2024_1/60923_19_B_2_WEOM_r1_Mag_04Mar24_300SA_p01_29_1_16811,Released
1230698,"60932_6_T_3_WEOM_r2_Mag_24Feb24_300SA_p01_29_1_15955",Buzzard: MONet,2024-02-25 06:22:01.000,SciMax01,"60932",https://proto-9.pnl.gov/SciMax01/2024_1/60932_6_T_3_WEOM_r2_Mag_24Feb24_300SA_p01_29_1_15955,Released
1330893,"60933_4_TOP_3_MAOM_r1_Mag_05Jan25_3p3kV_300SA_p01_18_1_21641","",2025-01-06 11:34:51.000,SciMax01,"60933",https://proto-9.pnl.gov/SciMax01/2025_1/60933_4_TOP_3_MAOM_r1_Mag_05Jan25_3p3kV_300SA_p01_18_1_21641,Released
1337222,"60923_20_BTM_2_MAOM_r3_Mag_22Jan25_3p3kV_300SA_p01_48_1_22373","",2025-01-25 18:01:50.000,SciMax01,"60923",https://proto-9.pnl.gov/SciMax01/2025_1/60923_20_BTM_2_MAOM_r3_Mag_22Jan25_3p3kV_300SA_p01_48_1_22373,Released
1344977,"60929_1_TOP_1_MAOM_r1_Mag_19Feb25_3p3kV_300SA_p01_22_1_23470","",2025-02-22 04:48:31.000,SciMax01,"60929",https://proto-9.pnl.gov/SciMax01/2025_1/60929_1_TOP_1_MAOM_r1_Mag_19Feb25_3p3kV_300SA_p01_22_1_23470,Released
1252854,"60881_4_B_3_WEOM_r1_Mag_01May24_300SA_p01_21_1_18101","",2024-05-03 16:22:57.000,SciMax01,"60881",https://proto-9.pnl.gov/SciMax01/2024_2/60881_4_B_3_WEOM_r1_Mag_01May24_300SA_p01_21_1_18101,Released
957838,Bowman_ICR_SRFAII_Magnolia_03Sept21_2xR_10msIAT_300tr_2sFID_1_1_2,"",2021-09-03 14:00:01.000,SciMax01,"60141",https://proto-9.pnl.gov/SciMax01/2021_3/Bowman_ICR_SRFAII_Magnolia_03Sept21_2xR_10msIAT_300tr_2sFID_1_1_2,Released
1330934,"60933_3_TOP_2_MAOM_r2_Mag_05Jan25_3p3kV_300SA_p01_11_1_21653","",2025-01-06 16:55:51.000,SciMax01,"60933",https://proto-9.pnl.gov/SciMax01/2025_1/60933_3_TOP_2_MAOM_r2_Mag_05Jan25_3p3kV_300SA_p01_11_1_21653,Released
1341562,"60932_5_TOP_3_MAOM_r3_Mag_10Feb25_3p3kV_300SA_p01_31_1_23171","",2025-02-13 00:38:09.000,SciMax01,"60932",https://proto-9.pnl.gov/SciMax01/2025_1/60932_5_TOP_3_MAOM_r3_Mag_10Feb25_3p3kV_300SA_p01_31_1_23171,Released
1234595,"60923_16_B_2_WEOM_r2_Mag_04Mar24_300SA_p01_11_1_16864",Buzzard: MONet,2024-03-05 23:12:45.000,SciMax01,"60923",https://proto-9.pnl.gov/SciMax01/2024_1/60923_16_B_2_WEOM_r2_Mag_04Mar24_300SA_p01_11_1_16864,Released
1339902,"60942_4_TOP_2_MAOM_r1_Mag_03Feb25_3p3kV_300SA_p01_8_1_22913","",2025-02-06 18:07:10.000,SciMax01,"60942",https://proto-9.pnl.gov/SciMax01/2025_1/60942_4_TOP_2_MAOM_r1_Mag_03Feb25_3p3kV_300SA_p01_8_1_22913,Released
1329127,"60923_4_TOP_3_MAOM_r2_Mag_27Dec24_3p3kV_300SA_p01_21_1_21266","",2024-12-29 12:05:12.000,SciMax01,"60923",https://proto-9.pnl.gov/SciMax01/2024_4/60923_4_TOP_3_MAOM_r2_Mag_27Dec24_3p3kV_300SA_p01_21_1_21266,Released
1314839,"60886_5_BTM_3_WEOM_r1_Mag_01Nov24_4p2kV_p01_8_1_20123",Buzzard: Testing response after Instrument cell clean and lab move,2024-11-02 12:13:34.000,SciMax01,"60938",https://proto-9.pnl.gov/SciMax01/2024_4/60886_5_BTM_3_WEOM_r1_Mag_01Nov24_4p2kV_p01_8_1_20123,Released
1165418,MONet_Test_H2O_G_3_pls-10ppmSRFAII_fir_r2_07Jul23_300SA_p1_17_1_8746,Buzzard: Just testing samples tubes,2023-07-07 20:00:20.000,"15T_FTICR_I","60141",https://proto-9.pnl.gov/15T_FTICR_I/2023_3/MONet_Test_H2O_G_3_pls-10ppmSRFAII_fir_r2_07Jul23_300SA_p1_17_1_8746,Released
1337629,"60886_6_BTM_1_MAOM_r2_Mag_22Jan25_3p3kV_300SA_p01_43_1_22478","",2025-01-27 16:50:39.000,SciMax01,"60886",https://proto-9.pnl.gov/SciMax01/2025_1/60886_6_BTM_1_MAOM_r2_Mag_22Jan25_3p3kV_300SA_p01_43_1_22478,Released
1235686,"60942_3_T_1_WEOM_r2_Mag_07Mar24_300SA_p01_13_1_17034",Buzzard: MONet,2024-03-09 11:00:02.000,SciMax01,"60942",https://proto-9.pnl.gov/SciMax01/2024_1/60942_3_T_1_WEOM_r2_Mag_07Mar24_300SA_p01_13_1_17034,Released
1215810,"60920_2_T_1_WEOM_r2_Mag_21Dec23_300SA_p01_3_1_14078",Data needs to be reviewed,2023-12-23 09:10:32.000,SciMax01,"60920",https://proto-9.pnl.gov/SciMax01/2024_1/60920_2_T_1_WEOM_r2_Mag_21Dec23_300SA_p01_3_1_14078,Released
1340391,"60920_7_TOP_1_MAOM_r3_Mag_03Feb25_3p3kV_300SA_p01_1_1_23026","",2025-02-08 20:30:24.000,SciMax01,"60920",https://proto-9.pnl.gov/SciMax01/2025_1/60920_7_TOP_1_MAOM_r3_Mag_03Feb25_3p3kV_300SA_p01_1_1_23026,Released
1340367,"60942_6_TOP_1_MAOM_r3_Mag_03Feb25_3p3kV_300SA_p01_23_1_23020","",2025-02-08 17:49:40.000,SciMax01,"60942",https://proto-9.pnl.gov/SciMax01/2025_1/60942_6_TOP_1_MAOM_r3_Mag_03Feb25_3p3kV_300SA_p01_23_1_23020,Released
1480052,QC_SRFAII-2_old_20260213_45_1_32441,"",2026-02-19 23:36:10.000,SciMax01,"61050",https://proto-9.pnl.gov/SciMax01/2026_1/QC_SRFAII-2_old_20260213_45_1_32441,Released
1338274,"60923_10_BTM_2_MAOM_r1_Mag_29Jan25_3p3kV_300SA_p01_29_1_22598","",2025-01-29 22:34:39.000,SciMax01,"60923",https://proto-9.pnl.gov/SciMax01/2025_1/60923_10_BTM_2_MAOM_r1_Mag_29Jan25_3p3kV_300SA_p01_29_1_22598,Released
1230895,"60921_4_T_2_WEOM_r1_Mag_21Feb24_300SA_p01_51_1_15459",Buzzard: MONet,2024-02-21 15:41:15.000,SciMax01,"60921",https://proto-9.pnl.gov/SciMax01/2024_1/60921_4_T_2_WEOM_r1_Mag_21Feb24_300SA_p01_51_1_15459,Released
1235658,"60942_1_B_2_WEOM_r2_Mag_07Mar24_300SA_p01_5_1_17053",Buzzard: MONet,2024-03-09 19:25:14.000,SciMax01,"60942",https://proto-9.pnl.gov/SciMax01/2024_1/60942_1_B_2_WEOM_r2_Mag_07Mar24_300SA_p01_5_1_17053,Released
1216024,"60923_12_T_3_WEOM_r1_Mag_26Dec23_300SA_p01_31_1_14288",Buzzard: Data is fine but queue stopped over holiday week so need to shim cell and will run the queue again,2023-12-28 22:37:05.000,SciMax01,"60923",https://proto-9.pnl.gov/SciMax01/2024_1/60923_12_T_3_WEOM_r1_Mag_26Dec23_300SA_p01_31_1_14288,Released
1340561,"60938_4_BTM_2_MAOM_r3_Mag_03Feb25_3p3kV_300SA_p01_23_1_22848","",2025-02-05 13:09:01.000,SciMax01,"60938",https://proto-9.pnl.gov/SciMax01/2025_1/60938_4_BTM_2_MAOM_r3_Mag_03Feb25_3p3kV_300SA_p01_23_1_22848,Released
1336434,"60923_16_BTM_2_MAOM_r2_Mag_22Jan25_3p3kV_300SA_p01_20_1_22256","",2025-01-23 13:49:32.000,SciMax01,"60923",https://proto-9.pnl.gov/SciMax01/2025_1/60923_16_BTM_2_MAOM_r2_Mag_22Jan25_3p3kV_300SA_p01_20_1_22256,Released
1340530,"60938_2_TOP_2_MAOM_r1_Mag_03Feb25_3p3kV_300SA_p01_8_1_22748","",2025-02-03 16:34:57.000,SciMax01,"60938",https://proto-9.pnl.gov/SciMax01/2025_1/60938_2_TOP_2_MAOM_r1_Mag_03Feb25_3p3kV_300SA_p01_8_1_22748,Released
1235632,"60942_6_B_1_WEOM_r2_Mag_07Mar24_300SA_p01_33_1_17014",Buzzard: MONet,2024-03-08 18:15:48.000,SciMax01,"60942",https://proto-9.pnl.gov/SciMax01/2024_1/60942_6_B_1_WEOM_r2_Mag_07Mar24_300SA_p01_33_1_17014,Released
1220988,"60938_4_B_3_WEOM_r3_Mag_18Jan24_300SA_p01_24_1_15003",Buzzard: MONet,2024-01-24 10:15:34.000,SciMax01,"60938",https://proto-9.pnl.gov/SciMax01/2024_1/60938_4_B_3_WEOM_r3_Mag_18Jan24_300SA_p01_24_1_15003,Released
1217369,"60923_5_T_3_WEOM_r1_Mag_04Jan24_300SA_p01_17_1_14498",Buzzard: Use this data,2024-01-06 04:38:38.000,SciMax01,"60923",https://proto-9.pnl.gov/SciMax01/2024_1/60923_5_T_3_WEOM_r1_Mag_04Jan24_300SA_p01_17_1_14498,Released
1234569,"60923_15_T_3_WEOM_r2_Mag_04Mar24_300SA_p01_3_1_16897",Buzzard: MONet,2024-03-06 13:50:10.000,SciMax01,"60923",https://proto-9.pnl.gov/SciMax01/2024_1/60923_15_T_3_WEOM_r2_Mag_04Mar24_300SA_p01_3_1_16897,Released
1330212,"60880_2_BTM_3_MAOM_r1_Mag_02Jan25_3p3kV_300SA_p01_46_1_21451","",2025-01-02 22:51:38.000,SciMax01,"60880",https://proto-9.pnl.gov/SciMax01/2025_1/60880_2_BTM_3_MAOM_r1_Mag_02Jan25_3p3kV_300SA_p01_46_1_21451,Released
1336443,"60923_16_BTM_2_MAOM_r1_Mag_22Jan25_3p3kV_300SA_p01_20_1_22251","",2025-01-23 11:35:45.000,SciMax01,"60923",https://proto-9.pnl.gov/SciMax01/2025_1/60923_16_BTM_2_MAOM_r1_Mag_22Jan25_3p3kV_300SA_p01_20_1_22251,Released
1329926,"60846_12_BTM_2_MAOM_r1_Mag_02Jan25_3p3kV_300SA_p01_23_1_21425","",2025-01-02 11:15:37.000,SciMax01,"60846",https://proto-9.pnl.gov/SciMax01/2025_1/60846_12_BTM_2_MAOM_r1_Mag_02Jan25_3p3kV_300SA_p01_23_1_21425,Released
1252866,"60881_4_T_1_WEOM_r1_Mag_01May24_300SA_p01_16_1_18094","",2024-05-03 13:16:50.000,SciMax01,"60881",https://proto-9.pnl.gov/SciMax01/2024_2/60881_4_T_1_WEOM_r1_Mag_01May24_300SA_p01_16_1_18094,Released
1336940,"60923_17_TOP_2_MAOM_r2_Mag_22Jan25_3p3kV_300SA_p01_23_1_22308","",2025-01-24 13:01:00.000,SciMax01,"60923",https://proto-9.pnl.gov/SciMax01/2025_1/60923_17_TOP_2_MAOM_r2_Mag_22Jan25_3p3kV_300SA_p01_23_1_22308,Released
1252791,"60881_3_B_1_WEOM_r2_Mag_01May24_300SA_p01_13_1_18158","",2024-05-04 17:38:39.000,SciMax01,"60881",https://proto-9.pnl.gov/SciMax01/2024_2/60881_3_B_1_WEOM_r2_Mag_01May24_300SA_p01_13_1_18158,Released
1235683,"60942_3_B_2_WEOM_r1_Mag_07Mar24_300SA_p01_16_1_16986",Buzzard: MONet,2024-03-08 05:49:52.000,SciMax01,"60942",https://proto-9.pnl.gov/SciMax01/2024_1/60942_3_B_2_WEOM_r1_Mag_07Mar24_300SA_p01_16_1_16986,Released
1217458,"60923_4_B_1_WEOM_r3_Mag_04Jan24_300SA_p01_8_1_14619",Buzzard: Use this data,2024-01-08 10:16:28.000,SciMax01,"60923",https://proto-9.pnl.gov/SciMax01/2024_1/60923_4_B_1_WEOM_r3_Mag_04Jan24_300SA_p01_8_1_14619,Released
1314747,"60923_3_B_1_MAOM_r2_Mag_01Nov24_300SA_4p2kV_p01_16_1_20208",Buzzard: Testing response after Instrument cell clean and lab move,2024-11-05 11:44:46.000,SciMax01,"60923",https://proto-9.pnl.gov/SciMax01/2024_4/60923_3_B_1_MAOM_r2_Mag_01Nov24_300SA_4p2kV_p01_16_1_20208,Released
1165404,MONet_Test_QC_SRFAII_20ppm_Fir_06Jul23_300SA_p1_1_1_8686,Buzzard: Just testing samples tubes,2023-07-06 15:10:42.000,"15T_FTICR_I","60141",https://proto-9.pnl.gov/15T_FTICR_I/2023_3/MONet_Test_QC_SRFAII_20ppm_Fir_06Jul23_300SA_p1_1_1_8686,Released
1216089,"60923_10_B_1_WEOM_r1_Mag_26Dec23_300SA_p01_20_1_14214",Buzzard: Data is fine but queue stopped over holiday week so need to shim cell and will run the queue again,2023-12-27 13:49:22.000,SciMax01,"60923",https://proto-9.pnl.gov/SciMax01/2024_1/60923_10_B_1_WEOM_r1_Mag_26Dec23_300SA_p01_20_1_14214,Released
1345769,"60880_6_BTM_2_MAOM_r2_Mag_26Feb25_3p3kV_300SA_p01_45_1_23868","",2025-03-03 10:09:47.000,SciMax01,"60880",https://proto-9.pnl.gov/SciMax01/2025_1/60880_6_BTM_2_MAOM_r2_Mag_26Feb25_3p3kV_300SA_p01_45_1_23868,Released
1180777,QC_SRFA_2_2023_01_54_1_13213,Buzzard: QC's and Blanks,2023-08-24 17:36:16.000,SciMax01,"60141",https://proto-9.pnl.gov/SciMax01/2023_3/QC_SRFA_2_2023_01_54_1_13213,Released
1090356,"1000s_SRFAII_03_31Oct22_Mag_300SA_p01_153_1_7166","",2022-11-01 05:44:30.000,SciMax01,"60141",https://proto-9.pnl.gov/SciMax01/2022_4/1000s_SRFAII_03_31Oct22_Mag_300SA_p01_153_1_7166,Released
1217355,"60923_5_B_1_WEOM_r1_Mag_04Jan24_300SA_p01_10_1_14432",Buzzard: Use this data,2024-01-04 23:23:43.000,SciMax01,"60923",https://proto-9.pnl.gov/SciMax01/2024_1/60923_5_B_1_WEOM_r1_Mag_04Jan24_300SA_p01_10_1_14432,Released
1344913,"60920_5_BTM_3_MAOM_r2_Mag_19Feb25_3p3kV_300SA_p01_30_1_23386","",2025-02-20 15:20:44.000,SciMax01,"60920",https://proto-9.pnl.gov/SciMax01/2025_1/60920_5_BTM_3_MAOM_r2_Mag_19Feb25_3p3kV_300SA_p01_30_1_23386,Released
1336081,"60923_17_BTM_2_MAOM_r1_Mag_22Jan25_3p3kV_300SA_p01_30_1_22204","",2025-01-22 14:38:45.000,SciMax01,"60923",https://proto-9.pnl.gov/SciMax01/2025_1/60923_17_BTM_2_MAOM_r1_Mag_22Jan25_3p3kV_300SA_p01_30_1_22204,Released
1314877,"60942_5_BTM_1_WEOM_r1_Mag_01Nov24_4p2kV_p01_28_1_20145",Buzzard: Testing response after Instrument cell clean and lab move,2024-11-02 22:01:11.000,SciMax01,"60938",https://proto-9.pnl.gov/SciMax01/2024_4/60942_5_BTM_1_WEOM_r1_Mag_01Nov24_4p2kV_p01_28_1_20145,Released
1231074,"60933_18_B_1_WEOM_r1_Mag_12Feb24_300SA_p01_46_1_15042",Buzzard: MONet,2024-02-12 23:17:43.000,SciMax01,"60933",https://proto-9.pnl.gov/SciMax01/2024_1/60933_18_B_1_WEOM_r1_Mag_12Feb24_300SA_p01_46_1_15042,Released
1344740,"60920_3_BTM_2_MAOM_r1_Mag_19Feb25_3p3kV_300SA_p01_17_1_23368","",2025-02-20 07:19:30.000,SciMax01,"60920",https://proto-9.pnl.gov/SciMax01/2025_1/60920_3_BTM_2_MAOM_r1_Mag_19Feb25_3p3kV_300SA_p01_17_1_23368,Released
1337793,"60886_3_TOP_3_MAOM_r3_Mag_22Jan25_3p3kV_300SA_p01_21_1_22518","",2025-01-28 10:40:37.000,SciMax01,"60886",https://proto-9.pnl.gov/SciMax01/2025_1/60886_3_TOP_3_MAOM_r3_Mag_22Jan25_3p3kV_300SA_p01_21_1_22518,Released
1217344,"60923_8_T_2_WEOM_r2_Mag_04Jan24_300SA_p01_43_1_14549",Buzzard: Use this data,2024-01-07 03:14:54.000,SciMax01,"60923",https://proto-9.pnl.gov/SciMax01/2024_1/60923_8_T_2_WEOM_r2_Mag_04Jan24_300SA_p01_43_1_14549,Released
1335249,"60923_8_TOP_2_MAOM_r1_Mag_13Jan25_3p3kV_300SA_p01_14_1_21963","",2025-01-17 15:26:43.000,SciMax01,"60923",https://proto-9.pnl.gov/SciMax01/2025_1/60923_8_TOP_2_MAOM_r1_Mag_13Jan25_3p3kV_300SA_p01_14_1_21963,Released
1253566,"60940_4_B_1_WEOM_r3_Mag_13May24_300SA_p01_19_1_18412","",2024-05-13 16:03:12.000,SciMax01,"60940",https://proto-9.pnl.gov/SciMax01/2024_2/60940_4_B_1_WEOM_r3_Mag_13May24_300SA_p01_19_1_18412,Released
1314868,"60933_1_TOP_3_WEOM_r1_Mag_01Nov24_4p2kV_p01_30_1_20147",Buzzard: Testing response after Instrument cell clean and lab move,2024-11-02 22:54:25.000,SciMax01,"60938",https://proto-9.pnl.gov/SciMax01/2024_4/60933_1_TOP_3_WEOM_r1_Mag_01Nov24_4p2kV_p01_30_1_20147,Released
1217413,"60923_5_B_2_WEOM_r1_Mag_04Jan24_300SA_p01_38_1_14475",Buzzard: Use this data,2024-01-05 18:27:05.000,SciMax01,"60923",https://proto-9.pnl.gov/SciMax01/2024_1/60923_5_B_2_WEOM_r1_Mag_04Jan24_300SA_p01_38_1_14475,Released
1252813,"60881_5_T_1_WEOM_r2_Mag_01May24_300SA_p01_22_1_18147","",2024-05-04 12:46:06.000,SciMax01,"60881",https://proto-9.pnl.gov/SciMax01/2024_2/60881_5_T_1_WEOM_r2_Mag_01May24_300SA_p01_22_1_18147,Released
1216179,"60923_10_T_1_WEOM_r1_Mag_26Dec23_300SA_p01_19_1_14229",Buzzard: Data is fine but queue stopped over holiday week so need to shim cell and will run the queue again,2023-12-27 20:28:14.000,SciMax01,"60923",https://proto-9.pnl.gov/SciMax01/2024_1/60923_10_T_1_WEOM_r1_Mag_26Dec23_300SA_p01_19_1_14229,Released
1345086,"60942_3_TOP_3_MAOM_r2_Mag_19Feb25_3p3kV_300SA_p01_21_1_23530","",2025-02-23 07:34:56.000,SciMax01,"60942",https://proto-9.pnl.gov/SciMax01/2025_1/60942_3_TOP_3_MAOM_r2_Mag_19Feb25_3p3kV_300SA_p01_21_1_23530,Released
1330828,"60933_1_TOP_1_MAOM_r1_Mag_05Jan25_3p3kV_300SA_p01_1_1_21607","",2025-01-05 20:24:57.000,SciMax01,"60933",https://proto-9.pnl.gov/SciMax01/2025_1/60933_1_TOP_1_MAOM_r1_Mag_05Jan25_3p3kV_300SA_p01_1_1_21607,Released
1338553,"60923_10_BTM_3_MAOM_r2_Mag_29Jan25_3p3kV_300SA_p01_30_1_22646","",2025-01-30 19:58:02.000,SciMax01,"60923",https://proto-9.pnl.gov/SciMax01/2025_1/60923_10_BTM_3_MAOM_r2_Mag_29Jan25_3p3kV_300SA_p01_30_1_22646,Released
1328891,"60921_1_BTM_Combo_WEOM_r2_Mag_23Dec24_3p3kV_300SA_p01_50_1_21019",Buzzard: combo samples,2024-12-23 10:21:53.000,SciMax01,"60921",https://proto-9.pnl.gov/SciMax01/2024_4/60921_1_BTM_Combo_WEOM_r2_Mag_23Dec24_3p3kV_300SA_p01_50_1_21019,Released
1236337,"60886_5_B_3_WEOM_r2_Mag_10Mar24_300SA_p01_30_1_17181",Buzzard: MONet,2024-03-12 14:00:13.000,SciMax01,"60886",https://proto-9.pnl.gov/SciMax01/2024_1/60886_5_B_3_WEOM_r2_Mag_10Mar24_300SA_p01_30_1_17181,Released
1217674,QC_SRFAII_23_01_20ppm_r3_Mag_04Jan24_300SA_p01_52_1_14689,Buzzard: Use this data,2024-01-09 17:17:44.000,SciMax01,"60923",https://proto-9.pnl.gov/SciMax01/2024_1/QC_SRFAII_23_01_20ppm_r3_Mag_04Jan24_300SA_p01_52_1_14689,Released
1341737,"60881_5_TOP_1_MAOM_r1_Mag_10Feb25_3p3kV_300SA_p01_25_1_23203","",2025-02-13 14:53:04.000,SciMax01,"60881",https://proto-9.pnl.gov/SciMax01/2025_1/60881_5_TOP_1_MAOM_r1_Mag_10Feb25_3p3kV_300SA_p01_25_1_23203,Released
1217409,"60923_9_B_1_WEOM_r1_Mag_04Jan24_300SA_p01_18_1_14422",Buzzard: Use this data,2024-01-04 18:57:48.000,SciMax01,"60923",https://proto-9.pnl.gov/SciMax01/2024_1/60923_9_B_1_WEOM_r1_Mag_04Jan24_300SA_p01_18_1_14422,Released
1329787,"60921_3_BTM_2_MAOM_r3_Mag_27Dec24_3p3kV_300SA_p01_17_1_21393","",2024-12-31 20:41:03.000,SciMax01,"60921",https://proto-9.pnl.gov/SciMax01/2024_4/60921_3_BTM_2_MAOM_r3_Mag_27Dec24_3p3kV_300SA_p01_17_1_21393,Released
1329142,"60923_4_TOP_3_MAOM_r3_Mag_27Dec24_3p3kV_300SA_p01_21_1_21306","",2024-12-30 05:55:35.000,SciMax01,"60923",https://proto-9.pnl.gov/SciMax01/2024_4/60923_4_TOP_3_MAOM_r3_Mag_27Dec24_3p3kV_300SA_p01_21_1_21306,Released
1480043,QC_SRFAII-2_old_20260213_45_1_32409,"",2026-02-19 12:52:29.000,SciMax01,"61050",https://proto-9.pnl.gov/SciMax01/2026_1/QC_SRFAII-2_old_20260213_45_1_32409,Released
1215798,"60920_9_T_2_WEOM_r3_Mag_21Dec23_300SA_p01_35_1_14161",Data needs to be reviewed,2023-12-25 23:04:55.000,SciMax01,"60920",https://proto-9.pnl.gov/SciMax01/2024_1/60920_9_T_2_WEOM_r3_Mag_21Dec23_300SA_p01_35_1_14161,Released
1180771,QC_SRFA_2_2023_01_1w_54_1_13422,Buzzard: QC's and Blanks,2023-08-30 08:28:17.000,SciMax01,"60141",https://proto-9.pnl.gov/SciMax01/2023_3/QC_SRFA_2_2023_01_1w_54_1_13422,Released
1220678,"60938_2_B_2_WEOM_r1_Mag_18Jan24_300SA_p01_11_1_14789",Buzzard: MONet,2024-01-20 11:25:00.000,SciMax01,"60938",https://proto-9.pnl.gov/SciMax01/2024_1/60938_2_B_2_WEOM_r1_Mag_18Jan24_300SA_p01_11_1_14789,Released
1330696,"60846_2_TOP_2_MAOM_r3_Mag_02Jan25_3p3kV_300SA_p01_2_1_21544","",2025-01-04 16:19:32.000,SciMax01,"60846",https://proto-9.pnl.gov/SciMax01/2025_1/60846_2_TOP_2_MAOM_r3_Mag_02Jan25_3p3kV_300SA_p01_2_1_21544,Released
1329483,"60921_3_TOP_3_MAOM_r1_Mag_27Dec24_3p3kV_300SA_p01_15_1_21346","",2024-12-30 23:45:01.000,SciMax01,"60921",https://proto-9.pnl.gov/SciMax01/2024_4/60921_3_TOP_3_MAOM_r1_Mag_27Dec24_3p3kV_300SA_p01_15_1_21346,Released
1340580,"60938_5_BTM_3_MAOM_r1_Mag_03Feb25_3p3kV_300SA_p01_34_1_22784","",2025-02-04 08:37:40.000,SciMax01,"60938",https://proto-9.pnl.gov/SciMax01/2025_1/60938_5_BTM_3_MAOM_r1_Mag_03Feb25_3p3kV_300SA_p01_34_1_22784,Released
1234659,"60923_19_B_1_WEOM_r3_Mag_04Mar24_300SA_p01_28_1_16937",Buzzard: MONet,2024-03-07 07:33:47.000,SciMax01,"60923",https://proto-9.pnl.gov/SciMax01/2024_1/60923_19_B_1_WEOM_r3_Mag_04Mar24_300SA_p01_28_1_16937,Released
1220707,"60938_6_T_3_WEOM_r1_Mag_18Jan24_300SA_p01_33_1_14788",Buzzard: MONet,2024-01-20 10:58:24.000,SciMax01,"60938",https://proto-9.pnl.gov/SciMax01/2024_1/60938_6_T_3_WEOM_r1_Mag_18Jan24_300SA_p01_33_1_14788,Released
1337298,"60886_6_BTM_2_MAOM_r1_Mag_22Jan25_3p3kV_300SA_p01_44_1_22401","",2025-01-26 06:30:46.000,SciMax01,"60886",https://proto-9.pnl.gov/SciMax01/2025_1/60886_6_BTM_2_MAOM_r1_Mag_22Jan25_3p3kV_300SA_p01_44_1_22401,Released
1346552,"60921_1_TOP_3_MAOM_r3_Mag_26Feb25_3p3kV_300SA_p01_3_1_23958","",2025-03-05 23:20:55.000,SciMax01,"60921",https://proto-9.pnl.gov/SciMax01/2025_1/60921_1_TOP_3_MAOM_r3_Mag_26Feb25_3p3kV_300SA_p01_3_1_23958,Released
1339881,"60942_4_TOP_1_MAOM_r1_Mag_03Feb25_3p3kV_300SA_p01_7_1_22909","",2025-02-06 16:19:59.000,SciMax01,"60942",https://proto-9.pnl.gov/SciMax01/2025_1/60942_4_TOP_1_MAOM_r1_Mag_03Feb25_3p3kV_300SA_p01_7_1_22909,Released
1230759,QC_SRFAII_23_01_10ppm_r2_Mag_23Feb24_300SA_p01_54_1_16051,Buzzard: MONet,2024-02-27 00:54:45.000,SciMax01,"60946",https://proto-9.pnl.gov/SciMax01/2024_1/QC_SRFAII_23_01_10ppm_r2_Mag_23Feb24_300SA_p01_54_1_16051,Released
1230937,QC_SRFAII_23_01_10ppm_r1_Mag_16Feb24_300SA_p01_54_1_15383,Buzzard: MONet,2024-02-19 16:45:00.000,SciMax01,"60880",https://proto-9.pnl.gov/SciMax01/2024_1/QC_SRFAII_23_01_10ppm_r1_Mag_16Feb24_300SA_p01_54_1_15383,Released
1328943,"60940_4_TOP_2_MAOM_r2_Mag_23Dec24_3p3kV_300SA_p01_20_1_21076","",2024-12-24 11:46:25.000,SciMax01,"60940",https://proto-9.pnl.gov/SciMax01/2024_4/60940_4_TOP_2_MAOM_r2_Mag_23Dec24_3p3kV_300SA_p01_20_1_21076,Released
1230982,"60880_2_B_2_WEOM_r2_Mag_16Feb24_300SA_p01_24_1_15422",Buzzard: MONet,2024-02-20 10:01:56.000,SciMax01,"60880",https://proto-9.pnl.gov/SciMax01/2024_1/60880_2_B_2_WEOM_r2_Mag_16Feb24_300SA_p01_24_1_15422,Released
1217381,"60923_14_T_3_WEOM_r3_Mag_04Jan24_300SA_p01_35_1_14659",Buzzard: Use this data,2024-01-09 04:00:04.000,SciMax01,"60923",https://proto-9.pnl.gov/SciMax01/2024_1/60923_14_T_3_WEOM_r3_Mag_04Jan24_300SA_p01_35_1_14659,Released
1230971,"60880_4_B_2_WEOM_r2_Mag_16Feb24_300SA_p01_36_1_15393",Buzzard: MONet,2024-02-19 21:10:54.000,SciMax01,"60880",https://proto-9.pnl.gov/SciMax01/2024_1/60880_4_B_2_WEOM_r2_Mag_16Feb24_300SA_p01_36_1_15393,Released
1230906,"60921_4_B_2_WEOM_r1_Mag_21Feb24_300SA_p01_3_1_15462",Buzzard: MONet,2024-02-21 17:01:01.000,SciMax01,"60921",https://proto-9.pnl.gov/SciMax01/2024_1/60921_4_B_2_WEOM_r1_Mag_21Feb24_300SA_p01_3_1_15462,Released
1220969,QC_SRFAII_23_01_10ppm_r3_Mag_18Jan24_300SA_p01_52_1_14985,Buzzard: MONet,2024-01-24 02:16:56.000,SciMax01,"60938",https://proto-9.pnl.gov/SciMax01/2024_1/QC_SRFAII_23_01_10ppm_r3_Mag_18Jan24_300SA_p01_52_1_14985,Released
1345504,"60880_6_TOP_1_MAOM_r2_Mag_26Feb25_3p3kV_300SA_p01_41_1_23837","",2025-03-02 20:21:14.000,SciMax01,"60880",https://proto-9.pnl.gov/SciMax01/2025_1/60880_6_TOP_1_MAOM_r2_Mag_26Feb25_3p3kV_300SA_p01_41_1_23837,Released
1231212,"60846_17_B_3_WEOM_r2_Mag_16Feb24_300SA_p01_42_1_15285",Buzzard: MONet,2024-02-17 12:15:39.000,SciMax01,"60846",https://proto-9.pnl.gov/SciMax01/2024_1/60846_17_B_3_WEOM_r2_Mag_16Feb24_300SA_p01_42_1_15285,Released
1337838,"60923_21_BTM_3_MAOM_r3_Mag_22Jan25_3p3kV_300SA_p01_6_1_22524","",2025-01-28 13:21:20.000,SciMax01,"60923",https://proto-9.pnl.gov/SciMax01/2025_1/60923_21_BTM_3_MAOM_r3_Mag_22Jan25_3p3kV_300SA_p01_6_1_22524,Released
1231219,"60933_16_T_2_WEOM_r1_Mag_12Feb24_300SA_p01_32_1_15077",Buzzard: MONet,2024-02-13 14:56:29.000,SciMax01,"60933",https://proto-9.pnl.gov/SciMax01/2024_1/60933_16_T_2_WEOM_r1_Mag_12Feb24_300SA_p01_32_1_15077,Released
1328956,"60940_1_BTM_2_MAOM_r3_Mag_23Dec24_3p3kV_300SA_p01_5_1_21130","",2024-12-25 11:51:11.000,SciMax01,"60940",https://proto-9.pnl.gov/SciMax01/2024_4/60940_1_BTM_2_MAOM_r3_Mag_23Dec24_3p3kV_300SA_p01_5_1_21130,Released
1234614,"60923_19_T_3_WEOM_r2_Mag_04Mar24_300SA_p01_27_1_16901",Buzzard: MONet,2024-03-06 15:36:31.000,SciMax01,"60923",https://proto-9.pnl.gov/SciMax01/2024_1/60923_19_T_3_WEOM_r2_Mag_04Mar24_300SA_p01_27_1_16901,Released
1231088,"60933_18_T_2_WEOM_r3_Mag_12Feb24_300SA_p01_44_1_15198",Buzzard: MONet,2024-02-15 20:33:49.000,SciMax01,"60933",https://proto-9.pnl.gov/SciMax01/2024_1/60933_18_T_2_WEOM_r3_Mag_12Feb24_300SA_p01_44_1_15198,Released
1230860,"60932_3_T_2_WEOM_r1_Mag_21Feb24_300SA_p01_10_1_15544",Buzzard: MONet,2024-02-23 05:21:22.000,SciMax01,"60932",https://proto-9.pnl.gov/SciMax01/2024_1/60932_3_T_2_WEOM_r1_Mag_21Feb24_300SA_p01_10_1_15544,Released
1344981,"60942_1_BTM_1_MAOM_r2_Mag_19Feb25_3p3kV_300SA_p01_10_1_23526","",2025-02-23 05:47:46.000,SciMax01,"60942",https://proto-9.pnl.gov/SciMax01/2025_1/60942_1_BTM_1_MAOM_r2_Mag_19Feb25_3p3kV_300SA_p01_10_1_23526,Released
1230642,"60946_1_T_2_WEOM_r3_Mag_23Feb24_300SA_p01_39_1_16064",Buzzard: Monet,2024-02-27 06:40:26.000,SciMax01,"60946",https://proto-9.pnl.gov/SciMax01/2024_1/60946_1_T_2_WEOM_r3_Mag_23Feb24_300SA_p01_39_1_16064,Released
1340518,"60938_1_TOP_3_MAOM_r2_Mag_03Feb25_3p3kV_300SA_p01_3_1_22806","",2025-02-04 18:26:26.000,SciMax01,"60938",https://proto-9.pnl.gov/SciMax01/2025_1/60938_1_TOP_3_MAOM_r2_Mag_03Feb25_3p3kV_300SA_p01_3_1_22806,Released
1231069,"60933_12_T_2_WEOM_r3_Mag_12Feb24_300SA_p01_8_1_15173",Buzzard: MONet,2024-02-15 09:29:03.000,SciMax01,"60933",https://proto-9.pnl.gov/SciMax01/2024_1/60933_12_T_2_WEOM_r3_Mag_12Feb24_300SA_p01_8_1_15173,Released
1338521,"60933_18_BTM_2_MAOM_r2_Mag_29Jan25_3p3kV_300SA_p01_5_1_22639","",2025-01-30 16:50:37.000,SciMax01,"60933",https://proto-9.pnl.gov/SciMax01/2025_1/60933_18_BTM_2_MAOM_r2_Mag_29Jan25_3p3kV_300SA_p01_5_1_22639,Released
1253643,"60940_2_B_1_WEOM_r3_Mag_13May24_300SA_p01_10_1_18404","",2024-05-13 12:30:28.000,SciMax01,"60940",https://proto-9.pnl.gov/SciMax01/2024_2/60940_2_B_1_WEOM_r3_Mag_13May24_300SA_p01_10_1_18404,Released
1252837,"60881_6_B_3_WEOM_r1_Mag_01May24_300SA_p01_32_1_18079","",2024-05-03 06:37:59.000,SciMax01,"60881",https://proto-9.pnl.gov/SciMax01/2024_2/60881_6_B_3_WEOM_r1_Mag_01May24_300SA_p01_32_1_18079,Released
1342154,"60881_2_TOP_2_MAOM_r3_Mag_10Feb25_3p3kV_300SA_p01_8_1_23314","",2025-02-15 16:23:45.000,SciMax01,"60881",https://proto-9.pnl.gov/SciMax01/2025_1/60881_2_TOP_2_MAOM_r3_Mag_10Feb25_3p3kV_300SA_p01_8_1_23314,Released
1231157,"60933_16_B_2_WEOM_r3_Mag_12Feb24_300SA_p01_35_1_15206",Buzzard: MONet,2024-02-16 00:06:33.000,SciMax01,"60933",https://proto-9.pnl.gov/SciMax01/2024_1/60933_16_B_2_WEOM_r3_Mag_12Feb24_300SA_p01_35_1_15206,Released
1231062,"60846_12_B_3_WEOM_r1_Mag_16Feb24_300SA_p01_36_1_15258",Buzzard: MONet,2024-02-17 00:17:40.000,SciMax01,"60846",https://proto-9.pnl.gov/SciMax01/2024_1/60846_12_B_3_WEOM_r1_Mag_16Feb24_300SA_p01_36_1_15258,Released
1342042,"60881_1_TOP_1_MAOM_r3_Mag_10Feb25_3p3kV_300SA_p01_1_1_23282","",2025-02-15 02:06:56.000,SciMax01,"60881",https://proto-9.pnl.gov/SciMax01/2025_1/60881_1_TOP_1_MAOM_r3_Mag_10Feb25_3p3kV_300SA_p01_1_1_23282,Released
1346486,"60921_2_BTM_3_MAOM_r1_Mag_26Feb25_3p3kV_300SA_p01_6_1_23939","",2025-03-05 14:53:37.000,SciMax01,"60921",https://proto-9.pnl.gov/SciMax01/2025_1/60921_2_BTM_3_MAOM_r1_Mag_26Feb25_3p3kV_300SA_p01_6_1_23939,Released
1235619,"60942_6_T_1_WEOM_r1_Mag_07Mar24_300SA_p01_30_1_17010",Buzzard: MONet,2024-03-08 16:29:26.000,SciMax01,"60942",https://proto-9.pnl.gov/SciMax01/2024_1/60942_6_T_1_WEOM_r1_Mag_07Mar24_300SA_p01_30_1_17010,Released
1349524,"60933_12_TOP_1_MAOM_r2_Mag_31Jan25_3p3kV_300SA_p01_7_1_22733","",2025-02-01 10:45:34.000,SciMax01,"60933",https://proto-9.pnl.gov/SciMax01/2025_1/60933_12_TOP_1_MAOM_r2_Mag_31Jan25_3p3kV_300SA_p01_7_1_22733,Released
1328826,"60940_2_BTM_1_MAOM_r1_Mag_19Dec24_3p3kV_300SA_p01_10_1_20980","",2024-12-20 02:30:09.000,SciMax01,"60940",https://proto-9.pnl.gov/SciMax01/2024_4/60940_2_BTM_1_MAOM_r1_Mag_19Dec24_3p3kV_300SA_p01_10_1_20980,Released
1216075,"60923_9_T_1_WEOM_r1_Mag_26Dec23_300SA_p01_17_1_14215",Buzzard: Data is fine but queue stopped over holiday week so need to shim cell and will run the queue again,2023-12-27 14:15:57.000,SciMax01,"60923",https://proto-9.pnl.gov/SciMax01/2024_1/60923_9_T_1_WEOM_r1_Mag_26Dec23_300SA_p01_17_1_14215,Released
1215981,"60920_5_B_1_WEOM_r1_Mag_21Dec23_300SA_p01_10_1_13989",Data needs to be reviewed,2023-12-21 17:43:52.000,SciMax01,"60920",https://proto-9.pnl.gov/SciMax01/2024_1/60920_5_B_1_WEOM_r1_Mag_21Dec23_300SA_p01_10_1_13989,Released
1230951,"60880_2_T_3_WEOM_r2_Mag_16Feb24_300SA_p01_22_1_15401",Buzzard: MONet,2024-02-20 00:43:35.000,SciMax01,"60880",https://proto-9.pnl.gov/SciMax01/2024_1/60880_2_T_3_WEOM_r2_Mag_16Feb24_300SA_p01_22_1_15401,Released
1230824,"60932_5_B_2_WEOM_r1_Mag_21Feb24_300SA_p01_25_1_15514",Buzzard: MONet,2024-02-22 16:03:42.000,SciMax01,"60932",https://proto-9.pnl.gov/SciMax01/2024_1/60932_5_B_2_WEOM_r1_Mag_21Feb24_300SA_p01_25_1_15514,Released
957842,Bowman_ICR_SRFAII_Magnolia_03Sept21_2xR_10msIAT_300tr_2sFID_22_1_23,"",2021-09-03 23:42:47.000,SciMax01,"60141",https://proto-9.pnl.gov/SciMax01/2021_3/Bowman_ICR_SRFAII_Magnolia_03Sept21_2xR_10msIAT_300tr_2sFID_22_1_23,Released
1340511,"60938_1_BTM_3_MAOM_r1_Mag_03Feb25_3p3kV_300SA_p01_6_1_22761","",2025-02-03 22:22:47.000,SciMax01,"60938",https://proto-9.pnl.gov/SciMax01/2025_1/60938_1_BTM_3_MAOM_r1_Mag_03Feb25_3p3kV_300SA_p01_6_1_22761,Released
1220532,"60933_9_T_3_WEOM_r3_Mag_18Jan24_300SA_p01_45_1_14937",Buzzard: MONet,2024-01-23 05:00:33.000,SciMax01,"60933",https://proto-9.pnl.gov/SciMax01/2024_1/60933_9_T_3_WEOM_r3_Mag_18Jan24_300SA_p01_45_1_14937,Released
1253700,"60940_2_B_3_WEOM_r1_Mag_10May24_300SA_p01_12_1_18266","",2024-05-10 17:36:29.000,SciMax01,"60940",https://proto-9.pnl.gov/SciMax01/2024_2/60940_2_B_3_WEOM_r1_Mag_10May24_300SA_p01_12_1_18266,Released
1231011,"60880_3_B_1_WEOM_r2_Mag_16Feb24_300SA_p01_29_1_15411",Buzzard: MONet,2024-02-20 05:09:28.000,SciMax01,"60880",https://proto-9.pnl.gov/SciMax01/2024_1/60880_3_B_1_WEOM_r2_Mag_16Feb24_300SA_p01_29_1_15411,Released
1330553,"60880_2_TOP_1_MAOM_r2_Mag_02Jan25_3p3kV_300SA_p01_41_1_21485","",2025-01-03 14:01:45.000,SciMax01,"60880",https://proto-9.pnl.gov/SciMax01/2025_1/60880_2_TOP_1_MAOM_r2_Mag_02Jan25_3p3kV_300SA_p01_41_1_21485,Released
1230674,"60932_6_T_3_WEOM_r1_Mag_24Feb24_300SA_p01_29_1_15911",Buzzard: MONet,2024-02-24 10:52:01.000,SciMax01,"60932",https://proto-9.pnl.gov/SciMax01/2024_1/60932_6_T_3_WEOM_r1_Mag_24Feb24_300SA_p01_29_1_15911,Released
1314885,"60942_6_BTM_3_WEOM_r1_Mag_01Nov24_4p2kV_p01_19_1_20136",Buzzard: Testing response after Instrument cell clean and lab move,2024-11-02 18:00:32.000,SciMax01,"60938",https://proto-9.pnl.gov/SciMax01/2024_4/60942_6_BTM_3_WEOM_r1_Mag_01Nov24_4p2kV_p01_19_1_20136,Released
1252879,"60881_4_B_2_WEOM_r2_Mag_01May24_300SA_p01_20_1_18178","",2024-05-05 02:30:32.000,SciMax01,"60881",https://proto-9.pnl.gov/SciMax01/2024_2/60881_4_B_2_WEOM_r2_Mag_01May24_300SA_p01_20_1_18178,Released
1215820,QC_SRFAII_23_01_20ppm_r0_Mag_21Dec23_300SA_p01_54_1_13982,Data needs to be reviewed,2023-12-21 14:37:43.000,SciMax01,"60920",https://proto-9.pnl.gov/SciMax01/2024_1/QC_SRFAII_23_01_20ppm_r0_Mag_21Dec23_300SA_p01_54_1_13982,Released
1328964,"60920_10_TOP_3_MAOM_r3_Mag_23Dec24_3p3kV_300SA_p01_47_1_21136","",2024-12-25 14:31:38.000,SciMax01,"60920",https://proto-9.pnl.gov/SciMax01/2024_4/60920_10_TOP_3_MAOM_r3_Mag_23Dec24_3p3kV_300SA_p01_47_1_21136,Released
1340098,"60942_3_BTM_1_MAOM_r2_Mag_03Feb25_3p3kV_300SA_p01_4_1_22950","",2025-02-07 10:37:16.000,SciMax01,"60942",https://proto-9.pnl.gov/SciMax01/2025_1/60942_3_BTM_1_MAOM_r2_Mag_03Feb25_3p3kV_300SA_p01_4_1_22950,Released
1338678,"60923_12_TOP_1_MAOM_r3_Mag_29Jan25_3p3kV_300SA_p01_41_1_22682","",2025-01-31 12:01:17.000,SciMax01,"60923",https://proto-9.pnl.gov/SciMax01/2025_1/60923_12_TOP_1_MAOM_r3_Mag_29Jan25_3p3kV_300SA_p01_41_1_22682,Released
1217444,"60923_10_B_1_WEOM_r1_Mag_04Jan24_300SA_p01_20_1_14428",Buzzard: Use this data,2024-01-04 21:37:23.000,SciMax01,"60923",https://proto-9.pnl.gov/SciMax01/2024_1/60923_10_B_1_WEOM_r1_Mag_04Jan24_300SA_p01_20_1_14428,Released
1253653,"60940_1_B_1_WEOM_r2_Mag_10May24_300SA_p01_4_1_18343","",2024-05-12 03:44:02.000,SciMax01,"60940",https://proto-9.pnl.gov/SciMax01/2024_2/60940_1_B_1_WEOM_r2_Mag_10May24_300SA_p01_4_1_18343,Released
1235557,"60942_5_T_3_WEOM_r2_Mag_07Mar24_300SA_p01_26_1_17019",Buzzard: MONet,2024-03-08 20:28:44.000,SciMax01,"60942",https://proto-9.pnl.gov/SciMax01/2024_1/60942_5_T_3_WEOM_r2_Mag_07Mar24_300SA_p01_26_1_17019,Released
1180749,QC_SRFA_2_2023_01_54_1_13238,Buzzard: QC's and Blanks,2023-08-25 04:41:02.000,SciMax01,"60141",https://proto-9.pnl.gov/SciMax01/2023_3/QC_SRFA_2_2023_01_54_1_13238,Released
1231278,"60933_12_B_1_WEOM_r2_Mag_12Feb24_300SA_p01_10_1_15162",Buzzard: MONet,2024-02-15 04:36:34.000,SciMax01,"60933",https://proto-9.pnl.gov/SciMax01/2024_1/60933_12_B_1_WEOM_r2_Mag_12Feb24_300SA_p01_10_1_15162,Released
1340528,"60938_2_BTM_3_MAOM_r2_Mag_03Feb25_3p3kV_300SA_p01_12_1_22814","",2025-02-04 21:59:57.000,SciMax01,"60938",https://proto-9.pnl.gov/SciMax01/2025_1/60938_2_BTM_3_MAOM_r2_Mag_03Feb25_3p3kV_300SA_p01_12_1_22814,Released
1340439,"60942_5_BTM_2_MAOM_r3_Mag_03Feb25_3p3kV_300SA_p01_17_1_23040","",2025-02-09 02:44:02.000,SciMax01,"60942",https://proto-9.pnl.gov/SciMax01/2025_1/60942_5_BTM_2_MAOM_r3_Mag_03Feb25_3p3kV_300SA_p01_17_1_23040,Released
1235690,"60942_1_B_1_WEOM_r1_Mag_07Mar24_300SA_p01_4_1_16993",Buzzard: MONet,2024-03-08 08:56:01.000,SciMax01,"60942",https://proto-9.pnl.gov/SciMax01/2024_1/60942_1_B_1_WEOM_r1_Mag_07Mar24_300SA_p01_4_1_16993,Released
1215803,"60920_11_T_3_WEOM_r1_Mag_21Dec23_300SA_p01_19_1_14044",Data needs to be reviewed,2023-12-22 18:06:23.000,SciMax01,"60920",https://proto-9.pnl.gov/SciMax01/2024_1/60920_11_T_3_WEOM_r1_Mag_21Dec23_300SA_p01_19_1_14044,Released
1338214,"60933_20_BTM_3_MAOM_r1_Mag_29Jan25_3p3kV_300SA_p01_18_1_22581","",2025-01-29 14:59:52.000,SciMax01,"60933",https://proto-9.pnl.gov/SciMax01/2025_1/60933_20_BTM_3_MAOM_r1_Mag_29Jan25_3p3kV_300SA_p01_18_1_22581,Released
1328830,"60940_4_BTM_1_MAOM_r1_Mag_19Dec24_3p3kV_300SA_p01_22_1_20984","",2024-12-20 04:17:18.000,SciMax01,"60940",https://proto-9.pnl.gov/SciMax01/2024_4/60940_4_BTM_1_MAOM_r1_Mag_19Dec24_3p3kV_300SA_p01_22_1_20984,Released
1330841,"60933_2_TOP_2_MAOM_r1_Mag_05Jan25_3p3kV_300SA_p01_5_1_21614","",2025-01-05 23:32:01.000,SciMax01,"60933",https://proto-9.pnl.gov/SciMax01/2025_1/60933_2_TOP_2_MAOM_r1_Mag_05Jan25_3p3kV_300SA_p01_5_1_21614,Released
1337360,"60886_5_TOP_3_MAOM_r1_Mag_22Jan25_3p3kV_300SA_p01_37_1_22427","",2025-01-26 18:06:14.000,SciMax01,"60886",https://proto-9.pnl.gov/SciMax01/2025_1/60886_5_TOP_3_MAOM_r1_Mag_22Jan25_3p3kV_300SA_p01_37_1_22427,Released
1253641,QC_SRFAII_23_01_10ppm_WEOM_r1_Mag_10May24_300SA_p01_54_1_18284,"",2024-05-11 01:35:09.000,SciMax01,"60940",https://proto-9.pnl.gov/SciMax01/2024_2/QC_SRFAII_23_01_10ppm_WEOM_r1_Mag_10May24_300SA_p01_54_1_18284,Released
1314754,"60923_2_T_2_MAOM_r2_Mag_01Nov24_300SA_4p2kV_p01_8_1_20188",Buzzard: Testing response after Instrument cell clean and lab move,2024-11-05 02:51:44.000,SciMax01,"60923",https://proto-9.pnl.gov/SciMax01/2024_4/60923_2_T_2_MAOM_r2_Mag_01Nov24_300SA_4p2kV_p01_8_1_20188,Released
1329072,"60923_6_BTM_3_MAOM_r3_Mag_27Dec24_3p3kV_300SA_p01_36_1_21293","",2024-12-30 00:07:00.000,SciMax01,"60923",https://proto-9.pnl.gov/SciMax01/2024_4/60923_6_BTM_3_MAOM_r3_Mag_27Dec24_3p3kV_300SA_p01_36_1_21293,Released
1328963,"60920_11_TOP_2_MAOM_r1_Mag_23Dec24_3p3kV_300SA_p01_49_1_21033","",2024-12-23 16:36:29.000,SciMax01,"60920",https://proto-9.pnl.gov/SciMax01/2024_4/60920_11_TOP_2_MAOM_r1_Mag_23Dec24_3p3kV_300SA_p01_49_1_21033,Released
1314874,"60923_10_TOP_2_WEOM_r1_Mag_01Nov24_4p2kV_p01_9_1_20124",Buzzard: Testing response after Instrument cell clean and lab move,2024-11-02 12:40:21.000,SciMax01,"60938",https://proto-9.pnl.gov/SciMax01/2024_4/60923_10_TOP_2_WEOM_r1_Mag_01Nov24_4p2kV_p01_9_1_20124,Released
1230889,"60921_4_T_2_WEOM_r3_Mag_21Feb24_300SA_p01_51_1_15505",Buzzard: MONet,2024-02-22 12:04:24.000,SciMax01,"60921",https://proto-9.pnl.gov/SciMax01/2024_1/60921_4_T_2_WEOM_r3_Mag_21Feb24_300SA_p01_51_1_15505,Released
1330856,"60933_9_TOP_1_MAOM_r1_Mag_05Jan25_3p3kV_300SA_p01_47_1_21622","",2025-01-06 03:06:02.000,SciMax01,"60933",https://proto-9.pnl.gov/SciMax01/2025_1/60933_9_TOP_1_MAOM_r1_Mag_05Jan25_3p3kV_300SA_p01_47_1_21622,Released
1314876,"60923_7_BTM_3_WEOM_r1_Mag_01Nov24_3p3kV_p01_12_1_20090",Buzzard: Testing response after Instrument cell clean and lab move,2024-11-01 21:32:11.000,SciMax01,"60938",https://proto-9.pnl.gov/SciMax01/2024_4/60923_7_BTM_3_WEOM_r1_Mag_01Nov24_3p3kV_p01_12_1_20090,Released
1215836,QC_SRFAII_23_01_20ppm_r3_Mag_21Dec23_300SA_p01_54_1_14201,Data needs to be reviewed,2023-12-26 16:48:34.000,SciMax01,"60920",https://proto-9.pnl.gov/SciMax01/2024_1/QC_SRFAII_23_01_20ppm_r3_Mag_21Dec23_300SA_p01_54_1_14201,Released
1217415,"60923_8_B_2_WEOM_r1_Mag_04Jan24_300SA_p01_44_1_14464",Buzzard: Use this data,2024-01-05 13:34:37.000,SciMax01,"60923",https://proto-9.pnl.gov/SciMax01/2024_1/60923_8_B_2_WEOM_r1_Mag_04Jan24_300SA_p01_44_1_14464,Released
1341297,"60932_1_TOP_3_MAOM_r2_Mag_10Feb25_3p3kV_300SA_p01_3_1_23113","",2025-02-11 22:45:15.000,SciMax01,"60932",https://proto-9.pnl.gov/SciMax01/2025_1/60932_1_TOP_3_MAOM_r2_Mag_10Feb25_3p3kV_300SA_p01_3_1_23113,Released
1220980,"60938_3_B_2_WEOM_r3_Mag_18Jan24_300SA_p01_17_1_15002",Buzzard: MONet,2024-01-24 09:49:01.000,SciMax01,"60938",https://proto-9.pnl.gov/SciMax01/2024_1/60938_3_B_2_WEOM_r3_Mag_18Jan24_300SA_p01_17_1_15002,Released
1340506,"60938_1_BTM_1_MAOM_r2_Mag_03Feb25_3p3kV_300SA_p01_4_1_22840","",2025-02-05 09:35:10.000,SciMax01,"60938",https://proto-9.pnl.gov/SciMax01/2025_1/60938_1_BTM_1_MAOM_r2_Mag_03Feb25_3p3kV_300SA_p01_4_1_22840,Released
1341341,"60932_6_TOP_2_MAOM_r2_Mag_10Feb25_3p3kV_300SA_p01_36_1_23132","",2025-02-12 07:14:15.000,SciMax01,"60932",https://proto-9.pnl.gov/SciMax01/2025_1/60932_6_TOP_2_MAOM_r2_Mag_10Feb25_3p3kV_300SA_p01_36_1_23132,Released
1345011,"60942_1_BTM_3_MAOM_r3_Mag_19Feb25_3p3kV_300SA_p01_12_1_23591","",2025-02-25 05:20:47.000,SciMax01,"60942",https://proto-9.pnl.gov/SciMax01/2025_1/60942_1_BTM_3_MAOM_r3_Mag_19Feb25_3p3kV_300SA_p01_12_1_23591,Released
1341247,"60932_6_TOP_3_MAOM_r1_Mag_10Feb25_3p3kV_300SA_p01_37_1_23095","",2025-02-11 14:43:52.000,SciMax01,"60932",https://proto-9.pnl.gov/SciMax01/2025_1/60932_6_TOP_3_MAOM_r1_Mag_10Feb25_3p3kV_300SA_p01_37_1_23095,Released
1217452,"60923_9_B_2_WEOM_r3_Mag_04Jan24_300SA_p01_46_1_14653",Buzzard: Use this data,2024-01-09 01:20:31.000,SciMax01,"60923",https://proto-9.pnl.gov/SciMax01/2024_1/60923_9_B_2_WEOM_r3_Mag_04Jan24_300SA_p01_46_1_14653,Released
1233021,"60923_19_B_3_WEOM_r1_Mag_04Mar24_300SA_p01_30_1_16818","",2024-03-05 02:49:35.000,SciMax01,"60923",https://proto-9.pnl.gov/SciMax01/2024_1/60923_19_B_3_WEOM_r1_Mag_04Mar24_300SA_p01_30_1_16818,Released
1344953,"60920_1_BTM_3_MAOM_r3_Mag_19Feb25_3p3kV_300SA_p01_6_1_23428","",2025-02-21 10:03:53.000,SciMax01,"60920",https://proto-9.pnl.gov/SciMax01/2025_1/60920_1_BTM_3_MAOM_r3_Mag_19Feb25_3p3kV_300SA_p01_6_1_23428,Released
1236320,"60886_1_B_1_WEOM_r2_Mag_10Mar24_300SA_p01_4_1_17205",Buzzard: MONet,2024-03-13 00:38:21.000,SciMax01,"60886",https://proto-9.pnl.gov/SciMax01/2024_1/60886_1_B_1_WEOM_r2_Mag_10Mar24_300SA_p01_4_1_17205,Released
1195696,MONet_JT_TEST_Gilson_QC_SRFAII_20ppm_r1_05Oct23_Mag_300SA_p01_54_1_13886,Buzzard: testing,2023-10-05 16:48:02.000,SciMax01,"60141",https://proto-9.pnl.gov/SciMax01/2023_4/MONet_JT_TEST_Gilson_QC_SRFAII_20ppm_r1_05Oct23_Mag_300SA_p01_54_1_13886,Released
1349534,"60933_17_TOP_2_MAOM_r3_Mag_31Jan25_3p3kV_300SA_p01_41_1_22741","",2025-02-01 14:19:44.000,SciMax01,"60933",https://proto-9.pnl.gov/SciMax01/2025_1/60933_17_TOP_2_MAOM_r3_Mag_31Jan25_3p3kV_300SA_p01_41_1_22741,Released
1216065,"60923_4_B_3_WEOM_r1_Mag_26Dec23_300SA_p01_16_1_14280",Buzzard: Data is fine but queue stopped over holiday week so need to shim cell and will run the queue again,2023-12-28 19:04:19.000,SciMax01,"60923",https://proto-9.pnl.gov/SciMax01/2024_1/60923_4_B_3_WEOM_r1_Mag_26Dec23_300SA_p01_16_1_14280,Released
1217495,"60923_14_B_2_WEOM_r1_Mag_04Jan24_300SA_p01_8_1_14467",Buzzard: Use this data,2024-01-05 14:54:23.000,SciMax01,"60923",https://proto-9.pnl.gov/SciMax01/2024_1/60923_14_B_2_WEOM_r1_Mag_04Jan24_300SA_p01_8_1_14467,Released
1231058,QC_SRFAII_23_01_10ppm_r2_Mag_12Feb24_300SA_p01_54_1_15114,Buzzard: MONet,2024-02-14 07:20:15.000,SciMax01,"60933",https://proto-9.pnl.gov/SciMax01/2024_1/QC_SRFAII_23_01_10ppm_r2_Mag_12Feb24_300SA_p01_54_1_15114,Released
1341801,"60881_2_BTM_3_MAOM_r1_Mag_10Feb25_3p3kV_300SA_p01_12_1_23214","",2025-02-13 19:47:34.000,SciMax01,"60881",https://proto-9.pnl.gov/SciMax01/2025_1/60881_2_BTM_3_MAOM_r1_Mag_10Feb25_3p3kV_300SA_p01_12_1_23214,Released
1230696,"60932_6_T_1_WEOM_r3_Mag_24Feb24_300SA_p01_27_1_15969",Buzzard: MONet,2024-02-25 12:34:18.000,SciMax01,"60932",https://proto-9.pnl.gov/SciMax01/2024_1/60932_6_T_1_WEOM_r3_Mag_24Feb24_300SA_p01_27_1_15969,Released
1220644,"60933_8_T_3_WEOM_r3_Mag_18Jan24_300SA_p01_42_1_14914",Buzzard: MONet,2024-01-22 18:48:56.000,SciMax01,"60933",https://proto-9.pnl.gov/SciMax01/2024_1/60933_8_T_3_WEOM_r3_Mag_18Jan24_300SA_p01_42_1_14914,Released
1220631,"60933_2_B_1_WEOM_r1_Mag_18Jan24_300SA_p01_7_1_14706",Buzzard: MONet,2024-01-18 22:37:50.000,SciMax01,"60933",https://proto-9.pnl.gov/SciMax01/2024_1/60933_2_B_1_WEOM_r1_Mag_18Jan24_300SA_p01_7_1_14706,Released
1231085,"60933_15_B_3_WEOM_r2_Mag_12Feb24_300SA_p01_30_1_15145",Buzzard: MONet,2024-02-14 21:04:36.000,SciMax01,"60933",https://proto-9.pnl.gov/SciMax01/2024_1/60933_15_B_3_WEOM_r2_Mag_12Feb24_300SA_p01_30_1_15145,Released
1345049,"60920_2_TOP_3_MAOM_r3_Mag_19Feb25_3p3kV_300SA_p01_9_1_23458","",2025-02-21 23:27:20.000,SciMax01,"60920",https://proto-9.pnl.gov/SciMax01/2025_1/60920_2_TOP_3_MAOM_r3_Mag_19Feb25_3p3kV_300SA_p01_9_1_23458,Released
1235713,QC_SRFAII_23_01_10ppm_WEOM_r2_Mag_07Mar24_300SA_p01_54_1_17038,Buzzard: MONet,2024-03-09 12:46:23.000,SciMax01,"60942",https://proto-9.pnl.gov/SciMax01/2024_1/QC_SRFAII_23_01_10ppm_WEOM_r2_Mag_07Mar24_300SA_p01_54_1_17038,Released
1230645,"60946_1_T_1_WEOM_r3_Mag_23Feb24_300SA_p01_38_1_16061",Buzzard: Monet,2024-02-27 05:20:40.000,SciMax01,"60946",https://proto-9.pnl.gov/SciMax01/2024_1/60946_1_T_1_WEOM_r3_Mag_23Feb24_300SA_p01_38_1_16061,Released
1336193,"60923_18_BTM_1_MAOM_r1_Mag_22Jan25_3p3kV_300SA_p01_35_1_22207","",2025-01-22 15:59:07.000,SciMax01,"60923",https://proto-9.pnl.gov/SciMax01/2025_1/60923_18_BTM_1_MAOM_r1_Mag_22Jan25_3p3kV_300SA_p01_35_1_22207,Released
1220659,"60933_5_B_1_WEOM_r2_Mag_18Jan24_300SA_p01_25_1_14851",Buzzard: MONet,2024-01-21 14:53:44.000,SciMax01,"60933",https://proto-9.pnl.gov/SciMax01/2024_1/60933_5_B_1_WEOM_r2_Mag_18Jan24_300SA_p01_25_1_14851,Released
1235605,"60886_3_T_3_WEOM_r1_Mag_10Mar24_300SA_p01_15_1_17145",Buzzard: MONet,2024-03-11 22:02:56.000,SciMax01,"60886",https://proto-9.pnl.gov/SciMax01/2024_1/60886_3_T_3_WEOM_r1_Mag_10Mar24_300SA_p01_15_1_17145,Released
1236315,"60886_3_B_2_WEOM_r3_Mag_10Mar24_300SA_p01_17_1_17238",Buzzard: MONet,2024-03-13 15:15:45.000,SciMax01,"60886",https://proto-9.pnl.gov/SciMax01/2024_1/60886_3_B_2_WEOM_r3_Mag_10Mar24_300SA_p01_17_1_17238,Released
1314758,"60923_4_T_1_MAOM_r1_Mag_01Nov24_300SA_3p3kV_p01_19_1_20170",Buzzard: Testing response after Instrument cell clean and lab move,2024-11-04 18:51:10.000,SciMax01,"60923",https://proto-9.pnl.gov/SciMax01/2024_4/60923_4_T_1_MAOM_r1_Mag_01Nov24_300SA_3p3kV_p01_19_1_20170,Released
1220737,"60933_10_T_2_WEOM_r2_Mag_18Jan24_300SA_p01_47_1_14804",Buzzard: MONet,2024-01-20 18:03:50.000,SciMax01,"60933",https://proto-9.pnl.gov/SciMax01/2024_1/60933_10_T_2_WEOM_r2_Mag_18Jan24_300SA_p01_47_1_14804,Released
1234648,"60923_20_T_3_WEOM_r3_Mag_04Mar24_300SA_p01_33_1_16928",Buzzard: MONet,2024-03-07 03:34:28.000,SciMax01,"60923",https://proto-9.pnl.gov/SciMax01/2024_1/60923_20_T_3_WEOM_r3_Mag_04Mar24_300SA_p01_33_1_16928,Released
1314797,"60923_7_BTM_3_WEOM_r1_Mag_01Nov24_4p2kV_p01_12_1_20127",Buzzard: Testing response after Instrument cell clean and lab move,2024-11-02 14:00:16.000,SciMax01,"60938",https://proto-9.pnl.gov/SciMax01/2024_4/60923_7_BTM_3_WEOM_r1_Mag_01Nov24_4p2kV_p01_12_1_20127,Released
1230825,"60932_2_B_2_WEOM_r1_Mag_21Feb24_300SA_p01_7_1_15546",Buzzard: MONet,2024-02-23 06:14:33.000,SciMax01,"60932",https://proto-9.pnl.gov/SciMax01/2024_1/60932_2_B_2_WEOM_r1_Mag_21Feb24_300SA_p01_7_1_15546,Released
1345975,"60880_6_TOP_1_MAOM_r3_Mag_26Feb25_3p3kV_300SA_p01_41_1_23882","",2025-03-03 16:23:54.000,SciMax01,"60880",https://proto-9.pnl.gov/SciMax01/2025_1/60880_6_TOP_1_MAOM_r3_Mag_26Feb25_3p3kV_300SA_p01_41_1_23882,Released
1236359,"60886_4_T_2_WEOM_r2_Mag_10Mar24_300SA_p01_20_1_17225",Buzzard: MONet,2024-03-13 09:30:07.000,SciMax01,"60886",https://proto-9.pnl.gov/SciMax01/2024_1/60886_4_T_2_WEOM_r2_Mag_10Mar24_300SA_p01_20_1_17225,Released
1216013,"60923_3_T_3_WEOM_r1_Mag_26Dec23_300SA_p01_13_1_14286",Buzzard: Data is fine but queue stopped over holiday week so need to shim cell and will run the queue again,2023-12-28 21:43:54.000,SciMax01,"60923",https://proto-9.pnl.gov/SciMax01/2024_1/60923_3_T_3_WEOM_r1_Mag_26Dec23_300SA_p01_13_1_14286,Released
1336307,"60923_15_TOP_1_MAOM_r1_Mag_22Jan25_3p3kV_300SA_p01_10_1_22223","",2025-01-22 23:06:39.000,SciMax01,"60923",https://proto-9.pnl.gov/SciMax01/2025_1/60923_15_TOP_1_MAOM_r1_Mag_22Jan25_3p3kV_300SA_p01_10_1_22223,Released
1331349,"60933_10_TOP_3_MAOM_r3_Mag_05Jan25_3p3kV_300SA_p01_52_1_21713","",2025-01-08 08:54:13.000,SciMax01,"60933",https://proto-9.pnl.gov/SciMax01/2025_1/60933_10_TOP_3_MAOM_r3_Mag_05Jan25_3p3kV_300SA_p01_52_1_21713,Released
1230662,"60932_3_T_2_WEOM_r3_Mag_24Feb24_300SA_p01_10_1_15996",Buzzard: MONet,2024-02-26 00:32:13.000,SciMax01,"60932",https://proto-9.pnl.gov/SciMax01/2024_1/60932_3_T_2_WEOM_r3_Mag_24Feb24_300SA_p01_10_1_15996,Released
1217470,"60923_1_T_3_WEOM_r3_Mag_04Jan24_300SA_p01_9_1_14670",Buzzard: Use this data,2024-01-09 08:52:33.000,SciMax01,"60923",https://proto-9.pnl.gov/SciMax01/2024_1/60923_1_T_3_WEOM_r3_Mag_04Jan24_300SA_p01_9_1_14670,Released
1337683,"60886_3_TOP_3_MAOM_r2_Mag_22Jan25_3p3kV_300SA_p01_21_1_22487","",2025-01-27 20:51:37.000,SciMax01,"60886",https://proto-9.pnl.gov/SciMax01/2025_1/60886_3_TOP_3_MAOM_r2_Mag_22Jan25_3p3kV_300SA_p01_21_1_22487,Released
1337346,"60923_21_TOP_2_MAOM_r1_Mag_22Jan25_3p3kV_300SA_p01_2_1_22422","",2025-01-26 15:52:24.000,SciMax01,"60923",https://proto-9.pnl.gov/SciMax01/2025_1/60923_21_TOP_2_MAOM_r1_Mag_22Jan25_3p3kV_300SA_p01_2_1_22422,Released
1336432,"60923_18_TOP_2_MAOM_r1_Mag_22Jan25_3p3kV_300SA_p01_33_1_22244","",2025-01-23 08:28:44.000,SciMax01,"60923",https://proto-9.pnl.gov/SciMax01/2025_1/60923_18_TOP_2_MAOM_r1_Mag_22Jan25_3p3kV_300SA_p01_33_1_22244,Released
1272539,"60923_1_T_1_MAOM_r3_Mag_04Jul24_300SA_p01_1_1_19423",Buzzard: testing MAOM samples before the move,2024-07-05 06:23:52.000,SciMax01,"60923",https://proto-9.pnl.gov/SciMax01/2024_3/60923_1_T_1_MAOM_r3_Mag_04Jul24_300SA_p01_1_1_19423,Released
1217328,"60923_6_B_3_WEOM_r2_Mag_04Jan24_300SA_p01_20_1_14584",Buzzard: Use this data,2024-01-07 18:45:39.000,SciMax01,"60923",https://proto-9.pnl.gov/SciMax01/2024_1/60923_6_B_3_WEOM_r2_Mag_04Jan24_300SA_p01_20_1_14584,Released
1314823,"60932_6_BTM_3_WEOM_r1_Mag_01Nov24_3p3kV_p01_2_1_20080",Buzzard: Testing response after Instrument cell clean and lab move,2024-11-01 17:05:25.000,SciMax01,"60938",https://proto-9.pnl.gov/SciMax01/2024_4/60932_6_BTM_3_WEOM_r1_Mag_01Nov24_3p3kV_p01_2_1_20080,Released
1231226,"60933_20_T_1_WEOM_r1_Mag_12Feb24_300SA_p01_4_1_15096",Buzzard: MONet,2024-02-13 23:21:38.000,SciMax01,"60933",https://proto-9.pnl.gov/SciMax01/2024_1/60933_20_T_1_WEOM_r1_Mag_12Feb24_300SA_p01_4_1_15096,Released
1338803,"60923_13_TOP_2_MAOM_r3_Mag_29Jan25_3p3kV_300SA_p01_47_1_22700","",2025-01-31 20:02:27.000,SciMax01,"60923",https://proto-9.pnl.gov/SciMax01/2025_1/60923_13_TOP_2_MAOM_r3_Mag_29Jan25_3p3kV_300SA_p01_47_1_22700,Released
1490012,"20260414_QC_SRFA_A_r2_Mag_53_1_32705","",2026-04-14 20:52:53.000,SciMax01,"61050",https://proto-9.pnl.gov/SciMax01/2026_2/20260414_QC_SRFA_A_r2_Mag_53_1_32705,Released
1330216,"60880_1_BTM_2_MAOM_r1_Mag_02Jan25_3p3kV_300SA_p01_39_1_21453","",2025-01-02 23:45:04.000,SciMax01,"60880",https://proto-9.pnl.gov/SciMax01/2025_1/60880_1_BTM_2_MAOM_r1_Mag_02Jan25_3p3kV_300SA_p01_39_1_21453,Released
1235639,"60942_5_T_1_WEOM_r2_Mag_07Mar24_300SA_p01_24_1_17022",Buzzard: MONet,2024-03-08 21:48:31.000,SciMax01,"60942",https://proto-9.pnl.gov/SciMax01/2024_1/60942_5_T_1_WEOM_r2_Mag_07Mar24_300SA_p01_24_1_17022,Released
1330539,"60846_7_TOP_1_MAOM_r2_Mag_02Jan25_3p3kV_300SA_p01_13_1_21481","",2025-01-03 12:14:34.000,SciMax01,"60846",https://proto-9.pnl.gov/SciMax01/2025_1/60846_7_TOP_1_MAOM_r2_Mag_02Jan25_3p3kV_300SA_p01_13_1_21481,Released
1345063,"60929_2_BTM_2_MAOM_r2_Mag_19Feb25_3p3kV_300SA_p01_31_1_23511","",2025-02-22 23:05:58.000,SciMax01,"60929",https://proto-9.pnl.gov/SciMax01/2025_1/60929_2_BTM_2_MAOM_r2_Mag_19Feb25_3p3kV_300SA_p01_31_1_23511,Released
1338477,"60923_12_BTM_2_MAOM_r2_Mag_29Jan25_3p3kV_300SA_p01_44_1_22627","",2025-01-30 11:29:36.000,SciMax01,"60923",https://proto-9.pnl.gov/SciMax01/2025_1/60923_12_BTM_2_MAOM_r2_Mag_29Jan25_3p3kV_300SA_p01_44_1_22627,Released
1330817,"60933_2_BTM_3_MAOM_r1_Mag_05Jan25_3p3kV_300SA_p01_9_1_21602","",2025-01-05 18:11:01.000,SciMax01,"60933",https://proto-9.pnl.gov/SciMax01/2025_1/60933_2_BTM_3_MAOM_r1_Mag_05Jan25_3p3kV_300SA_p01_9_1_21602,Released
1216027,QC_SRFAII_23_01_20ppm_r1_Mag_26Dec23_300SA_p01_54_1_14248,Buzzard: Data is fine but queue stopped over holiday week so need to shim cell and will run the queue again,2023-12-28 04:53:26.000,SciMax01,"60923",https://proto-9.pnl.gov/SciMax01/2024_1/QC_SRFAII_23_01_20ppm_r1_Mag_26Dec23_300SA_p01_54_1_14248,Released
1331695,"60933_8_TOP_2_MAOM_r3_Mag_05Jan25_3p3kV_300SA_p01_45_1_21765",data good just rerun,2025-01-09 13:30:42.000,SciMax01,"60933",https://proto-9.pnl.gov/SciMax01/2025_1/60933_8_TOP_2_MAOM_r3_Mag_05Jan25_3p3kV_300SA_p01_45_1_21765,Released
1341621,"60932_2_BTM_1_MAOM_r3_Mag_10Feb25_3p3kV_300SA_p01_10_1_23183","",2025-02-13 05:58:38.000,SciMax01,"60932",https://proto-9.pnl.gov/SciMax01/2025_1/60932_2_BTM_1_MAOM_r3_Mag_10Feb25_3p3kV_300SA_p01_10_1_23183,Released
1344817,"60920_4_TOP_1_MAOM_r2_Mag_19Feb25_3p3kV_300SA_p01_19_1_23397","",2025-02-20 20:14:26.000,SciMax01,"60920",https://proto-9.pnl.gov/SciMax01/2025_1/60920_4_TOP_1_MAOM_r2_Mag_19Feb25_3p3kV_300SA_p01_19_1_23397,Released
1217368,"60923_9_T_3_WEOM_r3_Mag_04Jan24_300SA_p01_25_1_14664",Buzzard: Use this data,2024-01-09 06:13:01.000,SciMax01,"60923",https://proto-9.pnl.gov/SciMax01/2024_1/60923_9_T_3_WEOM_r3_Mag_04Jan24_300SA_p01_25_1_14664,Released
1252880,"60929_1_B_1_WEOM_r2_Mag_01May24_300SA_p01_40_1_18193","",2024-05-05 09:09:23.000,SciMax01,"60929",https://proto-9.pnl.gov/SciMax01/2024_2/60929_1_B_1_WEOM_r2_Mag_01May24_300SA_p01_40_1_18193,Released
1230902,"60921_3_B_2_WEOM_r3_Mag_21Feb24_300SA_p01_48_1_15509",Buzzard: MONet,2024-02-22 13:50:46.000,SciMax01,"60921",https://proto-9.pnl.gov/SciMax01/2024_1/60921_3_B_2_WEOM_r3_Mag_21Feb24_300SA_p01_48_1_15509,Released
1252959,"60881_6_T_2_WEOM_r2_Mag_01May24_300SA_p01_29_1_18188","",2024-05-05 06:56:25.000,SciMax01,"60881",https://proto-9.pnl.gov/SciMax01/2024_2/60881_6_T_2_WEOM_r2_Mag_01May24_300SA_p01_29_1_18188,Released
1216033,"60923_2_B_1_WEOM_r1_Mag_26Dec23_300SA_p01_4_1_14228",Buzzard: Data is fine but queue stopped over holiday week so need to shim cell and will run the queue again,2023-12-27 20:01:38.000,SciMax01,"60923",https://proto-9.pnl.gov/SciMax01/2024_1/60923_2_B_1_WEOM_r1_Mag_26Dec23_300SA_p01_4_1_14228,Released
1215906,"60920_6_B_3_WEOM_r2_Mag_21Dec23_300SA_p01_12_1_14115",Data needs to be reviewed,2023-12-25 02:41:45.000,SciMax01,"60920",https://proto-9.pnl.gov/SciMax01/2024_1/60920_6_B_3_WEOM_r2_Mag_21Dec23_300SA_p01_12_1_14115,Released
1180766,QC_SRFA_2_2023_01_52_1_13269,Buzzard: QC's and Blanks,2023-08-25 18:25:18.000,SciMax01,"60141",https://proto-9.pnl.gov/SciMax01/2023_3/QC_SRFA_2_2023_01_52_1_13269,Released
1314880,"60886_5_BTM_3_WEOM_r1_Mag_01Nov24_3p3kV_p01_8_1_20086",Buzzard: Testing response after Instrument cell clean and lab move,2024-11-01 19:45:20.000,SciMax01,"60938",https://proto-9.pnl.gov/SciMax01/2024_4/60886_5_BTM_3_WEOM_r1_Mag_01Nov24_3p3kV_p01_8_1_20086,Released
1252867,"60929_1_T_1_WEOM_r2_Mag_01May24_300SA_p01_37_1_18143","",2024-05-04 10:59:43.000,SciMax01,"60929",https://proto-9.pnl.gov/SciMax01/2024_2/60929_1_T_1_WEOM_r2_Mag_01May24_300SA_p01_37_1_18143,Released
1236321,"60886_2_B_2_WEOM_r3_Mag_10Mar24_300SA_p01_11_1_17267",Buzzard: MONet,2024-03-14 04:06:51.000,SciMax01,"60886",https://proto-9.pnl.gov/SciMax01/2024_1/60886_2_B_2_WEOM_r3_Mag_10Mar24_300SA_p01_11_1_17267,Released
1329089,"60923_2_TOP_3_MAOM_r1_Mag_27Dec24_3p3kV_300SA_p01_9_1_21165","",2024-12-27 15:04:28.000,SciMax01,"60923",https://proto-9.pnl.gov/SciMax01/2024_4/60923_2_TOP_3_MAOM_r1_Mag_27Dec24_3p3kV_300SA_p01_9_1_21165,Released
1336421,"60923_20_TOP_2_MAOM_r1_Mag_22Jan25_3p3kV_300SA_p01_45_1_22237","",2025-01-23 05:21:32.000,SciMax01,"60923",https://proto-9.pnl.gov/SciMax01/2025_1/60923_20_TOP_2_MAOM_r1_Mag_22Jan25_3p3kV_300SA_p01_45_1_22237,Released
1220596,"60933_7_T_2_WEOM_r3_Mag_18Jan24_300SA_p01_35_1_14906",Buzzard: MONet,2024-01-22 15:16:13.000,SciMax01,"60933",https://proto-9.pnl.gov/SciMax01/2024_1/60933_7_T_2_WEOM_r3_Mag_18Jan24_300SA_p01_35_1_14906,Released
1180800,"60881_4_B_2_WEOM_1w_49_1_13384",Buzzard: 1w; Data needs to be reviewed,2023-08-29 15:37:50.000,SciMax01,"60881",https://proto-9.pnl.gov/SciMax01/2023_3/60881_4_B_2_WEOM_1w_49_1_13384,Released
1336047,"60933_5_BTM_1_MAOM_r3_Mag_20Jan25_3p3kV_300SA_p01_29_1_22159","",2025-01-21 11:44:44.000,SciMax01,"60933",https://proto-9.pnl.gov/SciMax01/2025_1/60933_5_BTM_1_MAOM_r3_Mag_20Jan25_3p3kV_300SA_p01_29_1_22159,Released
1230695,"60932_4_T_3_WEOM_r2_Mag_24Feb24_300SA_p01_17_1_15932",Buzzard: MONet,2024-02-24 20:10:24.000,SciMax01,"60932",https://proto-9.pnl.gov/SciMax01/2024_1/60932_4_T_3_WEOM_r2_Mag_24Feb24_300SA_p01_17_1_15932,Released
1231299,"60933_14_B_1_WEOM_r2_Mag_12Feb24_300SA_p01_22_1_15128",Buzzard: MONet,2024-02-14 13:32:31.000,SciMax01,"60933",https://proto-9.pnl.gov/SciMax01/2024_1/60933_14_B_1_WEOM_r2_Mag_12Feb24_300SA_p01_22_1_15128,Released
1337415,"60886_2_TOP_2_MAOM_r2_Mag_22Jan25_3p3kV_300SA_p01_14_1_22450","",2025-01-27 04:21:07.000,SciMax01,"60886",https://proto-9.pnl.gov/SciMax01/2025_1/60886_2_TOP_2_MAOM_r2_Mag_22Jan25_3p3kV_300SA_p01_14_1_22450,Released
1253650,QC_SRFAII_23_01_10ppm_WEOM_r1_Mag_10May24_300SA_p01_54_1_18262,"",2024-05-10 15:50:07.000,SciMax01,"60940",https://proto-9.pnl.gov/SciMax01/2024_2/QC_SRFAII_23_01_10ppm_WEOM_r1_Mag_10May24_300SA_p01_54_1_18262,Released
1233032,"60923_20_B_2_WEOM_r1_Mag_04Mar24_300SA_p01_35_1_16838","",2024-03-05 11:41:22.000,SciMax01,"60923",https://proto-9.pnl.gov/SciMax01/2024_1/60923_20_B_2_WEOM_r1_Mag_04Mar24_300SA_p01_35_1_16838,Released
1230732,"60932_6_B_1_WEOM_r3_Mag_24Feb24_300SA_p01_30_1_16010",Buzzard: MONet,2024-02-26 06:44:28.000,SciMax01,"60932",https://proto-9.pnl.gov/SciMax01/2024_1/60932_6_B_1_WEOM_r3_Mag_24Feb24_300SA_p01_30_1_16010,Released
1314766,"60923_1_T_3_MAOM_r2_Mag_01Nov24_300SA_4p2kV_p01_3_1_20200",Buzzard: Testing response after Instrument cell clean and lab move,2024-11-05 08:11:26.000,SciMax01,"60923",https://proto-9.pnl.gov/SciMax01/2024_4/60923_1_T_3_MAOM_r2_Mag_01Nov24_300SA_4p2kV_p01_3_1_20200,Released
1272554,"60923_2_B_1_MAOM_r2_Mag_04Jul24_300SA_p01_10_1_19385",Buzzard: testing MAOM samples before the move,2024-07-04 13:33:27.000,SciMax01,"60923",https://proto-9.pnl.gov/SciMax01/2024_3/60923_2_B_1_MAOM_r2_Mag_04Jul24_300SA_p01_10_1_19385,Released
1217402,"60923_5_B_2_WEOM_r3_Mag_04Jan24_300SA_p01_38_1_14635",Buzzard: Use this data,2024-01-08 17:21:52.000,SciMax01,"60923",https://proto-9.pnl.gov/SciMax01/2024_1/60923_5_B_2_WEOM_r3_Mag_04Jan24_300SA_p01_38_1_14635,Released
1330663,"60846_5_TOP_1_MAOM_r2_Mag_02Jan25_3p3kV_300SA_p01_7_1_21529","",2025-01-04 09:38:10.000,SciMax01,"60846",https://proto-9.pnl.gov/SciMax01/2025_1/60846_5_TOP_1_MAOM_r2_Mag_02Jan25_3p3kV_300SA_p01_7_1_21529,Released
1336662,"60923_18_BTM_2_MAOM_r2_Mag_22Jan25_3p3kV_300SA_p01_36_1_22263","",2025-01-23 16:56:53.000,SciMax01,"60923",https://proto-9.pnl.gov/SciMax01/2025_1/60923_18_BTM_2_MAOM_r2_Mag_22Jan25_3p3kV_300SA_p01_36_1_22263,Released
1166681,MONet_Test_QC_SRFAII_20ppm_r1_Fir_11Jul23_300SA_p1_17_1_8777,Buzzard: Just testing samples tubes,2023-07-11 17:29:44.000,"15T_FTICR_I","60141",https://proto-9.pnl.gov/15T_FTICR_I/2023_3/MONet_Test_QC_SRFAII_20ppm_r1_Fir_11Jul23_300SA_p1_17_1_8777,Released
1338610,"60933_20_TOP_2_MAOM_r2_Mag_29Jan25_3p3kV_300SA_p01_14_1_22663","",2025-01-31 03:32:46.000,SciMax01,"60933",https://proto-9.pnl.gov/SciMax01/2025_1/60933_20_TOP_2_MAOM_r2_Mag_29Jan25_3p3kV_300SA_p01_14_1_22663,Released
1338277,"60933_20_TOP_3_MAOM_r1_Mag_29Jan25_3p3kV_300SA_p01_15_1_22599","",2025-01-29 23:01:27.000,SciMax01,"60933",https://proto-9.pnl.gov/SciMax01/2025_1/60933_20_TOP_3_MAOM_r1_Mag_29Jan25_3p3kV_300SA_p01_15_1_22599,Released
1330734,"60846_2_BTM_3_MAOM_r3_Mag_02Jan25_3p3kV_300SA_p01_6_1_21562","",2025-01-05 00:21:05.000,SciMax01,"60846",https://proto-9.pnl.gov/SciMax01/2025_1/60846_2_BTM_3_MAOM_r3_Mag_02Jan25_3p3kV_300SA_p01_6_1_21562,Released
1345363,"60880_5_TOP_2_MAOM_r1_Mag_26Feb25_3p3kV_300SA_p01_36_1_23788","",2025-03-01 22:29:22.000,SciMax01,"60880",https://proto-9.pnl.gov/SciMax01/2025_1/60880_5_TOP_2_MAOM_r1_Mag_26Feb25_3p3kV_300SA_p01_36_1_23788,Released
1272569,QC_SRFAII_23_01_10ppm_MAOM_r3_Mag_04Jul24_300SA_p01_54_1_19434,Buzzard: testing MAOM samples before the move,2024-07-05 11:16:22.000,SciMax01,"60923",https://proto-9.pnl.gov/SciMax01/2024_3/QC_SRFAII_23_01_10ppm_MAOM_r3_Mag_04Jul24_300SA_p01_54_1_19434,Released
1329543,"60921_4_TOP_1_MAOM_r2_Mag_27Dec24_3p3kV_300SA_p01_21_1_21369","",2024-12-31 09:59:36.000,SciMax01,"60921",https://proto-9.pnl.gov/SciMax01/2024_4/60921_4_TOP_1_MAOM_r2_Mag_27Dec24_3p3kV_300SA_p01_21_1_21369,Released
1329013,"60920_8_BTM_2_MAOM_r2_Mag_23Dec24_3p3kV_300SA_p01_37_1_21091","",2024-12-24 18:27:27.000,SciMax01,"60920",https://proto-9.pnl.gov/SciMax01/2024_4/60920_8_BTM_2_MAOM_r2_Mag_23Dec24_3p3kV_300SA_p01_37_1_21091,Released
1216067,"60923_4_T_1_WEOM_r2_Mag_26Dec23_300SA_p01_7_1_14298",Buzzard: Data is fine but queue stopped over holiday week so need to shim cell and will run the queue again,2023-12-29 03:02:59.000,SciMax01,"60923",https://proto-9.pnl.gov/SciMax01/2024_1/60923_4_T_1_WEOM_r2_Mag_26Dec23_300SA_p01_7_1_14298,Released
1330517,"60846_5_BTM_1_MAOM_r1_Mag_02Jan25_3p3kV_300SA_p01_10_1_21475","",2025-01-03 09:34:08.000,SciMax01,"60846",https://proto-9.pnl.gov/SciMax01/2025_1/60846_5_BTM_1_MAOM_r1_Mag_02Jan25_3p3kV_300SA_p01_10_1_21475,Released
1338330,"60923_10_TOP_3_MAOM_r2_Mag_29Jan25_3p3kV_300SA_p01_27_1_22618","",2025-01-30 07:29:10.000,SciMax01,"60923",https://proto-9.pnl.gov/SciMax01/2025_1/60923_10_TOP_3_MAOM_r2_Mag_29Jan25_3p3kV_300SA_p01_27_1_22618,Released
1329113,"60923_6_TOP_2_MAOM_r2_Mag_27Dec24_3p3kV_300SA_p01_32_1_21248","",2024-12-29 04:03:30.000,SciMax01,"60923",https://proto-9.pnl.gov/SciMax01/2024_4/60923_6_TOP_2_MAOM_r2_Mag_27Dec24_3p3kV_300SA_p01_32_1_21248,Released
1345341,"60880_6_TOP_1_MAOM_r1_Mag_26Feb25_3p3kV_300SA_p01_41_1_23782","",2025-03-01 19:48:46.000,SciMax01,"60880",https://proto-9.pnl.gov/SciMax01/2025_1/60880_6_TOP_1_MAOM_r1_Mag_26Feb25_3p3kV_300SA_p01_41_1_23782,Released
1217429,"60923_9_T_3_WEOM_r2_Mag_04Jan24_300SA_p01_25_1_14591",Buzzard: Use this data,2024-01-07 21:51:49.000,SciMax01,"60923",https://proto-9.pnl.gov/SciMax01/2024_1/60923_9_T_3_WEOM_r2_Mag_04Jan24_300SA_p01_25_1_14591,Released
1314881,QC_SRFAII_23_01_20ppm_r1_Mag_01Nov24_3p3kV_p01_54_1_20112,Buzzard: Testing response after Instrument cell clean and lab move,2024-11-02 07:20:12.000,SciMax01,"60938",https://proto-9.pnl.gov/SciMax01/2024_4/QC_SRFAII_23_01_20ppm_r1_Mag_01Nov24_3p3kV_p01_54_1_20112,Released
1216118,"60923_9_B_2_WEOM_r1_Mag_26Dec23_300SA_p01_46_1_14255",Buzzard: Data is fine but queue stopped over holiday week so need to shim cell and will run the queue again,2023-12-28 07:59:33.000,SciMax01,"60923",https://proto-9.pnl.gov/SciMax01/2024_1/60923_9_B_2_WEOM_r1_Mag_26Dec23_300SA_p01_46_1_14255,Released
1345051,"60929_2_TOP_1_MAOM_r1_Mag_19Feb25_3p3kV_300SA_p01_27_1_23478","",2025-02-22 08:22:01.000,SciMax01,"60929",https://proto-9.pnl.gov/SciMax01/2025_1/60929_2_TOP_1_MAOM_r1_Mag_19Feb25_3p3kV_300SA_p01_27_1_23478,Released
1235622,"60942_4_T_2_WEOM_r2_Mag_07Mar24_300SA_p01_19_1_17045",Buzzard: MONet,2024-03-09 15:52:30.000,SciMax01,"60942",https://proto-9.pnl.gov/SciMax01/2024_1/60942_4_T_2_WEOM_r2_Mag_07Mar24_300SA_p01_19_1_17045,Released
1341340,"60932_4_BTM_1_MAOM_r2_Mag_10Feb25_3p3kV_300SA_p01_22_1_23131","",2025-02-12 06:47:28.000,SciMax01,"60932",https://proto-9.pnl.gov/SciMax01/2025_1/60932_4_BTM_1_MAOM_r2_Mag_10Feb25_3p3kV_300SA_p01_22_1_23131,Released
1337064,"60923_16_TOP_1_MAOM_r3_Mag_22Jan25_3p3kV_300SA_p01_16_1_22337","",2025-01-25 01:57:18.000,SciMax01,"60923",https://proto-9.pnl.gov/SciMax01/2025_1/60923_16_TOP_1_MAOM_r3_Mag_22Jan25_3p3kV_300SA_p01_16_1_22337,Released
1215857,QC_SRFAII_23_01_20ppm_r2_Mag_21Dec23_300SA_p01_54_1_14097,Data needs to be reviewed,2023-12-24 18:43:05.000,SciMax01,"60920",https://proto-9.pnl.gov/SciMax01/2024_1/QC_SRFAII_23_01_20ppm_r2_Mag_21Dec23_300SA_p01_54_1_14097,Released
1342016,"60881_2_BTM_3_MAOM_r2_Mag_10Feb25_3p3kV_300SA_p01_12_1_23276","",2025-02-14 23:26:59.000,SciMax01,"60881",https://proto-9.pnl.gov/SciMax01/2025_1/60881_2_BTM_3_MAOM_r2_Mag_10Feb25_3p3kV_300SA_p01_12_1_23276,Released
1335365,"60933_11_TOP_3_MAOM_r1_Mag_13Jan25_3p3kV_300SA_p01_3_1_21832","",2025-01-15 05:00:02.000,SciMax01,"60933",https://proto-9.pnl.gov/SciMax01/2025_1/60933_11_TOP_3_MAOM_r1_Mag_13Jan25_3p3kV_300SA_p01_3_1_21832,Released
1233031,"60923_19_B_1_WEOM_r1_Mag_04Mar24_300SA_p01_28_1_16834","",2024-03-05 09:54:58.000,SciMax01,"60923",https://proto-9.pnl.gov/SciMax01/2024_1/60923_19_B_1_WEOM_r1_Mag_04Mar24_300SA_p01_28_1_16834,Released
1231112,"60933_20_B_2_WEOM_r1_Mag_12Feb24_300SA_p01_8_1_15045",Buzzard: MONet,2024-02-13 00:37:29.000,SciMax01,"60933",https://proto-9.pnl.gov/SciMax01/2024_1/60933_20_B_2_WEOM_r1_Mag_12Feb24_300SA_p01_8_1_15045,Released
1340556,"60938_3_TOP_3_MAOM_r3_Mag_03Feb25_3p3kV_300SA_p01_15_1_22865","",2025-02-05 20:43:27.000,SciMax01,"60938",https://proto-9.pnl.gov/SciMax01/2025_1/60938_3_TOP_3_MAOM_r3_Mag_03Feb25_3p3kV_300SA_p01_15_1_22865,Released
1328940,"60940_3_TOP_3_MAOM_r2_Mag_23Dec24_3p3kV_300SA_p01_15_1_21060","",2024-12-24 04:38:17.000,SciMax01,"60940",https://proto-9.pnl.gov/SciMax01/2024_4/60940_3_TOP_3_MAOM_r2_Mag_23Dec24_3p3kV_300SA_p01_15_1_21060,Released
1215852,"60920_9_T_2_WEOM_r2_Mag_21Dec23_300SA_p01_35_1_14088",Data needs to be reviewed,2023-12-24 14:43:45.000,SciMax01,"60920",https://proto-9.pnl.gov/SciMax01/2024_1/60920_9_T_2_WEOM_r2_Mag_21Dec23_300SA_p01_35_1_14088,Released
1340010,"60942_5_BTM_1_MAOM_r1_Mag_03Feb25_3p3kV_300SA_p01_16_1_22938","",2025-02-07 05:15:48.000,SciMax01,"60942",https://proto-9.pnl.gov/SciMax01/2025_1/60942_5_BTM_1_MAOM_r1_Mag_03Feb25_3p3kV_300SA_p01_16_1_22938,Released
1180799,"60881_5_B_1_WEOM_1w_50_1_13385",Buzzard: 1w; Data needs to be reviewed,2023-08-29 16:04:25.000,SciMax01,"60881",https://proto-9.pnl.gov/SciMax01/2023_3/60881_5_B_1_WEOM_1w_50_1_13385,Released
1340525,"60938_2_BTM_3_MAOM_r1_Mag_03Feb25_3p3kV_300SA_p01_12_1_22763","",2025-02-03 23:16:11.000,SciMax01,"60938",https://proto-9.pnl.gov/SciMax01/2025_1/60938_2_BTM_3_MAOM_r1_Mag_03Feb25_3p3kV_300SA_p01_12_1_22763,Released
1217496,"60923_13_B_3_WEOM_r1_Mag_04Jan24_300SA_p01_34_1_14479",Buzzard: Use this data,2024-01-05 20:13:25.000,SciMax01,"60923",https://proto-9.pnl.gov/SciMax01/2024_1/60923_13_B_3_WEOM_r1_Mag_04Jan24_300SA_p01_34_1_14479,Released
1329078,"60923_1_BTM_2_MAOM_r2_Mag_27Dec24_3p3kV_300SA_p01_5_1_21268","",2024-12-29 12:58:27.000,SciMax01,"60923",https://proto-9.pnl.gov/SciMax01/2024_4/60923_1_BTM_2_MAOM_r2_Mag_27Dec24_3p3kV_300SA_p01_5_1_21268,Released
1217350,"60923_5_T_1_WEOM_r1_Mag_04Jan24_300SA_p01_9_1_14437",Buzzard: Use this data,2024-01-05 01:36:39.000,SciMax01,"60923",https://proto-9.pnl.gov/SciMax01/2024_1/60923_5_T_1_WEOM_r1_Mag_04Jan24_300SA_p01_9_1_14437,Released
1337247,"60886_6_TOP_2_MAOM_r1_Mag_22Jan25_3p3kV_300SA_p01_41_1_22382","",2025-01-25 22:02:29.000,SciMax01,"60886",https://proto-9.pnl.gov/SciMax01/2025_1/60886_6_TOP_2_MAOM_r1_Mag_22Jan25_3p3kV_300SA_p01_41_1_22382,Released
1215842,"60920_3_B_3_WEOM_r3_Mag_21Dec23_300SA_p01_6_1_14192",Data needs to be reviewed,2023-12-26 12:49:17.000,SciMax01,"60920",https://proto-9.pnl.gov/SciMax01/2024_1/60920_3_B_3_WEOM_r3_Mag_21Dec23_300SA_p01_6_1_14192,Released
1337750,"60886_6_BTM_1_MAOM_r3_Mag_22Jan25_3p3kV_300SA_p01_43_1_22509","",2025-01-28 06:39:58.000,SciMax01,"60886",https://proto-9.pnl.gov/SciMax01/2025_1/60886_6_BTM_1_MAOM_r3_Mag_22Jan25_3p3kV_300SA_p01_43_1_22509,Released
1314831,"60933_11_BTM_2_WEOM_r1_Mag_01Nov24_4p2kV_p01_18_1_20135",Buzzard: Testing response after Instrument cell clean and lab move,2024-11-02 17:33:44.000,SciMax01,"60938",https://proto-9.pnl.gov/SciMax01/2024_4/60933_11_BTM_2_WEOM_r1_Mag_01Nov24_4p2kV_p01_18_1_20135,Released
1180794,"60921_1_T_3_WEOM_1w_23_1_13417",Buzzard: 1w; Data needs to be reviewed,2023-08-30 06:15:18.000,SciMax01,"60921",https://proto-9.pnl.gov/SciMax01/2023_3/60921_1_T_3_WEOM_1w_23_1_13417,Released
1234605,"60923_17_B_3_WEOM_r3_Mag_04Mar24_300SA_p01_18_1_16913",Buzzard: MONet,2024-03-06 20:55:37.000,SciMax01,"60923",https://proto-9.pnl.gov/SciMax01/2024_1/60923_17_B_3_WEOM_r3_Mag_04Mar24_300SA_p01_18_1_16913,Released
1328946,"60920_10_TOP_2_MAOM_r2_Mag_23Dec24_3p3kV_300SA_p01_46_1_21081","",2024-12-24 14:00:04.000,SciMax01,"60920",https://proto-9.pnl.gov/SciMax01/2024_4/60920_10_TOP_2_MAOM_r2_Mag_23Dec24_3p3kV_300SA_p01_46_1_21081,Released
1252838,"60881_1_B_2_WEOM_r1_Mag_01May24_300SA_p01_2_1_18119","",2024-05-04 00:21:34.000,SciMax01,"60881",https://proto-9.pnl.gov/SciMax01/2024_2/60881_1_B_2_WEOM_r1_Mag_01May24_300SA_p01_2_1_18119,Released
1231207,"60933_13_B_1_WEOM_r3_Mag_12Feb24_300SA_p01_16_1_15233",Buzzard: MONet,2024-02-16 12:04:31.000,SciMax01,"60933",https://proto-9.pnl.gov/SciMax01/2024_1/60933_13_B_1_WEOM_r3_Mag_12Feb24_300SA_p01_16_1_15233,Released
1221023,QC_SRFAII_23_01_20ppm_r0_Mag_18Jan24_300SA_p01_54_1_14693,Buzzard: MONet,2024-01-18 16:52:09.000,SciMax01,"60933",https://proto-9.pnl.gov/SciMax01/2024_1/QC_SRFAII_23_01_20ppm_r0_Mag_18Jan24_300SA_p01_54_1_14693,Released
1330262,"60846_7_TOP_3_MAOM_r1_Mag_02Jan25_3p3kV_300SA_p01_15_1_21469","",2025-01-03 06:53:23.000,SciMax01,"60846",https://proto-9.pnl.gov/SciMax01/2025_1/60846_7_TOP_3_MAOM_r1_Mag_02Jan25_3p3kV_300SA_p01_15_1_21469,Released
1330845,"60933_7_BTM_1_MAOM_r1_Mag_05Jan25_3p3kV_300SA_p01_41_1_21617","",2025-01-06 00:52:23.000,SciMax01,"60933",https://proto-9.pnl.gov/SciMax01/2025_1/60933_7_BTM_1_MAOM_r1_Mag_05Jan25_3p3kV_300SA_p01_41_1_21617,Released
1340510,"60938_1_BTM_3_MAOM_r3_Mag_03Feb25_3p3kV_300SA_p01_6_1_22879","",2025-02-06 02:58:02.000,SciMax01,"60938",https://proto-9.pnl.gov/SciMax01/2025_1/60938_1_BTM_3_MAOM_r3_Mag_03Feb25_3p3kV_300SA_p01_6_1_22879,Released
1235618,"60886_4_T_1_WEOM_r1_Mag_10Mar24_300SA_p01_19_1_17136",Buzzard: MONet,2024-03-11 18:03:39.000,SciMax01,"60886",https://proto-9.pnl.gov/SciMax01/2024_1/60886_4_T_1_WEOM_r1_Mag_10Mar24_300SA_p01_19_1_17136,Released
1329110,"60923_2_TOP_2_MAOM_r1_Mag_27Dec24_3p3kV_300SA_p01_8_1_21168","",2024-12-27 16:24:31.000,SciMax01,"60923",https://proto-9.pnl.gov/SciMax01/2024_4/60923_2_TOP_2_MAOM_r1_Mag_27Dec24_3p3kV_300SA_p01_8_1_21168,Released
1216081,"60923_4_T_3_WEOM_r1_Mag_26Dec23_300SA_p01_15_1_14274",Buzzard: Data is fine but queue stopped over holiday week so need to shim cell and will run the queue again,2023-12-28 16:24:48.000,SciMax01,"60923",https://proto-9.pnl.gov/SciMax01/2024_1/60923_4_T_3_WEOM_r1_Mag_26Dec23_300SA_p01_15_1_14274,Released
1217463,"60923_8_T_2_WEOM_r1_Mag_04Jan24_300SA_p01_43_1_14473",Buzzard: Use this data,2024-01-05 17:33:54.000,SciMax01,"60923",https://proto-9.pnl.gov/SciMax01/2024_1/60923_8_T_2_WEOM_r1_Mag_04Jan24_300SA_p01_43_1_14473,Released
1234859,"60923_21_T_1_WEOM_r3_Mag_04Mar24_300SA_p01_37_1_16956",Buzzard: MONet,2024-03-07 16:32:09.000,SciMax01,"60923",https://proto-9.pnl.gov/SciMax01/2024_1/60923_21_T_1_WEOM_r3_Mag_04Mar24_300SA_p01_37_1_16956,Released
1330664,"60846_2_TOP_1_MAOM_r2_Mag_02Jan25_3p3kV_300SA_p01_1_1_21530","",2025-01-04 10:04:56.000,SciMax01,"60846",https://proto-9.pnl.gov/SciMax01/2025_1/60846_2_TOP_1_MAOM_r2_Mag_02Jan25_3p3kV_300SA_p01_1_1_21530,Released
1215898,"60920_4_T_2_WEOM_r2_Mag_21Dec23_300SA_p01_26_1_14102",Data needs to be reviewed,2023-12-24 20:56:03.000,SciMax01,"60920",https://proto-9.pnl.gov/SciMax01/2024_1/60920_4_T_2_WEOM_r2_Mag_21Dec23_300SA_p01_26_1_14102,Released
1346042,"60880_5_TOP_3_MAOM_r3_Mag_26Feb25_3p3kV_300SA_p01_37_1_23903","",2025-03-04 01:46:13.000,SciMax01,"60880",https://proto-9.pnl.gov/SciMax01/2025_1/60880_5_TOP_3_MAOM_r3_Mag_26Feb25_3p3kV_300SA_p01_37_1_23903,Released
1235692,"60942_2_T_3_WEOM_r2_Mag_07Mar24_300SA_p01_9_1_17023",Buzzard: MONet,2024-03-08 22:15:06.000,SciMax01,"60942",https://proto-9.pnl.gov/SciMax01/2024_1/60942_2_T_3_WEOM_r2_Mag_07Mar24_300SA_p01_9_1_17023,Released
1217436,"60923_3_B_3_WEOM_r1_Mag_04Jan24_300SA_p01_14_1_14507",Buzzard: Use this data,2024-01-06 08:37:57.000,SciMax01,"60923",https://proto-9.pnl.gov/SciMax01/2024_1/60923_3_B_3_WEOM_r1_Mag_04Jan24_300SA_p01_14_1_14507,Released
1336063,"60933_5_TOP_2_MAOM_r3_Mag_20Jan25_3p3kV_300SA_p01_23_1_22156","",2025-01-21 10:24:21.000,SciMax01,"60933",https://proto-9.pnl.gov/SciMax01/2025_1/60933_5_TOP_2_MAOM_r3_Mag_20Jan25_3p3kV_300SA_p01_23_1_22156,Released
1220542,"60938_1_B_3_WEOM_r1_Mag_18Jan24_300SA_p01_6_1_14770",Buzzard: MONet,2024-01-20 02:59:43.000,SciMax01,"60938",https://proto-9.pnl.gov/SciMax01/2024_1/60938_1_B_3_WEOM_r1_Mag_18Jan24_300SA_p01_6_1_14770,Released
1338624,"60923_13_TOP_1_MAOM_r3_Mag_29Jan25_3p3kV_300SA_p01_46_1_22669","",2025-01-31 06:13:20.000,SciMax01,"60923",https://proto-9.pnl.gov/SciMax01/2025_1/60923_13_TOP_1_MAOM_r3_Mag_29Jan25_3p3kV_300SA_p01_46_1_22669,Released
1336299,"60923_16_TOP_1_MAOM_r1_Mag_22Jan25_3p3kV_300SA_p01_16_1_22222","",2025-01-22 22:40:02.000,SciMax01,"60923",https://proto-9.pnl.gov/SciMax01/2025_1/60923_16_TOP_1_MAOM_r1_Mag_22Jan25_3p3kV_300SA_p01_16_1_22222,Released
1233040,"60923_21_T_1_WEOM_r1_Mag_04Mar24_300SA_p01_37_1_16806","",2024-03-04 21:30:30.000,SciMax01,"60923",https://proto-9.pnl.gov/SciMax01/2024_1/60923_21_T_1_WEOM_r1_Mag_04Mar24_300SA_p01_37_1_16806,Released
1235655,"60942_3_T_2_WEOM_r2_Mag_07Mar24_300SA_p01_14_1_17054",Buzzard: MONet,2024-03-09 19:51:50.000,SciMax01,"60942",https://proto-9.pnl.gov/SciMax01/2024_1/60942_3_T_2_WEOM_r2_Mag_07Mar24_300SA_p01_14_1_17054,Released
1230992,"60880_1_B_2_WEOM_r2_Mag_16Feb24_300SA_p01_19_1_15398",Buzzard: MONet,2024-02-19 23:23:49.000,SciMax01,"60880",https://proto-9.pnl.gov/SciMax01/2024_1/60880_1_B_2_WEOM_r2_Mag_16Feb24_300SA_p01_19_1_15398,Released
1090419,"1000s_20ppm_SRFAII_24Oct22_Mag_300SA_p01_2_1_6912",Buzzard: QC's and blanks,2022-10-25 09:09:36.000,SciMax01,"60141",https://proto-9.pnl.gov/SciMax01/2022_4/1000s_20ppm_SRFAII_24Oct22_Mag_300SA_p01_2_1_6912,Released
1252906,"60881_5_T_2_WEOM_r2_Mag_01May24_300SA_p01_23_1_18187","",2024-05-05 06:29:49.000,SciMax01,"60881",https://proto-9.pnl.gov/SciMax01/2024_2/60881_5_T_2_WEOM_r2_Mag_01May24_300SA_p01_23_1_18187,Released
1329527,"60921_3_BTM_3_MAOM_r2_Mag_27Dec24_3p3kV_300SA_p01_18_1_21359","",2024-12-31 05:32:31.000,SciMax01,"60921",https://proto-9.pnl.gov/SciMax01/2024_4/60921_3_BTM_3_MAOM_r2_Mag_27Dec24_3p3kV_300SA_p01_18_1_21359,Released
1230729,"60932_3_B_2_WEOM_r1_Mag_24Feb24_300SA_p01_13_1_15910",Buzzard: MONet,2024-02-24 10:25:26.000,SciMax01,"60932",https://proto-9.pnl.gov/SciMax01/2024_1/60932_3_B_2_WEOM_r1_Mag_24Feb24_300SA_p01_13_1_15910,Released
1217376,"60923_13_T_2_WEOM_r2_Mag_04Jan24_300SA_p01_5_1_14550",Buzzard: Use this data,2024-01-07 03:41:29.000,SciMax01,"60923",https://proto-9.pnl.gov/SciMax01/2024_1/60923_13_T_2_WEOM_r2_Mag_04Jan24_300SA_p01_5_1_14550,Released
1216058,"60923_1_B_3_WEOM_r1_Mag_26Dec23_300SA_p01_10_1_14272",Buzzard: Data is fine but queue stopped over holiday week so need to shim cell and will run the queue again,2023-12-28 15:31:36.000,SciMax01,"60923",https://proto-9.pnl.gov/SciMax01/2024_1/60923_1_B_3_WEOM_r1_Mag_26Dec23_300SA_p01_10_1_14272,Released
1180733,QC_SRFA_2_2023_01_54_1_13228,Buzzard: QC's and Blanks,2023-08-25 00:15:08.000,SciMax01,"60141",https://proto-9.pnl.gov/SciMax01/2023_3/QC_SRFA_2_2023_01_54_1_13228,Released
1230866,"60921_3_B_3_WEOM_r3_Mag_21Feb24_300SA_p01_49_1_15506",Buzzard: MONet,2024-02-22 12:30:59.000,SciMax01,"60921",https://proto-9.pnl.gov/SciMax01/2024_1/60921_3_B_3_WEOM_r3_Mag_21Feb24_300SA_p01_49_1_15506,Released
1217481,"60923_11_T_1_WEOM_r1_Mag_04Jan24_300SA_p01_21_1_14425",Buzzard: Use this data,2024-01-04 20:17:35.000,SciMax01,"60923",https://proto-9.pnl.gov/SciMax01/2024_1/60923_11_T_1_WEOM_r1_Mag_04Jan24_300SA_p01_21_1_14425,Released
1314845,"60923_13_BTM_3_WEOM_r1_Mag_01Nov24_4p2kV_p01_10_1_20125",Buzzard: Testing response after Instrument cell clean and lab move,2024-11-02 13:06:59.000,SciMax01,"60938",https://proto-9.pnl.gov/SciMax01/2024_4/60923_13_BTM_3_WEOM_r1_Mag_01Nov24_4p2kV_p01_10_1_20125,Released
1091233,"1000s_SRFAII_07_01Nov22_Mag_300SA_p01_213_1_7226","",2022-11-02 08:49:29.000,SciMax01,"60141",https://proto-9.pnl.gov/SciMax01/2022_4/1000s_SRFAII_07_01Nov22_Mag_300SA_p01_213_1_7226,Released
1331032,"60933_7_TOP_2_MAOM_r2_Mag_05Jan25_3p3kV_300SA_p01_39_1_21683","",2025-01-07 06:18:12.000,SciMax01,"60933",https://proto-9.pnl.gov/SciMax01/2025_1/60933_7_TOP_2_MAOM_r2_Mag_05Jan25_3p3kV_300SA_p01_39_1_21683,Released
1215829,"60920_5_B_1_WEOM_r2_Mag_21Dec23_300SA_p01_10_1_14079",Data needs to be reviewed,2023-12-23 09:37:07.000,SciMax01,"60920",https://proto-9.pnl.gov/SciMax01/2024_1/60920_5_B_1_WEOM_r2_Mag_21Dec23_300SA_p01_10_1_14079,Released
1328970,"60920_10_TOP_3_MAOM_r2_Mag_23Dec24_3p3kV_300SA_p01_47_1_21080","",2024-12-24 13:33:17.000,SciMax01,"60920",https://proto-9.pnl.gov/SciMax01/2024_4/60920_10_TOP_3_MAOM_r2_Mag_23Dec24_3p3kV_300SA_p01_47_1_21080,Released
1272561,"60923_2_B_1_MAOM_r3_Mag_04Jul24_300SA_p01_10_1_19413",Buzzard: testing MAOM samples before the move,2024-07-05 01:57:58.000,SciMax01,"60923",https://proto-9.pnl.gov/SciMax01/2024_3/60923_2_B_1_MAOM_r3_Mag_04Jul24_300SA_p01_10_1_19413,Released
1341899,"60881_5_BTM_2_MAOM_r2_Mag_10Feb25_3p3kV_300SA_p01_29_1_23238","",2025-02-14 06:30:05.000,SciMax01,"60881",https://proto-9.pnl.gov/SciMax01/2025_1/60881_5_BTM_2_MAOM_r2_Mag_10Feb25_3p3kV_300SA_p01_29_1_23238,Released
1231063,QC_SRFAII_23_01_10ppm_r2_Mag_16Feb24_300SA_p01_54_1_15405,Buzzard: MONet,2024-02-20 02:29:57.000,SciMax01,"60880",https://proto-9.pnl.gov/SciMax01/2024_1/QC_SRFAII_23_01_10ppm_r2_Mag_16Feb24_300SA_p01_54_1_15405,Released
1166668,MONet_Test_QC_SRFAII_20ppm_r2_Fir_11Jul23_300SA_p1_69_1_8829,Buzzard: Just testing samples tubes,2023-07-12 15:45:16.000,"15T_FTICR_I","60141",https://proto-9.pnl.gov/15T_FTICR_I/2023_3/MONet_Test_QC_SRFAII_20ppm_r2_Fir_11Jul23_300SA_p1_69_1_8829,Released
1314748,"60923_2_B_1_MAOM_r2_Mag_01Nov24_300SA_4p2kV_p01_10_1_20187",Buzzard: Testing response after Instrument cell clean and lab move,2024-11-05 02:25:07.000,SciMax01,"60923",https://proto-9.pnl.gov/SciMax01/2024_4/60923_2_B_1_MAOM_r2_Mag_01Nov24_300SA_4p2kV_p01_10_1_20187,Released
1231225,"60933_11_T_1_WEOM_r1_Mag_12Feb24_300SA_p01_1_1_15068",Buzzard: MONet,2024-02-13 10:49:03.000,SciMax01,"60933",https://proto-9.pnl.gov/SciMax01/2024_1/60933_11_T_1_WEOM_r1_Mag_12Feb24_300SA_p01_1_1_15068,Released
1217484,"60923_4_T_2_WEOM_r2_Mag_04Jan24_300SA_p01_35_1_14567",Buzzard: Use this data,2024-01-07 11:13:35.000,SciMax01,"60923",https://proto-9.pnl.gov/SciMax01/2024_1/60923_4_T_2_WEOM_r2_Mag_04Jan24_300SA_p01_35_1_14567,Released
1480499,"20260213_SRFA-2_reeval_mag_44_1_32395","",2026-02-13 23:20:04.000,SciMax01,"61050",https://proto-9.pnl.gov/SciMax01/2026_1/20260213_SRFA-2_reeval_mag_44_1_32395,Released
1215913,"60920_1_B_1_WEOM_r1_Mag_21Dec23_300SA_p01_2_1_13994",Data needs to be reviewed,2023-12-21 19:56:50.000,SciMax01,"60920",https://proto-9.pnl.gov/SciMax01/2024_1/60920_1_B_1_WEOM_r1_Mag_21Dec23_300SA_p01_2_1_13994,Released
1252857,"60881_5_B_2_WEOM_r1_Mag_01May24_300SA_p01_26_1_18120","",2024-05-04 00:48:08.000,SciMax01,"60881",https://proto-9.pnl.gov/SciMax01/2024_2/60881_5_B_2_WEOM_r1_Mag_01May24_300SA_p01_26_1_18120,Released
1314779,"60923_2_T_3_MAOM_r1_Mag_01Nov24_300SA_3p3kV_p01_9_1_20168",Buzzard: Testing response after Instrument cell clean and lab move,2024-11-04 17:57:44.000,SciMax01,"60923",https://proto-9.pnl.gov/SciMax01/2024_4/60923_2_T_3_MAOM_r1_Mag_01Nov24_300SA_3p3kV_p01_9_1_20168,Released
1335280,"60933_14_TOP_3_MAOM_r3_Mag_13Jan25_3p3kV_300SA_p01_25_1_21941","",2025-01-17 05:38:26.000,SciMax01,"60933",https://proto-9.pnl.gov/SciMax01/2025_1/60933_14_TOP_3_MAOM_r3_Mag_13Jan25_3p3kV_300SA_p01_25_1_21941,Released
1216152,"60923_5_B_1_WEOM_r1_Mag_26Dec23_300SA_p01_10_1_14218",Buzzard: Data is fine but queue stopped over holiday week so need to shim cell and will run the queue again,2023-12-27 15:35:43.000,SciMax01,"60923",https://proto-9.pnl.gov/SciMax01/2024_1/60923_5_B_1_WEOM_r1_Mag_26Dec23_300SA_p01_10_1_14218,Released
1230948,"60880_3_B_3_WEOM_r2_Mag_16Feb24_300SA_p01_31_1_15408",Buzzard: MONet,2024-02-20 03:49:43.000,SciMax01,"60880",https://proto-9.pnl.gov/SciMax01/2024_1/60880_3_B_3_WEOM_r2_Mag_16Feb24_300SA_p01_31_1_15408,Released
1340534,"60938_2_TOP_1_MAOM_r2_Mag_03Feb25_3p3kV_300SA_p01_7_1_22817","",2025-02-04 23:20:09.000,SciMax01,"60938",https://proto-9.pnl.gov/SciMax01/2025_1/60938_2_TOP_1_MAOM_r2_Mag_03Feb25_3p3kV_300SA_p01_7_1_22817,Released
1230863,"60921_4_T_1_WEOM_r2_Mag_21Feb24_300SA_p01_50_1_15479",Buzzard: MONet,2024-02-22 00:33:01.000,SciMax01,"60921",https://proto-9.pnl.gov/SciMax01/2024_1/60921_4_T_1_WEOM_r2_Mag_21Feb24_300SA_p01_50_1_15479,Released
1215884,"60920_11_T_2_WEOM_r3_Mag_21Dec23_300SA_p01_38_1_14171",Data needs to be reviewed,2023-12-26 03:30:52.000,SciMax01,"60920",https://proto-9.pnl.gov/SciMax01/2024_1/60920_11_T_2_WEOM_r3_Mag_21Dec23_300SA_p01_38_1_14171,Released
1235654,"60942_1_T_2_WEOM_r3_Mag_07Mar24_300SA_p01_2_1_17092",Buzzard: MONet,2024-03-10 21:41:32.000,SciMax01,"60942",https://proto-9.pnl.gov/SciMax01/2024_1/60942_1_T_2_WEOM_r3_Mag_07Mar24_300SA_p01_2_1_17092,Released
1217471,"60923_14_B_2_WEOM_r2_Mag_04Jan24_300SA_p01_8_1_14545",Buzzard: Use this data,2024-01-07 01:28:32.000,SciMax01,"60923",https://proto-9.pnl.gov/SciMax01/2024_1/60923_14_B_2_WEOM_r2_Mag_04Jan24_300SA_p01_8_1_14545,Released
1231310,"60933_11_B_3_WEOM_r2_Mag_12Feb24_300SA_p01_6_1_15110",Buzzard: MONet,2024-02-14 05:33:56.000,SciMax01,"60933",https://proto-9.pnl.gov/SciMax01/2024_1/60933_11_B_3_WEOM_r2_Mag_12Feb24_300SA_p01_6_1_15110,Released
1220526,"60933_9_T_1_WEOM_r2_Mag_18Jan24_300SA_p01_43_1_14810",Buzzard: MONet,2024-01-20 20:43:20.000,SciMax01,"60933",https://proto-9.pnl.gov/SciMax01/2024_1/60933_9_T_1_WEOM_r2_Mag_18Jan24_300SA_p01_43_1_14810,Released
1252789,"60881_1_B_3_WEOM_r1_Mag_01May24_300SA_p01_3_1_18090","",2024-05-03 11:30:27.000,SciMax01,"60881",https://proto-9.pnl.gov/SciMax01/2024_2/60881_1_B_3_WEOM_r1_Mag_01May24_300SA_p01_3_1_18090,Released
1344897,"60920_1_TOP_2_MAOM_r3_Mag_19Feb25_3p3kV_300SA_p01_2_1_23444","",2025-02-21 17:12:25.000,SciMax01,"60920",https://proto-9.pnl.gov/SciMax01/2025_1/60920_1_TOP_2_MAOM_r3_Mag_19Feb25_3p3kV_300SA_p01_2_1_23444,Released
1345045,"60920_3_BTM_3_MAOM_r3_Mag_19Feb25_3p3kV_300SA_p01_18_1_23433","",2025-02-21 12:18:02.000,SciMax01,"60920",https://proto-9.pnl.gov/SciMax01/2025_1/60920_3_BTM_3_MAOM_r3_Mag_19Feb25_3p3kV_300SA_p01_18_1_23433,Released
1336706,"60923_17_BTM_1_MAOM_r2_Mag_22Jan25_3p3kV_300SA_p01_29_1_22267","",2025-01-23 18:44:01.000,SciMax01,"60923",https://proto-9.pnl.gov/SciMax01/2025_1/60923_17_BTM_1_MAOM_r2_Mag_22Jan25_3p3kV_300SA_p01_29_1_22267,Released
1341846,"60881_2_BTM_1_MAOM_r1_Mag_10Feb25_3p3kV_300SA_p01_10_1_23225","",2025-02-14 00:42:16.000,SciMax01,"60881",https://proto-9.pnl.gov/SciMax01/2025_1/60881_2_BTM_1_MAOM_r1_Mag_10Feb25_3p3kV_300SA_p01_10_1_23225,Released
1330777,"60880_2_BTM_3_MAOM_r3_Mag_02Jan25_3p3kV_300SA_p01_46_1_21583","",2025-01-05 09:43:00.000,SciMax01,"60880",https://proto-9.pnl.gov/SciMax01/2025_1/60880_2_BTM_3_MAOM_r3_Mag_02Jan25_3p3kV_300SA_p01_46_1_21583,Released
1330808,"60933_2_BTM_1_MAOM_r1_Mag_05Jan25_3p3kV_300SA_p01_7_1_21599","",2025-01-05 16:50:29.000,SciMax01,"60933",https://proto-9.pnl.gov/SciMax01/2025_1/60933_2_BTM_1_MAOM_r1_Mag_05Jan25_3p3kV_300SA_p01_7_1_21599,Released
1234869,QC_SRFAII_23_01_10ppm_WEOM_r3_Mag_04Mar24_300SA_p01_54_1_16964,Buzzard: MONet,2024-03-07 20:04:54.000,SciMax01,"60923",https://proto-9.pnl.gov/SciMax01/2024_1/QC_SRFAII_23_01_10ppm_WEOM_r3_Mag_04Mar24_300SA_p01_54_1_16964,Released
1344997,"60920_5_TOP_1_MAOM_r3_Mag_19Feb25_3p3kV_300SA_p01_25_1_23435","",2025-02-21 13:11:36.000,SciMax01,"60920",https://proto-9.pnl.gov/SciMax01/2025_1/60920_5_TOP_1_MAOM_r3_Mag_19Feb25_3p3kV_300SA_p01_25_1_23435,Released
1217408,"60923_9_T_3_WEOM_r1_Mag_04Jan24_300SA_p01_25_1_14492",Buzzard: Use this data,2024-01-06 01:59:05.000,SciMax01,"60923",https://proto-9.pnl.gov/SciMax01/2024_1/60923_9_T_3_WEOM_r1_Mag_04Jan24_300SA_p01_25_1_14492,Released
1341934,"60881_2_TOP_1_MAOM_r2_Mag_10Feb25_3p3kV_300SA_p01_7_1_23251","",2025-02-14 12:18:00.000,SciMax01,"60881",https://proto-9.pnl.gov/SciMax01/2025_1/60881_2_TOP_1_MAOM_r2_Mag_10Feb25_3p3kV_300SA_p01_7_1_23251,Released
1215920,"60920_4_T_1_WEOM_r3_Mag_21Dec23_300SA_p01_7_1_14135",Data needs to be reviewed,2023-12-25 11:33:34.000,SciMax01,"60920",https://proto-9.pnl.gov/SciMax01/2024_1/60920_4_T_1_WEOM_r3_Mag_21Dec23_300SA_p01_7_1_14135,Released
1345485,"60880_5_TOP_2_MAOM_r2_Mag_26Feb25_3p3kV_300SA_p01_36_1_23830","",2025-03-02 17:13:31.000,SciMax01,"60880",https://proto-9.pnl.gov/SciMax01/2025_1/60880_5_TOP_2_MAOM_r2_Mag_26Feb25_3p3kV_300SA_p01_36_1_23830,Released
1253664,"60940_1_T_1_WEOM_r3_Mag_10May24_300SA_p01_1_1_18377","",2024-05-12 18:48:01.000,SciMax01,"60940",https://proto-9.pnl.gov/SciMax01/2024_2/60940_1_T_1_WEOM_r3_Mag_10May24_300SA_p01_1_1_18377,Released
1230871,"60921_4_B_1_WEOM_r2_Mag_21Feb24_300SA_p01_2_1_15489",Buzzard: MONet,2024-02-22 04:58:56.000,SciMax01,"60921",https://proto-9.pnl.gov/SciMax01/2024_1/60921_4_B_1_WEOM_r2_Mag_21Feb24_300SA_p01_2_1_15489,Released
1252914,"60929_3_T_3_WEOM_r3_Mag_01May24_300SA_p01_51_1_18199","",2024-05-05 11:48:54.000,SciMax01,"60929",https://proto-9.pnl.gov/SciMax01/2024_2/60929_3_T_3_WEOM_r3_Mag_01May24_300SA_p01_51_1_18199,Released
1216131,"60923_5_T_1_WEOM_r1_Mag_26Dec23_300SA_p01_9_1_14223",Buzzard: Data is fine but queue stopped over holiday week so need to shim cell and will run the queue again,2023-12-27 17:48:41.000,SciMax01,"60923",https://proto-9.pnl.gov/SciMax01/2024_1/60923_5_T_1_WEOM_r1_Mag_26Dec23_300SA_p01_9_1_14223,Released
1337074,"60923_18_BTM_1_MAOM_r3_Mag_22Jan25_3p3kV_300SA_p01_35_1_22340","",2025-01-25 03:17:22.000,SciMax01,"60923",https://proto-9.pnl.gov/SciMax01/2025_1/60923_18_BTM_1_MAOM_r3_Mag_22Jan25_3p3kV_300SA_p01_35_1_22340,Released
1338845,"60933_20_TOP_2_MAOM_r3_Mag_29Jan25_3p3kV_300SA_p01_14_1_22710","",2025-02-01 00:30:11.000,SciMax01,"60933",https://proto-9.pnl.gov/SciMax01/2025_1/60933_20_TOP_2_MAOM_r3_Mag_29Jan25_3p3kV_300SA_p01_14_1_22710,Released
1230989,"60880_1_T_3_WEOM_r1_Mag_16Feb24_300SA_p01_17_1_15374",Buzzard: MONet,2024-02-19 12:45:40.000,SciMax01,"60880",https://proto-9.pnl.gov/SciMax01/2024_1/60880_1_T_3_WEOM_r1_Mag_16Feb24_300SA_p01_17_1_15374,Released
1340198,"60942_5_TOP_1_MAOM_r2_Mag_03Feb25_3p3kV_300SA_p01_13_1_22969","",2025-02-07 19:05:18.000,SciMax01,"60942",https://proto-9.pnl.gov/SciMax01/2025_1/60942_5_TOP_1_MAOM_r2_Mag_03Feb25_3p3kV_300SA_p01_13_1_22969,Released
1338284,"60923_10_TOP_3_MAOM_r1_Mag_29Jan25_3p3kV_300SA_p01_27_1_22601","",2025-01-29 23:55:02.000,SciMax01,"60923",https://proto-9.pnl.gov/SciMax01/2025_1/60923_10_TOP_3_MAOM_r1_Mag_29Jan25_3p3kV_300SA_p01_27_1_22601,Released
1233030,"60923_21_B_2_WEOM_r1_Mag_04Mar24_300SA_p01_41_1_16826","",2024-03-05 06:22:15.000,SciMax01,"60923",https://proto-9.pnl.gov/SciMax01/2024_1/60923_21_B_2_WEOM_r1_Mag_04Mar24_300SA_p01_41_1_16826,Released
1236316,"60886_5_B_2_WEOM_r2_Mag_10Mar24_300SA_p01_29_1_17179",Buzzard: MONet,2024-03-12 13:07:02.000,SciMax01,"60886",https://proto-9.pnl.gov/SciMax01/2024_1/60886_5_B_2_WEOM_r2_Mag_10Mar24_300SA_p01_29_1_17179,Released
1328934,"60940_3_BTM_1_MAOM_r3_Mag_23Dec24_3p3kV_300SA_p01_16_1_21111","",2024-12-25 03:22:15.000,SciMax01,"60940",https://proto-9.pnl.gov/SciMax01/2024_4/60940_3_BTM_1_MAOM_r3_Mag_23Dec24_3p3kV_300SA_p01_16_1_21111,Released
1341814,"60881_6_BTM_3_MAOM_r1_Mag_10Feb25_3p3kV_300SA_p01_36_1_23217","",2025-02-13 21:07:47.000,SciMax01,"60881",https://proto-9.pnl.gov/SciMax01/2025_1/60881_6_BTM_3_MAOM_r1_Mag_10Feb25_3p3kV_300SA_p01_36_1_23217,Released
1337328,"60886_2_TOP_1_MAOM_r1_Mag_22Jan25_3p3kV_300SA_p01_13_1_22414","",2025-01-26 12:19:03.000,SciMax01,"60886",https://proto-9.pnl.gov/SciMax01/2025_1/60886_2_TOP_1_MAOM_r1_Mag_22Jan25_3p3kV_300SA_p01_13_1_22414,Released
1480014,QC_SRFAII-2_old_20260213_45_1_32425,"",2026-02-19 18:14:19.000,SciMax01,"61050",https://proto-9.pnl.gov/SciMax01/2026_1/QC_SRFAII-2_old_20260213_45_1_32425,Released
1344901,"60929_2_BTM_2_MAOM_r3_Mag_19Feb25_3p3kV_300SA_p01_31_1_23572","",2025-02-24 20:52:56.000,SciMax01,"60929",https://proto-9.pnl.gov/SciMax01/2025_1/60929_2_BTM_2_MAOM_r3_Mag_19Feb25_3p3kV_300SA_p01_31_1_23572,Released
1338208,"60923_12_BTM_1_MAOM_r1_Mag_29Jan25_3p3kV_300SA_p01_43_1_22580","",2025-01-29 14:33:04.000,SciMax01,"60923",https://proto-9.pnl.gov/SciMax01/2025_1/60923_12_BTM_1_MAOM_r1_Mag_29Jan25_3p3kV_300SA_p01_43_1_22580,Released
1330186,"60880_2_TOP_2_MAOM_r1_Mag_02Jan25_3p3kV_300SA_p01_42_1_21442","",2025-01-02 18:50:53.000,SciMax01,"60880",https://proto-9.pnl.gov/SciMax01/2025_1/60880_2_TOP_2_MAOM_r1_Mag_02Jan25_3p3kV_300SA_p01_42_1_21442,Released
1230920,"60846_5_B_2_WEOM_r3_Mag_16Feb24_300SA_p01_23_1_15340",Buzzard: MONet,2024-02-18 21:41:36.000,SciMax01,"60846",https://proto-9.pnl.gov/SciMax01/2024_1/60846_5_B_2_WEOM_r3_Mag_16Feb24_300SA_p01_23_1_15340,Released
1341083,"60932_1_BTM_2_MAOM_r1_Mag_10Feb25_3p3kV_300SA_p01_5_1_23055","",2025-02-10 20:54:11.000,SciMax01,"60932",https://proto-9.pnl.gov/SciMax01/2025_1/60932_1_BTM_2_MAOM_r1_Mag_10Feb25_3p3kV_300SA_p01_5_1_23055,Released
1314718,"60923_3_B_1_MAOM_r1_Mag_01Nov24_300SA_3p3kV_p01_16_1_20165",Buzzard: Testing response after Instrument cell clean and lab move,2024-11-04 16:37:42.000,SciMax01,"60923",https://proto-9.pnl.gov/SciMax01/2024_4/60923_3_B_1_MAOM_r1_Mag_01Nov24_300SA_3p3kV_p01_16_1_20165,Released
1217297,"60923_13_T_3_WEOM_r1_Mag_04Jan24_300SA_p01_33_1_14487",Buzzard: Use this data,2024-01-05 23:46:07.000,SciMax01,"60923",https://proto-9.pnl.gov/SciMax01/2024_1/60923_13_T_3_WEOM_r1_Mag_04Jan24_300SA_p01_33_1_14487,Released
1328938,"60940_4_BTM_3_MAOM_r3_Mag_23Dec24_3p3kV_300SA_p01_24_1_21101","",2024-12-24 22:54:42.000,SciMax01,"60940",https://proto-9.pnl.gov/SciMax01/2024_4/60940_4_BTM_3_MAOM_r3_Mag_23Dec24_3p3kV_300SA_p01_24_1_21101,Released
1217291,"60923_13_T_1_WEOM_r1_Mag_04Jan24_300SA_p01_25_1_14438",Buzzard: Use this data,2024-01-05 02:03:15.000,SciMax01,"60923",https://proto-9.pnl.gov/SciMax01/2024_1/60923_13_T_1_WEOM_r1_Mag_04Jan24_300SA_p01_25_1_14438,Released
1338568,"60923_12_BTM_1_MAOM_r2_Mag_29Jan25_3p3kV_300SA_p01_43_1_22649","",2025-01-30 21:18:02.000,SciMax01,"60923",https://proto-9.pnl.gov/SciMax01/2025_1/60923_12_BTM_1_MAOM_r2_Mag_29Jan25_3p3kV_300SA_p01_43_1_22649,Released
1234592,"60923_15_T_1_WEOM_r2_Mag_04Mar24_300SA_p01_1_1_16896",Buzzard: MONet,2024-03-06 13:23:35.000,SciMax01,"60923",https://proto-9.pnl.gov/SciMax01/2024_1/60923_15_T_1_WEOM_r2_Mag_04Mar24_300SA_p01_1_1_16896,Released
1330655,"60880_1_BTM_2_MAOM_r2_Mag_02Jan25_3p3kV_300SA_p01_39_1_21526","",2025-01-04 08:18:18.000,SciMax01,"60880",https://proto-9.pnl.gov/SciMax01/2025_1/60880_1_BTM_2_MAOM_r2_Mag_02Jan25_3p3kV_300SA_p01_39_1_21526,Released
1272540,"60923_2_B_1_MAOM_r1_Mag_03Jul24_300SA_p01_10_1_19356",Buzzard: testing MAOM samples before the move,2024-07-03 18:31:01.000,SciMax01,"60923",https://proto-9.pnl.gov/SciMax01/2024_3/60923_2_B_1_MAOM_r1_Mag_03Jul24_300SA_p01_10_1_19356,Released
1314882,"60933_20_BTM_3_WEOM_r1_Mag_01Nov24_3p3kV_p01_16_1_20096",Buzzard: Testing response after Instrument cell clean and lab move,2024-11-02 00:12:45.000,SciMax01,"60938",https://proto-9.pnl.gov/SciMax01/2024_4/60933_20_BTM_3_WEOM_r1_Mag_01Nov24_3p3kV_p01_16_1_20096,Released
1329053,"60923_2_BTM_2_MAOM_r2_Mag_27Dec24_3p3kV_300SA_p01_11_1_21236","",2024-12-28 22:42:24.000,SciMax01,"60923",https://proto-9.pnl.gov/SciMax01/2024_4/60923_2_BTM_2_MAOM_r2_Mag_27Dec24_3p3kV_300SA_p01_11_1_21236,Released
1340539,"60938_3_BTM_1_MAOM_r1_Mag_03Feb25_3p3kV_300SA_p01_16_1_22793","",2025-02-04 12:38:19.000,SciMax01,"60938",https://proto-9.pnl.gov/SciMax01/2025_1/60938_3_BTM_1_MAOM_r1_Mag_03Feb25_3p3kV_300SA_p01_16_1_22793,Released
1329042,"60923_4_TOP_3_MAOM_r1_Mag_27Dec24_3p3kV_300SA_p01_21_1_21214","",2024-12-28 12:53:51.000,SciMax01,"60923",https://proto-9.pnl.gov/SciMax01/2024_4/60923_4_TOP_3_MAOM_r1_Mag_27Dec24_3p3kV_300SA_p01_21_1_21214,Released
1230731,"60932_5_B_1_WEOM_r2_Mag_24Feb24_300SA_p01_24_1_15949",Buzzard: MONet,2024-02-25 03:42:29.000,SciMax01,"60932",https://proto-9.pnl.gov/SciMax01/2024_1/60932_5_B_1_WEOM_r2_Mag_24Feb24_300SA_p01_24_1_15949,Released
1344858,"60920_5_BTM_3_MAOM_r1_Mag_19Feb25_3p3kV_300SA_p01_30_1_23361","",2025-02-20 04:12:14.000,SciMax01,"60920",https://proto-9.pnl.gov/SciMax01/2025_1/60920_5_BTM_3_MAOM_r1_Mag_19Feb25_3p3kV_300SA_p01_30_1_23361,Released
1252809,"60881_3_T_2_WEOM_r2_Mag_01May24_300SA_p01_11_1_18134","",2024-05-04 07:00:22.000,SciMax01,"60881",https://proto-9.pnl.gov/SciMax01/2024_2/60881_3_T_2_WEOM_r2_Mag_01May24_300SA_p01_11_1_18134,Released
1231081,"60933_11_B_1_WEOM_r2_Mag_12Feb24_300SA_p01_4_1_15165",Buzzard: MONet,2024-02-15 05:56:20.000,SciMax01,"60933",https://proto-9.pnl.gov/SciMax01/2024_1/60933_11_B_1_WEOM_r2_Mag_12Feb24_300SA_p01_4_1_15165,Released
1346496,"60921_1_TOP_2_MAOM_r2_Mag_26Feb25_3p3kV_300SA_p01_2_1_23942","",2025-03-05 16:13:40.000,SciMax01,"60921",https://proto-9.pnl.gov/SciMax01/2025_1/60921_1_TOP_2_MAOM_r2_Mag_26Feb25_3p3kV_300SA_p01_2_1_23942,Released
1234587,"60923_21_B_3_WEOM_r2_Mag_04Mar24_300SA_p01_42_1_16877",Buzzard: MONet,2024-03-06 04:58:23.000,SciMax01,"60923",https://proto-9.pnl.gov/SciMax01/2024_1/60923_21_B_3_WEOM_r2_Mag_04Mar24_300SA_p01_42_1_16877,Released
1253678,"60940_1_B_2_WEOM_r2_Mag_10May24_300SA_p01_5_1_18339","",2024-05-12 01:57:41.000,SciMax01,"60940",https://proto-9.pnl.gov/SciMax01/2024_2/60940_1_B_2_WEOM_r2_Mag_10May24_300SA_p01_5_1_18339,Released
1330633,"60846_12_TOP_3_MAOM_r2_Mag_02Jan25_3p3kV_300SA_p01_21_1_21516","",2025-01-04 03:50:44.000,SciMax01,"60846",https://proto-9.pnl.gov/SciMax01/2025_1/60846_12_TOP_3_MAOM_r2_Mag_02Jan25_3p3kV_300SA_p01_21_1_21516,Released
1236304,"60886_2_B_2_WEOM_r2_Mag_10Mar24_300SA_p01_11_1_17176",Buzzard: MONet,2024-03-12 11:47:16.000,SciMax01,"60886",https://proto-9.pnl.gov/SciMax01/2024_1/60886_2_B_2_WEOM_r2_Mag_10Mar24_300SA_p01_11_1_17176,Released
1231006,"60880_3_T_2_WEOM_r3_Mag_16Feb24_300SA_p01_27_1_15424",Buzzard: MONet,2024-02-20 10:55:06.000,SciMax01,"60880",https://proto-9.pnl.gov/SciMax01/2024_1/60880_3_T_2_WEOM_r3_Mag_16Feb24_300SA_p01_27_1_15424,Released
1314879,"60929_2_TOP_2_WEOM_r1_Mag_01Nov24_3p3kV_p01_3_1_20081",Buzzard: Testing response after Instrument cell clean and lab move,2024-11-01 17:32:12.000,SciMax01,"60938",https://proto-9.pnl.gov/SciMax01/2024_4/60929_2_TOP_2_WEOM_r1_Mag_01Nov24_3p3kV_p01_3_1_20081,Released
1231141,"60933_18_B_1_WEOM_r2_Mag_12Feb24_300SA_p01_46_1_15106",Buzzard: MONet,2024-02-14 03:47:33.000,SciMax01,"60933",https://proto-9.pnl.gov/SciMax01/2024_1/60933_18_B_1_WEOM_r2_Mag_12Feb24_300SA_p01_46_1_15106,Released
1215903,"60920_6_B_2_WEOM_r1_Mag_21Dec23_300SA_p01_31_1_14033",Data needs to be reviewed,2023-12-22 13:13:52.000,SciMax01,"60920",https://proto-9.pnl.gov/SciMax01/2024_1/60920_6_B_2_WEOM_r1_Mag_21Dec23_300SA_p01_31_1_14033,Released
1165474,MONet_Test_H2O_R_3_pls-10ppmSRFAII_fir_r1_07Jul23_300SA_p1_9_1_8738,Buzzard: Just testing samples tubes,2023-07-07 17:02:54.000,"15T_FTICR_I","60141",https://proto-9.pnl.gov/15T_FTICR_I/2023_3/MONet_Test_H2O_R_3_pls-10ppmSRFAII_fir_r1_07Jul23_300SA_p1_9_1_8738,Released
1252863,"60881_6_B_2_WEOM_r2_Mag_01May24_300SA_p01_31_1_18164","",2024-05-04 20:18:11.000,SciMax01,"60881",https://proto-9.pnl.gov/SciMax01/2024_2/60881_6_B_2_WEOM_r2_Mag_01May24_300SA_p01_31_1_18164,Released
1217467,"60923_3_T_2_WEOM_r1_Mag_04Jan24_300SA_p01_33_1_14459",Buzzard: Use this data,2024-01-05 11:21:41.000,SciMax01,"60923",https://proto-9.pnl.gov/SciMax01/2024_1/60923_3_T_2_WEOM_r1_Mag_04Jan24_300SA_p01_33_1_14459,Released
1216096,"60923_11_T_1_WEOM_r2_Mag_26Dec23_300SA_p01_21_1_14297",Buzzard: Data is fine but queue stopped over holiday week so need to shim cell and will run the queue again,2023-12-29 02:36:24.000,SciMax01,"60923",https://proto-9.pnl.gov/SciMax01/2024_1/60923_11_T_1_WEOM_r2_Mag_26Dec23_300SA_p01_21_1_14297,Released
1231120,QC_SRFAII_23_01_10ppm_r1_Mag_12Feb24_300SA_p01_54_1_15092,Buzzard: MONet,2024-02-13 21:35:19.000,SciMax01,"60933",https://proto-9.pnl.gov/SciMax01/2024_1/QC_SRFAII_23_01_10ppm_r1_Mag_12Feb24_300SA_p01_54_1_15092,Released
1216148,"60923_1_T_1_WEOM_r1_Mag_26Dec23_300SA_p01_1_1_14217",Buzzard: Data is fine but queue stopped over holiday week so need to shim cell and will run the queue again,2023-12-27 15:09:08.000,SciMax01,"60923",https://proto-9.pnl.gov/SciMax01/2024_1/60923_1_T_1_WEOM_r1_Mag_26Dec23_300SA_p01_1_1_14217,Released
1337724,"60886_2_TOP_1_MAOM_r3_Mag_22Jan25_3p3kV_300SA_p01_13_1_22498","",2025-01-28 01:45:56.000,SciMax01,"60886",https://proto-9.pnl.gov/SciMax01/2025_1/60886_2_TOP_1_MAOM_r3_Mag_22Jan25_3p3kV_300SA_p01_13_1_22498,Released
1231096,"60933_11_T_1_WEOM_r3_Mag_12Feb24_300SA_p01_1_1_15195",Buzzard: MONet,2024-02-15 19:14:02.000,SciMax01,"60933",https://proto-9.pnl.gov/SciMax01/2024_1/60933_11_T_1_WEOM_r3_Mag_12Feb24_300SA_p01_1_1_15195,Released
1216114,"60923_14_B_2_WEOM_r2_Mag_26Dec23_300SA_p01_8_1_14331",Buzzard: Data is fine but queue stopped over holiday week so need to shim cell and will run the queue again,2023-12-29 17:40:27.000,SciMax01,"60923",https://proto-9.pnl.gov/SciMax01/2024_1/60923_14_B_2_WEOM_r2_Mag_26Dec23_300SA_p01_8_1_14331,Released
1220563,"60933_3_B_1_WEOM_r2_Mag_18Jan24_300SA_p01_13_1_14845",Buzzard: MONet,2024-01-21 12:14:13.000,SciMax01,"60933",https://proto-9.pnl.gov/SciMax01/2024_1/60933_3_B_1_WEOM_r2_Mag_18Jan24_300SA_p01_13_1_14845,Released
1217437,"60923_8_B_2_WEOM_r3_Mag_04Jan24_300SA_p01_44_1_14647",Buzzard: Use this data,2024-01-08 22:40:58.000,SciMax01,"60923",https://proto-9.pnl.gov/SciMax01/2024_1/60923_8_B_2_WEOM_r3_Mag_04Jan24_300SA_p01_44_1_14647,Released
1217502,"60923_13_T_2_WEOM_r3_Mag_04Jan24_300SA_p01_5_1_14648",Buzzard: Use this data,2024-01-08 23:07:33.000,SciMax01,"60923",https://proto-9.pnl.gov/SciMax01/2024_1/60923_13_T_2_WEOM_r3_Mag_04Jan24_300SA_p01_5_1_14648,Released
1330797,"60933_2_TOP_1_MAOM_r1_Mag_05Jan25_3p3kV_300SA_p01_4_1_21593","",2025-01-05 14:09:44.000,SciMax01,"60933",https://proto-9.pnl.gov/SciMax01/2025_1/60933_2_TOP_1_MAOM_r1_Mag_05Jan25_3p3kV_300SA_p01_4_1_21593,Released
1341117,"60932_4_BTM_3_MAOM_r1_Mag_10Feb25_3p3kV_300SA_p01_24_1_23062","",2025-02-11 00:02:01.000,SciMax01,"60932",https://proto-9.pnl.gov/SciMax01/2025_1/60932_4_BTM_3_MAOM_r1_Mag_10Feb25_3p3kV_300SA_p01_24_1_23062,Released
1328878,"60921_2_TOP_Combo_WEOM_Mag_19Dec24_3p3kV_300SA_p01_51_1_20964",Buzzard: combo samples,2024-12-19 19:21:59.000,SciMax01,"60921",https://proto-9.pnl.gov/SciMax01/2024_4/60921_2_TOP_Combo_WEOM_Mag_19Dec24_3p3kV_300SA_p01_51_1_20964,Released
1234588,"60923_16_T_1_WEOM_r2_Mag_04Mar24_300SA_p01_7_1_16857",Buzzard: MONet,2024-03-05 20:06:37.000,SciMax01,"60923",https://proto-9.pnl.gov/SciMax01/2024_1/60923_16_T_1_WEOM_r2_Mag_04Mar24_300SA_p01_7_1_16857,Released
1340532,"60938_2_TOP_1_MAOM_r3_Mag_03Feb25_3p3kV_300SA_p01_7_1_22875","",2025-02-06 01:10:53.000,SciMax01,"60938",https://proto-9.pnl.gov/SciMax01/2025_1/60938_2_TOP_1_MAOM_r3_Mag_03Feb25_3p3kV_300SA_p01_7_1_22875,Released
1330585,"60846_12_TOP_2_MAOM_r2_Mag_02Jan25_3p3kV_300SA_p01_20_1_21497","",2025-01-03 19:23:16.000,SciMax01,"60846",https://proto-9.pnl.gov/SciMax01/2025_1/60846_12_TOP_2_MAOM_r2_Mag_02Jan25_3p3kV_300SA_p01_20_1_21497,Released
1230724,"60932_4_B_2_WEOM_r3_Mag_24Feb24_300SA_p01_19_1_16004",Buzzard: MONet,2024-02-26 04:04:56.000,SciMax01,"60932",https://proto-9.pnl.gov/SciMax01/2024_1/60932_4_B_2_WEOM_r3_Mag_24Feb24_300SA_p01_19_1_16004,Released
1331042,"60933_7_BTM_3_MAOM_r2_Mag_05Jan25_3p3kV_300SA_p01_43_1_21688","",2025-01-07 08:32:11.000,SciMax01,"60933",https://proto-9.pnl.gov/SciMax01/2025_1/60933_7_BTM_3_MAOM_r2_Mag_05Jan25_3p3kV_300SA_p01_43_1_21688,Released
1344959,"60942_1_TOP_3_MAOM_r2_Mag_19Feb25_3p3kV_300SA_p01_9_1_23514","",2025-02-23 00:26:21.000,SciMax01,"60942",https://proto-9.pnl.gov/SciMax01/2025_1/60942_1_TOP_3_MAOM_r2_Mag_19Feb25_3p3kV_300SA_p01_9_1_23514,Released
1235612,"60886_4_B_2_WEOM_r1_Mag_10Mar24_300SA_p01_23_1_17159",Buzzard: MONet,2024-03-12 04:15:13.000,SciMax01,"60886",https://proto-9.pnl.gov/SciMax01/2024_1/60886_4_B_2_WEOM_r1_Mag_10Mar24_300SA_p01_23_1_17159,Released
1217398,"60923_13_T_1_WEOM_r2_Mag_04Jan24_300SA_p01_25_1_14520",Buzzard: Use this data,2024-01-06 14:23:38.000,SciMax01,"60923",https://proto-9.pnl.gov/SciMax01/2024_1/60923_13_T_1_WEOM_r2_Mag_04Jan24_300SA_p01_25_1_14520,Released
1217351,"60923_6_B_2_WEOM_r3_Mag_04Jan24_300SA_p01_40_1_14642",Buzzard: Use this data,2024-01-08 20:28:00.000,SciMax01,"60923",https://proto-9.pnl.gov/SciMax01/2024_1/60923_6_B_2_WEOM_r3_Mag_04Jan24_300SA_p01_40_1_14642,Released
1344821,"60920_3_TOP_2_MAOM_r3_Mag_19Feb25_3p3kV_300SA_p01_14_1_23423","",2025-02-21 07:49:47.000,SciMax01,"60920",https://proto-9.pnl.gov/SciMax01/2025_1/60920_3_TOP_2_MAOM_r3_Mag_19Feb25_3p3kV_300SA_p01_14_1_23423,Released
1337947,"60923_10_TOP_2_MAOM_r1_Mag_29Jan25_3p3kV_300SA_p01_26_1_22546","",2025-01-28 23:22:32.000,SciMax01,"60923",https://proto-9.pnl.gov/SciMax01/2025_1/60923_10_TOP_2_MAOM_r1_Mag_29Jan25_3p3kV_300SA_p01_26_1_22546,Released
1272577,"60923_1_B_3_MAOM_r2_Mag_04Jul24_300SA_p01_6_1_19393",Buzzard: testing MAOM samples before the move,2024-07-04 17:06:10.000,SciMax01,"60923",https://proto-9.pnl.gov/SciMax01/2024_3/60923_1_B_3_MAOM_r2_Mag_04Jul24_300SA_p01_6_1_19393,Released
1231108,"60846_5_B_3_WEOM_r2_Mag_16Feb24_300SA_p01_24_1_15290",Buzzard: MONet,2024-02-17 14:28:34.000,SciMax01,"60846",https://proto-9.pnl.gov/SciMax01/2024_1/60846_5_B_3_WEOM_r2_Mag_16Feb24_300SA_p01_24_1_15290,Released
1217438,"60923_10_B_3_WEOM_r1_Mag_04Jan24_300SA_p01_28_1_14481",Buzzard: Use this data,2024-01-05 21:06:35.000,SciMax01,"60923",https://proto-9.pnl.gov/SciMax01/2024_1/60923_10_B_3_WEOM_r1_Mag_04Jan24_300SA_p01_28_1_14481,Released
1217318,"60923_3_T_1_WEOM_r1_Mag_04Jan24_300SA_p01_5_1_14433",Buzzard: Use this data,2024-01-04 23:50:17.000,SciMax01,"60923",https://proto-9.pnl.gov/SciMax01/2024_1/60923_3_T_1_WEOM_r1_Mag_04Jan24_300SA_p01_5_1_14433,Released
1215946,"60920_5_T_3_WEOM_r2_Mag_21Dec23_300SA_p01_9_1_14111",Data needs to be reviewed,2023-12-25 00:55:22.000,SciMax01,"60920",https://proto-9.pnl.gov/SciMax01/2024_1/60920_5_T_3_WEOM_r2_Mag_21Dec23_300SA_p01_9_1_14111,Released
1340592,"60938_5_TOP_2_MAOM_r3_Mag_03Feb25_3p3kV_300SA_p01_30_1_22869","",2025-02-05 22:30:27.000,SciMax01,"60938",https://proto-9.pnl.gov/SciMax01/2025_1/60938_5_TOP_2_MAOM_r3_Mag_03Feb25_3p3kV_300SA_p01_30_1_22869,Released
1252849,"60929_1_B_1_WEOM_r1_Mag_01May24_300SA_p01_40_1_18074","",2024-05-03 04:25:02.000,SciMax01,"60929",https://proto-9.pnl.gov/SciMax01/2024_2/60929_1_B_1_WEOM_r1_Mag_01May24_300SA_p01_40_1_18074,Released
1314769,"60923_1_B_2_MAOM_r2_Mag_01Nov24_300SA_4p2kV_p01_5_1_20193",Buzzard: Testing response after Instrument cell clean and lab move,2024-11-05 05:04:53.000,SciMax01,"60923",https://proto-9.pnl.gov/SciMax01/2024_4/60923_1_B_2_MAOM_r2_Mag_01Nov24_300SA_4p2kV_p01_5_1_20193,Released
1329520,"60880_4_BTM_2_MAOM_r1_Mag_27Dec24_3p3kV_300SA_p01_11_1_21357","",2024-12-31 04:38:55.000,SciMax01,"60880",https://proto-9.pnl.gov/SciMax01/2024_4/60880_4_BTM_2_MAOM_r1_Mag_27Dec24_3p3kV_300SA_p01_11_1_21357,Released
1340581,"60938_5_TOP_2_MAOM_r2_Mag_03Feb25_3p3kV_300SA_p01_30_1_22808","",2025-02-04 19:20:02.000,SciMax01,"60938",https://proto-9.pnl.gov/SciMax01/2025_1/60938_5_TOP_2_MAOM_r2_Mag_03Feb25_3p3kV_300SA_p01_30_1_22808,Released
1335221,"60923_9_TOP_3_MAOM_r2_Mag_13Jan25_3p3kV_300SA_p01_21_1_22069","",2025-01-19 14:42:20.000,SciMax01,"60923",https://proto-9.pnl.gov/SciMax01/2025_1/60923_9_TOP_3_MAOM_r2_Mag_13Jan25_3p3kV_300SA_p01_21_1_22069,Released
1331675,"60933_3_BTM_1_MAOM_r3_Mag_05Jan25_3p3kV_300SA_p01_13_1_21760",data good just rerun,2025-01-09 11:16:55.000,SciMax01,"60933",https://proto-9.pnl.gov/SciMax01/2025_1/60933_3_BTM_1_MAOM_r3_Mag_05Jan25_3p3kV_300SA_p01_13_1_21760,Released
1217465,"60923_11_B_1_WEOM_r2_Mag_04Jan24_300SA_p01_22_1_14528",Buzzard: Use this data,2024-01-06 17:56:22.000,SciMax01,"60923",https://proto-9.pnl.gov/SciMax01/2024_1/60923_11_B_1_WEOM_r2_Mag_04Jan24_300SA_p01_22_1_14528,Released
1217338,"60923_6_T_2_WEOM_r2_Mag_04Jan24_300SA_p01_39_1_14565",Buzzard: Use this data,2024-01-07 10:20:24.000,SciMax01,"60923",https://proto-9.pnl.gov/SciMax01/2024_1/60923_6_T_2_WEOM_r2_Mag_04Jan24_300SA_p01_39_1_14565,Released
1216160,"60923_11_T_3_WEOM_r1_Mag_26Dec23_300SA_p01_29_1_14276",Buzzard: Data is fine but queue stopped over holiday week so need to shim cell and will run the queue again,2023-12-28 17:17:58.000,SciMax01,"60923",https://proto-9.pnl.gov/SciMax01/2024_1/60923_11_T_3_WEOM_r1_Mag_26Dec23_300SA_p01_29_1_14276,Released
1215883,"60920_8_T_2_WEOM_r3_Mag_21Dec23_300SA_p01_33_1_14160",Data needs to be reviewed,2023-12-25 22:38:19.000,SciMax01,"60920",https://proto-9.pnl.gov/SciMax01/2024_1/60920_8_T_2_WEOM_r3_Mag_21Dec23_300SA_p01_33_1_14160,Released
1234578,"60923_20_T_1_WEOM_r3_Mag_04Mar24_300SA_p01_31_1_16907",Buzzard: MONet,2024-03-06 18:16:03.000,SciMax01,"60923",https://proto-9.pnl.gov/SciMax01/2024_1/60923_20_T_1_WEOM_r3_Mag_04Mar24_300SA_p01_31_1_16907,Released
1215805,"60920_1_T_1_WEOM_r2_Mag_21Dec23_300SA_p01_1_1_14073",Data needs to be reviewed,2023-12-23 06:57:34.000,SciMax01,"60920",https://proto-9.pnl.gov/SciMax01/2024_1/60920_1_T_1_WEOM_r2_Mag_21Dec23_300SA_p01_1_1_14073,Released
1330761,"60846_2_TOP_1_MAOM_r3_Mag_02Jan25_3p3kV_300SA_p01_1_1_21575","",2025-01-05 06:09:00.000,SciMax01,"60846",https://proto-9.pnl.gov/SciMax01/2025_1/60846_2_TOP_1_MAOM_r3_Mag_02Jan25_3p3kV_300SA_p01_1_1_21575,Released
1339855,"60946_2_TOP_1_MAOM_r1_Mag_03Feb25_3p3kV_300SA_p01_35_1_22904","",2025-02-06 14:06:10.000,SciMax01,"60946",https://proto-9.pnl.gov/SciMax01/2025_1/60946_2_TOP_1_MAOM_r1_Mag_03Feb25_3p3kV_300SA_p01_35_1_22904,Released
1330800,"60933_3_TOP_2_MAOM_r1_Mag_05Jan25_3p3kV_300SA_p01_11_1_21595","",2025-01-05 15:03:08.000,SciMax01,"60933",https://proto-9.pnl.gov/SciMax01/2025_1/60933_3_TOP_2_MAOM_r1_Mag_05Jan25_3p3kV_300SA_p01_11_1_21595,Released
1329825,"60921_4_BTM_1_MAOM_r3_Mag_27Dec24_3p3kV_300SA_p01_24_1_21408","",2025-01-01 03:22:44.000,SciMax01,"60921",https://proto-9.pnl.gov/SciMax01/2025_1/60921_4_BTM_1_MAOM_r3_Mag_27Dec24_3p3kV_300SA_p01_24_1_21408,Released
1215800,"60920_6_T_2_WEOM_r2_Mag_21Dec23_300SA_p01_30_1_14094",Data needs to be reviewed,2023-12-24 17:23:18.000,SciMax01,"60920",https://proto-9.pnl.gov/SciMax01/2024_1/60920_6_T_2_WEOM_r2_Mag_21Dec23_300SA_p01_30_1_14094,Released
1346479,"60921_1_TOP_2_MAOM_r1_Mag_26Feb25_3p3kV_300SA_p01_2_1_23937","",2025-03-05 14:00:22.000,SciMax01,"60921",https://proto-9.pnl.gov/SciMax01/2025_1/60921_1_TOP_2_MAOM_r1_Mag_26Feb25_3p3kV_300SA_p01_2_1_23937,Released
1217420,"60923_8_T_3_WEOM_r2_Mag_04Jan24_300SA_p01_23_1_14571",Buzzard: Use this data,2024-01-07 12:59:57.000,SciMax01,"60923",https://proto-9.pnl.gov/SciMax01/2024_1/60923_8_T_3_WEOM_r2_Mag_04Jan24_300SA_p01_23_1_14571,Released
1344985,"60929_2_TOP_3_MAOM_r3_Mag_19Feb25_3p3kV_300SA_p01_29_1_23585","",2025-02-25 02:40:03.000,SciMax01,"60929",https://proto-9.pnl.gov/SciMax01/2025_1/60929_2_TOP_3_MAOM_r3_Mag_19Feb25_3p3kV_300SA_p01_29_1_23585,Released
1337203,"60923_15_BTM_1_MAOM_r3_Mag_22Jan25_3p3kV_300SA_p01_13_1_22364","",2025-01-25 14:00:31.000,SciMax01,"60923",https://proto-9.pnl.gov/SciMax01/2025_1/60923_15_BTM_1_MAOM_r3_Mag_22Jan25_3p3kV_300SA_p01_13_1_22364,Released
1345074,"60920_5_TOP_1_MAOM_r1_Mag_19Feb25_3p3kV_300SA_p01_25_1_23364","",2025-02-20 05:32:27.000,SciMax01,"60920",https://proto-9.pnl.gov/SciMax01/2025_1/60920_5_TOP_1_MAOM_r1_Mag_19Feb25_3p3kV_300SA_p01_25_1_23364,Released
1330831,"60933_1_TOP_3_MAOM_r1_Mag_05Jan25_3p3kV_300SA_p01_3_1_21609","",2025-01-05 21:18:13.000,SciMax01,"60933",https://proto-9.pnl.gov/SciMax01/2025_1/60933_1_TOP_3_MAOM_r1_Mag_05Jan25_3p3kV_300SA_p01_3_1_21609,Released
1335286,"60923_8_BTM_1_MAOM_r2_Mag_13Jan25_3p3kV_300SA_p01_16_1_22059","",2025-01-19 10:14:56.000,SciMax01,"60923",https://proto-9.pnl.gov/SciMax01/2025_1/60923_8_BTM_1_MAOM_r2_Mag_13Jan25_3p3kV_300SA_p01_16_1_22059,Released
1252881,"60881_1_T_3_WEOM_r3_Mag_01May24_300SA_p01_47_1_18237","",2024-05-06 04:39:22.000,SciMax01,"60881",https://proto-9.pnl.gov/SciMax01/2024_2/60881_1_T_3_WEOM_r3_Mag_01May24_300SA_p01_47_1_18237,Released
1234623,"60923_21_B_1_WEOM_r3_Mag_04Mar24_300SA_p01_40_1_16910",Buzzard: MONet,2024-03-06 19:35:49.000,SciMax01,"60923",https://proto-9.pnl.gov/SciMax01/2024_1/60923_21_B_1_WEOM_r3_Mag_04Mar24_300SA_p01_40_1_16910,Released
1234606,"60923_18_T_3_WEOM_r2_Mag_04Mar24_300SA_p01_21_1_16849",Buzzard: MONet,2024-03-05 16:33:52.000,SciMax01,"60923",https://proto-9.pnl.gov/SciMax01/2024_1/60923_18_T_3_WEOM_r2_Mag_04Mar24_300SA_p01_21_1_16849,Released
1328854,"60940_2_TOP_1_MAOM_r1_Mag_19Dec24_3p3kV_300SA_p01_7_1_20972","",2024-12-19 22:56:10.000,SciMax01,"60940",https://proto-9.pnl.gov/SciMax01/2024_4/60940_2_TOP_1_MAOM_r1_Mag_19Dec24_3p3kV_300SA_p01_7_1_20972,Released
1336910,"60923_19_BTM_2_MAOM_r2_Mag_22Jan25_3p3kV_300SA_p01_42_1_22300","",2025-01-24 09:27:01.000,SciMax01,"60923",https://proto-9.pnl.gov/SciMax01/2025_1/60923_19_BTM_2_MAOM_r2_Mag_22Jan25_3p3kV_300SA_p01_42_1_22300,Released
1345037,"60929_2_BTM_3_MAOM_r3_Mag_19Feb25_3p3kV_300SA_p01_32_1_23564","",2025-02-24 17:18:36.000,SciMax01,"60929",https://proto-9.pnl.gov/SciMax01/2025_1/60929_2_BTM_3_MAOM_r3_Mag_19Feb25_3p3kV_300SA_p01_32_1_23564,Released
1215904,"60920_4_B_2_WEOM_r2_Mag_21Dec23_300SA_p01_27_1_14103",Data needs to be reviewed,2023-12-24 21:22:39.000,SciMax01,"60920",https://proto-9.pnl.gov/SciMax01/2024_1/60920_4_B_2_WEOM_r2_Mag_21Dec23_300SA_p01_27_1_14103,Released
1335238,"60933_11_BTM_1_MAOM_r2_Mag_13Jan25_3p3kV_300SA_p01_4_1_21847","",2025-01-15 11:41:25.000,SciMax01,"60933",https://proto-9.pnl.gov/SciMax01/2025_1/60933_11_BTM_1_MAOM_r2_Mag_13Jan25_3p3kV_300SA_p01_4_1_21847,Released
1341280,"60932_4_BTM_3_MAOM_r2_Mag_10Feb25_3p3kV_300SA_p01_24_1_23105","",2025-02-11 19:11:07.000,SciMax01,"60932",https://proto-9.pnl.gov/SciMax01/2025_1/60932_4_BTM_3_MAOM_r2_Mag_10Feb25_3p3kV_300SA_p01_24_1_23105,Released
1235576,"60886_1_B_2_WEOM_r1_Mag_10Mar24_300SA_p01_5_1_17140",Buzzard: MONet,2024-03-11 19:50:00.000,SciMax01,"60886",https://proto-9.pnl.gov/SciMax01/2024_1/60886_1_B_2_WEOM_r1_Mag_10Mar24_300SA_p01_5_1_17140,Released
1217345,"60923_13_T_2_WEOM_r1_Mag_04Jan24_300SA_p01_5_1_14458",Buzzard: Use this data,2024-01-05 10:55:05.000,SciMax01,"60923",https://proto-9.pnl.gov/SciMax01/2024_1/60923_13_T_2_WEOM_r1_Mag_04Jan24_300SA_p01_5_1_14458,Released
1221042,QC_SRFAII_23_01_20ppm_r0_Mag_18Jan24_300SA_p01_52_1_14692,Buzzard: MONet,2024-01-18 16:25:33.000,SciMax01,"60938",https://proto-9.pnl.gov/SciMax01/2024_1/QC_SRFAII_23_01_20ppm_r0_Mag_18Jan24_300SA_p01_52_1_14692,Released
1340542,"60938_3_BTM_1_MAOM_r2_Mag_03Feb25_3p3kV_300SA_p01_16_1_22841","",2025-02-05 10:01:58.000,SciMax01,"60938",https://proto-9.pnl.gov/SciMax01/2025_1/60938_3_BTM_1_MAOM_r2_Mag_03Feb25_3p3kV_300SA_p01_16_1_22841,Released
1230976,"60880_3_T_3_WEOM_r1_Mag_16Feb24_300SA_p01_28_1_15365",Buzzard: MONet,2024-02-19 08:46:21.000,SciMax01,"60880",https://proto-9.pnl.gov/SciMax01/2024_1/60880_3_T_3_WEOM_r1_Mag_16Feb24_300SA_p01_28_1_15365,Released
1236367,"60886_6_T_2_WEOM_r3_Mag_10Mar24_300SA_p01_32_1_17246",Buzzard: MONet,2024-03-13 18:48:28.000,SciMax01,"60886",https://proto-9.pnl.gov/SciMax01/2024_1/60886_6_T_2_WEOM_r3_Mag_10Mar24_300SA_p01_32_1_17246,Released
1272534,"60923_3_B_1_MAOM_r1_Mag_03Jul24_300SA_p01_16_1_19359",Buzzard: testing MAOM samples before the move,2024-07-03 19:50:47.000,SciMax01,"60923",https://proto-9.pnl.gov/SciMax01/2024_3/60923_3_B_1_MAOM_r1_Mag_03Jul24_300SA_p01_16_1_19359,Released
1341991,"60881_3_TOP_2_MAOM_r2_Mag_10Feb25_3p3kV_300SA_p01_14_1_23268","",2025-02-14 19:52:51.000,SciMax01,"60881",https://proto-9.pnl.gov/SciMax01/2025_1/60881_3_TOP_2_MAOM_r2_Mag_10Feb25_3p3kV_300SA_p01_14_1_23268,Released
1216139,"60923_8_B_1_WEOM_r1_Mag_26Dec23_300SA_p01_16_1_14216",Buzzard: Data is fine but queue stopped over holiday week so need to shim cell and will run the queue again,2023-12-27 14:42:32.000,SciMax01,"60923",https://proto-9.pnl.gov/SciMax01/2024_1/60923_8_B_1_WEOM_r1_Mag_26Dec23_300SA_p01_16_1_14216,Released
1341324,"60932_3_BTM_3_MAOM_r2_Mag_10Feb25_3p3kV_300SA_p01_18_1_23124","",2025-02-12 03:39:38.000,SciMax01,"60932",https://proto-9.pnl.gov/SciMax01/2025_1/60932_3_BTM_3_MAOM_r2_Mag_10Feb25_3p3kV_300SA_p01_18_1_23124,Released
1165465,MONet_Test_HCl_R_3_pls-10ppmSRFAII_fir_r2_07Jul23_300SA_p1_20_1_8749,Buzzard: Just testing samples tubes,2023-07-07 21:06:54.000,"15T_FTICR_I","60141",https://proto-9.pnl.gov/15T_FTICR_I/2023_3/MONet_Test_HCl_R_3_pls-10ppmSRFAII_fir_r2_07Jul23_300SA_p1_20_1_8749,Released
1345078,"60920_5_BTM_2_MAOM_r2_Mag_19Feb25_3p3kV_300SA_p01_29_1_23384","",2025-02-20 14:27:09.000,SciMax01,"60920",https://proto-9.pnl.gov/SciMax01/2025_1/60920_5_BTM_2_MAOM_r2_Mag_19Feb25_3p3kV_300SA_p01_29_1_23384,Released
1349518,"60933_4_BTM_1_MAOM_r3_Mag_20Jan25_3p3kV_300SA_p01_19_1_22188","",2025-01-22 00:40:32.000,SciMax01,"60933",https://proto-9.pnl.gov/SciMax01/2025_1/60933_4_BTM_1_MAOM_r3_Mag_20Jan25_3p3kV_300SA_p01_19_1_22188,Released
1339999,"60946_1_BTM_3_MAOM_r1_Mag_03Feb25_3p3kV_300SA_p01_34_1_22935","",2025-02-07 03:55:35.000,SciMax01,"60946",https://proto-9.pnl.gov/SciMax01/2025_1/60946_1_BTM_3_MAOM_r1_Mag_03Feb25_3p3kV_300SA_p01_34_1_22935,Released
1215977,"60920_9_B_2_WEOM_r2_Mag_21Dec23_300SA_p01_36_1_14093",Data needs to be reviewed,2023-12-24 16:56:43.000,SciMax01,"60920",https://proto-9.pnl.gov/SciMax01/2024_1/60920_9_B_2_WEOM_r2_Mag_21Dec23_300SA_p01_36_1_14093,Released
1221036,QC_SRFAII_23_01_20ppm_r2_Mag_18Jan24_300SA_p01_52_1_14879,Buzzard: MONet,2024-01-22 03:18:17.000,SciMax01,"60938",https://proto-9.pnl.gov/SciMax01/2024_1/QC_SRFAII_23_01_20ppm_r2_Mag_18Jan24_300SA_p01_52_1_14879,Released
1215811,"60920_2_B_1_WEOM_r1_Mag_21Dec23_300SA_p01_4_1_14002",Data needs to be reviewed,2023-12-21 23:29:33.000,SciMax01,"60920",https://proto-9.pnl.gov/SciMax01/2024_1/60920_2_B_1_WEOM_r1_Mag_21Dec23_300SA_p01_4_1_14002,Released
1345004,"60942_3_TOP_2_MAOM_r3_Mag_19Feb25_3p3kV_300SA_p01_20_1_23573","",2025-02-24 21:19:32.000,SciMax01,"60942",https://proto-9.pnl.gov/SciMax01/2025_1/60942_3_TOP_2_MAOM_r3_Mag_19Feb25_3p3kV_300SA_p01_20_1_23573,Released
1217522,"60923_3_T_3_WEOM_r2_Mag_04Jan24_300SA_p01_13_1_14577",Buzzard: Use this data,2024-01-07 15:39:32.000,SciMax01,"60923",https://proto-9.pnl.gov/SciMax01/2024_1/60923_3_T_3_WEOM_r2_Mag_04Jan24_300SA_p01_13_1_14577,Released
1216085,"60923_12_T_3_WEOM_r2_Mag_26Dec23_300SA_p01_31_1_14358",Buzzard: Data is fine but queue stopped over holiday week so need to shim cell and will run the queue again,2023-12-30 05:38:24.000,SciMax01,"60923",https://proto-9.pnl.gov/SciMax01/2024_1/60923_12_T_3_WEOM_r2_Mag_26Dec23_300SA_p01_31_1_14358,Released
1215950,"60920_1_T_3_WEOM_r2_Mag_21Dec23_300SA_p01_1_1_14114",Data needs to be reviewed,2023-12-25 02:15:10.000,SciMax01,"60920",https://proto-9.pnl.gov/SciMax01/2024_1/60920_1_T_3_WEOM_r2_Mag_21Dec23_300SA_p01_1_1_14114,Released
1341923,"60881_2_TOP_2_MAOM_r2_Mag_10Feb25_3p3kV_300SA_p01_8_1_23246","",2025-02-14 10:04:24.000,SciMax01,"60881",https://proto-9.pnl.gov/SciMax01/2025_1/60881_2_TOP_2_MAOM_r2_Mag_10Feb25_3p3kV_300SA_p01_8_1_23246,Released
1328991,"60940_2_BTM_3_MAOM_r2_Mag_23Dec24_3p3kV_300SA_p01_12_1_21043","",2024-12-23 21:04:13.000,SciMax01,"60940",https://proto-9.pnl.gov/SciMax01/2024_4/60940_2_BTM_3_MAOM_r2_Mag_23Dec24_3p3kV_300SA_p01_12_1_21043,Released
1329842,"60921_3_BTM_3_MAOM_r3_Mag_27Dec24_3p3kV_300SA_p01_18_1_21418","",2025-01-01 07:50:40.000,SciMax01,"60921",https://proto-9.pnl.gov/SciMax01/2025_1/60921_3_BTM_3_MAOM_r3_Mag_27Dec24_3p3kV_300SA_p01_18_1_21418,Released
1314811,"60923_15_TOP_1_WEOM_r1_Mag_01Nov24_3p3kV_p01_11_1_20089",Buzzard: Testing response after Instrument cell clean and lab move,2024-11-01 21:05:32.000,SciMax01,"60938",https://proto-9.pnl.gov/SciMax01/2024_4/60923_15_TOP_1_WEOM_r1_Mag_01Nov24_3p3kV_p01_11_1_20089,Released
1230621,"60946_1_B_2_WEOM_r2_Mag_23Feb24_300SA_p01_42_1_16046",Buzzard: Monet,2024-02-26 22:41:48.000,SciMax01,"60946",https://proto-9.pnl.gov/SciMax01/2024_1/60946_1_B_2_WEOM_r2_Mag_23Feb24_300SA_p01_42_1_16046,Released
1217373,"60923_6_T_3_WEOM_r2_Mag_04Jan24_300SA_p01_19_1_14578",Buzzard: Use this data,2024-01-07 16:06:07.000,SciMax01,"60923",https://proto-9.pnl.gov/SciMax01/2024_1/60923_6_T_3_WEOM_r2_Mag_04Jan24_300SA_p01_19_1_14578,Released
1341102,"60932_6_BTM_3_MAOM_r1_Mag_10Feb25_3p3kV_300SA_p01_40_1_23059","",2025-02-10 22:41:30.000,SciMax01,"60932",https://proto-9.pnl.gov/SciMax01/2025_1/60932_6_BTM_3_MAOM_r1_Mag_10Feb25_3p3kV_300SA_p01_40_1_23059,Released
1338316,"60933_19_BTM_2_MAOM_r2_Mag_29Jan25_3p3kV_300SA_p01_11_1_22613","",2025-01-30 05:15:42.000,SciMax01,"60933",https://proto-9.pnl.gov/SciMax01/2025_1/60933_19_BTM_2_MAOM_r2_Mag_29Jan25_3p3kV_300SA_p01_11_1_22613,Released
1230828,"60932_5_B_1_WEOM_r1_Mag_21Feb24_300SA_p01_24_1_15553",Buzzard: MONet,2024-02-23 09:20:38.000,SciMax01,"60932",https://proto-9.pnl.gov/SciMax01/2024_1/60932_5_B_1_WEOM_r1_Mag_21Feb24_300SA_p01_24_1_15553,Released
1335282,"60933_11_TOP_3_MAOM_r3_Mag_13Jan25_3p3kV_300SA_p01_3_1_21949","",2025-01-17 09:12:27.000,SciMax01,"60933",https://proto-9.pnl.gov/SciMax01/2025_1/60933_11_TOP_3_MAOM_r3_Mag_13Jan25_3p3kV_300SA_p01_3_1_21949,Released
1252948,"60881_4_B_3_WEOM_r3_Mag_01May24_300SA_p01_21_1_18256","",2024-05-06 13:04:36.000,SciMax01,"60881",https://proto-9.pnl.gov/SciMax01/2024_2/60881_4_B_3_WEOM_r3_Mag_01May24_300SA_p01_21_1_18256,Released
1230618,"60946_1_B_2_WEOM_r3_Mag_23Feb24_300SA_p01_42_1_16067",Buzzard: Monet,2024-02-27 08:00:12.000,SciMax01,"60946",https://proto-9.pnl.gov/SciMax01/2024_1/60946_1_B_2_WEOM_r3_Mag_23Feb24_300SA_p01_42_1_16067,Released
1335262,"60923_8_BTM_2_MAOM_r2_Mag_13Jan25_3p3kV_300SA_p01_17_1_22024","",2025-01-18 18:39:17.000,SciMax01,"60923",https://proto-9.pnl.gov/SciMax01/2025_1/60923_8_BTM_2_MAOM_r2_Mag_13Jan25_3p3kV_300SA_p01_17_1_22024,Released
1480482,"20260213_SRFA-1_reeval_mag_53_1_32384","",2026-02-13 19:38:45.000,SciMax01,"61050",https://proto-9.pnl.gov/SciMax01/2026_1/20260213_SRFA-1_reeval_mag_53_1_32384,Released
1340547,"60938_3_BTM_3_MAOM_r1_Mag_03Feb25_3p3kV_300SA_p01_18_1_22783","",2025-02-04 08:10:42.000,SciMax01,"60938",https://proto-9.pnl.gov/SciMax01/2025_1/60938_3_BTM_3_MAOM_r1_Mag_03Feb25_3p3kV_300SA_p01_18_1_22783,Released
1340285,"60942_6_TOP_1_MAOM_r2_Mag_03Feb25_3p3kV_300SA_p01_23_1_22991","",2025-02-08 04:54:04.000,SciMax01,"60942",https://proto-9.pnl.gov/SciMax01/2025_1/60942_6_TOP_1_MAOM_r2_Mag_03Feb25_3p3kV_300SA_p01_23_1_22991,Released
1338502,"60933_18_TOP_2_MAOM_r2_Mag_29Jan25_3p3kV_300SA_p01_2_1_22635","",2025-01-30 15:03:27.000,SciMax01,"60933",https://proto-9.pnl.gov/SciMax01/2025_1/60933_18_TOP_2_MAOM_r2_Mag_29Jan25_3p3kV_300SA_p01_2_1_22635,Released
1341631,"60932_4_BTM_2_MAOM_r3_Mag_10Feb25_3p3kV_300SA_p01_23_1_23185","",2025-02-13 06:52:02.000,SciMax01,"60932",https://proto-9.pnl.gov/SciMax01/2025_1/60932_4_BTM_2_MAOM_r3_Mag_10Feb25_3p3kV_300SA_p01_23_1_23185,Released
1235727,QC_SRFAII_23_01_10ppm_WEOM_r2_Mag_07Mar24_300SA_p01_54_1_17061,Buzzard: MONet,2024-03-09 22:57:59.000,SciMax01,"60942",https://proto-9.pnl.gov/SciMax01/2024_1/QC_SRFAII_23_01_10ppm_WEOM_r2_Mag_07Mar24_300SA_p01_54_1_17061,Released
1328935,"60940_2_TOP_1_MAOM_r2_Mag_23Dec24_3p3kV_300SA_p01_7_1_21070","",2024-12-24 09:06:01.000,SciMax01,"60940",https://proto-9.pnl.gov/SciMax01/2024_4/60940_2_TOP_1_MAOM_r2_Mag_23Dec24_3p3kV_300SA_p01_7_1_21070,Released
1216095,"60923_11_T_2_WEOM_r1_Mag_26Dec23_300SA_p01_1_1_14238",Buzzard: Data is fine but queue stopped over holiday week so need to shim cell and will run the queue again,2023-12-28 00:27:31.000,SciMax01,"60923",https://proto-9.pnl.gov/SciMax01/2024_1/60923_11_T_2_WEOM_r1_Mag_26Dec23_300SA_p01_1_1_14238,Released
1471477,QC_SRFAII_25_01_old_r1_54_1_32066,Buzzard: testing Fluent extractions,2026-01-28 17:05:02.000,SciMax01,"61050",https://proto-9.pnl.gov/SciMax01/2026_1/QC_SRFAII_25_01_old_r1_54_1_32066,Released
1335385,"60933_16_BTM_3_MAOM_r1_Mag_13Jan25_3p3kV_300SA_p01_39_1_21833","",2025-01-15 05:26:39.000,SciMax01,"60933",https://proto-9.pnl.gov/SciMax01/2025_1/60933_16_BTM_3_MAOM_r1_Mag_13Jan25_3p3kV_300SA_p01_39_1_21833,Released
1340536,"60938_2_TOP_3_MAOM_r1_Mag_03Feb25_3p3kV_300SA_p01_9_1_22765","",2025-02-04 00:09:47.000,SciMax01,"60938",https://proto-9.pnl.gov/SciMax01/2025_1/60938_2_TOP_3_MAOM_r1_Mag_03Feb25_3p3kV_300SA_p01_9_1_22765,Released
1329017,"60920_9_BTM_1_MAOM_r1_Mag_23Dec24_3p3kV_300SA_p01_42_1_21039","",2024-12-23 19:17:31.000,SciMax01,"60920",https://proto-9.pnl.gov/SciMax01/2024_4/60920_9_BTM_1_MAOM_r1_Mag_23Dec24_3p3kV_300SA_p01_42_1_21039,Released
1236323,"60886_4_B_1_WEOM_r2_Mag_10Mar24_300SA_p01_22_1_17175",Buzzard: MONet,2024-03-12 11:20:41.000,SciMax01,"60886",https://proto-9.pnl.gov/SciMax01/2024_1/60886_4_B_1_WEOM_r2_Mag_10Mar24_300SA_p01_22_1_17175,Released
1336425,"60923_16_TOP_3_MAOM_r1_Mag_22Jan25_3p3kV_300SA_p01_18_1_22252","",2025-01-23 12:02:32.000,SciMax01,"60923",https://proto-9.pnl.gov/SciMax01/2025_1/60923_16_TOP_3_MAOM_r1_Mag_22Jan25_3p3kV_300SA_p01_18_1_22252,Released
1220576,"60938_3_B_3_WEOM_r1_Mag_18Jan24_300SA_p01_18_1_14760",Buzzard: MONet,2024-01-19 22:33:47.000,SciMax01,"60938",https://proto-9.pnl.gov/SciMax01/2024_1/60938_3_B_3_WEOM_r1_Mag_18Jan24_300SA_p01_18_1_14760,Released
1340417,"60942_6_TOP_2_MAOM_r3_Mag_03Feb25_3p3kV_300SA_p01_24_1_23033","",2025-02-08 23:37:17.000,SciMax01,"60942",https://proto-9.pnl.gov/SciMax01/2025_1/60942_6_TOP_2_MAOM_r3_Mag_03Feb25_3p3kV_300SA_p01_24_1_23033,Released
1215975,"60920_1_T_2_WEOM_r2_Mag_21Dec23_300SA_p01_20_1_14087",Data needs to be reviewed,2023-12-24 14:17:09.000,SciMax01,"60920",https://proto-9.pnl.gov/SciMax01/2024_1/60920_1_T_2_WEOM_r2_Mag_21Dec23_300SA_p01_20_1_14087,Released
1234862,"60923_18_B_2_WEOM_r3_Mag_04Mar24_300SA_p01_23_1_16951",Buzzard: MONet,2024-03-07 14:19:10.000,SciMax01,"60923",https://proto-9.pnl.gov/SciMax01/2024_1/60923_18_B_2_WEOM_r3_Mag_04Mar24_300SA_p01_23_1_16951,Released
1231185,"60933_18_B_3_WEOM_r3_Mag_12Feb24_300SA_p01_48_1_15199",Buzzard: MONet,2024-02-15 21:00:24.000,SciMax01,"60933",https://proto-9.pnl.gov/SciMax01/2024_1/60933_18_B_3_WEOM_r3_Mag_12Feb24_300SA_p01_48_1_15199,Released
1215928,"60920_11_T_1_WEOM_r3_Mag_21Dec23_300SA_p01_19_1_14139",Data needs to be reviewed,2023-12-25 13:19:55.000,SciMax01,"60920",https://proto-9.pnl.gov/SciMax01/2024_1/60920_11_T_1_WEOM_r3_Mag_21Dec23_300SA_p01_19_1_14139,Released
1345066,"60920_4_BTM_2_MAOM_r1_Mag_19Feb25_3p3kV_300SA_p01_23_1_23354","",2025-02-20 01:05:02.000,SciMax01,"60920",https://proto-9.pnl.gov/SciMax01/2025_1/60920_4_BTM_2_MAOM_r1_Mag_19Feb25_3p3kV_300SA_p01_23_1_23354,Released
1330623,"60880_2_TOP_2_MAOM_r2_Mag_02Jan25_3p3kV_300SA_p01_42_1_21513","",2025-01-04 02:30:30.000,SciMax01,"60880",https://proto-9.pnl.gov/SciMax01/2025_1/60880_2_TOP_2_MAOM_r2_Mag_02Jan25_3p3kV_300SA_p01_42_1_21513,Released
1215989,"60920_10_T_2_WEOM_r1_Mag_21Dec23_300SA_p01_37_1_14017",Data needs to be reviewed,2023-12-22 06:08:26.000,SciMax01,"60920",https://proto-9.pnl.gov/SciMax01/2024_1/60920_10_T_2_WEOM_r1_Mag_21Dec23_300SA_p01_37_1_14017,Released
1340529,"60938_2_BTM_2_MAOM_r1_Mag_03Feb25_3p3kV_300SA_p01_11_1_22768","",2025-02-04 01:29:58.000,SciMax01,"60938",https://proto-9.pnl.gov/SciMax01/2025_1/60938_2_BTM_2_MAOM_r1_Mag_03Feb25_3p3kV_300SA_p01_11_1_22768,Released
1252946,"60881_5_B_3_WEOM_r3_Mag_01May24_300SA_p01_27_1_18213","",2024-05-05 18:01:12.000,SciMax01,"60881",https://proto-9.pnl.gov/SciMax01/2024_2/60881_5_B_3_WEOM_r3_Mag_01May24_300SA_p01_27_1_18213,Released
1231307,"60933_12_B_1_WEOM_r3_Mag_12Feb24_300SA_p01_10_1_15188",Buzzard: MONet,2024-02-15 16:07:54.000,SciMax01,"60933",https://proto-9.pnl.gov/SciMax01/2024_1/60933_12_B_1_WEOM_r3_Mag_12Feb24_300SA_p01_10_1_15188,Released
1220601,"60933_2_T_2_WEOM_r2_Mag_18Jan24_300SA_p01_5_1_14799",Buzzard: MONet,2024-01-20 15:50:52.000,SciMax01,"60933",https://proto-9.pnl.gov/SciMax01/2024_1/60933_2_T_2_WEOM_r2_Mag_18Jan24_300SA_p01_5_1_14799,Released
1231131,"60933_16_T_2_WEOM_r2_Mag_12Feb24_300SA_p01_32_1_15132",Buzzard: MONet,2024-02-14 15:18:54.000,SciMax01,"60933",https://proto-9.pnl.gov/SciMax01/2024_1/60933_16_T_2_WEOM_r2_Mag_12Feb24_300SA_p01_32_1_15132,Released
1338263,"60923_12_TOP_1_MAOM_r1_Mag_29Jan25_3p3kV_300SA_p01_41_1_22594","",2025-01-29 20:47:39.000,SciMax01,"60923",https://proto-9.pnl.gov/SciMax01/2025_1/60923_12_TOP_1_MAOM_r1_Mag_29Jan25_3p3kV_300SA_p01_41_1_22594,Released
1341785,"60881_4_BTM_2_MAOM_r1_Mag_10Feb25_3p3kV_300SA_p01_23_1_23211","",2025-02-13 18:27:14.000,SciMax01,"60881",https://proto-9.pnl.gov/SciMax01/2025_1/60881_4_BTM_2_MAOM_r1_Mag_10Feb25_3p3kV_300SA_p01_23_1_23211,Released
1471495,QC_SRFAII_25_01_old_r3_54_1_32090,Buzzard: testing Fluent extractions,2026-01-29 01:07:57.000,SciMax01,"61050",https://proto-9.pnl.gov/SciMax01/2026_1/QC_SRFAII_25_01_old_r3_54_1_32090,Released
1217300,"60923_9_B_3_WEOM_r2_Mag_04Jan24_300SA_p01_26_1_14588",Buzzard: Use this data,2024-01-07 20:32:01.000,SciMax01,"60923",https://proto-9.pnl.gov/SciMax01/2024_1/60923_9_B_3_WEOM_r2_Mag_04Jan24_300SA_p01_26_1_14588,Released
1330741,"60880_2_BTM_2_MAOM_r3_Mag_02Jan25_3p3kV_300SA_p01_45_1_21565","",2025-01-05 01:41:23.000,SciMax01,"60880",https://proto-9.pnl.gov/SciMax01/2025_1/60880_2_BTM_2_MAOM_r3_Mag_02Jan25_3p3kV_300SA_p01_45_1_21565,Released
1340218,"60942_5_TOP_3_MAOM_r2_Mag_03Feb25_3p3kV_300SA_p01_15_1_22974","",2025-02-07 21:18:45.000,SciMax01,"60942",https://proto-9.pnl.gov/SciMax01/2025_1/60942_5_TOP_3_MAOM_r2_Mag_03Feb25_3p3kV_300SA_p01_15_1_22974,Released
1329033,"60923_3_TOP_1_MAOM_r3_Mag_27Dec24_3p3kV_300SA_p01_13_1_21310","",2024-12-30 07:42:34.000,SciMax01,"60923",https://proto-9.pnl.gov/SciMax01/2024_4/60923_3_TOP_1_MAOM_r3_Mag_27Dec24_3p3kV_300SA_p01_13_1_21310,Released
1231168,QC_SRFAII_23_01_10ppm_r1_Mag_16Feb24_300SA_p01_54_1_15261,Buzzard: MONet,2024-02-17 01:37:26.000,SciMax01,"60846",https://proto-9.pnl.gov/SciMax01/2024_1/QC_SRFAII_23_01_10ppm_r1_Mag_16Feb24_300SA_p01_54_1_15261,Released
1166669,MONet_Test_QC_SRFAII_20ppm_r2_Fir_11Jul23_300SA_p1_105_1_8865,Buzzard: Just testing samples tubes,2023-07-13 07:09:52.000,"15T_FTICR_I","60141",https://proto-9.pnl.gov/15T_FTICR_I/2023_3/MONet_Test_QC_SRFAII_20ppm_r2_Fir_11Jul23_300SA_p1_105_1_8865,Released
1220692,"60938_3_T_2_WEOM_r2_Mag_18Jan24_300SA_p01_14_1_14888",Buzzard: MONet,2024-01-22 07:17:37.000,SciMax01,"60938",https://proto-9.pnl.gov/SciMax01/2024_1/60938_3_T_2_WEOM_r2_Mag_18Jan24_300SA_p01_14_1_14888,Released
1330700,"60846_17_TOP_2_MAOM_r3_Mag_02Jan25_3p3kV_300SA_p01_30_1_21546","",2025-01-04 17:13:16.000,SciMax01,"60846",https://proto-9.pnl.gov/SciMax01/2025_1/60846_17_TOP_2_MAOM_r3_Mag_02Jan25_3p3kV_300SA_p01_30_1_21546,Released
1217284,"60923_8_T_3_WEOM_r1_Mag_04Jan24_300SA_p01_23_1_14495",Buzzard: Use this data,2024-01-06 03:18:51.000,SciMax01,"60923",https://proto-9.pnl.gov/SciMax01/2024_1/60923_8_T_3_WEOM_r1_Mag_04Jan24_300SA_p01_23_1_14495,Released
1337922,"60886_5_TOP_3_MAOM_r3_Mag_22Jan25_3p3kV_300SA_p01_37_1_22540","",2025-01-28 20:42:08.000,SciMax01,"60886",https://proto-9.pnl.gov/SciMax01/2025_1/60886_5_TOP_3_MAOM_r3_Mag_22Jan25_3p3kV_300SA_p01_37_1_22540,Released
1231295,"60846_7_T_1_WEOM_r2_Mag_16Feb24_300SA_p01_25_1_15286",Buzzard: MONet,2024-02-17 12:42:14.000,SciMax01,"60846",https://proto-9.pnl.gov/SciMax01/2024_1/60846_7_T_1_WEOM_r2_Mag_16Feb24_300SA_p01_25_1_15286,Released
1215955,"60920_5_B_3_WEOM_r2_Mag_21Dec23_300SA_p01_10_1_14121",Data needs to be reviewed,2023-12-25 05:21:17.000,SciMax01,"60920",https://proto-9.pnl.gov/SciMax01/2024_1/60920_5_B_3_WEOM_r2_Mag_21Dec23_300SA_p01_10_1_14121,Released
1252898,"60881_1_T_2_WEOM_r3_Mag_01May24_300SA_p01_46_1_18226","",2024-05-05 23:46:51.000,SciMax01,"60881",https://proto-9.pnl.gov/SciMax01/2024_2/60881_1_T_2_WEOM_r3_Mag_01May24_300SA_p01_46_1_18226,Released
1217418,QC_SRFAII_23_01_20ppm_r2_Mag_04Jan24_300SA_p01_52_1_14598,Buzzard: Use this data,2024-01-08 00:57:57.000,SciMax01,"60923",https://proto-9.pnl.gov/SciMax01/2024_1/QC_SRFAII_23_01_20ppm_r2_Mag_04Jan24_300SA_p01_52_1_14598,Released
1341310,"60932_6_BTM_2_MAOM_r2_Mag_10Feb25_3p3kV_300SA_p01_39_1_23119","",2025-02-12 01:26:08.000,SciMax01,"60932",https://proto-9.pnl.gov/SciMax01/2025_1/60932_6_BTM_2_MAOM_r2_Mag_10Feb25_3p3kV_300SA_p01_39_1_23119,Released
1215921,"60920_9_T_1_WEOM_r3_Mag_21Dec23_300SA_p01_16_1_14152",Data needs to be reviewed,2023-12-25 19:05:36.000,SciMax01,"60920",https://proto-9.pnl.gov/SciMax01/2024_1/60920_9_T_1_WEOM_r3_Mag_21Dec23_300SA_p01_16_1_14152,Released
1231290,"60933_16_B_3_WEOM_r2_Mag_12Feb24_300SA_p01_36_1_15101",Buzzard: MONet,2024-02-14 01:34:36.000,SciMax01,"60933",https://proto-9.pnl.gov/SciMax01/2024_1/60933_16_B_3_WEOM_r2_Mag_12Feb24_300SA_p01_36_1_15101,Released
1216164,"60923_5_B_2_WEOM_r2_Mag_26Dec23_300SA_p01_38_1_14326",Buzzard: Data is fine but queue stopped over holiday week so need to shim cell and will run the queue again,2023-12-29 15:27:31.000,SciMax01,"60923",https://proto-9.pnl.gov/SciMax01/2024_1/60923_5_B_2_WEOM_r2_Mag_26Dec23_300SA_p01_38_1_14326,Released
1314722,"60923_3_B_2_MAOM_r2_Mag_01Nov24_300SA_4p2kV_p01_17_1_20202",Buzzard: Testing response after Instrument cell clean and lab move,2024-11-05 09:04:41.000,SciMax01,"60923",https://proto-9.pnl.gov/SciMax01/2024_4/60923_3_B_2_MAOM_r2_Mag_01Nov24_300SA_4p2kV_p01_17_1_20202,Released
1252808,"60929_1_T_2_WEOM_r2_Mag_01May24_300SA_p01_38_1_18156","",2024-05-04 16:45:27.000,SciMax01,"60929",https://proto-9.pnl.gov/SciMax01/2024_2/60929_1_T_2_WEOM_r2_Mag_01May24_300SA_p01_38_1_18156,Released
1331035,"60933_9_TOP_1_MAOM_r2_Mag_05Jan25_3p3kV_300SA_p01_47_1_21685","",2025-01-07 07:11:58.000,SciMax01,"60933",https://proto-9.pnl.gov/SciMax01/2025_1/60933_9_TOP_1_MAOM_r2_Mag_05Jan25_3p3kV_300SA_p01_47_1_21685,Released
1230847,QC_SRFAII_23_01_10ppm_r1_Mag_21Feb24_300SA_p01_54_1_15474,Buzzard: MONet,2024-02-21 22:20:06.000,SciMax01,"60921",https://proto-9.pnl.gov/SciMax01/2024_1/QC_SRFAII_23_01_10ppm_r1_Mag_21Feb24_300SA_p01_54_1_15474,Released
1231335,QC_SRFAII_23_01_10ppm_r2_Mag_16Feb24_300SA_p01_54_1_15321,Buzzard: MONet,2024-02-18 04:12:56.000,SciMax01,"60846",https://proto-9.pnl.gov/SciMax01/2024_1/QC_SRFAII_23_01_10ppm_r2_Mag_16Feb24_300SA_p01_54_1_15321,Released
1329478,"60921_4_BTM_3_MAOM_r1_Mag_27Dec24_3p3kV_300SA_p01_26_1_21345","",2024-12-30 23:18:13.000,SciMax01,"60921",https://proto-9.pnl.gov/SciMax01/2024_4/60921_4_BTM_3_MAOM_r1_Mag_27Dec24_3p3kV_300SA_p01_26_1_21345,Released
1220554,"60933_10_T_1_WEOM_r1_Mag_18Jan24_300SA_p01_46_1_14747",Buzzard: MONet,2024-01-19 16:48:05.000,SciMax01,"60933",https://proto-9.pnl.gov/SciMax01/2024_1/60933_10_T_1_WEOM_r1_Mag_18Jan24_300SA_p01_46_1_14747,Released
1349532,"60933_17_TOP_3_MAOM_r1_Mag_31Jan25_3p3kV_300SA_p01_42_1_22729","",2025-02-01 08:58:25.000,SciMax01,"60933",https://proto-9.pnl.gov/SciMax01/2025_1/60933_17_TOP_3_MAOM_r1_Mag_31Jan25_3p3kV_300SA_p01_42_1_22729,Released
1230773,QC_SRFAII_23_01_10ppm_r1_Mag_24Feb24_300SA_p01_54_1_15908,Buzzard: MONet,2024-02-24 09:32:15.000,SciMax01,"60932",https://proto-9.pnl.gov/SciMax01/2024_1/QC_SRFAII_23_01_10ppm_r1_Mag_24Feb24_300SA_p01_54_1_15908,Released
1217361,"60923_14_B_3_WEOM_r1_Mag_04Jan24_300SA_p01_36_1_14505",Buzzard: Use this data,2024-01-06 07:44:46.000,SciMax01,"60923",https://proto-9.pnl.gov/SciMax01/2024_1/60923_14_B_3_WEOM_r1_Mag_04Jan24_300SA_p01_36_1_14505,Released
1216144,"60923_6_T_3_WEOM_r2_Mag_26Dec23_300SA_p01_19_1_14364",Buzzard: Data is fine but queue stopped over holiday week so need to shim cell and will run the queue again,2023-12-30 08:17:58.000,SciMax01,"60923",https://proto-9.pnl.gov/SciMax01/2024_1/60923_6_T_3_WEOM_r2_Mag_26Dec23_300SA_p01_19_1_14364,Released
1231097,"60933_12_T_2_WEOM_r2_Mag_12Feb24_300SA_p01_8_1_15122",Buzzard: MONet,2024-02-14 10:52:59.000,SciMax01,"60933",https://proto-9.pnl.gov/SciMax01/2024_1/60933_12_T_2_WEOM_r2_Mag_12Feb24_300SA_p01_8_1_15122,Released
1217382,"60923_7_B_3_WEOM_r1_Mag_04Jan24_300SA_p01_22_1_14489",Buzzard: Use this data,2024-01-06 00:39:18.000,SciMax01,"60923",https://proto-9.pnl.gov/SciMax01/2024_1/60923_7_B_3_WEOM_r1_Mag_04Jan24_300SA_p01_22_1_14489,Released
1166755,MONet_Test_QC_SRFAII_20ppm_r2_Fir_11Jul23_300SA_p1_84_1_8844,Buzzard: Just testing samples tubes,2023-07-12 22:10:31.000,"15T_FTICR_I","60141",https://proto-9.pnl.gov/15T_FTICR_I/2023_3/MONet_Test_QC_SRFAII_20ppm_r2_Fir_11Jul23_300SA_p1_84_1_8844,Released
1221014,QC_SRFAII_23_01_20ppm_r1_Mag_18Jan24_300SA_p01_54_1_14737,Buzzard: MONet,2024-01-19 12:22:11.000,SciMax01,"60933",https://proto-9.pnl.gov/SciMax01/2024_1/QC_SRFAII_23_01_20ppm_r1_Mag_18Jan24_300SA_p01_54_1_14737,Released
1338662,"60923_12_TOP_2_MAOM_r3_Mag_29Jan25_3p3kV_300SA_p01_42_1_22679","",2025-01-31 10:40:57.000,SciMax01,"60923",https://proto-9.pnl.gov/SciMax01/2025_1/60923_12_TOP_2_MAOM_r3_Mag_29Jan25_3p3kV_300SA_p01_42_1_22679,Released
1338122,"60933_18_BTM_1_MAOM_r1_Mag_29Jan25_3p3kV_300SA_p01_4_1_22575","",2025-01-29 12:18:57.000,SciMax01,"60933",https://proto-9.pnl.gov/SciMax01/2025_1/60933_18_BTM_1_MAOM_r1_Mag_29Jan25_3p3kV_300SA_p01_4_1_22575,Released
1336980,"60923_13_BTM_1_MAOM_r2_Mag_22Jan25_3p3kV_300SA_p01_1_1_22315","",2025-01-24 16:08:14.000,SciMax01,"60923",https://proto-9.pnl.gov/SciMax01/2025_1/60923_13_BTM_1_MAOM_r2_Mag_22Jan25_3p3kV_300SA_p01_1_1_22315,Released
1329957,"60846_7_BTM_3_MAOM_r1_Mag_02Jan25_3p3kV_300SA_p01_18_1_21429","",2025-01-02 13:02:36.000,SciMax01,"60846",https://proto-9.pnl.gov/SciMax01/2025_1/60846_7_BTM_3_MAOM_r1_Mag_02Jan25_3p3kV_300SA_p01_18_1_21429,Released
1215935,"60920_8_B_3_WEOM_r3_Mag_21Dec23_300SA_p01_15_1_14185",Data needs to be reviewed,2023-12-26 09:43:08.000,SciMax01,"60920",https://proto-9.pnl.gov/SciMax01/2024_1/60920_8_B_3_WEOM_r3_Mag_21Dec23_300SA_p01_15_1_14185,Released
1328835,"60940_3_BTM_3_MAOM_r1_Mag_19Dec24_3p3kV_300SA_p01_18_1_20973","",2024-12-19 23:22:56.000,SciMax01,"60940",https://proto-9.pnl.gov/SciMax01/2024_4/60940_3_BTM_3_MAOM_r1_Mag_19Dec24_3p3kV_300SA_p01_18_1_20973,Released
1230932,"60880_4_B_1_WEOM_r1_Mag_16Feb24_300SA_p01_35_1_15391",Buzzard: MONet,2024-02-19 20:17:45.000,SciMax01,"60880",https://proto-9.pnl.gov/SciMax01/2024_1/60880_4_B_1_WEOM_r1_Mag_16Feb24_300SA_p01_35_1_15391,Released
1272592,"60923_1_T_2_MAOM_r3_Mag_04Jul24_300SA_p01_2_1_19422",Buzzard: testing MAOM samples before the move,2024-07-05 05:57:17.000,SciMax01,"60923",https://proto-9.pnl.gov/SciMax01/2024_3/60923_1_T_2_MAOM_r3_Mag_04Jul24_300SA_p01_2_1_19422,Released
1231101,"60933_17_T_3_WEOM_r3_Mag_12Feb24_300SA_p01_39_1_15213",Buzzard: MONet,2024-02-16 03:12:42.000,SciMax01,"60933",https://proto-9.pnl.gov/SciMax01/2024_1/60933_17_T_3_WEOM_r3_Mag_12Feb24_300SA_p01_39_1_15213,Released
1236325,"60886_2_B_1_WEOM_r3_Mag_10Mar24_300SA_p01_10_1_17260",Buzzard: MONet,2024-03-14 01:00:44.000,SciMax01,"60886",https://proto-9.pnl.gov/SciMax01/2024_1/60886_2_B_1_WEOM_r3_Mag_10Mar24_300SA_p01_10_1_17260,Released
1230823,"60932_1_T_3_WEOM_r1_Mag_21Feb24_300SA_p01_51_1_15541",Buzzard: MONet,2024-02-23 04:01:38.000,SciMax01,"60932",https://proto-9.pnl.gov/SciMax01/2024_1/60932_1_T_3_WEOM_r1_Mag_21Feb24_300SA_p01_51_1_15541,Released
1231026,"60846_17_T_1_WEOM_r1_Mag_16Feb24_300SA_p01_37_1_15267",Buzzard: MONet,2024-02-17 04:17:00.000,SciMax01,"60846",https://proto-9.pnl.gov/SciMax01/2024_1/60846_17_T_1_WEOM_r1_Mag_16Feb24_300SA_p01_37_1_15267,Released
1220701,"60933_3_T_2_WEOM_r2_Mag_18Jan24_300SA_p01_11_1_14805",Buzzard: MONet,2024-01-20 18:30:25.000,SciMax01,"60933",https://proto-9.pnl.gov/SciMax01/2024_1/60933_3_T_2_WEOM_r2_Mag_18Jan24_300SA_p01_11_1_14805,Released
1217673,QC_SRFAII_23_01_20ppm_r3_Mag_04Jan24_300SA_p01_52_1_14690,Buzzard: Use this data,2024-01-09 17:44:18.000,SciMax01,"60923",https://proto-9.pnl.gov/SciMax01/2024_1/QC_SRFAII_23_01_20ppm_r3_Mag_04Jan24_300SA_p01_52_1_14690,Released
1217672,"60923_14_B_3_WEOM_r3_Mag_04Jan24_300SA_p01_36_1_14686",Buzzard: Use this data,2024-01-09 15:57:56.000,SciMax01,"60923",https://proto-9.pnl.gov/SciMax01/2024_1/60923_14_B_3_WEOM_r3_Mag_04Jan24_300SA_p01_36_1_14686,Released
1252921,"60929_3_T_3_WEOM_r2_Mag_01May24_300SA_p01_51_1_18167","",2024-05-04 21:37:58.000,SciMax01,"60929",https://proto-9.pnl.gov/SciMax01/2024_2/60929_3_T_3_WEOM_r2_Mag_01May24_300SA_p01_51_1_18167,Released
1234633,"60923_20_B_1_WEOM_r2_Mag_04Mar24_300SA_p01_34_1_16905",Buzzard: MONet,2024-03-06 17:22:53.000,SciMax01,"60923",https://proto-9.pnl.gov/SciMax01/2024_1/60923_20_B_1_WEOM_r2_Mag_04Mar24_300SA_p01_34_1_16905,Released
1337729,"60886_1_TOP_2_MAOM_r3_Mag_22Jan25_3p3kV_300SA_p01_8_1_22500","",2025-01-28 02:39:20.000,SciMax01,"60886",https://proto-9.pnl.gov/SciMax01/2025_1/60886_1_TOP_2_MAOM_r3_Mag_22Jan25_3p3kV_300SA_p01_8_1_22500,Released
1330874,"60933_5_BTM_3_MAOM_r1_Mag_05Jan25_3p3kV_300SA_p01_31_1_21631","",2025-01-06 07:06:59.000,SciMax01,"60933",https://proto-9.pnl.gov/SciMax01/2025_1/60933_5_BTM_3_MAOM_r1_Mag_05Jan25_3p3kV_300SA_p01_31_1_21631,Released
1330867,"60933_9_TOP_2_MAOM_r1_Mag_05Jan25_3p3kV_300SA_p01_48_1_21627","",2025-01-06 05:19:59.000,SciMax01,"60933",https://proto-9.pnl.gov/SciMax01/2025_1/60933_9_TOP_2_MAOM_r1_Mag_05Jan25_3p3kV_300SA_p01_48_1_21627,Released
1231084,QC_SRFAII_23_01_10ppm_r2_Mag_12Feb24_300SA_p01_54_1_15158,Buzzard: MONet,2024-02-15 02:50:14.000,SciMax01,"60933",https://proto-9.pnl.gov/SciMax01/2024_1/QC_SRFAII_23_01_10ppm_r2_Mag_12Feb24_300SA_p01_54_1_15158,Released
1341442,"60932_2_BTM_2_MAOM_r3_Mag_10Feb25_3p3kV_300SA_p01_11_1_23154","",2025-02-12 17:03:30.000,SciMax01,"60932",https://proto-9.pnl.gov/SciMax01/2025_1/60932_2_BTM_2_MAOM_r3_Mag_10Feb25_3p3kV_300SA_p01_11_1_23154,Released
1230721,"60932_5_T_2_WEOM_r2_Mag_24Feb24_300SA_p01_22_1_15960",Buzzard: MONet,2024-02-25 08:35:00.000,SciMax01,"60932",https://proto-9.pnl.gov/SciMax01/2024_1/60932_5_T_2_WEOM_r2_Mag_24Feb24_300SA_p01_22_1_15960,Released
1314774,"60923_1_B_1_MAOM_r1_Mag_01Nov24_300SA_3p3kV_p01_4_1_20175",Buzzard: Testing response after Instrument cell clean and lab move,2024-11-04 21:04:37.000,SciMax01,"60923",https://proto-9.pnl.gov/SciMax01/2024_4/60923_1_B_1_MAOM_r1_Mag_01Nov24_300SA_3p3kV_p01_4_1_20175,Released
1336920,"60923_19_TOP_3_MAOM_r2_Mag_22Jan25_3p3kV_300SA_p01_40_1_22303","",2025-01-24 10:47:13.000,SciMax01,"60923",https://proto-9.pnl.gov/SciMax01/2025_1/60923_19_TOP_3_MAOM_r2_Mag_22Jan25_3p3kV_300SA_p01_40_1_22303,Released
1330991,"60933_1_TOP_2_MAOM_r2_Mag_05Jan25_3p3kV_300SA_p01_2_1_21666","",2025-01-06 22:43:07.000,SciMax01,"60933",https://proto-9.pnl.gov/SciMax01/2025_1/60933_1_TOP_2_MAOM_r2_Mag_05Jan25_3p3kV_300SA_p01_2_1_21666,Released
1340193,"60942_4_TOP_3_MAOM_r2_Mag_03Feb25_3p3kV_300SA_p01_9_1_22968","",2025-02-07 18:38:30.000,SciMax01,"60942",https://proto-9.pnl.gov/SciMax01/2025_1/60942_4_TOP_3_MAOM_r2_Mag_03Feb25_3p3kV_300SA_p01_9_1_22968,Released
1344861,"60929_3_TOP_1_MAOM_r3_Mag_19Feb25_3p3kV_300SA_p01_33_1_23581","",2025-02-25 00:53:24.000,SciMax01,"60929",https://proto-9.pnl.gov/SciMax01/2025_1/60929_3_TOP_1_MAOM_r3_Mag_19Feb25_3p3kV_300SA_p01_33_1_23581,Released
1220684,"60933_4_B_1_WEOM_r1_Mag_18Jan24_300SA_p01_19_1_14745",Buzzard: MONet,2024-01-19 15:54:54.000,SciMax01,"60933",https://proto-9.pnl.gov/SciMax01/2024_1/60933_4_B_1_WEOM_r1_Mag_18Jan24_300SA_p01_19_1_14745,Released
1234867,"60923_17_B_1_WEOM_r3_Mag_04Mar24_300SA_p01_16_1_16954",Buzzard: MONet,2024-03-07 15:38:58.000,SciMax01,"60923",https://proto-9.pnl.gov/SciMax01/2024_1/60923_17_B_1_WEOM_r3_Mag_04Mar24_300SA_p01_16_1_16954,Released
1336992,"60923_18_TOP_1_MAOM_r3_Mag_22Jan25_3p3kV_300SA_p01_32_1_22318","",2025-01-24 17:28:47.000,SciMax01,"60923",https://proto-9.pnl.gov/SciMax01/2025_1/60923_18_TOP_1_MAOM_r3_Mag_22Jan25_3p3kV_300SA_p01_32_1_22318,Released
1341929,"60881_4_TOP_1_MAOM_r2_Mag_10Feb25_3p3kV_300SA_p01_19_1_23249","",2025-02-14 11:24:37.000,SciMax01,"60881",https://proto-9.pnl.gov/SciMax01/2025_1/60881_4_TOP_1_MAOM_r2_Mag_10Feb25_3p3kV_300SA_p01_19_1_23249,Released
1330865,"60933_4_BTM_1_MAOM_r1_Mag_05Jan25_3p3kV_300SA_p01_19_1_21626","",2025-01-06 04:53:11.000,SciMax01,"60933",https://proto-9.pnl.gov/SciMax01/2025_1/60933_4_BTM_1_MAOM_r1_Mag_05Jan25_3p3kV_300SA_p01_19_1_21626,Released
1215916,"60920_5_B_1_WEOM_r3_Mag_21Dec23_300SA_p01_10_1_14149",Data needs to be reviewed,2023-12-25 17:45:48.000,SciMax01,"60920",https://proto-9.pnl.gov/SciMax01/2024_1/60920_5_B_1_WEOM_r3_Mag_21Dec23_300SA_p01_10_1_14149,Released
1230649,"60946_1_T_1_WEOM_r1_Mag_23Feb24_300SA_p01_38_1_16031",Buzzard: Monet,2024-02-26 16:02:57.000,SciMax01,"60946",https://proto-9.pnl.gov/SciMax01/2024_1/60946_1_T_1_WEOM_r1_Mag_23Feb24_300SA_p01_38_1_16031,Released
1342010,"60881_1_TOP_1_MAOM_r2_Mag_10Feb25_3p3kV_300SA_p01_1_1_23274","",2025-02-14 22:33:25.000,SciMax01,"60881",https://proto-9.pnl.gov/SciMax01/2025_1/60881_1_TOP_1_MAOM_r2_Mag_10Feb25_3p3kV_300SA_p01_1_1_23274,Released
1231201,"60846_17_B_3_WEOM_r1_Mag_16Feb24_300SA_p01_42_1_15266",Buzzard: MONet,2024-02-17 03:50:26.000,SciMax01,"60846",https://proto-9.pnl.gov/SciMax01/2024_1/60846_17_B_3_WEOM_r1_Mag_16Feb24_300SA_p01_42_1_15266,Released
1221002,"60938_4_T_3_WEOM_r3_Mag_18Jan24_300SA_p01_21_1_14990",Buzzard: MONet,2024-01-24 04:29:55.000,SciMax01,"60938",https://proto-9.pnl.gov/SciMax01/2024_1/60938_4_T_3_WEOM_r3_Mag_18Jan24_300SA_p01_21_1_14990,Released
1235603,"60942_4_B_1_WEOM_r2_Mag_07Mar24_300SA_p01_21_1_17044",Buzzard: MONet,2024-03-09 15:25:55.000,SciMax01,"60942",https://proto-9.pnl.gov/SciMax01/2024_1/60942_4_B_1_WEOM_r2_Mag_07Mar24_300SA_p01_21_1_17044,Released
1233023,"60923_18_T_3_WEOM_r1_Mag_04Mar24_300SA_p01_21_1_16819","",2024-03-05 03:16:10.000,SciMax01,"60923",https://proto-9.pnl.gov/SciMax01/2024_1/60923_18_T_3_WEOM_r1_Mag_04Mar24_300SA_p01_21_1_16819,Released
1180754,QC_SRFA_2_2023_01_1w_54_1_13319,Buzzard: QC's and Blanks,2023-08-28 10:49:29.000,SciMax01,"60141",https://proto-9.pnl.gov/SciMax01/2023_3/QC_SRFA_2_2023_01_1w_54_1_13319,Released
1231273,"60846_17_T_1_WEOM_r2_Mag_16Feb24_300SA_p01_37_1_15300",Buzzard: MONet,2024-02-17 18:54:27.000,SciMax01,"60846",https://proto-9.pnl.gov/SciMax01/2024_1/60846_17_T_1_WEOM_r2_Mag_16Feb24_300SA_p01_37_1_15300,Released
1231216,"60846_17_T_2_WEOM_r1_Mag_16Feb24_300SA_p01_38_1_15257",Buzzard: MONet,2024-02-16 23:51:05.000,SciMax01,"60846",https://proto-9.pnl.gov/SciMax01/2024_1/60846_17_T_2_WEOM_r1_Mag_16Feb24_300SA_p01_38_1_15257,Released
1335331,"60923_8_BTM_2_MAOM_r1_Mag_13Jan25_3p3kV_300SA_p01_17_1_21993","",2025-01-18 04:49:25.000,SciMax01,"60923",https://proto-9.pnl.gov/SciMax01/2025_1/60923_8_BTM_2_MAOM_r1_Mag_13Jan25_3p3kV_300SA_p01_17_1_21993,Released
1231098,"60933_17_T_1_WEOM_r3_Mag_12Feb24_300SA_p01_37_1_15186",Buzzard: MONet,2024-02-15 15:14:44.000,SciMax01,"60933",https://proto-9.pnl.gov/SciMax01/2024_1/60933_17_T_1_WEOM_r3_Mag_12Feb24_300SA_p01_37_1_15186,Released
1235585,"60942_4_T_3_WEOM_r2_Mag_07Mar24_300SA_p01_20_1_17050",Buzzard: MONet,2024-03-09 18:05:27.000,SciMax01,"60942",https://proto-9.pnl.gov/SciMax01/2024_1/60942_4_T_3_WEOM_r2_Mag_07Mar24_300SA_p01_20_1_17050,Released
1335225,"60933_14_BTM_1_MAOM_r1_Mag_13Jan25_3p3kV_300SA_p01_26_1_21786","",2025-01-13 21:06:45.000,SciMax01,"60933",https://proto-9.pnl.gov/SciMax01/2025_1/60933_14_BTM_1_MAOM_r1_Mag_13Jan25_3p3kV_300SA_p01_26_1_21786,Released
1338848,"60933_19_TOP_2_MAOM_r3_Mag_29Jan25_3p3kV_300SA_p01_8_1_22711","",2025-02-01 00:56:48.000,SciMax01,"60933",https://proto-9.pnl.gov/SciMax01/2025_1/60933_19_TOP_2_MAOM_r3_Mag_29Jan25_3p3kV_300SA_p01_8_1_22711,Released
1252891,"60881_3_B_3_WEOM_r3_Mag_01May24_300SA_p01_15_1_18210","",2024-05-05 16:41:25.000,SciMax01,"60881",https://proto-9.pnl.gov/SciMax01/2024_2/60881_3_B_3_WEOM_r3_Mag_01May24_300SA_p01_15_1_18210,Released
1234573,"60923_18_B_1_WEOM_r3_Mag_04Mar24_300SA_p01_22_1_16906",Buzzard: MONet,2024-03-06 17:49:28.000,SciMax01,"60923",https://proto-9.pnl.gov/SciMax01/2024_1/60923_18_B_1_WEOM_r3_Mag_04Mar24_300SA_p01_22_1_16906,Released
1329794,"60880_4_BTM_3_MAOM_r3_Mag_27Dec24_3p3kV_300SA_p01_12_1_21395","",2024-12-31 21:34:38.000,SciMax01,"60880",https://proto-9.pnl.gov/SciMax01/2024_4/60880_4_BTM_3_MAOM_r3_Mag_27Dec24_3p3kV_300SA_p01_12_1_21395,Released
1216068,"60923_2_B_1_WEOM_r2_Mag_26Dec23_300SA_p01_4_1_14323",Buzzard: Data is fine but queue stopped over holiday week so need to shim cell and will run the queue again,2023-12-29 14:07:44.000,SciMax01,"60923",https://proto-9.pnl.gov/SciMax01/2024_1/60923_2_B_1_WEOM_r2_Mag_26Dec23_300SA_p01_4_1_14323,Released
1272578,"60923_2_B_3_MAOM_r1_Mag_03Jul24_300SA_p01_12_1_19374",Buzzard: testing MAOM samples before the move,2024-07-04 02:29:40.000,SciMax01,"60923",https://proto-9.pnl.gov/SciMax01/2024_3/60923_2_B_3_MAOM_r1_Mag_03Jul24_300SA_p01_12_1_19374,Released
1231298,"60846_5_B_2_WEOM_r1_Mag_16Feb24_300SA_p01_23_1_15251",Buzzard: MONet,2024-02-16 21:11:32.000,SciMax01,"60846",https://proto-9.pnl.gov/SciMax01/2024_1/60846_5_B_2_WEOM_r1_Mag_16Feb24_300SA_p01_23_1_15251,Released
1220751,"60933_4_T_1_WEOM_r1_Mag_18Jan24_300SA_p01_16_1_14741",Buzzard: MONet,2024-01-19 14:08:33.000,SciMax01,"60933",https://proto-9.pnl.gov/SciMax01/2024_1/60933_4_T_1_WEOM_r1_Mag_18Jan24_300SA_p01_16_1_14741,Released
1345073,"60929_3_TOP_3_MAOM_r2_Mag_19Feb25_3p3kV_300SA_p01_35_1_23520","",2025-02-23 03:07:02.000,SciMax01,"60929",https://proto-9.pnl.gov/SciMax01/2025_1/60929_3_TOP_3_MAOM_r2_Mag_19Feb25_3p3kV_300SA_p01_35_1_23520,Released
1328831,"60940_4_TOP_3_MAOM_r1_Mag_19Dec24_3p3kV_300SA_p01_21_1_20998","",2024-12-20 10:32:12.000,SciMax01,"60940",https://proto-9.pnl.gov/SciMax01/2024_4/60940_4_TOP_3_MAOM_r1_Mag_19Dec24_3p3kV_300SA_p01_21_1_20998,Released
1252936,"60881_6_T_2_WEOM_r3_Mag_01May24_300SA_p01_29_1_18241","",2024-05-06 06:25:43.000,SciMax01,"60881",https://proto-9.pnl.gov/SciMax01/2024_2/60881_6_T_2_WEOM_r3_Mag_01May24_300SA_p01_29_1_18241,Released
1231262,"60933_20_B_3_WEOM_r1_Mag_12Feb24_300SA_p01_9_1_15087",Buzzard: MONet,2024-02-13 19:22:22.000,SciMax01,"60933",https://proto-9.pnl.gov/SciMax01/2024_1/60933_20_B_3_WEOM_r1_Mag_12Feb24_300SA_p01_9_1_15087,Released
1329532,"60921_4_TOP_2_MAOM_r2_Mag_27Dec24_3p3kV_300SA_p01_22_1_21362","",2024-12-31 06:52:35.000,SciMax01,"60921",https://proto-9.pnl.gov/SciMax01/2024_4/60921_4_TOP_2_MAOM_r2_Mag_27Dec24_3p3kV_300SA_p01_22_1_21362,Released
1330600,"60846_5_TOP_3_MAOM_r2_Mag_02Jan25_3p3kV_300SA_p01_9_1_21503","",2025-01-03 22:03:38.000,SciMax01,"60846",https://proto-9.pnl.gov/SciMax01/2025_1/60846_5_TOP_3_MAOM_r2_Mag_02Jan25_3p3kV_300SA_p01_9_1_21503,Released
1272599,"60923_1_B_1_MAOM_r3_Mag_04Jul24_300SA_p01_4_1_19418",Buzzard: testing MAOM samples before the move,2024-07-05 04:10:55.000,SciMax01,"60923",https://proto-9.pnl.gov/SciMax01/2024_3/60923_1_B_1_MAOM_r3_Mag_04Jul24_300SA_p01_4_1_19418,Released
1328844,"60940_3_TOP_1_MAOM_r1_Mag_19Dec24_3p3kV_300SA_p01_13_1_20974","",2024-12-19 23:49:45.000,SciMax01,"60940",https://proto-9.pnl.gov/SciMax01/2024_4/60940_3_TOP_1_MAOM_r1_Mag_19Dec24_3p3kV_300SA_p01_13_1_20974,Released
1314825,"60886_3_BTM_3_WEOM_r1_Mag_01Nov24_3p3kV_p01_7_1_20085",Buzzard: Testing response after Instrument cell clean and lab move,2024-11-01 19:18:42.000,SciMax01,"60938",https://proto-9.pnl.gov/SciMax01/2024_4/60886_3_BTM_3_WEOM_r1_Mag_01Nov24_3p3kV_p01_7_1_20085,Released
1329777,"60921_4_TOP_3_MAOM_r2_Mag_27Dec24_3p3kV_300SA_p01_23_1_21390","",2024-12-31 19:20:51.000,SciMax01,"60921",https://proto-9.pnl.gov/SciMax01/2024_4/60921_4_TOP_3_MAOM_r2_Mag_27Dec24_3p3kV_300SA_p01_23_1_21390,Released
1345039,"60920_6_TOP_2_MAOM_r2_Mag_19Feb25_3p3kV_300SA_p01_32_1_23389","",2025-02-20 16:40:35.000,SciMax01,"60920",https://proto-9.pnl.gov/SciMax01/2025_1/60920_6_TOP_2_MAOM_r2_Mag_19Feb25_3p3kV_300SA_p01_32_1_23389,Released
1217310,"60923_8_B_1_WEOM_r3_Mag_04Jan24_300SA_p01_16_1_14618",Buzzard: Use this data,2024-01-08 09:49:52.000,SciMax01,"60923",https://proto-9.pnl.gov/SciMax01/2024_1/60923_8_B_1_WEOM_r3_Mag_04Jan24_300SA_p01_16_1_14618,Released
1330657,"60846_17_BTM_3_MAOM_r2_Mag_02Jan25_3p3kV_300SA_p01_34_1_21527","",2025-01-04 08:44:55.000,SciMax01,"60846",https://proto-9.pnl.gov/SciMax01/2025_1/60846_17_BTM_3_MAOM_r2_Mag_02Jan25_3p3kV_300SA_p01_34_1_21527,Released
1215970,"60920_6_T_2_WEOM_r1_Mag_21Dec23_300SA_p01_30_1_14026",Data needs to be reviewed,2023-12-22 10:07:46.000,SciMax01,"60920",https://proto-9.pnl.gov/SciMax01/2024_1/60920_6_T_2_WEOM_r1_Mag_21Dec23_300SA_p01_30_1_14026,Released
1337008,"60923_16_BTM_3_MAOM_r3_Mag_22Jan25_3p3kV_300SA_p01_21_1_22321","",2025-01-24 18:49:08.000,SciMax01,"60923",https://proto-9.pnl.gov/SciMax01/2025_1/60923_16_BTM_3_MAOM_r3_Mag_22Jan25_3p3kV_300SA_p01_21_1_22321,Released
1215952,"60920_5_B_3_WEOM_r1_Mag_21Dec23_300SA_p01_10_1_14047",Data needs to be reviewed,2023-12-22 19:26:08.000,SciMax01,"60920",https://proto-9.pnl.gov/SciMax01/2024_1/60920_5_B_3_WEOM_r1_Mag_21Dec23_300SA_p01_10_1_14047,Released
1234585,"60923_20_T_3_WEOM_r2_Mag_04Mar24_300SA_p01_33_1_16888",Buzzard: MONet,2024-03-06 09:50:52.000,SciMax01,"60923",https://proto-9.pnl.gov/SciMax01/2024_1/60923_20_T_3_WEOM_r2_Mag_04Mar24_300SA_p01_33_1_16888,Released
1217384,"60923_7_B_1_WEOM_r3_Mag_04Jan24_300SA_p01_14_1_14607",Buzzard: Use this data,2024-01-08 04:57:20.000,SciMax01,"60923",https://proto-9.pnl.gov/SciMax01/2024_1/60923_7_B_1_WEOM_r3_Mag_04Jan24_300SA_p01_14_1_14607,Released
1340334,"60946_2_BTM_1_MAOM_r3_Mag_03Feb25_3p3kV_300SA_p01_38_1_23010","",2025-02-08 13:22:03.000,SciMax01,"60946",https://proto-9.pnl.gov/SciMax01/2025_1/60946_2_BTM_1_MAOM_r3_Mag_03Feb25_3p3kV_300SA_p01_38_1_23010,Released
1329434,"60921_4_TOP_1_MAOM_r1_Mag_27Dec24_3p3kV_300SA_p01_21_1_21329","",2024-12-30 16:10:03.000,SciMax01,"60921",https://proto-9.pnl.gov/SciMax01/2024_4/60921_4_TOP_1_MAOM_r1_Mag_27Dec24_3p3kV_300SA_p01_21_1_21329,Released
1349520,"60933_12_TOP_3_MAOM_r3_Mag_31Jan25_3p3kV_300SA_p01_9_1_22740","",2025-02-01 13:53:07.000,SciMax01,"60933",https://proto-9.pnl.gov/SciMax01/2025_1/60933_12_TOP_3_MAOM_r3_Mag_31Jan25_3p3kV_300SA_p01_9_1_22740,Released
1216209,"60923_13_B_3_WEOM_r2_Mag_26Dec23_300SA_p01_34_1_14355",Buzzard: Data is fine but queue stopped over holiday week so need to shim cell and will run the queue again,2023-12-30 04:18:39.000,SciMax01,"60923",https://proto-9.pnl.gov/SciMax01/2024_1/60923_13_B_3_WEOM_r2_Mag_26Dec23_300SA_p01_34_1_14355,Released
1341363,"60932_1_BTM_1_MAOM_r2_Mag_10Feb25_3p3kV_300SA_p01_4_1_23138","",2025-02-12 09:55:00.000,SciMax01,"60932",https://proto-9.pnl.gov/SciMax01/2025_1/60932_1_BTM_1_MAOM_r2_Mag_10Feb25_3p3kV_300SA_p01_4_1_23138,Released
1217383,"60923_4_B_3_WEOM_r3_Mag_04Jan24_300SA_p01_16_1_14658",Buzzard: Use this data,2024-01-09 03:33:28.000,SciMax01,"60923",https://proto-9.pnl.gov/SciMax01/2024_1/60923_4_B_3_WEOM_r3_Mag_04Jan24_300SA_p01_16_1_14658,Released
1329475,"60921_4_TOP_2_MAOM_r1_Mag_27Dec24_3p3kV_300SA_p01_22_1_21344","",2024-12-30 22:51:36.000,SciMax01,"60921",https://proto-9.pnl.gov/SciMax01/2024_4/60921_4_TOP_2_MAOM_r1_Mag_27Dec24_3p3kV_300SA_p01_22_1_21344,Released
1329059,"60923_1_TOP_1_MAOM_r1_Mag_27Dec24_3p3kV_300SA_p01_1_1_21175","",2024-12-27 19:31:22.000,SciMax01,"60923",https://proto-9.pnl.gov/SciMax01/2024_4/60923_1_TOP_1_MAOM_r1_Mag_27Dec24_3p3kV_300SA_p01_1_1_21175,Released
1345016,"60942_1_TOP_1_MAOM_r2_Mag_19Feb25_3p3kV_300SA_p01_7_1_23525","",2025-02-23 05:20:59.000,SciMax01,"60942",https://proto-9.pnl.gov/SciMax01/2025_1/60942_1_TOP_1_MAOM_r2_Mag_19Feb25_3p3kV_300SA_p01_7_1_23525,Released
1341690,"60932_3_BTM_1_MAOM_r3_Mag_10Feb25_3p3kV_300SA_p01_16_1_23192","",2025-02-13 09:58:43.000,SciMax01,"60932",https://proto-9.pnl.gov/SciMax01/2025_1/60932_3_BTM_1_MAOM_r3_Mag_10Feb25_3p3kV_300SA_p01_16_1_23192,Released
1329785,"60880_3_BTM_1_MAOM_r3_Mag_27Dec24_3p3kV_300SA_p01_4_1_21392","",2024-12-31 20:14:16.000,SciMax01,"60880",https://proto-9.pnl.gov/SciMax01/2024_4/60880_3_BTM_1_MAOM_r3_Mag_27Dec24_3p3kV_300SA_p01_4_1_21392,Released
1340600,"60938_6_TOP_1_MAOM_r3_Mag_03Feb25_3p3kV_300SA_p01_35_1_22851","",2025-02-05 14:29:33.000,SciMax01,"60938",https://proto-9.pnl.gov/SciMax01/2025_1/60938_6_TOP_1_MAOM_r3_Mag_03Feb25_3p3kV_300SA_p01_35_1_22851,Released
1341994,"60881_6_BTM_2_MAOM_r2_Mag_10Feb25_3p3kV_300SA_p01_35_1_23269","",2025-02-14 20:19:28.000,SciMax01,"60881",https://proto-9.pnl.gov/SciMax01/2025_1/60881_6_BTM_2_MAOM_r2_Mag_10Feb25_3p3kV_300SA_p01_35_1_23269,Released
1337050,"60923_20_BTM_3_MAOM_r3_Mag_22Jan25_3p3kV_300SA_p01_49_1_22333","",2025-01-25 00:10:26.000,SciMax01,"60923",https://proto-9.pnl.gov/SciMax01/2025_1/60923_20_BTM_3_MAOM_r3_Mag_22Jan25_3p3kV_300SA_p01_49_1_22333,Released
1331000,"60933_5_BTM_3_MAOM_r2_Mag_05Jan25_3p3kV_300SA_p01_31_1_21669","",2025-01-07 00:03:09.000,SciMax01,"60933",https://proto-9.pnl.gov/SciMax01/2025_1/60933_5_BTM_3_MAOM_r2_Mag_05Jan25_3p3kV_300SA_p01_31_1_21669,Released
1217267,"60923_12_T_3_WEOM_r1_Mag_04Jan24_300SA_p01_31_1_14502",Buzzard: Use this data,2024-01-06 06:24:59.000,SciMax01,"60923",https://proto-9.pnl.gov/SciMax01/2024_1/60923_12_T_3_WEOM_r1_Mag_04Jan24_300SA_p01_31_1_14502,Released
1341567,"60932_1_BTM_3_MAOM_r3_Mag_10Feb25_3p3kV_300SA_p01_6_1_23172","",2025-02-13 01:04:46.000,SciMax01,"60932",https://proto-9.pnl.gov/SciMax01/2025_1/60932_1_BTM_3_MAOM_r3_Mag_10Feb25_3p3kV_300SA_p01_6_1_23172,Released
1337502,"60886_4_BTM_3_MAOM_r2_Mag_22Jan25_3p3kV_300SA_p01_34_1_22466","",2025-01-27 11:29:38.000,SciMax01,"60886",https://proto-9.pnl.gov/SciMax01/2025_1/60886_4_BTM_3_MAOM_r2_Mag_22Jan25_3p3kV_300SA_p01_34_1_22466,Released
1217363,"60923_1_B_3_WEOM_r1_Mag_04Jan24_300SA_p01_10_1_14486",Buzzard: Use this data,2024-01-05 23:19:31.000,SciMax01,"60923",https://proto-9.pnl.gov/SciMax01/2024_1/60923_1_B_3_WEOM_r1_Mag_04Jan24_300SA_p01_10_1_14486,Released
1330852,"60933_3_BTM_1_MAOM_r1_Mag_05Jan25_3p3kV_300SA_p01_13_1_21620","",2025-01-06 02:12:37.000,SciMax01,"60933",https://proto-9.pnl.gov/SciMax01/2025_1/60933_3_BTM_1_MAOM_r1_Mag_05Jan25_3p3kV_300SA_p01_13_1_21620,Released
1230811,"60932_3_B_3_WEOM_r2_Mag_21Feb24_300SA_p01_14_1_15903",Buzzard: MONet,2024-02-24 01:46:46.000,SciMax01,"60932",https://proto-9.pnl.gov/SciMax01/2024_1/60932_3_B_3_WEOM_r2_Mag_21Feb24_300SA_p01_14_1_15903,Released
1180806,"60921_1_T_1_WEOM_1w_13_1_13404",Buzzard: 1w; Data needs to be reviewed,2023-08-30 00:29:37.000,SciMax01,"60921",https://proto-9.pnl.gov/SciMax01/2023_3/60921_1_T_1_WEOM_1w_13_1_13404,Released
1091236,"1000s_SRFAII_08_02Nov22_Mag_300SA_p01_121_1_7236","",2022-11-02 13:41:17.000,SciMax01,"60141",https://proto-9.pnl.gov/SciMax01/2022_4/1000s_SRFAII_08_02Nov22_Mag_300SA_p01_121_1_7236,Released
1329931,"60880_1_TOP_3_MAOM_r1_Mag_02Jan25_3p3kV_300SA_p01_37_1_21426","",2025-01-02 11:42:13.000,SciMax01,"60880",https://proto-9.pnl.gov/SciMax01/2025_1/60880_1_TOP_3_MAOM_r1_Mag_02Jan25_3p3kV_300SA_p01_37_1_21426,Released
1337705,"60886_3_TOP_2_MAOM_r3_Mag_22Jan25_3p3kV_300SA_p01_20_1_22492","",2025-01-27 23:05:13.000,SciMax01,"60886",https://proto-9.pnl.gov/SciMax01/2025_1/60886_3_TOP_2_MAOM_r3_Mag_22Jan25_3p3kV_300SA_p01_20_1_22492,Released
1253597,"60940_4_T_3_WEOM_r3_Mag_13May24_300SA_p01_18_1_18401","",2024-05-13 11:10:42.000,SciMax01,"60940",https://proto-9.pnl.gov/SciMax01/2024_2/60940_4_T_3_WEOM_r3_Mag_13May24_300SA_p01_18_1_18401,Released
1231076,"60933_17_B_3_WEOM_r1_Mag_12Feb24_300SA_p01_42_1_15056",Buzzard: MONet,2024-02-13 05:30:00.000,SciMax01,"60933",https://proto-9.pnl.gov/SciMax01/2024_1/60933_17_B_3_WEOM_r1_Mag_12Feb24_300SA_p01_42_1_15056,Released
1217274,"60923_13_T_3_WEOM_r2_Mag_04Jan24_300SA_p01_33_1_14574",Buzzard: Use this data,2024-01-07 14:19:44.000,SciMax01,"60923",https://proto-9.pnl.gov/SciMax01/2024_1/60923_13_T_3_WEOM_r2_Mag_04Jan24_300SA_p01_33_1_14574,Released
1230952,"60880_4_B_3_WEOM_r3_Mag_16Feb24_300SA_p01_37_1_15437",Buzzard: MONet,2024-02-20 16:40:49.000,SciMax01,"60880",https://proto-9.pnl.gov/SciMax01/2024_1/60880_4_B_3_WEOM_r3_Mag_16Feb24_300SA_p01_37_1_15437,Released
1236280,"60886_6_B_1_WEOM_r3_Mag_10Mar24_300SA_p01_34_1_17268",Buzzard: MONet,2024-03-14 04:33:26.000,SciMax01,"60886",https://proto-9.pnl.gov/SciMax01/2024_1/60886_6_B_1_WEOM_r3_Mag_10Mar24_300SA_p01_34_1_17268,Released
1272598,"60923_2_T_1_MAOM_r2_Mag_04Jul24_300SA_p01_7_1_19404",Buzzard: testing MAOM samples before the move,2024-07-04 21:58:40.000,SciMax01,"60923",https://proto-9.pnl.gov/SciMax01/2024_3/60923_2_T_1_MAOM_r2_Mag_04Jul24_300SA_p01_7_1_19404,Released
1220727,"60933_7_T_2_WEOM_r1_Mag_18Jan24_300SA_p01_35_1_14709",Buzzard: MONet,2024-01-18 23:57:39.000,SciMax01,"60933",https://proto-9.pnl.gov/SciMax01/2024_1/60933_7_T_2_WEOM_r1_Mag_18Jan24_300SA_p01_35_1_14709,Released
1328990,"60920_9_BTM_1_MAOM_r2_Mag_23Dec24_3p3kV_300SA_p01_42_1_21100","",2024-12-24 22:27:55.000,SciMax01,"60920",https://proto-9.pnl.gov/SciMax01/2024_4/60920_9_BTM_1_MAOM_r2_Mag_23Dec24_3p3kV_300SA_p01_42_1_21100,Released
1217520,"60923_2_T_3_WEOM_r1_Mag_04Jan24_300SA_p01_11_1_14483",Buzzard: Use this data,2024-01-05 21:59:46.000,SciMax01,"60923",https://proto-9.pnl.gov/SciMax01/2024_1/60923_2_T_3_WEOM_r1_Mag_04Jan24_300SA_p01_11_1_14483,Released
1215865,"60920_7_T_1_WEOM_r1_Mag_21Dec23_300SA_p01_13_1_13999",Data needs to be reviewed,2023-12-21 22:09:47.000,SciMax01,"60920",https://proto-9.pnl.gov/SciMax01/2024_1/60920_7_T_1_WEOM_r1_Mag_21Dec23_300SA_p01_13_1_13999,Released
1235584,"60942_6_T_3_WEOM_r1_Mag_07Mar24_300SA_p01_32_1_16985",Buzzard: MONet,2024-03-08 05:23:18.000,SciMax01,"60942",https://proto-9.pnl.gov/SciMax01/2024_1/60942_6_T_3_WEOM_r1_Mag_07Mar24_300SA_p01_32_1_16985,Released
1215795,"60920_5_T_2_WEOM_r1_Mag_21Dec23_300SA_p01_28_1_14032",Data needs to be reviewed,2023-12-22 12:47:16.000,SciMax01,"60920",https://proto-9.pnl.gov/SciMax01/2024_1/60920_5_T_2_WEOM_r1_Mag_21Dec23_300SA_p01_28_1_14032,Released
1236364,"60886_5_B_1_WEOM_r2_Mag_10Mar24_300SA_p01_28_1_17189",Buzzard: MONet,2024-03-12 17:32:56.000,SciMax01,"60886",https://proto-9.pnl.gov/SciMax01/2024_1/60886_5_B_1_WEOM_r2_Mag_10Mar24_300SA_p01_28_1_17189,Released
1216168,QC_SRFAII_23_01_20ppm_r2_Mag_26Dec23_300SA_p01_52_1_14338,Buzzard: Data is fine but queue stopped over holiday week so need to shim cell and will run the queue again,2023-12-29 20:46:35.000,SciMax01,"60923",https://proto-9.pnl.gov/SciMax01/2024_1/QC_SRFAII_23_01_20ppm_r2_Mag_26Dec23_300SA_p01_52_1_14338,Released
1216026,"60923_3_T_2_WEOM_r2_Mag_26Dec23_300SA_p01_33_1_14332",Buzzard: Data is fine but queue stopped over holiday week so need to shim cell and will run the queue again,2023-12-29 18:07:02.000,SciMax01,"60923",https://proto-9.pnl.gov/SciMax01/2024_1/60923_3_T_2_WEOM_r2_Mag_26Dec23_300SA_p01_33_1_14332,Released
1235597,"60886_3_B_3_WEOM_r1_Mag_10Mar24_300SA_p01_18_1_17157",Buzzard: MONet,2024-03-12 03:22:02.000,SciMax01,"60886",https://proto-9.pnl.gov/SciMax01/2024_1/60886_3_B_3_WEOM_r1_Mag_10Mar24_300SA_p01_18_1_17157,Released
1217468,"60923_2_B_2_WEOM_r2_Mag_04Jan24_300SA_p01_32_1_14551",Buzzard: Use this data,2024-01-07 04:08:04.000,SciMax01,"60923",https://proto-9.pnl.gov/SciMax01/2024_1/60923_2_B_2_WEOM_r2_Mag_04Jan24_300SA_p01_32_1_14551,Released
1341914,"60881_5_TOP_1_MAOM_r2_Mag_10Feb25_3p3kV_300SA_p01_25_1_23242","",2025-02-14 08:17:16.000,SciMax01,"60881",https://proto-9.pnl.gov/SciMax01/2025_1/60881_5_TOP_1_MAOM_r2_Mag_10Feb25_3p3kV_300SA_p01_25_1_23242,Released
1230923,"60880_3_B_2_WEOM_r3_Mag_16Feb24_300SA_p01_30_1_15431",Buzzard: MONet,2024-02-20 14:01:16.000,SciMax01,"60880",https://proto-9.pnl.gov/SciMax01/2024_1/60880_3_B_2_WEOM_r3_Mag_16Feb24_300SA_p01_30_1_15431,Released
1337026,"60923_13_BTM_3_MAOM_r3_Mag_22Jan25_3p3kV_300SA_p01_3_1_22326","",2025-01-24 21:02:57.000,SciMax01,"60923",https://proto-9.pnl.gov/SciMax01/2025_1/60923_13_BTM_3_MAOM_r3_Mag_22Jan25_3p3kV_300SA_p01_3_1_22326,Released
1220662,"60938_1_B_2_WEOM_r2_Mag_18Jan24_300SA_p01_5_1_14894",Buzzard: MONet,2024-01-22 09:57:10.000,SciMax01,"60938",https://proto-9.pnl.gov/SciMax01/2024_1/60938_1_B_2_WEOM_r2_Mag_18Jan24_300SA_p01_5_1_14894,Released
1341125,"60932_2_BTM_3_MAOM_r1_Mag_10Feb25_3p3kV_300SA_p01_12_1_23064","",2025-02-11 00:55:24.000,SciMax01,"60932",https://proto-9.pnl.gov/SciMax01/2025_1/60932_2_BTM_3_MAOM_r1_Mag_10Feb25_3p3kV_300SA_p01_12_1_23064,Released
1336737,"60923_20_TOP_2_MAOM_r2_Mag_22Jan25_3p3kV_300SA_p01_45_1_22272","",2025-01-23 20:57:59.000,SciMax01,"60923",https://proto-9.pnl.gov/SciMax01/2025_1/60923_20_TOP_2_MAOM_r2_Mag_22Jan25_3p3kV_300SA_p01_45_1_22272,Released
1329021,"60940_2_BTM_1_MAOM_r3_Mag_23Dec24_3p3kV_300SA_p01_10_1_21104","",2024-12-25 00:15:04.000,SciMax01,"60940",https://proto-9.pnl.gov/SciMax01/2024_4/60940_2_BTM_1_MAOM_r3_Mag_23Dec24_3p3kV_300SA_p01_10_1_21104,Released
1328968,"60940_1_BTM_3_MAOM_r3_Mag_23Dec24_3p3kV_300SA_p01_6_1_21102","",2024-12-24 23:21:19.000,SciMax01,"60940",https://proto-9.pnl.gov/SciMax01/2024_4/60940_1_BTM_3_MAOM_r3_Mag_23Dec24_3p3kV_300SA_p01_6_1_21102,Released
1234562,"60923_19_T_3_WEOM_r3_Mag_04Mar24_300SA_p01_27_1_16921",Buzzard: MONet,2024-03-07 00:28:22.000,SciMax01,"60923",https://proto-9.pnl.gov/SciMax01/2024_1/60923_19_T_3_WEOM_r3_Mag_04Mar24_300SA_p01_27_1_16921,Released
1216113,"60923_1_B_2_WEOM_r2_Mag_26Dec23_300SA_p01_30_1_14347",Buzzard: Data is fine but queue stopped over holiday week so need to shim cell and will run the queue again,2023-12-30 00:45:53.000,SciMax01,"60923",https://proto-9.pnl.gov/SciMax01/2024_1/60923_1_B_2_WEOM_r2_Mag_26Dec23_300SA_p01_30_1_14347,Released
1215990,"60920_10_T_2_WEOM_r3_Mag_21Dec23_300SA_p01_37_1_14175",Data needs to be reviewed,2023-12-26 05:17:13.000,SciMax01,"60920",https://proto-9.pnl.gov/SciMax01/2024_1/60920_10_T_2_WEOM_r3_Mag_21Dec23_300SA_p01_37_1_14175,Released
1236297,"60886_3_T_2_WEOM_r2_Mag_10Mar24_300SA_p01_14_1_17220",Buzzard: MONet,2024-03-13 07:17:10.000,SciMax01,"60886",https://proto-9.pnl.gov/SciMax01/2024_1/60886_3_T_2_WEOM_r2_Mag_10Mar24_300SA_p01_14_1_17220,Released
1231175,"60933_13_T_2_WEOM_r1_Mag_12Feb24_300SA_p01_14_1_15061",Buzzard: MONet,2024-02-13 07:42:55.000,SciMax01,"60933",https://proto-9.pnl.gov/SciMax01/2024_1/60933_13_T_2_WEOM_r1_Mag_12Feb24_300SA_p01_14_1_15061,Released
1328841,"60920_8_TOP_3_MAOM_r1_Mag_19Dec24_3p3kV_300SA_p01_35_1_21006","",2024-12-20 14:05:34.000,SciMax01,"60920",https://proto-9.pnl.gov/SciMax01/2024_4/60920_8_TOP_3_MAOM_r1_Mag_19Dec24_3p3kV_300SA_p01_35_1_21006,Released
1329137,"60923_2_BTM_3_MAOM_r2_Mag_27Dec24_3p3kV_300SA_p01_12_1_21247","",2024-12-29 03:36:42.000,SciMax01,"60923",https://proto-9.pnl.gov/SciMax01/2024_4/60923_2_BTM_3_MAOM_r2_Mag_27Dec24_3p3kV_300SA_p01_12_1_21247,Released
1340373,"60946_2_TOP_1_MAOM_r3_Mag_03Feb25_3p3kV_300SA_p01_35_1_23021","",2025-02-08 18:16:38.000,SciMax01,"60946",https://proto-9.pnl.gov/SciMax01/2025_1/60946_2_TOP_1_MAOM_r3_Mag_03Feb25_3p3kV_300SA_p01_35_1_23021,Released
1230995,"60846_17_T_3_WEOM_r3_Mag_16Feb24_300SA_p01_39_1_15334",Buzzard: MONet,2024-02-18 19:02:04.000,SciMax01,"60846",https://proto-9.pnl.gov/SciMax01/2024_1/60846_17_T_3_WEOM_r3_Mag_16Feb24_300SA_p01_39_1_15334,Released
1230933,"60880_3_T_2_WEOM_r1_Mag_16Feb24_300SA_p01_27_1_15387",Buzzard: MONet,2024-02-19 18:31:23.000,SciMax01,"60880",https://proto-9.pnl.gov/SciMax01/2024_1/60880_3_T_2_WEOM_r1_Mag_16Feb24_300SA_p01_27_1_15387,Released
1344827,"60929_3_TOP_2_MAOM_r3_Mag_19Feb25_3p3kV_300SA_p01_34_1_23569","",2025-02-24 19:32:34.000,SciMax01,"60929",https://proto-9.pnl.gov/SciMax01/2025_1/60929_3_TOP_2_MAOM_r3_Mag_19Feb25_3p3kV_300SA_p01_34_1_23569,Released
1335559,"60923_8_BTM_1_MAOM_r3_Mag_13Jan25_3p3kV_300SA_p01_16_1_22127","",2025-01-20 21:29:35.000,SciMax01,"60923",https://proto-9.pnl.gov/SciMax01/2025_1/60923_8_BTM_1_MAOM_r3_Mag_13Jan25_3p3kV_300SA_p01_16_1_22127,Released
1252776,"60881_2_T_2_WEOM_r2_Mag_01May24_300SA_p01_5_1_18145","",2024-05-04 11:52:55.000,SciMax01,"60881",https://proto-9.pnl.gov/SciMax01/2024_2/60881_2_T_2_WEOM_r2_Mag_01May24_300SA_p01_5_1_18145,Released
1236279,"60886_4_B_1_WEOM_r3_Mag_10Mar24_300SA_p01_22_1_17237",Buzzard: MONet,2024-03-13 14:49:09.000,SciMax01,"60886",https://proto-9.pnl.gov/SciMax01/2024_1/60886_4_B_1_WEOM_r3_Mag_10Mar24_300SA_p01_22_1_17237,Released
1345404,"60880_5_BTM_3_MAOM_r1_Mag_26Feb25_3p3kV_300SA_p01_40_1_23801","",2025-03-02 04:17:13.000,SciMax01,"60880",https://proto-9.pnl.gov/SciMax01/2025_1/60880_5_BTM_3_MAOM_r1_Mag_26Feb25_3p3kV_300SA_p01_40_1_23801,Released
1217494,"60923_12_T_3_WEOM_r2_Mag_04Jan24_300SA_p01_31_1_14572",Buzzard: Use this data,2024-01-07 13:26:33.000,SciMax01,"60923",https://proto-9.pnl.gov/SciMax01/2024_1/60923_12_T_3_WEOM_r2_Mag_04Jan24_300SA_p01_31_1_14572,Released
1231270,"60846_5_T_3_WEOM_r2_Mag_16Feb24_300SA_p01_21_1_15293",Buzzard: MONet,2024-02-17 15:48:19.000,SciMax01,"60846",https://proto-9.pnl.gov/SciMax01/2024_1/60846_5_T_3_WEOM_r2_Mag_16Feb24_300SA_p01_21_1_15293,Released
1338297,"60933_19_BTM_3_MAOM_r2_Mag_29Jan25_3p3kV_300SA_p01_12_1_22606","",2025-01-30 02:08:41.000,SciMax01,"60933",https://proto-9.pnl.gov/SciMax01/2025_1/60933_19_BTM_3_MAOM_r2_Mag_29Jan25_3p3kV_300SA_p01_12_1_22606,Released
1336058,"60933_2_TOP_2_MAOM_r3_Mag_20Jan25_3p3kV_300SA_p01_5_1_22139","",2025-01-21 02:50:24.000,SciMax01,"60933",https://proto-9.pnl.gov/SciMax01/2025_1/60933_2_TOP_2_MAOM_r3_Mag_20Jan25_3p3kV_300SA_p01_5_1_22139,Released
1253573,"60940_2_T_1_WEOM_r3_Mag_13May24_300SA_p01_7_1_18402","",2024-05-13 11:37:17.000,SciMax01,"60940",https://proto-9.pnl.gov/SciMax01/2024_2/60940_2_T_1_WEOM_r3_Mag_13May24_300SA_p01_7_1_18402,Released
1231247,"60933_16_B_1_WEOM_r2_Mag_12Feb24_300SA_p01_34_1_15161",Buzzard: MONet,2024-02-15 04:09:58.000,SciMax01,"60933",https://proto-9.pnl.gov/SciMax01/2024_1/60933_16_B_1_WEOM_r2_Mag_12Feb24_300SA_p01_34_1_15161,Released
1230950,"60880_2_B_3_WEOM_r1_Mag_16Feb24_300SA_p01_25_1_15386",Buzzard: MONet,2024-02-19 18:04:48.000,SciMax01,"60880",https://proto-9.pnl.gov/SciMax01/2024_1/60880_2_B_3_WEOM_r1_Mag_16Feb24_300SA_p01_25_1_15386,Released
1336065,"60933_7_TOP_3_MAOM_r3_Mag_20Jan25_3p3kV_300SA_p01_40_1_22148","",2025-01-21 06:50:41.000,SciMax01,"60933",https://proto-9.pnl.gov/SciMax01/2025_1/60933_7_TOP_3_MAOM_r3_Mag_20Jan25_3p3kV_300SA_p01_40_1_22148,Released
1221019,"60933_7_T_3_WEOM_r3_Mag_18Jan24_300SA_p01_36_1_14956",Buzzard: MONet,2024-01-23 13:25:50.000,SciMax01,"60933",https://proto-9.pnl.gov/SciMax01/2024_1/60933_7_T_3_WEOM_r3_Mag_18Jan24_300SA_p01_36_1_14956,Released
1215969,"60920_3_B_3_WEOM_r1_Mag_21Dec23_300SA_p01_6_1_14043",Data needs to be reviewed,2023-12-22 17:39:47.000,SciMax01,"60920",https://proto-9.pnl.gov/SciMax01/2024_1/60920_3_B_3_WEOM_r1_Mag_21Dec23_300SA_p01_6_1_14043,Released
1180787,QC_SRFA_2_2023_01_1w_52_1_13398,Buzzard: QC's and Blanks,2023-08-29 21:50:06.000,SciMax01,"60141",https://proto-9.pnl.gov/SciMax01/2023_3/QC_SRFA_2_2023_01_1w_52_1_13398,Released
1231188,"60933_20_B_1_WEOM_r2_Mag_12Feb24_300SA_p01_7_1_15120",Buzzard: MONet,2024-02-14 09:59:49.000,SciMax01,"60933",https://proto-9.pnl.gov/SciMax01/2024_1/60933_20_B_1_WEOM_r2_Mag_12Feb24_300SA_p01_7_1_15120,Released
1217309,"60923_1_B_1_WEOM_r3_Mag_04Jan24_300SA_p01_2_1_14628",Buzzard: Use this data,2024-01-08 14:15:45.000,SciMax01,"60923",https://proto-9.pnl.gov/SciMax01/2024_1/60923_1_B_1_WEOM_r3_Mag_04Jan24_300SA_p01_2_1_14628,Released
1216077,"60923_3_B_2_WEOM_r1_Mag_26Dec23_300SA_p01_34_1_14236",Buzzard: Data is fine but queue stopped over holiday week so need to shim cell and will run the queue again,2023-12-27 23:34:20.000,SciMax01,"60923",https://proto-9.pnl.gov/SciMax01/2024_1/60923_3_B_2_WEOM_r1_Mag_26Dec23_300SA_p01_34_1_14236,Released
1344852,"60920_4_BTM_1_MAOM_r3_Mag_19Feb25_3p3kV_300SA_p01_22_1_23454","",2025-02-21 21:40:01.000,SciMax01,"60920",https://proto-9.pnl.gov/SciMax01/2025_1/60920_4_BTM_1_MAOM_r3_Mag_19Feb25_3p3kV_300SA_p01_22_1_23454,Released
1216135,"60923_13_T_3_WEOM_r1_Mag_26Dec23_300SA_p01_33_1_14273",Buzzard: Data is fine but queue stopped over holiday week so need to shim cell and will run the queue again,2023-12-28 15:58:12.000,SciMax01,"60923",https://proto-9.pnl.gov/SciMax01/2024_1/60923_13_T_3_WEOM_r1_Mag_26Dec23_300SA_p01_33_1_14273,Released
1220987,"60938_6_B_2_WEOM_r3_Mag_18Jan24_300SA_p01_35_1_15001",Buzzard: MONet,2024-01-24 09:22:25.000,SciMax01,"60938",https://proto-9.pnl.gov/SciMax01/2024_1/60938_6_B_2_WEOM_r3_Mag_18Jan24_300SA_p01_35_1_15001,Released
1253559,"60940_1_T_3_WEOM_r3_Mag_13May24_300SA_p01_3_1_18406","",2024-05-13 13:23:38.000,SciMax01,"60940",https://proto-9.pnl.gov/SciMax01/2024_2/60940_1_T_3_WEOM_r3_Mag_13May24_300SA_p01_3_1_18406,Released
1330547,"60880_1_BTM_1_MAOM_r2_Mag_02Jan25_3p3kV_300SA_p01_38_1_21484","",2025-01-03 13:34:57.000,SciMax01,"60880",https://proto-9.pnl.gov/SciMax01/2025_1/60880_1_BTM_1_MAOM_r2_Mag_02Jan25_3p3kV_300SA_p01_38_1_21484,Released
1253649,"60940_3_B_2_WEOM_r3_Mag_10May24_300SA_p01_14_1_18370","",2024-05-12 15:41:53.000,SciMax01,"60940",https://proto-9.pnl.gov/SciMax01/2024_2/60940_3_B_2_WEOM_r3_Mag_10May24_300SA_p01_14_1_18370,Released
1165437,"20230706_20ppm_SRFAII_300SA_p01_000002",Buzzard: Just testing samples tubes,2023-07-06 14:41:27.000,"15T_FTICR_I","60141",https://proto-9.pnl.gov/15T_FTICR_I/2023_3/20230706_20ppm_SRFAII_300SA_p01_000002,Released
1220539,"60933_5_T_1_WEOM_r1_Mag_18Jan24_300SA_p01_22_1_14746",Buzzard: MONet,2024-01-19 16:21:30.000,SciMax01,"60933",https://proto-9.pnl.gov/SciMax01/2024_1/60933_5_T_1_WEOM_r1_Mag_18Jan24_300SA_p01_22_1_14746,Released
1345948,"60880_5_BTM_3_MAOM_r3_Mag_26Feb25_3p3kV_300SA_p01_40_1_23876","",2025-03-03 13:43:59.000,SciMax01,"60880",https://proto-9.pnl.gov/SciMax01/2025_1/60880_5_BTM_3_MAOM_r3_Mag_26Feb25_3p3kV_300SA_p01_40_1_23876,Released
1345007,"60920_4_TOP_1_MAOM_r3_Mag_19Feb25_3p3kV_300SA_p01_19_1_23442","",2025-02-21 16:19:00.000,SciMax01,"60920",https://proto-9.pnl.gov/SciMax01/2025_1/60920_4_TOP_1_MAOM_r3_Mag_19Feb25_3p3kV_300SA_p01_19_1_23442,Released
1230855,"60932_4_B_2_WEOM_r1_Mag_21Feb24_300SA_p01_19_1_15532",Buzzard: MONet,2024-02-23 00:02:18.000,SciMax01,"60932",https://proto-9.pnl.gov/SciMax01/2024_1/60932_4_B_2_WEOM_r1_Mag_21Feb24_300SA_p01_19_1_15532,Released
1235704,QC_SRFAII_23_01_10ppm_WEOM_r1_Mag_10Mar24_300SA_p01_54_1_17110,Buzzard: MONet,2024-03-11 05:40:09.000,SciMax01,"60886",https://proto-9.pnl.gov/SciMax01/2024_1/QC_SRFAII_23_01_10ppm_WEOM_r1_Mag_10Mar24_300SA_p01_54_1_17110,Released
1089037,"1000s_SRFAII_20ppm_09_25Oct22_Mag_300SA_p01_120_1_7033","",2022-10-28 21:38:24.000,SciMax01,"60141",https://proto-9.pnl.gov/SciMax01/2022_4/1000s_SRFAII_20ppm_09_25Oct22_Mag_300SA_p01_120_1_7033,Released
1341578,"60932_4_BTM_1_MAOM_r3_Mag_10Feb25_3p3kV_300SA_p01_22_1_23174","",2025-02-13 01:58:12.000,SciMax01,"60932",https://proto-9.pnl.gov/SciMax01/2025_1/60932_4_BTM_1_MAOM_r3_Mag_10Feb25_3p3kV_300SA_p01_22_1_23174,Released
1335288,"60933_12_BTM_2_MAOM_r1_Mag_13Jan25_3p3kV_300SA_p01_11_1_21801","",2025-01-14 15:09:29.000,SciMax01,"60933",https://proto-9.pnl.gov/SciMax01/2025_1/60933_12_BTM_2_MAOM_r1_Mag_13Jan25_3p3kV_300SA_p01_11_1_21801,Released
1220551,"60938_4_T_3_WEOM_r1_Mag_18Jan24_300SA_p01_21_1_14785",Buzzard: MONet,2024-01-20 09:38:37.000,SciMax01,"60938",https://proto-9.pnl.gov/SciMax01/2024_1/60938_4_T_3_WEOM_r1_Mag_18Jan24_300SA_p01_21_1_14785,Released
1252844,"60929_1_B_2_WEOM_r2_Mag_01May24_300SA_p01_41_1_18140","",2024-05-04 09:39:55.000,SciMax01,"60929",https://proto-9.pnl.gov/SciMax01/2024_2/60929_1_B_2_WEOM_r2_Mag_01May24_300SA_p01_41_1_18140,Released
1336131,"60933_17_BTM_1_MAOM_r3_Mag_13Jan25_3p3kV_300SA_p01_43_1_21956","",2025-01-17 12:19:39.000,SciMax01,"60933",https://proto-9.pnl.gov/SciMax01/2025_1/60933_17_BTM_1_MAOM_r3_Mag_13Jan25_3p3kV_300SA_p01_43_1_21956,Released
1338682,"60923_12_BTM_1_MAOM_r3_Mag_29Jan25_3p3kV_300SA_p01_43_1_22683","",2025-01-31 12:28:16.000,SciMax01,"60923",https://proto-9.pnl.gov/SciMax01/2025_1/60923_12_BTM_1_MAOM_r3_Mag_29Jan25_3p3kV_300SA_p01_43_1_22683,Released
1328984,"60920_8_TOP_1_MAOM_r2_Mag_23Dec24_3p3kV_300SA_p01_33_1_21084","",2024-12-24 15:20:26.000,SciMax01,"60920",https://proto-9.pnl.gov/SciMax01/2024_4/60920_8_TOP_1_MAOM_r2_Mag_23Dec24_3p3kV_300SA_p01_33_1_21084,Released
1230625,"60946_2_T_3_WEOM_r2_Mag_23Feb24_300SA_p01_35_1_16042",Buzzard: Monet,2024-02-26 20:55:26.000,SciMax01,"60946",https://proto-9.pnl.gov/SciMax01/2024_1/60946_2_T_3_WEOM_r2_Mag_23Feb24_300SA_p01_35_1_16042,Released
1331682,"60933_3_BTM_3_MAOM_r3_Mag_05Jan25_3p3kV_300SA_p01_15_1_21762",data good just rerun,2025-01-09 12:10:30.000,SciMax01,"60933",https://proto-9.pnl.gov/SciMax01/2025_1/60933_3_BTM_3_MAOM_r3_Mag_05Jan25_3p3kV_300SA_p01_15_1_21762,Released
1220719,"60938_2_B_1_WEOM_r2_Mag_18Jan24_300SA_p01_10_1_14875",Buzzard: MONet,2024-01-22 01:31:55.000,SciMax01,"60938",https://proto-9.pnl.gov/SciMax01/2024_1/60938_2_B_1_WEOM_r2_Mag_18Jan24_300SA_p01_10_1_14875,Released
1220722,"60933_3_T_1_WEOM_r2_Mag_18Jan24_300SA_p01_10_1_14803",Buzzard: MONet,2024-01-20 17:37:13.000,SciMax01,"60933",https://proto-9.pnl.gov/SciMax01/2024_1/60933_3_T_1_WEOM_r2_Mag_18Jan24_300SA_p01_10_1_14803,Released
1234571,"60923_21_T_3_WEOM_r2_Mag_04Mar24_300SA_p01_39_1_16894",Buzzard: MONet,2024-03-06 12:30:23.000,SciMax01,"60923",https://proto-9.pnl.gov/SciMax01/2024_1/60923_21_T_3_WEOM_r2_Mag_04Mar24_300SA_p01_39_1_16894,Released
1235599,"60886_3_B_2_WEOM_r1_Mag_10Mar24_300SA_p01_17_1_17132",Buzzard: MONet,2024-03-11 16:17:17.000,SciMax01,"60886",https://proto-9.pnl.gov/SciMax01/2024_1/60886_3_B_2_WEOM_r1_Mag_10Mar24_300SA_p01_17_1_17132,Released
1231103,"60846_7_B_3_WEOM_r1_Mag_16Feb24_300SA_p01_30_1_15275",Buzzard: MONet,2024-02-17 07:49:42.000,SciMax01,"60846",https://proto-9.pnl.gov/SciMax01/2024_1/60846_7_B_3_WEOM_r1_Mag_16Feb24_300SA_p01_30_1_15275,Released
1329069,"60923_1_TOP_3_MAOM_r2_Mag_27Dec24_3p3kV_300SA_p01_3_1_21269","",2024-12-29 13:25:05.000,SciMax01,"60923",https://proto-9.pnl.gov/SciMax01/2024_4/60923_1_TOP_3_MAOM_r2_Mag_27Dec24_3p3kV_300SA_p01_3_1_21269,Released
1216032,"60923_8_B_3_WEOM_r1_Mag_26Dec23_300SA_p01_24_1_14287",Buzzard: Data is fine but queue stopped over holiday week so need to shim cell and will run the queue again,2023-12-28 22:10:30.000,SciMax01,"60923",https://proto-9.pnl.gov/SciMax01/2024_1/60923_8_B_3_WEOM_r1_Mag_26Dec23_300SA_p01_24_1_14287,Released
1220749,"60938_1_B_3_WEOM_r2_Mag_18Jan24_300SA_p01_6_1_14861",Buzzard: MONet,2024-01-21 19:19:39.000,SciMax01,"60938",https://proto-9.pnl.gov/SciMax01/2024_1/60938_1_B_3_WEOM_r2_Mag_18Jan24_300SA_p01_6_1_14861,Released
1345001,"60920_6_BTM_1_MAOM_r2_Mag_19Feb25_3p3kV_300SA_p01_34_1_23412","",2025-02-21 02:55:07.000,SciMax01,"60920",https://proto-9.pnl.gov/SciMax01/2025_1/60920_6_BTM_1_MAOM_r2_Mag_19Feb25_3p3kV_300SA_p01_34_1_23412,Released
1253606,"60940_1_T_3_WEOM_r1_Mag_10May24_300SA_p01_3_1_18288","",2024-05-11 03:21:31.000,SciMax01,"60940",https://proto-9.pnl.gov/SciMax01/2024_2/60940_1_T_3_WEOM_r1_Mag_10May24_300SA_p01_3_1_18288,Released
1329040,"60923_6_TOP_1_MAOM_r2_Mag_27Dec24_3p3kV_300SA_p01_31_1_21233","",2024-12-28 21:22:11.000,SciMax01,"60923",https://proto-9.pnl.gov/SciMax01/2024_4/60923_6_TOP_1_MAOM_r2_Mag_27Dec24_3p3kV_300SA_p01_31_1_21233,Released
1231033,"60933_19_T_3_WEOM_r1_Mag_12Feb24_300SA_p01_51_1_15085",Buzzard: MONet,2024-02-13 18:29:11.000,SciMax01,"60933",https://proto-9.pnl.gov/SciMax01/2024_1/60933_19_T_3_WEOM_r1_Mag_12Feb24_300SA_p01_51_1_15085,Released
1216046,"60923_4_T_2_WEOM_r1_Mag_26Dec23_300SA_p01_35_1_14260",Buzzard: Data is fine but queue stopped over holiday week so need to shim cell and will run the queue again,2023-12-28 10:12:30.000,SciMax01,"60923",https://proto-9.pnl.gov/SciMax01/2024_1/60923_4_T_2_WEOM_r1_Mag_26Dec23_300SA_p01_35_1_14260,Released
1180797,"60881_2_T_2_BLANK_1w_19_1_13410",Buzzard: 1w,2023-08-30 03:09:10.000,SciMax01,"60881",https://proto-9.pnl.gov/SciMax01/2023_3/60881_2_T_2_BLANK_1w_19_1_13410,Released
1480497,"20260213_SRFA-2_reeval_mag_44_1_32390","",2026-02-13 21:39:27.000,SciMax01,"61050",https://proto-9.pnl.gov/SciMax01/2026_1/20260213_SRFA-2_reeval_mag_44_1_32390,Released
1217364,"60923_13_B_2_WEOM_r2_Mag_04Jan24_300SA_p01_6_1_14562",Buzzard: Use this data,2024-01-07 09:00:38.000,SciMax01,"60923",https://proto-9.pnl.gov/SciMax01/2024_1/60923_13_B_2_WEOM_r2_Mag_04Jan24_300SA_p01_6_1_14562,Released
1230857,"60932_3_B_1_WEOM_r1_Mag_21Feb24_300SA_p01_12_1_15547",Buzzard: MONet,2024-02-23 06:41:08.000,SciMax01,"60932",https://proto-9.pnl.gov/SciMax01/2024_1/60932_3_B_1_WEOM_r1_Mag_21Feb24_300SA_p01_12_1_15547,Released
1329048,"60923_6_TOP_3_MAOM_r2_Mag_27Dec24_3p3kV_300SA_p01_33_1_21221","",2024-12-28 16:01:13.000,SciMax01,"60923",https://proto-9.pnl.gov/SciMax01/2024_4/60923_6_TOP_3_MAOM_r2_Mag_27Dec24_3p3kV_300SA_p01_33_1_21221,Released
1217511,"60923_5_T_1_WEOM_r2_Mag_04Jan24_300SA_p01_9_1_14533",Buzzard: Use this data,2024-01-06 20:09:21.000,SciMax01,"60923",https://proto-9.pnl.gov/SciMax01/2024_1/60923_5_T_1_WEOM_r2_Mag_04Jan24_300SA_p01_9_1_14533,Released
1338498,"60933_20_TOP_3_MAOM_r2_Mag_29Jan25_3p3kV_300SA_p01_15_1_22633","",2025-01-30 14:09:51.000,SciMax01,"60933",https://proto-9.pnl.gov/SciMax01/2025_1/60933_20_TOP_3_MAOM_r2_Mag_29Jan25_3p3kV_300SA_p01_15_1_22633,Released
1499215,"20260520_QC_SRFAII_25_02_MeOct25_Mag_300tr_54_1_33076","",2026-05-21 03:55:32.000,SciMax01,"61050",https://proto-9.pnl.gov/SciMax01/2026_2/20260520_QC_SRFAII_25_02_MeOct25_Mag_300tr_54_1_33076,Released
1233001,"60923_16_B_3_WEOM_r1_Mag_04Mar24_300SA_p01_12_1_16825","",2024-03-05 05:55:39.000,SciMax01,"60923",https://proto-9.pnl.gov/SciMax01/2024_1/60923_16_B_3_WEOM_r1_Mag_04Mar24_300SA_p01_12_1_16825,Released
1345496,"60880_5_TOP_3_MAOM_r2_Mag_26Feb25_3p3kV_300SA_p01_37_1_23833","",2025-03-02 18:33:54.000,SciMax01,"60880",https://proto-9.pnl.gov/SciMax01/2025_1/60880_5_TOP_3_MAOM_r2_Mag_26Feb25_3p3kV_300SA_p01_37_1_23833,Released
1338180,"60933_19_BTM_1_MAOM_r1_Mag_29Jan25_3p3kV_300SA_p01_10_1_22576","",2025-01-29 12:45:44.000,SciMax01,"60933",https://proto-9.pnl.gov/SciMax01/2025_1/60933_19_BTM_1_MAOM_r1_Mag_29Jan25_3p3kV_300SA_p01_10_1_22576,Released
1215971,"60920_6_T_3_WEOM_r3_Mag_21Dec23_300SA_p01_11_1_14189",Data needs to be reviewed,2023-12-26 11:29:29.000,SciMax01,"60920",https://proto-9.pnl.gov/SciMax01/2024_1/60920_6_T_3_WEOM_r3_Mag_21Dec23_300SA_p01_11_1_14189,Released
1342111,"60881_6_BTM_2_MAOM_r3_Mag_10Feb25_3p3kV_300SA_p01_35_1_23304","",2025-02-15 11:55:50.000,SciMax01,"60881",https://proto-9.pnl.gov/SciMax01/2025_1/60881_6_BTM_2_MAOM_r3_Mag_10Feb25_3p3kV_300SA_p01_35_1_23304,Released
1253572,"60940_4_B_3_WEOM_r2_Mag_10May24_300SA_p01_21_1_18312","",2024-05-11 13:59:43.000,SciMax01,"60940",https://proto-9.pnl.gov/SciMax01/2024_2/60940_4_B_3_WEOM_r2_Mag_10May24_300SA_p01_21_1_18312,Released
1230881,QC_SRFAII_23_01_10ppm_r3_Mag_16Feb24_300SA_p01_54_1_15427,Buzzard: MONet,2024-02-20 12:14:52.000,SciMax01,"60880",https://proto-9.pnl.gov/SciMax01/2024_1/QC_SRFAII_23_01_10ppm_r3_Mag_16Feb24_300SA_p01_54_1_15427,Released
1217445,"60923_7_T_3_WEOM_r2_Mag_04Jan24_300SA_p01_21_1_14587",Buzzard: Use this data,2024-01-07 20:05:27.000,SciMax01,"60923",https://proto-9.pnl.gov/SciMax01/2024_1/60923_7_T_3_WEOM_r2_Mag_04Jan24_300SA_p01_21_1_14587,Released
1215930,"60920_4_B_1_WEOM_r1_Mag_21Dec23_300SA_p01_8_1_14000",Data needs to be reviewed,2023-12-21 22:36:23.000,SciMax01,"60920",https://proto-9.pnl.gov/SciMax01/2024_1/60920_4_B_1_WEOM_r1_Mag_21Dec23_300SA_p01_8_1_14000,Released
1253644,"60940_3_B_1_WEOM_r1_Mag_10May24_300SA_p01_13_1_18273","",2024-05-10 20:42:37.000,SciMax01,"60940",https://proto-9.pnl.gov/SciMax01/2024_2/60940_3_B_1_WEOM_r1_Mag_10May24_300SA_p01_13_1_18273,Released
1335270,"60933_11_BTM_1_MAOM_r3_Mag_13Jan25_3p3kV_300SA_p01_4_1_21944","",2025-01-17 06:58:38.000,SciMax01,"60933",https://proto-9.pnl.gov/SciMax01/2025_1/60933_11_BTM_1_MAOM_r3_Mag_13Jan25_3p3kV_300SA_p01_4_1_21944,Released
1499224,"20260520_QC_SRFAII_25_02_MeAug25_Mag_300tr_53_1_33077","",2026-05-21 04:15:39.000,SciMax01,"61050",https://proto-9.pnl.gov/SciMax01/2026_2/20260520_QC_SRFAII_25_02_MeAug25_Mag_300tr_53_1_33077,Released
1235653,"60942_2_T_2_WEOM_r3_Mag_07Mar24_300SA_p01_8_1_17087",Buzzard: MONet,2024-03-10 19:28:35.000,SciMax01,"60942",https://proto-9.pnl.gov/SciMax01/2024_1/60942_2_T_2_WEOM_r3_Mag_07Mar24_300SA_p01_8_1_17087,Released
1330686,"60880_1_TOP_2_MAOM_r3_Mag_02Jan25_3p3kV_300SA_p01_36_1_21540","",2025-01-04 14:32:21.000,SciMax01,"60880",https://proto-9.pnl.gov/SciMax01/2025_1/60880_1_TOP_2_MAOM_r3_Mag_02Jan25_3p3kV_300SA_p01_36_1_21540,Released
1236307,"60886_5_T_2_WEOM_r2_Mag_10Mar24_300SA_p01_26_1_17198",Buzzard: MONet,2024-03-12 21:32:13.000,SciMax01,"60886",https://proto-9.pnl.gov/SciMax01/2024_1/60886_5_T_2_WEOM_r2_Mag_10Mar24_300SA_p01_26_1_17198,Released
1230854,"60932_3_T_1_WEOM_r2_Mag_21Feb24_300SA_p01_9_1_15902",Buzzard: MONet,2024-02-24 01:20:10.000,SciMax01,"60932",https://proto-9.pnl.gov/SciMax01/2024_1/60932_3_T_1_WEOM_r2_Mag_21Feb24_300SA_p01_9_1_15902,Released
1230875,"60921_3_T_1_WEOM_r1_Mag_21Feb24_300SA_p01_44_1_15468",Buzzard: MONet,2024-02-21 19:40:33.000,SciMax01,"60921",https://proto-9.pnl.gov/SciMax01/2024_1/60921_3_T_1_WEOM_r1_Mag_21Feb24_300SA_p01_44_1_15468,Released
1272560,"60923_3_B_1_MAOM_r3_Mag_04Jul24_300SA_p01_16_1_19420",Buzzard: testing MAOM samples before the move,2024-07-05 05:04:07.000,SciMax01,"60923",https://proto-9.pnl.gov/SciMax01/2024_3/60923_3_B_1_MAOM_r3_Mag_04Jul24_300SA_p01_16_1_19420,Released
1336319,"60923_18_BTM_3_MAOM_r1_Mag_22Jan25_3p3kV_300SA_p01_37_1_22225","",2025-01-23 00:00:02.000,SciMax01,"60923",https://proto-9.pnl.gov/SciMax01/2025_1/60923_18_BTM_3_MAOM_r1_Mag_22Jan25_3p3kV_300SA_p01_37_1_22225,Released
1329453,"60880_3_TOP_1_MAOM_r1_Mag_27Dec24_3p3kV_300SA_p01_1_1_21335","",2024-12-30 18:50:29.000,SciMax01,"60880",https://proto-9.pnl.gov/SciMax01/2024_4/60880_3_TOP_1_MAOM_r1_Mag_27Dec24_3p3kV_300SA_p01_1_1_21335,Released
1216130,"60923_13_B_2_WEOM_r1_Mag_26Dec23_300SA_p01_6_1_14237",Buzzard: Data is fine but queue stopped over holiday week so need to shim cell and will run the queue again,2023-12-28 00:00:56.000,SciMax01,"60923",https://proto-9.pnl.gov/SciMax01/2024_1/60923_13_B_2_WEOM_r1_Mag_26Dec23_300SA_p01_6_1_14237,Released
1331260,"60933_9_TOP_3_MAOM_r3_Mag_05Jan25_3p3kV_300SA_p01_49_1_21711","",2025-01-07 18:47:15.000,SciMax01,"60933",https://proto-9.pnl.gov/SciMax01/2025_1/60933_9_TOP_3_MAOM_r3_Mag_05Jan25_3p3kV_300SA_p01_49_1_21711,Released
1217276,"60923_11_T_2_WEOM_r1_Mag_04Jan24_300SA_p01_1_1_14452",Buzzard: Use this data,2024-01-05 08:15:32.000,SciMax01,"60923",https://proto-9.pnl.gov/SciMax01/2024_1/60923_11_T_2_WEOM_r1_Mag_04Jan24_300SA_p01_1_1_14452,Released
1344969,"60920_2_BTM_1_MAOM_r2_Mag_19Feb25_3p3kV_300SA_p01_10_1_23392","",2025-02-20 18:00:39.000,SciMax01,"60920",https://proto-9.pnl.gov/SciMax01/2025_1/60920_2_BTM_1_MAOM_r2_Mag_19Feb25_3p3kV_300SA_p01_10_1_23392,Released
1342120,"60881_1_BTM_1_MAOM_r3_Mag_10Feb25_3p3kV_300SA_p01_4_1_23306","",2025-02-15 12:49:15.000,SciMax01,"60881",https://proto-9.pnl.gov/SciMax01/2025_1/60881_1_BTM_1_MAOM_r3_Mag_10Feb25_3p3kV_300SA_p01_4_1_23306,Released
1236256,QC_SRFAII_23_01_10ppm_WEOM_r3_Mag_04Mar24_300SA_p01_54_1_16948,Buzzard: MONet,2024-03-07 12:59:22.000,SciMax01,"60942",https://proto-9.pnl.gov/SciMax01/2024_1/QC_SRFAII_23_01_10ppm_WEOM_r3_Mag_04Mar24_300SA_p01_54_1_16948,Released
1234596,"60923_17_B_2_WEOM_r2_Mag_04Mar24_300SA_p01_17_1_16850",Buzzard: MONet,2024-03-05 17:00:27.000,SciMax01,"60923",https://proto-9.pnl.gov/SciMax01/2024_1/60923_17_B_2_WEOM_r2_Mag_04Mar24_300SA_p01_17_1_16850,Released
1328848,"60920_9_TOP_3_MAOM_r1_Mag_19Dec24_3p3kV_300SA_p01_41_1_21007","",2024-12-20 14:32:13.000,SciMax01,"60920",https://proto-9.pnl.gov/SciMax01/2024_4/60920_9_TOP_3_MAOM_r1_Mag_19Dec24_3p3kV_300SA_p01_41_1_21007,Released
1230647,"60946_2_T_2_WEOM_r2_Mag_23Feb24_300SA_p01_34_1_16039",Buzzard: Monet,2024-02-26 19:35:40.000,SciMax01,"60946",https://proto-9.pnl.gov/SciMax01/2024_1/60946_2_T_2_WEOM_r2_Mag_23Feb24_300SA_p01_34_1_16039,Released
1336745,"60923_19_BTM_1_MAOM_r2_Mag_22Jan25_3p3kV_300SA_p01_41_1_22274","",2025-01-23 21:51:34.000,SciMax01,"60923",https://proto-9.pnl.gov/SciMax01/2025_1/60923_19_BTM_1_MAOM_r2_Mag_22Jan25_3p3kV_300SA_p01_41_1_22274,Released
1252856,"60929_2_T_1_WEOM_r2_Mag_01May24_300SA_p01_43_1_18149","",2024-05-04 13:39:16.000,SciMax01,"60929",https://proto-9.pnl.gov/SciMax01/2024_2/60929_2_T_1_WEOM_r2_Mag_01May24_300SA_p01_43_1_18149,Released
1340526,"60938_2_BTM_2_MAOM_r3_Mag_03Feb25_3p3kV_300SA_p01_11_1_22867","",2025-02-05 21:37:02.000,SciMax01,"60938",https://proto-9.pnl.gov/SciMax01/2025_1/60938_2_BTM_2_MAOM_r3_Mag_03Feb25_3p3kV_300SA_p01_11_1_22867,Released
1215838,QC_SRFAII_23_01_20ppm_r1_Mag_21Dec23_300SA_p01_54_1_14008,Data needs to be reviewed,2023-12-22 02:09:07.000,SciMax01,"60920",https://proto-9.pnl.gov/SciMax01/2024_1/QC_SRFAII_23_01_20ppm_r1_Mag_21Dec23_300SA_p01_54_1_14008,Released
1231065,"60846_7_T_2_WEOM_r1_Mag_16Feb24_300SA_p01_26_1_15276",Buzzard: MONet,2024-02-17 08:16:17.000,SciMax01,"60846",https://proto-9.pnl.gov/SciMax01/2024_1/60846_7_T_2_WEOM_r1_Mag_16Feb24_300SA_p01_26_1_15276,Released
1335392,"60933_12_BTM_1_MAOM_r3_Mag_13Jan25_3p3kV_300SA_p01_10_1_21898","",2025-01-16 10:27:45.000,SciMax01,"60933",https://proto-9.pnl.gov/SciMax01/2025_1/60933_12_BTM_1_MAOM_r3_Mag_13Jan25_3p3kV_300SA_p01_10_1_21898,Released
1330717,"60846_5_TOP_1_MAOM_r3_Mag_02Jan25_3p3kV_300SA_p01_7_1_21553","",2025-01-04 20:20:18.000,SciMax01,"60846",https://proto-9.pnl.gov/SciMax01/2025_1/60846_5_TOP_1_MAOM_r3_Mag_02Jan25_3p3kV_300SA_p01_7_1_21553,Released
1231284,"60846_7_T_3_WEOM_r2_Mag_16Feb24_300SA_p01_27_1_15319",Buzzard: MONet,2024-02-18 03:19:46.000,SciMax01,"60846",https://proto-9.pnl.gov/SciMax01/2024_1/60846_7_T_3_WEOM_r2_Mag_16Feb24_300SA_p01_27_1_15319,Released
1272603,"60923_2_T_3_MAOM_r2_Mag_04Jul24_300SA_p01_9_1_19395",Buzzard: testing MAOM samples before the move,2024-07-04 17:59:21.000,SciMax01,"60923",https://proto-9.pnl.gov/SciMax01/2024_3/60923_2_T_3_MAOM_r2_Mag_04Jul24_300SA_p01_9_1_19395,Released
1233020,"60923_17_T_3_WEOM_r1_Mag_04Mar24_300SA_p01_15_1_16808","",2024-03-04 22:23:40.000,SciMax01,"60923",https://proto-9.pnl.gov/SciMax01/2024_1/60923_17_T_3_WEOM_r1_Mag_04Mar24_300SA_p01_15_1_16808,Released
1341159,"60932_3_TOP_2_MAOM_r1_Mag_10Feb25_3p3kV_300SA_p01_14_1_23071","",2025-02-11 04:02:09.000,SciMax01,"60932",https://proto-9.pnl.gov/SciMax01/2025_1/60932_3_TOP_2_MAOM_r1_Mag_10Feb25_3p3kV_300SA_p01_14_1_23071,Released
1337191,"60923_17_TOP_2_MAOM_r3_Mag_22Jan25_3p3kV_300SA_p01_23_1_22360","",2025-01-25 12:13:21.000,SciMax01,"60923",https://proto-9.pnl.gov/SciMax01/2025_1/60923_17_TOP_2_MAOM_r3_Mag_22Jan25_3p3kV_300SA_p01_23_1_22360,Released
1329020,"60940_1_TOP_3_MAOM_r3_Mag_23Dec24_3p3kV_300SA_p01_3_1_21108","",2024-12-25 02:01:54.000,SciMax01,"60940",https://proto-9.pnl.gov/SciMax01/2024_4/60940_1_TOP_3_MAOM_r3_Mag_23Dec24_3p3kV_300SA_p01_3_1_21108,Released
1217288,"60923_7_T_3_WEOM_r3_Mag_04Jan24_300SA_p01_21_1_14669",Buzzard: Use this data,2024-01-09 08:25:57.000,SciMax01,"60923",https://proto-9.pnl.gov/SciMax01/2024_1/60923_7_T_3_WEOM_r3_Mag_04Jan24_300SA_p01_21_1_14669,Released
1220531,"60933_3_B_2_WEOM_r3_Mag_18Jan24_300SA_p01_14_1_14905",Buzzard: MONet,2024-01-22 14:49:38.000,SciMax01,"60933",https://proto-9.pnl.gov/SciMax01/2024_1/60933_3_B_2_WEOM_r3_Mag_18Jan24_300SA_p01_14_1_14905,Released
1344863,"60920_5_TOP_2_MAOM_r1_Mag_19Feb25_3p3kV_300SA_p01_26_1_23365","",2025-02-20 05:59:16.000,SciMax01,"60920",https://proto-9.pnl.gov/SciMax01/2025_1/60920_5_TOP_2_MAOM_r1_Mag_19Feb25_3p3kV_300SA_p01_26_1_23365,Released
1235640,"60942_6_B_1_WEOM_r3_Mag_07Mar24_300SA_p01_33_1_17072",Buzzard: MONet,2024-03-10 12:49:45.000,SciMax01,"60942",https://proto-9.pnl.gov/SciMax01/2024_1/60942_6_B_1_WEOM_r3_Mag_07Mar24_300SA_p01_33_1_17072,Released
1338538,"60923_12_BTM_3_MAOM_r2_Mag_29Jan25_3p3kV_300SA_p01_45_1_22643","",2025-01-30 18:37:59.000,SciMax01,"60923",https://proto-9.pnl.gov/SciMax01/2025_1/60923_12_BTM_3_MAOM_r2_Mag_29Jan25_3p3kV_300SA_p01_45_1_22643,Released
1330900,"60933_8_TOP_1_MAOM_r1_Mag_05Jan25_3p3kV_300SA_p01_44_1_21644","",2025-01-06 12:55:14.000,SciMax01,"60933",https://proto-9.pnl.gov/SciMax01/2025_1/60933_8_TOP_1_MAOM_r1_Mag_05Jan25_3p3kV_300SA_p01_44_1_21644,Released
1230697,"60932_6_B_1_WEOM_r2_Mag_24Feb24_300SA_p01_30_1_15923",Buzzard: MONet,2024-02-24 16:11:07.000,SciMax01,"60932",https://proto-9.pnl.gov/SciMax01/2024_1/60932_6_B_1_WEOM_r2_Mag_24Feb24_300SA_p01_30_1_15923,Released
1314844,"60923_3_T_1_MAOM_r1_Mag_01Nov24_300SA_3p3kV_p01_13_1_20158",Buzzard: Testing response after Instrument cell clean and lab move,2024-11-04 13:31:09.000,SciMax01,"60923",https://proto-9.pnl.gov/SciMax01/2024_4/60923_3_T_1_MAOM_r1_Mag_01Nov24_300SA_3p3kV_p01_13_1_20158,Released
1220983,"60938_1_T_2_WEOM_r3_Mag_18Jan24_300SA_p01_2_1_14969",Buzzard: MONet,2024-01-23 19:11:29.000,SciMax01,"60938",https://proto-9.pnl.gov/SciMax01/2024_1/60938_1_T_2_WEOM_r3_Mag_18Jan24_300SA_p01_2_1_14969,Released
1215790,"60920_8_B_3_WEOM_r1_Mag_21Dec23_300SA_p01_15_1_14038",Data needs to be reviewed,2023-12-22 15:26:50.000,SciMax01,"60920",https://proto-9.pnl.gov/SciMax01/2024_1/60920_8_B_3_WEOM_r1_Mag_21Dec23_300SA_p01_15_1_14038,Released
1217349,"60923_10_T_3_WEOM_r1_Mag_04Jan24_300SA_p01_27_1_14480",Buzzard: Use this data,2024-01-05 20:40:01.000,SciMax01,"60923",https://proto-9.pnl.gov/SciMax01/2024_1/60923_10_T_3_WEOM_r1_Mag_04Jan24_300SA_p01_27_1_14480,Released
1328827,"60940_1_BTM_2_MAOM_r1_Mag_19Dec24_3p3kV_300SA_p01_5_1_20994","",2024-12-20 08:45:04.000,SciMax01,"60940",https://proto-9.pnl.gov/SciMax01/2024_4/60940_1_BTM_2_MAOM_r1_Mag_19Dec24_3p3kV_300SA_p01_5_1_20994,Released
1340517,"60938_1_TOP_1_MAOM_r3_Mag_03Feb25_3p3kV_300SA_p01_1_1_22878","",2025-02-06 02:31:05.000,SciMax01,"60938",https://proto-9.pnl.gov/SciMax01/2025_1/60938_1_TOP_1_MAOM_r3_Mag_03Feb25_3p3kV_300SA_p01_1_1_22878,Released
1335341,"60933_15_BTM_3_MAOM_r1_Mag_13Jan25_3p3kV_300SA_p01_34_1_21816","",2025-01-14 21:51:03.000,SciMax01,"60933",https://proto-9.pnl.gov/SciMax01/2025_1/60933_15_BTM_3_MAOM_r1_Mag_13Jan25_3p3kV_300SA_p01_34_1_21816,Released
1341949,"60881_3_BTM_3_MAOM_r2_Mag_10Feb25_3p3kV_300SA_p01_18_1_23256","",2025-02-14 14:32:09.000,SciMax01,"60881",https://proto-9.pnl.gov/SciMax01/2025_1/60881_3_BTM_3_MAOM_r2_Mag_10Feb25_3p3kV_300SA_p01_18_1_23256,Released
1230978,"60880_1_T_2_WEOM_r1_Mag_16Feb24_300SA_p01_16_1_15363",Buzzard: MONet,2024-02-19 07:53:10.000,SciMax01,"60880",https://proto-9.pnl.gov/SciMax01/2024_1/60880_1_T_2_WEOM_r1_Mag_16Feb24_300SA_p01_16_1_15363,Released
1336042,"60923_20_TOP_3_MAOM_r1_Mag_22Jan25_3p3kV_300SA_p01_46_1_22198","",2025-01-22 11:58:19.000,SciMax01,"60923",https://proto-9.pnl.gov/SciMax01/2025_1/60923_20_TOP_3_MAOM_r1_Mag_22Jan25_3p3kV_300SA_p01_46_1_22198,Released
1234580,"60923_15_B_1_WEOM_r3_Mag_04Mar24_300SA_p01_4_1_16941",Buzzard: MONet,2024-03-07 09:20:09.000,SciMax01,"60923",https://proto-9.pnl.gov/SciMax01/2024_1/60923_15_B_1_WEOM_r3_Mag_04Mar24_300SA_p01_4_1_16941,Released
1344848,"60920_4_BTM_3_MAOM_r1_Mag_19Feb25_3p3kV_300SA_p01_24_1_23373","",2025-02-20 09:32:59.000,SciMax01,"60920",https://proto-9.pnl.gov/SciMax01/2025_1/60920_4_BTM_3_MAOM_r1_Mag_19Feb25_3p3kV_300SA_p01_24_1_23373,Released
1272550,"60923_3_T_3_MAOM_r1_Mag_03Jul24_300SA_p01_15_1_19368",Buzzard: testing MAOM samples before the move,2024-07-03 23:50:06.000,SciMax01,"60923",https://proto-9.pnl.gov/SciMax01/2024_3/60923_3_T_3_MAOM_r1_Mag_03Jul24_300SA_p01_15_1_19368,Released
1330608,"60846_17_BTM_1_MAOM_r2_Mag_02Jan25_3p3kV_300SA_p01_32_1_21506","",2025-01-03 23:23:41.000,SciMax01,"60846",https://proto-9.pnl.gov/SciMax01/2025_1/60846_17_BTM_1_MAOM_r2_Mag_02Jan25_3p3kV_300SA_p01_32_1_21506,Released
1231261,"60933_11_T_3_WEOM_r2_Mag_12Feb24_300SA_p01_3_1_15127",Buzzard: MONet,2024-02-14 13:05:56.000,SciMax01,"60933",https://proto-9.pnl.gov/SciMax01/2024_1/60933_11_T_3_WEOM_r2_Mag_12Feb24_300SA_p01_3_1_15127,Released
1336767,"60923_16_TOP_1_MAOM_r2_Mag_22Jan25_3p3kV_300SA_p01_16_1_22278","",2025-01-23 23:38:42.000,SciMax01,"60923",https://proto-9.pnl.gov/SciMax01/2025_1/60923_16_TOP_1_MAOM_r2_Mag_22Jan25_3p3kV_300SA_p01_16_1_22278,Released
1230894,QC_SRFAII_23_01_10ppm_r3_Mag_16Feb24_300SA_p01_54_1_15453,Buzzard: MONet,2024-02-20 23:46:13.000,SciMax01,"60880",https://proto-9.pnl.gov/SciMax01/2024_1/QC_SRFAII_23_01_10ppm_r3_Mag_16Feb24_300SA_p01_54_1_15453,Released
1235565,"60886_4_T_3_WEOM_r1_Mag_10Mar24_300SA_p01_21_1_17156",Buzzard: MONet,2024-03-12 02:55:27.000,SciMax01,"60886",https://proto-9.pnl.gov/SciMax01/2024_1/60886_4_T_3_WEOM_r1_Mag_10Mar24_300SA_p01_21_1_17156,Released
1220748,"60938_6_B_2_WEOM_r1_Mag_18Jan24_300SA_p01_35_1_14756",Buzzard: MONet,2024-01-19 20:47:26.000,SciMax01,"60938",https://proto-9.pnl.gov/SciMax01/2024_1/60938_6_B_2_WEOM_r1_Mag_18Jan24_300SA_p01_35_1_14756,Released
1233014,"60923_20_T_3_WEOM_r1_Mag_04Mar24_300SA_p01_33_1_16831","",2024-03-05 08:35:12.000,SciMax01,"60923",https://proto-9.pnl.gov/SciMax01/2024_1/60923_20_T_3_WEOM_r1_Mag_04Mar24_300SA_p01_33_1_16831,Released
1221020,QC_SRFAII_23_01_20ppm_r2_Mag_18Jan24_300SA_p01_54_1_14841,Buzzard: MONet,2024-01-21 10:27:49.000,SciMax01,"60933",https://proto-9.pnl.gov/SciMax01/2024_1/QC_SRFAII_23_01_20ppm_r2_Mag_18Jan24_300SA_p01_54_1_14841,Released
1231326,"60933_13_B_1_WEOM_r1_Mag_12Feb24_300SA_p01_16_1_15031",Buzzard: MONet,2024-02-12 18:25:15.000,SciMax01,"60933",https://proto-9.pnl.gov/SciMax01/2024_1/60933_13_B_1_WEOM_r1_Mag_12Feb24_300SA_p01_16_1_15031,Released
1340569,"60938_4_TOP_2_MAOM_r2_Mag_03Feb25_3p3kV_300SA_p01_20_1_22843","",2025-02-05 10:55:33.000,SciMax01,"60938",https://proto-9.pnl.gov/SciMax01/2025_1/60938_4_TOP_2_MAOM_r2_Mag_03Feb25_3p3kV_300SA_p01_20_1_22843,Released
1340321,"60920_7_TOP_2_MAOM_r3_Mag_03Feb25_3p3kV_300SA_p01_2_1_23005","",2025-02-08 11:08:05.000,SciMax01,"60920",https://proto-9.pnl.gov/SciMax01/2025_1/60920_7_TOP_2_MAOM_r3_Mag_03Feb25_3p3kV_300SA_p01_2_1_23005,Released
1340571,"60938_4_TOP_1_MAOM_r2_Mag_03Feb25_3p3kV_300SA_p01_19_1_22798","",2025-02-04 14:52:25.000,SciMax01,"60938",https://proto-9.pnl.gov/SciMax01/2025_1/60938_4_TOP_1_MAOM_r2_Mag_03Feb25_3p3kV_300SA_p01_19_1_22798,Released
1272584,QC_SRFAII_23_01_10ppm_MAOM_r0_Mag_04Jul24_300SA_p01_52_1_19380,Buzzard: testing MAOM samples before the move,2024-07-04 11:20:33.000,SciMax01,"60923",https://proto-9.pnl.gov/SciMax01/2024_3/QC_SRFAII_23_01_10ppm_MAOM_r0_Mag_04Jul24_300SA_p01_52_1_19380,Released
1220624,"60933_4_T_3_WEOM_r1_Mag_18Jan24_300SA_p01_18_1_14727",Buzzard: MONet,2024-01-19 07:56:16.000,SciMax01,"60933",https://proto-9.pnl.gov/SciMax01/2024_1/60933_4_T_3_WEOM_r1_Mag_18Jan24_300SA_p01_18_1_14727,Released
1342149,"60881_5_TOP_2_MAOM_r3_Mag_10Feb25_3p3kV_300SA_p01_26_1_23313","",2025-02-15 15:56:46.000,SciMax01,"60881",https://proto-9.pnl.gov/SciMax01/2025_1/60881_5_TOP_2_MAOM_r3_Mag_10Feb25_3p3kV_300SA_p01_26_1_23313,Released
1231121,"60933_13_B_3_WEOM_r3_Mag_12Feb24_300SA_p01_18_1_15197",Buzzard: MONet,2024-02-15 20:07:14.000,SciMax01,"60933",https://proto-9.pnl.gov/SciMax01/2024_1/60933_13_B_3_WEOM_r3_Mag_12Feb24_300SA_p01_18_1_15197,Released
1330878,"60933_5_BTM_1_MAOM_r1_Mag_05Jan25_3p3kV_300SA_p01_29_1_21634","",2025-01-06 08:27:20.000,SciMax01,"60933",https://proto-9.pnl.gov/SciMax01/2025_1/60933_5_BTM_1_MAOM_r1_Mag_05Jan25_3p3kV_300SA_p01_29_1_21634,Released
1236302,"60886_5_T_1_WEOM_r2_Mag_10Mar24_300SA_p01_25_1_17224",Buzzard: MONet,2024-03-13 09:03:31.000,SciMax01,"60886",https://proto-9.pnl.gov/SciMax01/2024_1/60886_5_T_1_WEOM_r2_Mag_10Mar24_300SA_p01_25_1_17224,Released
1231184,"60933_15_T_3_WEOM_r2_Mag_12Feb24_300SA_p01_27_1_15153",Buzzard: MONet,2024-02-15 00:37:19.000,SciMax01,"60933",https://proto-9.pnl.gov/SciMax01/2024_1/60933_15_T_3_WEOM_r2_Mag_12Feb24_300SA_p01_27_1_15153,Released
1335359,"60933_13_TOP_2_MAOM_r2_Mag_13Jan25_3p3kV_300SA_p01_18_1_21852","",2025-01-15 13:55:22.000,SciMax01,"60933",https://proto-9.pnl.gov/SciMax01/2025_1/60933_13_TOP_2_MAOM_r2_Mag_13Jan25_3p3kV_300SA_p01_18_1_21852,Released
1230648,"60946_1_B_1_WEOM_r3_Mag_23Feb24_300SA_p01_41_1_16065",Buzzard: Monet,2024-02-27 07:07:01.000,SciMax01,"60946",https://proto-9.pnl.gov/SciMax01/2024_1/60946_1_B_1_WEOM_r3_Mag_23Feb24_300SA_p01_41_1_16065,Released
1220990,"60938_1_T_3_WEOM_r3_Mag_18Jan24_300SA_p01_3_1_14981",Buzzard: MONet,2024-01-24 00:30:35.000,SciMax01,"60938",https://proto-9.pnl.gov/SciMax01/2024_1/60938_1_T_3_WEOM_r3_Mag_18Jan24_300SA_p01_3_1_14981,Released
1330208,"60846_12_BTM_3_MAOM_r1_Mag_02Jan25_3p3kV_300SA_p01_24_1_21450","",2025-01-02 22:24:51.000,SciMax01,"60846",https://proto-9.pnl.gov/SciMax01/2025_1/60846_12_BTM_3_MAOM_r1_Mag_02Jan25_3p3kV_300SA_p01_24_1_21450,Released
1338604,"60923_11_TOP_3_MAOM_r2_Mag_29Jan25_3p3kV_300SA_p01_33_1_22661","",2025-01-31 02:39:21.000,SciMax01,"60923",https://proto-9.pnl.gov/SciMax01/2025_1/60923_11_TOP_3_MAOM_r2_Mag_29Jan25_3p3kV_300SA_p01_33_1_22661,Released
1166741,MONet_Test_QC_SRFAII_20ppm_r1_Fir_11Jul23_300SA_p1_53_1_8813,Buzzard: Just testing samples tubes,2023-07-12 08:54:20.000,"15T_FTICR_I","60141",https://proto-9.pnl.gov/15T_FTICR_I/2023_3/MONet_Test_QC_SRFAII_20ppm_r1_Fir_11Jul23_300SA_p1_53_1_8813,Released
1236313,"60886_3_T_1_WEOM_r3_Mag_10Mar24_300SA_p01_13_1_17264",Buzzard: MONet,2024-03-14 02:47:04.000,SciMax01,"60886",https://proto-9.pnl.gov/SciMax01/2024_1/60886_3_T_1_WEOM_r3_Mag_10Mar24_300SA_p01_13_1_17264,Released
1337769,"60886_3_TOP_1_MAOM_r3_Mag_22Jan25_3p3kV_300SA_p01_19_1_22512","",2025-01-28 08:00:11.000,SciMax01,"60886",https://proto-9.pnl.gov/SciMax01/2025_1/60886_3_TOP_1_MAOM_r3_Mag_22Jan25_3p3kV_300SA_p01_19_1_22512,Released
1217434,"60923_12_T_3_WEOM_r3_Mag_04Jan24_300SA_p01_31_1_14661",Buzzard: Use this data,2024-01-09 04:53:14.000,SciMax01,"60923",https://proto-9.pnl.gov/SciMax01/2024_1/60923_12_T_3_WEOM_r3_Mag_04Jan24_300SA_p01_31_1_14661,Released
1336245,"60923_19_BTM_3_MAOM_r1_Mag_22Jan25_3p3kV_300SA_p01_43_1_22214","",2025-01-22 19:06:11.000,SciMax01,"60923",https://proto-9.pnl.gov/SciMax01/2025_1/60923_19_BTM_3_MAOM_r1_Mag_22Jan25_3p3kV_300SA_p01_43_1_22214,Released
1335321,"60933_11_TOP_2_MAOM_r2_Mag_13Jan25_3p3kV_300SA_p01_2_1_21854","",2025-01-15 14:48:59.000,SciMax01,"60933",https://proto-9.pnl.gov/SciMax01/2025_1/60933_11_TOP_2_MAOM_r2_Mag_13Jan25_3p3kV_300SA_p01_2_1_21854,Released
1217518,"60923_8_B_1_WEOM_r2_Mag_04Jan24_300SA_p01_16_1_14530",Buzzard: Use this data,2024-01-06 18:49:34.000,SciMax01,"60923",https://proto-9.pnl.gov/SciMax01/2024_1/60923_8_B_1_WEOM_r2_Mag_04Jan24_300SA_p01_16_1_14530,Released
1215806,"60920_3_T_3_WEOM_r3_Mag_21Dec23_300SA_p01_5_1_14188",Data needs to be reviewed,2023-12-26 11:02:54.000,SciMax01,"60920",https://proto-9.pnl.gov/SciMax01/2024_1/60920_3_T_3_WEOM_r3_Mag_21Dec23_300SA_p01_5_1_14188,Released
1331692,"60933_10_TOP_1_MAOM_r3_Mag_05Jan25_3p3kV_300SA_p01_50_1_21764",data good just rerun,2025-01-09 13:03:45.000,SciMax01,"60933",https://proto-9.pnl.gov/SciMax01/2025_1/60933_10_TOP_1_MAOM_r3_Mag_05Jan25_3p3kV_300SA_p01_50_1_21764,Released
1330919,"60933_7_BTM_1_MAOM_r2_Mag_05Jan25_3p3kV_300SA_p01_41_1_21650","",2025-01-06 15:35:47.000,SciMax01,"60933",https://proto-9.pnl.gov/SciMax01/2025_1/60933_7_BTM_1_MAOM_r2_Mag_05Jan25_3p3kV_300SA_p01_41_1_21650,Released
1337334,"60886_1_BTM_2_MAOM_r1_Mag_22Jan25_3p3kV_300SA_p01_11_1_22418","",2025-01-26 14:05:44.000,SciMax01,"60886",https://proto-9.pnl.gov/SciMax01/2025_1/60886_1_BTM_2_MAOM_r1_Mag_22Jan25_3p3kV_300SA_p01_11_1_22418,Released
1337366,"60886_3_BTM_2_MAOM_r1_Mag_22Jan25_3p3kV_300SA_p01_27_1_22429","",2025-01-26 18:59:48.000,SciMax01,"60886",https://proto-9.pnl.gov/SciMax01/2025_1/60886_3_BTM_2_MAOM_r1_Mag_22Jan25_3p3kV_300SA_p01_27_1_22429,Released
1231258,"60933_14_T_1_WEOM_r3_Mag_12Feb24_300SA_p01_19_1_15214",Buzzard: MONet,2024-02-16 03:39:18.000,SciMax01,"60933",https://proto-9.pnl.gov/SciMax01/2024_1/60933_14_T_1_WEOM_r3_Mag_12Feb24_300SA_p01_19_1_15214,Released
1230874,"60921_3_B_3_WEOM_r1_Mag_21Feb24_300SA_p01_49_1_15469",Buzzard: MONet,2024-02-21 20:07:09.000,SciMax01,"60921",https://proto-9.pnl.gov/SciMax01/2024_1/60921_3_B_3_WEOM_r1_Mag_21Feb24_300SA_p01_49_1_15469,Released
1345046,"60920_2_TOP_3_MAOM_r2_Mag_19Feb25_3p3kV_300SA_p01_9_1_23415","",2025-02-21 04:15:29.000,SciMax01,"60920",https://proto-9.pnl.gov/SciMax01/2025_1/60920_2_TOP_3_MAOM_r2_Mag_19Feb25_3p3kV_300SA_p01_9_1_23415,Released
1342096,"60881_2_TOP_3_MAOM_r3_Mag_10Feb25_3p3kV_300SA_p01_9_1_23299","",2025-02-15 09:41:53.000,SciMax01,"60881",https://proto-9.pnl.gov/SciMax01/2025_1/60881_2_TOP_3_MAOM_r3_Mag_10Feb25_3p3kV_300SA_p01_9_1_23299,Released
1234616,"60923_16_B_1_WEOM_r2_Mag_04Mar24_300SA_p01_10_1_16872",Buzzard: MONet,2024-03-06 02:45:28.000,SciMax01,"60923",https://proto-9.pnl.gov/SciMax01/2024_1/60923_16_B_1_WEOM_r2_Mag_04Mar24_300SA_p01_10_1_16872,Released
1234584,"60923_16_T_3_WEOM_r3_Mag_04Mar24_300SA_p01_9_1_16939",Buzzard: MONet,2024-03-07 08:26:59.000,SciMax01,"60923",https://proto-9.pnl.gov/SciMax01/2024_1/60923_16_T_3_WEOM_r3_Mag_04Mar24_300SA_p01_9_1_16939,Released
1217472,"60923_5_B_2_WEOM_r2_Mag_04Jan24_300SA_p01_38_1_14540",Buzzard: Use this data,2024-01-06 23:15:30.000,SciMax01,"60923",https://proto-9.pnl.gov/SciMax01/2024_1/60923_5_B_2_WEOM_r2_Mag_04Jan24_300SA_p01_38_1_14540,Released
1338628,"60923_10_TOP_2_MAOM_r3_Mag_29Jan25_3p3kV_300SA_p01_26_1_22671","",2025-01-31 07:07:05.000,SciMax01,"60923",https://proto-9.pnl.gov/SciMax01/2025_1/60923_10_TOP_2_MAOM_r3_Mag_29Jan25_3p3kV_300SA_p01_26_1_22671,Released
1329150,"60923_1_TOP_2_MAOM_r2_Mag_27Dec24_3p3kV_300SA_p01_2_1_21260","",2024-12-29 09:24:29.000,SciMax01,"60923",https://proto-9.pnl.gov/SciMax01/2024_4/60923_1_TOP_2_MAOM_r2_Mag_27Dec24_3p3kV_300SA_p01_2_1_21260,Released
1338763,"60923_11_BTM_1_MAOM_r3_Mag_29Jan25_3p3kV_300SA_p01_38_1_22690","",2025-01-31 15:35:10.000,SciMax01,"60923",https://proto-9.pnl.gov/SciMax01/2025_1/60923_11_BTM_1_MAOM_r3_Mag_29Jan25_3p3kV_300SA_p01_38_1_22690,Released
1314775,"60923_3_T_3_MAOM_r2_Mag_01Nov24_300SA_4p2kV_p01_15_1_20196",Buzzard: Testing response after Instrument cell clean and lab move,2024-11-05 06:24:45.000,SciMax01,"60923",https://proto-9.pnl.gov/SciMax01/2024_4/60923_3_T_3_MAOM_r2_Mag_01Nov24_300SA_4p2kV_p01_15_1_20196,Released
1341254,"60932_3_BTM_2_MAOM_r2_Mag_10Feb25_3p3kV_300SA_p01_17_1_23097","",2025-02-11 15:37:28.000,SciMax01,"60932",https://proto-9.pnl.gov/SciMax01/2025_1/60932_3_BTM_2_MAOM_r2_Mag_10Feb25_3p3kV_300SA_p01_17_1_23097,Released
1253571,"60940_3_B_2_WEOM_r1_Mag_10May24_300SA_p01_14_1_18300","",2024-05-11 08:40:38.000,SciMax01,"60940",https://proto-9.pnl.gov/SciMax01/2024_2/60940_3_B_2_WEOM_r1_Mag_10May24_300SA_p01_14_1_18300,Released
1220728,"60938_2_T_2_WEOM_r1_Mag_18Jan24_300SA_p01_8_1_14784",Buzzard: MONet,2024-01-20 09:12:01.000,SciMax01,"60938",https://proto-9.pnl.gov/SciMax01/2024_1/60938_2_T_2_WEOM_r1_Mag_18Jan24_300SA_p01_8_1_14784,Released
1340231,"60920_7_TOP_1_MAOM_r2_Mag_03Feb25_3p3kV_300SA_p01_1_1_22977","",2025-02-07 22:39:07.000,SciMax01,"60920",https://proto-9.pnl.gov/SciMax01/2025_1/60920_7_TOP_1_MAOM_r2_Mag_03Feb25_3p3kV_300SA_p01_1_1_22977,Released
1329721,"60921_3_BTM_1_MAOM_r2_Mag_27Dec24_3p3kV_300SA_p01_16_1_21380","",2024-12-31 14:53:46.000,SciMax01,"60921",https://proto-9.pnl.gov/SciMax01/2024_4/60921_3_BTM_1_MAOM_r2_Mag_27Dec24_3p3kV_300SA_p01_16_1_21380,Released
1344862,"60920_2_TOP_1_MAOM_r3_Mag_19Feb25_3p3kV_300SA_p01_7_1_23457","",2025-02-21 23:00:33.000,SciMax01,"60920",https://proto-9.pnl.gov/SciMax01/2025_1/60920_2_TOP_1_MAOM_r3_Mag_19Feb25_3p3kV_300SA_p01_7_1_23457,Released
1330272,"60846_17_BTM_3_MAOM_r1_Mag_02Jan25_3p3kV_300SA_p01_34_1_21473","",2025-01-03 08:40:33.000,SciMax01,"60846",https://proto-9.pnl.gov/SciMax01/2025_1/60846_17_BTM_3_MAOM_r1_Mag_02Jan25_3p3kV_300SA_p01_34_1_21473,Released
1253676,"60940_1_B_2_WEOM_r1_Mag_10May24_300SA_p01_5_1_18281","",2024-05-11 00:15:21.000,SciMax01,"60940",https://proto-9.pnl.gov/SciMax01/2024_2/60940_1_B_2_WEOM_r1_Mag_10May24_300SA_p01_5_1_18281,Released
1231259,"60933_20_T_3_WEOM_r3_Mag_12Feb24_300SA_p01_6_1_15178",Buzzard: MONet,2024-02-15 11:41:59.000,SciMax01,"60933",https://proto-9.pnl.gov/SciMax01/2024_1/60933_20_T_3_WEOM_r3_Mag_12Feb24_300SA_p01_6_1_15178,Released
1341876,"60881_4_BTM_1_MAOM_r1_Mag_10Feb25_3p3kV_300SA_p01_22_1_23232","",2025-02-14 03:49:48.000,SciMax01,"60881",https://proto-9.pnl.gov/SciMax01/2025_1/60881_4_BTM_1_MAOM_r1_Mag_10Feb25_3p3kV_300SA_p01_22_1_23232,Released
1252925,"60929_2_T_1_WEOM_r3_Mag_01May24_300SA_p01_43_1_18231","",2024-05-06 01:59:47.000,SciMax01,"60929",https://proto-9.pnl.gov/SciMax01/2024_2/60929_2_T_1_WEOM_r3_Mag_01May24_300SA_p01_43_1_18231,Released
1215959,"60920_11_T_1_WEOM_r2_Mag_21Dec23_300SA_p01_19_1_14074",Data needs to be reviewed,2023-12-23 07:24:09.000,SciMax01,"60920",https://proto-9.pnl.gov/SciMax01/2024_1/60920_11_T_1_WEOM_r2_Mag_21Dec23_300SA_p01_19_1_14074,Released
1337735,"60886_1_BTM_1_MAOM_r3_Mag_22Jan25_3p3kV_300SA_p01_10_1_22502","",2025-01-28 03:32:46.000,SciMax01,"60886",https://proto-9.pnl.gov/SciMax01/2025_1/60886_1_BTM_1_MAOM_r3_Mag_22Jan25_3p3kV_300SA_p01_10_1_22502,Released
1236296,"60886_3_T_3_WEOM_r2_Mag_10Mar24_300SA_p01_15_1_17222",Buzzard: MONet,2024-03-13 08:10:22.000,SciMax01,"60886",https://proto-9.pnl.gov/SciMax01/2024_1/60886_3_T_3_WEOM_r2_Mag_10Mar24_300SA_p01_15_1_17222,Released
1216149,"60923_1_B_1_WEOM_r2_Mag_26Dec23_300SA_p01_2_1_14299",Buzzard: Data is fine but queue stopped over holiday week so need to shim cell and will run the queue again,2023-12-29 03:29:36.000,SciMax01,"60923",https://proto-9.pnl.gov/SciMax01/2024_1/60923_1_B_1_WEOM_r2_Mag_26Dec23_300SA_p01_2_1_14299,Released
1344856,"60942_1_BTM_2_MAOM_r1_Mag_19Feb25_3p3kV_300SA_p01_11_1_23483","",2025-02-22 10:35:47.000,SciMax01,"60942",https://proto-9.pnl.gov/SciMax01/2025_1/60942_1_BTM_2_MAOM_r1_Mag_19Feb25_3p3kV_300SA_p01_11_1_23483,Released
1328973,"60940_4_BTM_3_MAOM_r2_Mag_23Dec24_3p3kV_300SA_p01_24_1_21042","",2024-12-23 20:37:35.000,SciMax01,"60940",https://proto-9.pnl.gov/SciMax01/2024_4/60940_4_BTM_3_MAOM_r2_Mag_23Dec24_3p3kV_300SA_p01_24_1_21042,Released
1344731,"60920_2_TOP_3_MAOM_r1_Mag_19Feb25_3p3kV_300SA_p01_9_1_23350","",2025-02-19 23:18:02.000,SciMax01,"60920",https://proto-9.pnl.gov/SciMax01/2025_1/60920_2_TOP_3_MAOM_r1_Mag_19Feb25_3p3kV_300SA_p01_9_1_23350,Released
1330638,"60846_2_BTM_2_MAOM_r2_Mag_02Jan25_3p3kV_300SA_p01_5_1_21518","",2025-01-04 04:44:09.000,SciMax01,"60846",https://proto-9.pnl.gov/SciMax01/2025_1/60846_2_BTM_2_MAOM_r2_Mag_02Jan25_3p3kV_300SA_p01_5_1_21518,Released
1216003,"60920_8_T_1_WEOM_r2_Mag_21Dec23_300SA_p01_14_1_14059",Data needs to be reviewed,2023-12-23 00:45:16.000,SciMax01,"60920",https://proto-9.pnl.gov/SciMax01/2024_1/60920_8_T_1_WEOM_r2_Mag_21Dec23_300SA_p01_14_1_14059,Released
1344819,"60942_1_TOP_3_MAOM_r1_Mag_19Feb25_3p3kV_300SA_p01_9_1_23482","",2025-02-22 10:08:59.000,SciMax01,"60942",https://proto-9.pnl.gov/SciMax01/2025_1/60942_1_TOP_3_MAOM_r1_Mag_19Feb25_3p3kV_300SA_p01_9_1_23482,Released
1344948,"60920_6_TOP_3_MAOM_r1_Mag_19Feb25_3p3kV_300SA_p01_33_1_23376","",2025-02-20 10:53:21.000,SciMax01,"60920",https://proto-9.pnl.gov/SciMax01/2025_1/60920_6_TOP_3_MAOM_r1_Mag_19Feb25_3p3kV_300SA_p01_33_1_23376,Released
1336045,"60933_5_TOP_1_MAOM_r3_Mag_20Jan25_3p3kV_300SA_p01_22_1_22155","",2025-01-21 09:57:32.000,SciMax01,"60933",https://proto-9.pnl.gov/SciMax01/2025_1/60933_5_TOP_1_MAOM_r3_Mag_20Jan25_3p3kV_300SA_p01_22_1_22155,Released
1231000,"60880_2_T_1_WEOM_r1_Mag_16Feb24_300SA_p01_20_1_15369",Buzzard: MONet,2024-02-19 10:32:43.000,SciMax01,"60880",https://proto-9.pnl.gov/SciMax01/2024_1/60880_2_T_1_WEOM_r1_Mag_16Feb24_300SA_p01_20_1_15369,Released
1217394,"60923_1_T_3_WEOM_r1_Mag_04Jan24_300SA_p01_9_1_14503",Buzzard: Use this data,2024-01-06 06:51:36.000,SciMax01,"60923",https://proto-9.pnl.gov/SciMax01/2024_1/60923_1_T_3_WEOM_r1_Mag_04Jan24_300SA_p01_9_1_14503,Released
1216005,"60923_3_B_2_WEOM_r2_Mag_26Dec23_300SA_p01_34_1_14344",Buzzard: Data is fine but queue stopped over holiday week so need to shim cell and will run the queue again,2023-12-29 23:26:09.000,SciMax01,"60923",https://proto-9.pnl.gov/SciMax01/2024_1/60923_3_B_2_WEOM_r2_Mag_26Dec23_300SA_p01_34_1_14344,Released
1217475,QC_SRFAII_23_01_20ppm_r0_Mag_04Jan24_300SA_p01_54_1_14417,Buzzard: Use this data,2024-01-04 16:44:52.000,SciMax01,"60923",https://proto-9.pnl.gov/SciMax01/2024_1/QC_SRFAII_23_01_20ppm_r0_Mag_04Jan24_300SA_p01_54_1_14417,Released
1233035,"60923_19_T_1_WEOM_r1_Mag_04Mar24_300SA_p01_25_1_16800","",2024-03-04 18:50:57.000,SciMax01,"60923",https://proto-9.pnl.gov/SciMax01/2024_1/60923_19_T_1_WEOM_r1_Mag_04Mar24_300SA_p01_25_1_16800,Released
1220675,"60938_1_T_3_WEOM_r2_Mag_18Jan24_300SA_p01_3_1_14892",Buzzard: MONet,2024-01-22 09:03:59.000,SciMax01,"60938",https://proto-9.pnl.gov/SciMax01/2024_1/60938_1_T_3_WEOM_r2_Mag_18Jan24_300SA_p01_3_1_14892,Released
1252883,"60881_2_T_1_WEOM_r3_Mag_01May24_300SA_p01_4_1_18247","",2024-05-06 09:05:17.000,SciMax01,"60881",https://proto-9.pnl.gov/SciMax01/2024_2/60881_2_T_1_WEOM_r3_Mag_01May24_300SA_p01_4_1_18247,Released
1329038,"60923_1_BTM_3_MAOM_r2_Mag_27Dec24_3p3kV_300SA_p01_6_1_21225","",2024-12-28 17:48:03.000,SciMax01,"60923",https://proto-9.pnl.gov/SciMax01/2024_4/60923_1_BTM_3_MAOM_r2_Mag_27Dec24_3p3kV_300SA_p01_6_1_21225,Released
1341418,"60932_2_BTM_3_MAOM_r3_Mag_10Feb25_3p3kV_300SA_p01_12_1_23149","",2025-02-12 14:49:32.000,SciMax01,"60932",https://proto-9.pnl.gov/SciMax01/2025_1/60932_2_BTM_3_MAOM_r3_Mag_10Feb25_3p3kV_300SA_p01_12_1_23149,Released
1345005,"60942_2_TOP_2_MAOM_r3_Mag_19Feb25_3p3kV_300SA_p01_14_1_23549","",2025-02-23 16:04:01.000,SciMax01,"60942",https://proto-9.pnl.gov/SciMax01/2025_1/60942_2_TOP_2_MAOM_r3_Mag_19Feb25_3p3kV_300SA_p01_14_1_23549,Released
1330772,"60846_17_BTM_1_MAOM_r3_Mag_02Jan25_3p3kV_300SA_p01_32_1_21581","",2025-01-05 08:49:34.000,SciMax01,"60846",https://proto-9.pnl.gov/SciMax01/2025_1/60846_17_BTM_1_MAOM_r3_Mag_02Jan25_3p3kV_300SA_p01_32_1_21581,Released
1314850,"60933_11_TOP_3_WEOM_r1_Mag_01Nov24_4p2kV_p01_14_1_20129",Buzzard: Testing response after Instrument cell clean and lab move,2024-11-02 14:53:40.000,SciMax01,"60938",https://proto-9.pnl.gov/SciMax01/2024_4/60933_11_TOP_3_WEOM_r1_Mag_01Nov24_4p2kV_p01_14_1_20129,Released
1344966,"60920_5_BTM_3_MAOM_r3_Mag_19Feb25_3p3kV_300SA_p01_30_1_23421","",2025-02-21 06:56:02.000,SciMax01,"60920",https://proto-9.pnl.gov/SciMax01/2025_1/60920_5_BTM_3_MAOM_r3_Mag_19Feb25_3p3kV_300SA_p01_30_1_23421,Released
1231100,"60933_17_B_2_WEOM_r3_Mag_12Feb24_300SA_p01_41_1_15193",Buzzard: MONet,2024-02-15 18:20:51.000,SciMax01,"60933",https://proto-9.pnl.gov/SciMax01/2024_1/60933_17_B_2_WEOM_r3_Mag_12Feb24_300SA_p01_41_1_15193,Released
1252859,"60881_2_T_1_WEOM_r1_Mag_01May24_300SA_p01_4_1_18069","",2024-05-03 02:12:06.000,SciMax01,"60881",https://proto-9.pnl.gov/SciMax01/2024_2/60881_2_T_1_WEOM_r1_Mag_01May24_300SA_p01_4_1_18069,Released
1220566,"60933_1_T_2_WEOM_r2_Mag_18Jan24_300SA_p01_2_1_14843",Buzzard: MONet,2024-01-21 11:21:00.000,SciMax01,"60933",https://proto-9.pnl.gov/SciMax01/2024_1/60933_1_T_2_WEOM_r2_Mag_18Jan24_300SA_p01_2_1_14843,Released
1217497,"60923_10_T_1_WEOM_r1_Mag_04Jan24_300SA_p01_19_1_14443",Buzzard: Use this data,2024-01-05 04:16:11.000,SciMax01,"60923",https://proto-9.pnl.gov/SciMax01/2024_1/60923_10_T_1_WEOM_r1_Mag_04Jan24_300SA_p01_19_1_14443,Released
1216040,"60923_1_T_3_WEOM_r1_Mag_26Dec23_300SA_p01_9_1_14289",Buzzard: Data is fine but queue stopped over holiday week so need to shim cell and will run the queue again,2023-12-28 23:03:40.000,SciMax01,"60923",https://proto-9.pnl.gov/SciMax01/2024_1/60923_1_T_3_WEOM_r1_Mag_26Dec23_300SA_p01_9_1_14289,Released
1341684,"60932_6_BTM_1_MAOM_r3_Mag_10Feb25_3p3kV_300SA_p01_38_1_23191","",2025-02-13 09:32:07.000,SciMax01,"60932",https://proto-9.pnl.gov/SciMax01/2025_1/60932_6_BTM_1_MAOM_r3_Mag_10Feb25_3p3kV_300SA_p01_38_1_23191,Released
1314804,"60923_1_B_2_MAOM_r1_Mag_01Nov24_300SA_3p3kV_p01_5_1_20161",Buzzard: Testing response after Instrument cell clean and lab move,2024-11-04 14:51:01.000,SciMax01,"60923",https://proto-9.pnl.gov/SciMax01/2024_4/60923_1_B_2_MAOM_r1_Mag_01Nov24_300SA_3p3kV_p01_5_1_20161,Released
1220651,"60933_3_B_2_WEOM_r1_Mag_18Jan24_300SA_p01_14_1_14743",Buzzard: MONet,2024-01-19 15:01:44.000,SciMax01,"60933",https://proto-9.pnl.gov/SciMax01/2024_1/60933_3_B_2_WEOM_r1_Mag_18Jan24_300SA_p01_14_1_14743,Released
1502129,QC_SRFAII_25_02_20260611_r2_Mag_54_1_33972,Buzzard: testing Gilson wash volumes,2026-06-12 10:26:56.000,SciMax01,"61050",https://proto-9.pnl.gov/SciMax01/2026_2/QC_SRFAII_25_02_20260611_r2_Mag_54_1_33972,Released
1252960,"60881_5_B_1_WEOM_r2_Mag_01May24_300SA_p01_25_1_18182","",2024-05-05 04:16:52.000,SciMax01,"60881",https://proto-9.pnl.gov/SciMax01/2024_2/60881_5_B_1_WEOM_r2_Mag_01May24_300SA_p01_25_1_18182,Released
1231147,"60933_15_T_2_WEOM_r1_Mag_12Feb24_300SA_p01_26_1_15053",Buzzard: MONet,2024-02-13 04:10:13.000,SciMax01,"60933",https://proto-9.pnl.gov/SciMax01/2024_1/60933_15_T_2_WEOM_r1_Mag_12Feb24_300SA_p01_26_1_15053,Released
1341830,"60881_6_TOP_3_MAOM_r1_Mag_10Feb25_3p3kV_300SA_p01_33_1_23220","",2025-02-13 22:28:08.000,SciMax01,"60881",https://proto-9.pnl.gov/SciMax01/2025_1/60881_6_TOP_3_MAOM_r1_Mag_10Feb25_3p3kV_300SA_p01_33_1_23220,Released
1252918,"60929_3_T_1_WEOM_r2_Mag_01May24_300SA_p01_49_1_18189","",2024-05-05 07:23:00.000,SciMax01,"60929",https://proto-9.pnl.gov/SciMax01/2024_2/60929_3_T_1_WEOM_r2_Mag_01May24_300SA_p01_49_1_18189,Released
1337895,"60886_5_BTM_2_MAOM_r3_Mag_22Jan25_3p3kV_300SA_p01_38_1_22534","",2025-01-28 18:01:33.000,SciMax01,"60886",https://proto-9.pnl.gov/SciMax01/2025_1/60886_5_BTM_2_MAOM_r3_Mag_22Jan25_3p3kV_300SA_p01_38_1_22534,Released
1341299,"60932_3_TOP_3_MAOM_r2_Mag_10Feb25_3p3kV_300SA_p01_15_1_23114","",2025-02-11 23:12:02.000,SciMax01,"60932",https://proto-9.pnl.gov/SciMax01/2025_1/60932_3_TOP_3_MAOM_r2_Mag_10Feb25_3p3kV_300SA_p01_15_1_23114,Released
1234649,"60923_15_T_1_WEOM_r1_Mag_04Mar24_300SA_p01_1_1_16844",Buzzard: MONet,2024-03-05 14:20:53.000,SciMax01,"60923",https://proto-9.pnl.gov/SciMax01/2024_1/60923_15_T_1_WEOM_r1_Mag_04Mar24_300SA_p01_1_1_16844,Released
1253710,QC_SRFAII_23_01_10ppm_WEOM_r1_Mag_10May24_300SA_p01_54_1_18261,"",2024-05-10 15:23:31.000,SciMax01,"60940",https://proto-9.pnl.gov/SciMax01/2024_2/QC_SRFAII_23_01_10ppm_WEOM_r1_Mag_10May24_300SA_p01_54_1_18261,Released
1344813,"60929_3_TOP_2_MAOM_r1_Mag_19Feb25_3p3kV_300SA_p01_34_1_23502","",2025-02-22 19:04:21.000,SciMax01,"60929",https://proto-9.pnl.gov/SciMax01/2025_1/60929_3_TOP_2_MAOM_r1_Mag_19Feb25_3p3kV_300SA_p01_34_1_23502,Released
1230970,"60880_4_T_2_WEOM_r2_Mag_16Feb24_300SA_p01_33_1_15410",Buzzard: MONet,2024-02-20 04:42:54.000,SciMax01,"60880",https://proto-9.pnl.gov/SciMax01/2024_1/60880_4_T_2_WEOM_r2_Mag_16Feb24_300SA_p01_33_1_15410,Released
1230880,"60921_4_T_1_WEOM_r3_Mag_21Feb24_300SA_p01_50_1_15500",Buzzard: MONet,2024-02-22 09:51:26.000,SciMax01,"60921",https://proto-9.pnl.gov/SciMax01/2024_1/60921_4_T_1_WEOM_r3_Mag_21Feb24_300SA_p01_50_1_15500,Released
1345064,"60929_2_BTM_3_MAOM_r1_Mag_19Feb25_3p3kV_300SA_p01_32_1_23484","",2025-02-22 11:02:46.000,SciMax01,"60929",https://proto-9.pnl.gov/SciMax01/2025_1/60929_2_BTM_3_MAOM_r1_Mag_19Feb25_3p3kV_300SA_p01_32_1_23484,Released
1180805,"60921_2_B_2_WEOM_1w_24_1_13418",Buzzard: 1w; Data needs to be reviewed,2023-08-30 06:41:54.000,SciMax01,"60921",https://proto-9.pnl.gov/SciMax01/2023_3/60921_2_B_2_WEOM_1w_24_1_13418,Released
1329093,"60923_6_TOP_1_MAOM_r1_Mag_27Dec24_3p3kV_300SA_p01_31_1_21191","",2024-12-28 02:39:20.000,SciMax01,"60923",https://proto-9.pnl.gov/SciMax01/2024_4/60923_6_TOP_1_MAOM_r1_Mag_27Dec24_3p3kV_300SA_p01_31_1_21191,Released
1339892,"60946_2_TOP_2_MAOM_r1_Mag_03Feb25_3p3kV_300SA_p01_36_1_22911","",2025-02-06 17:13:33.000,SciMax01,"60946",https://proto-9.pnl.gov/SciMax01/2025_1/60946_2_TOP_2_MAOM_r1_Mag_03Feb25_3p3kV_300SA_p01_36_1_22911,Released
1341616,"60932_3_BTM_2_MAOM_r3_Mag_10Feb25_3p3kV_300SA_p01_17_1_23182","",2025-02-13 05:32:00.000,SciMax01,"60932",https://proto-9.pnl.gov/SciMax01/2025_1/60932_3_BTM_2_MAOM_r3_Mag_10Feb25_3p3kV_300SA_p01_17_1_23182,Released
1231028,"60933_18_T_3_WEOM_r3_Mag_12Feb24_300SA_p01_45_1_15179",Buzzard: MONet,2024-02-15 12:08:34.000,SciMax01,"60933",https://proto-9.pnl.gov/SciMax01/2024_1/60933_18_T_3_WEOM_r3_Mag_12Feb24_300SA_p01_45_1_15179,Released
1337234,"60886_1_BTM_1_MAOM_r1_Mag_22Jan25_3p3kV_300SA_p01_10_1_22378","",2025-01-25 20:15:09.000,SciMax01,"60886",https://proto-9.pnl.gov/SciMax01/2025_1/60886_1_BTM_1_MAOM_r1_Mag_22Jan25_3p3kV_300SA_p01_10_1_22378,Released
1336741,"60923_17_TOP_1_MAOM_r2_Mag_22Jan25_3p3kV_300SA_p01_22_1_22273","",2025-01-23 21:24:37.000,SciMax01,"60923",https://proto-9.pnl.gov/SciMax01/2025_1/60923_17_TOP_1_MAOM_r2_Mag_22Jan25_3p3kV_300SA_p01_22_1_22273,Released
1330689,"60846_12_BTM_1_MAOM_r3_Mag_02Jan25_3p3kV_300SA_p01_22_1_21541","",2025-01-04 14:59:19.000,SciMax01,"60846",https://proto-9.pnl.gov/SciMax01/2025_1/60846_12_BTM_1_MAOM_r3_Mag_02Jan25_3p3kV_300SA_p01_22_1_21541,Released
1235749,QC_SRFAII_23_01_10ppm_WEOM_r3_Mag_07Mar24_300SA_p01_54_1_17085,Buzzard: MONet,2024-03-10 18:35:24.000,SciMax01,"60942",https://proto-9.pnl.gov/SciMax01/2024_1/QC_SRFAII_23_01_10ppm_WEOM_r3_Mag_07Mar24_300SA_p01_54_1_17085,Released
1217370,"60923_5_T_2_WEOM_r3_Mag_04Jan24_300SA_p01_37_1_14637",Buzzard: Use this data,2024-01-08 18:15:03.000,SciMax01,"60923",https://proto-9.pnl.gov/SciMax01/2024_1/60923_5_T_2_WEOM_r3_Mag_04Jan24_300SA_p01_37_1_14637,Released
1340572,"60938_4_TOP_2_MAOM_r1_Mag_03Feb25_3p3kV_300SA_p01_20_1_22786","",2025-02-04 09:31:06.000,SciMax01,"60938",https://proto-9.pnl.gov/SciMax01/2025_1/60938_4_TOP_2_MAOM_r1_Mag_03Feb25_3p3kV_300SA_p01_20_1_22786,Released
1484244,QC_SRFAII_25_02_r0_Mag_25Mar26_54_1_32608,"",2026-03-25 18:05:29.000,SciMax01,"61050",https://proto-9.pnl.gov/SciMax01/2026_1/QC_SRFAII_25_02_r0_Mag_25Mar26_54_1_32608,Released
1231269,"60846_12_B_1_WEOM_r2_Mag_16Feb24_300SA_p01_34_1_15311",Buzzard: MONet,2024-02-17 23:47:00.000,SciMax01,"60846",https://proto-9.pnl.gov/SciMax01/2024_1/60846_12_B_1_WEOM_r2_Mag_16Feb24_300SA_p01_34_1_15311,Released
1216162,"60923_6_B_1_WEOM_r1_Mag_26Dec23_300SA_p01_12_1_14207",Buzzard: Data is fine but queue stopped over holiday week so need to shim cell and will run the queue again,2023-12-27 10:43:15.000,SciMax01,"60923",https://proto-9.pnl.gov/SciMax01/2024_1/60923_6_B_1_WEOM_r1_Mag_26Dec23_300SA_p01_12_1_14207,Released
1090405,"1000s_SRFAII_02_31Oct22_Mag_300SA_p01_121_1_7134","",2022-10-31 15:17:50.000,SciMax01,"60141",https://proto-9.pnl.gov/SciMax01/2022_4/1000s_SRFAII_02_31Oct22_Mag_300SA_p01_121_1_7134,Released
1341209,"60932_3_TOP_1_MAOM_r1_Mag_10Feb25_3p3kV_300SA_p01_13_1_23081","",2025-02-11 08:29:34.000,SciMax01,"60932",https://proto-9.pnl.gov/SciMax01/2025_1/60932_3_TOP_1_MAOM_r1_Mag_10Feb25_3p3kV_300SA_p01_13_1_23081,Released
1235601,"60942_4_T_2_WEOM_r1_Mag_07Mar24_300SA_p01_19_1_17008",Buzzard: MONet,2024-03-08 15:36:15.000,SciMax01,"60942",https://proto-9.pnl.gov/SciMax01/2024_1/60942_4_T_2_WEOM_r1_Mag_07Mar24_300SA_p01_19_1_17008,Released
1236262,"60942_1_T_1_WEOM_r3_Mag_07Mar24_300SA_p01_1_1_17077",Buzzard: MONet,2024-03-10 15:02:41.000,SciMax01,"60942",https://proto-9.pnl.gov/SciMax01/2024_1/60942_1_T_1_WEOM_r3_Mag_07Mar24_300SA_p01_1_1_17077,Released
1328929,"60920_8_TOP_3_MAOM_r3_Mag_23Dec24_3p3kV_300SA_p01_35_1_21143","",2024-12-25 17:38:32.000,SciMax01,"60920",https://proto-9.pnl.gov/SciMax01/2024_4/60920_8_TOP_3_MAOM_r3_Mag_23Dec24_3p3kV_300SA_p01_35_1_21143,Released
1345061,"60929_2_BTM_1_MAOM_r3_Mag_19Feb25_3p3kV_300SA_p01_30_1_23575","",2025-02-24 22:12:47.000,SciMax01,"60929",https://proto-9.pnl.gov/SciMax01/2025_1/60929_2_BTM_1_MAOM_r3_Mag_19Feb25_3p3kV_300SA_p01_30_1_23575,Released
1330266,"60846_5_TOP_2_MAOM_r1_Mag_02Jan25_3p3kV_300SA_p01_8_1_21471","",2025-01-03 07:46:58.000,SciMax01,"60846",https://proto-9.pnl.gov/SciMax01/2025_1/60846_5_TOP_2_MAOM_r1_Mag_02Jan25_3p3kV_300SA_p01_8_1_21471,Released
1314721,"60923_1_T_1_MAOM_r2_Mag_01Nov24_300SA_4p2kV_p01_1_1_20192",Buzzard: Testing response after Instrument cell clean and lab move,2024-11-05 04:38:16.000,SciMax01,"60923",https://proto-9.pnl.gov/SciMax01/2024_4/60923_1_T_1_MAOM_r2_Mag_01Nov24_300SA_4p2kV_p01_1_1_20192,Released
1230793,QC_SRFAII_23_01_10ppm_r2_Mag_24Feb24_300SA_p01_54_1_15930,Buzzard: MONet,2024-02-24 19:17:14.000,SciMax01,"60932",https://proto-9.pnl.gov/SciMax01/2024_1/QC_SRFAII_23_01_10ppm_r2_Mag_24Feb24_300SA_p01_54_1_15930,Released
1235649,"60942_2_B_2_WEOM_r2_Mag_07Mar24_300SA_p01_11_1_17041",Buzzard: MONet,2024-03-09 14:06:09.000,SciMax01,"60942",https://proto-9.pnl.gov/SciMax01/2024_1/60942_2_B_2_WEOM_r2_Mag_07Mar24_300SA_p01_11_1_17041,Released
1328853,"60940_4_BTM_3_MAOM_r1_Mag_19Dec24_3p3kV_300SA_p01_24_1_20995","",2024-12-20 09:12:01.000,SciMax01,"60940",https://proto-9.pnl.gov/SciMax01/2024_4/60940_4_BTM_3_MAOM_r1_Mag_19Dec24_3p3kV_300SA_p01_24_1_20995,Released
1340601,"60938_6_TOP_1_MAOM_r2_Mag_03Feb25_3p3kV_300SA_p01_35_1_22800","",2025-02-04 15:45:50.000,SciMax01,"60938",https://proto-9.pnl.gov/SciMax01/2025_1/60938_6_TOP_1_MAOM_r2_Mag_03Feb25_3p3kV_300SA_p01_35_1_22800,Released
1235656,"60942_2_B_3_WEOM_r2_Mag_07Mar24_300SA_p01_12_1_17056",Buzzard: MONet,2024-03-09 20:45:02.000,SciMax01,"60942",https://proto-9.pnl.gov/SciMax01/2024_1/60942_2_B_3_WEOM_r2_Mag_07Mar24_300SA_p01_12_1_17056,Released
1330180,"60880_2_TOP_1_MAOM_r1_Mag_02Jan25_3p3kV_300SA_p01_41_1_21441","",2025-01-02 18:23:56.000,SciMax01,"60880",https://proto-9.pnl.gov/SciMax01/2025_1/60880_2_TOP_1_MAOM_r1_Mag_02Jan25_3p3kV_300SA_p01_41_1_21441,Released
1337214,"60923_16_TOP_3_MAOM_r3_Mag_22Jan25_3p3kV_300SA_p01_18_1_22369","",2025-01-25 16:14:51.000,SciMax01,"60923",https://proto-9.pnl.gov/SciMax01/2025_1/60923_16_TOP_3_MAOM_r3_Mag_22Jan25_3p3kV_300SA_p01_18_1_22369,Released
1335220,"60933_13_TOP_3_MAOM_r1_Mag_13Jan25_3p3kV_300SA_p01_19_1_21799","",2025-01-14 14:15:54.000,SciMax01,"60933",https://proto-9.pnl.gov/SciMax01/2025_1/60933_13_TOP_3_MAOM_r1_Mag_13Jan25_3p3kV_300SA_p01_19_1_21799,Released
1252942,"60881_3_B_3_WEOM_r2_Mag_01May24_300SA_p01_15_1_18191","",2024-05-05 08:16:12.000,SciMax01,"60929",https://proto-9.pnl.gov/SciMax01/2024_2/60881_3_B_3_WEOM_r2_Mag_01May24_300SA_p01_15_1_18191,Released
1236291,"60886_2_T_3_WEOM_r2_Mag_10Mar24_300SA_p01_9_1_17174",Buzzard: MONet,2024-03-12 10:54:05.000,SciMax01,"60886",https://proto-9.pnl.gov/SciMax01/2024_1/60886_2_T_3_WEOM_r2_Mag_10Mar24_300SA_p01_9_1_17174,Released
1490010,"20260414_QC_SRFA_A_r1_Mag_53_1_32681","",2026-04-14 12:50:02.000,SciMax01,"61050",https://proto-9.pnl.gov/SciMax01/2026_2/20260414_QC_SRFA_A_r1_Mag_53_1_32681,Released
1344787,"60920_1_TOP_3_MAOM_r1_Mag_19Feb25_3p3kV_300SA_p01_3_1_23369","",2025-02-20 07:46:07.000,SciMax01,"60920",https://proto-9.pnl.gov/SciMax01/2025_1/60920_1_TOP_3_MAOM_r1_Mag_19Feb25_3p3kV_300SA_p01_3_1_23369,Released
1349519,"60933_12_TOP_1_MAOM_r1_Mag_31Jan25_3p3kV_300SA_p01_7_1_22727","",2025-02-01 08:05:00.000,SciMax01,"60933",https://proto-9.pnl.gov/SciMax01/2025_1/60933_12_TOP_1_MAOM_r1_Mag_31Jan25_3p3kV_300SA_p01_7_1_22727,Released
1314826,QC_SRFAII_23_01_20ppm_MAOM_r0_Mag_01Nov24_300SA_3p3kV_p01_52_1_20155,Buzzard: Testing response after Instrument cell clean and lab move,2024-11-04 12:11:07.000,SciMax01,"60923",https://proto-9.pnl.gov/SciMax01/2024_4/QC_SRFAII_23_01_20ppm_MAOM_r0_Mag_01Nov24_300SA_3p3kV_p01_52_1_20155,Released
1329503,"60880_3_TOP_2_MAOM_r1_Mag_27Dec24_3p3kV_300SA_p01_2_1_21352","",2024-12-31 02:25:07.000,SciMax01,"60880",https://proto-9.pnl.gov/SciMax01/2024_4/60880_3_TOP_2_MAOM_r1_Mag_27Dec24_3p3kV_300SA_p01_2_1_21352,Released
1335254,"60933_11_BTM_1_MAOM_r1_Mag_13Jan25_3p3kV_300SA_p01_4_1_21828","",2025-01-15 03:13:14.000,SciMax01,"60933",https://proto-9.pnl.gov/SciMax01/2025_1/60933_11_BTM_1_MAOM_r1_Mag_13Jan25_3p3kV_300SA_p01_4_1_21828,Released
1329500,"60921_4_TOP_3_MAOM_r1_Mag_27Dec24_3p3kV_300SA_p01_23_1_21351","",2024-12-31 01:58:28.000,SciMax01,"60921",https://proto-9.pnl.gov/SciMax01/2024_4/60921_4_TOP_3_MAOM_r1_Mag_27Dec24_3p3kV_300SA_p01_23_1_21351,Released
1236333,"60886_6_B_2_WEOM_r3_Mag_10Mar24_300SA_p01_35_1_17241",Buzzard: MONet,2024-03-13 16:35:31.000,SciMax01,"60886",https://proto-9.pnl.gov/SciMax01/2024_1/60886_6_B_2_WEOM_r3_Mag_10Mar24_300SA_p01_35_1_17241,Released
1217421,"60923_14_T_3_WEOM_r2_Mag_04Jan24_300SA_p01_35_1_14592",Buzzard: Use this data,2024-01-07 22:18:25.000,SciMax01,"60923",https://proto-9.pnl.gov/SciMax01/2024_1/60923_14_T_3_WEOM_r2_Mag_04Jan24_300SA_p01_35_1_14592,Released
1328859,"60940_1_BTM_1_MAOM_r1_Mag_19Dec24_3p3kV_300SA_p01_4_1_20975","",2024-12-20 00:16:22.000,SciMax01,"60940",https://proto-9.pnl.gov/SciMax01/2024_4/60940_1_BTM_1_MAOM_r1_Mag_19Dec24_3p3kV_300SA_p01_4_1_20975,Released
1344847,"60929_1_BTM_2_MAOM_r3_Mag_19Feb25_3p3kV_300SA_p01_25_1_23568","",2025-02-24 19:05:46.000,SciMax01,"60929",https://proto-9.pnl.gov/SciMax01/2025_1/60929_1_BTM_2_MAOM_r3_Mag_19Feb25_3p3kV_300SA_p01_25_1_23568,Released
1340537,"60938_2_TOP_2_MAOM_r3_Mag_03Feb25_3p3kV_300SA_p01_8_1_22853","",2025-02-05 15:22:59.000,SciMax01,"60938",https://proto-9.pnl.gov/SciMax01/2025_1/60938_2_TOP_2_MAOM_r3_Mag_03Feb25_3p3kV_300SA_p01_8_1_22853,Released
1336914,"60923_15_TOP_1_MAOM_r2_Mag_22Jan25_3p3kV_300SA_p01_10_1_22301","",2025-01-24 09:53:48.000,SciMax01,"60923",https://proto-9.pnl.gov/SciMax01/2025_1/60923_15_TOP_1_MAOM_r2_Mag_22Jan25_3p3kV_300SA_p01_10_1_22301,Released
1330626,"60846_5_BTM_2_MAOM_r2_Mag_02Jan25_3p3kV_300SA_p01_11_1_21514","",2025-01-04 02:57:09.000,SciMax01,"60846",https://proto-9.pnl.gov/SciMax01/2025_1/60846_5_BTM_2_MAOM_r2_Mag_02Jan25_3p3kV_300SA_p01_11_1_21514,Released
1329147,"60923_7_BTM_2_MAOM_r2_Mag_27Dec24_3p3kV_300SA_p01_41_1_21242","",2024-12-29 01:22:54.000,SciMax01,"60923",https://proto-9.pnl.gov/SciMax01/2024_4/60923_7_BTM_2_MAOM_r2_Mag_27Dec24_3p3kV_300SA_p01_41_1_21242,Released
1230885,"60921_4_B_2_WEOM_r2_Mag_21Feb24_300SA_p01_3_1_15492",Buzzard: MONet,2024-02-22 06:18:43.000,SciMax01,"60921",https://proto-9.pnl.gov/SciMax01/2024_1/60921_4_B_2_WEOM_r2_Mag_21Feb24_300SA_p01_3_1_15492,Released
1252926,"60881_1_B_2_WEOM_r3_Mag_01May24_300SA_p01_2_1_18233","",2024-05-06 02:52:58.000,SciMax01,"60881",https://proto-9.pnl.gov/SciMax01/2024_2/60881_1_B_2_WEOM_r3_Mag_01May24_300SA_p01_2_1_18233,Released
1220735,"60938_6_T_2_WEOM_r1_Mag_18Jan24_300SA_p01_32_1_14795",Buzzard: MONet,2024-01-20 14:04:31.000,SciMax01,"60938",https://proto-9.pnl.gov/SciMax01/2024_1/60938_6_T_2_WEOM_r1_Mag_18Jan24_300SA_p01_32_1_14795,Released
1329437,"60921_4_BTM_2_MAOM_r1_Mag_27Dec24_3p3kV_300SA_p01_25_1_21330","",2024-12-30 16:36:41.000,SciMax01,"60921",https://proto-9.pnl.gov/SciMax01/2024_4/60921_4_BTM_2_MAOM_r1_Mag_27Dec24_3p3kV_300SA_p01_25_1_21330,Released
1235646,"60942_5_T_2_WEOM_r2_Mag_07Mar24_300SA_p01_25_1_17037",Buzzard: MONet,2024-03-09 12:19:49.000,SciMax01,"60942",https://proto-9.pnl.gov/SciMax01/2024_1/60942_5_T_2_WEOM_r2_Mag_07Mar24_300SA_p01_25_1_17037,Released
1337354,"60923_21_TOP_1_MAOM_r1_Mag_22Jan25_3p3kV_300SA_p01_1_1_22425","",2025-01-26 17:12:47.000,SciMax01,"60923",https://proto-9.pnl.gov/SciMax01/2025_1/60923_21_TOP_1_MAOM_r1_Mag_22Jan25_3p3kV_300SA_p01_1_1_22425,Released
1336129,"60933_17_BTM_1_MAOM_r1_Mag_13Jan25_3p3kV_300SA_p01_43_1_21796","",2025-01-14 12:55:41.000,SciMax01,"60933",https://proto-9.pnl.gov/SciMax01/2025_1/60933_17_BTM_1_MAOM_r1_Mag_13Jan25_3p3kV_300SA_p01_43_1_21796,Released
1217446,"60923_14_B_1_WEOM_r1_Mag_04Jan24_300SA_p01_28_1_14439",Buzzard: Use this data,2024-01-05 02:29:50.000,SciMax01,"60923",https://proto-9.pnl.gov/SciMax01/2024_1/60923_14_B_1_WEOM_r1_Mag_04Jan24_300SA_p01_28_1_14439,Released
1231083,"60933_19_B_1_WEOM_r1_Mag_12Feb24_300SA_p01_1_1_15082",Buzzard: MONet,2024-02-13 17:09:25.000,SciMax01,"60933",https://proto-9.pnl.gov/SciMax01/2024_1/60933_19_B_1_WEOM_r1_Mag_12Feb24_300SA_p01_1_1_15082,Released
1217450,"60923_10_T_1_WEOM_r2_Mag_04Jan24_300SA_p01_19_1_14522",Buzzard: Use this data,2024-01-06 15:16:49.000,SciMax01,"60923",https://proto-9.pnl.gov/SciMax01/2024_1/60923_10_T_1_WEOM_r2_Mag_04Jan24_300SA_p01_19_1_14522,Released
1235693,"60942_2_B_2_WEOM_r3_Mag_07Mar24_300SA_p01_11_1_17104",Buzzard: MONet,2024-03-11 03:00:37.000,SciMax01,"60942",https://proto-9.pnl.gov/SciMax01/2024_1/60942_2_B_2_WEOM_r3_Mag_07Mar24_300SA_p01_11_1_17104,Released
1215941,QC_SRFAII_23_01_20ppm_r1_Mag_21Dec23_300SA_p01_54_1_14052,Data needs to be reviewed,2023-12-22 21:39:06.000,SciMax01,"60920",https://proto-9.pnl.gov/SciMax01/2024_1/QC_SRFAII_23_01_20ppm_r1_Mag_21Dec23_300SA_p01_54_1_14052,Released
1253642,"60940_4_T_2_WEOM_r1_Mag_10May24_300SA_p01_17_1_18305","",2024-05-11 10:53:35.000,SciMax01,"60940",https://proto-9.pnl.gov/SciMax01/2024_2/60940_4_T_2_WEOM_r1_Mag_10May24_300SA_p01_17_1_18305,Released
1252893,"60881_6_B_1_WEOM_r3_Mag_01May24_300SA_p01_30_1_18250","",2024-05-06 10:25:03.000,SciMax01,"60881",https://proto-9.pnl.gov/SciMax01/2024_2/60881_6_B_1_WEOM_r3_Mag_01May24_300SA_p01_30_1_18250,Released
1234625,"60923_18_T_2_WEOM_r3_Mag_04Mar24_300SA_p01_20_1_16923",Buzzard: MONet,2024-03-07 01:21:33.000,SciMax01,"60923",https://proto-9.pnl.gov/SciMax01/2024_1/60923_18_T_2_WEOM_r3_Mag_04Mar24_300SA_p01_20_1_16923,Released
1090413,"1000s_SRFAII_20ppm_01_29Oct22_Mag_300SA_p01_153_1_7103",Buzzard: QC's and blanks,2022-10-30 06:56:03.000,SciMax01,"60141",https://proto-9.pnl.gov/SciMax01/2022_4/1000s_SRFAII_20ppm_01_29Oct22_Mag_300SA_p01_153_1_7103,Released
1230966,"60880_4_B_1_WEOM_r3_Mag_16Feb24_300SA_p01_35_1_15447",Buzzard: MONet,2024-02-20 21:06:43.000,SciMax01,"60880",https://proto-9.pnl.gov/SciMax01/2024_1/60880_4_B_1_WEOM_r3_Mag_16Feb24_300SA_p01_35_1_15447,Released
1331031,"60933_2_BTM_1_MAOM_r2_Mag_05Jan25_3p3kV_300SA_p01_7_1_21682","",2025-01-07 05:51:15.000,SciMax01,"60933",https://proto-9.pnl.gov/SciMax01/2025_1/60933_2_BTM_1_MAOM_r2_Mag_05Jan25_3p3kV_300SA_p01_7_1_21682,Released
1234567,"60923_18_B_2_WEOM_r2_Mag_04Mar24_300SA_p01_23_1_16861",Buzzard: MONet,2024-03-05 21:52:59.000,SciMax01,"60923",https://proto-9.pnl.gov/SciMax01/2024_1/60923_18_B_2_WEOM_r2_Mag_04Mar24_300SA_p01_23_1_16861,Released
1217469,"60923_12_T_1_WEOM_r1_Mag_04Jan24_300SA_p01_23_1_14424",Buzzard: Use this data,2024-01-04 19:50:59.000,SciMax01,"60923",https://proto-9.pnl.gov/SciMax01/2024_1/60923_12_T_1_WEOM_r1_Mag_04Jan24_300SA_p01_23_1_14424,Released
1335230,"60923_8_TOP_2_MAOM_r2_Mag_13Jan25_3p3kV_300SA_p01_14_1_22019","",2025-01-18 16:25:41.000,SciMax01,"60923",https://proto-9.pnl.gov/SciMax01/2025_1/60923_8_TOP_2_MAOM_r2_Mag_13Jan25_3p3kV_300SA_p01_14_1_22019,Released
1165416,MONet_Test_HCl_G_3_pls-10ppmSRFAII_fir_r2_07Jul23_300SA_p1_19_1_8748,Buzzard: Just testing samples tubes,2023-07-07 20:44:43.000,"15T_FTICR_I","60141",https://proto-9.pnl.gov/15T_FTICR_I/2023_3/MONet_Test_HCl_G_3_pls-10ppmSRFAII_fir_r2_07Jul23_300SA_p1_19_1_8748,Released
1235613,"60942_4_T_3_WEOM_r3_Mag_07Mar24_300SA_p01_20_1_17082",Buzzard: MONet,2024-03-10 17:15:37.000,SciMax01,"60942",https://proto-9.pnl.gov/SciMax01/2024_1/60942_4_T_3_WEOM_r3_Mag_07Mar24_300SA_p01_20_1_17082,Released
1329129,"60923_1_TOP_3_MAOM_r1_Mag_27Dec24_3p3kV_300SA_p01_3_1_21194","",2024-12-28 03:59:42.000,SciMax01,"60923",https://proto-9.pnl.gov/SciMax01/2024_4/60923_1_TOP_3_MAOM_r1_Mag_27Dec24_3p3kV_300SA_p01_3_1_21194,Released
1336056,"60933_5_BTM_2_MAOM_r3_Mag_20Jan25_3p3kV_300SA_p01_30_1_22154","",2025-01-21 09:30:45.000,SciMax01,"60933",https://proto-9.pnl.gov/SciMax01/2025_1/60933_5_BTM_2_MAOM_r3_Mag_20Jan25_3p3kV_300SA_p01_30_1_22154,Released
1220962,"60938_6_T_3_WEOM_r3_Mag_18Jan24_300SA_p01_33_1_14993",Buzzard: MONet,2024-01-24 05:49:41.000,SciMax01,"60938",https://proto-9.pnl.gov/SciMax01/2024_1/60938_6_T_3_WEOM_r3_Mag_18Jan24_300SA_p01_33_1_14993,Released
1231091,QC_SRFAII_23_01_10ppm_r3_Mag_12Feb24_300SA_p01_54_1_15202,Buzzard: MONet,2024-02-15 22:20:13.000,SciMax01,"60933",https://proto-9.pnl.gov/SciMax01/2024_1/QC_SRFAII_23_01_10ppm_r3_Mag_12Feb24_300SA_p01_54_1_15202,Released
1336368,"60923_13_BTM_1_MAOM_r1_Mag_22Jan25_3p3kV_300SA_p01_1_1_22232","",2025-01-23 03:07:14.000,SciMax01,"60923",https://proto-9.pnl.gov/SciMax01/2025_1/60923_13_BTM_1_MAOM_r1_Mag_22Jan25_3p3kV_300SA_p01_1_1_22232,Released
1344967,"60920_4_TOP_2_MAOM_r1_Mag_19Feb25_3p3kV_300SA_p01_20_1_23356","",2025-02-20 01:58:27.000,SciMax01,"60920",https://proto-9.pnl.gov/SciMax01/2025_1/60920_4_TOP_2_MAOM_r1_Mag_19Feb25_3p3kV_300SA_p01_20_1_23356,Released
1337260,"60886_5_BTM_3_MAOM_r1_Mag_22Jan25_3p3kV_300SA_p01_39_1_22387","",2025-01-26 00:16:16.000,SciMax01,"60886",https://proto-9.pnl.gov/SciMax01/2025_1/60886_5_BTM_3_MAOM_r1_Mag_22Jan25_3p3kV_300SA_p01_39_1_22387,Released
1335276,"60933_12_BTM_1_MAOM_r2_Mag_13Jan25_3p3kV_300SA_p01_10_1_21872","",2025-01-15 22:51:35.000,SciMax01,"60933",https://proto-9.pnl.gov/SciMax01/2025_1/60933_12_BTM_1_MAOM_r2_Mag_13Jan25_3p3kV_300SA_p01_10_1_21872,Released
1314731,"60923_1_B_3_MAOM_r2_Mag_01Nov24_300SA_4p2kV_p01_6_1_20195",Buzzard: Testing response after Instrument cell clean and lab move,2024-11-05 05:58:08.000,SciMax01,"60923",https://proto-9.pnl.gov/SciMax01/2024_4/60923_1_B_3_MAOM_r2_Mag_01Nov24_300SA_4p2kV_p01_6_1_20195,Released
1344917,"60942_2_BTM_1_MAOM_r1_Mag_19Feb25_3p3kV_300SA_p01_16_1_23496","",2025-02-22 16:24:05.000,SciMax01,"60942",https://proto-9.pnl.gov/SciMax01/2025_1/60942_2_BTM_1_MAOM_r1_Mag_19Feb25_3p3kV_300SA_p01_16_1_23496,Released
1337410,"60886_1_TOP_3_MAOM_r2_Mag_22Jan25_3p3kV_300SA_p01_9_1_22448","",2025-01-27 03:27:41.000,SciMax01,"60886",https://proto-9.pnl.gov/SciMax01/2025_1/60886_1_TOP_3_MAOM_r2_Mag_22Jan25_3p3kV_300SA_p01_9_1_22448,Released
1221041,QC_SRFAII_23_01_20ppm_r1_Mag_18Jan24_300SA_p01_54_1_14752,Buzzard: MONet,2024-01-19 19:01:04.000,SciMax01,"60938",https://proto-9.pnl.gov/SciMax01/2024_1/QC_SRFAII_23_01_20ppm_r1_Mag_18Jan24_300SA_p01_54_1_14752,Released
1230835,"60932_1_B_3_WEOM_r2_Mag_21Feb24_300SA_p01_3_1_15901",Buzzard: MONet,2024-02-24 00:53:34.000,SciMax01,"60932",https://proto-9.pnl.gov/SciMax01/2024_1/60932_1_B_3_WEOM_r2_Mag_21Feb24_300SA_p01_3_1_15901,Released
1216073,"60923_12_B_2_WEOM_r2_Mag_26Dec23_300SA_p01_4_1_14330",Buzzard: Data is fine but queue stopped over holiday week so need to shim cell and will run the queue again,2023-12-29 17:13:52.000,SciMax01,"60923",https://proto-9.pnl.gov/SciMax01/2024_1/60923_12_B_2_WEOM_r2_Mag_26Dec23_300SA_p01_4_1_14330,Released
1337580,"60886_4_TOP_2_MAOM_r2_Mag_22Jan25_3p3kV_300SA_p01_30_1_22472","",2025-01-27 14:10:04.000,SciMax01,"60886",https://proto-9.pnl.gov/SciMax01/2025_1/60886_4_TOP_2_MAOM_r2_Mag_22Jan25_3p3kV_300SA_p01_30_1_22472,Released
1329149,"60923_3_TOP_2_MAOM_r1_Mag_27Dec24_3p3kV_300SA_p01_14_1_21171","",2024-12-27 17:44:33.000,SciMax01,"60923",https://proto-9.pnl.gov/SciMax01/2024_4/60923_3_TOP_2_MAOM_r1_Mag_27Dec24_3p3kV_300SA_p01_14_1_21171,Released
1341672,"60932_3_BTM_3_MAOM_r3_Mag_10Feb25_3p3kV_300SA_p01_18_1_23189","",2025-02-13 08:38:42.000,SciMax01,"60932",https://proto-9.pnl.gov/SciMax01/2025_1/60932_3_BTM_3_MAOM_r3_Mag_10Feb25_3p3kV_300SA_p01_18_1_23189,Released
1342053,"60881_5_BTM_3_MAOM_r3_Mag_10Feb25_3p3kV_300SA_p01_30_1_23286","",2025-02-15 03:53:56.000,SciMax01,"60881",https://proto-9.pnl.gov/SciMax01/2025_1/60881_5_BTM_3_MAOM_r3_Mag_10Feb25_3p3kV_300SA_p01_30_1_23286,Released
1328901,"60921_2_TOP_Combo_WEOM_r2_Mag_23Dec24_3p3kV_300SA_p01_51_1_21020",Buzzard: combo samples,2024-12-23 10:48:50.000,SciMax01,"60921",https://proto-9.pnl.gov/SciMax01/2024_4/60921_2_TOP_Combo_WEOM_r2_Mag_23Dec24_3p3kV_300SA_p01_51_1_21020,Released
1230716,"60932_5_T_1_WEOM_r3_Mag_24Feb24_300SA_p01_21_1_16011",Buzzard: MONet,2024-02-26 07:11:05.000,SciMax01,"60932",https://proto-9.pnl.gov/SciMax01/2024_1/60932_5_T_1_WEOM_r3_Mag_24Feb24_300SA_p01_21_1_16011,Released
1341225,"60932_4_TOP_2_MAOM_r1_Mag_10Feb25_3p3kV_300SA_p01_20_1_23087","",2025-02-11 11:09:50.000,SciMax01,"60932",https://proto-9.pnl.gov/SciMax01/2025_1/60932_4_TOP_2_MAOM_r1_Mag_10Feb25_3p3kV_300SA_p01_20_1_23087,Released
1335394,"60923_9_TOP_2_MAOM_r2_Mag_13Jan25_3p3kV_300SA_p01_20_1_22015","",2025-01-18 14:38:39.000,SciMax01,"60923",https://proto-9.pnl.gov/SciMax01/2025_1/60923_9_TOP_2_MAOM_r2_Mag_13Jan25_3p3kV_300SA_p01_20_1_22015,Released
1216037,"60923_14_T_2_WEOM_r1_Mag_26Dec23_300SA_p01_7_1_14242",Buzzard: Data is fine but queue stopped over holiday week so need to shim cell and will run the queue again,2023-12-28 02:13:54.000,SciMax01,"60923",https://proto-9.pnl.gov/SciMax01/2024_1/60923_14_T_2_WEOM_r1_Mag_26Dec23_300SA_p01_7_1_14242,Released
1231142,"60933_19_B_1_WEOM_r2_Mag_12Feb24_300SA_p01_1_1_15147",Buzzard: MONet,2024-02-14 21:57:45.000,SciMax01,"60933",https://proto-9.pnl.gov/SciMax01/2024_1/60933_19_B_1_WEOM_r2_Mag_12Feb24_300SA_p01_1_1_15147,Released
1217273,"60923_6_T_2_WEOM_r3_Mag_04Jan24_300SA_p01_39_1_14645",Buzzard: Use this data,2024-01-08 21:47:47.000,SciMax01,"60923",https://proto-9.pnl.gov/SciMax01/2024_1/60923_6_T_2_WEOM_r3_Mag_04Jan24_300SA_p01_39_1_14645,Released
1329128,"60923_2_BTM_2_MAOM_r3_Mag_27Dec24_3p3kV_300SA_p01_11_1_21279","",2024-12-29 17:52:48.000,SciMax01,"60923",https://proto-9.pnl.gov/SciMax01/2024_4/60923_2_BTM_2_MAOM_r3_Mag_27Dec24_3p3kV_300SA_p01_11_1_21279,Released
1220677,"60933_8_T_2_WEOM_r2_Mag_18Jan24_300SA_p01_41_1_14822",Buzzard: MONet,2024-01-21 02:02:33.000,SciMax01,"60933",https://proto-9.pnl.gov/SciMax01/2024_1/60933_8_T_2_WEOM_r2_Mag_18Jan24_300SA_p01_41_1_14822,Released
1314751,"60923_1_T_3_MAOM_r1_Mag_01Nov24_300SA_3p3kV_p01_3_1_20169",Buzzard: Testing response after Instrument cell clean and lab move,2024-11-04 18:24:32.000,SciMax01,"60923",https://proto-9.pnl.gov/SciMax01/2024_4/60923_1_T_3_MAOM_r1_Mag_01Nov24_300SA_3p3kV_p01_3_1_20169,Released
1337231,"60886_3_BTM_1_MAOM_r1_Mag_22Jan25_3p3kV_300SA_p01_26_1_22377","",2025-01-25 19:48:32.000,SciMax01,"60886",https://proto-9.pnl.gov/SciMax01/2025_1/60886_3_BTM_1_MAOM_r1_Mag_22Jan25_3p3kV_300SA_p01_26_1_22377,Released
1329138,"60923_4_BTM_2_MAOM_r1_Mag_27Dec24_3p3kV_300SA_p01_23_1_21211","",2024-12-28 11:33:39.000,SciMax01,"60923",https://proto-9.pnl.gov/SciMax01/2024_4/60923_4_BTM_2_MAOM_r1_Mag_27Dec24_3p3kV_300SA_p01_23_1_21211,Released
1236331,"60886_4_T_3_WEOM_r3_Mag_10Mar24_300SA_p01_21_1_17249",Buzzard: MONet,2024-03-13 20:08:15.000,SciMax01,"60886",https://proto-9.pnl.gov/SciMax01/2024_1/60886_4_T_3_WEOM_r3_Mag_10Mar24_300SA_p01_21_1_17249,Released
1338501,"60923_13_TOP_2_MAOM_r2_Mag_29Jan25_3p3kV_300SA_p01_47_1_22634","",2025-01-30 14:36:38.000,SciMax01,"60923",https://proto-9.pnl.gov/SciMax01/2025_1/60923_13_TOP_2_MAOM_r2_Mag_29Jan25_3p3kV_300SA_p01_47_1_22634,Released
1220650,"60938_1_T_1_WEOM_r1_Mag_18Jan24_300SA_p01_1_1_14778",Buzzard: MONet,2024-01-20 06:32:27.000,SciMax01,"60938",https://proto-9.pnl.gov/SciMax01/2024_1/60938_1_T_1_WEOM_r1_Mag_18Jan24_300SA_p01_1_1_14778,Released
1217333,"60923_6_T_3_WEOM_r3_Mag_04Jan24_300SA_p01_19_1_14676",Buzzard: Use this data,2024-01-09 11:32:04.000,SciMax01,"60923",https://proto-9.pnl.gov/SciMax01/2024_1/60923_6_T_3_WEOM_r3_Mag_04Jan24_300SA_p01_19_1_14676,Released
1314891,QC_SRFAII_23_01_20ppm_r1_Mag_01Nov24_4p2kV_p01_54_1_20114,Buzzard: Testing response after Instrument cell clean and lab move,2024-11-02 08:13:28.000,SciMax01,"60938",https://proto-9.pnl.gov/SciMax01/2024_4/QC_SRFAII_23_01_20ppm_r1_Mag_01Nov24_4p2kV_p01_54_1_20114,Released
1329006,"60940_1_BTM_1_MAOM_r3_Mag_23Dec24_3p3kV_300SA_p01_4_1_21122","",2024-12-25 08:16:39.000,SciMax01,"60940",https://proto-9.pnl.gov/SciMax01/2024_4/60940_1_BTM_1_MAOM_r3_Mag_23Dec24_3p3kV_300SA_p01_4_1_21122,Released
1331094,"60933_3_BTM_1_MAOM_r2_Mag_05Jan25_3p3kV_300SA_p01_13_1_21696","",2025-01-07 12:05:51.000,SciMax01,"60933",https://proto-9.pnl.gov/SciMax01/2025_1/60933_3_BTM_1_MAOM_r2_Mag_05Jan25_3p3kV_300SA_p01_13_1_21696,Released
1235629,"60942_4_B_3_WEOM_r1_Mag_07Mar24_300SA_p01_23_1_16984",Buzzard: MONet,2024-03-08 04:56:42.000,SciMax01,"60942",https://proto-9.pnl.gov/SciMax01/2024_1/60942_4_B_3_WEOM_r1_Mag_07Mar24_300SA_p01_23_1_16984,Released
1216036,"60923_13_T_1_WEOM_r1_Mag_26Dec23_300SA_p01_25_1_14224",Buzzard: Data is fine but queue stopped over holiday week so need to shim cell and will run the queue again,2023-12-27 18:15:16.000,SciMax01,"60923",https://proto-9.pnl.gov/SciMax01/2024_1/60923_13_T_1_WEOM_r1_Mag_26Dec23_300SA_p01_25_1_14224,Released
1253693,"60940_4_T_1_WEOM_r3_Mag_10May24_300SA_p01_16_1_18352","",2024-05-12 07:43:18.000,SciMax01,"60940",https://proto-9.pnl.gov/SciMax01/2024_2/60940_4_T_1_WEOM_r3_Mag_10May24_300SA_p01_16_1_18352,Released
1481350,QC_SRFAII_25_02_r0_Mag_12Mar26_54_1_32480,"",2026-03-12 16:46:43.000,SciMax01,"61050",https://proto-9.pnl.gov/SciMax01/2026_1/QC_SRFAII_25_02_r0_Mag_12Mar26_54_1_32480,Released
1217459,"60923_1_B_3_WEOM_r2_Mag_04Jan24_300SA_p01_10_1_14568",Buzzard: Use this data,2024-01-07 11:40:10.000,SciMax01,"60923",https://proto-9.pnl.gov/SciMax01/2024_1/60923_1_B_3_WEOM_r2_Mag_04Jan24_300SA_p01_10_1_14568,Released
1216012,"60923_14_T_2_WEOM_r2_Mag_26Dec23_300SA_p01_7_1_14329",Buzzard: Data is fine but queue stopped over holiday week so need to shim cell and will run the queue again,2023-12-29 16:47:17.000,SciMax01,"60923",https://proto-9.pnl.gov/SciMax01/2024_1/60923_14_T_2_WEOM_r2_Mag_26Dec23_300SA_p01_7_1_14329,Released
1220582,"60938_3_B_1_WEOM_r1_Mag_18Jan24_300SA_p01_16_1_14759",Buzzard: MONet,2024-01-19 22:07:12.000,SciMax01,"60938",https://proto-9.pnl.gov/SciMax01/2024_1/60938_3_B_1_WEOM_r1_Mag_18Jan24_300SA_p01_16_1_14759,Released
1220556,"60933_2_T_1_WEOM_r1_Mag_18Jan24_300SA_p01_4_1_14744",Buzzard: MONet,2024-01-19 15:28:19.000,SciMax01,"60933",https://proto-9.pnl.gov/SciMax01/2024_1/60933_2_T_1_WEOM_r1_Mag_18Jan24_300SA_p01_4_1_14744,Released
1335264,"60933_11_TOP_2_MAOM_r3_Mag_13Jan25_3p3kV_300SA_p01_2_1_21912","",2025-01-16 16:42:02.000,SciMax01,"60933",https://proto-9.pnl.gov/SciMax01/2025_1/60933_11_TOP_2_MAOM_r3_Mag_13Jan25_3p3kV_300SA_p01_2_1_21912,Released
1330515,"60846_17_TOP_3_MAOM_r1_Mag_02Jan25_3p3kV_300SA_p01_31_1_21474","",2025-01-03 09:07:10.000,SciMax01,"60846",https://proto-9.pnl.gov/SciMax01/2025_1/60846_17_TOP_3_MAOM_r1_Mag_02Jan25_3p3kV_300SA_p01_31_1_21474,Released
1230945,"60846_12_T_2_WEOM_r3_Mag_16Feb24_300SA_p01_32_1_15357",Buzzard: MONet,2024-02-19 05:13:37.000,SciMax01,"60846",https://proto-9.pnl.gov/SciMax01/2024_1/60846_12_T_2_WEOM_r3_Mag_16Feb24_300SA_p01_32_1_15357,Released
1230726,"60932_2_B_1_WEOM_r3_Mag_24Feb24_300SA_p01_6_1_16008",Buzzard: MONet,2024-02-26 05:51:19.000,SciMax01,"60932",https://proto-9.pnl.gov/SciMax01/2024_1/60932_2_B_1_WEOM_r3_Mag_24Feb24_300SA_p01_6_1_16008,Released
1215897,"60920_7_T_1_WEOM_r2_Mag_21Dec23_300SA_p01_13_1_14080",Data needs to be reviewed,2023-12-23 10:03:42.000,SciMax01,"60920",https://proto-9.pnl.gov/SciMax01/2024_1/60920_7_T_1_WEOM_r2_Mag_21Dec23_300SA_p01_13_1_14080,Released
1180811,"60921_1_B_1_WEOM_1w_18_1_13409",Buzzard: 1w; Data needs to be reviewed,2023-08-30 02:42:34.000,SciMax01,"60921",https://proto-9.pnl.gov/SciMax01/2023_3/60921_1_B_1_WEOM_1w_18_1_13409,Released
1341243,"60932_2_TOP_1_MAOM_r1_Mag_10Feb25_3p3kV_300SA_p01_7_1_23094","",2025-02-11 14:17:04.000,SciMax01,"60932",https://proto-9.pnl.gov/SciMax01/2025_1/60932_2_TOP_1_MAOM_r1_Mag_10Feb25_3p3kV_300SA_p01_7_1_23094,Released
1330891,"60933_4_TOP_1_MAOM_r1_Mag_05Jan25_3p3kV_300SA_p01_16_1_21640","",2025-01-06 11:08:03.000,SciMax01,"60933",https://proto-9.pnl.gov/SciMax01/2025_1/60933_4_TOP_1_MAOM_r1_Mag_05Jan25_3p3kV_300SA_p01_16_1_21640,Released
1217454,"60923_2_B_2_WEOM_r3_Mag_04Jan24_300SA_p01_32_1_14633",Buzzard: Use this data,2024-01-08 16:28:41.000,SciMax01,"60923",https://proto-9.pnl.gov/SciMax01/2024_1/60923_2_B_2_WEOM_r3_Mag_04Jan24_300SA_p01_32_1_14633,Released
1345048,"60929_3_TOP_3_MAOM_r3_Mag_19Feb25_3p3kV_300SA_p01_35_1_23574","",2025-02-24 21:46:10.000,SciMax01,"60929",https://proto-9.pnl.gov/SciMax01/2025_1/60929_3_TOP_3_MAOM_r3_Mag_19Feb25_3p3kV_300SA_p01_35_1_23574,Released
1340209,"60942_4_BTM_1_MAOM_r2_Mag_03Feb25_3p3kV_300SA_p01_10_1_22972","",2025-02-07 20:25:20.000,SciMax01,"60942",https://proto-9.pnl.gov/SciMax01/2025_1/60942_4_BTM_1_MAOM_r2_Mag_03Feb25_3p3kV_300SA_p01_10_1_22972,Released
1230927,"60880_1_T_3_WEOM_r3_Mag_16Feb24_300SA_p01_17_1_15442",Buzzard: MONet,2024-02-20 18:53:47.000,SciMax01,"60880",https://proto-9.pnl.gov/SciMax01/2024_1/60880_1_T_3_WEOM_r3_Mag_16Feb24_300SA_p01_17_1_15442,Released
1217401,"60923_13_B_1_WEOM_r2_Mag_04Jan24_300SA_p01_26_1_14523",Buzzard: Use this data,2024-01-06 15:43:25.000,SciMax01,"60923",https://proto-9.pnl.gov/SciMax01/2024_1/60923_13_B_1_WEOM_r2_Mag_04Jan24_300SA_p01_26_1_14523,Released
1215896,"60920_11_T_1_WEOM_r1_Mag_21Dec23_300SA_p01_19_1_13987",Data needs to be reviewed,2023-12-21 16:50:41.000,SciMax01,"60920",https://proto-9.pnl.gov/SciMax01/2024_1/60920_11_T_1_WEOM_r1_Mag_21Dec23_300SA_p01_19_1_13987,Released
1329102,"60923_7_TOP_3_MAOM_r3_Mag_27Dec24_3p3kV_300SA_p01_39_1_21281","",2024-12-29 18:46:22.000,SciMax01,"60923",https://proto-9.pnl.gov/SciMax01/2024_4/60923_7_TOP_3_MAOM_r3_Mag_27Dec24_3p3kV_300SA_p01_39_1_21281,Released
1342108,"60881_4_BTM_3_MAOM_r3_Mag_10Feb25_3p3kV_300SA_p01_24_1_23303","",2025-02-15 11:29:03.000,SciMax01,"60881",https://proto-9.pnl.gov/SciMax01/2025_1/60881_4_BTM_3_MAOM_r3_Mag_10Feb25_3p3kV_300SA_p01_24_1_23303,Released
1230701,"60932_3_B_2_WEOM_r2_Mag_24Feb24_300SA_p01_13_1_15962",Buzzard: MONet,2024-02-25 09:28:12.000,SciMax01,"60932",https://proto-9.pnl.gov/SciMax01/2024_1/60932_3_B_2_WEOM_r2_Mag_24Feb24_300SA_p01_13_1_15962,Released
1336429,"60923_13_BTM_3_MAOM_r2_Mag_22Jan25_3p3kV_300SA_p01_3_1_22257","",2025-01-23 14:16:09.000,SciMax01,"60923",https://proto-9.pnl.gov/SciMax01/2025_1/60923_13_BTM_3_MAOM_r2_Mag_22Jan25_3p3kV_300SA_p01_3_1_22257,Released
1335266,"60933_15_TOP_1_MAOM_r3_Mag_13Jan25_3p3kV_300SA_p01_29_1_21935","",2025-01-17 02:57:32.000,SciMax01,"60933",https://proto-9.pnl.gov/SciMax01/2025_1/60933_15_TOP_1_MAOM_r3_Mag_13Jan25_3p3kV_300SA_p01_29_1_21935,Released
1342062,"60881_6_BTM_1_MAOM_r3_Mag_10Feb25_3p3kV_300SA_p01_34_1_23289","",2025-02-15 05:14:39.000,SciMax01,"60881",https://proto-9.pnl.gov/SciMax01/2025_1/60881_6_BTM_1_MAOM_r3_Mag_10Feb25_3p3kV_300SA_p01_34_1_23289,Released
1215994,"60920_6_T_1_WEOM_r3_Mag_21Dec23_300SA_p01_11_1_14147",Data needs to be reviewed,2023-12-25 16:52:37.000,SciMax01,"60920",https://proto-9.pnl.gov/SciMax01/2024_1/60920_6_T_1_WEOM_r3_Mag_21Dec23_300SA_p01_11_1_14147,Released
1335370,"60933_11_BTM_2_MAOM_r1_Mag_13Jan25_3p3kV_300SA_p01_5_1_21818","",2025-01-14 22:44:39.000,SciMax01,"60933",https://proto-9.pnl.gov/SciMax01/2025_1/60933_11_BTM_2_MAOM_r1_Mag_13Jan25_3p3kV_300SA_p01_5_1_21818,Released
1481407,QC_SRFAII_25_02_r1_Mag_13Mar26_54_1_32574,"",2026-03-14 03:08:41.000,SciMax01,"61050",https://proto-9.pnl.gov/SciMax01/2026_1/QC_SRFAII_25_02_r1_Mag_13Mar26_54_1_32574,Released
1338808,"60923_11_TOP_2_MAOM_r3_Mag_29Jan25_3p3kV_300SA_p01_32_1_22701","",2025-01-31 20:29:15.000,SciMax01,"60923",https://proto-9.pnl.gov/SciMax01/2025_1/60923_11_TOP_2_MAOM_r3_Mag_29Jan25_3p3kV_300SA_p01_32_1_22701,Released
1328955,"60940_2_BTM_3_MAOM_r3_Mag_23Dec24_3p3kV_300SA_p01_12_1_21106","",2024-12-25 01:08:39.000,SciMax01,"60940",https://proto-9.pnl.gov/SciMax01/2024_4/60940_2_BTM_3_MAOM_r3_Mag_23Dec24_3p3kV_300SA_p01_12_1_21106,Released
1341399,"60932_6_BTM_3_MAOM_r3_Mag_10Feb25_3p3kV_300SA_p01_40_1_23145","",2025-02-12 13:02:11.000,SciMax01,"60932",https://proto-9.pnl.gov/SciMax01/2025_1/60932_6_BTM_3_MAOM_r3_Mag_10Feb25_3p3kV_300SA_p01_40_1_23145,Released
1220652,"60933_4_B_3_WEOM_r1_Mag_18Jan24_300SA_p01_21_1_14711",Buzzard: MONet,2024-01-19 00:50:48.000,SciMax01,"60933",https://proto-9.pnl.gov/SciMax01/2024_1/60933_4_B_3_WEOM_r1_Mag_18Jan24_300SA_p01_21_1_14711,Released
1336064,"60933_9_TOP_2_MAOM_r3_Mag_20Jan25_3p3kV_300SA_p01_48_1_22149","",2025-01-21 07:17:27.000,SciMax01,"60933",https://proto-9.pnl.gov/SciMax01/2025_1/60933_9_TOP_2_MAOM_r3_Mag_20Jan25_3p3kV_300SA_p01_48_1_22149,Released
1216102,"60923_13_B_1_WEOM_r1_Mag_26Dec23_300SA_p01_26_1_14231",Buzzard: Data is fine but queue stopped over holiday week so need to shim cell and will run the queue again,2023-12-27 21:21:23.000,SciMax01,"60923",https://proto-9.pnl.gov/SciMax01/2024_1/60923_13_B_1_WEOM_r1_Mag_26Dec23_300SA_p01_26_1_14231,Released
1231190,QC_SRFAII_23_01_10ppm_r3_Mag_12Feb24_300SA_p01_54_1_15180,Buzzard: MONet,2024-02-15 12:35:10.000,SciMax01,"60933",https://proto-9.pnl.gov/SciMax01/2024_1/QC_SRFAII_23_01_10ppm_r3_Mag_12Feb24_300SA_p01_54_1_15180,Released
1340314,"60946_1_BTM_2_MAOM_r3_Mag_03Feb25_3p3kV_300SA_p01_33_1_23002","",2025-02-08 09:48:03.000,SciMax01,"60946",https://proto-9.pnl.gov/SciMax01/2025_1/60946_1_BTM_2_MAOM_r3_Mag_03Feb25_3p3kV_300SA_p01_33_1_23002,Released
1337372,"60886_4_TOP_1_MAOM_r2_Mag_22Jan25_3p3kV_300SA_p01_29_1_22432","",2025-01-26 20:19:50.000,SciMax01,"60886",https://proto-9.pnl.gov/SciMax01/2025_1/60886_4_TOP_1_MAOM_r2_Mag_22Jan25_3p3kV_300SA_p01_29_1_22432,Released
1331252,"60933_4_TOP_3_MAOM_r2_Mag_05Jan25_3p3kV_300SA_p01_18_1_21709","",2025-01-07 17:53:58.000,SciMax01,"60933",https://proto-9.pnl.gov/SciMax01/2025_1/60933_4_TOP_3_MAOM_r2_Mag_05Jan25_3p3kV_300SA_p01_18_1_21709,Released
1335258,"60923_9_TOP_2_MAOM_r1_Mag_13Jan25_3p3kV_300SA_p01_20_1_21975","",2025-01-17 20:47:53.000,SciMax01,"60923",https://proto-9.pnl.gov/SciMax01/2025_1/60923_9_TOP_2_MAOM_r1_Mag_13Jan25_3p3kV_300SA_p01_20_1_21975,Released
1337068,"60923_19_TOP_3_MAOM_r3_Mag_22Jan25_3p3kV_300SA_p01_40_1_22338","",2025-01-25 02:23:55.000,SciMax01,"60923",https://proto-9.pnl.gov/SciMax01/2025_1/60923_19_TOP_3_MAOM_r3_Mag_22Jan25_3p3kV_300SA_p01_40_1_22338,Released
1329939,"60846_17_BTM_1_MAOM_r1_Mag_02Jan25_3p3kV_300SA_p01_32_1_21427","",2025-01-02 12:09:01.000,SciMax01,"60846",https://proto-9.pnl.gov/SciMax01/2025_1/60846_17_BTM_1_MAOM_r1_Mag_02Jan25_3p3kV_300SA_p01_32_1_21427,Released
1344860,"60929_1_TOP_2_MAOM_r3_Mag_19Feb25_3p3kV_300SA_p01_23_1_23550","",2025-02-23 16:30:49.000,SciMax01,"60929",https://proto-9.pnl.gov/SciMax01/2025_1/60929_1_TOP_2_MAOM_r3_Mag_19Feb25_3p3kV_300SA_p01_23_1_23550,Released
1231213,"60933_20_B_1_WEOM_r1_Mag_12Feb24_300SA_p01_7_1_15080",Buzzard: MONet,2024-02-13 16:16:15.000,SciMax01,"60933",https://proto-9.pnl.gov/SciMax01/2024_1/60933_20_B_1_WEOM_r1_Mag_12Feb24_300SA_p01_7_1_15080,Released
1329050,"60923_2_BTM_1_MAOM_r3_Mag_27Dec24_3p3kV_300SA_p01_10_1_21304","",2024-12-30 05:02:11.000,SciMax01,"60923",https://proto-9.pnl.gov/SciMax01/2024_4/60923_2_BTM_1_MAOM_r3_Mag_27Dec24_3p3kV_300SA_p01_10_1_21304,Released
1220587,"60933_7_B_2_WEOM_r1_Mag_18Jan24_300SA_p01_38_1_14719",Buzzard: MONet,2024-01-19 04:23:34.000,SciMax01,"60933",https://proto-9.pnl.gov/SciMax01/2024_1/60933_7_B_2_WEOM_r1_Mag_18Jan24_300SA_p01_38_1_14719,Released
1314776,"60923_2_B_2_MAOM_r1_Mag_01Nov24_300SA_3p3kV_p01_11_1_20173",Buzzard: Testing response after Instrument cell clean and lab move,2024-11-04 20:11:22.000,SciMax01,"60923",https://proto-9.pnl.gov/SciMax01/2024_4/60923_2_B_2_MAOM_r1_Mag_01Nov24_300SA_3p3kV_p01_11_1_20173,Released
1032599,"1000S_SRFA_20ppm_run1_Fir_22Apr22_300SA_p01_1_1_3327","",2022-04-22 19:42:23.000,SciMax01,"60141",https://proto-9.pnl.gov/SciMax01/2022_2/1000S_SRFA_20ppm_run1_Fir_22Apr22_300SA_p01_1_1_3327,Released
1330620,"60880_2_BTM_3_MAOM_r2_Mag_02Jan25_3p3kV_300SA_p01_46_1_21512","",2025-01-04 02:03:54.000,SciMax01,"60880",https://proto-9.pnl.gov/SciMax01/2025_1/60880_2_BTM_3_MAOM_r2_Mag_02Jan25_3p3kV_300SA_p01_46_1_21512,Released
1329047,"60923_5_BTM_3_MAOM_r1_Mag_27Dec24_3p3kV_300SA_p01_30_1_21170","",2024-12-27 17:17:55.000,SciMax01,"60923",https://proto-9.pnl.gov/SciMax01/2024_4/60923_5_BTM_3_MAOM_r1_Mag_27Dec24_3p3kV_300SA_p01_30_1_21170,Released
1337282,"60886_5_TOP_1_MAOM_r1_Mag_22Jan25_3p3kV_300SA_p01_35_1_22395","",2025-01-26 03:50:21.000,SciMax01,"60886",https://proto-9.pnl.gov/SciMax01/2025_1/60886_5_TOP_1_MAOM_r1_Mag_22Jan25_3p3kV_300SA_p01_35_1_22395,Released
1166749,Test_8M_QC_SRFAII_20ppm_Fir_10Jul23_300SA_p1_3_1_8756,Buzzard: Just testing samples tubes,2023-07-10 15:59:44.000,"15T_FTICR_I","60141",https://proto-9.pnl.gov/15T_FTICR_I/2023_3/Test_8M_QC_SRFAII_20ppm_Fir_10Jul23_300SA_p1_3_1_8756,Released
1329115,"60923_5_TOP_2_MAOM_r3_Mag_27Dec24_3p3kV_300SA_p01_26_1_21292","",2024-12-29 23:40:13.000,SciMax01,"60923",https://proto-9.pnl.gov/SciMax01/2024_4/60923_5_TOP_2_MAOM_r3_Mag_27Dec24_3p3kV_300SA_p01_26_1_21292,Released
1489541,"20260410_QC_SRFAII_A_r3_Mag_53_1_32676","",2026-04-11 02:10:15.000,SciMax01,"61050",https://proto-9.pnl.gov/SciMax01/2026_2/20260410_QC_SRFAII_A_r3_Mag_53_1_32676,Released
1335339,"60933_11_BTM_3_MAOM_r2_Mag_13Jan25_3p3kV_300SA_p01_6_1_21881","",2025-01-16 02:53:12.000,SciMax01,"60933",https://proto-9.pnl.gov/SciMax01/2025_1/60933_11_BTM_3_MAOM_r2_Mag_13Jan25_3p3kV_300SA_p01_6_1_21881,Released
1220586,"60933_4_T_3_WEOM_r2_Mag_18Jan24_300SA_p01_18_1_14833",Buzzard: MONet,2024-01-21 06:55:03.000,SciMax01,"60933",https://proto-9.pnl.gov/SciMax01/2024_1/60933_4_T_3_WEOM_r2_Mag_18Jan24_300SA_p01_18_1_14833,Released
1217359,"60923_3_B_1_WEOM_r2_Mag_04Jan24_300SA_p01_6_1_14525",Buzzard: Use this data,2024-01-06 16:36:35.000,SciMax01,"60923",https://proto-9.pnl.gov/SciMax01/2024_1/60923_3_B_1_WEOM_r2_Mag_04Jan24_300SA_p01_6_1_14525,Released
1329498,"60921_4_BTM_1_MAOM_r1_Mag_27Dec24_3p3kV_300SA_p01_24_1_21350","",2024-12-31 01:31:50.000,SciMax01,"60921",https://proto-9.pnl.gov/SciMax01/2024_4/60921_4_BTM_1_MAOM_r1_Mag_27Dec24_3p3kV_300SA_p01_24_1_21350,Released
1252861,"60881_3_B_2_WEOM_r1_Mag_01May24_300SA_p01_14_1_18077","",2024-05-03 05:44:48.000,SciMax01,"60881",https://proto-9.pnl.gov/SciMax01/2024_2/60881_3_B_2_WEOM_r1_Mag_01May24_300SA_p01_14_1_18077,Released
1234598,"60923_17_T_1_WEOM_r2_Mag_04Mar24_300SA_p01_13_1_16887",Buzzard: MONet,2024-03-06 09:24:17.000,SciMax01,"60923",https://proto-9.pnl.gov/SciMax01/2024_1/60923_17_T_1_WEOM_r2_Mag_04Mar24_300SA_p01_13_1_16887,Released
1484267,QC_SRFAII_25_02_r0_Mag_25Mar26_54_1_32607,"",2026-03-25 17:45:23.000,SciMax01,"61050",https://proto-9.pnl.gov/SciMax01/2026_1/QC_SRFAII_25_02_r0_Mag_25Mar26_54_1_32607,Released
1230681,"60932_4_T_3_WEOM_r3_Mag_24Feb24_300SA_p01_17_1_15968",Buzzard: MONet,2024-02-25 12:07:44.000,SciMax01,"60932",https://proto-9.pnl.gov/SciMax01/2024_1/60932_4_T_3_WEOM_r3_Mag_24Feb24_300SA_p01_17_1_15968,Released
1230986,QC_SRFAII_23_01_10ppm_r3_Mag_16Feb24_300SA_p01_54_1_15361,Buzzard: MONet,2024-02-19 06:59:59.000,SciMax01,"60880",https://proto-9.pnl.gov/SciMax01/2024_1/QC_SRFAII_23_01_10ppm_r3_Mag_16Feb24_300SA_p01_54_1_15361,Released
1231177,"60933_15_B_2_WEOM_r2_Mag_12Feb24_300SA_p01_29_1_15166",Buzzard: MONet,2024-02-15 06:22:56.000,SciMax01,"60933",https://proto-9.pnl.gov/SciMax01/2024_1/60933_15_B_2_WEOM_r2_Mag_12Feb24_300SA_p01_29_1_15166,Released
1217272,"60923_6_T_1_WEOM_r2_Mag_04Jan24_300SA_p01_11_1_14535",Buzzard: Use this data,2024-01-06 21:02:32.000,SciMax01,"60923",https://proto-9.pnl.gov/SciMax01/2024_1/60923_6_T_1_WEOM_r2_Mag_04Jan24_300SA_p01_11_1_14535,Released
1215881,"60920_5_B_2_WEOM_r1_Mag_21Dec23_300SA_p01_29_1_14014",Data needs to be reviewed,2023-12-22 04:48:40.000,SciMax01,"60920",https://proto-9.pnl.gov/SciMax01/2024_1/60920_5_B_2_WEOM_r1_Mag_21Dec23_300SA_p01_29_1_14014,Released
1231079,"60933_16_T_1_WEOM_r1_Mag_12Feb24_300SA_p01_31_1_15094",Buzzard: MONet,2024-02-13 22:28:28.000,SciMax01,"60933",https://proto-9.pnl.gov/SciMax01/2024_1/60933_16_T_1_WEOM_r1_Mag_12Feb24_300SA_p01_31_1_15094,Released
1337419,"60886_4_BTM_2_MAOM_r2_Mag_22Jan25_3p3kV_300SA_p01_33_1_22451","",2025-01-27 04:47:45.000,SciMax01,"60886",https://proto-9.pnl.gov/SciMax01/2025_1/60886_4_BTM_2_MAOM_r2_Mag_22Jan25_3p3kV_300SA_p01_33_1_22451,Released
1329237,"60923_6_TOP_3_MAOM_r3_Mag_27Dec24_3p3kV_300SA_p01_33_1_21324","",2024-12-30 13:56:57.000,SciMax01,"60923",https://proto-9.pnl.gov/SciMax01/2024_4/60923_6_TOP_3_MAOM_r3_Mag_27Dec24_3p3kV_300SA_p01_33_1_21324,Released
1230665,"60932_4_T_1_WEOM_r2_Mag_24Feb24_300SA_p01_15_1_15933",Buzzard: MONet,2024-02-24 20:37:01.000,SciMax01,"60932",https://proto-9.pnl.gov/SciMax01/2024_1/60932_4_T_1_WEOM_r2_Mag_24Feb24_300SA_p01_15_1_15933,Released
1345059,"60920_2_BTM_3_MAOM_r3_Mag_19Feb25_3p3kV_300SA_p01_12_1_23455","",2025-02-21 22:06:48.000,SciMax01,"60920",https://proto-9.pnl.gov/SciMax01/2025_1/60920_2_BTM_3_MAOM_r3_Mag_19Feb25_3p3kV_300SA_p01_12_1_23455,Released
1217493,"60923_10_T_2_WEOM_r2_Mag_04Jan24_300SA_p01_47_1_14548",Buzzard: Use this data,2024-01-07 02:48:20.000,SciMax01,"60923",https://proto-9.pnl.gov/SciMax01/2024_1/60923_10_T_2_WEOM_r2_Mag_04Jan24_300SA_p01_47_1_14548,Released
1231183,"60933_19_T_2_WEOM_r2_Mag_12Feb24_300SA_p01_50_1_15112",Buzzard: MONet,2024-02-14 06:27:05.000,SciMax01,"60933",https://proto-9.pnl.gov/SciMax01/2024_1/60933_19_T_2_WEOM_r2_Mag_12Feb24_300SA_p01_50_1_15112,Released
1341303,"60932_5_BTM_2_MAOM_r2_Mag_10Feb25_3p3kV_300SA_p01_33_1_23115","",2025-02-11 23:38:49.000,SciMax01,"60932",https://proto-9.pnl.gov/SciMax01/2025_1/60932_5_BTM_2_MAOM_r2_Mag_10Feb25_3p3kV_300SA_p01_33_1_23115,Released
1336139,"60933_17_BTM_3_MAOM_r3_Mag_13Jan25_3p3kV_300SA_p01_45_1_21948","",2025-01-17 08:45:51.000,SciMax01,"60933",https://proto-9.pnl.gov/SciMax01/2025_1/60933_17_BTM_3_MAOM_r3_Mag_13Jan25_3p3kV_300SA_p01_45_1_21948,Released
1220716,"60933_1_T_2_WEOM_r3_Mag_18Jan24_300SA_p01_2_1_14939",Buzzard: MONet,2024-01-23 05:53:45.000,SciMax01,"60933",https://proto-9.pnl.gov/SciMax01/2024_1/60933_1_T_2_WEOM_r3_Mag_18Jan24_300SA_p01_2_1_14939,Released
1340523,"60938_2_BTM_2_MAOM_r2_Mag_03Feb25_3p3kV_300SA_p01_11_1_22835","",2025-02-05 07:21:54.000,SciMax01,"60938",https://proto-9.pnl.gov/SciMax01/2025_1/60938_2_BTM_2_MAOM_r2_Mag_03Feb25_3p3kV_300SA_p01_11_1_22835,Released
1344898,"60929_1_BTM_3_MAOM_r2_Mag_19Feb25_3p3kV_300SA_p01_26_1_23509","",2025-02-22 22:12:13.000,SciMax01,"60929",https://proto-9.pnl.gov/SciMax01/2025_1/60929_1_BTM_3_MAOM_r2_Mag_19Feb25_3p3kV_300SA_p01_26_1_23509,Released
1216091,"60923_8_T_1_WEOM_r1_Mag_26Dec23_300SA_p01_15_1_14232",Buzzard: Data is fine but queue stopped over holiday week so need to shim cell and will run the queue again,2023-12-27 21:47:58.000,SciMax01,"60923",https://proto-9.pnl.gov/SciMax01/2024_1/60923_8_T_1_WEOM_r1_Mag_26Dec23_300SA_p01_15_1_14232,Released
1272557,"60923_1_B_2_MAOM_r2_Mag_04Jul24_300SA_p01_5_1_19391",Buzzard: testing MAOM samples before the move,2024-07-04 16:13:00.000,SciMax01,"60923",https://proto-9.pnl.gov/SciMax01/2024_3/60923_1_B_2_MAOM_r2_Mag_04Jul24_300SA_p01_5_1_19391,Released
1220594,"60933_4_B_3_WEOM_r3_Mag_18Jan24_300SA_p01_21_1_14919",Buzzard: MONet,2024-01-22 21:01:56.000,SciMax01,"60933",https://proto-9.pnl.gov/SciMax01/2024_1/60933_4_B_3_WEOM_r3_Mag_18Jan24_300SA_p01_21_1_14919,Released
1253604,QC_SRFAII_23_01_10ppm_WEOM_r3_Mag_10May24_300SA_p01_54_1_18350,"",2024-05-12 06:50:08.000,SciMax01,"60940",https://proto-9.pnl.gov/SciMax01/2024_2/QC_SRFAII_23_01_10ppm_WEOM_r3_Mag_10May24_300SA_p01_54_1_18350,Released
1341740,"60881_4_BTM_3_MAOM_r1_Mag_10Feb25_3p3kV_300SA_p01_24_1_23196","",2025-02-13 11:45:52.000,SciMax01,"60881",https://proto-9.pnl.gov/SciMax01/2025_1/60881_4_BTM_3_MAOM_r1_Mag_10Feb25_3p3kV_300SA_p01_24_1_23196,Released
1330612,"60846_17_TOP_2_MAOM_r2_Mag_02Jan25_3p3kV_300SA_p01_30_1_21507","",2025-01-03 23:50:27.000,SciMax01,"60846",https://proto-9.pnl.gov/SciMax01/2025_1/60846_17_TOP_2_MAOM_r2_Mag_02Jan25_3p3kV_300SA_p01_30_1_21507,Released
1339962,"60942_3_BTM_3_MAOM_r1_Mag_03Feb25_3p3kV_300SA_p01_6_1_22926","",2025-02-06 23:54:58.000,SciMax01,"60942",https://proto-9.pnl.gov/SciMax01/2025_1/60942_3_BTM_3_MAOM_r1_Mag_03Feb25_3p3kV_300SA_p01_6_1_22926,Released
1330682,"60846_7_BTM_1_MAOM_r3_Mag_02Jan25_3p3kV_300SA_p01_16_1_21538","",2025-01-04 13:38:57.000,SciMax01,"60846",https://proto-9.pnl.gov/SciMax01/2025_1/60846_7_BTM_1_MAOM_r3_Mag_02Jan25_3p3kV_300SA_p01_16_1_21538,Released
1335223,"60933_12_BTM_2_MAOM_r2_Mag_13Jan25_3p3kV_300SA_p01_11_1_21896","",2025-01-16 09:34:10.000,SciMax01,"60933",https://proto-9.pnl.gov/SciMax01/2025_1/60933_12_BTM_2_MAOM_r2_Mag_13Jan25_3p3kV_300SA_p01_11_1_21896,Released
1252822,"60881_5_T_2_WEOM_r1_Mag_01May24_300SA_p01_23_1_18127","",2024-05-04 03:54:16.000,SciMax01,"60881",https://proto-9.pnl.gov/SciMax01/2024_2/60881_5_T_2_WEOM_r1_Mag_01May24_300SA_p01_23_1_18127,Released
1231086,"60933_15_T_1_WEOM_r3_Mag_12Feb24_300SA_p01_25_1_15221",Buzzard: MONet,2024-02-16 06:45:25.000,SciMax01,"60933",https://proto-9.pnl.gov/SciMax01/2024_1/60933_15_T_1_WEOM_r3_Mag_12Feb24_300SA_p01_25_1_15221,Released
1341334,"60932_2_TOP_3_MAOM_r2_Mag_10Feb25_3p3kV_300SA_p01_9_1_23128","",2025-02-12 05:27:07.000,SciMax01,"60932",https://proto-9.pnl.gov/SciMax01/2025_1/60932_2_TOP_3_MAOM_r2_Mag_10Feb25_3p3kV_300SA_p01_9_1_23128,Released
1330735,"60880_1_BTM_3_MAOM_r3_Mag_02Jan25_3p3kV_300SA_p01_40_1_21563","",2025-01-05 00:47:53.000,SciMax01,"60880",https://proto-9.pnl.gov/SciMax01/2025_1/60880_1_BTM_3_MAOM_r3_Mag_02Jan25_3p3kV_300SA_p01_40_1_21563,Released
1328916,"60940_2_TOP_3_MAOM_r3_Mag_23Dec24_3p3kV_300SA_p01_9_1_21131","",2024-12-25 12:17:49.000,SciMax01,"60940",https://proto-9.pnl.gov/SciMax01/2024_4/60940_2_TOP_3_MAOM_r3_Mag_23Dec24_3p3kV_300SA_p01_9_1_21131,Released
1330253,"60846_12_BTM_1_MAOM_r1_Mag_02Jan25_3p3kV_300SA_p01_22_1_21465","",2025-01-03 05:06:35.000,SciMax01,"60846",https://proto-9.pnl.gov/SciMax01/2025_1/60846_12_BTM_1_MAOM_r1_Mag_02Jan25_3p3kV_300SA_p01_22_1_21465,Released
1221004,"60938_3_B_3_WEOM_r3_Mag_18Jan24_300SA_p01_18_1_14980",Buzzard: MONet,2024-01-24 00:03:59.000,SciMax01,"60938",https://proto-9.pnl.gov/SciMax01/2024_1/60938_3_B_3_WEOM_r3_Mag_18Jan24_300SA_p01_18_1_14980,Released
1335291,"60933_11_TOP_1_MAOM_r3_Mag_13Jan25_3p3kV_300SA_p01_1_1_21940","",2025-01-17 05:11:39.000,SciMax01,"60933",https://proto-9.pnl.gov/SciMax01/2025_1/60933_11_TOP_1_MAOM_r3_Mag_13Jan25_3p3kV_300SA_p01_1_1_21940,Released
1329077,"60923_7_TOP_2_MAOM_r1_Mag_27Dec24_3p3kV_300SA_p01_38_1_21204","",2024-12-28 08:26:38.000,SciMax01,"60923",https://proto-9.pnl.gov/SciMax01/2024_4/60923_7_TOP_2_MAOM_r1_Mag_27Dec24_3p3kV_300SA_p01_38_1_21204,Released
1217675,"60923_13_B_3_WEOM_r3_Mag_04Jan24_300SA_p01_34_1_14685",Buzzard: Use this data,2024-01-09 15:31:21.000,SciMax01,"60923",https://proto-9.pnl.gov/SciMax01/2024_1/60923_13_B_3_WEOM_r3_Mag_04Jan24_300SA_p01_34_1_14685,Released
1341438,"60932_2_TOP_3_MAOM_r3_Mag_10Feb25_3p3kV_300SA_p01_9_1_23153","",2025-02-12 16:36:42.000,SciMax01,"60932",https://proto-9.pnl.gov/SciMax01/2025_1/60932_2_TOP_3_MAOM_r3_Mag_10Feb25_3p3kV_300SA_p01_9_1_23153,Released
1220618,"60933_10_T_3_WEOM_r3_Mag_18Jan24_300SA_p01_48_1_14932",Buzzard: MONet,2024-01-23 02:47:36.000,SciMax01,"60933",https://proto-9.pnl.gov/SciMax01/2024_1/60933_10_T_3_WEOM_r3_Mag_18Jan24_300SA_p01_48_1_14932,Released
1231102,"60933_12_T_2_WEOM_r1_Mag_12Feb24_300SA_p01_8_1_15091",Buzzard: MONet,2024-02-13 21:08:44.000,SciMax01,"60933",https://proto-9.pnl.gov/SciMax01/2024_1/60933_12_T_2_WEOM_r1_Mag_12Feb24_300SA_p01_8_1_15091,Released
1272528,"60923_3_T_2_MAOM_r1_Mag_03Jul24_300SA_p01_14_1_19372",Buzzard: testing MAOM samples before the move,2024-07-04 01:36:28.000,SciMax01,"60923",https://proto-9.pnl.gov/SciMax01/2024_3/60923_3_T_2_MAOM_r1_Mag_03Jul24_300SA_p01_14_1_19372,Released
1231174,"60846_7_T_3_WEOM_r1_Mag_16Feb24_300SA_p01_27_1_15254",Buzzard: MONet,2024-02-16 22:31:18.000,SciMax01,"60846",https://proto-9.pnl.gov/SciMax01/2024_1/60846_7_T_3_WEOM_r1_Mag_16Feb24_300SA_p01_27_1_15254,Released
1220997,"60938_4_T_1_WEOM_r3_Mag_18Jan24_300SA_p01_19_1_14970",Buzzard: MONet,2024-01-23 19:38:04.000,SciMax01,"60938",https://proto-9.pnl.gov/SciMax01/2024_1/60938_4_T_1_WEOM_r3_Mag_18Jan24_300SA_p01_19_1_14970,Released
1484247,QC_SRFAII_25_02_r2_Mag_25Mar26_54_1_32638,"",2026-03-26 04:09:02.000,SciMax01,"61050",https://proto-9.pnl.gov/SciMax01/2026_1/QC_SRFAII_25_02_r2_Mag_25Mar26_54_1_32638,Released
1344974,"60920_4_TOP_3_MAOM_r2_Mag_19Feb25_3p3kV_300SA_p01_21_1_23396","",2025-02-20 19:47:39.000,SciMax01,"60920",https://proto-9.pnl.gov/SciMax01/2025_1/60920_4_TOP_3_MAOM_r2_Mag_19Feb25_3p3kV_300SA_p01_21_1_23396,Released
1220635,"60933_5_T_1_WEOM_r3_Mag_18Jan24_300SA_p01_22_1_14920",Buzzard: MONet,2024-01-22 21:28:31.000,SciMax01,"60933",https://proto-9.pnl.gov/SciMax01/2024_1/60933_5_T_1_WEOM_r3_Mag_18Jan24_300SA_p01_22_1_14920,Released
1230961,"60846_5_B_3_WEOM_r3_Mag_16Feb24_300SA_p01_24_1_15355",Buzzard: MONet,2024-02-19 04:20:27.000,SciMax01,"60846",https://proto-9.pnl.gov/SciMax01/2024_1/60846_5_B_3_WEOM_r3_Mag_16Feb24_300SA_p01_24_1_15355,Released
1335313,"60923_8_BTM_2_MAOM_r3_Mag_13Jan25_3p3kV_300SA_p01_17_1_22105","",2025-01-20 06:45:48.000,SciMax01,"60923",https://proto-9.pnl.gov/SciMax01/2025_1/60923_8_BTM_2_MAOM_r3_Mag_13Jan25_3p3kV_300SA_p01_17_1_22105,Released
1220740,"60938_6_T_1_WEOM_r1_Mag_18Jan24_300SA_p01_31_1_14766",Buzzard: MONet,2024-01-20 01:13:21.000,SciMax01,"60938",https://proto-9.pnl.gov/SciMax01/2024_1/60938_6_T_1_WEOM_r1_Mag_18Jan24_300SA_p01_31_1_14766,Released
1341489,"60932_1_TOP_3_MAOM_r3_Mag_10Feb25_3p3kV_300SA_p01_3_1_23157","",2025-02-12 18:23:52.000,SciMax01,"60932",https://proto-9.pnl.gov/SciMax01/2025_1/60932_1_TOP_3_MAOM_r3_Mag_10Feb25_3p3kV_300SA_p01_3_1_23157,Released
1235665,"60942_1_T_3_WEOM_r3_Mag_07Mar24_300SA_p01_3_1_17063",Buzzard: MONet,2024-03-09 23:51:11.000,SciMax01,"60942",https://proto-9.pnl.gov/SciMax01/2024_1/60942_1_T_3_WEOM_r3_Mag_07Mar24_300SA_p01_3_1_17063,Released
1272575,"60923_3_T_3_MAOM_r2_Mag_04Jul24_300SA_p01_15_1_19394",Buzzard: testing MAOM samples before the move,2024-07-04 17:32:46.000,SciMax01,"60923",https://proto-9.pnl.gov/SciMax01/2024_3/60923_3_T_3_MAOM_r2_Mag_04Jul24_300SA_p01_15_1_19394,Released
1340269,"60946_2_TOP_2_MAOM_r2_Mag_03Feb25_3p3kV_300SA_p01_36_1_22985","",2025-02-08 02:12:58.000,SciMax01,"60946",https://proto-9.pnl.gov/SciMax01/2025_1/60946_2_TOP_2_MAOM_r2_Mag_03Feb25_3p3kV_300SA_p01_36_1_22985,Released
1252894,"60929_1_B_3_WEOM_r3_Mag_01May24_300SA_p01_42_1_18257","",2024-05-06 13:31:11.000,SciMax01,"60929",https://proto-9.pnl.gov/SciMax01/2024_2/60929_1_B_3_WEOM_r3_Mag_01May24_300SA_p01_42_1_18257,Released
1336059,"60933_2_BTM_1_MAOM_r3_Mag_20Jan25_3p3kV_300SA_p01_7_1_22165","",2025-01-21 14:24:31.000,SciMax01,"60933",https://proto-9.pnl.gov/SciMax01/2025_1/60933_2_BTM_1_MAOM_r3_Mag_20Jan25_3p3kV_300SA_p01_7_1_22165,Released
1215808,"60920_2_T_2_WEOM_r3_Mag_21Dec23_300SA_p01_22_1_14168",Data needs to be reviewed,2023-12-26 02:11:05.000,SciMax01,"60920",https://proto-9.pnl.gov/SciMax01/2024_1/60920_2_T_2_WEOM_r3_Mag_21Dec23_300SA_p01_22_1_14168,Released
1216120,"60923_9_B_3_WEOM_r1_Mag_26Dec23_300SA_p01_26_1_14292",Buzzard: Data is fine but queue stopped over holiday week so need to shim cell and will run the queue again,2023-12-29 00:23:27.000,SciMax01,"60923",https://proto-9.pnl.gov/SciMax01/2024_1/60923_9_B_3_WEOM_r1_Mag_26Dec23_300SA_p01_26_1_14292,Released
1328931,"60940_4_BTM_2_MAOM_r2_Mag_23Dec24_3p3kV_300SA_p01_23_1_21059","",2024-12-24 04:11:38.000,SciMax01,"60940",https://proto-9.pnl.gov/SciMax01/2024_4/60940_4_BTM_2_MAOM_r2_Mag_23Dec24_3p3kV_300SA_p01_23_1_21059,Released
1340596,"60938_5_TOP_1_MAOM_r1_Mag_03Feb25_3p3kV_300SA_p01_29_1_22754","",2025-02-03 19:15:14.000,SciMax01,"60938",https://proto-9.pnl.gov/SciMax01/2025_1/60938_5_TOP_1_MAOM_r1_Mag_03Feb25_3p3kV_300SA_p01_29_1_22754,Released
1220646,"60933_5_B_1_WEOM_r1_Mag_18Jan24_300SA_p01_25_1_14699",Buzzard: MONet,2024-01-18 19:31:41.000,SciMax01,"60933",https://proto-9.pnl.gov/SciMax01/2024_1/60933_5_B_1_WEOM_r1_Mag_18Jan24_300SA_p01_25_1_14699,Released
1314856,"60932_6_TOP_2_WEOM_r1_Mag_01Nov24_4p2kV_p01_20_1_20137",Buzzard: Testing response after Instrument cell clean and lab move,2024-11-02 18:27:22.000,SciMax01,"60938",https://proto-9.pnl.gov/SciMax01/2024_4/60932_6_TOP_2_WEOM_r1_Mag_01Nov24_4p2kV_p01_20_1_20137,Released
1329097,"60923_1_TOP_2_MAOM_r3_Mag_27Dec24_3p3kV_300SA_p01_2_1_21312","",2024-12-30 08:36:00.000,SciMax01,"60923",https://proto-9.pnl.gov/SciMax01/2024_4/60923_1_TOP_2_MAOM_r3_Mag_27Dec24_3p3kV_300SA_p01_2_1_21312,Released
1447792,QC_SRFAII_25_01_C_WEOM_r1_54_1_28173,"",2025-11-11 17:02:30.000,SciMax01,"61086",https://proto-9.pnl.gov/SciMax01/2025_4/QC_SRFAII_25_01_C_WEOM_r1_54_1_28173,Released
1253661,"60940_4_T_2_WEOM_r3_Mag_10May24_300SA_p01_17_1_18369","",2024-05-12 15:15:18.000,SciMax01,"60940",https://proto-9.pnl.gov/SciMax01/2024_2/60940_4_T_2_WEOM_r3_Mag_10May24_300SA_p01_17_1_18369,Released
1341926,"60881_4_TOP_3_MAOM_r2_Mag_10Feb25_3p3kV_300SA_p01_21_1_23247","",2025-02-14 10:31:12.000,SciMax01,"60881",https://proto-9.pnl.gov/SciMax01/2025_1/60881_4_TOP_3_MAOM_r2_Mag_10Feb25_3p3kV_300SA_p01_21_1_23247,Released
1220671,"60933_2_T_2_WEOM_r1_Mag_18Jan24_300SA_p01_5_1_14734",Buzzard: MONet,2024-01-19 11:02:24.000,SciMax01,"60933",https://proto-9.pnl.gov/SciMax01/2024_1/60933_2_T_2_WEOM_r1_Mag_18Jan24_300SA_p01_5_1_14734,Released
1215858,"60920_6_T_1_WEOM_r2_Mag_21Dec23_300SA_p01_11_1_14072",Data needs to be reviewed,2023-12-23 06:30:58.000,SciMax01,"60920",https://proto-9.pnl.gov/SciMax01/2024_1/60920_6_T_1_WEOM_r2_Mag_21Dec23_300SA_p01_11_1_14072,Released
1329553,"60880_4_BTM_3_MAOM_r2_Mag_27Dec24_3p3kV_300SA_p01_12_1_21373","",2024-12-31 11:46:36.000,SciMax01,"60880",https://proto-9.pnl.gov/SciMax01/2024_4/60880_4_BTM_3_MAOM_r2_Mag_27Dec24_3p3kV_300SA_p01_12_1_21373,Released
1341965,"60881_3_TOP_3_MAOM_r2_Mag_10Feb25_3p3kV_300SA_p01_15_1_23260","",2025-02-14 16:19:08.000,SciMax01,"60881",https://proto-9.pnl.gov/SciMax01/2025_1/60881_3_TOP_3_MAOM_r2_Mag_10Feb25_3p3kV_300SA_p01_15_1_23260,Released
1337711,"60886_3_BTM_2_MAOM_r3_Mag_22Jan25_3p3kV_300SA_p01_27_1_22494","",2025-01-27 23:58:29.000,SciMax01,"60886",https://proto-9.pnl.gov/SciMax01/2025_1/60886_3_BTM_2_MAOM_r3_Mag_22Jan25_3p3kV_300SA_p01_27_1_22494,Released
1314786,"60942_5_BTM_1_WEOM_r1_Mag_01Nov24_3p3kV_p01_28_1_20108",Buzzard: Testing response after Instrument cell clean and lab move,2024-11-02 05:33:33.000,SciMax01,"60938",https://proto-9.pnl.gov/SciMax01/2024_4/60942_5_BTM_1_WEOM_r1_Mag_01Nov24_3p3kV_p01_28_1_20108,Released
1272549,"60923_4_T_1_MAOM_r1_Mag_03Jul24_300SA_p01_19_1_19364",Buzzard: testing MAOM samples before the move,2024-07-03 22:03:45.000,SciMax01,"60923",https://proto-9.pnl.gov/SciMax01/2024_3/60923_4_T_1_MAOM_r1_Mag_03Jul24_300SA_p01_19_1_19364,Released
1231159,"60933_14_T_1_WEOM_r1_Mag_12Feb24_300SA_p01_19_1_15063",Buzzard: MONet,2024-02-13 08:36:06.000,SciMax01,"60933",https://proto-9.pnl.gov/SciMax01/2024_1/60933_14_T_1_WEOM_r1_Mag_12Feb24_300SA_p01_19_1_15063,Released
1341804,"60881_2_TOP_1_MAOM_r1_Mag_10Feb25_3p3kV_300SA_p01_7_1_23215","",2025-02-13 20:14:12.000,SciMax01,"60881",https://proto-9.pnl.gov/SciMax01/2025_1/60881_2_TOP_1_MAOM_r1_Mag_10Feb25_3p3kV_300SA_p01_7_1_23215,Released
1230843,"60932_4_T_2_WEOM_r2_Mag_21Feb24_300SA_p01_16_1_15894",Buzzard: MONet,2024-02-23 21:47:27.000,SciMax01,"60932",https://proto-9.pnl.gov/SciMax01/2024_1/60932_4_T_2_WEOM_r2_Mag_21Feb24_300SA_p01_16_1_15894,Released
1231035,"60933_13_T_1_WEOM_r3_Mag_12Feb24_300SA_p01_13_1_15182",Buzzard: MONet,2024-02-15 13:28:21.000,SciMax01,"60933",https://proto-9.pnl.gov/SciMax01/2024_1/60933_13_T_1_WEOM_r3_Mag_12Feb24_300SA_p01_13_1_15182,Released
1091238,"1000s_SRFAII_10_02Nov22_Mag_300SA_p01_142_1_7257","",2022-11-02 23:22:56.000,SciMax01,"60141",https://proto-9.pnl.gov/SciMax01/2022_4/1000s_SRFAII_10_02Nov22_Mag_300SA_p01_142_1_7257,Released
1344979,"60929_2_BTM_2_MAOM_r1_Mag_19Feb25_3p3kV_300SA_p01_31_1_23501","",2025-02-22 18:37:33.000,SciMax01,"60929",https://proto-9.pnl.gov/SciMax01/2025_1/60929_2_BTM_2_MAOM_r1_Mag_19Feb25_3p3kV_300SA_p01_31_1_23501,Released
1344936,"60920_6_BTM_3_MAOM_r2_Mag_19Feb25_3p3kV_300SA_p01_36_1_23416","",2025-02-21 04:42:07.000,SciMax01,"60920",https://proto-9.pnl.gov/SciMax01/2025_1/60920_6_BTM_3_MAOM_r2_Mag_19Feb25_3p3kV_300SA_p01_36_1_23416,Released
1338576,"60933_19_TOP_1_MAOM_r2_Mag_29Jan25_3p3kV_300SA_p01_7_1_22651","",2025-01-30 22:11:38.000,SciMax01,"60933",https://proto-9.pnl.gov/SciMax01/2025_1/60933_19_TOP_1_MAOM_r2_Mag_29Jan25_3p3kV_300SA_p01_7_1_22651,Released
1314746,"60923_2_T_2_MAOM_r1_Mag_01Nov24_300SA_3p3kV_p01_8_1_20182",Buzzard: Testing response after Instrument cell clean and lab move,2024-11-05 00:11:40.000,SciMax01,"60923",https://proto-9.pnl.gov/SciMax01/2024_4/60923_2_T_2_MAOM_r1_Mag_01Nov24_300SA_3p3kV_p01_8_1_20182,Released
1337613,"60886_1_BTM_2_MAOM_r2_Mag_22Jan25_3p3kV_300SA_p01_11_1_22476","",2025-01-27 15:57:14.000,SciMax01,"60886",https://proto-9.pnl.gov/SciMax01/2025_1/60886_1_BTM_2_MAOM_r2_Mag_22Jan25_3p3kV_300SA_p01_11_1_22476,Released
1336983,"60923_14_BTM_3_MAOM_r3_Mag_22Jan25_3p3kV_300SA_p01_9_1_22316","",2025-01-24 16:35:03.000,SciMax01,"60923",https://proto-9.pnl.gov/SciMax01/2025_1/60923_14_BTM_3_MAOM_r3_Mag_22Jan25_3p3kV_300SA_p01_9_1_22316,Released
1231150,"60846_17_B_2_WEOM_r1_Mag_16Feb24_300SA_p01_41_1_15249",Buzzard: MONet,2024-02-16 20:18:21.000,SciMax01,"60846",https://proto-9.pnl.gov/SciMax01/2024_1/60846_17_B_2_WEOM_r1_Mag_16Feb24_300SA_p01_41_1_15249,Released
1342003,"60881_6_TOP_3_MAOM_r2_Mag_10Feb25_3p3kV_300SA_p01_33_1_23272","",2025-02-14 21:39:52.000,SciMax01,"60881",https://proto-9.pnl.gov/SciMax01/2025_1/60881_6_TOP_3_MAOM_r2_Mag_10Feb25_3p3kV_300SA_p01_33_1_23272,Released
1252885,"60929_2_T_2_WEOM_r3_Mag_01May24_300SA_p01_44_1_18254","",2024-05-06 12:11:25.000,SciMax01,"60929",https://proto-9.pnl.gov/SciMax01/2024_2/60929_2_T_2_WEOM_r3_Mag_01May24_300SA_p01_44_1_18254,Released
1234579,"60923_17_T_2_WEOM_r2_Mag_04Mar24_300SA_p01_14_1_16882",Buzzard: MONet,2024-03-06 07:11:20.000,SciMax01,"60923",https://proto-9.pnl.gov/SciMax01/2024_1/60923_17_T_2_WEOM_r2_Mag_04Mar24_300SA_p01_14_1_16882,Released
1235652,"60942_2_B_2_WEOM_r1_Mag_07Mar24_300SA_p01_11_1_17003",Buzzard: MONet,2024-03-08 13:21:56.000,SciMax01,"60942",https://proto-9.pnl.gov/SciMax01/2024_1/60942_2_B_2_WEOM_r1_Mag_07Mar24_300SA_p01_11_1_17003,Released
1341325,"60932_2_TOP_2_MAOM_r2_Mag_10Feb25_3p3kV_300SA_p01_8_1_23125","",2025-02-12 04:06:36.000,SciMax01,"60932",https://proto-9.pnl.gov/SciMax01/2025_1/60932_2_TOP_2_MAOM_r2_Mag_10Feb25_3p3kV_300SA_p01_8_1_23125,Released
1231032,"60846_2_B_3_WEOM_r2_Mag_16Feb24_300SA_p01_18_1_15303",Buzzard: MONet,2024-02-17 20:14:14.000,SciMax01,"60846",https://proto-9.pnl.gov/SciMax01/2024_1/60846_2_B_3_WEOM_r2_Mag_16Feb24_300SA_p01_18_1_15303,Released
1340574,"60938_4_TOP_3_MAOM_r1_Mag_03Feb25_3p3kV_300SA_p01_21_1_22790","",2025-02-04 11:18:07.000,SciMax01,"60938",https://proto-9.pnl.gov/SciMax01/2025_1/60938_4_TOP_3_MAOM_r1_Mag_03Feb25_3p3kV_300SA_p01_21_1_22790,Released
1314847,"60881_4_TOP_2_WEOM_r1_Mag_01Nov24_3p3kV_p01_21_1_20101",Buzzard: Testing response after Instrument cell clean and lab move,2024-11-02 02:26:21.000,SciMax01,"60938",https://proto-9.pnl.gov/SciMax01/2024_4/60881_4_TOP_2_WEOM_r1_Mag_01Nov24_3p3kV_p01_21_1_20101,Released
1252917,"60881_6_T_1_WEOM_r2_Mag_01May24_300SA_p01_28_1_18183","",2024-05-05 04:43:27.000,SciMax01,"60881",https://proto-9.pnl.gov/SciMax01/2024_2/60881_6_T_1_WEOM_r2_Mag_01May24_300SA_p01_28_1_18183,Released
1336808,"60923_15_BTM_3_MAOM_r2_Mag_22Jan25_3p3kV_300SA_p01_15_1_22288","",2025-01-24 04:06:39.000,SciMax01,"60923",https://proto-9.pnl.gov/SciMax01/2025_1/60923_15_BTM_3_MAOM_r2_Mag_22Jan25_3p3kV_300SA_p01_15_1_22288,Released
1220730,"60933_10_T_1_WEOM_r3_Mag_18Jan24_300SA_p01_46_1_14915",Buzzard: MONet,2024-01-22 19:15:32.000,SciMax01,"60933",https://proto-9.pnl.gov/SciMax01/2024_1/60933_10_T_1_WEOM_r3_Mag_18Jan24_300SA_p01_46_1_14915,Released
1337479,"60886_5_BTM_2_MAOM_r2_Mag_22Jan25_3p3kV_300SA_p01_38_1_22461","",2025-01-27 09:15:32.000,SciMax01,"60886",https://proto-9.pnl.gov/SciMax01/2025_1/60886_5_BTM_2_MAOM_r2_Mag_22Jan25_3p3kV_300SA_p01_38_1_22461,Released
1337749,"60886_4_TOP_2_MAOM_r3_Mag_22Jan25_3p3kV_300SA_p01_30_1_22508","",2025-01-28 06:13:20.000,SciMax01,"60886",https://proto-9.pnl.gov/SciMax01/2025_1/60886_4_TOP_2_MAOM_r3_Mag_22Jan25_3p3kV_300SA_p01_30_1_22508,Released
1230765,QC_SRFAII_23_01_10ppm_r2_Mag_21Feb24_300SA_p01_15_1_15907,Buzzard: MONet,2024-02-24 09:01:56.000,SciMax01,"60932",https://proto-9.pnl.gov/SciMax01/2024_1/QC_SRFAII_23_01_10ppm_r2_Mag_21Feb24_300SA_p01_15_1_15907,Released
1217406,"60923_11_T_1_WEOM_r3_Mag_04Jan24_300SA_p01_21_1_14625",Buzzard: Use this data,2024-01-08 12:55:58.000,SciMax01,"60923",https://proto-9.pnl.gov/SciMax01/2024_1/60923_11_T_1_WEOM_r3_Mag_04Jan24_300SA_p01_21_1_14625,Released
1234861,"60923_18_B_3_WEOM_r3_Mag_04Mar24_300SA_p01_24_1_16961",Buzzard: MONet,2024-03-07 18:45:07.000,SciMax01,"60923",https://proto-9.pnl.gov/SciMax01/2024_1/60923_18_B_3_WEOM_r3_Mag_04Mar24_300SA_p01_24_1_16961,Released
1180750,QC_SRFA_2_2023_01_1w_54_1_13320,Buzzard: QC's and Blanks,2023-08-28 11:16:04.000,SciMax01,"60141",https://proto-9.pnl.gov/SciMax01/2023_3/QC_SRFA_2_2023_01_1w_54_1_13320,Released
1217487,"60923_2_T_2_WEOM_r1_Mag_04Jan24_300SA_p01_31_1_14453",Buzzard: Use this data,2024-01-05 08:42:09.000,SciMax01,"60923",https://proto-9.pnl.gov/SciMax01/2024_1/60923_2_T_2_WEOM_r1_Mag_04Jan24_300SA_p01_31_1_14453,Released
1335207,"60923_9_TOP_1_MAOM_r2_Mag_13Jan25_3p3kV_300SA_p01_19_1_22053","",2025-01-19 07:34:51.000,SciMax01,"60923",https://proto-9.pnl.gov/SciMax01/2025_1/60923_9_TOP_1_MAOM_r2_Mag_13Jan25_3p3kV_300SA_p01_19_1_22053,Released
1230623,"60946_2_B_3_WEOM_r2_Mag_23Feb24_300SA_p01_38_1_16037",Buzzard: Monet,2024-02-26 18:42:31.000,SciMax01,"60946",https://proto-9.pnl.gov/SciMax01/2024_1/60946_2_B_3_WEOM_r2_Mag_23Feb24_300SA_p01_38_1_16037,Released
1230844,"60932_5_B_3_WEOM_r1_Mag_21Feb24_300SA_p01_26_1_15886",Buzzard: MONet,2024-02-23 18:14:44.000,SciMax01,"60932",https://proto-9.pnl.gov/SciMax01/2024_1/60932_5_B_3_WEOM_r1_Mag_21Feb24_300SA_p01_26_1_15886,Released
1336143,"60933_17_TOP_1_MAOM_r3_Mag_13Jan25_3p3kV_300SA_p01_40_1_21921","samples were rerun to check, all good",2025-01-16 20:42:39.000,SciMax01,"60933",https://proto-9.pnl.gov/SciMax01/2025_1/60933_17_TOP_1_MAOM_r3_Mag_13Jan25_3p3kV_300SA_p01_40_1_21921,Released
1341088,"60932_5_TOP_1_MAOM_r1_Mag_10Feb25_3p3kV_300SA_p01_29_1_23056","",2025-02-10 21:20:59.000,SciMax01,"60932",https://proto-9.pnl.gov/SciMax01/2025_1/60932_5_TOP_1_MAOM_r1_Mag_10Feb25_3p3kV_300SA_p01_29_1_23056,Released
1215817,"60920_6_B_2_WEOM_r3_Mag_21Dec23_300SA_p01_31_1_14155",Data needs to be reviewed,2023-12-25 20:25:23.000,SciMax01,"60920",https://proto-9.pnl.gov/SciMax01/2024_1/60920_6_B_2_WEOM_r3_Mag_21Dec23_300SA_p01_31_1_14155,Released
1230973,"60880_2_B_3_WEOM_r3_Mag_16Feb24_300SA_p01_25_1_15434",Buzzard: MONet,2024-02-20 15:21:02.000,SciMax01,"60880",https://proto-9.pnl.gov/SciMax01/2024_1/60880_2_B_3_WEOM_r3_Mag_16Feb24_300SA_p01_25_1_15434,Released
1217268,"60923_2_B_3_WEOM_r1_Mag_04Jan24_300SA_p01_12_1_14504",Buzzard: Use this data,2024-01-06 07:18:11.000,SciMax01,"60923",https://proto-9.pnl.gov/SciMax01/2024_1/60923_2_B_3_WEOM_r1_Mag_04Jan24_300SA_p01_12_1_14504,Released
1215954,QC_SRFAII_23_01_20ppm_r3_Mag_21Dec23_300SA_p01_54_1_14164,Data needs to be reviewed,2023-12-26 00:24:42.000,SciMax01,"60920",https://proto-9.pnl.gov/SciMax01/2024_1/QC_SRFAII_23_01_20ppm_r3_Mag_21Dec23_300SA_p01_54_1_14164,Released
1252930,"60929_3_T_2_WEOM_r3_Mag_01May24_300SA_p01_50_1_18219","",2024-05-05 20:40:47.000,SciMax01,"60929",https://proto-9.pnl.gov/SciMax01/2024_2/60929_3_T_2_WEOM_r3_Mag_01May24_300SA_p01_50_1_18219,Released
1221001,"60938_5_T_3_WEOM_r3_Mag_18Jan24_300SA_p01_27_1_14971",Buzzard: MONet,2024-01-23 20:04:39.000,SciMax01,"60938",https://proto-9.pnl.gov/SciMax01/2024_1/60938_5_T_3_WEOM_r3_Mag_18Jan24_300SA_p01_27_1_14971,Released
1230916,"60880_4_T_3_WEOM_r3_Mag_16Feb24_300SA_p01_34_1_15425",Buzzard: MONet,2024-02-20 11:21:41.000,SciMax01,"60880",https://proto-9.pnl.gov/SciMax01/2024_1/60880_4_T_3_WEOM_r3_Mag_16Feb24_300SA_p01_34_1_15425,Released
1220666,"60933_7_T_3_WEOM_r1_Mag_18Jan24_300SA_p01_36_1_14722",Buzzard: MONet,2024-01-19 05:43:20.000,SciMax01,"60933",https://proto-9.pnl.gov/SciMax01/2024_1/60933_7_T_3_WEOM_r1_Mag_18Jan24_300SA_p01_36_1_14722,Released
1216074,"60923_5_T_1_WEOM_r2_Mag_26Dec23_300SA_p01_9_1_14319",Buzzard: Data is fine but queue stopped over holiday week so need to shim cell and will run the queue again,2023-12-29 12:21:21.000,SciMax01,"60923",https://proto-9.pnl.gov/SciMax01/2024_1/60923_5_T_1_WEOM_r2_Mag_26Dec23_300SA_p01_9_1_14319,Released
1314830,"60932_4_BTM_2_WEOM_r1_Mag_01Nov24_4p2kV_p01_29_1_20146",Buzzard: Testing response after Instrument cell clean and lab move,2024-11-02 22:27:48.000,SciMax01,"60938",https://proto-9.pnl.gov/SciMax01/2024_4/60932_4_BTM_2_WEOM_r1_Mag_01Nov24_4p2kV_p01_29_1_20146,Released
1340563,"60938_4_BTM_2_MAOM_r2_Mag_03Feb25_3p3kV_300SA_p01_23_1_22809","",2025-02-04 19:46:39.000,SciMax01,"60938",https://proto-9.pnl.gov/SciMax01/2025_1/60938_4_BTM_2_MAOM_r2_Mag_03Feb25_3p3kV_300SA_p01_23_1_22809,Released
1220585,"60933_3_T_3_WEOM_r1_Mag_18Jan24_300SA_p01_12_1_14703",Buzzard: MONet,2024-01-18 21:18:04.000,SciMax01,"60933",https://proto-9.pnl.gov/SciMax01/2024_1/60933_3_T_3_WEOM_r1_Mag_18Jan24_300SA_p01_12_1_14703,Released
1336435,"60923_15_TOP_3_MAOM_r1_Mag_22Jan25_3p3kV_300SA_p01_12_1_22234","",2025-01-23 04:00:50.000,SciMax01,"60923",https://proto-9.pnl.gov/SciMax01/2025_1/60923_15_TOP_3_MAOM_r1_Mag_22Jan25_3p3kV_300SA_p01_12_1_22234,Released
1330693,"60846_2_BTM_2_MAOM_r3_Mag_02Jan25_3p3kV_300SA_p01_5_1_21542","",2025-01-04 15:25:56.000,SciMax01,"60846",https://proto-9.pnl.gov/SciMax01/2025_1/60846_2_BTM_2_MAOM_r3_Mag_02Jan25_3p3kV_300SA_p01_5_1_21542,Released
1220610,"60938_1_T_1_WEOM_r2_Mag_18Jan24_300SA_p01_1_1_14889",Buzzard: MONet,2024-01-22 07:44:13.000,SciMax01,"60938",https://proto-9.pnl.gov/SciMax01/2024_1/60938_1_T_1_WEOM_r2_Mag_18Jan24_300SA_p01_1_1_14889,Released
1349502,"60933_17_TOP_2_MAOM_r2_Mag_31Jan25_3p3kV_300SA_p01_41_1_22735","",2025-02-01 11:39:00.000,SciMax01,"60933",https://proto-9.pnl.gov/SciMax01/2025_1/60933_17_TOP_2_MAOM_r2_Mag_31Jan25_3p3kV_300SA_p01_41_1_22735,Released
1336438,"60923_18_TOP_1_MAOM_r1_Mag_22Jan25_3p3kV_300SA_p01_32_1_22243","",2025-01-23 08:01:47.000,SciMax01,"60923",https://proto-9.pnl.gov/SciMax01/2025_1/60923_18_TOP_1_MAOM_r1_Mag_22Jan25_3p3kV_300SA_p01_32_1_22243,Released
1336670,"60923_14_TOP_2_MAOM_r2_Mag_22Jan25_3p3kV_300SA_p01_5_1_22264","",2025-01-23 17:23:40.000,SciMax01,"60923",https://proto-9.pnl.gov/SciMax01/2025_1/60923_14_TOP_2_MAOM_r2_Mag_22Jan25_3p3kV_300SA_p01_5_1_22264,Released
1221037,QC_SRFAII_23_01_20ppm_r2_Mag_18Jan24_300SA_p01_52_1_14857,Buzzard: MONet,2024-01-21 17:33:20.000,SciMax01,"60938",https://proto-9.pnl.gov/SciMax01/2024_1/QC_SRFAII_23_01_20ppm_r2_Mag_18Jan24_300SA_p01_52_1_14857,Released
1329106,"60923_1_TOP_1_MAOM_r3_Mag_27Dec24_3p3kV_300SA_p01_1_1_21280","",2024-12-29 18:19:45.000,SciMax01,"60923",https://proto-9.pnl.gov/SciMax01/2024_4/60923_1_TOP_1_MAOM_r3_Mag_27Dec24_3p3kV_300SA_p01_1_1_21280,Released
1231022,"60880_2_B_3_WEOM_r2_Mag_16Feb24_300SA_p01_25_1_15400",Buzzard: MONet,2024-02-20 00:16:59.000,SciMax01,"60880",https://proto-9.pnl.gov/SciMax01/2024_1/60880_2_B_3_WEOM_r2_Mag_16Feb24_300SA_p01_25_1_15400,Released
1329144,"60923_4_TOP_2_MAOM_r2_Mag_27Dec24_3p3kV_300SA_p01_20_1_21254","",2024-12-29 06:43:45.000,SciMax01,"60923",https://proto-9.pnl.gov/SciMax01/2024_4/60923_4_TOP_2_MAOM_r2_Mag_27Dec24_3p3kV_300SA_p01_20_1_21254,Released
1335373,"60923_8_TOP_1_MAOM_r3_Mag_13Jan25_3p3kV_300SA_p01_13_1_22080","",2025-01-19 19:36:41.000,SciMax01,"60923",https://proto-9.pnl.gov/SciMax01/2025_1/60923_8_TOP_1_MAOM_r3_Mag_13Jan25_3p3kV_300SA_p01_13_1_22080,Released
1253692,"60940_4_B_3_WEOM_r3_Mag_10May24_300SA_p01_21_1_18355","",2024-05-12 09:03:04.000,SciMax01,"60940",https://proto-9.pnl.gov/SciMax01/2024_2/60940_4_B_3_WEOM_r3_Mag_10May24_300SA_p01_21_1_18355,Released
1338812,"60923_12_BTM_3_MAOM_r3_Mag_29Jan25_3p3kV_300SA_p01_45_1_22702","",2025-01-31 20:55:53.000,SciMax01,"60923",https://proto-9.pnl.gov/SciMax01/2025_1/60923_12_BTM_3_MAOM_r3_Mag_29Jan25_3p3kV_300SA_p01_45_1_22702,Released
1217428,"60923_5_B_1_WEOM_r3_Mag_04Jan24_300SA_p01_10_1_14617",Buzzard: Use this data,2024-01-08 09:23:16.000,SciMax01,"60923",https://proto-9.pnl.gov/SciMax01/2024_1/60923_5_B_1_WEOM_r3_Mag_04Jan24_300SA_p01_10_1_14617,Released
1216108,"60923_7_T_2_WEOM_r2_Mag_26Dec23_300SA_p01_41_1_14341",Buzzard: Data is fine but queue stopped over holiday week so need to shim cell and will run the queue again,2023-12-29 22:06:22.000,SciMax01,"60923",https://proto-9.pnl.gov/SciMax01/2024_1/60923_7_T_2_WEOM_r2_Mag_26Dec23_300SA_p01_41_1_14341,Released
1253601,"60940_2_B_2_WEOM_r3_Mag_10May24_300SA_p01_11_1_18367","",2024-05-12 14:22:06.000,SciMax01,"60940",https://proto-9.pnl.gov/SciMax01/2024_2/60940_2_B_2_WEOM_r3_Mag_10May24_300SA_p01_11_1_18367,Released
1233033,"60923_18_B_3_WEOM_r1_Mag_04Mar24_300SA_p01_24_1_16823","",2024-03-05 05:02:30.000,SciMax01,"60923",https://proto-9.pnl.gov/SciMax01/2024_1/60923_18_B_3_WEOM_r1_Mag_04Mar24_300SA_p01_24_1_16823,Released
1091230,"1000s_SRFAII_09_02Nov22_Mag_300SA_p01_141_1_7256","",2022-11-02 22:55:49.000,SciMax01,"60141",https://proto-9.pnl.gov/SciMax01/2022_4/1000s_SRFAII_09_02Nov22_Mag_300SA_p01_141_1_7256,Released
1220975,"60938_3_T_3_WEOM_r3_Mag_18Jan24_300SA_p01_15_1_15006",Buzzard: MONet,2024-01-24 11:35:20.000,SciMax01,"60938",https://proto-9.pnl.gov/SciMax01/2024_1/60938_3_T_3_WEOM_r3_Mag_18Jan24_300SA_p01_15_1_15006,Released
1217509,"60923_2_T_3_WEOM_r3_Mag_04Jan24_300SA_p01_11_1_14679",Buzzard: Use this data,2024-01-09 12:51:50.000,SciMax01,"60923",https://proto-9.pnl.gov/SciMax01/2024_1/60923_2_T_3_WEOM_r3_Mag_04Jan24_300SA_p01_11_1_14679,Released
1331081,"60933_4_TOP_2_MAOM_r2_Mag_05Jan25_3p3kV_300SA_p01_17_1_21692","",2025-01-07 10:19:00.000,SciMax01,"60933",https://proto-9.pnl.gov/SciMax01/2025_1/60933_4_TOP_2_MAOM_r2_Mag_05Jan25_3p3kV_300SA_p01_17_1_21692,Released
1252943,QC_SRFAII_23_01_10ppm_WEOM_r3_Mag_01May24_300SA_p01_54_1_18259,"",2024-05-06 14:24:22.000,SciMax01,"60929",https://proto-9.pnl.gov/SciMax01/2024_2/QC_SRFAII_23_01_10ppm_WEOM_r3_Mag_01May24_300SA_p01_54_1_18259,Released
1215796,QC_SRFAII_23_01_20ppm_r0_Mag_21Dec23_300SA_p01_54_1_13983,Data needs to be reviewed,2023-12-21 15:04:19.000,SciMax01,"60920",https://proto-9.pnl.gov/SciMax01/2024_1/QC_SRFAII_23_01_20ppm_r0_Mag_21Dec23_300SA_p01_54_1_13983,Released
1231248,"60933_16_T_3_WEOM_r2_Mag_12Feb24_300SA_p01_33_1_15140",Buzzard: MONet,2024-02-14 18:51:40.000,SciMax01,"60933",https://proto-9.pnl.gov/SciMax01/2024_1/60933_16_T_3_WEOM_r2_Mag_12Feb24_300SA_p01_33_1_15140,Released
1216087,"60923_5_T_2_WEOM_r1_Mag_26Dec23_300SA_p01_37_1_14247",Buzzard: Data is fine but queue stopped over holiday week so need to shim cell and will run the queue again,2023-12-28 04:26:50.000,SciMax01,"60923",https://proto-9.pnl.gov/SciMax01/2024_1/60923_5_T_2_WEOM_r1_Mag_26Dec23_300SA_p01_37_1_14247,Released
1337320,"60886_4_TOP_2_MAOM_r1_Mag_22Jan25_3p3kV_300SA_p01_30_1_22411","",2025-01-26 10:58:31.000,SciMax01,"60886",https://proto-9.pnl.gov/SciMax01/2025_1/60886_4_TOP_2_MAOM_r1_Mag_22Jan25_3p3kV_300SA_p01_30_1_22411,Released
1329016,"60940_2_TOP_2_MAOM_r3_Mag_23Dec24_3p3kV_300SA_p01_8_1_21120","",2024-12-25 07:23:13.000,SciMax01,"60940",https://proto-9.pnl.gov/SciMax01/2024_4/60940_2_TOP_2_MAOM_r3_Mag_23Dec24_3p3kV_300SA_p01_8_1_21120,Released
1231294,"60933_18_T_2_WEOM_r2_Mag_12Feb24_300SA_p01_44_1_15152",Buzzard: MONet,2024-02-15 00:10:43.000,SciMax01,"60933",https://proto-9.pnl.gov/SciMax01/2024_1/60933_18_T_2_WEOM_r2_Mag_12Feb24_300SA_p01_44_1_15152,Released
1216109,"60923_10_B_2_WEOM_r2_Mag_26Dec23_300SA_p01_48_1_14343",Buzzard: Data is fine but queue stopped over holiday week so need to shim cell and will run the queue again,2023-12-29 22:59:33.000,SciMax01,"60923",https://proto-9.pnl.gov/SciMax01/2024_1/60923_10_B_2_WEOM_r2_Mag_26Dec23_300SA_p01_48_1_14343,Released
1339867,"60942_5_TOP_3_MAOM_r1_Mag_03Feb25_3p3kV_300SA_p01_15_1_22906","",2025-02-06 14:59:36.000,SciMax01,"60942",https://proto-9.pnl.gov/SciMax01/2025_1/60942_5_TOP_3_MAOM_r1_Mag_03Feb25_3p3kV_300SA_p01_15_1_22906,Released
1236308,"60886_1_B_3_WEOM_r2_Mag_10Mar24_300SA_p01_6_1_17188",Buzzard: MONet,2024-03-12 17:06:20.000,SciMax01,"60886",https://proto-9.pnl.gov/SciMax01/2024_1/60886_1_B_3_WEOM_r2_Mag_10Mar24_300SA_p01_6_1_17188,Released
1341884,"60881_4_TOP_2_MAOM_r1_Mag_10Feb25_3p3kV_300SA_p01_20_1_23234","",2025-02-14 04:43:23.000,SciMax01,"60881",https://proto-9.pnl.gov/SciMax01/2025_1/60881_4_TOP_2_MAOM_r1_Mag_10Feb25_3p3kV_300SA_p01_20_1_23234,Released
1234639,"60923_21_B_2_WEOM_r3_Mag_04Mar24_300SA_p01_41_1_16932",Buzzard: MONet,2024-03-07 05:20:50.000,SciMax01,"60923",https://proto-9.pnl.gov/SciMax01/2024_1/60923_21_B_2_WEOM_r3_Mag_04Mar24_300SA_p01_41_1_16932,Released
1335210,"60933_14_TOP_2_MAOM_r2_Mag_13Jan25_3p3kV_300SA_p01_24_1_21860","",2025-01-15 17:29:25.000,SciMax01,"60933",https://proto-9.pnl.gov/SciMax01/2025_1/60933_14_TOP_2_MAOM_r2_Mag_13Jan25_3p3kV_300SA_p01_24_1_21860,Released
1328880,"60921_1_BTM_Combo_WEOM_Mag_19Dec24_3p3kV_300SA_p01_50_1_20963",Buzzard: combo samples,2024-12-19 18:55:11.000,SciMax01,"60921",https://proto-9.pnl.gov/SciMax01/2024_4/60921_1_BTM_Combo_WEOM_Mag_19Dec24_3p3kV_300SA_p01_50_1_20963,Released
1220664,"60933_2_B_1_WEOM_r2_Mag_18Jan24_300SA_p01_7_1_14847",Buzzard: MONet,2024-01-21 13:07:23.000,SciMax01,"60933",https://proto-9.pnl.gov/SciMax01/2024_1/60933_2_B_1_WEOM_r2_Mag_18Jan24_300SA_p01_7_1_14847,Released
1220738,"60933_7_T_1_WEOM_r3_Mag_18Jan24_300SA_p01_34_1_14942",Buzzard: MONet,2024-01-23 07:13:32.000,SciMax01,"60933",https://proto-9.pnl.gov/SciMax01/2024_1/60933_7_T_1_WEOM_r3_Mag_18Jan24_300SA_p01_34_1_14942,Released
1217277,QC_SRFAII_23_01_20ppm_r2_Mag_04Jan24_300SA_p01_52_1_14552,Buzzard: Use this data,2024-01-07 04:34:40.000,SciMax01,"60923",https://proto-9.pnl.gov/SciMax01/2024_1/QC_SRFAII_23_01_20ppm_r2_Mag_04Jan24_300SA_p01_52_1_14552,Released
1231233,"60933_11_T_3_WEOM_r3_Mag_12Feb24_300SA_p01_3_1_15238",Buzzard: MONet,2024-02-16 14:17:28.000,SciMax01,"60933",https://proto-9.pnl.gov/SciMax01/2024_1/60933_11_T_3_WEOM_r3_Mag_12Feb24_300SA_p01_3_1_15238,Released
1235689,"60942_3_T_1_WEOM_r3_Mag_07Mar24_300SA_p01_13_1_17098",Buzzard: MONet,2024-03-11 00:21:04.000,SciMax01,"60942",https://proto-9.pnl.gov/SciMax01/2024_1/60942_3_T_1_WEOM_r3_Mag_07Mar24_300SA_p01_13_1_17098,Released
1216154,"60923_8_T_3_WEOM_r1_Mag_26Dec23_300SA_p01_23_1_14281",Buzzard: Data is fine but queue stopped over holiday week so need to shim cell and will run the queue again,2023-12-28 19:30:55.000,SciMax01,"60923",https://proto-9.pnl.gov/SciMax01/2024_1/60923_8_T_3_WEOM_r1_Mag_26Dec23_300SA_p01_23_1_14281,Released
1233010,"60923_18_B_1_WEOM_r1_Mag_04Mar24_300SA_p01_22_1_16802","",2024-03-04 19:44:08.000,SciMax01,"60923",https://proto-9.pnl.gov/SciMax01/2024_1/60923_18_B_1_WEOM_r1_Mag_04Mar24_300SA_p01_22_1_16802,Released
1216064,"60923_12_T_2_WEOM_r1_Mag_26Dec23_300SA_p01_3_1_14262",Buzzard: Data is fine but queue stopped over holiday week so need to shim cell and will run the queue again,2023-12-28 11:05:42.000,SciMax01,"60923",https://proto-9.pnl.gov/SciMax01/2024_1/60923_12_T_2_WEOM_r1_Mag_26Dec23_300SA_p01_3_1_14262,Released
1330575,"60846_17_TOP_3_MAOM_r2_Mag_02Jan25_3p3kV_300SA_p01_31_1_21494","",2025-01-03 18:02:52.000,SciMax01,"60846",https://proto-9.pnl.gov/SciMax01/2025_1/60846_17_TOP_3_MAOM_r2_Mag_02Jan25_3p3kV_300SA_p01_31_1_21494,Released
1230911,"60921_3_B_1_WEOM_r1_Mag_21Feb24_300SA_p01_47_1_15464",Buzzard: MONet,2024-02-21 17:54:11.000,SciMax01,"60921",https://proto-9.pnl.gov/SciMax01/2024_1/60921_3_B_1_WEOM_r1_Mag_21Feb24_300SA_p01_47_1_15464,Released
1217325,"60923_4_B_1_WEOM_r2_Mag_04Jan24_300SA_p01_8_1_14518",Buzzard: Use this data,2024-01-06 13:30:27.000,SciMax01,"60923",https://proto-9.pnl.gov/SciMax01/2024_1/60923_4_B_1_WEOM_r2_Mag_04Jan24_300SA_p01_8_1_14518,Released
1329060,"60923_3_BTM_1_MAOM_r2_Mag_27Dec24_3p3kV_300SA_p01_16_1_21232","",2024-12-28 20:55:24.000,SciMax01,"60923",https://proto-9.pnl.gov/SciMax01/2024_4/60923_3_BTM_1_MAOM_r2_Mag_27Dec24_3p3kV_300SA_p01_16_1_21232,Released
1217432,"60923_4_T_2_WEOM_r1_Mag_04Jan24_300SA_p01_35_1_14474",Buzzard: Use this data,2024-01-05 18:00:29.000,SciMax01,"60923",https://proto-9.pnl.gov/SciMax01/2024_1/60923_4_T_2_WEOM_r1_Mag_04Jan24_300SA_p01_35_1_14474,Released
1253608,"60940_2_B_2_WEOM_r1_Mag_10May24_300SA_p01_11_1_18301","",2024-05-11 09:07:13.000,SciMax01,"60940",https://proto-9.pnl.gov/SciMax01/2024_2/60940_2_B_2_WEOM_r1_Mag_10May24_300SA_p01_11_1_18301,Released
1230969,"60880_3_T_2_WEOM_r2_Mag_16Feb24_300SA_p01_27_1_15402",Buzzard: MONet,2024-02-20 01:10:11.000,SciMax01,"60880",https://proto-9.pnl.gov/SciMax01/2024_1/60880_3_T_2_WEOM_r2_Mag_16Feb24_300SA_p01_27_1_15402,Released
1221000,"60938_6_B_1_WEOM_r3_Mag_18Jan24_300SA_p01_34_1_15008",Buzzard: MONet,2024-01-24 12:28:32.000,SciMax01,"60938",https://proto-9.pnl.gov/SciMax01/2024_1/60938_6_B_1_WEOM_r3_Mag_18Jan24_300SA_p01_34_1_15008,Released
1235606,"60942_5_B_3_WEOM_r3_Mag_07Mar24_300SA_p01_29_1_17106",Buzzard: MONet,2024-03-11 03:53:47.000,SciMax01,"60942",https://proto-9.pnl.gov/SciMax01/2024_1/60942_5_B_3_WEOM_r3_Mag_07Mar24_300SA_p01_29_1_17106,Released
1499211,"20260520_QC_SRFAII_25_02_MeAug25_Mag_300tr_53_1_33075","",2026-05-21 03:35:25.000,SciMax01,"61050",https://proto-9.pnl.gov/SciMax01/2026_2/20260520_QC_SRFAII_25_02_MeAug25_Mag_300tr_53_1_33075,Released
1335390,"60933_11_BTM_2_MAOM_r3_Mag_13Jan25_3p3kV_300SA_p01_5_1_21906","",2025-01-16 14:01:27.000,SciMax01,"60933",https://proto-9.pnl.gov/SciMax01/2025_1/60933_11_BTM_2_MAOM_r3_Mag_13Jan25_3p3kV_300SA_p01_5_1_21906,Released
1220525,"60933_5_B_2_WEOM_r2_Mag_18Jan24_300SA_p01_26_1_14824",Buzzard: MONet,2024-01-21 02:55:44.000,SciMax01,"60933",https://proto-9.pnl.gov/SciMax01/2024_1/60933_5_B_2_WEOM_r2_Mag_18Jan24_300SA_p01_26_1_14824,Released
1499242,"20260520_QC_SRFAII_25_02_MeAug25_Mag_300tr_53_1_33046","",2026-05-20 17:51:56.000,SciMax01,"61050",https://proto-9.pnl.gov/SciMax01/2026_2/20260520_QC_SRFAII_25_02_MeAug25_Mag_300tr_53_1_33046,Released
1337440,"60886_1_BTM_1_MAOM_r2_Mag_22Jan25_3p3kV_300SA_p01_10_1_22458","",2025-01-27 07:54:58.000,SciMax01,"60886",https://proto-9.pnl.gov/SciMax01/2025_1/60886_1_BTM_1_MAOM_r2_Mag_22Jan25_3p3kV_300SA_p01_10_1_22458,Released
1230831,"60932_4_T_3_WEOM_r1_Mag_21Feb24_300SA_p01_17_1_15517",Buzzard: MONet,2024-02-22 17:23:28.000,SciMax01,"60932",https://proto-9.pnl.gov/SciMax01/2024_1/60932_4_T_3_WEOM_r1_Mag_21Feb24_300SA_p01_17_1_15517,Released
1217348,"60923_4_T_1_WEOM_r2_Mag_04Jan24_300SA_p01_7_1_14512",Buzzard: Use this data,2024-01-06 10:50:54.000,SciMax01,"60923",https://proto-9.pnl.gov/SciMax01/2024_1/60923_4_T_1_WEOM_r2_Mag_04Jan24_300SA_p01_7_1_14512,Released
1330598,"60880_2_BTM_1_MAOM_r2_Mag_02Jan25_3p3kV_300SA_p01_44_1_21502","",2025-01-03 21:36:52.000,SciMax01,"60880",https://proto-9.pnl.gov/SciMax01/2025_1/60880_2_BTM_1_MAOM_r2_Mag_02Jan25_3p3kV_300SA_p01_44_1_21502,Released
1252941,"60929_1_T_3_WEOM_r3_Mag_01May24_300SA_p01_39_1_18249","",2024-05-06 09:58:27.000,SciMax01,"60929",https://proto-9.pnl.gov/SciMax01/2024_2/60929_1_T_3_WEOM_r3_Mag_01May24_300SA_p01_39_1_18249,Released
1337413,"60886_6_TOP_1_MAOM_r2_Mag_22Jan25_3p3kV_300SA_p01_40_1_22449","",2025-01-27 03:54:28.000,SciMax01,"60886",https://proto-9.pnl.gov/SciMax01/2025_1/60886_6_TOP_1_MAOM_r2_Mag_22Jan25_3p3kV_300SA_p01_40_1_22449,Released
1215823,"60920_8_T_3_WEOM_r3_Mag_21Dec23_300SA_p01_14_1_14197",Data needs to be reviewed,2023-12-26 15:02:14.000,SciMax01,"60920",https://proto-9.pnl.gov/SciMax01/2024_1/60920_8_T_3_WEOM_r3_Mag_21Dec23_300SA_p01_14_1_14197,Released
1235611,"60942_6_B_3_WEOM_r2_Mag_07Mar24_300SA_p01_35_1_17040",Buzzard: MONet,2024-03-09 13:39:34.000,SciMax01,"60942",https://proto-9.pnl.gov/SciMax01/2024_1/60942_6_B_3_WEOM_r2_Mag_07Mar24_300SA_p01_35_1_17040,Released
1231122,"60933_11_B_2_WEOM_r1_Mag_12Feb24_300SA_p01_5_1_15075",Buzzard: MONet,2024-02-13 14:03:17.000,SciMax01,"60933",https://proto-9.pnl.gov/SciMax01/2024_1/60933_11_B_2_WEOM_r1_Mag_12Feb24_300SA_p01_5_1_15075,Released
1330635,"60846_2_TOP_2_MAOM_r2_Mag_02Jan25_3p3kV_300SA_p01_2_1_21517","",2025-01-04 04:17:21.000,SciMax01,"60846",https://proto-9.pnl.gov/SciMax01/2025_1/60846_2_TOP_2_MAOM_r2_Mag_02Jan25_3p3kV_300SA_p01_2_1_21517,Released
1340341,"60946_2_BTM_2_MAOM_r3_Mag_03Feb25_3p3kV_300SA_p01_39_1_23012","",2025-02-08 14:15:28.000,SciMax01,"60946",https://proto-9.pnl.gov/SciMax01/2025_1/60946_2_BTM_2_MAOM_r3_Mag_03Feb25_3p3kV_300SA_p01_39_1_23012,Released
1340128,"60942_6_BTM_2_MAOM_r2_Mag_03Feb25_3p3kV_300SA_p01_27_1_22957","",2025-02-07 13:44:18.000,SciMax01,"60942",https://proto-9.pnl.gov/SciMax01/2025_1/60942_6_BTM_2_MAOM_r2_Mag_03Feb25_3p3kV_300SA_p01_27_1_22957,Released
1329071,"60923_3_TOP_3_MAOM_r2_Mag_27Dec24_3p3kV_300SA_p01_15_1_21261","",2024-12-29 09:51:06.000,SciMax01,"60923",https://proto-9.pnl.gov/SciMax01/2024_4/60923_3_TOP_3_MAOM_r2_Mag_27Dec24_3p3kV_300SA_p01_15_1_21261,Released
1217455,"60923_8_T_1_WEOM_r2_Mag_04Jan24_300SA_p01_15_1_14516",Buzzard: Use this data,2024-01-06 12:37:18.000,SciMax01,"60923",https://proto-9.pnl.gov/SciMax01/2024_1/60923_8_T_1_WEOM_r2_Mag_04Jan24_300SA_p01_15_1_14516,Released
1330844,"60933_8_TOP_2_MAOM_r1_Mag_05Jan25_3p3kV_300SA_p01_45_1_21616","",2025-01-06 00:25:27.000,SciMax01,"60933",https://proto-9.pnl.gov/SciMax01/2025_1/60933_8_TOP_2_MAOM_r1_Mag_05Jan25_3p3kV_300SA_p01_45_1_21616,Released
1345084,"60920_6_TOP_2_MAOM_r1_Mag_19Feb25_3p3kV_300SA_p01_32_1_23342","",2025-02-19 19:44:21.000,SciMax01,"60920",https://proto-9.pnl.gov/SciMax01/2025_1/60920_6_TOP_2_MAOM_r1_Mag_19Feb25_3p3kV_300SA_p01_32_1_23342,Released
1220552,"60933_7_B_3_WEOM_r3_Mag_18Jan24_300SA_p01_39_1_14930",Buzzard: MONet,2024-01-23 01:54:26.000,SciMax01,"60933",https://proto-9.pnl.gov/SciMax01/2024_1/60933_7_B_3_WEOM_r3_Mag_18Jan24_300SA_p01_39_1_14930,Released
1350670,"60933_18_TOP_1_MAOM_r3_Mag_29Jan25_3p3kV_300SA_p01_1_1_22716","",2025-02-01 03:10:36.000,SciMax01,"60933",https://proto-9.pnl.gov/SciMax01/2025_1/60933_18_TOP_1_MAOM_r3_Mag_29Jan25_3p3kV_300SA_p01_1_1_22716,Released
1215819,"60920_8_B_2_WEOM_r2_Mag_21Dec23_300SA_p01_34_1_14096",Data needs to be reviewed,2023-12-24 18:16:30.000,SciMax01,"60920",https://proto-9.pnl.gov/SciMax01/2024_1/60920_8_B_2_WEOM_r2_Mag_21Dec23_300SA_p01_34_1_14096,Released
1328930,"60940_1_BTM_3_MAOM_r2_Mag_23Dec24_3p3kV_300SA_p01_6_1_21053","",2024-12-24 01:31:46.000,SciMax01,"60940",https://proto-9.pnl.gov/SciMax01/2024_4/60940_1_BTM_3_MAOM_r2_Mag_23Dec24_3p3kV_300SA_p01_6_1_21053,Released
1344788,"60920_1_BTM_1_MAOM_r1_Mag_19Feb25_3p3kV_300SA_p01_4_1_23363","",2025-02-20 05:05:40.000,SciMax01,"60920",https://proto-9.pnl.gov/SciMax01/2025_1/60920_1_BTM_1_MAOM_r1_Mag_19Feb25_3p3kV_300SA_p01_4_1_23363,Released
1346473,"60921_2_BTM_1_MAOM_r1_Mag_26Feb25_3p3kV_300SA_p01_4_1_23935","",2025-03-05 13:07:09.000,SciMax01,"60921",https://proto-9.pnl.gov/SciMax01/2025_1/60921_2_BTM_1_MAOM_r1_Mag_26Feb25_3p3kV_300SA_p01_4_1_23935,Released
1220555,"60933_8_T_2_WEOM_r3_Mag_18Jan24_300SA_p01_41_1_14909",Buzzard: MONet,2024-01-22 16:35:58.000,SciMax01,"60933",https://proto-9.pnl.gov/SciMax01/2024_1/60933_8_T_2_WEOM_r3_Mag_18Jan24_300SA_p01_41_1_14909,Released
1236309,"60886_5_B_2_WEOM_r3_Mag_10Mar24_300SA_p01_29_1_17248",Buzzard: MONet,2024-03-13 19:41:39.000,SciMax01,"60886",https://proto-9.pnl.gov/SciMax01/2024_1/60886_5_B_2_WEOM_r3_Mag_10Mar24_300SA_p01_29_1_17248,Released
1329111,"60923_7_TOP_2_MAOM_r2_Mag_27Dec24_3p3kV_300SA_p01_38_1_21265","",2024-12-29 11:38:25.000,SciMax01,"60923",https://proto-9.pnl.gov/SciMax01/2024_4/60923_7_TOP_2_MAOM_r2_Mag_27Dec24_3p3kV_300SA_p01_38_1_21265,Released
1329108,"60923_4_BTM_1_MAOM_r1_Mag_27Dec24_3p3kV_300SA_p01_22_1_21209","",2024-12-28 10:40:15.000,SciMax01,"60923",https://proto-9.pnl.gov/SciMax01/2024_4/60923_4_BTM_1_MAOM_r1_Mag_27Dec24_3p3kV_300SA_p01_22_1_21209,Released
1217483,"60923_12_T_2_WEOM_r2_Mag_04Jan24_300SA_p01_3_1_14563",Buzzard: Use this data,2024-01-07 09:27:14.000,SciMax01,"60923",https://proto-9.pnl.gov/SciMax01/2024_1/60923_12_T_2_WEOM_r2_Mag_04Jan24_300SA_p01_3_1_14563,Released
1217347,"60923_3_B_1_WEOM_r1_Mag_04Jan24_300SA_p01_6_1_14420",Buzzard: Use this data,2024-01-04 18:04:37.000,SciMax01,"60923",https://proto-9.pnl.gov/SciMax01/2024_1/60923_3_B_1_WEOM_r1_Mag_04Jan24_300SA_p01_6_1_14420,Released
1349535,"60933_4_TOP_3_MAOM_r3_Mag_20Jan25_3p3kV_300SA_p01_18_1_22174","",2025-01-21 18:25:36.000,SciMax01,"60933",https://proto-9.pnl.gov/SciMax01/2025_1/60933_4_TOP_3_MAOM_r3_Mag_20Jan25_3p3kV_300SA_p01_18_1_22174,Released
1328977,"60920_8_TOP_2_MAOM_r2_Mag_23Dec24_3p3kV_300SA_p01_34_1_21082","",2024-12-24 14:26:52.000,SciMax01,"60920",https://proto-9.pnl.gov/SciMax01/2024_4/60920_8_TOP_2_MAOM_r2_Mag_23Dec24_3p3kV_300SA_p01_34_1_21082,Released
1335353,"60933_15_BTM_2_MAOM_r1_Mag_13Jan25_3p3kV_300SA_p01_33_1_21835","",2025-01-15 06:20:04.000,SciMax01,"60933",https://proto-9.pnl.gov/SciMax01/2025_1/60933_15_BTM_2_MAOM_r1_Mag_13Jan25_3p3kV_300SA_p01_33_1_21835,Released
1336051,"60933_10_TOP_2_MAOM_r3_Mag_20Jan25_3p3kV_300SA_p01_51_1_22141","",2025-01-21 03:43:49.000,SciMax01,"60933",https://proto-9.pnl.gov/SciMax01/2025_1/60933_10_TOP_2_MAOM_r3_Mag_20Jan25_3p3kV_300SA_p01_51_1_22141,Released
1314725,"60923_2_B_2_MAOM_r2_Mag_01Nov24_300SA_4p2kV_p01_11_1_20189",Buzzard: Testing response after Instrument cell clean and lab move,2024-11-05 03:18:22.000,SciMax01,"60923",https://proto-9.pnl.gov/SciMax01/2024_4/60923_2_B_2_MAOM_r2_Mag_01Nov24_300SA_4p2kV_p01_11_1_20189,Released
1217387,"60923_10_B_2_WEOM_r1_Mag_04Jan24_300SA_p01_48_1_14468",Buzzard: Use this data,2024-01-05 15:20:57.000,SciMax01,"60923",https://proto-9.pnl.gov/SciMax01/2024_1/60923_10_B_2_WEOM_r1_Mag_04Jan24_300SA_p01_48_1_14468,Released
1345325,"60880_5_TOP_3_MAOM_r1_Mag_26Feb25_3p3kV_300SA_p01_37_1_23777","",2025-03-01 17:34:48.000,SciMax01,"60880",https://proto-9.pnl.gov/SciMax01/2025_1/60880_5_TOP_3_MAOM_r1_Mag_26Feb25_3p3kV_300SA_p01_37_1_23777,Released
1235682,"60942_3_B_1_WEOM_r2_Mag_07Mar24_300SA_p01_15_1_17020",Buzzard: MONet,2024-03-08 20:55:19.000,SciMax01,"60942",https://proto-9.pnl.gov/SciMax01/2024_1/60942_3_B_1_WEOM_r2_Mag_07Mar24_300SA_p01_15_1_17020,Released
1336949,"60923_14_BTM_3_MAOM_r2_Mag_22Jan25_3p3kV_300SA_p01_9_1_22310","",2025-01-24 13:54:36.000,SciMax01,"60923",https://proto-9.pnl.gov/SciMax01/2025_1/60923_14_BTM_3_MAOM_r2_Mag_22Jan25_3p3kV_300SA_p01_9_1_22310,Released
1329160,"60923_3_BTM_3_MAOM_r3_Mag_27Dec24_3p3kV_300SA_p01_18_1_21307","",2024-12-30 06:22:23.000,SciMax01,"60923",https://proto-9.pnl.gov/SciMax01/2024_4/60923_3_BTM_3_MAOM_r3_Mag_27Dec24_3p3kV_300SA_p01_18_1_21307,Released
1216158,"60923_6_B_2_WEOM_r2_Mag_26Dec23_300SA_p01_40_1_14342",Buzzard: Data is fine but queue stopped over holiday week so need to shim cell and will run the queue again,2023-12-29 22:32:58.000,SciMax01,"60923",https://proto-9.pnl.gov/SciMax01/2024_1/60923_6_B_2_WEOM_r2_Mag_26Dec23_300SA_p01_40_1_14342,Released
1341960,"60881_6_BTM_3_MAOM_r2_Mag_10Feb25_3p3kV_300SA_p01_36_1_23259","",2025-02-14 15:52:31.000,SciMax01,"60881",https://proto-9.pnl.gov/SciMax01/2025_1/60881_6_BTM_3_MAOM_r2_Mag_10Feb25_3p3kV_300SA_p01_36_1_23259,Released
1220966,"60938_4_B_2_WEOM_r3_Mag_18Jan24_300SA_p01_23_1_14978",Buzzard: MONet,2024-01-23 23:10:48.000,SciMax01,"60938",https://proto-9.pnl.gov/SciMax01/2024_1/60938_4_B_2_WEOM_r3_Mag_18Jan24_300SA_p01_23_1_14978,Released
1235691,"60942_2_B_1_WEOM_r2_Mag_07Mar24_300SA_p01_10_1_17057",Buzzard: MONet,2024-03-09 21:11:38.000,SciMax01,"60942",https://proto-9.pnl.gov/SciMax01/2024_1/60942_2_B_1_WEOM_r2_Mag_07Mar24_300SA_p01_10_1_17057,Released
1337371,"60886_6_BTM_2_MAOM_r2_Mag_22Jan25_3p3kV_300SA_p01_44_1_22431","",2025-01-26 19:53:03.000,SciMax01,"60886",https://proto-9.pnl.gov/SciMax01/2025_1/60886_6_BTM_2_MAOM_r2_Mag_22Jan25_3p3kV_300SA_p01_44_1_22431,Released
1338884,"60923_10_BTM_1_MAOM_r3_Mag_29Jan25_3p3kV_300SA_p01_28_1_22719","",2025-02-01 04:30:58.000,SciMax01,"60923",https://proto-9.pnl.gov/SciMax01/2025_1/60923_10_BTM_1_MAOM_r3_Mag_29Jan25_3p3kV_300SA_p01_28_1_22719,Released
1342103,"60881_4_TOP_2_MAOM_r3_Mag_10Feb25_3p3kV_300SA_p01_20_1_23302","",2025-02-15 11:02:15.000,SciMax01,"60881",https://proto-9.pnl.gov/SciMax01/2025_1/60881_4_TOP_2_MAOM_r3_Mag_10Feb25_3p3kV_300SA_p01_20_1_23302,Released
1340544,"60938_3_BTM_2_MAOM_r2_Mag_03Feb25_3p3kV_300SA_p01_17_1_22837","",2025-02-05 08:15:19.000,SciMax01,"60938",https://proto-9.pnl.gov/SciMax01/2025_1/60938_3_BTM_2_MAOM_r2_Mag_03Feb25_3p3kV_300SA_p01_17_1_22837,Released
1230836,"60932_4_B_3_WEOM_r1_Mag_21Feb24_300SA_p01_20_1_15530",Buzzard: MONet,2024-02-22 23:09:07.000,SciMax01,"60932",https://proto-9.pnl.gov/SciMax01/2024_1/60932_4_B_3_WEOM_r1_Mag_21Feb24_300SA_p01_20_1_15530,Released
1230643,"60946_2_T_1_WEOM_r1_Mag_23Feb24_300SA_p01_33_1_16033",Buzzard: Monet,2024-02-26 16:56:08.000,SciMax01,"60946",https://proto-9.pnl.gov/SciMax01/2024_1/60946_2_T_1_WEOM_r1_Mag_23Feb24_300SA_p01_33_1_16033,Released
1252785,"60929_2_T_3_WEOM_r1_Mag_01May24_300SA_p01_45_1_18099","",2024-05-03 15:29:47.000,SciMax01,"60929",https://proto-9.pnl.gov/SciMax01/2024_2/60929_2_T_3_WEOM_r1_Mag_01May24_300SA_p01_45_1_18099,Released
1231246,"60933_11_T_2_WEOM_r2_Mag_12Feb24_300SA_p01_2_1_15116",Buzzard: MONet,2024-02-14 08:13:26.000,SciMax01,"60933",https://proto-9.pnl.gov/SciMax01/2024_1/60933_11_T_2_WEOM_r2_Mag_12Feb24_300SA_p01_2_1_15116,Released
1180804,"60881_3_B_1_WEOM_1w_1_1_13388",Buzzard: 1w; Data needs to be reviewed,2023-08-29 17:24:12.000,SciMax01,"60881",https://proto-9.pnl.gov/SciMax01/2023_3/60881_3_B_1_WEOM_1w_1_1_13388,Released
1345038,"60929_2_BTM_3_MAOM_r2_Mag_19Feb25_3p3kV_300SA_p01_32_1_23532","",2025-02-23 08:28:31.000,SciMax01,"60929",https://proto-9.pnl.gov/SciMax01/2025_1/60929_2_BTM_3_MAOM_r2_Mag_19Feb25_3p3kV_300SA_p01_32_1_23532,Released
1233005,"60923_16_T_3_WEOM_r1_Mag_04Mar24_300SA_p01_9_1_16799","",2024-03-04 18:24:22.000,SciMax01,"60923",https://proto-9.pnl.gov/SciMax01/2024_1/60923_16_T_3_WEOM_r1_Mag_04Mar24_300SA_p01_9_1_16799,Released
1345079,"60942_2_TOP_1_MAOM_r2_Mag_19Feb25_3p3kV_300SA_p01_13_1_23533","",2025-02-23 08:55:29.000,SciMax01,"60942",https://proto-9.pnl.gov/SciMax01/2025_1/60942_2_TOP_1_MAOM_r2_Mag_19Feb25_3p3kV_300SA_p01_13_1_23533,Released
1217404,"60923_4_T_2_WEOM_r3_Mag_04Jan24_300SA_p01_35_1_14639",Buzzard: Use this data,2024-01-08 19:08:13.000,SciMax01,"60923",https://proto-9.pnl.gov/SciMax01/2024_1/60923_4_T_2_WEOM_r3_Mag_04Jan24_300SA_p01_35_1_14639,Released
1234566,"60923_21_B_2_WEOM_r2_Mag_04Mar24_300SA_p01_41_1_16855",Buzzard: MONet,2024-03-05 19:13:25.000,SciMax01,"60923",https://proto-9.pnl.gov/SciMax01/2024_1/60923_21_B_2_WEOM_r2_Mag_04Mar24_300SA_p01_41_1_16855,Released
1234577,QC_SRFAII_23_01_10ppm_WEOM_r2_Mag_04Mar24_300SA_p01_54_1_16858,Buzzard: MONet,2024-03-05 20:33:11.000,SciMax01,"60923",https://proto-9.pnl.gov/SciMax01/2024_1/QC_SRFAII_23_01_10ppm_WEOM_r2_Mag_04Mar24_300SA_p01_54_1_16858,Released
1330572,"60846_5_BTM_1_MAOM_r2_Mag_02Jan25_3p3kV_300SA_p01_10_1_21492","",2025-01-03 17:09:27.000,SciMax01,"60846",https://proto-9.pnl.gov/SciMax01/2025_1/60846_5_BTM_1_MAOM_r2_Mag_02Jan25_3p3kV_300SA_p01_10_1_21492,Released
1330025,"60846_2_TOP_2_MAOM_r1_Mag_02Jan25_3p3kV_300SA_p01_2_1_21437","",2025-01-02 16:36:56.000,SciMax01,"60846",https://proto-9.pnl.gov/SciMax01/2025_1/60846_2_TOP_2_MAOM_r1_Mag_02Jan25_3p3kV_300SA_p01_2_1_21437,Released
1217490,"60923_5_B_3_WEOM_r1_Mag_04Jan24_300SA_p01_18_1_14491",Buzzard: Use this data,2024-01-06 01:32:29.000,SciMax01,"60923",https://proto-9.pnl.gov/SciMax01/2024_1/60923_5_B_3_WEOM_r1_Mag_04Jan24_300SA_p01_18_1_14491,Released
1344784,"60920_1_BTM_2_MAOM_r1_Mag_19Feb25_3p3kV_300SA_p01_5_1_23374","",2025-02-20 09:59:46.000,SciMax01,"60920",https://proto-9.pnl.gov/SciMax01/2025_1/60920_1_BTM_2_MAOM_r1_Mag_19Feb25_3p3kV_300SA_p01_5_1_23374,Released
1329049,"60923_3_BTM_3_MAOM_r2_Mag_27Dec24_3p3kV_300SA_p01_18_1_21228","",2024-12-28 19:08:35.000,SciMax01,"60923",https://proto-9.pnl.gov/SciMax01/2024_4/60923_3_BTM_3_MAOM_r2_Mag_27Dec24_3p3kV_300SA_p01_18_1_21228,Released
1235645,"60886_2_B_1_WEOM_r1_Mag_10Mar24_300SA_p01_10_1_17112",Buzzard: MONet,2024-03-11 06:33:20.000,SciMax01,"60886",https://proto-9.pnl.gov/SciMax01/2024_1/60886_2_B_1_WEOM_r1_Mag_10Mar24_300SA_p01_10_1_17112,Released
1215814,"60920_9_B_1_WEOM_r3_Mag_21Dec23_300SA_p01_17_1_14145",Data needs to be reviewed,2023-12-25 15:59:26.000,SciMax01,"60920",https://proto-9.pnl.gov/SciMax01/2024_1/60920_9_B_1_WEOM_r3_Mag_21Dec23_300SA_p01_17_1_14145,Released
1314857,"60933_17_TOP_1_WEOM_r1_Mag_01Nov24_4p2kV_p01_15_1_20130",Buzzard: Testing response after Instrument cell clean and lab move,2024-11-02 15:20:27.000,SciMax01,"60938",https://proto-9.pnl.gov/SciMax01/2024_4/60933_17_TOP_1_WEOM_r1_Mag_01Nov24_4p2kV_p01_15_1_20130,Released
1272609,QC_SRFAII_23_01_10ppm_MAOM_r0_Mag_03Jul24_300SA_p01_52_1_19349,Buzzard: testing MAOM samples before the move,2024-07-03 15:24:52.000,SciMax01,"60923",https://proto-9.pnl.gov/SciMax01/2024_3/QC_SRFAII_23_01_10ppm_MAOM_r0_Mag_03Jul24_300SA_p01_52_1_19349,Released
1236261,"60942_1_B_3_WEOM_r1_Mag_07Mar24_300SA_p01_6_1_16978",Buzzard: MONet,2024-03-08 02:17:10.000,SciMax01,"60942",https://proto-9.pnl.gov/SciMax01/2024_1/60942_1_B_3_WEOM_r1_Mag_07Mar24_300SA_p01_6_1_16978,Released
1231240,QC_SRFAII_23_01_10ppm_r1_Mag_16Feb24_300SA_p01_54_1_15281,Buzzard: MONet,2024-02-17 10:29:17.000,SciMax01,"60846",https://proto-9.pnl.gov/SciMax01/2024_1/QC_SRFAII_23_01_10ppm_r1_Mag_16Feb24_300SA_p01_54_1_15281,Released
1231195,"60933_14_T_2_WEOM_r2_Mag_12Feb24_300SA_p01_20_1_15134",Buzzard: MONet,2024-02-14 16:12:05.000,SciMax01,"60933",https://proto-9.pnl.gov/SciMax01/2024_1/60933_14_T_2_WEOM_r2_Mag_12Feb24_300SA_p01_20_1_15134,Released
1346554,"60921_2_BTM_3_MAOM_r3_Mag_26Feb25_3p3kV_300SA_p01_6_1_23959","",2025-03-05 23:47:32.000,SciMax01,"60921",https://proto-9.pnl.gov/SciMax01/2025_1/60921_2_BTM_3_MAOM_r3_Mag_26Feb25_3p3kV_300SA_p01_6_1_23959,Released
1345026,"60942_2_TOP_2_MAOM_r1_Mag_19Feb25_3p3kV_300SA_p01_14_1_23487","",2025-02-22 12:23:28.000,SciMax01,"60942",https://proto-9.pnl.gov/SciMax01/2025_1/60942_2_TOP_2_MAOM_r1_Mag_19Feb25_3p3kV_300SA_p01_14_1_23487,Released
1331551,"60933_9_TOP_1_MAOM_r3_Mag_05Jan25_3p3kV_300SA_p01_47_1_21755",data good just rerun,2025-01-09 09:03:28.000,SciMax01,"60933",https://proto-9.pnl.gov/SciMax01/2025_1/60933_9_TOP_1_MAOM_r3_Mag_05Jan25_3p3kV_300SA_p01_47_1_21755,Released
1231237,"60933_13_B_2_WEOM_r3_Mag_12Feb24_300SA_p01_17_1_15215",Buzzard: MONet,2024-02-16 04:05:54.000,SciMax01,"60933",https://proto-9.pnl.gov/SciMax01/2024_1/60933_13_B_2_WEOM_r3_Mag_12Feb24_300SA_p01_17_1_15215,Released
1336441,"60923_15_TOP_2_MAOM_r1_Mag_22Jan25_3p3kV_300SA_p01_11_1_22238","",2025-01-23 05:48:20.000,SciMax01,"60923",https://proto-9.pnl.gov/SciMax01/2025_1/60923_15_TOP_2_MAOM_r1_Mag_22Jan25_3p3kV_300SA_p01_11_1_22238,Released
1330751,"60846_17_TOP_3_MAOM_r3_Mag_02Jan25_3p3kV_300SA_p01_31_1_21570","",2025-01-05 03:55:11.000,SciMax01,"60846",https://proto-9.pnl.gov/SciMax01/2025_1/60846_17_TOP_3_MAOM_r3_Mag_02Jan25_3p3kV_300SA_p01_31_1_21570,Released
1220665,"60933_1_T_1_WEOM_r2_Mag_18Jan24_300SA_p01_1_1_14807",Buzzard: MONet,2024-01-20 19:23:35.000,SciMax01,"60933",https://proto-9.pnl.gov/SciMax01/2024_1/60933_1_T_1_WEOM_r2_Mag_18Jan24_300SA_p01_1_1_14807,Released
1337788,"60886_1_TOP_1_MAOM_r3_Mag_22Jan25_3p3kV_300SA_p01_7_1_22517","",2025-01-28 10:13:49.000,SciMax01,"60886",https://proto-9.pnl.gov/SciMax01/2025_1/60886_1_TOP_1_MAOM_r3_Mag_22Jan25_3p3kV_300SA_p01_7_1_22517,Released
1217286,"60923_8_B_2_WEOM_r2_Mag_04Jan24_300SA_p01_44_1_14564",Buzzard: Use this data,2024-01-07 09:53:49.000,SciMax01,"60923",https://proto-9.pnl.gov/SciMax01/2024_1/60923_8_B_2_WEOM_r2_Mag_04Jan24_300SA_p01_44_1_14564,Released
1252817,"60881_1_T_1_WEOM_r2_Mag_01May24_300SA_p01_45_1_18162","",2024-05-04 19:25:00.000,SciMax01,"60881",https://proto-9.pnl.gov/SciMax01/2024_2/60881_1_T_1_WEOM_r2_Mag_01May24_300SA_p01_45_1_18162,Released
1342014,"60881_6_BTM_1_MAOM_r2_Mag_10Feb25_3p3kV_300SA_p01_34_1_23275","",2025-02-14 23:00:12.000,SciMax01,"60881",https://proto-9.pnl.gov/SciMax01/2025_1/60881_6_BTM_1_MAOM_r2_Mag_10Feb25_3p3kV_300SA_p01_34_1_23275,Released
1220714,"60938_2_B_3_WEOM_r1_Mag_18Jan24_300SA_p01_12_1_14787",Buzzard: MONet,2024-01-20 10:31:48.000,SciMax01,"60938",https://proto-9.pnl.gov/SciMax01/2024_1/60938_2_B_3_WEOM_r1_Mag_18Jan24_300SA_p01_12_1_14787,Released
1314854,"60880_1_BTM_1_WEOM_r1_Mag_01Nov24_4p2kV_p01_4_1_20119",Buzzard: Testing response after Instrument cell clean and lab move,2024-11-02 10:26:56.000,SciMax01,"60938",https://proto-9.pnl.gov/SciMax01/2024_4/60880_1_BTM_1_WEOM_r1_Mag_01Nov24_4p2kV_p01_4_1_20119,Released
1215985,"60920_1_T_1_WEOM_r3_Mag_21Dec23_300SA_p01_1_1_14148",Data needs to be reviewed,2023-12-25 17:19:13.000,SciMax01,"60920",https://proto-9.pnl.gov/SciMax01/2024_1/60920_1_T_1_WEOM_r3_Mag_21Dec23_300SA_p01_1_1_14148,Released
1344782,"60920_2_TOP_2_MAOM_r1_Mag_19Feb25_3p3kV_300SA_p01_8_1_23340","",2025-02-19 18:50:46.000,SciMax01,"60920",https://proto-9.pnl.gov/SciMax01/2025_1/60920_2_TOP_2_MAOM_r1_Mag_19Feb25_3p3kV_300SA_p01_8_1_23340,Released
1329067,"60923_4_BTM_2_MAOM_r2_Mag_27Dec24_3p3kV_300SA_p01_23_1_21234","",2024-12-28 21:48:59.000,SciMax01,"60923",https://proto-9.pnl.gov/SciMax01/2024_4/60923_4_BTM_2_MAOM_r2_Mag_27Dec24_3p3kV_300SA_p01_23_1_21234,Released
1341931,"60881_6_TOP_2_MAOM_r2_Mag_10Feb25_3p3kV_300SA_p01_32_1_23250","",2025-02-14 11:51:13.000,SciMax01,"60881",https://proto-9.pnl.gov/SciMax01/2025_1/60881_6_TOP_2_MAOM_r2_Mag_10Feb25_3p3kV_300SA_p01_32_1_23250,Released
1217528,"60923_3_T_1_WEOM_r2_Mag_04Jan24_300SA_p01_5_1_14519",Buzzard: Use this data,2024-01-06 13:57:02.000,SciMax01,"60923",https://proto-9.pnl.gov/SciMax01/2024_1/60923_3_T_1_WEOM_r2_Mag_04Jan24_300SA_p01_5_1_14519,Released
1330754,"60846_7_BTM_2_MAOM_r3_Mag_02Jan25_3p3kV_300SA_p01_17_1_21571","",2025-01-05 04:21:59.000,SciMax01,"60846",https://proto-9.pnl.gov/SciMax01/2025_1/60846_7_BTM_2_MAOM_r3_Mag_02Jan25_3p3kV_300SA_p01_17_1_21571,Released
1220736,"60938_4_B_2_WEOM_r2_Mag_18Jan24_300SA_p01_23_1_14877",Buzzard: MONet,2024-01-22 02:25:06.000,SciMax01,"60938",https://proto-9.pnl.gov/SciMax01/2024_1/60938_4_B_2_WEOM_r2_Mag_18Jan24_300SA_p01_23_1_14877,Released
1337244,"60886_3_TOP_3_MAOM_r1_Mag_22Jan25_3p3kV_300SA_p01_21_1_22381","",2025-01-25 21:35:42.000,SciMax01,"60886",https://proto-9.pnl.gov/SciMax01/2025_1/60886_3_TOP_3_MAOM_r1_Mag_22Jan25_3p3kV_300SA_p01_21_1_22381,Released
1217504,QC_SRFAII_23_01_20ppm_r3_Mag_04Jan24_300SA_p01_52_1_14621,Buzzard: Use this data,2024-01-08 11:09:38.000,SciMax01,"60923",https://proto-9.pnl.gov/SciMax01/2024_1/QC_SRFAII_23_01_20ppm_r3_Mag_04Jan24_300SA_p01_52_1_14621,Released
1220633,"60933_8_T_1_WEOM_r2_Mag_18Jan24_300SA_p01_40_1_14849",Buzzard: MONet,2024-01-21 14:00:34.000,SciMax01,"60933",https://proto-9.pnl.gov/SciMax01/2024_1/60933_8_T_1_WEOM_r2_Mag_18Jan24_300SA_p01_40_1_14849,Released
1252947,"60929_3_T_1_WEOM_r3_Mag_01May24_300SA_p01_49_1_18252","",2024-05-06 11:18:13.000,SciMax01,"60929",https://proto-9.pnl.gov/SciMax01/2024_2/60929_3_T_1_WEOM_r3_Mag_01May24_300SA_p01_49_1_18252,Released
1231014,"60846_17_T_2_WEOM_r3_Mag_16Feb24_300SA_p01_38_1_15332",Buzzard: MONet,2024-02-18 18:08:52.000,SciMax01,"60846",https://proto-9.pnl.gov/SciMax01/2024_1/60846_17_T_2_WEOM_r3_Mag_16Feb24_300SA_p01_38_1_15332,Released
1233041,"60923_15_B_2_WEOM_r1_Mag_04Mar24_300SA_p01_5_1_16817","",2024-03-05 02:22:59.000,SciMax01,"60923",https://proto-9.pnl.gov/SciMax01/2024_1/60923_15_B_2_WEOM_r1_Mag_04Mar24_300SA_p01_5_1_16817,Released
1230654,"60932_1_T_3_WEOM_r2_Mag_24Feb24_300SA_p01_51_1_15916",Buzzard: MONet,2024-02-24 13:04:59.000,SciMax01,"60932",https://proto-9.pnl.gov/SciMax01/2024_1/60932_1_T_3_WEOM_r2_Mag_24Feb24_300SA_p01_51_1_15916,Released
1217378,"60923_7_T_2_WEOM_r1_Mag_04Jan24_300SA_p01_41_1_14460",Buzzard: Use this data,2024-01-05 11:48:15.000,SciMax01,"60923",https://proto-9.pnl.gov/SciMax01/2024_1/60923_7_T_2_WEOM_r1_Mag_04Jan24_300SA_p01_41_1_14460,Released
1230804,"60932_5_T_1_WEOM_r1_Mag_21Feb24_300SA_p01_21_1_15526",Buzzard: MONet,2024-02-22 21:22:46.000,SciMax01,"60932",https://proto-9.pnl.gov/SciMax01/2024_1/60932_5_T_1_WEOM_r1_Mag_21Feb24_300SA_p01_21_1_15526,Released
1331264,"60933_7_BTM_1_MAOM_r3_Mag_05Jan25_3p3kV_300SA_p01_41_1_21712","",2025-01-07 19:13:53.000,SciMax01,"60933",https://proto-9.pnl.gov/SciMax01/2025_1/60933_7_BTM_1_MAOM_r3_Mag_05Jan25_3p3kV_300SA_p01_41_1_21712,Released
1032761,"1000S_SRFA_20ppm_run2_Fir_22Apr22_300SA_p01_151_1_3508","",2022-04-25 14:32:23.000,SciMax01,"60141",https://proto-9.pnl.gov/SciMax01/2022_2/1000S_SRFA_20ppm_run2_Fir_22Apr22_300SA_p01_151_1_3508,Released
1231187,"60933_14_B_3_WEOM_r3_Mag_12Feb24_300SA_p01_24_1_15201",Buzzard: MONet,2024-02-15 21:53:35.000,SciMax01,"60933",https://proto-9.pnl.gov/SciMax01/2024_1/60933_14_B_3_WEOM_r3_Mag_12Feb24_300SA_p01_24_1_15201,Released
1216137,"60923_2_B_2_WEOM_r2_Mag_26Dec23_300SA_p01_32_1_14337",Buzzard: Data is fine but queue stopped over holiday week so need to shim cell and will run the queue again,2023-12-29 20:20:00.000,SciMax01,"60923",https://proto-9.pnl.gov/SciMax01/2024_1/60923_2_B_2_WEOM_r2_Mag_26Dec23_300SA_p01_32_1_14337,Released
1344950,"60920_1_TOP_3_MAOM_r3_Mag_19Feb25_3p3kV_300SA_p01_3_1_23420","",2025-02-21 06:29:25.000,SciMax01,"60920",https://proto-9.pnl.gov/SciMax01/2025_1/60920_1_TOP_3_MAOM_r3_Mag_19Feb25_3p3kV_300SA_p01_3_1_23420,Released
1220741,"60933_2_T_3_WEOM_r2_Mag_18Jan24_300SA_p01_6_1_14844",Buzzard: MONet,2024-01-21 11:47:37.000,SciMax01,"60933",https://proto-9.pnl.gov/SciMax01/2024_1/60933_2_T_3_WEOM_r2_Mag_18Jan24_300SA_p01_6_1_14844,Released
1330880,"60933_4_TOP_2_MAOM_r1_Mag_05Jan25_3p3kV_300SA_p01_17_1_21635","",2025-01-06 08:54:08.000,SciMax01,"60933",https://proto-9.pnl.gov/SciMax01/2025_1/60933_4_TOP_2_MAOM_r1_Mag_05Jan25_3p3kV_300SA_p01_17_1_21635,Released
1230826,"60932_3_B_3_WEOM_r1_Mag_21Feb24_300SA_p01_14_1_15524",Buzzard: MONet,2024-02-22 20:29:36.000,SciMax01,"60932",https://proto-9.pnl.gov/SciMax01/2024_1/60932_3_B_3_WEOM_r1_Mag_21Feb24_300SA_p01_14_1_15524,Released
1340543,"60938_3_TOP_1_MAOM_r1_Mag_03Feb25_3p3kV_300SA_p01_13_1_22785","",2025-02-04 09:04:19.000,SciMax01,"60938",https://proto-9.pnl.gov/SciMax01/2025_1/60938_3_TOP_1_MAOM_r1_Mag_03Feb25_3p3kV_300SA_p01_13_1_22785,Released
1215917,"60920_8_B_2_WEOM_r3_Mag_21Dec23_300SA_p01_34_1_14158",Data needs to be reviewed,2023-12-25 21:45:08.000,SciMax01,"60920",https://proto-9.pnl.gov/SciMax01/2024_1/60920_8_B_2_WEOM_r3_Mag_21Dec23_300SA_p01_34_1_14158,Released
1344793,"60920_3_BTM_3_MAOM_r1_Mag_19Feb25_3p3kV_300SA_p01_18_1_23375","",2025-02-20 10:26:32.000,SciMax01,"60920",https://proto-9.pnl.gov/SciMax01/2025_1/60920_3_BTM_3_MAOM_r1_Mag_19Feb25_3p3kV_300SA_p01_18_1_23375,Released
1336044,"60923_14_TOP_3_MAOM_r1_Mag_22Jan25_3p3kV_300SA_p01_6_1_22200","",2025-01-22 12:51:45.000,SciMax01,"60923",https://proto-9.pnl.gov/SciMax01/2025_1/60923_14_TOP_3_MAOM_r1_Mag_22Jan25_3p3kV_300SA_p01_6_1_22200,Released
1314733,QC_SRFAII_23_01_20ppm_MAOM_r1_Mag_01Nov24_300SA_3p3kV_p01_54_1_20183,Buzzard: Testing response after Instrument cell clean and lab move,2024-11-05 00:38:28.000,SciMax01,"60923",https://proto-9.pnl.gov/SciMax01/2024_4/QC_SRFAII_23_01_20ppm_MAOM_r1_Mag_01Nov24_300SA_3p3kV_p01_54_1_20183,Released
1330567,"60880_1_TOP_1_MAOM_r2_Mag_02Jan25_3p3kV_300SA_p01_35_1_21491","",2025-01-03 16:42:50.000,SciMax01,"60880",https://proto-9.pnl.gov/SciMax01/2025_1/60880_1_TOP_1_MAOM_r2_Mag_02Jan25_3p3kV_300SA_p01_35_1_21491,Released
1337386,"60923_21_BTM_3_MAOM_r2_Mag_22Jan25_3p3kV_300SA_p01_6_1_22440","",2025-01-26 23:53:39.000,SciMax01,"60923",https://proto-9.pnl.gov/SciMax01/2025_1/60923_21_BTM_3_MAOM_r2_Mag_22Jan25_3p3kV_300SA_p01_6_1_22440,Released
1272525,"60923_2_T_1_MAOM_r1_Mag_03Jul24_300SA_p01_7_1_19361",Buzzard: testing MAOM samples before the move,2024-07-03 20:43:58.000,SciMax01,"60923",https://proto-9.pnl.gov/SciMax01/2024_3/60923_2_T_1_MAOM_r1_Mag_03Jul24_300SA_p01_7_1_19361,Released
1252872,"60929_3_T_3_WEOM_r1_Mag_01May24_300SA_p01_51_1_18105","",2024-05-03 18:09:18.000,SciMax01,"60929",https://proto-9.pnl.gov/SciMax01/2024_2/60929_3_T_3_WEOM_r1_Mag_01May24_300SA_p01_51_1_18105,Released
1341604,"60932_1_BTM_1_MAOM_r3_Mag_10Feb25_3p3kV_300SA_p01_4_1_23180","",2025-02-13 04:38:35.000,SciMax01,"60932",https://proto-9.pnl.gov/SciMax01/2025_1/60932_1_BTM_1_MAOM_r3_Mag_10Feb25_3p3kV_300SA_p01_4_1_23180,Released
1231018,"60880_2_T_1_WEOM_r3_Mag_16Feb24_300SA_p01_20_1_15433",Buzzard: MONet,2024-02-20 14:54:27.000,SciMax01,"60880",https://proto-9.pnl.gov/SciMax01/2024_1/60880_2_T_1_WEOM_r3_Mag_16Feb24_300SA_p01_20_1_15433,Released
1215851,"60920_9_T_3_WEOM_r3_Mag_21Dec23_300SA_p01_16_1_14194",Data needs to be reviewed,2023-12-26 13:42:27.000,SciMax01,"60920",https://proto-9.pnl.gov/SciMax01/2024_1/60920_9_T_3_WEOM_r3_Mag_21Dec23_300SA_p01_16_1_14194,Released
1234655,"60923_19_B_2_WEOM_r2_Mag_04Mar24_300SA_p01_29_1_16893",Buzzard: MONet,2024-03-06 12:03:48.000,SciMax01,"60923",https://proto-9.pnl.gov/SciMax01/2024_1/60923_19_B_2_WEOM_r2_Mag_04Mar24_300SA_p01_29_1_16893,Released
1230708,"60932_6_B_3_WEOM_r2_Mag_24Feb24_300SA_p01_32_1_15924",Buzzard: MONet,2024-02-24 16:37:43.000,SciMax01,"60932",https://proto-9.pnl.gov/SciMax01/2024_1/60932_6_B_3_WEOM_r2_Mag_24Feb24_300SA_p01_32_1_15924,Released
1230722,"60932_6_T_3_WEOM_r3_Mag_24Feb24_300SA_p01_29_1_15994",Buzzard: MONet,2024-02-25 23:39:03.000,SciMax01,"60932",https://proto-9.pnl.gov/SciMax01/2024_1/60932_6_T_3_WEOM_r3_Mag_24Feb24_300SA_p01_29_1_15994,Released
1344902,"60942_1_BTM_1_MAOM_r1_Mag_19Feb25_3p3kV_300SA_p01_10_1_23498","",2025-02-22 17:17:40.000,SciMax01,"60942",https://proto-9.pnl.gov/SciMax01/2025_1/60942_1_BTM_1_MAOM_r1_Mag_19Feb25_3p3kV_300SA_p01_10_1_23498,Released
1340585,"60938_5_TOP_1_MAOM_r3_Mag_03Feb25_3p3kV_300SA_p01_29_1_22849","",2025-02-05 13:35:59.000,SciMax01,"60938",https://proto-9.pnl.gov/SciMax01/2025_1/60938_5_TOP_1_MAOM_r3_Mag_03Feb25_3p3kV_300SA_p01_29_1_22849,Released
1335364,"60933_14_BTM_2_MAOM_r3_Mag_13Jan25_3p3kV_300SA_p01_27_1_21900","",2025-01-16 11:21:01.000,SciMax01,"60933",https://proto-9.pnl.gov/SciMax01/2025_1/60933_14_BTM_2_MAOM_r3_Mag_13Jan25_3p3kV_300SA_p01_27_1_21900,Released
1314787,"60933_17_TOP_3_WEOM_r1_Mag_01Nov24_3p3kV_p01_26_1_20106",Buzzard: Testing response after Instrument cell clean and lab move,2024-11-02 04:40:08.000,SciMax01,"60938",https://proto-9.pnl.gov/SciMax01/2024_4/60933_17_TOP_3_WEOM_r1_Mag_01Nov24_3p3kV_p01_26_1_20106,Released
1471476,QC_SRFAII_25_01_old_r2_54_1_32078,Buzzard: testing Fluent extractions,2026-01-28 21:06:28.000,SciMax01,"61050",https://proto-9.pnl.gov/SciMax01/2026_1/QC_SRFAII_25_01_old_r2_54_1_32078,Released
1233024,"60923_20_B_3_WEOM_r1_Mag_04Mar24_300SA_p01_36_1_16795","",2024-03-04 16:37:59.000,SciMax01,"60923",https://proto-9.pnl.gov/SciMax01/2024_1/60923_20_B_3_WEOM_r1_Mag_04Mar24_300SA_p01_36_1_16795,Released
1089191,"1000s_SRFAII_20ppm_01_29Oct22_Mag_300SA_p01_120_1_7070","",2022-10-29 16:02:14.000,SciMax01,"60141",https://proto-9.pnl.gov/SciMax01/2022_4/1000s_SRFAII_20ppm_01_29Oct22_Mag_300SA_p01_120_1_7070,Released
1314768,"60923_2_T_1_MAOM_r2_Mag_01Nov24_300SA_4p2kV_p01_7_1_20206",Buzzard: Testing response after Instrument cell clean and lab move,2024-11-05 10:51:20.000,SciMax01,"60923",https://proto-9.pnl.gov/SciMax01/2024_4/60923_2_T_1_MAOM_r2_Mag_01Nov24_300SA_4p2kV_p01_7_1_20206,Released
1314869,"60923_3_B_3_MAOM_r1_Mag_01Nov24_300SA_3p3kV_p01_18_1_20160",Buzzard: Testing response after Instrument cell clean and lab move,2024-11-04 14:24:24.000,SciMax01,"60923",https://proto-9.pnl.gov/SciMax01/2024_4/60923_3_B_3_MAOM_r1_Mag_01Nov24_300SA_3p3kV_p01_18_1_20160,Released
1345069,"60929_1_BTM_3_MAOM_r1_Mag_19Feb25_3p3kV_300SA_p01_26_1_23495","",2025-02-22 15:57:17.000,SciMax01,"60929",https://proto-9.pnl.gov/SciMax01/2025_1/60929_1_BTM_3_MAOM_r1_Mag_19Feb25_3p3kV_300SA_p01_26_1_23495,Released
1342030,"60881_2_BTM_1_MAOM_r3_Mag_10Feb25_3p3kV_300SA_p01_10_1_23280","",2025-02-15 01:13:40.000,SciMax01,"60881",https://proto-9.pnl.gov/SciMax01/2025_1/60881_2_BTM_1_MAOM_r3_Mag_10Feb25_3p3kV_300SA_p01_10_1_23280,Released
1166771,Test_8M_QC_SRFAII_20ppm_Fir_10Jul23_300SA_p1_2_1_8755,Buzzard: Just testing samples tubes,2023-07-10 15:34:03.000,"15T_FTICR_I","60141",https://proto-9.pnl.gov/15T_FTICR_I/2023_3/Test_8M_QC_SRFAII_20ppm_Fir_10Jul23_300SA_p1_2_1_8755,Released
1345003,"60920_5_TOP_1_MAOM_r2_Mag_19Feb25_3p3kV_300SA_p01_25_1_23414","",2025-02-21 03:48:42.000,SciMax01,"60920",https://proto-9.pnl.gov/SciMax01/2025_1/60920_5_TOP_1_MAOM_r2_Mag_19Feb25_3p3kV_300SA_p01_25_1_23414,Released
1252788,"60881_6_B_1_WEOM_r1_Mag_01May24_300SA_p01_30_1_18102","",2024-05-03 16:49:32.000,SciMax01,"60881",https://proto-9.pnl.gov/SciMax01/2024_2/60881_6_B_1_WEOM_r1_Mag_01May24_300SA_p01_30_1_18102,Released
1216072,"60923_11_B_2_WEOM_r1_Mag_26Dec23_300SA_p01_2_1_14257",Buzzard: Data is fine but queue stopped over holiday week so need to shim cell and will run the queue again,2023-12-28 08:52:43.000,SciMax01,"60923",https://proto-9.pnl.gov/SciMax01/2024_1/60923_11_B_2_WEOM_r1_Mag_26Dec23_300SA_p01_2_1_14257,Released
1340609,"60938_6_TOP_2_MAOM_r2_Mag_03Feb25_3p3kV_300SA_p01_36_1_22818","",2025-02-04 23:46:46.000,SciMax01,"60938",https://proto-9.pnl.gov/SciMax01/2025_1/60938_6_TOP_2_MAOM_r2_Mag_03Feb25_3p3kV_300SA_p01_36_1_22818,Released
1337812,"60886_6_TOP_2_MAOM_r3_Mag_22Jan25_3p3kV_300SA_p01_41_1_22521","",2025-01-28 12:00:58.000,SciMax01,"60886",https://proto-9.pnl.gov/SciMax01/2025_1/60886_6_TOP_2_MAOM_r3_Mag_22Jan25_3p3kV_300SA_p01_41_1_22521,Released
1341424,"60932_4_TOP_1_MAOM_r3_Mag_10Feb25_3p3kV_300SA_p01_19_1_23150","",2025-02-12 15:16:20.000,SciMax01,"60932",https://proto-9.pnl.gov/SciMax01/2025_1/60932_4_TOP_1_MAOM_r3_Mag_10Feb25_3p3kV_300SA_p01_19_1_23150,Released
1314801,QC_SRFAII_23_01_20ppm_r1_Mag_01Nov24_4p2kV_p01_54_1_20131,Buzzard: Testing response after Instrument cell clean and lab move,2024-11-02 15:47:05.000,SciMax01,"60938",https://proto-9.pnl.gov/SciMax01/2024_4/QC_SRFAII_23_01_20ppm_r1_Mag_01Nov24_4p2kV_p01_54_1_20131,Released
1230671,"60932_6_T_2_WEOM_r2_Mag_24Feb24_300SA_p01_28_1_15946",Buzzard: MONet,2024-02-25 02:22:43.000,SciMax01,"60932",https://proto-9.pnl.gov/SciMax01/2024_1/60932_6_T_2_WEOM_r2_Mag_24Feb24_300SA_p01_28_1_15946,Released
1230851,"60932_3_B_2_WEOM_r1_Mag_21Feb24_300SA_p01_13_1_15884",Buzzard: MONet,2024-02-23 17:21:33.000,SciMax01,"60932",https://proto-9.pnl.gov/SciMax01/2024_1/60932_3_B_2_WEOM_r1_Mag_21Feb24_300SA_p01_13_1_15884,Released
1231324,"60933_19_B_2_WEOM_r1_Mag_12Feb24_300SA_p01_2_1_15030",Buzzard: MONet,2024-02-12 17:58:40.000,SciMax01,"60933",https://proto-9.pnl.gov/SciMax01/2024_1/60933_19_B_2_WEOM_r1_Mag_12Feb24_300SA_p01_2_1_15030,Released
1336073,"60923_19_TOP_3_MAOM_r1_Mag_22Jan25_3p3kV_300SA_p01_40_1_22202","",2025-01-22 13:45:29.000,SciMax01,"60923",https://proto-9.pnl.gov/SciMax01/2025_1/60923_19_TOP_3_MAOM_r1_Mag_22Jan25_3p3kV_300SA_p01_40_1_22202,Released
1215874,"60920_9_B_3_WEOM_r1_Mag_21Dec23_300SA_p01_17_1_14055",Data needs to be reviewed,2023-12-22 22:58:53.000,SciMax01,"60920",https://proto-9.pnl.gov/SciMax01/2024_1/60920_9_B_3_WEOM_r1_Mag_21Dec23_300SA_p01_17_1_14055,Released
1330758,"60880_2_TOP_1_MAOM_r3_Mag_02Jan25_3p3kV_300SA_p01_41_1_21574","",2025-01-05 05:42:22.000,SciMax01,"60880",https://proto-9.pnl.gov/SciMax01/2025_1/60880_2_TOP_1_MAOM_r3_Mag_02Jan25_3p3kV_300SA_p01_41_1_21574,Released
1330671,"60846_5_TOP_3_MAOM_r3_Mag_02Jan25_3p3kV_300SA_p01_9_1_21534","",2025-01-04 11:51:57.000,SciMax01,"60846",https://proto-9.pnl.gov/SciMax01/2025_1/60846_5_TOP_3_MAOM_r3_Mag_02Jan25_3p3kV_300SA_p01_9_1_21534,Released
1231008,"60880_2_B_2_WEOM_r3_Mag_16Feb24_300SA_p01_24_1_15450",Buzzard: MONet,2024-02-20 22:26:29.000,SciMax01,"60880",https://proto-9.pnl.gov/SciMax01/2024_1/60880_2_B_2_WEOM_r3_Mag_16Feb24_300SA_p01_24_1_15450,Released
1230719,"60932_1_B_3_WEOM_r3_Mag_24Feb24_300SA_p01_3_1_15970",Buzzard: MONet,2024-02-25 13:00:54.000,SciMax01,"60932",https://proto-9.pnl.gov/SciMax01/2024_1/60932_1_B_3_WEOM_r3_Mag_24Feb24_300SA_p01_3_1_15970,Released
1338008,"60933_18_TOP_3_MAOM_r1_Mag_29Jan25_3p3kV_300SA_p01_3_1_22562","",2025-01-29 06:31:02.000,SciMax01,"60933",https://proto-9.pnl.gov/SciMax01/2025_1/60933_18_TOP_3_MAOM_r1_Mag_29Jan25_3p3kV_300SA_p01_3_1_22562,Released
1335279,"60933_14_TOP_1_MAOM_r1_Mag_13Jan25_3p3kV_300SA_p01_23_1_21826","",2025-01-15 02:19:39.000,SciMax01,"60933",https://proto-9.pnl.gov/SciMax01/2025_1/60933_14_TOP_1_MAOM_r1_Mag_13Jan25_3p3kV_300SA_p01_23_1_21826,Released
1329032,"60923_7_TOP_1_MAOM_r1_Mag_27Dec24_3p3kV_300SA_p01_37_1_21179","",2024-12-27 21:18:01.000,SciMax01,"60923",https://proto-9.pnl.gov/SciMax01/2024_4/60923_7_TOP_1_MAOM_r1_Mag_27Dec24_3p3kV_300SA_p01_37_1_21179,Released
1338594,"60923_12_TOP_2_MAOM_r2_Mag_29Jan25_3p3kV_300SA_p01_42_1_22657","",2025-01-31 00:52:11.000,SciMax01,"60923",https://proto-9.pnl.gov/SciMax01/2025_1/60923_12_TOP_2_MAOM_r2_Mag_29Jan25_3p3kV_300SA_p01_42_1_22657,Released
1235563,"60942_6_B_3_WEOM_r1_Mag_07Mar24_300SA_p01_35_1_16968",Buzzard: MONet,2024-03-07 21:51:15.000,SciMax01,"60942",https://proto-9.pnl.gov/SciMax01/2024_1/60942_6_B_3_WEOM_r1_Mag_07Mar24_300SA_p01_35_1_16968,Released
1235666,"60942_2_T_1_WEOM_r3_Mag_07Mar24_300SA_p01_7_1_17066",Buzzard: MONet,2024-03-10 01:10:58.000,SciMax01,"60942",https://proto-9.pnl.gov/SciMax01/2024_1/60942_2_T_1_WEOM_r3_Mag_07Mar24_300SA_p01_7_1_17066,Released
1216128,"60923_3_T_2_WEOM_r1_Mag_26Dec23_300SA_p01_33_1_14245",Buzzard: Data is fine but queue stopped over holiday week so need to shim cell and will run the queue again,2023-12-28 03:33:39.000,SciMax01,"60923",https://proto-9.pnl.gov/SciMax01/2024_1/60923_3_T_2_WEOM_r1_Mag_26Dec23_300SA_p01_33_1_14245,Released
1230679,"60932_5_B_3_WEOM_r1_Mag_24Feb24_300SA_p01_26_1_15912",Buzzard: MONet,2024-02-24 11:18:37.000,SciMax01,"60932",https://proto-9.pnl.gov/SciMax01/2024_1/60932_5_B_3_WEOM_r1_Mag_24Feb24_300SA_p01_26_1_15912,Released
1329974,"60846_2_BTM_2_MAOM_r1_Mag_02Jan25_3p3kV_300SA_p01_5_1_21431","",2025-01-02 13:56:11.000,SciMax01,"60846",https://proto-9.pnl.gov/SciMax01/2025_1/60846_2_BTM_2_MAOM_r1_Mag_02Jan25_3p3kV_300SA_p01_5_1_21431,Released
1272576,"60923_1_B_3_MAOM_r3_Mag_04Jul24_300SA_p01_6_1_19429",Buzzard: testing MAOM samples before the move,2024-07-05 09:03:25.000,SciMax01,"60923",https://proto-9.pnl.gov/SciMax01/2024_3/60923_1_B_3_MAOM_r3_Mag_04Jul24_300SA_p01_6_1_19429,Released
1252799,"60929_1_T_2_WEOM_r1_Mag_01May24_300SA_p01_38_1_18091","",2024-05-03 11:57:04.000,SciMax01,"60929",https://proto-9.pnl.gov/SciMax01/2024_2/60929_1_T_2_WEOM_r1_Mag_01May24_300SA_p01_38_1_18091,Released
1328922,"60920_10_TOP_1_MAOM_r2_Mag_23Dec24_3p3kV_300SA_p01_45_1_21092","",2024-12-24 18:54:13.000,SciMax01,"60920",https://proto-9.pnl.gov/SciMax01/2024_4/60920_10_TOP_1_MAOM_r2_Mag_23Dec24_3p3kV_300SA_p01_45_1_21092,Released
1479853,QC_SRFAII_old_r1_05Mar26_Fir_54_1_32445,Buzzard: Testing Gilson,2026-03-05 16:02:10.000,SciMax01,"61050",https://proto-9.pnl.gov/SciMax01/2026_1/QC_SRFAII_old_r1_05Mar26_Fir_54_1_32445,Released
1165479,MONet_Test_H2O_G_3_pls-10ppmSRFAII_fir_r1_07Jul23_300SA_p1_8_1_8737,Buzzard: Just testing samples tubes,2023-07-07 16:40:42.000,"15T_FTICR_I","60141",https://proto-9.pnl.gov/15T_FTICR_I/2023_3/MONet_Test_H2O_G_3_pls-10ppmSRFAII_fir_r1_07Jul23_300SA_p1_8_1_8737,Released
1344759,"60920_3_TOP_2_MAOM_r1_Mag_19Feb25_3p3kV_300SA_p01_14_1_23349","",2025-02-19 22:51:24.000,SciMax01,"60920",https://proto-9.pnl.gov/SciMax01/2025_1/60920_3_TOP_2_MAOM_r1_Mag_19Feb25_3p3kV_300SA_p01_14_1_23349,Released
1344798,"60942_3_TOP_3_MAOM_r1_Mag_19Feb25_3p3kV_300SA_p01_21_1_23486","",2025-02-22 11:56:30.000,SciMax01,"60942",https://proto-9.pnl.gov/SciMax01/2025_1/60942_3_TOP_3_MAOM_r1_Mag_19Feb25_3p3kV_300SA_p01_21_1_23486,Released
1253687,"60940_3_B_3_WEOM_r1_Mag_10May24_300SA_p01_15_1_18294","",2024-05-11 06:01:04.000,SciMax01,"60940",https://proto-9.pnl.gov/SciMax01/2024_2/60940_3_B_3_WEOM_r1_Mag_10May24_300SA_p01_15_1_18294,Released
1215960,"60920_3_T_2_WEOM_r2_Mag_21Dec23_300SA_p01_24_1_14092",Data needs to be reviewed,2023-12-24 16:30:07.000,SciMax01,"60920",https://proto-9.pnl.gov/SciMax01/2024_1/60920_3_T_2_WEOM_r2_Mag_21Dec23_300SA_p01_24_1_14092,Released
1215957,"60920_11_T_3_WEOM_r3_Mag_21Dec23_300SA_p01_19_1_14198",Data needs to be reviewed,2023-12-26 15:28:50.000,SciMax01,"60920",https://proto-9.pnl.gov/SciMax01/2024_1/60920_11_T_3_WEOM_r3_Mag_21Dec23_300SA_p01_19_1_14198,Released
1329239,"60923_7_BTM_1_MAOM_r3_Mag_27Dec24_3p3kV_300SA_p01_40_1_21325","",2024-12-30 14:23:33.000,SciMax01,"60923",https://proto-9.pnl.gov/SciMax01/2024_4/60923_7_BTM_1_MAOM_r3_Mag_27Dec24_3p3kV_300SA_p01_40_1_21325,Released
1314883,QC_SRFAII_23_01_20ppm_MAOM_r0_Mag_01Nov24_300SA_3p3kV_p01_52_1_20153,Buzzard: Testing response after Instrument cell clean and lab move,2024-11-03 01:34:42.000,SciMax01,"60923",https://proto-9.pnl.gov/SciMax01/2024_4/QC_SRFAII_23_01_20ppm_MAOM_r0_Mag_01Nov24_300SA_3p3kV_p01_52_1_20153,Released
1341942,"60881_1_BTM_2_MAOM_r2_Mag_10Feb25_3p3kV_300SA_p01_5_1_23254","",2025-02-14 13:38:23.000,SciMax01,"60881",https://proto-9.pnl.gov/SciMax01/2025_1/60881_1_BTM_2_MAOM_r2_Mag_10Feb25_3p3kV_300SA_p01_5_1_23254,Released
1479850,QC_SRFAII_old_r0_05Mar26_Fir_54_1_32444,Buzzard: Testing Gilson,2026-03-05 15:42:03.000,SciMax01,"61050",https://proto-9.pnl.gov/SciMax01/2026_1/QC_SRFAII_old_r0_05Mar26_Fir_54_1_32444,Released
1253592,"60940_4_T_1_WEOM_r1_Mag_10May24_300SA_p01_16_1_18304","",2024-05-11 10:27:00.000,SciMax01,"60940",https://proto-9.pnl.gov/SciMax01/2024_2/60940_4_T_1_WEOM_r1_Mag_10May24_300SA_p01_16_1_18304,Released
1272548,"60923_2_T_1_MAOM_r3_Mag_04Jul24_300SA_p01_7_1_19411",Buzzard: testing MAOM samples before the move,2024-07-05 01:04:47.000,SciMax01,"60923",https://proto-9.pnl.gov/SciMax01/2024_3/60923_2_T_1_MAOM_r3_Mag_04Jul24_300SA_p01_7_1_19411,Released
1230997,"60846_7_B_1_WEOM_r3_Mag_16Feb24_300SA_p01_28_1_15328",Buzzard: MONet,2024-02-18 07:19:05.000,SciMax01,"60846",https://proto-9.pnl.gov/SciMax01/2024_1/60846_7_B_1_WEOM_r3_Mag_16Feb24_300SA_p01_28_1_15328,Released
1345419,"60880_6_TOP_3_MAOM_r1_Mag_26Feb25_3p3kV_300SA_p01_43_1_23806","",2025-03-02 06:30:50.000,SciMax01,"60880",https://proto-9.pnl.gov/SciMax01/2025_1/60880_6_TOP_3_MAOM_r1_Mag_26Feb25_3p3kV_300SA_p01_43_1_23806,Released
1314837,"60921_4_BTM_2_WEOM_r1_Mag_01Nov24_4p2kV_p01_5_1_20120",Buzzard: Testing response after Instrument cell clean and lab move,2024-11-02 10:53:33.000,SciMax01,"60938",https://proto-9.pnl.gov/SciMax01/2024_4/60921_4_BTM_2_WEOM_r1_Mag_01Nov24_4p2kV_p01_5_1_20120,Released
1344989,"60920_6_BTM_1_MAOM_r1_Mag_19Feb25_3p3kV_300SA_p01_34_1_23371","",2025-02-20 08:39:32.000,SciMax01,"60920",https://proto-9.pnl.gov/SciMax01/2025_1/60920_6_BTM_1_MAOM_r1_Mag_19Feb25_3p3kV_300SA_p01_34_1_23371,Released
1230994,"60846_5_T_3_WEOM_r3_Mag_16Feb24_300SA_p01_21_1_15329",Buzzard: MONet,2024-02-18 07:45:40.000,SciMax01,"60846",https://proto-9.pnl.gov/SciMax01/2024_1/60846_5_T_3_WEOM_r3_Mag_16Feb24_300SA_p01_21_1_15329,Released
1236278,"60886_1_B_3_WEOM_r3_Mag_10Mar24_300SA_p01_6_1_17261",Buzzard: MONet,2024-03-14 01:27:19.000,SciMax01,"60886",https://proto-9.pnl.gov/SciMax01/2024_1/60886_1_B_3_WEOM_r3_Mag_10Mar24_300SA_p01_6_1_17261,Released
1216083,"60923_9_B_1_WEOM_r1_Mag_26Dec23_300SA_p01_18_1_14208",Buzzard: Data is fine but queue stopped over holiday week so need to shim cell and will run the queue again,2023-12-27 11:09:50.000,SciMax01,"60923",https://proto-9.pnl.gov/SciMax01/2024_1/60923_9_B_1_WEOM_r1_Mag_26Dec23_300SA_p01_18_1_14208,Released
1217498,"60923_14_B_3_WEOM_r2_Mag_04Jan24_300SA_p01_36_1_14595",Buzzard: Use this data,2024-01-07 23:38:12.000,SciMax01,"60923",https://proto-9.pnl.gov/SciMax01/2024_1/60923_14_B_3_WEOM_r2_Mag_04Jan24_300SA_p01_36_1_14595,Released
1230636,"60946_2_T_2_WEOM_r1_Mag_23Feb24_300SA_p01_34_1_16030",Buzzard: Monet,2024-02-26 15:36:21.000,SciMax01,"60946",https://proto-9.pnl.gov/SciMax01/2024_1/60946_2_T_2_WEOM_r1_Mag_23Feb24_300SA_p01_34_1_16030,Released
1220718,"60938_4_B_3_WEOM_r2_Mag_18Jan24_300SA_p01_24_1_14876",Buzzard: MONet,2024-01-22 01:58:30.000,SciMax01,"60938",https://proto-9.pnl.gov/SciMax01/2024_1/60938_4_B_3_WEOM_r2_Mag_18Jan24_300SA_p01_24_1_14876,Released
1252850,"60881_1_T_3_WEOM_r1_Mag_01May24_300SA_p01_47_1_18112","",2024-05-03 21:15:27.000,SciMax01,"60881",https://proto-9.pnl.gov/SciMax01/2024_2/60881_1_T_3_WEOM_r1_Mag_01May24_300SA_p01_47_1_18112,Released
1329104,"60923_1_TOP_1_MAOM_r2_Mag_27Dec24_3p3kV_300SA_p01_1_1_21223","",2024-12-28 16:54:37.000,SciMax01,"60923",https://proto-9.pnl.gov/SciMax01/2024_4/60923_1_TOP_1_MAOM_r2_Mag_27Dec24_3p3kV_300SA_p01_1_1_21223,Released
1235638,"60942_4_B_2_WEOM_r3_Mag_07Mar24_300SA_p01_22_1_17088",Buzzard: MONet,2024-03-10 19:55:10.000,SciMax01,"60942",https://proto-9.pnl.gov/SciMax01/2024_1/60942_4_B_2_WEOM_r3_Mag_07Mar24_300SA_p01_22_1_17088,Released
1344920,"60929_1_BTM_1_MAOM_r3_Mag_19Feb25_3p3kV_300SA_p01_24_1_23562","",2025-02-24 16:25:11.000,SciMax01,"60929",https://proto-9.pnl.gov/SciMax01/2025_1/60929_1_BTM_1_MAOM_r3_Mag_19Feb25_3p3kV_300SA_p01_24_1_23562,Released
1337588,"60886_2_BTM_2_MAOM_r2_Mag_22Jan25_3p3kV_300SA_p01_17_1_22473","",2025-01-27 14:36:51.000,SciMax01,"60886",https://proto-9.pnl.gov/SciMax01/2025_1/60886_2_BTM_2_MAOM_r2_Mag_22Jan25_3p3kV_300SA_p01_17_1_22473,Released
1328989,"60940_1_TOP_2_MAOM_r3_Mag_23Dec24_3p3kV_300SA_p01_2_1_21121","",2024-12-25 07:50:02.000,SciMax01,"60940",https://proto-9.pnl.gov/SciMax01/2024_4/60940_1_TOP_2_MAOM_r3_Mag_23Dec24_3p3kV_300SA_p01_2_1_21121,Released
1340356,"60942_4_TOP_3_MAOM_r3_Mag_03Feb25_3p3kV_300SA_p01_9_1_23017","",2025-02-08 16:29:19.000,SciMax01,"60942",https://proto-9.pnl.gov/SciMax01/2025_1/60942_4_TOP_3_MAOM_r3_Mag_03Feb25_3p3kV_300SA_p01_9_1_23017,Released
1231306,"60846_12_T_3_WEOM_r1_Mag_16Feb24_300SA_p01_33_1_15253",Buzzard: MONet,2024-02-16 22:04:43.000,SciMax01,"60846",https://proto-9.pnl.gov/SciMax01/2024_1/60846_12_T_3_WEOM_r1_Mag_16Feb24_300SA_p01_33_1_15253,Released
1165483,MONet_Test_WY01_R_3_pls-10ppmSRFAII_fir_r1_07Jul23_300SA_p1_7_1_8736,Buzzard: Just testing samples tubes,2023-07-07 16:18:31.000,"15T_FTICR_I","60141",https://proto-9.pnl.gov/15T_FTICR_I/2023_3/MONet_Test_WY01_R_3_pls-10ppmSRFAII_fir_r1_07Jul23_300SA_p1_7_1_8736,Released
1220643,"60938_5_B_2_WEOM_r1_Mag_18Jan24_300SA_p01_29_1_14792",Buzzard: MONet,2024-01-20 12:44:46.000,SciMax01,"60938",https://proto-9.pnl.gov/SciMax01/2024_1/60938_5_B_2_WEOM_r1_Mag_18Jan24_300SA_p01_29_1_14792,Released
1336231,"60923_17_BTM_1_MAOM_r1_Mag_22Jan25_3p3kV_300SA_p01_29_1_22212","",2025-01-22 18:12:35.000,SciMax01,"60923",https://proto-9.pnl.gov/SciMax01/2025_1/60923_17_BTM_1_MAOM_r1_Mag_22Jan25_3p3kV_300SA_p01_29_1_22212,Released
1090421,"1000s_SRFAII_20ppm_02_29Oct22_Mag_300SA_p01_181_1_7131",Buzzard: QC's and blanks,2022-10-30 19:34:23.000,SciMax01,"60141",https://proto-9.pnl.gov/SciMax01/2022_4/1000s_SRFAII_20ppm_02_29Oct22_Mag_300SA_p01_181_1_7131,Released
1340376,"60942_5_TOP_3_MAOM_r3_Mag_03Feb25_3p3kV_300SA_p01_15_1_23022","",2025-02-08 18:43:36.000,SciMax01,"60942",https://proto-9.pnl.gov/SciMax01/2025_1/60942_5_TOP_3_MAOM_r3_Mag_03Feb25_3p3kV_300SA_p01_15_1_23022,Released
1329103,"60923_4_TOP_1_MAOM_r3_Mag_27Dec24_3p3kV_300SA_p01_19_1_21291","",2024-12-29 23:13:16.000,SciMax01,"60923",https://proto-9.pnl.gov/SciMax01/2024_4/60923_4_TOP_1_MAOM_r3_Mag_27Dec24_3p3kV_300SA_p01_19_1_21291,Released
1272596,"60923_2_T_2_MAOM_r2_Mag_04Jul24_300SA_p01_8_1_19386",Buzzard: testing MAOM samples before the move,2024-07-04 14:00:04.000,SciMax01,"60923",https://proto-9.pnl.gov/SciMax01/2024_3/60923_2_T_2_MAOM_r2_Mag_04Jul24_300SA_p01_8_1_19386,Released
1220580,"60933_5_T_2_WEOM_r2_Mag_18Jan24_300SA_p01_23_1_14800",Buzzard: MONet,2024-01-20 16:17:28.000,SciMax01,"60933",https://proto-9.pnl.gov/SciMax01/2024_1/60933_5_T_2_WEOM_r2_Mag_18Jan24_300SA_p01_23_1_14800,Released
1331680,"60933_3_TOP_2_MAOM_r3_Mag_05Jan25_3p3kV_300SA_p01_11_1_21761",data good just rerun,2025-01-09 11:43:42.000,SciMax01,"60933",https://proto-9.pnl.gov/SciMax01/2025_1/60933_3_TOP_2_MAOM_r3_Mag_05Jan25_3p3kV_300SA_p01_11_1_21761,Released
1329830,"60921_3_BTM_1_MAOM_r3_Mag_27Dec24_3p3kV_300SA_p01_16_1_21412","",2025-01-01 05:10:04.000,SciMax01,"60921",https://proto-9.pnl.gov/SciMax01/2025_1/60921_3_BTM_1_MAOM_r3_Mag_27Dec24_3p3kV_300SA_p01_16_1_21412,Released
1335327,"60933_15_TOP_3_MAOM_r3_Mag_13Jan25_3p3kV_300SA_p01_31_1_21947","",2025-01-17 08:19:01.000,SciMax01,"60933",https://proto-9.pnl.gov/SciMax01/2025_1/60933_15_TOP_3_MAOM_r3_Mag_13Jan25_3p3kV_300SA_p01_31_1_21947,Released
1344896,"60920_4_TOP_3_MAOM_r3_Mag_19Feb25_3p3kV_300SA_p01_21_1_23426","",2025-02-21 09:10:28.000,SciMax01,"60920",https://proto-9.pnl.gov/SciMax01/2025_1/60920_4_TOP_3_MAOM_r3_Mag_19Feb25_3p3kV_300SA_p01_21_1_23426,Released
1230853,"60932_1_T_1_WEOM_r1_Mag_21Feb24_300SA_p01_49_1_15525",Buzzard: MONet,2024-02-22 20:56:11.000,SciMax01,"60932",https://proto-9.pnl.gov/SciMax01/2024_1/60932_1_T_1_WEOM_r1_Mag_21Feb24_300SA_p01_49_1_15525,Released
1338815,"60923_9_BTM_1_MAOM_r3_Mag_29Jan25_3p3kV_300SA_p01_22_1_22703","",2025-01-31 21:22:39.000,SciMax01,"60923",https://proto-9.pnl.gov/SciMax01/2025_1/60923_9_BTM_1_MAOM_r3_Mag_29Jan25_3p3kV_300SA_p01_22_1_22703,Released
1231277,"60933_19_B_2_WEOM_r2_Mag_12Feb24_300SA_p01_2_1_15118",Buzzard: MONet,2024-02-14 09:06:36.000,SciMax01,"60933",https://proto-9.pnl.gov/SciMax01/2024_1/60933_19_B_2_WEOM_r2_Mag_12Feb24_300SA_p01_2_1_15118,Released
1345103,"60920_6_TOP_1_MAOM_r2_Mag_19Feb25_3p3kV_300SA_p01_31_1_23383","",2025-02-20 14:00:12.000,SciMax01,"60920",https://proto-9.pnl.gov/SciMax01/2025_1/60920_6_TOP_1_MAOM_r2_Mag_19Feb25_3p3kV_300SA_p01_31_1_23383,Released
1330820,"60933_5_TOP_1_MAOM_r1_Mag_05Jan25_3p3kV_300SA_p01_22_1_21604","",2025-01-05 19:04:46.000,SciMax01,"60933",https://proto-9.pnl.gov/SciMax01/2025_1/60933_5_TOP_1_MAOM_r1_Mag_05Jan25_3p3kV_300SA_p01_22_1_21604,Released
1252937,"60881_3_B_2_WEOM_r2_Mag_01May24_300SA_p01_14_1_18170","",2024-05-04 22:57:45.000,SciMax01,"60881",https://proto-9.pnl.gov/SciMax01/2024_2/60881_3_B_2_WEOM_r2_Mag_01May24_300SA_p01_14_1_18170,Released
1231182,"60846_2_B_1_WEOM_r2_Mag_16Feb24_300SA_p01_16_1_15291",Buzzard: MONet,2024-02-17 14:55:09.000,SciMax01,"60846",https://proto-9.pnl.gov/SciMax01/2024_1/60846_2_B_1_WEOM_r2_Mag_16Feb24_300SA_p01_16_1_15291,Released
1335219,"60923_9_TOP_3_MAOM_r1_Mag_13Jan25_3p3kV_300SA_p01_21_1_22007","",2025-01-18 11:04:28.000,SciMax01,"60923",https://proto-9.pnl.gov/SciMax01/2025_1/60923_9_TOP_3_MAOM_r1_Mag_13Jan25_3p3kV_300SA_p01_21_1_22007,Released
1339913,"60942_4_BTM_2_MAOM_r1_Mag_03Feb25_3p3kV_300SA_p01_11_1_22915","",2025-02-06 19:00:44.000,SciMax01,"60942",https://proto-9.pnl.gov/SciMax01/2025_1/60942_4_BTM_2_MAOM_r1_Mag_03Feb25_3p3kV_300SA_p01_11_1_22915,Released
1329027,"60923_6_BTM_1_MAOM_r2_Mag_27Dec24_3p3kV_300SA_p01_34_1_21235","",2024-12-28 22:15:37.000,SciMax01,"60923",https://proto-9.pnl.gov/SciMax01/2024_4/60923_6_BTM_1_MAOM_r2_Mag_27Dec24_3p3kV_300SA_p01_34_1_21235,Released
1328884,"60921_2_TOP_Combo_WEOM_r3_Mag_23Dec24_3p3kV_300SA_p01_51_1_21024",Buzzard: combo samples,2024-12-23 12:35:52.000,SciMax01,"60921",https://proto-9.pnl.gov/SciMax01/2024_4/60921_2_TOP_Combo_WEOM_r3_Mag_23Dec24_3p3kV_300SA_p01_51_1_21024,Released
1234619,"60923_18_B_1_WEOM_r2_Mag_04Mar24_300SA_p01_22_1_16866",Buzzard: MONet,2024-03-06 00:05:55.000,SciMax01,"60923",https://proto-9.pnl.gov/SciMax01/2024_1/60923_18_B_1_WEOM_r2_Mag_04Mar24_300SA_p01_22_1_16866,Released
1338012,"60923_9_BTM_2_MAOM_r1_Mag_29Jan25_3p3kV_300SA_p01_23_1_22563","",2025-01-29 06:57:48.000,SciMax01,"60923",https://proto-9.pnl.gov/SciMax01/2025_1/60923_9_BTM_2_MAOM_r1_Mag_29Jan25_3p3kV_300SA_p01_23_1_22563,Released
1217485,"60923_1_T_2_WEOM_r2_Mag_04Jan24_300SA_p01_29_1_14542",Buzzard: Use this data,2024-01-07 00:08:41.000,SciMax01,"60923",https://proto-9.pnl.gov/SciMax01/2024_1/60923_1_T_2_WEOM_r2_Mag_04Jan24_300SA_p01_29_1_14542,Released
1337248,"60886_4_TOP_1_MAOM_r1_Mag_22Jan25_3p3kV_300SA_p01_29_1_22383","",2025-01-25 22:29:06.000,SciMax01,"60886",https://proto-9.pnl.gov/SciMax01/2025_1/60886_4_TOP_1_MAOM_r1_Mag_22Jan25_3p3kV_300SA_p01_29_1_22383,Released
1231308,"60933_20_T_3_WEOM_r2_Mag_12Feb24_300SA_p01_6_1_15126",Buzzard: MONet,2024-02-14 12:39:21.000,SciMax01,"60933",https://proto-9.pnl.gov/SciMax01/2024_1/60933_20_T_3_WEOM_r2_Mag_12Feb24_300SA_p01_6_1_15126,Released
1346556,"60921_2_BTM_1_MAOM_r3_Mag_26Feb25_3p3kV_300SA_p01_4_1_23960","",2025-03-06 00:14:19.000,SciMax01,"60921",https://proto-9.pnl.gov/SciMax01/2025_1/60921_2_BTM_1_MAOM_r3_Mag_26Feb25_3p3kV_300SA_p01_4_1_23960,Released
1220593,"60938_4_T_1_WEOM_r2_Mag_18Jan24_300SA_p01_19_1_14895",Buzzard: MONet,2024-01-22 10:23:44.000,SciMax01,"60938",https://proto-9.pnl.gov/SciMax01/2024_1/60938_4_T_1_WEOM_r2_Mag_18Jan24_300SA_p01_19_1_14895,Released
1330250,"60846_7_TOP_2_MAOM_r1_Mag_02Jan25_3p3kV_300SA_p01_14_1_21464","",2025-01-03 04:39:47.000,SciMax01,"60846",https://proto-9.pnl.gov/SciMax01/2025_1/60846_7_TOP_2_MAOM_r1_Mag_02Jan25_3p3kV_300SA_p01_14_1_21464,Released
1235624,"60942_6_T_2_WEOM_r3_Mag_07Mar24_300SA_p01_31_1_17099",Buzzard: MONet,2024-03-11 00:47:39.000,SciMax01,"60942",https://proto-9.pnl.gov/SciMax01/2024_1/60942_6_T_2_WEOM_r3_Mag_07Mar24_300SA_p01_31_1_17099,Released
1252803,"60881_4_T_1_WEOM_r2_Mag_01May24_300SA_p01_16_1_18163","",2024-05-04 19:51:36.000,SciMax01,"60881",https://proto-9.pnl.gov/SciMax01/2024_2/60881_4_T_1_WEOM_r2_Mag_01May24_300SA_p01_16_1_18163,Released
1220710,"60933_5_B_3_WEOM_r1_Mag_18Jan24_300SA_p01_27_1_14728",Buzzard: MONet,2024-01-19 08:22:51.000,SciMax01,"60933",https://proto-9.pnl.gov/SciMax01/2024_1/60933_5_B_3_WEOM_r1_Mag_18Jan24_300SA_p01_27_1_14728,Released
1235630,"60942_6_B_2_WEOM_r2_Mag_07Mar24_300SA_p01_34_1_17036",Buzzard: MONet,2024-03-09 11:53:13.000,SciMax01,"60942",https://proto-9.pnl.gov/SciMax01/2024_1/60942_6_B_2_WEOM_r2_Mag_07Mar24_300SA_p01_34_1_17036,Released
1329085,"60923_2_BTM_1_MAOM_r2_Mag_27Dec24_3p3kV_300SA_p01_10_1_21243","",2024-12-29 01:49:32.000,SciMax01,"60923",https://proto-9.pnl.gov/SciMax01/2024_4/60923_2_BTM_1_MAOM_r2_Mag_27Dec24_3p3kV_300SA_p01_10_1_21243,Released
1217326,"60923_13_B_1_WEOM_r3_Mag_04Jan24_300SA_p01_26_1_14601",Buzzard: Use this data,2024-01-08 02:17:44.000,SciMax01,"60923",https://proto-9.pnl.gov/SciMax01/2024_1/60923_13_B_1_WEOM_r3_Mag_04Jan24_300SA_p01_26_1_14601,Released
1340292,"60942_4_BTM_1_MAOM_r3_Mag_03Feb25_3p3kV_300SA_p01_10_1_22994","",2025-02-08 06:14:05.000,SciMax01,"60942",https://proto-9.pnl.gov/SciMax01/2025_1/60942_4_BTM_1_MAOM_r3_Mag_03Feb25_3p3kV_300SA_p01_10_1_22994,Released
1221010,QC_SRFAII_23_01_10ppm_r3_Mag_18Jan24_300SA_p01_52_1_14903,Buzzard: MONet,2024-01-22 13:56:28.000,SciMax01,"60933",https://proto-9.pnl.gov/SciMax01/2024_1/QC_SRFAII_23_01_10ppm_r3_Mag_18Jan24_300SA_p01_52_1_14903,Released
1340555,"60938_3_TOP_2_MAOM_r3_Mag_03Feb25_3p3kV_300SA_p01_14_1_22852","",2025-02-05 14:56:11.000,SciMax01,"60938",https://proto-9.pnl.gov/SciMax01/2025_1/60938_3_TOP_2_MAOM_r3_Mag_03Feb25_3p3kV_300SA_p01_14_1_22852,Released
1329061,"60923_3_TOP_2_MAOM_r3_Mag_27Dec24_3p3kV_300SA_p01_14_1_21271","",2024-12-29 14:18:40.000,SciMax01,"60923",https://proto-9.pnl.gov/SciMax01/2024_4/60923_3_TOP_2_MAOM_r3_Mag_27Dec24_3p3kV_300SA_p01_14_1_21271,Released
1337662,"60886_1_BTM_3_MAOM_r2_Mag_22Jan25_3p3kV_300SA_p01_12_1_22483","",2025-01-27 19:04:18.000,SciMax01,"60886",https://proto-9.pnl.gov/SciMax01/2025_1/60886_1_BTM_3_MAOM_r2_Mag_22Jan25_3p3kV_300SA_p01_12_1_22483,Released
1336136,"60933_17_BTM_3_MAOM_r1_Mag_13Jan25_3p3kV_300SA_p01_45_1_21802","",2025-01-14 15:36:06.000,SciMax01,"60933",https://proto-9.pnl.gov/SciMax01/2025_1/60933_17_BTM_3_MAOM_r1_Mag_13Jan25_3p3kV_300SA_p01_45_1_21802,Released
1330957,"60933_1_TOP_3_MAOM_r2_Mag_05Jan25_3p3kV_300SA_p01_3_1_21658","",2025-01-06 19:09:28.000,SciMax01,"60933",https://proto-9.pnl.gov/SciMax01/2025_1/60933_1_TOP_3_MAOM_r2_Mag_05Jan25_3p3kV_300SA_p01_3_1_21658,Released
1344876,"60942_1_BTM_2_MAOM_r2_Mag_19Feb25_3p3kV_300SA_p01_11_1_23523","",2025-02-23 04:27:33.000,SciMax01,"60942",https://proto-9.pnl.gov/SciMax01/2025_1/60942_1_BTM_2_MAOM_r2_Mag_19Feb25_3p3kV_300SA_p01_11_1_23523,Released
1335212,"60933_13_TOP_3_MAOM_r3_Mag_13Jan25_3p3kV_300SA_p01_19_1_21939","",2025-01-17 04:44:51.000,SciMax01,"60933",https://proto-9.pnl.gov/SciMax01/2025_1/60933_13_TOP_3_MAOM_r3_Mag_13Jan25_3p3kV_300SA_p01_19_1_21939,Released
1220630,"60938_2_T_1_WEOM_r2_Mag_18Jan24_300SA_p01_7_1_14884",Buzzard: MONet,2024-01-22 05:31:15.000,SciMax01,"60938",https://proto-9.pnl.gov/SciMax01/2024_1/60938_2_T_1_WEOM_r2_Mag_18Jan24_300SA_p01_7_1_14884,Released
1340559,"60938_4_BTM_2_MAOM_r1_Mag_03Feb25_3p3kV_300SA_p01_23_1_22792","",2025-02-04 12:11:41.000,SciMax01,"60938",https://proto-9.pnl.gov/SciMax01/2025_1/60938_4_BTM_2_MAOM_r1_Mag_03Feb25_3p3kV_300SA_p01_23_1_22792,Released
1340611,"60938_6_BTM_3_MAOM_r3_Mag_03Feb25_3p3kV_300SA_p01_40_1_22859","",2025-02-05 18:03:22.000,SciMax01,"60938",https://proto-9.pnl.gov/SciMax01/2025_1/60938_6_BTM_3_MAOM_r3_Mag_03Feb25_3p3kV_300SA_p01_40_1_22859,Released
1480051,QC_SRFAII-1_old_20260213_54_1_32424,"",2026-02-19 17:54:12.000,SciMax01,"61050",https://proto-9.pnl.gov/SciMax01/2026_1/QC_SRFAII-1_old_20260213_54_1_32424,Released
1337820,"60886_2_TOP_3_MAOM_r3_Mag_22Jan25_3p3kV_300SA_p01_15_1_22523","",2025-01-28 12:54:23.000,SciMax01,"60886",https://proto-9.pnl.gov/SciMax01/2025_1/60886_2_TOP_3_MAOM_r3_Mag_22Jan25_3p3kV_300SA_p01_15_1_22523,Released
1329080,"60923_6_BTM_1_MAOM_r3_Mag_27Dec24_3p3kV_300SA_p01_34_1_21303","",2024-12-30 04:35:13.000,SciMax01,"60923",https://proto-9.pnl.gov/SciMax01/2024_4/60923_6_BTM_1_MAOM_r3_Mag_27Dec24_3p3kV_300SA_p01_34_1_21303,Released
1231267,"60846_17_T_2_WEOM_r2_Mag_16Feb24_300SA_p01_38_1_15320",Buzzard: MONet,2024-02-18 03:46:21.000,SciMax01,"60846",https://proto-9.pnl.gov/SciMax01/2024_1/60846_17_T_2_WEOM_r2_Mag_16Feb24_300SA_p01_38_1_15320,Released
1215911,"60920_3_B_2_WEOM_r2_Mag_21Dec23_300SA_p01_25_1_14083",Data needs to be reviewed,2023-12-23 11:23:29.000,SciMax01,"60920",https://proto-9.pnl.gov/SciMax01/2024_1/60920_3_B_2_WEOM_r2_Mag_21Dec23_300SA_p01_25_1_14083,Released
1235604,"60942_4_B_3_WEOM_r2_Mag_07Mar24_300SA_p01_23_1_17018",Buzzard: MONet,2024-03-08 20:02:08.000,SciMax01,"60942",https://proto-9.pnl.gov/SciMax01/2024_1/60942_4_B_3_WEOM_r2_Mag_07Mar24_300SA_p01_23_1_17018,Released
1220549,"60938_4_B_1_WEOM_r1_Mag_18Jan24_300SA_p01_22_1_14755",Buzzard: MONet,2024-01-19 20:20:50.000,SciMax01,"60938",https://proto-9.pnl.gov/SciMax01/2024_1/60938_4_B_1_WEOM_r1_Mag_18Jan24_300SA_p01_22_1_14755,Released
1217311,"60923_4_B_3_WEOM_r2_Mag_04Jan24_300SA_p01_16_1_14579",Buzzard: Use this data,2024-01-07 16:32:43.000,SciMax01,"60923",https://proto-9.pnl.gov/SciMax01/2024_1/60923_4_B_3_WEOM_r2_Mag_04Jan24_300SA_p01_16_1_14579,Released
1252851,"60881_6_B_3_WEOM_r2_Mag_01May24_300SA_p01_32_1_18159","",2024-05-04 18:05:14.000,SciMax01,"60881",https://proto-9.pnl.gov/SciMax01/2024_2/60881_6_B_3_WEOM_r2_Mag_01May24_300SA_p01_32_1_18159,Released
1220750,"60933_2_T_3_WEOM_r1_Mag_18Jan24_300SA_p01_6_1_14696",Buzzard: MONet,2024-01-18 18:11:55.000,SciMax01,"60933",https://proto-9.pnl.gov/SciMax01/2024_1/60933_2_T_3_WEOM_r1_Mag_18Jan24_300SA_p01_6_1_14696,Released
1349515,"60933_3_TOP_2_MAOM_r3_Mag_20Jan25_3p3kV_300SA_p01_11_1_22182","",2025-01-21 21:59:57.000,SciMax01,"60933",https://proto-9.pnl.gov/SciMax01/2025_1/60933_3_TOP_2_MAOM_r3_Mag_20Jan25_3p3kV_300SA_p01_11_1_22182,Released
1341307,"60932_1_TOP_2_MAOM_r2_Mag_10Feb25_3p3kV_300SA_p01_2_1_23117","",2025-02-12 00:32:24.000,SciMax01,"60932",https://proto-9.pnl.gov/SciMax01/2025_1/60932_1_TOP_2_MAOM_r2_Mag_10Feb25_3p3kV_300SA_p01_2_1_23117,Released
1314736,"60923_3_T_2_MAOM_r2_Mag_01Nov24_300SA_4p2kV_p01_14_1_20204",Buzzard: Testing response after Instrument cell clean and lab move,2024-11-05 09:57:56.000,SciMax01,"60923",https://proto-9.pnl.gov/SciMax01/2024_4/60923_3_T_2_MAOM_r2_Mag_01Nov24_300SA_4p2kV_p01_14_1_20204,Released
1336141,"60933_17_TOP_2_MAOM_r3_Mag_13Jan25_3p3kV_300SA_p01_41_1_21928","samples were rerun to check, all good",2025-01-16 23:50:21.000,SciMax01,"60933",https://proto-9.pnl.gov/SciMax01/2025_1/60933_17_TOP_2_MAOM_r3_Mag_13Jan25_3p3kV_300SA_p01_41_1_21928,Released
1231300,"60933_18_B_3_WEOM_r2_Mag_12Feb24_300SA_p01_48_1_15139",Buzzard: MONet,2024-02-14 18:25:05.000,SciMax01,"60933",https://proto-9.pnl.gov/SciMax01/2024_1/60933_18_B_3_WEOM_r2_Mag_12Feb24_300SA_p01_48_1_15139,Released
1216141,"60923_10_B_2_WEOM_r1_Mag_26Dec23_300SA_p01_48_1_14254",Buzzard: Data is fine but queue stopped over holiday week so need to shim cell and will run the queue again,2023-12-28 07:32:57.000,SciMax01,"60923",https://proto-9.pnl.gov/SciMax01/2024_1/60923_10_B_2_WEOM_r1_Mag_26Dec23_300SA_p01_48_1_14254,Released
1216015,"60923_10_T_2_WEOM_r2_Mag_26Dec23_300SA_p01_47_1_14334",Buzzard: Data is fine but queue stopped over holiday week so need to shim cell and will run the queue again,2023-12-29 19:00:14.000,SciMax01,"60923",https://proto-9.pnl.gov/SciMax01/2024_1/60923_10_T_2_WEOM_r2_Mag_26Dec23_300SA_p01_47_1_14334,Released
1337860,"60886_6_BTM_2_MAOM_r3_Mag_22Jan25_3p3kV_300SA_p01_44_1_22528","",2025-01-28 15:08:11.000,SciMax01,"60886",https://proto-9.pnl.gov/SciMax01/2025_1/60886_6_BTM_2_MAOM_r3_Mag_22Jan25_3p3kV_300SA_p01_44_1_22528,Released
1329817,"60880_3_BTM_2_MAOM_r3_Mag_27Dec24_3p3kV_300SA_p01_5_1_21404","",2025-01-01 01:35:15.000,SciMax01,"60880",https://proto-9.pnl.gov/SciMax01/2025_1/60880_3_BTM_2_MAOM_r3_Mag_27Dec24_3p3kV_300SA_p01_5_1_21404,Released
1252966,"60881_1_B_1_WEOM_r2_Mag_01May24_300SA_p01_1_1_18185","",2024-05-05 05:36:39.000,SciMax01,"60881",https://proto-9.pnl.gov/SciMax01/2024_2/60881_1_B_1_WEOM_r2_Mag_01May24_300SA_p01_1_1_18185,Released
1335348,"60933_12_BTM_2_MAOM_r3_Mag_13Jan25_3p3kV_300SA_p01_11_1_21917","",2025-01-16 18:55:38.000,SciMax01,"60933",https://proto-9.pnl.gov/SciMax01/2025_1/60933_12_BTM_2_MAOM_r3_Mag_13Jan25_3p3kV_300SA_p01_11_1_21917,Released
1336836,"60923_20_BTM_2_MAOM_r2_Mag_22Jan25_3p3kV_300SA_p01_48_1_22296","",2025-01-24 07:40:10.000,SciMax01,"60923",https://proto-9.pnl.gov/SciMax01/2025_1/60923_20_BTM_2_MAOM_r2_Mag_22Jan25_3p3kV_300SA_p01_48_1_22296,Released
1230723,"60932_2_B_2_WEOM_r3_Mag_24Feb24_300SA_p01_7_1_16005",Buzzard: MONet,2024-02-26 04:31:31.000,SciMax01,"60932",https://proto-9.pnl.gov/SciMax01/2024_1/60932_2_B_2_WEOM_r3_Mag_24Feb24_300SA_p01_7_1_16005,Released
1344867,"60929_3_TOP_3_MAOM_r1_Mag_19Feb25_3p3kV_300SA_p01_35_1_23475","",2025-02-22 07:01:58.000,SciMax01,"60929",https://proto-9.pnl.gov/SciMax01/2025_1/60929_3_TOP_3_MAOM_r1_Mag_19Feb25_3p3kV_300SA_p01_35_1_23475,Released
1217464,"60923_2_B_3_WEOM_r3_Mag_04Jan24_300SA_p01_12_1_14681",Buzzard: Use this data,2024-01-09 13:45:00.000,SciMax01,"60923",https://proto-9.pnl.gov/SciMax01/2024_1/60923_2_B_3_WEOM_r3_Mag_04Jan24_300SA_p01_12_1_14681,Released
1272567,"60923_1_T_2_MAOM_r2_Mag_04Jul24_300SA_p01_2_1_19384",Buzzard: testing MAOM samples before the move,2024-07-04 13:06:53.000,SciMax01,"60923",https://proto-9.pnl.gov/SciMax01/2024_3/60923_1_T_2_MAOM_r2_Mag_04Jul24_300SA_p01_2_1_19384,Released
1338621,"60933_19_TOP_3_MAOM_r3_Mag_29Jan25_3p3kV_300SA_p01_9_1_22668","",2025-01-31 05:46:43.000,SciMax01,"60933",https://proto-9.pnl.gov/SciMax01/2025_1/60933_19_TOP_3_MAOM_r3_Mag_29Jan25_3p3kV_300SA_p01_9_1_22668,Released
1231214,"60933_11_T_3_WEOM_r1_Mag_12Feb24_300SA_p01_3_1_15081",Buzzard: MONet,2024-02-13 16:42:50.000,SciMax01,"60933",https://proto-9.pnl.gov/SciMax01/2024_1/60933_11_T_3_WEOM_r1_Mag_12Feb24_300SA_p01_3_1_15081,Released
1180759,QC_SRFA_2_2023_01_52_1_13291,Buzzard: QC's and Blanks,2023-08-26 04:10:17.000,SciMax01,"60141",https://proto-9.pnl.gov/SciMax01/2023_3/QC_SRFA_2_2023_01_52_1_13291,Released
1335379,"60933_13_BTM_2_MAOM_r2_Mag_13Jan25_3p3kV_300SA_p01_21_1_21884","",2025-01-16 04:13:23.000,SciMax01,"60933",https://proto-9.pnl.gov/SciMax01/2025_1/60933_13_BTM_2_MAOM_r2_Mag_13Jan25_3p3kV_300SA_p01_21_1_21884,Released
1344998,"60920_6_TOP_1_MAOM_r1_Mag_19Feb25_3p3kV_300SA_p01_31_1_23353","",2025-02-20 00:38:14.000,SciMax01,"60920",https://proto-9.pnl.gov/SciMax01/2025_1/60920_6_TOP_1_MAOM_r1_Mag_19Feb25_3p3kV_300SA_p01_31_1_23353,Released
1328932,"60920_11_TOP_2_MAOM_r2_Mag_23Dec24_3p3kV_300SA_p01_49_1_21086","",2024-12-24 16:13:51.000,SciMax01,"60920",https://proto-9.pnl.gov/SciMax01/2024_4/60920_11_TOP_2_MAOM_r2_Mag_23Dec24_3p3kV_300SA_p01_49_1_21086,Released
1166674,MONet_Test_QC_SRFAII_20ppm_r2_Fir_11Jul23_300SA_p1_54_1_8814,Buzzard: Just testing samples tubes,2023-07-12 09:20:01.000,"15T_FTICR_I","60141",https://proto-9.pnl.gov/15T_FTICR_I/2023_3/MONet_Test_QC_SRFAII_20ppm_r2_Fir_11Jul23_300SA_p1_54_1_8814,Released
1335224,"60923_8_BTM_3_MAOM_r2_Mag_13Jan25_3p3kV_300SA_p01_18_1_22052","",2025-01-19 07:08:14.000,SciMax01,"60923",https://proto-9.pnl.gov/SciMax01/2025_1/60923_8_BTM_3_MAOM_r2_Mag_13Jan25_3p3kV_300SA_p01_18_1_22052,Released
1314799,"60933_11_BTM_2_WEOM_r1_Mag_01Nov24_3p3kV_p01_18_1_20098",Buzzard: Testing response after Instrument cell clean and lab move,2024-11-02 01:06:19.000,SciMax01,"60938",https://proto-9.pnl.gov/SciMax01/2024_4/60933_11_BTM_2_WEOM_r1_Mag_01Nov24_3p3kV_p01_18_1_20098,Released
1336806,"60923_20_BTM_1_MAOM_r2_Mag_22Jan25_3p3kV_300SA_p01_47_1_22287","",2025-01-24 03:39:51.000,SciMax01,"60923",https://proto-9.pnl.gov/SciMax01/2025_1/60923_20_BTM_1_MAOM_r2_Mag_22Jan25_3p3kV_300SA_p01_47_1_22287,Released
1253562,"60940_1_B_3_WEOM_r3_Mag_13May24_300SA_p01_6_1_18405","",2024-05-13 12:57:03.000,SciMax01,"60940",https://proto-9.pnl.gov/SciMax01/2024_2/60940_1_B_3_WEOM_r3_Mag_13May24_300SA_p01_6_1_18405,Released
1231045,"60933_15_T_1_WEOM_r2_Mag_12Feb24_300SA_p01_25_1_15100",Buzzard: MONet,2024-02-14 01:08:02.000,SciMax01,"60933",https://proto-9.pnl.gov/SciMax01/2024_1/60933_15_T_1_WEOM_r2_Mag_12Feb24_300SA_p01_25_1_15100,Released
1231279,"60933_13_T_3_WEOM_r2_Mag_12Feb24_300SA_p01_15_1_15150",Buzzard: MONet,2024-02-14 23:17:32.000,SciMax01,"60933",https://proto-9.pnl.gov/SciMax01/2024_1/60933_13_T_3_WEOM_r2_Mag_12Feb24_300SA_p01_15_1_15150,Released
1328937,"60940_3_BTM_3_MAOM_r2_Mag_23Dec24_3p3kV_300SA_p01_18_1_21057","",2024-12-24 03:18:14.000,SciMax01,"60940",https://proto-9.pnl.gov/SciMax01/2024_4/60940_3_BTM_3_MAOM_r2_Mag_23Dec24_3p3kV_300SA_p01_18_1_21057,Released
1231285,"60933_16_T_3_WEOM_r1_Mag_12Feb24_300SA_p01_33_1_15052",Buzzard: MONet,2024-02-13 03:43:38.000,SciMax01,"60933",https://proto-9.pnl.gov/SciMax01/2024_1/60933_16_T_3_WEOM_r1_Mag_12Feb24_300SA_p01_33_1_15052,Released
1341956,"60881_4_BTM_2_MAOM_r2_Mag_10Feb25_3p3kV_300SA_p01_23_1_23258","",2025-02-14 15:25:44.000,SciMax01,"60881",https://proto-9.pnl.gov/SciMax01/2025_1/60881_4_BTM_2_MAOM_r2_Mag_10Feb25_3p3kV_300SA_p01_23_1_23258,Released
1330645,"60846_12_BTM_1_MAOM_r2_Mag_02Jan25_3p3kV_300SA_p01_22_1_21521","",2025-01-04 06:04:23.000,SciMax01,"60846",https://proto-9.pnl.gov/SciMax01/2025_1/60846_12_BTM_1_MAOM_r2_Mag_02Jan25_3p3kV_300SA_p01_22_1_21521,Released
1230955,"60846_7_T_3_WEOM_r3_Mag_16Feb24_300SA_p01_27_1_15333",Buzzard: MONet,2024-02-18 18:35:29.000,SciMax01,"60846",https://proto-9.pnl.gov/SciMax01/2024_1/60846_7_T_3_WEOM_r3_Mag_16Feb24_300SA_p01_27_1_15333,Released
1090420,"1000s_SRFAII_20ppm_02_25Oct22_Mag_300SA_p01_2_1_6915",Buzzard: QC's and blanks,2022-10-25 15:22:52.000,SciMax01,"60141",https://proto-9.pnl.gov/SciMax01/2022_4/1000s_SRFAII_20ppm_02_25Oct22_Mag_300SA_p01_2_1_6915,Released
1032735,"1000S_SRFA_20ppm_run2_Fir_22Apr22_300SA_p01_117_1_3474","",2022-04-25 02:05:31.000,SciMax01,"60141",https://proto-9.pnl.gov/SciMax01/2022_2/1000S_SRFA_20ppm_run2_Fir_22Apr22_300SA_p01_117_1_3474,Released
1337913,"60886_2_BTM_2_MAOM_r3_Mag_22Jan25_3p3kV_300SA_p01_17_1_22538","",2025-01-28 19:48:53.000,SciMax01,"60886",https://proto-9.pnl.gov/SciMax01/2025_1/60886_2_BTM_2_MAOM_r3_Mag_22Jan25_3p3kV_300SA_p01_17_1_22538,Released
1217530,"60923_1_B_1_WEOM_r1_Mag_04Jan24_300SA_p01_2_1_14447",Buzzard: Use this data,2024-01-05 06:02:35.000,SciMax01,"60923",https://proto-9.pnl.gov/SciMax01/2024_1/60923_1_B_1_WEOM_r1_Mag_04Jan24_300SA_p01_2_1_14447,Released
1221005,QC_SRFAII_23_01_10ppm_r3_Mag_18Jan24_300SA_p01_52_1_14925,Buzzard: MONet,2024-01-22 23:41:28.000,SciMax01,"60933",https://proto-9.pnl.gov/SciMax01/2024_1/QC_SRFAII_23_01_10ppm_r3_Mag_18Jan24_300SA_p01_52_1_14925,Released
1329051,"60923_3_TOP_1_MAOM_r1_Mag_27Dec24_3p3kV_300SA_p01_13_1_21216","",2024-12-28 13:47:16.000,SciMax01,"60923",https://proto-9.pnl.gov/SciMax01/2024_4/60923_3_TOP_1_MAOM_r1_Mag_27Dec24_3p3kV_300SA_p01_13_1_21216,Released
1345022,"60920_1_TOP_2_MAOM_r2_Mag_19Feb25_3p3kV_300SA_p01_2_1_23382","",2025-02-20 13:33:36.000,SciMax01,"60920",https://proto-9.pnl.gov/SciMax01/2025_1/60920_1_TOP_2_MAOM_r2_Mag_19Feb25_3p3kV_300SA_p01_2_1_23382,Released
1340545,"60938_3_BTM_3_MAOM_r2_Mag_03Feb25_3p3kV_300SA_p01_18_1_22839","",2025-02-05 09:08:33.000,SciMax01,"60938",https://proto-9.pnl.gov/SciMax01/2025_1/60938_3_BTM_3_MAOM_r2_Mag_03Feb25_3p3kV_300SA_p01_18_1_22839,Released
1233007,"60923_20_T_1_WEOM_r1_Mag_04Mar24_300SA_p01_31_1_16835","",2024-03-05 10:21:35.000,SciMax01,"60923",https://proto-9.pnl.gov/SciMax01/2024_1/60923_20_T_1_WEOM_r1_Mag_04Mar24_300SA_p01_31_1_16835,Released
1231020,"60846_17_T_1_WEOM_r3_Mag_16Feb24_300SA_p01_37_1_15336",Buzzard: MONet,2024-02-18 19:55:14.000,SciMax01,"60846",https://proto-9.pnl.gov/SciMax01/2024_1/60846_17_T_1_WEOM_r3_Mag_16Feb24_300SA_p01_37_1_15336,Released
1230865,"60921_3_B_2_WEOM_r1_Mag_21Feb24_300SA_p01_48_1_15473",Buzzard: MONet,2024-02-21 21:53:31.000,SciMax01,"60921",https://proto-9.pnl.gov/SciMax01/2024_1/60921_3_B_2_WEOM_r1_Mag_21Feb24_300SA_p01_48_1_15473,Released
1217500,"60923_14_T_3_WEOM_r1_Mag_04Jan24_300SA_p01_35_1_14493",Buzzard: Use this data,2024-01-06 02:25:40.000,SciMax01,"60923",https://proto-9.pnl.gov/SciMax01/2024_1/60923_14_T_3_WEOM_r1_Mag_04Jan24_300SA_p01_35_1_14493,Released
1335186,"60923_8_TOP_1_MAOM_r1_Mag_13Jan25_3p3kV_300SA_p01_13_1_22009","",2025-01-18 11:58:13.000,SciMax01,"60923",https://proto-9.pnl.gov/SciMax01/2025_1/60923_8_TOP_1_MAOM_r1_Mag_13Jan25_3p3kV_300SA_p01_13_1_22009,Released
1329823,"60880_4_TOP_3_MAOM_r3_Mag_27Dec24_3p3kV_300SA_p01_9_1_21406","",2025-01-01 02:29:00.000,SciMax01,"60880",https://proto-9.pnl.gov/SciMax01/2025_1/60880_4_TOP_3_MAOM_r3_Mag_27Dec24_3p3kV_300SA_p01_9_1_21406,Released
1235593,"60886_4_B_3_WEOM_r1_Mag_10Mar24_300SA_p01_24_1_17133",Buzzard: MONet,2024-03-11 16:43:53.000,SciMax01,"60886",https://proto-9.pnl.gov/SciMax01/2024_1/60886_4_B_3_WEOM_r1_Mag_10Mar24_300SA_p01_24_1_17133,Released
1216146,"60923_2_B_2_WEOM_r1_Mag_26Dec23_300SA_p01_32_1_14258",Buzzard: Data is fine but queue stopped over holiday week so need to shim cell and will run the queue again,2023-12-28 09:19:19.000,SciMax01,"60923",https://proto-9.pnl.gov/SciMax01/2024_1/60923_2_B_2_WEOM_r1_Mag_26Dec23_300SA_p01_32_1_14258,Released
1336144,"60933_17_BTM_3_MAOM_r2_Mag_13Jan25_3p3kV_300SA_p01_45_1_21862","",2025-01-15 18:23:11.000,SciMax01,"60933",https://proto-9.pnl.gov/SciMax01/2025_1/60933_17_BTM_3_MAOM_r2_Mag_13Jan25_3p3kV_300SA_p01_45_1_21862,Released
1231231,"60933_11_T_1_WEOM_r2_Mag_12Feb24_300SA_p01_1_1_15156",Buzzard: MONet,2024-02-15 01:57:04.000,SciMax01,"60933",https://proto-9.pnl.gov/SciMax01/2024_1/60933_11_T_1_WEOM_r2_Mag_12Feb24_300SA_p01_1_1_15156,Released
1329062,"60923_7_TOP_1_MAOM_r2_Mag_27Dec24_3p3kV_300SA_p01_37_1_21267","",2024-12-29 12:31:50.000,SciMax01,"60923",https://proto-9.pnl.gov/SciMax01/2024_4/60923_7_TOP_1_MAOM_r2_Mag_27Dec24_3p3kV_300SA_p01_37_1_21267,Released
1215783,"60920_6_B_1_WEOM_r3_Mag_21Dec23_300SA_p01_12_1_14151",Data needs to be reviewed,2023-12-25 18:39:00.000,SciMax01,"60920",https://proto-9.pnl.gov/SciMax01/2024_1/60920_6_B_1_WEOM_r3_Mag_21Dec23_300SA_p01_12_1_14151,Released
1253560,"60940_2_T_3_WEOM_r3_Mag_13May24_300SA_p01_9_1_18411","",2024-05-13 15:36:36.000,SciMax01,"60940",https://proto-9.pnl.gov/SciMax01/2024_2/60940_2_T_3_WEOM_r3_Mag_13May24_300SA_p01_9_1_18411,Released
1231037,"60846_17_T_3_WEOM_r1_Mag_16Feb24_300SA_p01_39_1_15263",Buzzard: MONet,2024-02-17 02:30:38.000,SciMax01,"60846",https://proto-9.pnl.gov/SciMax01/2024_1/60846_17_T_3_WEOM_r1_Mag_16Feb24_300SA_p01_39_1_15263,Released
1231093,"60933_20_B_3_WEOM_r3_Mag_12Feb24_300SA_p01_9_1_15189",Buzzard: MONet,2024-02-15 16:34:30.000,SciMax01,"60933",https://proto-9.pnl.gov/SciMax01/2024_1/60933_20_B_3_WEOM_r3_Mag_12Feb24_300SA_p01_9_1_15189,Released
1329523,"60880_3_TOP_1_MAOM_r2_Mag_27Dec24_3p3kV_300SA_p01_1_1_21358","",2024-12-31 05:05:43.000,SciMax01,"60880",https://proto-9.pnl.gov/SciMax01/2024_4/60880_3_TOP_1_MAOM_r2_Mag_27Dec24_3p3kV_300SA_p01_1_1_21358,Released
1230999,"60880_4_T_1_WEOM_r2_Mag_16Feb24_300SA_p01_32_1_15420",Buzzard: MONet,2024-02-20 09:08:47.000,SciMax01,"60880",https://proto-9.pnl.gov/SciMax01/2024_1/60880_4_T_1_WEOM_r2_Mag_16Feb24_300SA_p01_32_1_15420,Released
1253670,"60940_2_T_1_WEOM_r2_Mag_10May24_300SA_p01_7_1_18335","",2024-05-12 00:11:17.000,SciMax01,"60940",https://proto-9.pnl.gov/SciMax01/2024_2/60940_2_T_1_WEOM_r2_Mag_10May24_300SA_p01_7_1_18335,Released
1216116,"60923_5_T_3_WEOM_r2_Mag_26Dec23_300SA_p01_17_1_14356",Buzzard: Data is fine but queue stopped over holiday week so need to shim cell and will run the queue again,2023-12-30 04:45:14.000,SciMax01,"60923",https://proto-9.pnl.gov/SciMax01/2024_1/60923_5_T_3_WEOM_r2_Mag_26Dec23_300SA_p01_17_1_14356,Released
1328828,"60940_1_TOP_2_MAOM_r1_Mag_19Dec24_3p3kV_300SA_p01_2_1_20970","",2024-12-19 22:02:34.000,SciMax01,"60940",https://proto-9.pnl.gov/SciMax01/2024_4/60940_1_TOP_2_MAOM_r1_Mag_19Dec24_3p3kV_300SA_p01_2_1_20970,Released
1220663,"60933_5_T_3_WEOM_r1_Mag_18Jan24_300SA_p01_24_1_14712",Buzzard: MONet,2024-01-19 01:17:24.000,SciMax01,"60933",https://proto-9.pnl.gov/SciMax01/2024_1/60933_5_T_3_WEOM_r1_Mag_18Jan24_300SA_p01_24_1_14712,Released
1314865,"60923_12_BTM_1_WEOM_r1_Mag_01Nov24_4p2kV_p01_22_1_20139",Buzzard: Testing response after Instrument cell clean and lab move,2024-11-02 19:20:46.000,SciMax01,"60938",https://proto-9.pnl.gov/SciMax01/2024_4/60923_12_BTM_1_WEOM_r1_Mag_01Nov24_4p2kV_p01_22_1_20139,Released
1215845,"60920_8_B_1_WEOM_r2_Mag_21Dec23_300SA_p01_15_1_14066",Data needs to be reviewed,2023-12-23 03:51:25.000,SciMax01,"60920",https://proto-9.pnl.gov/SciMax01/2024_1/60920_8_B_1_WEOM_r2_Mag_21Dec23_300SA_p01_15_1_14066,Released
1337975,"60923_13_TOP_1_MAOM_r1_Mag_29Jan25_3p3kV_300SA_p01_46_1_22553","",2025-01-29 02:30:02.000,SciMax01,"60923",https://proto-9.pnl.gov/SciMax01/2025_1/60923_13_TOP_1_MAOM_r1_Mag_29Jan25_3p3kV_300SA_p01_46_1_22553,Released
1215931,"60920_10_T_2_WEOM_r2_Mag_21Dec23_300SA_p01_37_1_14099",Data needs to be reviewed,2023-12-24 19:36:17.000,SciMax01,"60920",https://proto-9.pnl.gov/SciMax01/2024_1/60920_10_T_2_WEOM_r2_Mag_21Dec23_300SA_p01_37_1_14099,Released
1349531,"60933_1_TOP_2_MAOM_r3_Mag_20Jan25_3p3kV_300SA_p01_2_1_22189","",2025-01-22 01:07:10.000,SciMax01,"60933",https://proto-9.pnl.gov/SciMax01/2025_1/60933_1_TOP_2_MAOM_r3_Mag_20Jan25_3p3kV_300SA_p01_2_1_22189,Released
1337341,"60886_2_BTM_3_MAOM_r1_Mag_22Jan25_3p3kV_300SA_p01_18_1_22420","",2025-01-26 14:59:10.000,SciMax01,"60886",https://proto-9.pnl.gov/SciMax01/2025_1/60886_2_BTM_3_MAOM_r1_Mag_22Jan25_3p3kV_300SA_p01_18_1_22420,Released
1217501,"60923_4_T_3_WEOM_r3_Mag_04Jan24_300SA_p01_15_1_14677",Buzzard: Use this data,2024-01-09 11:58:39.000,SciMax01,"60923",https://proto-9.pnl.gov/SciMax01/2024_1/60923_4_T_3_WEOM_r3_Mag_04Jan24_300SA_p01_15_1_14677,Released
1236305,"60886_1_B_2_WEOM_r3_Mag_10Mar24_300SA_p01_5_1_17250",Buzzard: MONet,2024-03-13 20:34:50.000,SciMax01,"60886",https://proto-9.pnl.gov/SciMax01/2024_1/60886_1_B_2_WEOM_r3_Mag_10Mar24_300SA_p01_5_1_17250,Released
1220579,"60933_7_B_1_WEOM_r2_Mag_18Jan24_300SA_p01_37_1_14838",Buzzard: MONet,2024-01-21 09:08:02.000,SciMax01,"60933",https://proto-9.pnl.gov/SciMax01/2024_1/60933_7_B_1_WEOM_r2_Mag_18Jan24_300SA_p01_37_1_14838,Released
1490319,"20260414_QC_SRFA_A_r3_Mag_53_1_32754","",2026-04-15 13:18:42.000,SciMax01,"61050",https://proto-9.pnl.gov/SciMax01/2026_2/20260414_QC_SRFA_A_r3_Mag_53_1_32754,Released
1345044,"60920_1_TOP_1_MAOM_r2_Mag_19Feb25_3p3kV_300SA_p01_1_1_23379","",2025-02-20 12:13:22.000,SciMax01,"60920",https://proto-9.pnl.gov/SciMax01/2025_1/60920_1_TOP_1_MAOM_r2_Mag_19Feb25_3p3kV_300SA_p01_1_1_23379,Released
1344815,"60920_4_BTM_3_MAOM_r2_Mag_19Feb25_3p3kV_300SA_p01_24_1_23399","",2025-02-20 21:07:52.000,SciMax01,"60920",https://proto-9.pnl.gov/SciMax01/2025_1/60920_4_BTM_3_MAOM_r2_Mag_19Feb25_3p3kV_300SA_p01_24_1_23399,Released
1314752,"60923_1_T_1_MAOM_r1_Mag_01Nov24_300SA_3p3kV_p01_1_1_20176",Buzzard: Testing response after Instrument cell clean and lab move,2024-11-04 21:31:25.000,SciMax01,"60923",https://proto-9.pnl.gov/SciMax01/2024_4/60923_1_T_1_MAOM_r1_Mag_01Nov24_300SA_3p3kV_p01_1_1_20176,Released
1230692,"60932_6_B_2_WEOM_r2_Mag_24Feb24_300SA_p01_31_1_15940",Buzzard: MONet,2024-02-24 23:43:07.000,SciMax01,"60932",https://proto-9.pnl.gov/SciMax01/2024_1/60932_6_B_2_WEOM_r2_Mag_24Feb24_300SA_p01_31_1_15940,Released
1341985,"60881_6_TOP_1_MAOM_r2_Mag_10Feb25_3p3kV_300SA_p01_31_1_23267","",2025-02-14 19:26:03.000,SciMax01,"60881",https://proto-9.pnl.gov/SciMax01/2025_1/60881_6_TOP_1_MAOM_r2_Mag_10Feb25_3p3kV_300SA_p01_31_1_23267,Released
1216183,"60923_6_B_1_WEOM_r2_Mag_26Dec23_300SA_p01_12_1_14325",Buzzard: Data is fine but queue stopped over holiday week so need to shim cell and will run the queue again,2023-12-29 15:00:56.000,SciMax01,"60923",https://proto-9.pnl.gov/SciMax01/2024_1/60923_6_B_1_WEOM_r2_Mag_26Dec23_300SA_p01_12_1_14325,Released
1345071,"60920_6_TOP_3_MAOM_r3_Mag_19Feb25_3p3kV_300SA_p01_33_1_23431","",2025-02-21 11:24:06.000,SciMax01,"60920",https://proto-9.pnl.gov/SciMax01/2025_1/60920_6_TOP_3_MAOM_r3_Mag_19Feb25_3p3kV_300SA_p01_33_1_23431,Released
1217519,"60923_5_B_3_WEOM_r3_Mag_04Jan24_300SA_p01_18_1_14668",Buzzard: Use this data,2024-01-09 07:59:22.000,SciMax01,"60923",https://proto-9.pnl.gov/SciMax01/2024_1/60923_5_B_3_WEOM_r3_Mag_04Jan24_300SA_p01_18_1_14668,Released
1336057,"60933_4_TOP_1_MAOM_r3_Mag_20Jan25_3p3kV_300SA_p01_16_1_22151","",2025-01-21 08:10:53.000,SciMax01,"60933",https://proto-9.pnl.gov/SciMax01/2025_1/60933_4_TOP_1_MAOM_r3_Mag_20Jan25_3p3kV_300SA_p01_16_1_22151,Released
1330679,"60880_1_BTM_1_MAOM_r3_Mag_02Jan25_3p3kV_300SA_p01_38_1_21537","",2025-01-04 13:12:09.000,SciMax01,"60880",https://proto-9.pnl.gov/SciMax01/2025_1/60880_1_BTM_1_MAOM_r3_Mag_02Jan25_3p3kV_300SA_p01_38_1_21537,Released
1330915,"60933_4_BTM_3_MAOM_r2_Mag_05Jan25_3p3kV_300SA_p01_21_1_21649","",2025-01-06 15:09:10.000,SciMax01,"60933",https://proto-9.pnl.gov/SciMax01/2025_1/60933_4_BTM_3_MAOM_r2_Mag_05Jan25_3p3kV_300SA_p01_21_1_21649,Released
1215900,"60920_5_B_3_WEOM_r3_Mag_21Dec23_300SA_p01_10_1_14199",Data needs to be reviewed,2023-12-26 15:55:25.000,SciMax01,"60920",https://proto-9.pnl.gov/SciMax01/2024_1/60920_5_B_3_WEOM_r3_Mag_21Dec23_300SA_p01_10_1_14199,Released
1220685,"60933_2_B_2_WEOM_r2_Mag_18Jan24_300SA_p01_8_1_14806",Buzzard: MONet,2024-01-20 18:57:00.000,SciMax01,"60933",https://proto-9.pnl.gov/SciMax01/2024_1/60933_2_B_2_WEOM_r2_Mag_18Jan24_300SA_p01_8_1_14806,Released
1216062,"60923_10_T_1_WEOM_r2_Mag_26Dec23_300SA_p01_19_1_14308",Buzzard: Data is fine but queue stopped over holiday week so need to shim cell and will run the queue again,2023-12-29 07:28:53.000,SciMax01,"60923",https://proto-9.pnl.gov/SciMax01/2024_1/60923_10_T_1_WEOM_r2_Mag_26Dec23_300SA_p01_19_1_14308,Released
1340359,"60942_5_BTM_3_MAOM_r3_Mag_03Feb25_3p3kV_300SA_p01_18_1_23018","",2025-02-08 16:56:06.000,SciMax01,"60942",https://proto-9.pnl.gov/SciMax01/2025_1/60942_5_BTM_3_MAOM_r3_Mag_03Feb25_3p3kV_300SA_p01_18_1_23018,Released
1252775,"60929_2_B_1_WEOM_r1_Mag_01May24_300SA_p01_46_1_18125","",2024-05-04 03:01:05.000,SciMax01,"60929",https://proto-9.pnl.gov/SciMax01/2024_2/60929_2_B_1_WEOM_r1_Mag_01May24_300SA_p01_46_1_18125,Released
1330241,"60846_17_TOP_2_MAOM_r1_Mag_02Jan25_3p3kV_300SA_p01_30_1_21460","",2025-01-03 02:52:36.000,SciMax01,"60846",https://proto-9.pnl.gov/SciMax01/2025_1/60846_17_TOP_2_MAOM_r1_Mag_02Jan25_3p3kV_300SA_p01_30_1_21460,Released
1329838,"60880_4_TOP_1_MAOM_r3_Mag_27Dec24_3p3kV_300SA_p01_7_1_21417","",2025-01-01 07:24:02.000,SciMax01,"60880",https://proto-9.pnl.gov/SciMax01/2025_1/60880_4_TOP_1_MAOM_r3_Mag_27Dec24_3p3kV_300SA_p01_7_1_21417,Released
1236283,"60886_3_T_1_WEOM_r2_Mag_10Mar24_300SA_p01_13_1_17204",Buzzard: MONet,2024-03-13 00:11:46.000,SciMax01,"60886",https://proto-9.pnl.gov/SciMax01/2024_1/60886_3_T_1_WEOM_r2_Mag_10Mar24_300SA_p01_13_1_17204,Released
1344829,"60942_2_BTM_2_MAOM_r3_Mag_19Feb25_3p3kV_300SA_p01_17_1_23570","",2025-02-24 19:59:21.000,SciMax01,"60942",https://proto-9.pnl.gov/SciMax01/2025_1/60942_2_BTM_2_MAOM_r3_Mag_19Feb25_3p3kV_300SA_p01_17_1_23570,Released
1345524,"60880_6_BTM_1_MAOM_r2_Mag_26Feb25_3p3kV_300SA_p01_44_1_23845","",2025-03-02 23:55:05.000,SciMax01,"60880",https://proto-9.pnl.gov/SciMax01/2025_1/60880_6_BTM_1_MAOM_r2_Mag_26Feb25_3p3kV_300SA_p01_44_1_23845,Released
1236286,"60886_4_T_3_WEOM_r2_Mag_10Mar24_300SA_p01_21_1_17213",Buzzard: MONet,2024-03-13 04:11:04.000,SciMax01,"60886",https://proto-9.pnl.gov/SciMax01/2024_1/60886_4_T_3_WEOM_r2_Mag_10Mar24_300SA_p01_21_1_17213,Released
1220731,"60933_4_T_1_WEOM_r2_Mag_18Jan24_300SA_p01_16_1_14831",Buzzard: MONet,2024-01-21 06:01:52.000,SciMax01,"60933",https://proto-9.pnl.gov/SciMax01/2024_1/60933_4_T_1_WEOM_r2_Mag_18Jan24_300SA_p01_16_1_14831,Released
1337746,"60886_3_BTM_3_MAOM_r3_Mag_22Jan25_3p3kV_300SA_p01_28_1_22507","",2025-01-28 05:46:33.000,SciMax01,"60886",https://proto-9.pnl.gov/SciMax01/2025_1/60886_3_BTM_3_MAOM_r3_Mag_22Jan25_3p3kV_300SA_p01_28_1_22507,Released
1340586,"60938_5_TOP_3_MAOM_r2_Mag_03Feb25_3p3kV_300SA_p01_31_1_22802","",2025-02-04 16:39:45.000,SciMax01,"60938",https://proto-9.pnl.gov/SciMax01/2025_1/60938_5_TOP_3_MAOM_r2_Mag_03Feb25_3p3kV_300SA_p01_31_1_22802,Released
1234645,"60923_18_T_1_WEOM_r2_Mag_04Mar24_300SA_p01_19_1_16869",Buzzard: MONet,2024-03-06 01:25:43.000,SciMax01,"60923",https://proto-9.pnl.gov/SciMax01/2024_1/60923_18_T_1_WEOM_r2_Mag_04Mar24_300SA_p01_19_1_16869,Released
1330791,"60933_7_BTM_2_MAOM_r1_Mag_05Jan25_3p3kV_300SA_p01_42_1_21591","",2025-01-05 13:16:29.000,SciMax01,"60933",https://proto-9.pnl.gov/SciMax01/2025_1/60933_7_BTM_2_MAOM_r1_Mag_05Jan25_3p3kV_300SA_p01_42_1_21591,Released
1253691,QC_SRFAII_23_01_10ppm_WEOM_r2_Mag_10May24_300SA_p01_54_1_18328,"",2024-05-11 21:05:07.000,SciMax01,"60940",https://proto-9.pnl.gov/SciMax01/2024_2/QC_SRFAII_23_01_10ppm_WEOM_r2_Mag_10May24_300SA_p01_54_1_18328,Released
1252882,QC_SRFAII_23_01_10ppm_WEOM_r2_Mag_01May24_300SA_p01_54_1_18173,"",2024-05-05 00:17:29.000,SciMax01,"60929",https://proto-9.pnl.gov/SciMax01/2024_2/QC_SRFAII_23_01_10ppm_WEOM_r2_Mag_01May24_300SA_p01_54_1_18173,Released
1234615,"60923_20_B_3_WEOM_r2_Mag_04Mar24_300SA_p01_36_1_16870",Buzzard: MONet,2024-03-06 01:52:18.000,SciMax01,"60923",https://proto-9.pnl.gov/SciMax01/2024_1/60923_20_B_3_WEOM_r2_Mag_04Mar24_300SA_p01_36_1_16870,Released
1341316,"60932_2_BTM_3_MAOM_r2_Mag_10Feb25_3p3kV_300SA_p01_12_1_23121","",2025-02-12 02:19:33.000,SciMax01,"60932",https://proto-9.pnl.gov/SciMax01/2025_1/60932_2_BTM_3_MAOM_r2_Mag_10Feb25_3p3kV_300SA_p01_12_1_23121,Released
1234864,"60923_18_T_3_WEOM_r3_Mag_04Mar24_300SA_p01_21_1_16950",Buzzard: MONet,2024-03-07 13:52:34.000,SciMax01,"60923",https://proto-9.pnl.gov/SciMax01/2024_1/60923_18_T_3_WEOM_r3_Mag_04Mar24_300SA_p01_21_1_16950,Released
1329809,"60880_4_BTM_2_MAOM_r3_Mag_27Dec24_3p3kV_300SA_p01_11_1_21399","",2024-12-31 23:21:37.000,SciMax01,"60880",https://proto-9.pnl.gov/SciMax01/2024_4/60880_4_BTM_2_MAOM_r3_Mag_27Dec24_3p3kV_300SA_p01_11_1_21399,Released
1230715,"60932_5_B_1_WEOM_r3_Mag_24Feb24_300SA_p01_24_1_15999",Buzzard: MONet,2024-02-26 01:51:59.000,SciMax01,"60932",https://proto-9.pnl.gov/SciMax01/2024_1/60932_5_B_1_WEOM_r3_Mag_24Feb24_300SA_p01_24_1_15999,Released
1230914,"60880_1_B_1_WEOM_r3_Mag_16Feb24_300SA_p01_18_1_15446",Buzzard: MONet,2024-02-20 20:40:09.000,SciMax01,"60880",https://proto-9.pnl.gov/SciMax01/2024_1/60880_1_B_1_WEOM_r3_Mag_16Feb24_300SA_p01_18_1_15446,Released
1231030,"60846_2_T_1_WEOM_r1_Mag_16Feb24_300SA_p01_13_1_15250",Buzzard: MONet,2024-02-16 20:44:56.000,SciMax01,"60846",https://proto-9.pnl.gov/SciMax01/2024_1/60846_2_T_1_WEOM_r1_Mag_16Feb24_300SA_p01_13_1_15250,Released
1230928,"60880_4_B_2_WEOM_r1_Mag_16Feb24_300SA_p01_36_1_15371",Buzzard: MONet,2024-02-19 11:25:54.000,SciMax01,"60880",https://proto-9.pnl.gov/SciMax01/2024_1/60880_4_B_2_WEOM_r1_Mag_16Feb24_300SA_p01_36_1_15371,Released
1331231,"60933_10_TOP_2_MAOM_r2_Mag_05Jan25_3p3kV_300SA_p01_51_1_21700","",2025-01-07 13:53:01.000,SciMax01,"60933",https://proto-9.pnl.gov/SciMax01/2025_1/60933_10_TOP_2_MAOM_r2_Mag_05Jan25_3p3kV_300SA_p01_51_1_21700,Released
1217266,QC_SRFAII_23_01_20ppm_r3_Mag_04Jan24_300SA_p01_52_1_14665,Buzzard: Use this data,2024-01-09 06:39:36.000,SciMax01,"60923",https://proto-9.pnl.gov/SciMax01/2024_1/QC_SRFAII_23_01_20ppm_r3_Mag_04Jan24_300SA_p01_52_1_14665,Released
1217290,"60923_1_T_1_WEOM_r2_Mag_04Jan24_300SA_p01_1_1_14536",Buzzard: Use this data,2024-01-06 21:29:09.000,SciMax01,"60923",https://proto-9.pnl.gov/SciMax01/2024_1/60923_1_T_1_WEOM_r2_Mag_04Jan24_300SA_p01_1_1_14536,Released
1328925,"60920_10_TOP_2_MAOM_r1_Mag_23Dec24_3p3kV_300SA_p01_46_1_21037","",2024-12-23 18:23:47.000,SciMax01,"60920",https://proto-9.pnl.gov/SciMax01/2024_4/60920_10_TOP_2_MAOM_r1_Mag_23Dec24_3p3kV_300SA_p01_46_1_21037,Released
1230983,"60846_2_T_3_WEOM_r3_Mag_16Feb24_300SA_p01_15_1_15330",Buzzard: MONet,2024-02-18 17:15:40.000,SciMax01,"60846",https://proto-9.pnl.gov/SciMax01/2024_1/60846_2_T_3_WEOM_r3_Mag_16Feb24_300SA_p01_15_1_15330,Released
1314818,"60921_4_BTM_2_WEOM_r1_Mag_01Nov24_3p3kV_p01_5_1_20083",Buzzard: Testing response after Instrument cell clean and lab move,2024-11-01 18:25:27.000,SciMax01,"60938",https://proto-9.pnl.gov/SciMax01/2024_4/60921_4_BTM_2_WEOM_r1_Mag_01Nov24_3p3kV_p01_5_1_20083,Released
1220609,"60933_8_T_1_WEOM_r1_Mag_18Jan24_300SA_p01_40_1_14707",Buzzard: MONet,2024-01-18 23:04:27.000,SciMax01,"60933",https://proto-9.pnl.gov/SciMax01/2024_1/60933_8_T_1_WEOM_r1_Mag_18Jan24_300SA_p01_40_1_14707,Released
1032642,"1000S_SRFA_20ppm_run1_Fir_26Apr22_300SA_p01_1_1_3562","",2022-04-26 16:50:09.000,SciMax01,"60141",https://proto-9.pnl.gov/SciMax01/2022_2/1000S_SRFA_20ppm_run1_Fir_26Apr22_300SA_p01_1_1_3562,Released
1344771,"60920_3_TOP_3_MAOM_r1_Mag_19Feb25_3p3kV_300SA_p01_15_1_23345","",2025-02-19 21:04:44.000,SciMax01,"60920",https://proto-9.pnl.gov/SciMax01/2025_1/60920_3_TOP_3_MAOM_r1_Mag_19Feb25_3p3kV_300SA_p01_15_1_23345,Released
1231198,"60933_15_B_3_WEOM_r1_Mag_12Feb24_300SA_p01_30_1_15043",Buzzard: MONet,2024-02-12 23:44:19.000,SciMax01,"60933",https://proto-9.pnl.gov/SciMax01/2024_1/60933_15_B_3_WEOM_r1_Mag_12Feb24_300SA_p01_30_1_15043,Released
1234638,"60923_21_B_3_WEOM_r3_Mag_04Mar24_300SA_p01_42_1_16920",Buzzard: MONet,2024-03-07 00:01:46.000,SciMax01,"60923",https://proto-9.pnl.gov/SciMax01/2024_1/60923_21_B_3_WEOM_r3_Mag_04Mar24_300SA_p01_42_1_16920,Released
1349513,"60933_9_TOP_1_MAOM_r3_Mag_20Jan25_3p3kV_300SA_p01_47_1_22176","",2025-01-21 19:19:12.000,SciMax01,"60933",https://proto-9.pnl.gov/SciMax01/2025_1/60933_9_TOP_1_MAOM_r3_Mag_20Jan25_3p3kV_300SA_p01_47_1_22176,Released
1329780,"60880_3_TOP_2_MAOM_r3_Mag_27Dec24_3p3kV_300SA_p01_2_1_21391","",2024-12-31 19:47:38.000,SciMax01,"60880",https://proto-9.pnl.gov/SciMax01/2024_4/60880_3_TOP_2_MAOM_r3_Mag_27Dec24_3p3kV_300SA_p01_2_1_21391,Released
1328966,"60920_8_TOP_2_MAOM_r1_Mag_23Dec24_3p3kV_300SA_p01_34_1_21036","",2024-12-23 17:57:00.000,SciMax01,"60920",https://proto-9.pnl.gov/SciMax01/2024_4/60920_8_TOP_2_MAOM_r1_Mag_23Dec24_3p3kV_300SA_p01_34_1_21036,Released
1336775,"60923_19_TOP_2_MAOM_r2_Mag_22Jan25_3p3kV_300SA_p01_39_1_22280","",2025-01-24 00:32:17.000,SciMax01,"60923",https://proto-9.pnl.gov/SciMax01/2025_1/60923_19_TOP_2_MAOM_r2_Mag_22Jan25_3p3kV_300SA_p01_39_1_22280,Released
1231144,"60846_5_T_2_WEOM_r1_Mag_16Feb24_300SA_p01_20_1_15255",Buzzard: MONet,2024-02-16 22:57:53.000,SciMax01,"60846",https://proto-9.pnl.gov/SciMax01/2024_1/60846_5_T_2_WEOM_r1_Mag_16Feb24_300SA_p01_20_1_15255,Released
1230870,"60921_3_T_3_WEOM_r2_Mag_21Feb24_300SA_p01_46_1_15487",Buzzard: MONet,2024-02-22 04:05:45.000,SciMax01,"60921",https://proto-9.pnl.gov/SciMax01/2024_1/60921_3_T_3_WEOM_r2_Mag_21Feb24_300SA_p01_46_1_15487,Released
1481290,QC_SRFAII_25_02_r0_Mag_13Mar26_54_1_32544,"",2026-03-13 17:05:05.000,SciMax01,"61050",https://proto-9.pnl.gov/SciMax01/2026_1/QC_SRFAII_25_02_r0_Mag_13Mar26_54_1_32544,Released
1337020,"60923_15_BTM_2_MAOM_r3_Mag_22Jan25_3p3kV_300SA_p01_14_1_22325","",2025-01-24 20:36:08.000,SciMax01,"60923",https://proto-9.pnl.gov/SciMax01/2025_1/60923_15_BTM_2_MAOM_r3_Mag_22Jan25_3p3kV_300SA_p01_14_1_22325,Released
1217423,"60923_11_B_2_WEOM_r2_Mag_04Jan24_300SA_p01_2_1_14560",Buzzard: Use this data,2024-01-07 08:07:27.000,SciMax01,"60923",https://proto-9.pnl.gov/SciMax01/2024_1/60923_11_B_2_WEOM_r2_Mag_04Jan24_300SA_p01_2_1_14560,Released
1340509,"60938_1_TOP_1_MAOM_r1_Mag_03Feb25_3p3kV_300SA_p01_1_1_22779","",2025-02-04 06:23:51.000,SciMax01,"60938",https://proto-9.pnl.gov/SciMax01/2025_1/60938_1_TOP_1_MAOM_r1_Mag_03Feb25_3p3kV_300SA_p01_1_1_22779,Released
1230688,"60932_3_B_2_WEOM_r3_Mag_24Feb24_300SA_p01_13_1_15989",Buzzard: MONet,2024-02-25 21:26:06.000,SciMax01,"60932",https://proto-9.pnl.gov/SciMax01/2024_1/60932_3_B_2_WEOM_r3_Mag_24Feb24_300SA_p01_13_1_15989,Released
1335333,"60923_8_BTM_3_MAOM_r1_Mag_13Jan25_3p3kV_300SA_p01_18_1_22010","",2025-01-18 12:25:01.000,SciMax01,"60923",https://proto-9.pnl.gov/SciMax01/2025_1/60923_8_BTM_3_MAOM_r1_Mag_13Jan25_3p3kV_300SA_p01_18_1_22010,Released
1330520,"60846_12_TOP_1_MAOM_r1_Mag_02Jan25_3p3kV_300SA_p01_19_1_21476","",2025-01-03 10:00:55.000,SciMax01,"60846",https://proto-9.pnl.gov/SciMax01/2025_1/60846_12_TOP_1_MAOM_r1_Mag_02Jan25_3p3kV_300SA_p01_19_1_21476,Released
1329096,"60923_4_TOP_2_MAOM_r1_Mag_27Dec24_3p3kV_300SA_p01_20_1_21215","",2024-12-28 13:20:28.000,SciMax01,"60923",https://proto-9.pnl.gov/SciMax01/2024_4/60923_4_TOP_2_MAOM_r1_Mag_27Dec24_3p3kV_300SA_p01_20_1_21215,Released
1252825,"60929_3_T_2_WEOM_r2_Mag_01May24_300SA_p01_50_1_18139","",2024-05-04 09:13:20.000,SciMax01,"60929",https://proto-9.pnl.gov/SciMax01/2024_2/60929_3_T_2_WEOM_r2_Mag_01May24_300SA_p01_50_1_18139,Released
1342143,"60881_1_TOP_2_MAOM_r3_Mag_10Feb25_3p3kV_300SA_p01_2_1_23312","",2025-02-15 15:29:59.000,SciMax01,"60881",https://proto-9.pnl.gov/SciMax01/2025_1/60881_1_TOP_2_MAOM_r3_Mag_10Feb25_3p3kV_300SA_p01_2_1_23312,Released
1336048,"60933_2_BTM_2_MAOM_r3_Mag_20Jan25_3p3kV_300SA_p01_8_1_22150","",2025-01-21 07:44:04.000,SciMax01,"60933",https://proto-9.pnl.gov/SciMax01/2025_1/60933_2_BTM_2_MAOM_r3_Mag_20Jan25_3p3kV_300SA_p01_8_1_22150,Released
1217283,"60923_11_T_3_WEOM_r2_Mag_04Jan24_300SA_p01_29_1_14583",Buzzard: Use this data,2024-01-07 18:19:05.000,SciMax01,"60923",https://proto-9.pnl.gov/SciMax01/2024_1/60923_11_T_3_WEOM_r2_Mag_04Jan24_300SA_p01_29_1_14583,Released
1216051,"60923_8_T_3_WEOM_r2_Mag_26Dec23_300SA_p01_23_1_14357",Buzzard: Data is fine but queue stopped over holiday week so need to shim cell and will run the queue again,2023-12-30 05:11:49.000,SciMax01,"60923",https://proto-9.pnl.gov/SciMax01/2024_1/60923_8_T_3_WEOM_r2_Mag_26Dec23_300SA_p01_23_1_14357,Released
1234656,"60923_18_T_2_WEOM_r2_Mag_04Mar24_300SA_p01_20_1_16895",Buzzard: MONet,2024-03-06 12:57:00.000,SciMax01,"60923",https://proto-9.pnl.gov/SciMax01/2024_1/60923_18_T_2_WEOM_r2_Mag_04Mar24_300SA_p01_20_1_16895,Released
1335309,"60933_14_TOP_2_MAOM_r3_Mag_13Jan25_3p3kV_300SA_p01_24_1_21901","",2025-01-16 11:47:49.000,SciMax01,"60933",https://proto-9.pnl.gov/SciMax01/2025_1/60933_14_TOP_2_MAOM_r3_Mag_13Jan25_3p3kV_300SA_p01_24_1_21901,Released
1345440,"60880_5_BTM_2_MAOM_r1_Mag_26Feb25_3p3kV_300SA_p01_39_1_23815","",2025-03-02 10:31:29.000,SciMax01,"60880",https://proto-9.pnl.gov/SciMax01/2025_1/60880_5_BTM_2_MAOM_r1_Mag_26Feb25_3p3kV_300SA_p01_39_1_23815,Released
1335263,"60933_16_TOP_3_MAOM_r1_Mag_13Jan25_3p3kV_300SA_p01_37_1_21823","",2025-01-15 00:59:07.000,SciMax01,"60933",https://proto-9.pnl.gov/SciMax01/2025_1/60933_16_TOP_3_MAOM_r1_Mag_13Jan25_3p3kV_300SA_p01_37_1_21823,Released
1217499,"60923_6_B_1_WEOM_r2_Mag_04Jan24_300SA_p01_12_1_14539",Buzzard: Use this data,2024-01-06 22:48:56.000,SciMax01,"60923",https://proto-9.pnl.gov/SciMax01/2024_1/60923_6_B_1_WEOM_r2_Mag_04Jan24_300SA_p01_12_1_14539,Released
1272531,QC_SRFAII_23_01_10ppm_MAOM_r2_Mag_04Jul24_300SA_p01_54_1_19407,Buzzard: testing MAOM samples before the move,2024-07-04 23:18:25.000,SciMax01,"60923",https://proto-9.pnl.gov/SciMax01/2024_3/QC_SRFAII_23_01_10ppm_MAOM_r2_Mag_04Jul24_300SA_p01_54_1_19407,Released
1481359,QC_SRFAII_25_02_r2_Mag_13Mar26_54_1_32603,"",2026-03-14 12:52:10.000,SciMax01,"61050",https://proto-9.pnl.gov/SciMax01/2026_1/QC_SRFAII_25_02_r2_Mag_13Mar26_54_1_32603,Released
1217264,"60923_9_T_1_WEOM_r3_Mag_04Jan24_300SA_p01_17_1_14604",Buzzard: Use this data,2024-01-08 03:37:32.000,SciMax01,"60923",https://proto-9.pnl.gov/SciMax01/2024_1/60923_9_T_1_WEOM_r3_Mag_04Jan24_300SA_p01_17_1_14604,Released
1215937,"60920_6_B_1_WEOM_r2_Mag_21Dec23_300SA_p01_12_1_14070",Data needs to be reviewed,2023-12-23 05:37:46.000,SciMax01,"60920",https://proto-9.pnl.gov/SciMax01/2024_1/60920_6_B_1_WEOM_r2_Mag_21Dec23_300SA_p01_12_1_14070,Released
1272543,"60923_1_T_1_MAOM_r2_Mag_04Jul24_300SA_p01_1_1_19390",Buzzard: testing MAOM samples before the move,2024-07-04 15:46:24.000,SciMax01,"60923",https://proto-9.pnl.gov/SciMax01/2024_3/60923_1_T_1_MAOM_r2_Mag_04Jul24_300SA_p01_1_1_19390,Released
1233034,"60923_16_B_1_WEOM_r1_Mag_04Mar24_300SA_p01_10_1_16807","",2024-03-04 21:57:05.000,SciMax01,"60923",https://proto-9.pnl.gov/SciMax01/2024_1/60923_16_B_1_WEOM_r1_Mag_04Mar24_300SA_p01_10_1_16807,Released
1216057,"60923_13_T_1_WEOM_r2_Mag_26Dec23_300SA_p01_25_1_14306",Buzzard: Data is fine but queue stopped over holiday week so need to shim cell and will run the queue again,2023-12-29 06:35:43.000,SciMax01,"60923",https://proto-9.pnl.gov/SciMax01/2024_1/60923_13_T_1_WEOM_r2_Mag_26Dec23_300SA_p01_25_1_14306,Released
1230887,"60921_3_T_3_WEOM_r3_Mag_21Feb24_300SA_p01_46_1_15497",Buzzard: MONet,2024-02-22 08:31:39.000,SciMax01,"60921",https://proto-9.pnl.gov/SciMax01/2024_1/60921_3_T_3_WEOM_r3_Mag_21Feb24_300SA_p01_46_1_15497,Released
1230930,"60846_7_B_2_WEOM_r3_Mag_16Feb24_300SA_p01_29_1_15339",Buzzard: MONet,2024-02-18 21:15:00.000,SciMax01,"60846",https://proto-9.pnl.gov/SciMax01/2024_1/60846_7_B_2_WEOM_r3_Mag_16Feb24_300SA_p01_29_1_15339,Released
1337402,"60923_21_TOP_3_MAOM_r2_Mag_22Jan25_3p3kV_300SA_p01_3_1_22445","",2025-01-27 02:07:27.000,SciMax01,"60923",https://proto-9.pnl.gov/SciMax01/2025_1/60923_21_TOP_3_MAOM_r2_Mag_22Jan25_3p3kV_300SA_p01_3_1_22445,Released
1230907,"60921_3_T_3_WEOM_r1_Mag_21Feb24_300SA_p01_46_1_15467",Buzzard: MONet,2024-02-21 19:13:57.000,SciMax01,"60921",https://proto-9.pnl.gov/SciMax01/2024_1/60921_3_T_3_WEOM_r1_Mag_21Feb24_300SA_p01_46_1_15467,Released
1338541,"60923_11_BTM_3_MAOM_r2_Mag_29Jan25_3p3kV_300SA_p01_40_1_22644","",2025-01-30 19:04:45.000,SciMax01,"60923",https://proto-9.pnl.gov/SciMax01/2025_1/60923_11_BTM_3_MAOM_r2_Mag_29Jan25_3p3kV_300SA_p01_40_1_22644,Released
1340531,"60938_2_TOP_1_MAOM_r1_Mag_03Feb25_3p3kV_300SA_p01_7_1_22758","",2025-02-03 21:02:14.000,SciMax01,"60938",https://proto-9.pnl.gov/SciMax01/2025_1/60938_2_TOP_1_MAOM_r1_Mag_03Feb25_3p3kV_300SA_p01_7_1_22758,Released
1165470,MONet_Test_WY01_G_3_pls-10ppmSRFAII_fir_r2_07Jul23_300SA_p1_15_1_8744,Buzzard: Just testing samples tubes,2023-07-07 19:15:59.000,"15T_FTICR_I","60141",https://proto-9.pnl.gov/15T_FTICR_I/2023_3/MONet_Test_WY01_G_3_pls-10ppmSRFAII_fir_r2_07Jul23_300SA_p1_15_1_8744,Released
1233003,"60923_16_T_1_WEOM_r1_Mag_04Mar24_300SA_p01_7_1_16797","",2024-03-04 17:31:11.000,SciMax01,"60923",https://proto-9.pnl.gov/SciMax01/2024_1/60923_16_T_1_WEOM_r1_Mag_04Mar24_300SA_p01_7_1_16797,Released
1341743,"60881_3_TOP_2_MAOM_r1_Mag_10Feb25_3p3kV_300SA_p01_14_1_23204","",2025-02-13 15:19:52.000,SciMax01,"60881",https://proto-9.pnl.gov/SciMax01/2025_1/60881_3_TOP_2_MAOM_r1_Mag_10Feb25_3p3kV_300SA_p01_14_1_23204,Released
1340309,"60942_4_BTM_3_MAOM_r3_Mag_03Feb25_3p3kV_300SA_p01_12_1_23000","",2025-02-08 08:54:28.000,SciMax01,"60942",https://proto-9.pnl.gov/SciMax01/2025_1/60942_4_BTM_3_MAOM_r3_Mag_03Feb25_3p3kV_300SA_p01_12_1_23000,Released
1220971,"60938_5_T_1_WEOM_r3_Mag_18Jan24_300SA_p01_25_1_14974",Buzzard: MONet,2024-01-23 21:24:27.000,SciMax01,"60938",https://proto-9.pnl.gov/SciMax01/2024_1/60938_5_T_1_WEOM_r3_Mag_18Jan24_300SA_p01_25_1_14974,Released
1217280,"60923_10_T_2_WEOM_r1_Mag_04Jan24_300SA_p01_47_1_14465",Buzzard: Use this data,2024-01-05 14:01:12.000,SciMax01,"60923",https://proto-9.pnl.gov/SciMax01/2024_1/60923_10_T_2_WEOM_r1_Mag_04Jan24_300SA_p01_47_1_14465,Released
1180732,QC_SRFA_2_2023_01_54_1_13315,Buzzard: QC's and Blanks,2023-08-26 14:48:28.000,SciMax01,"60141",https://proto-9.pnl.gov/SciMax01/2023_3/QC_SRFA_2_2023_01_54_1_13315,Released
1341163,"60932_6_BTM_2_MAOM_r1_Mag_10Feb25_3p3kV_300SA_p01_39_1_23072","",2025-02-11 04:28:56.000,SciMax01,"60932",https://proto-9.pnl.gov/SciMax01/2025_1/60932_6_BTM_2_MAOM_r1_Mag_10Feb25_3p3kV_300SA_p01_39_1_23072,Released
1231264,"60846_7_B_1_WEOM_r2_Mag_16Feb24_300SA_p01_28_1_15296",Buzzard: MONet,2024-02-17 17:08:05.000,SciMax01,"60846",https://proto-9.pnl.gov/SciMax01/2024_1/60846_7_B_1_WEOM_r2_Mag_16Feb24_300SA_p01_28_1_15296,Released
1341221,"60932_4_TOP_1_MAOM_r1_Mag_10Feb25_3p3kV_300SA_p01_19_1_23085","",2025-02-11 10:16:05.000,SciMax01,"60932",https://proto-9.pnl.gov/SciMax01/2025_1/60932_4_TOP_1_MAOM_r1_Mag_10Feb25_3p3kV_300SA_p01_19_1_23085,Released
1231038,"60933_12_T_3_WEOM_r3_Mag_12Feb24_300SA_p01_9_1_15239",Buzzard: MONet,2024-02-16 15:52:27.000,SciMax01,"60933",https://proto-9.pnl.gov/SciMax01/2024_1/60933_12_T_3_WEOM_r3_Mag_12Feb24_300SA_p01_9_1_15239,Released
1230862,"60932_2_T_2_WEOM_r1_Mag_21Feb24_300SA_p01_4_1_15551",Buzzard: MONet,2024-02-23 08:27:28.000,SciMax01,"60932",https://proto-9.pnl.gov/SciMax01/2024_1/60932_2_T_2_WEOM_r1_Mag_21Feb24_300SA_p01_4_1_15551,Released
1220648,"60938_2_T_2_WEOM_r2_Mag_18Jan24_300SA_p01_8_1_14874",Buzzard: MONet,2024-01-22 01:05:20.000,SciMax01,"60938",https://proto-9.pnl.gov/SciMax01/2024_1/60938_2_T_2_WEOM_r2_Mag_18Jan24_300SA_p01_8_1_14874,Released
1230991,"60880_4_T_2_WEOM_r1_Mag_16Feb24_300SA_p01_33_1_15382",Buzzard: MONet,2024-02-19 16:18:25.000,SciMax01,"60880",https://proto-9.pnl.gov/SciMax01/2024_1/60880_4_T_2_WEOM_r1_Mag_16Feb24_300SA_p01_33_1_15382,Released
1272573,"60923_2_T_3_MAOM_r3_Mag_04Jul24_300SA_p01_9_1_19430",Buzzard: testing MAOM samples before the move,2024-07-05 09:30:01.000,SciMax01,"60923",https://proto-9.pnl.gov/SciMax01/2024_3/60923_2_T_3_MAOM_r3_Mag_04Jul24_300SA_p01_9_1_19430,Released
1253596,"60940_3_B_1_WEOM_r3_Mag_10May24_300SA_p01_13_1_18371","",2024-05-12 16:08:29.000,SciMax01,"60940",https://proto-9.pnl.gov/SciMax01/2024_2/60940_3_B_1_WEOM_r3_Mag_10May24_300SA_p01_13_1_18371,Released
1236295,"60886_6_T_3_WEOM_r2_Mag_10Mar24_300SA_p01_33_1_17177",Buzzard: MONet,2024-03-12 12:13:52.000,SciMax01,"60886",https://proto-9.pnl.gov/SciMax01/2024_1/60886_6_T_3_WEOM_r2_Mag_10Mar24_300SA_p01_33_1_17177,Released
1330864,"60933_5_BTM_2_MAOM_r1_Mag_05Jan25_3p3kV_300SA_p01_30_1_21625","",2025-01-06 04:26:14.000,SciMax01,"60933",https://proto-9.pnl.gov/SciMax01/2025_1/60933_5_BTM_2_MAOM_r1_Mag_05Jan25_3p3kV_300SA_p01_30_1_21625,Released
1340228,"60946_1_TOP_2_MAOM_r2_Mag_03Feb25_3p3kV_300SA_p01_30_1_22976","",2025-02-07 22:12:21.000,SciMax01,"60946",https://proto-9.pnl.gov/SciMax01/2025_1/60946_1_TOP_2_MAOM_r2_Mag_03Feb25_3p3kV_300SA_p01_30_1_22976,Released
1349525,"60933_12_TOP_2_MAOM_r1_Mag_31Jan25_3p3kV_300SA_p01_8_1_22726","",2025-02-01 07:38:13.000,SciMax01,"60933",https://proto-9.pnl.gov/SciMax01/2025_1/60933_12_TOP_2_MAOM_r1_Mag_31Jan25_3p3kV_300SA_p01_8_1_22726,Released
1217505,"60923_2_T_1_WEOM_r2_Mag_04Jan24_300SA_p01_3_1_14524",Buzzard: Use this data,2024-01-06 16:09:59.000,SciMax01,"60923",https://proto-9.pnl.gov/SciMax01/2024_1/60923_2_T_1_WEOM_r2_Mag_04Jan24_300SA_p01_3_1_14524,Released
1340588,"60938_5_TOP_3_MAOM_r3_Mag_03Feb25_3p3kV_300SA_p01_31_1_22850","",2025-02-05 14:02:56.000,SciMax01,"60938",https://proto-9.pnl.gov/SciMax01/2025_1/60938_5_TOP_3_MAOM_r3_Mag_03Feb25_3p3kV_300SA_p01_31_1_22850,Released
1335314,"60933_13_BTM_3_MAOM_r3_Mag_13Jan25_3p3kV_300SA_p01_22_1_21937","",2025-01-17 03:51:17.000,SciMax01,"60933",https://proto-9.pnl.gov/SciMax01/2025_1/60933_13_BTM_3_MAOM_r3_Mag_13Jan25_3p3kV_300SA_p01_22_1_21937,Released
1328969,"60940_2_TOP_1_MAOM_r3_Mag_23Dec24_3p3kV_300SA_p01_7_1_21132","",2024-12-25 12:44:36.000,SciMax01,"60940",https://proto-9.pnl.gov/SciMax01/2024_4/60940_2_TOP_1_MAOM_r3_Mag_23Dec24_3p3kV_300SA_p01_7_1_21132,Released
1215987,"60920_2_T_3_WEOM_r3_Mag_21Dec23_300SA_p01_3_1_14196",Data needs to be reviewed,2023-12-26 14:35:38.000,SciMax01,"60920",https://proto-9.pnl.gov/SciMax01/2024_1/60920_2_T_3_WEOM_r3_Mag_21Dec23_300SA_p01_3_1_14196,Released
1342128,"60881_1_TOP_3_MAOM_r3_Mag_10Feb25_3p3kV_300SA_p01_3_1_23308","",2025-02-15 13:43:00.000,SciMax01,"60881",https://proto-9.pnl.gov/SciMax01/2025_1/60881_1_TOP_3_MAOM_r3_Mag_10Feb25_3p3kV_300SA_p01_3_1_23308,Released
1337676,"60886_2_TOP_3_MAOM_r2_Mag_22Jan25_3p3kV_300SA_p01_15_1_22485","",2025-01-27 19:57:53.000,SciMax01,"60886",https://proto-9.pnl.gov/SciMax01/2025_1/60886_2_TOP_3_MAOM_r2_Mag_22Jan25_3p3kV_300SA_p01_15_1_22485,Released
1329451,"60921_3_BTM_2_MAOM_r1_Mag_27Dec24_3p3kV_300SA_p01_17_1_21334","",2024-12-30 18:23:41.000,SciMax01,"60921",https://proto-9.pnl.gov/SciMax01/2024_4/60921_3_BTM_2_MAOM_r1_Mag_27Dec24_3p3kV_300SA_p01_17_1_21334,Released
1345772,"60880_5_BTM_2_MAOM_r2_Mag_26Feb25_3p3kV_300SA_p01_39_1_23870","",2025-03-03 11:03:04.000,SciMax01,"60880",https://proto-9.pnl.gov/SciMax01/2025_1/60880_5_BTM_2_MAOM_r2_Mag_26Feb25_3p3kV_300SA_p01_39_1_23870,Released
1253659,"60940_2_T_2_WEOM_r1_Mag_10May24_300SA_p01_8_1_18278","",2024-05-10 22:55:36.000,SciMax01,"60940",https://proto-9.pnl.gov/SciMax01/2024_2/60940_2_T_2_WEOM_r1_Mag_10May24_300SA_p01_8_1_18278,Released
1340551,"60938_3_TOP_2_MAOM_r2_Mag_03Feb25_3p3kV_300SA_p01_14_1_22824","",2025-02-05 02:27:11.000,SciMax01,"60938",https://proto-9.pnl.gov/SciMax01/2025_1/60938_3_TOP_2_MAOM_r2_Mag_03Feb25_3p3kV_300SA_p01_14_1_22824,Released
1220592,"60933_3_B_3_WEOM_r1_Mag_18Jan24_300SA_p01_15_1_14720",Buzzard: MONet,2024-01-19 04:50:09.000,SciMax01,"60933",https://proto-9.pnl.gov/SciMax01/2024_1/60933_3_B_3_WEOM_r1_Mag_18Jan24_300SA_p01_15_1_14720,Released
1221012,"60933_2_B_2_WEOM_r3_Mag_18Jan24_300SA_p01_8_1_14960",Buzzard: MONet,2024-01-23 15:12:12.000,SciMax01,"60933",https://proto-9.pnl.gov/SciMax01/2024_1/60933_2_B_2_WEOM_r3_Mag_18Jan24_300SA_p01_8_1_14960,Released
1335188,"60933_13_BTM_1_MAOM_r2_Mag_13Jan25_3p3kV_300SA_p01_20_1_21844","",2025-01-15 10:21:02.000,SciMax01,"60933",https://proto-9.pnl.gov/SciMax01/2025_1/60933_13_BTM_1_MAOM_r2_Mag_13Jan25_3p3kV_300SA_p01_20_1_21844,Released
1230837,"60932_5_T_2_WEOM_r1_Mag_21Feb24_300SA_p01_22_1_15554",Buzzard: MONet,2024-02-23 09:47:12.000,SciMax01,"60932",https://proto-9.pnl.gov/SciMax01/2024_1/60932_5_T_2_WEOM_r1_Mag_21Feb24_300SA_p01_22_1_15554,Released
1337216,"60923_13_BTM_2_MAOM_r3_Mag_22Jan25_3p3kV_300SA_p01_2_1_22370","",2025-01-25 16:41:29.000,SciMax01,"60923",https://proto-9.pnl.gov/SciMax01/2025_1/60923_13_BTM_2_MAOM_r3_Mag_22Jan25_3p3kV_300SA_p01_2_1_22370,Released
1337052,"60923_17_BTM_3_MAOM_r3_Mag_22Jan25_3p3kV_300SA_p01_31_1_22334","",2025-01-25 00:37:14.000,SciMax01,"60923",https://proto-9.pnl.gov/SciMax01/2025_1/60923_17_BTM_3_MAOM_r3_Mag_22Jan25_3p3kV_300SA_p01_31_1_22334,Released
1329792,"60921_4_BTM_2_MAOM_r3_Mag_27Dec24_3p3kV_300SA_p01_25_1_21394","",2024-12-31 21:07:50.000,SciMax01,"60921",https://proto-9.pnl.gov/SciMax01/2024_4/60921_4_BTM_2_MAOM_r3_Mag_27Dec24_3p3kV_300SA_p01_25_1_21394,Released
1217260,QC_SRFAII_20ppm_04Jan24_Mag_2w_8M_300SA_p01_54_1_14416,Buzzard: Use this data,2024-01-04 16:18:16.000,SciMax01,"60923",https://proto-9.pnl.gov/SciMax01/2024_1/QC_SRFAII_20ppm_04Jan24_Mag_2w_8M_300SA_p01_54_1_14416,Released
1230812,"60932_2_B_1_WEOM_r1_Mag_21Feb24_300SA_p01_6_1_15549",Buzzard: MONet,2024-02-23 07:34:17.000,SciMax01,"60932",https://proto-9.pnl.gov/SciMax01/2024_1/60932_2_B_1_WEOM_r1_Mag_21Feb24_300SA_p01_6_1_15549,Released
1328948,"60940_1_TOP_1_MAOM_r3_Mag_23Dec24_3p3kV_300SA_p01_1_1_21125","",2024-12-25 09:37:12.000,SciMax01,"60940",https://proto-9.pnl.gov/SciMax01/2024_4/60940_1_TOP_1_MAOM_r3_Mag_23Dec24_3p3kV_300SA_p01_1_1_21125,Released
1328926,"60920_11_TOP_1_MAOM_r3_Mag_23Dec24_3p3kV_300SA_p01_48_1_21155","",2024-12-25 22:59:25.000,SciMax01,"60920",https://proto-9.pnl.gov/SciMax01/2024_4/60920_11_TOP_1_MAOM_r3_Mag_23Dec24_3p3kV_300SA_p01_48_1_21155,Released
1180798,"60921_1_B_3_WEOM_1w_16_1_13407",Buzzard: 1w; Data needs to be reviewed,2023-08-30 01:49:24.000,SciMax01,"60921",https://proto-9.pnl.gov/SciMax01/2023_3/60921_1_B_3_WEOM_1w_16_1_13407,Released
1331738,"60933_3_TOP_1_MAOM_r3_Mag_05Jan25_3p3kV_300SA_p01_10_1_21770",data good just rerun,2025-01-09 15:44:11.000,SciMax01,"60933",https://proto-9.pnl.gov/SciMax01/2025_1/60933_3_TOP_1_MAOM_r3_Mag_05Jan25_3p3kV_300SA_p01_10_1_21770,Released
1234647,"60923_20_T_2_WEOM_r2_Mag_04Mar24_300SA_p01_32_1_16874",Buzzard: MONet,2024-03-06 03:38:38.000,SciMax01,"60923",https://proto-9.pnl.gov/SciMax01/2024_1/60923_20_T_2_WEOM_r2_Mag_04Mar24_300SA_p01_32_1_16874,Released
1341188,"60932_5_BTM_3_MAOM_r1_Mag_10Feb25_3p3kV_300SA_p01_34_1_23077","",2025-02-11 06:42:55.000,SciMax01,"60932",https://proto-9.pnl.gov/SciMax01/2025_1/60932_5_BTM_3_MAOM_r1_Mag_10Feb25_3p3kV_300SA_p01_34_1_23077,Released
1331089,"60933_2_TOP_3_MAOM_r2_Mag_05Jan25_3p3kV_300SA_p01_6_1_21695","",2025-01-07 11:39:04.000,SciMax01,"60933",https://proto-9.pnl.gov/SciMax01/2025_1/60933_2_TOP_3_MAOM_r2_Mag_05Jan25_3p3kV_300SA_p01_6_1_21695,Released
1230919,"60880_1_B_1_WEOM_r2_Mag_16Feb24_300SA_p01_18_1_15416",Buzzard: MONet,2024-02-20 07:22:26.000,SciMax01,"60880",https://proto-9.pnl.gov/SciMax01/2024_1/60880_1_B_1_WEOM_r2_Mag_16Feb24_300SA_p01_18_1_15416,Released
1215873,"60920_3_T_3_WEOM_r1_Mag_21Dec23_300SA_p01_5_1_14050",Data needs to be reviewed,2023-12-22 20:45:56.000,SciMax01,"60920",https://proto-9.pnl.gov/SciMax01/2024_1/60920_3_T_3_WEOM_r1_Mag_21Dec23_300SA_p01_5_1_14050,Released
1235745,QC_SRFAII_23_01_10ppm_WEOM_r1_Mag_07Mar24_300SA_p01_54_1_17012,Buzzard: MONet,2024-03-08 17:22:37.000,SciMax01,"60942",https://proto-9.pnl.gov/SciMax01/2024_1/QC_SRFAII_23_01_10ppm_WEOM_r1_Mag_07Mar24_300SA_p01_54_1_17012,Released
1230626,"60946_1_T_3_WEOM_r1_Mag_23Feb24_300SA_p01_40_1_16027",Buzzard: Monet,2024-02-26 14:16:34.000,SciMax01,"60946",https://proto-9.pnl.gov/SciMax01/2024_1/60946_1_T_3_WEOM_r1_Mag_23Feb24_300SA_p01_40_1_16027,Released
1230821,"60932_5_T_3_WEOM_r1_Mag_21Feb24_300SA_p01_23_1_15552",Buzzard: MONet,2024-02-23 08:54:02.000,SciMax01,"60932",https://proto-9.pnl.gov/SciMax01/2024_1/60932_5_T_3_WEOM_r1_Mag_21Feb24_300SA_p01_23_1_15552,Released
1342050,"60881_5_BTM_2_MAOM_r3_Mag_10Feb25_3p3kV_300SA_p01_29_1_23285","",2025-02-15 03:26:58.000,SciMax01,"60881",https://proto-9.pnl.gov/SciMax01/2025_1/60881_5_BTM_2_MAOM_r3_Mag_10Feb25_3p3kV_300SA_p01_29_1_23285,Released
1345500,"60880_6_TOP_3_MAOM_r2_Mag_26Feb25_3p3kV_300SA_p01_43_1_23834","",2025-03-02 19:00:51.000,SciMax01,"60880",https://proto-9.pnl.gov/SciMax01/2025_1/60880_6_TOP_3_MAOM_r2_Mag_26Feb25_3p3kV_300SA_p01_43_1_23834,Released
1220691,"60933_3_B_1_WEOM_r3_Mag_18Jan24_300SA_p01_13_1_14941",Buzzard: MONet,2024-01-23 06:46:57.000,SciMax01,"60933",https://proto-9.pnl.gov/SciMax01/2024_1/60933_3_B_1_WEOM_r3_Mag_18Jan24_300SA_p01_13_1_14941,Released
1337240,"60886_6_BTM_3_MAOM_r1_Mag_22Jan25_3p3kV_300SA_p01_45_1_22380","",2025-01-25 21:08:54.000,SciMax01,"60886",https://proto-9.pnl.gov/SciMax01/2025_1/60886_6_BTM_3_MAOM_r1_Mag_22Jan25_3p3kV_300SA_p01_45_1_22380,Released
1336437,"60923_18_BTM_2_MAOM_r1_Mag_22Jan25_3p3kV_300SA_p01_36_1_22248","",2025-01-23 10:15:44.000,SciMax01,"60923",https://proto-9.pnl.gov/SciMax01/2025_1/60923_18_BTM_2_MAOM_r1_Mag_22Jan25_3p3kV_300SA_p01_36_1_22248,Released
1330268,"60846_5_TOP_1_MAOM_r1_Mag_02Jan25_3p3kV_300SA_p01_7_1_21472","",2025-01-03 08:13:44.000,SciMax01,"60846",https://proto-9.pnl.gov/SciMax01/2025_1/60846_5_TOP_1_MAOM_r1_Mag_02Jan25_3p3kV_300SA_p01_7_1_21472,Released
1337103,"60923_17_TOP_1_MAOM_r3_Mag_22Jan25_3p3kV_300SA_p01_22_1_22351","",2025-01-25 08:12:05.000,SciMax01,"60923",https://proto-9.pnl.gov/SciMax01/2025_1/60923_17_TOP_1_MAOM_r3_Mag_22Jan25_3p3kV_300SA_p01_22_1_22351,Released
1253631,"60940_2_T_2_WEOM_r3_Mag_10May24_300SA_p01_8_1_18376","",2024-05-12 18:21:27.000,SciMax01,"60940",https://proto-9.pnl.gov/SciMax01/2024_2/60940_2_T_2_WEOM_r3_Mag_10May24_300SA_p01_8_1_18376,Released
1230839,QC_SRFAII_23_01_10ppm_r2_Mag_21Feb24_300SA_p01_54_1_15493,Buzzard: MONet,2024-02-22 06:45:18.000,SciMax01,"60921",https://proto-9.pnl.gov/SciMax01/2024_1/QC_SRFAII_23_01_10ppm_r2_Mag_21Feb24_300SA_p01_54_1_15493,Released
1215853,"60920_9_T_3_WEOM_r2_Mag_21Dec23_300SA_p01_16_1_14117",Data needs to be reviewed,2023-12-25 03:34:56.000,SciMax01,"60920",https://proto-9.pnl.gov/SciMax01/2024_1/60920_9_T_3_WEOM_r2_Mag_21Dec23_300SA_p01_16_1_14117,Released
1344894,"60920_3_TOP_3_MAOM_r2_Mag_19Feb25_3p3kV_300SA_p01_15_1_23385","",2025-02-20 14:53:57.000,SciMax01,"60920",https://proto-9.pnl.gov/SciMax01/2025_1/60920_3_TOP_3_MAOM_r2_Mag_19Feb25_3p3kV_300SA_p01_15_1_23385,Released
1215949,"60920_4_B_2_WEOM_r1_Mag_21Dec23_300SA_p01_27_1_14024",Data needs to be reviewed,2023-12-22 09:14:35.000,SciMax01,"60920",https://proto-9.pnl.gov/SciMax01/2024_1/60920_4_B_2_WEOM_r1_Mag_21Dec23_300SA_p01_27_1_14024,Released
1337376,"60886_2_BTM_3_MAOM_r2_Mag_22Jan25_3p3kV_300SA_p01_18_1_22434","",2025-01-26 21:13:14.000,SciMax01,"60886",https://proto-9.pnl.gov/SciMax01/2025_1/60886_2_BTM_3_MAOM_r2_Mag_22Jan25_3p3kV_300SA_p01_18_1_22434,Released
1328882,"60921_2_BTM_Combo_WEOM_r3_Mag_23Dec24_3p3kV_300SA_p01_52_1_21021",Buzzard: combo samples,2024-12-23 11:15:38.000,SciMax01,"60921",https://proto-9.pnl.gov/SciMax01/2024_4/60921_2_BTM_Combo_WEOM_r3_Mag_23Dec24_3p3kV_300SA_p01_52_1_21021,Released
1231075,"60933_18_B_2_WEOM_r1_Mag_12Feb24_300SA_p01_47_1_15051",Buzzard: MONet,2024-02-13 03:17:02.000,SciMax01,"60933",https://proto-9.pnl.gov/SciMax01/2024_1/60933_18_B_2_WEOM_r1_Mag_12Feb24_300SA_p01_47_1_15051,Released
1230898,"60921_4_T_2_WEOM_r2_Mag_21Feb24_300SA_p01_51_1_15476",Buzzard: MONet,2024-02-21 23:13:15.000,SciMax01,"60921",https://proto-9.pnl.gov/SciMax01/2024_1/60921_4_T_2_WEOM_r2_Mag_21Feb24_300SA_p01_51_1_15476,Released
1341096,"60932_1_BTM_3_MAOM_r1_Mag_10Feb25_3p3kV_300SA_p01_6_1_23058","",2025-02-10 22:14:43.000,SciMax01,"60932",https://proto-9.pnl.gov/SciMax01/2025_1/60932_1_BTM_3_MAOM_r1_Mag_10Feb25_3p3kV_300SA_p01_6_1_23058,Released
1216006,QC_SRFAII_23_01_20ppm_r1_Mag_26Dec23_300SA_p01_54_1_14226,Buzzard: Data is fine but queue stopped over holiday week so need to shim cell and will run the queue again,2023-12-27 19:08:27.000,SciMax01,"60923",https://proto-9.pnl.gov/SciMax01/2024_1/QC_SRFAII_23_01_20ppm_r1_Mag_26Dec23_300SA_p01_54_1_14226,Released
1253595,"60940_4_B_1_WEOM_r2_Mag_10May24_300SA_p01_19_1_18340","",2024-05-12 02:24:18.000,SciMax01,"60940",https://proto-9.pnl.gov/SciMax01/2024_2/60940_4_B_1_WEOM_r2_Mag_10May24_300SA_p01_19_1_18340,Released
1230838,"60932_4_B_1_WEOM_r1_Mag_21Feb24_300SA_p01_18_1_15533",Buzzard: MONet,2024-02-23 00:28:54.000,SciMax01,"60932",https://proto-9.pnl.gov/SciMax01/2024_1/60932_4_B_1_WEOM_r1_Mag_21Feb24_300SA_p01_18_1_15533,Released
1220739,"60933_2_B_3_WEOM_r3_Mag_18Jan24_300SA_p01_9_1_14946",Buzzard: MONet,2024-01-23 08:59:54.000,SciMax01,"60933",https://proto-9.pnl.gov/SciMax01/2024_1/60933_2_B_3_WEOM_r3_Mag_18Jan24_300SA_p01_9_1_14946,Released
1340516,"60938_1_TOP_2_MAOM_r2_Mag_03Feb25_3p3kV_300SA_p01_2_1_22797","",2025-02-04 14:25:39.000,SciMax01,"60938",https://proto-9.pnl.gov/SciMax01/2025_1/60938_1_TOP_2_MAOM_r2_Mag_03Feb25_3p3kV_300SA_p01_2_1_22797,Released
1217482,"60923_10_B_2_WEOM_r2_Mag_04Jan24_300SA_p01_48_1_14557",Buzzard: Use this data,2024-01-07 06:47:39.000,SciMax01,"60923",https://proto-9.pnl.gov/SciMax01/2024_1/60923_10_B_2_WEOM_r2_Mag_04Jan24_300SA_p01_48_1_14557,Released
1344952,"60929_1_BTM_1_MAOM_r1_Mag_19Feb25_3p3kV_300SA_p01_24_1_23467","",2025-02-22 03:28:28.000,SciMax01,"60929",https://proto-9.pnl.gov/SciMax01/2025_1/60929_1_BTM_1_MAOM_r1_Mag_19Feb25_3p3kV_300SA_p01_24_1_23467,Released
1341651,"60932_1_BTM_2_MAOM_r3_Mag_10Feb25_3p3kV_300SA_p01_5_1_23186","",2025-02-13 07:18:41.000,SciMax01,"60932",https://proto-9.pnl.gov/SciMax01/2025_1/60932_1_BTM_2_MAOM_r3_Mag_10Feb25_3p3kV_300SA_p01_5_1_23186,Released
1215828,"60920_5_T_1_WEOM_r1_Mag_21Dec23_300SA_p01_9_1_14001",Data needs to be reviewed,2023-12-21 23:02:58.000,SciMax01,"60920",https://proto-9.pnl.gov/SciMax01/2024_1/60920_5_T_1_WEOM_r1_Mag_21Dec23_300SA_p01_9_1_14001,Released
1344840,"60920_6_TOP_3_MAOM_r2_Mag_19Feb25_3p3kV_300SA_p01_33_1_23395","",2025-02-20 19:20:52.000,SciMax01,"60920",https://proto-9.pnl.gov/SciMax01/2025_1/60920_6_TOP_3_MAOM_r2_Mag_19Feb25_3p3kV_300SA_p01_33_1_23395,Released
1341705,"60881_6_BTM_2_MAOM_r1_Mag_10Feb25_3p3kV_300SA_p01_35_1_23194","",2025-02-13 10:52:17.000,SciMax01,"60881",https://proto-9.pnl.gov/SciMax01/2025_1/60881_6_BTM_2_MAOM_r1_Mag_10Feb25_3p3kV_300SA_p01_35_1_23194,Released
1344957,"60942_2_TOP_1_MAOM_r3_Mag_19Feb25_3p3kV_300SA_p01_13_1_23557","",2025-02-24 14:11:14.000,SciMax01,"60942",https://proto-9.pnl.gov/SciMax01/2025_1/60942_2_TOP_1_MAOM_r3_Mag_19Feb25_3p3kV_300SA_p01_13_1_23557,Released
1220697,"60933_3_T_2_WEOM_r3_Mag_18Jan24_300SA_p01_11_1_14949",Buzzard: MONet,2024-01-23 10:19:40.000,SciMax01,"60933",https://proto-9.pnl.gov/SciMax01/2024_1/60933_3_T_2_WEOM_r3_Mag_18Jan24_300SA_p01_11_1_14949,Released
1231048,"60846_12_T_3_WEOM_r2_Mag_16Feb24_300SA_p01_33_1_15295",Buzzard: MONet,2024-02-17 16:41:29.000,SciMax01,"60846",https://proto-9.pnl.gov/SciMax01/2024_1/60846_12_T_3_WEOM_r2_Mag_16Feb24_300SA_p01_33_1_15295,Released
1230988,"60880_3_B_1_WEOM_r1_Mag_16Feb24_300SA_p01_29_1_15388",Buzzard: MONet,2024-02-19 18:57:58.000,SciMax01,"60880",https://proto-9.pnl.gov/SciMax01/2024_1/60880_3_B_1_WEOM_r1_Mag_16Feb24_300SA_p01_29_1_15388,Released
1341871,"60881_2_TOP_3_MAOM_r1_Mag_10Feb25_3p3kV_300SA_p01_9_1_23231","",2025-02-14 03:23:09.000,SciMax01,"60881",https://proto-9.pnl.gov/SciMax01/2025_1/60881_2_TOP_3_MAOM_r1_Mag_10Feb25_3p3kV_300SA_p01_9_1_23231,Released
1215991,"60920_5_T_3_WEOM_r1_Mag_21Dec23_300SA_p01_9_1_14045",Data needs to be reviewed,2023-12-22 18:32:58.000,SciMax01,"60920",https://proto-9.pnl.gov/SciMax01/2024_1/60920_5_T_3_WEOM_r1_Mag_21Dec23_300SA_p01_9_1_14045,Released
1340260,"60946_2_BTM_1_MAOM_r2_Mag_03Feb25_3p3kV_300SA_p01_38_1_22983","",2025-02-08 01:19:42.000,SciMax01,"60946",https://proto-9.pnl.gov/SciMax01/2025_1/60946_2_BTM_1_MAOM_r2_Mag_03Feb25_3p3kV_300SA_p01_38_1_22983,Released
1314836,QC_SRFAII_23_01_20ppm_r1_Mag_01Nov24_3p3kV_p01_54_1_20076,Buzzard: Testing response after Instrument cell clean and lab move,2024-11-01 15:18:36.000,SciMax01,"60938",https://proto-9.pnl.gov/SciMax01/2024_4/QC_SRFAII_23_01_20ppm_r1_Mag_01Nov24_3p3kV_p01_54_1_20076,Released
1220681,"60933_5_B_2_WEOM_r3_Mag_18Jan24_300SA_p01_26_1_14927",Buzzard: MONet,2024-01-23 00:34:40.000,SciMax01,"60933",https://proto-9.pnl.gov/SciMax01/2024_1/60933_5_B_2_WEOM_r3_Mag_18Jan24_300SA_p01_26_1_14927,Released
1314763,QC_SRFAII_23_01_20ppm_MAOM_r2_Mag_01Nov24_300SA_4p2kV_p01_54_1_20209,Buzzard: Testing response after Instrument cell clean and lab move,2024-11-05 12:11:23.000,SciMax01,"60923",https://proto-9.pnl.gov/SciMax01/2024_4/QC_SRFAII_23_01_20ppm_MAOM_r2_Mag_01Nov24_300SA_4p2kV_p01_54_1_20209,Released
1252899,"60929_2_T_3_WEOM_r3_Mag_01May24_300SA_p01_45_1_18198","",2024-05-05 11:22:20.000,SciMax01,"60929",https://proto-9.pnl.gov/SciMax01/2024_2/60929_2_T_3_WEOM_r3_Mag_01May24_300SA_p01_45_1_18198,Released
1253621,"60940_2_B_3_WEOM_r2_Mag_10May24_300SA_p01_12_1_18323","",2024-05-11 18:52:13.000,SciMax01,"60940",https://proto-9.pnl.gov/SciMax01/2024_2/60940_2_B_3_WEOM_r2_Mag_10May24_300SA_p01_12_1_18323,Released
1231309,"60933_17_B_1_WEOM_r2_Mag_12Feb24_300SA_p01_40_1_15124",Buzzard: MONet,2024-02-14 11:46:10.000,SciMax01,"60933",https://proto-9.pnl.gov/SciMax01/2024_1/60933_17_B_1_WEOM_r2_Mag_12Feb24_300SA_p01_40_1_15124,Released
1252853,"60881_4_T_2_WEOM_r2_Mag_01May24_300SA_p01_17_1_18136","",2024-05-04 07:53:34.000,SciMax01,"60881",https://proto-9.pnl.gov/SciMax01/2024_2/60881_4_T_2_WEOM_r2_Mag_01May24_300SA_p01_17_1_18136,Released
1499201,"20260520_QC_SRFAII_25_02_MeAug25_Mag_300tr_53_1_33048","",2026-05-20 18:32:10.000,SciMax01,"61050",https://proto-9.pnl.gov/SciMax01/2026_2/20260520_QC_SRFAII_25_02_MeAug25_Mag_300tr_53_1_33048,Released
1336043,"60923_18_TOP_3_MAOM_r1_Mag_22Jan25_3p3kV_300SA_p01_34_1_22199","",2025-01-22 12:24:57.000,SciMax01,"60923",https://proto-9.pnl.gov/SciMax01/2025_1/60923_18_TOP_3_MAOM_r1_Mag_22Jan25_3p3kV_300SA_p01_34_1_22199,Released
1344983,"60929_1_BTM_1_MAOM_r2_Mag_19Feb25_3p3kV_300SA_p01_24_1_23528","",2025-02-23 06:41:11.000,SciMax01,"60929",https://proto-9.pnl.gov/SciMax01/2025_1/60929_1_BTM_1_MAOM_r2_Mag_19Feb25_3p3kV_300SA_p01_24_1_23528,Released
1252832,"60881_2_B_1_WEOM_r1_Mag_01May24_300SA_p01_7_1_18085","",2024-05-03 09:17:31.000,SciMax01,"60881",https://proto-9.pnl.gov/SciMax01/2024_2/60881_2_B_1_WEOM_r1_Mag_01May24_300SA_p01_7_1_18085,Released
1329506,"60880_4_TOP_2_MAOM_r1_Mag_27Dec24_3p3kV_300SA_p01_8_1_21353","",2024-12-31 02:51:54.000,SciMax01,"60880",https://proto-9.pnl.gov/SciMax01/2024_4/60880_4_TOP_2_MAOM_r1_Mag_27Dec24_3p3kV_300SA_p01_8_1_21353,Released
1252855,"60881_1_T_2_WEOM_r1_Mag_01May24_300SA_p01_46_1_18084","",2024-05-03 08:50:56.000,SciMax01,"60881",https://proto-9.pnl.gov/SciMax01/2024_2/60881_1_T_2_WEOM_r1_Mag_01May24_300SA_p01_46_1_18084,Released
1215983,"60920_6_T_3_WEOM_r2_Mag_21Dec23_300SA_p01_11_1_14108",Data needs to be reviewed,2023-12-24 23:35:36.000,SciMax01,"60920",https://proto-9.pnl.gov/SciMax01/2024_1/60920_6_T_3_WEOM_r2_Mag_21Dec23_300SA_p01_11_1_14108,Released
1335343,"60933_15_BTM_1_MAOM_r3_Mag_13Jan25_3p3kV_300SA_p01_32_1_21913","",2025-01-16 17:08:48.000,SciMax01,"60933",https://proto-9.pnl.gov/SciMax01/2025_1/60933_15_BTM_1_MAOM_r3_Mag_13Jan25_3p3kV_300SA_p01_32_1_21913,Released
1344963,"60942_1_TOP_3_MAOM_r3_Mag_19Feb25_3p3kV_300SA_p01_9_1_23587","",2025-02-25 03:33:38.000,SciMax01,"60942",https://proto-9.pnl.gov/SciMax01/2025_1/60942_1_TOP_3_MAOM_r3_Mag_19Feb25_3p3kV_300SA_p01_9_1_23587,Released
1215864,"60920_9_T_2_WEOM_r1_Mag_21Dec23_300SA_p01_35_1_14013",Data needs to be reviewed,2023-12-22 04:22:05.000,SciMax01,"60920",https://proto-9.pnl.gov/SciMax01/2024_1/60920_9_T_2_WEOM_r1_Mag_21Dec23_300SA_p01_35_1_14013,Released
1336944,"60923_14_TOP_1_MAOM_r2_Mag_22Jan25_3p3kV_300SA_p01_4_1_22309","",2025-01-24 13:27:48.000,SciMax01,"60923",https://proto-9.pnl.gov/SciMax01/2025_1/60923_14_TOP_1_MAOM_r2_Mag_22Jan25_3p3kV_300SA_p01_4_1_22309,Released
1338000,"60933_19_TOP_3_MAOM_r1_Mag_29Jan25_3p3kV_300SA_p01_9_1_22560","",2025-01-29 05:37:25.000,SciMax01,"60933",https://proto-9.pnl.gov/SciMax01/2025_1/60933_19_TOP_3_MAOM_r1_Mag_29Jan25_3p3kV_300SA_p01_9_1_22560,Released
1341369,"60932_6_TOP_3_MAOM_r2_Mag_10Feb25_3p3kV_300SA_p01_37_1_23140","",2025-02-12 10:48:24.000,SciMax01,"60932",https://proto-9.pnl.gov/SciMax01/2025_1/60932_6_TOP_3_MAOM_r2_Mag_10Feb25_3p3kV_300SA_p01_37_1_23140,Released
1345027,"60942_2_BTM_2_MAOM_r1_Mag_19Feb25_3p3kV_300SA_p01_17_1_23503","",2025-02-22 19:31:18.000,SciMax01,"60942",https://proto-9.pnl.gov/SciMax01/2025_1/60942_2_BTM_2_MAOM_r1_Mag_19Feb25_3p3kV_300SA_p01_17_1_23503,Released
1231227,"60933_14_B_1_WEOM_r1_Mag_12Feb24_300SA_p01_22_1_15041",Buzzard: MONet,2024-02-12 22:51:08.000,SciMax01,"60933",https://proto-9.pnl.gov/SciMax01/2024_1/60933_14_B_1_WEOM_r1_Mag_12Feb24_300SA_p01_22_1_15041,Released
1230833,"60932_6_B_3_WEOM_r2_Mag_21Feb24_300SA_p01_32_1_15898",Buzzard: MONet,2024-02-23 23:33:47.000,SciMax01,"60932",https://proto-9.pnl.gov/SciMax01/2024_1/60932_6_B_3_WEOM_r2_Mag_21Feb24_300SA_p01_32_1_15898,Released
1341676,"60932_5_BTM_1_MAOM_r3_Mag_10Feb25_3p3kV_300SA_p01_32_1_23190","",2025-02-13 09:05:19.000,SciMax01,"60932",https://proto-9.pnl.gov/SciMax01/2025_1/60932_5_BTM_1_MAOM_r3_Mag_10Feb25_3p3kV_300SA_p01_32_1_23190,Released
1235609,"60886_5_T_3_WEOM_r1_Mag_10Mar24_300SA_p01_27_1_17139",Buzzard: MONet,2024-03-11 19:23:24.000,SciMax01,"60886",https://proto-9.pnl.gov/SciMax01/2024_1/60886_5_T_3_WEOM_r1_Mag_10Mar24_300SA_p01_27_1_17139,Released
1339837,"60942_3_BTM_2_MAOM_r1_Mag_03Feb25_3p3kV_300SA_p01_5_1_22902","",2025-02-06 13:12:55.000,SciMax01,"60942",https://proto-9.pnl.gov/SciMax01/2025_1/60942_3_BTM_2_MAOM_r1_Mag_03Feb25_3p3kV_300SA_p01_5_1_22902,Released
1481288,QC_SRFAII_25_02_r0_Mag_13Mar26_54_1_32543,"",2026-03-13 16:44:58.000,SciMax01,"61050",https://proto-9.pnl.gov/SciMax01/2026_1/QC_SRFAII_25_02_r0_Mag_13Mar26_54_1_32543,Released
1337362,"60886_4_BTM_1_MAOM_r1_Mag_22Jan25_3p3kV_300SA_p01_32_1_22428","",2025-01-26 18:33:01.000,SciMax01,"60886",https://proto-9.pnl.gov/SciMax01/2025_1/60886_4_BTM_1_MAOM_r1_Mag_22Jan25_3p3kV_300SA_p01_32_1_22428,Released
1252798,"60881_6_B_2_WEOM_r1_Mag_01May24_300SA_p01_31_1_18093","",2024-05-03 12:50:14.000,SciMax01,"60881",https://proto-9.pnl.gov/SciMax01/2024_2/60881_6_B_2_WEOM_r1_Mag_01May24_300SA_p01_31_1_18093,Released
1230910,"60921_3_T_2_WEOM_r2_Mag_21Feb24_300SA_p01_45_1_15488",Buzzard: MONet,2024-02-22 04:32:20.000,SciMax01,"60921",https://proto-9.pnl.gov/SciMax01/2024_1/60921_3_T_2_WEOM_r2_Mag_21Feb24_300SA_p01_45_1_15488,Released
1235620,"60886_4_B_1_WEOM_r1_Mag_10Mar24_300SA_p01_22_1_17131",Buzzard: MONet,2024-03-11 15:50:42.000,SciMax01,"60886",https://proto-9.pnl.gov/SciMax01/2024_1/60886_4_B_1_WEOM_r1_Mag_10Mar24_300SA_p01_22_1_17131,Released
1329143,"60923_5_TOP_3_MAOM_r3_Mag_27Dec24_3p3kV_300SA_p01_27_1_21283","",2024-12-29 19:39:48.000,SciMax01,"60923",https://proto-9.pnl.gov/SciMax01/2024_4/60923_5_TOP_3_MAOM_r3_Mag_27Dec24_3p3kV_300SA_p01_27_1_21283,Released
1235742,QC_SRFAII_23_01_10ppm_WEOM_r1_Mag_07Mar24_300SA_p01_54_1_17028,Buzzard: MONet,2024-03-09 08:20:30.000,SciMax01,"60942",https://proto-9.pnl.gov/SciMax01/2024_1/QC_SRFAII_23_01_10ppm_WEOM_r1_Mag_07Mar24_300SA_p01_54_1_17028,Released
1230899,"60921_3_T_1_WEOM_r2_Mag_21Feb24_300SA_p01_44_1_15477",Buzzard: MONet,2024-02-21 23:39:51.000,SciMax01,"60921",https://proto-9.pnl.gov/SciMax01/2024_1/60921_3_T_1_WEOM_r2_Mag_21Feb24_300SA_p01_44_1_15477,Released
1272570,"60923_1_T_1_MAOM_r1_Mag_03Jul24_300SA_p01_1_1_19370",Buzzard: testing MAOM samples before the move,2024-07-04 00:43:17.000,SciMax01,"60923",https://proto-9.pnl.gov/SciMax01/2024_3/60923_1_T_1_MAOM_r1_Mag_03Jul24_300SA_p01_1_1_19370,Released
1329057,"60923_5_TOP_1_MAOM_r2_Mag_27Dec24_3p3kV_300SA_p01_25_1_21220","",2024-12-28 15:34:26.000,SciMax01,"60923",https://proto-9.pnl.gov/SciMax01/2024_4/60923_5_TOP_1_MAOM_r2_Mag_27Dec24_3p3kV_300SA_p01_25_1_21220,Released
1342086,"60881_4_TOP_1_MAOM_r3_Mag_10Feb25_3p3kV_300SA_p01_19_1_23296","",2025-02-15 08:21:51.000,SciMax01,"60881",https://proto-9.pnl.gov/SciMax01/2025_1/60881_4_TOP_1_MAOM_r3_Mag_10Feb25_3p3kV_300SA_p01_19_1_23296,Released
1217506,"60923_5_T_3_WEOM_r2_Mag_04Jan24_300SA_p01_17_1_14570",Buzzard: Use this data,2024-01-07 12:33:23.000,SciMax01,"60923",https://proto-9.pnl.gov/SciMax01/2024_1/60923_5_T_3_WEOM_r2_Mag_04Jan24_300SA_p01_17_1_14570,Released
1338756,"60933_19_BTM_3_MAOM_r3_Mag_29Jan25_3p3kV_300SA_p01_12_1_22689","",2025-01-31 15:08:22.000,SciMax01,"60933",https://proto-9.pnl.gov/SciMax01/2025_1/60933_19_BTM_3_MAOM_r3_Mag_29Jan25_3p3kV_300SA_p01_12_1_22689,Released
1346461,"60880_6_TOP_3_MAOM_r3_Mag_26Feb25_3p3kV_300SA_p01_43_1_23933","",2025-03-05 12:13:34.000,SciMax01,"60880",https://proto-9.pnl.gov/SciMax01/2025_1/60880_6_TOP_3_MAOM_r3_Mag_26Feb25_3p3kV_300SA_p01_43_1_23933,Released
1165475,MONet_Test_QC_SRFAII_20ppm_Fir_06Jul23_300SA_p1_43_1_8728,Buzzard: Just testing samples tubes,2023-07-07 06:42:24.000,"15T_FTICR_I","60141",https://proto-9.pnl.gov/15T_FTICR_I/2023_3/MONet_Test_QC_SRFAII_20ppm_Fir_06Jul23_300SA_p1_43_1_8728,Released
1231158,"60846_7_B_2_WEOM_r2_Mag_16Feb24_300SA_p01_29_1_15306",Buzzard: MONet,2024-02-17 21:34:02.000,SciMax01,"60846",https://proto-9.pnl.gov/SciMax01/2024_1/60846_7_B_2_WEOM_r2_Mag_16Feb24_300SA_p01_29_1_15306,Released
1329729,"60880_4_TOP_1_MAOM_r2_Mag_27Dec24_3p3kV_300SA_p01_7_1_21381","",2024-12-31 15:20:33.000,SciMax01,"60880",https://proto-9.pnl.gov/SciMax01/2024_4/60880_4_TOP_1_MAOM_r2_Mag_27Dec24_3p3kV_300SA_p01_7_1_21381,Released
1216170,"60923_7_B_1_WEOM_r2_Mag_26Dec23_300SA_p01_14_1_14307",Buzzard: Data is fine but queue stopped over holiday week so need to shim cell and will run the queue again,2023-12-29 07:02:19.000,SciMax01,"60923",https://proto-9.pnl.gov/SciMax01/2024_1/60923_7_B_1_WEOM_r2_Mag_26Dec23_300SA_p01_14_1_14307,Released
1220970,"60938_1_B_2_WEOM_r3_Mag_18Jan24_300SA_p01_5_1_14991",Buzzard: MONet,2024-01-24 04:56:31.000,SciMax01,"60938",https://proto-9.pnl.gov/SciMax01/2024_1/60938_1_B_2_WEOM_r3_Mag_18Jan24_300SA_p01_5_1_14991,Released
1341294,"60932_5_TOP_2_MAOM_r2_Mag_10Feb25_3p3kV_300SA_p01_30_1_23110","",2025-02-11 21:24:52.000,SciMax01,"60932",https://proto-9.pnl.gov/SciMax01/2025_1/60932_5_TOP_2_MAOM_r2_Mag_10Feb25_3p3kV_300SA_p01_30_1_23110,Released
1220614,"60938_2_T_3_WEOM_r2_Mag_18Jan24_300SA_p01_9_1_14869",Buzzard: MONet,2024-01-21 22:52:24.000,SciMax01,"60938",https://proto-9.pnl.gov/SciMax01/2024_1/60938_2_T_3_WEOM_r2_Mag_18Jan24_300SA_p01_9_1_14869,Released
1328998,"60940_1_TOP_1_MAOM_r2_Mag_23Dec24_3p3kV_300SA_p01_1_1_21056","",2024-12-24 02:51:37.000,SciMax01,"60940",https://proto-9.pnl.gov/SciMax01/2024_4/60940_1_TOP_1_MAOM_r2_Mag_23Dec24_3p3kV_300SA_p01_1_1_21056,Released
1217442,"60923_1_B_2_WEOM_r3_Mag_04Jan24_300SA_p01_30_1_14641",Buzzard: Use this data,2024-01-08 20:01:24.000,SciMax01,"60923",https://proto-9.pnl.gov/SciMax01/2024_1/60923_1_B_2_WEOM_r3_Mag_04Jan24_300SA_p01_30_1_14641,Released
1338617,"60933_18_TOP_2_MAOM_r3_Mag_29Jan25_3p3kV_300SA_p01_2_1_22666","",2025-01-31 04:53:09.000,SciMax01,"60933",https://proto-9.pnl.gov/SciMax01/2025_1/60933_18_TOP_2_MAOM_r3_Mag_29Jan25_3p3kV_300SA_p01_2_1_22666,Released
1341927,"60881_1_BTM_1_MAOM_r2_Mag_10Feb25_3p3kV_300SA_p01_4_1_23248","",2025-02-14 10:57:59.000,SciMax01,"60881",https://proto-9.pnl.gov/SciMax01/2025_1/60881_1_BTM_1_MAOM_r2_Mag_10Feb25_3p3kV_300SA_p01_4_1_23248,Released
1341526,"60932_6_BTM_2_MAOM_r3_Mag_10Feb25_3p3kV_300SA_p01_39_1_23164","",2025-02-12 21:30:56.000,SciMax01,"60932",https://proto-9.pnl.gov/SciMax01/2025_1/60932_6_BTM_2_MAOM_r3_Mag_10Feb25_3p3kV_300SA_p01_39_1_23164,Released
1340504,"60938_1_BTM_1_MAOM_r3_Mag_03Feb25_3p3kV_300SA_p01_4_1_22866","",2025-02-05 21:10:15.000,SciMax01,"60938",https://proto-9.pnl.gov/SciMax01/2025_1/60938_1_BTM_1_MAOM_r3_Mag_03Feb25_3p3kV_300SA_p01_4_1_22866,Released
1336055,"60933_1_TOP_1_MAOM_r3_Mag_20Jan25_3p3kV_300SA_p01_1_1_22147","",2025-01-21 06:24:03.000,SciMax01,"60933",https://proto-9.pnl.gov/SciMax01/2025_1/60933_1_TOP_1_MAOM_r3_Mag_20Jan25_3p3kV_300SA_p01_1_1_22147,Released
1345422,"60880_6_TOP_2_MAOM_r1_Mag_26Feb25_3p3kV_300SA_p01_42_1_23808","",2025-03-02 07:24:06.000,SciMax01,"60880",https://proto-9.pnl.gov/SciMax01/2025_1/60880_6_TOP_2_MAOM_r1_Mag_26Feb25_3p3kV_300SA_p01_42_1_23808,Released
1336890,"60923_14_BTM_2_MAOM_r2_Mag_22Jan25_3p3kV_300SA_p01_8_1_22298","",2025-01-24 08:33:44.000,SciMax01,"60923",https://proto-9.pnl.gov/SciMax01/2025_1/60923_14_BTM_2_MAOM_r2_Mag_22Jan25_3p3kV_300SA_p01_8_1_22298,Released
1230962,"60880_2_T_3_WEOM_r1_Mag_16Feb24_300SA_p01_22_1_15375",Buzzard: MONet,2024-02-19 13:12:16.000,SciMax01,"60880",https://proto-9.pnl.gov/SciMax01/2024_1/60880_2_T_3_WEOM_r1_Mag_16Feb24_300SA_p01_22_1_15375,Released
1342026,"60881_3_TOP_1_MAOM_r3_Mag_10Feb25_3p3kV_300SA_p01_13_1_23279","",2025-02-15 00:47:02.000,SciMax01,"60881",https://proto-9.pnl.gov/SciMax01/2025_1/60881_3_TOP_1_MAOM_r3_Mag_10Feb25_3p3kV_300SA_p01_13_1_23279,Released
1340606,"60946_1_TOP_1_MAOM_r1_Mag_03Feb25_3p3kV_300SA_p01_29_1_22897","",2025-02-06 10:59:17.000,SciMax01,"60946",https://proto-9.pnl.gov/SciMax01/2025_1/60946_1_TOP_1_MAOM_r1_Mag_03Feb25_3p3kV_300SA_p01_29_1_22897,Released
1329015,"60940_2_BTM_2_MAOM_r2_Mag_23Dec24_3p3kV_300SA_p01_11_1_21069","",2024-12-24 08:39:24.000,SciMax01,"60940",https://proto-9.pnl.gov/SciMax01/2024_4/60940_2_BTM_2_MAOM_r2_Mag_23Dec24_3p3kV_300SA_p01_11_1_21069,Released
1252784,"60881_5_B_1_WEOM_r1_Mag_01May24_300SA_p01_25_1_18070","",2024-05-03 02:38:41.000,SciMax01,"60881",https://proto-9.pnl.gov/SciMax01/2024_2/60881_5_B_1_WEOM_r1_Mag_01May24_300SA_p01_25_1_18070,Released
1220548,"60933_9_T_1_WEOM_r1_Mag_18Jan24_300SA_p01_43_1_14726",Buzzard: MONet,2024-01-19 07:29:41.000,SciMax01,"60933",https://proto-9.pnl.gov/SciMax01/2024_1/60933_9_T_1_WEOM_r1_Mag_18Jan24_300SA_p01_43_1_14726,Released
1216202,"60923_14_T_3_WEOM_r1_Mag_26Dec23_300SA_p01_35_1_14279",Buzzard: Data is fine but queue stopped over holiday week so need to shim cell and will run the queue again,2023-12-28 18:37:45.000,SciMax01,"60923",https://proto-9.pnl.gov/SciMax01/2024_1/60923_14_T_3_WEOM_r1_Mag_26Dec23_300SA_p01_35_1_14279,Released
1230619,"60946_2_B_3_WEOM_r3_Mag_23Feb24_300SA_p01_38_1_16056",Buzzard: Monet,2024-02-27 03:07:41.000,SciMax01,"60946",https://proto-9.pnl.gov/SciMax01/2024_1/60946_2_B_3_WEOM_r3_Mag_23Feb24_300SA_p01_38_1_16056,Released
1330588,"60846_7_BTM_3_MAOM_r2_Mag_02Jan25_3p3kV_300SA_p01_18_1_21498","",2025-01-03 19:50:03.000,SciMax01,"60846",https://proto-9.pnl.gov/SciMax01/2025_1/60846_7_BTM_3_MAOM_r2_Mag_02Jan25_3p3kV_300SA_p01_18_1_21498,Released
1337484,"60886_6_BTM_3_MAOM_r2_Mag_22Jan25_3p3kV_300SA_p01_45_1_22462","",2025-01-27 09:42:18.000,SciMax01,"60886",https://proto-9.pnl.gov/SciMax01/2025_1/60886_6_BTM_3_MAOM_r2_Mag_22Jan25_3p3kV_300SA_p01_45_1_22462,Released
1231316,QC_SRFAII_23_01_10ppm_r0_Mag_12Feb24_300SA_p01_54_1_15025,Buzzard: MONet,2024-02-12 15:45:41.000,SciMax01,"60933",https://proto-9.pnl.gov/SciMax01/2024_1/QC_SRFAII_23_01_10ppm_r0_Mag_12Feb24_300SA_p01_54_1_15025,Released
1336781,"60923_18_TOP_2_MAOM_r2_Mag_22Jan25_3p3kV_300SA_p01_33_1_22281","",2025-01-24 00:59:05.000,SciMax01,"60923",https://proto-9.pnl.gov/SciMax01/2025_1/60923_18_TOP_2_MAOM_r2_Mag_22Jan25_3p3kV_300SA_p01_33_1_22281,Released
1231136,"60933_19_B_3_WEOM_r3_Mag_12Feb24_300SA_p01_3_1_15211",Buzzard: MONet,2024-02-16 02:19:31.000,SciMax01,"60933",https://proto-9.pnl.gov/SciMax01/2024_1/60933_19_B_3_WEOM_r3_Mag_12Feb24_300SA_p01_3_1_15211,Released
1221026,"60933_3_T_1_WEOM_r3_Mag_18Jan24_300SA_p01_10_1_14962",Buzzard: MONet,2024-01-23 16:05:22.000,SciMax01,"60933",https://proto-9.pnl.gov/SciMax01/2024_1/60933_3_T_1_WEOM_r3_Mag_18Jan24_300SA_p01_10_1_14962,Released
1231125,"60933_20_T_2_WEOM_r3_Mag_12Feb24_300SA_p01_5_1_15192",Buzzard: MONet,2024-02-15 17:54:16.000,SciMax01,"60933",https://proto-9.pnl.gov/SciMax01/2024_1/60933_20_T_2_WEOM_r3_Mag_12Feb24_300SA_p01_5_1_15192,Released
1220973,"60938_5_B_2_WEOM_r3_Mag_18Jan24_300SA_p01_29_1_14966",Buzzard: MONet,2024-01-23 17:51:43.000,SciMax01,"60938",https://proto-9.pnl.gov/SciMax01/2024_1/60938_5_B_2_WEOM_r3_Mag_18Jan24_300SA_p01_29_1_14966,Released
1220686,"60938_4_T_1_WEOM_r1_Mag_18Jan24_300SA_p01_19_1_14771",Buzzard: MONet,2024-01-20 03:26:19.000,SciMax01,"60938",https://proto-9.pnl.gov/SciMax01/2024_1/60938_4_T_1_WEOM_r1_Mag_18Jan24_300SA_p01_19_1_14771,Released
1335303,"60933_15_TOP_3_MAOM_r1_Mag_13Jan25_3p3kV_300SA_p01_31_1_21827","",2025-01-15 02:46:36.000,SciMax01,"60933",https://proto-9.pnl.gov/SciMax01/2025_1/60933_15_TOP_3_MAOM_r1_Mag_13Jan25_3p3kV_300SA_p01_31_1_21827,Released
1231244,"60933_12_T_1_WEOM_r2_Mag_12Feb24_300SA_p01_7_1_15169",Buzzard: MONet,2024-02-15 07:42:42.000,SciMax01,"60933",https://proto-9.pnl.gov/SciMax01/2024_1/60933_12_T_1_WEOM_r2_Mag_12Feb24_300SA_p01_7_1_15169,Released
1220559,"60933_7_B_1_WEOM_r3_Mag_18Jan24_300SA_p01_37_1_14933",Buzzard: MONet,2024-01-23 03:14:12.000,SciMax01,"60933",https://proto-9.pnl.gov/SciMax01/2024_1/60933_7_B_1_WEOM_r3_Mag_18Jan24_300SA_p01_37_1_14933,Released
1342001,"60881_1_BTM_3_MAOM_r2_Mag_10Feb25_3p3kV_300SA_p01_6_1_23271","",2025-02-14 21:13:03.000,SciMax01,"60881",https://proto-9.pnl.gov/SciMax01/2025_1/60881_1_BTM_3_MAOM_r2_Mag_10Feb25_3p3kV_300SA_p01_6_1_23271,Released
1344927,"60920_1_BTM_1_MAOM_r3_Mag_19Feb25_3p3kV_300SA_p01_4_1_23437","",2025-02-21 14:05:02.000,SciMax01,"60920",https://proto-9.pnl.gov/SciMax01/2025_1/60920_1_BTM_1_MAOM_r3_Mag_19Feb25_3p3kV_300SA_p01_4_1_23437,Released
1220734,"60938_1_T_2_WEOM_r1_Mag_18Jan24_300SA_p01_2_1_14796",Buzzard: MONet,2024-01-20 14:31:07.000,SciMax01,"60938",https://proto-9.pnl.gov/SciMax01/2024_1/60938_1_T_2_WEOM_r1_Mag_18Jan24_300SA_p01_2_1_14796,Released
1337205,"60923_17_BTM_1_MAOM_r3_Mag_22Jan25_3p3kV_300SA_p01_29_1_22366","",2025-01-25 14:54:18.000,SciMax01,"60923",https://proto-9.pnl.gov/SciMax01/2025_1/60923_17_BTM_1_MAOM_r3_Mag_22Jan25_3p3kV_300SA_p01_29_1_22366,Released
1220674,"60933_5_T_1_WEOM_r2_Mag_18Jan24_300SA_p01_22_1_14839",Buzzard: MONet,2024-01-21 09:34:38.000,SciMax01,"60933",https://proto-9.pnl.gov/SciMax01/2024_1/60933_5_T_1_WEOM_r2_Mag_18Jan24_300SA_p01_22_1_14839,Released
1336132,"60933_17_BTM_2_MAOM_r1_Mag_13Jan25_3p3kV_300SA_p01_44_1_21800","",2025-01-14 14:42:41.000,SciMax01,"60933",https://proto-9.pnl.gov/SciMax01/2025_1/60933_17_BTM_2_MAOM_r1_Mag_13Jan25_3p3kV_300SA_p01_44_1_21800,Released
1329966,"60846_7_BTM_2_MAOM_r1_Mag_02Jan25_3p3kV_300SA_p01_17_1_21430","",2025-01-02 13:29:24.000,SciMax01,"60846",https://proto-9.pnl.gov/SciMax01/2025_1/60846_7_BTM_2_MAOM_r1_Mag_02Jan25_3p3kV_300SA_p01_17_1_21430,Released
1215835,"60920_9_B_1_WEOM_r2_Mag_21Dec23_300SA_p01_17_1_14077",Data needs to be reviewed,2023-12-23 08:43:55.000,SciMax01,"60920",https://proto-9.pnl.gov/SciMax01/2024_1/60920_9_B_1_WEOM_r2_Mag_21Dec23_300SA_p01_17_1_14077,Released
1230886,"60921_3_B_3_WEOM_r2_Mag_21Feb24_300SA_p01_49_1_15491",Buzzard: MONet,2024-02-22 05:52:06.000,SciMax01,"60921",https://proto-9.pnl.gov/SciMax01/2024_1/60921_3_B_3_WEOM_r2_Mag_21Feb24_300SA_p01_49_1_15491,Released
1350671,"60933_18_TOP_1_MAOM_r2_Mag_29Jan25_3p3kV_300SA_p01_1_1_22650","",2025-01-30 21:44:50.000,SciMax01,"60933",https://proto-9.pnl.gov/SciMax01/2025_1/60933_18_TOP_1_MAOM_r2_Mag_29Jan25_3p3kV_300SA_p01_1_1_22650,Released
1331023,"60933_10_TOP_3_MAOM_r2_Mag_05Jan25_3p3kV_300SA_p01_52_1_21679","",2025-01-07 04:30:53.000,SciMax01,"60933",https://proto-9.pnl.gov/SciMax01/2025_1/60933_10_TOP_3_MAOM_r2_Mag_05Jan25_3p3kV_300SA_p01_52_1_21679,Released
1236287,"60886_1_T_2_WEOM_r3_Mag_10Mar24_300SA_p01_2_1_17276",Buzzard: MONet,2024-03-14 08:06:11.000,SciMax01,"60886",https://proto-9.pnl.gov/SciMax01/2024_1/60886_1_T_2_WEOM_r3_Mag_10Mar24_300SA_p01_2_1_17276,Released
1032757,"1000S_SRFA_20ppm_run1_Fir_27Apr22_300SA_p01_1_1_3600","",2022-04-27 09:38:11.000,SciMax01,"60141",https://proto-9.pnl.gov/SciMax01/2022_2/1000S_SRFA_20ppm_run1_Fir_27Apr22_300SA_p01_1_1_3600,Released
1330842,"60933_5_TOP_2_MAOM_r1_Mag_05Jan25_3p3kV_300SA_p01_23_1_21615","",2025-01-05 23:58:38.000,SciMax01,"60933",https://proto-9.pnl.gov/SciMax01/2025_1/60933_5_TOP_2_MAOM_r1_Mag_05Jan25_3p3kV_300SA_p01_23_1_21615,Released
1221046,QC_SRFAII_23_01_20ppm_r1_Mag_18Jan24_300SA_p01_54_1_14775,Buzzard: MONet,2024-01-20 05:12:41.000,SciMax01,"60938",https://proto-9.pnl.gov/SciMax01/2024_1/QC_SRFAII_23_01_20ppm_r1_Mag_18Jan24_300SA_p01_54_1_14775,Released
1235579,"60942_4_T_3_WEOM_r1_Mag_07Mar24_300SA_p01_20_1_16995",Buzzard: MONet,2024-03-08 09:49:12.000,SciMax01,"60942",https://proto-9.pnl.gov/SciMax01/2024_1/60942_4_T_3_WEOM_r1_Mag_07Mar24_300SA_p01_20_1_16995,Released
1335358,"60933_15_TOP_1_MAOM_r2_Mag_13Jan25_3p3kV_300SA_p01_29_1_21888","",2025-01-16 06:00:44.000,SciMax01,"60933",https://proto-9.pnl.gov/SciMax01/2025_1/60933_15_TOP_1_MAOM_r2_Mag_13Jan25_3p3kV_300SA_p01_29_1_21888,Released
1236257,"60942_2_B_3_WEOM_r1_Mag_07Mar24_300SA_p01_12_1_17005",Buzzard: MONet,2024-03-08 14:15:07.000,SciMax01,"60942",https://proto-9.pnl.gov/SciMax01/2024_1/60942_2_B_3_WEOM_r1_Mag_07Mar24_300SA_p01_12_1_17005,Released
1340557,"60938_3_TOP_3_MAOM_r1_Mag_03Feb25_3p3kV_300SA_p01_15_1_22791","",2025-02-04 11:44:55.000,SciMax01,"60938",https://proto-9.pnl.gov/SciMax01/2025_1/60938_3_TOP_3_MAOM_r1_Mag_03Feb25_3p3kV_300SA_p01_15_1_22791,Released
1216061,"60923_14_B_3_WEOM_r1_Mag_26Dec23_300SA_p01_36_1_14291",Buzzard: Data is fine but queue stopped over holiday week so need to shim cell and will run the queue again,2023-12-28 23:56:51.000,SciMax01,"60923",https://proto-9.pnl.gov/SciMax01/2024_1/60923_14_B_3_WEOM_r1_Mag_26Dec23_300SA_p01_36_1_14291,Released
1335330,"60923_9_TOP_1_MAOM_r3_Mag_13Jan25_3p3kV_300SA_p01_19_1_22082","",2025-01-19 20:30:07.000,SciMax01,"60923",https://proto-9.pnl.gov/SciMax01/2025_1/60923_9_TOP_1_MAOM_r3_Mag_13Jan25_3p3kV_300SA_p01_19_1_22082,Released
1328845,"60940_2_BTM_2_MAOM_r1_Mag_19Dec24_3p3kV_300SA_p01_11_1_20985","",2024-12-20 04:43:56.000,SciMax01,"60940",https://proto-9.pnl.gov/SciMax01/2024_4/60940_2_BTM_2_MAOM_r1_Mag_19Dec24_3p3kV_300SA_p01_11_1_20985,Released
1272522,QC_SRFAII_23_01_10ppm_MAOM_r0_Mag_03Jul24_300SA_p01_54_1_19350,Buzzard: testing MAOM samples before the move,2024-07-03 15:51:28.000,SciMax01,"60923",https://proto-9.pnl.gov/SciMax01/2024_3/QC_SRFAII_23_01_10ppm_MAOM_r0_Mag_03Jul24_300SA_p01_54_1_19350,Released
1234653,"60923_20_T_2_WEOM_r3_Mag_04Mar24_300SA_p01_32_1_16930",Buzzard: MONet,2024-03-07 04:27:39.000,SciMax01,"60923",https://proto-9.pnl.gov/SciMax01/2024_1/60923_20_T_2_WEOM_r3_Mag_04Mar24_300SA_p01_32_1_16930,Released
1216000,"60920_6_B_2_WEOM_r2_Mag_21Dec23_300SA_p01_31_1_14085",Data needs to be reviewed,2023-12-23 12:16:38.000,SciMax01,"60920",https://proto-9.pnl.gov/SciMax01/2024_1/60920_6_B_2_WEOM_r2_Mag_21Dec23_300SA_p01_31_1_14085,Released
1329159,"60923_3_BTM_3_MAOM_r1_Mag_27Dec24_3p3kV_300SA_p01_18_1_21166","",2024-12-27 15:31:05.000,SciMax01,"60923",https://proto-9.pnl.gov/SciMax01/2024_4/60923_3_BTM_3_MAOM_r1_Mag_27Dec24_3p3kV_300SA_p01_18_1_21166,Released
1329098,"60923_1_BTM_3_MAOM_r1_Mag_27Dec24_3p3kV_300SA_p01_6_1_21212","",2024-12-28 12:00:16.000,SciMax01,"60923",https://proto-9.pnl.gov/SciMax01/2024_4/60923_1_BTM_3_MAOM_r1_Mag_27Dec24_3p3kV_300SA_p01_6_1_21212,Released
1220726,"60938_5_B_3_WEOM_r2_Mag_18Jan24_300SA_p01_30_1_14891",Buzzard: MONet,2024-01-22 08:37:24.000,SciMax01,"60938",https://proto-9.pnl.gov/SciMax01/2024_1/60938_5_B_3_WEOM_r2_Mag_18Jan24_300SA_p01_30_1_14891,Released
1230929,"60880_1_B_2_WEOM_r1_Mag_16Feb24_300SA_p01_19_1_15380",Buzzard: MONet,2024-02-19 15:25:14.000,SciMax01,"60880",https://proto-9.pnl.gov/SciMax01/2024_1/60880_1_B_2_WEOM_r1_Mag_16Feb24_300SA_p01_19_1_15380,Released
1231206,"60846_5_T_3_WEOM_r1_Mag_16Feb24_300SA_p01_21_1_15274",Buzzard: MONet,2024-02-17 07:23:06.000,SciMax01,"60846",https://proto-9.pnl.gov/SciMax01/2024_1/60846_5_T_3_WEOM_r1_Mag_16Feb24_300SA_p01_21_1_15274,Released
1328825,"60920_9_TOP_1_MAOM_r1_Mag_19Dec24_3p3kV_300SA_p01_39_1_21008","",2024-12-20 14:59:00.000,SciMax01,"60920",https://proto-9.pnl.gov/SciMax01/2024_4/60920_9_TOP_1_MAOM_r1_Mag_19Dec24_3p3kV_300SA_p01_39_1_21008,Released
1341588,"60932_5_BTM_2_MAOM_r3_Mag_10Feb25_3p3kV_300SA_p01_33_1_23176","",2025-02-13 02:51:37.000,SciMax01,"60932",https://proto-9.pnl.gov/SciMax01/2025_1/60932_5_BTM_2_MAOM_r3_Mag_10Feb25_3p3kV_300SA_p01_33_1_23176,Released
1337255,"60923_21_BTM_3_MAOM_r1_Mag_22Jan25_3p3kV_300SA_p01_6_1_22385","",2025-01-25 23:22:50.000,SciMax01,"60923",https://proto-9.pnl.gov/SciMax01/2025_1/60923_21_BTM_3_MAOM_r1_Mag_22Jan25_3p3kV_300SA_p01_6_1_22385,Released
1253708,"60940_4_T_3_WEOM_r1_Mag_10May24_300SA_p01_18_1_18280","",2024-05-10 23:48:46.000,SciMax01,"60940",https://proto-9.pnl.gov/SciMax01/2024_2/60940_4_T_3_WEOM_r1_Mag_10May24_300SA_p01_18_1_18280,Released
1230714,"60932_6_B_2_WEOM_r3_Mag_24Feb24_300SA_p01_31_1_15995",Buzzard: MONet,2024-02-26 00:05:37.000,SciMax01,"60932",https://proto-9.pnl.gov/SciMax01/2024_1/60932_6_B_2_WEOM_r3_Mag_24Feb24_300SA_p01_31_1_15995,Released
1340507,"60938_1_BTM_2_MAOM_r2_Mag_03Feb25_3p3kV_300SA_p01_5_1_22829","",2025-02-05 04:40:50.000,SciMax01,"60938",https://proto-9.pnl.gov/SciMax01/2025_1/60938_1_BTM_2_MAOM_r2_Mag_03Feb25_3p3kV_300SA_p01_5_1_22829,Released
1216165,"60923_7_B_1_WEOM_r1_Mag_26Dec23_300SA_p01_14_1_14220",Buzzard: Data is fine but queue stopped over holiday week so need to shim cell and will run the queue again,2023-12-27 16:28:54.000,SciMax01,"60923",https://proto-9.pnl.gov/SciMax01/2024_1/60923_7_B_1_WEOM_r1_Mag_26Dec23_300SA_p01_14_1_14220,Released
1314872,QC_SRFAII_23_01_20ppm_MAOM_r0_Mag_01Nov24_300SA_3p3kV_p01_54_1_20156,Buzzard: Testing response after Instrument cell clean and lab move,2024-11-04 12:37:53.000,SciMax01,"60923",https://proto-9.pnl.gov/SciMax01/2024_4/QC_SRFAII_23_01_20ppm_MAOM_r0_Mag_01Nov24_300SA_3p3kV_p01_54_1_20156,Released
1345031,"60942_3_TOP_2_MAOM_r1_Mag_19Feb25_3p3kV_300SA_p01_20_1_23474","",2025-02-22 06:35:21.000,SciMax01,"60942",https://proto-9.pnl.gov/SciMax01/2025_1/60942_3_TOP_2_MAOM_r1_Mag_19Feb25_3p3kV_300SA_p01_20_1_23474,Released
1341506,"60932_6_TOP_1_MAOM_r3_Mag_10Feb25_3p3kV_300SA_p01_35_1_23160","",2025-02-12 19:43:54.000,SciMax01,"60932",https://proto-9.pnl.gov/SciMax01/2025_1/60932_6_TOP_1_MAOM_r3_Mag_10Feb25_3p3kV_300SA_p01_35_1_23160,Released
1230940,"60880_1_T_2_WEOM_r3_Mag_16Feb24_300SA_p01_16_1_15443",Buzzard: MONet,2024-02-20 19:20:22.000,SciMax01,"60880",https://proto-9.pnl.gov/SciMax01/2024_1/60880_1_T_2_WEOM_r3_Mag_16Feb24_300SA_p01_16_1_15443,Released
1344845,"60942_2_TOP_3_MAOM_r3_Mag_19Feb25_3p3kV_300SA_p01_15_1_23580","",2025-02-25 00:26:35.000,SciMax01,"60942",https://proto-9.pnl.gov/SciMax01/2025_1/60942_2_TOP_3_MAOM_r3_Mag_19Feb25_3p3kV_300SA_p01_15_1_23580,Released
1235676,"60942_1_B_2_WEOM_r3_Mag_07Mar24_300SA_p01_5_1_17069",Buzzard: MONet,2024-03-10 11:29:59.000,SciMax01,"60942",https://proto-9.pnl.gov/SciMax01/2024_1/60942_1_B_2_WEOM_r3_Mag_07Mar24_300SA_p01_5_1_17069,Released
