ftp_location,raw_data_file_short
ftp://massive-ftp.ucsd.edu/v06/MSV000093272//raw/20181217_KBL_TM_C18_Lakes_Geodes-Mendota_REDO/rawdata/20181217_KBL_TM_Lakes_GEODES_All3_QE-HF_C18_USDAY46918_NEG_MSMS_59_GEO-SP-4-F_1_Rg80to1200-CE102040-0-4-S1_Run214.mzML,20181217_KBL_TM_Lakes_GEODES_All3_QE-HF_C18_USDAY46918_NEG_MSMS_59_GEO-SP-4-F_1_Rg80to1200-CE102040-0-4-S1_Run214.mzML
ftp://massive-ftp.ucsd.edu/v06/MSV000093272//raw/20180918_KBL_TM_HILICZ_Lakes_Geodes-Mendota/rawdata/20180918_KBL_TM_Lakes_GEODES_All3_QE-HF_HILICZ-VF1_USHXG01161_POS_MSMS_72_GEO-TB-8-F_1_Rg70to1050-CE102040-0-1-S1_Run257.mzML,20180918_KBL_TM_Lakes_GEODES_All3_QE-HF_HILICZ-VF1_USHXG01161_POS_MSMS_72_GEO-TB-8-F_1_Rg70to1050-CE102040-0-1-S1_Run257.mzML
ftp://massive-ftp.ucsd.edu/v06/MSV000093272//raw/20181217_KBL_TM_C18_Lakes_Geodes-Mendota_REDO/rawdata/20181217_KBL_TM_Lakes_GEODES_All3_QE-HF_C18_USDAY46918_NEG_MSMS_60_GEO-SP-8-F_1_Rg80to1200-CE102040-0-4-S1_Run217.mzML,20181217_KBL_TM_Lakes_GEODES_All3_QE-HF_C18_USDAY46918_NEG_MSMS_60_GEO-SP-8-F_1_Rg80to1200-CE102040-0-4-S1_Run217.mzML
ftp://massive-ftp.ucsd.edu/v06/MSV000093272//raw/20180918_KBL_TM_HILICZ_Lakes_Geodes-Mendota/rawdata/20180918_KBL_TM_Lakes_GEODES_All3_QE-HF_HILICZ-VF1_USHXG01161_NEG_MSMS_46_GEO-ME-44-F_1_Rg70to1050-CE102040-0-7-S1_Run172.mzML,20180918_KBL_TM_Lakes_GEODES_All3_QE-HF_HILICZ-VF1_USHXG01161_NEG_MSMS_46_GEO-ME-44-F_1_Rg70to1050-CE102040-0-7-S1_Run172.mzML
ftp://massive-ftp.ucsd.edu/v06/MSV000093272//raw/20180918_KBL_TM_HILICZ_Lakes_Geodes-Mendota/rawdata/20180918_KBL_TM_Lakes_GEODES_All3_QE-HF_HILICZ-VF1_USHXG01161_NEG_MSMS_49_GEO-SP-0-F_1_Rg70to1050-CE102040-0-4-S1_Run181.mzML,20180918_KBL_TM_Lakes_GEODES_All3_QE-HF_HILICZ-VF1_USHXG01161_NEG_MSMS_49_GEO-SP-0-F_1_Rg70to1050-CE102040-0-4-S1_Run181.mzML
ftp://massive-ftp.ucsd.edu/v06/MSV000093272//raw/20180918_KBL_TM_HILICZ_Lakes_Geodes-Mendota/rawdata/20180918_KBL_TM_Lakes_Mendota_DepthDate_QE-139_HILICZ-VF1_USHXG01161_POS_MSMS_13_ME-20170908-metabo-13_1_Rg70to1050-CE102040-13p4-S1_Run54.mzML,20180918_KBL_TM_Lakes_Mendota_DepthDate_QE-139_HILICZ-VF1_USHXG01161_POS_MSMS_13_ME-20170908-metabo-13_1_Rg70to1050-CE102040-13p4-S1_Run54.mzML
ftp://massive-ftp.ucsd.edu/v06/MSV000093272//raw/20181217_KBL_TM_C18_Lakes_Geodes-Mendota_REDO/rawdata/20181217_KBL_TM_Lakes_GEODES_All3_QE-HF_C18_USDAY46918_POS_MSMS_47_GEO-ME-4-F_1_Rg80to1200-CE102040-0-7-S1_Run174.mzML,20181217_KBL_TM_Lakes_GEODES_All3_QE-HF_C18_USDAY46918_POS_MSMS_47_GEO-ME-4-F_1_Rg80to1200-CE102040-0-7-S1_Run174.mzML
ftp://massive-ftp.ucsd.edu/v06/MSV000093272//raw/20181217_KBL_TM_C18_Lakes_Geodes-Mendota_REDO/rawdata/20181217_KBL_TM_Lakes_GEODES_All3_QE-HF_C18_USDAY46918_NEG_MSMS_25_GEO-TB-0-UF_1_Rg80to1200-CE102040-0-1-S1_Run96.mzML,20181217_KBL_TM_Lakes_GEODES_All3_QE-HF_C18_USDAY46918_NEG_MSMS_25_GEO-TB-0-UF_1_Rg80to1200-CE102040-0-1-S1_Run96.mzML
ftp://massive-ftp.ucsd.edu/v06/MSV000093272//raw/20181217_KBL_TM_C18_Lakes_Geodes-Mendota_REDO/rawdata/20181217_KBL_TM_Lakes_Mendota_DepthDate_QE-HF_C18_USDAY46918_POS_MSMS_33_ExCtrl-JGI_1_Rg80to1200-CE102040-ExCtrl-S1_Run12.mzML,20181217_KBL_TM_Lakes_Mendota_DepthDate_QE-HF_C18_USDAY46918_POS_MSMS_33_ExCtrl-JGI_1_Rg80to1200-CE102040-ExCtrl-S1_Run12.mzML
ftp://massive-ftp.ucsd.edu/v06/MSV000093272//raw/20181217_KBL_TM_C18_Lakes_Geodes-Mendota_REDO/rawdata/20181217_KBL_TM_Lakes_Mendota_DepthDate_QE-HF_C18_USDAY46918_POS_MSMS_18_ME-20171004-metabo-18_1_Rg80to1200-CE102040-13p5-S1_Run74.mzML,20181217_KBL_TM_Lakes_Mendota_DepthDate_QE-HF_C18_USDAY46918_POS_MSMS_18_ME-20171004-metabo-18_1_Rg80to1200-CE102040-13p5-S1_Run74.mzML
ftp://massive-ftp.ucsd.edu/v06/MSV000093272//raw/20180918_KBL_TM_HILICZ_Lakes_Geodes-Mendota/rawdata/20180918_KBL_TM_Lakes_GEODES_All3_QE-HF_HILICZ-VF1_USHXG01161_POS_MSMS_31_GEO-TB-32-UF_1_Rg70to1050-CE102040-0-1-S1_Run121.mzML,20180918_KBL_TM_Lakes_GEODES_All3_QE-HF_HILICZ-VF1_USHXG01161_POS_MSMS_31_GEO-TB-32-UF_1_Rg70to1050-CE102040-0-1-S1_Run121.mzML
ftp://massive-ftp.ucsd.edu/v06/MSV000093272//raw/20180918_KBL_TM_HILICZ_Lakes_Geodes-Mendota/rawdata/20180918_KBL_TM_Lakes_GEODES_All3_QE-HF_HILICZ-VF1_USHXG01161_NEG_MSMS_45_GEO-ME-40-F_1_Rg70to1050-CE102040-0-7-S1_Run164.mzML,20180918_KBL_TM_Lakes_GEODES_All3_QE-HF_HILICZ-VF1_USHXG01161_NEG_MSMS_45_GEO-ME-40-F_1_Rg70to1050-CE102040-0-7-S1_Run164.mzML
ftp://massive-ftp.ucsd.edu/v06/MSV000093272//raw/20181217_KBL_TM_C18_Lakes_Geodes-Mendota_REDO/rawdata/20181217_KBL_TM_Lakes_Mendota_DepthDate_QE-HF_C18_USDAY46918_POS_MSMS_28_ME-20171019-metabo-28_1_Rg80to1200-CE102040-18p2-S1_Run107.mzML,20181217_KBL_TM_Lakes_Mendota_DepthDate_QE-HF_C18_USDAY46918_POS_MSMS_28_ME-20171019-metabo-28_1_Rg80to1200-CE102040-18p2-S1_Run107.mzML
ftp://massive-ftp.ucsd.edu/v06/MSV000093272//raw/20180918_KBL_TM_HILICZ_Lakes_Geodes-Mendota/rawdata/20180918_KBL_TM_Lakes_GEODES_All3_QE-HF_HILICZ-VF1_USHXG01161_POS_MSMS_39_GEO-ME-16-F_1_Rg70to1050-CE102040-0-7-S1_Run145.mzML,20180918_KBL_TM_Lakes_GEODES_All3_QE-HF_HILICZ-VF1_USHXG01161_POS_MSMS_39_GEO-ME-16-F_1_Rg70to1050-CE102040-0-7-S1_Run145.mzML
ftp://massive-ftp.ucsd.edu/v06/MSV000093272//raw/20181217_KBL_TM_C18_Lakes_Geodes-Mendota_REDO/rawdata/20181217_KBL_TM_Lakes_Mendota_DepthDate_QE-HF_C18_USDAY46918_POS_MSMS_25_ME-20171019-metabo-25_1_Rg80to1200-CE102040-16p3-S1_Run98.mzML,20181217_KBL_TM_Lakes_Mendota_DepthDate_QE-HF_C18_USDAY46918_POS_MSMS_25_ME-20171019-metabo-25_1_Rg80to1200-CE102040-16p3-S1_Run98.mzML
ftp://massive-ftp.ucsd.edu/v06/MSV000093272//raw/20160526_KBL_pHILIC_WisLake_pilot/rawdata/20160526_HILIC___NEG_MSMS_KBL_Qex_UV_Lake_Mendota______Run9.mzML,20160526_HILIC___NEG_MSMS_KBL_Qex_UV_Lake_Mendota______Run9.mzML
ftp://massive-ftp.ucsd.edu/v06/MSV000093272//raw/20181217_KBL_TM_C18_Lakes_Geodes-Mendota_REDO/rawdata/20181217_KBL_TM_Lakes_GEODES_All3_QE-HF_C18_USDAY46918_NEG_MSMS_57_GEO-SP-40-F_1_Rg80to1200-CE102040-0-4-S1_Run208.mzML,20181217_KBL_TM_Lakes_GEODES_All3_QE-HF_C18_USDAY46918_NEG_MSMS_57_GEO-SP-40-F_1_Rg80to1200-CE102040-0-4-S1_Run208.mzML
ftp://massive-ftp.ucsd.edu/v06/MSV000093272//raw/20180918_KBL_TM_HILICZ_Lakes_Geodes-Mendota/rawdata/20180918_KBL_TM_Lakes_Mendota_DepthDate_QE-139_HILICZ-VF1_USHXG01161_POS_MSMS_28_ME-20171019-metabo-28_1_Rg70to1050-CE102040-18p2-S1_Run107.mzML,20180918_KBL_TM_Lakes_Mendota_DepthDate_QE-139_HILICZ-VF1_USHXG01161_POS_MSMS_28_ME-20171019-metabo-28_1_Rg70to1050-CE102040-18p2-S1_Run107.mzML
ftp://massive-ftp.ucsd.edu/v06/MSV000093272//raw/20181217_KBL_TM_C18_Lakes_Geodes-Mendota_REDO/rawdata/20181217_KBL_TM_Lakes_GEODES_All3_QE-HF_C18_USDAY46918_POS_MSMS_49_GEO-SP-0-F_1_Rg80to1200-CE102040-0-4-S1_Run180.mzML,20181217_KBL_TM_Lakes_GEODES_All3_QE-HF_C18_USDAY46918_POS_MSMS_49_GEO-SP-0-F_1_Rg80to1200-CE102040-0-4-S1_Run180.mzML
ftp://massive-ftp.ucsd.edu/v06/MSV000093272//raw/20180918_KBL_TM_HILICZ_Lakes_Geodes-Mendota/rawdata/20180918_KBL_TM_Lakes_Mendota_DepthDate_QE-139_HILICZ-VF1_USHXG01161_POS_MSMS_1_ME-20170811-metabo-1_1_Rg70to1050-CE102040-21p25-S1_Run15.mzML,20180918_KBL_TM_Lakes_Mendota_DepthDate_QE-139_HILICZ-VF1_USHXG01161_POS_MSMS_1_ME-20170811-metabo-1_1_Rg70to1050-CE102040-21p25-S1_Run15.mzML
ftp://massive-ftp.ucsd.edu/v06/MSV000093272//raw/20180918_KBL_TM_HILICZ_Lakes_Geodes-Mendota/rawdata/20180918_KBL_TM_Lakes_GEODES_All3_QE-HF_HILICZ-VF1_USHXG01161_POS_MSMS_42_GEO-ME-28-F_1_Rg70to1050-CE102040-0-7-S1_Run154.mzML,20180918_KBL_TM_Lakes_GEODES_All3_QE-HF_HILICZ-VF1_USHXG01161_POS_MSMS_42_GEO-ME-28-F_1_Rg70to1050-CE102040-0-7-S1_Run154.mzML
ftp://massive-ftp.ucsd.edu/v06/MSV000093272//raw/20180918_KBL_TM_HILICZ_Lakes_Geodes-Mendota/rawdata/20180918_KBL_TM_Lakes_GEODES_All3_QE-HF_HILICZ-VF1_USHXG01161_POS_MSMS_68_GEO-TB-36-F_1_Rg70to1050-CE102040-0-1-S1_Run245.mzML,20180918_KBL_TM_Lakes_GEODES_All3_QE-HF_HILICZ-VF1_USHXG01161_POS_MSMS_68_GEO-TB-36-F_1_Rg70to1050-CE102040-0-1-S1_Run245.mzML
ftp://massive-ftp.ucsd.edu/v06/MSV000093272//raw/20180918_KBL_TM_HILICZ_Lakes_Geodes-Mendota/rawdata/20180918_KBL_TM_Lakes_GEODES_All3_QE-HF_HILICZ-VF1_USHXG01161_POS_MSMS_43_GEO-ME-32-F_1_Rg70to1050-CE102040-0-7-S1_Run157.mzML,20180918_KBL_TM_Lakes_GEODES_All3_QE-HF_HILICZ-VF1_USHXG01161_POS_MSMS_43_GEO-ME-32-F_1_Rg70to1050-CE102040-0-7-S1_Run157.mzML
ftp://massive-ftp.ucsd.edu/v06/MSV000093272//raw/20180918_KBL_TM_HILICZ_Lakes_Geodes-Mendota/rawdata/20180918_KBL_TM_Lakes_GEODES_All3_QE-HF_HILICZ-VF1_USHXG01161_POS_MSMS_64_GEO-TB-20-F_1_Rg70to1050-CE102040-0-1-S1_Run233.mzML,20180918_KBL_TM_Lakes_GEODES_All3_QE-HF_HILICZ-VF1_USHXG01161_POS_MSMS_64_GEO-TB-20-F_1_Rg70to1050-CE102040-0-1-S1_Run233.mzML
ftp://massive-ftp.ucsd.edu/v06/MSV000093272//raw/20180918_KBL_TM_HILICZ_Lakes_Geodes-Mendota/rawdata/20180918_KBL_TM_Lakes_Mendota_DepthDate_QE-139_HILICZ-VF1_USHXG01161_NEG_MSMS_2_ME-20170811-metabo-2_1_Rg70to1050-CE102040-18p08-S1_Run19.mzML,20180918_KBL_TM_Lakes_Mendota_DepthDate_QE-139_HILICZ-VF1_USHXG01161_NEG_MSMS_2_ME-20170811-metabo-2_1_Rg70to1050-CE102040-18p08-S1_Run19.mzML
ftp://massive-ftp.ucsd.edu/v06/MSV000093272//raw/20180918_KBL_TM_HILICZ_Lakes_Geodes-Mendota/rawdata/20180918_KBL_TM_Lakes_GEODES_All3_QE-HF_HILICZ-VF1_USHXG01161_POS_MSMS_10_GEO-ME-44-UF_1_Rg70to1050-CE102040-0-7-S1_Run45.mzML,20180918_KBL_TM_Lakes_GEODES_All3_QE-HF_HILICZ-VF1_USHXG01161_POS_MSMS_10_GEO-ME-44-UF_1_Rg70to1050-CE102040-0-7-S1_Run45.mzML
ftp://massive-ftp.ucsd.edu/v06/MSV000093272//raw/20181217_KBL_TM_C18_Lakes_Geodes-Mendota_REDO/rawdata/20181217_KBL_TM_Lakes_GEODES_All3_QE-HF_C18_USDAY46918_POS_MSMS_13_GEO-SP-0-UF_1_Rg80to1200-CE102040-0-4-S1_Run54.mzML,20181217_KBL_TM_Lakes_GEODES_All3_QE-HF_C18_USDAY46918_POS_MSMS_13_GEO-SP-0-UF_1_Rg80to1200-CE102040-0-4-S1_Run54.mzML
ftp://massive-ftp.ucsd.edu/v06/MSV000093272//raw/20180918_KBL_TM_HILICZ_Lakes_Geodes-Mendota/rawdata/20180918_KBL_TM_Lakes_Mendota_DepthDate_QE-139_HILICZ-VF1_USHXG01161_NEG_MSMS_9_ME-20170908-metabo-9_1_Rg70to1050-CE102040-22p2-S1_Run40.mzML,20180918_KBL_TM_Lakes_Mendota_DepthDate_QE-139_HILICZ-VF1_USHXG01161_NEG_MSMS_9_ME-20170908-metabo-9_1_Rg70to1050-CE102040-22p2-S1_Run40.mzML
ftp://massive-ftp.ucsd.edu/v06/MSV000093272//raw/20181217_KBL_TM_C18_Lakes_Geodes-Mendota_REDO/rawdata/20181217_KBL_TM_Lakes_GEODES_All3_QE-HF_C18_USDAY46918_POS_MSMS_59_GEO-SP-4-F_1_Rg80to1200-CE102040-0-4-S1_Run213.mzML,20181217_KBL_TM_Lakes_GEODES_All3_QE-HF_C18_USDAY46918_POS_MSMS_59_GEO-SP-4-F_1_Rg80to1200-CE102040-0-4-S1_Run213.mzML
ftp://massive-ftp.ucsd.edu/v06/MSV000093272//raw/20180918_KBL_TM_HILICZ_Lakes_Geodes-Mendota/rawdata/20180918_KBL_TM_Lakes_GEODES_All3_QE-HF_HILICZ-VF1_USHXG01161_POS_MSMS_57_GEO-SP-40-F_1_Rg70to1050-CE102040-0-4-S1_Run207.mzML,20180918_KBL_TM_Lakes_GEODES_All3_QE-HF_HILICZ-VF1_USHXG01161_POS_MSMS_57_GEO-SP-40-F_1_Rg70to1050-CE102040-0-4-S1_Run207.mzML
ftp://massive-ftp.ucsd.edu/v06/MSV000093272//raw/20181217_KBL_TM_C18_Lakes_Geodes-Mendota_REDO/rawdata/20181217_KBL_TM_Lakes_Mendota_DepthDate_QE-HF_C18_USDAY46918_NEG_MSMS_14_ME-20170908-metabo-14_1_Rg80to1200-CE102040-12p5-S1_Run58.mzML,20181217_KBL_TM_Lakes_Mendota_DepthDate_QE-HF_C18_USDAY46918_NEG_MSMS_14_ME-20170908-metabo-14_1_Rg80to1200-CE102040-12p5-S1_Run58.mzML
ftp://massive-ftp.ucsd.edu/v06/MSV000093272//raw/20181217_KBL_TM_C18_Lakes_Geodes-Mendota_REDO/rawdata/20181217_KBL_TM_Lakes_Mendota_DepthDate_QE-HF_C18_USDAY46918_NEG_MSMS_1_ME-20170811-metabo-1_1_Rg80to1200-CE102040-21p25-S1_Run16.mzML,20181217_KBL_TM_Lakes_Mendota_DepthDate_QE-HF_C18_USDAY46918_NEG_MSMS_1_ME-20170811-metabo-1_1_Rg80to1200-CE102040-21p25-S1_Run16.mzML
ftp://massive-ftp.ucsd.edu/v06/MSV000093272//raw/20180918_KBL_TM_HILICZ_Lakes_Geodes-Mendota/rawdata/20180918_KBL_TM_Lakes_GEODES_All3_QE-HF_HILICZ-VF1_USHXG01161_NEG_MSMS_5_GEO-ME-24-UF_1_Rg70to1050-CE102040-0-7-S1_Run31.mzML,20180918_KBL_TM_Lakes_GEODES_All3_QE-HF_HILICZ-VF1_USHXG01161_NEG_MSMS_5_GEO-ME-24-UF_1_Rg70to1050-CE102040-0-7-S1_Run31.mzML
ftp://massive-ftp.ucsd.edu/v06/MSV000093272//raw/20180918_KBL_TM_HILICZ_Lakes_Geodes-Mendota/rawdata/20180918_KBL_TM_Lakes_GEODES_All3_QE-HF_HILICZ-VF1_USHXG01161_NEG_MSMS_27_GEO-TB-16-UF_1_Rg70to1050-CE102040-0-1-S1_Run105.mzML,20180918_KBL_TM_Lakes_GEODES_All3_QE-HF_HILICZ-VF1_USHXG01161_NEG_MSMS_27_GEO-TB-16-UF_1_Rg70to1050-CE102040-0-1-S1_Run105.mzML
ftp://massive-ftp.ucsd.edu/v06/MSV000093272//raw/20181217_KBL_TM_C18_Lakes_Geodes-Mendota_REDO/rawdata/20181217_KBL_TM_Lakes_Mendota_DepthDate_QE-HF_C18_USDAY46918_POS_MSMS_14_ME-20170908-metabo-14_1_Rg80to1200-CE102040-12p5-S1_Run57.mzML,20181217_KBL_TM_Lakes_Mendota_DepthDate_QE-HF_C18_USDAY46918_POS_MSMS_14_ME-20170908-metabo-14_1_Rg80to1200-CE102040-12p5-S1_Run57.mzML
ftp://massive-ftp.ucsd.edu/v06/MSV000093272//raw/20180918_KBL_TM_HILICZ_Lakes_Geodes-Mendota/rawdata/20180918_KBL_TM_Lakes_GEODES_All3_QE-HF_HILICZ-VF1_USHXG01161_POS_MSMS_20_GEO-SP-36-UF_1_Rg70to1050-CE102040-0-4-S1_Run80.mzML,20180918_KBL_TM_Lakes_GEODES_All3_QE-HF_HILICZ-VF1_USHXG01161_POS_MSMS_20_GEO-SP-36-UF_1_Rg70to1050-CE102040-0-4-S1_Run80.mzML
ftp://massive-ftp.ucsd.edu/v06/MSV000093272//raw/20181217_KBL_TM_C18_Lakes_Geodes-Mendota_REDO/rawdata/20181217_KBL_TM_Lakes_GEODES_All3_QE-HF_C18_USDAY46918_POS_MSMS_19_GEO-SP-32-UF_1_Rg80to1200-CE102040-0-4-S1_Run77.mzML,20181217_KBL_TM_Lakes_GEODES_All3_QE-HF_C18_USDAY46918_POS_MSMS_19_GEO-SP-32-UF_1_Rg80to1200-CE102040-0-4-S1_Run77.mzML
ftp://massive-ftp.ucsd.edu/v06/MSV000093272//raw/20181217_KBL_TM_C18_Lakes_Geodes-Mendota_REDO/rawdata/20181217_KBL_TM_Lakes_GEODES_All3_QE-HF_C18_USDAY46918_POS_MSMS_22_GEO-SP-44-UF_1_Rg80to1200-CE102040-0-4-S1_Run86.mzML,20181217_KBL_TM_Lakes_GEODES_All3_QE-HF_C18_USDAY46918_POS_MSMS_22_GEO-SP-44-UF_1_Rg80to1200-CE102040-0-4-S1_Run86.mzML
ftp://massive-ftp.ucsd.edu/v06/MSV000093272//raw/20180918_KBL_TM_HILICZ_Lakes_Geodes-Mendota/rawdata/20180918_KBL_TM_Lakes_GEODES_All3_QE-HF_HILICZ-VF1_USHXG01161_NEG_MSMS_44_GEO-ME-36-F_1_Rg70to1050-CE102040-0-7-S1_Run161.mzML,20180918_KBL_TM_Lakes_GEODES_All3_QE-HF_HILICZ-VF1_USHXG01161_NEG_MSMS_44_GEO-ME-36-F_1_Rg70to1050-CE102040-0-7-S1_Run161.mzML
ftp://massive-ftp.ucsd.edu/v06/MSV000093272//raw/20181217_KBL_TM_C18_Lakes_Geodes-Mendota_REDO/rawdata/20181217_KBL_TM_Lakes_GEODES_All3_QE-HF_C18_USDAY46918_POS_MSMS_26_GEO-TB-12-UF_1_Rg80to1200-CE102040-0-1-S1_Run101.mzML,20181217_KBL_TM_Lakes_GEODES_All3_QE-HF_C18_USDAY46918_POS_MSMS_26_GEO-TB-12-UF_1_Rg80to1200-CE102040-0-1-S1_Run101.mzML
ftp://massive-ftp.ucsd.edu/v06/MSV000093272//raw/20181217_KBL_TM_C18_Lakes_Geodes-Mendota_REDO/rawdata/20181217_KBL_TM_Lakes_Mendota_DepthDate_QE-HF_C18_USDAY46918_POS_MSMS_21_ME-20171004-metabo-21_1_Rg80to1200-CE102040-17p3-S1_Run83.mzML,20181217_KBL_TM_Lakes_Mendota_DepthDate_QE-HF_C18_USDAY46918_POS_MSMS_21_ME-20171004-metabo-21_1_Rg80to1200-CE102040-17p3-S1_Run83.mzML
ftp://massive-ftp.ucsd.edu/v06/MSV000093272//raw/20180918_KBL_TM_HILICZ_Lakes_Geodes-Mendota/rawdata/20180918_KBL_TM_Lakes_GEODES_All3_QE-HF_HILICZ-VF1_USHXG01161_NEG_MSMS_76_ExCtrl-JGI_3_Rg70to1050-CE102040-ExCtrl-S1_Run196.mzML,20180918_KBL_TM_Lakes_GEODES_All3_QE-HF_HILICZ-VF1_USHXG01161_NEG_MSMS_76_ExCtrl-JGI_3_Rg70to1050-CE102040-ExCtrl-S1_Run196.mzML
ftp://massive-ftp.ucsd.edu/v06/MSV000093272//raw/20181217_KBL_TM_C18_Lakes_Geodes-Mendota_REDO/rawdata/20181217_KBL_TM_Lakes_GEODES_All3_QE-HF_C18_USDAY46918_NEG_MSMS_62_GEO-TB-12-F_1_Rg80to1200-CE102040-0-1-S1_Run228.mzML,20181217_KBL_TM_Lakes_GEODES_All3_QE-HF_C18_USDAY46918_NEG_MSMS_62_GEO-TB-12-F_1_Rg80to1200-CE102040-0-1-S1_Run228.mzML
ftp://massive-ftp.ucsd.edu/v06/MSV000093272//raw/20181217_KBL_TM_C18_Lakes_Geodes-Mendota_REDO/rawdata/20181217_KBL_TM_Lakes_Mendota_DepthDate_QE-HF_C18_USDAY46918_NEG_MSMS_2_ME-20170811-metabo-2_1_Rg80to1200-CE102040-18p08-S1_Run19.mzML,20181217_KBL_TM_Lakes_Mendota_DepthDate_QE-HF_C18_USDAY46918_NEG_MSMS_2_ME-20170811-metabo-2_1_Rg80to1200-CE102040-18p08-S1_Run19.mzML
ftp://massive-ftp.ucsd.edu/v06/MSV000093272//raw/20181217_KBL_TM_C18_Lakes_Geodes-Mendota_REDO/rawdata/20181217_KBL_TM_Lakes_GEODES_All3_QE-HF_C18_USDAY46918_NEG_MSMS_2_GEO-ME-12-UF_1_Rg80to1200-CE102040-0-7-S1_Run22.mzML,20181217_KBL_TM_Lakes_GEODES_All3_QE-HF_C18_USDAY46918_NEG_MSMS_2_GEO-ME-12-UF_1_Rg80to1200-CE102040-0-7-S1_Run22.mzML
ftp://massive-ftp.ucsd.edu/v06/MSV000093272//raw/20180918_KBL_TM_HILICZ_Lakes_Geodes-Mendota/rawdata/20180918_KBL_TM_Lakes_Mendota_DepthDate_QE-139_HILICZ-VF1_USHXG01161_POS_MSMS_26_ME-20171019-metabo-26_1_Rg70to1050-CE102040-17p3-S1_Run101.mzML,20180918_KBL_TM_Lakes_Mendota_DepthDate_QE-139_HILICZ-VF1_USHXG01161_POS_MSMS_26_ME-20171019-metabo-26_1_Rg70to1050-CE102040-17p3-S1_Run101.mzML
ftp://massive-ftp.ucsd.edu/v06/MSV000093272//raw/20181217_KBL_TM_C18_Lakes_Geodes-Mendota_REDO/rawdata/20181217_KBL_TM_Lakes_Mendota_DepthDate_QE-HF_C18_USDAY46918_POS_MSMS_15_ME-20170908-metabo-15_1_Rg80to1200-CE102040-11p5-S1_Run60.mzML,20181217_KBL_TM_Lakes_Mendota_DepthDate_QE-HF_C18_USDAY46918_POS_MSMS_15_ME-20170908-metabo-15_1_Rg80to1200-CE102040-11p5-S1_Run60.mzML
ftp://massive-ftp.ucsd.edu/v06/MSV000093272//raw/20181217_KBL_TM_C18_Lakes_Geodes-Mendota_REDO/rawdata/20181217_KBL_TM_Lakes_Mendota_DepthDate_QE-HF_C18_USDAY46918_NEG_MSMS_30_ME-20171101-metabo-30_1_Rg80to1200-CE102040-11p9-S1_Run114.mzML,20181217_KBL_TM_Lakes_Mendota_DepthDate_QE-HF_C18_USDAY46918_NEG_MSMS_30_ME-20171101-metabo-30_1_Rg80to1200-CE102040-11p9-S1_Run114.mzML
ftp://massive-ftp.ucsd.edu/v06/MSV000093272//raw/20181217_KBL_TM_C18_Lakes_Geodes-Mendota_REDO/rawdata/20181217_KBL_TM_Lakes_GEODES_All3_QE-HF_C18_USDAY46918_NEG_MSMS_43_GEO-ME-32-F_1_Rg80to1200-CE102040-0-7-S1_Run158.mzML,20181217_KBL_TM_Lakes_GEODES_All3_QE-HF_C18_USDAY46918_NEG_MSMS_43_GEO-ME-32-F_1_Rg80to1200-CE102040-0-7-S1_Run158.mzML
ftp://massive-ftp.ucsd.edu/v06/MSV000093272//raw/20180918_KBL_TM_HILICZ_Lakes_Geodes-Mendota/rawdata/20180918_KBL_TM_Lakes_GEODES_All3_QE-HF_HILICZ-VF1_USHXG01161_NEG_MSMS_26_GEO-TB-12-UF_1_Rg70to1050-CE102040-0-1-S1_Run102.mzML,20180918_KBL_TM_Lakes_GEODES_All3_QE-HF_HILICZ-VF1_USHXG01161_NEG_MSMS_26_GEO-TB-12-UF_1_Rg70to1050-CE102040-0-1-S1_Run102.mzML
ftp://massive-ftp.ucsd.edu/v06/MSV000093272//raw/20181217_KBL_TM_C18_Lakes_Geodes-Mendota_REDO/rawdata/20181217_KBL_TM_Lakes_Mendota_DepthDate_QE-HF_C18_USDAY46918_NEG_MSMS_26_ME-20171019-metabo-26_1_Rg80to1200-CE102040-17p3-S1_Run102.mzML,20181217_KBL_TM_Lakes_Mendota_DepthDate_QE-HF_C18_USDAY46918_NEG_MSMS_26_ME-20171019-metabo-26_1_Rg80to1200-CE102040-17p3-S1_Run102.mzML
ftp://massive-ftp.ucsd.edu/v06/MSV000093272//raw/20181217_KBL_TM_C18_Lakes_Geodes-Mendota_REDO/rawdata/20181217_KBL_TM_Lakes_GEODES_All3_QE-HF_C18_USDAY46918_NEG_MSMS_50_GEO-SP-12-F_1_Rg80to1200-CE102040-0-4-S1_Run184.mzML,20181217_KBL_TM_Lakes_GEODES_All3_QE-HF_C18_USDAY46918_NEG_MSMS_50_GEO-SP-12-F_1_Rg80to1200-CE102040-0-4-S1_Run184.mzML
ftp://massive-ftp.ucsd.edu/v06/MSV000093272//raw/20181217_KBL_TM_C18_Lakes_Geodes-Mendota_REDO/rawdata/20181217_KBL_TM_Lakes_GEODES_All3_QE-HF_C18_USDAY46918_NEG_MSMS_42_GEO-ME-28-F_1_Rg80to1200-CE102040-0-7-S1_Run155.mzML,20181217_KBL_TM_Lakes_GEODES_All3_QE-HF_C18_USDAY46918_NEG_MSMS_42_GEO-ME-28-F_1_Rg80to1200-CE102040-0-7-S1_Run155.mzML
ftp://massive-ftp.ucsd.edu/v06/MSV000093272//raw/20181217_KBL_TM_C18_Lakes_Geodes-Mendota_REDO/rawdata/20181217_KBL_TM_Lakes_Mendota_DepthDate_QE-HF_C18_USDAY46918_POS_MSMS_23_ME-20171004-metabo-23_1_Rg80to1200-CE102040-12p9-S1_Run92.mzML,20181217_KBL_TM_Lakes_Mendota_DepthDate_QE-HF_C18_USDAY46918_POS_MSMS_23_ME-20171004-metabo-23_1_Rg80to1200-CE102040-12p9-S1_Run92.mzML
ftp://massive-ftp.ucsd.edu/v06/MSV000093272//raw/20180918_KBL_TM_HILICZ_Lakes_Geodes-Mendota/rawdata/20180918_KBL_TM_Lakes_GEODES_All3_QE-HF_HILICZ-VF1_USHXG01161_POS_MSMS_60_GEO-SP-8-F_1_Rg70to1050-CE102040-0-4-S1_Run216.mzML,20180918_KBL_TM_Lakes_GEODES_All3_QE-HF_HILICZ-VF1_USHXG01161_POS_MSMS_60_GEO-SP-8-F_1_Rg70to1050-CE102040-0-4-S1_Run216.mzML
ftp://massive-ftp.ucsd.edu/v06/MSV000093272//raw/20180918_KBL_TM_HILICZ_Lakes_Geodes-Mendota/rawdata/20180918_KBL_TM_Lakes_GEODES_All3_QE-HF_HILICZ-VF1_USHXG01161_POS_MSMS_34_GEO-TB-44-UF_1_Rg70to1050-CE102040-0-1-S1_Run130.mzML,20180918_KBL_TM_Lakes_GEODES_All3_QE-HF_HILICZ-VF1_USHXG01161_POS_MSMS_34_GEO-TB-44-UF_1_Rg70to1050-CE102040-0-1-S1_Run130.mzML
ftp://massive-ftp.ucsd.edu/v06/MSV000093272//raw/20180918_KBL_TM_HILICZ_Lakes_Geodes-Mendota/rawdata/20180918_KBL_TM_Lakes_Mendota_DepthDate_QE-139_HILICZ-VF1_USHXG01161_NEG_MSMS_23_ME-20171004-metabo-23_1_Rg70to1050-CE102040-12p9-S1_Run93.mzML,20180918_KBL_TM_Lakes_Mendota_DepthDate_QE-139_HILICZ-VF1_USHXG01161_NEG_MSMS_23_ME-20171004-metabo-23_1_Rg70to1050-CE102040-12p9-S1_Run93.mzML
ftp://massive-ftp.ucsd.edu/v06/MSV000093272//raw/20181217_KBL_TM_C18_Lakes_Geodes-Mendota_REDO/rawdata/20181217_KBL_TM_Lakes_GEODES_All3_QE-HF_C18_USDAY46918_POS_MSMS_35_GEO-TB-4-UF_1_Rg80to1200-CE102040-0-1-S1_Run133.mzML,20181217_KBL_TM_Lakes_GEODES_All3_QE-HF_C18_USDAY46918_POS_MSMS_35_GEO-TB-4-UF_1_Rg80to1200-CE102040-0-1-S1_Run133.mzML
ftp://massive-ftp.ucsd.edu/v06/MSV000093272//raw/20180918_KBL_TM_HILICZ_Lakes_Geodes-Mendota/rawdata/20180918_KBL_TM_Lakes_Mendota_DepthDate_QE-139_HILICZ-VF1_USHXG01161_POS_MSMS_33_ExCtrl-JGI_1_Rg70to1050-CE102040-ExCtrl-S1_Run12.mzML,20180918_KBL_TM_Lakes_Mendota_DepthDate_QE-139_HILICZ-VF1_USHXG01161_POS_MSMS_33_ExCtrl-JGI_1_Rg70to1050-CE102040-ExCtrl-S1_Run12.mzML
ftp://massive-ftp.ucsd.edu/v06/MSV000093272//raw/20181217_KBL_TM_C18_Lakes_Geodes-Mendota_REDO/rawdata/20181217_KBL_TM_Lakes_Mendota_DepthDate_QE-HF_C18_USDAY46918_POS_MSMS_3_ME-20170811-metabo-3_1_Rg80to1200-CE102040-15p3-S1_Run21.mzML,20181217_KBL_TM_Lakes_Mendota_DepthDate_QE-HF_C18_USDAY46918_POS_MSMS_3_ME-20170811-metabo-3_1_Rg80to1200-CE102040-15p3-S1_Run21.mzML
ftp://massive-ftp.ucsd.edu/v06/MSV000093272//raw/20181217_KBL_TM_C18_Lakes_Geodes-Mendota_REDO/rawdata/20181217_KBL_TM_Lakes_Mendota_DepthDate_QE-HF_C18_USDAY46918_NEG_MSMS_13_ME-20170908-metabo-13_1_Rg80to1200-CE102040-13p4-S1_Run55.mzML,20181217_KBL_TM_Lakes_Mendota_DepthDate_QE-HF_C18_USDAY46918_NEG_MSMS_13_ME-20170908-metabo-13_1_Rg80to1200-CE102040-13p4-S1_Run55.mzML
ftp://massive-ftp.ucsd.edu/v06/MSV000093272//raw/20181217_KBL_TM_C18_Lakes_Geodes-Mendota_REDO/rawdata/20181217_KBL_TM_Lakes_GEODES_All3_QE-HF_C18_USDAY46918_POS_MSMS_27_GEO-TB-16-UF_1_Rg80to1200-CE102040-0-1-S1_Run104.mzML,20181217_KBL_TM_Lakes_GEODES_All3_QE-HF_C18_USDAY46918_POS_MSMS_27_GEO-TB-16-UF_1_Rg80to1200-CE102040-0-1-S1_Run104.mzML
ftp://massive-ftp.ucsd.edu/v06/MSV000093272//raw/20180918_KBL_TM_HILICZ_Lakes_Geodes-Mendota/rawdata/20180918_KBL_TM_Lakes_GEODES_All3_QE-HF_HILICZ-VF1_USHXG01161_NEG_MSMS_57_GEO-SP-40-F_1_Rg70to1050-CE102040-0-4-S1_Run208.mzML,20180918_KBL_TM_Lakes_GEODES_All3_QE-HF_HILICZ-VF1_USHXG01161_NEG_MSMS_57_GEO-SP-40-F_1_Rg70to1050-CE102040-0-4-S1_Run208.mzML
ftp://massive-ftp.ucsd.edu/v06/MSV000093272//raw/20180918_KBL_TM_HILICZ_Lakes_Geodes-Mendota/rawdata/20180918_KBL_TM_Lakes_GEODES_All3_QE-HF_HILICZ-VF1_USHXG01161_POS_MSMS_18_GEO-SP-28-UF_1_Rg70to1050-CE102040-0-4-S1_Run74.mzML,20180918_KBL_TM_Lakes_GEODES_All3_QE-HF_HILICZ-VF1_USHXG01161_POS_MSMS_18_GEO-SP-28-UF_1_Rg70to1050-CE102040-0-4-S1_Run74.mzML
ftp://massive-ftp.ucsd.edu/v06/MSV000093272//raw/20180918_KBL_TM_HILICZ_Lakes_Geodes-Mendota/rawdata/20180918_KBL_TM_Lakes_Mendota_DepthDate_QE-139_HILICZ-VF1_USHXG01161_POS_MSMS_12_ME-20170908-metabo-12_1_Rg70to1050-CE102040-14p5-S1_Run51.mzML,20180918_KBL_TM_Lakes_Mendota_DepthDate_QE-139_HILICZ-VF1_USHXG01161_POS_MSMS_12_ME-20170908-metabo-12_1_Rg70to1050-CE102040-14p5-S1_Run51.mzML
ftp://massive-ftp.ucsd.edu/v06/MSV000093272//raw/20181217_KBL_TM_C18_Lakes_Geodes-Mendota_REDO/rawdata/20181217_KBL_TM_Lakes_GEODES_All3_QE-HF_C18_USDAY46918_POS_MSMS_60_GEO-SP-8-F_1_Rg80to1200-CE102040-0-4-S1_Run216.mzML,20181217_KBL_TM_Lakes_GEODES_All3_QE-HF_C18_USDAY46918_POS_MSMS_60_GEO-SP-8-F_1_Rg80to1200-CE102040-0-4-S1_Run216.mzML
ftp://massive-ftp.ucsd.edu/v06/MSV000093272//raw/20180918_KBL_TM_HILICZ_Lakes_Geodes-Mendota/rawdata/20180918_KBL_TM_Lakes_GEODES_All3_QE-HF_HILICZ-VF1_USHXG01161_NEG_MSMS_24_GEO-SP-8-UF_1_Rg70to1050-CE102040-0-4-S1_Run93.mzML,20180918_KBL_TM_Lakes_GEODES_All3_QE-HF_HILICZ-VF1_USHXG01161_NEG_MSMS_24_GEO-SP-8-UF_1_Rg70to1050-CE102040-0-4-S1_Run93.mzML
ftp://massive-ftp.ucsd.edu/v06/MSV000093272//raw/20180918_KBL_TM_HILICZ_Lakes_Geodes-Mendota/rawdata/20180918_KBL_TM_Lakes_Mendota_DepthDate_QE-139_HILICZ-VF1_USHXG01161_NEG_MSMS_6_ME-20170811-metabo-6_1_Rg70to1050-CE102040-10p3-S1_Run31.mzML,20180918_KBL_TM_Lakes_Mendota_DepthDate_QE-139_HILICZ-VF1_USHXG01161_NEG_MSMS_6_ME-20170811-metabo-6_1_Rg70to1050-CE102040-10p3-S1_Run31.mzML
ftp://massive-ftp.ucsd.edu/v06/MSV000093272//raw/20181217_KBL_TM_C18_Lakes_Geodes-Mendota_REDO/rawdata/20181217_KBL_TM_Lakes_GEODES_All3_QE-HF_C18_USDAY46918_NEG_MSMS_55_GEO-SP-32-F_1_Rg80to1200-CE102040-0-4-S1_Run202.mzML,20181217_KBL_TM_Lakes_GEODES_All3_QE-HF_C18_USDAY46918_NEG_MSMS_55_GEO-SP-32-F_1_Rg80to1200-CE102040-0-4-S1_Run202.mzML
ftp://massive-ftp.ucsd.edu/v06/MSV000093272//raw/20181217_KBL_TM_C18_Lakes_Geodes-Mendota_REDO/rawdata/20181217_KBL_TM_Lakes_GEODES_All3_QE-HF_C18_USDAY46918_POS_MSMS_73_ExCtrl-User_1_Rg80to1200-CE102040-ExCtrl-S1_Run12.mzML,20181217_KBL_TM_Lakes_GEODES_All3_QE-HF_C18_USDAY46918_POS_MSMS_73_ExCtrl-User_1_Rg80to1200-CE102040-ExCtrl-S1_Run12.mzML
ftp://massive-ftp.ucsd.edu/v06/MSV000093272//raw/20180918_KBL_TM_HILICZ_Lakes_Geodes-Mendota/rawdata/20180918_KBL_TM_Lakes_GEODES_All3_QE-HF_HILICZ-VF1_USHXG01161_POS_MSMS_36_GEO-TB-8-UF_1_Rg70to1050-CE102040-0-1-S1_Run136.mzML,20180918_KBL_TM_Lakes_GEODES_All3_QE-HF_HILICZ-VF1_USHXG01161_POS_MSMS_36_GEO-TB-8-UF_1_Rg70to1050-CE102040-0-1-S1_Run136.mzML
ftp://massive-ftp.ucsd.edu/v06/MSV000093272//raw/20181217_KBL_TM_C18_Lakes_Geodes-Mendota_REDO/rawdata/20181217_KBL_TM_Lakes_GEODES_All3_QE-HF_C18_USDAY46918_POS_MSMS_11_GEO-ME-4-UF_1_Rg80to1200-CE102040-0-7-S1_Run48.mzML,20181217_KBL_TM_Lakes_GEODES_All3_QE-HF_C18_USDAY46918_POS_MSMS_11_GEO-ME-4-UF_1_Rg80to1200-CE102040-0-7-S1_Run48.mzML
ftp://massive-ftp.ucsd.edu/v06/MSV000093272//raw/20180918_KBL_TM_HILICZ_Lakes_Geodes-Mendota/rawdata/20180918_KBL_TM_Lakes_Mendota_DepthDate_QE-139_HILICZ-VF1_USHXG01161_NEG_MSMS_26_ME-20171019-metabo-26_1_Rg70to1050-CE102040-17p3-S1_Run102.mzML,20180918_KBL_TM_Lakes_Mendota_DepthDate_QE-139_HILICZ-VF1_USHXG01161_NEG_MSMS_26_ME-20171019-metabo-26_1_Rg70to1050-CE102040-17p3-S1_Run102.mzML
ftp://massive-ftp.ucsd.edu/v06/MSV000093272//raw/20181217_KBL_TM_C18_Lakes_Geodes-Mendota_REDO/rawdata/20181217_KBL_TM_Lakes_Mendota_DepthDate_QE-HF_C18_USDAY46918_NEG_MSMS_17_ME-20171004-metabo-17_1_Rg80to1200-CE102040-14p5-S1_Run72.mzML,20181217_KBL_TM_Lakes_Mendota_DepthDate_QE-HF_C18_USDAY46918_NEG_MSMS_17_ME-20171004-metabo-17_1_Rg80to1200-CE102040-14p5-S1_Run72.mzML
ftp://massive-ftp.ucsd.edu/v06/MSV000093272//raw/20181217_KBL_TM_C18_Lakes_Geodes-Mendota_REDO/rawdata/20181217_KBL_TM_Lakes_GEODES_All3_QE-HF_C18_USDAY46918_NEG_MSMS_24_GEO-SP-8-UF_1_Rg80to1200-CE102040-0-4-S1_Run93.mzML,20181217_KBL_TM_Lakes_GEODES_All3_QE-HF_C18_USDAY46918_NEG_MSMS_24_GEO-SP-8-UF_1_Rg80to1200-CE102040-0-4-S1_Run93.mzML
ftp://massive-ftp.ucsd.edu/v06/MSV000093272//raw/20180918_KBL_TM_HILICZ_Lakes_Geodes-Mendota/rawdata/20180918_KBL_TM_Lakes_Mendota_DepthDate_QE-139_HILICZ-VF1_USHXG01161_POS_MSMS_25_ME-20171019-metabo-25_1_Rg70to1050-CE102040-16p3-S1_Run98.mzML,20180918_KBL_TM_Lakes_Mendota_DepthDate_QE-139_HILICZ-VF1_USHXG01161_POS_MSMS_25_ME-20171019-metabo-25_1_Rg70to1050-CE102040-16p3-S1_Run98.mzML
ftp://massive-ftp.ucsd.edu/v06/MSV000093272//raw/20180918_KBL_TM_HILICZ_Lakes_Geodes-Mendota/rawdata/20180918_KBL_TM_Lakes_GEODES_All3_QE-HF_HILICZ-VF1_USHXG01161_POS_MSMS_56_GEO-SP-36-F_1_Rg70to1050-CE102040-0-4-S1_Run204.mzML,20180918_KBL_TM_Lakes_GEODES_All3_QE-HF_HILICZ-VF1_USHXG01161_POS_MSMS_56_GEO-SP-36-F_1_Rg70to1050-CE102040-0-4-S1_Run204.mzML
ftp://massive-ftp.ucsd.edu/v06/MSV000093272//raw/20180918_KBL_TM_HILICZ_Lakes_Geodes-Mendota/rawdata/20180918_KBL_TM_Lakes_GEODES_All3_QE-HF_HILICZ-VF1_USHXG01161_NEG_MSMS_54_GEO-SP-28-F_1_Rg70to1050-CE102040-0-4-S1_Run199.mzML,20180918_KBL_TM_Lakes_GEODES_All3_QE-HF_HILICZ-VF1_USHXG01161_NEG_MSMS_54_GEO-SP-28-F_1_Rg70to1050-CE102040-0-4-S1_Run199.mzML
ftp://massive-ftp.ucsd.edu/v06/MSV000093272//raw/20180918_KBL_TM_HILICZ_Lakes_Geodes-Mendota/rawdata/20180918_KBL_TM_Lakes_GEODES_All3_QE-HF_HILICZ-VF1_USHXG01161_POS_MSMS_13_GEO-SP-0-UF_1_Rg70to1050-CE102040-0-4-S1_Run54.mzML,20180918_KBL_TM_Lakes_GEODES_All3_QE-HF_HILICZ-VF1_USHXG01161_POS_MSMS_13_GEO-SP-0-UF_1_Rg70to1050-CE102040-0-4-S1_Run54.mzML
ftp://massive-ftp.ucsd.edu/v06/MSV000093272//raw/20180918_KBL_TM_HILICZ_Lakes_Geodes-Mendota/rawdata/20180918_KBL_TM_Lakes_GEODES_All3_QE-HF_HILICZ-VF1_USHXG01161_NEG_MSMS_8_GEO-ME-36-UF_1_Rg70to1050-CE102040-0-7-S1_Run40.mzML,20180918_KBL_TM_Lakes_GEODES_All3_QE-HF_HILICZ-VF1_USHXG01161_NEG_MSMS_8_GEO-ME-36-UF_1_Rg70to1050-CE102040-0-7-S1_Run40.mzML
ftp://massive-ftp.ucsd.edu/v06/MSV000093272//raw/20181217_KBL_TM_C18_Lakes_Geodes-Mendota_REDO/rawdata/20181217_KBL_TM_Lakes_Mendota_DepthDate_QE-HF_C18_USDAY46918_NEG_MSMS_28_ME-20171019-metabo-28_1_Rg80to1200-CE102040-18p2-S1_Run108.mzML,20181217_KBL_TM_Lakes_Mendota_DepthDate_QE-HF_C18_USDAY46918_NEG_MSMS_28_ME-20171019-metabo-28_1_Rg80to1200-CE102040-18p2-S1_Run108.mzML
ftp://massive-ftp.ucsd.edu/v06/MSV000093272//raw/20180918_KBL_TM_HILICZ_Lakes_Geodes-Mendota/rawdata/20180918_KBL_TM_Lakes_Mendota_DepthDate_QE-139_HILICZ-VF1_USHXG01161_POS_MSMS_16_ME-20170908-metabo-16_1_Rg70to1050-CE102040-0p1-S1_Run63.mzML,20180918_KBL_TM_Lakes_Mendota_DepthDate_QE-139_HILICZ-VF1_USHXG01161_POS_MSMS_16_ME-20170908-metabo-16_1_Rg70to1050-CE102040-0p1-S1_Run63.mzML
ftp://massive-ftp.ucsd.edu/v06/MSV000093272//raw/20180918_KBL_TM_HILICZ_Lakes_Geodes-Mendota/rawdata/20180918_KBL_TM_Lakes_GEODES_All3_QE-HF_HILICZ-VF1_USHXG01161_POS_MSMS_54_GEO-SP-28-F_1_Rg70to1050-CE102040-0-4-S1_Run198.mzML,20180918_KBL_TM_Lakes_GEODES_All3_QE-HF_HILICZ-VF1_USHXG01161_POS_MSMS_54_GEO-SP-28-F_1_Rg70to1050-CE102040-0-4-S1_Run198.mzML
ftp://massive-ftp.ucsd.edu/v06/MSV000093272//raw/20181217_KBL_TM_C18_Lakes_Geodes-Mendota_REDO/rawdata/20181217_KBL_TM_Lakes_GEODES_All3_QE-HF_C18_USDAY46918_POS_MSMS_40_GEO-ME-20-F_1_Rg80to1200-CE102040-0-7-S1_Run148.mzML,20181217_KBL_TM_Lakes_GEODES_All3_QE-HF_C18_USDAY46918_POS_MSMS_40_GEO-ME-20-F_1_Rg80to1200-CE102040-0-7-S1_Run148.mzML
ftp://massive-ftp.ucsd.edu/v06/MSV000093272//raw/20180918_KBL_TM_HILICZ_Lakes_Geodes-Mendota/rawdata/20180918_KBL_TM_Lakes_GEODES_All3_QE-HF_HILICZ-VF1_USHXG01161_POS_MSMS_55_GEO-SP-32-F_1_Rg70to1050-CE102040-0-4-S1_Run201.mzML,20180918_KBL_TM_Lakes_GEODES_All3_QE-HF_HILICZ-VF1_USHXG01161_POS_MSMS_55_GEO-SP-32-F_1_Rg70to1050-CE102040-0-4-S1_Run201.mzML
ftp://massive-ftp.ucsd.edu/v06/MSV000093272//raw/20180918_KBL_TM_HILICZ_Lakes_Geodes-Mendota/rawdata/20180918_KBL_TM_Lakes_GEODES_All3_QE-HF_HILICZ-VF1_USHXG01161_NEG_MSMS_61_GEO-TB-0-F_1_Rg70to1050-CE102040-0-1-S1_Run225.mzML,20180918_KBL_TM_Lakes_GEODES_All3_QE-HF_HILICZ-VF1_USHXG01161_NEG_MSMS_61_GEO-TB-0-F_1_Rg70to1050-CE102040-0-1-S1_Run225.mzML
ftp://massive-ftp.ucsd.edu/v06/MSV000093272//raw/20181217_KBL_TM_C18_Lakes_Geodes-Mendota_REDO/rawdata/20181217_KBL_TM_Lakes_GEODES_All3_QE-HF_C18_USDAY46918_POS_MSMS_8_GEO-ME-36-UF_1_Rg80to1200-CE102040-0-7-S1_Run39.mzML,20181217_KBL_TM_Lakes_GEODES_All3_QE-HF_C18_USDAY46918_POS_MSMS_8_GEO-ME-36-UF_1_Rg80to1200-CE102040-0-7-S1_Run39.mzML
ftp://massive-ftp.ucsd.edu/v06/MSV000093272//raw/20181217_KBL_TM_C18_Lakes_Geodes-Mendota_REDO/rawdata/20181217_KBL_TM_Lakes_GEODES_All3_QE-HF_C18_USDAY46918_NEG_MSMS_30_GEO-TB-28-UF_1_Rg80to1200-CE102040-0-1-S1_Run114.mzML,20181217_KBL_TM_Lakes_GEODES_All3_QE-HF_C18_USDAY46918_NEG_MSMS_30_GEO-TB-28-UF_1_Rg80to1200-CE102040-0-1-S1_Run114.mzML
ftp://massive-ftp.ucsd.edu/v06/MSV000093272//raw/20180918_KBL_TM_HILICZ_Lakes_Geodes-Mendota/rawdata/20180918_KBL_TM_Lakes_Mendota_DepthDate_QE-139_HILICZ-VF1_USHXG01161_NEG_MSMS_1_ME-20170811-metabo-1_1_Rg70to1050-CE102040-21p25-S1_Run16.mzML,20180918_KBL_TM_Lakes_Mendota_DepthDate_QE-139_HILICZ-VF1_USHXG01161_NEG_MSMS_1_ME-20170811-metabo-1_1_Rg70to1050-CE102040-21p25-S1_Run16.mzML
ftp://massive-ftp.ucsd.edu/v06/MSV000093272//raw/20181217_KBL_TM_C18_Lakes_Geodes-Mendota_REDO/rawdata/20181217_KBL_TM_Lakes_GEODES_All3_QE-HF_C18_USDAY46918_NEG_MSMS_11_GEO-ME-4-UF_1_Rg80to1200-CE102040-0-7-S1_Run49.mzML,20181217_KBL_TM_Lakes_GEODES_All3_QE-HF_C18_USDAY46918_NEG_MSMS_11_GEO-ME-4-UF_1_Rg80to1200-CE102040-0-7-S1_Run49.mzML
ftp://massive-ftp.ucsd.edu/v06/MSV000093272//raw/20181217_KBL_TM_C18_Lakes_Geodes-Mendota_REDO/rawdata/20181217_KBL_TM_Lakes_GEODES_All3_QE-HF_C18_USDAY46918_POS_MSMS_55_GEO-SP-32-F_1_Rg80to1200-CE102040-0-4-S1_Run201.mzML,20181217_KBL_TM_Lakes_GEODES_All3_QE-HF_C18_USDAY46918_POS_MSMS_55_GEO-SP-32-F_1_Rg80to1200-CE102040-0-4-S1_Run201.mzML
ftp://massive-ftp.ucsd.edu/v06/MSV000093272//raw/20181217_KBL_TM_C18_Lakes_Geodes-Mendota_REDO/rawdata/20181217_KBL_TM_Lakes_GEODES_All3_QE-HF_C18_USDAY46918_POS_MSMS_72_GEO-TB-8-F_1_Rg80to1200-CE102040-0-1-S1_Run257.mzML,20181217_KBL_TM_Lakes_GEODES_All3_QE-HF_C18_USDAY46918_POS_MSMS_72_GEO-TB-8-F_1_Rg80to1200-CE102040-0-1-S1_Run257.mzML
ftp://massive-ftp.ucsd.edu/v06/MSV000093272//raw/20180918_KBL_TM_HILICZ_Lakes_Geodes-Mendota/rawdata/20180918_KBL_TM_Lakes_GEODES_All3_QE-HF_HILICZ-VF1_USHXG01161_POS_MSMS_67_GEO-TB-32-F_1_Rg70to1050-CE102040-0-1-S1_Run242.mzML,20180918_KBL_TM_Lakes_GEODES_All3_QE-HF_HILICZ-VF1_USHXG01161_POS_MSMS_67_GEO-TB-32-F_1_Rg70to1050-CE102040-0-1-S1_Run242.mzML
ftp://massive-ftp.ucsd.edu/v06/MSV000093272//raw/20180918_KBL_TM_HILICZ_Lakes_Geodes-Mendota/rawdata/20180918_KBL_TM_Lakes_GEODES_All3_QE-HF_HILICZ-VF1_USHXG01161_NEG_MSMS_23_GEO-SP-4-UF_1_Rg70to1050-CE102040-0-4-S1_Run90.mzML,20180918_KBL_TM_Lakes_GEODES_All3_QE-HF_HILICZ-VF1_USHXG01161_NEG_MSMS_23_GEO-SP-4-UF_1_Rg70to1050-CE102040-0-4-S1_Run90.mzML
ftp://massive-ftp.ucsd.edu/v06/MSV000093272//raw/20180918_KBL_TM_HILICZ_Lakes_Geodes-Mendota/rawdata/20180918_KBL_TM_Lakes_GEODES_All3_QE-HF_HILICZ-VF1_USHXG01161_NEG_MSMS_58_GEO-SP-44-F_1_Rg70to1050-CE102040-0-4-S1_Run211.mzML,20180918_KBL_TM_Lakes_GEODES_All3_QE-HF_HILICZ-VF1_USHXG01161_NEG_MSMS_58_GEO-SP-44-F_1_Rg70to1050-CE102040-0-4-S1_Run211.mzML
ftp://massive-ftp.ucsd.edu/v06/MSV000093272//raw/20181217_KBL_TM_C18_Lakes_Geodes-Mendota_REDO/rawdata/20181217_KBL_TM_Lakes_Mendota_DepthDate_QE-HF_C18_USDAY46918_POS_MSMS_13_ME-20170908-metabo-13_1_Rg80to1200-CE102040-13p4-S1_Run54.mzML,20181217_KBL_TM_Lakes_Mendota_DepthDate_QE-HF_C18_USDAY46918_POS_MSMS_13_ME-20170908-metabo-13_1_Rg80to1200-CE102040-13p4-S1_Run54.mzML
ftp://massive-ftp.ucsd.edu/v06/MSV000093272//raw/20180918_KBL_TM_HILICZ_Lakes_Geodes-Mendota/rawdata/20180918_KBL_TM_Lakes_GEODES_All3_QE-HF_HILICZ-VF1_USHXG01161_NEG_MSMS_19_GEO-SP-32-UF_1_Rg70to1050-CE102040-0-4-S1_Run78.mzML,20180918_KBL_TM_Lakes_GEODES_All3_QE-HF_HILICZ-VF1_USHXG01161_NEG_MSMS_19_GEO-SP-32-UF_1_Rg70to1050-CE102040-0-4-S1_Run78.mzML
ftp://massive-ftp.ucsd.edu/v06/MSV000093272//raw/20181217_KBL_TM_C18_Lakes_Geodes-Mendota_REDO/rawdata/20181217_KBL_TM_Lakes_Mendota_DepthDate_QE-HF_C18_USDAY46918_NEG_MSMS_35_ExCtrl-JGI_3_Rg80to1200-CE102040-ExCtrl-S1_Run90.mzML,20181217_KBL_TM_Lakes_Mendota_DepthDate_QE-HF_C18_USDAY46918_NEG_MSMS_35_ExCtrl-JGI_3_Rg80to1200-CE102040-ExCtrl-S1_Run90.mzML
ftp://massive-ftp.ucsd.edu/v06/MSV000093272//raw/20180918_KBL_TM_HILICZ_Lakes_Geodes-Mendota/rawdata/20180918_KBL_TM_Lakes_GEODES_All3_QE-HF_HILICZ-VF1_USHXG01161_NEG_MSMS_66_GEO-TB-28-F_1_Rg70to1050-CE102040-0-1-S1_Run240.mzML,20180918_KBL_TM_Lakes_GEODES_All3_QE-HF_HILICZ-VF1_USHXG01161_NEG_MSMS_66_GEO-TB-28-F_1_Rg70to1050-CE102040-0-1-S1_Run240.mzML
ftp://massive-ftp.ucsd.edu/v06/MSV000093272//raw/20180918_KBL_TM_HILICZ_Lakes_Geodes-Mendota/rawdata/20180918_KBL_TM_Lakes_GEODES_All3_QE-HF_HILICZ-VF1_USHXG01161_NEG_MSMS_33_GEO-TB-40-UF_1_Rg70to1050-CE102040-0-1-S1_Run128.mzML,20180918_KBL_TM_Lakes_GEODES_All3_QE-HF_HILICZ-VF1_USHXG01161_NEG_MSMS_33_GEO-TB-40-UF_1_Rg70to1050-CE102040-0-1-S1_Run128.mzML
ftp://massive-ftp.ucsd.edu/v06/MSV000093272//raw/20181217_KBL_TM_C18_Lakes_Geodes-Mendota_REDO/rawdata/20181217_KBL_TM_Lakes_Mendota_DepthDate_QE-HF_C18_USDAY46918_POS_MSMS_6_ME-20170811-metabo-6_1_Rg80to1200-CE102040-10p3-S1_Run30.mzML,20181217_KBL_TM_Lakes_Mendota_DepthDate_QE-HF_C18_USDAY46918_POS_MSMS_6_ME-20170811-metabo-6_1_Rg80to1200-CE102040-10p3-S1_Run30.mzML
ftp://massive-ftp.ucsd.edu/v06/MSV000093272//raw/20160526_KBL_pHILIC_WisLake_pilot/rawdata/20160526_HILIC___POS_MSMS_KBL_Qex_UV_Lake_Mendota______Run8.mzML,20160526_HILIC___POS_MSMS_KBL_Qex_UV_Lake_Mendota______Run8.mzML
ftp://massive-ftp.ucsd.edu/v06/MSV000093272//raw/20180918_KBL_TM_HILICZ_Lakes_Geodes-Mendota/rawdata/20180918_KBL_TM_Lakes_Mendota_DepthDate_QE-139_HILICZ-VF1_USHXG01161_NEG_MSMS_18_ME-20171004-metabo-18_1_Rg70to1050-CE102040-13p5-S1_Run75.mzML,20180918_KBL_TM_Lakes_Mendota_DepthDate_QE-139_HILICZ-VF1_USHXG01161_NEG_MSMS_18_ME-20171004-metabo-18_1_Rg70to1050-CE102040-13p5-S1_Run75.mzML
ftp://massive-ftp.ucsd.edu/v06/MSV000093272//raw/20180918_KBL_TM_HILICZ_Lakes_Geodes-Mendota/rawdata/20180918_KBL_TM_Lakes_GEODES_All3_QE-HF_HILICZ-VF1_USHXG01161_NEG_MSMS_4_GEO-ME-20-UF_1_Rg70to1050-CE102040-0-7-S1_Run28.mzML,20180918_KBL_TM_Lakes_GEODES_All3_QE-HF_HILICZ-VF1_USHXG01161_NEG_MSMS_4_GEO-ME-20-UF_1_Rg70to1050-CE102040-0-7-S1_Run28.mzML
ftp://massive-ftp.ucsd.edu/v06/MSV000093272//raw/20180918_KBL_TM_HILICZ_Lakes_Geodes-Mendota/rawdata/20180918_KBL_TM_Lakes_Mendota_DepthDate_QE-139_HILICZ-VF1_USHXG01161_POS_MSMS_22_ME-20171004-metabo-22_1_Rg70to1050-CE102040-19p8-S1_Run86.mzML,20180918_KBL_TM_Lakes_Mendota_DepthDate_QE-139_HILICZ-VF1_USHXG01161_POS_MSMS_22_ME-20171004-metabo-22_1_Rg70to1050-CE102040-19p8-S1_Run86.mzML
ftp://massive-ftp.ucsd.edu/v06/MSV000093272//raw/20180918_KBL_TM_HILICZ_Lakes_Geodes-Mendota/rawdata/20180918_KBL_TM_Lakes_GEODES_All3_QE-HF_HILICZ-VF1_USHXG01161_NEG_MSMS_56_GEO-SP-36-F_1_Rg70to1050-CE102040-0-4-S1_Run205.mzML,20180918_KBL_TM_Lakes_GEODES_All3_QE-HF_HILICZ-VF1_USHXG01161_NEG_MSMS_56_GEO-SP-36-F_1_Rg70to1050-CE102040-0-4-S1_Run205.mzML
ftp://massive-ftp.ucsd.edu/v06/MSV000093272//raw/20180918_KBL_TM_HILICZ_Lakes_Geodes-Mendota/rawdata/20180918_KBL_TM_Lakes_GEODES_All3_QE-HF_HILICZ-VF1_USHXG01161_POS_MSMS_22_GEO-SP-44-UF_1_Rg70to1050-CE102040-0-4-S1_Run86.mzML,20180918_KBL_TM_Lakes_GEODES_All3_QE-HF_HILICZ-VF1_USHXG01161_POS_MSMS_22_GEO-SP-44-UF_1_Rg70to1050-CE102040-0-4-S1_Run86.mzML
ftp://massive-ftp.ucsd.edu/v06/MSV000093272//raw/20180918_KBL_TM_HILICZ_Lakes_Geodes-Mendota/rawdata/20180918_KBL_TM_Lakes_Mendota_DepthDate_QE-139_HILICZ-VF1_USHXG01161_POS_MSMS_8_ME-20170811-metabo-8_1_Rg70to1050-CE102040-0p5-S1_Run36.mzML,20180918_KBL_TM_Lakes_Mendota_DepthDate_QE-139_HILICZ-VF1_USHXG01161_POS_MSMS_8_ME-20170811-metabo-8_1_Rg70to1050-CE102040-0p5-S1_Run36.mzML
ftp://massive-ftp.ucsd.edu/v06/MSV000093272//raw/20180918_KBL_TM_HILICZ_Lakes_Geodes-Mendota/rawdata/20180918_KBL_TM_Lakes_GEODES_All3_QE-HF_HILICZ-VF1_USHXG01161_NEG_MSMS_14_GEO-SP-12-UF_1_Rg70to1050-CE102040-0-4-S1_Run58.mzML,20180918_KBL_TM_Lakes_GEODES_All3_QE-HF_HILICZ-VF1_USHXG01161_NEG_MSMS_14_GEO-SP-12-UF_1_Rg70to1050-CE102040-0-4-S1_Run58.mzML
ftp://massive-ftp.ucsd.edu/v06/MSV000093272//raw/20180918_KBL_TM_HILICZ_Lakes_Geodes-Mendota/rawdata/20180918_KBL_TM_Lakes_GEODES_All3_QE-HF_HILICZ-VF1_USHXG01161_NEG_MSMS_11_GEO-ME-4-UF_1_Rg70to1050-CE102040-0-7-S1_Run49.mzML,20180918_KBL_TM_Lakes_GEODES_All3_QE-HF_HILICZ-VF1_USHXG01161_NEG_MSMS_11_GEO-ME-4-UF_1_Rg70to1050-CE102040-0-7-S1_Run49.mzML
ftp://massive-ftp.ucsd.edu/v06/MSV000093272//raw/20180918_KBL_TM_HILICZ_Lakes_Geodes-Mendota/rawdata/20180918_KBL_TM_Lakes_GEODES_All3_QE-HF_HILICZ-VF1_USHXG01161_POS_MSMS_5_GEO-ME-24-UF_1_Rg70to1050-CE102040-0-7-S1_Run30.mzML,20180918_KBL_TM_Lakes_GEODES_All3_QE-HF_HILICZ-VF1_USHXG01161_POS_MSMS_5_GEO-ME-24-UF_1_Rg70to1050-CE102040-0-7-S1_Run30.mzML
ftp://massive-ftp.ucsd.edu/v06/MSV000093272//raw/20181217_KBL_TM_C18_Lakes_Geodes-Mendota_REDO/rawdata/20181217_KBL_TM_Lakes_GEODES_All3_QE-HF_C18_USDAY46918_NEG_MSMS_17_GEO-SP-24-UF_1_Rg80to1200-CE102040-0-4-S1_Run72.mzML,20181217_KBL_TM_Lakes_GEODES_All3_QE-HF_C18_USDAY46918_NEG_MSMS_17_GEO-SP-24-UF_1_Rg80to1200-CE102040-0-4-S1_Run72.mzML
ftp://massive-ftp.ucsd.edu/v06/MSV000093272//raw/20180918_KBL_TM_HILICZ_Lakes_Geodes-Mendota/rawdata/20180918_KBL_TM_Lakes_GEODES_All3_QE-HF_HILICZ-VF1_USHXG01161_POS_MSMS_53_GEO-SP-24-F_1_Rg70to1050-CE102040-0-4-S1_Run192.mzML,20180918_KBL_TM_Lakes_GEODES_All3_QE-HF_HILICZ-VF1_USHXG01161_POS_MSMS_53_GEO-SP-24-F_1_Rg70to1050-CE102040-0-4-S1_Run192.mzML
ftp://massive-ftp.ucsd.edu/v06/MSV000093272//raw/20181217_KBL_TM_C18_Lakes_Geodes-Mendota_REDO/rawdata/20181217_KBL_TM_Lakes_GEODES_All3_QE-HF_C18_USDAY46918_NEG_MSMS_38_GEO-ME-12-F_1_Rg80to1200-CE102040-0-7-S1_Run143.mzML,20181217_KBL_TM_Lakes_GEODES_All3_QE-HF_C18_USDAY46918_NEG_MSMS_38_GEO-ME-12-F_1_Rg80to1200-CE102040-0-7-S1_Run143.mzML
ftp://massive-ftp.ucsd.edu/v06/MSV000093272//raw/20181217_KBL_TM_C18_Lakes_Geodes-Mendota_REDO/rawdata/20181217_KBL_TM_Lakes_GEODES_All3_QE-HF_C18_USDAY46918_NEG_MSMS_44_GEO-ME-36-F_1_Rg80to1200-CE102040-0-7-S1_Run161.mzML,20181217_KBL_TM_Lakes_GEODES_All3_QE-HF_C18_USDAY46918_NEG_MSMS_44_GEO-ME-36-F_1_Rg80to1200-CE102040-0-7-S1_Run161.mzML
ftp://massive-ftp.ucsd.edu/v06/MSV000093272//raw/20181217_KBL_TM_C18_Lakes_Geodes-Mendota_REDO/rawdata/20181217_KBL_TM_Lakes_GEODES_All3_QE-HF_C18_USDAY46918_NEG_MSMS_40_GEO-ME-20-F_1_Rg80to1200-CE102040-0-7-S1_Run149.mzML,20181217_KBL_TM_Lakes_GEODES_All3_QE-HF_C18_USDAY46918_NEG_MSMS_40_GEO-ME-20-F_1_Rg80to1200-CE102040-0-7-S1_Run149.mzML
ftp://massive-ftp.ucsd.edu/v06/MSV000093272//raw/20181217_KBL_TM_C18_Lakes_Geodes-Mendota_REDO/rawdata/20181217_KBL_TM_Lakes_Mendota_DepthDate_QE-HF_C18_USDAY46918_POS_MSMS_22_ME-20171004-metabo-22_1_Rg80to1200-CE102040-19p8-S1_Run86.mzML,20181217_KBL_TM_Lakes_Mendota_DepthDate_QE-HF_C18_USDAY46918_POS_MSMS_22_ME-20171004-metabo-22_1_Rg80to1200-CE102040-19p8-S1_Run86.mzML
ftp://massive-ftp.ucsd.edu/v06/MSV000093272//raw/20180918_KBL_TM_HILICZ_Lakes_Geodes-Mendota/rawdata/20180918_KBL_TM_Lakes_GEODES_All3_QE-HF_HILICZ-VF1_USHXG01161_NEG_MSMS_62_GEO-TB-12-F_1_Rg70to1050-CE102040-0-1-S1_Run228.mzML,20180918_KBL_TM_Lakes_GEODES_All3_QE-HF_HILICZ-VF1_USHXG01161_NEG_MSMS_62_GEO-TB-12-F_1_Rg70to1050-CE102040-0-1-S1_Run228.mzML
ftp://massive-ftp.ucsd.edu/v06/MSV000093272//raw/20181217_KBL_TM_C18_Lakes_Geodes-Mendota_REDO/rawdata/20181217_KBL_TM_Lakes_GEODES_All3_QE-HF_C18_USDAY46918_POS_MSMS_62_GEO-TB-12-F_1_Rg80to1200-CE102040-0-1-S1_Run227.mzML,20181217_KBL_TM_Lakes_GEODES_All3_QE-HF_C18_USDAY46918_POS_MSMS_62_GEO-TB-12-F_1_Rg80to1200-CE102040-0-1-S1_Run227.mzML
ftp://massive-ftp.ucsd.edu/v06/MSV000093272//raw/20181217_KBL_TM_C18_Lakes_Geodes-Mendota_REDO/rawdata/20181217_KBL_TM_Lakes_GEODES_All3_QE-HF_C18_USDAY46918_NEG_MSMS_19_GEO-SP-32-UF_1_Rg80to1200-CE102040-0-4-S1_Run78.mzML,20181217_KBL_TM_Lakes_GEODES_All3_QE-HF_C18_USDAY46918_NEG_MSMS_19_GEO-SP-32-UF_1_Rg80to1200-CE102040-0-4-S1_Run78.mzML
ftp://massive-ftp.ucsd.edu/v06/MSV000093272//raw/20180918_KBL_TM_HILICZ_Lakes_Geodes-Mendota/rawdata/20180918_KBL_TM_Lakes_GEODES_All3_QE-HF_HILICZ-VF1_USHXG01161_POS_MSMS_41_GEO-ME-24-F_1_Rg70to1050-CE102040-0-7-S1_Run151.mzML,20180918_KBL_TM_Lakes_GEODES_All3_QE-HF_HILICZ-VF1_USHXG01161_POS_MSMS_41_GEO-ME-24-F_1_Rg70to1050-CE102040-0-7-S1_Run151.mzML
ftp://massive-ftp.ucsd.edu/v06/MSV000093272//raw/20181217_KBL_TM_C18_Lakes_Geodes-Mendota_REDO/rawdata/20181217_KBL_TM_Lakes_GEODES_All3_QE-HF_C18_USDAY46918_NEG_MSMS_5_GEO-ME-24-UF_1_Rg80to1200-CE102040-0-7-S1_Run31.mzML,20181217_KBL_TM_Lakes_GEODES_All3_QE-HF_C18_USDAY46918_NEG_MSMS_5_GEO-ME-24-UF_1_Rg80to1200-CE102040-0-7-S1_Run31.mzML
ftp://massive-ftp.ucsd.edu/v06/MSV000093272//raw/20181217_KBL_TM_C18_Lakes_Geodes-Mendota_REDO/rawdata/20181217_KBL_TM_Lakes_GEODES_All3_QE-HF_C18_USDAY46918_NEG_MSMS_10_GEO-ME-44-UF_1_Rg80to1200-CE102040-0-7-S1_Run46.mzML,20181217_KBL_TM_Lakes_GEODES_All3_QE-HF_C18_USDAY46918_NEG_MSMS_10_GEO-ME-44-UF_1_Rg80to1200-CE102040-0-7-S1_Run46.mzML
ftp://massive-ftp.ucsd.edu/v06/MSV000093272//raw/20180918_KBL_TM_HILICZ_Lakes_Geodes-Mendota/rawdata/20180918_KBL_TM_Lakes_Mendota_DepthDate_QE-139_HILICZ-VF1_USHXG01161_NEG_MSMS_16_ME-20170908-metabo-16_1_Rg70to1050-CE102040-0p1-S1_Run64.mzML,20180918_KBL_TM_Lakes_Mendota_DepthDate_QE-139_HILICZ-VF1_USHXG01161_NEG_MSMS_16_ME-20170908-metabo-16_1_Rg70to1050-CE102040-0p1-S1_Run64.mzML
ftp://massive-ftp.ucsd.edu/v06/MSV000093272//raw/20180918_KBL_TM_HILICZ_Lakes_Geodes-Mendota/rawdata/20180918_KBL_TM_Lakes_GEODES_All3_QE-HF_HILICZ-VF1_USHXG01161_NEG_MSMS_50_GEO-SP-12-F_1_Rg70to1050-CE102040-0-4-S1_Run184.mzML,20180918_KBL_TM_Lakes_GEODES_All3_QE-HF_HILICZ-VF1_USHXG01161_NEG_MSMS_50_GEO-SP-12-F_1_Rg70to1050-CE102040-0-4-S1_Run184.mzML
ftp://massive-ftp.ucsd.edu/v06/MSV000093272//raw/20181217_KBL_TM_C18_Lakes_Geodes-Mendota_REDO/rawdata/20181217_KBL_TM_Lakes_Mendota_DepthDate_QE-HF_C18_USDAY46918_POS_MSMS_8_ME-20170811-metabo-8_1_Rg80to1200-CE102040-0p5-S1_Run36.mzML,20181217_KBL_TM_Lakes_Mendota_DepthDate_QE-HF_C18_USDAY46918_POS_MSMS_8_ME-20170811-metabo-8_1_Rg80to1200-CE102040-0p5-S1_Run36.mzML
ftp://massive-ftp.ucsd.edu/v06/MSV000093272//raw/20180918_KBL_TM_HILICZ_Lakes_Geodes-Mendota/rawdata/20180918_KBL_TM_Lakes_GEODES_All3_QE-HF_HILICZ-VF1_USHXG01161_POS_MSMS_35_GEO-TB-4-UF_1_Rg70to1050-CE102040-0-1-S1_Run133.mzML,20180918_KBL_TM_Lakes_GEODES_All3_QE-HF_HILICZ-VF1_USHXG01161_POS_MSMS_35_GEO-TB-4-UF_1_Rg70to1050-CE102040-0-1-S1_Run133.mzML
ftp://massive-ftp.ucsd.edu/v06/MSV000093272//raw/20180918_KBL_TM_HILICZ_Lakes_Geodes-Mendota/rawdata/20180918_KBL_TM_Lakes_GEODES_All3_QE-HF_HILICZ-VF1_USHXG01161_NEG_MSMS_29_GEO-TB-24-UF_1_Rg70to1050-CE102040-0-1-S1_Run111.mzML,20180918_KBL_TM_Lakes_GEODES_All3_QE-HF_HILICZ-VF1_USHXG01161_NEG_MSMS_29_GEO-TB-24-UF_1_Rg70to1050-CE102040-0-1-S1_Run111.mzML
ftp://massive-ftp.ucsd.edu/v06/MSV000093272//raw/20181217_KBL_TM_C18_Lakes_Geodes-Mendota_REDO/rawdata/20181217_KBL_TM_Lakes_GEODES_All3_QE-HF_C18_USDAY46918_POS_MSMS_51_GEO-SP-16-F_1_Rg80to1200-CE102040-0-4-S1_Run186.mzML,20181217_KBL_TM_Lakes_GEODES_All3_QE-HF_C18_USDAY46918_POS_MSMS_51_GEO-SP-16-F_1_Rg80to1200-CE102040-0-4-S1_Run186.mzML
ftp://massive-ftp.ucsd.edu/v06/MSV000093272//raw/20180918_KBL_TM_HILICZ_Lakes_Geodes-Mendota/rawdata/20180918_KBL_TM_Lakes_GEODES_All3_QE-HF_HILICZ-VF1_USHXG01161_NEG_MSMS_32_GEO-TB-36-UF_1_Rg70to1050-CE102040-0-1-S1_Run125.mzML,20180918_KBL_TM_Lakes_GEODES_All3_QE-HF_HILICZ-VF1_USHXG01161_NEG_MSMS_32_GEO-TB-36-UF_1_Rg70to1050-CE102040-0-1-S1_Run125.mzML
ftp://massive-ftp.ucsd.edu/v06/MSV000093272//raw/20181217_KBL_TM_C18_Lakes_Geodes-Mendota_REDO/rawdata/20181217_KBL_TM_Lakes_Mendota_DepthDate_QE-HF_C18_USDAY46918_POS_MSMS_5_ME-20170811-metabo-5_1_Rg80to1200-CE102040-11p5-S1_Run27.mzML,20181217_KBL_TM_Lakes_Mendota_DepthDate_QE-HF_C18_USDAY46918_POS_MSMS_5_ME-20170811-metabo-5_1_Rg80to1200-CE102040-11p5-S1_Run27.mzML
ftp://massive-ftp.ucsd.edu/v06/MSV000093272//raw/20181217_KBL_TM_C18_Lakes_Geodes-Mendota_REDO/rawdata/20181217_KBL_TM_Lakes_Mendota_DepthDate_QE-HF_C18_USDAY46918_POS_MSMS_27_ME-20171019-metabo-27_1_Rg80to1200-CE102040-17p8-S1_Run104.mzML,20181217_KBL_TM_Lakes_Mendota_DepthDate_QE-HF_C18_USDAY46918_POS_MSMS_27_ME-20171019-metabo-27_1_Rg80to1200-CE102040-17p8-S1_Run104.mzML
ftp://massive-ftp.ucsd.edu/v06/MSV000093272//raw/20180918_KBL_TM_HILICZ_Lakes_Geodes-Mendota/rawdata/20180918_KBL_TM_Lakes_GEODES_All3_QE-HF_HILICZ-VF1_USHXG01161_NEG_MSMS_68_GEO-TB-36-F_1_Rg70to1050-CE102040-0-1-S1_Run246.mzML,20180918_KBL_TM_Lakes_GEODES_All3_QE-HF_HILICZ-VF1_USHXG01161_NEG_MSMS_68_GEO-TB-36-F_1_Rg70to1050-CE102040-0-1-S1_Run246.mzML
ftp://massive-ftp.ucsd.edu/v06/MSV000093272//raw/20180918_KBL_TM_HILICZ_Lakes_Geodes-Mendota/rawdata/20180918_KBL_TM_Lakes_Mendota_DepthDate_QE-139_HILICZ-VF1_USHXG01161_NEG_MSMS_11_ME-20170908-metabo-11_1_Rg70to1050-CE102040-16p1-S1_Run46.mzML,20180918_KBL_TM_Lakes_Mendota_DepthDate_QE-139_HILICZ-VF1_USHXG01161_NEG_MSMS_11_ME-20170908-metabo-11_1_Rg70to1050-CE102040-16p1-S1_Run46.mzML
ftp://massive-ftp.ucsd.edu/v06/MSV000093272//raw/20181217_KBL_TM_C18_Lakes_Geodes-Mendota_REDO/rawdata/20181217_KBL_TM_Lakes_GEODES_All3_QE-HF_C18_USDAY46918_POS_MSMS_5_GEO-ME-24-UF_1_Rg80to1200-CE102040-0-7-S1_Run30.mzML,20181217_KBL_TM_Lakes_GEODES_All3_QE-HF_C18_USDAY46918_POS_MSMS_5_GEO-ME-24-UF_1_Rg80to1200-CE102040-0-7-S1_Run30.mzML
ftp://massive-ftp.ucsd.edu/v06/MSV000093272//raw/20181217_KBL_TM_C18_Lakes_Geodes-Mendota_REDO/rawdata/20181217_KBL_TM_Lakes_GEODES_All3_QE-HF_C18_USDAY46918_POS_MSMS_31_GEO-TB-32-UF_1_Rg80to1200-CE102040-0-1-S1_Run121.mzML,20181217_KBL_TM_Lakes_GEODES_All3_QE-HF_C18_USDAY46918_POS_MSMS_31_GEO-TB-32-UF_1_Rg80to1200-CE102040-0-1-S1_Run121.mzML
ftp://massive-ftp.ucsd.edu/v06/MSV000093272//raw/20181217_KBL_TM_C18_Lakes_Geodes-Mendota_REDO/rawdata/20181217_KBL_TM_Lakes_Mendota_DepthDate_QE-HF_C18_USDAY46918_NEG_MSMS_3_ME-20170811-metabo-3_1_Rg80to1200-CE102040-15p3-S1_Run22.mzML,20181217_KBL_TM_Lakes_Mendota_DepthDate_QE-HF_C18_USDAY46918_NEG_MSMS_3_ME-20170811-metabo-3_1_Rg80to1200-CE102040-15p3-S1_Run22.mzML
ftp://massive-ftp.ucsd.edu/v06/MSV000093272//raw/20180918_KBL_TM_HILICZ_Lakes_Geodes-Mendota/rawdata/20180918_KBL_TM_Lakes_GEODES_All3_QE-HF_HILICZ-VF1_USHXG01161_NEG_MSMS_6_GEO-ME-28-UF_1_Rg70to1050-CE102040-0-7-S1_Run34.mzML,20180918_KBL_TM_Lakes_GEODES_All3_QE-HF_HILICZ-VF1_USHXG01161_NEG_MSMS_6_GEO-ME-28-UF_1_Rg70to1050-CE102040-0-7-S1_Run34.mzML
ftp://massive-ftp.ucsd.edu/v06/MSV000093272//raw/20160526_KBL_pHILIC_WisLake_pilot/rawdata/20160526_HILIC___NEG_MSMS_KBL_Qex_UV_Lake_ExtractionBlank______Run6.mzML,20160526_HILIC___NEG_MSMS_KBL_Qex_UV_Lake_ExtractionBlank______Run6.mzML
ftp://massive-ftp.ucsd.edu/v06/MSV000093272//raw/20180918_KBL_TM_HILICZ_Lakes_Geodes-Mendota/rawdata/20180918_KBL_TM_Lakes_Mendota_DepthDate_QE-139_HILICZ-VF1_USHXG01161_NEG_MSMS_14_ME-20170908-metabo-14_1_Rg70to1050-CE102040-12p5-S1_Run58.mzML,20180918_KBL_TM_Lakes_Mendota_DepthDate_QE-139_HILICZ-VF1_USHXG01161_NEG_MSMS_14_ME-20170908-metabo-14_1_Rg70to1050-CE102040-12p5-S1_Run58.mzML
ftp://massive-ftp.ucsd.edu/v06/MSV000093272//raw/20181217_KBL_TM_C18_Lakes_Geodes-Mendota_REDO/rawdata/20181217_KBL_TM_Lakes_GEODES_All3_QE-HF_C18_USDAY46918_NEG_MSMS_34_GEO-TB-44-UF_1_Rg80to1200-CE102040-0-1-S1_Run131.mzML,20181217_KBL_TM_Lakes_GEODES_All3_QE-HF_C18_USDAY46918_NEG_MSMS_34_GEO-TB-44-UF_1_Rg80to1200-CE102040-0-1-S1_Run131.mzML
ftp://massive-ftp.ucsd.edu/v06/MSV000093272//raw/20181217_KBL_TM_C18_Lakes_Geodes-Mendota_REDO/rawdata/20181217_KBL_TM_Lakes_GEODES_All3_QE-HF_C18_USDAY46918_POS_MSMS_25_GEO-TB-0-UF_1_Rg80to1200-CE102040-0-1-S1_Run95.mzML,20181217_KBL_TM_Lakes_GEODES_All3_QE-HF_C18_USDAY46918_POS_MSMS_25_GEO-TB-0-UF_1_Rg80to1200-CE102040-0-1-S1_Run95.mzML
ftp://massive-ftp.ucsd.edu/v06/MSV000093272//raw/20181217_KBL_TM_C18_Lakes_Geodes-Mendota_REDO/rawdata/20181217_KBL_TM_Lakes_GEODES_All3_QE-HF_C18_USDAY46918_NEG_MSMS_65_GEO-TB-24-F_1_Rg80to1200-CE102040-0-1-S1_Run237.mzML,20181217_KBL_TM_Lakes_GEODES_All3_QE-HF_C18_USDAY46918_NEG_MSMS_65_GEO-TB-24-F_1_Rg80to1200-CE102040-0-1-S1_Run237.mzML
ftp://massive-ftp.ucsd.edu/v06/MSV000093272//raw/20180918_KBL_TM_HILICZ_Lakes_Geodes-Mendota/rawdata/20180918_KBL_TM_Lakes_GEODES_All3_QE-HF_HILICZ-VF1_USHXG01161_NEG_MSMS_63_GEO-TB-16-F_1_Rg70to1050-CE102040-0-1-S1_Run231.mzML,20180918_KBL_TM_Lakes_GEODES_All3_QE-HF_HILICZ-VF1_USHXG01161_NEG_MSMS_63_GEO-TB-16-F_1_Rg70to1050-CE102040-0-1-S1_Run231.mzML
ftp://massive-ftp.ucsd.edu/v06/MSV000093272//raw/20160526_KBL_pHILIC_WisLake_pilot/rawdata/20160526_HILIC___NEG_MSMS_KBL_Qex_UV_Lake_Sparkling______Run12.mzML,20160526_HILIC___NEG_MSMS_KBL_Qex_UV_Lake_Sparkling______Run12.mzML
ftp://massive-ftp.ucsd.edu/v06/MSV000093272//raw/20181217_KBL_TM_C18_Lakes_Geodes-Mendota_REDO/rawdata/20181217_KBL_TM_Lakes_GEODES_All3_QE-HF_C18_USDAY46918_NEG_MSMS_70_GEO-TB-44-F_1_Rg80to1200-CE102040-0-1-S1_Run252.mzML,20181217_KBL_TM_Lakes_GEODES_All3_QE-HF_C18_USDAY46918_NEG_MSMS_70_GEO-TB-44-F_1_Rg80to1200-CE102040-0-1-S1_Run252.mzML
ftp://massive-ftp.ucsd.edu/v06/MSV000093272//raw/20180918_KBL_TM_HILICZ_Lakes_Geodes-Mendota/rawdata/20180918_KBL_TM_Lakes_Mendota_DepthDate_QE-139_HILICZ-VF1_USHXG01161_NEG_MSMS_12_ME-20170908-metabo-12_1_Rg70to1050-CE102040-14p5-S1_Run52.mzML,20180918_KBL_TM_Lakes_Mendota_DepthDate_QE-139_HILICZ-VF1_USHXG01161_NEG_MSMS_12_ME-20170908-metabo-12_1_Rg70to1050-CE102040-14p5-S1_Run52.mzML
ftp://massive-ftp.ucsd.edu/v06/MSV000093272//raw/20180918_KBL_TM_HILICZ_Lakes_Geodes-Mendota/rawdata/20180918_KBL_TM_Lakes_GEODES_All3_QE-HF_HILICZ-VF1_USHXG01161_POS_MSMS_6_GEO-ME-28-UF_1_Rg70to1050-CE102040-0-7-S1_Run33.mzML,20180918_KBL_TM_Lakes_GEODES_All3_QE-HF_HILICZ-VF1_USHXG01161_POS_MSMS_6_GEO-ME-28-UF_1_Rg70to1050-CE102040-0-7-S1_Run33.mzML
ftp://massive-ftp.ucsd.edu/v06/MSV000093272//raw/20180918_KBL_TM_HILICZ_Lakes_Geodes-Mendota/rawdata/20180918_KBL_TM_Lakes_Mendota_DepthDate_QE-139_HILICZ-VF1_USHXG01161_POS_MSMS_18_ME-20171004-metabo-18_1_Rg70to1050-CE102040-13p5-S1_Run74.mzML,20180918_KBL_TM_Lakes_Mendota_DepthDate_QE-139_HILICZ-VF1_USHXG01161_POS_MSMS_18_ME-20171004-metabo-18_1_Rg70to1050-CE102040-13p5-S1_Run74.mzML
ftp://massive-ftp.ucsd.edu/v06/MSV000093272//raw/20180918_KBL_TM_HILICZ_Lakes_Geodes-Mendota/rawdata/20180918_KBL_TM_Lakes_GEODES_All3_QE-HF_HILICZ-VF1_USHXG01161_NEG_MSMS_38_GEO-ME-12-F_1_Rg70to1050-CE102040-0-7-S1_Run143.mzML,20180918_KBL_TM_Lakes_GEODES_All3_QE-HF_HILICZ-VF1_USHXG01161_NEG_MSMS_38_GEO-ME-12-F_1_Rg70to1050-CE102040-0-7-S1_Run143.mzML
ftp://massive-ftp.ucsd.edu/v06/MSV000093272//raw/20180918_KBL_TM_HILICZ_Lakes_Geodes-Mendota/rawdata/20180918_KBL_TM_Lakes_GEODES_All3_QE-HF_HILICZ-VF1_USHXG01161_POS_MSMS_3_GEO-ME-16-UF_1_Rg70to1050-CE102040-0-7-S1_Run24.mzML,20180918_KBL_TM_Lakes_GEODES_All3_QE-HF_HILICZ-VF1_USHXG01161_POS_MSMS_3_GEO-ME-16-UF_1_Rg70to1050-CE102040-0-7-S1_Run24.mzML
ftp://massive-ftp.ucsd.edu/v06/MSV000093272//raw/20180918_KBL_TM_HILICZ_Lakes_Geodes-Mendota/rawdata/20180918_KBL_TM_Lakes_GEODES_All3_QE-HF_HILICZ-VF1_USHXG01161_NEG_MSMS_20_GEO-SP-36-UF_1_Rg70to1050-CE102040-0-4-S1_Run81.mzML,20180918_KBL_TM_Lakes_GEODES_All3_QE-HF_HILICZ-VF1_USHXG01161_NEG_MSMS_20_GEO-SP-36-UF_1_Rg70to1050-CE102040-0-4-S1_Run81.mzML
ftp://massive-ftp.ucsd.edu/v06/MSV000093272//raw/20180918_KBL_TM_HILICZ_Lakes_Geodes-Mendota/rawdata/20180918_KBL_TM_Lakes_Mendota_DepthDate_QE-139_HILICZ-VF1_USHXG01161_NEG_MSMS_10_ME-20170908-metabo-10_1_Rg70to1050-CE102040-18-S1_Run43.mzML,20180918_KBL_TM_Lakes_Mendota_DepthDate_QE-139_HILICZ-VF1_USHXG01161_NEG_MSMS_10_ME-20170908-metabo-10_1_Rg70to1050-CE102040-18-S1_Run43.mzML
ftp://massive-ftp.ucsd.edu/v06/MSV000093272//raw/20180918_KBL_TM_HILICZ_Lakes_Geodes-Mendota/rawdata/20180918_KBL_TM_Lakes_Mendota_DepthDate_QE-139_HILICZ-VF1_USHXG01161_POS_MSMS_31_ME-20171101-metabo-31_1_Rg70to1050-CE102040-20-S1_Run116.mzML,20180918_KBL_TM_Lakes_Mendota_DepthDate_QE-139_HILICZ-VF1_USHXG01161_POS_MSMS_31_ME-20171101-metabo-31_1_Rg70to1050-CE102040-20-S1_Run116.mzML
ftp://massive-ftp.ucsd.edu/v06/MSV000093272//raw/20180918_KBL_TM_HILICZ_Lakes_Geodes-Mendota/rawdata/20180918_KBL_TM_Lakes_GEODES_All3_QE-HF_HILICZ-VF1_USHXG01161_POS_MSMS_2_GEO-ME-12-UF_1_Rg70to1050-CE102040-0-7-S1_Run21.mzML,20180918_KBL_TM_Lakes_GEODES_All3_QE-HF_HILICZ-VF1_USHXG01161_POS_MSMS_2_GEO-ME-12-UF_1_Rg70to1050-CE102040-0-7-S1_Run21.mzML
ftp://massive-ftp.ucsd.edu/v06/MSV000093272//raw/20181217_KBL_TM_C18_Lakes_Geodes-Mendota_REDO/rawdata/20181217_KBL_TM_Lakes_GEODES_All3_QE-HF_C18_USDAY46918_NEG_MSMS_45_GEO-ME-40-F_1_Rg80to1200-CE102040-0-7-S1_Run164.mzML,20181217_KBL_TM_Lakes_GEODES_All3_QE-HF_C18_USDAY46918_NEG_MSMS_45_GEO-ME-40-F_1_Rg80to1200-CE102040-0-7-S1_Run164.mzML
ftp://massive-ftp.ucsd.edu/v06/MSV000093272//raw/20181217_KBL_TM_C18_Lakes_Geodes-Mendota_REDO/rawdata/20181217_KBL_TM_Lakes_GEODES_All3_QE-HF_C18_USDAY46918_NEG_MSMS_46_GEO-ME-44-F_1_Rg80to1200-CE102040-0-7-S1_Run172.mzML,20181217_KBL_TM_Lakes_GEODES_All3_QE-HF_C18_USDAY46918_NEG_MSMS_46_GEO-ME-44-F_1_Rg80to1200-CE102040-0-7-S1_Run172.mzML
ftp://massive-ftp.ucsd.edu/v06/MSV000093272//raw/20180918_KBL_TM_HILICZ_Lakes_Geodes-Mendota/rawdata/20180918_KBL_TM_Lakes_GEODES_All3_QE-HF_HILICZ-VF1_USHXG01161_NEG_MSMS_25_GEO-TB-0-UF_1_Rg70to1050-CE102040-0-1-S1_Run96.mzML,20180918_KBL_TM_Lakes_GEODES_All3_QE-HF_HILICZ-VF1_USHXG01161_NEG_MSMS_25_GEO-TB-0-UF_1_Rg70to1050-CE102040-0-1-S1_Run96.mzML
ftp://massive-ftp.ucsd.edu/v06/MSV000093272//raw/20181217_KBL_TM_C18_Lakes_Geodes-Mendota_REDO/rawdata/20181217_KBL_TM_Lakes_GEODES_All3_QE-HF_C18_USDAY46918_POS_MSMS_6_GEO-ME-28-UF_1_Rg80to1200-CE102040-0-7-S1_Run33.mzML,20181217_KBL_TM_Lakes_GEODES_All3_QE-HF_C18_USDAY46918_POS_MSMS_6_GEO-ME-28-UF_1_Rg80to1200-CE102040-0-7-S1_Run33.mzML
ftp://massive-ftp.ucsd.edu/v06/MSV000093272//raw/20180918_KBL_TM_HILICZ_Lakes_Geodes-Mendota/rawdata/20180918_KBL_TM_Lakes_Mendota_DepthDate_QE-139_HILICZ-VF1_USHXG01161_POS_MSMS_6_ME-20170811-metabo-6_1_Rg70to1050-CE102040-10p3-S1_Run30.mzML,20180918_KBL_TM_Lakes_Mendota_DepthDate_QE-139_HILICZ-VF1_USHXG01161_POS_MSMS_6_ME-20170811-metabo-6_1_Rg70to1050-CE102040-10p3-S1_Run30.mzML
ftp://massive-ftp.ucsd.edu/v06/MSV000093272//raw/20181217_KBL_TM_C18_Lakes_Geodes-Mendota_REDO/rawdata/20181217_KBL_TM_Lakes_Mendota_DepthDate_QE-HF_C18_USDAY46918_NEG_MSMS_16_ME-20170908-metabo-16_1_Rg80to1200-CE102040-0p1-S1_Run64.mzML,20181217_KBL_TM_Lakes_Mendota_DepthDate_QE-HF_C18_USDAY46918_NEG_MSMS_16_ME-20170908-metabo-16_1_Rg80to1200-CE102040-0p1-S1_Run64.mzML
ftp://massive-ftp.ucsd.edu/v06/MSV000093272//raw/20181217_KBL_TM_C18_Lakes_Geodes-Mendota_REDO/rawdata/20181217_KBL_TM_Lakes_GEODES_All3_QE-HF_C18_USDAY46918_POS_MSMS_12_GEO-ME-8-UF_1_Rg80to1200-CE102040-0-7-S1_Run51.mzML,20181217_KBL_TM_Lakes_GEODES_All3_QE-HF_C18_USDAY46918_POS_MSMS_12_GEO-ME-8-UF_1_Rg80to1200-CE102040-0-7-S1_Run51.mzML
ftp://massive-ftp.ucsd.edu/v06/MSV000093272//raw/20180918_KBL_TM_HILICZ_Lakes_Geodes-Mendota/rawdata/20180918_KBL_TM_Lakes_GEODES_All3_QE-HF_HILICZ-VF1_USHXG01161_POS_MSMS_16_GEO-SP-20-UF_1_Rg70to1050-CE102040-0-4-S1_Run68.mzML,20180918_KBL_TM_Lakes_GEODES_All3_QE-HF_HILICZ-VF1_USHXG01161_POS_MSMS_16_GEO-SP-20-UF_1_Rg70to1050-CE102040-0-4-S1_Run68.mzML
ftp://massive-ftp.ucsd.edu/v06/MSV000093272//raw/20180918_KBL_TM_HILICZ_Lakes_Geodes-Mendota/rawdata/20180918_KBL_TM_Lakes_Mendota_DepthDate_QE-139_HILICZ-VF1_USHXG01161_POS_MSMS_35_ExCtrl-JGI_3_Rg70to1050-CE102040-ExCtrl-S1_Run89.mzML,20180918_KBL_TM_Lakes_Mendota_DepthDate_QE-139_HILICZ-VF1_USHXG01161_POS_MSMS_35_ExCtrl-JGI_3_Rg70to1050-CE102040-ExCtrl-S1_Run89.mzML
ftp://massive-ftp.ucsd.edu/v06/MSV000093272//raw/20181217_KBL_TM_C18_Lakes_Geodes-Mendota_REDO/rawdata/20181217_KBL_TM_Lakes_GEODES_All3_QE-HF_C18_USDAY46918_NEG_MSMS_14_GEO-SP-12-UF_1_Rg80to1200-CE102040-0-4-S1_Run58.mzML,20181217_KBL_TM_Lakes_GEODES_All3_QE-HF_C18_USDAY46918_NEG_MSMS_14_GEO-SP-12-UF_1_Rg80to1200-CE102040-0-4-S1_Run58.mzML
ftp://massive-ftp.ucsd.edu/v06/MSV000093272//raw/20181217_KBL_TM_C18_Lakes_Geodes-Mendota_REDO/rawdata/20181217_KBL_TM_Lakes_GEODES_All3_QE-HF_C18_USDAY46918_NEG_MSMS_9_GEO-ME-40-UF_1_Rg80to1200-CE102040-0-7-S1_Run43.mzML,20181217_KBL_TM_Lakes_GEODES_All3_QE-HF_C18_USDAY46918_NEG_MSMS_9_GEO-ME-40-UF_1_Rg80to1200-CE102040-0-7-S1_Run43.mzML
ftp://massive-ftp.ucsd.edu/v06/MSV000093272//raw/20180918_KBL_TM_HILICZ_Lakes_Geodes-Mendota/rawdata/20180918_KBL_TM_Lakes_GEODES_All3_QE-HF_HILICZ-VF1_USHXG01161_POS_MSMS_19_GEO-SP-32-UF_1_Rg70to1050-CE102040-0-4-S1_Run77.mzML,20180918_KBL_TM_Lakes_GEODES_All3_QE-HF_HILICZ-VF1_USHXG01161_POS_MSMS_19_GEO-SP-32-UF_1_Rg70to1050-CE102040-0-4-S1_Run77.mzML
ftp://massive-ftp.ucsd.edu/v06/MSV000093272//raw/20180918_KBL_TM_HILICZ_Lakes_Geodes-Mendota/rawdata/20180918_KBL_TM_Lakes_GEODES_All3_QE-HF_HILICZ-VF1_USHXG01161_NEG_MSMS_43_GEO-ME-32-F_1_Rg70to1050-CE102040-0-7-S1_Run158.mzML,20180918_KBL_TM_Lakes_GEODES_All3_QE-HF_HILICZ-VF1_USHXG01161_NEG_MSMS_43_GEO-ME-32-F_1_Rg70to1050-CE102040-0-7-S1_Run158.mzML
ftp://massive-ftp.ucsd.edu/v06/MSV000093272//raw/20180918_KBL_TM_HILICZ_Lakes_Geodes-Mendota/rawdata/20180918_KBL_TM_Lakes_GEODES_All3_QE-HF_HILICZ-VF1_USHXG01161_NEG_MSMS_47_GEO-ME-4-F_1_Rg70to1050-CE102040-0-7-S1_Run175.mzML,20180918_KBL_TM_Lakes_GEODES_All3_QE-HF_HILICZ-VF1_USHXG01161_NEG_MSMS_47_GEO-ME-4-F_1_Rg70to1050-CE102040-0-7-S1_Run175.mzML
ftp://massive-ftp.ucsd.edu/v06/MSV000093272//raw/20181217_KBL_TM_C18_Lakes_Geodes-Mendota_REDO/rawdata/20181217_KBL_TM_Lakes_GEODES_All3_QE-HF_C18_USDAY46918_POS_MSMS_44_GEO-ME-36-F_1_Rg80to1200-CE102040-0-7-S1_Run160.mzML,20181217_KBL_TM_Lakes_GEODES_All3_QE-HF_C18_USDAY46918_POS_MSMS_44_GEO-ME-36-F_1_Rg80to1200-CE102040-0-7-S1_Run160.mzML
ftp://massive-ftp.ucsd.edu/v06/MSV000093272//raw/20181217_KBL_TM_C18_Lakes_Geodes-Mendota_REDO/rawdata/20181217_KBL_TM_Lakes_GEODES_All3_QE-HF_C18_USDAY46918_NEG_MSMS_73_ExCtrl-User_1_Rg80to1200-CE102040-ExCtrl-S1_Run13.mzML,20181217_KBL_TM_Lakes_GEODES_All3_QE-HF_C18_USDAY46918_NEG_MSMS_73_ExCtrl-User_1_Rg80to1200-CE102040-ExCtrl-S1_Run13.mzML
ftp://massive-ftp.ucsd.edu/v06/MSV000093272//raw/20180918_KBL_TM_HILICZ_Lakes_Geodes-Mendota/rawdata/20180918_KBL_TM_Lakes_Mendota_DepthDate_QE-139_HILICZ-VF1_USHXG01161_NEG_MSMS_3_ME-20170811-metabo-3_1_Rg70to1050-CE102040-15p3-S1_Run22.mzML,20180918_KBL_TM_Lakes_Mendota_DepthDate_QE-139_HILICZ-VF1_USHXG01161_NEG_MSMS_3_ME-20170811-metabo-3_1_Rg70to1050-CE102040-15p3-S1_Run22.mzML
ftp://massive-ftp.ucsd.edu/v06/MSV000093272//raw/20181217_KBL_TM_C18_Lakes_Geodes-Mendota_REDO/rawdata/20181217_KBL_TM_Lakes_Mendota_DepthDate_QE-HF_C18_USDAY46918_POS_MSMS_16_ME-20170908-metabo-16_1_Rg80to1200-CE102040-0p1-S1_Run63.mzML,20181217_KBL_TM_Lakes_Mendota_DepthDate_QE-HF_C18_USDAY46918_POS_MSMS_16_ME-20170908-metabo-16_1_Rg80to1200-CE102040-0p1-S1_Run63.mzML
ftp://massive-ftp.ucsd.edu/v06/MSV000093272//raw/20181217_KBL_TM_C18_Lakes_Geodes-Mendota_REDO/rawdata/20181217_KBL_TM_Lakes_GEODES_All3_QE-HF_C18_USDAY46918_POS_MSMS_34_GEO-TB-44-UF_1_Rg80to1200-CE102040-0-1-S1_Run130.mzML,20181217_KBL_TM_Lakes_GEODES_All3_QE-HF_C18_USDAY46918_POS_MSMS_34_GEO-TB-44-UF_1_Rg80to1200-CE102040-0-1-S1_Run130.mzML
ftp://massive-ftp.ucsd.edu/v06/MSV000093272//raw/20181217_KBL_TM_C18_Lakes_Geodes-Mendota_REDO/rawdata/20181217_KBL_TM_Lakes_Mendota_DepthDate_QE-HF_C18_USDAY46918_NEG_MSMS_9_ME-20170908-metabo-9_1_Rg80to1200-CE102040-22p2-S1_Run40.mzML,20181217_KBL_TM_Lakes_Mendota_DepthDate_QE-HF_C18_USDAY46918_NEG_MSMS_9_ME-20170908-metabo-9_1_Rg80to1200-CE102040-22p2-S1_Run40.mzML
ftp://massive-ftp.ucsd.edu/v06/MSV000093272//raw/20160526_KBL_pHILIC_WisLake_pilot/rawdata/20160526_HILIC___POS_MSMS_KBL_Qex_UV_Lake_Sparkling______Run11.mzML,20160526_HILIC___POS_MSMS_KBL_Qex_UV_Lake_Sparkling______Run11.mzML
ftp://massive-ftp.ucsd.edu/v06/MSV000093272//raw/20181217_KBL_TM_C18_Lakes_Geodes-Mendota_REDO/rawdata/20181217_KBL_TM_Lakes_GEODES_All3_QE-HF_C18_USDAY46918_NEG_MSMS_13_GEO-SP-0-UF_1_Rg80to1200-CE102040-0-4-S1_Run55.mzML,20181217_KBL_TM_Lakes_GEODES_All3_QE-HF_C18_USDAY46918_NEG_MSMS_13_GEO-SP-0-UF_1_Rg80to1200-CE102040-0-4-S1_Run55.mzML
ftp://massive-ftp.ucsd.edu/v06/MSV000093272//raw/20160526_KBL_pHILIC_WisLake_pilot/rawdata/20160526_HILIC___NEG_MSMS_KBL_Qex_UV_Lake_TroutBob______Run15.mzML,20160526_HILIC___NEG_MSMS_KBL_Qex_UV_Lake_TroutBob______Run15.mzML
ftp://massive-ftp.ucsd.edu/v06/MSV000093272//raw/20180918_KBL_TM_HILICZ_Lakes_Geodes-Mendota/rawdata/20180918_KBL_TM_Lakes_GEODES_All3_QE-HF_HILICZ-VF1_USHXG01161_POS_MSMS_29_GEO-TB-24-UF_1_Rg70to1050-CE102040-0-1-S1_Run110.mzML,20180918_KBL_TM_Lakes_GEODES_All3_QE-HF_HILICZ-VF1_USHXG01161_POS_MSMS_29_GEO-TB-24-UF_1_Rg70to1050-CE102040-0-1-S1_Run110.mzML
ftp://massive-ftp.ucsd.edu/v06/MSV000093272//raw/20180918_KBL_TM_HILICZ_Lakes_Geodes-Mendota/rawdata/20180918_KBL_TM_Lakes_GEODES_All3_QE-HF_HILICZ-VF1_USHXG01161_NEG_MSMS_18_GEO-SP-28-UF_1_Rg70to1050-CE102040-0-4-S1_Run75.mzML,20180918_KBL_TM_Lakes_GEODES_All3_QE-HF_HILICZ-VF1_USHXG01161_NEG_MSMS_18_GEO-SP-28-UF_1_Rg70to1050-CE102040-0-4-S1_Run75.mzML
ftp://massive-ftp.ucsd.edu/v06/MSV000093272//raw/20181217_KBL_TM_C18_Lakes_Geodes-Mendota_REDO/rawdata/20181217_KBL_TM_Lakes_GEODES_All3_QE-HF_C18_USDAY46918_NEG_MSMS_31_GEO-TB-32-UF_1_Rg80to1200-CE102040-0-1-S1_Run122.mzML,20181217_KBL_TM_Lakes_GEODES_All3_QE-HF_C18_USDAY46918_NEG_MSMS_31_GEO-TB-32-UF_1_Rg80to1200-CE102040-0-1-S1_Run122.mzML
ftp://massive-ftp.ucsd.edu/v06/MSV000093272//raw/20180918_KBL_TM_HILICZ_Lakes_Geodes-Mendota/rawdata/20180918_KBL_TM_Lakes_GEODES_All3_QE-HF_HILICZ-VF1_USHXG01161_NEG_MSMS_59_GEO-SP-4-F_1_Rg70to1050-CE102040-0-4-S1_Run214.mzML,20180918_KBL_TM_Lakes_GEODES_All3_QE-HF_HILICZ-VF1_USHXG01161_NEG_MSMS_59_GEO-SP-4-F_1_Rg70to1050-CE102040-0-4-S1_Run214.mzML
ftp://massive-ftp.ucsd.edu/v06/MSV000093272//raw/20181217_KBL_TM_C18_Lakes_Geodes-Mendota_REDO/rawdata/20181217_KBL_TM_Lakes_GEODES_All3_QE-HF_C18_USDAY46918_POS_MSMS_64_GEO-TB-20-F_1_Rg80to1200-CE102040-0-1-S1_Run233.mzML,20181217_KBL_TM_Lakes_GEODES_All3_QE-HF_C18_USDAY46918_POS_MSMS_64_GEO-TB-20-F_1_Rg80to1200-CE102040-0-1-S1_Run233.mzML
ftp://massive-ftp.ucsd.edu/v06/MSV000093272//raw/20180918_KBL_TM_HILICZ_Lakes_Geodes-Mendota/rawdata/20180918_KBL_TM_Lakes_GEODES_All3_QE-HF_HILICZ-VF1_USHXG01161_NEG_MSMS_30_GEO-TB-28-UF_1_Rg70to1050-CE102040-0-1-S1_Run114.mzML,20180918_KBL_TM_Lakes_GEODES_All3_QE-HF_HILICZ-VF1_USHXG01161_NEG_MSMS_30_GEO-TB-28-UF_1_Rg70to1050-CE102040-0-1-S1_Run114.mzML
ftp://massive-ftp.ucsd.edu/v06/MSV000093272//raw/20181217_KBL_TM_C18_Lakes_Geodes-Mendota_REDO/rawdata/20181217_KBL_TM_Lakes_Mendota_DepthDate_QE-HF_C18_USDAY46918_POS_MSMS_30_ME-20171101-metabo-30_1_Rg80to1200-CE102040-11p9-S1_Run113.mzML,20181217_KBL_TM_Lakes_Mendota_DepthDate_QE-HF_C18_USDAY46918_POS_MSMS_30_ME-20171101-metabo-30_1_Rg80to1200-CE102040-11p9-S1_Run113.mzML
ftp://massive-ftp.ucsd.edu/v06/MSV000093272//raw/20181217_KBL_TM_C18_Lakes_Geodes-Mendota_REDO/rawdata/20181217_KBL_TM_Lakes_GEODES_All3_QE-HF_C18_USDAY46918_POS_MSMS_45_GEO-ME-40-F_1_Rg80to1200-CE102040-0-7-S1_Run163.mzML,20181217_KBL_TM_Lakes_GEODES_All3_QE-HF_C18_USDAY46918_POS_MSMS_45_GEO-ME-40-F_1_Rg80to1200-CE102040-0-7-S1_Run163.mzML
ftp://massive-ftp.ucsd.edu/v06/MSV000093272//raw/20180918_KBL_TM_HILICZ_Lakes_Geodes-Mendota/rawdata/20180918_KBL_TM_Lakes_Mendota_DepthDate_QE-139_HILICZ-VF1_USHXG01161_POS_MSMS_14_ME-20170908-metabo-14_1_Rg70to1050-CE102040-12p5-S1_Run57.mzML,20180918_KBL_TM_Lakes_Mendota_DepthDate_QE-139_HILICZ-VF1_USHXG01161_POS_MSMS_14_ME-20170908-metabo-14_1_Rg70to1050-CE102040-12p5-S1_Run57.mzML
ftp://massive-ftp.ucsd.edu/v06/MSV000093272//raw/20181217_KBL_TM_C18_Lakes_Geodes-Mendota_REDO/rawdata/20181217_KBL_TM_Lakes_GEODES_All3_QE-HF_C18_USDAY46918_POS_MSMS_14_GEO-SP-12-UF_1_Rg80to1200-CE102040-0-4-S1_Run57.mzML,20181217_KBL_TM_Lakes_GEODES_All3_QE-HF_C18_USDAY46918_POS_MSMS_14_GEO-SP-12-UF_1_Rg80to1200-CE102040-0-4-S1_Run57.mzML
ftp://massive-ftp.ucsd.edu/v06/MSV000093272//raw/20181217_KBL_TM_C18_Lakes_Geodes-Mendota_REDO/rawdata/20181217_KBL_TM_Lakes_Mendota_DepthDate_QE-HF_C18_USDAY46918_POS_MSMS_35_ExCtrl-JGI_3_Rg80to1200-CE102040-ExCtrl-S1_Run89.mzML,20181217_KBL_TM_Lakes_Mendota_DepthDate_QE-HF_C18_USDAY46918_POS_MSMS_35_ExCtrl-JGI_3_Rg80to1200-CE102040-ExCtrl-S1_Run89.mzML
ftp://massive-ftp.ucsd.edu/v06/MSV000093272//raw/20180918_KBL_TM_HILICZ_Lakes_Geodes-Mendota/rawdata/20180918_KBL_TM_Lakes_GEODES_All3_QE-HF_HILICZ-VF1_USHXG01161_NEG_MSMS_21_GEO-SP-40-UF_1_Rg70to1050-CE102040-0-4-S1_Run84.mzML,20180918_KBL_TM_Lakes_GEODES_All3_QE-HF_HILICZ-VF1_USHXG01161_NEG_MSMS_21_GEO-SP-40-UF_1_Rg70to1050-CE102040-0-4-S1_Run84.mzML
ftp://massive-ftp.ucsd.edu/v06/MSV000093272//raw/20180918_KBL_TM_HILICZ_Lakes_Geodes-Mendota/rawdata/20180918_KBL_TM_Lakes_GEODES_All3_QE-HF_HILICZ-VF1_USHXG01161_NEG_MSMS_9_GEO-ME-40-UF_1_Rg70to1050-CE102040-0-7-S1_Run43.mzML,20180918_KBL_TM_Lakes_GEODES_All3_QE-HF_HILICZ-VF1_USHXG01161_NEG_MSMS_9_GEO-ME-40-UF_1_Rg70to1050-CE102040-0-7-S1_Run43.mzML
ftp://massive-ftp.ucsd.edu/v06/MSV000093272//raw/20180918_KBL_TM_HILICZ_Lakes_Geodes-Mendota/rawdata/20180918_KBL_TM_Lakes_GEODES_All3_QE-HF_HILICZ-VF1_USHXG01161_POS_MSMS_32_GEO-TB-36-UF_1_Rg70to1050-CE102040-0-1-S1_Run124.mzML,20180918_KBL_TM_Lakes_GEODES_All3_QE-HF_HILICZ-VF1_USHXG01161_POS_MSMS_32_GEO-TB-36-UF_1_Rg70to1050-CE102040-0-1-S1_Run124.mzML
ftp://massive-ftp.ucsd.edu/v06/MSV000093272//raw/20181217_KBL_TM_C18_Lakes_Geodes-Mendota_REDO/rawdata/20181217_KBL_TM_Lakes_GEODES_All3_QE-HF_C18_USDAY46918_NEG_MSMS_54_GEO-SP-28-F_1_Rg80to1200-CE102040-0-4-S1_Run199.mzML,20181217_KBL_TM_Lakes_GEODES_All3_QE-HF_C18_USDAY46918_NEG_MSMS_54_GEO-SP-28-F_1_Rg80to1200-CE102040-0-4-S1_Run199.mzML
ftp://massive-ftp.ucsd.edu/v06/MSV000093272//raw/20180918_KBL_TM_HILICZ_Lakes_Geodes-Mendota/rawdata/20180918_KBL_TM_Lakes_GEODES_All3_QE-HF_HILICZ-VF1_USHXG01161_POS_MSMS_61_GEO-TB-0-F_1_Rg70to1050-CE102040-0-1-S1_Run224.mzML,20180918_KBL_TM_Lakes_GEODES_All3_QE-HF_HILICZ-VF1_USHXG01161_POS_MSMS_61_GEO-TB-0-F_1_Rg70to1050-CE102040-0-1-S1_Run224.mzML
ftp://massive-ftp.ucsd.edu/v06/MSV000093272//raw/20181217_KBL_TM_C18_Lakes_Geodes-Mendota_REDO/rawdata/20181217_KBL_TM_Lakes_GEODES_All3_QE-HF_C18_USDAY46918_POS_MSMS_61_GEO-TB-0-F_1_Rg80to1200-CE102040-0-1-S1_Run224.mzML,20181217_KBL_TM_Lakes_GEODES_All3_QE-HF_C18_USDAY46918_POS_MSMS_61_GEO-TB-0-F_1_Rg80to1200-CE102040-0-1-S1_Run224.mzML
ftp://massive-ftp.ucsd.edu/v06/MSV000093272//raw/20180918_KBL_TM_HILICZ_Lakes_Geodes-Mendota/rawdata/20180918_KBL_TM_Lakes_Mendota_DepthDate_QE-139_HILICZ-VF1_USHXG01161_POS_MSMS_10_ME-20170908-metabo-10_1_Rg70to1050-CE102040-18-S1_Run42.mzML,20180918_KBL_TM_Lakes_Mendota_DepthDate_QE-139_HILICZ-VF1_USHXG01161_POS_MSMS_10_ME-20170908-metabo-10_1_Rg70to1050-CE102040-18-S1_Run42.mzML
ftp://massive-ftp.ucsd.edu/v06/MSV000093272//raw/20181217_KBL_TM_C18_Lakes_Geodes-Mendota_REDO/rawdata/20181217_KBL_TM_Lakes_Mendota_DepthDate_QE-HF_C18_USDAY46918_POS_MSMS_17_ME-20171004-metabo-17_1_Rg80to1200-CE102040-14p5-S1_Run71.mzML,20181217_KBL_TM_Lakes_Mendota_DepthDate_QE-HF_C18_USDAY46918_POS_MSMS_17_ME-20171004-metabo-17_1_Rg80to1200-CE102040-14p5-S1_Run71.mzML
ftp://massive-ftp.ucsd.edu/v06/MSV000093272//raw/20180918_KBL_TM_HILICZ_Lakes_Geodes-Mendota/rawdata/20180918_KBL_TM_Lakes_Mendota_DepthDate_QE-139_HILICZ-VF1_USHXG01161_POS_MSMS_7_ME-20170811-metabo-7_1_Rg70to1050-CE102040-9p5-S1_Run33.mzML,20180918_KBL_TM_Lakes_Mendota_DepthDate_QE-139_HILICZ-VF1_USHXG01161_POS_MSMS_7_ME-20170811-metabo-7_1_Rg70to1050-CE102040-9p5-S1_Run33.mzML
ftp://massive-ftp.ucsd.edu/v06/MSV000093272//raw/20180918_KBL_TM_HILICZ_Lakes_Geodes-Mendota/rawdata/20180918_KBL_TM_Lakes_Mendota_DepthDate_QE-139_HILICZ-VF1_USHXG01161_NEG_MSMS_21_ME-20171004-metabo-21_1_Rg70to1050-CE102040-17p3-S1_Run84.mzML,20180918_KBL_TM_Lakes_Mendota_DepthDate_QE-139_HILICZ-VF1_USHXG01161_NEG_MSMS_21_ME-20171004-metabo-21_1_Rg70to1050-CE102040-17p3-S1_Run84.mzML
ftp://massive-ftp.ucsd.edu/v06/MSV000093272//raw/20180918_KBL_TM_HILICZ_Lakes_Geodes-Mendota/rawdata/20180918_KBL_TM_Lakes_GEODES_All3_QE-HF_HILICZ-VF1_USHXG01161_POS_MSMS_27_GEO-TB-16-UF_1_Rg70to1050-CE102040-0-1-S1_Run104.mzML,20180918_KBL_TM_Lakes_GEODES_All3_QE-HF_HILICZ-VF1_USHXG01161_POS_MSMS_27_GEO-TB-16-UF_1_Rg70to1050-CE102040-0-1-S1_Run104.mzML
ftp://massive-ftp.ucsd.edu/v06/MSV000093272//raw/20180918_KBL_TM_HILICZ_Lakes_Geodes-Mendota/rawdata/20180918_KBL_TM_Lakes_GEODES_All3_QE-HF_HILICZ-VF1_USHXG01161_POS_MSMS_30_GEO-TB-28-UF_1_Rg70to1050-CE102040-0-1-S1_Run113.mzML,20180918_KBL_TM_Lakes_GEODES_All3_QE-HF_HILICZ-VF1_USHXG01161_POS_MSMS_30_GEO-TB-28-UF_1_Rg70to1050-CE102040-0-1-S1_Run113.mzML
ftp://massive-ftp.ucsd.edu/v06/MSV000093272//raw/20160526_KBL_pHILIC_WisLake_pilot/rawdata/20160526_HILIC___POS_MSMS_KBL_Qex_UV_Lake_TroutBob______Run14.mzML,20160526_HILIC___POS_MSMS_KBL_Qex_UV_Lake_TroutBob______Run14.mzML
ftp://massive-ftp.ucsd.edu/v06/MSV000093272//raw/20181217_KBL_TM_C18_Lakes_Geodes-Mendota_REDO/rawdata/20181217_KBL_TM_Lakes_GEODES_All3_QE-HF_C18_USDAY46918_NEG_MSMS_16_GEO-SP-20-UF_1_Rg80to1200-CE102040-0-4-S1_Run69.mzML,20181217_KBL_TM_Lakes_GEODES_All3_QE-HF_C18_USDAY46918_NEG_MSMS_16_GEO-SP-20-UF_1_Rg80to1200-CE102040-0-4-S1_Run69.mzML
ftp://massive-ftp.ucsd.edu/v06/MSV000093272//raw/20181217_KBL_TM_C18_Lakes_Geodes-Mendota_REDO/rawdata/20181217_KBL_TM_Lakes_GEODES_All3_QE-HF_C18_USDAY46918_POS_MSMS_66_GEO-TB-28-F_1_Rg80to1200-CE102040-0-1-S1_Run239.mzML,20181217_KBL_TM_Lakes_GEODES_All3_QE-HF_C18_USDAY46918_POS_MSMS_66_GEO-TB-28-F_1_Rg80to1200-CE102040-0-1-S1_Run239.mzML
ftp://massive-ftp.ucsd.edu/v06/MSV000093272//raw/20181217_KBL_TM_C18_Lakes_Geodes-Mendota_REDO/rawdata/20181217_KBL_TM_Lakes_GEODES_All3_QE-HF_C18_USDAY46918_NEG_MSMS_28_GEO-TB-20-UF_1_Rg80to1200-CE102040-0-1-S1_Run108.mzML,20181217_KBL_TM_Lakes_GEODES_All3_QE-HF_C18_USDAY46918_NEG_MSMS_28_GEO-TB-20-UF_1_Rg80to1200-CE102040-0-1-S1_Run108.mzML
ftp://massive-ftp.ucsd.edu/v06/MSV000093272//raw/20180918_KBL_TM_HILICZ_Lakes_Geodes-Mendota/rawdata/20180918_KBL_TM_Lakes_GEODES_All3_QE-HF_HILICZ-VF1_USHXG01161_POS_MSMS_40_GEO-ME-20-F_1_Rg70to1050-CE102040-0-7-S1_Run148.mzML,20180918_KBL_TM_Lakes_GEODES_All3_QE-HF_HILICZ-VF1_USHXG01161_POS_MSMS_40_GEO-ME-20-F_1_Rg70to1050-CE102040-0-7-S1_Run148.mzML
ftp://massive-ftp.ucsd.edu/v06/MSV000093272//raw/20181217_KBL_TM_C18_Lakes_Geodes-Mendota_REDO/rawdata/20181217_KBL_TM_Lakes_GEODES_All3_QE-HF_C18_USDAY46918_NEG_MSMS_29_GEO-TB-24-UF_1_Rg80to1200-CE102040-0-1-S1_Run111.mzML,20181217_KBL_TM_Lakes_GEODES_All3_QE-HF_C18_USDAY46918_NEG_MSMS_29_GEO-TB-24-UF_1_Rg80to1200-CE102040-0-1-S1_Run111.mzML
ftp://massive-ftp.ucsd.edu/v06/MSV000093272//raw/20181217_KBL_TM_C18_Lakes_Geodes-Mendota_REDO/rawdata/20181217_KBL_TM_Lakes_Mendota_DepthDate_QE-HF_C18_USDAY46918_NEG_MSMS_15_ME-20170908-metabo-15_1_Rg80to1200-CE102040-11p5-S1_Run61.mzML,20181217_KBL_TM_Lakes_Mendota_DepthDate_QE-HF_C18_USDAY46918_NEG_MSMS_15_ME-20170908-metabo-15_1_Rg80to1200-CE102040-11p5-S1_Run61.mzML
ftp://massive-ftp.ucsd.edu/v06/MSV000093272//raw/20181217_KBL_TM_C18_Lakes_Geodes-Mendota_REDO/rawdata/20181217_KBL_TM_Lakes_GEODES_All3_QE-HF_C18_USDAY46918_NEG_MSMS_71_GEO-TB-4-F_1_Rg80to1200-CE102040-0-1-S1_Run255.mzML,20181217_KBL_TM_Lakes_GEODES_All3_QE-HF_C18_USDAY46918_NEG_MSMS_71_GEO-TB-4-F_1_Rg80to1200-CE102040-0-1-S1_Run255.mzML
ftp://massive-ftp.ucsd.edu/v06/MSV000093272//raw/20181217_KBL_TM_C18_Lakes_Geodes-Mendota_REDO/rawdata/20181217_KBL_TM_Lakes_GEODES_All3_QE-HF_C18_USDAY46918_POS_MSMS_4_GEO-ME-20-UF_1_Rg80to1200-CE102040-0-7-S1_Run27.mzML,20181217_KBL_TM_Lakes_GEODES_All3_QE-HF_C18_USDAY46918_POS_MSMS_4_GEO-ME-20-UF_1_Rg80to1200-CE102040-0-7-S1_Run27.mzML
ftp://massive-ftp.ucsd.edu/v06/MSV000093272//raw/20181217_KBL_TM_C18_Lakes_Geodes-Mendota_REDO/rawdata/20181217_KBL_TM_Lakes_Mendota_DepthDate_QE-HF_C18_USDAY46918_POS_MSMS_31_ME-20171101-metabo-31_1_Rg80to1200-CE102040-20-S1_Run116.mzML,20181217_KBL_TM_Lakes_Mendota_DepthDate_QE-HF_C18_USDAY46918_POS_MSMS_31_ME-20171101-metabo-31_1_Rg80to1200-CE102040-20-S1_Run116.mzML
ftp://massive-ftp.ucsd.edu/v06/MSV000093272//raw/20181217_KBL_TM_C18_Lakes_Geodes-Mendota_REDO/rawdata/20181217_KBL_TM_Lakes_Mendota_DepthDate_QE-HF_C18_USDAY46918_NEG_MSMS_21_ME-20171004-metabo-21_1_Rg80to1200-CE102040-17p3-S1_Run84.mzML,20181217_KBL_TM_Lakes_Mendota_DepthDate_QE-HF_C18_USDAY46918_NEG_MSMS_21_ME-20171004-metabo-21_1_Rg80to1200-CE102040-17p3-S1_Run84.mzML
ftp://massive-ftp.ucsd.edu/v06/MSV000093272//raw/20180918_KBL_TM_HILICZ_Lakes_Geodes-Mendota/rawdata/20180918_KBL_TM_Lakes_GEODES_All3_QE-HF_HILICZ-VF1_USHXG01161_NEG_MSMS_36_GEO-TB-8-UF_1_Rg70to1050-CE102040-0-1-S1_Run137.mzML,20180918_KBL_TM_Lakes_GEODES_All3_QE-HF_HILICZ-VF1_USHXG01161_NEG_MSMS_36_GEO-TB-8-UF_1_Rg70to1050-CE102040-0-1-S1_Run137.mzML
ftp://massive-ftp.ucsd.edu/v06/MSV000093272//raw/20180918_KBL_TM_HILICZ_Lakes_Geodes-Mendota/rawdata/20180918_KBL_TM_Lakes_GEODES_All3_QE-HF_HILICZ-VF1_USHXG01161_POS_MSMS_63_GEO-TB-16-F_1_Rg70to1050-CE102040-0-1-S1_Run230.mzML,20180918_KBL_TM_Lakes_GEODES_All3_QE-HF_HILICZ-VF1_USHXG01161_POS_MSMS_63_GEO-TB-16-F_1_Rg70to1050-CE102040-0-1-S1_Run230.mzML
ftp://massive-ftp.ucsd.edu/v06/MSV000093272//raw/20181217_KBL_TM_C18_Lakes_Geodes-Mendota_REDO/rawdata/20181217_KBL_TM_Lakes_Mendota_DepthDate_QE-HF_C18_USDAY46918_POS_MSMS_2_ME-20170811-metabo-2_1_Rg80to1200-CE102040-18p08-S1_Run18.mzML,20181217_KBL_TM_Lakes_Mendota_DepthDate_QE-HF_C18_USDAY46918_POS_MSMS_2_ME-20170811-metabo-2_1_Rg80to1200-CE102040-18p08-S1_Run18.mzML
ftp://massive-ftp.ucsd.edu/v06/MSV000093272//raw/20181217_KBL_TM_C18_Lakes_Geodes-Mendota_REDO/rawdata/20181217_KBL_TM_Lakes_GEODES_All3_QE-HF_C18_USDAY46918_POS_MSMS_70_GEO-TB-44-F_1_Rg80to1200-CE102040-0-1-S1_Run251.mzML,20181217_KBL_TM_Lakes_GEODES_All3_QE-HF_C18_USDAY46918_POS_MSMS_70_GEO-TB-44-F_1_Rg80to1200-CE102040-0-1-S1_Run251.mzML
ftp://massive-ftp.ucsd.edu/v06/MSV000093272//raw/20181217_KBL_TM_C18_Lakes_Geodes-Mendota_REDO/rawdata/20181217_KBL_TM_Lakes_GEODES_All3_QE-HF_C18_USDAY46918_POS_MSMS_38_GEO-ME-12-F_1_Rg80to1200-CE102040-0-7-S1_Run142.mzML,20181217_KBL_TM_Lakes_GEODES_All3_QE-HF_C18_USDAY46918_POS_MSMS_38_GEO-ME-12-F_1_Rg80to1200-CE102040-0-7-S1_Run142.mzML
ftp://massive-ftp.ucsd.edu/v06/MSV000093272//raw/20180918_KBL_TM_HILICZ_Lakes_Geodes-Mendota/rawdata/20180918_KBL_TM_Lakes_GEODES_All3_QE-HF_HILICZ-VF1_USHXG01161_NEG_MSMS_60_GEO-SP-8-F_1_Rg70to1050-CE102040-0-4-S1_Run217.mzML,20180918_KBL_TM_Lakes_GEODES_All3_QE-HF_HILICZ-VF1_USHXG01161_NEG_MSMS_60_GEO-SP-8-F_1_Rg70to1050-CE102040-0-4-S1_Run217.mzML
ftp://massive-ftp.ucsd.edu/v06/MSV000093272//raw/20180918_KBL_TM_HILICZ_Lakes_Geodes-Mendota/rawdata/20180918_KBL_TM_Lakes_GEODES_All3_QE-HF_HILICZ-VF1_USHXG01161_POS_MSMS_71_GEO-TB-4-F_1_Rg70to1050-CE102040-0-1-S1_Run254.mzML,20180918_KBL_TM_Lakes_GEODES_All3_QE-HF_HILICZ-VF1_USHXG01161_POS_MSMS_71_GEO-TB-4-F_1_Rg70to1050-CE102040-0-1-S1_Run254.mzML
ftp://massive-ftp.ucsd.edu/v06/MSV000093272//raw/20181217_KBL_TM_C18_Lakes_Geodes-Mendota_REDO/rawdata/20181217_KBL_TM_Lakes_GEODES_All3_QE-HF_C18_USDAY46918_POS_MSMS_1_GEO-ME-0-UF_1_Rg80to1200-CE102040-0-7-S1_Run18.mzML,20181217_KBL_TM_Lakes_GEODES_All3_QE-HF_C18_USDAY46918_POS_MSMS_1_GEO-ME-0-UF_1_Rg80to1200-CE102040-0-7-S1_Run18.mzML
ftp://massive-ftp.ucsd.edu/v06/MSV000093272//raw/20181217_KBL_TM_C18_Lakes_Geodes-Mendota_REDO/rawdata/20181217_KBL_TM_Lakes_GEODES_All3_QE-HF_C18_USDAY46918_POS_MSMS_52_GEO-SP-20-F_1_Rg80to1200-CE102040-0-4-S1_Run189.mzML,20181217_KBL_TM_Lakes_GEODES_All3_QE-HF_C18_USDAY46918_POS_MSMS_52_GEO-SP-20-F_1_Rg80to1200-CE102040-0-4-S1_Run189.mzML
ftp://massive-ftp.ucsd.edu/v06/MSV000093272//raw/20181217_KBL_TM_C18_Lakes_Geodes-Mendota_REDO/rawdata/20181217_KBL_TM_Lakes_GEODES_All3_QE-HF_C18_USDAY46918_POS_MSMS_2_GEO-ME-12-UF_1_Rg80to1200-CE102040-0-7-S1_Run21.mzML,20181217_KBL_TM_Lakes_GEODES_All3_QE-HF_C18_USDAY46918_POS_MSMS_2_GEO-ME-12-UF_1_Rg80to1200-CE102040-0-7-S1_Run21.mzML
ftp://massive-ftp.ucsd.edu/v06/MSV000093272//raw/20180918_KBL_TM_HILICZ_Lakes_Geodes-Mendota/rawdata/20180918_KBL_TM_Lakes_GEODES_All3_QE-HF_HILICZ-VF1_USHXG01161_NEG_MSMS_52_GEO-SP-20-F_1_Rg70to1050-CE102040-0-4-S1_Run190.mzML,20180918_KBL_TM_Lakes_GEODES_All3_QE-HF_HILICZ-VF1_USHXG01161_NEG_MSMS_52_GEO-SP-20-F_1_Rg70to1050-CE102040-0-4-S1_Run190.mzML
ftp://massive-ftp.ucsd.edu/v06/MSV000093272//raw/20181217_KBL_TM_C18_Lakes_Geodes-Mendota_REDO/rawdata/20181217_KBL_TM_Lakes_GEODES_All3_QE-HF_C18_USDAY46918_POS_MSMS_24_GEO-SP-8-UF_1_Rg80to1200-CE102040-0-4-S1_Run92.mzML,20181217_KBL_TM_Lakes_GEODES_All3_QE-HF_C18_USDAY46918_POS_MSMS_24_GEO-SP-8-UF_1_Rg80to1200-CE102040-0-4-S1_Run92.mzML
ftp://massive-ftp.ucsd.edu/v06/MSV000093272//raw/20180918_KBL_TM_HILICZ_Lakes_Geodes-Mendota/rawdata/20180918_KBL_TM_Lakes_GEODES_All3_QE-HF_HILICZ-VF1_USHXG01161_POS_MSMS_24_GEO-SP-8-UF_1_Rg70to1050-CE102040-0-4-S1_Run92.mzML,20180918_KBL_TM_Lakes_GEODES_All3_QE-HF_HILICZ-VF1_USHXG01161_POS_MSMS_24_GEO-SP-8-UF_1_Rg70to1050-CE102040-0-4-S1_Run92.mzML
ftp://massive-ftp.ucsd.edu/v06/MSV000093272//raw/20180918_KBL_TM_HILICZ_Lakes_Geodes-Mendota/rawdata/20180918_KBL_TM_Lakes_GEODES_All3_QE-HF_HILICZ-VF1_USHXG01161_NEG_MSMS_73_ExCtrl-User_1_Rg70to1050-CE102040-ExCtrl-S1_Run13.mzML,20180918_KBL_TM_Lakes_GEODES_All3_QE-HF_HILICZ-VF1_USHXG01161_NEG_MSMS_73_ExCtrl-User_1_Rg70to1050-CE102040-ExCtrl-S1_Run13.mzML
ftp://massive-ftp.ucsd.edu/v06/MSV000093272//raw/20180918_KBL_TM_HILICZ_Lakes_Geodes-Mendota/rawdata/20180918_KBL_TM_Lakes_GEODES_All3_QE-HF_HILICZ-VF1_USHXG01161_NEG_MSMS_69_GEO-TB-40-F_1_Rg70to1050-CE102040-0-1-S1_Run249.mzML,20180918_KBL_TM_Lakes_GEODES_All3_QE-HF_HILICZ-VF1_USHXG01161_NEG_MSMS_69_GEO-TB-40-F_1_Rg70to1050-CE102040-0-1-S1_Run249.mzML
ftp://massive-ftp.ucsd.edu/v06/MSV000093272//raw/20181217_KBL_TM_C18_Lakes_Geodes-Mendota_REDO/rawdata/20181217_KBL_TM_Lakes_GEODES_All3_QE-HF_C18_USDAY46918_POS_MSMS_23_GEO-SP-4-UF_1_Rg80to1200-CE102040-0-4-S1_Run89.mzML,20181217_KBL_TM_Lakes_GEODES_All3_QE-HF_C18_USDAY46918_POS_MSMS_23_GEO-SP-4-UF_1_Rg80to1200-CE102040-0-4-S1_Run89.mzML
ftp://massive-ftp.ucsd.edu/v06/MSV000093272//raw/20180918_KBL_TM_HILICZ_Lakes_Geodes-Mendota/rawdata/20180918_KBL_TM_Lakes_GEODES_All3_QE-HF_HILICZ-VF1_USHXG01161_NEG_MSMS_67_GEO-TB-32-F_1_Rg70to1050-CE102040-0-1-S1_Run243.mzML,20180918_KBL_TM_Lakes_GEODES_All3_QE-HF_HILICZ-VF1_USHXG01161_NEG_MSMS_67_GEO-TB-32-F_1_Rg70to1050-CE102040-0-1-S1_Run243.mzML
ftp://massive-ftp.ucsd.edu/v06/MSV000093272//raw/20180918_KBL_TM_HILICZ_Lakes_Geodes-Mendota/rawdata/20180918_KBL_TM_Lakes_GEODES_All3_QE-HF_HILICZ-VF1_USHXG01161_POS_MSMS_17_GEO-SP-24-UF_1_Rg70to1050-CE102040-0-4-S1_Run71.mzML,20180918_KBL_TM_Lakes_GEODES_All3_QE-HF_HILICZ-VF1_USHXG01161_POS_MSMS_17_GEO-SP-24-UF_1_Rg70to1050-CE102040-0-4-S1_Run71.mzML
ftp://massive-ftp.ucsd.edu/v06/MSV000093272//raw/20181217_KBL_TM_C18_Lakes_Geodes-Mendota_REDO/rawdata/20181217_KBL_TM_Lakes_GEODES_All3_QE-HF_C18_USDAY46918_POS_MSMS_7_GEO-ME-32-UF_1_Rg80to1200-CE102040-0-7-S1_Run36.mzML,20181217_KBL_TM_Lakes_GEODES_All3_QE-HF_C18_USDAY46918_POS_MSMS_7_GEO-ME-32-UF_1_Rg80to1200-CE102040-0-7-S1_Run36.mzML
ftp://massive-ftp.ucsd.edu/v06/MSV000093272//raw/20181217_KBL_TM_C18_Lakes_Geodes-Mendota_REDO/rawdata/20181217_KBL_TM_Lakes_Mendota_DepthDate_QE-HF_C18_USDAY46918_NEG_MSMS_10_ME-20170908-metabo-10_1_Rg80to1200-CE102040-18-S1_Run43.mzML,20181217_KBL_TM_Lakes_Mendota_DepthDate_QE-HF_C18_USDAY46918_NEG_MSMS_10_ME-20170908-metabo-10_1_Rg80to1200-CE102040-18-S1_Run43.mzML
ftp://massive-ftp.ucsd.edu/v06/MSV000093272//raw/20180918_KBL_TM_HILICZ_Lakes_Geodes-Mendota/rawdata/20180918_KBL_TM_Lakes_GEODES_All3_QE-HF_HILICZ-VF1_USHXG01161_NEG_MSMS_42_GEO-ME-28-F_1_Rg70to1050-CE102040-0-7-S1_Run155.mzML,20180918_KBL_TM_Lakes_GEODES_All3_QE-HF_HILICZ-VF1_USHXG01161_NEG_MSMS_42_GEO-ME-28-F_1_Rg70to1050-CE102040-0-7-S1_Run155.mzML
ftp://massive-ftp.ucsd.edu/v06/MSV000093272//raw/20181217_KBL_TM_C18_Lakes_Geodes-Mendota_REDO/rawdata/20181217_KBL_TM_Lakes_GEODES_All3_QE-HF_C18_USDAY46918_NEG_MSMS_36_GEO-TB-8-UF_1_Rg80to1200-CE102040-0-1-S1_Run137.mzML,20181217_KBL_TM_Lakes_GEODES_All3_QE-HF_C18_USDAY46918_NEG_MSMS_36_GEO-TB-8-UF_1_Rg80to1200-CE102040-0-1-S1_Run137.mzML
ftp://massive-ftp.ucsd.edu/v06/MSV000093272//raw/20181217_KBL_TM_C18_Lakes_Geodes-Mendota_REDO/rawdata/20181217_KBL_TM_Lakes_Mendota_DepthDate_QE-HF_C18_USDAY46918_NEG_MSMS_23_ME-20171004-metabo-23_1_Rg80to1200-CE102040-12p9-S1_Run93.mzML,20181217_KBL_TM_Lakes_Mendota_DepthDate_QE-HF_C18_USDAY46918_NEG_MSMS_23_ME-20171004-metabo-23_1_Rg80to1200-CE102040-12p9-S1_Run93.mzML
ftp://massive-ftp.ucsd.edu/v06/MSV000093272//raw/20181217_KBL_TM_C18_Lakes_Geodes-Mendota_REDO/rawdata/20181217_KBL_TM_Lakes_Mendota_DepthDate_QE-HF_C18_USDAY46918_NEG_MSMS_31_ME-20171101-metabo-31_1_Rg80to1200-CE102040-20-S1_Run117.mzML,20181217_KBL_TM_Lakes_Mendota_DepthDate_QE-HF_C18_USDAY46918_NEG_MSMS_31_ME-20171101-metabo-31_1_Rg80to1200-CE102040-20-S1_Run117.mzML
ftp://massive-ftp.ucsd.edu/v06/MSV000093272//raw/20180918_KBL_TM_HILICZ_Lakes_Geodes-Mendota/rawdata/20180918_KBL_TM_Lakes_GEODES_All3_QE-HF_HILICZ-VF1_USHXG01161_POS_MSMS_45_GEO-ME-40-F_1_Rg70to1050-CE102040-0-7-S1_Run163.mzML,20180918_KBL_TM_Lakes_GEODES_All3_QE-HF_HILICZ-VF1_USHXG01161_POS_MSMS_45_GEO-ME-40-F_1_Rg70to1050-CE102040-0-7-S1_Run163.mzML
ftp://massive-ftp.ucsd.edu/v06/MSV000093272//raw/20180918_KBL_TM_HILICZ_Lakes_Geodes-Mendota/rawdata/20180918_KBL_TM_Lakes_GEODES_All3_QE-HF_HILICZ-VF1_USHXG01161_NEG_MSMS_35_GEO-TB-4-UF_1_Rg70to1050-CE102040-0-1-S1_Run134.mzML,20180918_KBL_TM_Lakes_GEODES_All3_QE-HF_HILICZ-VF1_USHXG01161_NEG_MSMS_35_GEO-TB-4-UF_1_Rg70to1050-CE102040-0-1-S1_Run134.mzML
ftp://massive-ftp.ucsd.edu/v06/MSV000093272//raw/20181217_KBL_TM_C18_Lakes_Geodes-Mendota_REDO/rawdata/20181217_KBL_TM_Lakes_GEODES_All3_QE-HF_C18_USDAY46918_NEG_MSMS_18_GEO-SP-28-UF_1_Rg80to1200-CE102040-0-4-S1_Run75.mzML,20181217_KBL_TM_Lakes_GEODES_All3_QE-HF_C18_USDAY46918_NEG_MSMS_18_GEO-SP-28-UF_1_Rg80to1200-CE102040-0-4-S1_Run75.mzML
ftp://massive-ftp.ucsd.edu/v06/MSV000093272//raw/20180918_KBL_TM_HILICZ_Lakes_Geodes-Mendota/rawdata/20180918_KBL_TM_Lakes_GEODES_All3_QE-HF_HILICZ-VF1_USHXG01161_NEG_MSMS_37_GEO-ME-0-F_1_Rg70to1050-CE102040-0-7-S1_Run140.mzML,20180918_KBL_TM_Lakes_GEODES_All3_QE-HF_HILICZ-VF1_USHXG01161_NEG_MSMS_37_GEO-ME-0-F_1_Rg70to1050-CE102040-0-7-S1_Run140.mzML
ftp://massive-ftp.ucsd.edu/v06/MSV000093272//raw/20180918_KBL_TM_HILICZ_Lakes_Geodes-Mendota/rawdata/20180918_KBL_TM_Lakes_GEODES_All3_QE-HF_HILICZ-VF1_USHXG01161_POS_MSMS_26_GEO-TB-12-UF_1_Rg70to1050-CE102040-0-1-S1_Run101.mzML,20180918_KBL_TM_Lakes_GEODES_All3_QE-HF_HILICZ-VF1_USHXG01161_POS_MSMS_26_GEO-TB-12-UF_1_Rg70to1050-CE102040-0-1-S1_Run101.mzML
ftp://massive-ftp.ucsd.edu/v06/MSV000093272//raw/20181217_KBL_TM_C18_Lakes_Geodes-Mendota_REDO/rawdata/20181217_KBL_TM_Lakes_Mendota_DepthDate_QE-HF_C18_USDAY46918_NEG_MSMS_22_ME-20171004-metabo-22_1_Rg80to1200-CE102040-19p8-S1_Run87.mzML,20181217_KBL_TM_Lakes_Mendota_DepthDate_QE-HF_C18_USDAY46918_NEG_MSMS_22_ME-20171004-metabo-22_1_Rg80to1200-CE102040-19p8-S1_Run87.mzML
ftp://massive-ftp.ucsd.edu/v06/MSV000093272//raw/20180918_KBL_TM_HILICZ_Lakes_Geodes-Mendota/rawdata/20180918_KBL_TM_Lakes_GEODES_All3_QE-HF_HILICZ-VF1_USHXG01161_POS_MSMS_33_GEO-TB-40-UF_1_Rg70to1050-CE102040-0-1-S1_Run127.mzML,20180918_KBL_TM_Lakes_GEODES_All3_QE-HF_HILICZ-VF1_USHXG01161_POS_MSMS_33_GEO-TB-40-UF_1_Rg70to1050-CE102040-0-1-S1_Run127.mzML
ftp://massive-ftp.ucsd.edu/v06/MSV000093272//raw/20180918_KBL_TM_HILICZ_Lakes_Geodes-Mendota/rawdata/20180918_KBL_TM_Lakes_GEODES_All3_QE-HF_HILICZ-VF1_USHXG01161_NEG_MSMS_34_GEO-TB-44-UF_1_Rg70to1050-CE102040-0-1-S1_Run131.mzML,20180918_KBL_TM_Lakes_GEODES_All3_QE-HF_HILICZ-VF1_USHXG01161_NEG_MSMS_34_GEO-TB-44-UF_1_Rg70to1050-CE102040-0-1-S1_Run131.mzML
ftp://massive-ftp.ucsd.edu/v06/MSV000093272//raw/20180918_KBL_TM_HILICZ_Lakes_Geodes-Mendota/rawdata/20180918_KBL_TM_Lakes_GEODES_All3_QE-HF_HILICZ-VF1_USHXG01161_NEG_MSMS_17_GEO-SP-24-UF_1_Rg70to1050-CE102040-0-4-S1_Run72.mzML,20180918_KBL_TM_Lakes_GEODES_All3_QE-HF_HILICZ-VF1_USHXG01161_NEG_MSMS_17_GEO-SP-24-UF_1_Rg70to1050-CE102040-0-4-S1_Run72.mzML
ftp://massive-ftp.ucsd.edu/v06/MSV000093272//raw/20180918_KBL_TM_HILICZ_Lakes_Geodes-Mendota/rawdata/20180918_KBL_TM_Lakes_Mendota_DepthDate_QE-139_HILICZ-VF1_USHXG01161_POS_MSMS_3_ME-20170811-metabo-3_1_Rg70to1050-CE102040-15p3-S1_Run21.mzML,20180918_KBL_TM_Lakes_Mendota_DepthDate_QE-139_HILICZ-VF1_USHXG01161_POS_MSMS_3_ME-20170811-metabo-3_1_Rg70to1050-CE102040-15p3-S1_Run21.mzML
ftp://massive-ftp.ucsd.edu/v06/MSV000093272//raw/20181217_KBL_TM_C18_Lakes_Geodes-Mendota_REDO/rawdata/20181217_KBL_TM_Lakes_Mendota_DepthDate_QE-HF_C18_USDAY46918_POS_MSMS_29_ME-20171101-metabo-29_1_Rg80to1200-CE102040-2p1-S1_Run110.mzML,20181217_KBL_TM_Lakes_Mendota_DepthDate_QE-HF_C18_USDAY46918_POS_MSMS_29_ME-20171101-metabo-29_1_Rg80to1200-CE102040-2p1-S1_Run110.mzML
ftp://massive-ftp.ucsd.edu/v06/MSV000093272//raw/20180918_KBL_TM_HILICZ_Lakes_Geodes-Mendota/rawdata/20180918_KBL_TM_Lakes_GEODES_All3_QE-HF_HILICZ-VF1_USHXG01161_NEG_MSMS_65_GEO-TB-24-F_1_Rg70to1050-CE102040-0-1-S1_Run237.mzML,20180918_KBL_TM_Lakes_GEODES_All3_QE-HF_HILICZ-VF1_USHXG01161_NEG_MSMS_65_GEO-TB-24-F_1_Rg70to1050-CE102040-0-1-S1_Run237.mzML
ftp://massive-ftp.ucsd.edu/v06/MSV000093272//raw/20181217_KBL_TM_C18_Lakes_Geodes-Mendota_REDO/rawdata/20181217_KBL_TM_Lakes_GEODES_All3_QE-HF_C18_USDAY46918_POS_MSMS_63_GEO-TB-16-F_1_Rg80to1200-CE102040-0-1-S1_Run230.mzML,20181217_KBL_TM_Lakes_GEODES_All3_QE-HF_C18_USDAY46918_POS_MSMS_63_GEO-TB-16-F_1_Rg80to1200-CE102040-0-1-S1_Run230.mzML
ftp://massive-ftp.ucsd.edu/v06/MSV000093272//raw/20181217_KBL_TM_C18_Lakes_Geodes-Mendota_REDO/rawdata/20181217_KBL_TM_Lakes_Mendota_DepthDate_QE-HF_C18_USDAY46918_NEG_MSMS_5_ME-20170811-metabo-5_1_Rg80to1200-CE102040-11p5-S1_Run28.mzML,20181217_KBL_TM_Lakes_Mendota_DepthDate_QE-HF_C18_USDAY46918_NEG_MSMS_5_ME-20170811-metabo-5_1_Rg80to1200-CE102040-11p5-S1_Run28.mzML
ftp://massive-ftp.ucsd.edu/v06/MSV000093272//raw/20180918_KBL_TM_HILICZ_Lakes_Geodes-Mendota/rawdata/20180918_KBL_TM_Lakes_GEODES_All3_QE-HF_HILICZ-VF1_USHXG01161_POS_MSMS_48_GEO-ME-8-F_1_Rg70to1050-CE102040-0-7-S1_Run177.mzML,20180918_KBL_TM_Lakes_GEODES_All3_QE-HF_HILICZ-VF1_USHXG01161_POS_MSMS_48_GEO-ME-8-F_1_Rg70to1050-CE102040-0-7-S1_Run177.mzML
ftp://massive-ftp.ucsd.edu/v06/MSV000093272//raw/20181217_KBL_TM_C18_Lakes_Geodes-Mendota_REDO/rawdata/20181217_KBL_TM_Lakes_Mendota_DepthDate_QE-HF_C18_USDAY46918_POS_MSMS_20_ME-20171004-metabo-20_1_Rg80to1200-CE102040-10p8-S1_Run80.mzML,20181217_KBL_TM_Lakes_Mendota_DepthDate_QE-HF_C18_USDAY46918_POS_MSMS_20_ME-20171004-metabo-20_1_Rg80to1200-CE102040-10p8-S1_Run80.mzML
ftp://massive-ftp.ucsd.edu/v06/MSV000093272//raw/20181217_KBL_TM_C18_Lakes_Geodes-Mendota_REDO/rawdata/20181217_KBL_TM_Lakes_GEODES_All3_QE-HF_C18_USDAY46918_POS_MSMS_48_GEO-ME-8-F_1_Rg80to1200-CE102040-0-7-S1_Run177.mzML,20181217_KBL_TM_Lakes_GEODES_All3_QE-HF_C18_USDAY46918_POS_MSMS_48_GEO-ME-8-F_1_Rg80to1200-CE102040-0-7-S1_Run177.mzML
ftp://massive-ftp.ucsd.edu/v06/MSV000093272//raw/20180918_KBL_TM_HILICZ_Lakes_Geodes-Mendota/rawdata/20180918_KBL_TM_Lakes_GEODES_All3_QE-HF_HILICZ-VF1_USHXG01161_NEG_MSMS_75_ExCtrl-JGI_2_Rg70to1050-CE102040-ExCtrl-S1_Run99.mzML,20180918_KBL_TM_Lakes_GEODES_All3_QE-HF_HILICZ-VF1_USHXG01161_NEG_MSMS_75_ExCtrl-JGI_2_Rg70to1050-CE102040-ExCtrl-S1_Run99.mzML
ftp://massive-ftp.ucsd.edu/v06/MSV000093272//raw/20180918_KBL_TM_HILICZ_Lakes_Geodes-Mendota/rawdata/20180918_KBL_TM_Lakes_GEODES_All3_QE-HF_HILICZ-VF1_USHXG01161_NEG_MSMS_74_ExCtrl-JGI_1_Rg70to1050-CE102040-ExCtrl-S1_Run16.mzML,20180918_KBL_TM_Lakes_GEODES_All3_QE-HF_HILICZ-VF1_USHXG01161_NEG_MSMS_74_ExCtrl-JGI_1_Rg70to1050-CE102040-ExCtrl-S1_Run16.mzML
ftp://massive-ftp.ucsd.edu/v06/MSV000093272//raw/20181217_KBL_TM_C18_Lakes_Geodes-Mendota_REDO/rawdata/20181217_KBL_TM_Lakes_GEODES_All3_QE-HF_C18_USDAY46918_NEG_MSMS_27_GEO-TB-16-UF_1_Rg80to1200-CE102040-0-1-S1_Run105.mzML,20181217_KBL_TM_Lakes_GEODES_All3_QE-HF_C18_USDAY46918_NEG_MSMS_27_GEO-TB-16-UF_1_Rg80to1200-CE102040-0-1-S1_Run105.mzML
ftp://massive-ftp.ucsd.edu/v06/MSV000093272//raw/20181217_KBL_TM_C18_Lakes_Geodes-Mendota_REDO/rawdata/20181217_KBL_TM_Lakes_GEODES_All3_QE-HF_C18_USDAY46918_POS_MSMS_46_GEO-ME-44-F_1_Rg80to1200-CE102040-0-7-S1_Run171.mzML,20181217_KBL_TM_Lakes_GEODES_All3_QE-HF_C18_USDAY46918_POS_MSMS_46_GEO-ME-44-F_1_Rg80to1200-CE102040-0-7-S1_Run171.mzML
ftp://massive-ftp.ucsd.edu/v06/MSV000093272//raw/20181217_KBL_TM_C18_Lakes_Geodes-Mendota_REDO/rawdata/20181217_KBL_TM_Lakes_Mendota_DepthDate_QE-HF_C18_USDAY46918_POS_MSMS_11_ME-20170908-metabo-11_1_Rg80to1200-CE102040-16p1-S1_Run45.mzML,20181217_KBL_TM_Lakes_Mendota_DepthDate_QE-HF_C18_USDAY46918_POS_MSMS_11_ME-20170908-metabo-11_1_Rg80to1200-CE102040-16p1-S1_Run45.mzML
ftp://massive-ftp.ucsd.edu/v06/MSV000093272//raw/20180918_KBL_TM_HILICZ_Lakes_Geodes-Mendota/rawdata/20180918_KBL_TM_Lakes_GEODES_All3_QE-HF_HILICZ-VF1_USHXG01161_NEG_MSMS_40_GEO-ME-20-F_1_Rg70to1050-CE102040-0-7-S1_Run149.mzML,20180918_KBL_TM_Lakes_GEODES_All3_QE-HF_HILICZ-VF1_USHXG01161_NEG_MSMS_40_GEO-ME-20-F_1_Rg70to1050-CE102040-0-7-S1_Run149.mzML
ftp://massive-ftp.ucsd.edu/v06/MSV000093272//raw/20180918_KBL_TM_HILICZ_Lakes_Geodes-Mendota/rawdata/20180918_KBL_TM_Lakes_Mendota_DepthDate_QE-139_HILICZ-VF1_USHXG01161_NEG_MSMS_28_ME-20171019-metabo-28_1_Rg70to1050-CE102040-18p2-S1_Run108.mzML,20180918_KBL_TM_Lakes_Mendota_DepthDate_QE-139_HILICZ-VF1_USHXG01161_NEG_MSMS_28_ME-20171019-metabo-28_1_Rg70to1050-CE102040-18p2-S1_Run108.mzML
ftp://massive-ftp.ucsd.edu/v06/MSV000093272//raw/20181217_KBL_TM_C18_Lakes_Geodes-Mendota_REDO/rawdata/20181217_KBL_TM_Lakes_GEODES_All3_QE-HF_C18_USDAY46918_NEG_MSMS_39_GEO-ME-16-F_1_Rg80to1200-CE102040-0-7-S1_Run146.mzML,20181217_KBL_TM_Lakes_GEODES_All3_QE-HF_C18_USDAY46918_NEG_MSMS_39_GEO-ME-16-F_1_Rg80to1200-CE102040-0-7-S1_Run146.mzML
ftp://massive-ftp.ucsd.edu/v06/MSV000093272//raw/20181217_KBL_TM_C18_Lakes_Geodes-Mendota_REDO/rawdata/20181217_KBL_TM_Lakes_GEODES_All3_QE-HF_C18_USDAY46918_NEG_MSMS_49_GEO-SP-0-F_1_Rg80to1200-CE102040-0-4-S1_Run181.mzML,20181217_KBL_TM_Lakes_GEODES_All3_QE-HF_C18_USDAY46918_NEG_MSMS_49_GEO-SP-0-F_1_Rg80to1200-CE102040-0-4-S1_Run181.mzML
ftp://massive-ftp.ucsd.edu/v06/MSV000093272//raw/20181217_KBL_TM_C18_Lakes_Geodes-Mendota_REDO/rawdata/20181217_KBL_TM_Lakes_Mendota_DepthDate_QE-HF_C18_USDAY46918_NEG_MSMS_11_ME-20170908-metabo-11_1_Rg80to1200-CE102040-16p1-S1_Run46.mzML,20181217_KBL_TM_Lakes_Mendota_DepthDate_QE-HF_C18_USDAY46918_NEG_MSMS_11_ME-20170908-metabo-11_1_Rg80to1200-CE102040-16p1-S1_Run46.mzML
ftp://massive-ftp.ucsd.edu/v06/MSV000093272//raw/20180918_KBL_TM_HILICZ_Lakes_Geodes-Mendota/rawdata/20180918_KBL_TM_Lakes_GEODES_All3_QE-HF_HILICZ-VF1_USHXG01161_NEG_MSMS_10_GEO-ME-44-UF_1_Rg70to1050-CE102040-0-7-S1_Run46.mzML,20180918_KBL_TM_Lakes_GEODES_All3_QE-HF_HILICZ-VF1_USHXG01161_NEG_MSMS_10_GEO-ME-44-UF_1_Rg70to1050-CE102040-0-7-S1_Run46.mzML
ftp://massive-ftp.ucsd.edu/v06/MSV000093272//raw/20180918_KBL_TM_HILICZ_Lakes_Geodes-Mendota/rawdata/20180918_KBL_TM_Lakes_GEODES_All3_QE-HF_HILICZ-VF1_USHXG01161_POS_MSMS_15_GEO-SP-16-UF_1_Rg70to1050-CE102040-0-4-S1_Run60.mzML,20180918_KBL_TM_Lakes_GEODES_All3_QE-HF_HILICZ-VF1_USHXG01161_POS_MSMS_15_GEO-SP-16-UF_1_Rg70to1050-CE102040-0-4-S1_Run60.mzML
ftp://massive-ftp.ucsd.edu/v06/MSV000093272//raw/20180918_KBL_TM_HILICZ_Lakes_Geodes-Mendota/rawdata/20180918_KBL_TM_Lakes_GEODES_All3_QE-HF_HILICZ-VF1_USHXG01161_NEG_MSMS_1_GEO-ME-0-UF_1_Rg70to1050-CE102040-0-7-S1_Run19.mzML,20180918_KBL_TM_Lakes_GEODES_All3_QE-HF_HILICZ-VF1_USHXG01161_NEG_MSMS_1_GEO-ME-0-UF_1_Rg70to1050-CE102040-0-7-S1_Run19.mzML
ftp://massive-ftp.ucsd.edu/v06/MSV000093272//raw/20180918_KBL_TM_HILICZ_Lakes_Geodes-Mendota/rawdata/20180918_KBL_TM_Lakes_GEODES_All3_QE-HF_HILICZ-VF1_USHXG01161_NEG_MSMS_3_GEO-ME-16-UF_1_Rg70to1050-CE102040-0-7-S1_Run25.mzML,20180918_KBL_TM_Lakes_GEODES_All3_QE-HF_HILICZ-VF1_USHXG01161_NEG_MSMS_3_GEO-ME-16-UF_1_Rg70to1050-CE102040-0-7-S1_Run25.mzML
ftp://massive-ftp.ucsd.edu/v06/MSV000093272//raw/20181217_KBL_TM_C18_Lakes_Geodes-Mendota_REDO/rawdata/20181217_KBL_TM_Lakes_GEODES_All3_QE-HF_C18_USDAY46918_POS_MSMS_65_GEO-TB-24-F_1_Rg80to1200-CE102040-0-1-S1_Run236.mzML,20181217_KBL_TM_Lakes_GEODES_All3_QE-HF_C18_USDAY46918_POS_MSMS_65_GEO-TB-24-F_1_Rg80to1200-CE102040-0-1-S1_Run236.mzML
ftp://massive-ftp.ucsd.edu/v06/MSV000093272//raw/20181217_KBL_TM_C18_Lakes_Geodes-Mendota_REDO/rawdata/20181217_KBL_TM_Lakes_GEODES_All3_QE-HF_C18_USDAY46918_NEG_MSMS_58_GEO-SP-44-F_1_Rg80to1200-CE102040-0-4-S1_Run211.mzML,20181217_KBL_TM_Lakes_GEODES_All3_QE-HF_C18_USDAY46918_NEG_MSMS_58_GEO-SP-44-F_1_Rg80to1200-CE102040-0-4-S1_Run211.mzML
ftp://massive-ftp.ucsd.edu/v06/MSV000093272//raw/20180918_KBL_TM_HILICZ_Lakes_Geodes-Mendota/rawdata/20180918_KBL_TM_Lakes_GEODES_All3_QE-HF_HILICZ-VF1_USHXG01161_POS_MSMS_49_GEO-SP-0-F_1_Rg70to1050-CE102040-0-4-S1_Run180.mzML,20180918_KBL_TM_Lakes_GEODES_All3_QE-HF_HILICZ-VF1_USHXG01161_POS_MSMS_49_GEO-SP-0-F_1_Rg70to1050-CE102040-0-4-S1_Run180.mzML
ftp://massive-ftp.ucsd.edu/v06/MSV000093272//raw/20180918_KBL_TM_HILICZ_Lakes_Geodes-Mendota/rawdata/20180918_KBL_TM_Lakes_Mendota_DepthDate_QE-139_HILICZ-VF1_USHXG01161_NEG_MSMS_24_ME-20171004-metabo-24_1_Rg70to1050-CE102040-0p5-S1_Run96.mzML,20180918_KBL_TM_Lakes_Mendota_DepthDate_QE-139_HILICZ-VF1_USHXG01161_NEG_MSMS_24_ME-20171004-metabo-24_1_Rg70to1050-CE102040-0p5-S1_Run96.mzML
ftp://massive-ftp.ucsd.edu/v06/MSV000093272//raw/20180918_KBL_TM_HILICZ_Lakes_Geodes-Mendota/rawdata/20180918_KBL_TM_Lakes_GEODES_All3_QE-HF_HILICZ-VF1_USHXG01161_POS_MSMS_74_ExCtrl-JGI_1_Rg70to1050-CE102040-ExCtrl-S1_Run15.mzML,20180918_KBL_TM_Lakes_GEODES_All3_QE-HF_HILICZ-VF1_USHXG01161_POS_MSMS_74_ExCtrl-JGI_1_Rg70to1050-CE102040-ExCtrl-S1_Run15.mzML
ftp://massive-ftp.ucsd.edu/v06/MSV000093272//raw/20181217_KBL_TM_C18_Lakes_Geodes-Mendota_REDO/rawdata/20181217_KBL_TM_Lakes_Mendota_DepthDate_QE-HF_C18_USDAY46918_POS_MSMS_7_ME-20170811-metabo-7_1_Rg80to1200-CE102040-9p5-S1_Run33.mzML,20181217_KBL_TM_Lakes_Mendota_DepthDate_QE-HF_C18_USDAY46918_POS_MSMS_7_ME-20170811-metabo-7_1_Rg80to1200-CE102040-9p5-S1_Run33.mzML
ftp://massive-ftp.ucsd.edu/v06/MSV000093272//raw/20180918_KBL_TM_HILICZ_Lakes_Geodes-Mendota/rawdata/20180918_KBL_TM_Lakes_Mendota_DepthDate_QE-139_HILICZ-VF1_USHXG01161_POS_MSMS_19_ME-20171004-metabo-19_1_Rg70to1050-CE102040-13-S1_Run77.mzML,20180918_KBL_TM_Lakes_Mendota_DepthDate_QE-139_HILICZ-VF1_USHXG01161_POS_MSMS_19_ME-20171004-metabo-19_1_Rg70to1050-CE102040-13-S1_Run77.mzML
ftp://massive-ftp.ucsd.edu/v06/MSV000093272//raw/20181217_KBL_TM_C18_Lakes_Geodes-Mendota_REDO/rawdata/20181217_KBL_TM_Lakes_GEODES_All3_QE-HF_C18_USDAY46918_POS_MSMS_17_GEO-SP-24-UF_1_Rg80to1200-CE102040-0-4-S1_Run71.mzML,20181217_KBL_TM_Lakes_GEODES_All3_QE-HF_C18_USDAY46918_POS_MSMS_17_GEO-SP-24-UF_1_Rg80to1200-CE102040-0-4-S1_Run71.mzML
ftp://massive-ftp.ucsd.edu/v06/MSV000093272//raw/20180918_KBL_TM_HILICZ_Lakes_Geodes-Mendota/rawdata/20180918_KBL_TM_Lakes_GEODES_All3_QE-HF_HILICZ-VF1_USHXG01161_NEG_MSMS_72_GEO-TB-8-F_1_Rg70to1050-CE102040-0-1-S1_Run258.mzML,20180918_KBL_TM_Lakes_GEODES_All3_QE-HF_HILICZ-VF1_USHXG01161_NEG_MSMS_72_GEO-TB-8-F_1_Rg70to1050-CE102040-0-1-S1_Run258.mzML
ftp://massive-ftp.ucsd.edu/v06/MSV000093272//raw/20180918_KBL_TM_HILICZ_Lakes_Geodes-Mendota/rawdata/20180918_KBL_TM_Lakes_Mendota_DepthDate_QE-139_HILICZ-VF1_USHXG01161_POS_MSMS_24_ME-20171004-metabo-24_1_Rg70to1050-CE102040-0p5-S1_Run95.mzML,20180918_KBL_TM_Lakes_Mendota_DepthDate_QE-139_HILICZ-VF1_USHXG01161_POS_MSMS_24_ME-20171004-metabo-24_1_Rg70to1050-CE102040-0p5-S1_Run95.mzML
ftp://massive-ftp.ucsd.edu/v06/MSV000093272//raw/20181217_KBL_TM_C18_Lakes_Geodes-Mendota_REDO/rawdata/20181217_KBL_TM_Lakes_GEODES_All3_QE-HF_C18_USDAY46918_NEG_MSMS_4_GEO-ME-20-UF_1_Rg80to1200-CE102040-0-7-S1_Run28.mzML,20181217_KBL_TM_Lakes_GEODES_All3_QE-HF_C18_USDAY46918_NEG_MSMS_4_GEO-ME-20-UF_1_Rg80to1200-CE102040-0-7-S1_Run28.mzML
ftp://massive-ftp.ucsd.edu/v06/MSV000093272//raw/20181217_KBL_TM_C18_Lakes_Geodes-Mendota_REDO/rawdata/20181217_KBL_TM_Lakes_Mendota_DepthDate_QE-HF_C18_USDAY46918_POS_MSMS_24_ME-20171004-metabo-24_1_Rg80to1200-CE102040-0p5-S1_Run95.mzML,20181217_KBL_TM_Lakes_Mendota_DepthDate_QE-HF_C18_USDAY46918_POS_MSMS_24_ME-20171004-metabo-24_1_Rg80to1200-CE102040-0p5-S1_Run95.mzML
ftp://massive-ftp.ucsd.edu/v06/MSV000093272//raw/20180918_KBL_TM_HILICZ_Lakes_Geodes-Mendota/rawdata/20180918_KBL_TM_Lakes_GEODES_All3_QE-HF_HILICZ-VF1_USHXG01161_NEG_MSMS_51_GEO-SP-16-F_1_Rg70to1050-CE102040-0-4-S1_Run187.mzML,20180918_KBL_TM_Lakes_GEODES_All3_QE-HF_HILICZ-VF1_USHXG01161_NEG_MSMS_51_GEO-SP-16-F_1_Rg70to1050-CE102040-0-4-S1_Run187.mzML
ftp://massive-ftp.ucsd.edu/v06/MSV000093272//raw/20181217_KBL_TM_C18_Lakes_Geodes-Mendota_REDO/rawdata/20181217_KBL_TM_Lakes_GEODES_All3_QE-HF_C18_USDAY46918_NEG_MSMS_67_GEO-TB-32-F_1_Rg80to1200-CE102040-0-1-S1_Run243.mzML,20181217_KBL_TM_Lakes_GEODES_All3_QE-HF_C18_USDAY46918_NEG_MSMS_67_GEO-TB-32-F_1_Rg80to1200-CE102040-0-1-S1_Run243.mzML
ftp://massive-ftp.ucsd.edu/v06/MSV000093272//raw/20181217_KBL_TM_C18_Lakes_Geodes-Mendota_REDO/rawdata/20181217_KBL_TM_Lakes_GEODES_All3_QE-HF_C18_USDAY46918_NEG_MSMS_64_GEO-TB-20-F_1_Rg80to1200-CE102040-0-1-S1_Run234.mzML,20181217_KBL_TM_Lakes_GEODES_All3_QE-HF_C18_USDAY46918_NEG_MSMS_64_GEO-TB-20-F_1_Rg80to1200-CE102040-0-1-S1_Run234.mzML
ftp://massive-ftp.ucsd.edu/v06/MSV000093272//raw/20181217_KBL_TM_C18_Lakes_Geodes-Mendota_REDO/rawdata/20181217_KBL_TM_Lakes_GEODES_All3_QE-HF_C18_USDAY46918_POS_MSMS_33_GEO-TB-40-UF_1_Rg80to1200-CE102040-0-1-S1_Run127.mzML,20181217_KBL_TM_Lakes_GEODES_All3_QE-HF_C18_USDAY46918_POS_MSMS_33_GEO-TB-40-UF_1_Rg80to1200-CE102040-0-1-S1_Run127.mzML
ftp://massive-ftp.ucsd.edu/v06/MSV000093272//raw/20180918_KBL_TM_HILICZ_Lakes_Geodes-Mendota/rawdata/20180918_KBL_TM_Lakes_GEODES_All3_QE-HF_HILICZ-VF1_USHXG01161_POS_MSMS_73_ExCtrl-User_1_Rg70to1050-CE102040-ExCtrl-S1_Run12.mzML,20180918_KBL_TM_Lakes_GEODES_All3_QE-HF_HILICZ-VF1_USHXG01161_POS_MSMS_73_ExCtrl-User_1_Rg70to1050-CE102040-ExCtrl-S1_Run12.mzML
ftp://massive-ftp.ucsd.edu/v06/MSV000093272//raw/20181217_KBL_TM_C18_Lakes_Geodes-Mendota_REDO/rawdata/20181217_KBL_TM_Lakes_GEODES_All3_QE-HF_C18_USDAY46918_NEG_MSMS_48_GEO-ME-8-F_1_Rg80to1200-CE102040-0-7-S1_Run178.mzML,20181217_KBL_TM_Lakes_GEODES_All3_QE-HF_C18_USDAY46918_NEG_MSMS_48_GEO-ME-8-F_1_Rg80to1200-CE102040-0-7-S1_Run178.mzML
ftp://massive-ftp.ucsd.edu/v06/MSV000093272//raw/20181217_KBL_TM_C18_Lakes_Geodes-Mendota_REDO/rawdata/20181217_KBL_TM_Lakes_GEODES_All3_QE-HF_C18_USDAY46918_POS_MSMS_71_GEO-TB-4-F_1_Rg80to1200-CE102040-0-1-S1_Run254.mzML,20181217_KBL_TM_Lakes_GEODES_All3_QE-HF_C18_USDAY46918_POS_MSMS_71_GEO-TB-4-F_1_Rg80to1200-CE102040-0-1-S1_Run254.mzML
ftp://massive-ftp.ucsd.edu/v06/MSV000093272//raw/20181217_KBL_TM_C18_Lakes_Geodes-Mendota_REDO/rawdata/20181217_KBL_TM_Lakes_GEODES_All3_QE-HF_C18_USDAY46918_NEG_MSMS_56_GEO-SP-36-F_1_Rg80to1200-CE102040-0-4-S1_Run205.mzML,20181217_KBL_TM_Lakes_GEODES_All3_QE-HF_C18_USDAY46918_NEG_MSMS_56_GEO-SP-36-F_1_Rg80to1200-CE102040-0-4-S1_Run205.mzML
ftp://massive-ftp.ucsd.edu/v06/MSV000093272//raw/20181217_KBL_TM_C18_Lakes_Geodes-Mendota_REDO/rawdata/20181217_KBL_TM_Lakes_GEODES_All3_QE-HF_C18_USDAY46918_NEG_MSMS_26_GEO-TB-12-UF_1_Rg80to1200-CE102040-0-1-S1_Run102.mzML,20181217_KBL_TM_Lakes_GEODES_All3_QE-HF_C18_USDAY46918_NEG_MSMS_26_GEO-TB-12-UF_1_Rg80to1200-CE102040-0-1-S1_Run102.mzML
ftp://massive-ftp.ucsd.edu/v06/MSV000093272//raw/20181217_KBL_TM_C18_Lakes_Geodes-Mendota_REDO/rawdata/20181217_KBL_TM_Lakes_GEODES_All3_QE-HF_C18_USDAY46918_POS_MSMS_58_GEO-SP-44-F_1_Rg80to1200-CE102040-0-4-S1_Run210.mzML,20181217_KBL_TM_Lakes_GEODES_All3_QE-HF_C18_USDAY46918_POS_MSMS_58_GEO-SP-44-F_1_Rg80to1200-CE102040-0-4-S1_Run210.mzML
ftp://massive-ftp.ucsd.edu/v06/MSV000093272//raw/20181217_KBL_TM_C18_Lakes_Geodes-Mendota_REDO/rawdata/20181217_KBL_TM_Lakes_GEODES_All3_QE-HF_C18_USDAY46918_NEG_MSMS_75_ExCtrl-JGI_2_Rg80to1200-CE102040-ExCtrl-S1_Run99.mzML,20181217_KBL_TM_Lakes_GEODES_All3_QE-HF_C18_USDAY46918_NEG_MSMS_75_ExCtrl-JGI_2_Rg80to1200-CE102040-ExCtrl-S1_Run99.mzML
ftp://massive-ftp.ucsd.edu/v06/MSV000093272//raw/20181217_KBL_TM_C18_Lakes_Geodes-Mendota_REDO/rawdata/20181217_KBL_TM_Lakes_GEODES_All3_QE-HF_C18_USDAY46918_POS_MSMS_32_GEO-TB-36-UF_1_Rg80to1200-CE102040-0-1-S1_Run124.mzML,20181217_KBL_TM_Lakes_GEODES_All3_QE-HF_C18_USDAY46918_POS_MSMS_32_GEO-TB-36-UF_1_Rg80to1200-CE102040-0-1-S1_Run124.mzML
ftp://massive-ftp.ucsd.edu/v06/MSV000093272//raw/20180918_KBL_TM_HILICZ_Lakes_Geodes-Mendota/rawdata/20180918_KBL_TM_Lakes_Mendota_DepthDate_QE-139_HILICZ-VF1_USHXG01161_NEG_MSMS_33_ExCtrl-JGI_1_Rg70to1050-CE102040-ExCtrl-S1_Run13.mzML,20180918_KBL_TM_Lakes_Mendota_DepthDate_QE-139_HILICZ-VF1_USHXG01161_NEG_MSMS_33_ExCtrl-JGI_1_Rg70to1050-CE102040-ExCtrl-S1_Run13.mzML
ftp://massive-ftp.ucsd.edu/v06/MSV000093272//raw/20180918_KBL_TM_HILICZ_Lakes_Geodes-Mendota/rawdata/20180918_KBL_TM_Lakes_Mendota_DepthDate_QE-139_HILICZ-VF1_USHXG01161_POS_MSMS_17_ME-20171004-metabo-17_1_Rg70to1050-CE102040-14p5-S1_Run71.mzML,20180918_KBL_TM_Lakes_Mendota_DepthDate_QE-139_HILICZ-VF1_USHXG01161_POS_MSMS_17_ME-20171004-metabo-17_1_Rg70to1050-CE102040-14p5-S1_Run71.mzML
ftp://massive-ftp.ucsd.edu/v06/MSV000093272//raw/20181217_KBL_TM_C18_Lakes_Geodes-Mendota_REDO/rawdata/20181217_KBL_TM_Lakes_GEODES_All3_QE-HF_C18_USDAY46918_POS_MSMS_37_GEO-ME-0-F_1_Rg80to1200-CE102040-0-7-S1_Run139.mzML,20181217_KBL_TM_Lakes_GEODES_All3_QE-HF_C18_USDAY46918_POS_MSMS_37_GEO-ME-0-F_1_Rg80to1200-CE102040-0-7-S1_Run139.mzML
ftp://massive-ftp.ucsd.edu/v06/MSV000093272//raw/20181217_KBL_TM_C18_Lakes_Geodes-Mendota_REDO/rawdata/20181217_KBL_TM_Lakes_Mendota_DepthDate_QE-HF_C18_USDAY46918_POS_MSMS_10_ME-20170908-metabo-10_1_Rg80to1200-CE102040-18-S1_Run42.mzML,20181217_KBL_TM_Lakes_Mendota_DepthDate_QE-HF_C18_USDAY46918_POS_MSMS_10_ME-20170908-metabo-10_1_Rg80to1200-CE102040-18-S1_Run42.mzML
ftp://massive-ftp.ucsd.edu/v06/MSV000093272//raw/20181217_KBL_TM_C18_Lakes_Geodes-Mendota_REDO/rawdata/20181217_KBL_TM_Lakes_GEODES_All3_QE-HF_C18_USDAY46918_POS_MSMS_56_GEO-SP-36-F_1_Rg80to1200-CE102040-0-4-S1_Run204.mzML,20181217_KBL_TM_Lakes_GEODES_All3_QE-HF_C18_USDAY46918_POS_MSMS_56_GEO-SP-36-F_1_Rg80to1200-CE102040-0-4-S1_Run204.mzML
ftp://massive-ftp.ucsd.edu/v06/MSV000093272//raw/20180918_KBL_TM_HILICZ_Lakes_Geodes-Mendota/rawdata/20180918_KBL_TM_Lakes_GEODES_All3_QE-HF_HILICZ-VF1_USHXG01161_NEG_MSMS_16_GEO-SP-20-UF_1_Rg70to1050-CE102040-0-4-S1_Run69.mzML,20180918_KBL_TM_Lakes_GEODES_All3_QE-HF_HILICZ-VF1_USHXG01161_NEG_MSMS_16_GEO-SP-20-UF_1_Rg70to1050-CE102040-0-4-S1_Run69.mzML
ftp://massive-ftp.ucsd.edu/v06/MSV000093272//raw/20181217_KBL_TM_C18_Lakes_Geodes-Mendota_REDO/rawdata/20181217_KBL_TM_Lakes_GEODES_All3_QE-HF_C18_USDAY46918_POS_MSMS_69_GEO-TB-40-F_1_Rg80to1200-CE102040-0-1-S1_Run248.mzML,20181217_KBL_TM_Lakes_GEODES_All3_QE-HF_C18_USDAY46918_POS_MSMS_69_GEO-TB-40-F_1_Rg80to1200-CE102040-0-1-S1_Run248.mzML
ftp://massive-ftp.ucsd.edu/v06/MSV000093272//raw/20181217_KBL_TM_C18_Lakes_Geodes-Mendota_REDO/rawdata/20181217_KBL_TM_Lakes_GEODES_All3_QE-HF_C18_USDAY46918_NEG_MSMS_51_GEO-SP-16-F_1_Rg80to1200-CE102040-0-4-S1_Run187.mzML,20181217_KBL_TM_Lakes_GEODES_All3_QE-HF_C18_USDAY46918_NEG_MSMS_51_GEO-SP-16-F_1_Rg80to1200-CE102040-0-4-S1_Run187.mzML
ftp://massive-ftp.ucsd.edu/v06/MSV000093272//raw/20181217_KBL_TM_C18_Lakes_Geodes-Mendota_REDO/rawdata/20181217_KBL_TM_Lakes_GEODES_All3_QE-HF_C18_USDAY46918_NEG_MSMS_35_GEO-TB-4-UF_1_Rg80to1200-CE102040-0-1-S1_Run134.mzML,20181217_KBL_TM_Lakes_GEODES_All3_QE-HF_C18_USDAY46918_NEG_MSMS_35_GEO-TB-4-UF_1_Rg80to1200-CE102040-0-1-S1_Run134.mzML
ftp://massive-ftp.ucsd.edu/v06/MSV000093272//raw/20180918_KBL_TM_HILICZ_Lakes_Geodes-Mendota/rawdata/20180918_KBL_TM_Lakes_GEODES_All3_QE-HF_HILICZ-VF1_USHXG01161_POS_MSMS_50_GEO-SP-12-F_1_Rg70to1050-CE102040-0-4-S1_Run183.mzML,20180918_KBL_TM_Lakes_GEODES_All3_QE-HF_HILICZ-VF1_USHXG01161_POS_MSMS_50_GEO-SP-12-F_1_Rg70to1050-CE102040-0-4-S1_Run183.mzML
ftp://massive-ftp.ucsd.edu/v06/MSV000093272//raw/20181217_KBL_TM_C18_Lakes_Geodes-Mendota_REDO/rawdata/20181217_KBL_TM_Lakes_Mendota_DepthDate_QE-HF_C18_USDAY46918_NEG_MSMS_29_ME-20171101-metabo-29_1_Rg80to1200-CE102040-2p1-S1_Run111.mzML,20181217_KBL_TM_Lakes_Mendota_DepthDate_QE-HF_C18_USDAY46918_NEG_MSMS_29_ME-20171101-metabo-29_1_Rg80to1200-CE102040-2p1-S1_Run111.mzML
ftp://massive-ftp.ucsd.edu/v06/MSV000093272//raw/20181217_KBL_TM_C18_Lakes_Geodes-Mendota_REDO/rawdata/20181217_KBL_TM_Lakes_Mendota_DepthDate_QE-HF_C18_USDAY46918_NEG_MSMS_8_ME-20170811-metabo-8_1_Rg80to1200-CE102040-0p5-S1_Run37.mzML,20181217_KBL_TM_Lakes_Mendota_DepthDate_QE-HF_C18_USDAY46918_NEG_MSMS_8_ME-20170811-metabo-8_1_Rg80to1200-CE102040-0p5-S1_Run37.mzML
ftp://massive-ftp.ucsd.edu/v06/MSV000093272//raw/20181217_KBL_TM_C18_Lakes_Geodes-Mendota_REDO/rawdata/20181217_KBL_TM_Lakes_GEODES_All3_QE-HF_C18_USDAY46918_POS_MSMS_57_GEO-SP-40-F_1_Rg80to1200-CE102040-0-4-S1_Run207.mzML,20181217_KBL_TM_Lakes_GEODES_All3_QE-HF_C18_USDAY46918_POS_MSMS_57_GEO-SP-40-F_1_Rg80to1200-CE102040-0-4-S1_Run207.mzML
ftp://massive-ftp.ucsd.edu/v06/MSV000093272//raw/20181217_KBL_TM_C18_Lakes_Geodes-Mendota_REDO/rawdata/20181217_KBL_TM_Lakes_Mendota_DepthDate_QE-HF_C18_USDAY46918_POS_MSMS_1_ME-20170811-metabo-1_1_Rg80to1200-CE102040-21p25-S1_Run15.mzML,20181217_KBL_TM_Lakes_Mendota_DepthDate_QE-HF_C18_USDAY46918_POS_MSMS_1_ME-20170811-metabo-1_1_Rg80to1200-CE102040-21p25-S1_Run15.mzML
ftp://massive-ftp.ucsd.edu/v06/MSV000093272//raw/20180918_KBL_TM_HILICZ_Lakes_Geodes-Mendota/rawdata/20180918_KBL_TM_Lakes_GEODES_All3_QE-HF_HILICZ-VF1_USHXG01161_POS_MSMS_14_GEO-SP-12-UF_1_Rg70to1050-CE102040-0-4-S1_Run57.mzML,20180918_KBL_TM_Lakes_GEODES_All3_QE-HF_HILICZ-VF1_USHXG01161_POS_MSMS_14_GEO-SP-12-UF_1_Rg70to1050-CE102040-0-4-S1_Run57.mzML
ftp://massive-ftp.ucsd.edu/v06/MSV000093272//raw/20180918_KBL_TM_HILICZ_Lakes_Geodes-Mendota/rawdata/20180918_KBL_TM_Lakes_GEODES_All3_QE-HF_HILICZ-VF1_USHXG01161_POS_MSMS_23_GEO-SP-4-UF_1_Rg70to1050-CE102040-0-4-S1_Run89.mzML,20180918_KBL_TM_Lakes_GEODES_All3_QE-HF_HILICZ-VF1_USHXG01161_POS_MSMS_23_GEO-SP-4-UF_1_Rg70to1050-CE102040-0-4-S1_Run89.mzML
ftp://massive-ftp.ucsd.edu/v06/MSV000093272//raw/20180918_KBL_TM_HILICZ_Lakes_Geodes-Mendota/rawdata/20180918_KBL_TM_Lakes_Mendota_DepthDate_QE-139_HILICZ-VF1_USHXG01161_NEG_MSMS_13_ME-20170908-metabo-13_1_Rg70to1050-CE102040-13p4-S1_Run55.mzML,20180918_KBL_TM_Lakes_Mendota_DepthDate_QE-139_HILICZ-VF1_USHXG01161_NEG_MSMS_13_ME-20170908-metabo-13_1_Rg70to1050-CE102040-13p4-S1_Run55.mzML
ftp://massive-ftp.ucsd.edu/v06/MSV000093272//raw/20180918_KBL_TM_HILICZ_Lakes_Geodes-Mendota/rawdata/20180918_KBL_TM_Lakes_Mendota_DepthDate_QE-139_HILICZ-VF1_USHXG01161_NEG_MSMS_35_ExCtrl-JGI_3_Rg70to1050-CE102040-ExCtrl-S1_Run90.mzML,20180918_KBL_TM_Lakes_Mendota_DepthDate_QE-139_HILICZ-VF1_USHXG01161_NEG_MSMS_35_ExCtrl-JGI_3_Rg70to1050-CE102040-ExCtrl-S1_Run90.mzML
ftp://massive-ftp.ucsd.edu/v06/MSV000093272//raw/20180918_KBL_TM_HILICZ_Lakes_Geodes-Mendota/rawdata/20180918_KBL_TM_Lakes_Mendota_DepthDate_QE-139_HILICZ-VF1_USHXG01161_POS_MSMS_9_ME-20170908-metabo-9_1_Rg70to1050-CE102040-22p2-S1_Run39.mzML,20180918_KBL_TM_Lakes_Mendota_DepthDate_QE-139_HILICZ-VF1_USHXG01161_POS_MSMS_9_ME-20170908-metabo-9_1_Rg70to1050-CE102040-22p2-S1_Run39.mzML
ftp://massive-ftp.ucsd.edu/v06/MSV000093272//raw/20180918_KBL_TM_HILICZ_Lakes_Geodes-Mendota/rawdata/20180918_KBL_TM_Lakes_GEODES_All3_QE-HF_HILICZ-VF1_USHXG01161_POS_MSMS_62_GEO-TB-12-F_1_Rg70to1050-CE102040-0-1-S1_Run227.mzML,20180918_KBL_TM_Lakes_GEODES_All3_QE-HF_HILICZ-VF1_USHXG01161_POS_MSMS_62_GEO-TB-12-F_1_Rg70to1050-CE102040-0-1-S1_Run227.mzML
ftp://massive-ftp.ucsd.edu/v06/MSV000093272//raw/20181217_KBL_TM_C18_Lakes_Geodes-Mendota_REDO/rawdata/20181217_KBL_TM_Lakes_GEODES_All3_QE-HF_C18_USDAY46918_POS_MSMS_16_GEO-SP-20-UF_1_Rg80to1200-CE102040-0-4-S1_Run68.mzML,20181217_KBL_TM_Lakes_GEODES_All3_QE-HF_C18_USDAY46918_POS_MSMS_16_GEO-SP-20-UF_1_Rg80to1200-CE102040-0-4-S1_Run68.mzML
ftp://massive-ftp.ucsd.edu/v06/MSV000093272//raw/20180918_KBL_TM_HILICZ_Lakes_Geodes-Mendota/rawdata/20180918_KBL_TM_Lakes_Mendota_DepthDate_QE-139_HILICZ-VF1_USHXG01161_POS_MSMS_20_ME-20171004-metabo-20_1_Rg70to1050-CE102040-10p8-S1_Run80.mzML,20180918_KBL_TM_Lakes_Mendota_DepthDate_QE-139_HILICZ-VF1_USHXG01161_POS_MSMS_20_ME-20171004-metabo-20_1_Rg70to1050-CE102040-10p8-S1_Run80.mzML
ftp://massive-ftp.ucsd.edu/v06/MSV000093272//raw/20180918_KBL_TM_HILICZ_Lakes_Geodes-Mendota/rawdata/20180918_KBL_TM_Lakes_GEODES_All3_QE-HF_HILICZ-VF1_USHXG01161_NEG_MSMS_41_GEO-ME-24-F_1_Rg70to1050-CE102040-0-7-S1_Run152.mzML,20180918_KBL_TM_Lakes_GEODES_All3_QE-HF_HILICZ-VF1_USHXG01161_NEG_MSMS_41_GEO-ME-24-F_1_Rg70to1050-CE102040-0-7-S1_Run152.mzML
ftp://massive-ftp.ucsd.edu/v06/MSV000093272//raw/20180918_KBL_TM_HILICZ_Lakes_Geodes-Mendota/rawdata/20180918_KBL_TM_Lakes_GEODES_All3_QE-HF_HILICZ-VF1_USHXG01161_POS_MSMS_46_GEO-ME-44-F_1_Rg70to1050-CE102040-0-7-S1_Run171.mzML,20180918_KBL_TM_Lakes_GEODES_All3_QE-HF_HILICZ-VF1_USHXG01161_POS_MSMS_46_GEO-ME-44-F_1_Rg70to1050-CE102040-0-7-S1_Run171.mzML
ftp://massive-ftp.ucsd.edu/v06/MSV000093272//raw/20181217_KBL_TM_C18_Lakes_Geodes-Mendota_REDO/rawdata/20181217_KBL_TM_Lakes_Mendota_DepthDate_QE-HF_C18_USDAY46918_NEG_MSMS_27_ME-20171019-metabo-27_1_Rg80to1200-CE102040-17p8-S1_Run105.mzML,20181217_KBL_TM_Lakes_Mendota_DepthDate_QE-HF_C18_USDAY46918_NEG_MSMS_27_ME-20171019-metabo-27_1_Rg80to1200-CE102040-17p8-S1_Run105.mzML
ftp://massive-ftp.ucsd.edu/v06/MSV000093272//raw/20180918_KBL_TM_HILICZ_Lakes_Geodes-Mendota/rawdata/20180918_KBL_TM_Lakes_Mendota_DepthDate_QE-139_HILICZ-VF1_USHXG01161_NEG_MSMS_34_ExCtrl-JGI_2_Rg70to1050-CE102040-ExCtrl-S1_Run49.mzML,20180918_KBL_TM_Lakes_Mendota_DepthDate_QE-139_HILICZ-VF1_USHXG01161_NEG_MSMS_34_ExCtrl-JGI_2_Rg70to1050-CE102040-ExCtrl-S1_Run49.mzML
ftp://massive-ftp.ucsd.edu/v06/MSV000093272//raw/20180918_KBL_TM_HILICZ_Lakes_Geodes-Mendota/rawdata/20180918_KBL_TM_Lakes_Mendota_DepthDate_QE-139_HILICZ-VF1_USHXG01161_NEG_MSMS_25_ME-20171019-metabo-25_1_Rg70to1050-CE102040-16p3-S1_Run99.mzML,20180918_KBL_TM_Lakes_Mendota_DepthDate_QE-139_HILICZ-VF1_USHXG01161_NEG_MSMS_25_ME-20171019-metabo-25_1_Rg70to1050-CE102040-16p3-S1_Run99.mzML
ftp://massive-ftp.ucsd.edu/v06/MSV000093272//raw/20180918_KBL_TM_HILICZ_Lakes_Geodes-Mendota/rawdata/20180918_KBL_TM_Lakes_GEODES_All3_QE-HF_HILICZ-VF1_USHXG01161_NEG_MSMS_55_GEO-SP-32-F_1_Rg70to1050-CE102040-0-4-S1_Run202.mzML,20180918_KBL_TM_Lakes_GEODES_All3_QE-HF_HILICZ-VF1_USHXG01161_NEG_MSMS_55_GEO-SP-32-F_1_Rg70to1050-CE102040-0-4-S1_Run202.mzML
ftp://massive-ftp.ucsd.edu/v06/MSV000093272//raw/20180918_KBL_TM_HILICZ_Lakes_Geodes-Mendota/rawdata/20180918_KBL_TM_Lakes_Mendota_DepthDate_QE-139_HILICZ-VF1_USHXG01161_NEG_MSMS_8_ME-20170811-metabo-8_1_Rg70to1050-CE102040-0p5-S1_Run37.mzML,20180918_KBL_TM_Lakes_Mendota_DepthDate_QE-139_HILICZ-VF1_USHXG01161_NEG_MSMS_8_ME-20170811-metabo-8_1_Rg70to1050-CE102040-0p5-S1_Run37.mzML
ftp://massive-ftp.ucsd.edu/v06/MSV000093272//raw/20181217_KBL_TM_C18_Lakes_Geodes-Mendota_REDO/rawdata/20181217_KBL_TM_Lakes_GEODES_All3_QE-HF_C18_USDAY46918_POS_MSMS_29_GEO-TB-24-UF_1_Rg80to1200-CE102040-0-1-S1_Run110.mzML,20181217_KBL_TM_Lakes_GEODES_All3_QE-HF_C18_USDAY46918_POS_MSMS_29_GEO-TB-24-UF_1_Rg80to1200-CE102040-0-1-S1_Run110.mzML
ftp://massive-ftp.ucsd.edu/v06/MSV000093272//raw/20181217_KBL_TM_C18_Lakes_Geodes-Mendota_REDO/rawdata/20181217_KBL_TM_Lakes_GEODES_All3_QE-HF_C18_USDAY46918_NEG_MSMS_74_ExCtrl-JGI_1_Rg80to1200-CE102040-ExCtrl-S1_Run16.mzML,20181217_KBL_TM_Lakes_GEODES_All3_QE-HF_C18_USDAY46918_NEG_MSMS_74_ExCtrl-JGI_1_Rg80to1200-CE102040-ExCtrl-S1_Run16.mzML
ftp://massive-ftp.ucsd.edu/v06/MSV000093272//raw/20180918_KBL_TM_HILICZ_Lakes_Geodes-Mendota/rawdata/20180918_KBL_TM_Lakes_GEODES_All3_QE-HF_HILICZ-VF1_USHXG01161_NEG_MSMS_7_GEO-ME-32-UF_1_Rg70to1050-CE102040-0-7-S1_Run37.mzML,20180918_KBL_TM_Lakes_GEODES_All3_QE-HF_HILICZ-VF1_USHXG01161_NEG_MSMS_7_GEO-ME-32-UF_1_Rg70to1050-CE102040-0-7-S1_Run37.mzML
ftp://massive-ftp.ucsd.edu/v06/MSV000093272//raw/20180918_KBL_TM_HILICZ_Lakes_Geodes-Mendota/rawdata/20180918_KBL_TM_Lakes_GEODES_All3_QE-HF_HILICZ-VF1_USHXG01161_NEG_MSMS_12_GEO-ME-8-UF_1_Rg70to1050-CE102040-0-7-S1_Run52.mzML,20180918_KBL_TM_Lakes_GEODES_All3_QE-HF_HILICZ-VF1_USHXG01161_NEG_MSMS_12_GEO-ME-8-UF_1_Rg70to1050-CE102040-0-7-S1_Run52.mzML
ftp://massive-ftp.ucsd.edu/v06/MSV000093272//raw/20180918_KBL_TM_HILICZ_Lakes_Geodes-Mendota/rawdata/20180918_KBL_TM_Lakes_GEODES_All3_QE-HF_HILICZ-VF1_USHXG01161_NEG_MSMS_15_GEO-SP-16-UF_1_Rg70to1050-CE102040-0-4-S1_Run61.mzML,20180918_KBL_TM_Lakes_GEODES_All3_QE-HF_HILICZ-VF1_USHXG01161_NEG_MSMS_15_GEO-SP-16-UF_1_Rg70to1050-CE102040-0-4-S1_Run61.mzML
ftp://massive-ftp.ucsd.edu/v06/MSV000093272//raw/20181217_KBL_TM_C18_Lakes_Geodes-Mendota_REDO/rawdata/20181217_KBL_TM_Lakes_GEODES_All3_QE-HF_C18_USDAY46918_POS_MSMS_53_GEO-SP-24-F_1_Rg80to1200-CE102040-0-4-S1_Run192.mzML,20181217_KBL_TM_Lakes_GEODES_All3_QE-HF_C18_USDAY46918_POS_MSMS_53_GEO-SP-24-F_1_Rg80to1200-CE102040-0-4-S1_Run192.mzML
ftp://massive-ftp.ucsd.edu/v06/MSV000093272//raw/20181217_KBL_TM_C18_Lakes_Geodes-Mendota_REDO/rawdata/20181217_KBL_TM_Lakes_GEODES_All3_QE-HF_C18_USDAY46918_NEG_MSMS_37_GEO-ME-0-F_1_Rg80to1200-CE102040-0-7-S1_Run140.mzML,20181217_KBL_TM_Lakes_GEODES_All3_QE-HF_C18_USDAY46918_NEG_MSMS_37_GEO-ME-0-F_1_Rg80to1200-CE102040-0-7-S1_Run140.mzML
ftp://massive-ftp.ucsd.edu/v06/MSV000093272//raw/20180918_KBL_TM_HILICZ_Lakes_Geodes-Mendota/rawdata/20180918_KBL_TM_Lakes_Mendota_DepthDate_QE-139_HILICZ-VF1_USHXG01161_POS_MSMS_15_ME-20170908-metabo-15_1_Rg70to1050-CE102040-11p5-S1_Run60.mzML,20180918_KBL_TM_Lakes_Mendota_DepthDate_QE-139_HILICZ-VF1_USHXG01161_POS_MSMS_15_ME-20170908-metabo-15_1_Rg70to1050-CE102040-11p5-S1_Run60.mzML
ftp://massive-ftp.ucsd.edu/v06/MSV000093272//raw/20180918_KBL_TM_HILICZ_Lakes_Geodes-Mendota/rawdata/20180918_KBL_TM_Lakes_GEODES_All3_QE-HF_HILICZ-VF1_USHXG01161_NEG_MSMS_70_GEO-TB-44-F_1_Rg70to1050-CE102040-0-1-S1_Run252.mzML,20180918_KBL_TM_Lakes_GEODES_All3_QE-HF_HILICZ-VF1_USHXG01161_NEG_MSMS_70_GEO-TB-44-F_1_Rg70to1050-CE102040-0-1-S1_Run252.mzML
ftp://massive-ftp.ucsd.edu/v06/MSV000093272//raw/20181217_KBL_TM_C18_Lakes_Geodes-Mendota_REDO/rawdata/20181217_KBL_TM_Lakes_Mendota_DepthDate_QE-HF_C18_USDAY46918_POS_MSMS_4_ME-20170811-metabo-4_1_Rg80to1200-CE102040-13p15-S1_Run24.mzML,20181217_KBL_TM_Lakes_Mendota_DepthDate_QE-HF_C18_USDAY46918_POS_MSMS_4_ME-20170811-metabo-4_1_Rg80to1200-CE102040-13p15-S1_Run24.mzML
ftp://massive-ftp.ucsd.edu/v06/MSV000093272//raw/20181217_KBL_TM_C18_Lakes_Geodes-Mendota_REDO/rawdata/20181217_KBL_TM_Lakes_Mendota_DepthDate_QE-HF_C18_USDAY46918_POS_MSMS_34_ExCtrl-JGI_2_Rg80to1200-CE102040-ExCtrl-S1_Run48.mzML,20181217_KBL_TM_Lakes_Mendota_DepthDate_QE-HF_C18_USDAY46918_POS_MSMS_34_ExCtrl-JGI_2_Rg80to1200-CE102040-ExCtrl-S1_Run48.mzML
ftp://massive-ftp.ucsd.edu/v06/MSV000093272//raw/20181217_KBL_TM_C18_Lakes_Geodes-Mendota_REDO/rawdata/20181217_KBL_TM_Lakes_Mendota_DepthDate_QE-HF_C18_USDAY46918_NEG_MSMS_18_ME-20171004-metabo-18_1_Rg80to1200-CE102040-13p5-S1_Run75.mzML,20181217_KBL_TM_Lakes_Mendota_DepthDate_QE-HF_C18_USDAY46918_NEG_MSMS_18_ME-20171004-metabo-18_1_Rg80to1200-CE102040-13p5-S1_Run75.mzML
ftp://massive-ftp.ucsd.edu/v06/MSV000093272//raw/20180918_KBL_TM_HILICZ_Lakes_Geodes-Mendota/rawdata/20180918_KBL_TM_Lakes_GEODES_All3_QE-HF_HILICZ-VF1_USHXG01161_NEG_MSMS_39_GEO-ME-16-F_1_Rg70to1050-CE102040-0-7-S1_Run146.mzML,20180918_KBL_TM_Lakes_GEODES_All3_QE-HF_HILICZ-VF1_USHXG01161_NEG_MSMS_39_GEO-ME-16-F_1_Rg70to1050-CE102040-0-7-S1_Run146.mzML
ftp://massive-ftp.ucsd.edu/v06/MSV000093272//raw/20180918_KBL_TM_HILICZ_Lakes_Geodes-Mendota/rawdata/20180918_KBL_TM_Lakes_Mendota_DepthDate_QE-139_HILICZ-VF1_USHXG01161_POS_MSMS_29_ME-20171101-metabo-29_1_Rg70to1050-CE102040-2p1-S1_Run110.mzML,20180918_KBL_TM_Lakes_Mendota_DepthDate_QE-139_HILICZ-VF1_USHXG01161_POS_MSMS_29_ME-20171101-metabo-29_1_Rg70to1050-CE102040-2p1-S1_Run110.mzML
ftp://massive-ftp.ucsd.edu/v06/MSV000093272//raw/20180918_KBL_TM_HILICZ_Lakes_Geodes-Mendota/rawdata/20180918_KBL_TM_Lakes_GEODES_All3_QE-HF_HILICZ-VF1_USHXG01161_POS_MSMS_1_GEO-ME-0-UF_1_Rg70to1050-CE102040-0-7-S1_Run18.mzML,20180918_KBL_TM_Lakes_GEODES_All3_QE-HF_HILICZ-VF1_USHXG01161_POS_MSMS_1_GEO-ME-0-UF_1_Rg70to1050-CE102040-0-7-S1_Run18.mzML
ftp://massive-ftp.ucsd.edu/v06/MSV000093272//raw/20180918_KBL_TM_HILICZ_Lakes_Geodes-Mendota/rawdata/20180918_KBL_TM_Lakes_GEODES_All3_QE-HF_HILICZ-VF1_USHXG01161_POS_MSMS_47_GEO-ME-4-F_1_Rg70to1050-CE102040-0-7-S1_Run174.mzML,20180918_KBL_TM_Lakes_GEODES_All3_QE-HF_HILICZ-VF1_USHXG01161_POS_MSMS_47_GEO-ME-4-F_1_Rg70to1050-CE102040-0-7-S1_Run174.mzML
ftp://massive-ftp.ucsd.edu/v06/MSV000093272//raw/20181217_KBL_TM_C18_Lakes_Geodes-Mendota_REDO/rawdata/20181217_KBL_TM_Lakes_GEODES_All3_QE-HF_C18_USDAY46918_NEG_MSMS_3_GEO-ME-16-UF_1_Rg80to1200-CE102040-0-7-S1_Run25.mzML,20181217_KBL_TM_Lakes_GEODES_All3_QE-HF_C18_USDAY46918_NEG_MSMS_3_GEO-ME-16-UF_1_Rg80to1200-CE102040-0-7-S1_Run25.mzML
ftp://massive-ftp.ucsd.edu/v06/MSV000093272//raw/20180918_KBL_TM_HILICZ_Lakes_Geodes-Mendota/rawdata/20180918_KBL_TM_Lakes_Mendota_DepthDate_QE-139_HILICZ-VF1_USHXG01161_NEG_MSMS_22_ME-20171004-metabo-22_1_Rg70to1050-CE102040-19p8-S1_Run87.mzML,20180918_KBL_TM_Lakes_Mendota_DepthDate_QE-139_HILICZ-VF1_USHXG01161_NEG_MSMS_22_ME-20171004-metabo-22_1_Rg70to1050-CE102040-19p8-S1_Run87.mzML
ftp://massive-ftp.ucsd.edu/v06/MSV000093272//raw/20160526_KBL_pHILIC_WisLake_pilot/rawdata/20160526_HILIC___POS_MSMS_KBL_Qex_UV_Lake_ExtractionBlank______Run5.mzML,20160526_HILIC___POS_MSMS_KBL_Qex_UV_Lake_ExtractionBlank______Run5.mzML
ftp://massive-ftp.ucsd.edu/v06/MSV000093272//raw/20181217_KBL_TM_C18_Lakes_Geodes-Mendota_REDO/rawdata/20181217_KBL_TM_Lakes_GEODES_All3_QE-HF_C18_USDAY46918_POS_MSMS_50_GEO-SP-12-F_1_Rg80to1200-CE102040-0-4-S1_Run183.mzML,20181217_KBL_TM_Lakes_GEODES_All3_QE-HF_C18_USDAY46918_POS_MSMS_50_GEO-SP-12-F_1_Rg80to1200-CE102040-0-4-S1_Run183.mzML
ftp://massive-ftp.ucsd.edu/v06/MSV000093272//raw/20180918_KBL_TM_HILICZ_Lakes_Geodes-Mendota/rawdata/20180918_KBL_TM_Lakes_Mendota_DepthDate_QE-139_HILICZ-VF1_USHXG01161_POS_MSMS_30_ME-20171101-metabo-30_1_Rg70to1050-CE102040-11p9-S1_Run113.mzML,20180918_KBL_TM_Lakes_Mendota_DepthDate_QE-139_HILICZ-VF1_USHXG01161_POS_MSMS_30_ME-20171101-metabo-30_1_Rg70to1050-CE102040-11p9-S1_Run113.mzML
ftp://massive-ftp.ucsd.edu/v06/MSV000093272//raw/20180918_KBL_TM_HILICZ_Lakes_Geodes-Mendota/rawdata/20180918_KBL_TM_Lakes_GEODES_All3_QE-HF_HILICZ-VF1_USHXG01161_NEG_MSMS_31_GEO-TB-32-UF_1_Rg70to1050-CE102040-0-1-S1_Run122.mzML,20180918_KBL_TM_Lakes_GEODES_All3_QE-HF_HILICZ-VF1_USHXG01161_NEG_MSMS_31_GEO-TB-32-UF_1_Rg70to1050-CE102040-0-1-S1_Run122.mzML
ftp://massive-ftp.ucsd.edu/v06/MSV000093272//raw/20180918_KBL_TM_HILICZ_Lakes_Geodes-Mendota/rawdata/20180918_KBL_TM_Lakes_Mendota_DepthDate_QE-139_HILICZ-VF1_USHXG01161_NEG_MSMS_27_ME-20171019-metabo-27_1_Rg70to1050-CE102040-17p8-S1_Run105.mzML,20180918_KBL_TM_Lakes_Mendota_DepthDate_QE-139_HILICZ-VF1_USHXG01161_NEG_MSMS_27_ME-20171019-metabo-27_1_Rg70to1050-CE102040-17p8-S1_Run105.mzML
ftp://massive-ftp.ucsd.edu/v06/MSV000093272//raw/20180918_KBL_TM_HILICZ_Lakes_Geodes-Mendota/rawdata/20180918_KBL_TM_Lakes_Mendota_DepthDate_QE-139_HILICZ-VF1_USHXG01161_POS_MSMS_23_ME-20171004-metabo-23_1_Rg70to1050-CE102040-12p9-S1_Run92.mzML,20180918_KBL_TM_Lakes_Mendota_DepthDate_QE-139_HILICZ-VF1_USHXG01161_POS_MSMS_23_ME-20171004-metabo-23_1_Rg70to1050-CE102040-12p9-S1_Run92.mzML
ftp://massive-ftp.ucsd.edu/v06/MSV000093272//raw/20181217_KBL_TM_C18_Lakes_Geodes-Mendota_REDO/rawdata/20181217_KBL_TM_Lakes_GEODES_All3_QE-HF_C18_USDAY46918_POS_MSMS_21_GEO-SP-40-UF_1_Rg80to1200-CE102040-0-4-S1_Run83.mzML,20181217_KBL_TM_Lakes_GEODES_All3_QE-HF_C18_USDAY46918_POS_MSMS_21_GEO-SP-40-UF_1_Rg80to1200-CE102040-0-4-S1_Run83.mzML
ftp://massive-ftp.ucsd.edu/v06/MSV000093272//raw/20181217_KBL_TM_C18_Lakes_Geodes-Mendota_REDO/rawdata/20181217_KBL_TM_Lakes_GEODES_All3_QE-HF_C18_USDAY46918_POS_MSMS_28_GEO-TB-20-UF_1_Rg80to1200-CE102040-0-1-S1_Run107.mzML,20181217_KBL_TM_Lakes_GEODES_All3_QE-HF_C18_USDAY46918_POS_MSMS_28_GEO-TB-20-UF_1_Rg80to1200-CE102040-0-1-S1_Run107.mzML
ftp://massive-ftp.ucsd.edu/v06/MSV000093272//raw/20180918_KBL_TM_HILICZ_Lakes_Geodes-Mendota/rawdata/20180918_KBL_TM_Lakes_Mendota_DepthDate_QE-139_HILICZ-VF1_USHXG01161_POS_MSMS_2_ME-20170811-metabo-2_1_Rg70to1050-CE102040-18p08-S1_Run18.mzML,20180918_KBL_TM_Lakes_Mendota_DepthDate_QE-139_HILICZ-VF1_USHXG01161_POS_MSMS_2_ME-20170811-metabo-2_1_Rg70to1050-CE102040-18p08-S1_Run18.mzML
ftp://massive-ftp.ucsd.edu/v06/MSV000093272//raw/20181217_KBL_TM_C18_Lakes_Geodes-Mendota_REDO/rawdata/20181217_KBL_TM_Lakes_GEODES_All3_QE-HF_C18_USDAY46918_POS_MSMS_74_ExCtrl-JGI_1_Rg80to1200-CE102040-ExCtrl-S1_Run15.mzML,20181217_KBL_TM_Lakes_GEODES_All3_QE-HF_C18_USDAY46918_POS_MSMS_74_ExCtrl-JGI_1_Rg80to1200-CE102040-ExCtrl-S1_Run15.mzML
ftp://massive-ftp.ucsd.edu/v06/MSV000093272//raw/20181217_KBL_TM_C18_Lakes_Geodes-Mendota_REDO/rawdata/20181217_KBL_TM_Lakes_Mendota_DepthDate_QE-HF_C18_USDAY46918_NEG_MSMS_12_ME-20170908-metabo-12_1_Rg80to1200-CE102040-14p5-S1_Run52.mzML,20181217_KBL_TM_Lakes_Mendota_DepthDate_QE-HF_C18_USDAY46918_NEG_MSMS_12_ME-20170908-metabo-12_1_Rg80to1200-CE102040-14p5-S1_Run52.mzML
ftp://massive-ftp.ucsd.edu/v06/MSV000093272//raw/20180918_KBL_TM_HILICZ_Lakes_Geodes-Mendota/rawdata/20180918_KBL_TM_Lakes_GEODES_All3_QE-HF_HILICZ-VF1_USHXG01161_POS_MSMS_38_GEO-ME-12-F_1_Rg70to1050-CE102040-0-7-S1_Run142.mzML,20180918_KBL_TM_Lakes_GEODES_All3_QE-HF_HILICZ-VF1_USHXG01161_POS_MSMS_38_GEO-ME-12-F_1_Rg70to1050-CE102040-0-7-S1_Run142.mzML
ftp://massive-ftp.ucsd.edu/v06/MSV000093272//raw/20181217_KBL_TM_C18_Lakes_Geodes-Mendota_REDO/rawdata/20181217_KBL_TM_Lakes_GEODES_All3_QE-HF_C18_USDAY46918_NEG_MSMS_47_GEO-ME-4-F_1_Rg80to1200-CE102040-0-7-S1_Run175.mzML,20181217_KBL_TM_Lakes_GEODES_All3_QE-HF_C18_USDAY46918_NEG_MSMS_47_GEO-ME-4-F_1_Rg80to1200-CE102040-0-7-S1_Run175.mzML
ftp://massive-ftp.ucsd.edu/v06/MSV000093272//raw/20180918_KBL_TM_HILICZ_Lakes_Geodes-Mendota/rawdata/20180918_KBL_TM_Lakes_Mendota_DepthDate_QE-139_HILICZ-VF1_USHXG01161_NEG_MSMS_17_ME-20171004-metabo-17_1_Rg70to1050-CE102040-14p5-S1_Run72.mzML,20180918_KBL_TM_Lakes_Mendota_DepthDate_QE-139_HILICZ-VF1_USHXG01161_NEG_MSMS_17_ME-20171004-metabo-17_1_Rg70to1050-CE102040-14p5-S1_Run72.mzML
ftp://massive-ftp.ucsd.edu/v06/MSV000093272//raw/20181217_KBL_TM_C18_Lakes_Geodes-Mendota_REDO/rawdata/20181217_KBL_TM_Lakes_GEODES_All3_QE-HF_C18_USDAY46918_POS_MSMS_10_GEO-ME-44-UF_1_Rg80to1200-CE102040-0-7-S1_Run45.mzML,20181217_KBL_TM_Lakes_GEODES_All3_QE-HF_C18_USDAY46918_POS_MSMS_10_GEO-ME-44-UF_1_Rg80to1200-CE102040-0-7-S1_Run45.mzML
ftp://massive-ftp.ucsd.edu/v06/MSV000093272//raw/20181217_KBL_TM_C18_Lakes_Geodes-Mendota_REDO/rawdata/20181217_KBL_TM_Lakes_Mendota_DepthDate_QE-HF_C18_USDAY46918_NEG_MSMS_4_ME-20170811-metabo-4_1_Rg80to1200-CE102040-13p15-S1_Run25.mzML,20181217_KBL_TM_Lakes_Mendota_DepthDate_QE-HF_C18_USDAY46918_NEG_MSMS_4_ME-20170811-metabo-4_1_Rg80to1200-CE102040-13p15-S1_Run25.mzML
ftp://massive-ftp.ucsd.edu/v06/MSV000093272//raw/20180918_KBL_TM_HILICZ_Lakes_Geodes-Mendota/rawdata/20180918_KBL_TM_Lakes_GEODES_All3_QE-HF_HILICZ-VF1_USHXG01161_NEG_MSMS_71_GEO-TB-4-F_1_Rg70to1050-CE102040-0-1-S1_Run255.mzML,20180918_KBL_TM_Lakes_GEODES_All3_QE-HF_HILICZ-VF1_USHXG01161_NEG_MSMS_71_GEO-TB-4-F_1_Rg70to1050-CE102040-0-1-S1_Run255.mzML
ftp://massive-ftp.ucsd.edu/v06/MSV000093272//raw/20180918_KBL_TM_HILICZ_Lakes_Geodes-Mendota/rawdata/20180918_KBL_TM_Lakes_GEODES_All3_QE-HF_HILICZ-VF1_USHXG01161_POS_MSMS_11_GEO-ME-4-UF_1_Rg70to1050-CE102040-0-7-S1_Run48.mzML,20180918_KBL_TM_Lakes_GEODES_All3_QE-HF_HILICZ-VF1_USHXG01161_POS_MSMS_11_GEO-ME-4-UF_1_Rg70to1050-CE102040-0-7-S1_Run48.mzML
ftp://massive-ftp.ucsd.edu/v06/MSV000093272//raw/20180918_KBL_TM_HILICZ_Lakes_Geodes-Mendota/rawdata/20180918_KBL_TM_Lakes_Mendota_DepthDate_QE-139_HILICZ-VF1_USHXG01161_NEG_MSMS_29_ME-20171101-metabo-29_1_Rg70to1050-CE102040-2p1-S1_Run111.mzML,20180918_KBL_TM_Lakes_Mendota_DepthDate_QE-139_HILICZ-VF1_USHXG01161_NEG_MSMS_29_ME-20171101-metabo-29_1_Rg70to1050-CE102040-2p1-S1_Run111.mzML
ftp://massive-ftp.ucsd.edu/v06/MSV000093272//raw/20181217_KBL_TM_C18_Lakes_Geodes-Mendota_REDO/rawdata/20181217_KBL_TM_Lakes_GEODES_All3_QE-HF_C18_USDAY46918_NEG_MSMS_69_GEO-TB-40-F_1_Rg80to1200-CE102040-0-1-S1_Run249.mzML,20181217_KBL_TM_Lakes_GEODES_All3_QE-HF_C18_USDAY46918_NEG_MSMS_69_GEO-TB-40-F_1_Rg80to1200-CE102040-0-1-S1_Run249.mzML
ftp://massive-ftp.ucsd.edu/v06/MSV000093272//raw/20181217_KBL_TM_C18_Lakes_Geodes-Mendota_REDO/rawdata/20181217_KBL_TM_Lakes_GEODES_All3_QE-HF_C18_USDAY46918_POS_MSMS_54_GEO-SP-28-F_1_Rg80to1200-CE102040-0-4-S1_Run198.mzML,20181217_KBL_TM_Lakes_GEODES_All3_QE-HF_C18_USDAY46918_POS_MSMS_54_GEO-SP-28-F_1_Rg80to1200-CE102040-0-4-S1_Run198.mzML
ftp://massive-ftp.ucsd.edu/v06/MSV000093272//raw/20180918_KBL_TM_HILICZ_Lakes_Geodes-Mendota/rawdata/20180918_KBL_TM_Lakes_Mendota_DepthDate_QE-139_HILICZ-VF1_USHXG01161_NEG_MSMS_5_ME-20170811-metabo-5_1_Rg70to1050-CE102040-11p5-S1_Run28.mzML,20180918_KBL_TM_Lakes_Mendota_DepthDate_QE-139_HILICZ-VF1_USHXG01161_NEG_MSMS_5_ME-20170811-metabo-5_1_Rg70to1050-CE102040-11p5-S1_Run28.mzML
ftp://massive-ftp.ucsd.edu/v06/MSV000093272//raw/20180918_KBL_TM_HILICZ_Lakes_Geodes-Mendota/rawdata/20180918_KBL_TM_Lakes_GEODES_All3_QE-HF_HILICZ-VF1_USHXG01161_NEG_MSMS_48_GEO-ME-8-F_1_Rg70to1050-CE102040-0-7-S1_Run178.mzML,20180918_KBL_TM_Lakes_GEODES_All3_QE-HF_HILICZ-VF1_USHXG01161_NEG_MSMS_48_GEO-ME-8-F_1_Rg70to1050-CE102040-0-7-S1_Run178.mzML
ftp://massive-ftp.ucsd.edu/v06/MSV000093272//raw/20180918_KBL_TM_HILICZ_Lakes_Geodes-Mendota/rawdata/20180918_KBL_TM_Lakes_GEODES_All3_QE-HF_HILICZ-VF1_USHXG01161_POS_MSMS_28_GEO-TB-20-UF_1_Rg70to1050-CE102040-0-1-S1_Run107.mzML,20180918_KBL_TM_Lakes_GEODES_All3_QE-HF_HILICZ-VF1_USHXG01161_POS_MSMS_28_GEO-TB-20-UF_1_Rg70to1050-CE102040-0-1-S1_Run107.mzML
ftp://massive-ftp.ucsd.edu/v06/MSV000093272//raw/20181217_KBL_TM_C18_Lakes_Geodes-Mendota_REDO/rawdata/20181217_KBL_TM_Lakes_GEODES_All3_QE-HF_C18_USDAY46918_POS_MSMS_39_GEO-ME-16-F_1_Rg80to1200-CE102040-0-7-S1_Run145.mzML,20181217_KBL_TM_Lakes_GEODES_All3_QE-HF_C18_USDAY46918_POS_MSMS_39_GEO-ME-16-F_1_Rg80to1200-CE102040-0-7-S1_Run145.mzML
ftp://massive-ftp.ucsd.edu/v06/MSV000093272//raw/20181217_KBL_TM_C18_Lakes_Geodes-Mendota_REDO/rawdata/20181217_KBL_TM_Lakes_GEODES_All3_QE-HF_C18_USDAY46918_NEG_MSMS_53_GEO-SP-24-F_1_Rg80to1200-CE102040-0-4-S1_Run193.mzML,20181217_KBL_TM_Lakes_GEODES_All3_QE-HF_C18_USDAY46918_NEG_MSMS_53_GEO-SP-24-F_1_Rg80to1200-CE102040-0-4-S1_Run193.mzML
ftp://massive-ftp.ucsd.edu/v06/MSV000093272//raw/20180918_KBL_TM_HILICZ_Lakes_Geodes-Mendota/rawdata/20180918_KBL_TM_Lakes_GEODES_All3_QE-HF_HILICZ-VF1_USHXG01161_POS_MSMS_51_GEO-SP-16-F_1_Rg70to1050-CE102040-0-4-S1_Run186.mzML,20180918_KBL_TM_Lakes_GEODES_All3_QE-HF_HILICZ-VF1_USHXG01161_POS_MSMS_51_GEO-SP-16-F_1_Rg70to1050-CE102040-0-4-S1_Run186.mzML
ftp://massive-ftp.ucsd.edu/v06/MSV000093272//raw/20181217_KBL_TM_C18_Lakes_Geodes-Mendota_REDO/rawdata/20181217_KBL_TM_Lakes_GEODES_All3_QE-HF_C18_USDAY46918_POS_MSMS_9_GEO-ME-40-UF_1_Rg80to1200-CE102040-0-7-S1_Run42.mzML,20181217_KBL_TM_Lakes_GEODES_All3_QE-HF_C18_USDAY46918_POS_MSMS_9_GEO-ME-40-UF_1_Rg80to1200-CE102040-0-7-S1_Run42.mzML
ftp://massive-ftp.ucsd.edu/v06/MSV000093272//raw/20181217_KBL_TM_C18_Lakes_Geodes-Mendota_REDO/rawdata/20181217_KBL_TM_Lakes_Mendota_DepthDate_QE-HF_C18_USDAY46918_NEG_MSMS_33_ExCtrl-JGI_1_Rg80to1200-CE102040-ExCtrl-S1_Run13.mzML,20181217_KBL_TM_Lakes_Mendota_DepthDate_QE-HF_C18_USDAY46918_NEG_MSMS_33_ExCtrl-JGI_1_Rg80to1200-CE102040-ExCtrl-S1_Run13.mzML
ftp://massive-ftp.ucsd.edu/v06/MSV000093272//raw/20180918_KBL_TM_HILICZ_Lakes_Geodes-Mendota/rawdata/20180918_KBL_TM_Lakes_GEODES_All3_QE-HF_HILICZ-VF1_USHXG01161_POS_MSMS_7_GEO-ME-32-UF_1_Rg70to1050-CE102040-0-7-S1_Run36.mzML,20180918_KBL_TM_Lakes_GEODES_All3_QE-HF_HILICZ-VF1_USHXG01161_POS_MSMS_7_GEO-ME-32-UF_1_Rg70to1050-CE102040-0-7-S1_Run36.mzML
ftp://massive-ftp.ucsd.edu/v06/MSV000093272//raw/20181217_KBL_TM_C18_Lakes_Geodes-Mendota_REDO/rawdata/20181217_KBL_TM_Lakes_GEODES_All3_QE-HF_C18_USDAY46918_NEG_MSMS_15_GEO-SP-16-UF_1_Rg80to1200-CE102040-0-4-S1_Run61.mzML,20181217_KBL_TM_Lakes_GEODES_All3_QE-HF_C18_USDAY46918_NEG_MSMS_15_GEO-SP-16-UF_1_Rg80to1200-CE102040-0-4-S1_Run61.mzML
ftp://massive-ftp.ucsd.edu/v06/MSV000093272//raw/20181217_KBL_TM_C18_Lakes_Geodes-Mendota_REDO/rawdata/20181217_KBL_TM_Lakes_GEODES_All3_QE-HF_C18_USDAY46918_POS_MSMS_42_GEO-ME-28-F_1_Rg80to1200-CE102040-0-7-S1_Run154.mzML,20181217_KBL_TM_Lakes_GEODES_All3_QE-HF_C18_USDAY46918_POS_MSMS_42_GEO-ME-28-F_1_Rg80to1200-CE102040-0-7-S1_Run154.mzML
ftp://massive-ftp.ucsd.edu/v06/MSV000093272//raw/20181217_KBL_TM_C18_Lakes_Geodes-Mendota_REDO/rawdata/20181217_KBL_TM_Lakes_Mendota_DepthDate_QE-HF_C18_USDAY46918_NEG_MSMS_34_ExCtrl-JGI_2_Rg80to1200-CE102040-ExCtrl-S1_Run49.mzML,20181217_KBL_TM_Lakes_Mendota_DepthDate_QE-HF_C18_USDAY46918_NEG_MSMS_34_ExCtrl-JGI_2_Rg80to1200-CE102040-ExCtrl-S1_Run49.mzML
ftp://massive-ftp.ucsd.edu/v06/MSV000093272//raw/20180918_KBL_TM_HILICZ_Lakes_Geodes-Mendota/rawdata/20180918_KBL_TM_Lakes_Mendota_DepthDate_QE-139_HILICZ-VF1_USHXG01161_POS_MSMS_27_ME-20171019-metabo-27_1_Rg70to1050-CE102040-17p8-S1_Run104.mzML,20180918_KBL_TM_Lakes_Mendota_DepthDate_QE-139_HILICZ-VF1_USHXG01161_POS_MSMS_27_ME-20171019-metabo-27_1_Rg70to1050-CE102040-17p8-S1_Run104.mzML
ftp://massive-ftp.ucsd.edu/v06/MSV000093272//raw/20181217_KBL_TM_C18_Lakes_Geodes-Mendota_REDO/rawdata/20181217_KBL_TM_Lakes_Mendota_DepthDate_QE-HF_C18_USDAY46918_POS_MSMS_26_ME-20171019-metabo-26_1_Rg80to1200-CE102040-17p3-S1_Run101.mzML,20181217_KBL_TM_Lakes_Mendota_DepthDate_QE-HF_C18_USDAY46918_POS_MSMS_26_ME-20171019-metabo-26_1_Rg80to1200-CE102040-17p3-S1_Run101.mzML
ftp://massive-ftp.ucsd.edu/v06/MSV000093272//raw/20181217_KBL_TM_C18_Lakes_Geodes-Mendota_REDO/rawdata/20181217_KBL_TM_Lakes_GEODES_All3_QE-HF_C18_USDAY46918_NEG_MSMS_1_GEO-ME-0-UF_1_Rg80to1200-CE102040-0-7-S1_Run19.mzML,20181217_KBL_TM_Lakes_GEODES_All3_QE-HF_C18_USDAY46918_NEG_MSMS_1_GEO-ME-0-UF_1_Rg80to1200-CE102040-0-7-S1_Run19.mzML
ftp://massive-ftp.ucsd.edu/v06/MSV000093272//raw/20181217_KBL_TM_C18_Lakes_Geodes-Mendota_REDO/rawdata/20181217_KBL_TM_Lakes_Mendota_DepthDate_QE-HF_C18_USDAY46918_NEG_MSMS_24_ME-20171004-metabo-24_1_Rg80to1200-CE102040-0p5-S1_Run96.mzML,20181217_KBL_TM_Lakes_Mendota_DepthDate_QE-HF_C18_USDAY46918_NEG_MSMS_24_ME-20171004-metabo-24_1_Rg80to1200-CE102040-0p5-S1_Run96.mzML
ftp://massive-ftp.ucsd.edu/v06/MSV000093272//raw/20181217_KBL_TM_C18_Lakes_Geodes-Mendota_REDO/rawdata/20181217_KBL_TM_Lakes_Mendota_DepthDate_QE-HF_C18_USDAY46918_NEG_MSMS_25_ME-20171019-metabo-25_1_Rg80to1200-CE102040-16p3-S1_Run99.mzML,20181217_KBL_TM_Lakes_Mendota_DepthDate_QE-HF_C18_USDAY46918_NEG_MSMS_25_ME-20171019-metabo-25_1_Rg80to1200-CE102040-16p3-S1_Run99.mzML
ftp://massive-ftp.ucsd.edu/v06/MSV000093272//raw/20180918_KBL_TM_HILICZ_Lakes_Geodes-Mendota/rawdata/20180918_KBL_TM_Lakes_GEODES_All3_QE-HF_HILICZ-VF1_USHXG01161_NEG_MSMS_22_GEO-SP-44-UF_1_Rg70to1050-CE102040-0-4-S1_Run87.mzML,20180918_KBL_TM_Lakes_GEODES_All3_QE-HF_HILICZ-VF1_USHXG01161_NEG_MSMS_22_GEO-SP-44-UF_1_Rg70to1050-CE102040-0-4-S1_Run87.mzML
ftp://massive-ftp.ucsd.edu/v06/MSV000093272//raw/20181217_KBL_TM_C18_Lakes_Geodes-Mendota_REDO/rawdata/20181217_KBL_TM_Lakes_GEODES_All3_QE-HF_C18_USDAY46918_NEG_MSMS_66_GEO-TB-28-F_1_Rg80to1200-CE102040-0-1-S1_Run240.mzML,20181217_KBL_TM_Lakes_GEODES_All3_QE-HF_C18_USDAY46918_NEG_MSMS_66_GEO-TB-28-F_1_Rg80to1200-CE102040-0-1-S1_Run240.mzML
ftp://massive-ftp.ucsd.edu/v06/MSV000093272//raw/20181217_KBL_TM_C18_Lakes_Geodes-Mendota_REDO/rawdata/20181217_KBL_TM_Lakes_GEODES_All3_QE-HF_C18_USDAY46918_NEG_MSMS_32_GEO-TB-36-UF_1_Rg80to1200-CE102040-0-1-S1_Run125.mzML,20181217_KBL_TM_Lakes_GEODES_All3_QE-HF_C18_USDAY46918_NEG_MSMS_32_GEO-TB-36-UF_1_Rg80to1200-CE102040-0-1-S1_Run125.mzML
ftp://massive-ftp.ucsd.edu/v06/MSV000093272//raw/20180918_KBL_TM_HILICZ_Lakes_Geodes-Mendota/rawdata/20180918_KBL_TM_Lakes_GEODES_All3_QE-HF_HILICZ-VF1_USHXG01161_POS_MSMS_65_GEO-TB-24-F_1_Rg70to1050-CE102040-0-1-S1_Run236.mzML,20180918_KBL_TM_Lakes_GEODES_All3_QE-HF_HILICZ-VF1_USHXG01161_POS_MSMS_65_GEO-TB-24-F_1_Rg70to1050-CE102040-0-1-S1_Run236.mzML
ftp://massive-ftp.ucsd.edu/v06/MSV000093272//raw/20181217_KBL_TM_C18_Lakes_Geodes-Mendota_REDO/rawdata/20181217_KBL_TM_Lakes_GEODES_All3_QE-HF_C18_USDAY46918_POS_MSMS_41_GEO-ME-24-F_1_Rg80to1200-CE102040-0-7-S1_Run151.mzML,20181217_KBL_TM_Lakes_GEODES_All3_QE-HF_C18_USDAY46918_POS_MSMS_41_GEO-ME-24-F_1_Rg80to1200-CE102040-0-7-S1_Run151.mzML
ftp://massive-ftp.ucsd.edu/v06/MSV000093272//raw/20181217_KBL_TM_C18_Lakes_Geodes-Mendota_REDO/rawdata/20181217_KBL_TM_Lakes_GEODES_All3_QE-HF_C18_USDAY46918_POS_MSMS_30_GEO-TB-28-UF_1_Rg80to1200-CE102040-0-1-S1_Run113.mzML,20181217_KBL_TM_Lakes_GEODES_All3_QE-HF_C18_USDAY46918_POS_MSMS_30_GEO-TB-28-UF_1_Rg80to1200-CE102040-0-1-S1_Run113.mzML
ftp://massive-ftp.ucsd.edu/v06/MSV000093272//raw/20181217_KBL_TM_C18_Lakes_Geodes-Mendota_REDO/rawdata/20181217_KBL_TM_Lakes_GEODES_All3_QE-HF_C18_USDAY46918_POS_MSMS_68_GEO-TB-36-F_1_Rg80to1200-CE102040-0-1-S1_Run245.mzML,20181217_KBL_TM_Lakes_GEODES_All3_QE-HF_C18_USDAY46918_POS_MSMS_68_GEO-TB-36-F_1_Rg80to1200-CE102040-0-1-S1_Run245.mzML
ftp://massive-ftp.ucsd.edu/v06/MSV000093272//raw/20180918_KBL_TM_HILICZ_Lakes_Geodes-Mendota/rawdata/20180918_KBL_TM_Lakes_GEODES_All3_QE-HF_HILICZ-VF1_USHXG01161_NEG_MSMS_13_GEO-SP-0-UF_1_Rg70to1050-CE102040-0-4-S1_Run55.mzML,20180918_KBL_TM_Lakes_GEODES_All3_QE-HF_HILICZ-VF1_USHXG01161_NEG_MSMS_13_GEO-SP-0-UF_1_Rg70to1050-CE102040-0-4-S1_Run55.mzML
ftp://massive-ftp.ucsd.edu/v06/MSV000093272//raw/20180918_KBL_TM_HILICZ_Lakes_Geodes-Mendota/rawdata/20180918_KBL_TM_Lakes_Mendota_DepthDate_QE-139_HILICZ-VF1_USHXG01161_NEG_MSMS_20_ME-20171004-metabo-20_1_Rg70to1050-CE102040-10p8-S1_Run81.mzML,20180918_KBL_TM_Lakes_Mendota_DepthDate_QE-139_HILICZ-VF1_USHXG01161_NEG_MSMS_20_ME-20171004-metabo-20_1_Rg70to1050-CE102040-10p8-S1_Run81.mzML
ftp://massive-ftp.ucsd.edu/v06/MSV000093272//raw/20180918_KBL_TM_HILICZ_Lakes_Geodes-Mendota/rawdata/20180918_KBL_TM_Lakes_Mendota_DepthDate_QE-139_HILICZ-VF1_USHXG01161_POS_MSMS_11_ME-20170908-metabo-11_1_Rg70to1050-CE102040-16p1-S1_Run45.mzML,20180918_KBL_TM_Lakes_Mendota_DepthDate_QE-139_HILICZ-VF1_USHXG01161_POS_MSMS_11_ME-20170908-metabo-11_1_Rg70to1050-CE102040-16p1-S1_Run45.mzML
ftp://massive-ftp.ucsd.edu/v06/MSV000093272//raw/20181217_KBL_TM_C18_Lakes_Geodes-Mendota_REDO/rawdata/20181217_KBL_TM_Lakes_GEODES_All3_QE-HF_C18_USDAY46918_POS_MSMS_3_GEO-ME-16-UF_1_Rg80to1200-CE102040-0-7-S1_Run24.mzML,20181217_KBL_TM_Lakes_GEODES_All3_QE-HF_C18_USDAY46918_POS_MSMS_3_GEO-ME-16-UF_1_Rg80to1200-CE102040-0-7-S1_Run24.mzML
ftp://massive-ftp.ucsd.edu/v06/MSV000093272//raw/20180918_KBL_TM_HILICZ_Lakes_Geodes-Mendota/rawdata/20180918_KBL_TM_Lakes_GEODES_All3_QE-HF_HILICZ-VF1_USHXG01161_NEG_MSMS_64_GEO-TB-20-F_1_Rg70to1050-CE102040-0-1-S1_Run234.mzML,20180918_KBL_TM_Lakes_GEODES_All3_QE-HF_HILICZ-VF1_USHXG01161_NEG_MSMS_64_GEO-TB-20-F_1_Rg70to1050-CE102040-0-1-S1_Run234.mzML
ftp://massive-ftp.ucsd.edu/v06/MSV000093272//raw/20180918_KBL_TM_HILICZ_Lakes_Geodes-Mendota/rawdata/20180918_KBL_TM_Lakes_Mendota_DepthDate_QE-139_HILICZ-VF1_USHXG01161_POS_MSMS_4_ME-20170811-metabo-4_1_Rg70to1050-CE102040-13p15-S1_Run24.mzML,20180918_KBL_TM_Lakes_Mendota_DepthDate_QE-139_HILICZ-VF1_USHXG01161_POS_MSMS_4_ME-20170811-metabo-4_1_Rg70to1050-CE102040-13p15-S1_Run24.mzML
ftp://massive-ftp.ucsd.edu/v06/MSV000093272//raw/20180918_KBL_TM_HILICZ_Lakes_Geodes-Mendota/rawdata/20180918_KBL_TM_Lakes_GEODES_All3_QE-HF_HILICZ-VF1_USHXG01161_POS_MSMS_52_GEO-SP-20-F_1_Rg70to1050-CE102040-0-4-S1_Run189.mzML,20180918_KBL_TM_Lakes_GEODES_All3_QE-HF_HILICZ-VF1_USHXG01161_POS_MSMS_52_GEO-SP-20-F_1_Rg70to1050-CE102040-0-4-S1_Run189.mzML
ftp://massive-ftp.ucsd.edu/v06/MSV000093272//raw/20180918_KBL_TM_HILICZ_Lakes_Geodes-Mendota/rawdata/20180918_KBL_TM_Lakes_Mendota_DepthDate_QE-139_HILICZ-VF1_USHXG01161_NEG_MSMS_30_ME-20171101-metabo-30_1_Rg70to1050-CE102040-11p9-S1_Run114.mzML,20180918_KBL_TM_Lakes_Mendota_DepthDate_QE-139_HILICZ-VF1_USHXG01161_NEG_MSMS_30_ME-20171101-metabo-30_1_Rg70to1050-CE102040-11p9-S1_Run114.mzML
ftp://massive-ftp.ucsd.edu/v06/MSV000093272//raw/20180918_KBL_TM_HILICZ_Lakes_Geodes-Mendota/rawdata/20180918_KBL_TM_Lakes_GEODES_All3_QE-HF_HILICZ-VF1_USHXG01161_POS_MSMS_76_ExCtrl-JGI_3_Rg70to1050-CE102040-ExCtrl-S1_Run195.mzML,20180918_KBL_TM_Lakes_GEODES_All3_QE-HF_HILICZ-VF1_USHXG01161_POS_MSMS_76_ExCtrl-JGI_3_Rg70to1050-CE102040-ExCtrl-S1_Run195.mzML
ftp://massive-ftp.ucsd.edu/v06/MSV000093272//raw/20180918_KBL_TM_HILICZ_Lakes_Geodes-Mendota/rawdata/20180918_KBL_TM_Lakes_GEODES_All3_QE-HF_HILICZ-VF1_USHXG01161_POS_MSMS_9_GEO-ME-40-UF_1_Rg70to1050-CE102040-0-7-S1_Run42.mzML,20180918_KBL_TM_Lakes_GEODES_All3_QE-HF_HILICZ-VF1_USHXG01161_POS_MSMS_9_GEO-ME-40-UF_1_Rg70to1050-CE102040-0-7-S1_Run42.mzML
ftp://massive-ftp.ucsd.edu/v06/MSV000093272//raw/20181217_KBL_TM_C18_Lakes_Geodes-Mendota_REDO/rawdata/20181217_KBL_TM_Lakes_GEODES_All3_QE-HF_C18_USDAY46918_NEG_MSMS_52_GEO-SP-20-F_1_Rg80to1200-CE102040-0-4-S1_Run190.mzML,20181217_KBL_TM_Lakes_GEODES_All3_QE-HF_C18_USDAY46918_NEG_MSMS_52_GEO-SP-20-F_1_Rg80to1200-CE102040-0-4-S1_Run190.mzML
ftp://massive-ftp.ucsd.edu/v06/MSV000093272//raw/20181217_KBL_TM_C18_Lakes_Geodes-Mendota_REDO/rawdata/20181217_KBL_TM_Lakes_GEODES_All3_QE-HF_C18_USDAY46918_POS_MSMS_15_GEO-SP-16-UF_1_Rg80to1200-CE102040-0-4-S1_Run60.mzML,20181217_KBL_TM_Lakes_GEODES_All3_QE-HF_C18_USDAY46918_POS_MSMS_15_GEO-SP-16-UF_1_Rg80to1200-CE102040-0-4-S1_Run60.mzML
ftp://massive-ftp.ucsd.edu/v06/MSV000093272//raw/20181217_KBL_TM_C18_Lakes_Geodes-Mendota_REDO/rawdata/20181217_KBL_TM_Lakes_GEODES_All3_QE-HF_C18_USDAY46918_NEG_MSMS_8_GEO-ME-36-UF_1_Rg80to1200-CE102040-0-7-S1_Run40.mzML,20181217_KBL_TM_Lakes_GEODES_All3_QE-HF_C18_USDAY46918_NEG_MSMS_8_GEO-ME-36-UF_1_Rg80to1200-CE102040-0-7-S1_Run40.mzML
ftp://massive-ftp.ucsd.edu/v06/MSV000093272//raw/20180918_KBL_TM_HILICZ_Lakes_Geodes-Mendota/rawdata/20180918_KBL_TM_Lakes_Mendota_DepthDate_QE-139_HILICZ-VF1_USHXG01161_NEG_MSMS_19_ME-20171004-metabo-19_1_Rg70to1050-CE102040-13-S1_Run78.mzML,20180918_KBL_TM_Lakes_Mendota_DepthDate_QE-139_HILICZ-VF1_USHXG01161_NEG_MSMS_19_ME-20171004-metabo-19_1_Rg70to1050-CE102040-13-S1_Run78.mzML
ftp://massive-ftp.ucsd.edu/v06/MSV000093272//raw/20180918_KBL_TM_HILICZ_Lakes_Geodes-Mendota/rawdata/20180918_KBL_TM_Lakes_Mendota_DepthDate_QE-139_HILICZ-VF1_USHXG01161_NEG_MSMS_15_ME-20170908-metabo-15_1_Rg70to1050-CE102040-11p5-S1_Run61.mzML,20180918_KBL_TM_Lakes_Mendota_DepthDate_QE-139_HILICZ-VF1_USHXG01161_NEG_MSMS_15_ME-20170908-metabo-15_1_Rg70to1050-CE102040-11p5-S1_Run61.mzML
ftp://massive-ftp.ucsd.edu/v06/MSV000093272//raw/20181217_KBL_TM_C18_Lakes_Geodes-Mendota_REDO/rawdata/20181217_KBL_TM_Lakes_GEODES_All3_QE-HF_C18_USDAY46918_NEG_MSMS_63_GEO-TB-16-F_1_Rg80to1200-CE102040-0-1-S1_Run231.mzML,20181217_KBL_TM_Lakes_GEODES_All3_QE-HF_C18_USDAY46918_NEG_MSMS_63_GEO-TB-16-F_1_Rg80to1200-CE102040-0-1-S1_Run231.mzML
ftp://massive-ftp.ucsd.edu/v06/MSV000093272//raw/20181217_KBL_TM_C18_Lakes_Geodes-Mendota_REDO/rawdata/20181217_KBL_TM_Lakes_GEODES_All3_QE-HF_C18_USDAY46918_NEG_MSMS_20_GEO-SP-36-UF_1_Rg80to1200-CE102040-0-4-S1_Run81.mzML,20181217_KBL_TM_Lakes_GEODES_All3_QE-HF_C18_USDAY46918_NEG_MSMS_20_GEO-SP-36-UF_1_Rg80to1200-CE102040-0-4-S1_Run81.mzML
ftp://massive-ftp.ucsd.edu/v06/MSV000093272//raw/20181217_KBL_TM_C18_Lakes_Geodes-Mendota_REDO/rawdata/20181217_KBL_TM_Lakes_Mendota_DepthDate_QE-HF_C18_USDAY46918_NEG_MSMS_20_ME-20171004-metabo-20_1_Rg80to1200-CE102040-10p8-S1_Run81.mzML,20181217_KBL_TM_Lakes_Mendota_DepthDate_QE-HF_C18_USDAY46918_NEG_MSMS_20_ME-20171004-metabo-20_1_Rg80to1200-CE102040-10p8-S1_Run81.mzML
ftp://massive-ftp.ucsd.edu/v06/MSV000093272//raw/20181217_KBL_TM_C18_Lakes_Geodes-Mendota_REDO/rawdata/20181217_KBL_TM_Lakes_Mendota_DepthDate_QE-HF_C18_USDAY46918_POS_MSMS_9_ME-20170908-metabo-9_1_Rg80to1200-CE102040-22p2-S1_Run39.mzML,20181217_KBL_TM_Lakes_Mendota_DepthDate_QE-HF_C18_USDAY46918_POS_MSMS_9_ME-20170908-metabo-9_1_Rg80to1200-CE102040-22p2-S1_Run39.mzML
ftp://massive-ftp.ucsd.edu/v06/MSV000093272//raw/20180918_KBL_TM_HILICZ_Lakes_Geodes-Mendota/rawdata/20180918_KBL_TM_Lakes_Mendota_DepthDate_QE-139_HILICZ-VF1_USHXG01161_POS_MSMS_21_ME-20171004-metabo-21_1_Rg70to1050-CE102040-17p3-S1_Run83.mzML,20180918_KBL_TM_Lakes_Mendota_DepthDate_QE-139_HILICZ-VF1_USHXG01161_POS_MSMS_21_ME-20171004-metabo-21_1_Rg70to1050-CE102040-17p3-S1_Run83.mzML
ftp://massive-ftp.ucsd.edu/v06/MSV000093272//raw/20180918_KBL_TM_HILICZ_Lakes_Geodes-Mendota/rawdata/20180918_KBL_TM_Lakes_Mendota_DepthDate_QE-139_HILICZ-VF1_USHXG01161_NEG_MSMS_31_ME-20171101-metabo-31_1_Rg70to1050-CE102040-20-S1_Run117.mzML,20180918_KBL_TM_Lakes_Mendota_DepthDate_QE-139_HILICZ-VF1_USHXG01161_NEG_MSMS_31_ME-20171101-metabo-31_1_Rg70to1050-CE102040-20-S1_Run117.mzML
ftp://massive-ftp.ucsd.edu/v06/MSV000093272//raw/20181217_KBL_TM_C18_Lakes_Geodes-Mendota_REDO/rawdata/20181217_KBL_TM_Lakes_GEODES_All3_QE-HF_C18_USDAY46918_NEG_MSMS_41_GEO-ME-24-F_1_Rg80to1200-CE102040-0-7-S1_Run152.mzML,20181217_KBL_TM_Lakes_GEODES_All3_QE-HF_C18_USDAY46918_NEG_MSMS_41_GEO-ME-24-F_1_Rg80to1200-CE102040-0-7-S1_Run152.mzML
ftp://massive-ftp.ucsd.edu/v06/MSV000093272//raw/20180918_KBL_TM_HILICZ_Lakes_Geodes-Mendota/rawdata/20180918_KBL_TM_Lakes_GEODES_All3_QE-HF_HILICZ-VF1_USHXG01161_NEG_MSMS_53_GEO-SP-24-F_1_Rg70to1050-CE102040-0-4-S1_Run193.mzML,20180918_KBL_TM_Lakes_GEODES_All3_QE-HF_HILICZ-VF1_USHXG01161_NEG_MSMS_53_GEO-SP-24-F_1_Rg70to1050-CE102040-0-4-S1_Run193.mzML
ftp://massive-ftp.ucsd.edu/v06/MSV000093272//raw/20181217_KBL_TM_C18_Lakes_Geodes-Mendota_REDO/rawdata/20181217_KBL_TM_Lakes_GEODES_All3_QE-HF_C18_USDAY46918_NEG_MSMS_6_GEO-ME-28-UF_1_Rg80to1200-CE102040-0-7-S1_Run34.mzML,20181217_KBL_TM_Lakes_GEODES_All3_QE-HF_C18_USDAY46918_NEG_MSMS_6_GEO-ME-28-UF_1_Rg80to1200-CE102040-0-7-S1_Run34.mzML
ftp://massive-ftp.ucsd.edu/v06/MSV000093272//raw/20181217_KBL_TM_C18_Lakes_Geodes-Mendota_REDO/rawdata/20181217_KBL_TM_Lakes_GEODES_All3_QE-HF_C18_USDAY46918_POS_MSMS_18_GEO-SP-28-UF_1_Rg80to1200-CE102040-0-4-S1_Run74.mzML,20181217_KBL_TM_Lakes_GEODES_All3_QE-HF_C18_USDAY46918_POS_MSMS_18_GEO-SP-28-UF_1_Rg80to1200-CE102040-0-4-S1_Run74.mzML
ftp://massive-ftp.ucsd.edu/v06/MSV000093272//raw/20181217_KBL_TM_C18_Lakes_Geodes-Mendota_REDO/rawdata/20181217_KBL_TM_Lakes_Mendota_DepthDate_QE-HF_C18_USDAY46918_POS_MSMS_12_ME-20170908-metabo-12_1_Rg80to1200-CE102040-14p5-S1_Run51.mzML,20181217_KBL_TM_Lakes_Mendota_DepthDate_QE-HF_C18_USDAY46918_POS_MSMS_12_ME-20170908-metabo-12_1_Rg80to1200-CE102040-14p5-S1_Run51.mzML
ftp://massive-ftp.ucsd.edu/v06/MSV000093272//raw/20181217_KBL_TM_C18_Lakes_Geodes-Mendota_REDO/rawdata/20181217_KBL_TM_Lakes_GEODES_All3_QE-HF_C18_USDAY46918_POS_MSMS_67_GEO-TB-32-F_1_Rg80to1200-CE102040-0-1-S1_Run242.mzML,20181217_KBL_TM_Lakes_GEODES_All3_QE-HF_C18_USDAY46918_POS_MSMS_67_GEO-TB-32-F_1_Rg80to1200-CE102040-0-1-S1_Run242.mzML
ftp://massive-ftp.ucsd.edu/v06/MSV000093272//raw/20180918_KBL_TM_HILICZ_Lakes_Geodes-Mendota/rawdata/20180918_KBL_TM_Lakes_GEODES_All3_QE-HF_HILICZ-VF1_USHXG01161_NEG_MSMS_28_GEO-TB-20-UF_1_Rg70to1050-CE102040-0-1-S1_Run108.mzML,20180918_KBL_TM_Lakes_GEODES_All3_QE-HF_HILICZ-VF1_USHXG01161_NEG_MSMS_28_GEO-TB-20-UF_1_Rg70to1050-CE102040-0-1-S1_Run108.mzML
ftp://massive-ftp.ucsd.edu/v06/MSV000093272//raw/20180918_KBL_TM_HILICZ_Lakes_Geodes-Mendota/rawdata/20180918_KBL_TM_Lakes_GEODES_All3_QE-HF_HILICZ-VF1_USHXG01161_POS_MSMS_75_ExCtrl-JGI_2_Rg70to1050-CE102040-ExCtrl-S1_Run98.mzML,20180918_KBL_TM_Lakes_GEODES_All3_QE-HF_HILICZ-VF1_USHXG01161_POS_MSMS_75_ExCtrl-JGI_2_Rg70to1050-CE102040-ExCtrl-S1_Run98.mzML
ftp://massive-ftp.ucsd.edu/v06/MSV000093272//raw/20180918_KBL_TM_HILICZ_Lakes_Geodes-Mendota/rawdata/20180918_KBL_TM_Lakes_GEODES_All3_QE-HF_HILICZ-VF1_USHXG01161_POS_MSMS_70_GEO-TB-44-F_1_Rg70to1050-CE102040-0-1-S1_Run251.mzML,20180918_KBL_TM_Lakes_GEODES_All3_QE-HF_HILICZ-VF1_USHXG01161_POS_MSMS_70_GEO-TB-44-F_1_Rg70to1050-CE102040-0-1-S1_Run251.mzML
ftp://massive-ftp.ucsd.edu/v06/MSV000093272//raw/20181217_KBL_TM_C18_Lakes_Geodes-Mendota_REDO/rawdata/20181217_KBL_TM_Lakes_GEODES_All3_QE-HF_C18_USDAY46918_POS_MSMS_75_ExCtrl-JGI_2_Rg80to1200-CE102040-ExCtrl-S1_Run98.mzML,20181217_KBL_TM_Lakes_GEODES_All3_QE-HF_C18_USDAY46918_POS_MSMS_75_ExCtrl-JGI_2_Rg80to1200-CE102040-ExCtrl-S1_Run98.mzML
ftp://massive-ftp.ucsd.edu/v06/MSV000093272//raw/20180918_KBL_TM_HILICZ_Lakes_Geodes-Mendota/rawdata/20180918_KBL_TM_Lakes_GEODES_All3_QE-HF_HILICZ-VF1_USHXG01161_POS_MSMS_8_GEO-ME-36-UF_1_Rg70to1050-CE102040-0-7-S1_Run39.mzML,20180918_KBL_TM_Lakes_GEODES_All3_QE-HF_HILICZ-VF1_USHXG01161_POS_MSMS_8_GEO-ME-36-UF_1_Rg70to1050-CE102040-0-7-S1_Run39.mzML
ftp://massive-ftp.ucsd.edu/v06/MSV000093272//raw/20181217_KBL_TM_C18_Lakes_Geodes-Mendota_REDO/rawdata/20181217_KBL_TM_Lakes_GEODES_All3_QE-HF_C18_USDAY46918_NEG_MSMS_76_ExCtrl-JGI_3_Rg80to1200-CE102040-ExCtrl-S1_Run196.mzML,20181217_KBL_TM_Lakes_GEODES_All3_QE-HF_C18_USDAY46918_NEG_MSMS_76_ExCtrl-JGI_3_Rg80to1200-CE102040-ExCtrl-S1_Run196.mzML
ftp://massive-ftp.ucsd.edu/v06/MSV000093272//raw/20181217_KBL_TM_C18_Lakes_Geodes-Mendota_REDO/rawdata/20181217_KBL_TM_Lakes_GEODES_All3_QE-HF_C18_USDAY46918_NEG_MSMS_23_GEO-SP-4-UF_1_Rg80to1200-CE102040-0-4-S1_Run90.mzML,20181217_KBL_TM_Lakes_GEODES_All3_QE-HF_C18_USDAY46918_NEG_MSMS_23_GEO-SP-4-UF_1_Rg80to1200-CE102040-0-4-S1_Run90.mzML
ftp://massive-ftp.ucsd.edu/v06/MSV000093272//raw/20181217_KBL_TM_C18_Lakes_Geodes-Mendota_REDO/rawdata/20181217_KBL_TM_Lakes_GEODES_All3_QE-HF_C18_USDAY46918_NEG_MSMS_22_GEO-SP-44-UF_1_Rg80to1200-CE102040-0-4-S1_Run87.mzML,20181217_KBL_TM_Lakes_GEODES_All3_QE-HF_C18_USDAY46918_NEG_MSMS_22_GEO-SP-44-UF_1_Rg80to1200-CE102040-0-4-S1_Run87.mzML
ftp://massive-ftp.ucsd.edu/v06/MSV000093272//raw/20180918_KBL_TM_HILICZ_Lakes_Geodes-Mendota/rawdata/20180918_KBL_TM_Lakes_GEODES_All3_QE-HF_HILICZ-VF1_USHXG01161_POS_MSMS_25_GEO-TB-0-UF_1_Rg70to1050-CE102040-0-1-S1_Run95.mzML,20180918_KBL_TM_Lakes_GEODES_All3_QE-HF_HILICZ-VF1_USHXG01161_POS_MSMS_25_GEO-TB-0-UF_1_Rg70to1050-CE102040-0-1-S1_Run95.mzML
ftp://massive-ftp.ucsd.edu/v06/MSV000093272//raw/20181217_KBL_TM_C18_Lakes_Geodes-Mendota_REDO/rawdata/20181217_KBL_TM_Lakes_GEODES_All3_QE-HF_C18_USDAY46918_POS_MSMS_20_GEO-SP-36-UF_1_Rg80to1200-CE102040-0-4-S1_Run80.mzML,20181217_KBL_TM_Lakes_GEODES_All3_QE-HF_C18_USDAY46918_POS_MSMS_20_GEO-SP-36-UF_1_Rg80to1200-CE102040-0-4-S1_Run80.mzML
ftp://massive-ftp.ucsd.edu/v06/MSV000093272//raw/20180918_KBL_TM_HILICZ_Lakes_Geodes-Mendota/rawdata/20180918_KBL_TM_Lakes_Mendota_DepthDate_QE-139_HILICZ-VF1_USHXG01161_POS_MSMS_34_ExCtrl-JGI_2_Rg70to1050-CE102040-ExCtrl-S1_Run48.mzML,20180918_KBL_TM_Lakes_Mendota_DepthDate_QE-139_HILICZ-VF1_USHXG01161_POS_MSMS_34_ExCtrl-JGI_2_Rg70to1050-CE102040-ExCtrl-S1_Run48.mzML
ftp://massive-ftp.ucsd.edu/v06/MSV000093272//raw/20180918_KBL_TM_HILICZ_Lakes_Geodes-Mendota/rawdata/20180918_KBL_TM_Lakes_GEODES_All3_QE-HF_HILICZ-VF1_USHXG01161_POS_MSMS_12_GEO-ME-8-UF_1_Rg70to1050-CE102040-0-7-S1_Run51.mzML,20180918_KBL_TM_Lakes_GEODES_All3_QE-HF_HILICZ-VF1_USHXG01161_POS_MSMS_12_GEO-ME-8-UF_1_Rg70to1050-CE102040-0-7-S1_Run51.mzML
ftp://massive-ftp.ucsd.edu/v06/MSV000093272//raw/20181217_KBL_TM_C18_Lakes_Geodes-Mendota_REDO/rawdata/20181217_KBL_TM_Lakes_Mendota_DepthDate_QE-HF_C18_USDAY46918_NEG_MSMS_19_ME-20171004-metabo-19_1_Rg80to1200-CE102040-13-S1_Run78.mzML,20181217_KBL_TM_Lakes_Mendota_DepthDate_QE-HF_C18_USDAY46918_NEG_MSMS_19_ME-20171004-metabo-19_1_Rg80to1200-CE102040-13-S1_Run78.mzML
ftp://massive-ftp.ucsd.edu/v06/MSV000093272//raw/20180918_KBL_TM_HILICZ_Lakes_Geodes-Mendota/rawdata/20180918_KBL_TM_Lakes_GEODES_All3_QE-HF_HILICZ-VF1_USHXG01161_POS_MSMS_4_GEO-ME-20-UF_1_Rg70to1050-CE102040-0-7-S1_Run27.mzML,20180918_KBL_TM_Lakes_GEODES_All3_QE-HF_HILICZ-VF1_USHXG01161_POS_MSMS_4_GEO-ME-20-UF_1_Rg70to1050-CE102040-0-7-S1_Run27.mzML
ftp://massive-ftp.ucsd.edu/v06/MSV000093272//raw/20181217_KBL_TM_C18_Lakes_Geodes-Mendota_REDO/rawdata/20181217_KBL_TM_Lakes_GEODES_All3_QE-HF_C18_USDAY46918_POS_MSMS_36_GEO-TB-8-UF_1_Rg80to1200-CE102040-0-1-S1_Run136.mzML,20181217_KBL_TM_Lakes_GEODES_All3_QE-HF_C18_USDAY46918_POS_MSMS_36_GEO-TB-8-UF_1_Rg80to1200-CE102040-0-1-S1_Run136.mzML
ftp://massive-ftp.ucsd.edu/v06/MSV000093272//raw/20181217_KBL_TM_C18_Lakes_Geodes-Mendota_REDO/rawdata/20181217_KBL_TM_Lakes_GEODES_All3_QE-HF_C18_USDAY46918_NEG_MSMS_68_GEO-TB-36-F_1_Rg80to1200-CE102040-0-1-S1_Run246.mzML,20181217_KBL_TM_Lakes_GEODES_All3_QE-HF_C18_USDAY46918_NEG_MSMS_68_GEO-TB-36-F_1_Rg80to1200-CE102040-0-1-S1_Run246.mzML
ftp://massive-ftp.ucsd.edu/v06/MSV000093272//raw/20181217_KBL_TM_C18_Lakes_Geodes-Mendota_REDO/rawdata/20181217_KBL_TM_Lakes_GEODES_All3_QE-HF_C18_USDAY46918_NEG_MSMS_21_GEO-SP-40-UF_1_Rg80to1200-CE102040-0-4-S1_Run84.mzML,20181217_KBL_TM_Lakes_GEODES_All3_QE-HF_C18_USDAY46918_NEG_MSMS_21_GEO-SP-40-UF_1_Rg80to1200-CE102040-0-4-S1_Run84.mzML
ftp://massive-ftp.ucsd.edu/v06/MSV000093272//raw/20181217_KBL_TM_C18_Lakes_Geodes-Mendota_REDO/rawdata/20181217_KBL_TM_Lakes_GEODES_All3_QE-HF_C18_USDAY46918_NEG_MSMS_12_GEO-ME-8-UF_1_Rg80to1200-CE102040-0-7-S1_Run52.mzML,20181217_KBL_TM_Lakes_GEODES_All3_QE-HF_C18_USDAY46918_NEG_MSMS_12_GEO-ME-8-UF_1_Rg80to1200-CE102040-0-7-S1_Run52.mzML
ftp://massive-ftp.ucsd.edu/v06/MSV000093272//raw/20180918_KBL_TM_HILICZ_Lakes_Geodes-Mendota/rawdata/20180918_KBL_TM_Lakes_GEODES_All3_QE-HF_HILICZ-VF1_USHXG01161_POS_MSMS_58_GEO-SP-44-F_1_Rg70to1050-CE102040-0-4-S1_Run210.mzML,20180918_KBL_TM_Lakes_GEODES_All3_QE-HF_HILICZ-VF1_USHXG01161_POS_MSMS_58_GEO-SP-44-F_1_Rg70to1050-CE102040-0-4-S1_Run210.mzML
ftp://massive-ftp.ucsd.edu/v06/MSV000093272//raw/20181217_KBL_TM_C18_Lakes_Geodes-Mendota_REDO/rawdata/20181217_KBL_TM_Lakes_GEODES_All3_QE-HF_C18_USDAY46918_POS_MSMS_43_GEO-ME-32-F_1_Rg80to1200-CE102040-0-7-S1_Run157.mzML,20181217_KBL_TM_Lakes_GEODES_All3_QE-HF_C18_USDAY46918_POS_MSMS_43_GEO-ME-32-F_1_Rg80to1200-CE102040-0-7-S1_Run157.mzML
ftp://massive-ftp.ucsd.edu/v06/MSV000093272//raw/20181217_KBL_TM_C18_Lakes_Geodes-Mendota_REDO/rawdata/20181217_KBL_TM_Lakes_GEODES_All3_QE-HF_C18_USDAY46918_NEG_MSMS_33_GEO-TB-40-UF_1_Rg80to1200-CE102040-0-1-S1_Run128.mzML,20181217_KBL_TM_Lakes_GEODES_All3_QE-HF_C18_USDAY46918_NEG_MSMS_33_GEO-TB-40-UF_1_Rg80to1200-CE102040-0-1-S1_Run128.mzML
ftp://massive-ftp.ucsd.edu/v06/MSV000093272//raw/20181217_KBL_TM_C18_Lakes_Geodes-Mendota_REDO/rawdata/20181217_KBL_TM_Lakes_Mendota_DepthDate_QE-HF_C18_USDAY46918_NEG_MSMS_7_ME-20170811-metabo-7_1_Rg80to1200-CE102040-9p5-S1_Run34.mzML,20181217_KBL_TM_Lakes_Mendota_DepthDate_QE-HF_C18_USDAY46918_NEG_MSMS_7_ME-20170811-metabo-7_1_Rg80to1200-CE102040-9p5-S1_Run34.mzML
ftp://massive-ftp.ucsd.edu/v06/MSV000093272//raw/20181217_KBL_TM_C18_Lakes_Geodes-Mendota_REDO/rawdata/20181217_KBL_TM_Lakes_Mendota_DepthDate_QE-HF_C18_USDAY46918_NEG_MSMS_6_ME-20170811-metabo-6_1_Rg80to1200-CE102040-10p3-S1_Run31.mzML,20181217_KBL_TM_Lakes_Mendota_DepthDate_QE-HF_C18_USDAY46918_NEG_MSMS_6_ME-20170811-metabo-6_1_Rg80to1200-CE102040-10p3-S1_Run31.mzML
ftp://massive-ftp.ucsd.edu/v06/MSV000093272//raw/20180918_KBL_TM_HILICZ_Lakes_Geodes-Mendota/rawdata/20180918_KBL_TM_Lakes_GEODES_All3_QE-HF_HILICZ-VF1_USHXG01161_POS_MSMS_59_GEO-SP-4-F_1_Rg70to1050-CE102040-0-4-S1_Run213.mzML,20180918_KBL_TM_Lakes_GEODES_All3_QE-HF_HILICZ-VF1_USHXG01161_POS_MSMS_59_GEO-SP-4-F_1_Rg70to1050-CE102040-0-4-S1_Run213.mzML
ftp://massive-ftp.ucsd.edu/v06/MSV000093272//raw/20180918_KBL_TM_HILICZ_Lakes_Geodes-Mendota/rawdata/20180918_KBL_TM_Lakes_Mendota_DepthDate_QE-139_HILICZ-VF1_USHXG01161_POS_MSMS_5_ME-20170811-metabo-5_1_Rg70to1050-CE102040-11p5-S1_Run27.mzML,20180918_KBL_TM_Lakes_Mendota_DepthDate_QE-139_HILICZ-VF1_USHXG01161_POS_MSMS_5_ME-20170811-metabo-5_1_Rg70to1050-CE102040-11p5-S1_Run27.mzML
ftp://massive-ftp.ucsd.edu/v06/MSV000093272//raw/20181217_KBL_TM_C18_Lakes_Geodes-Mendota_REDO/rawdata/20181217_KBL_TM_Lakes_GEODES_All3_QE-HF_C18_USDAY46918_NEG_MSMS_61_GEO-TB-0-F_1_Rg80to1200-CE102040-0-1-S1_Run225.mzML,20181217_KBL_TM_Lakes_GEODES_All3_QE-HF_C18_USDAY46918_NEG_MSMS_61_GEO-TB-0-F_1_Rg80to1200-CE102040-0-1-S1_Run225.mzML
ftp://massive-ftp.ucsd.edu/v06/MSV000093272//raw/20180918_KBL_TM_HILICZ_Lakes_Geodes-Mendota/rawdata/20180918_KBL_TM_Lakes_GEODES_All3_QE-HF_HILICZ-VF1_USHXG01161_POS_MSMS_66_GEO-TB-28-F_1_Rg70to1050-CE102040-0-1-S1_Run239.mzML,20180918_KBL_TM_Lakes_GEODES_All3_QE-HF_HILICZ-VF1_USHXG01161_POS_MSMS_66_GEO-TB-28-F_1_Rg70to1050-CE102040-0-1-S1_Run239.mzML
ftp://massive-ftp.ucsd.edu/v06/MSV000093272//raw/20180918_KBL_TM_HILICZ_Lakes_Geodes-Mendota/rawdata/20180918_KBL_TM_Lakes_GEODES_All3_QE-HF_HILICZ-VF1_USHXG01161_POS_MSMS_44_GEO-ME-36-F_1_Rg70to1050-CE102040-0-7-S1_Run160.mzML,20180918_KBL_TM_Lakes_GEODES_All3_QE-HF_HILICZ-VF1_USHXG01161_POS_MSMS_44_GEO-ME-36-F_1_Rg70to1050-CE102040-0-7-S1_Run160.mzML
ftp://massive-ftp.ucsd.edu/v06/MSV000093272//raw/20181217_KBL_TM_C18_Lakes_Geodes-Mendota_REDO/rawdata/20181217_KBL_TM_Lakes_GEODES_All3_QE-HF_C18_USDAY46918_POS_MSMS_76_ExCtrl-JGI_3_Rg80to1200-CE102040-ExCtrl-S1_Run195.mzML,20181217_KBL_TM_Lakes_GEODES_All3_QE-HF_C18_USDAY46918_POS_MSMS_76_ExCtrl-JGI_3_Rg80to1200-CE102040-ExCtrl-S1_Run195.mzML
ftp://massive-ftp.ucsd.edu/v06/MSV000093272//raw/20180918_KBL_TM_HILICZ_Lakes_Geodes-Mendota/rawdata/20180918_KBL_TM_Lakes_GEODES_All3_QE-HF_HILICZ-VF1_USHXG01161_POS_MSMS_37_GEO-ME-0-F_1_Rg70to1050-CE102040-0-7-S1_Run139.mzML,20180918_KBL_TM_Lakes_GEODES_All3_QE-HF_HILICZ-VF1_USHXG01161_POS_MSMS_37_GEO-ME-0-F_1_Rg70to1050-CE102040-0-7-S1_Run139.mzML
ftp://massive-ftp.ucsd.edu/v06/MSV000093272//raw/20181217_KBL_TM_C18_Lakes_Geodes-Mendota_REDO/rawdata/20181217_KBL_TM_Lakes_GEODES_All3_QE-HF_C18_USDAY46918_NEG_MSMS_7_GEO-ME-32-UF_1_Rg80to1200-CE102040-0-7-S1_Run37.mzML,20181217_KBL_TM_Lakes_GEODES_All3_QE-HF_C18_USDAY46918_NEG_MSMS_7_GEO-ME-32-UF_1_Rg80to1200-CE102040-0-7-S1_Run37.mzML
ftp://massive-ftp.ucsd.edu/v06/MSV000093272//raw/20180918_KBL_TM_HILICZ_Lakes_Geodes-Mendota/rawdata/20180918_KBL_TM_Lakes_Mendota_DepthDate_QE-139_HILICZ-VF1_USHXG01161_NEG_MSMS_4_ME-20170811-metabo-4_1_Rg70to1050-CE102040-13p15-S1_Run25.mzML,20180918_KBL_TM_Lakes_Mendota_DepthDate_QE-139_HILICZ-VF1_USHXG01161_NEG_MSMS_4_ME-20170811-metabo-4_1_Rg70to1050-CE102040-13p15-S1_Run25.mzML
ftp://massive-ftp.ucsd.edu/v06/MSV000093272//raw/20181217_KBL_TM_C18_Lakes_Geodes-Mendota_REDO/rawdata/20181217_KBL_TM_Lakes_GEODES_All3_QE-HF_C18_USDAY46918_NEG_MSMS_72_GEO-TB-8-F_1_Rg80to1200-CE102040-0-1-S1_Run258.mzML,20181217_KBL_TM_Lakes_GEODES_All3_QE-HF_C18_USDAY46918_NEG_MSMS_72_GEO-TB-8-F_1_Rg80to1200-CE102040-0-1-S1_Run258.mzML
ftp://massive-ftp.ucsd.edu/v06/MSV000093272//raw/20180918_KBL_TM_HILICZ_Lakes_Geodes-Mendota/rawdata/20180918_KBL_TM_Lakes_GEODES_All3_QE-HF_HILICZ-VF1_USHXG01161_NEG_MSMS_2_GEO-ME-12-UF_1_Rg70to1050-CE102040-0-7-S1_Run22.mzML,20180918_KBL_TM_Lakes_GEODES_All3_QE-HF_HILICZ-VF1_USHXG01161_NEG_MSMS_2_GEO-ME-12-UF_1_Rg70to1050-CE102040-0-7-S1_Run22.mzML
ftp://massive-ftp.ucsd.edu/v06/MSV000093272//raw/20181217_KBL_TM_C18_Lakes_Geodes-Mendota_REDO/rawdata/20181217_KBL_TM_Lakes_Mendota_DepthDate_QE-HF_C18_USDAY46918_POS_MSMS_19_ME-20171004-metabo-19_1_Rg80to1200-CE102040-13-S1_Run77.mzML,20181217_KBL_TM_Lakes_Mendota_DepthDate_QE-HF_C18_USDAY46918_POS_MSMS_19_ME-20171004-metabo-19_1_Rg80to1200-CE102040-13-S1_Run77.mzML
ftp://massive-ftp.ucsd.edu/v06/MSV000093272//raw/20180918_KBL_TM_HILICZ_Lakes_Geodes-Mendota/rawdata/20180918_KBL_TM_Lakes_GEODES_All3_QE-HF_HILICZ-VF1_USHXG01161_POS_MSMS_21_GEO-SP-40-UF_1_Rg70to1050-CE102040-0-4-S1_Run83.mzML,20180918_KBL_TM_Lakes_GEODES_All3_QE-HF_HILICZ-VF1_USHXG01161_POS_MSMS_21_GEO-SP-40-UF_1_Rg70to1050-CE102040-0-4-S1_Run83.mzML
ftp://massive-ftp.ucsd.edu/v06/MSV000093272//raw/20180918_KBL_TM_HILICZ_Lakes_Geodes-Mendota/rawdata/20180918_KBL_TM_Lakes_Mendota_DepthDate_QE-139_HILICZ-VF1_USHXG01161_NEG_MSMS_7_ME-20170811-metabo-7_1_Rg70to1050-CE102040-9p5-S1_Run34.mzML,20180918_KBL_TM_Lakes_Mendota_DepthDate_QE-139_HILICZ-VF1_USHXG01161_NEG_MSMS_7_ME-20170811-metabo-7_1_Rg70to1050-CE102040-9p5-S1_Run34.mzML
ftp://massive-ftp.ucsd.edu/v06/MSV000093272//raw/20180918_KBL_TM_HILICZ_Lakes_Geodes-Mendota/rawdata/20180918_KBL_TM_Lakes_GEODES_All3_QE-HF_HILICZ-VF1_USHXG01161_POS_MSMS_69_GEO-TB-40-F_1_Rg70to1050-CE102040-0-1-S1_Run248.mzML,20180918_KBL_TM_Lakes_GEODES_All3_QE-HF_HILICZ-VF1_USHXG01161_POS_MSMS_69_GEO-TB-40-F_1_Rg70to1050-CE102040-0-1-S1_Run248.mzML
