file_name,file_path,file_size_bytes,file_extension,error,creation_time,write_time,instrument_model,instrument_name,instrument_serial_number
20181217_KBL_TM_Lakes_GEODES_All3_QE-HF_C18_USDAY46918_NEG_MSMS_60_GEO-SP-8-F_1_Rg80to1200-CE102040-0-4-S1_Run217.mzML,/mnt/Volumes/LaCie/nmdc_data/mcmahon_11_fkbnah04/raw/20181217_KBL_TM_Lakes_GEODES_All3_QE-HF_C18_USDAY46918_NEG_MSMS_60_GEO-SP-8-F_1_Rg80to1200-CE102040-0-4-S1_Run217.mzML,80260640,.mzml,Error processing 20181217_KBL_TM_Lakes_GEODES_All3_QE-HF_C18_USDAY46918_NEG_MSMS_60_GEO-SP-8-F_1_Rg80to1200-CE102040-0-4-S1_Run217.mzML after 1 attempts: Mixed polarities detected in scan data,2026-07-07T22:30:14.030000,,,,
20181217_KBL_TM_Lakes_GEODES_All3_QE-HF_C18_USDAY46918_NEG_MSMS_60_GEO-SP-8-F_1_Rg80to1200-CE102040-0-4-S1_Run217.mzML,/mnt/Volumes/LaCie/nmdc_data/mcmahon_11_fkbnah04/raw/20181217_KBL_TM_Lakes_GEODES_All3_QE-HF_C18_USDAY46918_NEG_MSMS_60_GEO-SP-8-F_1_Rg80to1200-CE102040-0-4-S1_Run217.mzML,80260640,.mzml,Error processing 20181217_KBL_TM_Lakes_GEODES_All3_QE-HF_C18_USDAY46918_NEG_MSMS_60_GEO-SP-8-F_1_Rg80to1200-CE102040-0-4-S1_Run217.mzML after 1 attempts: Mixed polarities detected in scan data,2026-07-07T22:30:14.030000,,,,
20181217_KBL_TM_Lakes_GEODES_All3_QE-HF_C18_USDAY46918_NEG_MSMS_60_GEO-SP-8-F_1_Rg80to1200-CE102040-0-4-S1_Run217.mzML,/mnt/Volumes/LaCie/nmdc_data/mcmahon_11_fkbnah04/raw/20181217_KBL_TM_Lakes_GEODES_All3_QE-HF_C18_USDAY46918_NEG_MSMS_60_GEO-SP-8-F_1_Rg80to1200-CE102040-0-4-S1_Run217.mzML,80260640,.mzml,Error processing 20181217_KBL_TM_Lakes_GEODES_All3_QE-HF_C18_USDAY46918_NEG_MSMS_60_GEO-SP-8-F_1_Rg80to1200-CE102040-0-4-S1_Run217.mzML after 1 attempts: Mixed polarities detected in scan data,2026-07-07T22:30:14.030000,,,,
20181217_KBL_TM_Lakes_GEODES_All3_QE-HF_C18_USDAY46918_NEG_MSMS_59_GEO-SP-4-F_1_Rg80to1200-CE102040-0-4-S1_Run214.mzML,/mnt/Volumes/LaCie/nmdc_data/mcmahon_11_fkbnah04/raw/20181217_KBL_TM_Lakes_GEODES_All3_QE-HF_C18_USDAY46918_NEG_MSMS_59_GEO-SP-4-F_1_Rg80to1200-CE102040-0-4-S1_Run214.mzML,79408212,.mzml,Error processing 20181217_KBL_TM_Lakes_GEODES_All3_QE-HF_C18_USDAY46918_NEG_MSMS_59_GEO-SP-4-F_1_Rg80to1200-CE102040-0-4-S1_Run214.mzML after 1 attempts: Mixed polarities detected in scan data,2026-07-07T22:29:46.520000,,,,
20181217_KBL_TM_Lakes_GEODES_All3_QE-HF_C18_USDAY46918_NEG_MSMS_59_GEO-SP-4-F_1_Rg80to1200-CE102040-0-4-S1_Run214.mzML,/mnt/Volumes/LaCie/nmdc_data/mcmahon_11_fkbnah04/raw/20181217_KBL_TM_Lakes_GEODES_All3_QE-HF_C18_USDAY46918_NEG_MSMS_59_GEO-SP-4-F_1_Rg80to1200-CE102040-0-4-S1_Run214.mzML,79408212,.mzml,Error processing 20181217_KBL_TM_Lakes_GEODES_All3_QE-HF_C18_USDAY46918_NEG_MSMS_59_GEO-SP-4-F_1_Rg80to1200-CE102040-0-4-S1_Run214.mzML after 1 attempts: Mixed polarities detected in scan data,2026-07-07T22:29:46.520000,,,,
20181217_KBL_TM_Lakes_GEODES_All3_QE-HF_C18_USDAY46918_NEG_MSMS_59_GEO-SP-4-F_1_Rg80to1200-CE102040-0-4-S1_Run214.mzML,/mnt/Volumes/LaCie/nmdc_data/mcmahon_11_fkbnah04/raw/20181217_KBL_TM_Lakes_GEODES_All3_QE-HF_C18_USDAY46918_NEG_MSMS_59_GEO-SP-4-F_1_Rg80to1200-CE102040-0-4-S1_Run214.mzML,79408212,.mzml,Error processing 20181217_KBL_TM_Lakes_GEODES_All3_QE-HF_C18_USDAY46918_NEG_MSMS_59_GEO-SP-4-F_1_Rg80to1200-CE102040-0-4-S1_Run214.mzML after 1 attempts: Mixed polarities detected in scan data,2026-07-07T22:29:46.520000,,,,
20180918_KBL_TM_Lakes_GEODES_All3_QE-HF_HILICZ-VF1_USHXG01161_NEG_MSMS_46_GEO-ME-44-F_1_Rg70to1050-CE102040-0-7-S1_Run172.mzML,/mnt/Volumes/LaCie/nmdc_data/mcmahon_11_fkbnah04/raw/20180918_KBL_TM_Lakes_GEODES_All3_QE-HF_HILICZ-VF1_USHXG01161_NEG_MSMS_46_GEO-ME-44-F_1_Rg70to1050-CE102040-0-7-S1_Run172.mzML,170357752,.mzml,Error processing 20180918_KBL_TM_Lakes_GEODES_All3_QE-HF_HILICZ-VF1_USHXG01161_NEG_MSMS_46_GEO-ME-44-F_1_Rg70to1050-CE102040-0-7-S1_Run172.mzML after 1 attempts: Mixed polarities detected in scan data,2026-07-07T22:30:56.280000,,,,
20180918_KBL_TM_Lakes_GEODES_All3_QE-HF_HILICZ-VF1_USHXG01161_NEG_MSMS_46_GEO-ME-44-F_1_Rg70to1050-CE102040-0-7-S1_Run172.mzML,/mnt/Volumes/LaCie/nmdc_data/mcmahon_11_fkbnah04/raw/20180918_KBL_TM_Lakes_GEODES_All3_QE-HF_HILICZ-VF1_USHXG01161_NEG_MSMS_46_GEO-ME-44-F_1_Rg70to1050-CE102040-0-7-S1_Run172.mzML,170357752,.mzml,Error processing 20180918_KBL_TM_Lakes_GEODES_All3_QE-HF_HILICZ-VF1_USHXG01161_NEG_MSMS_46_GEO-ME-44-F_1_Rg70to1050-CE102040-0-7-S1_Run172.mzML after 1 attempts: Mixed polarities detected in scan data,2026-07-07T22:30:56.280000,,,,
20180918_KBL_TM_Lakes_GEODES_All3_QE-HF_HILICZ-VF1_USHXG01161_NEG_MSMS_46_GEO-ME-44-F_1_Rg70to1050-CE102040-0-7-S1_Run172.mzML,/mnt/Volumes/LaCie/nmdc_data/mcmahon_11_fkbnah04/raw/20180918_KBL_TM_Lakes_GEODES_All3_QE-HF_HILICZ-VF1_USHXG01161_NEG_MSMS_46_GEO-ME-44-F_1_Rg70to1050-CE102040-0-7-S1_Run172.mzML,170357752,.mzml,Error processing 20180918_KBL_TM_Lakes_GEODES_All3_QE-HF_HILICZ-VF1_USHXG01161_NEG_MSMS_46_GEO-ME-44-F_1_Rg70to1050-CE102040-0-7-S1_Run172.mzML after 1 attempts: Mixed polarities detected in scan data,2026-07-07T22:30:56.280000,,,,
20180918_KBL_TM_Lakes_GEODES_All3_QE-HF_HILICZ-VF1_USHXG01161_POS_MSMS_72_GEO-TB-8-F_1_Rg70to1050-CE102040-0-1-S1_Run257.mzML,/mnt/Volumes/LaCie/nmdc_data/mcmahon_11_fkbnah04/raw/20180918_KBL_TM_Lakes_GEODES_All3_QE-HF_HILICZ-VF1_USHXG01161_POS_MSMS_72_GEO-TB-8-F_1_Rg70to1050-CE102040-0-1-S1_Run257.mzML,195825373,.mzml,Error processing 20180918_KBL_TM_Lakes_GEODES_All3_QE-HF_HILICZ-VF1_USHXG01161_POS_MSMS_72_GEO-TB-8-F_1_Rg70to1050-CE102040-0-1-S1_Run257.mzML after 1 attempts: Mixed polarities detected in scan data,2026-07-07T22:30:05.370000,,,,
20181217_KBL_TM_Lakes_GEODES_All3_QE-HF_C18_USDAY46918_POS_MSMS_47_GEO-ME-4-F_1_Rg80to1200-CE102040-0-7-S1_Run174.mzML,/mnt/Volumes/LaCie/nmdc_data/mcmahon_11_fkbnah04/raw/20181217_KBL_TM_Lakes_GEODES_All3_QE-HF_C18_USDAY46918_POS_MSMS_47_GEO-ME-4-F_1_Rg80to1200-CE102040-0-7-S1_Run174.mzML,98807062,.mzml,Error processing 20181217_KBL_TM_Lakes_GEODES_All3_QE-HF_C18_USDAY46918_POS_MSMS_47_GEO-ME-4-F_1_Rg80to1200-CE102040-0-7-S1_Run174.mzML after 1 attempts: Mixed polarities detected in scan data,2026-07-07T22:31:58,,,,
20180918_KBL_TM_Lakes_GEODES_All3_QE-HF_HILICZ-VF1_USHXG01161_POS_MSMS_72_GEO-TB-8-F_1_Rg70to1050-CE102040-0-1-S1_Run257.mzML,/mnt/Volumes/LaCie/nmdc_data/mcmahon_11_fkbnah04/raw/20180918_KBL_TM_Lakes_GEODES_All3_QE-HF_HILICZ-VF1_USHXG01161_POS_MSMS_72_GEO-TB-8-F_1_Rg70to1050-CE102040-0-1-S1_Run257.mzML,195825373,.mzml,Error processing 20180918_KBL_TM_Lakes_GEODES_All3_QE-HF_HILICZ-VF1_USHXG01161_POS_MSMS_72_GEO-TB-8-F_1_Rg70to1050-CE102040-0-1-S1_Run257.mzML after 1 attempts: Mixed polarities detected in scan data,2026-07-07T22:30:05.370000,,,,
20181217_KBL_TM_Lakes_GEODES_All3_QE-HF_C18_USDAY46918_POS_MSMS_47_GEO-ME-4-F_1_Rg80to1200-CE102040-0-7-S1_Run174.mzML,/mnt/Volumes/LaCie/nmdc_data/mcmahon_11_fkbnah04/raw/20181217_KBL_TM_Lakes_GEODES_All3_QE-HF_C18_USDAY46918_POS_MSMS_47_GEO-ME-4-F_1_Rg80to1200-CE102040-0-7-S1_Run174.mzML,98807062,.mzml,Error processing 20181217_KBL_TM_Lakes_GEODES_All3_QE-HF_C18_USDAY46918_POS_MSMS_47_GEO-ME-4-F_1_Rg80to1200-CE102040-0-7-S1_Run174.mzML after 1 attempts: Mixed polarities detected in scan data,2026-07-07T22:31:58,,,,
20180918_KBL_TM_Lakes_GEODES_All3_QE-HF_HILICZ-VF1_USHXG01161_POS_MSMS_72_GEO-TB-8-F_1_Rg70to1050-CE102040-0-1-S1_Run257.mzML,/mnt/Volumes/LaCie/nmdc_data/mcmahon_11_fkbnah04/raw/20180918_KBL_TM_Lakes_GEODES_All3_QE-HF_HILICZ-VF1_USHXG01161_POS_MSMS_72_GEO-TB-8-F_1_Rg70to1050-CE102040-0-1-S1_Run257.mzML,195825373,.mzml,Error processing 20180918_KBL_TM_Lakes_GEODES_All3_QE-HF_HILICZ-VF1_USHXG01161_POS_MSMS_72_GEO-TB-8-F_1_Rg70to1050-CE102040-0-1-S1_Run257.mzML after 1 attempts: Mixed polarities detected in scan data,2026-07-07T22:30:05.370000,,,,
20181217_KBL_TM_Lakes_GEODES_All3_QE-HF_C18_USDAY46918_POS_MSMS_47_GEO-ME-4-F_1_Rg80to1200-CE102040-0-7-S1_Run174.mzML,/mnt/Volumes/LaCie/nmdc_data/mcmahon_11_fkbnah04/raw/20181217_KBL_TM_Lakes_GEODES_All3_QE-HF_C18_USDAY46918_POS_MSMS_47_GEO-ME-4-F_1_Rg80to1200-CE102040-0-7-S1_Run174.mzML,98807062,.mzml,Error processing 20181217_KBL_TM_Lakes_GEODES_All3_QE-HF_C18_USDAY46918_POS_MSMS_47_GEO-ME-4-F_1_Rg80to1200-CE102040-0-7-S1_Run174.mzML after 1 attempts: Mixed polarities detected in scan data,2026-07-07T22:31:58,,,,
20180918_KBL_TM_Lakes_GEODES_All3_QE-HF_HILICZ-VF1_USHXG01161_NEG_MSMS_49_GEO-SP-0-F_1_Rg70to1050-CE102040-0-4-S1_Run181.mzML,/mnt/Volumes/LaCie/nmdc_data/mcmahon_11_fkbnah04/raw/20180918_KBL_TM_Lakes_GEODES_All3_QE-HF_HILICZ-VF1_USHXG01161_NEG_MSMS_49_GEO-SP-0-F_1_Rg70to1050-CE102040-0-4-S1_Run181.mzML,177075154,.mzml,Error processing 20180918_KBL_TM_Lakes_GEODES_All3_QE-HF_HILICZ-VF1_USHXG01161_NEG_MSMS_49_GEO-SP-0-F_1_Rg70to1050-CE102040-0-4-S1_Run181.mzML after 1 attempts: Mixed polarities detected in scan data,2026-07-07T22:31:11.020000,,,,
20180918_KBL_TM_Lakes_GEODES_All3_QE-HF_HILICZ-VF1_USHXG01161_NEG_MSMS_49_GEO-SP-0-F_1_Rg70to1050-CE102040-0-4-S1_Run181.mzML,/mnt/Volumes/LaCie/nmdc_data/mcmahon_11_fkbnah04/raw/20180918_KBL_TM_Lakes_GEODES_All3_QE-HF_HILICZ-VF1_USHXG01161_NEG_MSMS_49_GEO-SP-0-F_1_Rg70to1050-CE102040-0-4-S1_Run181.mzML,177075154,.mzml,Error processing 20180918_KBL_TM_Lakes_GEODES_All3_QE-HF_HILICZ-VF1_USHXG01161_NEG_MSMS_49_GEO-SP-0-F_1_Rg70to1050-CE102040-0-4-S1_Run181.mzML after 1 attempts: Mixed polarities detected in scan data,2026-07-07T22:31:11.020000,,,,
20180918_KBL_TM_Lakes_GEODES_All3_QE-HF_HILICZ-VF1_USHXG01161_NEG_MSMS_49_GEO-SP-0-F_1_Rg70to1050-CE102040-0-4-S1_Run181.mzML,/mnt/Volumes/LaCie/nmdc_data/mcmahon_11_fkbnah04/raw/20180918_KBL_TM_Lakes_GEODES_All3_QE-HF_HILICZ-VF1_USHXG01161_NEG_MSMS_49_GEO-SP-0-F_1_Rg70to1050-CE102040-0-4-S1_Run181.mzML,177075154,.mzml,Error processing 20180918_KBL_TM_Lakes_GEODES_All3_QE-HF_HILICZ-VF1_USHXG01161_NEG_MSMS_49_GEO-SP-0-F_1_Rg70to1050-CE102040-0-4-S1_Run181.mzML after 1 attempts: Mixed polarities detected in scan data,2026-07-07T22:31:11.020000,,,,
20181217_KBL_TM_Lakes_Mendota_DepthDate_QE-HF_C18_USDAY46918_POS_MSMS_28_ME-20171019-metabo-28_1_Rg80to1200-CE102040-18p2-S1_Run107.mzML,/mnt/Volumes/LaCie/nmdc_data/mcmahon_11_fkbnah04/raw/20181217_KBL_TM_Lakes_Mendota_DepthDate_QE-HF_C18_USDAY46918_POS_MSMS_28_ME-20171019-metabo-28_1_Rg80to1200-CE102040-18p2-S1_Run107.mzML,94334700,.mzml,Error processing 20181217_KBL_TM_Lakes_Mendota_DepthDate_QE-HF_C18_USDAY46918_POS_MSMS_28_ME-20171019-metabo-28_1_Rg80to1200-CE102040-18p2-S1_Run107.mzML after 1 attempts: Mixed polarities detected in scan data,2026-07-07T22:33:22.240000,,,,
20181217_KBL_TM_Lakes_Mendota_DepthDate_QE-HF_C18_USDAY46918_POS_MSMS_28_ME-20171019-metabo-28_1_Rg80to1200-CE102040-18p2-S1_Run107.mzML,/mnt/Volumes/LaCie/nmdc_data/mcmahon_11_fkbnah04/raw/20181217_KBL_TM_Lakes_Mendota_DepthDate_QE-HF_C18_USDAY46918_POS_MSMS_28_ME-20171019-metabo-28_1_Rg80to1200-CE102040-18p2-S1_Run107.mzML,94334700,.mzml,Error processing 20181217_KBL_TM_Lakes_Mendota_DepthDate_QE-HF_C18_USDAY46918_POS_MSMS_28_ME-20171019-metabo-28_1_Rg80to1200-CE102040-18p2-S1_Run107.mzML after 1 attempts: Mixed polarities detected in scan data,2026-07-07T22:33:22.240000,,,,
20181217_KBL_TM_Lakes_GEODES_All3_QE-HF_C18_USDAY46918_NEG_MSMS_25_GEO-TB-0-UF_1_Rg80to1200-CE102040-0-1-S1_Run96.mzML,/mnt/Volumes/LaCie/nmdc_data/mcmahon_11_fkbnah04/raw/20181217_KBL_TM_Lakes_GEODES_All3_QE-HF_C18_USDAY46918_NEG_MSMS_25_GEO-TB-0-UF_1_Rg80to1200-CE102040-0-1-S1_Run96.mzML,91387579,.mzml,Error processing 20181217_KBL_TM_Lakes_GEODES_All3_QE-HF_C18_USDAY46918_NEG_MSMS_25_GEO-TB-0-UF_1_Rg80to1200-CE102040-0-1-S1_Run96.mzML after 1 attempts: Mixed polarities detected in scan data,2026-07-07T22:32:05.730000,,,,
20181217_KBL_TM_Lakes_GEODES_All3_QE-HF_C18_USDAY46918_NEG_MSMS_25_GEO-TB-0-UF_1_Rg80to1200-CE102040-0-1-S1_Run96.mzML,/mnt/Volumes/LaCie/nmdc_data/mcmahon_11_fkbnah04/raw/20181217_KBL_TM_Lakes_GEODES_All3_QE-HF_C18_USDAY46918_NEG_MSMS_25_GEO-TB-0-UF_1_Rg80to1200-CE102040-0-1-S1_Run96.mzML,91387579,.mzml,Error processing 20181217_KBL_TM_Lakes_GEODES_All3_QE-HF_C18_USDAY46918_NEG_MSMS_25_GEO-TB-0-UF_1_Rg80to1200-CE102040-0-1-S1_Run96.mzML after 1 attempts: Mixed polarities detected in scan data,2026-07-07T22:32:05.730000,,,,
20181217_KBL_TM_Lakes_Mendota_DepthDate_QE-HF_C18_USDAY46918_POS_MSMS_28_ME-20171019-metabo-28_1_Rg80to1200-CE102040-18p2-S1_Run107.mzML,/mnt/Volumes/LaCie/nmdc_data/mcmahon_11_fkbnah04/raw/20181217_KBL_TM_Lakes_Mendota_DepthDate_QE-HF_C18_USDAY46918_POS_MSMS_28_ME-20171019-metabo-28_1_Rg80to1200-CE102040-18p2-S1_Run107.mzML,94334700,.mzml,Error processing 20181217_KBL_TM_Lakes_Mendota_DepthDate_QE-HF_C18_USDAY46918_POS_MSMS_28_ME-20171019-metabo-28_1_Rg80to1200-CE102040-18p2-S1_Run107.mzML after 1 attempts: Mixed polarities detected in scan data,2026-07-07T22:33:22.240000,,,,
20181217_KBL_TM_Lakes_GEODES_All3_QE-HF_C18_USDAY46918_NEG_MSMS_25_GEO-TB-0-UF_1_Rg80to1200-CE102040-0-1-S1_Run96.mzML,/mnt/Volumes/LaCie/nmdc_data/mcmahon_11_fkbnah04/raw/20181217_KBL_TM_Lakes_GEODES_All3_QE-HF_C18_USDAY46918_NEG_MSMS_25_GEO-TB-0-UF_1_Rg80to1200-CE102040-0-1-S1_Run96.mzML,91387579,.mzml,Error processing 20181217_KBL_TM_Lakes_GEODES_All3_QE-HF_C18_USDAY46918_NEG_MSMS_25_GEO-TB-0-UF_1_Rg80to1200-CE102040-0-1-S1_Run96.mzML after 1 attempts: Mixed polarities detected in scan data,2026-07-07T22:32:05.730000,,,,
20181217_KBL_TM_Lakes_GEODES_All3_QE-HF_C18_USDAY46918_NEG_MSMS_57_GEO-SP-40-F_1_Rg80to1200-CE102040-0-4-S1_Run208.mzML,/mnt/Volumes/LaCie/nmdc_data/mcmahon_11_fkbnah04/raw/20181217_KBL_TM_Lakes_GEODES_All3_QE-HF_C18_USDAY46918_NEG_MSMS_57_GEO-SP-40-F_1_Rg80to1200-CE102040-0-4-S1_Run208.mzML,80111787,.mzml,Error processing 20181217_KBL_TM_Lakes_GEODES_All3_QE-HF_C18_USDAY46918_NEG_MSMS_57_GEO-SP-40-F_1_Rg80to1200-CE102040-0-4-S1_Run208.mzML after 1 attempts: Mixed polarities detected in scan data,2026-07-07T22:34:26.420000,,,,
20181217_KBL_TM_Lakes_GEODES_All3_QE-HF_C18_USDAY46918_NEG_MSMS_57_GEO-SP-40-F_1_Rg80to1200-CE102040-0-4-S1_Run208.mzML,/mnt/Volumes/LaCie/nmdc_data/mcmahon_11_fkbnah04/raw/20181217_KBL_TM_Lakes_GEODES_All3_QE-HF_C18_USDAY46918_NEG_MSMS_57_GEO-SP-40-F_1_Rg80to1200-CE102040-0-4-S1_Run208.mzML,80111787,.mzml,Error processing 20181217_KBL_TM_Lakes_GEODES_All3_QE-HF_C18_USDAY46918_NEG_MSMS_57_GEO-SP-40-F_1_Rg80to1200-CE102040-0-4-S1_Run208.mzML after 1 attempts: Mixed polarities detected in scan data,2026-07-07T22:34:26.420000,,,,
20181217_KBL_TM_Lakes_GEODES_All3_QE-HF_C18_USDAY46918_NEG_MSMS_57_GEO-SP-40-F_1_Rg80to1200-CE102040-0-4-S1_Run208.mzML,/mnt/Volumes/LaCie/nmdc_data/mcmahon_11_fkbnah04/raw/20181217_KBL_TM_Lakes_GEODES_All3_QE-HF_C18_USDAY46918_NEG_MSMS_57_GEO-SP-40-F_1_Rg80to1200-CE102040-0-4-S1_Run208.mzML,80111787,.mzml,Error processing 20181217_KBL_TM_Lakes_GEODES_All3_QE-HF_C18_USDAY46918_NEG_MSMS_57_GEO-SP-40-F_1_Rg80to1200-CE102040-0-4-S1_Run208.mzML after 1 attempts: Mixed polarities detected in scan data,2026-07-07T22:34:26.420000,,,,
20180918_KBL_TM_Lakes_GEODES_All3_QE-HF_HILICZ-VF1_USHXG01161_NEG_MSMS_45_GEO-ME-40-F_1_Rg70to1050-CE102040-0-7-S1_Run164.mzML,/mnt/Volumes/LaCie/nmdc_data/mcmahon_11_fkbnah04/raw/20180918_KBL_TM_Lakes_GEODES_All3_QE-HF_HILICZ-VF1_USHXG01161_NEG_MSMS_45_GEO-ME-40-F_1_Rg70to1050-CE102040-0-7-S1_Run164.mzML,170551805,.mzml,Error processing 20180918_KBL_TM_Lakes_GEODES_All3_QE-HF_HILICZ-VF1_USHXG01161_NEG_MSMS_45_GEO-ME-40-F_1_Rg70to1050-CE102040-0-7-S1_Run164.mzML after 1 attempts: Mixed polarities detected in scan data,2026-07-07T22:33:12.170000,,,,
20180918_KBL_TM_Lakes_GEODES_All3_QE-HF_HILICZ-VF1_USHXG01161_NEG_MSMS_45_GEO-ME-40-F_1_Rg70to1050-CE102040-0-7-S1_Run164.mzML,/mnt/Volumes/LaCie/nmdc_data/mcmahon_11_fkbnah04/raw/20180918_KBL_TM_Lakes_GEODES_All3_QE-HF_HILICZ-VF1_USHXG01161_NEG_MSMS_45_GEO-ME-40-F_1_Rg70to1050-CE102040-0-7-S1_Run164.mzML,170551805,.mzml,Error processing 20180918_KBL_TM_Lakes_GEODES_All3_QE-HF_HILICZ-VF1_USHXG01161_NEG_MSMS_45_GEO-ME-40-F_1_Rg70to1050-CE102040-0-7-S1_Run164.mzML after 1 attempts: Mixed polarities detected in scan data,2026-07-07T22:33:12.170000,,,,
20180918_KBL_TM_Lakes_GEODES_All3_QE-HF_HILICZ-VF1_USHXG01161_NEG_MSMS_45_GEO-ME-40-F_1_Rg70to1050-CE102040-0-7-S1_Run164.mzML,/mnt/Volumes/LaCie/nmdc_data/mcmahon_11_fkbnah04/raw/20180918_KBL_TM_Lakes_GEODES_All3_QE-HF_HILICZ-VF1_USHXG01161_NEG_MSMS_45_GEO-ME-40-F_1_Rg70to1050-CE102040-0-7-S1_Run164.mzML,170551805,.mzml,Error processing 20180918_KBL_TM_Lakes_GEODES_All3_QE-HF_HILICZ-VF1_USHXG01161_NEG_MSMS_45_GEO-ME-40-F_1_Rg70to1050-CE102040-0-7-S1_Run164.mzML after 1 attempts: Mixed polarities detected in scan data,2026-07-07T22:33:12.170000,,,,
20180918_KBL_TM_Lakes_GEODES_All3_QE-HF_HILICZ-VF1_USHXG01161_POS_MSMS_39_GEO-ME-16-F_1_Rg70to1050-CE102040-0-7-S1_Run145.mzML,/mnt/Volumes/LaCie/nmdc_data/mcmahon_11_fkbnah04/raw/20180918_KBL_TM_Lakes_GEODES_All3_QE-HF_HILICZ-VF1_USHXG01161_POS_MSMS_39_GEO-ME-16-F_1_Rg70to1050-CE102040-0-7-S1_Run145.mzML,173173282,.mzml,Error processing 20180918_KBL_TM_Lakes_GEODES_All3_QE-HF_HILICZ-VF1_USHXG01161_POS_MSMS_39_GEO-ME-16-F_1_Rg70to1050-CE102040-0-7-S1_Run145.mzML after 1 attempts: Mixed polarities detected in scan data,2026-07-07T22:33:39.480000,,,,
20180918_KBL_TM_Lakes_GEODES_All3_QE-HF_HILICZ-VF1_USHXG01161_POS_MSMS_39_GEO-ME-16-F_1_Rg70to1050-CE102040-0-7-S1_Run145.mzML,/mnt/Volumes/LaCie/nmdc_data/mcmahon_11_fkbnah04/raw/20180918_KBL_TM_Lakes_GEODES_All3_QE-HF_HILICZ-VF1_USHXG01161_POS_MSMS_39_GEO-ME-16-F_1_Rg70to1050-CE102040-0-7-S1_Run145.mzML,173173282,.mzml,Error processing 20180918_KBL_TM_Lakes_GEODES_All3_QE-HF_HILICZ-VF1_USHXG01161_POS_MSMS_39_GEO-ME-16-F_1_Rg70to1050-CE102040-0-7-S1_Run145.mzML after 1 attempts: Mixed polarities detected in scan data,2026-07-07T22:33:39.480000,,,,
20181217_KBL_TM_Lakes_GEODES_All3_QE-HF_C18_USDAY46918_POS_MSMS_49_GEO-SP-0-F_1_Rg80to1200-CE102040-0-4-S1_Run180.mzML,/mnt/Volumes/LaCie/nmdc_data/mcmahon_11_fkbnah04/raw/20181217_KBL_TM_Lakes_GEODES_All3_QE-HF_C18_USDAY46918_POS_MSMS_49_GEO-SP-0-F_1_Rg80to1200-CE102040-0-4-S1_Run180.mzML,99937809,.mzml,Error processing 20181217_KBL_TM_Lakes_GEODES_All3_QE-HF_C18_USDAY46918_POS_MSMS_49_GEO-SP-0-F_1_Rg80to1200-CE102040-0-4-S1_Run180.mzML after 1 attempts: Mixed polarities detected in scan data,2026-07-07T22:34:53.480000,,,,
20180918_KBL_TM_Lakes_GEODES_All3_QE-HF_HILICZ-VF1_USHXG01161_POS_MSMS_39_GEO-ME-16-F_1_Rg70to1050-CE102040-0-7-S1_Run145.mzML,/mnt/Volumes/LaCie/nmdc_data/mcmahon_11_fkbnah04/raw/20180918_KBL_TM_Lakes_GEODES_All3_QE-HF_HILICZ-VF1_USHXG01161_POS_MSMS_39_GEO-ME-16-F_1_Rg70to1050-CE102040-0-7-S1_Run145.mzML,173173282,.mzml,Error processing 20180918_KBL_TM_Lakes_GEODES_All3_QE-HF_HILICZ-VF1_USHXG01161_POS_MSMS_39_GEO-ME-16-F_1_Rg70to1050-CE102040-0-7-S1_Run145.mzML after 1 attempts: Mixed polarities detected in scan data,2026-07-07T22:33:39.480000,,,,
20180918_KBL_TM_Lakes_Mendota_DepthDate_QE-139_HILICZ-VF1_USHXG01161_POS_MSMS_28_ME-20171019-metabo-28_1_Rg70to1050-CE102040-18p2-S1_Run107.mzML,/mnt/Volumes/LaCie/nmdc_data/mcmahon_11_fkbnah04/raw/20180918_KBL_TM_Lakes_Mendota_DepthDate_QE-139_HILICZ-VF1_USHXG01161_POS_MSMS_28_ME-20171019-metabo-28_1_Rg70to1050-CE102040-18p2-S1_Run107.mzML,179144897,.mzml,Error processing 20180918_KBL_TM_Lakes_Mendota_DepthDate_QE-139_HILICZ-VF1_USHXG01161_POS_MSMS_28_ME-20171019-metabo-28_1_Rg70to1050-CE102040-18p2-S1_Run107.mzML after 1 attempts: Mixed polarities detected in scan data,2026-07-07T22:34:43.020000,,,,
20180918_KBL_TM_Lakes_Mendota_DepthDate_QE-139_HILICZ-VF1_USHXG01161_POS_MSMS_28_ME-20171019-metabo-28_1_Rg70to1050-CE102040-18p2-S1_Run107.mzML,/mnt/Volumes/LaCie/nmdc_data/mcmahon_11_fkbnah04/raw/20180918_KBL_TM_Lakes_Mendota_DepthDate_QE-139_HILICZ-VF1_USHXG01161_POS_MSMS_28_ME-20171019-metabo-28_1_Rg70to1050-CE102040-18p2-S1_Run107.mzML,179144897,.mzml,Error processing 20180918_KBL_TM_Lakes_Mendota_DepthDate_QE-139_HILICZ-VF1_USHXG01161_POS_MSMS_28_ME-20171019-metabo-28_1_Rg70to1050-CE102040-18p2-S1_Run107.mzML after 1 attempts: Mixed polarities detected in scan data,2026-07-07T22:34:43.020000,,,,
20181217_KBL_TM_Lakes_GEODES_All3_QE-HF_C18_USDAY46918_POS_MSMS_49_GEO-SP-0-F_1_Rg80to1200-CE102040-0-4-S1_Run180.mzML,/mnt/Volumes/LaCie/nmdc_data/mcmahon_11_fkbnah04/raw/20181217_KBL_TM_Lakes_GEODES_All3_QE-HF_C18_USDAY46918_POS_MSMS_49_GEO-SP-0-F_1_Rg80to1200-CE102040-0-4-S1_Run180.mzML,99937809,.mzml,Error processing 20181217_KBL_TM_Lakes_GEODES_All3_QE-HF_C18_USDAY46918_POS_MSMS_49_GEO-SP-0-F_1_Rg80to1200-CE102040-0-4-S1_Run180.mzML after 1 attempts: Mixed polarities detected in scan data,2026-07-07T22:34:53.480000,,,,
20181217_KBL_TM_Lakes_GEODES_All3_QE-HF_C18_USDAY46918_POS_MSMS_49_GEO-SP-0-F_1_Rg80to1200-CE102040-0-4-S1_Run180.mzML,/mnt/Volumes/LaCie/nmdc_data/mcmahon_11_fkbnah04/raw/20181217_KBL_TM_Lakes_GEODES_All3_QE-HF_C18_USDAY46918_POS_MSMS_49_GEO-SP-0-F_1_Rg80to1200-CE102040-0-4-S1_Run180.mzML,99937809,.mzml,Error processing 20181217_KBL_TM_Lakes_GEODES_All3_QE-HF_C18_USDAY46918_POS_MSMS_49_GEO-SP-0-F_1_Rg80to1200-CE102040-0-4-S1_Run180.mzML after 1 attempts: Mixed polarities detected in scan data,2026-07-07T22:34:53.480000,,,,
20180918_KBL_TM_Lakes_Mendota_DepthDate_QE-139_HILICZ-VF1_USHXG01161_POS_MSMS_28_ME-20171019-metabo-28_1_Rg70to1050-CE102040-18p2-S1_Run107.mzML,/mnt/Volumes/LaCie/nmdc_data/mcmahon_11_fkbnah04/raw/20180918_KBL_TM_Lakes_Mendota_DepthDate_QE-139_HILICZ-VF1_USHXG01161_POS_MSMS_28_ME-20171019-metabo-28_1_Rg70to1050-CE102040-18p2-S1_Run107.mzML,179144897,.mzml,Error processing 20180918_KBL_TM_Lakes_Mendota_DepthDate_QE-139_HILICZ-VF1_USHXG01161_POS_MSMS_28_ME-20171019-metabo-28_1_Rg70to1050-CE102040-18p2-S1_Run107.mzML after 1 attempts: Mixed polarities detected in scan data,2026-07-07T22:34:43.020000,,,,
20180918_KBL_TM_Lakes_GEODES_All3_QE-HF_HILICZ-VF1_USHXG01161_POS_MSMS_42_GEO-ME-28-F_1_Rg70to1050-CE102040-0-7-S1_Run154.mzML,/mnt/Volumes/LaCie/nmdc_data/mcmahon_11_fkbnah04/raw/20180918_KBL_TM_Lakes_GEODES_All3_QE-HF_HILICZ-VF1_USHXG01161_POS_MSMS_42_GEO-ME-28-F_1_Rg70to1050-CE102040-0-7-S1_Run154.mzML,175050794,.mzml,Error processing 20180918_KBL_TM_Lakes_GEODES_All3_QE-HF_HILICZ-VF1_USHXG01161_POS_MSMS_42_GEO-ME-28-F_1_Rg70to1050-CE102040-0-7-S1_Run154.mzML after 1 attempts: Mixed polarities detected in scan data,2026-07-07T22:35:40.910000,,,,
20180918_KBL_TM_Lakes_GEODES_All3_QE-HF_HILICZ-VF1_USHXG01161_POS_MSMS_42_GEO-ME-28-F_1_Rg70to1050-CE102040-0-7-S1_Run154.mzML,/mnt/Volumes/LaCie/nmdc_data/mcmahon_11_fkbnah04/raw/20180918_KBL_TM_Lakes_GEODES_All3_QE-HF_HILICZ-VF1_USHXG01161_POS_MSMS_42_GEO-ME-28-F_1_Rg70to1050-CE102040-0-7-S1_Run154.mzML,175050794,.mzml,Error processing 20180918_KBL_TM_Lakes_GEODES_All3_QE-HF_HILICZ-VF1_USHXG01161_POS_MSMS_42_GEO-ME-28-F_1_Rg70to1050-CE102040-0-7-S1_Run154.mzML after 1 attempts: Mixed polarities detected in scan data,2026-07-07T22:35:40.910000,,,,
20180918_KBL_TM_Lakes_GEODES_All3_QE-HF_HILICZ-VF1_USHXG01161_POS_MSMS_42_GEO-ME-28-F_1_Rg70to1050-CE102040-0-7-S1_Run154.mzML,/mnt/Volumes/LaCie/nmdc_data/mcmahon_11_fkbnah04/raw/20180918_KBL_TM_Lakes_GEODES_All3_QE-HF_HILICZ-VF1_USHXG01161_POS_MSMS_42_GEO-ME-28-F_1_Rg70to1050-CE102040-0-7-S1_Run154.mzML,175050794,.mzml,Error processing 20180918_KBL_TM_Lakes_GEODES_All3_QE-HF_HILICZ-VF1_USHXG01161_POS_MSMS_42_GEO-ME-28-F_1_Rg70to1050-CE102040-0-7-S1_Run154.mzML after 1 attempts: Mixed polarities detected in scan data,2026-07-07T22:35:40.910000,,,,
20180918_KBL_TM_Lakes_GEODES_All3_QE-HF_HILICZ-VF1_USHXG01161_POS_MSMS_10_GEO-ME-44-UF_1_Rg70to1050-CE102040-0-7-S1_Run45.mzML,/mnt/Volumes/LaCie/nmdc_data/mcmahon_11_fkbnah04/raw/20180918_KBL_TM_Lakes_GEODES_All3_QE-HF_HILICZ-VF1_USHXG01161_POS_MSMS_10_GEO-ME-44-UF_1_Rg70to1050-CE102040-0-7-S1_Run45.mzML,169845182,.mzml,Error processing 20180918_KBL_TM_Lakes_GEODES_All3_QE-HF_HILICZ-VF1_USHXG01161_POS_MSMS_10_GEO-ME-44-UF_1_Rg70to1050-CE102040-0-7-S1_Run45.mzML after 1 attempts: Mixed polarities detected in scan data,2026-07-07T22:37:38.660000,,,,
20180918_KBL_TM_Lakes_GEODES_All3_QE-HF_HILICZ-VF1_USHXG01161_POS_MSMS_10_GEO-ME-44-UF_1_Rg70to1050-CE102040-0-7-S1_Run45.mzML,/mnt/Volumes/LaCie/nmdc_data/mcmahon_11_fkbnah04/raw/20180918_KBL_TM_Lakes_GEODES_All3_QE-HF_HILICZ-VF1_USHXG01161_POS_MSMS_10_GEO-ME-44-UF_1_Rg70to1050-CE102040-0-7-S1_Run45.mzML,169845182,.mzml,Error processing 20180918_KBL_TM_Lakes_GEODES_All3_QE-HF_HILICZ-VF1_USHXG01161_POS_MSMS_10_GEO-ME-44-UF_1_Rg70to1050-CE102040-0-7-S1_Run45.mzML after 1 attempts: Mixed polarities detected in scan data,2026-07-07T22:37:38.660000,,,,
20180918_KBL_TM_Lakes_GEODES_All3_QE-HF_HILICZ-VF1_USHXG01161_POS_MSMS_10_GEO-ME-44-UF_1_Rg70to1050-CE102040-0-7-S1_Run45.mzML,/mnt/Volumes/LaCie/nmdc_data/mcmahon_11_fkbnah04/raw/20180918_KBL_TM_Lakes_GEODES_All3_QE-HF_HILICZ-VF1_USHXG01161_POS_MSMS_10_GEO-ME-44-UF_1_Rg70to1050-CE102040-0-7-S1_Run45.mzML,169845182,.mzml,Error processing 20180918_KBL_TM_Lakes_GEODES_All3_QE-HF_HILICZ-VF1_USHXG01161_POS_MSMS_10_GEO-ME-44-UF_1_Rg70to1050-CE102040-0-7-S1_Run45.mzML after 1 attempts: Mixed polarities detected in scan data,2026-07-07T22:37:38.660000,,,,
20181217_KBL_TM_Lakes_GEODES_All3_QE-HF_C18_USDAY46918_POS_MSMS_13_GEO-SP-0-UF_1_Rg80to1200-CE102040-0-4-S1_Run54.mzML,/mnt/Volumes/LaCie/nmdc_data/mcmahon_11_fkbnah04/raw/20181217_KBL_TM_Lakes_GEODES_All3_QE-HF_C18_USDAY46918_POS_MSMS_13_GEO-SP-0-UF_1_Rg80to1200-CE102040-0-4-S1_Run54.mzML,103632277,.mzml,Error processing 20181217_KBL_TM_Lakes_GEODES_All3_QE-HF_C18_USDAY46918_POS_MSMS_13_GEO-SP-0-UF_1_Rg80to1200-CE102040-0-4-S1_Run54.mzML after 1 attempts: Mixed polarities detected in scan data,2026-07-07T22:37:45.800000,,,,
20181217_KBL_TM_Lakes_GEODES_All3_QE-HF_C18_USDAY46918_POS_MSMS_13_GEO-SP-0-UF_1_Rg80to1200-CE102040-0-4-S1_Run54.mzML,/mnt/Volumes/LaCie/nmdc_data/mcmahon_11_fkbnah04/raw/20181217_KBL_TM_Lakes_GEODES_All3_QE-HF_C18_USDAY46918_POS_MSMS_13_GEO-SP-0-UF_1_Rg80to1200-CE102040-0-4-S1_Run54.mzML,103632277,.mzml,Error processing 20181217_KBL_TM_Lakes_GEODES_All3_QE-HF_C18_USDAY46918_POS_MSMS_13_GEO-SP-0-UF_1_Rg80to1200-CE102040-0-4-S1_Run54.mzML after 1 attempts: Mixed polarities detected in scan data,2026-07-07T22:37:45.800000,,,,
20181217_KBL_TM_Lakes_GEODES_All3_QE-HF_C18_USDAY46918_POS_MSMS_13_GEO-SP-0-UF_1_Rg80to1200-CE102040-0-4-S1_Run54.mzML,/mnt/Volumes/LaCie/nmdc_data/mcmahon_11_fkbnah04/raw/20181217_KBL_TM_Lakes_GEODES_All3_QE-HF_C18_USDAY46918_POS_MSMS_13_GEO-SP-0-UF_1_Rg80to1200-CE102040-0-4-S1_Run54.mzML,103632277,.mzml,Error processing 20181217_KBL_TM_Lakes_GEODES_All3_QE-HF_C18_USDAY46918_POS_MSMS_13_GEO-SP-0-UF_1_Rg80to1200-CE102040-0-4-S1_Run54.mzML after 1 attempts: Mixed polarities detected in scan data,2026-07-07T22:37:45.800000,,,,
20180918_KBL_TM_Lakes_GEODES_All3_QE-HF_HILICZ-VF1_USHXG01161_POS_MSMS_43_GEO-ME-32-F_1_Rg70to1050-CE102040-0-7-S1_Run157.mzML,/mnt/Volumes/LaCie/nmdc_data/mcmahon_11_fkbnah04/raw/20180918_KBL_TM_Lakes_GEODES_All3_QE-HF_HILICZ-VF1_USHXG01161_POS_MSMS_43_GEO-ME-32-F_1_Rg70to1050-CE102040-0-7-S1_Run157.mzML,176742470,.mzml,Error processing 20180918_KBL_TM_Lakes_GEODES_All3_QE-HF_HILICZ-VF1_USHXG01161_POS_MSMS_43_GEO-ME-32-F_1_Rg70to1050-CE102040-0-7-S1_Run157.mzML after 1 attempts: Mixed polarities detected in scan data,2026-07-07T22:36:33.890000,,,,
20180918_KBL_TM_Lakes_GEODES_All3_QE-HF_HILICZ-VF1_USHXG01161_POS_MSMS_43_GEO-ME-32-F_1_Rg70to1050-CE102040-0-7-S1_Run157.mzML,/mnt/Volumes/LaCie/nmdc_data/mcmahon_11_fkbnah04/raw/20180918_KBL_TM_Lakes_GEODES_All3_QE-HF_HILICZ-VF1_USHXG01161_POS_MSMS_43_GEO-ME-32-F_1_Rg70to1050-CE102040-0-7-S1_Run157.mzML,176742470,.mzml,Error processing 20180918_KBL_TM_Lakes_GEODES_All3_QE-HF_HILICZ-VF1_USHXG01161_POS_MSMS_43_GEO-ME-32-F_1_Rg70to1050-CE102040-0-7-S1_Run157.mzML after 1 attempts: Mixed polarities detected in scan data,2026-07-07T22:36:33.890000,,,,
20180918_KBL_TM_Lakes_GEODES_All3_QE-HF_HILICZ-VF1_USHXG01161_POS_MSMS_43_GEO-ME-32-F_1_Rg70to1050-CE102040-0-7-S1_Run157.mzML,/mnt/Volumes/LaCie/nmdc_data/mcmahon_11_fkbnah04/raw/20180918_KBL_TM_Lakes_GEODES_All3_QE-HF_HILICZ-VF1_USHXG01161_POS_MSMS_43_GEO-ME-32-F_1_Rg70to1050-CE102040-0-7-S1_Run157.mzML,176742470,.mzml,Error processing 20180918_KBL_TM_Lakes_GEODES_All3_QE-HF_HILICZ-VF1_USHXG01161_POS_MSMS_43_GEO-ME-32-F_1_Rg70to1050-CE102040-0-7-S1_Run157.mzML after 1 attempts: Mixed polarities detected in scan data,2026-07-07T22:36:33.890000,,,,
20180918_KBL_TM_Lakes_GEODES_All3_QE-HF_HILICZ-VF1_USHXG01161_POS_MSMS_64_GEO-TB-20-F_1_Rg70to1050-CE102040-0-1-S1_Run233.mzML,/mnt/Volumes/LaCie/nmdc_data/mcmahon_11_fkbnah04/raw/20180918_KBL_TM_Lakes_GEODES_All3_QE-HF_HILICZ-VF1_USHXG01161_POS_MSMS_64_GEO-TB-20-F_1_Rg70to1050-CE102040-0-1-S1_Run233.mzML,193250735,.mzml,Error processing 20180918_KBL_TM_Lakes_GEODES_All3_QE-HF_HILICZ-VF1_USHXG01161_POS_MSMS_64_GEO-TB-20-F_1_Rg70to1050-CE102040-0-1-S1_Run233.mzML after 1 attempts: Mixed polarities detected in scan data,2026-07-07T22:36:52.290000,,,,
20180918_KBL_TM_Lakes_GEODES_All3_QE-HF_HILICZ-VF1_USHXG01161_POS_MSMS_64_GEO-TB-20-F_1_Rg70to1050-CE102040-0-1-S1_Run233.mzML,/mnt/Volumes/LaCie/nmdc_data/mcmahon_11_fkbnah04/raw/20180918_KBL_TM_Lakes_GEODES_All3_QE-HF_HILICZ-VF1_USHXG01161_POS_MSMS_64_GEO-TB-20-F_1_Rg70to1050-CE102040-0-1-S1_Run233.mzML,193250735,.mzml,Error processing 20180918_KBL_TM_Lakes_GEODES_All3_QE-HF_HILICZ-VF1_USHXG01161_POS_MSMS_64_GEO-TB-20-F_1_Rg70to1050-CE102040-0-1-S1_Run233.mzML after 1 attempts: Mixed polarities detected in scan data,2026-07-07T22:36:52.290000,,,,
20180918_KBL_TM_Lakes_GEODES_All3_QE-HF_HILICZ-VF1_USHXG01161_POS_MSMS_64_GEO-TB-20-F_1_Rg70to1050-CE102040-0-1-S1_Run233.mzML,/mnt/Volumes/LaCie/nmdc_data/mcmahon_11_fkbnah04/raw/20180918_KBL_TM_Lakes_GEODES_All3_QE-HF_HILICZ-VF1_USHXG01161_POS_MSMS_64_GEO-TB-20-F_1_Rg70to1050-CE102040-0-1-S1_Run233.mzML,193250735,.mzml,Error processing 20180918_KBL_TM_Lakes_GEODES_All3_QE-HF_HILICZ-VF1_USHXG01161_POS_MSMS_64_GEO-TB-20-F_1_Rg70to1050-CE102040-0-1-S1_Run233.mzML after 1 attempts: Mixed polarities detected in scan data,2026-07-07T22:36:52.290000,,,,
20181217_KBL_TM_Lakes_GEODES_All3_QE-HF_C18_USDAY46918_POS_MSMS_59_GEO-SP-4-F_1_Rg80to1200-CE102040-0-4-S1_Run213.mzML,/mnt/Volumes/LaCie/nmdc_data/mcmahon_11_fkbnah04/raw/20181217_KBL_TM_Lakes_GEODES_All3_QE-HF_C18_USDAY46918_POS_MSMS_59_GEO-SP-4-F_1_Rg80to1200-CE102040-0-4-S1_Run213.mzML,98557536,.mzml,Error processing 20181217_KBL_TM_Lakes_GEODES_All3_QE-HF_C18_USDAY46918_POS_MSMS_59_GEO-SP-4-F_1_Rg80to1200-CE102040-0-4-S1_Run213.mzML after 1 attempts: Mixed polarities detected in scan data,2026-07-07T22:38:11.480000,,,,
20181217_KBL_TM_Lakes_GEODES_All3_QE-HF_C18_USDAY46918_POS_MSMS_59_GEO-SP-4-F_1_Rg80to1200-CE102040-0-4-S1_Run213.mzML,/mnt/Volumes/LaCie/nmdc_data/mcmahon_11_fkbnah04/raw/20181217_KBL_TM_Lakes_GEODES_All3_QE-HF_C18_USDAY46918_POS_MSMS_59_GEO-SP-4-F_1_Rg80to1200-CE102040-0-4-S1_Run213.mzML,98557536,.mzml,Error processing 20181217_KBL_TM_Lakes_GEODES_All3_QE-HF_C18_USDAY46918_POS_MSMS_59_GEO-SP-4-F_1_Rg80to1200-CE102040-0-4-S1_Run213.mzML after 1 attempts: Mixed polarities detected in scan data,2026-07-07T22:38:11.480000,,,,
20181217_KBL_TM_Lakes_GEODES_All3_QE-HF_C18_USDAY46918_POS_MSMS_59_GEO-SP-4-F_1_Rg80to1200-CE102040-0-4-S1_Run213.mzML,/mnt/Volumes/LaCie/nmdc_data/mcmahon_11_fkbnah04/raw/20181217_KBL_TM_Lakes_GEODES_All3_QE-HF_C18_USDAY46918_POS_MSMS_59_GEO-SP-4-F_1_Rg80to1200-CE102040-0-4-S1_Run213.mzML,98557536,.mzml,Error processing 20181217_KBL_TM_Lakes_GEODES_All3_QE-HF_C18_USDAY46918_POS_MSMS_59_GEO-SP-4-F_1_Rg80to1200-CE102040-0-4-S1_Run213.mzML after 1 attempts: Mixed polarities detected in scan data,2026-07-07T22:38:11.480000,,,,
20180918_KBL_TM_Lakes_GEODES_All3_QE-HF_HILICZ-VF1_USHXG01161_NEG_MSMS_5_GEO-ME-24-UF_1_Rg70to1050-CE102040-0-7-S1_Run31.mzML,/mnt/Volumes/LaCie/nmdc_data/mcmahon_11_fkbnah04/raw/20180918_KBL_TM_Lakes_GEODES_All3_QE-HF_HILICZ-VF1_USHXG01161_NEG_MSMS_5_GEO-ME-24-UF_1_Rg70to1050-CE102040-0-7-S1_Run31.mzML,170963979,.mzml,Error processing 20180918_KBL_TM_Lakes_GEODES_All3_QE-HF_HILICZ-VF1_USHXG01161_NEG_MSMS_5_GEO-ME-24-UF_1_Rg70to1050-CE102040-0-7-S1_Run31.mzML after 1 attempts: Mixed polarities detected in scan data,2026-07-07T22:39:32.010000,,,,
20180918_KBL_TM_Lakes_GEODES_All3_QE-HF_HILICZ-VF1_USHXG01161_NEG_MSMS_5_GEO-ME-24-UF_1_Rg70to1050-CE102040-0-7-S1_Run31.mzML,/mnt/Volumes/LaCie/nmdc_data/mcmahon_11_fkbnah04/raw/20180918_KBL_TM_Lakes_GEODES_All3_QE-HF_HILICZ-VF1_USHXG01161_NEG_MSMS_5_GEO-ME-24-UF_1_Rg70to1050-CE102040-0-7-S1_Run31.mzML,170963979,.mzml,Error processing 20180918_KBL_TM_Lakes_GEODES_All3_QE-HF_HILICZ-VF1_USHXG01161_NEG_MSMS_5_GEO-ME-24-UF_1_Rg70to1050-CE102040-0-7-S1_Run31.mzML after 1 attempts: Mixed polarities detected in scan data,2026-07-07T22:39:32.010000,,,,
20180918_KBL_TM_Lakes_GEODES_All3_QE-HF_HILICZ-VF1_USHXG01161_NEG_MSMS_5_GEO-ME-24-UF_1_Rg70to1050-CE102040-0-7-S1_Run31.mzML,/mnt/Volumes/LaCie/nmdc_data/mcmahon_11_fkbnah04/raw/20180918_KBL_TM_Lakes_GEODES_All3_QE-HF_HILICZ-VF1_USHXG01161_NEG_MSMS_5_GEO-ME-24-UF_1_Rg70to1050-CE102040-0-7-S1_Run31.mzML,170963979,.mzml,Error processing 20180918_KBL_TM_Lakes_GEODES_All3_QE-HF_HILICZ-VF1_USHXG01161_NEG_MSMS_5_GEO-ME-24-UF_1_Rg70to1050-CE102040-0-7-S1_Run31.mzML after 1 attempts: Mixed polarities detected in scan data,2026-07-07T22:39:32.010000,,,,
20180918_KBL_TM_Lakes_GEODES_All3_QE-HF_HILICZ-VF1_USHXG01161_POS_MSMS_57_GEO-SP-40-F_1_Rg70to1050-CE102040-0-4-S1_Run207.mzML,/mnt/Volumes/LaCie/nmdc_data/mcmahon_11_fkbnah04/raw/20180918_KBL_TM_Lakes_GEODES_All3_QE-HF_HILICZ-VF1_USHXG01161_POS_MSMS_57_GEO-SP-40-F_1_Rg70to1050-CE102040-0-4-S1_Run207.mzML,178989133,.mzml,Error processing 20180918_KBL_TM_Lakes_GEODES_All3_QE-HF_HILICZ-VF1_USHXG01161_POS_MSMS_57_GEO-SP-40-F_1_Rg70to1050-CE102040-0-4-S1_Run207.mzML after 1 attempts: Mixed polarities detected in scan data,2026-07-07T22:38:30.350000,,,,
20180918_KBL_TM_Lakes_GEODES_All3_QE-HF_HILICZ-VF1_USHXG01161_POS_MSMS_57_GEO-SP-40-F_1_Rg70to1050-CE102040-0-4-S1_Run207.mzML,/mnt/Volumes/LaCie/nmdc_data/mcmahon_11_fkbnah04/raw/20180918_KBL_TM_Lakes_GEODES_All3_QE-HF_HILICZ-VF1_USHXG01161_POS_MSMS_57_GEO-SP-40-F_1_Rg70to1050-CE102040-0-4-S1_Run207.mzML,178989133,.mzml,Error processing 20180918_KBL_TM_Lakes_GEODES_All3_QE-HF_HILICZ-VF1_USHXG01161_POS_MSMS_57_GEO-SP-40-F_1_Rg70to1050-CE102040-0-4-S1_Run207.mzML after 1 attempts: Mixed polarities detected in scan data,2026-07-07T22:38:30.350000,,,,
20180918_KBL_TM_Lakes_GEODES_All3_QE-HF_HILICZ-VF1_USHXG01161_POS_MSMS_57_GEO-SP-40-F_1_Rg70to1050-CE102040-0-4-S1_Run207.mzML,/mnt/Volumes/LaCie/nmdc_data/mcmahon_11_fkbnah04/raw/20180918_KBL_TM_Lakes_GEODES_All3_QE-HF_HILICZ-VF1_USHXG01161_POS_MSMS_57_GEO-SP-40-F_1_Rg70to1050-CE102040-0-4-S1_Run207.mzML,178989133,.mzml,Error processing 20180918_KBL_TM_Lakes_GEODES_All3_QE-HF_HILICZ-VF1_USHXG01161_POS_MSMS_57_GEO-SP-40-F_1_Rg70to1050-CE102040-0-4-S1_Run207.mzML after 1 attempts: Mixed polarities detected in scan data,2026-07-07T22:38:30.350000,,,,
20180918_KBL_TM_Lakes_GEODES_All3_QE-HF_HILICZ-VF1_USHXG01161_NEG_MSMS_27_GEO-TB-16-UF_1_Rg70to1050-CE102040-0-1-S1_Run105.mzML,/mnt/Volumes/LaCie/nmdc_data/mcmahon_11_fkbnah04/raw/20180918_KBL_TM_Lakes_GEODES_All3_QE-HF_HILICZ-VF1_USHXG01161_NEG_MSMS_27_GEO-TB-16-UF_1_Rg70to1050-CE102040-0-1-S1_Run105.mzML,200348231,.mzml,Error processing 20180918_KBL_TM_Lakes_GEODES_All3_QE-HF_HILICZ-VF1_USHXG01161_NEG_MSMS_27_GEO-TB-16-UF_1_Rg70to1050-CE102040-0-1-S1_Run105.mzML after 1 attempts: Mixed polarities detected in scan data,2026-07-07T22:40:01.770000,,,,
20180918_KBL_TM_Lakes_GEODES_All3_QE-HF_HILICZ-VF1_USHXG01161_NEG_MSMS_27_GEO-TB-16-UF_1_Rg70to1050-CE102040-0-1-S1_Run105.mzML,/mnt/Volumes/LaCie/nmdc_data/mcmahon_11_fkbnah04/raw/20180918_KBL_TM_Lakes_GEODES_All3_QE-HF_HILICZ-VF1_USHXG01161_NEG_MSMS_27_GEO-TB-16-UF_1_Rg70to1050-CE102040-0-1-S1_Run105.mzML,200348231,.mzml,Error processing 20180918_KBL_TM_Lakes_GEODES_All3_QE-HF_HILICZ-VF1_USHXG01161_NEG_MSMS_27_GEO-TB-16-UF_1_Rg70to1050-CE102040-0-1-S1_Run105.mzML after 1 attempts: Mixed polarities detected in scan data,2026-07-07T22:40:01.770000,,,,
20180918_KBL_TM_Lakes_GEODES_All3_QE-HF_HILICZ-VF1_USHXG01161_NEG_MSMS_27_GEO-TB-16-UF_1_Rg70to1050-CE102040-0-1-S1_Run105.mzML,/mnt/Volumes/LaCie/nmdc_data/mcmahon_11_fkbnah04/raw/20180918_KBL_TM_Lakes_GEODES_All3_QE-HF_HILICZ-VF1_USHXG01161_NEG_MSMS_27_GEO-TB-16-UF_1_Rg70to1050-CE102040-0-1-S1_Run105.mzML,200348231,.mzml,Error processing 20180918_KBL_TM_Lakes_GEODES_All3_QE-HF_HILICZ-VF1_USHXG01161_NEG_MSMS_27_GEO-TB-16-UF_1_Rg70to1050-CE102040-0-1-S1_Run105.mzML after 1 attempts: Mixed polarities detected in scan data,2026-07-07T22:40:01.770000,,,,
20180918_KBL_TM_Lakes_GEODES_All3_QE-HF_HILICZ-VF1_USHXG01161_POS_MSMS_20_GEO-SP-36-UF_1_Rg70to1050-CE102040-0-4-S1_Run80.mzML,/mnt/Volumes/LaCie/nmdc_data/mcmahon_11_fkbnah04/raw/20180918_KBL_TM_Lakes_GEODES_All3_QE-HF_HILICZ-VF1_USHXG01161_POS_MSMS_20_GEO-SP-36-UF_1_Rg70to1050-CE102040-0-4-S1_Run80.mzML,174863228,.mzml,Error processing 20180918_KBL_TM_Lakes_GEODES_All3_QE-HF_HILICZ-VF1_USHXG01161_POS_MSMS_20_GEO-SP-36-UF_1_Rg70to1050-CE102040-0-4-S1_Run80.mzML after 1 attempts: Mixed polarities detected in scan data,2026-07-07T22:40:39.570000,,,,
20180918_KBL_TM_Lakes_GEODES_All3_QE-HF_HILICZ-VF1_USHXG01161_POS_MSMS_20_GEO-SP-36-UF_1_Rg70to1050-CE102040-0-4-S1_Run80.mzML,/mnt/Volumes/LaCie/nmdc_data/mcmahon_11_fkbnah04/raw/20180918_KBL_TM_Lakes_GEODES_All3_QE-HF_HILICZ-VF1_USHXG01161_POS_MSMS_20_GEO-SP-36-UF_1_Rg70to1050-CE102040-0-4-S1_Run80.mzML,174863228,.mzml,Error processing 20180918_KBL_TM_Lakes_GEODES_All3_QE-HF_HILICZ-VF1_USHXG01161_POS_MSMS_20_GEO-SP-36-UF_1_Rg70to1050-CE102040-0-4-S1_Run80.mzML after 1 attempts: Mixed polarities detected in scan data,2026-07-07T22:40:39.570000,,,,
20180918_KBL_TM_Lakes_GEODES_All3_QE-HF_HILICZ-VF1_USHXG01161_POS_MSMS_20_GEO-SP-36-UF_1_Rg70to1050-CE102040-0-4-S1_Run80.mzML,/mnt/Volumes/LaCie/nmdc_data/mcmahon_11_fkbnah04/raw/20180918_KBL_TM_Lakes_GEODES_All3_QE-HF_HILICZ-VF1_USHXG01161_POS_MSMS_20_GEO-SP-36-UF_1_Rg70to1050-CE102040-0-4-S1_Run80.mzML,174863228,.mzml,Error processing 20180918_KBL_TM_Lakes_GEODES_All3_QE-HF_HILICZ-VF1_USHXG01161_POS_MSMS_20_GEO-SP-36-UF_1_Rg70to1050-CE102040-0-4-S1_Run80.mzML after 1 attempts: Mixed polarities detected in scan data,2026-07-07T22:40:39.570000,,,,
20181217_KBL_TM_Lakes_GEODES_All3_QE-HF_C18_USDAY46918_POS_MSMS_19_GEO-SP-32-UF_1_Rg80to1200-CE102040-0-4-S1_Run77.mzML,/mnt/Volumes/LaCie/nmdc_data/mcmahon_11_fkbnah04/raw/20181217_KBL_TM_Lakes_GEODES_All3_QE-HF_C18_USDAY46918_POS_MSMS_19_GEO-SP-32-UF_1_Rg80to1200-CE102040-0-4-S1_Run77.mzML,102817056,.mzml,Error processing 20181217_KBL_TM_Lakes_GEODES_All3_QE-HF_C18_USDAY46918_POS_MSMS_19_GEO-SP-32-UF_1_Rg80to1200-CE102040-0-4-S1_Run77.mzML after 1 attempts: Mixed polarities detected in scan data,2026-07-07T22:40:51.540000,,,,
20181217_KBL_TM_Lakes_GEODES_All3_QE-HF_C18_USDAY46918_POS_MSMS_19_GEO-SP-32-UF_1_Rg80to1200-CE102040-0-4-S1_Run77.mzML,/mnt/Volumes/LaCie/nmdc_data/mcmahon_11_fkbnah04/raw/20181217_KBL_TM_Lakes_GEODES_All3_QE-HF_C18_USDAY46918_POS_MSMS_19_GEO-SP-32-UF_1_Rg80to1200-CE102040-0-4-S1_Run77.mzML,102817056,.mzml,Error processing 20181217_KBL_TM_Lakes_GEODES_All3_QE-HF_C18_USDAY46918_POS_MSMS_19_GEO-SP-32-UF_1_Rg80to1200-CE102040-0-4-S1_Run77.mzML after 1 attempts: Mixed polarities detected in scan data,2026-07-07T22:40:51.540000,,,,
20181217_KBL_TM_Lakes_GEODES_All3_QE-HF_C18_USDAY46918_POS_MSMS_19_GEO-SP-32-UF_1_Rg80to1200-CE102040-0-4-S1_Run77.mzML,/mnt/Volumes/LaCie/nmdc_data/mcmahon_11_fkbnah04/raw/20181217_KBL_TM_Lakes_GEODES_All3_QE-HF_C18_USDAY46918_POS_MSMS_19_GEO-SP-32-UF_1_Rg80to1200-CE102040-0-4-S1_Run77.mzML,102817056,.mzml,Error processing 20181217_KBL_TM_Lakes_GEODES_All3_QE-HF_C18_USDAY46918_POS_MSMS_19_GEO-SP-32-UF_1_Rg80to1200-CE102040-0-4-S1_Run77.mzML after 1 attempts: Mixed polarities detected in scan data,2026-07-07T22:40:51.540000,,,,
20181217_KBL_TM_Lakes_GEODES_All3_QE-HF_C18_USDAY46918_POS_MSMS_22_GEO-SP-44-UF_1_Rg80to1200-CE102040-0-4-S1_Run86.mzML,/mnt/Volumes/LaCie/nmdc_data/mcmahon_11_fkbnah04/raw/20181217_KBL_TM_Lakes_GEODES_All3_QE-HF_C18_USDAY46918_POS_MSMS_22_GEO-SP-44-UF_1_Rg80to1200-CE102040-0-4-S1_Run86.mzML,103528470,.mzml,Error processing 20181217_KBL_TM_Lakes_GEODES_All3_QE-HF_C18_USDAY46918_POS_MSMS_22_GEO-SP-44-UF_1_Rg80to1200-CE102040-0-4-S1_Run86.mzML after 1 attempts: Mixed polarities detected in scan data,2026-07-07T22:41:01.680000,,,,
20181217_KBL_TM_Lakes_GEODES_All3_QE-HF_C18_USDAY46918_POS_MSMS_22_GEO-SP-44-UF_1_Rg80to1200-CE102040-0-4-S1_Run86.mzML,/mnt/Volumes/LaCie/nmdc_data/mcmahon_11_fkbnah04/raw/20181217_KBL_TM_Lakes_GEODES_All3_QE-HF_C18_USDAY46918_POS_MSMS_22_GEO-SP-44-UF_1_Rg80to1200-CE102040-0-4-S1_Run86.mzML,103528470,.mzml,Error processing 20181217_KBL_TM_Lakes_GEODES_All3_QE-HF_C18_USDAY46918_POS_MSMS_22_GEO-SP-44-UF_1_Rg80to1200-CE102040-0-4-S1_Run86.mzML after 1 attempts: Mixed polarities detected in scan data,2026-07-07T22:41:01.680000,,,,
20181217_KBL_TM_Lakes_GEODES_All3_QE-HF_C18_USDAY46918_POS_MSMS_22_GEO-SP-44-UF_1_Rg80to1200-CE102040-0-4-S1_Run86.mzML,/mnt/Volumes/LaCie/nmdc_data/mcmahon_11_fkbnah04/raw/20181217_KBL_TM_Lakes_GEODES_All3_QE-HF_C18_USDAY46918_POS_MSMS_22_GEO-SP-44-UF_1_Rg80to1200-CE102040-0-4-S1_Run86.mzML,103528470,.mzml,Error processing 20181217_KBL_TM_Lakes_GEODES_All3_QE-HF_C18_USDAY46918_POS_MSMS_22_GEO-SP-44-UF_1_Rg80to1200-CE102040-0-4-S1_Run86.mzML after 1 attempts: Mixed polarities detected in scan data,2026-07-07T22:41:01.680000,,,,
20181217_KBL_TM_Lakes_GEODES_All3_QE-HF_C18_USDAY46918_NEG_MSMS_62_GEO-TB-12-F_1_Rg80to1200-CE102040-0-1-S1_Run228.mzML,/mnt/Volumes/LaCie/nmdc_data/mcmahon_11_fkbnah04/raw/20181217_KBL_TM_Lakes_GEODES_All3_QE-HF_C18_USDAY46918_NEG_MSMS_62_GEO-TB-12-F_1_Rg80to1200-CE102040-0-1-S1_Run228.mzML,86130696,.mzml,Error processing 20181217_KBL_TM_Lakes_GEODES_All3_QE-HF_C18_USDAY46918_NEG_MSMS_62_GEO-TB-12-F_1_Rg80to1200-CE102040-0-1-S1_Run228.mzML after 1 attempts: Mixed polarities detected in scan data,2026-07-07T22:42:14.740000,,,,
20181217_KBL_TM_Lakes_GEODES_All3_QE-HF_C18_USDAY46918_NEG_MSMS_62_GEO-TB-12-F_1_Rg80to1200-CE102040-0-1-S1_Run228.mzML,/mnt/Volumes/LaCie/nmdc_data/mcmahon_11_fkbnah04/raw/20181217_KBL_TM_Lakes_GEODES_All3_QE-HF_C18_USDAY46918_NEG_MSMS_62_GEO-TB-12-F_1_Rg80to1200-CE102040-0-1-S1_Run228.mzML,86130696,.mzml,Error processing 20181217_KBL_TM_Lakes_GEODES_All3_QE-HF_C18_USDAY46918_NEG_MSMS_62_GEO-TB-12-F_1_Rg80to1200-CE102040-0-1-S1_Run228.mzML after 1 attempts: Mixed polarities detected in scan data,2026-07-07T22:42:14.740000,,,,
20181217_KBL_TM_Lakes_GEODES_All3_QE-HF_C18_USDAY46918_POS_MSMS_26_GEO-TB-12-UF_1_Rg80to1200-CE102040-0-1-S1_Run101.mzML,/mnt/Volumes/LaCie/nmdc_data/mcmahon_11_fkbnah04/raw/20181217_KBL_TM_Lakes_GEODES_All3_QE-HF_C18_USDAY46918_POS_MSMS_26_GEO-TB-12-UF_1_Rg80to1200-CE102040-0-1-S1_Run101.mzML,107365685,.mzml,Error processing 20181217_KBL_TM_Lakes_GEODES_All3_QE-HF_C18_USDAY46918_POS_MSMS_26_GEO-TB-12-UF_1_Rg80to1200-CE102040-0-1-S1_Run101.mzML after 1 attempts: Mixed polarities detected in scan data,2026-07-07T22:41:30.100000,,,,
20181217_KBL_TM_Lakes_GEODES_All3_QE-HF_C18_USDAY46918_POS_MSMS_26_GEO-TB-12-UF_1_Rg80to1200-CE102040-0-1-S1_Run101.mzML,/mnt/Volumes/LaCie/nmdc_data/mcmahon_11_fkbnah04/raw/20181217_KBL_TM_Lakes_GEODES_All3_QE-HF_C18_USDAY46918_POS_MSMS_26_GEO-TB-12-UF_1_Rg80to1200-CE102040-0-1-S1_Run101.mzML,107365685,.mzml,Error processing 20181217_KBL_TM_Lakes_GEODES_All3_QE-HF_C18_USDAY46918_POS_MSMS_26_GEO-TB-12-UF_1_Rg80to1200-CE102040-0-1-S1_Run101.mzML after 1 attempts: Mixed polarities detected in scan data,2026-07-07T22:41:30.100000,,,,
20181217_KBL_TM_Lakes_GEODES_All3_QE-HF_C18_USDAY46918_POS_MSMS_26_GEO-TB-12-UF_1_Rg80to1200-CE102040-0-1-S1_Run101.mzML,/mnt/Volumes/LaCie/nmdc_data/mcmahon_11_fkbnah04/raw/20181217_KBL_TM_Lakes_GEODES_All3_QE-HF_C18_USDAY46918_POS_MSMS_26_GEO-TB-12-UF_1_Rg80to1200-CE102040-0-1-S1_Run101.mzML,107365685,.mzml,Error processing 20181217_KBL_TM_Lakes_GEODES_All3_QE-HF_C18_USDAY46918_POS_MSMS_26_GEO-TB-12-UF_1_Rg80to1200-CE102040-0-1-S1_Run101.mzML after 1 attempts: Mixed polarities detected in scan data,2026-07-07T22:41:30.100000,,,,
20180918_KBL_TM_Lakes_GEODES_All3_QE-HF_HILICZ-VF1_USHXG01161_NEG_MSMS_44_GEO-ME-36-F_1_Rg70to1050-CE102040-0-7-S1_Run161.mzML,/mnt/Volumes/LaCie/nmdc_data/mcmahon_11_fkbnah04/raw/20180918_KBL_TM_Lakes_GEODES_All3_QE-HF_HILICZ-VF1_USHXG01161_NEG_MSMS_44_GEO-ME-36-F_1_Rg70to1050-CE102040-0-7-S1_Run161.mzML,171591918,.mzml,Error processing 20180918_KBL_TM_Lakes_GEODES_All3_QE-HF_HILICZ-VF1_USHXG01161_NEG_MSMS_44_GEO-ME-36-F_1_Rg70to1050-CE102040-0-7-S1_Run161.mzML after 1 attempts: Mixed polarities detected in scan data,2026-07-07T22:41:21.930000,,,,
20181217_KBL_TM_Lakes_GEODES_All3_QE-HF_C18_USDAY46918_NEG_MSMS_62_GEO-TB-12-F_1_Rg80to1200-CE102040-0-1-S1_Run228.mzML,/mnt/Volumes/LaCie/nmdc_data/mcmahon_11_fkbnah04/raw/20181217_KBL_TM_Lakes_GEODES_All3_QE-HF_C18_USDAY46918_NEG_MSMS_62_GEO-TB-12-F_1_Rg80to1200-CE102040-0-1-S1_Run228.mzML,86130696,.mzml,Error processing 20181217_KBL_TM_Lakes_GEODES_All3_QE-HF_C18_USDAY46918_NEG_MSMS_62_GEO-TB-12-F_1_Rg80to1200-CE102040-0-1-S1_Run228.mzML after 1 attempts: Mixed polarities detected in scan data,2026-07-07T22:42:14.740000,,,,
20180918_KBL_TM_Lakes_GEODES_All3_QE-HF_HILICZ-VF1_USHXG01161_NEG_MSMS_44_GEO-ME-36-F_1_Rg70to1050-CE102040-0-7-S1_Run161.mzML,/mnt/Volumes/LaCie/nmdc_data/mcmahon_11_fkbnah04/raw/20180918_KBL_TM_Lakes_GEODES_All3_QE-HF_HILICZ-VF1_USHXG01161_NEG_MSMS_44_GEO-ME-36-F_1_Rg70to1050-CE102040-0-7-S1_Run161.mzML,171591918,.mzml,Error processing 20180918_KBL_TM_Lakes_GEODES_All3_QE-HF_HILICZ-VF1_USHXG01161_NEG_MSMS_44_GEO-ME-36-F_1_Rg70to1050-CE102040-0-7-S1_Run161.mzML after 1 attempts: Mixed polarities detected in scan data,2026-07-07T22:41:21.930000,,,,
20180918_KBL_TM_Lakes_GEODES_All3_QE-HF_HILICZ-VF1_USHXG01161_NEG_MSMS_44_GEO-ME-36-F_1_Rg70to1050-CE102040-0-7-S1_Run161.mzML,/mnt/Volumes/LaCie/nmdc_data/mcmahon_11_fkbnah04/raw/20180918_KBL_TM_Lakes_GEODES_All3_QE-HF_HILICZ-VF1_USHXG01161_NEG_MSMS_44_GEO-ME-36-F_1_Rg70to1050-CE102040-0-7-S1_Run161.mzML,171591918,.mzml,Error processing 20180918_KBL_TM_Lakes_GEODES_All3_QE-HF_HILICZ-VF1_USHXG01161_NEG_MSMS_44_GEO-ME-36-F_1_Rg70to1050-CE102040-0-7-S1_Run161.mzML after 1 attempts: Mixed polarities detected in scan data,2026-07-07T22:41:21.930000,,,,
20181217_KBL_TM_Lakes_GEODES_All3_QE-HF_C18_USDAY46918_NEG_MSMS_2_GEO-ME-12-UF_1_Rg80to1200-CE102040-0-7-S1_Run22.mzML,/mnt/Volumes/LaCie/nmdc_data/mcmahon_11_fkbnah04/raw/20181217_KBL_TM_Lakes_GEODES_All3_QE-HF_C18_USDAY46918_NEG_MSMS_2_GEO-ME-12-UF_1_Rg80to1200-CE102040-0-7-S1_Run22.mzML,86636902,.mzml,Error processing 20181217_KBL_TM_Lakes_GEODES_All3_QE-HF_C18_USDAY46918_NEG_MSMS_2_GEO-ME-12-UF_1_Rg80to1200-CE102040-0-7-S1_Run22.mzML after 1 attempts: Mixed polarities detected in scan data,2026-07-07T22:42:31.480000,,,,
20181217_KBL_TM_Lakes_GEODES_All3_QE-HF_C18_USDAY46918_NEG_MSMS_2_GEO-ME-12-UF_1_Rg80to1200-CE102040-0-7-S1_Run22.mzML,/mnt/Volumes/LaCie/nmdc_data/mcmahon_11_fkbnah04/raw/20181217_KBL_TM_Lakes_GEODES_All3_QE-HF_C18_USDAY46918_NEG_MSMS_2_GEO-ME-12-UF_1_Rg80to1200-CE102040-0-7-S1_Run22.mzML,86636902,.mzml,Error processing 20181217_KBL_TM_Lakes_GEODES_All3_QE-HF_C18_USDAY46918_NEG_MSMS_2_GEO-ME-12-UF_1_Rg80to1200-CE102040-0-7-S1_Run22.mzML after 1 attempts: Mixed polarities detected in scan data,2026-07-07T22:42:31.480000,,,,
20181217_KBL_TM_Lakes_GEODES_All3_QE-HF_C18_USDAY46918_NEG_MSMS_2_GEO-ME-12-UF_1_Rg80to1200-CE102040-0-7-S1_Run22.mzML,/mnt/Volumes/LaCie/nmdc_data/mcmahon_11_fkbnah04/raw/20181217_KBL_TM_Lakes_GEODES_All3_QE-HF_C18_USDAY46918_NEG_MSMS_2_GEO-ME-12-UF_1_Rg80to1200-CE102040-0-7-S1_Run22.mzML,86636902,.mzml,Error processing 20181217_KBL_TM_Lakes_GEODES_All3_QE-HF_C18_USDAY46918_NEG_MSMS_2_GEO-ME-12-UF_1_Rg80to1200-CE102040-0-7-S1_Run22.mzML after 1 attempts: Mixed polarities detected in scan data,2026-07-07T22:42:31.480000,,,,
20181217_KBL_TM_Lakes_GEODES_All3_QE-HF_C18_USDAY46918_NEG_MSMS_43_GEO-ME-32-F_1_Rg80to1200-CE102040-0-7-S1_Run158.mzML,/mnt/Volumes/LaCie/nmdc_data/mcmahon_11_fkbnah04/raw/20181217_KBL_TM_Lakes_GEODES_All3_QE-HF_C18_USDAY46918_NEG_MSMS_43_GEO-ME-32-F_1_Rg80to1200-CE102040-0-7-S1_Run158.mzML,79570987,.mzml,Error processing 20181217_KBL_TM_Lakes_GEODES_All3_QE-HF_C18_USDAY46918_NEG_MSMS_43_GEO-ME-32-F_1_Rg80to1200-CE102040-0-7-S1_Run158.mzML after 1 attempts: Mixed polarities detected in scan data,2026-07-07T22:43:19.020000,,,,
20181217_KBL_TM_Lakes_GEODES_All3_QE-HF_C18_USDAY46918_NEG_MSMS_43_GEO-ME-32-F_1_Rg80to1200-CE102040-0-7-S1_Run158.mzML,/mnt/Volumes/LaCie/nmdc_data/mcmahon_11_fkbnah04/raw/20181217_KBL_TM_Lakes_GEODES_All3_QE-HF_C18_USDAY46918_NEG_MSMS_43_GEO-ME-32-F_1_Rg80to1200-CE102040-0-7-S1_Run158.mzML,79570987,.mzml,Error processing 20181217_KBL_TM_Lakes_GEODES_All3_QE-HF_C18_USDAY46918_NEG_MSMS_43_GEO-ME-32-F_1_Rg80to1200-CE102040-0-7-S1_Run158.mzML after 1 attempts: Mixed polarities detected in scan data,2026-07-07T22:43:19.020000,,,,
20181217_KBL_TM_Lakes_GEODES_All3_QE-HF_C18_USDAY46918_NEG_MSMS_50_GEO-SP-12-F_1_Rg80to1200-CE102040-0-4-S1_Run184.mzML,/mnt/Volumes/LaCie/nmdc_data/mcmahon_11_fkbnah04/raw/20181217_KBL_TM_Lakes_GEODES_All3_QE-HF_C18_USDAY46918_NEG_MSMS_50_GEO-SP-12-F_1_Rg80to1200-CE102040-0-4-S1_Run184.mzML,78306192,.mzml,Error processing 20181217_KBL_TM_Lakes_GEODES_All3_QE-HF_C18_USDAY46918_NEG_MSMS_50_GEO-SP-12-F_1_Rg80to1200-CE102040-0-4-S1_Run184.mzML after 1 attempts: Mixed polarities detected in scan data,2026-07-07T22:43:58.820000,,,,
20181217_KBL_TM_Lakes_GEODES_All3_QE-HF_C18_USDAY46918_NEG_MSMS_50_GEO-SP-12-F_1_Rg80to1200-CE102040-0-4-S1_Run184.mzML,/mnt/Volumes/LaCie/nmdc_data/mcmahon_11_fkbnah04/raw/20181217_KBL_TM_Lakes_GEODES_All3_QE-HF_C18_USDAY46918_NEG_MSMS_50_GEO-SP-12-F_1_Rg80to1200-CE102040-0-4-S1_Run184.mzML,78306192,.mzml,Error processing 20181217_KBL_TM_Lakes_GEODES_All3_QE-HF_C18_USDAY46918_NEG_MSMS_50_GEO-SP-12-F_1_Rg80to1200-CE102040-0-4-S1_Run184.mzML after 1 attempts: Mixed polarities detected in scan data,2026-07-07T22:43:58.820000,,,,
20181217_KBL_TM_Lakes_GEODES_All3_QE-HF_C18_USDAY46918_NEG_MSMS_43_GEO-ME-32-F_1_Rg80to1200-CE102040-0-7-S1_Run158.mzML,/mnt/Volumes/LaCie/nmdc_data/mcmahon_11_fkbnah04/raw/20181217_KBL_TM_Lakes_GEODES_All3_QE-HF_C18_USDAY46918_NEG_MSMS_43_GEO-ME-32-F_1_Rg80to1200-CE102040-0-7-S1_Run158.mzML,79570987,.mzml,Error processing 20181217_KBL_TM_Lakes_GEODES_All3_QE-HF_C18_USDAY46918_NEG_MSMS_43_GEO-ME-32-F_1_Rg80to1200-CE102040-0-7-S1_Run158.mzML after 1 attempts: Mixed polarities detected in scan data,2026-07-07T22:43:19.020000,,,,
20181217_KBL_TM_Lakes_GEODES_All3_QE-HF_C18_USDAY46918_NEG_MSMS_50_GEO-SP-12-F_1_Rg80to1200-CE102040-0-4-S1_Run184.mzML,/mnt/Volumes/LaCie/nmdc_data/mcmahon_11_fkbnah04/raw/20181217_KBL_TM_Lakes_GEODES_All3_QE-HF_C18_USDAY46918_NEG_MSMS_50_GEO-SP-12-F_1_Rg80to1200-CE102040-0-4-S1_Run184.mzML,78306192,.mzml,Error processing 20181217_KBL_TM_Lakes_GEODES_All3_QE-HF_C18_USDAY46918_NEG_MSMS_50_GEO-SP-12-F_1_Rg80to1200-CE102040-0-4-S1_Run184.mzML after 1 attempts: Mixed polarities detected in scan data,2026-07-07T22:43:58.820000,,,,
20181217_KBL_TM_Lakes_GEODES_All3_QE-HF_C18_USDAY46918_NEG_MSMS_42_GEO-ME-28-F_1_Rg80to1200-CE102040-0-7-S1_Run155.mzML,/mnt/Volumes/LaCie/nmdc_data/mcmahon_11_fkbnah04/raw/20181217_KBL_TM_Lakes_GEODES_All3_QE-HF_C18_USDAY46918_NEG_MSMS_42_GEO-ME-28-F_1_Rg80to1200-CE102040-0-7-S1_Run155.mzML,78552270,.mzml,Error processing 20181217_KBL_TM_Lakes_GEODES_All3_QE-HF_C18_USDAY46918_NEG_MSMS_42_GEO-ME-28-F_1_Rg80to1200-CE102040-0-7-S1_Run155.mzML after 1 attempts: Mixed polarities detected in scan data,2026-07-07T22:44:12.530000,,,,
20181217_KBL_TM_Lakes_GEODES_All3_QE-HF_C18_USDAY46918_NEG_MSMS_42_GEO-ME-28-F_1_Rg80to1200-CE102040-0-7-S1_Run155.mzML,/mnt/Volumes/LaCie/nmdc_data/mcmahon_11_fkbnah04/raw/20181217_KBL_TM_Lakes_GEODES_All3_QE-HF_C18_USDAY46918_NEG_MSMS_42_GEO-ME-28-F_1_Rg80to1200-CE102040-0-7-S1_Run155.mzML,78552270,.mzml,Error processing 20181217_KBL_TM_Lakes_GEODES_All3_QE-HF_C18_USDAY46918_NEG_MSMS_42_GEO-ME-28-F_1_Rg80to1200-CE102040-0-7-S1_Run155.mzML after 1 attempts: Mixed polarities detected in scan data,2026-07-07T22:44:12.530000,,,,
20181217_KBL_TM_Lakes_GEODES_All3_QE-HF_C18_USDAY46918_NEG_MSMS_42_GEO-ME-28-F_1_Rg80to1200-CE102040-0-7-S1_Run155.mzML,/mnt/Volumes/LaCie/nmdc_data/mcmahon_11_fkbnah04/raw/20181217_KBL_TM_Lakes_GEODES_All3_QE-HF_C18_USDAY46918_NEG_MSMS_42_GEO-ME-28-F_1_Rg80to1200-CE102040-0-7-S1_Run155.mzML,78552270,.mzml,Error processing 20181217_KBL_TM_Lakes_GEODES_All3_QE-HF_C18_USDAY46918_NEG_MSMS_42_GEO-ME-28-F_1_Rg80to1200-CE102040-0-7-S1_Run155.mzML after 1 attempts: Mixed polarities detected in scan data,2026-07-07T22:44:12.530000,,,,
20180918_KBL_TM_Lakes_GEODES_All3_QE-HF_HILICZ-VF1_USHXG01161_NEG_MSMS_26_GEO-TB-12-UF_1_Rg70to1050-CE102040-0-1-S1_Run102.mzML,/mnt/Volumes/LaCie/nmdc_data/mcmahon_11_fkbnah04/raw/20180918_KBL_TM_Lakes_GEODES_All3_QE-HF_HILICZ-VF1_USHXG01161_NEG_MSMS_26_GEO-TB-12-UF_1_Rg70to1050-CE102040-0-1-S1_Run102.mzML,199180195,.mzml,Error processing 20180918_KBL_TM_Lakes_GEODES_All3_QE-HF_HILICZ-VF1_USHXG01161_NEG_MSMS_26_GEO-TB-12-UF_1_Rg70to1050-CE102040-0-1-S1_Run102.mzML after 1 attempts: Mixed polarities detected in scan data,2026-07-07T22:43:43.750000,,,,
20180918_KBL_TM_Lakes_GEODES_All3_QE-HF_HILICZ-VF1_USHXG01161_NEG_MSMS_26_GEO-TB-12-UF_1_Rg70to1050-CE102040-0-1-S1_Run102.mzML,/mnt/Volumes/LaCie/nmdc_data/mcmahon_11_fkbnah04/raw/20180918_KBL_TM_Lakes_GEODES_All3_QE-HF_HILICZ-VF1_USHXG01161_NEG_MSMS_26_GEO-TB-12-UF_1_Rg70to1050-CE102040-0-1-S1_Run102.mzML,199180195,.mzml,Error processing 20180918_KBL_TM_Lakes_GEODES_All3_QE-HF_HILICZ-VF1_USHXG01161_NEG_MSMS_26_GEO-TB-12-UF_1_Rg70to1050-CE102040-0-1-S1_Run102.mzML after 1 attempts: Mixed polarities detected in scan data,2026-07-07T22:43:43.750000,,,,
20180918_KBL_TM_Lakes_GEODES_All3_QE-HF_HILICZ-VF1_USHXG01161_NEG_MSMS_26_GEO-TB-12-UF_1_Rg70to1050-CE102040-0-1-S1_Run102.mzML,/mnt/Volumes/LaCie/nmdc_data/mcmahon_11_fkbnah04/raw/20180918_KBL_TM_Lakes_GEODES_All3_QE-HF_HILICZ-VF1_USHXG01161_NEG_MSMS_26_GEO-TB-12-UF_1_Rg70to1050-CE102040-0-1-S1_Run102.mzML,199180195,.mzml,Error processing 20180918_KBL_TM_Lakes_GEODES_All3_QE-HF_HILICZ-VF1_USHXG01161_NEG_MSMS_26_GEO-TB-12-UF_1_Rg70to1050-CE102040-0-1-S1_Run102.mzML after 1 attempts: Mixed polarities detected in scan data,2026-07-07T22:43:43.750000,,,,
20181217_KBL_TM_Lakes_GEODES_All3_QE-HF_C18_USDAY46918_POS_MSMS_35_GEO-TB-4-UF_1_Rg80to1200-CE102040-0-1-S1_Run133.mzML,/mnt/Volumes/LaCie/nmdc_data/mcmahon_11_fkbnah04/raw/20181217_KBL_TM_Lakes_GEODES_All3_QE-HF_C18_USDAY46918_POS_MSMS_35_GEO-TB-4-UF_1_Rg80to1200-CE102040-0-1-S1_Run133.mzML,107470365,.mzml,Error processing 20181217_KBL_TM_Lakes_GEODES_All3_QE-HF_C18_USDAY46918_POS_MSMS_35_GEO-TB-4-UF_1_Rg80to1200-CE102040-0-1-S1_Run133.mzML after 1 attempts: Mixed polarities detected in scan data,2026-07-07T22:45:35.470000,,,,
20181217_KBL_TM_Lakes_GEODES_All3_QE-HF_C18_USDAY46918_POS_MSMS_35_GEO-TB-4-UF_1_Rg80to1200-CE102040-0-1-S1_Run133.mzML,/mnt/Volumes/LaCie/nmdc_data/mcmahon_11_fkbnah04/raw/20181217_KBL_TM_Lakes_GEODES_All3_QE-HF_C18_USDAY46918_POS_MSMS_35_GEO-TB-4-UF_1_Rg80to1200-CE102040-0-1-S1_Run133.mzML,107470365,.mzml,Error processing 20181217_KBL_TM_Lakes_GEODES_All3_QE-HF_C18_USDAY46918_POS_MSMS_35_GEO-TB-4-UF_1_Rg80to1200-CE102040-0-1-S1_Run133.mzML after 1 attempts: Mixed polarities detected in scan data,2026-07-07T22:45:35.470000,,,,
20181217_KBL_TM_Lakes_GEODES_All3_QE-HF_C18_USDAY46918_POS_MSMS_35_GEO-TB-4-UF_1_Rg80to1200-CE102040-0-1-S1_Run133.mzML,/mnt/Volumes/LaCie/nmdc_data/mcmahon_11_fkbnah04/raw/20181217_KBL_TM_Lakes_GEODES_All3_QE-HF_C18_USDAY46918_POS_MSMS_35_GEO-TB-4-UF_1_Rg80to1200-CE102040-0-1-S1_Run133.mzML,107470365,.mzml,Error processing 20181217_KBL_TM_Lakes_GEODES_All3_QE-HF_C18_USDAY46918_POS_MSMS_35_GEO-TB-4-UF_1_Rg80to1200-CE102040-0-1-S1_Run133.mzML after 1 attempts: Mixed polarities detected in scan data,2026-07-07T22:45:35.470000,,,,
20180918_KBL_TM_Lakes_GEODES_All3_QE-HF_HILICZ-VF1_USHXG01161_POS_MSMS_60_GEO-SP-8-F_1_Rg70to1050-CE102040-0-4-S1_Run216.mzML,/mnt/Volumes/LaCie/nmdc_data/mcmahon_11_fkbnah04/raw/20180918_KBL_TM_Lakes_GEODES_All3_QE-HF_HILICZ-VF1_USHXG01161_POS_MSMS_60_GEO-SP-8-F_1_Rg70to1050-CE102040-0-4-S1_Run216.mzML,179939705,.mzml,Error processing 20180918_KBL_TM_Lakes_GEODES_All3_QE-HF_HILICZ-VF1_USHXG01161_POS_MSMS_60_GEO-SP-8-F_1_Rg70to1050-CE102040-0-4-S1_Run216.mzML after 1 attempts: Mixed polarities detected in scan data,2026-07-07T22:44:35.680000,,,,
20180918_KBL_TM_Lakes_GEODES_All3_QE-HF_HILICZ-VF1_USHXG01161_POS_MSMS_60_GEO-SP-8-F_1_Rg70to1050-CE102040-0-4-S1_Run216.mzML,/mnt/Volumes/LaCie/nmdc_data/mcmahon_11_fkbnah04/raw/20180918_KBL_TM_Lakes_GEODES_All3_QE-HF_HILICZ-VF1_USHXG01161_POS_MSMS_60_GEO-SP-8-F_1_Rg70to1050-CE102040-0-4-S1_Run216.mzML,179939705,.mzml,Error processing 20180918_KBL_TM_Lakes_GEODES_All3_QE-HF_HILICZ-VF1_USHXG01161_POS_MSMS_60_GEO-SP-8-F_1_Rg70to1050-CE102040-0-4-S1_Run216.mzML after 1 attempts: Mixed polarities detected in scan data,2026-07-07T22:44:35.680000,,,,
20180918_KBL_TM_Lakes_GEODES_All3_QE-HF_HILICZ-VF1_USHXG01161_POS_MSMS_60_GEO-SP-8-F_1_Rg70to1050-CE102040-0-4-S1_Run216.mzML,/mnt/Volumes/LaCie/nmdc_data/mcmahon_11_fkbnah04/raw/20180918_KBL_TM_Lakes_GEODES_All3_QE-HF_HILICZ-VF1_USHXG01161_POS_MSMS_60_GEO-SP-8-F_1_Rg70to1050-CE102040-0-4-S1_Run216.mzML,179939705,.mzml,Error processing 20180918_KBL_TM_Lakes_GEODES_All3_QE-HF_HILICZ-VF1_USHXG01161_POS_MSMS_60_GEO-SP-8-F_1_Rg70to1050-CE102040-0-4-S1_Run216.mzML after 1 attempts: Mixed polarities detected in scan data,2026-07-07T22:44:35.680000,,,,
20180918_KBL_TM_Lakes_GEODES_All3_QE-HF_HILICZ-VF1_USHXG01161_POS_MSMS_34_GEO-TB-44-UF_1_Rg70to1050-CE102040-0-1-S1_Run130.mzML,/mnt/Volumes/LaCie/nmdc_data/mcmahon_11_fkbnah04/raw/20180918_KBL_TM_Lakes_GEODES_All3_QE-HF_HILICZ-VF1_USHXG01161_POS_MSMS_34_GEO-TB-44-UF_1_Rg70to1050-CE102040-0-1-S1_Run130.mzML,187041343,.mzml,Error processing 20180918_KBL_TM_Lakes_GEODES_All3_QE-HF_HILICZ-VF1_USHXG01161_POS_MSMS_34_GEO-TB-44-UF_1_Rg70to1050-CE102040-0-1-S1_Run130.mzML after 1 attempts: Mixed polarities detected in scan data,2026-07-07T22:45:01.610000,,,,
20180918_KBL_TM_Lakes_GEODES_All3_QE-HF_HILICZ-VF1_USHXG01161_POS_MSMS_34_GEO-TB-44-UF_1_Rg70to1050-CE102040-0-1-S1_Run130.mzML,/mnt/Volumes/LaCie/nmdc_data/mcmahon_11_fkbnah04/raw/20180918_KBL_TM_Lakes_GEODES_All3_QE-HF_HILICZ-VF1_USHXG01161_POS_MSMS_34_GEO-TB-44-UF_1_Rg70to1050-CE102040-0-1-S1_Run130.mzML,187041343,.mzml,Error processing 20180918_KBL_TM_Lakes_GEODES_All3_QE-HF_HILICZ-VF1_USHXG01161_POS_MSMS_34_GEO-TB-44-UF_1_Rg70to1050-CE102040-0-1-S1_Run130.mzML after 1 attempts: Mixed polarities detected in scan data,2026-07-07T22:45:01.610000,,,,
20180918_KBL_TM_Lakes_GEODES_All3_QE-HF_HILICZ-VF1_USHXG01161_POS_MSMS_34_GEO-TB-44-UF_1_Rg70to1050-CE102040-0-1-S1_Run130.mzML,/mnt/Volumes/LaCie/nmdc_data/mcmahon_11_fkbnah04/raw/20180918_KBL_TM_Lakes_GEODES_All3_QE-HF_HILICZ-VF1_USHXG01161_POS_MSMS_34_GEO-TB-44-UF_1_Rg70to1050-CE102040-0-1-S1_Run130.mzML,187041343,.mzml,Error processing 20180918_KBL_TM_Lakes_GEODES_All3_QE-HF_HILICZ-VF1_USHXG01161_POS_MSMS_34_GEO-TB-44-UF_1_Rg70to1050-CE102040-0-1-S1_Run130.mzML after 1 attempts: Mixed polarities detected in scan data,2026-07-07T22:45:01.610000,,,,
20181217_KBL_TM_Lakes_GEODES_All3_QE-HF_C18_USDAY46918_POS_MSMS_27_GEO-TB-16-UF_1_Rg80to1200-CE102040-0-1-S1_Run104.mzML,/mnt/Volumes/LaCie/nmdc_data/mcmahon_11_fkbnah04/raw/20181217_KBL_TM_Lakes_GEODES_All3_QE-HF_C18_USDAY46918_POS_MSMS_27_GEO-TB-16-UF_1_Rg80to1200-CE102040-0-1-S1_Run104.mzML,108248497,.mzml,Error processing 20181217_KBL_TM_Lakes_GEODES_All3_QE-HF_C18_USDAY46918_POS_MSMS_27_GEO-TB-16-UF_1_Rg80to1200-CE102040-0-1-S1_Run104.mzML after 1 attempts: Mixed polarities detected in scan data,2026-07-07T22:46:16.900000,,,,
20181217_KBL_TM_Lakes_GEODES_All3_QE-HF_C18_USDAY46918_POS_MSMS_27_GEO-TB-16-UF_1_Rg80to1200-CE102040-0-1-S1_Run104.mzML,/mnt/Volumes/LaCie/nmdc_data/mcmahon_11_fkbnah04/raw/20181217_KBL_TM_Lakes_GEODES_All3_QE-HF_C18_USDAY46918_POS_MSMS_27_GEO-TB-16-UF_1_Rg80to1200-CE102040-0-1-S1_Run104.mzML,108248497,.mzml,Error processing 20181217_KBL_TM_Lakes_GEODES_All3_QE-HF_C18_USDAY46918_POS_MSMS_27_GEO-TB-16-UF_1_Rg80to1200-CE102040-0-1-S1_Run104.mzML after 1 attempts: Mixed polarities detected in scan data,2026-07-07T22:46:16.900000,,,,
20181217_KBL_TM_Lakes_GEODES_All3_QE-HF_C18_USDAY46918_POS_MSMS_27_GEO-TB-16-UF_1_Rg80to1200-CE102040-0-1-S1_Run104.mzML,/mnt/Volumes/LaCie/nmdc_data/mcmahon_11_fkbnah04/raw/20181217_KBL_TM_Lakes_GEODES_All3_QE-HF_C18_USDAY46918_POS_MSMS_27_GEO-TB-16-UF_1_Rg80to1200-CE102040-0-1-S1_Run104.mzML,108248497,.mzml,Error processing 20181217_KBL_TM_Lakes_GEODES_All3_QE-HF_C18_USDAY46918_POS_MSMS_27_GEO-TB-16-UF_1_Rg80to1200-CE102040-0-1-S1_Run104.mzML after 1 attempts: Mixed polarities detected in scan data,2026-07-07T22:46:16.900000,,,,
20181217_KBL_TM_Lakes_GEODES_All3_QE-HF_C18_USDAY46918_POS_MSMS_60_GEO-SP-8-F_1_Rg80to1200-CE102040-0-4-S1_Run216.mzML,/mnt/Volumes/LaCie/nmdc_data/mcmahon_11_fkbnah04/raw/20181217_KBL_TM_Lakes_GEODES_All3_QE-HF_C18_USDAY46918_POS_MSMS_60_GEO-SP-8-F_1_Rg80to1200-CE102040-0-4-S1_Run216.mzML,98861826,.mzml,Error processing 20181217_KBL_TM_Lakes_GEODES_All3_QE-HF_C18_USDAY46918_POS_MSMS_60_GEO-SP-8-F_1_Rg80to1200-CE102040-0-4-S1_Run216.mzML after 1 attempts: Mixed polarities detected in scan data,2026-07-07T22:48:21.040000,,,,
20181217_KBL_TM_Lakes_GEODES_All3_QE-HF_C18_USDAY46918_POS_MSMS_60_GEO-SP-8-F_1_Rg80to1200-CE102040-0-4-S1_Run216.mzML,/mnt/Volumes/LaCie/nmdc_data/mcmahon_11_fkbnah04/raw/20181217_KBL_TM_Lakes_GEODES_All3_QE-HF_C18_USDAY46918_POS_MSMS_60_GEO-SP-8-F_1_Rg80to1200-CE102040-0-4-S1_Run216.mzML,98861826,.mzml,Error processing 20181217_KBL_TM_Lakes_GEODES_All3_QE-HF_C18_USDAY46918_POS_MSMS_60_GEO-SP-8-F_1_Rg80to1200-CE102040-0-4-S1_Run216.mzML after 1 attempts: Mixed polarities detected in scan data,2026-07-07T22:48:21.040000,,,,
20181217_KBL_TM_Lakes_GEODES_All3_QE-HF_C18_USDAY46918_POS_MSMS_60_GEO-SP-8-F_1_Rg80to1200-CE102040-0-4-S1_Run216.mzML,/mnt/Volumes/LaCie/nmdc_data/mcmahon_11_fkbnah04/raw/20181217_KBL_TM_Lakes_GEODES_All3_QE-HF_C18_USDAY46918_POS_MSMS_60_GEO-SP-8-F_1_Rg80to1200-CE102040-0-4-S1_Run216.mzML,98861826,.mzml,Error processing 20181217_KBL_TM_Lakes_GEODES_All3_QE-HF_C18_USDAY46918_POS_MSMS_60_GEO-SP-8-F_1_Rg80to1200-CE102040-0-4-S1_Run216.mzML after 1 attempts: Mixed polarities detected in scan data,2026-07-07T22:48:21.040000,,,,
20180918_KBL_TM_Lakes_GEODES_All3_QE-HF_HILICZ-VF1_USHXG01161_NEG_MSMS_57_GEO-SP-40-F_1_Rg70to1050-CE102040-0-4-S1_Run208.mzML,/mnt/Volumes/LaCie/nmdc_data/mcmahon_11_fkbnah04/raw/20180918_KBL_TM_Lakes_GEODES_All3_QE-HF_HILICZ-VF1_USHXG01161_NEG_MSMS_57_GEO-SP-40-F_1_Rg70to1050-CE102040-0-4-S1_Run208.mzML,177691478,.mzml,Error processing 20180918_KBL_TM_Lakes_GEODES_All3_QE-HF_HILICZ-VF1_USHXG01161_NEG_MSMS_57_GEO-SP-40-F_1_Rg70to1050-CE102040-0-4-S1_Run208.mzML after 1 attempts: Mixed polarities detected in scan data,2026-07-07T22:46:57.140000,,,,
20180918_KBL_TM_Lakes_GEODES_All3_QE-HF_HILICZ-VF1_USHXG01161_NEG_MSMS_57_GEO-SP-40-F_1_Rg70to1050-CE102040-0-4-S1_Run208.mzML,/mnt/Volumes/LaCie/nmdc_data/mcmahon_11_fkbnah04/raw/20180918_KBL_TM_Lakes_GEODES_All3_QE-HF_HILICZ-VF1_USHXG01161_NEG_MSMS_57_GEO-SP-40-F_1_Rg70to1050-CE102040-0-4-S1_Run208.mzML,177691478,.mzml,Error processing 20180918_KBL_TM_Lakes_GEODES_All3_QE-HF_HILICZ-VF1_USHXG01161_NEG_MSMS_57_GEO-SP-40-F_1_Rg70to1050-CE102040-0-4-S1_Run208.mzML after 1 attempts: Mixed polarities detected in scan data,2026-07-07T22:46:57.140000,,,,
20180918_KBL_TM_Lakes_GEODES_All3_QE-HF_HILICZ-VF1_USHXG01161_NEG_MSMS_57_GEO-SP-40-F_1_Rg70to1050-CE102040-0-4-S1_Run208.mzML,/mnt/Volumes/LaCie/nmdc_data/mcmahon_11_fkbnah04/raw/20180918_KBL_TM_Lakes_GEODES_All3_QE-HF_HILICZ-VF1_USHXG01161_NEG_MSMS_57_GEO-SP-40-F_1_Rg70to1050-CE102040-0-4-S1_Run208.mzML,177691478,.mzml,Error processing 20180918_KBL_TM_Lakes_GEODES_All3_QE-HF_HILICZ-VF1_USHXG01161_NEG_MSMS_57_GEO-SP-40-F_1_Rg70to1050-CE102040-0-4-S1_Run208.mzML after 1 attempts: Mixed polarities detected in scan data,2026-07-07T22:46:57.140000,,,,
20180918_KBL_TM_Lakes_GEODES_All3_QE-HF_HILICZ-VF1_USHXG01161_POS_MSMS_18_GEO-SP-28-UF_1_Rg70to1050-CE102040-0-4-S1_Run74.mzML,/mnt/Volumes/LaCie/nmdc_data/mcmahon_11_fkbnah04/raw/20180918_KBL_TM_Lakes_GEODES_All3_QE-HF_HILICZ-VF1_USHXG01161_POS_MSMS_18_GEO-SP-28-UF_1_Rg70to1050-CE102040-0-4-S1_Run74.mzML,175307815,.mzml,Error processing 20180918_KBL_TM_Lakes_GEODES_All3_QE-HF_HILICZ-VF1_USHXG01161_POS_MSMS_18_GEO-SP-28-UF_1_Rg70to1050-CE102040-0-4-S1_Run74.mzML after 1 attempts: Mixed polarities detected in scan data,2026-07-07T22:47:26.240000,,,,
20180918_KBL_TM_Lakes_GEODES_All3_QE-HF_HILICZ-VF1_USHXG01161_POS_MSMS_18_GEO-SP-28-UF_1_Rg70to1050-CE102040-0-4-S1_Run74.mzML,/mnt/Volumes/LaCie/nmdc_data/mcmahon_11_fkbnah04/raw/20180918_KBL_TM_Lakes_GEODES_All3_QE-HF_HILICZ-VF1_USHXG01161_POS_MSMS_18_GEO-SP-28-UF_1_Rg70to1050-CE102040-0-4-S1_Run74.mzML,175307815,.mzml,Error processing 20180918_KBL_TM_Lakes_GEODES_All3_QE-HF_HILICZ-VF1_USHXG01161_POS_MSMS_18_GEO-SP-28-UF_1_Rg70to1050-CE102040-0-4-S1_Run74.mzML after 1 attempts: Mixed polarities detected in scan data,2026-07-07T22:47:26.240000,,,,
20180918_KBL_TM_Lakes_GEODES_All3_QE-HF_HILICZ-VF1_USHXG01161_POS_MSMS_18_GEO-SP-28-UF_1_Rg70to1050-CE102040-0-4-S1_Run74.mzML,/mnt/Volumes/LaCie/nmdc_data/mcmahon_11_fkbnah04/raw/20180918_KBL_TM_Lakes_GEODES_All3_QE-HF_HILICZ-VF1_USHXG01161_POS_MSMS_18_GEO-SP-28-UF_1_Rg70to1050-CE102040-0-4-S1_Run74.mzML,175307815,.mzml,Error processing 20180918_KBL_TM_Lakes_GEODES_All3_QE-HF_HILICZ-VF1_USHXG01161_POS_MSMS_18_GEO-SP-28-UF_1_Rg70to1050-CE102040-0-4-S1_Run74.mzML after 1 attempts: Mixed polarities detected in scan data,2026-07-07T22:47:26.240000,,,,
20180918_KBL_TM_Lakes_Mendota_DepthDate_QE-139_HILICZ-VF1_USHXG01161_POS_MSMS_12_ME-20170908-metabo-12_1_Rg70to1050-CE102040-14p5-S1_Run51.mzML,/mnt/Volumes/LaCie/nmdc_data/mcmahon_11_fkbnah04/raw/20180918_KBL_TM_Lakes_Mendota_DepthDate_QE-139_HILICZ-VF1_USHXG01161_POS_MSMS_12_ME-20170908-metabo-12_1_Rg70to1050-CE102040-14p5-S1_Run51.mzML,184211436,.mzml,Error processing 20180918_KBL_TM_Lakes_Mendota_DepthDate_QE-139_HILICZ-VF1_USHXG01161_POS_MSMS_12_ME-20170908-metabo-12_1_Rg70to1050-CE102040-14p5-S1_Run51.mzML after 1 attempts: Mixed polarities detected in scan data,2026-07-07T22:48:11.990000,,,,
20180918_KBL_TM_Lakes_Mendota_DepthDate_QE-139_HILICZ-VF1_USHXG01161_POS_MSMS_12_ME-20170908-metabo-12_1_Rg70to1050-CE102040-14p5-S1_Run51.mzML,/mnt/Volumes/LaCie/nmdc_data/mcmahon_11_fkbnah04/raw/20180918_KBL_TM_Lakes_Mendota_DepthDate_QE-139_HILICZ-VF1_USHXG01161_POS_MSMS_12_ME-20170908-metabo-12_1_Rg70to1050-CE102040-14p5-S1_Run51.mzML,184211436,.mzml,Error processing 20180918_KBL_TM_Lakes_Mendota_DepthDate_QE-139_HILICZ-VF1_USHXG01161_POS_MSMS_12_ME-20170908-metabo-12_1_Rg70to1050-CE102040-14p5-S1_Run51.mzML after 1 attempts: Mixed polarities detected in scan data,2026-07-07T22:48:11.990000,,,,
20180918_KBL_TM_Lakes_Mendota_DepthDate_QE-139_HILICZ-VF1_USHXG01161_POS_MSMS_12_ME-20170908-metabo-12_1_Rg70to1050-CE102040-14p5-S1_Run51.mzML,/mnt/Volumes/LaCie/nmdc_data/mcmahon_11_fkbnah04/raw/20180918_KBL_TM_Lakes_Mendota_DepthDate_QE-139_HILICZ-VF1_USHXG01161_POS_MSMS_12_ME-20170908-metabo-12_1_Rg70to1050-CE102040-14p5-S1_Run51.mzML,184211436,.mzml,Error processing 20180918_KBL_TM_Lakes_Mendota_DepthDate_QE-139_HILICZ-VF1_USHXG01161_POS_MSMS_12_ME-20170908-metabo-12_1_Rg70to1050-CE102040-14p5-S1_Run51.mzML after 1 attempts: Mixed polarities detected in scan data,2026-07-07T22:48:11.990000,,,,
20181217_KBL_TM_Lakes_GEODES_All3_QE-HF_C18_USDAY46918_NEG_MSMS_55_GEO-SP-32-F_1_Rg80to1200-CE102040-0-4-S1_Run202.mzML,/mnt/Volumes/LaCie/nmdc_data/mcmahon_11_fkbnah04/raw/20181217_KBL_TM_Lakes_GEODES_All3_QE-HF_C18_USDAY46918_NEG_MSMS_55_GEO-SP-32-F_1_Rg80to1200-CE102040-0-4-S1_Run202.mzML,77833646,.mzml,Error processing 20181217_KBL_TM_Lakes_GEODES_All3_QE-HF_C18_USDAY46918_NEG_MSMS_55_GEO-SP-32-F_1_Rg80to1200-CE102040-0-4-S1_Run202.mzML after 1 attempts: Mixed polarities detected in scan data,2026-07-07T22:49:23.850000,,,,
20181217_KBL_TM_Lakes_GEODES_All3_QE-HF_C18_USDAY46918_NEG_MSMS_55_GEO-SP-32-F_1_Rg80to1200-CE102040-0-4-S1_Run202.mzML,/mnt/Volumes/LaCie/nmdc_data/mcmahon_11_fkbnah04/raw/20181217_KBL_TM_Lakes_GEODES_All3_QE-HF_C18_USDAY46918_NEG_MSMS_55_GEO-SP-32-F_1_Rg80to1200-CE102040-0-4-S1_Run202.mzML,77833646,.mzml,Error processing 20181217_KBL_TM_Lakes_GEODES_All3_QE-HF_C18_USDAY46918_NEG_MSMS_55_GEO-SP-32-F_1_Rg80to1200-CE102040-0-4-S1_Run202.mzML after 1 attempts: Mixed polarities detected in scan data,2026-07-07T22:49:23.850000,,,,
20181217_KBL_TM_Lakes_GEODES_All3_QE-HF_C18_USDAY46918_NEG_MSMS_55_GEO-SP-32-F_1_Rg80to1200-CE102040-0-4-S1_Run202.mzML,/mnt/Volumes/LaCie/nmdc_data/mcmahon_11_fkbnah04/raw/20181217_KBL_TM_Lakes_GEODES_All3_QE-HF_C18_USDAY46918_NEG_MSMS_55_GEO-SP-32-F_1_Rg80to1200-CE102040-0-4-S1_Run202.mzML,77833646,.mzml,Error processing 20181217_KBL_TM_Lakes_GEODES_All3_QE-HF_C18_USDAY46918_NEG_MSMS_55_GEO-SP-32-F_1_Rg80to1200-CE102040-0-4-S1_Run202.mzML after 1 attempts: Mixed polarities detected in scan data,2026-07-07T22:49:23.850000,,,,
20180918_KBL_TM_Lakes_GEODES_All3_QE-HF_HILICZ-VF1_USHXG01161_NEG_MSMS_24_GEO-SP-8-UF_1_Rg70to1050-CE102040-0-4-S1_Run93.mzML,/mnt/Volumes/LaCie/nmdc_data/mcmahon_11_fkbnah04/raw/20180918_KBL_TM_Lakes_GEODES_All3_QE-HF_HILICZ-VF1_USHXG01161_NEG_MSMS_24_GEO-SP-8-UF_1_Rg70to1050-CE102040-0-4-S1_Run93.mzML,178895769,.mzml,Error processing 20180918_KBL_TM_Lakes_GEODES_All3_QE-HF_HILICZ-VF1_USHXG01161_NEG_MSMS_24_GEO-SP-8-UF_1_Rg70to1050-CE102040-0-4-S1_Run93.mzML after 1 attempts: Mixed polarities detected in scan data,2026-07-07T22:48:36.530000,,,,
20180918_KBL_TM_Lakes_GEODES_All3_QE-HF_HILICZ-VF1_USHXG01161_NEG_MSMS_24_GEO-SP-8-UF_1_Rg70to1050-CE102040-0-4-S1_Run93.mzML,/mnt/Volumes/LaCie/nmdc_data/mcmahon_11_fkbnah04/raw/20180918_KBL_TM_Lakes_GEODES_All3_QE-HF_HILICZ-VF1_USHXG01161_NEG_MSMS_24_GEO-SP-8-UF_1_Rg70to1050-CE102040-0-4-S1_Run93.mzML,178895769,.mzml,Error processing 20180918_KBL_TM_Lakes_GEODES_All3_QE-HF_HILICZ-VF1_USHXG01161_NEG_MSMS_24_GEO-SP-8-UF_1_Rg70to1050-CE102040-0-4-S1_Run93.mzML after 1 attempts: Mixed polarities detected in scan data,2026-07-07T22:48:36.530000,,,,
20180918_KBL_TM_Lakes_GEODES_All3_QE-HF_HILICZ-VF1_USHXG01161_NEG_MSMS_24_GEO-SP-8-UF_1_Rg70to1050-CE102040-0-4-S1_Run93.mzML,/mnt/Volumes/LaCie/nmdc_data/mcmahon_11_fkbnah04/raw/20180918_KBL_TM_Lakes_GEODES_All3_QE-HF_HILICZ-VF1_USHXG01161_NEG_MSMS_24_GEO-SP-8-UF_1_Rg70to1050-CE102040-0-4-S1_Run93.mzML,178895769,.mzml,Error processing 20180918_KBL_TM_Lakes_GEODES_All3_QE-HF_HILICZ-VF1_USHXG01161_NEG_MSMS_24_GEO-SP-8-UF_1_Rg70to1050-CE102040-0-4-S1_Run93.mzML after 1 attempts: Mixed polarities detected in scan data,2026-07-07T22:48:36.530000,,,,
20181217_KBL_TM_Lakes_GEODES_All3_QE-HF_C18_USDAY46918_POS_MSMS_11_GEO-ME-4-UF_1_Rg80to1200-CE102040-0-7-S1_Run48.mzML,/mnt/Volumes/LaCie/nmdc_data/mcmahon_11_fkbnah04/raw/20181217_KBL_TM_Lakes_GEODES_All3_QE-HF_C18_USDAY46918_POS_MSMS_11_GEO-ME-4-UF_1_Rg80to1200-CE102040-0-7-S1_Run48.mzML,105084501,.mzml,Error processing 20181217_KBL_TM_Lakes_GEODES_All3_QE-HF_C18_USDAY46918_POS_MSMS_11_GEO-ME-4-UF_1_Rg80to1200-CE102040-0-7-S1_Run48.mzML after 1 attempts: Mixed polarities detected in scan data,2026-07-07T22:50:34.920000,,,,
20181217_KBL_TM_Lakes_GEODES_All3_QE-HF_C18_USDAY46918_POS_MSMS_11_GEO-ME-4-UF_1_Rg80to1200-CE102040-0-7-S1_Run48.mzML,/mnt/Volumes/LaCie/nmdc_data/mcmahon_11_fkbnah04/raw/20181217_KBL_TM_Lakes_GEODES_All3_QE-HF_C18_USDAY46918_POS_MSMS_11_GEO-ME-4-UF_1_Rg80to1200-CE102040-0-7-S1_Run48.mzML,105084501,.mzml,Error processing 20181217_KBL_TM_Lakes_GEODES_All3_QE-HF_C18_USDAY46918_POS_MSMS_11_GEO-ME-4-UF_1_Rg80to1200-CE102040-0-7-S1_Run48.mzML after 1 attempts: Mixed polarities detected in scan data,2026-07-07T22:50:34.920000,,,,
20181217_KBL_TM_Lakes_GEODES_All3_QE-HF_C18_USDAY46918_POS_MSMS_11_GEO-ME-4-UF_1_Rg80to1200-CE102040-0-7-S1_Run48.mzML,/mnt/Volumes/LaCie/nmdc_data/mcmahon_11_fkbnah04/raw/20181217_KBL_TM_Lakes_GEODES_All3_QE-HF_C18_USDAY46918_POS_MSMS_11_GEO-ME-4-UF_1_Rg80to1200-CE102040-0-7-S1_Run48.mzML,105084501,.mzml,Error processing 20181217_KBL_TM_Lakes_GEODES_All3_QE-HF_C18_USDAY46918_POS_MSMS_11_GEO-ME-4-UF_1_Rg80to1200-CE102040-0-7-S1_Run48.mzML after 1 attempts: Mixed polarities detected in scan data,2026-07-07T22:50:34.920000,,,,
20181217_KBL_TM_Lakes_GEODES_All3_QE-HF_C18_USDAY46918_NEG_MSMS_24_GEO-SP-8-UF_1_Rg80to1200-CE102040-0-4-S1_Run93.mzML,/mnt/Volumes/LaCie/nmdc_data/mcmahon_11_fkbnah04/raw/20181217_KBL_TM_Lakes_GEODES_All3_QE-HF_C18_USDAY46918_NEG_MSMS_24_GEO-SP-8-UF_1_Rg80to1200-CE102040-0-4-S1_Run93.mzML,86030291,.mzml,Error processing 20181217_KBL_TM_Lakes_GEODES_All3_QE-HF_C18_USDAY46918_NEG_MSMS_24_GEO-SP-8-UF_1_Rg80to1200-CE102040-0-4-S1_Run93.mzML after 1 attempts: Mixed polarities detected in scan data,2026-07-07T22:51:13.520000,,,,
20181217_KBL_TM_Lakes_GEODES_All3_QE-HF_C18_USDAY46918_NEG_MSMS_24_GEO-SP-8-UF_1_Rg80to1200-CE102040-0-4-S1_Run93.mzML,/mnt/Volumes/LaCie/nmdc_data/mcmahon_11_fkbnah04/raw/20181217_KBL_TM_Lakes_GEODES_All3_QE-HF_C18_USDAY46918_NEG_MSMS_24_GEO-SP-8-UF_1_Rg80to1200-CE102040-0-4-S1_Run93.mzML,86030291,.mzml,Error processing 20181217_KBL_TM_Lakes_GEODES_All3_QE-HF_C18_USDAY46918_NEG_MSMS_24_GEO-SP-8-UF_1_Rg80to1200-CE102040-0-4-S1_Run93.mzML after 1 attempts: Mixed polarities detected in scan data,2026-07-07T22:51:13.520000,,,,
20181217_KBL_TM_Lakes_GEODES_All3_QE-HF_C18_USDAY46918_NEG_MSMS_24_GEO-SP-8-UF_1_Rg80to1200-CE102040-0-4-S1_Run93.mzML,/mnt/Volumes/LaCie/nmdc_data/mcmahon_11_fkbnah04/raw/20181217_KBL_TM_Lakes_GEODES_All3_QE-HF_C18_USDAY46918_NEG_MSMS_24_GEO-SP-8-UF_1_Rg80to1200-CE102040-0-4-S1_Run93.mzML,86030291,.mzml,Error processing 20181217_KBL_TM_Lakes_GEODES_All3_QE-HF_C18_USDAY46918_NEG_MSMS_24_GEO-SP-8-UF_1_Rg80to1200-CE102040-0-4-S1_Run93.mzML after 1 attempts: Mixed polarities detected in scan data,2026-07-07T22:51:13.520000,,,,
20180918_KBL_TM_Lakes_GEODES_All3_QE-HF_HILICZ-VF1_USHXG01161_POS_MSMS_36_GEO-TB-8-UF_1_Rg70to1050-CE102040-0-1-S1_Run136.mzML,/mnt/Volumes/LaCie/nmdc_data/mcmahon_11_fkbnah04/raw/20180918_KBL_TM_Lakes_GEODES_All3_QE-HF_HILICZ-VF1_USHXG01161_POS_MSMS_36_GEO-TB-8-UF_1_Rg70to1050-CE102040-0-1-S1_Run136.mzML,191536504,.mzml,Error processing 20180918_KBL_TM_Lakes_GEODES_All3_QE-HF_HILICZ-VF1_USHXG01161_POS_MSMS_36_GEO-TB-8-UF_1_Rg70to1050-CE102040-0-1-S1_Run136.mzML after 1 attempts: Mixed polarities detected in scan data,2026-07-07T22:50:23.260000,,,,
20180918_KBL_TM_Lakes_GEODES_All3_QE-HF_HILICZ-VF1_USHXG01161_POS_MSMS_36_GEO-TB-8-UF_1_Rg70to1050-CE102040-0-1-S1_Run136.mzML,/mnt/Volumes/LaCie/nmdc_data/mcmahon_11_fkbnah04/raw/20180918_KBL_TM_Lakes_GEODES_All3_QE-HF_HILICZ-VF1_USHXG01161_POS_MSMS_36_GEO-TB-8-UF_1_Rg70to1050-CE102040-0-1-S1_Run136.mzML,191536504,.mzml,Error processing 20180918_KBL_TM_Lakes_GEODES_All3_QE-HF_HILICZ-VF1_USHXG01161_POS_MSMS_36_GEO-TB-8-UF_1_Rg70to1050-CE102040-0-1-S1_Run136.mzML after 1 attempts: Mixed polarities detected in scan data,2026-07-07T22:50:23.260000,,,,
20180918_KBL_TM_Lakes_GEODES_All3_QE-HF_HILICZ-VF1_USHXG01161_POS_MSMS_36_GEO-TB-8-UF_1_Rg70to1050-CE102040-0-1-S1_Run136.mzML,/mnt/Volumes/LaCie/nmdc_data/mcmahon_11_fkbnah04/raw/20180918_KBL_TM_Lakes_GEODES_All3_QE-HF_HILICZ-VF1_USHXG01161_POS_MSMS_36_GEO-TB-8-UF_1_Rg70to1050-CE102040-0-1-S1_Run136.mzML,191536504,.mzml,Error processing 20180918_KBL_TM_Lakes_GEODES_All3_QE-HF_HILICZ-VF1_USHXG01161_POS_MSMS_36_GEO-TB-8-UF_1_Rg70to1050-CE102040-0-1-S1_Run136.mzML after 1 attempts: Mixed polarities detected in scan data,2026-07-07T22:50:23.260000,,,,
20180918_KBL_TM_Lakes_GEODES_All3_QE-HF_HILICZ-VF1_USHXG01161_POS_MSMS_56_GEO-SP-36-F_1_Rg70to1050-CE102040-0-4-S1_Run204.mzML,/mnt/Volumes/LaCie/nmdc_data/mcmahon_11_fkbnah04/raw/20180918_KBL_TM_Lakes_GEODES_All3_QE-HF_HILICZ-VF1_USHXG01161_POS_MSMS_56_GEO-SP-36-F_1_Rg70to1050-CE102040-0-4-S1_Run204.mzML,179096780,.mzml,Error processing 20180918_KBL_TM_Lakes_GEODES_All3_QE-HF_HILICZ-VF1_USHXG01161_POS_MSMS_56_GEO-SP-36-F_1_Rg70to1050-CE102040-0-4-S1_Run204.mzML after 1 attempts: Mixed polarities detected in scan data,2026-07-07T22:51:47.840000,,,,
20180918_KBL_TM_Lakes_GEODES_All3_QE-HF_HILICZ-VF1_USHXG01161_POS_MSMS_56_GEO-SP-36-F_1_Rg70to1050-CE102040-0-4-S1_Run204.mzML,/mnt/Volumes/LaCie/nmdc_data/mcmahon_11_fkbnah04/raw/20180918_KBL_TM_Lakes_GEODES_All3_QE-HF_HILICZ-VF1_USHXG01161_POS_MSMS_56_GEO-SP-36-F_1_Rg70to1050-CE102040-0-4-S1_Run204.mzML,179096780,.mzml,Error processing 20180918_KBL_TM_Lakes_GEODES_All3_QE-HF_HILICZ-VF1_USHXG01161_POS_MSMS_56_GEO-SP-36-F_1_Rg70to1050-CE102040-0-4-S1_Run204.mzML after 1 attempts: Mixed polarities detected in scan data,2026-07-07T22:51:47.840000,,,,
20180918_KBL_TM_Lakes_GEODES_All3_QE-HF_HILICZ-VF1_USHXG01161_POS_MSMS_56_GEO-SP-36-F_1_Rg70to1050-CE102040-0-4-S1_Run204.mzML,/mnt/Volumes/LaCie/nmdc_data/mcmahon_11_fkbnah04/raw/20180918_KBL_TM_Lakes_GEODES_All3_QE-HF_HILICZ-VF1_USHXG01161_POS_MSMS_56_GEO-SP-36-F_1_Rg70to1050-CE102040-0-4-S1_Run204.mzML,179096780,.mzml,Error processing 20180918_KBL_TM_Lakes_GEODES_All3_QE-HF_HILICZ-VF1_USHXG01161_POS_MSMS_56_GEO-SP-36-F_1_Rg70to1050-CE102040-0-4-S1_Run204.mzML after 1 attempts: Mixed polarities detected in scan data,2026-07-07T22:51:47.840000,,,,
20180918_KBL_TM_Lakes_GEODES_All3_QE-HF_HILICZ-VF1_USHXG01161_NEG_MSMS_54_GEO-SP-28-F_1_Rg70to1050-CE102040-0-4-S1_Run199.mzML,/mnt/Volumes/LaCie/nmdc_data/mcmahon_11_fkbnah04/raw/20180918_KBL_TM_Lakes_GEODES_All3_QE-HF_HILICZ-VF1_USHXG01161_NEG_MSMS_54_GEO-SP-28-F_1_Rg70to1050-CE102040-0-4-S1_Run199.mzML,180340274,.mzml,Error processing 20180918_KBL_TM_Lakes_GEODES_All3_QE-HF_HILICZ-VF1_USHXG01161_NEG_MSMS_54_GEO-SP-28-F_1_Rg70to1050-CE102040-0-4-S1_Run199.mzML after 1 attempts: Mixed polarities detected in scan data,2026-07-07T22:52:03.370000,,,,
20180918_KBL_TM_Lakes_GEODES_All3_QE-HF_HILICZ-VF1_USHXG01161_NEG_MSMS_54_GEO-SP-28-F_1_Rg70to1050-CE102040-0-4-S1_Run199.mzML,/mnt/Volumes/LaCie/nmdc_data/mcmahon_11_fkbnah04/raw/20180918_KBL_TM_Lakes_GEODES_All3_QE-HF_HILICZ-VF1_USHXG01161_NEG_MSMS_54_GEO-SP-28-F_1_Rg70to1050-CE102040-0-4-S1_Run199.mzML,180340274,.mzml,Error processing 20180918_KBL_TM_Lakes_GEODES_All3_QE-HF_HILICZ-VF1_USHXG01161_NEG_MSMS_54_GEO-SP-28-F_1_Rg70to1050-CE102040-0-4-S1_Run199.mzML after 1 attempts: Mixed polarities detected in scan data,2026-07-07T22:52:03.370000,,,,
20180918_KBL_TM_Lakes_GEODES_All3_QE-HF_HILICZ-VF1_USHXG01161_NEG_MSMS_54_GEO-SP-28-F_1_Rg70to1050-CE102040-0-4-S1_Run199.mzML,/mnt/Volumes/LaCie/nmdc_data/mcmahon_11_fkbnah04/raw/20180918_KBL_TM_Lakes_GEODES_All3_QE-HF_HILICZ-VF1_USHXG01161_NEG_MSMS_54_GEO-SP-28-F_1_Rg70to1050-CE102040-0-4-S1_Run199.mzML,180340274,.mzml,Error processing 20180918_KBL_TM_Lakes_GEODES_All3_QE-HF_HILICZ-VF1_USHXG01161_NEG_MSMS_54_GEO-SP-28-F_1_Rg70to1050-CE102040-0-4-S1_Run199.mzML after 1 attempts: Mixed polarities detected in scan data,2026-07-07T22:52:03.370000,,,,
20180918_KBL_TM_Lakes_GEODES_All3_QE-HF_HILICZ-VF1_USHXG01161_POS_MSMS_13_GEO-SP-0-UF_1_Rg70to1050-CE102040-0-4-S1_Run54.mzML,/mnt/Volumes/LaCie/nmdc_data/mcmahon_11_fkbnah04/raw/20180918_KBL_TM_Lakes_GEODES_All3_QE-HF_HILICZ-VF1_USHXG01161_POS_MSMS_13_GEO-SP-0-UF_1_Rg70to1050-CE102040-0-4-S1_Run54.mzML,171643051,.mzml,Error processing 20180918_KBL_TM_Lakes_GEODES_All3_QE-HF_HILICZ-VF1_USHXG01161_POS_MSMS_13_GEO-SP-0-UF_1_Rg70to1050-CE102040-0-4-S1_Run54.mzML after 1 attempts: Mixed polarities detected in scan data,2026-07-07T22:52:17.030000,,,,
20180918_KBL_TM_Lakes_GEODES_All3_QE-HF_HILICZ-VF1_USHXG01161_POS_MSMS_13_GEO-SP-0-UF_1_Rg70to1050-CE102040-0-4-S1_Run54.mzML,/mnt/Volumes/LaCie/nmdc_data/mcmahon_11_fkbnah04/raw/20180918_KBL_TM_Lakes_GEODES_All3_QE-HF_HILICZ-VF1_USHXG01161_POS_MSMS_13_GEO-SP-0-UF_1_Rg70to1050-CE102040-0-4-S1_Run54.mzML,171643051,.mzml,Error processing 20180918_KBL_TM_Lakes_GEODES_All3_QE-HF_HILICZ-VF1_USHXG01161_POS_MSMS_13_GEO-SP-0-UF_1_Rg70to1050-CE102040-0-4-S1_Run54.mzML after 1 attempts: Mixed polarities detected in scan data,2026-07-07T22:52:17.030000,,,,
20180918_KBL_TM_Lakes_GEODES_All3_QE-HF_HILICZ-VF1_USHXG01161_POS_MSMS_13_GEO-SP-0-UF_1_Rg70to1050-CE102040-0-4-S1_Run54.mzML,/mnt/Volumes/LaCie/nmdc_data/mcmahon_11_fkbnah04/raw/20180918_KBL_TM_Lakes_GEODES_All3_QE-HF_HILICZ-VF1_USHXG01161_POS_MSMS_13_GEO-SP-0-UF_1_Rg70to1050-CE102040-0-4-S1_Run54.mzML,171643051,.mzml,Error processing 20180918_KBL_TM_Lakes_GEODES_All3_QE-HF_HILICZ-VF1_USHXG01161_POS_MSMS_13_GEO-SP-0-UF_1_Rg70to1050-CE102040-0-4-S1_Run54.mzML after 1 attempts: Mixed polarities detected in scan data,2026-07-07T22:52:17.030000,,,,
20181217_KBL_TM_Lakes_Mendota_DepthDate_QE-HF_C18_USDAY46918_NEG_MSMS_28_ME-20171019-metabo-28_1_Rg80to1200-CE102040-18p2-S1_Run108.mzML,/mnt/Volumes/LaCie/nmdc_data/mcmahon_11_fkbnah04/raw/20181217_KBL_TM_Lakes_Mendota_DepthDate_QE-HF_C18_USDAY46918_NEG_MSMS_28_ME-20171019-metabo-28_1_Rg80to1200-CE102040-18p2-S1_Run108.mzML,73558086,.mzml,Error processing 20181217_KBL_TM_Lakes_Mendota_DepthDate_QE-HF_C18_USDAY46918_NEG_MSMS_28_ME-20171019-metabo-28_1_Rg80to1200-CE102040-18p2-S1_Run108.mzML after 1 attempts: Mixed polarities detected in scan data,2026-07-07T22:52:41.620000,,,,
20181217_KBL_TM_Lakes_Mendota_DepthDate_QE-HF_C18_USDAY46918_NEG_MSMS_28_ME-20171019-metabo-28_1_Rg80to1200-CE102040-18p2-S1_Run108.mzML,/mnt/Volumes/LaCie/nmdc_data/mcmahon_11_fkbnah04/raw/20181217_KBL_TM_Lakes_Mendota_DepthDate_QE-HF_C18_USDAY46918_NEG_MSMS_28_ME-20171019-metabo-28_1_Rg80to1200-CE102040-18p2-S1_Run108.mzML,73558086,.mzml,Error processing 20181217_KBL_TM_Lakes_Mendota_DepthDate_QE-HF_C18_USDAY46918_NEG_MSMS_28_ME-20171019-metabo-28_1_Rg80to1200-CE102040-18p2-S1_Run108.mzML after 1 attempts: Mixed polarities detected in scan data,2026-07-07T22:52:41.620000,,,,
20181217_KBL_TM_Lakes_Mendota_DepthDate_QE-HF_C18_USDAY46918_NEG_MSMS_28_ME-20171019-metabo-28_1_Rg80to1200-CE102040-18p2-S1_Run108.mzML,/mnt/Volumes/LaCie/nmdc_data/mcmahon_11_fkbnah04/raw/20181217_KBL_TM_Lakes_Mendota_DepthDate_QE-HF_C18_USDAY46918_NEG_MSMS_28_ME-20171019-metabo-28_1_Rg80to1200-CE102040-18p2-S1_Run108.mzML,73558086,.mzml,Error processing 20181217_KBL_TM_Lakes_Mendota_DepthDate_QE-HF_C18_USDAY46918_NEG_MSMS_28_ME-20171019-metabo-28_1_Rg80to1200-CE102040-18p2-S1_Run108.mzML after 1 attempts: Mixed polarities detected in scan data,2026-07-07T22:52:41.620000,,,,
20180918_KBL_TM_Lakes_GEODES_All3_QE-HF_HILICZ-VF1_USHXG01161_NEG_MSMS_8_GEO-ME-36-UF_1_Rg70to1050-CE102040-0-7-S1_Run40.mzML,/mnt/Volumes/LaCie/nmdc_data/mcmahon_11_fkbnah04/raw/20180918_KBL_TM_Lakes_GEODES_All3_QE-HF_HILICZ-VF1_USHXG01161_NEG_MSMS_8_GEO-ME-36-UF_1_Rg70to1050-CE102040-0-7-S1_Run40.mzML,169771655,.mzml,Error processing 20180918_KBL_TM_Lakes_GEODES_All3_QE-HF_HILICZ-VF1_USHXG01161_NEG_MSMS_8_GEO-ME-36-UF_1_Rg70to1050-CE102040-0-7-S1_Run40.mzML after 1 attempts: Mixed polarities detected in scan data,2026-07-07T22:52:30.230000,,,,
20180918_KBL_TM_Lakes_GEODES_All3_QE-HF_HILICZ-VF1_USHXG01161_NEG_MSMS_8_GEO-ME-36-UF_1_Rg70to1050-CE102040-0-7-S1_Run40.mzML,/mnt/Volumes/LaCie/nmdc_data/mcmahon_11_fkbnah04/raw/20180918_KBL_TM_Lakes_GEODES_All3_QE-HF_HILICZ-VF1_USHXG01161_NEG_MSMS_8_GEO-ME-36-UF_1_Rg70to1050-CE102040-0-7-S1_Run40.mzML,169771655,.mzml,Error processing 20180918_KBL_TM_Lakes_GEODES_All3_QE-HF_HILICZ-VF1_USHXG01161_NEG_MSMS_8_GEO-ME-36-UF_1_Rg70to1050-CE102040-0-7-S1_Run40.mzML after 1 attempts: Mixed polarities detected in scan data,2026-07-07T22:52:30.230000,,,,
20180918_KBL_TM_Lakes_GEODES_All3_QE-HF_HILICZ-VF1_USHXG01161_NEG_MSMS_8_GEO-ME-36-UF_1_Rg70to1050-CE102040-0-7-S1_Run40.mzML,/mnt/Volumes/LaCie/nmdc_data/mcmahon_11_fkbnah04/raw/20180918_KBL_TM_Lakes_GEODES_All3_QE-HF_HILICZ-VF1_USHXG01161_NEG_MSMS_8_GEO-ME-36-UF_1_Rg70to1050-CE102040-0-7-S1_Run40.mzML,169771655,.mzml,Error processing 20180918_KBL_TM_Lakes_GEODES_All3_QE-HF_HILICZ-VF1_USHXG01161_NEG_MSMS_8_GEO-ME-36-UF_1_Rg70to1050-CE102040-0-7-S1_Run40.mzML after 1 attempts: Mixed polarities detected in scan data,2026-07-07T22:52:30.230000,,,,
20181217_KBL_TM_Lakes_GEODES_All3_QE-HF_C18_USDAY46918_POS_MSMS_40_GEO-ME-20-F_1_Rg80to1200-CE102040-0-7-S1_Run148.mzML,/mnt/Volumes/LaCie/nmdc_data/mcmahon_11_fkbnah04/raw/20181217_KBL_TM_Lakes_GEODES_All3_QE-HF_C18_USDAY46918_POS_MSMS_40_GEO-ME-20-F_1_Rg80to1200-CE102040-0-7-S1_Run148.mzML,100406679,.mzml,Error processing 20181217_KBL_TM_Lakes_GEODES_All3_QE-HF_C18_USDAY46918_POS_MSMS_40_GEO-ME-20-F_1_Rg80to1200-CE102040-0-7-S1_Run148.mzML after 1 attempts: Mixed polarities detected in scan data,2026-07-07T22:53:33.260000,,,,
20181217_KBL_TM_Lakes_GEODES_All3_QE-HF_C18_USDAY46918_POS_MSMS_40_GEO-ME-20-F_1_Rg80to1200-CE102040-0-7-S1_Run148.mzML,/mnt/Volumes/LaCie/nmdc_data/mcmahon_11_fkbnah04/raw/20181217_KBL_TM_Lakes_GEODES_All3_QE-HF_C18_USDAY46918_POS_MSMS_40_GEO-ME-20-F_1_Rg80to1200-CE102040-0-7-S1_Run148.mzML,100406679,.mzml,Error processing 20181217_KBL_TM_Lakes_GEODES_All3_QE-HF_C18_USDAY46918_POS_MSMS_40_GEO-ME-20-F_1_Rg80to1200-CE102040-0-7-S1_Run148.mzML after 1 attempts: Mixed polarities detected in scan data,2026-07-07T22:53:33.260000,,,,
20181217_KBL_TM_Lakes_GEODES_All3_QE-HF_C18_USDAY46918_POS_MSMS_40_GEO-ME-20-F_1_Rg80to1200-CE102040-0-7-S1_Run148.mzML,/mnt/Volumes/LaCie/nmdc_data/mcmahon_11_fkbnah04/raw/20181217_KBL_TM_Lakes_GEODES_All3_QE-HF_C18_USDAY46918_POS_MSMS_40_GEO-ME-20-F_1_Rg80to1200-CE102040-0-7-S1_Run148.mzML,100406679,.mzml,Error processing 20181217_KBL_TM_Lakes_GEODES_All3_QE-HF_C18_USDAY46918_POS_MSMS_40_GEO-ME-20-F_1_Rg80to1200-CE102040-0-7-S1_Run148.mzML after 1 attempts: Mixed polarities detected in scan data,2026-07-07T22:53:33.260000,,,,
20180918_KBL_TM_Lakes_Mendota_DepthDate_QE-139_HILICZ-VF1_USHXG01161_POS_MSMS_16_ME-20170908-metabo-16_1_Rg70to1050-CE102040-0p1-S1_Run63.mzML,/mnt/Volumes/LaCie/nmdc_data/mcmahon_11_fkbnah04/raw/20180918_KBL_TM_Lakes_Mendota_DepthDate_QE-139_HILICZ-VF1_USHXG01161_POS_MSMS_16_ME-20170908-metabo-16_1_Rg70to1050-CE102040-0p1-S1_Run63.mzML,182514052,.mzml,Error processing 20180918_KBL_TM_Lakes_Mendota_DepthDate_QE-139_HILICZ-VF1_USHXG01161_POS_MSMS_16_ME-20170908-metabo-16_1_Rg70to1050-CE102040-0p1-S1_Run63.mzML after 1 attempts: Mixed polarities detected in scan data,2026-07-07T22:53:10.490000,,,,
20180918_KBL_TM_Lakes_Mendota_DepthDate_QE-139_HILICZ-VF1_USHXG01161_POS_MSMS_16_ME-20170908-metabo-16_1_Rg70to1050-CE102040-0p1-S1_Run63.mzML,/mnt/Volumes/LaCie/nmdc_data/mcmahon_11_fkbnah04/raw/20180918_KBL_TM_Lakes_Mendota_DepthDate_QE-139_HILICZ-VF1_USHXG01161_POS_MSMS_16_ME-20170908-metabo-16_1_Rg70to1050-CE102040-0p1-S1_Run63.mzML,182514052,.mzml,Error processing 20180918_KBL_TM_Lakes_Mendota_DepthDate_QE-139_HILICZ-VF1_USHXG01161_POS_MSMS_16_ME-20170908-metabo-16_1_Rg70to1050-CE102040-0p1-S1_Run63.mzML after 1 attempts: Mixed polarities detected in scan data,2026-07-07T22:53:10.490000,,,,
20180918_KBL_TM_Lakes_Mendota_DepthDate_QE-139_HILICZ-VF1_USHXG01161_POS_MSMS_16_ME-20170908-metabo-16_1_Rg70to1050-CE102040-0p1-S1_Run63.mzML,/mnt/Volumes/LaCie/nmdc_data/mcmahon_11_fkbnah04/raw/20180918_KBL_TM_Lakes_Mendota_DepthDate_QE-139_HILICZ-VF1_USHXG01161_POS_MSMS_16_ME-20170908-metabo-16_1_Rg70to1050-CE102040-0p1-S1_Run63.mzML,182514052,.mzml,Error processing 20180918_KBL_TM_Lakes_Mendota_DepthDate_QE-139_HILICZ-VF1_USHXG01161_POS_MSMS_16_ME-20170908-metabo-16_1_Rg70to1050-CE102040-0p1-S1_Run63.mzML after 1 attempts: Mixed polarities detected in scan data,2026-07-07T22:53:10.490000,,,,
20180918_KBL_TM_Lakes_GEODES_All3_QE-HF_HILICZ-VF1_USHXG01161_POS_MSMS_54_GEO-SP-28-F_1_Rg70to1050-CE102040-0-4-S1_Run198.mzML,/mnt/Volumes/LaCie/nmdc_data/mcmahon_11_fkbnah04/raw/20180918_KBL_TM_Lakes_GEODES_All3_QE-HF_HILICZ-VF1_USHXG01161_POS_MSMS_54_GEO-SP-28-F_1_Rg70to1050-CE102040-0-4-S1_Run198.mzML,178155608,.mzml,Error processing 20180918_KBL_TM_Lakes_GEODES_All3_QE-HF_HILICZ-VF1_USHXG01161_POS_MSMS_54_GEO-SP-28-F_1_Rg70to1050-CE102040-0-4-S1_Run198.mzML after 1 attempts: Mixed polarities detected in scan data,2026-07-07T22:53:24.900000,,,,
20180918_KBL_TM_Lakes_GEODES_All3_QE-HF_HILICZ-VF1_USHXG01161_POS_MSMS_54_GEO-SP-28-F_1_Rg70to1050-CE102040-0-4-S1_Run198.mzML,/mnt/Volumes/LaCie/nmdc_data/mcmahon_11_fkbnah04/raw/20180918_KBL_TM_Lakes_GEODES_All3_QE-HF_HILICZ-VF1_USHXG01161_POS_MSMS_54_GEO-SP-28-F_1_Rg70to1050-CE102040-0-4-S1_Run198.mzML,178155608,.mzml,Error processing 20180918_KBL_TM_Lakes_GEODES_All3_QE-HF_HILICZ-VF1_USHXG01161_POS_MSMS_54_GEO-SP-28-F_1_Rg70to1050-CE102040-0-4-S1_Run198.mzML after 1 attempts: Mixed polarities detected in scan data,2026-07-07T22:53:24.900000,,,,
20180918_KBL_TM_Lakes_GEODES_All3_QE-HF_HILICZ-VF1_USHXG01161_POS_MSMS_54_GEO-SP-28-F_1_Rg70to1050-CE102040-0-4-S1_Run198.mzML,/mnt/Volumes/LaCie/nmdc_data/mcmahon_11_fkbnah04/raw/20180918_KBL_TM_Lakes_GEODES_All3_QE-HF_HILICZ-VF1_USHXG01161_POS_MSMS_54_GEO-SP-28-F_1_Rg70to1050-CE102040-0-4-S1_Run198.mzML,178155608,.mzml,Error processing 20180918_KBL_TM_Lakes_GEODES_All3_QE-HF_HILICZ-VF1_USHXG01161_POS_MSMS_54_GEO-SP-28-F_1_Rg70to1050-CE102040-0-4-S1_Run198.mzML after 1 attempts: Mixed polarities detected in scan data,2026-07-07T22:53:24.900000,,,,
20180918_KBL_TM_Lakes_GEODES_All3_QE-HF_HILICZ-VF1_USHXG01161_POS_MSMS_55_GEO-SP-32-F_1_Rg70to1050-CE102040-0-4-S1_Run201.mzML,/mnt/Volumes/LaCie/nmdc_data/mcmahon_11_fkbnah04/raw/20180918_KBL_TM_Lakes_GEODES_All3_QE-HF_HILICZ-VF1_USHXG01161_POS_MSMS_55_GEO-SP-32-F_1_Rg70to1050-CE102040-0-4-S1_Run201.mzML,178149852,.mzml,Error processing 20180918_KBL_TM_Lakes_GEODES_All3_QE-HF_HILICZ-VF1_USHXG01161_POS_MSMS_55_GEO-SP-32-F_1_Rg70to1050-CE102040-0-4-S1_Run201.mzML after 1 attempts: Mixed polarities detected in scan data,2026-07-07T22:54:21.330000,,,,
20180918_KBL_TM_Lakes_GEODES_All3_QE-HF_HILICZ-VF1_USHXG01161_POS_MSMS_55_GEO-SP-32-F_1_Rg70to1050-CE102040-0-4-S1_Run201.mzML,/mnt/Volumes/LaCie/nmdc_data/mcmahon_11_fkbnah04/raw/20180918_KBL_TM_Lakes_GEODES_All3_QE-HF_HILICZ-VF1_USHXG01161_POS_MSMS_55_GEO-SP-32-F_1_Rg70to1050-CE102040-0-4-S1_Run201.mzML,178149852,.mzml,Error processing 20180918_KBL_TM_Lakes_GEODES_All3_QE-HF_HILICZ-VF1_USHXG01161_POS_MSMS_55_GEO-SP-32-F_1_Rg70to1050-CE102040-0-4-S1_Run201.mzML after 1 attempts: Mixed polarities detected in scan data,2026-07-07T22:54:21.330000,,,,
20180918_KBL_TM_Lakes_GEODES_All3_QE-HF_HILICZ-VF1_USHXG01161_POS_MSMS_55_GEO-SP-32-F_1_Rg70to1050-CE102040-0-4-S1_Run201.mzML,/mnt/Volumes/LaCie/nmdc_data/mcmahon_11_fkbnah04/raw/20180918_KBL_TM_Lakes_GEODES_All3_QE-HF_HILICZ-VF1_USHXG01161_POS_MSMS_55_GEO-SP-32-F_1_Rg70to1050-CE102040-0-4-S1_Run201.mzML,178149852,.mzml,Error processing 20180918_KBL_TM_Lakes_GEODES_All3_QE-HF_HILICZ-VF1_USHXG01161_POS_MSMS_55_GEO-SP-32-F_1_Rg70to1050-CE102040-0-4-S1_Run201.mzML after 1 attempts: Mixed polarities detected in scan data,2026-07-07T22:54:21.330000,,,,
20181217_KBL_TM_Lakes_GEODES_All3_QE-HF_C18_USDAY46918_POS_MSMS_8_GEO-ME-36-UF_1_Rg80to1200-CE102040-0-7-S1_Run39.mzML,/mnt/Volumes/LaCie/nmdc_data/mcmahon_11_fkbnah04/raw/20181217_KBL_TM_Lakes_GEODES_All3_QE-HF_C18_USDAY46918_POS_MSMS_8_GEO-ME-36-UF_1_Rg80to1200-CE102040-0-7-S1_Run39.mzML,105670870,.mzml,Error processing 20181217_KBL_TM_Lakes_GEODES_All3_QE-HF_C18_USDAY46918_POS_MSMS_8_GEO-ME-36-UF_1_Rg80to1200-CE102040-0-7-S1_Run39.mzML after 1 attempts: Mixed polarities detected in scan data,2026-07-07T22:54:53.060000,,,,
20181217_KBL_TM_Lakes_GEODES_All3_QE-HF_C18_USDAY46918_POS_MSMS_8_GEO-ME-36-UF_1_Rg80to1200-CE102040-0-7-S1_Run39.mzML,/mnt/Volumes/LaCie/nmdc_data/mcmahon_11_fkbnah04/raw/20181217_KBL_TM_Lakes_GEODES_All3_QE-HF_C18_USDAY46918_POS_MSMS_8_GEO-ME-36-UF_1_Rg80to1200-CE102040-0-7-S1_Run39.mzML,105670870,.mzml,Error processing 20181217_KBL_TM_Lakes_GEODES_All3_QE-HF_C18_USDAY46918_POS_MSMS_8_GEO-ME-36-UF_1_Rg80to1200-CE102040-0-7-S1_Run39.mzML after 1 attempts: Mixed polarities detected in scan data,2026-07-07T22:54:53.060000,,,,
20181217_KBL_TM_Lakes_GEODES_All3_QE-HF_C18_USDAY46918_POS_MSMS_8_GEO-ME-36-UF_1_Rg80to1200-CE102040-0-7-S1_Run39.mzML,/mnt/Volumes/LaCie/nmdc_data/mcmahon_11_fkbnah04/raw/20181217_KBL_TM_Lakes_GEODES_All3_QE-HF_C18_USDAY46918_POS_MSMS_8_GEO-ME-36-UF_1_Rg80to1200-CE102040-0-7-S1_Run39.mzML,105670870,.mzml,Error processing 20181217_KBL_TM_Lakes_GEODES_All3_QE-HF_C18_USDAY46918_POS_MSMS_8_GEO-ME-36-UF_1_Rg80to1200-CE102040-0-7-S1_Run39.mzML after 1 attempts: Mixed polarities detected in scan data,2026-07-07T22:54:53.060000,,,,
20181217_KBL_TM_Lakes_GEODES_All3_QE-HF_C18_USDAY46918_NEG_MSMS_30_GEO-TB-28-UF_1_Rg80to1200-CE102040-0-1-S1_Run114.mzML,/mnt/Volumes/LaCie/nmdc_data/mcmahon_11_fkbnah04/raw/20181217_KBL_TM_Lakes_GEODES_All3_QE-HF_C18_USDAY46918_NEG_MSMS_30_GEO-TB-28-UF_1_Rg80to1200-CE102040-0-1-S1_Run114.mzML,90195818,.mzml,Error processing 20181217_KBL_TM_Lakes_GEODES_All3_QE-HF_C18_USDAY46918_NEG_MSMS_30_GEO-TB-28-UF_1_Rg80to1200-CE102040-0-1-S1_Run114.mzML after 1 attempts: Mixed polarities detected in scan data,2026-07-07T22:55:00.240000,,,,
20181217_KBL_TM_Lakes_GEODES_All3_QE-HF_C18_USDAY46918_NEG_MSMS_30_GEO-TB-28-UF_1_Rg80to1200-CE102040-0-1-S1_Run114.mzML,/mnt/Volumes/LaCie/nmdc_data/mcmahon_11_fkbnah04/raw/20181217_KBL_TM_Lakes_GEODES_All3_QE-HF_C18_USDAY46918_NEG_MSMS_30_GEO-TB-28-UF_1_Rg80to1200-CE102040-0-1-S1_Run114.mzML,90195818,.mzml,Error processing 20181217_KBL_TM_Lakes_GEODES_All3_QE-HF_C18_USDAY46918_NEG_MSMS_30_GEO-TB-28-UF_1_Rg80to1200-CE102040-0-1-S1_Run114.mzML after 1 attempts: Mixed polarities detected in scan data,2026-07-07T22:55:00.240000,,,,
20181217_KBL_TM_Lakes_GEODES_All3_QE-HF_C18_USDAY46918_NEG_MSMS_30_GEO-TB-28-UF_1_Rg80to1200-CE102040-0-1-S1_Run114.mzML,/mnt/Volumes/LaCie/nmdc_data/mcmahon_11_fkbnah04/raw/20181217_KBL_TM_Lakes_GEODES_All3_QE-HF_C18_USDAY46918_NEG_MSMS_30_GEO-TB-28-UF_1_Rg80to1200-CE102040-0-1-S1_Run114.mzML,90195818,.mzml,Error processing 20181217_KBL_TM_Lakes_GEODES_All3_QE-HF_C18_USDAY46918_NEG_MSMS_30_GEO-TB-28-UF_1_Rg80to1200-CE102040-0-1-S1_Run114.mzML after 1 attempts: Mixed polarities detected in scan data,2026-07-07T22:55:00.240000,,,,
20181217_KBL_TM_Lakes_GEODES_All3_QE-HF_C18_USDAY46918_NEG_MSMS_11_GEO-ME-4-UF_1_Rg80to1200-CE102040-0-7-S1_Run49.mzML,/mnt/Volumes/LaCie/nmdc_data/mcmahon_11_fkbnah04/raw/20181217_KBL_TM_Lakes_GEODES_All3_QE-HF_C18_USDAY46918_NEG_MSMS_11_GEO-ME-4-UF_1_Rg80to1200-CE102040-0-7-S1_Run49.mzML,85373770,.mzml,Error processing 20181217_KBL_TM_Lakes_GEODES_All3_QE-HF_C18_USDAY46918_NEG_MSMS_11_GEO-ME-4-UF_1_Rg80to1200-CE102040-0-7-S1_Run49.mzML after 1 attempts: Mixed polarities detected in scan data,2026-07-07T22:55:27.320000,,,,
20181217_KBL_TM_Lakes_GEODES_All3_QE-HF_C18_USDAY46918_NEG_MSMS_11_GEO-ME-4-UF_1_Rg80to1200-CE102040-0-7-S1_Run49.mzML,/mnt/Volumes/LaCie/nmdc_data/mcmahon_11_fkbnah04/raw/20181217_KBL_TM_Lakes_GEODES_All3_QE-HF_C18_USDAY46918_NEG_MSMS_11_GEO-ME-4-UF_1_Rg80to1200-CE102040-0-7-S1_Run49.mzML,85373770,.mzml,Error processing 20181217_KBL_TM_Lakes_GEODES_All3_QE-HF_C18_USDAY46918_NEG_MSMS_11_GEO-ME-4-UF_1_Rg80to1200-CE102040-0-7-S1_Run49.mzML after 1 attempts: Mixed polarities detected in scan data,2026-07-07T22:55:27.320000,,,,
20181217_KBL_TM_Lakes_GEODES_All3_QE-HF_C18_USDAY46918_NEG_MSMS_11_GEO-ME-4-UF_1_Rg80to1200-CE102040-0-7-S1_Run49.mzML,/mnt/Volumes/LaCie/nmdc_data/mcmahon_11_fkbnah04/raw/20181217_KBL_TM_Lakes_GEODES_All3_QE-HF_C18_USDAY46918_NEG_MSMS_11_GEO-ME-4-UF_1_Rg80to1200-CE102040-0-7-S1_Run49.mzML,85373770,.mzml,Error processing 20181217_KBL_TM_Lakes_GEODES_All3_QE-HF_C18_USDAY46918_NEG_MSMS_11_GEO-ME-4-UF_1_Rg80to1200-CE102040-0-7-S1_Run49.mzML after 1 attempts: Mixed polarities detected in scan data,2026-07-07T22:55:27.320000,,,,
20180918_KBL_TM_Lakes_GEODES_All3_QE-HF_HILICZ-VF1_USHXG01161_NEG_MSMS_61_GEO-TB-0-F_1_Rg70to1050-CE102040-0-1-S1_Run225.mzML,/mnt/Volumes/LaCie/nmdc_data/mcmahon_11_fkbnah04/raw/20180918_KBL_TM_Lakes_GEODES_All3_QE-HF_HILICZ-VF1_USHXG01161_NEG_MSMS_61_GEO-TB-0-F_1_Rg70to1050-CE102040-0-1-S1_Run225.mzML,197137877,.mzml,Error processing 20180918_KBL_TM_Lakes_GEODES_All3_QE-HF_HILICZ-VF1_USHXG01161_NEG_MSMS_61_GEO-TB-0-F_1_Rg70to1050-CE102040-0-1-S1_Run225.mzML after 1 attempts: Mixed polarities detected in scan data,2026-07-07T22:54:44.160000,,,,
20180918_KBL_TM_Lakes_GEODES_All3_QE-HF_HILICZ-VF1_USHXG01161_NEG_MSMS_61_GEO-TB-0-F_1_Rg70to1050-CE102040-0-1-S1_Run225.mzML,/mnt/Volumes/LaCie/nmdc_data/mcmahon_11_fkbnah04/raw/20180918_KBL_TM_Lakes_GEODES_All3_QE-HF_HILICZ-VF1_USHXG01161_NEG_MSMS_61_GEO-TB-0-F_1_Rg70to1050-CE102040-0-1-S1_Run225.mzML,197137877,.mzml,Error processing 20180918_KBL_TM_Lakes_GEODES_All3_QE-HF_HILICZ-VF1_USHXG01161_NEG_MSMS_61_GEO-TB-0-F_1_Rg70to1050-CE102040-0-1-S1_Run225.mzML after 1 attempts: Mixed polarities detected in scan data,2026-07-07T22:54:44.160000,,,,
20180918_KBL_TM_Lakes_GEODES_All3_QE-HF_HILICZ-VF1_USHXG01161_NEG_MSMS_61_GEO-TB-0-F_1_Rg70to1050-CE102040-0-1-S1_Run225.mzML,/mnt/Volumes/LaCie/nmdc_data/mcmahon_11_fkbnah04/raw/20180918_KBL_TM_Lakes_GEODES_All3_QE-HF_HILICZ-VF1_USHXG01161_NEG_MSMS_61_GEO-TB-0-F_1_Rg70to1050-CE102040-0-1-S1_Run225.mzML,197137877,.mzml,Error processing 20180918_KBL_TM_Lakes_GEODES_All3_QE-HF_HILICZ-VF1_USHXG01161_NEG_MSMS_61_GEO-TB-0-F_1_Rg70to1050-CE102040-0-1-S1_Run225.mzML after 1 attempts: Mixed polarities detected in scan data,2026-07-07T22:54:44.160000,,,,
20181217_KBL_TM_Lakes_GEODES_All3_QE-HF_C18_USDAY46918_POS_MSMS_55_GEO-SP-32-F_1_Rg80to1200-CE102040-0-4-S1_Run201.mzML,/mnt/Volumes/LaCie/nmdc_data/mcmahon_11_fkbnah04/raw/20181217_KBL_TM_Lakes_GEODES_All3_QE-HF_C18_USDAY46918_POS_MSMS_55_GEO-SP-32-F_1_Rg80to1200-CE102040-0-4-S1_Run201.mzML,98279013,.mzml,Error processing 20181217_KBL_TM_Lakes_GEODES_All3_QE-HF_C18_USDAY46918_POS_MSMS_55_GEO-SP-32-F_1_Rg80to1200-CE102040-0-4-S1_Run201.mzML after 1 attempts: Mixed polarities detected in scan data,2026-07-07T22:55:38.890000,,,,
20181217_KBL_TM_Lakes_GEODES_All3_QE-HF_C18_USDAY46918_POS_MSMS_55_GEO-SP-32-F_1_Rg80to1200-CE102040-0-4-S1_Run201.mzML,/mnt/Volumes/LaCie/nmdc_data/mcmahon_11_fkbnah04/raw/20181217_KBL_TM_Lakes_GEODES_All3_QE-HF_C18_USDAY46918_POS_MSMS_55_GEO-SP-32-F_1_Rg80to1200-CE102040-0-4-S1_Run201.mzML,98279013,.mzml,Error processing 20181217_KBL_TM_Lakes_GEODES_All3_QE-HF_C18_USDAY46918_POS_MSMS_55_GEO-SP-32-F_1_Rg80to1200-CE102040-0-4-S1_Run201.mzML after 1 attempts: Mixed polarities detected in scan data,2026-07-07T22:55:38.890000,,,,
20181217_KBL_TM_Lakes_GEODES_All3_QE-HF_C18_USDAY46918_POS_MSMS_55_GEO-SP-32-F_1_Rg80to1200-CE102040-0-4-S1_Run201.mzML,/mnt/Volumes/LaCie/nmdc_data/mcmahon_11_fkbnah04/raw/20181217_KBL_TM_Lakes_GEODES_All3_QE-HF_C18_USDAY46918_POS_MSMS_55_GEO-SP-32-F_1_Rg80to1200-CE102040-0-4-S1_Run201.mzML,98279013,.mzml,Error processing 20181217_KBL_TM_Lakes_GEODES_All3_QE-HF_C18_USDAY46918_POS_MSMS_55_GEO-SP-32-F_1_Rg80to1200-CE102040-0-4-S1_Run201.mzML after 1 attempts: Mixed polarities detected in scan data,2026-07-07T22:55:38.890000,,,,
20181217_KBL_TM_Lakes_GEODES_All3_QE-HF_C18_USDAY46918_POS_MSMS_72_GEO-TB-8-F_1_Rg80to1200-CE102040-0-1-S1_Run257.mzML,/mnt/Volumes/LaCie/nmdc_data/mcmahon_11_fkbnah04/raw/20181217_KBL_TM_Lakes_GEODES_All3_QE-HF_C18_USDAY46918_POS_MSMS_72_GEO-TB-8-F_1_Rg80to1200-CE102040-0-1-S1_Run257.mzML,99001705,.mzml,Error processing 20181217_KBL_TM_Lakes_GEODES_All3_QE-HF_C18_USDAY46918_POS_MSMS_72_GEO-TB-8-F_1_Rg80to1200-CE102040-0-1-S1_Run257.mzML after 1 attempts: Mixed polarities detected in scan data,2026-07-07T22:55:49.120000,,,,
20181217_KBL_TM_Lakes_GEODES_All3_QE-HF_C18_USDAY46918_POS_MSMS_72_GEO-TB-8-F_1_Rg80to1200-CE102040-0-1-S1_Run257.mzML,/mnt/Volumes/LaCie/nmdc_data/mcmahon_11_fkbnah04/raw/20181217_KBL_TM_Lakes_GEODES_All3_QE-HF_C18_USDAY46918_POS_MSMS_72_GEO-TB-8-F_1_Rg80to1200-CE102040-0-1-S1_Run257.mzML,99001705,.mzml,Error processing 20181217_KBL_TM_Lakes_GEODES_All3_QE-HF_C18_USDAY46918_POS_MSMS_72_GEO-TB-8-F_1_Rg80to1200-CE102040-0-1-S1_Run257.mzML after 1 attempts: Mixed polarities detected in scan data,2026-07-07T22:55:49.120000,,,,
20181217_KBL_TM_Lakes_GEODES_All3_QE-HF_C18_USDAY46918_POS_MSMS_72_GEO-TB-8-F_1_Rg80to1200-CE102040-0-1-S1_Run257.mzML,/mnt/Volumes/LaCie/nmdc_data/mcmahon_11_fkbnah04/raw/20181217_KBL_TM_Lakes_GEODES_All3_QE-HF_C18_USDAY46918_POS_MSMS_72_GEO-TB-8-F_1_Rg80to1200-CE102040-0-1-S1_Run257.mzML,99001705,.mzml,Error processing 20181217_KBL_TM_Lakes_GEODES_All3_QE-HF_C18_USDAY46918_POS_MSMS_72_GEO-TB-8-F_1_Rg80to1200-CE102040-0-1-S1_Run257.mzML after 1 attempts: Mixed polarities detected in scan data,2026-07-07T22:55:49.120000,,,,
20180918_KBL_TM_Lakes_GEODES_All3_QE-HF_HILICZ-VF1_USHXG01161_NEG_MSMS_58_GEO-SP-44-F_1_Rg70to1050-CE102040-0-4-S1_Run211.mzML,/mnt/Volumes/LaCie/nmdc_data/mcmahon_11_fkbnah04/raw/20180918_KBL_TM_Lakes_GEODES_All3_QE-HF_HILICZ-VF1_USHXG01161_NEG_MSMS_58_GEO-SP-44-F_1_Rg70to1050-CE102040-0-4-S1_Run211.mzML,178325817,.mzml,Error processing 20180918_KBL_TM_Lakes_GEODES_All3_QE-HF_HILICZ-VF1_USHXG01161_NEG_MSMS_58_GEO-SP-44-F_1_Rg70to1050-CE102040-0-4-S1_Run211.mzML after 1 attempts: Mixed polarities detected in scan data,2026-07-07T22:58:00.480000,,,,
20180918_KBL_TM_Lakes_GEODES_All3_QE-HF_HILICZ-VF1_USHXG01161_NEG_MSMS_58_GEO-SP-44-F_1_Rg70to1050-CE102040-0-4-S1_Run211.mzML,/mnt/Volumes/LaCie/nmdc_data/mcmahon_11_fkbnah04/raw/20180918_KBL_TM_Lakes_GEODES_All3_QE-HF_HILICZ-VF1_USHXG01161_NEG_MSMS_58_GEO-SP-44-F_1_Rg70to1050-CE102040-0-4-S1_Run211.mzML,178325817,.mzml,Error processing 20180918_KBL_TM_Lakes_GEODES_All3_QE-HF_HILICZ-VF1_USHXG01161_NEG_MSMS_58_GEO-SP-44-F_1_Rg70to1050-CE102040-0-4-S1_Run211.mzML after 1 attempts: Mixed polarities detected in scan data,2026-07-07T22:58:00.480000,,,,
20180918_KBL_TM_Lakes_GEODES_All3_QE-HF_HILICZ-VF1_USHXG01161_NEG_MSMS_58_GEO-SP-44-F_1_Rg70to1050-CE102040-0-4-S1_Run211.mzML,/mnt/Volumes/LaCie/nmdc_data/mcmahon_11_fkbnah04/raw/20180918_KBL_TM_Lakes_GEODES_All3_QE-HF_HILICZ-VF1_USHXG01161_NEG_MSMS_58_GEO-SP-44-F_1_Rg70to1050-CE102040-0-4-S1_Run211.mzML,178325817,.mzml,Error processing 20180918_KBL_TM_Lakes_GEODES_All3_QE-HF_HILICZ-VF1_USHXG01161_NEG_MSMS_58_GEO-SP-44-F_1_Rg70to1050-CE102040-0-4-S1_Run211.mzML after 1 attempts: Mixed polarities detected in scan data,2026-07-07T22:58:00.480000,,,,
20180918_KBL_TM_Lakes_GEODES_All3_QE-HF_HILICZ-VF1_USHXG01161_NEG_MSMS_23_GEO-SP-4-UF_1_Rg70to1050-CE102040-0-4-S1_Run90.mzML,/mnt/Volumes/LaCie/nmdc_data/mcmahon_11_fkbnah04/raw/20180918_KBL_TM_Lakes_GEODES_All3_QE-HF_HILICZ-VF1_USHXG01161_NEG_MSMS_23_GEO-SP-4-UF_1_Rg70to1050-CE102040-0-4-S1_Run90.mzML,177907175,.mzml,Error processing 20180918_KBL_TM_Lakes_GEODES_All3_QE-HF_HILICZ-VF1_USHXG01161_NEG_MSMS_23_GEO-SP-4-UF_1_Rg70to1050-CE102040-0-4-S1_Run90.mzML after 1 attempts: Mixed polarities detected in scan data,2026-07-07T22:57:12.260000,,,,
20180918_KBL_TM_Lakes_GEODES_All3_QE-HF_HILICZ-VF1_USHXG01161_NEG_MSMS_23_GEO-SP-4-UF_1_Rg70to1050-CE102040-0-4-S1_Run90.mzML,/mnt/Volumes/LaCie/nmdc_data/mcmahon_11_fkbnah04/raw/20180918_KBL_TM_Lakes_GEODES_All3_QE-HF_HILICZ-VF1_USHXG01161_NEG_MSMS_23_GEO-SP-4-UF_1_Rg70to1050-CE102040-0-4-S1_Run90.mzML,177907175,.mzml,Error processing 20180918_KBL_TM_Lakes_GEODES_All3_QE-HF_HILICZ-VF1_USHXG01161_NEG_MSMS_23_GEO-SP-4-UF_1_Rg70to1050-CE102040-0-4-S1_Run90.mzML after 1 attempts: Mixed polarities detected in scan data,2026-07-07T22:57:12.260000,,,,
20180918_KBL_TM_Lakes_GEODES_All3_QE-HF_HILICZ-VF1_USHXG01161_NEG_MSMS_23_GEO-SP-4-UF_1_Rg70to1050-CE102040-0-4-S1_Run90.mzML,/mnt/Volumes/LaCie/nmdc_data/mcmahon_11_fkbnah04/raw/20180918_KBL_TM_Lakes_GEODES_All3_QE-HF_HILICZ-VF1_USHXG01161_NEG_MSMS_23_GEO-SP-4-UF_1_Rg70to1050-CE102040-0-4-S1_Run90.mzML,177907175,.mzml,Error processing 20180918_KBL_TM_Lakes_GEODES_All3_QE-HF_HILICZ-VF1_USHXG01161_NEG_MSMS_23_GEO-SP-4-UF_1_Rg70to1050-CE102040-0-4-S1_Run90.mzML after 1 attempts: Mixed polarities detected in scan data,2026-07-07T22:57:12.260000,,,,
20180918_KBL_TM_Lakes_GEODES_All3_QE-HF_HILICZ-VF1_USHXG01161_NEG_MSMS_19_GEO-SP-32-UF_1_Rg70to1050-CE102040-0-4-S1_Run78.mzML,/mnt/Volumes/LaCie/nmdc_data/mcmahon_11_fkbnah04/raw/20180918_KBL_TM_Lakes_GEODES_All3_QE-HF_HILICZ-VF1_USHXG01161_NEG_MSMS_19_GEO-SP-32-UF_1_Rg70to1050-CE102040-0-4-S1_Run78.mzML,178759463,.mzml,Error processing 20180918_KBL_TM_Lakes_GEODES_All3_QE-HF_HILICZ-VF1_USHXG01161_NEG_MSMS_19_GEO-SP-32-UF_1_Rg70to1050-CE102040-0-4-S1_Run78.mzML after 1 attempts: Mixed polarities detected in scan data,2026-07-07T22:58:31.450000,,,,
20180918_KBL_TM_Lakes_GEODES_All3_QE-HF_HILICZ-VF1_USHXG01161_NEG_MSMS_19_GEO-SP-32-UF_1_Rg70to1050-CE102040-0-4-S1_Run78.mzML,/mnt/Volumes/LaCie/nmdc_data/mcmahon_11_fkbnah04/raw/20180918_KBL_TM_Lakes_GEODES_All3_QE-HF_HILICZ-VF1_USHXG01161_NEG_MSMS_19_GEO-SP-32-UF_1_Rg70to1050-CE102040-0-4-S1_Run78.mzML,178759463,.mzml,Error processing 20180918_KBL_TM_Lakes_GEODES_All3_QE-HF_HILICZ-VF1_USHXG01161_NEG_MSMS_19_GEO-SP-32-UF_1_Rg70to1050-CE102040-0-4-S1_Run78.mzML after 1 attempts: Mixed polarities detected in scan data,2026-07-07T22:58:31.450000,,,,
20180918_KBL_TM_Lakes_GEODES_All3_QE-HF_HILICZ-VF1_USHXG01161_NEG_MSMS_19_GEO-SP-32-UF_1_Rg70to1050-CE102040-0-4-S1_Run78.mzML,/mnt/Volumes/LaCie/nmdc_data/mcmahon_11_fkbnah04/raw/20180918_KBL_TM_Lakes_GEODES_All3_QE-HF_HILICZ-VF1_USHXG01161_NEG_MSMS_19_GEO-SP-32-UF_1_Rg70to1050-CE102040-0-4-S1_Run78.mzML,178759463,.mzml,Error processing 20180918_KBL_TM_Lakes_GEODES_All3_QE-HF_HILICZ-VF1_USHXG01161_NEG_MSMS_19_GEO-SP-32-UF_1_Rg70to1050-CE102040-0-4-S1_Run78.mzML after 1 attempts: Mixed polarities detected in scan data,2026-07-07T22:58:31.450000,,,,
20180918_KBL_TM_Lakes_GEODES_All3_QE-HF_HILICZ-VF1_USHXG01161_NEG_MSMS_66_GEO-TB-28-F_1_Rg70to1050-CE102040-0-1-S1_Run240.mzML,/mnt/Volumes/LaCie/nmdc_data/mcmahon_11_fkbnah04/raw/20180918_KBL_TM_Lakes_GEODES_All3_QE-HF_HILICZ-VF1_USHXG01161_NEG_MSMS_66_GEO-TB-28-F_1_Rg70to1050-CE102040-0-1-S1_Run240.mzML,199664188,.mzml,Error processing 20180918_KBL_TM_Lakes_GEODES_All3_QE-HF_HILICZ-VF1_USHXG01161_NEG_MSMS_66_GEO-TB-28-F_1_Rg70to1050-CE102040-0-1-S1_Run240.mzML after 1 attempts: Mixed polarities detected in scan data,2026-07-07T22:59:01.460000,,,,
20180918_KBL_TM_Lakes_GEODES_All3_QE-HF_HILICZ-VF1_USHXG01161_NEG_MSMS_66_GEO-TB-28-F_1_Rg70to1050-CE102040-0-1-S1_Run240.mzML,/mnt/Volumes/LaCie/nmdc_data/mcmahon_11_fkbnah04/raw/20180918_KBL_TM_Lakes_GEODES_All3_QE-HF_HILICZ-VF1_USHXG01161_NEG_MSMS_66_GEO-TB-28-F_1_Rg70to1050-CE102040-0-1-S1_Run240.mzML,199664188,.mzml,Error processing 20180918_KBL_TM_Lakes_GEODES_All3_QE-HF_HILICZ-VF1_USHXG01161_NEG_MSMS_66_GEO-TB-28-F_1_Rg70to1050-CE102040-0-1-S1_Run240.mzML after 1 attempts: Mixed polarities detected in scan data,2026-07-07T22:59:01.460000,,,,
20180918_KBL_TM_Lakes_GEODES_All3_QE-HF_HILICZ-VF1_USHXG01161_NEG_MSMS_66_GEO-TB-28-F_1_Rg70to1050-CE102040-0-1-S1_Run240.mzML,/mnt/Volumes/LaCie/nmdc_data/mcmahon_11_fkbnah04/raw/20180918_KBL_TM_Lakes_GEODES_All3_QE-HF_HILICZ-VF1_USHXG01161_NEG_MSMS_66_GEO-TB-28-F_1_Rg70to1050-CE102040-0-1-S1_Run240.mzML,199664188,.mzml,Error processing 20180918_KBL_TM_Lakes_GEODES_All3_QE-HF_HILICZ-VF1_USHXG01161_NEG_MSMS_66_GEO-TB-28-F_1_Rg70to1050-CE102040-0-1-S1_Run240.mzML after 1 attempts: Mixed polarities detected in scan data,2026-07-07T22:59:01.460000,,,,
20180918_KBL_TM_Lakes_GEODES_All3_QE-HF_HILICZ-VF1_USHXG01161_NEG_MSMS_33_GEO-TB-40-UF_1_Rg70to1050-CE102040-0-1-S1_Run128.mzML,/mnt/Volumes/LaCie/nmdc_data/mcmahon_11_fkbnah04/raw/20180918_KBL_TM_Lakes_GEODES_All3_QE-HF_HILICZ-VF1_USHXG01161_NEG_MSMS_33_GEO-TB-40-UF_1_Rg70to1050-CE102040-0-1-S1_Run128.mzML,201343688,.mzml,Error processing 20180918_KBL_TM_Lakes_GEODES_All3_QE-HF_HILICZ-VF1_USHXG01161_NEG_MSMS_33_GEO-TB-40-UF_1_Rg70to1050-CE102040-0-1-S1_Run128.mzML after 1 attempts: Mixed polarities detected in scan data,2026-07-07T22:59:17.440000,,,,
20180918_KBL_TM_Lakes_GEODES_All3_QE-HF_HILICZ-VF1_USHXG01161_NEG_MSMS_33_GEO-TB-40-UF_1_Rg70to1050-CE102040-0-1-S1_Run128.mzML,/mnt/Volumes/LaCie/nmdc_data/mcmahon_11_fkbnah04/raw/20180918_KBL_TM_Lakes_GEODES_All3_QE-HF_HILICZ-VF1_USHXG01161_NEG_MSMS_33_GEO-TB-40-UF_1_Rg70to1050-CE102040-0-1-S1_Run128.mzML,201343688,.mzml,Error processing 20180918_KBL_TM_Lakes_GEODES_All3_QE-HF_HILICZ-VF1_USHXG01161_NEG_MSMS_33_GEO-TB-40-UF_1_Rg70to1050-CE102040-0-1-S1_Run128.mzML after 1 attempts: Mixed polarities detected in scan data,2026-07-07T22:59:17.440000,,,,
20180918_KBL_TM_Lakes_GEODES_All3_QE-HF_HILICZ-VF1_USHXG01161_NEG_MSMS_4_GEO-ME-20-UF_1_Rg70to1050-CE102040-0-7-S1_Run28.mzML,/mnt/Volumes/LaCie/nmdc_data/mcmahon_11_fkbnah04/raw/20180918_KBL_TM_Lakes_GEODES_All3_QE-HF_HILICZ-VF1_USHXG01161_NEG_MSMS_4_GEO-ME-20-UF_1_Rg70to1050-CE102040-0-7-S1_Run28.mzML,170345184,.mzml,Error processing 20180918_KBL_TM_Lakes_GEODES_All3_QE-HF_HILICZ-VF1_USHXG01161_NEG_MSMS_4_GEO-ME-20-UF_1_Rg70to1050-CE102040-0-7-S1_Run28.mzML after 1 attempts: Mixed polarities detected in scan data,2026-07-07T23:00:25.820000,,,,
20180918_KBL_TM_Lakes_GEODES_All3_QE-HF_HILICZ-VF1_USHXG01161_NEG_MSMS_4_GEO-ME-20-UF_1_Rg70to1050-CE102040-0-7-S1_Run28.mzML,/mnt/Volumes/LaCie/nmdc_data/mcmahon_11_fkbnah04/raw/20180918_KBL_TM_Lakes_GEODES_All3_QE-HF_HILICZ-VF1_USHXG01161_NEG_MSMS_4_GEO-ME-20-UF_1_Rg70to1050-CE102040-0-7-S1_Run28.mzML,170345184,.mzml,Error processing 20180918_KBL_TM_Lakes_GEODES_All3_QE-HF_HILICZ-VF1_USHXG01161_NEG_MSMS_4_GEO-ME-20-UF_1_Rg70to1050-CE102040-0-7-S1_Run28.mzML after 1 attempts: Mixed polarities detected in scan data,2026-07-07T23:00:25.820000,,,,
20180918_KBL_TM_Lakes_GEODES_All3_QE-HF_HILICZ-VF1_USHXG01161_NEG_MSMS_4_GEO-ME-20-UF_1_Rg70to1050-CE102040-0-7-S1_Run28.mzML,/mnt/Volumes/LaCie/nmdc_data/mcmahon_11_fkbnah04/raw/20180918_KBL_TM_Lakes_GEODES_All3_QE-HF_HILICZ-VF1_USHXG01161_NEG_MSMS_4_GEO-ME-20-UF_1_Rg70to1050-CE102040-0-7-S1_Run28.mzML,170345184,.mzml,Error processing 20180918_KBL_TM_Lakes_GEODES_All3_QE-HF_HILICZ-VF1_USHXG01161_NEG_MSMS_4_GEO-ME-20-UF_1_Rg70to1050-CE102040-0-7-S1_Run28.mzML after 1 attempts: Mixed polarities detected in scan data,2026-07-07T23:00:25.820000,,,,
20180918_KBL_TM_Lakes_GEODES_All3_QE-HF_HILICZ-VF1_USHXG01161_NEG_MSMS_33_GEO-TB-40-UF_1_Rg70to1050-CE102040-0-1-S1_Run128.mzML,/mnt/Volumes/LaCie/nmdc_data/mcmahon_11_fkbnah04/raw/20180918_KBL_TM_Lakes_GEODES_All3_QE-HF_HILICZ-VF1_USHXG01161_NEG_MSMS_33_GEO-TB-40-UF_1_Rg70to1050-CE102040-0-1-S1_Run128.mzML,201343688,.mzml,Error processing 20180918_KBL_TM_Lakes_GEODES_All3_QE-HF_HILICZ-VF1_USHXG01161_NEG_MSMS_33_GEO-TB-40-UF_1_Rg70to1050-CE102040-0-1-S1_Run128.mzML after 1 attempts: Mixed polarities detected in scan data,2026-07-07T22:59:17.440000,,,,
20180918_KBL_TM_Lakes_GEODES_All3_QE-HF_HILICZ-VF1_USHXG01161_NEG_MSMS_56_GEO-SP-36-F_1_Rg70to1050-CE102040-0-4-S1_Run205.mzML,/mnt/Volumes/LaCie/nmdc_data/mcmahon_11_fkbnah04/raw/20180918_KBL_TM_Lakes_GEODES_All3_QE-HF_HILICZ-VF1_USHXG01161_NEG_MSMS_56_GEO-SP-36-F_1_Rg70to1050-CE102040-0-4-S1_Run205.mzML,179636580,.mzml,Error processing 20180918_KBL_TM_Lakes_GEODES_All3_QE-HF_HILICZ-VF1_USHXG01161_NEG_MSMS_56_GEO-SP-36-F_1_Rg70to1050-CE102040-0-4-S1_Run205.mzML after 1 attempts: Mixed polarities detected in scan data,2026-07-07T23:01:34.780000,,,,
20180918_KBL_TM_Lakes_GEODES_All3_QE-HF_HILICZ-VF1_USHXG01161_NEG_MSMS_56_GEO-SP-36-F_1_Rg70to1050-CE102040-0-4-S1_Run205.mzML,/mnt/Volumes/LaCie/nmdc_data/mcmahon_11_fkbnah04/raw/20180918_KBL_TM_Lakes_GEODES_All3_QE-HF_HILICZ-VF1_USHXG01161_NEG_MSMS_56_GEO-SP-36-F_1_Rg70to1050-CE102040-0-4-S1_Run205.mzML,179636580,.mzml,Error processing 20180918_KBL_TM_Lakes_GEODES_All3_QE-HF_HILICZ-VF1_USHXG01161_NEG_MSMS_56_GEO-SP-36-F_1_Rg70to1050-CE102040-0-4-S1_Run205.mzML after 1 attempts: Mixed polarities detected in scan data,2026-07-07T23:01:34.780000,,,,
20180918_KBL_TM_Lakes_GEODES_All3_QE-HF_HILICZ-VF1_USHXG01161_NEG_MSMS_56_GEO-SP-36-F_1_Rg70to1050-CE102040-0-4-S1_Run205.mzML,/mnt/Volumes/LaCie/nmdc_data/mcmahon_11_fkbnah04/raw/20180918_KBL_TM_Lakes_GEODES_All3_QE-HF_HILICZ-VF1_USHXG01161_NEG_MSMS_56_GEO-SP-36-F_1_Rg70to1050-CE102040-0-4-S1_Run205.mzML,179636580,.mzml,Error processing 20180918_KBL_TM_Lakes_GEODES_All3_QE-HF_HILICZ-VF1_USHXG01161_NEG_MSMS_56_GEO-SP-36-F_1_Rg70to1050-CE102040-0-4-S1_Run205.mzML after 1 attempts: Mixed polarities detected in scan data,2026-07-07T23:01:34.780000,,,,
20180918_KBL_TM_Lakes_GEODES_All3_QE-HF_HILICZ-VF1_USHXG01161_POS_MSMS_22_GEO-SP-44-UF_1_Rg70to1050-CE102040-0-4-S1_Run86.mzML,/mnt/Volumes/LaCie/nmdc_data/mcmahon_11_fkbnah04/raw/20180918_KBL_TM_Lakes_GEODES_All3_QE-HF_HILICZ-VF1_USHXG01161_POS_MSMS_22_GEO-SP-44-UF_1_Rg70to1050-CE102040-0-4-S1_Run86.mzML,174555522,.mzml,Error processing 20180918_KBL_TM_Lakes_GEODES_All3_QE-HF_HILICZ-VF1_USHXG01161_POS_MSMS_22_GEO-SP-44-UF_1_Rg70to1050-CE102040-0-4-S1_Run86.mzML after 1 attempts: Mixed polarities detected in scan data,2026-07-07T23:01:50.470000,,,,
20180918_KBL_TM_Lakes_GEODES_All3_QE-HF_HILICZ-VF1_USHXG01161_POS_MSMS_22_GEO-SP-44-UF_1_Rg70to1050-CE102040-0-4-S1_Run86.mzML,/mnt/Volumes/LaCie/nmdc_data/mcmahon_11_fkbnah04/raw/20180918_KBL_TM_Lakes_GEODES_All3_QE-HF_HILICZ-VF1_USHXG01161_POS_MSMS_22_GEO-SP-44-UF_1_Rg70to1050-CE102040-0-4-S1_Run86.mzML,174555522,.mzml,Error processing 20180918_KBL_TM_Lakes_GEODES_All3_QE-HF_HILICZ-VF1_USHXG01161_POS_MSMS_22_GEO-SP-44-UF_1_Rg70to1050-CE102040-0-4-S1_Run86.mzML after 1 attempts: Mixed polarities detected in scan data,2026-07-07T23:01:50.470000,,,,
20180918_KBL_TM_Lakes_GEODES_All3_QE-HF_HILICZ-VF1_USHXG01161_POS_MSMS_22_GEO-SP-44-UF_1_Rg70to1050-CE102040-0-4-S1_Run86.mzML,/mnt/Volumes/LaCie/nmdc_data/mcmahon_11_fkbnah04/raw/20180918_KBL_TM_Lakes_GEODES_All3_QE-HF_HILICZ-VF1_USHXG01161_POS_MSMS_22_GEO-SP-44-UF_1_Rg70to1050-CE102040-0-4-S1_Run86.mzML,174555522,.mzml,Error processing 20180918_KBL_TM_Lakes_GEODES_All3_QE-HF_HILICZ-VF1_USHXG01161_POS_MSMS_22_GEO-SP-44-UF_1_Rg70to1050-CE102040-0-4-S1_Run86.mzML after 1 attempts: Mixed polarities detected in scan data,2026-07-07T23:01:50.470000,,,,
20180918_KBL_TM_Lakes_Mendota_DepthDate_QE-139_HILICZ-VF1_USHXG01161_POS_MSMS_8_ME-20170811-metabo-8_1_Rg70to1050-CE102040-0p5-S1_Run36.mzML,/mnt/Volumes/LaCie/nmdc_data/mcmahon_11_fkbnah04/raw/20180918_KBL_TM_Lakes_Mendota_DepthDate_QE-139_HILICZ-VF1_USHXG01161_POS_MSMS_8_ME-20170811-metabo-8_1_Rg70to1050-CE102040-0p5-S1_Run36.mzML,178565888,.mzml,Error processing 20180918_KBL_TM_Lakes_Mendota_DepthDate_QE-139_HILICZ-VF1_USHXG01161_POS_MSMS_8_ME-20170811-metabo-8_1_Rg70to1050-CE102040-0p5-S1_Run36.mzML after 1 attempts: Mixed polarities detected in scan data,2026-07-07T23:02:06.080000,,,,
20180918_KBL_TM_Lakes_Mendota_DepthDate_QE-139_HILICZ-VF1_USHXG01161_POS_MSMS_8_ME-20170811-metabo-8_1_Rg70to1050-CE102040-0p5-S1_Run36.mzML,/mnt/Volumes/LaCie/nmdc_data/mcmahon_11_fkbnah04/raw/20180918_KBL_TM_Lakes_Mendota_DepthDate_QE-139_HILICZ-VF1_USHXG01161_POS_MSMS_8_ME-20170811-metabo-8_1_Rg70to1050-CE102040-0p5-S1_Run36.mzML,178565888,.mzml,Error processing 20180918_KBL_TM_Lakes_Mendota_DepthDate_QE-139_HILICZ-VF1_USHXG01161_POS_MSMS_8_ME-20170811-metabo-8_1_Rg70to1050-CE102040-0p5-S1_Run36.mzML after 1 attempts: Mixed polarities detected in scan data,2026-07-07T23:02:06.080000,,,,
20180918_KBL_TM_Lakes_Mendota_DepthDate_QE-139_HILICZ-VF1_USHXG01161_POS_MSMS_8_ME-20170811-metabo-8_1_Rg70to1050-CE102040-0p5-S1_Run36.mzML,/mnt/Volumes/LaCie/nmdc_data/mcmahon_11_fkbnah04/raw/20180918_KBL_TM_Lakes_Mendota_DepthDate_QE-139_HILICZ-VF1_USHXG01161_POS_MSMS_8_ME-20170811-metabo-8_1_Rg70to1050-CE102040-0p5-S1_Run36.mzML,178565888,.mzml,Error processing 20180918_KBL_TM_Lakes_Mendota_DepthDate_QE-139_HILICZ-VF1_USHXG01161_POS_MSMS_8_ME-20170811-metabo-8_1_Rg70to1050-CE102040-0p5-S1_Run36.mzML after 1 attempts: Mixed polarities detected in scan data,2026-07-07T23:02:06.080000,,,,
20180918_KBL_TM_Lakes_GEODES_All3_QE-HF_HILICZ-VF1_USHXG01161_NEG_MSMS_14_GEO-SP-12-UF_1_Rg70to1050-CE102040-0-4-S1_Run58.mzML,/mnt/Volumes/LaCie/nmdc_data/mcmahon_11_fkbnah04/raw/20180918_KBL_TM_Lakes_GEODES_All3_QE-HF_HILICZ-VF1_USHXG01161_NEG_MSMS_14_GEO-SP-12-UF_1_Rg70to1050-CE102040-0-4-S1_Run58.mzML,178102777,.mzml,Error processing 20180918_KBL_TM_Lakes_GEODES_All3_QE-HF_HILICZ-VF1_USHXG01161_NEG_MSMS_14_GEO-SP-12-UF_1_Rg70to1050-CE102040-0-4-S1_Run58.mzML after 1 attempts: Mixed polarities detected in scan data,2026-07-07T23:02:20.620000,,,,
20180918_KBL_TM_Lakes_GEODES_All3_QE-HF_HILICZ-VF1_USHXG01161_NEG_MSMS_14_GEO-SP-12-UF_1_Rg70to1050-CE102040-0-4-S1_Run58.mzML,/mnt/Volumes/LaCie/nmdc_data/mcmahon_11_fkbnah04/raw/20180918_KBL_TM_Lakes_GEODES_All3_QE-HF_HILICZ-VF1_USHXG01161_NEG_MSMS_14_GEO-SP-12-UF_1_Rg70to1050-CE102040-0-4-S1_Run58.mzML,178102777,.mzml,Error processing 20180918_KBL_TM_Lakes_GEODES_All3_QE-HF_HILICZ-VF1_USHXG01161_NEG_MSMS_14_GEO-SP-12-UF_1_Rg70to1050-CE102040-0-4-S1_Run58.mzML after 1 attempts: Mixed polarities detected in scan data,2026-07-07T23:02:20.620000,,,,
20180918_KBL_TM_Lakes_GEODES_All3_QE-HF_HILICZ-VF1_USHXG01161_NEG_MSMS_14_GEO-SP-12-UF_1_Rg70to1050-CE102040-0-4-S1_Run58.mzML,/mnt/Volumes/LaCie/nmdc_data/mcmahon_11_fkbnah04/raw/20180918_KBL_TM_Lakes_GEODES_All3_QE-HF_HILICZ-VF1_USHXG01161_NEG_MSMS_14_GEO-SP-12-UF_1_Rg70to1050-CE102040-0-4-S1_Run58.mzML,178102777,.mzml,Error processing 20180918_KBL_TM_Lakes_GEODES_All3_QE-HF_HILICZ-VF1_USHXG01161_NEG_MSMS_14_GEO-SP-12-UF_1_Rg70to1050-CE102040-0-4-S1_Run58.mzML after 1 attempts: Mixed polarities detected in scan data,2026-07-07T23:02:20.620000,,,,
20180918_KBL_TM_Lakes_GEODES_All3_QE-HF_HILICZ-VF1_USHXG01161_NEG_MSMS_11_GEO-ME-4-UF_1_Rg70to1050-CE102040-0-7-S1_Run49.mzML,/mnt/Volumes/LaCie/nmdc_data/mcmahon_11_fkbnah04/raw/20180918_KBL_TM_Lakes_GEODES_All3_QE-HF_HILICZ-VF1_USHXG01161_NEG_MSMS_11_GEO-ME-4-UF_1_Rg70to1050-CE102040-0-7-S1_Run49.mzML,172031866,.mzml,Error processing 20180918_KBL_TM_Lakes_GEODES_All3_QE-HF_HILICZ-VF1_USHXG01161_NEG_MSMS_11_GEO-ME-4-UF_1_Rg70to1050-CE102040-0-7-S1_Run49.mzML after 1 attempts: Mixed polarities detected in scan data,2026-07-07T23:02:37.320000,,,,
20180918_KBL_TM_Lakes_GEODES_All3_QE-HF_HILICZ-VF1_USHXG01161_NEG_MSMS_11_GEO-ME-4-UF_1_Rg70to1050-CE102040-0-7-S1_Run49.mzML,/mnt/Volumes/LaCie/nmdc_data/mcmahon_11_fkbnah04/raw/20180918_KBL_TM_Lakes_GEODES_All3_QE-HF_HILICZ-VF1_USHXG01161_NEG_MSMS_11_GEO-ME-4-UF_1_Rg70to1050-CE102040-0-7-S1_Run49.mzML,172031866,.mzml,Error processing 20180918_KBL_TM_Lakes_GEODES_All3_QE-HF_HILICZ-VF1_USHXG01161_NEG_MSMS_11_GEO-ME-4-UF_1_Rg70to1050-CE102040-0-7-S1_Run49.mzML after 1 attempts: Mixed polarities detected in scan data,2026-07-07T23:02:37.320000,,,,
20180918_KBL_TM_Lakes_GEODES_All3_QE-HF_HILICZ-VF1_USHXG01161_NEG_MSMS_11_GEO-ME-4-UF_1_Rg70to1050-CE102040-0-7-S1_Run49.mzML,/mnt/Volumes/LaCie/nmdc_data/mcmahon_11_fkbnah04/raw/20180918_KBL_TM_Lakes_GEODES_All3_QE-HF_HILICZ-VF1_USHXG01161_NEG_MSMS_11_GEO-ME-4-UF_1_Rg70to1050-CE102040-0-7-S1_Run49.mzML,172031866,.mzml,Error processing 20180918_KBL_TM_Lakes_GEODES_All3_QE-HF_HILICZ-VF1_USHXG01161_NEG_MSMS_11_GEO-ME-4-UF_1_Rg70to1050-CE102040-0-7-S1_Run49.mzML after 1 attempts: Mixed polarities detected in scan data,2026-07-07T23:02:37.320000,,,,
20180918_KBL_TM_Lakes_GEODES_All3_QE-HF_HILICZ-VF1_USHXG01161_POS_MSMS_5_GEO-ME-24-UF_1_Rg70to1050-CE102040-0-7-S1_Run30.mzML,/mnt/Volumes/LaCie/nmdc_data/mcmahon_11_fkbnah04/raw/20180918_KBL_TM_Lakes_GEODES_All3_QE-HF_HILICZ-VF1_USHXG01161_POS_MSMS_5_GEO-ME-24-UF_1_Rg70to1050-CE102040-0-7-S1_Run30.mzML,171490022,.mzml,Error processing 20180918_KBL_TM_Lakes_GEODES_All3_QE-HF_HILICZ-VF1_USHXG01161_POS_MSMS_5_GEO-ME-24-UF_1_Rg70to1050-CE102040-0-7-S1_Run30.mzML after 1 attempts: Mixed polarities detected in scan data,2026-07-07T23:03:00.430000,,,,
20180918_KBL_TM_Lakes_GEODES_All3_QE-HF_HILICZ-VF1_USHXG01161_POS_MSMS_5_GEO-ME-24-UF_1_Rg70to1050-CE102040-0-7-S1_Run30.mzML,/mnt/Volumes/LaCie/nmdc_data/mcmahon_11_fkbnah04/raw/20180918_KBL_TM_Lakes_GEODES_All3_QE-HF_HILICZ-VF1_USHXG01161_POS_MSMS_5_GEO-ME-24-UF_1_Rg70to1050-CE102040-0-7-S1_Run30.mzML,171490022,.mzml,Error processing 20180918_KBL_TM_Lakes_GEODES_All3_QE-HF_HILICZ-VF1_USHXG01161_POS_MSMS_5_GEO-ME-24-UF_1_Rg70to1050-CE102040-0-7-S1_Run30.mzML after 1 attempts: Mixed polarities detected in scan data,2026-07-07T23:03:00.430000,,,,
20180918_KBL_TM_Lakes_GEODES_All3_QE-HF_HILICZ-VF1_USHXG01161_POS_MSMS_5_GEO-ME-24-UF_1_Rg70to1050-CE102040-0-7-S1_Run30.mzML,/mnt/Volumes/LaCie/nmdc_data/mcmahon_11_fkbnah04/raw/20180918_KBL_TM_Lakes_GEODES_All3_QE-HF_HILICZ-VF1_USHXG01161_POS_MSMS_5_GEO-ME-24-UF_1_Rg70to1050-CE102040-0-7-S1_Run30.mzML,171490022,.mzml,Error processing 20180918_KBL_TM_Lakes_GEODES_All3_QE-HF_HILICZ-VF1_USHXG01161_POS_MSMS_5_GEO-ME-24-UF_1_Rg70to1050-CE102040-0-7-S1_Run30.mzML after 1 attempts: Mixed polarities detected in scan data,2026-07-07T23:03:00.430000,,,,
20181217_KBL_TM_Lakes_GEODES_All3_QE-HF_C18_USDAY46918_NEG_MSMS_17_GEO-SP-24-UF_1_Rg80to1200-CE102040-0-4-S1_Run72.mzML,/mnt/Volumes/LaCie/nmdc_data/mcmahon_11_fkbnah04/raw/20181217_KBL_TM_Lakes_GEODES_All3_QE-HF_C18_USDAY46918_NEG_MSMS_17_GEO-SP-24-UF_1_Rg80to1200-CE102040-0-4-S1_Run72.mzML,85522205,.mzml,Error processing 20181217_KBL_TM_Lakes_GEODES_All3_QE-HF_C18_USDAY46918_NEG_MSMS_17_GEO-SP-24-UF_1_Rg80to1200-CE102040-0-4-S1_Run72.mzML after 1 attempts: Mixed polarities detected in scan data,2026-07-07T23:03:23.210000,,,,
20181217_KBL_TM_Lakes_GEODES_All3_QE-HF_C18_USDAY46918_NEG_MSMS_17_GEO-SP-24-UF_1_Rg80to1200-CE102040-0-4-S1_Run72.mzML,/mnt/Volumes/LaCie/nmdc_data/mcmahon_11_fkbnah04/raw/20181217_KBL_TM_Lakes_GEODES_All3_QE-HF_C18_USDAY46918_NEG_MSMS_17_GEO-SP-24-UF_1_Rg80to1200-CE102040-0-4-S1_Run72.mzML,85522205,.mzml,Error processing 20181217_KBL_TM_Lakes_GEODES_All3_QE-HF_C18_USDAY46918_NEG_MSMS_17_GEO-SP-24-UF_1_Rg80to1200-CE102040-0-4-S1_Run72.mzML after 1 attempts: Mixed polarities detected in scan data,2026-07-07T23:03:23.210000,,,,
20181217_KBL_TM_Lakes_GEODES_All3_QE-HF_C18_USDAY46918_NEG_MSMS_17_GEO-SP-24-UF_1_Rg80to1200-CE102040-0-4-S1_Run72.mzML,/mnt/Volumes/LaCie/nmdc_data/mcmahon_11_fkbnah04/raw/20181217_KBL_TM_Lakes_GEODES_All3_QE-HF_C18_USDAY46918_NEG_MSMS_17_GEO-SP-24-UF_1_Rg80to1200-CE102040-0-4-S1_Run72.mzML,85522205,.mzml,Error processing 20181217_KBL_TM_Lakes_GEODES_All3_QE-HF_C18_USDAY46918_NEG_MSMS_17_GEO-SP-24-UF_1_Rg80to1200-CE102040-0-4-S1_Run72.mzML after 1 attempts: Mixed polarities detected in scan data,2026-07-07T23:03:23.210000,,,,
20181217_KBL_TM_Lakes_GEODES_All3_QE-HF_C18_USDAY46918_NEG_MSMS_38_GEO-ME-12-F_1_Rg80to1200-CE102040-0-7-S1_Run143.mzML,/mnt/Volumes/LaCie/nmdc_data/mcmahon_11_fkbnah04/raw/20181217_KBL_TM_Lakes_GEODES_All3_QE-HF_C18_USDAY46918_NEG_MSMS_38_GEO-ME-12-F_1_Rg80to1200-CE102040-0-7-S1_Run143.mzML,82048454,.mzml,Error processing 20181217_KBL_TM_Lakes_GEODES_All3_QE-HF_C18_USDAY46918_NEG_MSMS_38_GEO-ME-12-F_1_Rg80to1200-CE102040-0-7-S1_Run143.mzML after 1 attempts: Mixed polarities detected in scan data,2026-07-07T23:03:51.880000,,,,
20181217_KBL_TM_Lakes_GEODES_All3_QE-HF_C18_USDAY46918_NEG_MSMS_38_GEO-ME-12-F_1_Rg80to1200-CE102040-0-7-S1_Run143.mzML,/mnt/Volumes/LaCie/nmdc_data/mcmahon_11_fkbnah04/raw/20181217_KBL_TM_Lakes_GEODES_All3_QE-HF_C18_USDAY46918_NEG_MSMS_38_GEO-ME-12-F_1_Rg80to1200-CE102040-0-7-S1_Run143.mzML,82048454,.mzml,Error processing 20181217_KBL_TM_Lakes_GEODES_All3_QE-HF_C18_USDAY46918_NEG_MSMS_38_GEO-ME-12-F_1_Rg80to1200-CE102040-0-7-S1_Run143.mzML after 1 attempts: Mixed polarities detected in scan data,2026-07-07T23:03:51.880000,,,,
20181217_KBL_TM_Lakes_GEODES_All3_QE-HF_C18_USDAY46918_NEG_MSMS_38_GEO-ME-12-F_1_Rg80to1200-CE102040-0-7-S1_Run143.mzML,/mnt/Volumes/LaCie/nmdc_data/mcmahon_11_fkbnah04/raw/20181217_KBL_TM_Lakes_GEODES_All3_QE-HF_C18_USDAY46918_NEG_MSMS_38_GEO-ME-12-F_1_Rg80to1200-CE102040-0-7-S1_Run143.mzML,82048454,.mzml,Error processing 20181217_KBL_TM_Lakes_GEODES_All3_QE-HF_C18_USDAY46918_NEG_MSMS_38_GEO-ME-12-F_1_Rg80to1200-CE102040-0-7-S1_Run143.mzML after 1 attempts: Mixed polarities detected in scan data,2026-07-07T23:03:51.880000,,,,
20181217_KBL_TM_Lakes_GEODES_All3_QE-HF_C18_USDAY46918_NEG_MSMS_44_GEO-ME-36-F_1_Rg80to1200-CE102040-0-7-S1_Run161.mzML,/mnt/Volumes/LaCie/nmdc_data/mcmahon_11_fkbnah04/raw/20181217_KBL_TM_Lakes_GEODES_All3_QE-HF_C18_USDAY46918_NEG_MSMS_44_GEO-ME-36-F_1_Rg80to1200-CE102040-0-7-S1_Run161.mzML,81605192,.mzml,Error processing 20181217_KBL_TM_Lakes_GEODES_All3_QE-HF_C18_USDAY46918_NEG_MSMS_44_GEO-ME-36-F_1_Rg80to1200-CE102040-0-7-S1_Run161.mzML after 1 attempts: Mixed polarities detected in scan data,2026-07-07T23:03:59.790000,,,,
20181217_KBL_TM_Lakes_GEODES_All3_QE-HF_C18_USDAY46918_NEG_MSMS_44_GEO-ME-36-F_1_Rg80to1200-CE102040-0-7-S1_Run161.mzML,/mnt/Volumes/LaCie/nmdc_data/mcmahon_11_fkbnah04/raw/20181217_KBL_TM_Lakes_GEODES_All3_QE-HF_C18_USDAY46918_NEG_MSMS_44_GEO-ME-36-F_1_Rg80to1200-CE102040-0-7-S1_Run161.mzML,81605192,.mzml,Error processing 20181217_KBL_TM_Lakes_GEODES_All3_QE-HF_C18_USDAY46918_NEG_MSMS_44_GEO-ME-36-F_1_Rg80to1200-CE102040-0-7-S1_Run161.mzML after 1 attempts: Mixed polarities detected in scan data,2026-07-07T23:03:59.790000,,,,
20181217_KBL_TM_Lakes_GEODES_All3_QE-HF_C18_USDAY46918_NEG_MSMS_44_GEO-ME-36-F_1_Rg80to1200-CE102040-0-7-S1_Run161.mzML,/mnt/Volumes/LaCie/nmdc_data/mcmahon_11_fkbnah04/raw/20181217_KBL_TM_Lakes_GEODES_All3_QE-HF_C18_USDAY46918_NEG_MSMS_44_GEO-ME-36-F_1_Rg80to1200-CE102040-0-7-S1_Run161.mzML,81605192,.mzml,Error processing 20181217_KBL_TM_Lakes_GEODES_All3_QE-HF_C18_USDAY46918_NEG_MSMS_44_GEO-ME-36-F_1_Rg80to1200-CE102040-0-7-S1_Run161.mzML after 1 attempts: Mixed polarities detected in scan data,2026-07-07T23:03:59.790000,,,,
20181217_KBL_TM_Lakes_GEODES_All3_QE-HF_C18_USDAY46918_NEG_MSMS_40_GEO-ME-20-F_1_Rg80to1200-CE102040-0-7-S1_Run149.mzML,/mnt/Volumes/LaCie/nmdc_data/mcmahon_11_fkbnah04/raw/20181217_KBL_TM_Lakes_GEODES_All3_QE-HF_C18_USDAY46918_NEG_MSMS_40_GEO-ME-20-F_1_Rg80to1200-CE102040-0-7-S1_Run149.mzML,79573189,.mzml,Error processing 20181217_KBL_TM_Lakes_GEODES_All3_QE-HF_C18_USDAY46918_NEG_MSMS_40_GEO-ME-20-F_1_Rg80to1200-CE102040-0-7-S1_Run149.mzML after 1 attempts: Mixed polarities detected in scan data,2026-07-07T23:04:08.230000,,,,
20181217_KBL_TM_Lakes_GEODES_All3_QE-HF_C18_USDAY46918_NEG_MSMS_40_GEO-ME-20-F_1_Rg80to1200-CE102040-0-7-S1_Run149.mzML,/mnt/Volumes/LaCie/nmdc_data/mcmahon_11_fkbnah04/raw/20181217_KBL_TM_Lakes_GEODES_All3_QE-HF_C18_USDAY46918_NEG_MSMS_40_GEO-ME-20-F_1_Rg80to1200-CE102040-0-7-S1_Run149.mzML,79573189,.mzml,Error processing 20181217_KBL_TM_Lakes_GEODES_All3_QE-HF_C18_USDAY46918_NEG_MSMS_40_GEO-ME-20-F_1_Rg80to1200-CE102040-0-7-S1_Run149.mzML after 1 attempts: Mixed polarities detected in scan data,2026-07-07T23:04:08.230000,,,,
20181217_KBL_TM_Lakes_GEODES_All3_QE-HF_C18_USDAY46918_NEG_MSMS_40_GEO-ME-20-F_1_Rg80to1200-CE102040-0-7-S1_Run149.mzML,/mnt/Volumes/LaCie/nmdc_data/mcmahon_11_fkbnah04/raw/20181217_KBL_TM_Lakes_GEODES_All3_QE-HF_C18_USDAY46918_NEG_MSMS_40_GEO-ME-20-F_1_Rg80to1200-CE102040-0-7-S1_Run149.mzML,79573189,.mzml,Error processing 20181217_KBL_TM_Lakes_GEODES_All3_QE-HF_C18_USDAY46918_NEG_MSMS_40_GEO-ME-20-F_1_Rg80to1200-CE102040-0-7-S1_Run149.mzML after 1 attempts: Mixed polarities detected in scan data,2026-07-07T23:04:08.230000,,,,
20180918_KBL_TM_Lakes_GEODES_All3_QE-HF_HILICZ-VF1_USHXG01161_POS_MSMS_53_GEO-SP-24-F_1_Rg70to1050-CE102040-0-4-S1_Run192.mzML,/mnt/Volumes/LaCie/nmdc_data/mcmahon_11_fkbnah04/raw/20180918_KBL_TM_Lakes_GEODES_All3_QE-HF_HILICZ-VF1_USHXG01161_POS_MSMS_53_GEO-SP-24-F_1_Rg70to1050-CE102040-0-4-S1_Run192.mzML,177044843,.mzml,Error processing 20180918_KBL_TM_Lakes_GEODES_All3_QE-HF_HILICZ-VF1_USHXG01161_POS_MSMS_53_GEO-SP-24-F_1_Rg70to1050-CE102040-0-4-S1_Run192.mzML after 1 attempts: Mixed polarities detected in scan data,2026-07-07T23:03:42.860000,,,,
20180918_KBL_TM_Lakes_GEODES_All3_QE-HF_HILICZ-VF1_USHXG01161_POS_MSMS_53_GEO-SP-24-F_1_Rg70to1050-CE102040-0-4-S1_Run192.mzML,/mnt/Volumes/LaCie/nmdc_data/mcmahon_11_fkbnah04/raw/20180918_KBL_TM_Lakes_GEODES_All3_QE-HF_HILICZ-VF1_USHXG01161_POS_MSMS_53_GEO-SP-24-F_1_Rg70to1050-CE102040-0-4-S1_Run192.mzML,177044843,.mzml,Error processing 20180918_KBL_TM_Lakes_GEODES_All3_QE-HF_HILICZ-VF1_USHXG01161_POS_MSMS_53_GEO-SP-24-F_1_Rg70to1050-CE102040-0-4-S1_Run192.mzML after 1 attempts: Mixed polarities detected in scan data,2026-07-07T23:03:42.860000,,,,
20180918_KBL_TM_Lakes_GEODES_All3_QE-HF_HILICZ-VF1_USHXG01161_POS_MSMS_53_GEO-SP-24-F_1_Rg70to1050-CE102040-0-4-S1_Run192.mzML,/mnt/Volumes/LaCie/nmdc_data/mcmahon_11_fkbnah04/raw/20180918_KBL_TM_Lakes_GEODES_All3_QE-HF_HILICZ-VF1_USHXG01161_POS_MSMS_53_GEO-SP-24-F_1_Rg70to1050-CE102040-0-4-S1_Run192.mzML,177044843,.mzml,Error processing 20180918_KBL_TM_Lakes_GEODES_All3_QE-HF_HILICZ-VF1_USHXG01161_POS_MSMS_53_GEO-SP-24-F_1_Rg70to1050-CE102040-0-4-S1_Run192.mzML after 1 attempts: Mixed polarities detected in scan data,2026-07-07T23:03:42.860000,,,,
20181217_KBL_TM_Lakes_GEODES_All3_QE-HF_C18_USDAY46918_POS_MSMS_62_GEO-TB-12-F_1_Rg80to1200-CE102040-0-1-S1_Run227.mzML,/mnt/Volumes/LaCie/nmdc_data/mcmahon_11_fkbnah04/raw/20181217_KBL_TM_Lakes_GEODES_All3_QE-HF_C18_USDAY46918_POS_MSMS_62_GEO-TB-12-F_1_Rg80to1200-CE102040-0-1-S1_Run227.mzML,100653534,.mzml,Error processing 20181217_KBL_TM_Lakes_GEODES_All3_QE-HF_C18_USDAY46918_POS_MSMS_62_GEO-TB-12-F_1_Rg80to1200-CE102040-0-1-S1_Run227.mzML after 1 attempts: Mixed polarities detected in scan data,2026-07-07T23:04:46.240000,,,,
20181217_KBL_TM_Lakes_GEODES_All3_QE-HF_C18_USDAY46918_POS_MSMS_62_GEO-TB-12-F_1_Rg80to1200-CE102040-0-1-S1_Run227.mzML,/mnt/Volumes/LaCie/nmdc_data/mcmahon_11_fkbnah04/raw/20181217_KBL_TM_Lakes_GEODES_All3_QE-HF_C18_USDAY46918_POS_MSMS_62_GEO-TB-12-F_1_Rg80to1200-CE102040-0-1-S1_Run227.mzML,100653534,.mzml,Error processing 20181217_KBL_TM_Lakes_GEODES_All3_QE-HF_C18_USDAY46918_POS_MSMS_62_GEO-TB-12-F_1_Rg80to1200-CE102040-0-1-S1_Run227.mzML after 1 attempts: Mixed polarities detected in scan data,2026-07-07T23:04:46.240000,,,,
20181217_KBL_TM_Lakes_GEODES_All3_QE-HF_C18_USDAY46918_POS_MSMS_62_GEO-TB-12-F_1_Rg80to1200-CE102040-0-1-S1_Run227.mzML,/mnt/Volumes/LaCie/nmdc_data/mcmahon_11_fkbnah04/raw/20181217_KBL_TM_Lakes_GEODES_All3_QE-HF_C18_USDAY46918_POS_MSMS_62_GEO-TB-12-F_1_Rg80to1200-CE102040-0-1-S1_Run227.mzML,100653534,.mzml,Error processing 20181217_KBL_TM_Lakes_GEODES_All3_QE-HF_C18_USDAY46918_POS_MSMS_62_GEO-TB-12-F_1_Rg80to1200-CE102040-0-1-S1_Run227.mzML after 1 attempts: Mixed polarities detected in scan data,2026-07-07T23:04:46.240000,,,,
20181217_KBL_TM_Lakes_GEODES_All3_QE-HF_C18_USDAY46918_NEG_MSMS_19_GEO-SP-32-UF_1_Rg80to1200-CE102040-0-4-S1_Run78.mzML,/mnt/Volumes/LaCie/nmdc_data/mcmahon_11_fkbnah04/raw/20181217_KBL_TM_Lakes_GEODES_All3_QE-HF_C18_USDAY46918_NEG_MSMS_19_GEO-SP-32-UF_1_Rg80to1200-CE102040-0-4-S1_Run78.mzML,85623970,.mzml,Error processing 20181217_KBL_TM_Lakes_GEODES_All3_QE-HF_C18_USDAY46918_NEG_MSMS_19_GEO-SP-32-UF_1_Rg80to1200-CE102040-0-4-S1_Run78.mzML after 1 attempts: Mixed polarities detected in scan data,2026-07-07T23:04:55.130000,,,,
20181217_KBL_TM_Lakes_GEODES_All3_QE-HF_C18_USDAY46918_NEG_MSMS_19_GEO-SP-32-UF_1_Rg80to1200-CE102040-0-4-S1_Run78.mzML,/mnt/Volumes/LaCie/nmdc_data/mcmahon_11_fkbnah04/raw/20181217_KBL_TM_Lakes_GEODES_All3_QE-HF_C18_USDAY46918_NEG_MSMS_19_GEO-SP-32-UF_1_Rg80to1200-CE102040-0-4-S1_Run78.mzML,85623970,.mzml,Error processing 20181217_KBL_TM_Lakes_GEODES_All3_QE-HF_C18_USDAY46918_NEG_MSMS_19_GEO-SP-32-UF_1_Rg80to1200-CE102040-0-4-S1_Run78.mzML after 1 attempts: Mixed polarities detected in scan data,2026-07-07T23:04:55.130000,,,,
20181217_KBL_TM_Lakes_GEODES_All3_QE-HF_C18_USDAY46918_NEG_MSMS_19_GEO-SP-32-UF_1_Rg80to1200-CE102040-0-4-S1_Run78.mzML,/mnt/Volumes/LaCie/nmdc_data/mcmahon_11_fkbnah04/raw/20181217_KBL_TM_Lakes_GEODES_All3_QE-HF_C18_USDAY46918_NEG_MSMS_19_GEO-SP-32-UF_1_Rg80to1200-CE102040-0-4-S1_Run78.mzML,85623970,.mzml,Error processing 20181217_KBL_TM_Lakes_GEODES_All3_QE-HF_C18_USDAY46918_NEG_MSMS_19_GEO-SP-32-UF_1_Rg80to1200-CE102040-0-4-S1_Run78.mzML after 1 attempts: Mixed polarities detected in scan data,2026-07-07T23:04:55.130000,,,,
20180918_KBL_TM_Lakes_GEODES_All3_QE-HF_HILICZ-VF1_USHXG01161_NEG_MSMS_62_GEO-TB-12-F_1_Rg70to1050-CE102040-0-1-S1_Run228.mzML,/mnt/Volumes/LaCie/nmdc_data/mcmahon_11_fkbnah04/raw/20180918_KBL_TM_Lakes_GEODES_All3_QE-HF_HILICZ-VF1_USHXG01161_NEG_MSMS_62_GEO-TB-12-F_1_Rg70to1050-CE102040-0-1-S1_Run228.mzML,199693300,.mzml,Error processing 20180918_KBL_TM_Lakes_GEODES_All3_QE-HF_HILICZ-VF1_USHXG01161_NEG_MSMS_62_GEO-TB-12-F_1_Rg70to1050-CE102040-0-1-S1_Run228.mzML after 1 attempts: Mixed polarities detected in scan data,2026-07-07T23:04:34.570000,,,,
20180918_KBL_TM_Lakes_GEODES_All3_QE-HF_HILICZ-VF1_USHXG01161_NEG_MSMS_62_GEO-TB-12-F_1_Rg70to1050-CE102040-0-1-S1_Run228.mzML,/mnt/Volumes/LaCie/nmdc_data/mcmahon_11_fkbnah04/raw/20180918_KBL_TM_Lakes_GEODES_All3_QE-HF_HILICZ-VF1_USHXG01161_NEG_MSMS_62_GEO-TB-12-F_1_Rg70to1050-CE102040-0-1-S1_Run228.mzML,199693300,.mzml,Error processing 20180918_KBL_TM_Lakes_GEODES_All3_QE-HF_HILICZ-VF1_USHXG01161_NEG_MSMS_62_GEO-TB-12-F_1_Rg70to1050-CE102040-0-1-S1_Run228.mzML after 1 attempts: Mixed polarities detected in scan data,2026-07-07T23:04:34.570000,,,,
20180918_KBL_TM_Lakes_GEODES_All3_QE-HF_HILICZ-VF1_USHXG01161_NEG_MSMS_62_GEO-TB-12-F_1_Rg70to1050-CE102040-0-1-S1_Run228.mzML,/mnt/Volumes/LaCie/nmdc_data/mcmahon_11_fkbnah04/raw/20180918_KBL_TM_Lakes_GEODES_All3_QE-HF_HILICZ-VF1_USHXG01161_NEG_MSMS_62_GEO-TB-12-F_1_Rg70to1050-CE102040-0-1-S1_Run228.mzML,199693300,.mzml,Error processing 20180918_KBL_TM_Lakes_GEODES_All3_QE-HF_HILICZ-VF1_USHXG01161_NEG_MSMS_62_GEO-TB-12-F_1_Rg70to1050-CE102040-0-1-S1_Run228.mzML after 1 attempts: Mixed polarities detected in scan data,2026-07-07T23:04:34.570000,,,,
20181217_KBL_TM_Lakes_GEODES_All3_QE-HF_C18_USDAY46918_NEG_MSMS_5_GEO-ME-24-UF_1_Rg80to1200-CE102040-0-7-S1_Run31.mzML,/mnt/Volumes/LaCie/nmdc_data/mcmahon_11_fkbnah04/raw/20181217_KBL_TM_Lakes_GEODES_All3_QE-HF_C18_USDAY46918_NEG_MSMS_5_GEO-ME-24-UF_1_Rg80to1200-CE102040-0-7-S1_Run31.mzML,85519436,.mzml,Error processing 20181217_KBL_TM_Lakes_GEODES_All3_QE-HF_C18_USDAY46918_NEG_MSMS_5_GEO-ME-24-UF_1_Rg80to1200-CE102040-0-7-S1_Run31.mzML after 1 attempts: Mixed polarities detected in scan data,2026-07-07T23:05:20,,,,
20181217_KBL_TM_Lakes_GEODES_All3_QE-HF_C18_USDAY46918_NEG_MSMS_5_GEO-ME-24-UF_1_Rg80to1200-CE102040-0-7-S1_Run31.mzML,/mnt/Volumes/LaCie/nmdc_data/mcmahon_11_fkbnah04/raw/20181217_KBL_TM_Lakes_GEODES_All3_QE-HF_C18_USDAY46918_NEG_MSMS_5_GEO-ME-24-UF_1_Rg80to1200-CE102040-0-7-S1_Run31.mzML,85519436,.mzml,Error processing 20181217_KBL_TM_Lakes_GEODES_All3_QE-HF_C18_USDAY46918_NEG_MSMS_5_GEO-ME-24-UF_1_Rg80to1200-CE102040-0-7-S1_Run31.mzML after 1 attempts: Mixed polarities detected in scan data,2026-07-07T23:05:20,,,,
20181217_KBL_TM_Lakes_GEODES_All3_QE-HF_C18_USDAY46918_NEG_MSMS_5_GEO-ME-24-UF_1_Rg80to1200-CE102040-0-7-S1_Run31.mzML,/mnt/Volumes/LaCie/nmdc_data/mcmahon_11_fkbnah04/raw/20181217_KBL_TM_Lakes_GEODES_All3_QE-HF_C18_USDAY46918_NEG_MSMS_5_GEO-ME-24-UF_1_Rg80to1200-CE102040-0-7-S1_Run31.mzML,85519436,.mzml,Error processing 20181217_KBL_TM_Lakes_GEODES_All3_QE-HF_C18_USDAY46918_NEG_MSMS_5_GEO-ME-24-UF_1_Rg80to1200-CE102040-0-7-S1_Run31.mzML after 1 attempts: Mixed polarities detected in scan data,2026-07-07T23:05:20,,,,
20180918_KBL_TM_Lakes_GEODES_All3_QE-HF_HILICZ-VF1_USHXG01161_POS_MSMS_41_GEO-ME-24-F_1_Rg70to1050-CE102040-0-7-S1_Run151.mzML,/mnt/Volumes/LaCie/nmdc_data/mcmahon_11_fkbnah04/raw/20180918_KBL_TM_Lakes_GEODES_All3_QE-HF_HILICZ-VF1_USHXG01161_POS_MSMS_41_GEO-ME-24-F_1_Rg70to1050-CE102040-0-7-S1_Run151.mzML,176324944,.mzml,Error processing 20180918_KBL_TM_Lakes_GEODES_All3_QE-HF_HILICZ-VF1_USHXG01161_POS_MSMS_41_GEO-ME-24-F_1_Rg70to1050-CE102040-0-7-S1_Run151.mzML after 1 attempts: Mixed polarities detected in scan data,2026-07-07T23:05:12.460000,,,,
20180918_KBL_TM_Lakes_GEODES_All3_QE-HF_HILICZ-VF1_USHXG01161_POS_MSMS_41_GEO-ME-24-F_1_Rg70to1050-CE102040-0-7-S1_Run151.mzML,/mnt/Volumes/LaCie/nmdc_data/mcmahon_11_fkbnah04/raw/20180918_KBL_TM_Lakes_GEODES_All3_QE-HF_HILICZ-VF1_USHXG01161_POS_MSMS_41_GEO-ME-24-F_1_Rg70to1050-CE102040-0-7-S1_Run151.mzML,176324944,.mzml,Error processing 20180918_KBL_TM_Lakes_GEODES_All3_QE-HF_HILICZ-VF1_USHXG01161_POS_MSMS_41_GEO-ME-24-F_1_Rg70to1050-CE102040-0-7-S1_Run151.mzML after 1 attempts: Mixed polarities detected in scan data,2026-07-07T23:05:12.460000,,,,
20180918_KBL_TM_Lakes_GEODES_All3_QE-HF_HILICZ-VF1_USHXG01161_POS_MSMS_41_GEO-ME-24-F_1_Rg70to1050-CE102040-0-7-S1_Run151.mzML,/mnt/Volumes/LaCie/nmdc_data/mcmahon_11_fkbnah04/raw/20180918_KBL_TM_Lakes_GEODES_All3_QE-HF_HILICZ-VF1_USHXG01161_POS_MSMS_41_GEO-ME-24-F_1_Rg70to1050-CE102040-0-7-S1_Run151.mzML,176324944,.mzml,Error processing 20180918_KBL_TM_Lakes_GEODES_All3_QE-HF_HILICZ-VF1_USHXG01161_POS_MSMS_41_GEO-ME-24-F_1_Rg70to1050-CE102040-0-7-S1_Run151.mzML after 1 attempts: Mixed polarities detected in scan data,2026-07-07T23:05:12.460000,,,,
20181217_KBL_TM_Lakes_GEODES_All3_QE-HF_C18_USDAY46918_NEG_MSMS_10_GEO-ME-44-UF_1_Rg80to1200-CE102040-0-7-S1_Run46.mzML,/mnt/Volumes/LaCie/nmdc_data/mcmahon_11_fkbnah04/raw/20181217_KBL_TM_Lakes_GEODES_All3_QE-HF_C18_USDAY46918_NEG_MSMS_10_GEO-ME-44-UF_1_Rg80to1200-CE102040-0-7-S1_Run46.mzML,84880841,.mzml,Error processing 20181217_KBL_TM_Lakes_GEODES_All3_QE-HF_C18_USDAY46918_NEG_MSMS_10_GEO-ME-44-UF_1_Rg80to1200-CE102040-0-7-S1_Run46.mzML after 1 attempts: Mixed polarities detected in scan data,2026-07-07T23:05:32.410000,,,,
20181217_KBL_TM_Lakes_GEODES_All3_QE-HF_C18_USDAY46918_NEG_MSMS_10_GEO-ME-44-UF_1_Rg80to1200-CE102040-0-7-S1_Run46.mzML,/mnt/Volumes/LaCie/nmdc_data/mcmahon_11_fkbnah04/raw/20181217_KBL_TM_Lakes_GEODES_All3_QE-HF_C18_USDAY46918_NEG_MSMS_10_GEO-ME-44-UF_1_Rg80to1200-CE102040-0-7-S1_Run46.mzML,84880841,.mzml,Error processing 20181217_KBL_TM_Lakes_GEODES_All3_QE-HF_C18_USDAY46918_NEG_MSMS_10_GEO-ME-44-UF_1_Rg80to1200-CE102040-0-7-S1_Run46.mzML after 1 attempts: Mixed polarities detected in scan data,2026-07-07T23:05:32.410000,,,,
20181217_KBL_TM_Lakes_GEODES_All3_QE-HF_C18_USDAY46918_NEG_MSMS_10_GEO-ME-44-UF_1_Rg80to1200-CE102040-0-7-S1_Run46.mzML,/mnt/Volumes/LaCie/nmdc_data/mcmahon_11_fkbnah04/raw/20181217_KBL_TM_Lakes_GEODES_All3_QE-HF_C18_USDAY46918_NEG_MSMS_10_GEO-ME-44-UF_1_Rg80to1200-CE102040-0-7-S1_Run46.mzML,84880841,.mzml,Error processing 20181217_KBL_TM_Lakes_GEODES_All3_QE-HF_C18_USDAY46918_NEG_MSMS_10_GEO-ME-44-UF_1_Rg80to1200-CE102040-0-7-S1_Run46.mzML after 1 attempts: Mixed polarities detected in scan data,2026-07-07T23:05:32.410000,,,,
20181217_KBL_TM_Lakes_Mendota_DepthDate_QE-HF_C18_USDAY46918_POS_MSMS_8_ME-20170811-metabo-8_1_Rg80to1200-CE102040-0p5-S1_Run36.mzML,/mnt/Volumes/LaCie/nmdc_data/mcmahon_11_fkbnah04/raw/20181217_KBL_TM_Lakes_Mendota_DepthDate_QE-HF_C18_USDAY46918_POS_MSMS_8_ME-20170811-metabo-8_1_Rg80to1200-CE102040-0p5-S1_Run36.mzML,96259389,.mzml,Error processing 20181217_KBL_TM_Lakes_Mendota_DepthDate_QE-HF_C18_USDAY46918_POS_MSMS_8_ME-20170811-metabo-8_1_Rg80to1200-CE102040-0p5-S1_Run36.mzML after 1 attempts: Mixed polarities detected in scan data,2026-07-07T23:06:40.070000,,,,
20180918_KBL_TM_Lakes_Mendota_DepthDate_QE-139_HILICZ-VF1_USHXG01161_NEG_MSMS_16_ME-20170908-metabo-16_1_Rg70to1050-CE102040-0p1-S1_Run64.mzML,/mnt/Volumes/LaCie/nmdc_data/mcmahon_11_fkbnah04/raw/20180918_KBL_TM_Lakes_Mendota_DepthDate_QE-139_HILICZ-VF1_USHXG01161_NEG_MSMS_16_ME-20170908-metabo-16_1_Rg70to1050-CE102040-0p1-S1_Run64.mzML,178101518,.mzml,Error processing 20180918_KBL_TM_Lakes_Mendota_DepthDate_QE-139_HILICZ-VF1_USHXG01161_NEG_MSMS_16_ME-20170908-metabo-16_1_Rg70to1050-CE102040-0p1-S1_Run64.mzML after 1 attempts: Mixed polarities detected in scan data,2026-07-07T23:06:15.330000,,,,
20181217_KBL_TM_Lakes_Mendota_DepthDate_QE-HF_C18_USDAY46918_POS_MSMS_8_ME-20170811-metabo-8_1_Rg80to1200-CE102040-0p5-S1_Run36.mzML,/mnt/Volumes/LaCie/nmdc_data/mcmahon_11_fkbnah04/raw/20181217_KBL_TM_Lakes_Mendota_DepthDate_QE-HF_C18_USDAY46918_POS_MSMS_8_ME-20170811-metabo-8_1_Rg80to1200-CE102040-0p5-S1_Run36.mzML,96259389,.mzml,Error processing 20181217_KBL_TM_Lakes_Mendota_DepthDate_QE-HF_C18_USDAY46918_POS_MSMS_8_ME-20170811-metabo-8_1_Rg80to1200-CE102040-0p5-S1_Run36.mzML after 1 attempts: Mixed polarities detected in scan data,2026-07-07T23:06:40.070000,,,,
20181217_KBL_TM_Lakes_Mendota_DepthDate_QE-HF_C18_USDAY46918_POS_MSMS_8_ME-20170811-metabo-8_1_Rg80to1200-CE102040-0p5-S1_Run36.mzML,/mnt/Volumes/LaCie/nmdc_data/mcmahon_11_fkbnah04/raw/20181217_KBL_TM_Lakes_Mendota_DepthDate_QE-HF_C18_USDAY46918_POS_MSMS_8_ME-20170811-metabo-8_1_Rg80to1200-CE102040-0p5-S1_Run36.mzML,96259389,.mzml,Error processing 20181217_KBL_TM_Lakes_Mendota_DepthDate_QE-HF_C18_USDAY46918_POS_MSMS_8_ME-20170811-metabo-8_1_Rg80to1200-CE102040-0p5-S1_Run36.mzML after 1 attempts: Mixed polarities detected in scan data,2026-07-07T23:06:40.070000,,,,
20180918_KBL_TM_Lakes_Mendota_DepthDate_QE-139_HILICZ-VF1_USHXG01161_NEG_MSMS_16_ME-20170908-metabo-16_1_Rg70to1050-CE102040-0p1-S1_Run64.mzML,/mnt/Volumes/LaCie/nmdc_data/mcmahon_11_fkbnah04/raw/20180918_KBL_TM_Lakes_Mendota_DepthDate_QE-139_HILICZ-VF1_USHXG01161_NEG_MSMS_16_ME-20170908-metabo-16_1_Rg70to1050-CE102040-0p1-S1_Run64.mzML,178101518,.mzml,Error processing 20180918_KBL_TM_Lakes_Mendota_DepthDate_QE-139_HILICZ-VF1_USHXG01161_NEG_MSMS_16_ME-20170908-metabo-16_1_Rg70to1050-CE102040-0p1-S1_Run64.mzML after 1 attempts: Mixed polarities detected in scan data,2026-07-07T23:06:15.330000,,,,
20180918_KBL_TM_Lakes_Mendota_DepthDate_QE-139_HILICZ-VF1_USHXG01161_NEG_MSMS_16_ME-20170908-metabo-16_1_Rg70to1050-CE102040-0p1-S1_Run64.mzML,/mnt/Volumes/LaCie/nmdc_data/mcmahon_11_fkbnah04/raw/20180918_KBL_TM_Lakes_Mendota_DepthDate_QE-139_HILICZ-VF1_USHXG01161_NEG_MSMS_16_ME-20170908-metabo-16_1_Rg70to1050-CE102040-0p1-S1_Run64.mzML,178101518,.mzml,Error processing 20180918_KBL_TM_Lakes_Mendota_DepthDate_QE-139_HILICZ-VF1_USHXG01161_NEG_MSMS_16_ME-20170908-metabo-16_1_Rg70to1050-CE102040-0p1-S1_Run64.mzML after 1 attempts: Mixed polarities detected in scan data,2026-07-07T23:06:15.330000,,,,
20180918_KBL_TM_Lakes_GEODES_All3_QE-HF_HILICZ-VF1_USHXG01161_NEG_MSMS_50_GEO-SP-12-F_1_Rg70to1050-CE102040-0-4-S1_Run184.mzML,/mnt/Volumes/LaCie/nmdc_data/mcmahon_11_fkbnah04/raw/20180918_KBL_TM_Lakes_GEODES_All3_QE-HF_HILICZ-VF1_USHXG01161_NEG_MSMS_50_GEO-SP-12-F_1_Rg70to1050-CE102040-0-4-S1_Run184.mzML,178268998,.mzml,Error processing 20180918_KBL_TM_Lakes_GEODES_All3_QE-HF_HILICZ-VF1_USHXG01161_NEG_MSMS_50_GEO-SP-12-F_1_Rg70to1050-CE102040-0-4-S1_Run184.mzML after 1 attempts: Mixed polarities detected in scan data,2026-07-07T23:06:29.640000,,,,
20180918_KBL_TM_Lakes_GEODES_All3_QE-HF_HILICZ-VF1_USHXG01161_NEG_MSMS_50_GEO-SP-12-F_1_Rg70to1050-CE102040-0-4-S1_Run184.mzML,/mnt/Volumes/LaCie/nmdc_data/mcmahon_11_fkbnah04/raw/20180918_KBL_TM_Lakes_GEODES_All3_QE-HF_HILICZ-VF1_USHXG01161_NEG_MSMS_50_GEO-SP-12-F_1_Rg70to1050-CE102040-0-4-S1_Run184.mzML,178268998,.mzml,Error processing 20180918_KBL_TM_Lakes_GEODES_All3_QE-HF_HILICZ-VF1_USHXG01161_NEG_MSMS_50_GEO-SP-12-F_1_Rg70to1050-CE102040-0-4-S1_Run184.mzML after 1 attempts: Mixed polarities detected in scan data,2026-07-07T23:06:29.640000,,,,
20180918_KBL_TM_Lakes_GEODES_All3_QE-HF_HILICZ-VF1_USHXG01161_NEG_MSMS_50_GEO-SP-12-F_1_Rg70to1050-CE102040-0-4-S1_Run184.mzML,/mnt/Volumes/LaCie/nmdc_data/mcmahon_11_fkbnah04/raw/20180918_KBL_TM_Lakes_GEODES_All3_QE-HF_HILICZ-VF1_USHXG01161_NEG_MSMS_50_GEO-SP-12-F_1_Rg70to1050-CE102040-0-4-S1_Run184.mzML,178268998,.mzml,Error processing 20180918_KBL_TM_Lakes_GEODES_All3_QE-HF_HILICZ-VF1_USHXG01161_NEG_MSMS_50_GEO-SP-12-F_1_Rg70to1050-CE102040-0-4-S1_Run184.mzML after 1 attempts: Mixed polarities detected in scan data,2026-07-07T23:06:29.640000,,,,
20180918_KBL_TM_Lakes_GEODES_All3_QE-HF_HILICZ-VF1_USHXG01161_POS_MSMS_35_GEO-TB-4-UF_1_Rg70to1050-CE102040-0-1-S1_Run133.mzML,/mnt/Volumes/LaCie/nmdc_data/mcmahon_11_fkbnah04/raw/20180918_KBL_TM_Lakes_GEODES_All3_QE-HF_HILICZ-VF1_USHXG01161_POS_MSMS_35_GEO-TB-4-UF_1_Rg70to1050-CE102040-0-1-S1_Run133.mzML,191442198,.mzml,Error processing 20180918_KBL_TM_Lakes_GEODES_All3_QE-HF_HILICZ-VF1_USHXG01161_POS_MSMS_35_GEO-TB-4-UF_1_Rg70to1050-CE102040-0-1-S1_Run133.mzML after 1 attempts: Mixed polarities detected in scan data,2026-07-07T23:07:02.460000,,,,
20180918_KBL_TM_Lakes_GEODES_All3_QE-HF_HILICZ-VF1_USHXG01161_POS_MSMS_35_GEO-TB-4-UF_1_Rg70to1050-CE102040-0-1-S1_Run133.mzML,/mnt/Volumes/LaCie/nmdc_data/mcmahon_11_fkbnah04/raw/20180918_KBL_TM_Lakes_GEODES_All3_QE-HF_HILICZ-VF1_USHXG01161_POS_MSMS_35_GEO-TB-4-UF_1_Rg70to1050-CE102040-0-1-S1_Run133.mzML,191442198,.mzml,Error processing 20180918_KBL_TM_Lakes_GEODES_All3_QE-HF_HILICZ-VF1_USHXG01161_POS_MSMS_35_GEO-TB-4-UF_1_Rg70to1050-CE102040-0-1-S1_Run133.mzML after 1 attempts: Mixed polarities detected in scan data,2026-07-07T23:07:02.460000,,,,
20180918_KBL_TM_Lakes_GEODES_All3_QE-HF_HILICZ-VF1_USHXG01161_POS_MSMS_35_GEO-TB-4-UF_1_Rg70to1050-CE102040-0-1-S1_Run133.mzML,/mnt/Volumes/LaCie/nmdc_data/mcmahon_11_fkbnah04/raw/20180918_KBL_TM_Lakes_GEODES_All3_QE-HF_HILICZ-VF1_USHXG01161_POS_MSMS_35_GEO-TB-4-UF_1_Rg70to1050-CE102040-0-1-S1_Run133.mzML,191442198,.mzml,Error processing 20180918_KBL_TM_Lakes_GEODES_All3_QE-HF_HILICZ-VF1_USHXG01161_POS_MSMS_35_GEO-TB-4-UF_1_Rg70to1050-CE102040-0-1-S1_Run133.mzML after 1 attempts: Mixed polarities detected in scan data,2026-07-07T23:07:02.460000,,,,
20181217_KBL_TM_Lakes_GEODES_All3_QE-HF_C18_USDAY46918_POS_MSMS_51_GEO-SP-16-F_1_Rg80to1200-CE102040-0-4-S1_Run186.mzML,/mnt/Volumes/LaCie/nmdc_data/mcmahon_11_fkbnah04/raw/20181217_KBL_TM_Lakes_GEODES_All3_QE-HF_C18_USDAY46918_POS_MSMS_51_GEO-SP-16-F_1_Rg80to1200-CE102040-0-4-S1_Run186.mzML,99162202,.mzml,Error processing 20181217_KBL_TM_Lakes_GEODES_All3_QE-HF_C18_USDAY46918_POS_MSMS_51_GEO-SP-16-F_1_Rg80to1200-CE102040-0-4-S1_Run186.mzML after 1 attempts: Mixed polarities detected in scan data,2026-07-07T23:08:20.990000,,,,
20181217_KBL_TM_Lakes_GEODES_All3_QE-HF_C18_USDAY46918_POS_MSMS_51_GEO-SP-16-F_1_Rg80to1200-CE102040-0-4-S1_Run186.mzML,/mnt/Volumes/LaCie/nmdc_data/mcmahon_11_fkbnah04/raw/20181217_KBL_TM_Lakes_GEODES_All3_QE-HF_C18_USDAY46918_POS_MSMS_51_GEO-SP-16-F_1_Rg80to1200-CE102040-0-4-S1_Run186.mzML,99162202,.mzml,Error processing 20181217_KBL_TM_Lakes_GEODES_All3_QE-HF_C18_USDAY46918_POS_MSMS_51_GEO-SP-16-F_1_Rg80to1200-CE102040-0-4-S1_Run186.mzML after 1 attempts: Mixed polarities detected in scan data,2026-07-07T23:08:20.990000,,,,
20181217_KBL_TM_Lakes_GEODES_All3_QE-HF_C18_USDAY46918_POS_MSMS_51_GEO-SP-16-F_1_Rg80to1200-CE102040-0-4-S1_Run186.mzML,/mnt/Volumes/LaCie/nmdc_data/mcmahon_11_fkbnah04/raw/20181217_KBL_TM_Lakes_GEODES_All3_QE-HF_C18_USDAY46918_POS_MSMS_51_GEO-SP-16-F_1_Rg80to1200-CE102040-0-4-S1_Run186.mzML,99162202,.mzml,Error processing 20181217_KBL_TM_Lakes_GEODES_All3_QE-HF_C18_USDAY46918_POS_MSMS_51_GEO-SP-16-F_1_Rg80to1200-CE102040-0-4-S1_Run186.mzML after 1 attempts: Mixed polarities detected in scan data,2026-07-07T23:08:20.990000,,,,
20181217_KBL_TM_Lakes_GEODES_All3_QE-HF_C18_USDAY46918_POS_MSMS_5_GEO-ME-24-UF_1_Rg80to1200-CE102040-0-7-S1_Run30.mzML,/mnt/Volumes/LaCie/nmdc_data/mcmahon_11_fkbnah04/raw/20181217_KBL_TM_Lakes_GEODES_All3_QE-HF_C18_USDAY46918_POS_MSMS_5_GEO-ME-24-UF_1_Rg80to1200-CE102040-0-7-S1_Run30.mzML,103962270,.mzml,Error processing 20181217_KBL_TM_Lakes_GEODES_All3_QE-HF_C18_USDAY46918_POS_MSMS_5_GEO-ME-24-UF_1_Rg80to1200-CE102040-0-7-S1_Run30.mzML after 1 attempts: Mixed polarities detected in scan data,2026-07-07T23:10:04.460000,,,,
20181217_KBL_TM_Lakes_GEODES_All3_QE-HF_C18_USDAY46918_POS_MSMS_5_GEO-ME-24-UF_1_Rg80to1200-CE102040-0-7-S1_Run30.mzML,/mnt/Volumes/LaCie/nmdc_data/mcmahon_11_fkbnah04/raw/20181217_KBL_TM_Lakes_GEODES_All3_QE-HF_C18_USDAY46918_POS_MSMS_5_GEO-ME-24-UF_1_Rg80to1200-CE102040-0-7-S1_Run30.mzML,103962270,.mzml,Error processing 20181217_KBL_TM_Lakes_GEODES_All3_QE-HF_C18_USDAY46918_POS_MSMS_5_GEO-ME-24-UF_1_Rg80to1200-CE102040-0-7-S1_Run30.mzML after 1 attempts: Mixed polarities detected in scan data,2026-07-07T23:10:04.460000,,,,
20181217_KBL_TM_Lakes_GEODES_All3_QE-HF_C18_USDAY46918_POS_MSMS_5_GEO-ME-24-UF_1_Rg80to1200-CE102040-0-7-S1_Run30.mzML,/mnt/Volumes/LaCie/nmdc_data/mcmahon_11_fkbnah04/raw/20181217_KBL_TM_Lakes_GEODES_All3_QE-HF_C18_USDAY46918_POS_MSMS_5_GEO-ME-24-UF_1_Rg80to1200-CE102040-0-7-S1_Run30.mzML,103962270,.mzml,Error processing 20181217_KBL_TM_Lakes_GEODES_All3_QE-HF_C18_USDAY46918_POS_MSMS_5_GEO-ME-24-UF_1_Rg80to1200-CE102040-0-7-S1_Run30.mzML after 1 attempts: Mixed polarities detected in scan data,2026-07-07T23:10:04.460000,,,,
20180918_KBL_TM_Lakes_GEODES_All3_QE-HF_HILICZ-VF1_USHXG01161_NEG_MSMS_29_GEO-TB-24-UF_1_Rg70to1050-CE102040-0-1-S1_Run111.mzML,/mnt/Volumes/LaCie/nmdc_data/mcmahon_11_fkbnah04/raw/20180918_KBL_TM_Lakes_GEODES_All3_QE-HF_HILICZ-VF1_USHXG01161_NEG_MSMS_29_GEO-TB-24-UF_1_Rg70to1050-CE102040-0-1-S1_Run111.mzML,199075135,.mzml,Error processing 20180918_KBL_TM_Lakes_GEODES_All3_QE-HF_HILICZ-VF1_USHXG01161_NEG_MSMS_29_GEO-TB-24-UF_1_Rg70to1050-CE102040-0-1-S1_Run111.mzML after 1 attempts: Mixed polarities detected in scan data,2026-07-07T23:08:02.350000,,,,
20180918_KBL_TM_Lakes_GEODES_All3_QE-HF_HILICZ-VF1_USHXG01161_NEG_MSMS_29_GEO-TB-24-UF_1_Rg70to1050-CE102040-0-1-S1_Run111.mzML,/mnt/Volumes/LaCie/nmdc_data/mcmahon_11_fkbnah04/raw/20180918_KBL_TM_Lakes_GEODES_All3_QE-HF_HILICZ-VF1_USHXG01161_NEG_MSMS_29_GEO-TB-24-UF_1_Rg70to1050-CE102040-0-1-S1_Run111.mzML,199075135,.mzml,Error processing 20180918_KBL_TM_Lakes_GEODES_All3_QE-HF_HILICZ-VF1_USHXG01161_NEG_MSMS_29_GEO-TB-24-UF_1_Rg70to1050-CE102040-0-1-S1_Run111.mzML after 1 attempts: Mixed polarities detected in scan data,2026-07-07T23:08:02.350000,,,,
20180918_KBL_TM_Lakes_GEODES_All3_QE-HF_HILICZ-VF1_USHXG01161_NEG_MSMS_29_GEO-TB-24-UF_1_Rg70to1050-CE102040-0-1-S1_Run111.mzML,/mnt/Volumes/LaCie/nmdc_data/mcmahon_11_fkbnah04/raw/20180918_KBL_TM_Lakes_GEODES_All3_QE-HF_HILICZ-VF1_USHXG01161_NEG_MSMS_29_GEO-TB-24-UF_1_Rg70to1050-CE102040-0-1-S1_Run111.mzML,199075135,.mzml,Error processing 20180918_KBL_TM_Lakes_GEODES_All3_QE-HF_HILICZ-VF1_USHXG01161_NEG_MSMS_29_GEO-TB-24-UF_1_Rg70to1050-CE102040-0-1-S1_Run111.mzML after 1 attempts: Mixed polarities detected in scan data,2026-07-07T23:08:02.350000,,,,
20181217_KBL_TM_Lakes_GEODES_All3_QE-HF_C18_USDAY46918_NEG_MSMS_34_GEO-TB-44-UF_1_Rg80to1200-CE102040-0-1-S1_Run131.mzML,/mnt/Volumes/LaCie/nmdc_data/mcmahon_11_fkbnah04/raw/20181217_KBL_TM_Lakes_GEODES_All3_QE-HF_C18_USDAY46918_NEG_MSMS_34_GEO-TB-44-UF_1_Rg80to1200-CE102040-0-1-S1_Run131.mzML,90140291,.mzml,Error processing 20181217_KBL_TM_Lakes_GEODES_All3_QE-HF_C18_USDAY46918_NEG_MSMS_34_GEO-TB-44-UF_1_Rg80to1200-CE102040-0-1-S1_Run131.mzML after 1 attempts: Mixed polarities detected in scan data,2026-07-07T23:12:26.150000,,,,
20181217_KBL_TM_Lakes_GEODES_All3_QE-HF_C18_USDAY46918_NEG_MSMS_34_GEO-TB-44-UF_1_Rg80to1200-CE102040-0-1-S1_Run131.mzML,/mnt/Volumes/LaCie/nmdc_data/mcmahon_11_fkbnah04/raw/20181217_KBL_TM_Lakes_GEODES_All3_QE-HF_C18_USDAY46918_NEG_MSMS_34_GEO-TB-44-UF_1_Rg80to1200-CE102040-0-1-S1_Run131.mzML,90140291,.mzml,Error processing 20181217_KBL_TM_Lakes_GEODES_All3_QE-HF_C18_USDAY46918_NEG_MSMS_34_GEO-TB-44-UF_1_Rg80to1200-CE102040-0-1-S1_Run131.mzML after 1 attempts: Mixed polarities detected in scan data,2026-07-07T23:12:26.150000,,,,
20181217_KBL_TM_Lakes_GEODES_All3_QE-HF_C18_USDAY46918_NEG_MSMS_34_GEO-TB-44-UF_1_Rg80to1200-CE102040-0-1-S1_Run131.mzML,/mnt/Volumes/LaCie/nmdc_data/mcmahon_11_fkbnah04/raw/20181217_KBL_TM_Lakes_GEODES_All3_QE-HF_C18_USDAY46918_NEG_MSMS_34_GEO-TB-44-UF_1_Rg80to1200-CE102040-0-1-S1_Run131.mzML,90140291,.mzml,Error processing 20181217_KBL_TM_Lakes_GEODES_All3_QE-HF_C18_USDAY46918_NEG_MSMS_34_GEO-TB-44-UF_1_Rg80to1200-CE102040-0-1-S1_Run131.mzML after 1 attempts: Mixed polarities detected in scan data,2026-07-07T23:12:26.150000,,,,
20181217_KBL_TM_Lakes_GEODES_All3_QE-HF_C18_USDAY46918_POS_MSMS_25_GEO-TB-0-UF_1_Rg80to1200-CE102040-0-1-S1_Run95.mzML,/mnt/Volumes/LaCie/nmdc_data/mcmahon_11_fkbnah04/raw/20181217_KBL_TM_Lakes_GEODES_All3_QE-HF_C18_USDAY46918_POS_MSMS_25_GEO-TB-0-UF_1_Rg80to1200-CE102040-0-1-S1_Run95.mzML,108514575,.mzml,Error processing 20181217_KBL_TM_Lakes_GEODES_All3_QE-HF_C18_USDAY46918_POS_MSMS_25_GEO-TB-0-UF_1_Rg80to1200-CE102040-0-1-S1_Run95.mzML after 1 attempts: Mixed polarities detected in scan data,2026-07-07T23:13:00.100000,,,,
20181217_KBL_TM_Lakes_GEODES_All3_QE-HF_C18_USDAY46918_POS_MSMS_25_GEO-TB-0-UF_1_Rg80to1200-CE102040-0-1-S1_Run95.mzML,/mnt/Volumes/LaCie/nmdc_data/mcmahon_11_fkbnah04/raw/20181217_KBL_TM_Lakes_GEODES_All3_QE-HF_C18_USDAY46918_POS_MSMS_25_GEO-TB-0-UF_1_Rg80to1200-CE102040-0-1-S1_Run95.mzML,108514575,.mzml,Error processing 20181217_KBL_TM_Lakes_GEODES_All3_QE-HF_C18_USDAY46918_POS_MSMS_25_GEO-TB-0-UF_1_Rg80to1200-CE102040-0-1-S1_Run95.mzML after 1 attempts: Mixed polarities detected in scan data,2026-07-07T23:13:00.100000,,,,
20181217_KBL_TM_Lakes_GEODES_All3_QE-HF_C18_USDAY46918_POS_MSMS_25_GEO-TB-0-UF_1_Rg80to1200-CE102040-0-1-S1_Run95.mzML,/mnt/Volumes/LaCie/nmdc_data/mcmahon_11_fkbnah04/raw/20181217_KBL_TM_Lakes_GEODES_All3_QE-HF_C18_USDAY46918_POS_MSMS_25_GEO-TB-0-UF_1_Rg80to1200-CE102040-0-1-S1_Run95.mzML,108514575,.mzml,Error processing 20181217_KBL_TM_Lakes_GEODES_All3_QE-HF_C18_USDAY46918_POS_MSMS_25_GEO-TB-0-UF_1_Rg80to1200-CE102040-0-1-S1_Run95.mzML after 1 attempts: Mixed polarities detected in scan data,2026-07-07T23:13:00.100000,,,,
20180918_KBL_TM_Lakes_GEODES_All3_QE-HF_HILICZ-VF1_USHXG01161_NEG_MSMS_6_GEO-ME-28-UF_1_Rg70to1050-CE102040-0-7-S1_Run34.mzML,/mnt/Volumes/LaCie/nmdc_data/mcmahon_11_fkbnah04/raw/20180918_KBL_TM_Lakes_GEODES_All3_QE-HF_HILICZ-VF1_USHXG01161_NEG_MSMS_6_GEO-ME-28-UF_1_Rg70to1050-CE102040-0-7-S1_Run34.mzML,170493649,.mzml,Error processing 20180918_KBL_TM_Lakes_GEODES_All3_QE-HF_HILICZ-VF1_USHXG01161_NEG_MSMS_6_GEO-ME-28-UF_1_Rg70to1050-CE102040-0-7-S1_Run34.mzML after 1 attempts: Mixed polarities detected in scan data,2026-07-07T23:10:55.050000,,,,
20180918_KBL_TM_Lakes_GEODES_All3_QE-HF_HILICZ-VF1_USHXG01161_NEG_MSMS_6_GEO-ME-28-UF_1_Rg70to1050-CE102040-0-7-S1_Run34.mzML,/mnt/Volumes/LaCie/nmdc_data/mcmahon_11_fkbnah04/raw/20180918_KBL_TM_Lakes_GEODES_All3_QE-HF_HILICZ-VF1_USHXG01161_NEG_MSMS_6_GEO-ME-28-UF_1_Rg70to1050-CE102040-0-7-S1_Run34.mzML,170493649,.mzml,Error processing 20180918_KBL_TM_Lakes_GEODES_All3_QE-HF_HILICZ-VF1_USHXG01161_NEG_MSMS_6_GEO-ME-28-UF_1_Rg70to1050-CE102040-0-7-S1_Run34.mzML after 1 attempts: Mixed polarities detected in scan data,2026-07-07T23:10:55.050000,,,,
20180918_KBL_TM_Lakes_GEODES_All3_QE-HF_HILICZ-VF1_USHXG01161_NEG_MSMS_6_GEO-ME-28-UF_1_Rg70to1050-CE102040-0-7-S1_Run34.mzML,/mnt/Volumes/LaCie/nmdc_data/mcmahon_11_fkbnah04/raw/20180918_KBL_TM_Lakes_GEODES_All3_QE-HF_HILICZ-VF1_USHXG01161_NEG_MSMS_6_GEO-ME-28-UF_1_Rg70to1050-CE102040-0-7-S1_Run34.mzML,170493649,.mzml,Error processing 20180918_KBL_TM_Lakes_GEODES_All3_QE-HF_HILICZ-VF1_USHXG01161_NEG_MSMS_6_GEO-ME-28-UF_1_Rg70to1050-CE102040-0-7-S1_Run34.mzML after 1 attempts: Mixed polarities detected in scan data,2026-07-07T23:10:55.050000,,,,
20181217_KBL_TM_Lakes_GEODES_All3_QE-HF_C18_USDAY46918_NEG_MSMS_65_GEO-TB-24-F_1_Rg80to1200-CE102040-0-1-S1_Run237.mzML,/mnt/Volumes/LaCie/nmdc_data/mcmahon_11_fkbnah04/raw/20181217_KBL_TM_Lakes_GEODES_All3_QE-HF_C18_USDAY46918_NEG_MSMS_65_GEO-TB-24-F_1_Rg80to1200-CE102040-0-1-S1_Run237.mzML,84966520,.mzml,Error processing 20181217_KBL_TM_Lakes_GEODES_All3_QE-HF_C18_USDAY46918_NEG_MSMS_65_GEO-TB-24-F_1_Rg80to1200-CE102040-0-1-S1_Run237.mzML after 1 attempts: Mixed polarities detected in scan data,2026-07-07T23:13:27.770000,,,,
20181217_KBL_TM_Lakes_GEODES_All3_QE-HF_C18_USDAY46918_NEG_MSMS_65_GEO-TB-24-F_1_Rg80to1200-CE102040-0-1-S1_Run237.mzML,/mnt/Volumes/LaCie/nmdc_data/mcmahon_11_fkbnah04/raw/20181217_KBL_TM_Lakes_GEODES_All3_QE-HF_C18_USDAY46918_NEG_MSMS_65_GEO-TB-24-F_1_Rg80to1200-CE102040-0-1-S1_Run237.mzML,84966520,.mzml,Error processing 20181217_KBL_TM_Lakes_GEODES_All3_QE-HF_C18_USDAY46918_NEG_MSMS_65_GEO-TB-24-F_1_Rg80to1200-CE102040-0-1-S1_Run237.mzML after 1 attempts: Mixed polarities detected in scan data,2026-07-07T23:13:27.770000,,,,
20181217_KBL_TM_Lakes_GEODES_All3_QE-HF_C18_USDAY46918_NEG_MSMS_65_GEO-TB-24-F_1_Rg80to1200-CE102040-0-1-S1_Run237.mzML,/mnt/Volumes/LaCie/nmdc_data/mcmahon_11_fkbnah04/raw/20181217_KBL_TM_Lakes_GEODES_All3_QE-HF_C18_USDAY46918_NEG_MSMS_65_GEO-TB-24-F_1_Rg80to1200-CE102040-0-1-S1_Run237.mzML,84966520,.mzml,Error processing 20181217_KBL_TM_Lakes_GEODES_All3_QE-HF_C18_USDAY46918_NEG_MSMS_65_GEO-TB-24-F_1_Rg80to1200-CE102040-0-1-S1_Run237.mzML after 1 attempts: Mixed polarities detected in scan data,2026-07-07T23:13:27.770000,,,,
20181217_KBL_TM_Lakes_GEODES_All3_QE-HF_C18_USDAY46918_NEG_MSMS_70_GEO-TB-44-F_1_Rg80to1200-CE102040-0-1-S1_Run252.mzML,/mnt/Volumes/LaCie/nmdc_data/mcmahon_11_fkbnah04/raw/20181217_KBL_TM_Lakes_GEODES_All3_QE-HF_C18_USDAY46918_NEG_MSMS_70_GEO-TB-44-F_1_Rg80to1200-CE102040-0-1-S1_Run252.mzML,86076751,.mzml,Error processing 20181217_KBL_TM_Lakes_GEODES_All3_QE-HF_C18_USDAY46918_NEG_MSMS_70_GEO-TB-44-F_1_Rg80to1200-CE102040-0-1-S1_Run252.mzML after 1 attempts: Mixed polarities detected in scan data,2026-07-07T23:14:17.610000,,,,
20181217_KBL_TM_Lakes_GEODES_All3_QE-HF_C18_USDAY46918_NEG_MSMS_70_GEO-TB-44-F_1_Rg80to1200-CE102040-0-1-S1_Run252.mzML,/mnt/Volumes/LaCie/nmdc_data/mcmahon_11_fkbnah04/raw/20181217_KBL_TM_Lakes_GEODES_All3_QE-HF_C18_USDAY46918_NEG_MSMS_70_GEO-TB-44-F_1_Rg80to1200-CE102040-0-1-S1_Run252.mzML,86076751,.mzml,Error processing 20181217_KBL_TM_Lakes_GEODES_All3_QE-HF_C18_USDAY46918_NEG_MSMS_70_GEO-TB-44-F_1_Rg80to1200-CE102040-0-1-S1_Run252.mzML after 1 attempts: Mixed polarities detected in scan data,2026-07-07T23:14:17.610000,,,,
20181217_KBL_TM_Lakes_GEODES_All3_QE-HF_C18_USDAY46918_NEG_MSMS_70_GEO-TB-44-F_1_Rg80to1200-CE102040-0-1-S1_Run252.mzML,/mnt/Volumes/LaCie/nmdc_data/mcmahon_11_fkbnah04/raw/20181217_KBL_TM_Lakes_GEODES_All3_QE-HF_C18_USDAY46918_NEG_MSMS_70_GEO-TB-44-F_1_Rg80to1200-CE102040-0-1-S1_Run252.mzML,86076751,.mzml,Error processing 20181217_KBL_TM_Lakes_GEODES_All3_QE-HF_C18_USDAY46918_NEG_MSMS_70_GEO-TB-44-F_1_Rg80to1200-CE102040-0-1-S1_Run252.mzML after 1 attempts: Mixed polarities detected in scan data,2026-07-07T23:14:17.610000,,,,
20180918_KBL_TM_Lakes_GEODES_All3_QE-HF_HILICZ-VF1_USHXG01161_NEG_MSMS_63_GEO-TB-16-F_1_Rg70to1050-CE102040-0-1-S1_Run231.mzML,/mnt/Volumes/LaCie/nmdc_data/mcmahon_11_fkbnah04/raw/20180918_KBL_TM_Lakes_GEODES_All3_QE-HF_HILICZ-VF1_USHXG01161_NEG_MSMS_63_GEO-TB-16-F_1_Rg70to1050-CE102040-0-1-S1_Run231.mzML,202083191,.mzml,Error processing 20180918_KBL_TM_Lakes_GEODES_All3_QE-HF_HILICZ-VF1_USHXG01161_NEG_MSMS_63_GEO-TB-16-F_1_Rg70to1050-CE102040-0-1-S1_Run231.mzML after 1 attempts: Mixed polarities detected in scan data,2026-07-07T23:13:47.450000,,,,
20180918_KBL_TM_Lakes_GEODES_All3_QE-HF_HILICZ-VF1_USHXG01161_NEG_MSMS_63_GEO-TB-16-F_1_Rg70to1050-CE102040-0-1-S1_Run231.mzML,/mnt/Volumes/LaCie/nmdc_data/mcmahon_11_fkbnah04/raw/20180918_KBL_TM_Lakes_GEODES_All3_QE-HF_HILICZ-VF1_USHXG01161_NEG_MSMS_63_GEO-TB-16-F_1_Rg70to1050-CE102040-0-1-S1_Run231.mzML,202083191,.mzml,Error processing 20180918_KBL_TM_Lakes_GEODES_All3_QE-HF_HILICZ-VF1_USHXG01161_NEG_MSMS_63_GEO-TB-16-F_1_Rg70to1050-CE102040-0-1-S1_Run231.mzML after 1 attempts: Mixed polarities detected in scan data,2026-07-07T23:13:47.450000,,,,
20180918_KBL_TM_Lakes_GEODES_All3_QE-HF_HILICZ-VF1_USHXG01161_NEG_MSMS_63_GEO-TB-16-F_1_Rg70to1050-CE102040-0-1-S1_Run231.mzML,/mnt/Volumes/LaCie/nmdc_data/mcmahon_11_fkbnah04/raw/20180918_KBL_TM_Lakes_GEODES_All3_QE-HF_HILICZ-VF1_USHXG01161_NEG_MSMS_63_GEO-TB-16-F_1_Rg70to1050-CE102040-0-1-S1_Run231.mzML,202083191,.mzml,Error processing 20180918_KBL_TM_Lakes_GEODES_All3_QE-HF_HILICZ-VF1_USHXG01161_NEG_MSMS_63_GEO-TB-16-F_1_Rg70to1050-CE102040-0-1-S1_Run231.mzML after 1 attempts: Mixed polarities detected in scan data,2026-07-07T23:13:47.450000,,,,
20180918_KBL_TM_Lakes_GEODES_All3_QE-HF_HILICZ-VF1_USHXG01161_POS_MSMS_6_GEO-ME-28-UF_1_Rg70to1050-CE102040-0-7-S1_Run33.mzML,/mnt/Volumes/LaCie/nmdc_data/mcmahon_11_fkbnah04/raw/20180918_KBL_TM_Lakes_GEODES_All3_QE-HF_HILICZ-VF1_USHXG01161_POS_MSMS_6_GEO-ME-28-UF_1_Rg70to1050-CE102040-0-7-S1_Run33.mzML,172594452,.mzml,Error processing 20180918_KBL_TM_Lakes_GEODES_All3_QE-HF_HILICZ-VF1_USHXG01161_POS_MSMS_6_GEO-ME-28-UF_1_Rg70to1050-CE102040-0-7-S1_Run33.mzML after 1 attempts: Mixed polarities detected in scan data,2026-07-07T23:14:57.640000,,,,
20180918_KBL_TM_Lakes_GEODES_All3_QE-HF_HILICZ-VF1_USHXG01161_POS_MSMS_6_GEO-ME-28-UF_1_Rg70to1050-CE102040-0-7-S1_Run33.mzML,/mnt/Volumes/LaCie/nmdc_data/mcmahon_11_fkbnah04/raw/20180918_KBL_TM_Lakes_GEODES_All3_QE-HF_HILICZ-VF1_USHXG01161_POS_MSMS_6_GEO-ME-28-UF_1_Rg70to1050-CE102040-0-7-S1_Run33.mzML,172594452,.mzml,Error processing 20180918_KBL_TM_Lakes_GEODES_All3_QE-HF_HILICZ-VF1_USHXG01161_POS_MSMS_6_GEO-ME-28-UF_1_Rg70to1050-CE102040-0-7-S1_Run33.mzML after 1 attempts: Mixed polarities detected in scan data,2026-07-07T23:14:57.640000,,,,
20180918_KBL_TM_Lakes_GEODES_All3_QE-HF_HILICZ-VF1_USHXG01161_POS_MSMS_6_GEO-ME-28-UF_1_Rg70to1050-CE102040-0-7-S1_Run33.mzML,/mnt/Volumes/LaCie/nmdc_data/mcmahon_11_fkbnah04/raw/20180918_KBL_TM_Lakes_GEODES_All3_QE-HF_HILICZ-VF1_USHXG01161_POS_MSMS_6_GEO-ME-28-UF_1_Rg70to1050-CE102040-0-7-S1_Run33.mzML,172594452,.mzml,Error processing 20180918_KBL_TM_Lakes_GEODES_All3_QE-HF_HILICZ-VF1_USHXG01161_POS_MSMS_6_GEO-ME-28-UF_1_Rg70to1050-CE102040-0-7-S1_Run33.mzML after 1 attempts: Mixed polarities detected in scan data,2026-07-07T23:14:57.640000,,,,
20180918_KBL_TM_Lakes_Mendota_DepthDate_QE-139_HILICZ-VF1_USHXG01161_NEG_MSMS_12_ME-20170908-metabo-12_1_Rg70to1050-CE102040-14p5-S1_Run52.mzML,/mnt/Volumes/LaCie/nmdc_data/mcmahon_11_fkbnah04/raw/20180918_KBL_TM_Lakes_Mendota_DepthDate_QE-139_HILICZ-VF1_USHXG01161_NEG_MSMS_12_ME-20170908-metabo-12_1_Rg70to1050-CE102040-14p5-S1_Run52.mzML,172570734,.mzml,Error processing 20180918_KBL_TM_Lakes_Mendota_DepthDate_QE-139_HILICZ-VF1_USHXG01161_NEG_MSMS_12_ME-20170908-metabo-12_1_Rg70to1050-CE102040-14p5-S1_Run52.mzML after 1 attempts: Mixed polarities detected in scan data,2026-07-07T23:14:37.420000,,,,
20180918_KBL_TM_Lakes_Mendota_DepthDate_QE-139_HILICZ-VF1_USHXG01161_NEG_MSMS_12_ME-20170908-metabo-12_1_Rg70to1050-CE102040-14p5-S1_Run52.mzML,/mnt/Volumes/LaCie/nmdc_data/mcmahon_11_fkbnah04/raw/20180918_KBL_TM_Lakes_Mendota_DepthDate_QE-139_HILICZ-VF1_USHXG01161_NEG_MSMS_12_ME-20170908-metabo-12_1_Rg70to1050-CE102040-14p5-S1_Run52.mzML,172570734,.mzml,Error processing 20180918_KBL_TM_Lakes_Mendota_DepthDate_QE-139_HILICZ-VF1_USHXG01161_NEG_MSMS_12_ME-20170908-metabo-12_1_Rg70to1050-CE102040-14p5-S1_Run52.mzML after 1 attempts: Mixed polarities detected in scan data,2026-07-07T23:14:37.420000,,,,
20180918_KBL_TM_Lakes_Mendota_DepthDate_QE-139_HILICZ-VF1_USHXG01161_NEG_MSMS_12_ME-20170908-metabo-12_1_Rg70to1050-CE102040-14p5-S1_Run52.mzML,/mnt/Volumes/LaCie/nmdc_data/mcmahon_11_fkbnah04/raw/20180918_KBL_TM_Lakes_Mendota_DepthDate_QE-139_HILICZ-VF1_USHXG01161_NEG_MSMS_12_ME-20170908-metabo-12_1_Rg70to1050-CE102040-14p5-S1_Run52.mzML,172570734,.mzml,Error processing 20180918_KBL_TM_Lakes_Mendota_DepthDate_QE-139_HILICZ-VF1_USHXG01161_NEG_MSMS_12_ME-20170908-metabo-12_1_Rg70to1050-CE102040-14p5-S1_Run52.mzML after 1 attempts: Mixed polarities detected in scan data,2026-07-07T23:14:37.420000,,,,
20180918_KBL_TM_Lakes_GEODES_All3_QE-HF_HILICZ-VF1_USHXG01161_NEG_MSMS_38_GEO-ME-12-F_1_Rg70to1050-CE102040-0-7-S1_Run143.mzML,/mnt/Volumes/LaCie/nmdc_data/mcmahon_11_fkbnah04/raw/20180918_KBL_TM_Lakes_GEODES_All3_QE-HF_HILICZ-VF1_USHXG01161_NEG_MSMS_38_GEO-ME-12-F_1_Rg70to1050-CE102040-0-7-S1_Run143.mzML,169045518,.mzml,Error processing 20180918_KBL_TM_Lakes_GEODES_All3_QE-HF_HILICZ-VF1_USHXG01161_NEG_MSMS_38_GEO-ME-12-F_1_Rg70to1050-CE102040-0-7-S1_Run143.mzML after 1 attempts: Mixed polarities detected in scan data,2026-07-07T23:15:29.550000,,,,
20180918_KBL_TM_Lakes_GEODES_All3_QE-HF_HILICZ-VF1_USHXG01161_NEG_MSMS_38_GEO-ME-12-F_1_Rg70to1050-CE102040-0-7-S1_Run143.mzML,/mnt/Volumes/LaCie/nmdc_data/mcmahon_11_fkbnah04/raw/20180918_KBL_TM_Lakes_GEODES_All3_QE-HF_HILICZ-VF1_USHXG01161_NEG_MSMS_38_GEO-ME-12-F_1_Rg70to1050-CE102040-0-7-S1_Run143.mzML,169045518,.mzml,Error processing 20180918_KBL_TM_Lakes_GEODES_All3_QE-HF_HILICZ-VF1_USHXG01161_NEG_MSMS_38_GEO-ME-12-F_1_Rg70to1050-CE102040-0-7-S1_Run143.mzML after 1 attempts: Mixed polarities detected in scan data,2026-07-07T23:15:29.550000,,,,
20180918_KBL_TM_Lakes_GEODES_All3_QE-HF_HILICZ-VF1_USHXG01161_NEG_MSMS_38_GEO-ME-12-F_1_Rg70to1050-CE102040-0-7-S1_Run143.mzML,/mnt/Volumes/LaCie/nmdc_data/mcmahon_11_fkbnah04/raw/20180918_KBL_TM_Lakes_GEODES_All3_QE-HF_HILICZ-VF1_USHXG01161_NEG_MSMS_38_GEO-ME-12-F_1_Rg70to1050-CE102040-0-7-S1_Run143.mzML,169045518,.mzml,Error processing 20180918_KBL_TM_Lakes_GEODES_All3_QE-HF_HILICZ-VF1_USHXG01161_NEG_MSMS_38_GEO-ME-12-F_1_Rg70to1050-CE102040-0-7-S1_Run143.mzML after 1 attempts: Mixed polarities detected in scan data,2026-07-07T23:15:29.550000,,,,
20180918_KBL_TM_Lakes_GEODES_All3_QE-HF_HILICZ-VF1_USHXG01161_POS_MSMS_3_GEO-ME-16-UF_1_Rg70to1050-CE102040-0-7-S1_Run24.mzML,/mnt/Volumes/LaCie/nmdc_data/mcmahon_11_fkbnah04/raw/20180918_KBL_TM_Lakes_GEODES_All3_QE-HF_HILICZ-VF1_USHXG01161_POS_MSMS_3_GEO-ME-16-UF_1_Rg70to1050-CE102040-0-7-S1_Run24.mzML,171645339,.mzml,Error processing 20180918_KBL_TM_Lakes_GEODES_All3_QE-HF_HILICZ-VF1_USHXG01161_POS_MSMS_3_GEO-ME-16-UF_1_Rg70to1050-CE102040-0-7-S1_Run24.mzML after 1 attempts: Mixed polarities detected in scan data,2026-07-07T23:15:45.890000,,,,
20180918_KBL_TM_Lakes_GEODES_All3_QE-HF_HILICZ-VF1_USHXG01161_POS_MSMS_3_GEO-ME-16-UF_1_Rg70to1050-CE102040-0-7-S1_Run24.mzML,/mnt/Volumes/LaCie/nmdc_data/mcmahon_11_fkbnah04/raw/20180918_KBL_TM_Lakes_GEODES_All3_QE-HF_HILICZ-VF1_USHXG01161_POS_MSMS_3_GEO-ME-16-UF_1_Rg70to1050-CE102040-0-7-S1_Run24.mzML,171645339,.mzml,Error processing 20180918_KBL_TM_Lakes_GEODES_All3_QE-HF_HILICZ-VF1_USHXG01161_POS_MSMS_3_GEO-ME-16-UF_1_Rg70to1050-CE102040-0-7-S1_Run24.mzML after 1 attempts: Mixed polarities detected in scan data,2026-07-07T23:15:45.890000,,,,
20180918_KBL_TM_Lakes_GEODES_All3_QE-HF_HILICZ-VF1_USHXG01161_POS_MSMS_3_GEO-ME-16-UF_1_Rg70to1050-CE102040-0-7-S1_Run24.mzML,/mnt/Volumes/LaCie/nmdc_data/mcmahon_11_fkbnah04/raw/20180918_KBL_TM_Lakes_GEODES_All3_QE-HF_HILICZ-VF1_USHXG01161_POS_MSMS_3_GEO-ME-16-UF_1_Rg70to1050-CE102040-0-7-S1_Run24.mzML,171645339,.mzml,Error processing 20180918_KBL_TM_Lakes_GEODES_All3_QE-HF_HILICZ-VF1_USHXG01161_POS_MSMS_3_GEO-ME-16-UF_1_Rg70to1050-CE102040-0-7-S1_Run24.mzML after 1 attempts: Mixed polarities detected in scan data,2026-07-07T23:15:45.890000,,,,
20181217_KBL_TM_Lakes_GEODES_All3_QE-HF_C18_USDAY46918_NEG_MSMS_45_GEO-ME-40-F_1_Rg80to1200-CE102040-0-7-S1_Run164.mzML,/mnt/Volumes/LaCie/nmdc_data/mcmahon_11_fkbnah04/raw/20181217_KBL_TM_Lakes_GEODES_All3_QE-HF_C18_USDAY46918_NEG_MSMS_45_GEO-ME-40-F_1_Rg80to1200-CE102040-0-7-S1_Run164.mzML,78362788,.mzml,Error processing 20181217_KBL_TM_Lakes_GEODES_All3_QE-HF_C18_USDAY46918_NEG_MSMS_45_GEO-ME-40-F_1_Rg80to1200-CE102040-0-7-S1_Run164.mzML after 1 attempts: Mixed polarities detected in scan data,2026-07-07T23:17:13.030000,,,,
20181217_KBL_TM_Lakes_GEODES_All3_QE-HF_C18_USDAY46918_NEG_MSMS_45_GEO-ME-40-F_1_Rg80to1200-CE102040-0-7-S1_Run164.mzML,/mnt/Volumes/LaCie/nmdc_data/mcmahon_11_fkbnah04/raw/20181217_KBL_TM_Lakes_GEODES_All3_QE-HF_C18_USDAY46918_NEG_MSMS_45_GEO-ME-40-F_1_Rg80to1200-CE102040-0-7-S1_Run164.mzML,78362788,.mzml,Error processing 20181217_KBL_TM_Lakes_GEODES_All3_QE-HF_C18_USDAY46918_NEG_MSMS_45_GEO-ME-40-F_1_Rg80to1200-CE102040-0-7-S1_Run164.mzML after 1 attempts: Mixed polarities detected in scan data,2026-07-07T23:17:13.030000,,,,
20181217_KBL_TM_Lakes_GEODES_All3_QE-HF_C18_USDAY46918_NEG_MSMS_45_GEO-ME-40-F_1_Rg80to1200-CE102040-0-7-S1_Run164.mzML,/mnt/Volumes/LaCie/nmdc_data/mcmahon_11_fkbnah04/raw/20181217_KBL_TM_Lakes_GEODES_All3_QE-HF_C18_USDAY46918_NEG_MSMS_45_GEO-ME-40-F_1_Rg80to1200-CE102040-0-7-S1_Run164.mzML,78362788,.mzml,Error processing 20181217_KBL_TM_Lakes_GEODES_All3_QE-HF_C18_USDAY46918_NEG_MSMS_45_GEO-ME-40-F_1_Rg80to1200-CE102040-0-7-S1_Run164.mzML after 1 attempts: Mixed polarities detected in scan data,2026-07-07T23:17:13.030000,,,,
20180918_KBL_TM_Lakes_GEODES_All3_QE-HF_HILICZ-VF1_USHXG01161_NEG_MSMS_20_GEO-SP-36-UF_1_Rg70to1050-CE102040-0-4-S1_Run81.mzML,/mnt/Volumes/LaCie/nmdc_data/mcmahon_11_fkbnah04/raw/20180918_KBL_TM_Lakes_GEODES_All3_QE-HF_HILICZ-VF1_USHXG01161_NEG_MSMS_20_GEO-SP-36-UF_1_Rg70to1050-CE102040-0-4-S1_Run81.mzML,179675144,.mzml,Error processing 20180918_KBL_TM_Lakes_GEODES_All3_QE-HF_HILICZ-VF1_USHXG01161_NEG_MSMS_20_GEO-SP-36-UF_1_Rg70to1050-CE102040-0-4-S1_Run81.mzML after 1 attempts: Mixed polarities detected in scan data,2026-07-07T23:16:03.250000,,,,
20180918_KBL_TM_Lakes_GEODES_All3_QE-HF_HILICZ-VF1_USHXG01161_NEG_MSMS_20_GEO-SP-36-UF_1_Rg70to1050-CE102040-0-4-S1_Run81.mzML,/mnt/Volumes/LaCie/nmdc_data/mcmahon_11_fkbnah04/raw/20180918_KBL_TM_Lakes_GEODES_All3_QE-HF_HILICZ-VF1_USHXG01161_NEG_MSMS_20_GEO-SP-36-UF_1_Rg70to1050-CE102040-0-4-S1_Run81.mzML,179675144,.mzml,Error processing 20180918_KBL_TM_Lakes_GEODES_All3_QE-HF_HILICZ-VF1_USHXG01161_NEG_MSMS_20_GEO-SP-36-UF_1_Rg70to1050-CE102040-0-4-S1_Run81.mzML after 1 attempts: Mixed polarities detected in scan data,2026-07-07T23:16:03.250000,,,,
20180918_KBL_TM_Lakes_GEODES_All3_QE-HF_HILICZ-VF1_USHXG01161_NEG_MSMS_20_GEO-SP-36-UF_1_Rg70to1050-CE102040-0-4-S1_Run81.mzML,/mnt/Volumes/LaCie/nmdc_data/mcmahon_11_fkbnah04/raw/20180918_KBL_TM_Lakes_GEODES_All3_QE-HF_HILICZ-VF1_USHXG01161_NEG_MSMS_20_GEO-SP-36-UF_1_Rg70to1050-CE102040-0-4-S1_Run81.mzML,179675144,.mzml,Error processing 20180918_KBL_TM_Lakes_GEODES_All3_QE-HF_HILICZ-VF1_USHXG01161_NEG_MSMS_20_GEO-SP-36-UF_1_Rg70to1050-CE102040-0-4-S1_Run81.mzML after 1 attempts: Mixed polarities detected in scan data,2026-07-07T23:16:03.250000,,,,
20180918_KBL_TM_Lakes_GEODES_All3_QE-HF_HILICZ-VF1_USHXG01161_POS_MSMS_2_GEO-ME-12-UF_1_Rg70to1050-CE102040-0-7-S1_Run21.mzML,/mnt/Volumes/LaCie/nmdc_data/mcmahon_11_fkbnah04/raw/20180918_KBL_TM_Lakes_GEODES_All3_QE-HF_HILICZ-VF1_USHXG01161_POS_MSMS_2_GEO-ME-12-UF_1_Rg70to1050-CE102040-0-7-S1_Run21.mzML,171626682,.mzml,Error processing 20180918_KBL_TM_Lakes_GEODES_All3_QE-HF_HILICZ-VF1_USHXG01161_POS_MSMS_2_GEO-ME-12-UF_1_Rg70to1050-CE102040-0-7-S1_Run21.mzML after 1 attempts: Mixed polarities detected in scan data,2026-07-07T23:17:03.650000,,,,
20180918_KBL_TM_Lakes_GEODES_All3_QE-HF_HILICZ-VF1_USHXG01161_POS_MSMS_2_GEO-ME-12-UF_1_Rg70to1050-CE102040-0-7-S1_Run21.mzML,/mnt/Volumes/LaCie/nmdc_data/mcmahon_11_fkbnah04/raw/20180918_KBL_TM_Lakes_GEODES_All3_QE-HF_HILICZ-VF1_USHXG01161_POS_MSMS_2_GEO-ME-12-UF_1_Rg70to1050-CE102040-0-7-S1_Run21.mzML,171626682,.mzml,Error processing 20180918_KBL_TM_Lakes_GEODES_All3_QE-HF_HILICZ-VF1_USHXG01161_POS_MSMS_2_GEO-ME-12-UF_1_Rg70to1050-CE102040-0-7-S1_Run21.mzML after 1 attempts: Mixed polarities detected in scan data,2026-07-07T23:17:03.650000,,,,
20180918_KBL_TM_Lakes_GEODES_All3_QE-HF_HILICZ-VF1_USHXG01161_POS_MSMS_2_GEO-ME-12-UF_1_Rg70to1050-CE102040-0-7-S1_Run21.mzML,/mnt/Volumes/LaCie/nmdc_data/mcmahon_11_fkbnah04/raw/20180918_KBL_TM_Lakes_GEODES_All3_QE-HF_HILICZ-VF1_USHXG01161_POS_MSMS_2_GEO-ME-12-UF_1_Rg70to1050-CE102040-0-7-S1_Run21.mzML,171626682,.mzml,Error processing 20180918_KBL_TM_Lakes_GEODES_All3_QE-HF_HILICZ-VF1_USHXG01161_POS_MSMS_2_GEO-ME-12-UF_1_Rg70to1050-CE102040-0-7-S1_Run21.mzML after 1 attempts: Mixed polarities detected in scan data,2026-07-07T23:17:03.650000,,,,
20181217_KBL_TM_Lakes_GEODES_All3_QE-HF_C18_USDAY46918_NEG_MSMS_46_GEO-ME-44-F_1_Rg80to1200-CE102040-0-7-S1_Run172.mzML,/mnt/Volumes/LaCie/nmdc_data/mcmahon_11_fkbnah04/raw/20181217_KBL_TM_Lakes_GEODES_All3_QE-HF_C18_USDAY46918_NEG_MSMS_46_GEO-ME-44-F_1_Rg80to1200-CE102040-0-7-S1_Run172.mzML,77619098,.mzml,Error processing 20181217_KBL_TM_Lakes_GEODES_All3_QE-HF_C18_USDAY46918_NEG_MSMS_46_GEO-ME-44-F_1_Rg80to1200-CE102040-0-7-S1_Run172.mzML after 1 attempts: Mixed polarities detected in scan data,2026-07-07T23:17:21.520000,,,,
20181217_KBL_TM_Lakes_GEODES_All3_QE-HF_C18_USDAY46918_NEG_MSMS_46_GEO-ME-44-F_1_Rg80to1200-CE102040-0-7-S1_Run172.mzML,/mnt/Volumes/LaCie/nmdc_data/mcmahon_11_fkbnah04/raw/20181217_KBL_TM_Lakes_GEODES_All3_QE-HF_C18_USDAY46918_NEG_MSMS_46_GEO-ME-44-F_1_Rg80to1200-CE102040-0-7-S1_Run172.mzML,77619098,.mzml,Error processing 20181217_KBL_TM_Lakes_GEODES_All3_QE-HF_C18_USDAY46918_NEG_MSMS_46_GEO-ME-44-F_1_Rg80to1200-CE102040-0-7-S1_Run172.mzML after 1 attempts: Mixed polarities detected in scan data,2026-07-07T23:17:21.520000,,,,
20181217_KBL_TM_Lakes_GEODES_All3_QE-HF_C18_USDAY46918_NEG_MSMS_46_GEO-ME-44-F_1_Rg80to1200-CE102040-0-7-S1_Run172.mzML,/mnt/Volumes/LaCie/nmdc_data/mcmahon_11_fkbnah04/raw/20181217_KBL_TM_Lakes_GEODES_All3_QE-HF_C18_USDAY46918_NEG_MSMS_46_GEO-ME-44-F_1_Rg80to1200-CE102040-0-7-S1_Run172.mzML,77619098,.mzml,Error processing 20181217_KBL_TM_Lakes_GEODES_All3_QE-HF_C18_USDAY46918_NEG_MSMS_46_GEO-ME-44-F_1_Rg80to1200-CE102040-0-7-S1_Run172.mzML after 1 attempts: Mixed polarities detected in scan data,2026-07-07T23:17:21.520000,,,,
20181217_KBL_TM_Lakes_Mendota_DepthDate_QE-HF_C18_USDAY46918_NEG_MSMS_16_ME-20170908-metabo-16_1_Rg80to1200-CE102040-0p1-S1_Run64.mzML,/mnt/Volumes/LaCie/nmdc_data/mcmahon_11_fkbnah04/raw/20181217_KBL_TM_Lakes_Mendota_DepthDate_QE-HF_C18_USDAY46918_NEG_MSMS_16_ME-20170908-metabo-16_1_Rg80to1200-CE102040-0p1-S1_Run64.mzML,78606686,.mzml,Error processing 20181217_KBL_TM_Lakes_Mendota_DepthDate_QE-HF_C18_USDAY46918_NEG_MSMS_16_ME-20170908-metabo-16_1_Rg80to1200-CE102040-0p1-S1_Run64.mzML after 1 attempts: Mixed polarities detected in scan data,2026-07-07T23:18:28.780000,,,,
20181217_KBL_TM_Lakes_Mendota_DepthDate_QE-HF_C18_USDAY46918_NEG_MSMS_16_ME-20170908-metabo-16_1_Rg80to1200-CE102040-0p1-S1_Run64.mzML,/mnt/Volumes/LaCie/nmdc_data/mcmahon_11_fkbnah04/raw/20181217_KBL_TM_Lakes_Mendota_DepthDate_QE-HF_C18_USDAY46918_NEG_MSMS_16_ME-20170908-metabo-16_1_Rg80to1200-CE102040-0p1-S1_Run64.mzML,78606686,.mzml,Error processing 20181217_KBL_TM_Lakes_Mendota_DepthDate_QE-HF_C18_USDAY46918_NEG_MSMS_16_ME-20170908-metabo-16_1_Rg80to1200-CE102040-0p1-S1_Run64.mzML after 1 attempts: Mixed polarities detected in scan data,2026-07-07T23:18:28.780000,,,,
20181217_KBL_TM_Lakes_Mendota_DepthDate_QE-HF_C18_USDAY46918_NEG_MSMS_16_ME-20170908-metabo-16_1_Rg80to1200-CE102040-0p1-S1_Run64.mzML,/mnt/Volumes/LaCie/nmdc_data/mcmahon_11_fkbnah04/raw/20181217_KBL_TM_Lakes_Mendota_DepthDate_QE-HF_C18_USDAY46918_NEG_MSMS_16_ME-20170908-metabo-16_1_Rg80to1200-CE102040-0p1-S1_Run64.mzML,78606686,.mzml,Error processing 20181217_KBL_TM_Lakes_Mendota_DepthDate_QE-HF_C18_USDAY46918_NEG_MSMS_16_ME-20170908-metabo-16_1_Rg80to1200-CE102040-0p1-S1_Run64.mzML after 1 attempts: Mixed polarities detected in scan data,2026-07-07T23:18:28.780000,,,,
20181217_KBL_TM_Lakes_GEODES_All3_QE-HF_C18_USDAY46918_POS_MSMS_6_GEO-ME-28-UF_1_Rg80to1200-CE102040-0-7-S1_Run33.mzML,/mnt/Volumes/LaCie/nmdc_data/mcmahon_11_fkbnah04/raw/20181217_KBL_TM_Lakes_GEODES_All3_QE-HF_C18_USDAY46918_POS_MSMS_6_GEO-ME-28-UF_1_Rg80to1200-CE102040-0-7-S1_Run33.mzML,105757380,.mzml,Error processing 20181217_KBL_TM_Lakes_GEODES_All3_QE-HF_C18_USDAY46918_POS_MSMS_6_GEO-ME-28-UF_1_Rg80to1200-CE102040-0-7-S1_Run33.mzML after 1 attempts: Mixed polarities detected in scan data,2026-07-07T23:17:58.770000,,,,
20181217_KBL_TM_Lakes_GEODES_All3_QE-HF_C18_USDAY46918_POS_MSMS_6_GEO-ME-28-UF_1_Rg80to1200-CE102040-0-7-S1_Run33.mzML,/mnt/Volumes/LaCie/nmdc_data/mcmahon_11_fkbnah04/raw/20181217_KBL_TM_Lakes_GEODES_All3_QE-HF_C18_USDAY46918_POS_MSMS_6_GEO-ME-28-UF_1_Rg80to1200-CE102040-0-7-S1_Run33.mzML,105757380,.mzml,Error processing 20181217_KBL_TM_Lakes_GEODES_All3_QE-HF_C18_USDAY46918_POS_MSMS_6_GEO-ME-28-UF_1_Rg80to1200-CE102040-0-7-S1_Run33.mzML after 1 attempts: Mixed polarities detected in scan data,2026-07-07T23:17:58.770000,,,,
20181217_KBL_TM_Lakes_GEODES_All3_QE-HF_C18_USDAY46918_POS_MSMS_6_GEO-ME-28-UF_1_Rg80to1200-CE102040-0-7-S1_Run33.mzML,/mnt/Volumes/LaCie/nmdc_data/mcmahon_11_fkbnah04/raw/20181217_KBL_TM_Lakes_GEODES_All3_QE-HF_C18_USDAY46918_POS_MSMS_6_GEO-ME-28-UF_1_Rg80to1200-CE102040-0-7-S1_Run33.mzML,105757380,.mzml,Error processing 20181217_KBL_TM_Lakes_GEODES_All3_QE-HF_C18_USDAY46918_POS_MSMS_6_GEO-ME-28-UF_1_Rg80to1200-CE102040-0-7-S1_Run33.mzML after 1 attempts: Mixed polarities detected in scan data,2026-07-07T23:17:58.770000,,,,
20181217_KBL_TM_Lakes_GEODES_All3_QE-HF_C18_USDAY46918_POS_MSMS_12_GEO-ME-8-UF_1_Rg80to1200-CE102040-0-7-S1_Run51.mzML,/mnt/Volumes/LaCie/nmdc_data/mcmahon_11_fkbnah04/raw/20181217_KBL_TM_Lakes_GEODES_All3_QE-HF_C18_USDAY46918_POS_MSMS_12_GEO-ME-8-UF_1_Rg80to1200-CE102040-0-7-S1_Run51.mzML,103993831,.mzml,Error processing 20181217_KBL_TM_Lakes_GEODES_All3_QE-HF_C18_USDAY46918_POS_MSMS_12_GEO-ME-8-UF_1_Rg80to1200-CE102040-0-7-S1_Run51.mzML after 1 attempts: Mixed polarities detected in scan data,2026-07-07T23:18:51.340000,,,,
20181217_KBL_TM_Lakes_GEODES_All3_QE-HF_C18_USDAY46918_POS_MSMS_12_GEO-ME-8-UF_1_Rg80to1200-CE102040-0-7-S1_Run51.mzML,/mnt/Volumes/LaCie/nmdc_data/mcmahon_11_fkbnah04/raw/20181217_KBL_TM_Lakes_GEODES_All3_QE-HF_C18_USDAY46918_POS_MSMS_12_GEO-ME-8-UF_1_Rg80to1200-CE102040-0-7-S1_Run51.mzML,103993831,.mzml,Error processing 20181217_KBL_TM_Lakes_GEODES_All3_QE-HF_C18_USDAY46918_POS_MSMS_12_GEO-ME-8-UF_1_Rg80to1200-CE102040-0-7-S1_Run51.mzML after 1 attempts: Mixed polarities detected in scan data,2026-07-07T23:18:51.340000,,,,
20181217_KBL_TM_Lakes_GEODES_All3_QE-HF_C18_USDAY46918_POS_MSMS_12_GEO-ME-8-UF_1_Rg80to1200-CE102040-0-7-S1_Run51.mzML,/mnt/Volumes/LaCie/nmdc_data/mcmahon_11_fkbnah04/raw/20181217_KBL_TM_Lakes_GEODES_All3_QE-HF_C18_USDAY46918_POS_MSMS_12_GEO-ME-8-UF_1_Rg80to1200-CE102040-0-7-S1_Run51.mzML,103993831,.mzml,Error processing 20181217_KBL_TM_Lakes_GEODES_All3_QE-HF_C18_USDAY46918_POS_MSMS_12_GEO-ME-8-UF_1_Rg80to1200-CE102040-0-7-S1_Run51.mzML after 1 attempts: Mixed polarities detected in scan data,2026-07-07T23:18:51.340000,,,,
20180918_KBL_TM_Lakes_GEODES_All3_QE-HF_HILICZ-VF1_USHXG01161_NEG_MSMS_25_GEO-TB-0-UF_1_Rg70to1050-CE102040-0-1-S1_Run96.mzML,/mnt/Volumes/LaCie/nmdc_data/mcmahon_11_fkbnah04/raw/20180918_KBL_TM_Lakes_GEODES_All3_QE-HF_HILICZ-VF1_USHXG01161_NEG_MSMS_25_GEO-TB-0-UF_1_Rg70to1050-CE102040-0-1-S1_Run96.mzML,197998658,.mzml,Error processing 20180918_KBL_TM_Lakes_GEODES_All3_QE-HF_HILICZ-VF1_USHXG01161_NEG_MSMS_25_GEO-TB-0-UF_1_Rg70to1050-CE102040-0-1-S1_Run96.mzML after 1 attempts: Mixed polarities detected in scan data,2026-07-07T23:17:47.030000,,,,
20180918_KBL_TM_Lakes_GEODES_All3_QE-HF_HILICZ-VF1_USHXG01161_NEG_MSMS_25_GEO-TB-0-UF_1_Rg70to1050-CE102040-0-1-S1_Run96.mzML,/mnt/Volumes/LaCie/nmdc_data/mcmahon_11_fkbnah04/raw/20180918_KBL_TM_Lakes_GEODES_All3_QE-HF_HILICZ-VF1_USHXG01161_NEG_MSMS_25_GEO-TB-0-UF_1_Rg70to1050-CE102040-0-1-S1_Run96.mzML,197998658,.mzml,Error processing 20180918_KBL_TM_Lakes_GEODES_All3_QE-HF_HILICZ-VF1_USHXG01161_NEG_MSMS_25_GEO-TB-0-UF_1_Rg70to1050-CE102040-0-1-S1_Run96.mzML after 1 attempts: Mixed polarities detected in scan data,2026-07-07T23:17:47.030000,,,,
20180918_KBL_TM_Lakes_GEODES_All3_QE-HF_HILICZ-VF1_USHXG01161_NEG_MSMS_25_GEO-TB-0-UF_1_Rg70to1050-CE102040-0-1-S1_Run96.mzML,/mnt/Volumes/LaCie/nmdc_data/mcmahon_11_fkbnah04/raw/20180918_KBL_TM_Lakes_GEODES_All3_QE-HF_HILICZ-VF1_USHXG01161_NEG_MSMS_25_GEO-TB-0-UF_1_Rg70to1050-CE102040-0-1-S1_Run96.mzML,197998658,.mzml,Error processing 20180918_KBL_TM_Lakes_GEODES_All3_QE-HF_HILICZ-VF1_USHXG01161_NEG_MSMS_25_GEO-TB-0-UF_1_Rg70to1050-CE102040-0-1-S1_Run96.mzML after 1 attempts: Mixed polarities detected in scan data,2026-07-07T23:17:47.030000,,,,
20181217_KBL_TM_Lakes_GEODES_All3_QE-HF_C18_USDAY46918_NEG_MSMS_14_GEO-SP-12-UF_1_Rg80to1200-CE102040-0-4-S1_Run58.mzML,/mnt/Volumes/LaCie/nmdc_data/mcmahon_11_fkbnah04/raw/20181217_KBL_TM_Lakes_GEODES_All3_QE-HF_C18_USDAY46918_NEG_MSMS_14_GEO-SP-12-UF_1_Rg80to1200-CE102040-0-4-S1_Run58.mzML,86479228,.mzml,Error processing 20181217_KBL_TM_Lakes_GEODES_All3_QE-HF_C18_USDAY46918_NEG_MSMS_14_GEO-SP-12-UF_1_Rg80to1200-CE102040-0-4-S1_Run58.mzML after 1 attempts: Mixed polarities detected in scan data,2026-07-07T23:20:08.910000,,,,
20181217_KBL_TM_Lakes_GEODES_All3_QE-HF_C18_USDAY46918_NEG_MSMS_14_GEO-SP-12-UF_1_Rg80to1200-CE102040-0-4-S1_Run58.mzML,/mnt/Volumes/LaCie/nmdc_data/mcmahon_11_fkbnah04/raw/20181217_KBL_TM_Lakes_GEODES_All3_QE-HF_C18_USDAY46918_NEG_MSMS_14_GEO-SP-12-UF_1_Rg80to1200-CE102040-0-4-S1_Run58.mzML,86479228,.mzml,Error processing 20181217_KBL_TM_Lakes_GEODES_All3_QE-HF_C18_USDAY46918_NEG_MSMS_14_GEO-SP-12-UF_1_Rg80to1200-CE102040-0-4-S1_Run58.mzML after 1 attempts: Mixed polarities detected in scan data,2026-07-07T23:20:08.910000,,,,
20181217_KBL_TM_Lakes_GEODES_All3_QE-HF_C18_USDAY46918_NEG_MSMS_14_GEO-SP-12-UF_1_Rg80to1200-CE102040-0-4-S1_Run58.mzML,/mnt/Volumes/LaCie/nmdc_data/mcmahon_11_fkbnah04/raw/20181217_KBL_TM_Lakes_GEODES_All3_QE-HF_C18_USDAY46918_NEG_MSMS_14_GEO-SP-12-UF_1_Rg80to1200-CE102040-0-4-S1_Run58.mzML,86479228,.mzml,Error processing 20181217_KBL_TM_Lakes_GEODES_All3_QE-HF_C18_USDAY46918_NEG_MSMS_14_GEO-SP-12-UF_1_Rg80to1200-CE102040-0-4-S1_Run58.mzML after 1 attempts: Mixed polarities detected in scan data,2026-07-07T23:20:08.910000,,,,
20181217_KBL_TM_Lakes_GEODES_All3_QE-HF_C18_USDAY46918_NEG_MSMS_9_GEO-ME-40-UF_1_Rg80to1200-CE102040-0-7-S1_Run43.mzML,/mnt/Volumes/LaCie/nmdc_data/mcmahon_11_fkbnah04/raw/20181217_KBL_TM_Lakes_GEODES_All3_QE-HF_C18_USDAY46918_NEG_MSMS_9_GEO-ME-40-UF_1_Rg80to1200-CE102040-0-7-S1_Run43.mzML,84458291,.mzml,Error processing 20181217_KBL_TM_Lakes_GEODES_All3_QE-HF_C18_USDAY46918_NEG_MSMS_9_GEO-ME-40-UF_1_Rg80to1200-CE102040-0-7-S1_Run43.mzML after 1 attempts: Mixed polarities detected in scan data,2026-07-07T23:20:18.790000,,,,
20181217_KBL_TM_Lakes_GEODES_All3_QE-HF_C18_USDAY46918_NEG_MSMS_9_GEO-ME-40-UF_1_Rg80to1200-CE102040-0-7-S1_Run43.mzML,/mnt/Volumes/LaCie/nmdc_data/mcmahon_11_fkbnah04/raw/20181217_KBL_TM_Lakes_GEODES_All3_QE-HF_C18_USDAY46918_NEG_MSMS_9_GEO-ME-40-UF_1_Rg80to1200-CE102040-0-7-S1_Run43.mzML,84458291,.mzml,Error processing 20181217_KBL_TM_Lakes_GEODES_All3_QE-HF_C18_USDAY46918_NEG_MSMS_9_GEO-ME-40-UF_1_Rg80to1200-CE102040-0-7-S1_Run43.mzML after 1 attempts: Mixed polarities detected in scan data,2026-07-07T23:20:18.790000,,,,
20181217_KBL_TM_Lakes_GEODES_All3_QE-HF_C18_USDAY46918_NEG_MSMS_9_GEO-ME-40-UF_1_Rg80to1200-CE102040-0-7-S1_Run43.mzML,/mnt/Volumes/LaCie/nmdc_data/mcmahon_11_fkbnah04/raw/20181217_KBL_TM_Lakes_GEODES_All3_QE-HF_C18_USDAY46918_NEG_MSMS_9_GEO-ME-40-UF_1_Rg80to1200-CE102040-0-7-S1_Run43.mzML,84458291,.mzml,Error processing 20181217_KBL_TM_Lakes_GEODES_All3_QE-HF_C18_USDAY46918_NEG_MSMS_9_GEO-ME-40-UF_1_Rg80to1200-CE102040-0-7-S1_Run43.mzML after 1 attempts: Mixed polarities detected in scan data,2026-07-07T23:20:18.790000,,,,
20180918_KBL_TM_Lakes_GEODES_All3_QE-HF_HILICZ-VF1_USHXG01161_POS_MSMS_16_GEO-SP-20-UF_1_Rg70to1050-CE102040-0-4-S1_Run68.mzML,/mnt/Volumes/LaCie/nmdc_data/mcmahon_11_fkbnah04/raw/20180918_KBL_TM_Lakes_GEODES_All3_QE-HF_HILICZ-VF1_USHXG01161_POS_MSMS_16_GEO-SP-20-UF_1_Rg70to1050-CE102040-0-4-S1_Run68.mzML,173884161,.mzml,Error processing 20180918_KBL_TM_Lakes_GEODES_All3_QE-HF_HILICZ-VF1_USHXG01161_POS_MSMS_16_GEO-SP-20-UF_1_Rg70to1050-CE102040-0-4-S1_Run68.mzML after 1 attempts: Mixed polarities detected in scan data,2026-07-07T23:19:11.640000,,,,
20180918_KBL_TM_Lakes_GEODES_All3_QE-HF_HILICZ-VF1_USHXG01161_POS_MSMS_16_GEO-SP-20-UF_1_Rg70to1050-CE102040-0-4-S1_Run68.mzML,/mnt/Volumes/LaCie/nmdc_data/mcmahon_11_fkbnah04/raw/20180918_KBL_TM_Lakes_GEODES_All3_QE-HF_HILICZ-VF1_USHXG01161_POS_MSMS_16_GEO-SP-20-UF_1_Rg70to1050-CE102040-0-4-S1_Run68.mzML,173884161,.mzml,Error processing 20180918_KBL_TM_Lakes_GEODES_All3_QE-HF_HILICZ-VF1_USHXG01161_POS_MSMS_16_GEO-SP-20-UF_1_Rg70to1050-CE102040-0-4-S1_Run68.mzML after 1 attempts: Mixed polarities detected in scan data,2026-07-07T23:19:11.640000,,,,
20180918_KBL_TM_Lakes_GEODES_All3_QE-HF_HILICZ-VF1_USHXG01161_POS_MSMS_16_GEO-SP-20-UF_1_Rg70to1050-CE102040-0-4-S1_Run68.mzML,/mnt/Volumes/LaCie/nmdc_data/mcmahon_11_fkbnah04/raw/20180918_KBL_TM_Lakes_GEODES_All3_QE-HF_HILICZ-VF1_USHXG01161_POS_MSMS_16_GEO-SP-20-UF_1_Rg70to1050-CE102040-0-4-S1_Run68.mzML,173884161,.mzml,Error processing 20180918_KBL_TM_Lakes_GEODES_All3_QE-HF_HILICZ-VF1_USHXG01161_POS_MSMS_16_GEO-SP-20-UF_1_Rg70to1050-CE102040-0-4-S1_Run68.mzML after 1 attempts: Mixed polarities detected in scan data,2026-07-07T23:19:11.640000,,,,
20180918_KBL_TM_Lakes_GEODES_All3_QE-HF_HILICZ-VF1_USHXG01161_POS_MSMS_19_GEO-SP-32-UF_1_Rg70to1050-CE102040-0-4-S1_Run77.mzML,/mnt/Volumes/LaCie/nmdc_data/mcmahon_11_fkbnah04/raw/20180918_KBL_TM_Lakes_GEODES_All3_QE-HF_HILICZ-VF1_USHXG01161_POS_MSMS_19_GEO-SP-32-UF_1_Rg70to1050-CE102040-0-4-S1_Run77.mzML,175060482,.mzml,Error processing 20180918_KBL_TM_Lakes_GEODES_All3_QE-HF_HILICZ-VF1_USHXG01161_POS_MSMS_19_GEO-SP-32-UF_1_Rg70to1050-CE102040-0-4-S1_Run77.mzML after 1 attempts: Mixed polarities detected in scan data,2026-07-07T23:20:41.300000,,,,
20180918_KBL_TM_Lakes_GEODES_All3_QE-HF_HILICZ-VF1_USHXG01161_POS_MSMS_19_GEO-SP-32-UF_1_Rg70to1050-CE102040-0-4-S1_Run77.mzML,/mnt/Volumes/LaCie/nmdc_data/mcmahon_11_fkbnah04/raw/20180918_KBL_TM_Lakes_GEODES_All3_QE-HF_HILICZ-VF1_USHXG01161_POS_MSMS_19_GEO-SP-32-UF_1_Rg70to1050-CE102040-0-4-S1_Run77.mzML,175060482,.mzml,Error processing 20180918_KBL_TM_Lakes_GEODES_All3_QE-HF_HILICZ-VF1_USHXG01161_POS_MSMS_19_GEO-SP-32-UF_1_Rg70to1050-CE102040-0-4-S1_Run77.mzML after 1 attempts: Mixed polarities detected in scan data,2026-07-07T23:20:41.300000,,,,
20180918_KBL_TM_Lakes_GEODES_All3_QE-HF_HILICZ-VF1_USHXG01161_POS_MSMS_19_GEO-SP-32-UF_1_Rg70to1050-CE102040-0-4-S1_Run77.mzML,/mnt/Volumes/LaCie/nmdc_data/mcmahon_11_fkbnah04/raw/20180918_KBL_TM_Lakes_GEODES_All3_QE-HF_HILICZ-VF1_USHXG01161_POS_MSMS_19_GEO-SP-32-UF_1_Rg70to1050-CE102040-0-4-S1_Run77.mzML,175060482,.mzml,Error processing 20180918_KBL_TM_Lakes_GEODES_All3_QE-HF_HILICZ-VF1_USHXG01161_POS_MSMS_19_GEO-SP-32-UF_1_Rg70to1050-CE102040-0-4-S1_Run77.mzML after 1 attempts: Mixed polarities detected in scan data,2026-07-07T23:20:41.300000,,,,
20180918_KBL_TM_Lakes_GEODES_All3_QE-HF_HILICZ-VF1_USHXG01161_NEG_MSMS_43_GEO-ME-32-F_1_Rg70to1050-CE102040-0-7-S1_Run158.mzML,/mnt/Volumes/LaCie/nmdc_data/mcmahon_11_fkbnah04/raw/20180918_KBL_TM_Lakes_GEODES_All3_QE-HF_HILICZ-VF1_USHXG01161_NEG_MSMS_43_GEO-ME-32-F_1_Rg70to1050-CE102040-0-7-S1_Run158.mzML,172013661,.mzml,Error processing 20180918_KBL_TM_Lakes_GEODES_All3_QE-HF_HILICZ-VF1_USHXG01161_NEG_MSMS_43_GEO-ME-32-F_1_Rg70to1050-CE102040-0-7-S1_Run158.mzML after 1 attempts: Mixed polarities detected in scan data,2026-07-07T23:21:35.510000,,,,
20180918_KBL_TM_Lakes_GEODES_All3_QE-HF_HILICZ-VF1_USHXG01161_NEG_MSMS_43_GEO-ME-32-F_1_Rg70to1050-CE102040-0-7-S1_Run158.mzML,/mnt/Volumes/LaCie/nmdc_data/mcmahon_11_fkbnah04/raw/20180918_KBL_TM_Lakes_GEODES_All3_QE-HF_HILICZ-VF1_USHXG01161_NEG_MSMS_43_GEO-ME-32-F_1_Rg70to1050-CE102040-0-7-S1_Run158.mzML,172013661,.mzml,Error processing 20180918_KBL_TM_Lakes_GEODES_All3_QE-HF_HILICZ-VF1_USHXG01161_NEG_MSMS_43_GEO-ME-32-F_1_Rg70to1050-CE102040-0-7-S1_Run158.mzML after 1 attempts: Mixed polarities detected in scan data,2026-07-07T23:21:35.510000,,,,
20181217_KBL_TM_Lakes_GEODES_All3_QE-HF_C18_USDAY46918_POS_MSMS_44_GEO-ME-36-F_1_Rg80to1200-CE102040-0-7-S1_Run160.mzML,/mnt/Volumes/LaCie/nmdc_data/mcmahon_11_fkbnah04/raw/20181217_KBL_TM_Lakes_GEODES_All3_QE-HF_C18_USDAY46918_POS_MSMS_44_GEO-ME-36-F_1_Rg80to1200-CE102040-0-7-S1_Run160.mzML,100344709,.mzml,Error processing 20181217_KBL_TM_Lakes_GEODES_All3_QE-HF_C18_USDAY46918_POS_MSMS_44_GEO-ME-36-F_1_Rg80to1200-CE102040-0-7-S1_Run160.mzML after 1 attempts: Mixed polarities detected in scan data,2026-07-07T23:22:28.300000,,,,
20181217_KBL_TM_Lakes_GEODES_All3_QE-HF_C18_USDAY46918_POS_MSMS_44_GEO-ME-36-F_1_Rg80to1200-CE102040-0-7-S1_Run160.mzML,/mnt/Volumes/LaCie/nmdc_data/mcmahon_11_fkbnah04/raw/20181217_KBL_TM_Lakes_GEODES_All3_QE-HF_C18_USDAY46918_POS_MSMS_44_GEO-ME-36-F_1_Rg80to1200-CE102040-0-7-S1_Run160.mzML,100344709,.mzml,Error processing 20181217_KBL_TM_Lakes_GEODES_All3_QE-HF_C18_USDAY46918_POS_MSMS_44_GEO-ME-36-F_1_Rg80to1200-CE102040-0-7-S1_Run160.mzML after 1 attempts: Mixed polarities detected in scan data,2026-07-07T23:22:28.300000,,,,
20180918_KBL_TM_Lakes_GEODES_All3_QE-HF_HILICZ-VF1_USHXG01161_NEG_MSMS_43_GEO-ME-32-F_1_Rg70to1050-CE102040-0-7-S1_Run158.mzML,/mnt/Volumes/LaCie/nmdc_data/mcmahon_11_fkbnah04/raw/20180918_KBL_TM_Lakes_GEODES_All3_QE-HF_HILICZ-VF1_USHXG01161_NEG_MSMS_43_GEO-ME-32-F_1_Rg70to1050-CE102040-0-7-S1_Run158.mzML,172013661,.mzml,Error processing 20180918_KBL_TM_Lakes_GEODES_All3_QE-HF_HILICZ-VF1_USHXG01161_NEG_MSMS_43_GEO-ME-32-F_1_Rg70to1050-CE102040-0-7-S1_Run158.mzML after 1 attempts: Mixed polarities detected in scan data,2026-07-07T23:21:35.510000,,,,
20181217_KBL_TM_Lakes_GEODES_All3_QE-HF_C18_USDAY46918_POS_MSMS_44_GEO-ME-36-F_1_Rg80to1200-CE102040-0-7-S1_Run160.mzML,/mnt/Volumes/LaCie/nmdc_data/mcmahon_11_fkbnah04/raw/20181217_KBL_TM_Lakes_GEODES_All3_QE-HF_C18_USDAY46918_POS_MSMS_44_GEO-ME-36-F_1_Rg80to1200-CE102040-0-7-S1_Run160.mzML,100344709,.mzml,Error processing 20181217_KBL_TM_Lakes_GEODES_All3_QE-HF_C18_USDAY46918_POS_MSMS_44_GEO-ME-36-F_1_Rg80to1200-CE102040-0-7-S1_Run160.mzML after 1 attempts: Mixed polarities detected in scan data,2026-07-07T23:22:28.300000,,,,
20180918_KBL_TM_Lakes_GEODES_All3_QE-HF_HILICZ-VF1_USHXG01161_NEG_MSMS_47_GEO-ME-4-F_1_Rg70to1050-CE102040-0-7-S1_Run175.mzML,/mnt/Volumes/LaCie/nmdc_data/mcmahon_11_fkbnah04/raw/20180918_KBL_TM_Lakes_GEODES_All3_QE-HF_HILICZ-VF1_USHXG01161_NEG_MSMS_47_GEO-ME-4-F_1_Rg70to1050-CE102040-0-7-S1_Run175.mzML,168854368,.mzml,Error processing 20180918_KBL_TM_Lakes_GEODES_All3_QE-HF_HILICZ-VF1_USHXG01161_NEG_MSMS_47_GEO-ME-4-F_1_Rg70to1050-CE102040-0-7-S1_Run175.mzML after 1 attempts: Mixed polarities detected in scan data,2026-07-07T23:22:17.390000,,,,
20180918_KBL_TM_Lakes_GEODES_All3_QE-HF_HILICZ-VF1_USHXG01161_NEG_MSMS_47_GEO-ME-4-F_1_Rg70to1050-CE102040-0-7-S1_Run175.mzML,/mnt/Volumes/LaCie/nmdc_data/mcmahon_11_fkbnah04/raw/20180918_KBL_TM_Lakes_GEODES_All3_QE-HF_HILICZ-VF1_USHXG01161_NEG_MSMS_47_GEO-ME-4-F_1_Rg70to1050-CE102040-0-7-S1_Run175.mzML,168854368,.mzml,Error processing 20180918_KBL_TM_Lakes_GEODES_All3_QE-HF_HILICZ-VF1_USHXG01161_NEG_MSMS_47_GEO-ME-4-F_1_Rg70to1050-CE102040-0-7-S1_Run175.mzML after 1 attempts: Mixed polarities detected in scan data,2026-07-07T23:22:17.390000,,,,
20180918_KBL_TM_Lakes_GEODES_All3_QE-HF_HILICZ-VF1_USHXG01161_NEG_MSMS_47_GEO-ME-4-F_1_Rg70to1050-CE102040-0-7-S1_Run175.mzML,/mnt/Volumes/LaCie/nmdc_data/mcmahon_11_fkbnah04/raw/20180918_KBL_TM_Lakes_GEODES_All3_QE-HF_HILICZ-VF1_USHXG01161_NEG_MSMS_47_GEO-ME-4-F_1_Rg70to1050-CE102040-0-7-S1_Run175.mzML,168854368,.mzml,Error processing 20180918_KBL_TM_Lakes_GEODES_All3_QE-HF_HILICZ-VF1_USHXG01161_NEG_MSMS_47_GEO-ME-4-F_1_Rg70to1050-CE102040-0-7-S1_Run175.mzML after 1 attempts: Mixed polarities detected in scan data,2026-07-07T23:22:17.390000,,,,
20181217_KBL_TM_Lakes_Mendota_DepthDate_QE-HF_C18_USDAY46918_POS_MSMS_16_ME-20170908-metabo-16_1_Rg80to1200-CE102040-0p1-S1_Run63.mzML,/mnt/Volumes/LaCie/nmdc_data/mcmahon_11_fkbnah04/raw/20181217_KBL_TM_Lakes_Mendota_DepthDate_QE-HF_C18_USDAY46918_POS_MSMS_16_ME-20170908-metabo-16_1_Rg80to1200-CE102040-0p1-S1_Run63.mzML,98673957,.mzml,Error processing 20181217_KBL_TM_Lakes_Mendota_DepthDate_QE-HF_C18_USDAY46918_POS_MSMS_16_ME-20170908-metabo-16_1_Rg80to1200-CE102040-0p1-S1_Run63.mzML after 1 attempts: Mixed polarities detected in scan data,2026-07-07T23:23:08.450000,,,,
20181217_KBL_TM_Lakes_Mendota_DepthDate_QE-HF_C18_USDAY46918_POS_MSMS_16_ME-20170908-metabo-16_1_Rg80to1200-CE102040-0p1-S1_Run63.mzML,/mnt/Volumes/LaCie/nmdc_data/mcmahon_11_fkbnah04/raw/20181217_KBL_TM_Lakes_Mendota_DepthDate_QE-HF_C18_USDAY46918_POS_MSMS_16_ME-20170908-metabo-16_1_Rg80to1200-CE102040-0p1-S1_Run63.mzML,98673957,.mzml,Error processing 20181217_KBL_TM_Lakes_Mendota_DepthDate_QE-HF_C18_USDAY46918_POS_MSMS_16_ME-20170908-metabo-16_1_Rg80to1200-CE102040-0p1-S1_Run63.mzML after 1 attempts: Mixed polarities detected in scan data,2026-07-07T23:23:08.450000,,,,
20181217_KBL_TM_Lakes_Mendota_DepthDate_QE-HF_C18_USDAY46918_POS_MSMS_16_ME-20170908-metabo-16_1_Rg80to1200-CE102040-0p1-S1_Run63.mzML,/mnt/Volumes/LaCie/nmdc_data/mcmahon_11_fkbnah04/raw/20181217_KBL_TM_Lakes_Mendota_DepthDate_QE-HF_C18_USDAY46918_POS_MSMS_16_ME-20170908-metabo-16_1_Rg80to1200-CE102040-0p1-S1_Run63.mzML,98673957,.mzml,Error processing 20181217_KBL_TM_Lakes_Mendota_DepthDate_QE-HF_C18_USDAY46918_POS_MSMS_16_ME-20170908-metabo-16_1_Rg80to1200-CE102040-0p1-S1_Run63.mzML after 1 attempts: Mixed polarities detected in scan data,2026-07-07T23:23:08.450000,,,,
20181217_KBL_TM_Lakes_GEODES_All3_QE-HF_C18_USDAY46918_NEG_MSMS_13_GEO-SP-0-UF_1_Rg80to1200-CE102040-0-4-S1_Run55.mzML,/mnt/Volumes/LaCie/nmdc_data/mcmahon_11_fkbnah04/raw/20181217_KBL_TM_Lakes_GEODES_All3_QE-HF_C18_USDAY46918_NEG_MSMS_13_GEO-SP-0-UF_1_Rg80to1200-CE102040-0-4-S1_Run55.mzML,87229948,.mzml,Error processing 20181217_KBL_TM_Lakes_GEODES_All3_QE-HF_C18_USDAY46918_NEG_MSMS_13_GEO-SP-0-UF_1_Rg80to1200-CE102040-0-4-S1_Run55.mzML after 1 attempts: Mixed polarities detected in scan data,2026-07-07T23:23:57.010000,,,,
20181217_KBL_TM_Lakes_GEODES_All3_QE-HF_C18_USDAY46918_POS_MSMS_34_GEO-TB-44-UF_1_Rg80to1200-CE102040-0-1-S1_Run130.mzML,/mnt/Volumes/LaCie/nmdc_data/mcmahon_11_fkbnah04/raw/20181217_KBL_TM_Lakes_GEODES_All3_QE-HF_C18_USDAY46918_POS_MSMS_34_GEO-TB-44-UF_1_Rg80to1200-CE102040-0-1-S1_Run130.mzML,105695319,.mzml,Error processing 20181217_KBL_TM_Lakes_GEODES_All3_QE-HF_C18_USDAY46918_POS_MSMS_34_GEO-TB-44-UF_1_Rg80to1200-CE102040-0-1-S1_Run130.mzML after 1 attempts: Mixed polarities detected in scan data,2026-07-07T23:23:19.720000,,,,
20181217_KBL_TM_Lakes_GEODES_All3_QE-HF_C18_USDAY46918_POS_MSMS_34_GEO-TB-44-UF_1_Rg80to1200-CE102040-0-1-S1_Run130.mzML,/mnt/Volumes/LaCie/nmdc_data/mcmahon_11_fkbnah04/raw/20181217_KBL_TM_Lakes_GEODES_All3_QE-HF_C18_USDAY46918_POS_MSMS_34_GEO-TB-44-UF_1_Rg80to1200-CE102040-0-1-S1_Run130.mzML,105695319,.mzml,Error processing 20181217_KBL_TM_Lakes_GEODES_All3_QE-HF_C18_USDAY46918_POS_MSMS_34_GEO-TB-44-UF_1_Rg80to1200-CE102040-0-1-S1_Run130.mzML after 1 attempts: Mixed polarities detected in scan data,2026-07-07T23:23:19.720000,,,,
20181217_KBL_TM_Lakes_GEODES_All3_QE-HF_C18_USDAY46918_POS_MSMS_34_GEO-TB-44-UF_1_Rg80to1200-CE102040-0-1-S1_Run130.mzML,/mnt/Volumes/LaCie/nmdc_data/mcmahon_11_fkbnah04/raw/20181217_KBL_TM_Lakes_GEODES_All3_QE-HF_C18_USDAY46918_POS_MSMS_34_GEO-TB-44-UF_1_Rg80to1200-CE102040-0-1-S1_Run130.mzML,105695319,.mzml,Error processing 20181217_KBL_TM_Lakes_GEODES_All3_QE-HF_C18_USDAY46918_POS_MSMS_34_GEO-TB-44-UF_1_Rg80to1200-CE102040-0-1-S1_Run130.mzML after 1 attempts: Mixed polarities detected in scan data,2026-07-07T23:23:19.720000,,,,
20181217_KBL_TM_Lakes_GEODES_All3_QE-HF_C18_USDAY46918_NEG_MSMS_13_GEO-SP-0-UF_1_Rg80to1200-CE102040-0-4-S1_Run55.mzML,/mnt/Volumes/LaCie/nmdc_data/mcmahon_11_fkbnah04/raw/20181217_KBL_TM_Lakes_GEODES_All3_QE-HF_C18_USDAY46918_NEG_MSMS_13_GEO-SP-0-UF_1_Rg80to1200-CE102040-0-4-S1_Run55.mzML,87229948,.mzml,Error processing 20181217_KBL_TM_Lakes_GEODES_All3_QE-HF_C18_USDAY46918_NEG_MSMS_13_GEO-SP-0-UF_1_Rg80to1200-CE102040-0-4-S1_Run55.mzML after 1 attempts: Mixed polarities detected in scan data,2026-07-07T23:23:57.010000,,,,
20181217_KBL_TM_Lakes_GEODES_All3_QE-HF_C18_USDAY46918_NEG_MSMS_13_GEO-SP-0-UF_1_Rg80to1200-CE102040-0-4-S1_Run55.mzML,/mnt/Volumes/LaCie/nmdc_data/mcmahon_11_fkbnah04/raw/20181217_KBL_TM_Lakes_GEODES_All3_QE-HF_C18_USDAY46918_NEG_MSMS_13_GEO-SP-0-UF_1_Rg80to1200-CE102040-0-4-S1_Run55.mzML,87229948,.mzml,Error processing 20181217_KBL_TM_Lakes_GEODES_All3_QE-HF_C18_USDAY46918_NEG_MSMS_13_GEO-SP-0-UF_1_Rg80to1200-CE102040-0-4-S1_Run55.mzML after 1 attempts: Mixed polarities detected in scan data,2026-07-07T23:23:57.010000,,,,
20180918_KBL_TM_Lakes_GEODES_All3_QE-HF_HILICZ-VF1_USHXG01161_POS_MSMS_29_GEO-TB-24-UF_1_Rg70to1050-CE102040-0-1-S1_Run110.mzML,/mnt/Volumes/LaCie/nmdc_data/mcmahon_11_fkbnah04/raw/20180918_KBL_TM_Lakes_GEODES_All3_QE-HF_HILICZ-VF1_USHXG01161_POS_MSMS_29_GEO-TB-24-UF_1_Rg70to1050-CE102040-0-1-S1_Run110.mzML,187431221,.mzml,Error processing 20180918_KBL_TM_Lakes_GEODES_All3_QE-HF_HILICZ-VF1_USHXG01161_POS_MSMS_29_GEO-TB-24-UF_1_Rg70to1050-CE102040-0-1-S1_Run110.mzML after 1 attempts: Mixed polarities detected in scan data,2026-07-07T23:24:32.100000,,,,
20180918_KBL_TM_Lakes_GEODES_All3_QE-HF_HILICZ-VF1_USHXG01161_POS_MSMS_29_GEO-TB-24-UF_1_Rg70to1050-CE102040-0-1-S1_Run110.mzML,/mnt/Volumes/LaCie/nmdc_data/mcmahon_11_fkbnah04/raw/20180918_KBL_TM_Lakes_GEODES_All3_QE-HF_HILICZ-VF1_USHXG01161_POS_MSMS_29_GEO-TB-24-UF_1_Rg70to1050-CE102040-0-1-S1_Run110.mzML,187431221,.mzml,Error processing 20180918_KBL_TM_Lakes_GEODES_All3_QE-HF_HILICZ-VF1_USHXG01161_POS_MSMS_29_GEO-TB-24-UF_1_Rg70to1050-CE102040-0-1-S1_Run110.mzML after 1 attempts: Mixed polarities detected in scan data,2026-07-07T23:24:32.100000,,,,
20181217_KBL_TM_Lakes_GEODES_All3_QE-HF_C18_USDAY46918_POS_MSMS_64_GEO-TB-20-F_1_Rg80to1200-CE102040-0-1-S1_Run233.mzML,/mnt/Volumes/LaCie/nmdc_data/mcmahon_11_fkbnah04/raw/20181217_KBL_TM_Lakes_GEODES_All3_QE-HF_C18_USDAY46918_POS_MSMS_64_GEO-TB-20-F_1_Rg80to1200-CE102040-0-1-S1_Run233.mzML,100234262,.mzml,Error processing 20181217_KBL_TM_Lakes_GEODES_All3_QE-HF_C18_USDAY46918_POS_MSMS_64_GEO-TB-20-F_1_Rg80to1200-CE102040-0-1-S1_Run233.mzML after 1 attempts: Mixed polarities detected in scan data,2026-07-07T23:26:25.690000,,,,
20181217_KBL_TM_Lakes_GEODES_All3_QE-HF_C18_USDAY46918_POS_MSMS_64_GEO-TB-20-F_1_Rg80to1200-CE102040-0-1-S1_Run233.mzML,/mnt/Volumes/LaCie/nmdc_data/mcmahon_11_fkbnah04/raw/20181217_KBL_TM_Lakes_GEODES_All3_QE-HF_C18_USDAY46918_POS_MSMS_64_GEO-TB-20-F_1_Rg80to1200-CE102040-0-1-S1_Run233.mzML,100234262,.mzml,Error processing 20181217_KBL_TM_Lakes_GEODES_All3_QE-HF_C18_USDAY46918_POS_MSMS_64_GEO-TB-20-F_1_Rg80to1200-CE102040-0-1-S1_Run233.mzML after 1 attempts: Mixed polarities detected in scan data,2026-07-07T23:26:25.690000,,,,
20181217_KBL_TM_Lakes_GEODES_All3_QE-HF_C18_USDAY46918_POS_MSMS_64_GEO-TB-20-F_1_Rg80to1200-CE102040-0-1-S1_Run233.mzML,/mnt/Volumes/LaCie/nmdc_data/mcmahon_11_fkbnah04/raw/20181217_KBL_TM_Lakes_GEODES_All3_QE-HF_C18_USDAY46918_POS_MSMS_64_GEO-TB-20-F_1_Rg80to1200-CE102040-0-1-S1_Run233.mzML,100234262,.mzml,Error processing 20181217_KBL_TM_Lakes_GEODES_All3_QE-HF_C18_USDAY46918_POS_MSMS_64_GEO-TB-20-F_1_Rg80to1200-CE102040-0-1-S1_Run233.mzML after 1 attempts: Mixed polarities detected in scan data,2026-07-07T23:26:25.690000,,,,
20180918_KBL_TM_Lakes_GEODES_All3_QE-HF_HILICZ-VF1_USHXG01161_POS_MSMS_29_GEO-TB-24-UF_1_Rg70to1050-CE102040-0-1-S1_Run110.mzML,/mnt/Volumes/LaCie/nmdc_data/mcmahon_11_fkbnah04/raw/20180918_KBL_TM_Lakes_GEODES_All3_QE-HF_HILICZ-VF1_USHXG01161_POS_MSMS_29_GEO-TB-24-UF_1_Rg70to1050-CE102040-0-1-S1_Run110.mzML,187431221,.mzml,Error processing 20180918_KBL_TM_Lakes_GEODES_All3_QE-HF_HILICZ-VF1_USHXG01161_POS_MSMS_29_GEO-TB-24-UF_1_Rg70to1050-CE102040-0-1-S1_Run110.mzML after 1 attempts: Mixed polarities detected in scan data,2026-07-07T23:24:32.100000,,,,
20180918_KBL_TM_Lakes_GEODES_All3_QE-HF_HILICZ-VF1_USHXG01161_NEG_MSMS_18_GEO-SP-28-UF_1_Rg70to1050-CE102040-0-4-S1_Run75.mzML,/mnt/Volumes/LaCie/nmdc_data/mcmahon_11_fkbnah04/raw/20180918_KBL_TM_Lakes_GEODES_All3_QE-HF_HILICZ-VF1_USHXG01161_NEG_MSMS_18_GEO-SP-28-UF_1_Rg70to1050-CE102040-0-4-S1_Run75.mzML,178842203,.mzml,Error processing 20180918_KBL_TM_Lakes_GEODES_All3_QE-HF_HILICZ-VF1_USHXG01161_NEG_MSMS_18_GEO-SP-28-UF_1_Rg70to1050-CE102040-0-4-S1_Run75.mzML after 1 attempts: Mixed polarities detected in scan data,2026-07-07T23:25:30.180000,,,,
20180918_KBL_TM_Lakes_GEODES_All3_QE-HF_HILICZ-VF1_USHXG01161_NEG_MSMS_18_GEO-SP-28-UF_1_Rg70to1050-CE102040-0-4-S1_Run75.mzML,/mnt/Volumes/LaCie/nmdc_data/mcmahon_11_fkbnah04/raw/20180918_KBL_TM_Lakes_GEODES_All3_QE-HF_HILICZ-VF1_USHXG01161_NEG_MSMS_18_GEO-SP-28-UF_1_Rg70to1050-CE102040-0-4-S1_Run75.mzML,178842203,.mzml,Error processing 20180918_KBL_TM_Lakes_GEODES_All3_QE-HF_HILICZ-VF1_USHXG01161_NEG_MSMS_18_GEO-SP-28-UF_1_Rg70to1050-CE102040-0-4-S1_Run75.mzML after 1 attempts: Mixed polarities detected in scan data,2026-07-07T23:25:30.180000,,,,
20180918_KBL_TM_Lakes_GEODES_All3_QE-HF_HILICZ-VF1_USHXG01161_NEG_MSMS_18_GEO-SP-28-UF_1_Rg70to1050-CE102040-0-4-S1_Run75.mzML,/mnt/Volumes/LaCie/nmdc_data/mcmahon_11_fkbnah04/raw/20180918_KBL_TM_Lakes_GEODES_All3_QE-HF_HILICZ-VF1_USHXG01161_NEG_MSMS_18_GEO-SP-28-UF_1_Rg70to1050-CE102040-0-4-S1_Run75.mzML,178842203,.mzml,Error processing 20180918_KBL_TM_Lakes_GEODES_All3_QE-HF_HILICZ-VF1_USHXG01161_NEG_MSMS_18_GEO-SP-28-UF_1_Rg70to1050-CE102040-0-4-S1_Run75.mzML after 1 attempts: Mixed polarities detected in scan data,2026-07-07T23:25:30.180000,,,,
20180918_KBL_TM_Lakes_GEODES_All3_QE-HF_HILICZ-VF1_USHXG01161_NEG_MSMS_59_GEO-SP-4-F_1_Rg70to1050-CE102040-0-4-S1_Run214.mzML,/mnt/Volumes/LaCie/nmdc_data/mcmahon_11_fkbnah04/raw/20180918_KBL_TM_Lakes_GEODES_All3_QE-HF_HILICZ-VF1_USHXG01161_NEG_MSMS_59_GEO-SP-4-F_1_Rg70to1050-CE102040-0-4-S1_Run214.mzML,177521780,.mzml,Error processing 20180918_KBL_TM_Lakes_GEODES_All3_QE-HF_HILICZ-VF1_USHXG01161_NEG_MSMS_59_GEO-SP-4-F_1_Rg70to1050-CE102040-0-4-S1_Run214.mzML after 1 attempts: Mixed polarities detected in scan data,2026-07-07T23:26:15.550000,,,,
20180918_KBL_TM_Lakes_GEODES_All3_QE-HF_HILICZ-VF1_USHXG01161_NEG_MSMS_59_GEO-SP-4-F_1_Rg70to1050-CE102040-0-4-S1_Run214.mzML,/mnt/Volumes/LaCie/nmdc_data/mcmahon_11_fkbnah04/raw/20180918_KBL_TM_Lakes_GEODES_All3_QE-HF_HILICZ-VF1_USHXG01161_NEG_MSMS_59_GEO-SP-4-F_1_Rg70to1050-CE102040-0-4-S1_Run214.mzML,177521780,.mzml,Error processing 20180918_KBL_TM_Lakes_GEODES_All3_QE-HF_HILICZ-VF1_USHXG01161_NEG_MSMS_59_GEO-SP-4-F_1_Rg70to1050-CE102040-0-4-S1_Run214.mzML after 1 attempts: Mixed polarities detected in scan data,2026-07-07T23:26:15.550000,,,,
20180918_KBL_TM_Lakes_GEODES_All3_QE-HF_HILICZ-VF1_USHXG01161_NEG_MSMS_59_GEO-SP-4-F_1_Rg70to1050-CE102040-0-4-S1_Run214.mzML,/mnt/Volumes/LaCie/nmdc_data/mcmahon_11_fkbnah04/raw/20180918_KBL_TM_Lakes_GEODES_All3_QE-HF_HILICZ-VF1_USHXG01161_NEG_MSMS_59_GEO-SP-4-F_1_Rg70to1050-CE102040-0-4-S1_Run214.mzML,177521780,.mzml,Error processing 20180918_KBL_TM_Lakes_GEODES_All3_QE-HF_HILICZ-VF1_USHXG01161_NEG_MSMS_59_GEO-SP-4-F_1_Rg70to1050-CE102040-0-4-S1_Run214.mzML after 1 attempts: Mixed polarities detected in scan data,2026-07-07T23:26:15.550000,,,,
20181217_KBL_TM_Lakes_GEODES_All3_QE-HF_C18_USDAY46918_POS_MSMS_45_GEO-ME-40-F_1_Rg80to1200-CE102040-0-7-S1_Run163.mzML,/mnt/Volumes/LaCie/nmdc_data/mcmahon_11_fkbnah04/raw/20181217_KBL_TM_Lakes_GEODES_All3_QE-HF_C18_USDAY46918_POS_MSMS_45_GEO-ME-40-F_1_Rg80to1200-CE102040-0-7-S1_Run163.mzML,98798410,.mzml,Error processing 20181217_KBL_TM_Lakes_GEODES_All3_QE-HF_C18_USDAY46918_POS_MSMS_45_GEO-ME-40-F_1_Rg80to1200-CE102040-0-7-S1_Run163.mzML after 1 attempts: Mixed polarities detected in scan data,2026-07-07T23:28:52.670000,,,,
20181217_KBL_TM_Lakes_GEODES_All3_QE-HF_C18_USDAY46918_POS_MSMS_45_GEO-ME-40-F_1_Rg80to1200-CE102040-0-7-S1_Run163.mzML,/mnt/Volumes/LaCie/nmdc_data/mcmahon_11_fkbnah04/raw/20181217_KBL_TM_Lakes_GEODES_All3_QE-HF_C18_USDAY46918_POS_MSMS_45_GEO-ME-40-F_1_Rg80to1200-CE102040-0-7-S1_Run163.mzML,98798410,.mzml,Error processing 20181217_KBL_TM_Lakes_GEODES_All3_QE-HF_C18_USDAY46918_POS_MSMS_45_GEO-ME-40-F_1_Rg80to1200-CE102040-0-7-S1_Run163.mzML after 1 attempts: Mixed polarities detected in scan data,2026-07-07T23:28:52.670000,,,,
20181217_KBL_TM_Lakes_GEODES_All3_QE-HF_C18_USDAY46918_POS_MSMS_45_GEO-ME-40-F_1_Rg80to1200-CE102040-0-7-S1_Run163.mzML,/mnt/Volumes/LaCie/nmdc_data/mcmahon_11_fkbnah04/raw/20181217_KBL_TM_Lakes_GEODES_All3_QE-HF_C18_USDAY46918_POS_MSMS_45_GEO-ME-40-F_1_Rg80to1200-CE102040-0-7-S1_Run163.mzML,98798410,.mzml,Error processing 20181217_KBL_TM_Lakes_GEODES_All3_QE-HF_C18_USDAY46918_POS_MSMS_45_GEO-ME-40-F_1_Rg80to1200-CE102040-0-7-S1_Run163.mzML after 1 attempts: Mixed polarities detected in scan data,2026-07-07T23:28:52.670000,,,,
20181217_KBL_TM_Lakes_GEODES_All3_QE-HF_C18_USDAY46918_POS_MSMS_14_GEO-SP-12-UF_1_Rg80to1200-CE102040-0-4-S1_Run57.mzML,/mnt/Volumes/LaCie/nmdc_data/mcmahon_11_fkbnah04/raw/20181217_KBL_TM_Lakes_GEODES_All3_QE-HF_C18_USDAY46918_POS_MSMS_14_GEO-SP-12-UF_1_Rg80to1200-CE102040-0-4-S1_Run57.mzML,104482483,.mzml,Error processing 20181217_KBL_TM_Lakes_GEODES_All3_QE-HF_C18_USDAY46918_POS_MSMS_14_GEO-SP-12-UF_1_Rg80to1200-CE102040-0-4-S1_Run57.mzML after 1 attempts: Mixed polarities detected in scan data,2026-07-07T23:29:20.180000,,,,
20181217_KBL_TM_Lakes_GEODES_All3_QE-HF_C18_USDAY46918_POS_MSMS_14_GEO-SP-12-UF_1_Rg80to1200-CE102040-0-4-S1_Run57.mzML,/mnt/Volumes/LaCie/nmdc_data/mcmahon_11_fkbnah04/raw/20181217_KBL_TM_Lakes_GEODES_All3_QE-HF_C18_USDAY46918_POS_MSMS_14_GEO-SP-12-UF_1_Rg80to1200-CE102040-0-4-S1_Run57.mzML,104482483,.mzml,Error processing 20181217_KBL_TM_Lakes_GEODES_All3_QE-HF_C18_USDAY46918_POS_MSMS_14_GEO-SP-12-UF_1_Rg80to1200-CE102040-0-4-S1_Run57.mzML after 1 attempts: Mixed polarities detected in scan data,2026-07-07T23:29:20.180000,,,,
20181217_KBL_TM_Lakes_GEODES_All3_QE-HF_C18_USDAY46918_POS_MSMS_14_GEO-SP-12-UF_1_Rg80to1200-CE102040-0-4-S1_Run57.mzML,/mnt/Volumes/LaCie/nmdc_data/mcmahon_11_fkbnah04/raw/20181217_KBL_TM_Lakes_GEODES_All3_QE-HF_C18_USDAY46918_POS_MSMS_14_GEO-SP-12-UF_1_Rg80to1200-CE102040-0-4-S1_Run57.mzML,104482483,.mzml,Error processing 20181217_KBL_TM_Lakes_GEODES_All3_QE-HF_C18_USDAY46918_POS_MSMS_14_GEO-SP-12-UF_1_Rg80to1200-CE102040-0-4-S1_Run57.mzML after 1 attempts: Mixed polarities detected in scan data,2026-07-07T23:29:20.180000,,,,
20180918_KBL_TM_Lakes_GEODES_All3_QE-HF_HILICZ-VF1_USHXG01161_NEG_MSMS_30_GEO-TB-28-UF_1_Rg70to1050-CE102040-0-1-S1_Run114.mzML,/mnt/Volumes/LaCie/nmdc_data/mcmahon_11_fkbnah04/raw/20180918_KBL_TM_Lakes_GEODES_All3_QE-HF_HILICZ-VF1_USHXG01161_NEG_MSMS_30_GEO-TB-28-UF_1_Rg70to1050-CE102040-0-1-S1_Run114.mzML,198272003,.mzml,Error processing 20180918_KBL_TM_Lakes_GEODES_All3_QE-HF_HILICZ-VF1_USHXG01161_NEG_MSMS_30_GEO-TB-28-UF_1_Rg70to1050-CE102040-0-1-S1_Run114.mzML after 1 attempts: Mixed polarities detected in scan data,2026-07-07T23:28:10.920000,,,,
20180918_KBL_TM_Lakes_GEODES_All3_QE-HF_HILICZ-VF1_USHXG01161_NEG_MSMS_30_GEO-TB-28-UF_1_Rg70to1050-CE102040-0-1-S1_Run114.mzML,/mnt/Volumes/LaCie/nmdc_data/mcmahon_11_fkbnah04/raw/20180918_KBL_TM_Lakes_GEODES_All3_QE-HF_HILICZ-VF1_USHXG01161_NEG_MSMS_30_GEO-TB-28-UF_1_Rg70to1050-CE102040-0-1-S1_Run114.mzML,198272003,.mzml,Error processing 20180918_KBL_TM_Lakes_GEODES_All3_QE-HF_HILICZ-VF1_USHXG01161_NEG_MSMS_30_GEO-TB-28-UF_1_Rg70to1050-CE102040-0-1-S1_Run114.mzML after 1 attempts: Mixed polarities detected in scan data,2026-07-07T23:28:10.920000,,,,
20180918_KBL_TM_Lakes_GEODES_All3_QE-HF_HILICZ-VF1_USHXG01161_NEG_MSMS_30_GEO-TB-28-UF_1_Rg70to1050-CE102040-0-1-S1_Run114.mzML,/mnt/Volumes/LaCie/nmdc_data/mcmahon_11_fkbnah04/raw/20180918_KBL_TM_Lakes_GEODES_All3_QE-HF_HILICZ-VF1_USHXG01161_NEG_MSMS_30_GEO-TB-28-UF_1_Rg70to1050-CE102040-0-1-S1_Run114.mzML,198272003,.mzml,Error processing 20180918_KBL_TM_Lakes_GEODES_All3_QE-HF_HILICZ-VF1_USHXG01161_NEG_MSMS_30_GEO-TB-28-UF_1_Rg70to1050-CE102040-0-1-S1_Run114.mzML after 1 attempts: Mixed polarities detected in scan data,2026-07-07T23:28:10.920000,,,,
20181217_KBL_TM_Lakes_GEODES_All3_QE-HF_C18_USDAY46918_NEG_MSMS_54_GEO-SP-28-F_1_Rg80to1200-CE102040-0-4-S1_Run199.mzML,/mnt/Volumes/LaCie/nmdc_data/mcmahon_11_fkbnah04/raw/20181217_KBL_TM_Lakes_GEODES_All3_QE-HF_C18_USDAY46918_NEG_MSMS_54_GEO-SP-28-F_1_Rg80to1200-CE102040-0-4-S1_Run199.mzML,77453782,.mzml,Error processing 20181217_KBL_TM_Lakes_GEODES_All3_QE-HF_C18_USDAY46918_NEG_MSMS_54_GEO-SP-28-F_1_Rg80to1200-CE102040-0-4-S1_Run199.mzML after 1 attempts: Mixed polarities detected in scan data,2026-07-07T23:30:59.100000,,,,
20180918_KBL_TM_Lakes_GEODES_All3_QE-HF_HILICZ-VF1_USHXG01161_NEG_MSMS_21_GEO-SP-40-UF_1_Rg70to1050-CE102040-0-4-S1_Run84.mzML,/mnt/Volumes/LaCie/nmdc_data/mcmahon_11_fkbnah04/raw/20180918_KBL_TM_Lakes_GEODES_All3_QE-HF_HILICZ-VF1_USHXG01161_NEG_MSMS_21_GEO-SP-40-UF_1_Rg70to1050-CE102040-0-4-S1_Run84.mzML,178185330,.mzml,Error processing 20180918_KBL_TM_Lakes_GEODES_All3_QE-HF_HILICZ-VF1_USHXG01161_NEG_MSMS_21_GEO-SP-40-UF_1_Rg70to1050-CE102040-0-4-S1_Run84.mzML after 1 attempts: Mixed polarities detected in scan data,2026-07-07T23:30:15.620000,,,,
20181217_KBL_TM_Lakes_GEODES_All3_QE-HF_C18_USDAY46918_NEG_MSMS_54_GEO-SP-28-F_1_Rg80to1200-CE102040-0-4-S1_Run199.mzML,/mnt/Volumes/LaCie/nmdc_data/mcmahon_11_fkbnah04/raw/20181217_KBL_TM_Lakes_GEODES_All3_QE-HF_C18_USDAY46918_NEG_MSMS_54_GEO-SP-28-F_1_Rg80to1200-CE102040-0-4-S1_Run199.mzML,77453782,.mzml,Error processing 20181217_KBL_TM_Lakes_GEODES_All3_QE-HF_C18_USDAY46918_NEG_MSMS_54_GEO-SP-28-F_1_Rg80to1200-CE102040-0-4-S1_Run199.mzML after 1 attempts: Mixed polarities detected in scan data,2026-07-07T23:30:59.100000,,,,
20180918_KBL_TM_Lakes_GEODES_All3_QE-HF_HILICZ-VF1_USHXG01161_NEG_MSMS_21_GEO-SP-40-UF_1_Rg70to1050-CE102040-0-4-S1_Run84.mzML,/mnt/Volumes/LaCie/nmdc_data/mcmahon_11_fkbnah04/raw/20180918_KBL_TM_Lakes_GEODES_All3_QE-HF_HILICZ-VF1_USHXG01161_NEG_MSMS_21_GEO-SP-40-UF_1_Rg70to1050-CE102040-0-4-S1_Run84.mzML,178185330,.mzml,Error processing 20180918_KBL_TM_Lakes_GEODES_All3_QE-HF_HILICZ-VF1_USHXG01161_NEG_MSMS_21_GEO-SP-40-UF_1_Rg70to1050-CE102040-0-4-S1_Run84.mzML after 1 attempts: Mixed polarities detected in scan data,2026-07-07T23:30:15.620000,,,,
20180918_KBL_TM_Lakes_GEODES_All3_QE-HF_HILICZ-VF1_USHXG01161_NEG_MSMS_21_GEO-SP-40-UF_1_Rg70to1050-CE102040-0-4-S1_Run84.mzML,/mnt/Volumes/LaCie/nmdc_data/mcmahon_11_fkbnah04/raw/20180918_KBL_TM_Lakes_GEODES_All3_QE-HF_HILICZ-VF1_USHXG01161_NEG_MSMS_21_GEO-SP-40-UF_1_Rg70to1050-CE102040-0-4-S1_Run84.mzML,178185330,.mzml,Error processing 20180918_KBL_TM_Lakes_GEODES_All3_QE-HF_HILICZ-VF1_USHXG01161_NEG_MSMS_21_GEO-SP-40-UF_1_Rg70to1050-CE102040-0-4-S1_Run84.mzML after 1 attempts: Mixed polarities detected in scan data,2026-07-07T23:30:15.620000,,,,
20181217_KBL_TM_Lakes_GEODES_All3_QE-HF_C18_USDAY46918_NEG_MSMS_54_GEO-SP-28-F_1_Rg80to1200-CE102040-0-4-S1_Run199.mzML,/mnt/Volumes/LaCie/nmdc_data/mcmahon_11_fkbnah04/raw/20181217_KBL_TM_Lakes_GEODES_All3_QE-HF_C18_USDAY46918_NEG_MSMS_54_GEO-SP-28-F_1_Rg80to1200-CE102040-0-4-S1_Run199.mzML,77453782,.mzml,Error processing 20181217_KBL_TM_Lakes_GEODES_All3_QE-HF_C18_USDAY46918_NEG_MSMS_54_GEO-SP-28-F_1_Rg80to1200-CE102040-0-4-S1_Run199.mzML after 1 attempts: Mixed polarities detected in scan data,2026-07-07T23:30:59.100000,,,,
20180918_KBL_TM_Lakes_GEODES_All3_QE-HF_HILICZ-VF1_USHXG01161_NEG_MSMS_9_GEO-ME-40-UF_1_Rg70to1050-CE102040-0-7-S1_Run43.mzML,/mnt/Volumes/LaCie/nmdc_data/mcmahon_11_fkbnah04/raw/20180918_KBL_TM_Lakes_GEODES_All3_QE-HF_HILICZ-VF1_USHXG01161_NEG_MSMS_9_GEO-ME-40-UF_1_Rg70to1050-CE102040-0-7-S1_Run43.mzML,168119623,.mzml,Error processing 20180918_KBL_TM_Lakes_GEODES_All3_QE-HF_HILICZ-VF1_USHXG01161_NEG_MSMS_9_GEO-ME-40-UF_1_Rg70to1050-CE102040-0-7-S1_Run43.mzML after 1 attempts: Mixed polarities detected in scan data,2026-07-07T23:30:37.020000,,,,
20180918_KBL_TM_Lakes_GEODES_All3_QE-HF_HILICZ-VF1_USHXG01161_NEG_MSMS_9_GEO-ME-40-UF_1_Rg70to1050-CE102040-0-7-S1_Run43.mzML,/mnt/Volumes/LaCie/nmdc_data/mcmahon_11_fkbnah04/raw/20180918_KBL_TM_Lakes_GEODES_All3_QE-HF_HILICZ-VF1_USHXG01161_NEG_MSMS_9_GEO-ME-40-UF_1_Rg70to1050-CE102040-0-7-S1_Run43.mzML,168119623,.mzml,Error processing 20180918_KBL_TM_Lakes_GEODES_All3_QE-HF_HILICZ-VF1_USHXG01161_NEG_MSMS_9_GEO-ME-40-UF_1_Rg70to1050-CE102040-0-7-S1_Run43.mzML after 1 attempts: Mixed polarities detected in scan data,2026-07-07T23:30:37.020000,,,,
20180918_KBL_TM_Lakes_GEODES_All3_QE-HF_HILICZ-VF1_USHXG01161_NEG_MSMS_9_GEO-ME-40-UF_1_Rg70to1050-CE102040-0-7-S1_Run43.mzML,/mnt/Volumes/LaCie/nmdc_data/mcmahon_11_fkbnah04/raw/20180918_KBL_TM_Lakes_GEODES_All3_QE-HF_HILICZ-VF1_USHXG01161_NEG_MSMS_9_GEO-ME-40-UF_1_Rg70to1050-CE102040-0-7-S1_Run43.mzML,168119623,.mzml,Error processing 20180918_KBL_TM_Lakes_GEODES_All3_QE-HF_HILICZ-VF1_USHXG01161_NEG_MSMS_9_GEO-ME-40-UF_1_Rg70to1050-CE102040-0-7-S1_Run43.mzML after 1 attempts: Mixed polarities detected in scan data,2026-07-07T23:30:37.020000,,,,
20181217_KBL_TM_Lakes_GEODES_All3_QE-HF_C18_USDAY46918_POS_MSMS_61_GEO-TB-0-F_1_Rg80to1200-CE102040-0-1-S1_Run224.mzML,/mnt/Volumes/LaCie/nmdc_data/mcmahon_11_fkbnah04/raw/20181217_KBL_TM_Lakes_GEODES_All3_QE-HF_C18_USDAY46918_POS_MSMS_61_GEO-TB-0-F_1_Rg80to1200-CE102040-0-1-S1_Run224.mzML,98305653,.mzml,Error processing 20181217_KBL_TM_Lakes_GEODES_All3_QE-HF_C18_USDAY46918_POS_MSMS_61_GEO-TB-0-F_1_Rg80to1200-CE102040-0-1-S1_Run224.mzML after 1 attempts: Mixed polarities detected in scan data,2026-07-07T23:31:23.480000,,,,
20181217_KBL_TM_Lakes_GEODES_All3_QE-HF_C18_USDAY46918_POS_MSMS_61_GEO-TB-0-F_1_Rg80to1200-CE102040-0-1-S1_Run224.mzML,/mnt/Volumes/LaCie/nmdc_data/mcmahon_11_fkbnah04/raw/20181217_KBL_TM_Lakes_GEODES_All3_QE-HF_C18_USDAY46918_POS_MSMS_61_GEO-TB-0-F_1_Rg80to1200-CE102040-0-1-S1_Run224.mzML,98305653,.mzml,Error processing 20181217_KBL_TM_Lakes_GEODES_All3_QE-HF_C18_USDAY46918_POS_MSMS_61_GEO-TB-0-F_1_Rg80to1200-CE102040-0-1-S1_Run224.mzML after 1 attempts: Mixed polarities detected in scan data,2026-07-07T23:31:23.480000,,,,
20181217_KBL_TM_Lakes_GEODES_All3_QE-HF_C18_USDAY46918_POS_MSMS_61_GEO-TB-0-F_1_Rg80to1200-CE102040-0-1-S1_Run224.mzML,/mnt/Volumes/LaCie/nmdc_data/mcmahon_11_fkbnah04/raw/20181217_KBL_TM_Lakes_GEODES_All3_QE-HF_C18_USDAY46918_POS_MSMS_61_GEO-TB-0-F_1_Rg80to1200-CE102040-0-1-S1_Run224.mzML,98305653,.mzml,Error processing 20181217_KBL_TM_Lakes_GEODES_All3_QE-HF_C18_USDAY46918_POS_MSMS_61_GEO-TB-0-F_1_Rg80to1200-CE102040-0-1-S1_Run224.mzML after 1 attempts: Mixed polarities detected in scan data,2026-07-07T23:31:23.480000,,,,
20180918_KBL_TM_Lakes_GEODES_All3_QE-HF_HILICZ-VF1_USHXG01161_POS_MSMS_61_GEO-TB-0-F_1_Rg70to1050-CE102040-0-1-S1_Run224.mzML,/mnt/Volumes/LaCie/nmdc_data/mcmahon_11_fkbnah04/raw/20180918_KBL_TM_Lakes_GEODES_All3_QE-HF_HILICZ-VF1_USHXG01161_POS_MSMS_61_GEO-TB-0-F_1_Rg70to1050-CE102040-0-1-S1_Run224.mzML,188750033,.mzml,Error processing 20180918_KBL_TM_Lakes_GEODES_All3_QE-HF_HILICZ-VF1_USHXG01161_POS_MSMS_61_GEO-TB-0-F_1_Rg70to1050-CE102040-0-1-S1_Run224.mzML after 1 attempts: Mixed polarities detected in scan data,2026-07-07T23:31:14.320000,,,,
20180918_KBL_TM_Lakes_GEODES_All3_QE-HF_HILICZ-VF1_USHXG01161_POS_MSMS_61_GEO-TB-0-F_1_Rg70to1050-CE102040-0-1-S1_Run224.mzML,/mnt/Volumes/LaCie/nmdc_data/mcmahon_11_fkbnah04/raw/20180918_KBL_TM_Lakes_GEODES_All3_QE-HF_HILICZ-VF1_USHXG01161_POS_MSMS_61_GEO-TB-0-F_1_Rg70to1050-CE102040-0-1-S1_Run224.mzML,188750033,.mzml,Error processing 20180918_KBL_TM_Lakes_GEODES_All3_QE-HF_HILICZ-VF1_USHXG01161_POS_MSMS_61_GEO-TB-0-F_1_Rg70to1050-CE102040-0-1-S1_Run224.mzML after 1 attempts: Mixed polarities detected in scan data,2026-07-07T23:31:14.320000,,,,
20180918_KBL_TM_Lakes_GEODES_All3_QE-HF_HILICZ-VF1_USHXG01161_POS_MSMS_61_GEO-TB-0-F_1_Rg70to1050-CE102040-0-1-S1_Run224.mzML,/mnt/Volumes/LaCie/nmdc_data/mcmahon_11_fkbnah04/raw/20180918_KBL_TM_Lakes_GEODES_All3_QE-HF_HILICZ-VF1_USHXG01161_POS_MSMS_61_GEO-TB-0-F_1_Rg70to1050-CE102040-0-1-S1_Run224.mzML,188750033,.mzml,Error processing 20180918_KBL_TM_Lakes_GEODES_All3_QE-HF_HILICZ-VF1_USHXG01161_POS_MSMS_61_GEO-TB-0-F_1_Rg70to1050-CE102040-0-1-S1_Run224.mzML after 1 attempts: Mixed polarities detected in scan data,2026-07-07T23:31:14.320000,,,,
20180918_KBL_TM_Lakes_GEODES_All3_QE-HF_HILICZ-VF1_USHXG01161_POS_MSMS_27_GEO-TB-16-UF_1_Rg70to1050-CE102040-0-1-S1_Run104.mzML,/mnt/Volumes/LaCie/nmdc_data/mcmahon_11_fkbnah04/raw/20180918_KBL_TM_Lakes_GEODES_All3_QE-HF_HILICZ-VF1_USHXG01161_POS_MSMS_27_GEO-TB-16-UF_1_Rg70to1050-CE102040-0-1-S1_Run104.mzML,190146055,.mzml,Error processing 20180918_KBL_TM_Lakes_GEODES_All3_QE-HF_HILICZ-VF1_USHXG01161_POS_MSMS_27_GEO-TB-16-UF_1_Rg70to1050-CE102040-0-1-S1_Run104.mzML after 1 attempts: Mixed polarities detected in scan data,2026-07-07T23:32:47.060000,,,,
20180918_KBL_TM_Lakes_GEODES_All3_QE-HF_HILICZ-VF1_USHXG01161_POS_MSMS_27_GEO-TB-16-UF_1_Rg70to1050-CE102040-0-1-S1_Run104.mzML,/mnt/Volumes/LaCie/nmdc_data/mcmahon_11_fkbnah04/raw/20180918_KBL_TM_Lakes_GEODES_All3_QE-HF_HILICZ-VF1_USHXG01161_POS_MSMS_27_GEO-TB-16-UF_1_Rg70to1050-CE102040-0-1-S1_Run104.mzML,190146055,.mzml,Error processing 20180918_KBL_TM_Lakes_GEODES_All3_QE-HF_HILICZ-VF1_USHXG01161_POS_MSMS_27_GEO-TB-16-UF_1_Rg70to1050-CE102040-0-1-S1_Run104.mzML after 1 attempts: Mixed polarities detected in scan data,2026-07-07T23:32:47.060000,,,,
20180918_KBL_TM_Lakes_GEODES_All3_QE-HF_HILICZ-VF1_USHXG01161_POS_MSMS_27_GEO-TB-16-UF_1_Rg70to1050-CE102040-0-1-S1_Run104.mzML,/mnt/Volumes/LaCie/nmdc_data/mcmahon_11_fkbnah04/raw/20180918_KBL_TM_Lakes_GEODES_All3_QE-HF_HILICZ-VF1_USHXG01161_POS_MSMS_27_GEO-TB-16-UF_1_Rg70to1050-CE102040-0-1-S1_Run104.mzML,190146055,.mzml,Error processing 20180918_KBL_TM_Lakes_GEODES_All3_QE-HF_HILICZ-VF1_USHXG01161_POS_MSMS_27_GEO-TB-16-UF_1_Rg70to1050-CE102040-0-1-S1_Run104.mzML after 1 attempts: Mixed polarities detected in scan data,2026-07-07T23:32:47.060000,,,,
20181217_KBL_TM_Lakes_GEODES_All3_QE-HF_C18_USDAY46918_NEG_MSMS_16_GEO-SP-20-UF_1_Rg80to1200-CE102040-0-4-S1_Run69.mzML,/mnt/Volumes/LaCie/nmdc_data/mcmahon_11_fkbnah04/raw/20181217_KBL_TM_Lakes_GEODES_All3_QE-HF_C18_USDAY46918_NEG_MSMS_16_GEO-SP-20-UF_1_Rg80to1200-CE102040-0-4-S1_Run69.mzML,86671420,.mzml,Error processing 20181217_KBL_TM_Lakes_GEODES_All3_QE-HF_C18_USDAY46918_NEG_MSMS_16_GEO-SP-20-UF_1_Rg80to1200-CE102040-0-4-S1_Run69.mzML after 1 attempts: Mixed polarities detected in scan data,2026-07-07T23:34:06.160000,,,,
20181217_KBL_TM_Lakes_GEODES_All3_QE-HF_C18_USDAY46918_NEG_MSMS_16_GEO-SP-20-UF_1_Rg80to1200-CE102040-0-4-S1_Run69.mzML,/mnt/Volumes/LaCie/nmdc_data/mcmahon_11_fkbnah04/raw/20181217_KBL_TM_Lakes_GEODES_All3_QE-HF_C18_USDAY46918_NEG_MSMS_16_GEO-SP-20-UF_1_Rg80to1200-CE102040-0-4-S1_Run69.mzML,86671420,.mzml,Error processing 20181217_KBL_TM_Lakes_GEODES_All3_QE-HF_C18_USDAY46918_NEG_MSMS_16_GEO-SP-20-UF_1_Rg80to1200-CE102040-0-4-S1_Run69.mzML after 1 attempts: Mixed polarities detected in scan data,2026-07-07T23:34:06.160000,,,,
20181217_KBL_TM_Lakes_GEODES_All3_QE-HF_C18_USDAY46918_NEG_MSMS_16_GEO-SP-20-UF_1_Rg80to1200-CE102040-0-4-S1_Run69.mzML,/mnt/Volumes/LaCie/nmdc_data/mcmahon_11_fkbnah04/raw/20181217_KBL_TM_Lakes_GEODES_All3_QE-HF_C18_USDAY46918_NEG_MSMS_16_GEO-SP-20-UF_1_Rg80to1200-CE102040-0-4-S1_Run69.mzML,86671420,.mzml,Error processing 20181217_KBL_TM_Lakes_GEODES_All3_QE-HF_C18_USDAY46918_NEG_MSMS_16_GEO-SP-20-UF_1_Rg80to1200-CE102040-0-4-S1_Run69.mzML after 1 attempts: Mixed polarities detected in scan data,2026-07-07T23:34:06.160000,,,,
20181217_KBL_TM_Lakes_GEODES_All3_QE-HF_C18_USDAY46918_POS_MSMS_66_GEO-TB-28-F_1_Rg80to1200-CE102040-0-1-S1_Run239.mzML,/mnt/Volumes/LaCie/nmdc_data/mcmahon_11_fkbnah04/raw/20181217_KBL_TM_Lakes_GEODES_All3_QE-HF_C18_USDAY46918_POS_MSMS_66_GEO-TB-28-F_1_Rg80to1200-CE102040-0-1-S1_Run239.mzML,100858241,.mzml,Error processing 20181217_KBL_TM_Lakes_GEODES_All3_QE-HF_C18_USDAY46918_POS_MSMS_66_GEO-TB-28-F_1_Rg80to1200-CE102040-0-1-S1_Run239.mzML after 1 attempts: Mixed polarities detected in scan data,2026-07-07T23:34:15.720000,,,,
20181217_KBL_TM_Lakes_GEODES_All3_QE-HF_C18_USDAY46918_POS_MSMS_66_GEO-TB-28-F_1_Rg80to1200-CE102040-0-1-S1_Run239.mzML,/mnt/Volumes/LaCie/nmdc_data/mcmahon_11_fkbnah04/raw/20181217_KBL_TM_Lakes_GEODES_All3_QE-HF_C18_USDAY46918_POS_MSMS_66_GEO-TB-28-F_1_Rg80to1200-CE102040-0-1-S1_Run239.mzML,100858241,.mzml,Error processing 20181217_KBL_TM_Lakes_GEODES_All3_QE-HF_C18_USDAY46918_POS_MSMS_66_GEO-TB-28-F_1_Rg80to1200-CE102040-0-1-S1_Run239.mzML after 1 attempts: Mixed polarities detected in scan data,2026-07-07T23:34:15.720000,,,,
20181217_KBL_TM_Lakes_GEODES_All3_QE-HF_C18_USDAY46918_POS_MSMS_66_GEO-TB-28-F_1_Rg80to1200-CE102040-0-1-S1_Run239.mzML,/mnt/Volumes/LaCie/nmdc_data/mcmahon_11_fkbnah04/raw/20181217_KBL_TM_Lakes_GEODES_All3_QE-HF_C18_USDAY46918_POS_MSMS_66_GEO-TB-28-F_1_Rg80to1200-CE102040-0-1-S1_Run239.mzML,100858241,.mzml,Error processing 20181217_KBL_TM_Lakes_GEODES_All3_QE-HF_C18_USDAY46918_POS_MSMS_66_GEO-TB-28-F_1_Rg80to1200-CE102040-0-1-S1_Run239.mzML after 1 attempts: Mixed polarities detected in scan data,2026-07-07T23:34:15.720000,,,,
20180918_KBL_TM_Lakes_GEODES_All3_QE-HF_HILICZ-VF1_USHXG01161_POS_MSMS_30_GEO-TB-28-UF_1_Rg70to1050-CE102040-0-1-S1_Run113.mzML,/mnt/Volumes/LaCie/nmdc_data/mcmahon_11_fkbnah04/raw/20180918_KBL_TM_Lakes_GEODES_All3_QE-HF_HILICZ-VF1_USHXG01161_POS_MSMS_30_GEO-TB-28-UF_1_Rg70to1050-CE102040-0-1-S1_Run113.mzML,186550064,.mzml,Error processing 20180918_KBL_TM_Lakes_GEODES_All3_QE-HF_HILICZ-VF1_USHXG01161_POS_MSMS_30_GEO-TB-28-UF_1_Rg70to1050-CE102040-0-1-S1_Run113.mzML after 1 attempts: Mixed polarities detected in scan data,2026-07-07T23:33:25.180000,,,,
20180918_KBL_TM_Lakes_GEODES_All3_QE-HF_HILICZ-VF1_USHXG01161_POS_MSMS_30_GEO-TB-28-UF_1_Rg70to1050-CE102040-0-1-S1_Run113.mzML,/mnt/Volumes/LaCie/nmdc_data/mcmahon_11_fkbnah04/raw/20180918_KBL_TM_Lakes_GEODES_All3_QE-HF_HILICZ-VF1_USHXG01161_POS_MSMS_30_GEO-TB-28-UF_1_Rg70to1050-CE102040-0-1-S1_Run113.mzML,186550064,.mzml,Error processing 20180918_KBL_TM_Lakes_GEODES_All3_QE-HF_HILICZ-VF1_USHXG01161_POS_MSMS_30_GEO-TB-28-UF_1_Rg70to1050-CE102040-0-1-S1_Run113.mzML after 1 attempts: Mixed polarities detected in scan data,2026-07-07T23:33:25.180000,,,,
20180918_KBL_TM_Lakes_GEODES_All3_QE-HF_HILICZ-VF1_USHXG01161_POS_MSMS_30_GEO-TB-28-UF_1_Rg70to1050-CE102040-0-1-S1_Run113.mzML,/mnt/Volumes/LaCie/nmdc_data/mcmahon_11_fkbnah04/raw/20180918_KBL_TM_Lakes_GEODES_All3_QE-HF_HILICZ-VF1_USHXG01161_POS_MSMS_30_GEO-TB-28-UF_1_Rg70to1050-CE102040-0-1-S1_Run113.mzML,186550064,.mzml,Error processing 20180918_KBL_TM_Lakes_GEODES_All3_QE-HF_HILICZ-VF1_USHXG01161_POS_MSMS_30_GEO-TB-28-UF_1_Rg70to1050-CE102040-0-1-S1_Run113.mzML after 1 attempts: Mixed polarities detected in scan data,2026-07-07T23:33:25.180000,,,,
20181217_KBL_TM_Lakes_GEODES_All3_QE-HF_C18_USDAY46918_NEG_MSMS_28_GEO-TB-20-UF_1_Rg80to1200-CE102040-0-1-S1_Run108.mzML,/mnt/Volumes/LaCie/nmdc_data/mcmahon_11_fkbnah04/raw/20181217_KBL_TM_Lakes_GEODES_All3_QE-HF_C18_USDAY46918_NEG_MSMS_28_GEO-TB-20-UF_1_Rg80to1200-CE102040-0-1-S1_Run108.mzML,91929049,.mzml,Error processing 20181217_KBL_TM_Lakes_GEODES_All3_QE-HF_C18_USDAY46918_NEG_MSMS_28_GEO-TB-20-UF_1_Rg80to1200-CE102040-0-1-S1_Run108.mzML after 1 attempts: Mixed polarities detected in scan data,2026-07-07T23:34:56.340000,,,,
20181217_KBL_TM_Lakes_GEODES_All3_QE-HF_C18_USDAY46918_NEG_MSMS_71_GEO-TB-4-F_1_Rg80to1200-CE102040-0-1-S1_Run255.mzML,/mnt/Volumes/LaCie/nmdc_data/mcmahon_11_fkbnah04/raw/20181217_KBL_TM_Lakes_GEODES_All3_QE-HF_C18_USDAY46918_NEG_MSMS_71_GEO-TB-4-F_1_Rg80to1200-CE102040-0-1-S1_Run255.mzML,85695020,.mzml,Error processing 20181217_KBL_TM_Lakes_GEODES_All3_QE-HF_C18_USDAY46918_NEG_MSMS_71_GEO-TB-4-F_1_Rg80to1200-CE102040-0-1-S1_Run255.mzML after 1 attempts: Mixed polarities detected in scan data,2026-07-07T23:35:46.130000,,,,
20181217_KBL_TM_Lakes_GEODES_All3_QE-HF_C18_USDAY46918_NEG_MSMS_71_GEO-TB-4-F_1_Rg80to1200-CE102040-0-1-S1_Run255.mzML,/mnt/Volumes/LaCie/nmdc_data/mcmahon_11_fkbnah04/raw/20181217_KBL_TM_Lakes_GEODES_All3_QE-HF_C18_USDAY46918_NEG_MSMS_71_GEO-TB-4-F_1_Rg80to1200-CE102040-0-1-S1_Run255.mzML,85695020,.mzml,Error processing 20181217_KBL_TM_Lakes_GEODES_All3_QE-HF_C18_USDAY46918_NEG_MSMS_71_GEO-TB-4-F_1_Rg80to1200-CE102040-0-1-S1_Run255.mzML after 1 attempts: Mixed polarities detected in scan data,2026-07-07T23:35:46.130000,,,,
20181217_KBL_TM_Lakes_GEODES_All3_QE-HF_C18_USDAY46918_NEG_MSMS_71_GEO-TB-4-F_1_Rg80to1200-CE102040-0-1-S1_Run255.mzML,/mnt/Volumes/LaCie/nmdc_data/mcmahon_11_fkbnah04/raw/20181217_KBL_TM_Lakes_GEODES_All3_QE-HF_C18_USDAY46918_NEG_MSMS_71_GEO-TB-4-F_1_Rg80to1200-CE102040-0-1-S1_Run255.mzML,85695020,.mzml,Error processing 20181217_KBL_TM_Lakes_GEODES_All3_QE-HF_C18_USDAY46918_NEG_MSMS_71_GEO-TB-4-F_1_Rg80to1200-CE102040-0-1-S1_Run255.mzML after 1 attempts: Mixed polarities detected in scan data,2026-07-07T23:35:46.130000,,,,
20181217_KBL_TM_Lakes_GEODES_All3_QE-HF_C18_USDAY46918_NEG_MSMS_28_GEO-TB-20-UF_1_Rg80to1200-CE102040-0-1-S1_Run108.mzML,/mnt/Volumes/LaCie/nmdc_data/mcmahon_11_fkbnah04/raw/20181217_KBL_TM_Lakes_GEODES_All3_QE-HF_C18_USDAY46918_NEG_MSMS_28_GEO-TB-20-UF_1_Rg80to1200-CE102040-0-1-S1_Run108.mzML,91929049,.mzml,Error processing 20181217_KBL_TM_Lakes_GEODES_All3_QE-HF_C18_USDAY46918_NEG_MSMS_28_GEO-TB-20-UF_1_Rg80to1200-CE102040-0-1-S1_Run108.mzML after 1 attempts: Mixed polarities detected in scan data,2026-07-07T23:34:56.340000,,,,
20181217_KBL_TM_Lakes_GEODES_All3_QE-HF_C18_USDAY46918_NEG_MSMS_28_GEO-TB-20-UF_1_Rg80to1200-CE102040-0-1-S1_Run108.mzML,/mnt/Volumes/LaCie/nmdc_data/mcmahon_11_fkbnah04/raw/20181217_KBL_TM_Lakes_GEODES_All3_QE-HF_C18_USDAY46918_NEG_MSMS_28_GEO-TB-20-UF_1_Rg80to1200-CE102040-0-1-S1_Run108.mzML,91929049,.mzml,Error processing 20181217_KBL_TM_Lakes_GEODES_All3_QE-HF_C18_USDAY46918_NEG_MSMS_28_GEO-TB-20-UF_1_Rg80to1200-CE102040-0-1-S1_Run108.mzML after 1 attempts: Mixed polarities detected in scan data,2026-07-07T23:34:56.340000,,,,
20181217_KBL_TM_Lakes_GEODES_All3_QE-HF_C18_USDAY46918_NEG_MSMS_29_GEO-TB-24-UF_1_Rg80to1200-CE102040-0-1-S1_Run111.mzML,/mnt/Volumes/LaCie/nmdc_data/mcmahon_11_fkbnah04/raw/20181217_KBL_TM_Lakes_GEODES_All3_QE-HF_C18_USDAY46918_NEG_MSMS_29_GEO-TB-24-UF_1_Rg80to1200-CE102040-0-1-S1_Run111.mzML,89584042,.mzml,Error processing 20181217_KBL_TM_Lakes_GEODES_All3_QE-HF_C18_USDAY46918_NEG_MSMS_29_GEO-TB-24-UF_1_Rg80to1200-CE102040-0-1-S1_Run111.mzML after 1 attempts: Mixed polarities detected in scan data,2026-07-07T23:35:26.810000,,,,
20181217_KBL_TM_Lakes_GEODES_All3_QE-HF_C18_USDAY46918_NEG_MSMS_29_GEO-TB-24-UF_1_Rg80to1200-CE102040-0-1-S1_Run111.mzML,/mnt/Volumes/LaCie/nmdc_data/mcmahon_11_fkbnah04/raw/20181217_KBL_TM_Lakes_GEODES_All3_QE-HF_C18_USDAY46918_NEG_MSMS_29_GEO-TB-24-UF_1_Rg80to1200-CE102040-0-1-S1_Run111.mzML,89584042,.mzml,Error processing 20181217_KBL_TM_Lakes_GEODES_All3_QE-HF_C18_USDAY46918_NEG_MSMS_29_GEO-TB-24-UF_1_Rg80to1200-CE102040-0-1-S1_Run111.mzML after 1 attempts: Mixed polarities detected in scan data,2026-07-07T23:35:26.810000,,,,
20181217_KBL_TM_Lakes_GEODES_All3_QE-HF_C18_USDAY46918_NEG_MSMS_29_GEO-TB-24-UF_1_Rg80to1200-CE102040-0-1-S1_Run111.mzML,/mnt/Volumes/LaCie/nmdc_data/mcmahon_11_fkbnah04/raw/20181217_KBL_TM_Lakes_GEODES_All3_QE-HF_C18_USDAY46918_NEG_MSMS_29_GEO-TB-24-UF_1_Rg80to1200-CE102040-0-1-S1_Run111.mzML,89584042,.mzml,Error processing 20181217_KBL_TM_Lakes_GEODES_All3_QE-HF_C18_USDAY46918_NEG_MSMS_29_GEO-TB-24-UF_1_Rg80to1200-CE102040-0-1-S1_Run111.mzML after 1 attempts: Mixed polarities detected in scan data,2026-07-07T23:35:26.810000,,,,
20180918_KBL_TM_Lakes_GEODES_All3_QE-HF_HILICZ-VF1_USHXG01161_POS_MSMS_40_GEO-ME-20-F_1_Rg70to1050-CE102040-0-7-S1_Run148.mzML,/mnt/Volumes/LaCie/nmdc_data/mcmahon_11_fkbnah04/raw/20180918_KBL_TM_Lakes_GEODES_All3_QE-HF_HILICZ-VF1_USHXG01161_POS_MSMS_40_GEO-ME-20-F_1_Rg70to1050-CE102040-0-7-S1_Run148.mzML,174076011,.mzml,Error processing 20180918_KBL_TM_Lakes_GEODES_All3_QE-HF_HILICZ-VF1_USHXG01161_POS_MSMS_40_GEO-ME-20-F_1_Rg70to1050-CE102040-0-7-S1_Run148.mzML after 1 attempts: Mixed polarities detected in scan data,2026-07-07T23:35:16.550000,,,,
20180918_KBL_TM_Lakes_GEODES_All3_QE-HF_HILICZ-VF1_USHXG01161_POS_MSMS_40_GEO-ME-20-F_1_Rg70to1050-CE102040-0-7-S1_Run148.mzML,/mnt/Volumes/LaCie/nmdc_data/mcmahon_11_fkbnah04/raw/20180918_KBL_TM_Lakes_GEODES_All3_QE-HF_HILICZ-VF1_USHXG01161_POS_MSMS_40_GEO-ME-20-F_1_Rg70to1050-CE102040-0-7-S1_Run148.mzML,174076011,.mzml,Error processing 20180918_KBL_TM_Lakes_GEODES_All3_QE-HF_HILICZ-VF1_USHXG01161_POS_MSMS_40_GEO-ME-20-F_1_Rg70to1050-CE102040-0-7-S1_Run148.mzML after 1 attempts: Mixed polarities detected in scan data,2026-07-07T23:35:16.550000,,,,
20180918_KBL_TM_Lakes_GEODES_All3_QE-HF_HILICZ-VF1_USHXG01161_POS_MSMS_40_GEO-ME-20-F_1_Rg70to1050-CE102040-0-7-S1_Run148.mzML,/mnt/Volumes/LaCie/nmdc_data/mcmahon_11_fkbnah04/raw/20180918_KBL_TM_Lakes_GEODES_All3_QE-HF_HILICZ-VF1_USHXG01161_POS_MSMS_40_GEO-ME-20-F_1_Rg70to1050-CE102040-0-7-S1_Run148.mzML,174076011,.mzml,Error processing 20180918_KBL_TM_Lakes_GEODES_All3_QE-HF_HILICZ-VF1_USHXG01161_POS_MSMS_40_GEO-ME-20-F_1_Rg70to1050-CE102040-0-7-S1_Run148.mzML after 1 attempts: Mixed polarities detected in scan data,2026-07-07T23:35:16.550000,,,,
20181217_KBL_TM_Lakes_GEODES_All3_QE-HF_C18_USDAY46918_POS_MSMS_4_GEO-ME-20-UF_1_Rg80to1200-CE102040-0-7-S1_Run27.mzML,/mnt/Volumes/LaCie/nmdc_data/mcmahon_11_fkbnah04/raw/20181217_KBL_TM_Lakes_GEODES_All3_QE-HF_C18_USDAY46918_POS_MSMS_4_GEO-ME-20-UF_1_Rg80to1200-CE102040-0-7-S1_Run27.mzML,105139396,.mzml,Error processing 20181217_KBL_TM_Lakes_GEODES_All3_QE-HF_C18_USDAY46918_POS_MSMS_4_GEO-ME-20-UF_1_Rg80to1200-CE102040-0-7-S1_Run27.mzML after 1 attempts: Mixed polarities detected in scan data,2026-07-07T23:36:24.160000,,,,
20181217_KBL_TM_Lakes_GEODES_All3_QE-HF_C18_USDAY46918_POS_MSMS_4_GEO-ME-20-UF_1_Rg80to1200-CE102040-0-7-S1_Run27.mzML,/mnt/Volumes/LaCie/nmdc_data/mcmahon_11_fkbnah04/raw/20181217_KBL_TM_Lakes_GEODES_All3_QE-HF_C18_USDAY46918_POS_MSMS_4_GEO-ME-20-UF_1_Rg80to1200-CE102040-0-7-S1_Run27.mzML,105139396,.mzml,Error processing 20181217_KBL_TM_Lakes_GEODES_All3_QE-HF_C18_USDAY46918_POS_MSMS_4_GEO-ME-20-UF_1_Rg80to1200-CE102040-0-7-S1_Run27.mzML after 1 attempts: Mixed polarities detected in scan data,2026-07-07T23:36:24.160000,,,,
20181217_KBL_TM_Lakes_GEODES_All3_QE-HF_C18_USDAY46918_POS_MSMS_4_GEO-ME-20-UF_1_Rg80to1200-CE102040-0-7-S1_Run27.mzML,/mnt/Volumes/LaCie/nmdc_data/mcmahon_11_fkbnah04/raw/20181217_KBL_TM_Lakes_GEODES_All3_QE-HF_C18_USDAY46918_POS_MSMS_4_GEO-ME-20-UF_1_Rg80to1200-CE102040-0-7-S1_Run27.mzML,105139396,.mzml,Error processing 20181217_KBL_TM_Lakes_GEODES_All3_QE-HF_C18_USDAY46918_POS_MSMS_4_GEO-ME-20-UF_1_Rg80to1200-CE102040-0-7-S1_Run27.mzML after 1 attempts: Mixed polarities detected in scan data,2026-07-07T23:36:24.160000,,,,
20181217_KBL_TM_Lakes_GEODES_All3_QE-HF_C18_USDAY46918_POS_MSMS_70_GEO-TB-44-F_1_Rg80to1200-CE102040-0-1-S1_Run251.mzML,/mnt/Volumes/LaCie/nmdc_data/mcmahon_11_fkbnah04/raw/20181217_KBL_TM_Lakes_GEODES_All3_QE-HF_C18_USDAY46918_POS_MSMS_70_GEO-TB-44-F_1_Rg80to1200-CE102040-0-1-S1_Run251.mzML,100915594,.mzml,Error processing 20181217_KBL_TM_Lakes_GEODES_All3_QE-HF_C18_USDAY46918_POS_MSMS_70_GEO-TB-44-F_1_Rg80to1200-CE102040-0-1-S1_Run251.mzML after 1 attempts: Mixed polarities detected in scan data,2026-07-07T23:38:40.900000,,,,
20181217_KBL_TM_Lakes_GEODES_All3_QE-HF_C18_USDAY46918_POS_MSMS_70_GEO-TB-44-F_1_Rg80to1200-CE102040-0-1-S1_Run251.mzML,/mnt/Volumes/LaCie/nmdc_data/mcmahon_11_fkbnah04/raw/20181217_KBL_TM_Lakes_GEODES_All3_QE-HF_C18_USDAY46918_POS_MSMS_70_GEO-TB-44-F_1_Rg80to1200-CE102040-0-1-S1_Run251.mzML,100915594,.mzml,Error processing 20181217_KBL_TM_Lakes_GEODES_All3_QE-HF_C18_USDAY46918_POS_MSMS_70_GEO-TB-44-F_1_Rg80to1200-CE102040-0-1-S1_Run251.mzML after 1 attempts: Mixed polarities detected in scan data,2026-07-07T23:38:40.900000,,,,
20181217_KBL_TM_Lakes_GEODES_All3_QE-HF_C18_USDAY46918_POS_MSMS_70_GEO-TB-44-F_1_Rg80to1200-CE102040-0-1-S1_Run251.mzML,/mnt/Volumes/LaCie/nmdc_data/mcmahon_11_fkbnah04/raw/20181217_KBL_TM_Lakes_GEODES_All3_QE-HF_C18_USDAY46918_POS_MSMS_70_GEO-TB-44-F_1_Rg80to1200-CE102040-0-1-S1_Run251.mzML,100915594,.mzml,Error processing 20181217_KBL_TM_Lakes_GEODES_All3_QE-HF_C18_USDAY46918_POS_MSMS_70_GEO-TB-44-F_1_Rg80to1200-CE102040-0-1-S1_Run251.mzML after 1 attempts: Mixed polarities detected in scan data,2026-07-07T23:38:40.900000,,,,
20180918_KBL_TM_Lakes_GEODES_All3_QE-HF_HILICZ-VF1_USHXG01161_NEG_MSMS_36_GEO-TB-8-UF_1_Rg70to1050-CE102040-0-1-S1_Run137.mzML,/mnt/Volumes/LaCie/nmdc_data/mcmahon_11_fkbnah04/raw/20180918_KBL_TM_Lakes_GEODES_All3_QE-HF_HILICZ-VF1_USHXG01161_NEG_MSMS_36_GEO-TB-8-UF_1_Rg70to1050-CE102040-0-1-S1_Run137.mzML,201250579,.mzml,Error processing 20180918_KBL_TM_Lakes_GEODES_All3_QE-HF_HILICZ-VF1_USHXG01161_NEG_MSMS_36_GEO-TB-8-UF_1_Rg70to1050-CE102040-0-1-S1_Run137.mzML after 1 attempts: Mixed polarities detected in scan data,2026-07-07T23:37:14.800000,,,,
20180918_KBL_TM_Lakes_GEODES_All3_QE-HF_HILICZ-VF1_USHXG01161_NEG_MSMS_36_GEO-TB-8-UF_1_Rg70to1050-CE102040-0-1-S1_Run137.mzML,/mnt/Volumes/LaCie/nmdc_data/mcmahon_11_fkbnah04/raw/20180918_KBL_TM_Lakes_GEODES_All3_QE-HF_HILICZ-VF1_USHXG01161_NEG_MSMS_36_GEO-TB-8-UF_1_Rg70to1050-CE102040-0-1-S1_Run137.mzML,201250579,.mzml,Error processing 20180918_KBL_TM_Lakes_GEODES_All3_QE-HF_HILICZ-VF1_USHXG01161_NEG_MSMS_36_GEO-TB-8-UF_1_Rg70to1050-CE102040-0-1-S1_Run137.mzML after 1 attempts: Mixed polarities detected in scan data,2026-07-07T23:37:14.800000,,,,
20180918_KBL_TM_Lakes_GEODES_All3_QE-HF_HILICZ-VF1_USHXG01161_POS_MSMS_63_GEO-TB-16-F_1_Rg70to1050-CE102040-0-1-S1_Run230.mzML,/mnt/Volumes/LaCie/nmdc_data/mcmahon_11_fkbnah04/raw/20180918_KBL_TM_Lakes_GEODES_All3_QE-HF_HILICZ-VF1_USHXG01161_POS_MSMS_63_GEO-TB-16-F_1_Rg70to1050-CE102040-0-1-S1_Run230.mzML,198136341,.mzml,Error processing 20180918_KBL_TM_Lakes_GEODES_All3_QE-HF_HILICZ-VF1_USHXG01161_POS_MSMS_63_GEO-TB-16-F_1_Rg70to1050-CE102040-0-1-S1_Run230.mzML after 1 attempts: Mixed polarities detected in scan data,2026-07-07T23:38:21.670000,,,,
20180918_KBL_TM_Lakes_GEODES_All3_QE-HF_HILICZ-VF1_USHXG01161_NEG_MSMS_36_GEO-TB-8-UF_1_Rg70to1050-CE102040-0-1-S1_Run137.mzML,/mnt/Volumes/LaCie/nmdc_data/mcmahon_11_fkbnah04/raw/20180918_KBL_TM_Lakes_GEODES_All3_QE-HF_HILICZ-VF1_USHXG01161_NEG_MSMS_36_GEO-TB-8-UF_1_Rg70to1050-CE102040-0-1-S1_Run137.mzML,201250579,.mzml,Error processing 20180918_KBL_TM_Lakes_GEODES_All3_QE-HF_HILICZ-VF1_USHXG01161_NEG_MSMS_36_GEO-TB-8-UF_1_Rg70to1050-CE102040-0-1-S1_Run137.mzML after 1 attempts: Mixed polarities detected in scan data,2026-07-07T23:37:14.800000,,,,
20180918_KBL_TM_Lakes_GEODES_All3_QE-HF_HILICZ-VF1_USHXG01161_POS_MSMS_63_GEO-TB-16-F_1_Rg70to1050-CE102040-0-1-S1_Run230.mzML,/mnt/Volumes/LaCie/nmdc_data/mcmahon_11_fkbnah04/raw/20180918_KBL_TM_Lakes_GEODES_All3_QE-HF_HILICZ-VF1_USHXG01161_POS_MSMS_63_GEO-TB-16-F_1_Rg70to1050-CE102040-0-1-S1_Run230.mzML,198136341,.mzml,Error processing 20180918_KBL_TM_Lakes_GEODES_All3_QE-HF_HILICZ-VF1_USHXG01161_POS_MSMS_63_GEO-TB-16-F_1_Rg70to1050-CE102040-0-1-S1_Run230.mzML after 1 attempts: Mixed polarities detected in scan data,2026-07-07T23:38:21.670000,,,,
20180918_KBL_TM_Lakes_GEODES_All3_QE-HF_HILICZ-VF1_USHXG01161_POS_MSMS_63_GEO-TB-16-F_1_Rg70to1050-CE102040-0-1-S1_Run230.mzML,/mnt/Volumes/LaCie/nmdc_data/mcmahon_11_fkbnah04/raw/20180918_KBL_TM_Lakes_GEODES_All3_QE-HF_HILICZ-VF1_USHXG01161_POS_MSMS_63_GEO-TB-16-F_1_Rg70to1050-CE102040-0-1-S1_Run230.mzML,198136341,.mzml,Error processing 20180918_KBL_TM_Lakes_GEODES_All3_QE-HF_HILICZ-VF1_USHXG01161_POS_MSMS_63_GEO-TB-16-F_1_Rg70to1050-CE102040-0-1-S1_Run230.mzML after 1 attempts: Mixed polarities detected in scan data,2026-07-07T23:38:21.670000,,,,
20181217_KBL_TM_Lakes_GEODES_All3_QE-HF_C18_USDAY46918_POS_MSMS_38_GEO-ME-12-F_1_Rg80to1200-CE102040-0-7-S1_Run142.mzML,/mnt/Volumes/LaCie/nmdc_data/mcmahon_11_fkbnah04/raw/20181217_KBL_TM_Lakes_GEODES_All3_QE-HF_C18_USDAY46918_POS_MSMS_38_GEO-ME-12-F_1_Rg80to1200-CE102040-0-7-S1_Run142.mzML,102169690,.mzml,Error processing 20181217_KBL_TM_Lakes_GEODES_All3_QE-HF_C18_USDAY46918_POS_MSMS_38_GEO-ME-12-F_1_Rg80to1200-CE102040-0-7-S1_Run142.mzML after 1 attempts: Mixed polarities detected in scan data,2026-07-07T23:39:08.970000,,,,
20181217_KBL_TM_Lakes_GEODES_All3_QE-HF_C18_USDAY46918_POS_MSMS_38_GEO-ME-12-F_1_Rg80to1200-CE102040-0-7-S1_Run142.mzML,/mnt/Volumes/LaCie/nmdc_data/mcmahon_11_fkbnah04/raw/20181217_KBL_TM_Lakes_GEODES_All3_QE-HF_C18_USDAY46918_POS_MSMS_38_GEO-ME-12-F_1_Rg80to1200-CE102040-0-7-S1_Run142.mzML,102169690,.mzml,Error processing 20181217_KBL_TM_Lakes_GEODES_All3_QE-HF_C18_USDAY46918_POS_MSMS_38_GEO-ME-12-F_1_Rg80to1200-CE102040-0-7-S1_Run142.mzML after 1 attempts: Mixed polarities detected in scan data,2026-07-07T23:39:08.970000,,,,
20181217_KBL_TM_Lakes_GEODES_All3_QE-HF_C18_USDAY46918_POS_MSMS_38_GEO-ME-12-F_1_Rg80to1200-CE102040-0-7-S1_Run142.mzML,/mnt/Volumes/LaCie/nmdc_data/mcmahon_11_fkbnah04/raw/20181217_KBL_TM_Lakes_GEODES_All3_QE-HF_C18_USDAY46918_POS_MSMS_38_GEO-ME-12-F_1_Rg80to1200-CE102040-0-7-S1_Run142.mzML,102169690,.mzml,Error processing 20181217_KBL_TM_Lakes_GEODES_All3_QE-HF_C18_USDAY46918_POS_MSMS_38_GEO-ME-12-F_1_Rg80to1200-CE102040-0-7-S1_Run142.mzML after 1 attempts: Mixed polarities detected in scan data,2026-07-07T23:39:08.970000,,,,
20181217_KBL_TM_Lakes_GEODES_All3_QE-HF_C18_USDAY46918_POS_MSMS_1_GEO-ME-0-UF_1_Rg80to1200-CE102040-0-7-S1_Run18.mzML,/mnt/Volumes/LaCie/nmdc_data/mcmahon_11_fkbnah04/raw/20181217_KBL_TM_Lakes_GEODES_All3_QE-HF_C18_USDAY46918_POS_MSMS_1_GEO-ME-0-UF_1_Rg80to1200-CE102040-0-7-S1_Run18.mzML,104553797,.mzml,Error processing 20181217_KBL_TM_Lakes_GEODES_All3_QE-HF_C18_USDAY46918_POS_MSMS_1_GEO-ME-0-UF_1_Rg80to1200-CE102040-0-7-S1_Run18.mzML after 1 attempts: Mixed polarities detected in scan data,2026-07-07T23:40:07.290000,,,,
20181217_KBL_TM_Lakes_GEODES_All3_QE-HF_C18_USDAY46918_POS_MSMS_1_GEO-ME-0-UF_1_Rg80to1200-CE102040-0-7-S1_Run18.mzML,/mnt/Volumes/LaCie/nmdc_data/mcmahon_11_fkbnah04/raw/20181217_KBL_TM_Lakes_GEODES_All3_QE-HF_C18_USDAY46918_POS_MSMS_1_GEO-ME-0-UF_1_Rg80to1200-CE102040-0-7-S1_Run18.mzML,104553797,.mzml,Error processing 20181217_KBL_TM_Lakes_GEODES_All3_QE-HF_C18_USDAY46918_POS_MSMS_1_GEO-ME-0-UF_1_Rg80to1200-CE102040-0-7-S1_Run18.mzML after 1 attempts: Mixed polarities detected in scan data,2026-07-07T23:40:07.290000,,,,
20181217_KBL_TM_Lakes_GEODES_All3_QE-HF_C18_USDAY46918_POS_MSMS_52_GEO-SP-20-F_1_Rg80to1200-CE102040-0-4-S1_Run189.mzML,/mnt/Volumes/LaCie/nmdc_data/mcmahon_11_fkbnah04/raw/20181217_KBL_TM_Lakes_GEODES_All3_QE-HF_C18_USDAY46918_POS_MSMS_52_GEO-SP-20-F_1_Rg80to1200-CE102040-0-4-S1_Run189.mzML,98214238,.mzml,Error processing 20181217_KBL_TM_Lakes_GEODES_All3_QE-HF_C18_USDAY46918_POS_MSMS_52_GEO-SP-20-F_1_Rg80to1200-CE102040-0-4-S1_Run189.mzML after 1 attempts: Mixed polarities detected in scan data,2026-07-07T23:40:31.910000,,,,
20181217_KBL_TM_Lakes_GEODES_All3_QE-HF_C18_USDAY46918_POS_MSMS_52_GEO-SP-20-F_1_Rg80to1200-CE102040-0-4-S1_Run189.mzML,/mnt/Volumes/LaCie/nmdc_data/mcmahon_11_fkbnah04/raw/20181217_KBL_TM_Lakes_GEODES_All3_QE-HF_C18_USDAY46918_POS_MSMS_52_GEO-SP-20-F_1_Rg80to1200-CE102040-0-4-S1_Run189.mzML,98214238,.mzml,Error processing 20181217_KBL_TM_Lakes_GEODES_All3_QE-HF_C18_USDAY46918_POS_MSMS_52_GEO-SP-20-F_1_Rg80to1200-CE102040-0-4-S1_Run189.mzML after 1 attempts: Mixed polarities detected in scan data,2026-07-07T23:40:31.910000,,,,
20181217_KBL_TM_Lakes_GEODES_All3_QE-HF_C18_USDAY46918_POS_MSMS_52_GEO-SP-20-F_1_Rg80to1200-CE102040-0-4-S1_Run189.mzML,/mnt/Volumes/LaCie/nmdc_data/mcmahon_11_fkbnah04/raw/20181217_KBL_TM_Lakes_GEODES_All3_QE-HF_C18_USDAY46918_POS_MSMS_52_GEO-SP-20-F_1_Rg80to1200-CE102040-0-4-S1_Run189.mzML,98214238,.mzml,Error processing 20181217_KBL_TM_Lakes_GEODES_All3_QE-HF_C18_USDAY46918_POS_MSMS_52_GEO-SP-20-F_1_Rg80to1200-CE102040-0-4-S1_Run189.mzML after 1 attempts: Mixed polarities detected in scan data,2026-07-07T23:40:31.910000,,,,
20181217_KBL_TM_Lakes_GEODES_All3_QE-HF_C18_USDAY46918_POS_MSMS_1_GEO-ME-0-UF_1_Rg80to1200-CE102040-0-7-S1_Run18.mzML,/mnt/Volumes/LaCie/nmdc_data/mcmahon_11_fkbnah04/raw/20181217_KBL_TM_Lakes_GEODES_All3_QE-HF_C18_USDAY46918_POS_MSMS_1_GEO-ME-0-UF_1_Rg80to1200-CE102040-0-7-S1_Run18.mzML,104553797,.mzml,Error processing 20181217_KBL_TM_Lakes_GEODES_All3_QE-HF_C18_USDAY46918_POS_MSMS_1_GEO-ME-0-UF_1_Rg80to1200-CE102040-0-7-S1_Run18.mzML after 1 attempts: Mixed polarities detected in scan data,2026-07-07T23:40:07.290000,,,,
20180918_KBL_TM_Lakes_GEODES_All3_QE-HF_HILICZ-VF1_USHXG01161_NEG_MSMS_60_GEO-SP-8-F_1_Rg70to1050-CE102040-0-4-S1_Run217.mzML,/mnt/Volumes/LaCie/nmdc_data/mcmahon_11_fkbnah04/raw/20180918_KBL_TM_Lakes_GEODES_All3_QE-HF_HILICZ-VF1_USHXG01161_NEG_MSMS_60_GEO-SP-8-F_1_Rg70to1050-CE102040-0-4-S1_Run217.mzML,178321194,.mzml,Error processing 20180918_KBL_TM_Lakes_GEODES_All3_QE-HF_HILICZ-VF1_USHXG01161_NEG_MSMS_60_GEO-SP-8-F_1_Rg70to1050-CE102040-0-4-S1_Run217.mzML after 1 attempts: Mixed polarities detected in scan data,2026-07-07T23:39:23.900000,,,,
20180918_KBL_TM_Lakes_GEODES_All3_QE-HF_HILICZ-VF1_USHXG01161_NEG_MSMS_60_GEO-SP-8-F_1_Rg70to1050-CE102040-0-4-S1_Run217.mzML,/mnt/Volumes/LaCie/nmdc_data/mcmahon_11_fkbnah04/raw/20180918_KBL_TM_Lakes_GEODES_All3_QE-HF_HILICZ-VF1_USHXG01161_NEG_MSMS_60_GEO-SP-8-F_1_Rg70to1050-CE102040-0-4-S1_Run217.mzML,178321194,.mzml,Error processing 20180918_KBL_TM_Lakes_GEODES_All3_QE-HF_HILICZ-VF1_USHXG01161_NEG_MSMS_60_GEO-SP-8-F_1_Rg70to1050-CE102040-0-4-S1_Run217.mzML after 1 attempts: Mixed polarities detected in scan data,2026-07-07T23:39:23.900000,,,,
20180918_KBL_TM_Lakes_GEODES_All3_QE-HF_HILICZ-VF1_USHXG01161_NEG_MSMS_60_GEO-SP-8-F_1_Rg70to1050-CE102040-0-4-S1_Run217.mzML,/mnt/Volumes/LaCie/nmdc_data/mcmahon_11_fkbnah04/raw/20180918_KBL_TM_Lakes_GEODES_All3_QE-HF_HILICZ-VF1_USHXG01161_NEG_MSMS_60_GEO-SP-8-F_1_Rg70to1050-CE102040-0-4-S1_Run217.mzML,178321194,.mzml,Error processing 20180918_KBL_TM_Lakes_GEODES_All3_QE-HF_HILICZ-VF1_USHXG01161_NEG_MSMS_60_GEO-SP-8-F_1_Rg70to1050-CE102040-0-4-S1_Run217.mzML after 1 attempts: Mixed polarities detected in scan data,2026-07-07T23:39:23.900000,,,,
20180918_KBL_TM_Lakes_GEODES_All3_QE-HF_HILICZ-VF1_USHXG01161_POS_MSMS_71_GEO-TB-4-F_1_Rg70to1050-CE102040-0-1-S1_Run254.mzML,/mnt/Volumes/LaCie/nmdc_data/mcmahon_11_fkbnah04/raw/20180918_KBL_TM_Lakes_GEODES_All3_QE-HF_HILICZ-VF1_USHXG01161_POS_MSMS_71_GEO-TB-4-F_1_Rg70to1050-CE102040-0-1-S1_Run254.mzML,196199309,.mzml,Error processing 20180918_KBL_TM_Lakes_GEODES_All3_QE-HF_HILICZ-VF1_USHXG01161_POS_MSMS_71_GEO-TB-4-F_1_Rg70to1050-CE102040-0-1-S1_Run254.mzML after 1 attempts: Mixed polarities detected in scan data,2026-07-07T23:39:41.990000,,,,
20180918_KBL_TM_Lakes_GEODES_All3_QE-HF_HILICZ-VF1_USHXG01161_POS_MSMS_71_GEO-TB-4-F_1_Rg70to1050-CE102040-0-1-S1_Run254.mzML,/mnt/Volumes/LaCie/nmdc_data/mcmahon_11_fkbnah04/raw/20180918_KBL_TM_Lakes_GEODES_All3_QE-HF_HILICZ-VF1_USHXG01161_POS_MSMS_71_GEO-TB-4-F_1_Rg70to1050-CE102040-0-1-S1_Run254.mzML,196199309,.mzml,Error processing 20180918_KBL_TM_Lakes_GEODES_All3_QE-HF_HILICZ-VF1_USHXG01161_POS_MSMS_71_GEO-TB-4-F_1_Rg70to1050-CE102040-0-1-S1_Run254.mzML after 1 attempts: Mixed polarities detected in scan data,2026-07-07T23:39:41.990000,,,,
20180918_KBL_TM_Lakes_GEODES_All3_QE-HF_HILICZ-VF1_USHXG01161_POS_MSMS_71_GEO-TB-4-F_1_Rg70to1050-CE102040-0-1-S1_Run254.mzML,/mnt/Volumes/LaCie/nmdc_data/mcmahon_11_fkbnah04/raw/20180918_KBL_TM_Lakes_GEODES_All3_QE-HF_HILICZ-VF1_USHXG01161_POS_MSMS_71_GEO-TB-4-F_1_Rg70to1050-CE102040-0-1-S1_Run254.mzML,196199309,.mzml,Error processing 20180918_KBL_TM_Lakes_GEODES_All3_QE-HF_HILICZ-VF1_USHXG01161_POS_MSMS_71_GEO-TB-4-F_1_Rg70to1050-CE102040-0-1-S1_Run254.mzML after 1 attempts: Mixed polarities detected in scan data,2026-07-07T23:39:41.990000,,,,
20181217_KBL_TM_Lakes_GEODES_All3_QE-HF_C18_USDAY46918_POS_MSMS_2_GEO-ME-12-UF_1_Rg80to1200-CE102040-0-7-S1_Run21.mzML,/mnt/Volumes/LaCie/nmdc_data/mcmahon_11_fkbnah04/raw/20181217_KBL_TM_Lakes_GEODES_All3_QE-HF_C18_USDAY46918_POS_MSMS_2_GEO-ME-12-UF_1_Rg80to1200-CE102040-0-7-S1_Run21.mzML,105802506,.mzml,Error processing 20181217_KBL_TM_Lakes_GEODES_All3_QE-HF_C18_USDAY46918_POS_MSMS_2_GEO-ME-12-UF_1_Rg80to1200-CE102040-0-7-S1_Run21.mzML after 1 attempts: Mixed polarities detected in scan data,2026-07-07T23:40:42.740000,,,,
20181217_KBL_TM_Lakes_GEODES_All3_QE-HF_C18_USDAY46918_POS_MSMS_2_GEO-ME-12-UF_1_Rg80to1200-CE102040-0-7-S1_Run21.mzML,/mnt/Volumes/LaCie/nmdc_data/mcmahon_11_fkbnah04/raw/20181217_KBL_TM_Lakes_GEODES_All3_QE-HF_C18_USDAY46918_POS_MSMS_2_GEO-ME-12-UF_1_Rg80to1200-CE102040-0-7-S1_Run21.mzML,105802506,.mzml,Error processing 20181217_KBL_TM_Lakes_GEODES_All3_QE-HF_C18_USDAY46918_POS_MSMS_2_GEO-ME-12-UF_1_Rg80to1200-CE102040-0-7-S1_Run21.mzML after 1 attempts: Mixed polarities detected in scan data,2026-07-07T23:40:42.740000,,,,
20181217_KBL_TM_Lakes_GEODES_All3_QE-HF_C18_USDAY46918_POS_MSMS_2_GEO-ME-12-UF_1_Rg80to1200-CE102040-0-7-S1_Run21.mzML,/mnt/Volumes/LaCie/nmdc_data/mcmahon_11_fkbnah04/raw/20181217_KBL_TM_Lakes_GEODES_All3_QE-HF_C18_USDAY46918_POS_MSMS_2_GEO-ME-12-UF_1_Rg80to1200-CE102040-0-7-S1_Run21.mzML,105802506,.mzml,Error processing 20181217_KBL_TM_Lakes_GEODES_All3_QE-HF_C18_USDAY46918_POS_MSMS_2_GEO-ME-12-UF_1_Rg80to1200-CE102040-0-7-S1_Run21.mzML after 1 attempts: Mixed polarities detected in scan data,2026-07-07T23:40:42.740000,,,,
20181217_KBL_TM_Lakes_GEODES_All3_QE-HF_C18_USDAY46918_POS_MSMS_24_GEO-SP-8-UF_1_Rg80to1200-CE102040-0-4-S1_Run92.mzML,/mnt/Volumes/LaCie/nmdc_data/mcmahon_11_fkbnah04/raw/20181217_KBL_TM_Lakes_GEODES_All3_QE-HF_C18_USDAY46918_POS_MSMS_24_GEO-SP-8-UF_1_Rg80to1200-CE102040-0-4-S1_Run92.mzML,103863231,.mzml,Error processing 20181217_KBL_TM_Lakes_GEODES_All3_QE-HF_C18_USDAY46918_POS_MSMS_24_GEO-SP-8-UF_1_Rg80to1200-CE102040-0-4-S1_Run92.mzML after 1 attempts: Mixed polarities detected in scan data,2026-07-07T23:41:13.470000,,,,
20181217_KBL_TM_Lakes_GEODES_All3_QE-HF_C18_USDAY46918_POS_MSMS_24_GEO-SP-8-UF_1_Rg80to1200-CE102040-0-4-S1_Run92.mzML,/mnt/Volumes/LaCie/nmdc_data/mcmahon_11_fkbnah04/raw/20181217_KBL_TM_Lakes_GEODES_All3_QE-HF_C18_USDAY46918_POS_MSMS_24_GEO-SP-8-UF_1_Rg80to1200-CE102040-0-4-S1_Run92.mzML,103863231,.mzml,Error processing 20181217_KBL_TM_Lakes_GEODES_All3_QE-HF_C18_USDAY46918_POS_MSMS_24_GEO-SP-8-UF_1_Rg80to1200-CE102040-0-4-S1_Run92.mzML after 1 attempts: Mixed polarities detected in scan data,2026-07-07T23:41:13.470000,,,,
20181217_KBL_TM_Lakes_GEODES_All3_QE-HF_C18_USDAY46918_POS_MSMS_24_GEO-SP-8-UF_1_Rg80to1200-CE102040-0-4-S1_Run92.mzML,/mnt/Volumes/LaCie/nmdc_data/mcmahon_11_fkbnah04/raw/20181217_KBL_TM_Lakes_GEODES_All3_QE-HF_C18_USDAY46918_POS_MSMS_24_GEO-SP-8-UF_1_Rg80to1200-CE102040-0-4-S1_Run92.mzML,103863231,.mzml,Error processing 20181217_KBL_TM_Lakes_GEODES_All3_QE-HF_C18_USDAY46918_POS_MSMS_24_GEO-SP-8-UF_1_Rg80to1200-CE102040-0-4-S1_Run92.mzML after 1 attempts: Mixed polarities detected in scan data,2026-07-07T23:41:13.470000,,,,
20180918_KBL_TM_Lakes_GEODES_All3_QE-HF_HILICZ-VF1_USHXG01161_NEG_MSMS_52_GEO-SP-20-F_1_Rg70to1050-CE102040-0-4-S1_Run190.mzML,/mnt/Volumes/LaCie/nmdc_data/mcmahon_11_fkbnah04/raw/20180918_KBL_TM_Lakes_GEODES_All3_QE-HF_HILICZ-VF1_USHXG01161_NEG_MSMS_52_GEO-SP-20-F_1_Rg70to1050-CE102040-0-4-S1_Run190.mzML,176677342,.mzml,Error processing 20180918_KBL_TM_Lakes_GEODES_All3_QE-HF_HILICZ-VF1_USHXG01161_NEG_MSMS_52_GEO-SP-20-F_1_Rg70to1050-CE102040-0-4-S1_Run190.mzML after 1 attempts: Mixed polarities detected in scan data,2026-07-07T23:41:03.930000,,,,
20180918_KBL_TM_Lakes_GEODES_All3_QE-HF_HILICZ-VF1_USHXG01161_NEG_MSMS_52_GEO-SP-20-F_1_Rg70to1050-CE102040-0-4-S1_Run190.mzML,/mnt/Volumes/LaCie/nmdc_data/mcmahon_11_fkbnah04/raw/20180918_KBL_TM_Lakes_GEODES_All3_QE-HF_HILICZ-VF1_USHXG01161_NEG_MSMS_52_GEO-SP-20-F_1_Rg70to1050-CE102040-0-4-S1_Run190.mzML,176677342,.mzml,Error processing 20180918_KBL_TM_Lakes_GEODES_All3_QE-HF_HILICZ-VF1_USHXG01161_NEG_MSMS_52_GEO-SP-20-F_1_Rg70to1050-CE102040-0-4-S1_Run190.mzML after 1 attempts: Mixed polarities detected in scan data,2026-07-07T23:41:03.930000,,,,
20180918_KBL_TM_Lakes_GEODES_All3_QE-HF_HILICZ-VF1_USHXG01161_NEG_MSMS_52_GEO-SP-20-F_1_Rg70to1050-CE102040-0-4-S1_Run190.mzML,/mnt/Volumes/LaCie/nmdc_data/mcmahon_11_fkbnah04/raw/20180918_KBL_TM_Lakes_GEODES_All3_QE-HF_HILICZ-VF1_USHXG01161_NEG_MSMS_52_GEO-SP-20-F_1_Rg70to1050-CE102040-0-4-S1_Run190.mzML,176677342,.mzml,Error processing 20180918_KBL_TM_Lakes_GEODES_All3_QE-HF_HILICZ-VF1_USHXG01161_NEG_MSMS_52_GEO-SP-20-F_1_Rg70to1050-CE102040-0-4-S1_Run190.mzML after 1 attempts: Mixed polarities detected in scan data,2026-07-07T23:41:03.930000,,,,
20180918_KBL_TM_Lakes_GEODES_All3_QE-HF_HILICZ-VF1_USHXG01161_POS_MSMS_24_GEO-SP-8-UF_1_Rg70to1050-CE102040-0-4-S1_Run92.mzML,/mnt/Volumes/LaCie/nmdc_data/mcmahon_11_fkbnah04/raw/20180918_KBL_TM_Lakes_GEODES_All3_QE-HF_HILICZ-VF1_USHXG01161_POS_MSMS_24_GEO-SP-8-UF_1_Rg70to1050-CE102040-0-4-S1_Run92.mzML,176712732,.mzml,Error processing 20180918_KBL_TM_Lakes_GEODES_All3_QE-HF_HILICZ-VF1_USHXG01161_POS_MSMS_24_GEO-SP-8-UF_1_Rg70to1050-CE102040-0-4-S1_Run92.mzML after 1 attempts: Mixed polarities detected in scan data,2026-07-07T23:41:26.450000,,,,
20180918_KBL_TM_Lakes_GEODES_All3_QE-HF_HILICZ-VF1_USHXG01161_POS_MSMS_24_GEO-SP-8-UF_1_Rg70to1050-CE102040-0-4-S1_Run92.mzML,/mnt/Volumes/LaCie/nmdc_data/mcmahon_11_fkbnah04/raw/20180918_KBL_TM_Lakes_GEODES_All3_QE-HF_HILICZ-VF1_USHXG01161_POS_MSMS_24_GEO-SP-8-UF_1_Rg70to1050-CE102040-0-4-S1_Run92.mzML,176712732,.mzml,Error processing 20180918_KBL_TM_Lakes_GEODES_All3_QE-HF_HILICZ-VF1_USHXG01161_POS_MSMS_24_GEO-SP-8-UF_1_Rg70to1050-CE102040-0-4-S1_Run92.mzML after 1 attempts: Mixed polarities detected in scan data,2026-07-07T23:41:26.450000,,,,
20180918_KBL_TM_Lakes_GEODES_All3_QE-HF_HILICZ-VF1_USHXG01161_POS_MSMS_24_GEO-SP-8-UF_1_Rg70to1050-CE102040-0-4-S1_Run92.mzML,/mnt/Volumes/LaCie/nmdc_data/mcmahon_11_fkbnah04/raw/20180918_KBL_TM_Lakes_GEODES_All3_QE-HF_HILICZ-VF1_USHXG01161_POS_MSMS_24_GEO-SP-8-UF_1_Rg70to1050-CE102040-0-4-S1_Run92.mzML,176712732,.mzml,Error processing 20180918_KBL_TM_Lakes_GEODES_All3_QE-HF_HILICZ-VF1_USHXG01161_POS_MSMS_24_GEO-SP-8-UF_1_Rg70to1050-CE102040-0-4-S1_Run92.mzML after 1 attempts: Mixed polarities detected in scan data,2026-07-07T23:41:26.450000,,,,
20181217_KBL_TM_Lakes_GEODES_All3_QE-HF_C18_USDAY46918_POS_MSMS_23_GEO-SP-4-UF_1_Rg80to1200-CE102040-0-4-S1_Run89.mzML,/mnt/Volumes/LaCie/nmdc_data/mcmahon_11_fkbnah04/raw/20181217_KBL_TM_Lakes_GEODES_All3_QE-HF_C18_USDAY46918_POS_MSMS_23_GEO-SP-4-UF_1_Rg80to1200-CE102040-0-4-S1_Run89.mzML,104248805,.mzml,Error processing 20181217_KBL_TM_Lakes_GEODES_All3_QE-HF_C18_USDAY46918_POS_MSMS_23_GEO-SP-4-UF_1_Rg80to1200-CE102040-0-4-S1_Run89.mzML after 1 attempts: Mixed polarities detected in scan data,2026-07-07T23:42:25.320000,,,,
20181217_KBL_TM_Lakes_GEODES_All3_QE-HF_C18_USDAY46918_POS_MSMS_23_GEO-SP-4-UF_1_Rg80to1200-CE102040-0-4-S1_Run89.mzML,/mnt/Volumes/LaCie/nmdc_data/mcmahon_11_fkbnah04/raw/20181217_KBL_TM_Lakes_GEODES_All3_QE-HF_C18_USDAY46918_POS_MSMS_23_GEO-SP-4-UF_1_Rg80to1200-CE102040-0-4-S1_Run89.mzML,104248805,.mzml,Error processing 20181217_KBL_TM_Lakes_GEODES_All3_QE-HF_C18_USDAY46918_POS_MSMS_23_GEO-SP-4-UF_1_Rg80to1200-CE102040-0-4-S1_Run89.mzML after 1 attempts: Mixed polarities detected in scan data,2026-07-07T23:42:25.320000,,,,
20181217_KBL_TM_Lakes_GEODES_All3_QE-HF_C18_USDAY46918_POS_MSMS_23_GEO-SP-4-UF_1_Rg80to1200-CE102040-0-4-S1_Run89.mzML,/mnt/Volumes/LaCie/nmdc_data/mcmahon_11_fkbnah04/raw/20181217_KBL_TM_Lakes_GEODES_All3_QE-HF_C18_USDAY46918_POS_MSMS_23_GEO-SP-4-UF_1_Rg80to1200-CE102040-0-4-S1_Run89.mzML,104248805,.mzml,Error processing 20181217_KBL_TM_Lakes_GEODES_All3_QE-HF_C18_USDAY46918_POS_MSMS_23_GEO-SP-4-UF_1_Rg80to1200-CE102040-0-4-S1_Run89.mzML after 1 attempts: Mixed polarities detected in scan data,2026-07-07T23:42:25.320000,,,,
20180918_KBL_TM_Lakes_GEODES_All3_QE-HF_HILICZ-VF1_USHXG01161_NEG_MSMS_69_GEO-TB-40-F_1_Rg70to1050-CE102040-0-1-S1_Run249.mzML,/mnt/Volumes/LaCie/nmdc_data/mcmahon_11_fkbnah04/raw/20180918_KBL_TM_Lakes_GEODES_All3_QE-HF_HILICZ-VF1_USHXG01161_NEG_MSMS_69_GEO-TB-40-F_1_Rg70to1050-CE102040-0-1-S1_Run249.mzML,203040013,.mzml,Error processing 20180918_KBL_TM_Lakes_GEODES_All3_QE-HF_HILICZ-VF1_USHXG01161_NEG_MSMS_69_GEO-TB-40-F_1_Rg70to1050-CE102040-0-1-S1_Run249.mzML after 1 attempts: Mixed polarities detected in scan data,2026-07-07T23:42:14.790000,,,,
20180918_KBL_TM_Lakes_GEODES_All3_QE-HF_HILICZ-VF1_USHXG01161_NEG_MSMS_69_GEO-TB-40-F_1_Rg70to1050-CE102040-0-1-S1_Run249.mzML,/mnt/Volumes/LaCie/nmdc_data/mcmahon_11_fkbnah04/raw/20180918_KBL_TM_Lakes_GEODES_All3_QE-HF_HILICZ-VF1_USHXG01161_NEG_MSMS_69_GEO-TB-40-F_1_Rg70to1050-CE102040-0-1-S1_Run249.mzML,203040013,.mzml,Error processing 20180918_KBL_TM_Lakes_GEODES_All3_QE-HF_HILICZ-VF1_USHXG01161_NEG_MSMS_69_GEO-TB-40-F_1_Rg70to1050-CE102040-0-1-S1_Run249.mzML after 1 attempts: Mixed polarities detected in scan data,2026-07-07T23:42:14.790000,,,,
20180918_KBL_TM_Lakes_GEODES_All3_QE-HF_HILICZ-VF1_USHXG01161_NEG_MSMS_69_GEO-TB-40-F_1_Rg70to1050-CE102040-0-1-S1_Run249.mzML,/mnt/Volumes/LaCie/nmdc_data/mcmahon_11_fkbnah04/raw/20180918_KBL_TM_Lakes_GEODES_All3_QE-HF_HILICZ-VF1_USHXG01161_NEG_MSMS_69_GEO-TB-40-F_1_Rg70to1050-CE102040-0-1-S1_Run249.mzML,203040013,.mzml,Error processing 20180918_KBL_TM_Lakes_GEODES_All3_QE-HF_HILICZ-VF1_USHXG01161_NEG_MSMS_69_GEO-TB-40-F_1_Rg70to1050-CE102040-0-1-S1_Run249.mzML after 1 attempts: Mixed polarities detected in scan data,2026-07-07T23:42:14.790000,,,,
20181217_KBL_TM_Lakes_GEODES_All3_QE-HF_C18_USDAY46918_POS_MSMS_7_GEO-ME-32-UF_1_Rg80to1200-CE102040-0-7-S1_Run36.mzML,/mnt/Volumes/LaCie/nmdc_data/mcmahon_11_fkbnah04/raw/20181217_KBL_TM_Lakes_GEODES_All3_QE-HF_C18_USDAY46918_POS_MSMS_7_GEO-ME-32-UF_1_Rg80to1200-CE102040-0-7-S1_Run36.mzML,104136651,.mzml,Error processing 20181217_KBL_TM_Lakes_GEODES_All3_QE-HF_C18_USDAY46918_POS_MSMS_7_GEO-ME-32-UF_1_Rg80to1200-CE102040-0-7-S1_Run36.mzML after 1 attempts: Mixed polarities detected in scan data,2026-07-07T23:43:40.400000,,,,
20181217_KBL_TM_Lakes_GEODES_All3_QE-HF_C18_USDAY46918_POS_MSMS_7_GEO-ME-32-UF_1_Rg80to1200-CE102040-0-7-S1_Run36.mzML,/mnt/Volumes/LaCie/nmdc_data/mcmahon_11_fkbnah04/raw/20181217_KBL_TM_Lakes_GEODES_All3_QE-HF_C18_USDAY46918_POS_MSMS_7_GEO-ME-32-UF_1_Rg80to1200-CE102040-0-7-S1_Run36.mzML,104136651,.mzml,Error processing 20181217_KBL_TM_Lakes_GEODES_All3_QE-HF_C18_USDAY46918_POS_MSMS_7_GEO-ME-32-UF_1_Rg80to1200-CE102040-0-7-S1_Run36.mzML after 1 attempts: Mixed polarities detected in scan data,2026-07-07T23:43:40.400000,,,,
20181217_KBL_TM_Lakes_GEODES_All3_QE-HF_C18_USDAY46918_POS_MSMS_7_GEO-ME-32-UF_1_Rg80to1200-CE102040-0-7-S1_Run36.mzML,/mnt/Volumes/LaCie/nmdc_data/mcmahon_11_fkbnah04/raw/20181217_KBL_TM_Lakes_GEODES_All3_QE-HF_C18_USDAY46918_POS_MSMS_7_GEO-ME-32-UF_1_Rg80to1200-CE102040-0-7-S1_Run36.mzML,104136651,.mzml,Error processing 20181217_KBL_TM_Lakes_GEODES_All3_QE-HF_C18_USDAY46918_POS_MSMS_7_GEO-ME-32-UF_1_Rg80to1200-CE102040-0-7-S1_Run36.mzML after 1 attempts: Mixed polarities detected in scan data,2026-07-07T23:43:40.400000,,,,
20180918_KBL_TM_Lakes_GEODES_All3_QE-HF_HILICZ-VF1_USHXG01161_POS_MSMS_17_GEO-SP-24-UF_1_Rg70to1050-CE102040-0-4-S1_Run71.mzML,/mnt/Volumes/LaCie/nmdc_data/mcmahon_11_fkbnah04/raw/20180918_KBL_TM_Lakes_GEODES_All3_QE-HF_HILICZ-VF1_USHXG01161_POS_MSMS_17_GEO-SP-24-UF_1_Rg70to1050-CE102040-0-4-S1_Run71.mzML,173590288,.mzml,Error processing 20180918_KBL_TM_Lakes_GEODES_All3_QE-HF_HILICZ-VF1_USHXG01161_POS_MSMS_17_GEO-SP-24-UF_1_Rg70to1050-CE102040-0-4-S1_Run71.mzML after 1 attempts: Mixed polarities detected in scan data,2026-07-07T23:43:29.770000,,,,
20180918_KBL_TM_Lakes_GEODES_All3_QE-HF_HILICZ-VF1_USHXG01161_POS_MSMS_17_GEO-SP-24-UF_1_Rg70to1050-CE102040-0-4-S1_Run71.mzML,/mnt/Volumes/LaCie/nmdc_data/mcmahon_11_fkbnah04/raw/20180918_KBL_TM_Lakes_GEODES_All3_QE-HF_HILICZ-VF1_USHXG01161_POS_MSMS_17_GEO-SP-24-UF_1_Rg70to1050-CE102040-0-4-S1_Run71.mzML,173590288,.mzml,Error processing 20180918_KBL_TM_Lakes_GEODES_All3_QE-HF_HILICZ-VF1_USHXG01161_POS_MSMS_17_GEO-SP-24-UF_1_Rg70to1050-CE102040-0-4-S1_Run71.mzML after 1 attempts: Mixed polarities detected in scan data,2026-07-07T23:43:29.770000,,,,
20180918_KBL_TM_Lakes_GEODES_All3_QE-HF_HILICZ-VF1_USHXG01161_POS_MSMS_17_GEO-SP-24-UF_1_Rg70to1050-CE102040-0-4-S1_Run71.mzML,/mnt/Volumes/LaCie/nmdc_data/mcmahon_11_fkbnah04/raw/20180918_KBL_TM_Lakes_GEODES_All3_QE-HF_HILICZ-VF1_USHXG01161_POS_MSMS_17_GEO-SP-24-UF_1_Rg70to1050-CE102040-0-4-S1_Run71.mzML,173590288,.mzml,Error processing 20180918_KBL_TM_Lakes_GEODES_All3_QE-HF_HILICZ-VF1_USHXG01161_POS_MSMS_17_GEO-SP-24-UF_1_Rg70to1050-CE102040-0-4-S1_Run71.mzML after 1 attempts: Mixed polarities detected in scan data,2026-07-07T23:43:29.770000,,,,
20181217_KBL_TM_Lakes_GEODES_All3_QE-HF_C18_USDAY46918_NEG_MSMS_36_GEO-TB-8-UF_1_Rg80to1200-CE102040-0-1-S1_Run137.mzML,/mnt/Volumes/LaCie/nmdc_data/mcmahon_11_fkbnah04/raw/20181217_KBL_TM_Lakes_GEODES_All3_QE-HF_C18_USDAY46918_NEG_MSMS_36_GEO-TB-8-UF_1_Rg80to1200-CE102040-0-1-S1_Run137.mzML,91318153,.mzml,Error processing 20181217_KBL_TM_Lakes_GEODES_All3_QE-HF_C18_USDAY46918_NEG_MSMS_36_GEO-TB-8-UF_1_Rg80to1200-CE102040-0-1-S1_Run137.mzML after 1 attempts: Mixed polarities detected in scan data,2026-07-07T23:44:26.690000,,,,
20181217_KBL_TM_Lakes_GEODES_All3_QE-HF_C18_USDAY46918_NEG_MSMS_36_GEO-TB-8-UF_1_Rg80to1200-CE102040-0-1-S1_Run137.mzML,/mnt/Volumes/LaCie/nmdc_data/mcmahon_11_fkbnah04/raw/20181217_KBL_TM_Lakes_GEODES_All3_QE-HF_C18_USDAY46918_NEG_MSMS_36_GEO-TB-8-UF_1_Rg80to1200-CE102040-0-1-S1_Run137.mzML,91318153,.mzml,Error processing 20181217_KBL_TM_Lakes_GEODES_All3_QE-HF_C18_USDAY46918_NEG_MSMS_36_GEO-TB-8-UF_1_Rg80to1200-CE102040-0-1-S1_Run137.mzML after 1 attempts: Mixed polarities detected in scan data,2026-07-07T23:44:26.690000,,,,
20181217_KBL_TM_Lakes_GEODES_All3_QE-HF_C18_USDAY46918_NEG_MSMS_36_GEO-TB-8-UF_1_Rg80to1200-CE102040-0-1-S1_Run137.mzML,/mnt/Volumes/LaCie/nmdc_data/mcmahon_11_fkbnah04/raw/20181217_KBL_TM_Lakes_GEODES_All3_QE-HF_C18_USDAY46918_NEG_MSMS_36_GEO-TB-8-UF_1_Rg80to1200-CE102040-0-1-S1_Run137.mzML,91318153,.mzml,Error processing 20181217_KBL_TM_Lakes_GEODES_All3_QE-HF_C18_USDAY46918_NEG_MSMS_36_GEO-TB-8-UF_1_Rg80to1200-CE102040-0-1-S1_Run137.mzML after 1 attempts: Mixed polarities detected in scan data,2026-07-07T23:44:26.690000,,,,
20180918_KBL_TM_Lakes_GEODES_All3_QE-HF_HILICZ-VF1_USHXG01161_NEG_MSMS_42_GEO-ME-28-F_1_Rg70to1050-CE102040-0-7-S1_Run155.mzML,/mnt/Volumes/LaCie/nmdc_data/mcmahon_11_fkbnah04/raw/20180918_KBL_TM_Lakes_GEODES_All3_QE-HF_HILICZ-VF1_USHXG01161_NEG_MSMS_42_GEO-ME-28-F_1_Rg70to1050-CE102040-0-7-S1_Run155.mzML,169464017,.mzml,Error processing 20180918_KBL_TM_Lakes_GEODES_All3_QE-HF_HILICZ-VF1_USHXG01161_NEG_MSMS_42_GEO-ME-28-F_1_Rg70to1050-CE102040-0-7-S1_Run155.mzML after 1 attempts: Mixed polarities detected in scan data,2026-07-07T23:44:15.820000,,,,
20180918_KBL_TM_Lakes_GEODES_All3_QE-HF_HILICZ-VF1_USHXG01161_NEG_MSMS_42_GEO-ME-28-F_1_Rg70to1050-CE102040-0-7-S1_Run155.mzML,/mnt/Volumes/LaCie/nmdc_data/mcmahon_11_fkbnah04/raw/20180918_KBL_TM_Lakes_GEODES_All3_QE-HF_HILICZ-VF1_USHXG01161_NEG_MSMS_42_GEO-ME-28-F_1_Rg70to1050-CE102040-0-7-S1_Run155.mzML,169464017,.mzml,Error processing 20180918_KBL_TM_Lakes_GEODES_All3_QE-HF_HILICZ-VF1_USHXG01161_NEG_MSMS_42_GEO-ME-28-F_1_Rg70to1050-CE102040-0-7-S1_Run155.mzML after 1 attempts: Mixed polarities detected in scan data,2026-07-07T23:44:15.820000,,,,
20180918_KBL_TM_Lakes_GEODES_All3_QE-HF_HILICZ-VF1_USHXG01161_NEG_MSMS_42_GEO-ME-28-F_1_Rg70to1050-CE102040-0-7-S1_Run155.mzML,/mnt/Volumes/LaCie/nmdc_data/mcmahon_11_fkbnah04/raw/20180918_KBL_TM_Lakes_GEODES_All3_QE-HF_HILICZ-VF1_USHXG01161_NEG_MSMS_42_GEO-ME-28-F_1_Rg70to1050-CE102040-0-7-S1_Run155.mzML,169464017,.mzml,Error processing 20180918_KBL_TM_Lakes_GEODES_All3_QE-HF_HILICZ-VF1_USHXG01161_NEG_MSMS_42_GEO-ME-28-F_1_Rg70to1050-CE102040-0-7-S1_Run155.mzML after 1 attempts: Mixed polarities detected in scan data,2026-07-07T23:44:15.820000,,,,
20181217_KBL_TM_Lakes_GEODES_All3_QE-HF_C18_USDAY46918_NEG_MSMS_18_GEO-SP-28-UF_1_Rg80to1200-CE102040-0-4-S1_Run75.mzML,/mnt/Volumes/LaCie/nmdc_data/mcmahon_11_fkbnah04/raw/20181217_KBL_TM_Lakes_GEODES_All3_QE-HF_C18_USDAY46918_NEG_MSMS_18_GEO-SP-28-UF_1_Rg80to1200-CE102040-0-4-S1_Run75.mzML,86054819,.mzml,Error processing 20181217_KBL_TM_Lakes_GEODES_All3_QE-HF_C18_USDAY46918_NEG_MSMS_18_GEO-SP-28-UF_1_Rg80to1200-CE102040-0-4-S1_Run75.mzML after 1 attempts: Mixed polarities detected in scan data,2026-07-07T23:45:43.110000,,,,
20181217_KBL_TM_Lakes_GEODES_All3_QE-HF_C18_USDAY46918_NEG_MSMS_18_GEO-SP-28-UF_1_Rg80to1200-CE102040-0-4-S1_Run75.mzML,/mnt/Volumes/LaCie/nmdc_data/mcmahon_11_fkbnah04/raw/20181217_KBL_TM_Lakes_GEODES_All3_QE-HF_C18_USDAY46918_NEG_MSMS_18_GEO-SP-28-UF_1_Rg80to1200-CE102040-0-4-S1_Run75.mzML,86054819,.mzml,Error processing 20181217_KBL_TM_Lakes_GEODES_All3_QE-HF_C18_USDAY46918_NEG_MSMS_18_GEO-SP-28-UF_1_Rg80to1200-CE102040-0-4-S1_Run75.mzML after 1 attempts: Mixed polarities detected in scan data,2026-07-07T23:45:43.110000,,,,
20181217_KBL_TM_Lakes_GEODES_All3_QE-HF_C18_USDAY46918_NEG_MSMS_18_GEO-SP-28-UF_1_Rg80to1200-CE102040-0-4-S1_Run75.mzML,/mnt/Volumes/LaCie/nmdc_data/mcmahon_11_fkbnah04/raw/20181217_KBL_TM_Lakes_GEODES_All3_QE-HF_C18_USDAY46918_NEG_MSMS_18_GEO-SP-28-UF_1_Rg80to1200-CE102040-0-4-S1_Run75.mzML,86054819,.mzml,Error processing 20181217_KBL_TM_Lakes_GEODES_All3_QE-HF_C18_USDAY46918_NEG_MSMS_18_GEO-SP-28-UF_1_Rg80to1200-CE102040-0-4-S1_Run75.mzML after 1 attempts: Mixed polarities detected in scan data,2026-07-07T23:45:43.110000,,,,
20180918_KBL_TM_Lakes_GEODES_All3_QE-HF_HILICZ-VF1_USHXG01161_POS_MSMS_45_GEO-ME-40-F_1_Rg70to1050-CE102040-0-7-S1_Run163.mzML,/mnt/Volumes/LaCie/nmdc_data/mcmahon_11_fkbnah04/raw/20180918_KBL_TM_Lakes_GEODES_All3_QE-HF_HILICZ-VF1_USHXG01161_POS_MSMS_45_GEO-ME-40-F_1_Rg70to1050-CE102040-0-7-S1_Run163.mzML,175042726,.mzml,Error processing 20180918_KBL_TM_Lakes_GEODES_All3_QE-HF_HILICZ-VF1_USHXG01161_POS_MSMS_45_GEO-ME-40-F_1_Rg70to1050-CE102040-0-7-S1_Run163.mzML after 1 attempts: Mixed polarities detected in scan data,2026-07-07T23:45:00.110000,,,,
20180918_KBL_TM_Lakes_GEODES_All3_QE-HF_HILICZ-VF1_USHXG01161_POS_MSMS_45_GEO-ME-40-F_1_Rg70to1050-CE102040-0-7-S1_Run163.mzML,/mnt/Volumes/LaCie/nmdc_data/mcmahon_11_fkbnah04/raw/20180918_KBL_TM_Lakes_GEODES_All3_QE-HF_HILICZ-VF1_USHXG01161_POS_MSMS_45_GEO-ME-40-F_1_Rg70to1050-CE102040-0-7-S1_Run163.mzML,175042726,.mzml,Error processing 20180918_KBL_TM_Lakes_GEODES_All3_QE-HF_HILICZ-VF1_USHXG01161_POS_MSMS_45_GEO-ME-40-F_1_Rg70to1050-CE102040-0-7-S1_Run163.mzML after 1 attempts: Mixed polarities detected in scan data,2026-07-07T23:45:00.110000,,,,
20180918_KBL_TM_Lakes_GEODES_All3_QE-HF_HILICZ-VF1_USHXG01161_POS_MSMS_45_GEO-ME-40-F_1_Rg70to1050-CE102040-0-7-S1_Run163.mzML,/mnt/Volumes/LaCie/nmdc_data/mcmahon_11_fkbnah04/raw/20180918_KBL_TM_Lakes_GEODES_All3_QE-HF_HILICZ-VF1_USHXG01161_POS_MSMS_45_GEO-ME-40-F_1_Rg70to1050-CE102040-0-7-S1_Run163.mzML,175042726,.mzml,Error processing 20180918_KBL_TM_Lakes_GEODES_All3_QE-HF_HILICZ-VF1_USHXG01161_POS_MSMS_45_GEO-ME-40-F_1_Rg70to1050-CE102040-0-7-S1_Run163.mzML after 1 attempts: Mixed polarities detected in scan data,2026-07-07T23:45:00.110000,,,,
20180918_KBL_TM_Lakes_GEODES_All3_QE-HF_HILICZ-VF1_USHXG01161_NEG_MSMS_35_GEO-TB-4-UF_1_Rg70to1050-CE102040-0-1-S1_Run134.mzML,/mnt/Volumes/LaCie/nmdc_data/mcmahon_11_fkbnah04/raw/20180918_KBL_TM_Lakes_GEODES_All3_QE-HF_HILICZ-VF1_USHXG01161_NEG_MSMS_35_GEO-TB-4-UF_1_Rg70to1050-CE102040-0-1-S1_Run134.mzML,201250325,.mzml,Error processing 20180918_KBL_TM_Lakes_GEODES_All3_QE-HF_HILICZ-VF1_USHXG01161_NEG_MSMS_35_GEO-TB-4-UF_1_Rg70to1050-CE102040-0-1-S1_Run134.mzML after 1 attempts: Mixed polarities detected in scan data,2026-07-07T23:45:34.760000,,,,
20180918_KBL_TM_Lakes_GEODES_All3_QE-HF_HILICZ-VF1_USHXG01161_NEG_MSMS_35_GEO-TB-4-UF_1_Rg70to1050-CE102040-0-1-S1_Run134.mzML,/mnt/Volumes/LaCie/nmdc_data/mcmahon_11_fkbnah04/raw/20180918_KBL_TM_Lakes_GEODES_All3_QE-HF_HILICZ-VF1_USHXG01161_NEG_MSMS_35_GEO-TB-4-UF_1_Rg70to1050-CE102040-0-1-S1_Run134.mzML,201250325,.mzml,Error processing 20180918_KBL_TM_Lakes_GEODES_All3_QE-HF_HILICZ-VF1_USHXG01161_NEG_MSMS_35_GEO-TB-4-UF_1_Rg70to1050-CE102040-0-1-S1_Run134.mzML after 1 attempts: Mixed polarities detected in scan data,2026-07-07T23:45:34.760000,,,,
20180918_KBL_TM_Lakes_GEODES_All3_QE-HF_HILICZ-VF1_USHXG01161_NEG_MSMS_35_GEO-TB-4-UF_1_Rg70to1050-CE102040-0-1-S1_Run134.mzML,/mnt/Volumes/LaCie/nmdc_data/mcmahon_11_fkbnah04/raw/20180918_KBL_TM_Lakes_GEODES_All3_QE-HF_HILICZ-VF1_USHXG01161_NEG_MSMS_35_GEO-TB-4-UF_1_Rg70to1050-CE102040-0-1-S1_Run134.mzML,201250325,.mzml,Error processing 20180918_KBL_TM_Lakes_GEODES_All3_QE-HF_HILICZ-VF1_USHXG01161_NEG_MSMS_35_GEO-TB-4-UF_1_Rg70to1050-CE102040-0-1-S1_Run134.mzML after 1 attempts: Mixed polarities detected in scan data,2026-07-07T23:45:34.760000,,,,
20180918_KBL_TM_Lakes_GEODES_All3_QE-HF_HILICZ-VF1_USHXG01161_NEG_MSMS_37_GEO-ME-0-F_1_Rg70to1050-CE102040-0-7-S1_Run140.mzML,/mnt/Volumes/LaCie/nmdc_data/mcmahon_11_fkbnah04/raw/20180918_KBL_TM_Lakes_GEODES_All3_QE-HF_HILICZ-VF1_USHXG01161_NEG_MSMS_37_GEO-ME-0-F_1_Rg70to1050-CE102040-0-7-S1_Run140.mzML,170044245,.mzml,Error processing 20180918_KBL_TM_Lakes_GEODES_All3_QE-HF_HILICZ-VF1_USHXG01161_NEG_MSMS_37_GEO-ME-0-F_1_Rg70to1050-CE102040-0-7-S1_Run140.mzML after 1 attempts: Mixed polarities detected in scan data,2026-07-07T23:46:27.260000,,,,
20180918_KBL_TM_Lakes_GEODES_All3_QE-HF_HILICZ-VF1_USHXG01161_NEG_MSMS_37_GEO-ME-0-F_1_Rg70to1050-CE102040-0-7-S1_Run140.mzML,/mnt/Volumes/LaCie/nmdc_data/mcmahon_11_fkbnah04/raw/20180918_KBL_TM_Lakes_GEODES_All3_QE-HF_HILICZ-VF1_USHXG01161_NEG_MSMS_37_GEO-ME-0-F_1_Rg70to1050-CE102040-0-7-S1_Run140.mzML,170044245,.mzml,Error processing 20180918_KBL_TM_Lakes_GEODES_All3_QE-HF_HILICZ-VF1_USHXG01161_NEG_MSMS_37_GEO-ME-0-F_1_Rg70to1050-CE102040-0-7-S1_Run140.mzML after 1 attempts: Mixed polarities detected in scan data,2026-07-07T23:46:27.260000,,,,
20180918_KBL_TM_Lakes_GEODES_All3_QE-HF_HILICZ-VF1_USHXG01161_NEG_MSMS_37_GEO-ME-0-F_1_Rg70to1050-CE102040-0-7-S1_Run140.mzML,/mnt/Volumes/LaCie/nmdc_data/mcmahon_11_fkbnah04/raw/20180918_KBL_TM_Lakes_GEODES_All3_QE-HF_HILICZ-VF1_USHXG01161_NEG_MSMS_37_GEO-ME-0-F_1_Rg70to1050-CE102040-0-7-S1_Run140.mzML,170044245,.mzml,Error processing 20180918_KBL_TM_Lakes_GEODES_All3_QE-HF_HILICZ-VF1_USHXG01161_NEG_MSMS_37_GEO-ME-0-F_1_Rg70to1050-CE102040-0-7-S1_Run140.mzML after 1 attempts: Mixed polarities detected in scan data,2026-07-07T23:46:27.260000,,,,
20180918_KBL_TM_Lakes_GEODES_All3_QE-HF_HILICZ-VF1_USHXG01161_POS_MSMS_26_GEO-TB-12-UF_1_Rg70to1050-CE102040-0-1-S1_Run101.mzML,/mnt/Volumes/LaCie/nmdc_data/mcmahon_11_fkbnah04/raw/20180918_KBL_TM_Lakes_GEODES_All3_QE-HF_HILICZ-VF1_USHXG01161_POS_MSMS_26_GEO-TB-12-UF_1_Rg70to1050-CE102040-0-1-S1_Run101.mzML,188262333,.mzml,Error processing 20180918_KBL_TM_Lakes_GEODES_All3_QE-HF_HILICZ-VF1_USHXG01161_POS_MSMS_26_GEO-TB-12-UF_1_Rg70to1050-CE102040-0-1-S1_Run101.mzML after 1 attempts: Mixed polarities detected in scan data,2026-07-07T23:46:49.190000,,,,
20180918_KBL_TM_Lakes_GEODES_All3_QE-HF_HILICZ-VF1_USHXG01161_POS_MSMS_26_GEO-TB-12-UF_1_Rg70to1050-CE102040-0-1-S1_Run101.mzML,/mnt/Volumes/LaCie/nmdc_data/mcmahon_11_fkbnah04/raw/20180918_KBL_TM_Lakes_GEODES_All3_QE-HF_HILICZ-VF1_USHXG01161_POS_MSMS_26_GEO-TB-12-UF_1_Rg70to1050-CE102040-0-1-S1_Run101.mzML,188262333,.mzml,Error processing 20180918_KBL_TM_Lakes_GEODES_All3_QE-HF_HILICZ-VF1_USHXG01161_POS_MSMS_26_GEO-TB-12-UF_1_Rg70to1050-CE102040-0-1-S1_Run101.mzML after 1 attempts: Mixed polarities detected in scan data,2026-07-07T23:46:49.190000,,,,
20180918_KBL_TM_Lakes_GEODES_All3_QE-HF_HILICZ-VF1_USHXG01161_POS_MSMS_26_GEO-TB-12-UF_1_Rg70to1050-CE102040-0-1-S1_Run101.mzML,/mnt/Volumes/LaCie/nmdc_data/mcmahon_11_fkbnah04/raw/20180918_KBL_TM_Lakes_GEODES_All3_QE-HF_HILICZ-VF1_USHXG01161_POS_MSMS_26_GEO-TB-12-UF_1_Rg70to1050-CE102040-0-1-S1_Run101.mzML,188262333,.mzml,Error processing 20180918_KBL_TM_Lakes_GEODES_All3_QE-HF_HILICZ-VF1_USHXG01161_POS_MSMS_26_GEO-TB-12-UF_1_Rg70to1050-CE102040-0-1-S1_Run101.mzML after 1 attempts: Mixed polarities detected in scan data,2026-07-07T23:46:49.190000,,,,
20180918_KBL_TM_Lakes_GEODES_All3_QE-HF_HILICZ-VF1_USHXG01161_POS_MSMS_33_GEO-TB-40-UF_1_Rg70to1050-CE102040-0-1-S1_Run127.mzML,/mnt/Volumes/LaCie/nmdc_data/mcmahon_11_fkbnah04/raw/20180918_KBL_TM_Lakes_GEODES_All3_QE-HF_HILICZ-VF1_USHXG01161_POS_MSMS_33_GEO-TB-40-UF_1_Rg70to1050-CE102040-0-1-S1_Run127.mzML,190692856,.mzml,Error processing 20180918_KBL_TM_Lakes_GEODES_All3_QE-HF_HILICZ-VF1_USHXG01161_POS_MSMS_33_GEO-TB-40-UF_1_Rg70to1050-CE102040-0-1-S1_Run127.mzML after 1 attempts: Mixed polarities detected in scan data,2026-07-07T23:47:15.840000,,,,
20180918_KBL_TM_Lakes_GEODES_All3_QE-HF_HILICZ-VF1_USHXG01161_POS_MSMS_33_GEO-TB-40-UF_1_Rg70to1050-CE102040-0-1-S1_Run127.mzML,/mnt/Volumes/LaCie/nmdc_data/mcmahon_11_fkbnah04/raw/20180918_KBL_TM_Lakes_GEODES_All3_QE-HF_HILICZ-VF1_USHXG01161_POS_MSMS_33_GEO-TB-40-UF_1_Rg70to1050-CE102040-0-1-S1_Run127.mzML,190692856,.mzml,Error processing 20180918_KBL_TM_Lakes_GEODES_All3_QE-HF_HILICZ-VF1_USHXG01161_POS_MSMS_33_GEO-TB-40-UF_1_Rg70to1050-CE102040-0-1-S1_Run127.mzML after 1 attempts: Mixed polarities detected in scan data,2026-07-07T23:47:15.840000,,,,
20180918_KBL_TM_Lakes_GEODES_All3_QE-HF_HILICZ-VF1_USHXG01161_POS_MSMS_33_GEO-TB-40-UF_1_Rg70to1050-CE102040-0-1-S1_Run127.mzML,/mnt/Volumes/LaCie/nmdc_data/mcmahon_11_fkbnah04/raw/20180918_KBL_TM_Lakes_GEODES_All3_QE-HF_HILICZ-VF1_USHXG01161_POS_MSMS_33_GEO-TB-40-UF_1_Rg70to1050-CE102040-0-1-S1_Run127.mzML,190692856,.mzml,Error processing 20180918_KBL_TM_Lakes_GEODES_All3_QE-HF_HILICZ-VF1_USHXG01161_POS_MSMS_33_GEO-TB-40-UF_1_Rg70to1050-CE102040-0-1-S1_Run127.mzML after 1 attempts: Mixed polarities detected in scan data,2026-07-07T23:47:15.840000,,,,
20180918_KBL_TM_Lakes_GEODES_All3_QE-HF_HILICZ-VF1_USHXG01161_NEG_MSMS_34_GEO-TB-44-UF_1_Rg70to1050-CE102040-0-1-S1_Run131.mzML,/mnt/Volumes/LaCie/nmdc_data/mcmahon_11_fkbnah04/raw/20180918_KBL_TM_Lakes_GEODES_All3_QE-HF_HILICZ-VF1_USHXG01161_NEG_MSMS_34_GEO-TB-44-UF_1_Rg70to1050-CE102040-0-1-S1_Run131.mzML,199525712,.mzml,Error processing 20180918_KBL_TM_Lakes_GEODES_All3_QE-HF_HILICZ-VF1_USHXG01161_NEG_MSMS_34_GEO-TB-44-UF_1_Rg70to1050-CE102040-0-1-S1_Run131.mzML after 1 attempts: Mixed polarities detected in scan data,2026-07-07T23:47:31.760000,,,,
20180918_KBL_TM_Lakes_GEODES_All3_QE-HF_HILICZ-VF1_USHXG01161_NEG_MSMS_34_GEO-TB-44-UF_1_Rg70to1050-CE102040-0-1-S1_Run131.mzML,/mnt/Volumes/LaCie/nmdc_data/mcmahon_11_fkbnah04/raw/20180918_KBL_TM_Lakes_GEODES_All3_QE-HF_HILICZ-VF1_USHXG01161_NEG_MSMS_34_GEO-TB-44-UF_1_Rg70to1050-CE102040-0-1-S1_Run131.mzML,199525712,.mzml,Error processing 20180918_KBL_TM_Lakes_GEODES_All3_QE-HF_HILICZ-VF1_USHXG01161_NEG_MSMS_34_GEO-TB-44-UF_1_Rg70to1050-CE102040-0-1-S1_Run131.mzML after 1 attempts: Mixed polarities detected in scan data,2026-07-07T23:47:31.760000,,,,
20180918_KBL_TM_Lakes_GEODES_All3_QE-HF_HILICZ-VF1_USHXG01161_NEG_MSMS_34_GEO-TB-44-UF_1_Rg70to1050-CE102040-0-1-S1_Run131.mzML,/mnt/Volumes/LaCie/nmdc_data/mcmahon_11_fkbnah04/raw/20180918_KBL_TM_Lakes_GEODES_All3_QE-HF_HILICZ-VF1_USHXG01161_NEG_MSMS_34_GEO-TB-44-UF_1_Rg70to1050-CE102040-0-1-S1_Run131.mzML,199525712,.mzml,Error processing 20180918_KBL_TM_Lakes_GEODES_All3_QE-HF_HILICZ-VF1_USHXG01161_NEG_MSMS_34_GEO-TB-44-UF_1_Rg70to1050-CE102040-0-1-S1_Run131.mzML after 1 attempts: Mixed polarities detected in scan data,2026-07-07T23:47:31.760000,,,,
20180918_KBL_TM_Lakes_GEODES_All3_QE-HF_HILICZ-VF1_USHXG01161_NEG_MSMS_17_GEO-SP-24-UF_1_Rg70to1050-CE102040-0-4-S1_Run72.mzML,/mnt/Volumes/LaCie/nmdc_data/mcmahon_11_fkbnah04/raw/20180918_KBL_TM_Lakes_GEODES_All3_QE-HF_HILICZ-VF1_USHXG01161_NEG_MSMS_17_GEO-SP-24-UF_1_Rg70to1050-CE102040-0-4-S1_Run72.mzML,178955739,.mzml,Error processing 20180918_KBL_TM_Lakes_GEODES_All3_QE-HF_HILICZ-VF1_USHXG01161_NEG_MSMS_17_GEO-SP-24-UF_1_Rg70to1050-CE102040-0-4-S1_Run72.mzML after 1 attempts: Mixed polarities detected in scan data,2026-07-07T23:48:22.740000,,,,
20180918_KBL_TM_Lakes_GEODES_All3_QE-HF_HILICZ-VF1_USHXG01161_NEG_MSMS_17_GEO-SP-24-UF_1_Rg70to1050-CE102040-0-4-S1_Run72.mzML,/mnt/Volumes/LaCie/nmdc_data/mcmahon_11_fkbnah04/raw/20180918_KBL_TM_Lakes_GEODES_All3_QE-HF_HILICZ-VF1_USHXG01161_NEG_MSMS_17_GEO-SP-24-UF_1_Rg70to1050-CE102040-0-4-S1_Run72.mzML,178955739,.mzml,Error processing 20180918_KBL_TM_Lakes_GEODES_All3_QE-HF_HILICZ-VF1_USHXG01161_NEG_MSMS_17_GEO-SP-24-UF_1_Rg70to1050-CE102040-0-4-S1_Run72.mzML after 1 attempts: Mixed polarities detected in scan data,2026-07-07T23:48:22.740000,,,,
20181217_KBL_TM_Lakes_GEODES_All3_QE-HF_C18_USDAY46918_POS_MSMS_63_GEO-TB-16-F_1_Rg80to1200-CE102040-0-1-S1_Run230.mzML,/mnt/Volumes/LaCie/nmdc_data/mcmahon_11_fkbnah04/raw/20181217_KBL_TM_Lakes_GEODES_All3_QE-HF_C18_USDAY46918_POS_MSMS_63_GEO-TB-16-F_1_Rg80to1200-CE102040-0-1-S1_Run230.mzML,101087173,.mzml,Error processing 20181217_KBL_TM_Lakes_GEODES_All3_QE-HF_C18_USDAY46918_POS_MSMS_63_GEO-TB-16-F_1_Rg80to1200-CE102040-0-1-S1_Run230.mzML after 1 attempts: Mixed polarities detected in scan data,2026-07-07T23:49:27.820000,,,,
20181217_KBL_TM_Lakes_GEODES_All3_QE-HF_C18_USDAY46918_POS_MSMS_63_GEO-TB-16-F_1_Rg80to1200-CE102040-0-1-S1_Run230.mzML,/mnt/Volumes/LaCie/nmdc_data/mcmahon_11_fkbnah04/raw/20181217_KBL_TM_Lakes_GEODES_All3_QE-HF_C18_USDAY46918_POS_MSMS_63_GEO-TB-16-F_1_Rg80to1200-CE102040-0-1-S1_Run230.mzML,101087173,.mzml,Error processing 20181217_KBL_TM_Lakes_GEODES_All3_QE-HF_C18_USDAY46918_POS_MSMS_63_GEO-TB-16-F_1_Rg80to1200-CE102040-0-1-S1_Run230.mzML after 1 attempts: Mixed polarities detected in scan data,2026-07-07T23:49:27.820000,,,,
20180918_KBL_TM_Lakes_GEODES_All3_QE-HF_HILICZ-VF1_USHXG01161_NEG_MSMS_17_GEO-SP-24-UF_1_Rg70to1050-CE102040-0-4-S1_Run72.mzML,/mnt/Volumes/LaCie/nmdc_data/mcmahon_11_fkbnah04/raw/20180918_KBL_TM_Lakes_GEODES_All3_QE-HF_HILICZ-VF1_USHXG01161_NEG_MSMS_17_GEO-SP-24-UF_1_Rg70to1050-CE102040-0-4-S1_Run72.mzML,178955739,.mzml,Error processing 20180918_KBL_TM_Lakes_GEODES_All3_QE-HF_HILICZ-VF1_USHXG01161_NEG_MSMS_17_GEO-SP-24-UF_1_Rg70to1050-CE102040-0-4-S1_Run72.mzML after 1 attempts: Mixed polarities detected in scan data,2026-07-07T23:48:22.740000,,,,
20181217_KBL_TM_Lakes_GEODES_All3_QE-HF_C18_USDAY46918_POS_MSMS_63_GEO-TB-16-F_1_Rg80to1200-CE102040-0-1-S1_Run230.mzML,/mnt/Volumes/LaCie/nmdc_data/mcmahon_11_fkbnah04/raw/20181217_KBL_TM_Lakes_GEODES_All3_QE-HF_C18_USDAY46918_POS_MSMS_63_GEO-TB-16-F_1_Rg80to1200-CE102040-0-1-S1_Run230.mzML,101087173,.mzml,Error processing 20181217_KBL_TM_Lakes_GEODES_All3_QE-HF_C18_USDAY46918_POS_MSMS_63_GEO-TB-16-F_1_Rg80to1200-CE102040-0-1-S1_Run230.mzML after 1 attempts: Mixed polarities detected in scan data,2026-07-07T23:49:27.820000,,,,
20180918_KBL_TM_Lakes_GEODES_All3_QE-HF_HILICZ-VF1_USHXG01161_NEG_MSMS_65_GEO-TB-24-F_1_Rg70to1050-CE102040-0-1-S1_Run237.mzML,/mnt/Volumes/LaCie/nmdc_data/mcmahon_11_fkbnah04/raw/20180918_KBL_TM_Lakes_GEODES_All3_QE-HF_HILICZ-VF1_USHXG01161_NEG_MSMS_65_GEO-TB-24-F_1_Rg70to1050-CE102040-0-1-S1_Run237.mzML,199896891,.mzml,Error processing 20180918_KBL_TM_Lakes_GEODES_All3_QE-HF_HILICZ-VF1_USHXG01161_NEG_MSMS_65_GEO-TB-24-F_1_Rg70to1050-CE102040-0-1-S1_Run237.mzML after 1 attempts: Mixed polarities detected in scan data,2026-07-07T23:49:18.260000,,,,
20180918_KBL_TM_Lakes_GEODES_All3_QE-HF_HILICZ-VF1_USHXG01161_NEG_MSMS_65_GEO-TB-24-F_1_Rg70to1050-CE102040-0-1-S1_Run237.mzML,/mnt/Volumes/LaCie/nmdc_data/mcmahon_11_fkbnah04/raw/20180918_KBL_TM_Lakes_GEODES_All3_QE-HF_HILICZ-VF1_USHXG01161_NEG_MSMS_65_GEO-TB-24-F_1_Rg70to1050-CE102040-0-1-S1_Run237.mzML,199896891,.mzml,Error processing 20180918_KBL_TM_Lakes_GEODES_All3_QE-HF_HILICZ-VF1_USHXG01161_NEG_MSMS_65_GEO-TB-24-F_1_Rg70to1050-CE102040-0-1-S1_Run237.mzML after 1 attempts: Mixed polarities detected in scan data,2026-07-07T23:49:18.260000,,,,
20180918_KBL_TM_Lakes_GEODES_All3_QE-HF_HILICZ-VF1_USHXG01161_NEG_MSMS_65_GEO-TB-24-F_1_Rg70to1050-CE102040-0-1-S1_Run237.mzML,/mnt/Volumes/LaCie/nmdc_data/mcmahon_11_fkbnah04/raw/20180918_KBL_TM_Lakes_GEODES_All3_QE-HF_HILICZ-VF1_USHXG01161_NEG_MSMS_65_GEO-TB-24-F_1_Rg70to1050-CE102040-0-1-S1_Run237.mzML,199896891,.mzml,Error processing 20180918_KBL_TM_Lakes_GEODES_All3_QE-HF_HILICZ-VF1_USHXG01161_NEG_MSMS_65_GEO-TB-24-F_1_Rg70to1050-CE102040-0-1-S1_Run237.mzML after 1 attempts: Mixed polarities detected in scan data,2026-07-07T23:49:18.260000,,,,
20181217_KBL_TM_Lakes_Mendota_DepthDate_QE-HF_C18_USDAY46918_POS_MSMS_20_ME-20171004-metabo-20_1_Rg80to1200-CE102040-10p8-S1_Run80.mzML,/mnt/Volumes/LaCie/nmdc_data/mcmahon_11_fkbnah04/raw/20181217_KBL_TM_Lakes_Mendota_DepthDate_QE-HF_C18_USDAY46918_POS_MSMS_20_ME-20171004-metabo-20_1_Rg80to1200-CE102040-10p8-S1_Run80.mzML,95435816,.mzml,Error processing 20181217_KBL_TM_Lakes_Mendota_DepthDate_QE-HF_C18_USDAY46918_POS_MSMS_20_ME-20171004-metabo-20_1_Rg80to1200-CE102040-10p8-S1_Run80.mzML after 1 attempts: Mixed polarities detected in scan data,2026-07-07T23:50:00.440000,,,,
20181217_KBL_TM_Lakes_Mendota_DepthDate_QE-HF_C18_USDAY46918_POS_MSMS_20_ME-20171004-metabo-20_1_Rg80to1200-CE102040-10p8-S1_Run80.mzML,/mnt/Volumes/LaCie/nmdc_data/mcmahon_11_fkbnah04/raw/20181217_KBL_TM_Lakes_Mendota_DepthDate_QE-HF_C18_USDAY46918_POS_MSMS_20_ME-20171004-metabo-20_1_Rg80to1200-CE102040-10p8-S1_Run80.mzML,95435816,.mzml,Error processing 20181217_KBL_TM_Lakes_Mendota_DepthDate_QE-HF_C18_USDAY46918_POS_MSMS_20_ME-20171004-metabo-20_1_Rg80to1200-CE102040-10p8-S1_Run80.mzML after 1 attempts: Mixed polarities detected in scan data,2026-07-07T23:50:00.440000,,,,
20181217_KBL_TM_Lakes_Mendota_DepthDate_QE-HF_C18_USDAY46918_POS_MSMS_20_ME-20171004-metabo-20_1_Rg80to1200-CE102040-10p8-S1_Run80.mzML,/mnt/Volumes/LaCie/nmdc_data/mcmahon_11_fkbnah04/raw/20181217_KBL_TM_Lakes_Mendota_DepthDate_QE-HF_C18_USDAY46918_POS_MSMS_20_ME-20171004-metabo-20_1_Rg80to1200-CE102040-10p8-S1_Run80.mzML,95435816,.mzml,Error processing 20181217_KBL_TM_Lakes_Mendota_DepthDate_QE-HF_C18_USDAY46918_POS_MSMS_20_ME-20171004-metabo-20_1_Rg80to1200-CE102040-10p8-S1_Run80.mzML after 1 attempts: Mixed polarities detected in scan data,2026-07-07T23:50:00.440000,,,,
20181217_KBL_TM_Lakes_GEODES_All3_QE-HF_C18_USDAY46918_NEG_MSMS_27_GEO-TB-16-UF_1_Rg80to1200-CE102040-0-1-S1_Run105.mzML,/mnt/Volumes/LaCie/nmdc_data/mcmahon_11_fkbnah04/raw/20181217_KBL_TM_Lakes_GEODES_All3_QE-HF_C18_USDAY46918_NEG_MSMS_27_GEO-TB-16-UF_1_Rg80to1200-CE102040-0-1-S1_Run105.mzML,91568069,.mzml,Error processing 20181217_KBL_TM_Lakes_GEODES_All3_QE-HF_C18_USDAY46918_NEG_MSMS_27_GEO-TB-16-UF_1_Rg80to1200-CE102040-0-1-S1_Run105.mzML after 1 attempts: Mixed polarities detected in scan data,2026-07-07T23:51:21.950000,,,,
20181217_KBL_TM_Lakes_GEODES_All3_QE-HF_C18_USDAY46918_NEG_MSMS_27_GEO-TB-16-UF_1_Rg80to1200-CE102040-0-1-S1_Run105.mzML,/mnt/Volumes/LaCie/nmdc_data/mcmahon_11_fkbnah04/raw/20181217_KBL_TM_Lakes_GEODES_All3_QE-HF_C18_USDAY46918_NEG_MSMS_27_GEO-TB-16-UF_1_Rg80to1200-CE102040-0-1-S1_Run105.mzML,91568069,.mzml,Error processing 20181217_KBL_TM_Lakes_GEODES_All3_QE-HF_C18_USDAY46918_NEG_MSMS_27_GEO-TB-16-UF_1_Rg80to1200-CE102040-0-1-S1_Run105.mzML after 1 attempts: Mixed polarities detected in scan data,2026-07-07T23:51:21.950000,,,,
20181217_KBL_TM_Lakes_GEODES_All3_QE-HF_C18_USDAY46918_NEG_MSMS_27_GEO-TB-16-UF_1_Rg80to1200-CE102040-0-1-S1_Run105.mzML,/mnt/Volumes/LaCie/nmdc_data/mcmahon_11_fkbnah04/raw/20181217_KBL_TM_Lakes_GEODES_All3_QE-HF_C18_USDAY46918_NEG_MSMS_27_GEO-TB-16-UF_1_Rg80to1200-CE102040-0-1-S1_Run105.mzML,91568069,.mzml,Error processing 20181217_KBL_TM_Lakes_GEODES_All3_QE-HF_C18_USDAY46918_NEG_MSMS_27_GEO-TB-16-UF_1_Rg80to1200-CE102040-0-1-S1_Run105.mzML after 1 attempts: Mixed polarities detected in scan data,2026-07-07T23:51:21.950000,,,,
20180918_KBL_TM_Lakes_GEODES_All3_QE-HF_HILICZ-VF1_USHXG01161_POS_MSMS_48_GEO-ME-8-F_1_Rg70to1050-CE102040-0-7-S1_Run177.mzML,/mnt/Volumes/LaCie/nmdc_data/mcmahon_11_fkbnah04/raw/20180918_KBL_TM_Lakes_GEODES_All3_QE-HF_HILICZ-VF1_USHXG01161_POS_MSMS_48_GEO-ME-8-F_1_Rg70to1050-CE102040-0-7-S1_Run177.mzML,174980302,.mzml,Error processing 20180918_KBL_TM_Lakes_GEODES_All3_QE-HF_HILICZ-VF1_USHXG01161_POS_MSMS_48_GEO-ME-8-F_1_Rg70to1050-CE102040-0-7-S1_Run177.mzML after 1 attempts: Mixed polarities detected in scan data,2026-07-07T23:49:50.300000,,,,
20180918_KBL_TM_Lakes_GEODES_All3_QE-HF_HILICZ-VF1_USHXG01161_POS_MSMS_48_GEO-ME-8-F_1_Rg70to1050-CE102040-0-7-S1_Run177.mzML,/mnt/Volumes/LaCie/nmdc_data/mcmahon_11_fkbnah04/raw/20180918_KBL_TM_Lakes_GEODES_All3_QE-HF_HILICZ-VF1_USHXG01161_POS_MSMS_48_GEO-ME-8-F_1_Rg70to1050-CE102040-0-7-S1_Run177.mzML,174980302,.mzml,Error processing 20180918_KBL_TM_Lakes_GEODES_All3_QE-HF_HILICZ-VF1_USHXG01161_POS_MSMS_48_GEO-ME-8-F_1_Rg70to1050-CE102040-0-7-S1_Run177.mzML after 1 attempts: Mixed polarities detected in scan data,2026-07-07T23:49:50.300000,,,,
20180918_KBL_TM_Lakes_GEODES_All3_QE-HF_HILICZ-VF1_USHXG01161_POS_MSMS_48_GEO-ME-8-F_1_Rg70to1050-CE102040-0-7-S1_Run177.mzML,/mnt/Volumes/LaCie/nmdc_data/mcmahon_11_fkbnah04/raw/20180918_KBL_TM_Lakes_GEODES_All3_QE-HF_HILICZ-VF1_USHXG01161_POS_MSMS_48_GEO-ME-8-F_1_Rg70to1050-CE102040-0-7-S1_Run177.mzML,174980302,.mzml,Error processing 20180918_KBL_TM_Lakes_GEODES_All3_QE-HF_HILICZ-VF1_USHXG01161_POS_MSMS_48_GEO-ME-8-F_1_Rg70to1050-CE102040-0-7-S1_Run177.mzML after 1 attempts: Mixed polarities detected in scan data,2026-07-07T23:49:50.300000,,,,
20181217_KBL_TM_Lakes_GEODES_All3_QE-HF_C18_USDAY46918_POS_MSMS_46_GEO-ME-44-F_1_Rg80to1200-CE102040-0-7-S1_Run171.mzML,/mnt/Volumes/LaCie/nmdc_data/mcmahon_11_fkbnah04/raw/20181217_KBL_TM_Lakes_GEODES_All3_QE-HF_C18_USDAY46918_POS_MSMS_46_GEO-ME-44-F_1_Rg80to1200-CE102040-0-7-S1_Run171.mzML,98849071,.mzml,Error processing 20181217_KBL_TM_Lakes_GEODES_All3_QE-HF_C18_USDAY46918_POS_MSMS_46_GEO-ME-44-F_1_Rg80to1200-CE102040-0-7-S1_Run171.mzML after 1 attempts: Mixed polarities detected in scan data,2026-07-07T23:51:35.190000,,,,
20181217_KBL_TM_Lakes_GEODES_All3_QE-HF_C18_USDAY46918_POS_MSMS_46_GEO-ME-44-F_1_Rg80to1200-CE102040-0-7-S1_Run171.mzML,/mnt/Volumes/LaCie/nmdc_data/mcmahon_11_fkbnah04/raw/20181217_KBL_TM_Lakes_GEODES_All3_QE-HF_C18_USDAY46918_POS_MSMS_46_GEO-ME-44-F_1_Rg80to1200-CE102040-0-7-S1_Run171.mzML,98849071,.mzml,Error processing 20181217_KBL_TM_Lakes_GEODES_All3_QE-HF_C18_USDAY46918_POS_MSMS_46_GEO-ME-44-F_1_Rg80to1200-CE102040-0-7-S1_Run171.mzML after 1 attempts: Mixed polarities detected in scan data,2026-07-07T23:51:35.190000,,,,
20181217_KBL_TM_Lakes_GEODES_All3_QE-HF_C18_USDAY46918_POS_MSMS_46_GEO-ME-44-F_1_Rg80to1200-CE102040-0-7-S1_Run171.mzML,/mnt/Volumes/LaCie/nmdc_data/mcmahon_11_fkbnah04/raw/20181217_KBL_TM_Lakes_GEODES_All3_QE-HF_C18_USDAY46918_POS_MSMS_46_GEO-ME-44-F_1_Rg80to1200-CE102040-0-7-S1_Run171.mzML,98849071,.mzml,Error processing 20181217_KBL_TM_Lakes_GEODES_All3_QE-HF_C18_USDAY46918_POS_MSMS_46_GEO-ME-44-F_1_Rg80to1200-CE102040-0-7-S1_Run171.mzML after 1 attempts: Mixed polarities detected in scan data,2026-07-07T23:51:35.190000,,,,
20181217_KBL_TM_Lakes_GEODES_All3_QE-HF_C18_USDAY46918_NEG_MSMS_39_GEO-ME-16-F_1_Rg80to1200-CE102040-0-7-S1_Run146.mzML,/mnt/Volumes/LaCie/nmdc_data/mcmahon_11_fkbnah04/raw/20181217_KBL_TM_Lakes_GEODES_All3_QE-HF_C18_USDAY46918_NEG_MSMS_39_GEO-ME-16-F_1_Rg80to1200-CE102040-0-7-S1_Run146.mzML,81243446,.mzml,Error processing 20181217_KBL_TM_Lakes_GEODES_All3_QE-HF_C18_USDAY46918_NEG_MSMS_39_GEO-ME-16-F_1_Rg80to1200-CE102040-0-7-S1_Run146.mzML after 1 attempts: Mixed polarities detected in scan data,2026-07-07T23:52:28.350000,,,,
20181217_KBL_TM_Lakes_GEODES_All3_QE-HF_C18_USDAY46918_NEG_MSMS_39_GEO-ME-16-F_1_Rg80to1200-CE102040-0-7-S1_Run146.mzML,/mnt/Volumes/LaCie/nmdc_data/mcmahon_11_fkbnah04/raw/20181217_KBL_TM_Lakes_GEODES_All3_QE-HF_C18_USDAY46918_NEG_MSMS_39_GEO-ME-16-F_1_Rg80to1200-CE102040-0-7-S1_Run146.mzML,81243446,.mzml,Error processing 20181217_KBL_TM_Lakes_GEODES_All3_QE-HF_C18_USDAY46918_NEG_MSMS_39_GEO-ME-16-F_1_Rg80to1200-CE102040-0-7-S1_Run146.mzML after 1 attempts: Mixed polarities detected in scan data,2026-07-07T23:52:28.350000,,,,
20181217_KBL_TM_Lakes_GEODES_All3_QE-HF_C18_USDAY46918_NEG_MSMS_39_GEO-ME-16-F_1_Rg80to1200-CE102040-0-7-S1_Run146.mzML,/mnt/Volumes/LaCie/nmdc_data/mcmahon_11_fkbnah04/raw/20181217_KBL_TM_Lakes_GEODES_All3_QE-HF_C18_USDAY46918_NEG_MSMS_39_GEO-ME-16-F_1_Rg80to1200-CE102040-0-7-S1_Run146.mzML,81243446,.mzml,Error processing 20181217_KBL_TM_Lakes_GEODES_All3_QE-HF_C18_USDAY46918_NEG_MSMS_39_GEO-ME-16-F_1_Rg80to1200-CE102040-0-7-S1_Run146.mzML after 1 attempts: Mixed polarities detected in scan data,2026-07-07T23:52:28.350000,,,,
20181217_KBL_TM_Lakes_GEODES_All3_QE-HF_C18_USDAY46918_NEG_MSMS_49_GEO-SP-0-F_1_Rg80to1200-CE102040-0-4-S1_Run181.mzML,/mnt/Volumes/LaCie/nmdc_data/mcmahon_11_fkbnah04/raw/20181217_KBL_TM_Lakes_GEODES_All3_QE-HF_C18_USDAY46918_NEG_MSMS_49_GEO-SP-0-F_1_Rg80to1200-CE102040-0-4-S1_Run181.mzML,83002885,.mzml,Error processing 20181217_KBL_TM_Lakes_GEODES_All3_QE-HF_C18_USDAY46918_NEG_MSMS_49_GEO-SP-0-F_1_Rg80to1200-CE102040-0-4-S1_Run181.mzML after 1 attempts: Mixed polarities detected in scan data,2026-07-07T23:52:55.630000,,,,
20181217_KBL_TM_Lakes_GEODES_All3_QE-HF_C18_USDAY46918_NEG_MSMS_49_GEO-SP-0-F_1_Rg80to1200-CE102040-0-4-S1_Run181.mzML,/mnt/Volumes/LaCie/nmdc_data/mcmahon_11_fkbnah04/raw/20181217_KBL_TM_Lakes_GEODES_All3_QE-HF_C18_USDAY46918_NEG_MSMS_49_GEO-SP-0-F_1_Rg80to1200-CE102040-0-4-S1_Run181.mzML,83002885,.mzml,Error processing 20181217_KBL_TM_Lakes_GEODES_All3_QE-HF_C18_USDAY46918_NEG_MSMS_49_GEO-SP-0-F_1_Rg80to1200-CE102040-0-4-S1_Run181.mzML after 1 attempts: Mixed polarities detected in scan data,2026-07-07T23:52:55.630000,,,,
20181217_KBL_TM_Lakes_GEODES_All3_QE-HF_C18_USDAY46918_NEG_MSMS_49_GEO-SP-0-F_1_Rg80to1200-CE102040-0-4-S1_Run181.mzML,/mnt/Volumes/LaCie/nmdc_data/mcmahon_11_fkbnah04/raw/20181217_KBL_TM_Lakes_GEODES_All3_QE-HF_C18_USDAY46918_NEG_MSMS_49_GEO-SP-0-F_1_Rg80to1200-CE102040-0-4-S1_Run181.mzML,83002885,.mzml,Error processing 20181217_KBL_TM_Lakes_GEODES_All3_QE-HF_C18_USDAY46918_NEG_MSMS_49_GEO-SP-0-F_1_Rg80to1200-CE102040-0-4-S1_Run181.mzML after 1 attempts: Mixed polarities detected in scan data,2026-07-07T23:52:55.630000,,,,
20180918_KBL_TM_Lakes_GEODES_All3_QE-HF_HILICZ-VF1_USHXG01161_NEG_MSMS_40_GEO-ME-20-F_1_Rg70to1050-CE102040-0-7-S1_Run149.mzML,/mnt/Volumes/LaCie/nmdc_data/mcmahon_11_fkbnah04/raw/20180918_KBL_TM_Lakes_GEODES_All3_QE-HF_HILICZ-VF1_USHXG01161_NEG_MSMS_40_GEO-ME-20-F_1_Rg70to1050-CE102040-0-7-S1_Run149.mzML,167662477,.mzml,Error processing 20180918_KBL_TM_Lakes_GEODES_All3_QE-HF_HILICZ-VF1_USHXG01161_NEG_MSMS_40_GEO-ME-20-F_1_Rg70to1050-CE102040-0-7-S1_Run149.mzML after 1 attempts: Mixed polarities detected in scan data,2026-07-07T23:52:03.160000,,,,
20180918_KBL_TM_Lakes_GEODES_All3_QE-HF_HILICZ-VF1_USHXG01161_NEG_MSMS_40_GEO-ME-20-F_1_Rg70to1050-CE102040-0-7-S1_Run149.mzML,/mnt/Volumes/LaCie/nmdc_data/mcmahon_11_fkbnah04/raw/20180918_KBL_TM_Lakes_GEODES_All3_QE-HF_HILICZ-VF1_USHXG01161_NEG_MSMS_40_GEO-ME-20-F_1_Rg70to1050-CE102040-0-7-S1_Run149.mzML,167662477,.mzml,Error processing 20180918_KBL_TM_Lakes_GEODES_All3_QE-HF_HILICZ-VF1_USHXG01161_NEG_MSMS_40_GEO-ME-20-F_1_Rg70to1050-CE102040-0-7-S1_Run149.mzML after 1 attempts: Mixed polarities detected in scan data,2026-07-07T23:52:03.160000,,,,
20180918_KBL_TM_Lakes_Mendota_DepthDate_QE-139_HILICZ-VF1_USHXG01161_NEG_MSMS_28_ME-20171019-metabo-28_1_Rg70to1050-CE102040-18p2-S1_Run108.mzML,/mnt/Volumes/LaCie/nmdc_data/mcmahon_11_fkbnah04/raw/20180918_KBL_TM_Lakes_Mendota_DepthDate_QE-139_HILICZ-VF1_USHXG01161_NEG_MSMS_28_ME-20171019-metabo-28_1_Rg70to1050-CE102040-18p2-S1_Run108.mzML,175240296,.mzml,Error processing 20180918_KBL_TM_Lakes_Mendota_DepthDate_QE-139_HILICZ-VF1_USHXG01161_NEG_MSMS_28_ME-20171019-metabo-28_1_Rg70to1050-CE102040-18p2-S1_Run108.mzML after 1 attempts: Mixed polarities detected in scan data,2026-07-07T23:52:21.020000,,,,
20180918_KBL_TM_Lakes_GEODES_All3_QE-HF_HILICZ-VF1_USHXG01161_NEG_MSMS_40_GEO-ME-20-F_1_Rg70to1050-CE102040-0-7-S1_Run149.mzML,/mnt/Volumes/LaCie/nmdc_data/mcmahon_11_fkbnah04/raw/20180918_KBL_TM_Lakes_GEODES_All3_QE-HF_HILICZ-VF1_USHXG01161_NEG_MSMS_40_GEO-ME-20-F_1_Rg70to1050-CE102040-0-7-S1_Run149.mzML,167662477,.mzml,Error processing 20180918_KBL_TM_Lakes_GEODES_All3_QE-HF_HILICZ-VF1_USHXG01161_NEG_MSMS_40_GEO-ME-20-F_1_Rg70to1050-CE102040-0-7-S1_Run149.mzML after 1 attempts: Mixed polarities detected in scan data,2026-07-07T23:52:03.160000,,,,
20180918_KBL_TM_Lakes_Mendota_DepthDate_QE-139_HILICZ-VF1_USHXG01161_NEG_MSMS_28_ME-20171019-metabo-28_1_Rg70to1050-CE102040-18p2-S1_Run108.mzML,/mnt/Volumes/LaCie/nmdc_data/mcmahon_11_fkbnah04/raw/20180918_KBL_TM_Lakes_Mendota_DepthDate_QE-139_HILICZ-VF1_USHXG01161_NEG_MSMS_28_ME-20171019-metabo-28_1_Rg70to1050-CE102040-18p2-S1_Run108.mzML,175240296,.mzml,Error processing 20180918_KBL_TM_Lakes_Mendota_DepthDate_QE-139_HILICZ-VF1_USHXG01161_NEG_MSMS_28_ME-20171019-metabo-28_1_Rg70to1050-CE102040-18p2-S1_Run108.mzML after 1 attempts: Mixed polarities detected in scan data,2026-07-07T23:52:21.020000,,,,
20180918_KBL_TM_Lakes_Mendota_DepthDate_QE-139_HILICZ-VF1_USHXG01161_NEG_MSMS_28_ME-20171019-metabo-28_1_Rg70to1050-CE102040-18p2-S1_Run108.mzML,/mnt/Volumes/LaCie/nmdc_data/mcmahon_11_fkbnah04/raw/20180918_KBL_TM_Lakes_Mendota_DepthDate_QE-139_HILICZ-VF1_USHXG01161_NEG_MSMS_28_ME-20171019-metabo-28_1_Rg70to1050-CE102040-18p2-S1_Run108.mzML,175240296,.mzml,Error processing 20180918_KBL_TM_Lakes_Mendota_DepthDate_QE-139_HILICZ-VF1_USHXG01161_NEG_MSMS_28_ME-20171019-metabo-28_1_Rg70to1050-CE102040-18p2-S1_Run108.mzML after 1 attempts: Mixed polarities detected in scan data,2026-07-07T23:52:21.020000,,,,
20180918_KBL_TM_Lakes_GEODES_All3_QE-HF_HILICZ-VF1_USHXG01161_NEG_MSMS_10_GEO-ME-44-UF_1_Rg70to1050-CE102040-0-7-S1_Run46.mzML,/mnt/Volumes/LaCie/nmdc_data/mcmahon_11_fkbnah04/raw/20180918_KBL_TM_Lakes_GEODES_All3_QE-HF_HILICZ-VF1_USHXG01161_NEG_MSMS_10_GEO-ME-44-UF_1_Rg70to1050-CE102040-0-7-S1_Run46.mzML,168891206,.mzml,Error processing 20180918_KBL_TM_Lakes_GEODES_All3_QE-HF_HILICZ-VF1_USHXG01161_NEG_MSMS_10_GEO-ME-44-UF_1_Rg70to1050-CE102040-0-7-S1_Run46.mzML after 1 attempts: Mixed polarities detected in scan data,2026-07-07T23:53:18.720000,,,,
20180918_KBL_TM_Lakes_GEODES_All3_QE-HF_HILICZ-VF1_USHXG01161_POS_MSMS_15_GEO-SP-16-UF_1_Rg70to1050-CE102040-0-4-S1_Run60.mzML,/mnt/Volumes/LaCie/nmdc_data/mcmahon_11_fkbnah04/raw/20180918_KBL_TM_Lakes_GEODES_All3_QE-HF_HILICZ-VF1_USHXG01161_POS_MSMS_15_GEO-SP-16-UF_1_Rg70to1050-CE102040-0-4-S1_Run60.mzML,173100477,.mzml,Error processing 20180918_KBL_TM_Lakes_GEODES_All3_QE-HF_HILICZ-VF1_USHXG01161_POS_MSMS_15_GEO-SP-16-UF_1_Rg70to1050-CE102040-0-4-S1_Run60.mzML after 1 attempts: Mixed polarities detected in scan data,2026-07-07T23:53:36.040000,,,,
20180918_KBL_TM_Lakes_GEODES_All3_QE-HF_HILICZ-VF1_USHXG01161_POS_MSMS_15_GEO-SP-16-UF_1_Rg70to1050-CE102040-0-4-S1_Run60.mzML,/mnt/Volumes/LaCie/nmdc_data/mcmahon_11_fkbnah04/raw/20180918_KBL_TM_Lakes_GEODES_All3_QE-HF_HILICZ-VF1_USHXG01161_POS_MSMS_15_GEO-SP-16-UF_1_Rg70to1050-CE102040-0-4-S1_Run60.mzML,173100477,.mzml,Error processing 20180918_KBL_TM_Lakes_GEODES_All3_QE-HF_HILICZ-VF1_USHXG01161_POS_MSMS_15_GEO-SP-16-UF_1_Rg70to1050-CE102040-0-4-S1_Run60.mzML after 1 attempts: Mixed polarities detected in scan data,2026-07-07T23:53:36.040000,,,,
20180918_KBL_TM_Lakes_GEODES_All3_QE-HF_HILICZ-VF1_USHXG01161_POS_MSMS_15_GEO-SP-16-UF_1_Rg70to1050-CE102040-0-4-S1_Run60.mzML,/mnt/Volumes/LaCie/nmdc_data/mcmahon_11_fkbnah04/raw/20180918_KBL_TM_Lakes_GEODES_All3_QE-HF_HILICZ-VF1_USHXG01161_POS_MSMS_15_GEO-SP-16-UF_1_Rg70to1050-CE102040-0-4-S1_Run60.mzML,173100477,.mzml,Error processing 20180918_KBL_TM_Lakes_GEODES_All3_QE-HF_HILICZ-VF1_USHXG01161_POS_MSMS_15_GEO-SP-16-UF_1_Rg70to1050-CE102040-0-4-S1_Run60.mzML after 1 attempts: Mixed polarities detected in scan data,2026-07-07T23:53:36.040000,,,,
20180918_KBL_TM_Lakes_GEODES_All3_QE-HF_HILICZ-VF1_USHXG01161_NEG_MSMS_10_GEO-ME-44-UF_1_Rg70to1050-CE102040-0-7-S1_Run46.mzML,/mnt/Volumes/LaCie/nmdc_data/mcmahon_11_fkbnah04/raw/20180918_KBL_TM_Lakes_GEODES_All3_QE-HF_HILICZ-VF1_USHXG01161_NEG_MSMS_10_GEO-ME-44-UF_1_Rg70to1050-CE102040-0-7-S1_Run46.mzML,168891206,.mzml,Error processing 20180918_KBL_TM_Lakes_GEODES_All3_QE-HF_HILICZ-VF1_USHXG01161_NEG_MSMS_10_GEO-ME-44-UF_1_Rg70to1050-CE102040-0-7-S1_Run46.mzML after 1 attempts: Mixed polarities detected in scan data,2026-07-07T23:53:18.720000,,,,
20180918_KBL_TM_Lakes_GEODES_All3_QE-HF_HILICZ-VF1_USHXG01161_NEG_MSMS_10_GEO-ME-44-UF_1_Rg70to1050-CE102040-0-7-S1_Run46.mzML,/mnt/Volumes/LaCie/nmdc_data/mcmahon_11_fkbnah04/raw/20180918_KBL_TM_Lakes_GEODES_All3_QE-HF_HILICZ-VF1_USHXG01161_NEG_MSMS_10_GEO-ME-44-UF_1_Rg70to1050-CE102040-0-7-S1_Run46.mzML,168891206,.mzml,Error processing 20180918_KBL_TM_Lakes_GEODES_All3_QE-HF_HILICZ-VF1_USHXG01161_NEG_MSMS_10_GEO-ME-44-UF_1_Rg70to1050-CE102040-0-7-S1_Run46.mzML after 1 attempts: Mixed polarities detected in scan data,2026-07-07T23:53:18.720000,,,,
20180918_KBL_TM_Lakes_GEODES_All3_QE-HF_HILICZ-VF1_USHXG01161_NEG_MSMS_1_GEO-ME-0-UF_1_Rg70to1050-CE102040-0-7-S1_Run19.mzML,/mnt/Volumes/LaCie/nmdc_data/mcmahon_11_fkbnah04/raw/20180918_KBL_TM_Lakes_GEODES_All3_QE-HF_HILICZ-VF1_USHXG01161_NEG_MSMS_1_GEO-ME-0-UF_1_Rg70to1050-CE102040-0-7-S1_Run19.mzML,170682663,.mzml,Error processing 20180918_KBL_TM_Lakes_GEODES_All3_QE-HF_HILICZ-VF1_USHXG01161_NEG_MSMS_1_GEO-ME-0-UF_1_Rg70to1050-CE102040-0-7-S1_Run19.mzML after 1 attempts: Mixed polarities detected in scan data,2026-07-07T23:53:52.910000,,,,
20180918_KBL_TM_Lakes_GEODES_All3_QE-HF_HILICZ-VF1_USHXG01161_NEG_MSMS_1_GEO-ME-0-UF_1_Rg70to1050-CE102040-0-7-S1_Run19.mzML,/mnt/Volumes/LaCie/nmdc_data/mcmahon_11_fkbnah04/raw/20180918_KBL_TM_Lakes_GEODES_All3_QE-HF_HILICZ-VF1_USHXG01161_NEG_MSMS_1_GEO-ME-0-UF_1_Rg70to1050-CE102040-0-7-S1_Run19.mzML,170682663,.mzml,Error processing 20180918_KBL_TM_Lakes_GEODES_All3_QE-HF_HILICZ-VF1_USHXG01161_NEG_MSMS_1_GEO-ME-0-UF_1_Rg70to1050-CE102040-0-7-S1_Run19.mzML after 1 attempts: Mixed polarities detected in scan data,2026-07-07T23:53:52.910000,,,,
20180918_KBL_TM_Lakes_GEODES_All3_QE-HF_HILICZ-VF1_USHXG01161_NEG_MSMS_3_GEO-ME-16-UF_1_Rg70to1050-CE102040-0-7-S1_Run25.mzML,/mnt/Volumes/LaCie/nmdc_data/mcmahon_11_fkbnah04/raw/20180918_KBL_TM_Lakes_GEODES_All3_QE-HF_HILICZ-VF1_USHXG01161_NEG_MSMS_3_GEO-ME-16-UF_1_Rg70to1050-CE102040-0-7-S1_Run25.mzML,169887449,.mzml,Error processing 20180918_KBL_TM_Lakes_GEODES_All3_QE-HF_HILICZ-VF1_USHXG01161_NEG_MSMS_3_GEO-ME-16-UF_1_Rg70to1050-CE102040-0-7-S1_Run25.mzML after 1 attempts: Mixed polarities detected in scan data,2026-07-07T23:54:18.670000,,,,
20180918_KBL_TM_Lakes_GEODES_All3_QE-HF_HILICZ-VF1_USHXG01161_NEG_MSMS_3_GEO-ME-16-UF_1_Rg70to1050-CE102040-0-7-S1_Run25.mzML,/mnt/Volumes/LaCie/nmdc_data/mcmahon_11_fkbnah04/raw/20180918_KBL_TM_Lakes_GEODES_All3_QE-HF_HILICZ-VF1_USHXG01161_NEG_MSMS_3_GEO-ME-16-UF_1_Rg70to1050-CE102040-0-7-S1_Run25.mzML,169887449,.mzml,Error processing 20180918_KBL_TM_Lakes_GEODES_All3_QE-HF_HILICZ-VF1_USHXG01161_NEG_MSMS_3_GEO-ME-16-UF_1_Rg70to1050-CE102040-0-7-S1_Run25.mzML after 1 attempts: Mixed polarities detected in scan data,2026-07-07T23:54:18.670000,,,,
20180918_KBL_TM_Lakes_GEODES_All3_QE-HF_HILICZ-VF1_USHXG01161_NEG_MSMS_3_GEO-ME-16-UF_1_Rg70to1050-CE102040-0-7-S1_Run25.mzML,/mnt/Volumes/LaCie/nmdc_data/mcmahon_11_fkbnah04/raw/20180918_KBL_TM_Lakes_GEODES_All3_QE-HF_HILICZ-VF1_USHXG01161_NEG_MSMS_3_GEO-ME-16-UF_1_Rg70to1050-CE102040-0-7-S1_Run25.mzML,169887449,.mzml,Error processing 20180918_KBL_TM_Lakes_GEODES_All3_QE-HF_HILICZ-VF1_USHXG01161_NEG_MSMS_3_GEO-ME-16-UF_1_Rg70to1050-CE102040-0-7-S1_Run25.mzML after 1 attempts: Mixed polarities detected in scan data,2026-07-07T23:54:18.670000,,,,
20180918_KBL_TM_Lakes_GEODES_All3_QE-HF_HILICZ-VF1_USHXG01161_NEG_MSMS_1_GEO-ME-0-UF_1_Rg70to1050-CE102040-0-7-S1_Run19.mzML,/mnt/Volumes/LaCie/nmdc_data/mcmahon_11_fkbnah04/raw/20180918_KBL_TM_Lakes_GEODES_All3_QE-HF_HILICZ-VF1_USHXG01161_NEG_MSMS_1_GEO-ME-0-UF_1_Rg70to1050-CE102040-0-7-S1_Run19.mzML,170682663,.mzml,Error processing 20180918_KBL_TM_Lakes_GEODES_All3_QE-HF_HILICZ-VF1_USHXG01161_NEG_MSMS_1_GEO-ME-0-UF_1_Rg70to1050-CE102040-0-7-S1_Run19.mzML after 1 attempts: Mixed polarities detected in scan data,2026-07-07T23:53:52.910000,,,,
20181217_KBL_TM_Lakes_GEODES_All3_QE-HF_C18_USDAY46918_NEG_MSMS_58_GEO-SP-44-F_1_Rg80to1200-CE102040-0-4-S1_Run211.mzML,/mnt/Volumes/LaCie/nmdc_data/mcmahon_11_fkbnah04/raw/20181217_KBL_TM_Lakes_GEODES_All3_QE-HF_C18_USDAY46918_NEG_MSMS_58_GEO-SP-44-F_1_Rg80to1200-CE102040-0-4-S1_Run211.mzML,78809770,.mzml,Error processing 20181217_KBL_TM_Lakes_GEODES_All3_QE-HF_C18_USDAY46918_NEG_MSMS_58_GEO-SP-44-F_1_Rg80to1200-CE102040-0-4-S1_Run211.mzML after 1 attempts: Mixed polarities detected in scan data,2026-07-07T23:54:49.600000,,,,
20181217_KBL_TM_Lakes_GEODES_All3_QE-HF_C18_USDAY46918_NEG_MSMS_58_GEO-SP-44-F_1_Rg80to1200-CE102040-0-4-S1_Run211.mzML,/mnt/Volumes/LaCie/nmdc_data/mcmahon_11_fkbnah04/raw/20181217_KBL_TM_Lakes_GEODES_All3_QE-HF_C18_USDAY46918_NEG_MSMS_58_GEO-SP-44-F_1_Rg80to1200-CE102040-0-4-S1_Run211.mzML,78809770,.mzml,Error processing 20181217_KBL_TM_Lakes_GEODES_All3_QE-HF_C18_USDAY46918_NEG_MSMS_58_GEO-SP-44-F_1_Rg80to1200-CE102040-0-4-S1_Run211.mzML after 1 attempts: Mixed polarities detected in scan data,2026-07-07T23:54:49.600000,,,,
20181217_KBL_TM_Lakes_GEODES_All3_QE-HF_C18_USDAY46918_NEG_MSMS_58_GEO-SP-44-F_1_Rg80to1200-CE102040-0-4-S1_Run211.mzML,/mnt/Volumes/LaCie/nmdc_data/mcmahon_11_fkbnah04/raw/20181217_KBL_TM_Lakes_GEODES_All3_QE-HF_C18_USDAY46918_NEG_MSMS_58_GEO-SP-44-F_1_Rg80to1200-CE102040-0-4-S1_Run211.mzML,78809770,.mzml,Error processing 20181217_KBL_TM_Lakes_GEODES_All3_QE-HF_C18_USDAY46918_NEG_MSMS_58_GEO-SP-44-F_1_Rg80to1200-CE102040-0-4-S1_Run211.mzML after 1 attempts: Mixed polarities detected in scan data,2026-07-07T23:54:49.600000,,,,
20181217_KBL_TM_Lakes_GEODES_All3_QE-HF_C18_USDAY46918_POS_MSMS_65_GEO-TB-24-F_1_Rg80to1200-CE102040-0-1-S1_Run236.mzML,/mnt/Volumes/LaCie/nmdc_data/mcmahon_11_fkbnah04/raw/20181217_KBL_TM_Lakes_GEODES_All3_QE-HF_C18_USDAY46918_POS_MSMS_65_GEO-TB-24-F_1_Rg80to1200-CE102040-0-1-S1_Run236.mzML,99116864,.mzml,Error processing 20181217_KBL_TM_Lakes_GEODES_All3_QE-HF_C18_USDAY46918_POS_MSMS_65_GEO-TB-24-F_1_Rg80to1200-CE102040-0-1-S1_Run236.mzML after 1 attempts: Mixed polarities detected in scan data,2026-07-07T23:54:26.760000,,,,
20181217_KBL_TM_Lakes_GEODES_All3_QE-HF_C18_USDAY46918_POS_MSMS_65_GEO-TB-24-F_1_Rg80to1200-CE102040-0-1-S1_Run236.mzML,/mnt/Volumes/LaCie/nmdc_data/mcmahon_11_fkbnah04/raw/20181217_KBL_TM_Lakes_GEODES_All3_QE-HF_C18_USDAY46918_POS_MSMS_65_GEO-TB-24-F_1_Rg80to1200-CE102040-0-1-S1_Run236.mzML,99116864,.mzml,Error processing 20181217_KBL_TM_Lakes_GEODES_All3_QE-HF_C18_USDAY46918_POS_MSMS_65_GEO-TB-24-F_1_Rg80to1200-CE102040-0-1-S1_Run236.mzML after 1 attempts: Mixed polarities detected in scan data,2026-07-07T23:54:26.760000,,,,
20181217_KBL_TM_Lakes_GEODES_All3_QE-HF_C18_USDAY46918_POS_MSMS_65_GEO-TB-24-F_1_Rg80to1200-CE102040-0-1-S1_Run236.mzML,/mnt/Volumes/LaCie/nmdc_data/mcmahon_11_fkbnah04/raw/20181217_KBL_TM_Lakes_GEODES_All3_QE-HF_C18_USDAY46918_POS_MSMS_65_GEO-TB-24-F_1_Rg80to1200-CE102040-0-1-S1_Run236.mzML,99116864,.mzml,Error processing 20181217_KBL_TM_Lakes_GEODES_All3_QE-HF_C18_USDAY46918_POS_MSMS_65_GEO-TB-24-F_1_Rg80to1200-CE102040-0-1-S1_Run236.mzML after 1 attempts: Mixed polarities detected in scan data,2026-07-07T23:54:26.760000,,,,
20181217_KBL_TM_Lakes_GEODES_All3_QE-HF_C18_USDAY46918_POS_MSMS_17_GEO-SP-24-UF_1_Rg80to1200-CE102040-0-4-S1_Run71.mzML,/mnt/Volumes/LaCie/nmdc_data/mcmahon_11_fkbnah04/raw/20181217_KBL_TM_Lakes_GEODES_All3_QE-HF_C18_USDAY46918_POS_MSMS_17_GEO-SP-24-UF_1_Rg80to1200-CE102040-0-4-S1_Run71.mzML,102081774,.mzml,Error processing 20181217_KBL_TM_Lakes_GEODES_All3_QE-HF_C18_USDAY46918_POS_MSMS_17_GEO-SP-24-UF_1_Rg80to1200-CE102040-0-4-S1_Run71.mzML after 1 attempts: Mixed polarities detected in scan data,2026-07-07T23:57:03.960000,,,,
20181217_KBL_TM_Lakes_GEODES_All3_QE-HF_C18_USDAY46918_POS_MSMS_17_GEO-SP-24-UF_1_Rg80to1200-CE102040-0-4-S1_Run71.mzML,/mnt/Volumes/LaCie/nmdc_data/mcmahon_11_fkbnah04/raw/20181217_KBL_TM_Lakes_GEODES_All3_QE-HF_C18_USDAY46918_POS_MSMS_17_GEO-SP-24-UF_1_Rg80to1200-CE102040-0-4-S1_Run71.mzML,102081774,.mzml,Error processing 20181217_KBL_TM_Lakes_GEODES_All3_QE-HF_C18_USDAY46918_POS_MSMS_17_GEO-SP-24-UF_1_Rg80to1200-CE102040-0-4-S1_Run71.mzML after 1 attempts: Mixed polarities detected in scan data,2026-07-07T23:57:03.960000,,,,
20181217_KBL_TM_Lakes_GEODES_All3_QE-HF_C18_USDAY46918_POS_MSMS_17_GEO-SP-24-UF_1_Rg80to1200-CE102040-0-4-S1_Run71.mzML,/mnt/Volumes/LaCie/nmdc_data/mcmahon_11_fkbnah04/raw/20181217_KBL_TM_Lakes_GEODES_All3_QE-HF_C18_USDAY46918_POS_MSMS_17_GEO-SP-24-UF_1_Rg80to1200-CE102040-0-4-S1_Run71.mzML,102081774,.mzml,Error processing 20181217_KBL_TM_Lakes_GEODES_All3_QE-HF_C18_USDAY46918_POS_MSMS_17_GEO-SP-24-UF_1_Rg80to1200-CE102040-0-4-S1_Run71.mzML after 1 attempts: Mixed polarities detected in scan data,2026-07-07T23:57:03.960000,,,,
20180918_KBL_TM_Lakes_Mendota_DepthDate_QE-139_HILICZ-VF1_USHXG01161_NEG_MSMS_24_ME-20171004-metabo-24_1_Rg70to1050-CE102040-0p5-S1_Run96.mzML,/mnt/Volumes/LaCie/nmdc_data/mcmahon_11_fkbnah04/raw/20180918_KBL_TM_Lakes_Mendota_DepthDate_QE-139_HILICZ-VF1_USHXG01161_NEG_MSMS_24_ME-20171004-metabo-24_1_Rg70to1050-CE102040-0p5-S1_Run96.mzML,171185457,.mzml,Error processing 20180918_KBL_TM_Lakes_Mendota_DepthDate_QE-139_HILICZ-VF1_USHXG01161_NEG_MSMS_24_ME-20171004-metabo-24_1_Rg70to1050-CE102040-0p5-S1_Run96.mzML after 1 attempts: Mixed polarities detected in scan data,2026-07-07T23:55:48.610000,,,,
20180918_KBL_TM_Lakes_Mendota_DepthDate_QE-139_HILICZ-VF1_USHXG01161_NEG_MSMS_24_ME-20171004-metabo-24_1_Rg70to1050-CE102040-0p5-S1_Run96.mzML,/mnt/Volumes/LaCie/nmdc_data/mcmahon_11_fkbnah04/raw/20180918_KBL_TM_Lakes_Mendota_DepthDate_QE-139_HILICZ-VF1_USHXG01161_NEG_MSMS_24_ME-20171004-metabo-24_1_Rg70to1050-CE102040-0p5-S1_Run96.mzML,171185457,.mzml,Error processing 20180918_KBL_TM_Lakes_Mendota_DepthDate_QE-139_HILICZ-VF1_USHXG01161_NEG_MSMS_24_ME-20171004-metabo-24_1_Rg70to1050-CE102040-0p5-S1_Run96.mzML after 1 attempts: Mixed polarities detected in scan data,2026-07-07T23:55:48.610000,,,,
20180918_KBL_TM_Lakes_Mendota_DepthDate_QE-139_HILICZ-VF1_USHXG01161_NEG_MSMS_24_ME-20171004-metabo-24_1_Rg70to1050-CE102040-0p5-S1_Run96.mzML,/mnt/Volumes/LaCie/nmdc_data/mcmahon_11_fkbnah04/raw/20180918_KBL_TM_Lakes_Mendota_DepthDate_QE-139_HILICZ-VF1_USHXG01161_NEG_MSMS_24_ME-20171004-metabo-24_1_Rg70to1050-CE102040-0p5-S1_Run96.mzML,171185457,.mzml,Error processing 20180918_KBL_TM_Lakes_Mendota_DepthDate_QE-139_HILICZ-VF1_USHXG01161_NEG_MSMS_24_ME-20171004-metabo-24_1_Rg70to1050-CE102040-0p5-S1_Run96.mzML after 1 attempts: Mixed polarities detected in scan data,2026-07-07T23:55:48.610000,,,,
20180918_KBL_TM_Lakes_GEODES_All3_QE-HF_HILICZ-VF1_USHXG01161_POS_MSMS_49_GEO-SP-0-F_1_Rg70to1050-CE102040-0-4-S1_Run180.mzML,/mnt/Volumes/LaCie/nmdc_data/mcmahon_11_fkbnah04/raw/20180918_KBL_TM_Lakes_GEODES_All3_QE-HF_HILICZ-VF1_USHXG01161_POS_MSMS_49_GEO-SP-0-F_1_Rg70to1050-CE102040-0-4-S1_Run180.mzML,176781656,.mzml,Error processing 20180918_KBL_TM_Lakes_GEODES_All3_QE-HF_HILICZ-VF1_USHXG01161_POS_MSMS_49_GEO-SP-0-F_1_Rg70to1050-CE102040-0-4-S1_Run180.mzML after 1 attempts: Mixed polarities detected in scan data,2026-07-07T23:55:10.280000,,,,
20180918_KBL_TM_Lakes_GEODES_All3_QE-HF_HILICZ-VF1_USHXG01161_POS_MSMS_49_GEO-SP-0-F_1_Rg70to1050-CE102040-0-4-S1_Run180.mzML,/mnt/Volumes/LaCie/nmdc_data/mcmahon_11_fkbnah04/raw/20180918_KBL_TM_Lakes_GEODES_All3_QE-HF_HILICZ-VF1_USHXG01161_POS_MSMS_49_GEO-SP-0-F_1_Rg70to1050-CE102040-0-4-S1_Run180.mzML,176781656,.mzml,Error processing 20180918_KBL_TM_Lakes_GEODES_All3_QE-HF_HILICZ-VF1_USHXG01161_POS_MSMS_49_GEO-SP-0-F_1_Rg70to1050-CE102040-0-4-S1_Run180.mzML after 1 attempts: Mixed polarities detected in scan data,2026-07-07T23:55:10.280000,,,,
20180918_KBL_TM_Lakes_GEODES_All3_QE-HF_HILICZ-VF1_USHXG01161_POS_MSMS_49_GEO-SP-0-F_1_Rg70to1050-CE102040-0-4-S1_Run180.mzML,/mnt/Volumes/LaCie/nmdc_data/mcmahon_11_fkbnah04/raw/20180918_KBL_TM_Lakes_GEODES_All3_QE-HF_HILICZ-VF1_USHXG01161_POS_MSMS_49_GEO-SP-0-F_1_Rg70to1050-CE102040-0-4-S1_Run180.mzML,176781656,.mzml,Error processing 20180918_KBL_TM_Lakes_GEODES_All3_QE-HF_HILICZ-VF1_USHXG01161_POS_MSMS_49_GEO-SP-0-F_1_Rg70to1050-CE102040-0-4-S1_Run180.mzML after 1 attempts: Mixed polarities detected in scan data,2026-07-07T23:55:10.280000,,,,
20180918_KBL_TM_Lakes_GEODES_All3_QE-HF_HILICZ-VF1_USHXG01161_NEG_MSMS_72_GEO-TB-8-F_1_Rg70to1050-CE102040-0-1-S1_Run258.mzML,/mnt/Volumes/LaCie/nmdc_data/mcmahon_11_fkbnah04/raw/20180918_KBL_TM_Lakes_GEODES_All3_QE-HF_HILICZ-VF1_USHXG01161_NEG_MSMS_72_GEO-TB-8-F_1_Rg70to1050-CE102040-0-1-S1_Run258.mzML,202179446,.mzml,Error processing 20180918_KBL_TM_Lakes_GEODES_All3_QE-HF_HILICZ-VF1_USHXG01161_NEG_MSMS_72_GEO-TB-8-F_1_Rg70to1050-CE102040-0-1-S1_Run258.mzML after 1 attempts: Mixed polarities detected in scan data,2026-07-07T23:57:25.560000,,,,
20180918_KBL_TM_Lakes_GEODES_All3_QE-HF_HILICZ-VF1_USHXG01161_NEG_MSMS_72_GEO-TB-8-F_1_Rg70to1050-CE102040-0-1-S1_Run258.mzML,/mnt/Volumes/LaCie/nmdc_data/mcmahon_11_fkbnah04/raw/20180918_KBL_TM_Lakes_GEODES_All3_QE-HF_HILICZ-VF1_USHXG01161_NEG_MSMS_72_GEO-TB-8-F_1_Rg70to1050-CE102040-0-1-S1_Run258.mzML,202179446,.mzml,Error processing 20180918_KBL_TM_Lakes_GEODES_All3_QE-HF_HILICZ-VF1_USHXG01161_NEG_MSMS_72_GEO-TB-8-F_1_Rg70to1050-CE102040-0-1-S1_Run258.mzML after 1 attempts: Mixed polarities detected in scan data,2026-07-07T23:57:25.560000,,,,
20180918_KBL_TM_Lakes_GEODES_All3_QE-HF_HILICZ-VF1_USHXG01161_NEG_MSMS_72_GEO-TB-8-F_1_Rg70to1050-CE102040-0-1-S1_Run258.mzML,/mnt/Volumes/LaCie/nmdc_data/mcmahon_11_fkbnah04/raw/20180918_KBL_TM_Lakes_GEODES_All3_QE-HF_HILICZ-VF1_USHXG01161_NEG_MSMS_72_GEO-TB-8-F_1_Rg70to1050-CE102040-0-1-S1_Run258.mzML,202179446,.mzml,Error processing 20180918_KBL_TM_Lakes_GEODES_All3_QE-HF_HILICZ-VF1_USHXG01161_NEG_MSMS_72_GEO-TB-8-F_1_Rg70to1050-CE102040-0-1-S1_Run258.mzML after 1 attempts: Mixed polarities detected in scan data,2026-07-07T23:57:25.560000,,,,
20181217_KBL_TM_Lakes_Mendota_DepthDate_QE-HF_C18_USDAY46918_POS_MSMS_24_ME-20171004-metabo-24_1_Rg80to1200-CE102040-0p5-S1_Run95.mzML,/mnt/Volumes/LaCie/nmdc_data/mcmahon_11_fkbnah04/raw/20181217_KBL_TM_Lakes_Mendota_DepthDate_QE-HF_C18_USDAY46918_POS_MSMS_24_ME-20171004-metabo-24_1_Rg80to1200-CE102040-0p5-S1_Run95.mzML,90708122,.mzml,Error processing 20181217_KBL_TM_Lakes_Mendota_DepthDate_QE-HF_C18_USDAY46918_POS_MSMS_24_ME-20171004-metabo-24_1_Rg80to1200-CE102040-0p5-S1_Run95.mzML after 1 attempts: Mixed polarities detected in scan data,2026-07-07T23:58:28.720000,,,,
20181217_KBL_TM_Lakes_GEODES_All3_QE-HF_C18_USDAY46918_NEG_MSMS_4_GEO-ME-20-UF_1_Rg80to1200-CE102040-0-7-S1_Run28.mzML,/mnt/Volumes/LaCie/nmdc_data/mcmahon_11_fkbnah04/raw/20181217_KBL_TM_Lakes_GEODES_All3_QE-HF_C18_USDAY46918_NEG_MSMS_4_GEO-ME-20-UF_1_Rg80to1200-CE102040-0-7-S1_Run28.mzML,86654253,.mzml,Error processing 20181217_KBL_TM_Lakes_GEODES_All3_QE-HF_C18_USDAY46918_NEG_MSMS_4_GEO-ME-20-UF_1_Rg80to1200-CE102040-0-7-S1_Run28.mzML after 1 attempts: Mixed polarities detected in scan data,2026-07-07T23:58:12.240000,,,,
20181217_KBL_TM_Lakes_GEODES_All3_QE-HF_C18_USDAY46918_NEG_MSMS_4_GEO-ME-20-UF_1_Rg80to1200-CE102040-0-7-S1_Run28.mzML,/mnt/Volumes/LaCie/nmdc_data/mcmahon_11_fkbnah04/raw/20181217_KBL_TM_Lakes_GEODES_All3_QE-HF_C18_USDAY46918_NEG_MSMS_4_GEO-ME-20-UF_1_Rg80to1200-CE102040-0-7-S1_Run28.mzML,86654253,.mzml,Error processing 20181217_KBL_TM_Lakes_GEODES_All3_QE-HF_C18_USDAY46918_NEG_MSMS_4_GEO-ME-20-UF_1_Rg80to1200-CE102040-0-7-S1_Run28.mzML after 1 attempts: Mixed polarities detected in scan data,2026-07-07T23:58:12.240000,,,,
20181217_KBL_TM_Lakes_Mendota_DepthDate_QE-HF_C18_USDAY46918_POS_MSMS_24_ME-20171004-metabo-24_1_Rg80to1200-CE102040-0p5-S1_Run95.mzML,/mnt/Volumes/LaCie/nmdc_data/mcmahon_11_fkbnah04/raw/20181217_KBL_TM_Lakes_Mendota_DepthDate_QE-HF_C18_USDAY46918_POS_MSMS_24_ME-20171004-metabo-24_1_Rg80to1200-CE102040-0p5-S1_Run95.mzML,90708122,.mzml,Error processing 20181217_KBL_TM_Lakes_Mendota_DepthDate_QE-HF_C18_USDAY46918_POS_MSMS_24_ME-20171004-metabo-24_1_Rg80to1200-CE102040-0p5-S1_Run95.mzML after 1 attempts: Mixed polarities detected in scan data,2026-07-07T23:58:28.720000,,,,
20181217_KBL_TM_Lakes_GEODES_All3_QE-HF_C18_USDAY46918_NEG_MSMS_4_GEO-ME-20-UF_1_Rg80to1200-CE102040-0-7-S1_Run28.mzML,/mnt/Volumes/LaCie/nmdc_data/mcmahon_11_fkbnah04/raw/20181217_KBL_TM_Lakes_GEODES_All3_QE-HF_C18_USDAY46918_NEG_MSMS_4_GEO-ME-20-UF_1_Rg80to1200-CE102040-0-7-S1_Run28.mzML,86654253,.mzml,Error processing 20181217_KBL_TM_Lakes_GEODES_All3_QE-HF_C18_USDAY46918_NEG_MSMS_4_GEO-ME-20-UF_1_Rg80to1200-CE102040-0-7-S1_Run28.mzML after 1 attempts: Mixed polarities detected in scan data,2026-07-07T23:58:12.240000,,,,
20180918_KBL_TM_Lakes_Mendota_DepthDate_QE-139_HILICZ-VF1_USHXG01161_POS_MSMS_24_ME-20171004-metabo-24_1_Rg70to1050-CE102040-0p5-S1_Run95.mzML,/mnt/Volumes/LaCie/nmdc_data/mcmahon_11_fkbnah04/raw/20180918_KBL_TM_Lakes_Mendota_DepthDate_QE-139_HILICZ-VF1_USHXG01161_POS_MSMS_24_ME-20171004-metabo-24_1_Rg70to1050-CE102040-0p5-S1_Run95.mzML,173899909,.mzml,Error processing 20180918_KBL_TM_Lakes_Mendota_DepthDate_QE-139_HILICZ-VF1_USHXG01161_POS_MSMS_24_ME-20171004-metabo-24_1_Rg70to1050-CE102040-0p5-S1_Run95.mzML after 1 attempts: Mixed polarities detected in scan data,2026-07-07T23:57:39.300000,,,,
20180918_KBL_TM_Lakes_Mendota_DepthDate_QE-139_HILICZ-VF1_USHXG01161_POS_MSMS_24_ME-20171004-metabo-24_1_Rg70to1050-CE102040-0p5-S1_Run95.mzML,/mnt/Volumes/LaCie/nmdc_data/mcmahon_11_fkbnah04/raw/20180918_KBL_TM_Lakes_Mendota_DepthDate_QE-139_HILICZ-VF1_USHXG01161_POS_MSMS_24_ME-20171004-metabo-24_1_Rg70to1050-CE102040-0p5-S1_Run95.mzML,173899909,.mzml,Error processing 20180918_KBL_TM_Lakes_Mendota_DepthDate_QE-139_HILICZ-VF1_USHXG01161_POS_MSMS_24_ME-20171004-metabo-24_1_Rg70to1050-CE102040-0p5-S1_Run95.mzML after 1 attempts: Mixed polarities detected in scan data,2026-07-07T23:57:39.300000,,,,
20180918_KBL_TM_Lakes_Mendota_DepthDate_QE-139_HILICZ-VF1_USHXG01161_POS_MSMS_24_ME-20171004-metabo-24_1_Rg70to1050-CE102040-0p5-S1_Run95.mzML,/mnt/Volumes/LaCie/nmdc_data/mcmahon_11_fkbnah04/raw/20180918_KBL_TM_Lakes_Mendota_DepthDate_QE-139_HILICZ-VF1_USHXG01161_POS_MSMS_24_ME-20171004-metabo-24_1_Rg70to1050-CE102040-0p5-S1_Run95.mzML,173899909,.mzml,Error processing 20180918_KBL_TM_Lakes_Mendota_DepthDate_QE-139_HILICZ-VF1_USHXG01161_POS_MSMS_24_ME-20171004-metabo-24_1_Rg70to1050-CE102040-0p5-S1_Run95.mzML after 1 attempts: Mixed polarities detected in scan data,2026-07-07T23:57:39.300000,,,,
20181217_KBL_TM_Lakes_Mendota_DepthDate_QE-HF_C18_USDAY46918_POS_MSMS_24_ME-20171004-metabo-24_1_Rg80to1200-CE102040-0p5-S1_Run95.mzML,/mnt/Volumes/LaCie/nmdc_data/mcmahon_11_fkbnah04/raw/20181217_KBL_TM_Lakes_Mendota_DepthDate_QE-HF_C18_USDAY46918_POS_MSMS_24_ME-20171004-metabo-24_1_Rg80to1200-CE102040-0p5-S1_Run95.mzML,90708122,.mzml,Error processing 20181217_KBL_TM_Lakes_Mendota_DepthDate_QE-HF_C18_USDAY46918_POS_MSMS_24_ME-20171004-metabo-24_1_Rg80to1200-CE102040-0p5-S1_Run95.mzML after 1 attempts: Mixed polarities detected in scan data,2026-07-07T23:58:28.720000,,,,
20181217_KBL_TM_Lakes_GEODES_All3_QE-HF_C18_USDAY46918_NEG_MSMS_64_GEO-TB-20-F_1_Rg80to1200-CE102040-0-1-S1_Run234.mzML,/mnt/Volumes/LaCie/nmdc_data/mcmahon_11_fkbnah04/raw/20181217_KBL_TM_Lakes_GEODES_All3_QE-HF_C18_USDAY46918_NEG_MSMS_64_GEO-TB-20-F_1_Rg80to1200-CE102040-0-1-S1_Run234.mzML,84688328,.mzml,Error processing 20181217_KBL_TM_Lakes_GEODES_All3_QE-HF_C18_USDAY46918_NEG_MSMS_64_GEO-TB-20-F_1_Rg80to1200-CE102040-0-1-S1_Run234.mzML after 1 attempts: Mixed polarities detected in scan data,2026-07-08T00:00:04.670000,,,,
20181217_KBL_TM_Lakes_GEODES_All3_QE-HF_C18_USDAY46918_NEG_MSMS_64_GEO-TB-20-F_1_Rg80to1200-CE102040-0-1-S1_Run234.mzML,/mnt/Volumes/LaCie/nmdc_data/mcmahon_11_fkbnah04/raw/20181217_KBL_TM_Lakes_GEODES_All3_QE-HF_C18_USDAY46918_NEG_MSMS_64_GEO-TB-20-F_1_Rg80to1200-CE102040-0-1-S1_Run234.mzML,84688328,.mzml,Error processing 20181217_KBL_TM_Lakes_GEODES_All3_QE-HF_C18_USDAY46918_NEG_MSMS_64_GEO-TB-20-F_1_Rg80to1200-CE102040-0-1-S1_Run234.mzML after 1 attempts: Mixed polarities detected in scan data,2026-07-08T00:00:04.670000,,,,
20181217_KBL_TM_Lakes_GEODES_All3_QE-HF_C18_USDAY46918_NEG_MSMS_64_GEO-TB-20-F_1_Rg80to1200-CE102040-0-1-S1_Run234.mzML,/mnt/Volumes/LaCie/nmdc_data/mcmahon_11_fkbnah04/raw/20181217_KBL_TM_Lakes_GEODES_All3_QE-HF_C18_USDAY46918_NEG_MSMS_64_GEO-TB-20-F_1_Rg80to1200-CE102040-0-1-S1_Run234.mzML,84688328,.mzml,Error processing 20181217_KBL_TM_Lakes_GEODES_All3_QE-HF_C18_USDAY46918_NEG_MSMS_64_GEO-TB-20-F_1_Rg80to1200-CE102040-0-1-S1_Run234.mzML after 1 attempts: Mixed polarities detected in scan data,2026-07-08T00:00:04.670000,,,,
20181217_KBL_TM_Lakes_GEODES_All3_QE-HF_C18_USDAY46918_NEG_MSMS_48_GEO-ME-8-F_1_Rg80to1200-CE102040-0-7-S1_Run178.mzML,/mnt/Volumes/LaCie/nmdc_data/mcmahon_11_fkbnah04/raw/20181217_KBL_TM_Lakes_GEODES_All3_QE-HF_C18_USDAY46918_NEG_MSMS_48_GEO-ME-8-F_1_Rg80to1200-CE102040-0-7-S1_Run178.mzML,77493391,.mzml,Error processing 20181217_KBL_TM_Lakes_GEODES_All3_QE-HF_C18_USDAY46918_NEG_MSMS_48_GEO-ME-8-F_1_Rg80to1200-CE102040-0-7-S1_Run178.mzML after 1 attempts: Mixed polarities detected in scan data,2026-07-08T00:01:27.520000,,,,
20181217_KBL_TM_Lakes_GEODES_All3_QE-HF_C18_USDAY46918_NEG_MSMS_48_GEO-ME-8-F_1_Rg80to1200-CE102040-0-7-S1_Run178.mzML,/mnt/Volumes/LaCie/nmdc_data/mcmahon_11_fkbnah04/raw/20181217_KBL_TM_Lakes_GEODES_All3_QE-HF_C18_USDAY46918_NEG_MSMS_48_GEO-ME-8-F_1_Rg80to1200-CE102040-0-7-S1_Run178.mzML,77493391,.mzml,Error processing 20181217_KBL_TM_Lakes_GEODES_All3_QE-HF_C18_USDAY46918_NEG_MSMS_48_GEO-ME-8-F_1_Rg80to1200-CE102040-0-7-S1_Run178.mzML after 1 attempts: Mixed polarities detected in scan data,2026-07-08T00:01:27.520000,,,,
20181217_KBL_TM_Lakes_GEODES_All3_QE-HF_C18_USDAY46918_NEG_MSMS_48_GEO-ME-8-F_1_Rg80to1200-CE102040-0-7-S1_Run178.mzML,/mnt/Volumes/LaCie/nmdc_data/mcmahon_11_fkbnah04/raw/20181217_KBL_TM_Lakes_GEODES_All3_QE-HF_C18_USDAY46918_NEG_MSMS_48_GEO-ME-8-F_1_Rg80to1200-CE102040-0-7-S1_Run178.mzML,77493391,.mzml,Error processing 20181217_KBL_TM_Lakes_GEODES_All3_QE-HF_C18_USDAY46918_NEG_MSMS_48_GEO-ME-8-F_1_Rg80to1200-CE102040-0-7-S1_Run178.mzML after 1 attempts: Mixed polarities detected in scan data,2026-07-08T00:01:27.520000,,,,
20181217_KBL_TM_Lakes_GEODES_All3_QE-HF_C18_USDAY46918_POS_MSMS_33_GEO-TB-40-UF_1_Rg80to1200-CE102040-0-1-S1_Run127.mzML,/mnt/Volumes/LaCie/nmdc_data/mcmahon_11_fkbnah04/raw/20181217_KBL_TM_Lakes_GEODES_All3_QE-HF_C18_USDAY46918_POS_MSMS_33_GEO-TB-40-UF_1_Rg80to1200-CE102040-0-1-S1_Run127.mzML,106331735,.mzml,Error processing 20181217_KBL_TM_Lakes_GEODES_All3_QE-HF_C18_USDAY46918_POS_MSMS_33_GEO-TB-40-UF_1_Rg80to1200-CE102040-0-1-S1_Run127.mzML after 1 attempts: Mixed polarities detected in scan data,2026-07-08T00:00:31.680000,,,,
20181217_KBL_TM_Lakes_GEODES_All3_QE-HF_C18_USDAY46918_POS_MSMS_33_GEO-TB-40-UF_1_Rg80to1200-CE102040-0-1-S1_Run127.mzML,/mnt/Volumes/LaCie/nmdc_data/mcmahon_11_fkbnah04/raw/20181217_KBL_TM_Lakes_GEODES_All3_QE-HF_C18_USDAY46918_POS_MSMS_33_GEO-TB-40-UF_1_Rg80to1200-CE102040-0-1-S1_Run127.mzML,106331735,.mzml,Error processing 20181217_KBL_TM_Lakes_GEODES_All3_QE-HF_C18_USDAY46918_POS_MSMS_33_GEO-TB-40-UF_1_Rg80to1200-CE102040-0-1-S1_Run127.mzML after 1 attempts: Mixed polarities detected in scan data,2026-07-08T00:00:31.680000,,,,
20181217_KBL_TM_Lakes_GEODES_All3_QE-HF_C18_USDAY46918_POS_MSMS_33_GEO-TB-40-UF_1_Rg80to1200-CE102040-0-1-S1_Run127.mzML,/mnt/Volumes/LaCie/nmdc_data/mcmahon_11_fkbnah04/raw/20181217_KBL_TM_Lakes_GEODES_All3_QE-HF_C18_USDAY46918_POS_MSMS_33_GEO-TB-40-UF_1_Rg80to1200-CE102040-0-1-S1_Run127.mzML,106331735,.mzml,Error processing 20181217_KBL_TM_Lakes_GEODES_All3_QE-HF_C18_USDAY46918_POS_MSMS_33_GEO-TB-40-UF_1_Rg80to1200-CE102040-0-1-S1_Run127.mzML after 1 attempts: Mixed polarities detected in scan data,2026-07-08T00:00:31.680000,,,,
20180918_KBL_TM_Lakes_GEODES_All3_QE-HF_HILICZ-VF1_USHXG01161_NEG_MSMS_51_GEO-SP-16-F_1_Rg70to1050-CE102040-0-4-S1_Run187.mzML,/mnt/Volumes/LaCie/nmdc_data/mcmahon_11_fkbnah04/raw/20180918_KBL_TM_Lakes_GEODES_All3_QE-HF_HILICZ-VF1_USHXG01161_NEG_MSMS_51_GEO-SP-16-F_1_Rg70to1050-CE102040-0-4-S1_Run187.mzML,178716887,.mzml,Error processing 20180918_KBL_TM_Lakes_GEODES_All3_QE-HF_HILICZ-VF1_USHXG01161_NEG_MSMS_51_GEO-SP-16-F_1_Rg70to1050-CE102040-0-4-S1_Run187.mzML after 1 attempts: Mixed polarities detected in scan data,2026-07-07T23:59:27.450000,,,,
20180918_KBL_TM_Lakes_GEODES_All3_QE-HF_HILICZ-VF1_USHXG01161_NEG_MSMS_51_GEO-SP-16-F_1_Rg70to1050-CE102040-0-4-S1_Run187.mzML,/mnt/Volumes/LaCie/nmdc_data/mcmahon_11_fkbnah04/raw/20180918_KBL_TM_Lakes_GEODES_All3_QE-HF_HILICZ-VF1_USHXG01161_NEG_MSMS_51_GEO-SP-16-F_1_Rg70to1050-CE102040-0-4-S1_Run187.mzML,178716887,.mzml,Error processing 20180918_KBL_TM_Lakes_GEODES_All3_QE-HF_HILICZ-VF1_USHXG01161_NEG_MSMS_51_GEO-SP-16-F_1_Rg70to1050-CE102040-0-4-S1_Run187.mzML after 1 attempts: Mixed polarities detected in scan data,2026-07-07T23:59:27.450000,,,,
20180918_KBL_TM_Lakes_GEODES_All3_QE-HF_HILICZ-VF1_USHXG01161_NEG_MSMS_51_GEO-SP-16-F_1_Rg70to1050-CE102040-0-4-S1_Run187.mzML,/mnt/Volumes/LaCie/nmdc_data/mcmahon_11_fkbnah04/raw/20180918_KBL_TM_Lakes_GEODES_All3_QE-HF_HILICZ-VF1_USHXG01161_NEG_MSMS_51_GEO-SP-16-F_1_Rg70to1050-CE102040-0-4-S1_Run187.mzML,178716887,.mzml,Error processing 20180918_KBL_TM_Lakes_GEODES_All3_QE-HF_HILICZ-VF1_USHXG01161_NEG_MSMS_51_GEO-SP-16-F_1_Rg70to1050-CE102040-0-4-S1_Run187.mzML after 1 attempts: Mixed polarities detected in scan data,2026-07-07T23:59:27.450000,,,,
20181217_KBL_TM_Lakes_GEODES_All3_QE-HF_C18_USDAY46918_NEG_MSMS_56_GEO-SP-36-F_1_Rg80to1200-CE102040-0-4-S1_Run205.mzML,/mnt/Volumes/LaCie/nmdc_data/mcmahon_11_fkbnah04/raw/20181217_KBL_TM_Lakes_GEODES_All3_QE-HF_C18_USDAY46918_NEG_MSMS_56_GEO-SP-36-F_1_Rg80to1200-CE102040-0-4-S1_Run205.mzML,77098679,.mzml,Error processing 20181217_KBL_TM_Lakes_GEODES_All3_QE-HF_C18_USDAY46918_NEG_MSMS_56_GEO-SP-36-F_1_Rg80to1200-CE102040-0-4-S1_Run205.mzML after 1 attempts: Mixed polarities detected in scan data,2026-07-08T00:02:18.020000,,,,
20181217_KBL_TM_Lakes_GEODES_All3_QE-HF_C18_USDAY46918_NEG_MSMS_56_GEO-SP-36-F_1_Rg80to1200-CE102040-0-4-S1_Run205.mzML,/mnt/Volumes/LaCie/nmdc_data/mcmahon_11_fkbnah04/raw/20181217_KBL_TM_Lakes_GEODES_All3_QE-HF_C18_USDAY46918_NEG_MSMS_56_GEO-SP-36-F_1_Rg80to1200-CE102040-0-4-S1_Run205.mzML,77098679,.mzml,Error processing 20181217_KBL_TM_Lakes_GEODES_All3_QE-HF_C18_USDAY46918_NEG_MSMS_56_GEO-SP-36-F_1_Rg80to1200-CE102040-0-4-S1_Run205.mzML after 1 attempts: Mixed polarities detected in scan data,2026-07-08T00:02:18.020000,,,,
20181217_KBL_TM_Lakes_GEODES_All3_QE-HF_C18_USDAY46918_NEG_MSMS_56_GEO-SP-36-F_1_Rg80to1200-CE102040-0-4-S1_Run205.mzML,/mnt/Volumes/LaCie/nmdc_data/mcmahon_11_fkbnah04/raw/20181217_KBL_TM_Lakes_GEODES_All3_QE-HF_C18_USDAY46918_NEG_MSMS_56_GEO-SP-36-F_1_Rg80to1200-CE102040-0-4-S1_Run205.mzML,77098679,.mzml,Error processing 20181217_KBL_TM_Lakes_GEODES_All3_QE-HF_C18_USDAY46918_NEG_MSMS_56_GEO-SP-36-F_1_Rg80to1200-CE102040-0-4-S1_Run205.mzML after 1 attempts: Mixed polarities detected in scan data,2026-07-08T00:02:18.020000,,,,
20181217_KBL_TM_Lakes_GEODES_All3_QE-HF_C18_USDAY46918_POS_MSMS_71_GEO-TB-4-F_1_Rg80to1200-CE102040-0-1-S1_Run254.mzML,/mnt/Volumes/LaCie/nmdc_data/mcmahon_11_fkbnah04/raw/20181217_KBL_TM_Lakes_GEODES_All3_QE-HF_C18_USDAY46918_POS_MSMS_71_GEO-TB-4-F_1_Rg80to1200-CE102040-0-1-S1_Run254.mzML,99712000,.mzml,Error processing 20181217_KBL_TM_Lakes_GEODES_All3_QE-HF_C18_USDAY46918_POS_MSMS_71_GEO-TB-4-F_1_Rg80to1200-CE102040-0-1-S1_Run254.mzML after 1 attempts: Mixed polarities detected in scan data,2026-07-08T00:01:37.900000,,,,
20181217_KBL_TM_Lakes_GEODES_All3_QE-HF_C18_USDAY46918_POS_MSMS_71_GEO-TB-4-F_1_Rg80to1200-CE102040-0-1-S1_Run254.mzML,/mnt/Volumes/LaCie/nmdc_data/mcmahon_11_fkbnah04/raw/20181217_KBL_TM_Lakes_GEODES_All3_QE-HF_C18_USDAY46918_POS_MSMS_71_GEO-TB-4-F_1_Rg80to1200-CE102040-0-1-S1_Run254.mzML,99712000,.mzml,Error processing 20181217_KBL_TM_Lakes_GEODES_All3_QE-HF_C18_USDAY46918_POS_MSMS_71_GEO-TB-4-F_1_Rg80to1200-CE102040-0-1-S1_Run254.mzML after 1 attempts: Mixed polarities detected in scan data,2026-07-08T00:01:37.900000,,,,
20181217_KBL_TM_Lakes_GEODES_All3_QE-HF_C18_USDAY46918_POS_MSMS_71_GEO-TB-4-F_1_Rg80to1200-CE102040-0-1-S1_Run254.mzML,/mnt/Volumes/LaCie/nmdc_data/mcmahon_11_fkbnah04/raw/20181217_KBL_TM_Lakes_GEODES_All3_QE-HF_C18_USDAY46918_POS_MSMS_71_GEO-TB-4-F_1_Rg80to1200-CE102040-0-1-S1_Run254.mzML,99712000,.mzml,Error processing 20181217_KBL_TM_Lakes_GEODES_All3_QE-HF_C18_USDAY46918_POS_MSMS_71_GEO-TB-4-F_1_Rg80to1200-CE102040-0-1-S1_Run254.mzML after 1 attempts: Mixed polarities detected in scan data,2026-07-08T00:01:37.900000,,,,
20181217_KBL_TM_Lakes_GEODES_All3_QE-HF_C18_USDAY46918_NEG_MSMS_26_GEO-TB-12-UF_1_Rg80to1200-CE102040-0-1-S1_Run102.mzML,/mnt/Volumes/LaCie/nmdc_data/mcmahon_11_fkbnah04/raw/20181217_KBL_TM_Lakes_GEODES_All3_QE-HF_C18_USDAY46918_NEG_MSMS_26_GEO-TB-12-UF_1_Rg80to1200-CE102040-0-1-S1_Run102.mzML,91594043,.mzml,Error processing 20181217_KBL_TM_Lakes_GEODES_All3_QE-HF_C18_USDAY46918_NEG_MSMS_26_GEO-TB-12-UF_1_Rg80to1200-CE102040-0-1-S1_Run102.mzML after 1 attempts: Mixed polarities detected in scan data,2026-07-08T00:02:38.630000,,,,
20181217_KBL_TM_Lakes_GEODES_All3_QE-HF_C18_USDAY46918_NEG_MSMS_26_GEO-TB-12-UF_1_Rg80to1200-CE102040-0-1-S1_Run102.mzML,/mnt/Volumes/LaCie/nmdc_data/mcmahon_11_fkbnah04/raw/20181217_KBL_TM_Lakes_GEODES_All3_QE-HF_C18_USDAY46918_NEG_MSMS_26_GEO-TB-12-UF_1_Rg80to1200-CE102040-0-1-S1_Run102.mzML,91594043,.mzml,Error processing 20181217_KBL_TM_Lakes_GEODES_All3_QE-HF_C18_USDAY46918_NEG_MSMS_26_GEO-TB-12-UF_1_Rg80to1200-CE102040-0-1-S1_Run102.mzML after 1 attempts: Mixed polarities detected in scan data,2026-07-08T00:02:38.630000,,,,
20181217_KBL_TM_Lakes_GEODES_All3_QE-HF_C18_USDAY46918_NEG_MSMS_26_GEO-TB-12-UF_1_Rg80to1200-CE102040-0-1-S1_Run102.mzML,/mnt/Volumes/LaCie/nmdc_data/mcmahon_11_fkbnah04/raw/20181217_KBL_TM_Lakes_GEODES_All3_QE-HF_C18_USDAY46918_NEG_MSMS_26_GEO-TB-12-UF_1_Rg80to1200-CE102040-0-1-S1_Run102.mzML,91594043,.mzml,Error processing 20181217_KBL_TM_Lakes_GEODES_All3_QE-HF_C18_USDAY46918_NEG_MSMS_26_GEO-TB-12-UF_1_Rg80to1200-CE102040-0-1-S1_Run102.mzML after 1 attempts: Mixed polarities detected in scan data,2026-07-08T00:02:38.630000,,,,
20181217_KBL_TM_Lakes_GEODES_All3_QE-HF_C18_USDAY46918_POS_MSMS_58_GEO-SP-44-F_1_Rg80to1200-CE102040-0-4-S1_Run210.mzML,/mnt/Volumes/LaCie/nmdc_data/mcmahon_11_fkbnah04/raw/20181217_KBL_TM_Lakes_GEODES_All3_QE-HF_C18_USDAY46918_POS_MSMS_58_GEO-SP-44-F_1_Rg80to1200-CE102040-0-4-S1_Run210.mzML,98757954,.mzml,Error processing 20181217_KBL_TM_Lakes_GEODES_All3_QE-HF_C18_USDAY46918_POS_MSMS_58_GEO-SP-44-F_1_Rg80to1200-CE102040-0-4-S1_Run210.mzML after 1 attempts: Mixed polarities detected in scan data,2026-07-08T00:02:49.480000,,,,
20181217_KBL_TM_Lakes_GEODES_All3_QE-HF_C18_USDAY46918_POS_MSMS_58_GEO-SP-44-F_1_Rg80to1200-CE102040-0-4-S1_Run210.mzML,/mnt/Volumes/LaCie/nmdc_data/mcmahon_11_fkbnah04/raw/20181217_KBL_TM_Lakes_GEODES_All3_QE-HF_C18_USDAY46918_POS_MSMS_58_GEO-SP-44-F_1_Rg80to1200-CE102040-0-4-S1_Run210.mzML,98757954,.mzml,Error processing 20181217_KBL_TM_Lakes_GEODES_All3_QE-HF_C18_USDAY46918_POS_MSMS_58_GEO-SP-44-F_1_Rg80to1200-CE102040-0-4-S1_Run210.mzML after 1 attempts: Mixed polarities detected in scan data,2026-07-08T00:02:49.480000,,,,
20181217_KBL_TM_Lakes_GEODES_All3_QE-HF_C18_USDAY46918_POS_MSMS_58_GEO-SP-44-F_1_Rg80to1200-CE102040-0-4-S1_Run210.mzML,/mnt/Volumes/LaCie/nmdc_data/mcmahon_11_fkbnah04/raw/20181217_KBL_TM_Lakes_GEODES_All3_QE-HF_C18_USDAY46918_POS_MSMS_58_GEO-SP-44-F_1_Rg80to1200-CE102040-0-4-S1_Run210.mzML,98757954,.mzml,Error processing 20181217_KBL_TM_Lakes_GEODES_All3_QE-HF_C18_USDAY46918_POS_MSMS_58_GEO-SP-44-F_1_Rg80to1200-CE102040-0-4-S1_Run210.mzML after 1 attempts: Mixed polarities detected in scan data,2026-07-08T00:02:49.480000,,,,
20181217_KBL_TM_Lakes_GEODES_All3_QE-HF_C18_USDAY46918_POS_MSMS_37_GEO-ME-0-F_1_Rg80to1200-CE102040-0-7-S1_Run139.mzML,/mnt/Volumes/LaCie/nmdc_data/mcmahon_11_fkbnah04/raw/20181217_KBL_TM_Lakes_GEODES_All3_QE-HF_C18_USDAY46918_POS_MSMS_37_GEO-ME-0-F_1_Rg80to1200-CE102040-0-7-S1_Run139.mzML,100298055,.mzml,Error processing 20181217_KBL_TM_Lakes_GEODES_All3_QE-HF_C18_USDAY46918_POS_MSMS_37_GEO-ME-0-F_1_Rg80to1200-CE102040-0-7-S1_Run139.mzML after 1 attempts: Mixed polarities detected in scan data,2026-07-08T00:03:56.460000,,,,
20181217_KBL_TM_Lakes_GEODES_All3_QE-HF_C18_USDAY46918_POS_MSMS_37_GEO-ME-0-F_1_Rg80to1200-CE102040-0-7-S1_Run139.mzML,/mnt/Volumes/LaCie/nmdc_data/mcmahon_11_fkbnah04/raw/20181217_KBL_TM_Lakes_GEODES_All3_QE-HF_C18_USDAY46918_POS_MSMS_37_GEO-ME-0-F_1_Rg80to1200-CE102040-0-7-S1_Run139.mzML,100298055,.mzml,Error processing 20181217_KBL_TM_Lakes_GEODES_All3_QE-HF_C18_USDAY46918_POS_MSMS_37_GEO-ME-0-F_1_Rg80to1200-CE102040-0-7-S1_Run139.mzML after 1 attempts: Mixed polarities detected in scan data,2026-07-08T00:03:56.460000,,,,
20181217_KBL_TM_Lakes_GEODES_All3_QE-HF_C18_USDAY46918_POS_MSMS_37_GEO-ME-0-F_1_Rg80to1200-CE102040-0-7-S1_Run139.mzML,/mnt/Volumes/LaCie/nmdc_data/mcmahon_11_fkbnah04/raw/20181217_KBL_TM_Lakes_GEODES_All3_QE-HF_C18_USDAY46918_POS_MSMS_37_GEO-ME-0-F_1_Rg80to1200-CE102040-0-7-S1_Run139.mzML,100298055,.mzml,Error processing 20181217_KBL_TM_Lakes_GEODES_All3_QE-HF_C18_USDAY46918_POS_MSMS_37_GEO-ME-0-F_1_Rg80to1200-CE102040-0-7-S1_Run139.mzML after 1 attempts: Mixed polarities detected in scan data,2026-07-08T00:03:56.460000,,,,
20181217_KBL_TM_Lakes_GEODES_All3_QE-HF_C18_USDAY46918_POS_MSMS_56_GEO-SP-36-F_1_Rg80to1200-CE102040-0-4-S1_Run204.mzML,/mnt/Volumes/LaCie/nmdc_data/mcmahon_11_fkbnah04/raw/20181217_KBL_TM_Lakes_GEODES_All3_QE-HF_C18_USDAY46918_POS_MSMS_56_GEO-SP-36-F_1_Rg80to1200-CE102040-0-4-S1_Run204.mzML,96726197,.mzml,Error processing 20181217_KBL_TM_Lakes_GEODES_All3_QE-HF_C18_USDAY46918_POS_MSMS_56_GEO-SP-36-F_1_Rg80to1200-CE102040-0-4-S1_Run204.mzML after 1 attempts: Mixed polarities detected in scan data,2026-07-08T00:04:13.950000,,,,
20181217_KBL_TM_Lakes_GEODES_All3_QE-HF_C18_USDAY46918_POS_MSMS_56_GEO-SP-36-F_1_Rg80to1200-CE102040-0-4-S1_Run204.mzML,/mnt/Volumes/LaCie/nmdc_data/mcmahon_11_fkbnah04/raw/20181217_KBL_TM_Lakes_GEODES_All3_QE-HF_C18_USDAY46918_POS_MSMS_56_GEO-SP-36-F_1_Rg80to1200-CE102040-0-4-S1_Run204.mzML,96726197,.mzml,Error processing 20181217_KBL_TM_Lakes_GEODES_All3_QE-HF_C18_USDAY46918_POS_MSMS_56_GEO-SP-36-F_1_Rg80to1200-CE102040-0-4-S1_Run204.mzML after 1 attempts: Mixed polarities detected in scan data,2026-07-08T00:04:13.950000,,,,
20181217_KBL_TM_Lakes_GEODES_All3_QE-HF_C18_USDAY46918_POS_MSMS_56_GEO-SP-36-F_1_Rg80to1200-CE102040-0-4-S1_Run204.mzML,/mnt/Volumes/LaCie/nmdc_data/mcmahon_11_fkbnah04/raw/20181217_KBL_TM_Lakes_GEODES_All3_QE-HF_C18_USDAY46918_POS_MSMS_56_GEO-SP-36-F_1_Rg80to1200-CE102040-0-4-S1_Run204.mzML,96726197,.mzml,Error processing 20181217_KBL_TM_Lakes_GEODES_All3_QE-HF_C18_USDAY46918_POS_MSMS_56_GEO-SP-36-F_1_Rg80to1200-CE102040-0-4-S1_Run204.mzML after 1 attempts: Mixed polarities detected in scan data,2026-07-08T00:04:13.950000,,,,
20181217_KBL_TM_Lakes_GEODES_All3_QE-HF_C18_USDAY46918_POS_MSMS_69_GEO-TB-40-F_1_Rg80to1200-CE102040-0-1-S1_Run248.mzML,/mnt/Volumes/LaCie/nmdc_data/mcmahon_11_fkbnah04/raw/20181217_KBL_TM_Lakes_GEODES_All3_QE-HF_C18_USDAY46918_POS_MSMS_69_GEO-TB-40-F_1_Rg80to1200-CE102040-0-1-S1_Run248.mzML,100391083,.mzml,Error processing 20181217_KBL_TM_Lakes_GEODES_All3_QE-HF_C18_USDAY46918_POS_MSMS_69_GEO-TB-40-F_1_Rg80to1200-CE102040-0-1-S1_Run248.mzML after 1 attempts: Mixed polarities detected in scan data,2026-07-08T00:04:48.990000,,,,
20181217_KBL_TM_Lakes_GEODES_All3_QE-HF_C18_USDAY46918_POS_MSMS_69_GEO-TB-40-F_1_Rg80to1200-CE102040-0-1-S1_Run248.mzML,/mnt/Volumes/LaCie/nmdc_data/mcmahon_11_fkbnah04/raw/20181217_KBL_TM_Lakes_GEODES_All3_QE-HF_C18_USDAY46918_POS_MSMS_69_GEO-TB-40-F_1_Rg80to1200-CE102040-0-1-S1_Run248.mzML,100391083,.mzml,Error processing 20181217_KBL_TM_Lakes_GEODES_All3_QE-HF_C18_USDAY46918_POS_MSMS_69_GEO-TB-40-F_1_Rg80to1200-CE102040-0-1-S1_Run248.mzML after 1 attempts: Mixed polarities detected in scan data,2026-07-08T00:04:48.990000,,,,
20181217_KBL_TM_Lakes_GEODES_All3_QE-HF_C18_USDAY46918_POS_MSMS_69_GEO-TB-40-F_1_Rg80to1200-CE102040-0-1-S1_Run248.mzML,/mnt/Volumes/LaCie/nmdc_data/mcmahon_11_fkbnah04/raw/20181217_KBL_TM_Lakes_GEODES_All3_QE-HF_C18_USDAY46918_POS_MSMS_69_GEO-TB-40-F_1_Rg80to1200-CE102040-0-1-S1_Run248.mzML,100391083,.mzml,Error processing 20181217_KBL_TM_Lakes_GEODES_All3_QE-HF_C18_USDAY46918_POS_MSMS_69_GEO-TB-40-F_1_Rg80to1200-CE102040-0-1-S1_Run248.mzML after 1 attempts: Mixed polarities detected in scan data,2026-07-08T00:04:48.990000,,,,
20181217_KBL_TM_Lakes_GEODES_All3_QE-HF_C18_USDAY46918_NEG_MSMS_51_GEO-SP-16-F_1_Rg80to1200-CE102040-0-4-S1_Run187.mzML,/mnt/Volumes/LaCie/nmdc_data/mcmahon_11_fkbnah04/raw/20181217_KBL_TM_Lakes_GEODES_All3_QE-HF_C18_USDAY46918_NEG_MSMS_51_GEO-SP-16-F_1_Rg80to1200-CE102040-0-4-S1_Run187.mzML,79041283,.mzml,Error processing 20181217_KBL_TM_Lakes_GEODES_All3_QE-HF_C18_USDAY46918_NEG_MSMS_51_GEO-SP-16-F_1_Rg80to1200-CE102040-0-4-S1_Run187.mzML after 1 attempts: Mixed polarities detected in scan data,2026-07-08T00:04:56.730000,,,,
20181217_KBL_TM_Lakes_GEODES_All3_QE-HF_C18_USDAY46918_NEG_MSMS_51_GEO-SP-16-F_1_Rg80to1200-CE102040-0-4-S1_Run187.mzML,/mnt/Volumes/LaCie/nmdc_data/mcmahon_11_fkbnah04/raw/20181217_KBL_TM_Lakes_GEODES_All3_QE-HF_C18_USDAY46918_NEG_MSMS_51_GEO-SP-16-F_1_Rg80to1200-CE102040-0-4-S1_Run187.mzML,79041283,.mzml,Error processing 20181217_KBL_TM_Lakes_GEODES_All3_QE-HF_C18_USDAY46918_NEG_MSMS_51_GEO-SP-16-F_1_Rg80to1200-CE102040-0-4-S1_Run187.mzML after 1 attempts: Mixed polarities detected in scan data,2026-07-08T00:04:56.730000,,,,
20181217_KBL_TM_Lakes_GEODES_All3_QE-HF_C18_USDAY46918_NEG_MSMS_51_GEO-SP-16-F_1_Rg80to1200-CE102040-0-4-S1_Run187.mzML,/mnt/Volumes/LaCie/nmdc_data/mcmahon_11_fkbnah04/raw/20181217_KBL_TM_Lakes_GEODES_All3_QE-HF_C18_USDAY46918_NEG_MSMS_51_GEO-SP-16-F_1_Rg80to1200-CE102040-0-4-S1_Run187.mzML,79041283,.mzml,Error processing 20181217_KBL_TM_Lakes_GEODES_All3_QE-HF_C18_USDAY46918_NEG_MSMS_51_GEO-SP-16-F_1_Rg80to1200-CE102040-0-4-S1_Run187.mzML after 1 attempts: Mixed polarities detected in scan data,2026-07-08T00:04:56.730000,,,,
20180918_KBL_TM_Lakes_GEODES_All3_QE-HF_HILICZ-VF1_USHXG01161_NEG_MSMS_16_GEO-SP-20-UF_1_Rg70to1050-CE102040-0-4-S1_Run69.mzML,/mnt/Volumes/LaCie/nmdc_data/mcmahon_11_fkbnah04/raw/20180918_KBL_TM_Lakes_GEODES_All3_QE-HF_HILICZ-VF1_USHXG01161_NEG_MSMS_16_GEO-SP-20-UF_1_Rg70to1050-CE102040-0-4-S1_Run69.mzML,177472943,.mzml,Error processing 20180918_KBL_TM_Lakes_GEODES_All3_QE-HF_HILICZ-VF1_USHXG01161_NEG_MSMS_16_GEO-SP-20-UF_1_Rg70to1050-CE102040-0-4-S1_Run69.mzML after 1 attempts: Mixed polarities detected in scan data,2026-07-08T00:04:28.650000,,,,
20180918_KBL_TM_Lakes_GEODES_All3_QE-HF_HILICZ-VF1_USHXG01161_NEG_MSMS_16_GEO-SP-20-UF_1_Rg70to1050-CE102040-0-4-S1_Run69.mzML,/mnt/Volumes/LaCie/nmdc_data/mcmahon_11_fkbnah04/raw/20180918_KBL_TM_Lakes_GEODES_All3_QE-HF_HILICZ-VF1_USHXG01161_NEG_MSMS_16_GEO-SP-20-UF_1_Rg70to1050-CE102040-0-4-S1_Run69.mzML,177472943,.mzml,Error processing 20180918_KBL_TM_Lakes_GEODES_All3_QE-HF_HILICZ-VF1_USHXG01161_NEG_MSMS_16_GEO-SP-20-UF_1_Rg70to1050-CE102040-0-4-S1_Run69.mzML after 1 attempts: Mixed polarities detected in scan data,2026-07-08T00:04:28.650000,,,,
20180918_KBL_TM_Lakes_GEODES_All3_QE-HF_HILICZ-VF1_USHXG01161_NEG_MSMS_16_GEO-SP-20-UF_1_Rg70to1050-CE102040-0-4-S1_Run69.mzML,/mnt/Volumes/LaCie/nmdc_data/mcmahon_11_fkbnah04/raw/20180918_KBL_TM_Lakes_GEODES_All3_QE-HF_HILICZ-VF1_USHXG01161_NEG_MSMS_16_GEO-SP-20-UF_1_Rg70to1050-CE102040-0-4-S1_Run69.mzML,177472943,.mzml,Error processing 20180918_KBL_TM_Lakes_GEODES_All3_QE-HF_HILICZ-VF1_USHXG01161_NEG_MSMS_16_GEO-SP-20-UF_1_Rg70to1050-CE102040-0-4-S1_Run69.mzML after 1 attempts: Mixed polarities detected in scan data,2026-07-08T00:04:28.650000,,,,
20181217_KBL_TM_Lakes_GEODES_All3_QE-HF_C18_USDAY46918_NEG_MSMS_35_GEO-TB-4-UF_1_Rg80to1200-CE102040-0-1-S1_Run134.mzML,/mnt/Volumes/LaCie/nmdc_data/mcmahon_11_fkbnah04/raw/20181217_KBL_TM_Lakes_GEODES_All3_QE-HF_C18_USDAY46918_NEG_MSMS_35_GEO-TB-4-UF_1_Rg80to1200-CE102040-0-1-S1_Run134.mzML,91513913,.mzml,Error processing 20181217_KBL_TM_Lakes_GEODES_All3_QE-HF_C18_USDAY46918_NEG_MSMS_35_GEO-TB-4-UF_1_Rg80to1200-CE102040-0-1-S1_Run134.mzML after 1 attempts: Mixed polarities detected in scan data,2026-07-08T00:05:04.950000,,,,
20181217_KBL_TM_Lakes_GEODES_All3_QE-HF_C18_USDAY46918_NEG_MSMS_35_GEO-TB-4-UF_1_Rg80to1200-CE102040-0-1-S1_Run134.mzML,/mnt/Volumes/LaCie/nmdc_data/mcmahon_11_fkbnah04/raw/20181217_KBL_TM_Lakes_GEODES_All3_QE-HF_C18_USDAY46918_NEG_MSMS_35_GEO-TB-4-UF_1_Rg80to1200-CE102040-0-1-S1_Run134.mzML,91513913,.mzml,Error processing 20181217_KBL_TM_Lakes_GEODES_All3_QE-HF_C18_USDAY46918_NEG_MSMS_35_GEO-TB-4-UF_1_Rg80to1200-CE102040-0-1-S1_Run134.mzML after 1 attempts: Mixed polarities detected in scan data,2026-07-08T00:05:04.950000,,,,
20181217_KBL_TM_Lakes_GEODES_All3_QE-HF_C18_USDAY46918_NEG_MSMS_35_GEO-TB-4-UF_1_Rg80to1200-CE102040-0-1-S1_Run134.mzML,/mnt/Volumes/LaCie/nmdc_data/mcmahon_11_fkbnah04/raw/20181217_KBL_TM_Lakes_GEODES_All3_QE-HF_C18_USDAY46918_NEG_MSMS_35_GEO-TB-4-UF_1_Rg80to1200-CE102040-0-1-S1_Run134.mzML,91513913,.mzml,Error processing 20181217_KBL_TM_Lakes_GEODES_All3_QE-HF_C18_USDAY46918_NEG_MSMS_35_GEO-TB-4-UF_1_Rg80to1200-CE102040-0-1-S1_Run134.mzML after 1 attempts: Mixed polarities detected in scan data,2026-07-08T00:05:04.950000,,,,
20181217_KBL_TM_Lakes_Mendota_DepthDate_QE-HF_C18_USDAY46918_NEG_MSMS_8_ME-20170811-metabo-8_1_Rg80to1200-CE102040-0p5-S1_Run37.mzML,/mnt/Volumes/LaCie/nmdc_data/mcmahon_11_fkbnah04/raw/20181217_KBL_TM_Lakes_Mendota_DepthDate_QE-HF_C18_USDAY46918_NEG_MSMS_8_ME-20170811-metabo-8_1_Rg80to1200-CE102040-0p5-S1_Run37.mzML,76474800,.mzml,Error processing 20181217_KBL_TM_Lakes_Mendota_DepthDate_QE-HF_C18_USDAY46918_NEG_MSMS_8_ME-20170811-metabo-8_1_Rg80to1200-CE102040-0p5-S1_Run37.mzML after 1 attempts: Mixed polarities detected in scan data,2026-07-08T00:05:47.960000,,,,
20181217_KBL_TM_Lakes_Mendota_DepthDate_QE-HF_C18_USDAY46918_NEG_MSMS_8_ME-20170811-metabo-8_1_Rg80to1200-CE102040-0p5-S1_Run37.mzML,/mnt/Volumes/LaCie/nmdc_data/mcmahon_11_fkbnah04/raw/20181217_KBL_TM_Lakes_Mendota_DepthDate_QE-HF_C18_USDAY46918_NEG_MSMS_8_ME-20170811-metabo-8_1_Rg80to1200-CE102040-0p5-S1_Run37.mzML,76474800,.mzml,Error processing 20181217_KBL_TM_Lakes_Mendota_DepthDate_QE-HF_C18_USDAY46918_NEG_MSMS_8_ME-20170811-metabo-8_1_Rg80to1200-CE102040-0p5-S1_Run37.mzML after 1 attempts: Mixed polarities detected in scan data,2026-07-08T00:05:47.960000,,,,
20181217_KBL_TM_Lakes_Mendota_DepthDate_QE-HF_C18_USDAY46918_NEG_MSMS_8_ME-20170811-metabo-8_1_Rg80to1200-CE102040-0p5-S1_Run37.mzML,/mnt/Volumes/LaCie/nmdc_data/mcmahon_11_fkbnah04/raw/20181217_KBL_TM_Lakes_Mendota_DepthDate_QE-HF_C18_USDAY46918_NEG_MSMS_8_ME-20170811-metabo-8_1_Rg80to1200-CE102040-0p5-S1_Run37.mzML,76474800,.mzml,Error processing 20181217_KBL_TM_Lakes_Mendota_DepthDate_QE-HF_C18_USDAY46918_NEG_MSMS_8_ME-20170811-metabo-8_1_Rg80to1200-CE102040-0p5-S1_Run37.mzML after 1 attempts: Mixed polarities detected in scan data,2026-07-08T00:05:47.960000,,,,
20181217_KBL_TM_Lakes_GEODES_All3_QE-HF_C18_USDAY46918_POS_MSMS_57_GEO-SP-40-F_1_Rg80to1200-CE102040-0-4-S1_Run207.mzML,/mnt/Volumes/LaCie/nmdc_data/mcmahon_11_fkbnah04/raw/20181217_KBL_TM_Lakes_GEODES_All3_QE-HF_C18_USDAY46918_POS_MSMS_57_GEO-SP-40-F_1_Rg80to1200-CE102040-0-4-S1_Run207.mzML,97759403,.mzml,Error processing 20181217_KBL_TM_Lakes_GEODES_All3_QE-HF_C18_USDAY46918_POS_MSMS_57_GEO-SP-40-F_1_Rg80to1200-CE102040-0-4-S1_Run207.mzML after 1 attempts: Mixed polarities detected in scan data,2026-07-08T00:05:57.890000,,,,
20181217_KBL_TM_Lakes_GEODES_All3_QE-HF_C18_USDAY46918_POS_MSMS_57_GEO-SP-40-F_1_Rg80to1200-CE102040-0-4-S1_Run207.mzML,/mnt/Volumes/LaCie/nmdc_data/mcmahon_11_fkbnah04/raw/20181217_KBL_TM_Lakes_GEODES_All3_QE-HF_C18_USDAY46918_POS_MSMS_57_GEO-SP-40-F_1_Rg80to1200-CE102040-0-4-S1_Run207.mzML,97759403,.mzml,Error processing 20181217_KBL_TM_Lakes_GEODES_All3_QE-HF_C18_USDAY46918_POS_MSMS_57_GEO-SP-40-F_1_Rg80to1200-CE102040-0-4-S1_Run207.mzML after 1 attempts: Mixed polarities detected in scan data,2026-07-08T00:05:57.890000,,,,
20181217_KBL_TM_Lakes_GEODES_All3_QE-HF_C18_USDAY46918_POS_MSMS_57_GEO-SP-40-F_1_Rg80to1200-CE102040-0-4-S1_Run207.mzML,/mnt/Volumes/LaCie/nmdc_data/mcmahon_11_fkbnah04/raw/20181217_KBL_TM_Lakes_GEODES_All3_QE-HF_C18_USDAY46918_POS_MSMS_57_GEO-SP-40-F_1_Rg80to1200-CE102040-0-4-S1_Run207.mzML,97759403,.mzml,Error processing 20181217_KBL_TM_Lakes_GEODES_All3_QE-HF_C18_USDAY46918_POS_MSMS_57_GEO-SP-40-F_1_Rg80to1200-CE102040-0-4-S1_Run207.mzML after 1 attempts: Mixed polarities detected in scan data,2026-07-08T00:05:57.890000,,,,
20180918_KBL_TM_Lakes_GEODES_All3_QE-HF_HILICZ-VF1_USHXG01161_POS_MSMS_50_GEO-SP-12-F_1_Rg70to1050-CE102040-0-4-S1_Run183.mzML,/mnt/Volumes/LaCie/nmdc_data/mcmahon_11_fkbnah04/raw/20180918_KBL_TM_Lakes_GEODES_All3_QE-HF_HILICZ-VF1_USHXG01161_POS_MSMS_50_GEO-SP-12-F_1_Rg70to1050-CE102040-0-4-S1_Run183.mzML,179004333,.mzml,Error processing 20180918_KBL_TM_Lakes_GEODES_All3_QE-HF_HILICZ-VF1_USHXG01161_POS_MSMS_50_GEO-SP-12-F_1_Rg70to1050-CE102040-0-4-S1_Run183.mzML after 1 attempts: Mixed polarities detected in scan data,2026-07-08T00:05:20.240000,,,,
20180918_KBL_TM_Lakes_GEODES_All3_QE-HF_HILICZ-VF1_USHXG01161_POS_MSMS_50_GEO-SP-12-F_1_Rg70to1050-CE102040-0-4-S1_Run183.mzML,/mnt/Volumes/LaCie/nmdc_data/mcmahon_11_fkbnah04/raw/20180918_KBL_TM_Lakes_GEODES_All3_QE-HF_HILICZ-VF1_USHXG01161_POS_MSMS_50_GEO-SP-12-F_1_Rg70to1050-CE102040-0-4-S1_Run183.mzML,179004333,.mzml,Error processing 20180918_KBL_TM_Lakes_GEODES_All3_QE-HF_HILICZ-VF1_USHXG01161_POS_MSMS_50_GEO-SP-12-F_1_Rg70to1050-CE102040-0-4-S1_Run183.mzML after 1 attempts: Mixed polarities detected in scan data,2026-07-08T00:05:20.240000,,,,
20180918_KBL_TM_Lakes_GEODES_All3_QE-HF_HILICZ-VF1_USHXG01161_POS_MSMS_50_GEO-SP-12-F_1_Rg70to1050-CE102040-0-4-S1_Run183.mzML,/mnt/Volumes/LaCie/nmdc_data/mcmahon_11_fkbnah04/raw/20180918_KBL_TM_Lakes_GEODES_All3_QE-HF_HILICZ-VF1_USHXG01161_POS_MSMS_50_GEO-SP-12-F_1_Rg70to1050-CE102040-0-4-S1_Run183.mzML,179004333,.mzml,Error processing 20180918_KBL_TM_Lakes_GEODES_All3_QE-HF_HILICZ-VF1_USHXG01161_POS_MSMS_50_GEO-SP-12-F_1_Rg70to1050-CE102040-0-4-S1_Run183.mzML after 1 attempts: Mixed polarities detected in scan data,2026-07-08T00:05:20.240000,,,,
20180918_KBL_TM_Lakes_GEODES_All3_QE-HF_HILICZ-VF1_USHXG01161_POS_MSMS_14_GEO-SP-12-UF_1_Rg70to1050-CE102040-0-4-S1_Run57.mzML,/mnt/Volumes/LaCie/nmdc_data/mcmahon_11_fkbnah04/raw/20180918_KBL_TM_Lakes_GEODES_All3_QE-HF_HILICZ-VF1_USHXG01161_POS_MSMS_14_GEO-SP-12-UF_1_Rg70to1050-CE102040-0-4-S1_Run57.mzML,175848221,.mzml,Error processing 20180918_KBL_TM_Lakes_GEODES_All3_QE-HF_HILICZ-VF1_USHXG01161_POS_MSMS_14_GEO-SP-12-UF_1_Rg70to1050-CE102040-0-4-S1_Run57.mzML after 1 attempts: Mixed polarities detected in scan data,2026-07-08T00:06:21.240000,,,,
20180918_KBL_TM_Lakes_GEODES_All3_QE-HF_HILICZ-VF1_USHXG01161_POS_MSMS_14_GEO-SP-12-UF_1_Rg70to1050-CE102040-0-4-S1_Run57.mzML,/mnt/Volumes/LaCie/nmdc_data/mcmahon_11_fkbnah04/raw/20180918_KBL_TM_Lakes_GEODES_All3_QE-HF_HILICZ-VF1_USHXG01161_POS_MSMS_14_GEO-SP-12-UF_1_Rg70to1050-CE102040-0-4-S1_Run57.mzML,175848221,.mzml,Error processing 20180918_KBL_TM_Lakes_GEODES_All3_QE-HF_HILICZ-VF1_USHXG01161_POS_MSMS_14_GEO-SP-12-UF_1_Rg70to1050-CE102040-0-4-S1_Run57.mzML after 1 attempts: Mixed polarities detected in scan data,2026-07-08T00:06:21.240000,,,,
20180918_KBL_TM_Lakes_GEODES_All3_QE-HF_HILICZ-VF1_USHXG01161_POS_MSMS_14_GEO-SP-12-UF_1_Rg70to1050-CE102040-0-4-S1_Run57.mzML,/mnt/Volumes/LaCie/nmdc_data/mcmahon_11_fkbnah04/raw/20180918_KBL_TM_Lakes_GEODES_All3_QE-HF_HILICZ-VF1_USHXG01161_POS_MSMS_14_GEO-SP-12-UF_1_Rg70to1050-CE102040-0-4-S1_Run57.mzML,175848221,.mzml,Error processing 20180918_KBL_TM_Lakes_GEODES_All3_QE-HF_HILICZ-VF1_USHXG01161_POS_MSMS_14_GEO-SP-12-UF_1_Rg70to1050-CE102040-0-4-S1_Run57.mzML after 1 attempts: Mixed polarities detected in scan data,2026-07-08T00:06:21.240000,,,,
20181217_KBL_TM_Lakes_GEODES_All3_QE-HF_C18_USDAY46918_POS_MSMS_16_GEO-SP-20-UF_1_Rg80to1200-CE102040-0-4-S1_Run68.mzML,/mnt/Volumes/LaCie/nmdc_data/mcmahon_11_fkbnah04/raw/20181217_KBL_TM_Lakes_GEODES_All3_QE-HF_C18_USDAY46918_POS_MSMS_16_GEO-SP-20-UF_1_Rg80to1200-CE102040-0-4-S1_Run68.mzML,103836424,.mzml,Error processing 20181217_KBL_TM_Lakes_GEODES_All3_QE-HF_C18_USDAY46918_POS_MSMS_16_GEO-SP-20-UF_1_Rg80to1200-CE102040-0-4-S1_Run68.mzML after 1 attempts: Mixed polarities detected in scan data,2026-07-08T00:07:59.760000,,,,
20181217_KBL_TM_Lakes_GEODES_All3_QE-HF_C18_USDAY46918_POS_MSMS_16_GEO-SP-20-UF_1_Rg80to1200-CE102040-0-4-S1_Run68.mzML,/mnt/Volumes/LaCie/nmdc_data/mcmahon_11_fkbnah04/raw/20181217_KBL_TM_Lakes_GEODES_All3_QE-HF_C18_USDAY46918_POS_MSMS_16_GEO-SP-20-UF_1_Rg80to1200-CE102040-0-4-S1_Run68.mzML,103836424,.mzml,Error processing 20181217_KBL_TM_Lakes_GEODES_All3_QE-HF_C18_USDAY46918_POS_MSMS_16_GEO-SP-20-UF_1_Rg80to1200-CE102040-0-4-S1_Run68.mzML after 1 attempts: Mixed polarities detected in scan data,2026-07-08T00:07:59.760000,,,,
20181217_KBL_TM_Lakes_GEODES_All3_QE-HF_C18_USDAY46918_POS_MSMS_16_GEO-SP-20-UF_1_Rg80to1200-CE102040-0-4-S1_Run68.mzML,/mnt/Volumes/LaCie/nmdc_data/mcmahon_11_fkbnah04/raw/20181217_KBL_TM_Lakes_GEODES_All3_QE-HF_C18_USDAY46918_POS_MSMS_16_GEO-SP-20-UF_1_Rg80to1200-CE102040-0-4-S1_Run68.mzML,103836424,.mzml,Error processing 20181217_KBL_TM_Lakes_GEODES_All3_QE-HF_C18_USDAY46918_POS_MSMS_16_GEO-SP-20-UF_1_Rg80to1200-CE102040-0-4-S1_Run68.mzML after 1 attempts: Mixed polarities detected in scan data,2026-07-08T00:07:59.760000,,,,
20180918_KBL_TM_Lakes_GEODES_All3_QE-HF_HILICZ-VF1_USHXG01161_POS_MSMS_23_GEO-SP-4-UF_1_Rg70to1050-CE102040-0-4-S1_Run89.mzML,/mnt/Volumes/LaCie/nmdc_data/mcmahon_11_fkbnah04/raw/20180918_KBL_TM_Lakes_GEODES_All3_QE-HF_HILICZ-VF1_USHXG01161_POS_MSMS_23_GEO-SP-4-UF_1_Rg70to1050-CE102040-0-4-S1_Run89.mzML,174918656,.mzml,Error processing 20180918_KBL_TM_Lakes_GEODES_All3_QE-HF_HILICZ-VF1_USHXG01161_POS_MSMS_23_GEO-SP-4-UF_1_Rg70to1050-CE102040-0-4-S1_Run89.mzML after 1 attempts: Mixed polarities detected in scan data,2026-07-08T00:06:39.860000,,,,
20180918_KBL_TM_Lakes_GEODES_All3_QE-HF_HILICZ-VF1_USHXG01161_POS_MSMS_23_GEO-SP-4-UF_1_Rg70to1050-CE102040-0-4-S1_Run89.mzML,/mnt/Volumes/LaCie/nmdc_data/mcmahon_11_fkbnah04/raw/20180918_KBL_TM_Lakes_GEODES_All3_QE-HF_HILICZ-VF1_USHXG01161_POS_MSMS_23_GEO-SP-4-UF_1_Rg70to1050-CE102040-0-4-S1_Run89.mzML,174918656,.mzml,Error processing 20180918_KBL_TM_Lakes_GEODES_All3_QE-HF_HILICZ-VF1_USHXG01161_POS_MSMS_23_GEO-SP-4-UF_1_Rg70to1050-CE102040-0-4-S1_Run89.mzML after 1 attempts: Mixed polarities detected in scan data,2026-07-08T00:06:39.860000,,,,
20180918_KBL_TM_Lakes_GEODES_All3_QE-HF_HILICZ-VF1_USHXG01161_POS_MSMS_23_GEO-SP-4-UF_1_Rg70to1050-CE102040-0-4-S1_Run89.mzML,/mnt/Volumes/LaCie/nmdc_data/mcmahon_11_fkbnah04/raw/20180918_KBL_TM_Lakes_GEODES_All3_QE-HF_HILICZ-VF1_USHXG01161_POS_MSMS_23_GEO-SP-4-UF_1_Rg70to1050-CE102040-0-4-S1_Run89.mzML,174918656,.mzml,Error processing 20180918_KBL_TM_Lakes_GEODES_All3_QE-HF_HILICZ-VF1_USHXG01161_POS_MSMS_23_GEO-SP-4-UF_1_Rg70to1050-CE102040-0-4-S1_Run89.mzML after 1 attempts: Mixed polarities detected in scan data,2026-07-08T00:06:39.860000,,,,
20180918_KBL_TM_Lakes_GEODES_All3_QE-HF_HILICZ-VF1_USHXG01161_POS_MSMS_62_GEO-TB-12-F_1_Rg70to1050-CE102040-0-1-S1_Run227.mzML,/mnt/Volumes/LaCie/nmdc_data/mcmahon_11_fkbnah04/raw/20180918_KBL_TM_Lakes_GEODES_All3_QE-HF_HILICZ-VF1_USHXG01161_POS_MSMS_62_GEO-TB-12-F_1_Rg70to1050-CE102040-0-1-S1_Run227.mzML,195645785,.mzml,Error processing 20180918_KBL_TM_Lakes_GEODES_All3_QE-HF_HILICZ-VF1_USHXG01161_POS_MSMS_62_GEO-TB-12-F_1_Rg70to1050-CE102040-0-1-S1_Run227.mzML after 1 attempts: Mixed polarities detected in scan data,2026-07-08T00:07:50.120000,,,,
20180918_KBL_TM_Lakes_GEODES_All3_QE-HF_HILICZ-VF1_USHXG01161_POS_MSMS_62_GEO-TB-12-F_1_Rg70to1050-CE102040-0-1-S1_Run227.mzML,/mnt/Volumes/LaCie/nmdc_data/mcmahon_11_fkbnah04/raw/20180918_KBL_TM_Lakes_GEODES_All3_QE-HF_HILICZ-VF1_USHXG01161_POS_MSMS_62_GEO-TB-12-F_1_Rg70to1050-CE102040-0-1-S1_Run227.mzML,195645785,.mzml,Error processing 20180918_KBL_TM_Lakes_GEODES_All3_QE-HF_HILICZ-VF1_USHXG01161_POS_MSMS_62_GEO-TB-12-F_1_Rg70to1050-CE102040-0-1-S1_Run227.mzML after 1 attempts: Mixed polarities detected in scan data,2026-07-08T00:07:50.120000,,,,
20180918_KBL_TM_Lakes_GEODES_All3_QE-HF_HILICZ-VF1_USHXG01161_POS_MSMS_62_GEO-TB-12-F_1_Rg70to1050-CE102040-0-1-S1_Run227.mzML,/mnt/Volumes/LaCie/nmdc_data/mcmahon_11_fkbnah04/raw/20180918_KBL_TM_Lakes_GEODES_All3_QE-HF_HILICZ-VF1_USHXG01161_POS_MSMS_62_GEO-TB-12-F_1_Rg70to1050-CE102040-0-1-S1_Run227.mzML,195645785,.mzml,Error processing 20180918_KBL_TM_Lakes_GEODES_All3_QE-HF_HILICZ-VF1_USHXG01161_POS_MSMS_62_GEO-TB-12-F_1_Rg70to1050-CE102040-0-1-S1_Run227.mzML after 1 attempts: Mixed polarities detected in scan data,2026-07-08T00:07:50.120000,,,,
20180918_KBL_TM_Lakes_Mendota_DepthDate_QE-139_HILICZ-VF1_USHXG01161_POS_MSMS_20_ME-20171004-metabo-20_1_Rg70to1050-CE102040-10p8-S1_Run80.mzML,/mnt/Volumes/LaCie/nmdc_data/mcmahon_11_fkbnah04/raw/20180918_KBL_TM_Lakes_Mendota_DepthDate_QE-139_HILICZ-VF1_USHXG01161_POS_MSMS_20_ME-20171004-metabo-20_1_Rg70to1050-CE102040-10p8-S1_Run80.mzML,178215027,.mzml,Error processing 20180918_KBL_TM_Lakes_Mendota_DepthDate_QE-139_HILICZ-VF1_USHXG01161_POS_MSMS_20_ME-20171004-metabo-20_1_Rg70to1050-CE102040-10p8-S1_Run80.mzML after 1 attempts: Mixed polarities detected in scan data,2026-07-08T00:08:16.230000,,,,
20180918_KBL_TM_Lakes_Mendota_DepthDate_QE-139_HILICZ-VF1_USHXG01161_POS_MSMS_20_ME-20171004-metabo-20_1_Rg70to1050-CE102040-10p8-S1_Run80.mzML,/mnt/Volumes/LaCie/nmdc_data/mcmahon_11_fkbnah04/raw/20180918_KBL_TM_Lakes_Mendota_DepthDate_QE-139_HILICZ-VF1_USHXG01161_POS_MSMS_20_ME-20171004-metabo-20_1_Rg70to1050-CE102040-10p8-S1_Run80.mzML,178215027,.mzml,Error processing 20180918_KBL_TM_Lakes_Mendota_DepthDate_QE-139_HILICZ-VF1_USHXG01161_POS_MSMS_20_ME-20171004-metabo-20_1_Rg70to1050-CE102040-10p8-S1_Run80.mzML after 1 attempts: Mixed polarities detected in scan data,2026-07-08T00:08:16.230000,,,,
20180918_KBL_TM_Lakes_Mendota_DepthDate_QE-139_HILICZ-VF1_USHXG01161_POS_MSMS_20_ME-20171004-metabo-20_1_Rg70to1050-CE102040-10p8-S1_Run80.mzML,/mnt/Volumes/LaCie/nmdc_data/mcmahon_11_fkbnah04/raw/20180918_KBL_TM_Lakes_Mendota_DepthDate_QE-139_HILICZ-VF1_USHXG01161_POS_MSMS_20_ME-20171004-metabo-20_1_Rg70to1050-CE102040-10p8-S1_Run80.mzML,178215027,.mzml,Error processing 20180918_KBL_TM_Lakes_Mendota_DepthDate_QE-139_HILICZ-VF1_USHXG01161_POS_MSMS_20_ME-20171004-metabo-20_1_Rg70to1050-CE102040-10p8-S1_Run80.mzML after 1 attempts: Mixed polarities detected in scan data,2026-07-08T00:08:16.230000,,,,
20180918_KBL_TM_Lakes_GEODES_All3_QE-HF_HILICZ-VF1_USHXG01161_NEG_MSMS_41_GEO-ME-24-F_1_Rg70to1050-CE102040-0-7-S1_Run152.mzML,/mnt/Volumes/LaCie/nmdc_data/mcmahon_11_fkbnah04/raw/20180918_KBL_TM_Lakes_GEODES_All3_QE-HF_HILICZ-VF1_USHXG01161_NEG_MSMS_41_GEO-ME-24-F_1_Rg70to1050-CE102040-0-7-S1_Run152.mzML,171984745,.mzml,Error processing 20180918_KBL_TM_Lakes_GEODES_All3_QE-HF_HILICZ-VF1_USHXG01161_NEG_MSMS_41_GEO-ME-24-F_1_Rg70to1050-CE102040-0-7-S1_Run152.mzML after 1 attempts: Mixed polarities detected in scan data,2026-07-08T00:09:30.550000,,,,
20180918_KBL_TM_Lakes_GEODES_All3_QE-HF_HILICZ-VF1_USHXG01161_NEG_MSMS_41_GEO-ME-24-F_1_Rg70to1050-CE102040-0-7-S1_Run152.mzML,/mnt/Volumes/LaCie/nmdc_data/mcmahon_11_fkbnah04/raw/20180918_KBL_TM_Lakes_GEODES_All3_QE-HF_HILICZ-VF1_USHXG01161_NEG_MSMS_41_GEO-ME-24-F_1_Rg70to1050-CE102040-0-7-S1_Run152.mzML,171984745,.mzml,Error processing 20180918_KBL_TM_Lakes_GEODES_All3_QE-HF_HILICZ-VF1_USHXG01161_NEG_MSMS_41_GEO-ME-24-F_1_Rg70to1050-CE102040-0-7-S1_Run152.mzML after 1 attempts: Mixed polarities detected in scan data,2026-07-08T00:09:30.550000,,,,
20180918_KBL_TM_Lakes_GEODES_All3_QE-HF_HILICZ-VF1_USHXG01161_NEG_MSMS_41_GEO-ME-24-F_1_Rg70to1050-CE102040-0-7-S1_Run152.mzML,/mnt/Volumes/LaCie/nmdc_data/mcmahon_11_fkbnah04/raw/20180918_KBL_TM_Lakes_GEODES_All3_QE-HF_HILICZ-VF1_USHXG01161_NEG_MSMS_41_GEO-ME-24-F_1_Rg70to1050-CE102040-0-7-S1_Run152.mzML,171984745,.mzml,Error processing 20180918_KBL_TM_Lakes_GEODES_All3_QE-HF_HILICZ-VF1_USHXG01161_NEG_MSMS_41_GEO-ME-24-F_1_Rg70to1050-CE102040-0-7-S1_Run152.mzML after 1 attempts: Mixed polarities detected in scan data,2026-07-08T00:09:30.550000,,,,
20180918_KBL_TM_Lakes_GEODES_All3_QE-HF_HILICZ-VF1_USHXG01161_POS_MSMS_46_GEO-ME-44-F_1_Rg70to1050-CE102040-0-7-S1_Run171.mzML,/mnt/Volumes/LaCie/nmdc_data/mcmahon_11_fkbnah04/raw/20180918_KBL_TM_Lakes_GEODES_All3_QE-HF_HILICZ-VF1_USHXG01161_POS_MSMS_46_GEO-ME-44-F_1_Rg70to1050-CE102040-0-7-S1_Run171.mzML,174987556,.mzml,Error processing 20180918_KBL_TM_Lakes_GEODES_All3_QE-HF_HILICZ-VF1_USHXG01161_POS_MSMS_46_GEO-ME-44-F_1_Rg70to1050-CE102040-0-7-S1_Run171.mzML after 1 attempts: Mixed polarities detected in scan data,2026-07-08T00:10:18.330000,,,,
20180918_KBL_TM_Lakes_GEODES_All3_QE-HF_HILICZ-VF1_USHXG01161_POS_MSMS_46_GEO-ME-44-F_1_Rg70to1050-CE102040-0-7-S1_Run171.mzML,/mnt/Volumes/LaCie/nmdc_data/mcmahon_11_fkbnah04/raw/20180918_KBL_TM_Lakes_GEODES_All3_QE-HF_HILICZ-VF1_USHXG01161_POS_MSMS_46_GEO-ME-44-F_1_Rg70to1050-CE102040-0-7-S1_Run171.mzML,174987556,.mzml,Error processing 20180918_KBL_TM_Lakes_GEODES_All3_QE-HF_HILICZ-VF1_USHXG01161_POS_MSMS_46_GEO-ME-44-F_1_Rg70to1050-CE102040-0-7-S1_Run171.mzML after 1 attempts: Mixed polarities detected in scan data,2026-07-08T00:10:18.330000,,,,
20180918_KBL_TM_Lakes_GEODES_All3_QE-HF_HILICZ-VF1_USHXG01161_POS_MSMS_46_GEO-ME-44-F_1_Rg70to1050-CE102040-0-7-S1_Run171.mzML,/mnt/Volumes/LaCie/nmdc_data/mcmahon_11_fkbnah04/raw/20180918_KBL_TM_Lakes_GEODES_All3_QE-HF_HILICZ-VF1_USHXG01161_POS_MSMS_46_GEO-ME-44-F_1_Rg70to1050-CE102040-0-7-S1_Run171.mzML,174987556,.mzml,Error processing 20180918_KBL_TM_Lakes_GEODES_All3_QE-HF_HILICZ-VF1_USHXG01161_POS_MSMS_46_GEO-ME-44-F_1_Rg70to1050-CE102040-0-7-S1_Run171.mzML after 1 attempts: Mixed polarities detected in scan data,2026-07-08T00:10:18.330000,,,,
20180918_KBL_TM_Lakes_GEODES_All3_QE-HF_HILICZ-VF1_USHXG01161_NEG_MSMS_55_GEO-SP-32-F_1_Rg70to1050-CE102040-0-4-S1_Run202.mzML,/mnt/Volumes/LaCie/nmdc_data/mcmahon_11_fkbnah04/raw/20180918_KBL_TM_Lakes_GEODES_All3_QE-HF_HILICZ-VF1_USHXG01161_NEG_MSMS_55_GEO-SP-32-F_1_Rg70to1050-CE102040-0-4-S1_Run202.mzML,178841269,.mzml,Error processing 20180918_KBL_TM_Lakes_GEODES_All3_QE-HF_HILICZ-VF1_USHXG01161_NEG_MSMS_55_GEO-SP-32-F_1_Rg70to1050-CE102040-0-4-S1_Run202.mzML after 1 attempts: Mixed polarities detected in scan data,2026-07-08T00:11:49,,,,
20180918_KBL_TM_Lakes_GEODES_All3_QE-HF_HILICZ-VF1_USHXG01161_NEG_MSMS_55_GEO-SP-32-F_1_Rg70to1050-CE102040-0-4-S1_Run202.mzML,/mnt/Volumes/LaCie/nmdc_data/mcmahon_11_fkbnah04/raw/20180918_KBL_TM_Lakes_GEODES_All3_QE-HF_HILICZ-VF1_USHXG01161_NEG_MSMS_55_GEO-SP-32-F_1_Rg70to1050-CE102040-0-4-S1_Run202.mzML,178841269,.mzml,Error processing 20180918_KBL_TM_Lakes_GEODES_All3_QE-HF_HILICZ-VF1_USHXG01161_NEG_MSMS_55_GEO-SP-32-F_1_Rg70to1050-CE102040-0-4-S1_Run202.mzML after 1 attempts: Mixed polarities detected in scan data,2026-07-08T00:11:49,,,,
20180918_KBL_TM_Lakes_GEODES_All3_QE-HF_HILICZ-VF1_USHXG01161_NEG_MSMS_55_GEO-SP-32-F_1_Rg70to1050-CE102040-0-4-S1_Run202.mzML,/mnt/Volumes/LaCie/nmdc_data/mcmahon_11_fkbnah04/raw/20180918_KBL_TM_Lakes_GEODES_All3_QE-HF_HILICZ-VF1_USHXG01161_NEG_MSMS_55_GEO-SP-32-F_1_Rg70to1050-CE102040-0-4-S1_Run202.mzML,178841269,.mzml,Error processing 20180918_KBL_TM_Lakes_GEODES_All3_QE-HF_HILICZ-VF1_USHXG01161_NEG_MSMS_55_GEO-SP-32-F_1_Rg70to1050-CE102040-0-4-S1_Run202.mzML after 1 attempts: Mixed polarities detected in scan data,2026-07-08T00:11:49,,,,
20181217_KBL_TM_Lakes_GEODES_All3_QE-HF_C18_USDAY46918_POS_MSMS_29_GEO-TB-24-UF_1_Rg80to1200-CE102040-0-1-S1_Run110.mzML,/mnt/Volumes/LaCie/nmdc_data/mcmahon_11_fkbnah04/raw/20181217_KBL_TM_Lakes_GEODES_All3_QE-HF_C18_USDAY46918_POS_MSMS_29_GEO-TB-24-UF_1_Rg80to1200-CE102040-0-1-S1_Run110.mzML,105495734,.mzml,Error processing 20181217_KBL_TM_Lakes_GEODES_All3_QE-HF_C18_USDAY46918_POS_MSMS_29_GEO-TB-24-UF_1_Rg80to1200-CE102040-0-1-S1_Run110.mzML after 1 attempts: Mixed polarities detected in scan data,2026-07-08T00:12:26.600000,,,,
20181217_KBL_TM_Lakes_GEODES_All3_QE-HF_C18_USDAY46918_POS_MSMS_29_GEO-TB-24-UF_1_Rg80to1200-CE102040-0-1-S1_Run110.mzML,/mnt/Volumes/LaCie/nmdc_data/mcmahon_11_fkbnah04/raw/20181217_KBL_TM_Lakes_GEODES_All3_QE-HF_C18_USDAY46918_POS_MSMS_29_GEO-TB-24-UF_1_Rg80to1200-CE102040-0-1-S1_Run110.mzML,105495734,.mzml,Error processing 20181217_KBL_TM_Lakes_GEODES_All3_QE-HF_C18_USDAY46918_POS_MSMS_29_GEO-TB-24-UF_1_Rg80to1200-CE102040-0-1-S1_Run110.mzML after 1 attempts: Mixed polarities detected in scan data,2026-07-08T00:12:26.600000,,,,
20181217_KBL_TM_Lakes_GEODES_All3_QE-HF_C18_USDAY46918_POS_MSMS_29_GEO-TB-24-UF_1_Rg80to1200-CE102040-0-1-S1_Run110.mzML,/mnt/Volumes/LaCie/nmdc_data/mcmahon_11_fkbnah04/raw/20181217_KBL_TM_Lakes_GEODES_All3_QE-HF_C18_USDAY46918_POS_MSMS_29_GEO-TB-24-UF_1_Rg80to1200-CE102040-0-1-S1_Run110.mzML,105495734,.mzml,Error processing 20181217_KBL_TM_Lakes_GEODES_All3_QE-HF_C18_USDAY46918_POS_MSMS_29_GEO-TB-24-UF_1_Rg80to1200-CE102040-0-1-S1_Run110.mzML after 1 attempts: Mixed polarities detected in scan data,2026-07-08T00:12:26.600000,,,,
20180918_KBL_TM_Lakes_Mendota_DepthDate_QE-139_HILICZ-VF1_USHXG01161_NEG_MSMS_8_ME-20170811-metabo-8_1_Rg70to1050-CE102040-0p5-S1_Run37.mzML,/mnt/Volumes/LaCie/nmdc_data/mcmahon_11_fkbnah04/raw/20180918_KBL_TM_Lakes_Mendota_DepthDate_QE-139_HILICZ-VF1_USHXG01161_NEG_MSMS_8_ME-20170811-metabo-8_1_Rg70to1050-CE102040-0p5-S1_Run37.mzML,173999642,.mzml,Error processing 20180918_KBL_TM_Lakes_Mendota_DepthDate_QE-139_HILICZ-VF1_USHXG01161_NEG_MSMS_8_ME-20170811-metabo-8_1_Rg70to1050-CE102040-0p5-S1_Run37.mzML after 1 attempts: Mixed polarities detected in scan data,2026-07-08T00:12:17.190000,,,,
20180918_KBL_TM_Lakes_Mendota_DepthDate_QE-139_HILICZ-VF1_USHXG01161_NEG_MSMS_8_ME-20170811-metabo-8_1_Rg70to1050-CE102040-0p5-S1_Run37.mzML,/mnt/Volumes/LaCie/nmdc_data/mcmahon_11_fkbnah04/raw/20180918_KBL_TM_Lakes_Mendota_DepthDate_QE-139_HILICZ-VF1_USHXG01161_NEG_MSMS_8_ME-20170811-metabo-8_1_Rg70to1050-CE102040-0p5-S1_Run37.mzML,173999642,.mzml,Error processing 20180918_KBL_TM_Lakes_Mendota_DepthDate_QE-139_HILICZ-VF1_USHXG01161_NEG_MSMS_8_ME-20170811-metabo-8_1_Rg70to1050-CE102040-0p5-S1_Run37.mzML after 1 attempts: Mixed polarities detected in scan data,2026-07-08T00:12:17.190000,,,,
20180918_KBL_TM_Lakes_Mendota_DepthDate_QE-139_HILICZ-VF1_USHXG01161_NEG_MSMS_8_ME-20170811-metabo-8_1_Rg70to1050-CE102040-0p5-S1_Run37.mzML,/mnt/Volumes/LaCie/nmdc_data/mcmahon_11_fkbnah04/raw/20180918_KBL_TM_Lakes_Mendota_DepthDate_QE-139_HILICZ-VF1_USHXG01161_NEG_MSMS_8_ME-20170811-metabo-8_1_Rg70to1050-CE102040-0p5-S1_Run37.mzML,173999642,.mzml,Error processing 20180918_KBL_TM_Lakes_Mendota_DepthDate_QE-139_HILICZ-VF1_USHXG01161_NEG_MSMS_8_ME-20170811-metabo-8_1_Rg70to1050-CE102040-0p5-S1_Run37.mzML after 1 attempts: Mixed polarities detected in scan data,2026-07-08T00:12:17.190000,,,,
20180918_KBL_TM_Lakes_GEODES_All3_QE-HF_HILICZ-VF1_USHXG01161_NEG_MSMS_7_GEO-ME-32-UF_1_Rg70to1050-CE102040-0-7-S1_Run37.mzML,/mnt/Volumes/LaCie/nmdc_data/mcmahon_11_fkbnah04/raw/20180918_KBL_TM_Lakes_GEODES_All3_QE-HF_HILICZ-VF1_USHXG01161_NEG_MSMS_7_GEO-ME-32-UF_1_Rg70to1050-CE102040-0-7-S1_Run37.mzML,172403511,.mzml,Error processing 20180918_KBL_TM_Lakes_GEODES_All3_QE-HF_HILICZ-VF1_USHXG01161_NEG_MSMS_7_GEO-ME-32-UF_1_Rg70to1050-CE102040-0-7-S1_Run37.mzML after 1 attempts: Mixed polarities detected in scan data,2026-07-08T00:12:45.730000,,,,
20180918_KBL_TM_Lakes_GEODES_All3_QE-HF_HILICZ-VF1_USHXG01161_NEG_MSMS_7_GEO-ME-32-UF_1_Rg70to1050-CE102040-0-7-S1_Run37.mzML,/mnt/Volumes/LaCie/nmdc_data/mcmahon_11_fkbnah04/raw/20180918_KBL_TM_Lakes_GEODES_All3_QE-HF_HILICZ-VF1_USHXG01161_NEG_MSMS_7_GEO-ME-32-UF_1_Rg70to1050-CE102040-0-7-S1_Run37.mzML,172403511,.mzml,Error processing 20180918_KBL_TM_Lakes_GEODES_All3_QE-HF_HILICZ-VF1_USHXG01161_NEG_MSMS_7_GEO-ME-32-UF_1_Rg70to1050-CE102040-0-7-S1_Run37.mzML after 1 attempts: Mixed polarities detected in scan data,2026-07-08T00:12:45.730000,,,,
20180918_KBL_TM_Lakes_GEODES_All3_QE-HF_HILICZ-VF1_USHXG01161_NEG_MSMS_7_GEO-ME-32-UF_1_Rg70to1050-CE102040-0-7-S1_Run37.mzML,/mnt/Volumes/LaCie/nmdc_data/mcmahon_11_fkbnah04/raw/20180918_KBL_TM_Lakes_GEODES_All3_QE-HF_HILICZ-VF1_USHXG01161_NEG_MSMS_7_GEO-ME-32-UF_1_Rg70to1050-CE102040-0-7-S1_Run37.mzML,172403511,.mzml,Error processing 20180918_KBL_TM_Lakes_GEODES_All3_QE-HF_HILICZ-VF1_USHXG01161_NEG_MSMS_7_GEO-ME-32-UF_1_Rg70to1050-CE102040-0-7-S1_Run37.mzML after 1 attempts: Mixed polarities detected in scan data,2026-07-08T00:12:45.730000,,,,
20181217_KBL_TM_Lakes_GEODES_All3_QE-HF_C18_USDAY46918_POS_MSMS_53_GEO-SP-24-F_1_Rg80to1200-CE102040-0-4-S1_Run192.mzML,/mnt/Volumes/LaCie/nmdc_data/mcmahon_11_fkbnah04/raw/20181217_KBL_TM_Lakes_GEODES_All3_QE-HF_C18_USDAY46918_POS_MSMS_53_GEO-SP-24-F_1_Rg80to1200-CE102040-0-4-S1_Run192.mzML,98262297,.mzml,Error processing 20181217_KBL_TM_Lakes_GEODES_All3_QE-HF_C18_USDAY46918_POS_MSMS_53_GEO-SP-24-F_1_Rg80to1200-CE102040-0-4-S1_Run192.mzML after 1 attempts: Mixed polarities detected in scan data,2026-07-08T00:13:27.320000,,,,
20181217_KBL_TM_Lakes_GEODES_All3_QE-HF_C18_USDAY46918_POS_MSMS_53_GEO-SP-24-F_1_Rg80to1200-CE102040-0-4-S1_Run192.mzML,/mnt/Volumes/LaCie/nmdc_data/mcmahon_11_fkbnah04/raw/20181217_KBL_TM_Lakes_GEODES_All3_QE-HF_C18_USDAY46918_POS_MSMS_53_GEO-SP-24-F_1_Rg80to1200-CE102040-0-4-S1_Run192.mzML,98262297,.mzml,Error processing 20181217_KBL_TM_Lakes_GEODES_All3_QE-HF_C18_USDAY46918_POS_MSMS_53_GEO-SP-24-F_1_Rg80to1200-CE102040-0-4-S1_Run192.mzML after 1 attempts: Mixed polarities detected in scan data,2026-07-08T00:13:27.320000,,,,
20180918_KBL_TM_Lakes_GEODES_All3_QE-HF_HILICZ-VF1_USHXG01161_NEG_MSMS_12_GEO-ME-8-UF_1_Rg70to1050-CE102040-0-7-S1_Run52.mzML,/mnt/Volumes/LaCie/nmdc_data/mcmahon_11_fkbnah04/raw/20180918_KBL_TM_Lakes_GEODES_All3_QE-HF_HILICZ-VF1_USHXG01161_NEG_MSMS_12_GEO-ME-8-UF_1_Rg70to1050-CE102040-0-7-S1_Run52.mzML,170146454,.mzml,Error processing 20180918_KBL_TM_Lakes_GEODES_All3_QE-HF_HILICZ-VF1_USHXG01161_NEG_MSMS_12_GEO-ME-8-UF_1_Rg70to1050-CE102040-0-7-S1_Run52.mzML after 1 attempts: Mixed polarities detected in scan data,2026-07-08T00:13:02.620000,,,,
20181217_KBL_TM_Lakes_GEODES_All3_QE-HF_C18_USDAY46918_POS_MSMS_53_GEO-SP-24-F_1_Rg80to1200-CE102040-0-4-S1_Run192.mzML,/mnt/Volumes/LaCie/nmdc_data/mcmahon_11_fkbnah04/raw/20181217_KBL_TM_Lakes_GEODES_All3_QE-HF_C18_USDAY46918_POS_MSMS_53_GEO-SP-24-F_1_Rg80to1200-CE102040-0-4-S1_Run192.mzML,98262297,.mzml,Error processing 20181217_KBL_TM_Lakes_GEODES_All3_QE-HF_C18_USDAY46918_POS_MSMS_53_GEO-SP-24-F_1_Rg80to1200-CE102040-0-4-S1_Run192.mzML after 1 attempts: Mixed polarities detected in scan data,2026-07-08T00:13:27.320000,,,,
20180918_KBL_TM_Lakes_GEODES_All3_QE-HF_HILICZ-VF1_USHXG01161_NEG_MSMS_12_GEO-ME-8-UF_1_Rg70to1050-CE102040-0-7-S1_Run52.mzML,/mnt/Volumes/LaCie/nmdc_data/mcmahon_11_fkbnah04/raw/20180918_KBL_TM_Lakes_GEODES_All3_QE-HF_HILICZ-VF1_USHXG01161_NEG_MSMS_12_GEO-ME-8-UF_1_Rg70to1050-CE102040-0-7-S1_Run52.mzML,170146454,.mzml,Error processing 20180918_KBL_TM_Lakes_GEODES_All3_QE-HF_HILICZ-VF1_USHXG01161_NEG_MSMS_12_GEO-ME-8-UF_1_Rg70to1050-CE102040-0-7-S1_Run52.mzML after 1 attempts: Mixed polarities detected in scan data,2026-07-08T00:13:02.620000,,,,
20180918_KBL_TM_Lakes_GEODES_All3_QE-HF_HILICZ-VF1_USHXG01161_NEG_MSMS_12_GEO-ME-8-UF_1_Rg70to1050-CE102040-0-7-S1_Run52.mzML,/mnt/Volumes/LaCie/nmdc_data/mcmahon_11_fkbnah04/raw/20180918_KBL_TM_Lakes_GEODES_All3_QE-HF_HILICZ-VF1_USHXG01161_NEG_MSMS_12_GEO-ME-8-UF_1_Rg70to1050-CE102040-0-7-S1_Run52.mzML,170146454,.mzml,Error processing 20180918_KBL_TM_Lakes_GEODES_All3_QE-HF_HILICZ-VF1_USHXG01161_NEG_MSMS_12_GEO-ME-8-UF_1_Rg70to1050-CE102040-0-7-S1_Run52.mzML after 1 attempts: Mixed polarities detected in scan data,2026-07-08T00:13:02.620000,,,,
20180918_KBL_TM_Lakes_GEODES_All3_QE-HF_HILICZ-VF1_USHXG01161_NEG_MSMS_15_GEO-SP-16-UF_1_Rg70to1050-CE102040-0-4-S1_Run61.mzML,/mnt/Volumes/LaCie/nmdc_data/mcmahon_11_fkbnah04/raw/20180918_KBL_TM_Lakes_GEODES_All3_QE-HF_HILICZ-VF1_USHXG01161_NEG_MSMS_15_GEO-SP-16-UF_1_Rg70to1050-CE102040-0-4-S1_Run61.mzML,175890539,.mzml,Error processing 20180918_KBL_TM_Lakes_GEODES_All3_QE-HF_HILICZ-VF1_USHXG01161_NEG_MSMS_15_GEO-SP-16-UF_1_Rg70to1050-CE102040-0-4-S1_Run61.mzML after 1 attempts: Mixed polarities detected in scan data,2026-07-08T00:13:18.170000,,,,
20180918_KBL_TM_Lakes_GEODES_All3_QE-HF_HILICZ-VF1_USHXG01161_NEG_MSMS_15_GEO-SP-16-UF_1_Rg70to1050-CE102040-0-4-S1_Run61.mzML,/mnt/Volumes/LaCie/nmdc_data/mcmahon_11_fkbnah04/raw/20180918_KBL_TM_Lakes_GEODES_All3_QE-HF_HILICZ-VF1_USHXG01161_NEG_MSMS_15_GEO-SP-16-UF_1_Rg70to1050-CE102040-0-4-S1_Run61.mzML,175890539,.mzml,Error processing 20180918_KBL_TM_Lakes_GEODES_All3_QE-HF_HILICZ-VF1_USHXG01161_NEG_MSMS_15_GEO-SP-16-UF_1_Rg70to1050-CE102040-0-4-S1_Run61.mzML after 1 attempts: Mixed polarities detected in scan data,2026-07-08T00:13:18.170000,,,,
20180918_KBL_TM_Lakes_GEODES_All3_QE-HF_HILICZ-VF1_USHXG01161_NEG_MSMS_15_GEO-SP-16-UF_1_Rg70to1050-CE102040-0-4-S1_Run61.mzML,/mnt/Volumes/LaCie/nmdc_data/mcmahon_11_fkbnah04/raw/20180918_KBL_TM_Lakes_GEODES_All3_QE-HF_HILICZ-VF1_USHXG01161_NEG_MSMS_15_GEO-SP-16-UF_1_Rg70to1050-CE102040-0-4-S1_Run61.mzML,175890539,.mzml,Error processing 20180918_KBL_TM_Lakes_GEODES_All3_QE-HF_HILICZ-VF1_USHXG01161_NEG_MSMS_15_GEO-SP-16-UF_1_Rg70to1050-CE102040-0-4-S1_Run61.mzML after 1 attempts: Mixed polarities detected in scan data,2026-07-08T00:13:18.170000,,,,
20181217_KBL_TM_Lakes_GEODES_All3_QE-HF_C18_USDAY46918_NEG_MSMS_37_GEO-ME-0-F_1_Rg80to1200-CE102040-0-7-S1_Run140.mzML,/mnt/Volumes/LaCie/nmdc_data/mcmahon_11_fkbnah04/raw/20181217_KBL_TM_Lakes_GEODES_All3_QE-HF_C18_USDAY46918_NEG_MSMS_37_GEO-ME-0-F_1_Rg80to1200-CE102040-0-7-S1_Run140.mzML,81328636,.mzml,Error processing 20181217_KBL_TM_Lakes_GEODES_All3_QE-HF_C18_USDAY46918_NEG_MSMS_37_GEO-ME-0-F_1_Rg80to1200-CE102040-0-7-S1_Run140.mzML after 1 attempts: Mixed polarities detected in scan data,2026-07-08T00:13:34.730000,,,,
20181217_KBL_TM_Lakes_GEODES_All3_QE-HF_C18_USDAY46918_NEG_MSMS_37_GEO-ME-0-F_1_Rg80to1200-CE102040-0-7-S1_Run140.mzML,/mnt/Volumes/LaCie/nmdc_data/mcmahon_11_fkbnah04/raw/20181217_KBL_TM_Lakes_GEODES_All3_QE-HF_C18_USDAY46918_NEG_MSMS_37_GEO-ME-0-F_1_Rg80to1200-CE102040-0-7-S1_Run140.mzML,81328636,.mzml,Error processing 20181217_KBL_TM_Lakes_GEODES_All3_QE-HF_C18_USDAY46918_NEG_MSMS_37_GEO-ME-0-F_1_Rg80to1200-CE102040-0-7-S1_Run140.mzML after 1 attempts: Mixed polarities detected in scan data,2026-07-08T00:13:34.730000,,,,
20181217_KBL_TM_Lakes_GEODES_All3_QE-HF_C18_USDAY46918_NEG_MSMS_37_GEO-ME-0-F_1_Rg80to1200-CE102040-0-7-S1_Run140.mzML,/mnt/Volumes/LaCie/nmdc_data/mcmahon_11_fkbnah04/raw/20181217_KBL_TM_Lakes_GEODES_All3_QE-HF_C18_USDAY46918_NEG_MSMS_37_GEO-ME-0-F_1_Rg80to1200-CE102040-0-7-S1_Run140.mzML,81328636,.mzml,Error processing 20181217_KBL_TM_Lakes_GEODES_All3_QE-HF_C18_USDAY46918_NEG_MSMS_37_GEO-ME-0-F_1_Rg80to1200-CE102040-0-7-S1_Run140.mzML after 1 attempts: Mixed polarities detected in scan data,2026-07-08T00:13:34.730000,,,,
20181217_KBL_TM_Lakes_Mendota_DepthDate_QE-HF_C18_USDAY46918_POS_MSMS_4_ME-20170811-metabo-4_1_Rg80to1200-CE102040-13p15-S1_Run24.mzML,/mnt/Volumes/LaCie/nmdc_data/mcmahon_11_fkbnah04/raw/20181217_KBL_TM_Lakes_Mendota_DepthDate_QE-HF_C18_USDAY46918_POS_MSMS_4_ME-20170811-metabo-4_1_Rg80to1200-CE102040-13p15-S1_Run24.mzML,96353683,.mzml,Error processing 20181217_KBL_TM_Lakes_Mendota_DepthDate_QE-HF_C18_USDAY46918_POS_MSMS_4_ME-20170811-metabo-4_1_Rg80to1200-CE102040-13p15-S1_Run24.mzML after 1 attempts: Mixed polarities detected in scan data,2026-07-08T00:14:49.050000,,,,
20181217_KBL_TM_Lakes_Mendota_DepthDate_QE-HF_C18_USDAY46918_POS_MSMS_4_ME-20170811-metabo-4_1_Rg80to1200-CE102040-13p15-S1_Run24.mzML,/mnt/Volumes/LaCie/nmdc_data/mcmahon_11_fkbnah04/raw/20181217_KBL_TM_Lakes_Mendota_DepthDate_QE-HF_C18_USDAY46918_POS_MSMS_4_ME-20170811-metabo-4_1_Rg80to1200-CE102040-13p15-S1_Run24.mzML,96353683,.mzml,Error processing 20181217_KBL_TM_Lakes_Mendota_DepthDate_QE-HF_C18_USDAY46918_POS_MSMS_4_ME-20170811-metabo-4_1_Rg80to1200-CE102040-13p15-S1_Run24.mzML after 1 attempts: Mixed polarities detected in scan data,2026-07-08T00:14:49.050000,,,,
20181217_KBL_TM_Lakes_Mendota_DepthDate_QE-HF_C18_USDAY46918_POS_MSMS_4_ME-20170811-metabo-4_1_Rg80to1200-CE102040-13p15-S1_Run24.mzML,/mnt/Volumes/LaCie/nmdc_data/mcmahon_11_fkbnah04/raw/20181217_KBL_TM_Lakes_Mendota_DepthDate_QE-HF_C18_USDAY46918_POS_MSMS_4_ME-20170811-metabo-4_1_Rg80to1200-CE102040-13p15-S1_Run24.mzML,96353683,.mzml,Error processing 20181217_KBL_TM_Lakes_Mendota_DepthDate_QE-HF_C18_USDAY46918_POS_MSMS_4_ME-20170811-metabo-4_1_Rg80to1200-CE102040-13p15-S1_Run24.mzML after 1 attempts: Mixed polarities detected in scan data,2026-07-08T00:14:49.050000,,,,
20180918_KBL_TM_Lakes_GEODES_All3_QE-HF_HILICZ-VF1_USHXG01161_NEG_MSMS_70_GEO-TB-44-F_1_Rg70to1050-CE102040-0-1-S1_Run252.mzML,/mnt/Volumes/LaCie/nmdc_data/mcmahon_11_fkbnah04/raw/20180918_KBL_TM_Lakes_GEODES_All3_QE-HF_HILICZ-VF1_USHXG01161_NEG_MSMS_70_GEO-TB-44-F_1_Rg70to1050-CE102040-0-1-S1_Run252.mzML,202376149,.mzml,Error processing 20180918_KBL_TM_Lakes_GEODES_All3_QE-HF_HILICZ-VF1_USHXG01161_NEG_MSMS_70_GEO-TB-44-F_1_Rg70to1050-CE102040-0-1-S1_Run252.mzML after 1 attempts: Mixed polarities detected in scan data,2026-07-08T00:14:39.620000,,,,
20180918_KBL_TM_Lakes_GEODES_All3_QE-HF_HILICZ-VF1_USHXG01161_NEG_MSMS_70_GEO-TB-44-F_1_Rg70to1050-CE102040-0-1-S1_Run252.mzML,/mnt/Volumes/LaCie/nmdc_data/mcmahon_11_fkbnah04/raw/20180918_KBL_TM_Lakes_GEODES_All3_QE-HF_HILICZ-VF1_USHXG01161_NEG_MSMS_70_GEO-TB-44-F_1_Rg70to1050-CE102040-0-1-S1_Run252.mzML,202376149,.mzml,Error processing 20180918_KBL_TM_Lakes_GEODES_All3_QE-HF_HILICZ-VF1_USHXG01161_NEG_MSMS_70_GEO-TB-44-F_1_Rg70to1050-CE102040-0-1-S1_Run252.mzML after 1 attempts: Mixed polarities detected in scan data,2026-07-08T00:14:39.620000,,,,
20180918_KBL_TM_Lakes_GEODES_All3_QE-HF_HILICZ-VF1_USHXG01161_NEG_MSMS_70_GEO-TB-44-F_1_Rg70to1050-CE102040-0-1-S1_Run252.mzML,/mnt/Volumes/LaCie/nmdc_data/mcmahon_11_fkbnah04/raw/20180918_KBL_TM_Lakes_GEODES_All3_QE-HF_HILICZ-VF1_USHXG01161_NEG_MSMS_70_GEO-TB-44-F_1_Rg70to1050-CE102040-0-1-S1_Run252.mzML,202376149,.mzml,Error processing 20180918_KBL_TM_Lakes_GEODES_All3_QE-HF_HILICZ-VF1_USHXG01161_NEG_MSMS_70_GEO-TB-44-F_1_Rg70to1050-CE102040-0-1-S1_Run252.mzML after 1 attempts: Mixed polarities detected in scan data,2026-07-08T00:14:39.620000,,,,
20180918_KBL_TM_Lakes_GEODES_All3_QE-HF_HILICZ-VF1_USHXG01161_NEG_MSMS_39_GEO-ME-16-F_1_Rg70to1050-CE102040-0-7-S1_Run146.mzML,/mnt/Volumes/LaCie/nmdc_data/mcmahon_11_fkbnah04/raw/20180918_KBL_TM_Lakes_GEODES_All3_QE-HF_HILICZ-VF1_USHXG01161_NEG_MSMS_39_GEO-ME-16-F_1_Rg70to1050-CE102040-0-7-S1_Run146.mzML,168084889,.mzml,Error processing 20180918_KBL_TM_Lakes_GEODES_All3_QE-HF_HILICZ-VF1_USHXG01161_NEG_MSMS_39_GEO-ME-16-F_1_Rg70to1050-CE102040-0-7-S1_Run146.mzML after 1 attempts: Mixed polarities detected in scan data,2026-07-08T00:15:46.430000,,,,
20180918_KBL_TM_Lakes_GEODES_All3_QE-HF_HILICZ-VF1_USHXG01161_NEG_MSMS_39_GEO-ME-16-F_1_Rg70to1050-CE102040-0-7-S1_Run146.mzML,/mnt/Volumes/LaCie/nmdc_data/mcmahon_11_fkbnah04/raw/20180918_KBL_TM_Lakes_GEODES_All3_QE-HF_HILICZ-VF1_USHXG01161_NEG_MSMS_39_GEO-ME-16-F_1_Rg70to1050-CE102040-0-7-S1_Run146.mzML,168084889,.mzml,Error processing 20180918_KBL_TM_Lakes_GEODES_All3_QE-HF_HILICZ-VF1_USHXG01161_NEG_MSMS_39_GEO-ME-16-F_1_Rg70to1050-CE102040-0-7-S1_Run146.mzML after 1 attempts: Mixed polarities detected in scan data,2026-07-08T00:15:46.430000,,,,
20180918_KBL_TM_Lakes_GEODES_All3_QE-HF_HILICZ-VF1_USHXG01161_NEG_MSMS_39_GEO-ME-16-F_1_Rg70to1050-CE102040-0-7-S1_Run146.mzML,/mnt/Volumes/LaCie/nmdc_data/mcmahon_11_fkbnah04/raw/20180918_KBL_TM_Lakes_GEODES_All3_QE-HF_HILICZ-VF1_USHXG01161_NEG_MSMS_39_GEO-ME-16-F_1_Rg70to1050-CE102040-0-7-S1_Run146.mzML,168084889,.mzml,Error processing 20180918_KBL_TM_Lakes_GEODES_All3_QE-HF_HILICZ-VF1_USHXG01161_NEG_MSMS_39_GEO-ME-16-F_1_Rg70to1050-CE102040-0-7-S1_Run146.mzML after 1 attempts: Mixed polarities detected in scan data,2026-07-08T00:15:46.430000,,,,
20180918_KBL_TM_Lakes_GEODES_All3_QE-HF_HILICZ-VF1_USHXG01161_POS_MSMS_1_GEO-ME-0-UF_1_Rg70to1050-CE102040-0-7-S1_Run18.mzML,/mnt/Volumes/LaCie/nmdc_data/mcmahon_11_fkbnah04/raw/20180918_KBL_TM_Lakes_GEODES_All3_QE-HF_HILICZ-VF1_USHXG01161_POS_MSMS_1_GEO-ME-0-UF_1_Rg70to1050-CE102040-0-7-S1_Run18.mzML,169917227,.mzml,Error processing 20180918_KBL_TM_Lakes_GEODES_All3_QE-HF_HILICZ-VF1_USHXG01161_POS_MSMS_1_GEO-ME-0-UF_1_Rg70to1050-CE102040-0-7-S1_Run18.mzML after 1 attempts: Mixed polarities detected in scan data,2026-07-08T00:16:24.140000,,,,
20180918_KBL_TM_Lakes_GEODES_All3_QE-HF_HILICZ-VF1_USHXG01161_POS_MSMS_1_GEO-ME-0-UF_1_Rg70to1050-CE102040-0-7-S1_Run18.mzML,/mnt/Volumes/LaCie/nmdc_data/mcmahon_11_fkbnah04/raw/20180918_KBL_TM_Lakes_GEODES_All3_QE-HF_HILICZ-VF1_USHXG01161_POS_MSMS_1_GEO-ME-0-UF_1_Rg70to1050-CE102040-0-7-S1_Run18.mzML,169917227,.mzml,Error processing 20180918_KBL_TM_Lakes_GEODES_All3_QE-HF_HILICZ-VF1_USHXG01161_POS_MSMS_1_GEO-ME-0-UF_1_Rg70to1050-CE102040-0-7-S1_Run18.mzML after 1 attempts: Mixed polarities detected in scan data,2026-07-08T00:16:24.140000,,,,
20180918_KBL_TM_Lakes_GEODES_All3_QE-HF_HILICZ-VF1_USHXG01161_POS_MSMS_1_GEO-ME-0-UF_1_Rg70to1050-CE102040-0-7-S1_Run18.mzML,/mnt/Volumes/LaCie/nmdc_data/mcmahon_11_fkbnah04/raw/20180918_KBL_TM_Lakes_GEODES_All3_QE-HF_HILICZ-VF1_USHXG01161_POS_MSMS_1_GEO-ME-0-UF_1_Rg70to1050-CE102040-0-7-S1_Run18.mzML,169917227,.mzml,Error processing 20180918_KBL_TM_Lakes_GEODES_All3_QE-HF_HILICZ-VF1_USHXG01161_POS_MSMS_1_GEO-ME-0-UF_1_Rg70to1050-CE102040-0-7-S1_Run18.mzML after 1 attempts: Mixed polarities detected in scan data,2026-07-08T00:16:24.140000,,,,
20181217_KBL_TM_Lakes_GEODES_All3_QE-HF_C18_USDAY46918_NEG_MSMS_3_GEO-ME-16-UF_1_Rg80to1200-CE102040-0-7-S1_Run25.mzML,/mnt/Volumes/LaCie/nmdc_data/mcmahon_11_fkbnah04/raw/20181217_KBL_TM_Lakes_GEODES_All3_QE-HF_C18_USDAY46918_NEG_MSMS_3_GEO-ME-16-UF_1_Rg80to1200-CE102040-0-7-S1_Run25.mzML,86453117,.mzml,Error processing 20181217_KBL_TM_Lakes_GEODES_All3_QE-HF_C18_USDAY46918_NEG_MSMS_3_GEO-ME-16-UF_1_Rg80to1200-CE102040-0-7-S1_Run25.mzML after 1 attempts: Mixed polarities detected in scan data,2026-07-08T00:16:59.030000,,,,
20181217_KBL_TM_Lakes_GEODES_All3_QE-HF_C18_USDAY46918_NEG_MSMS_3_GEO-ME-16-UF_1_Rg80to1200-CE102040-0-7-S1_Run25.mzML,/mnt/Volumes/LaCie/nmdc_data/mcmahon_11_fkbnah04/raw/20181217_KBL_TM_Lakes_GEODES_All3_QE-HF_C18_USDAY46918_NEG_MSMS_3_GEO-ME-16-UF_1_Rg80to1200-CE102040-0-7-S1_Run25.mzML,86453117,.mzml,Error processing 20181217_KBL_TM_Lakes_GEODES_All3_QE-HF_C18_USDAY46918_NEG_MSMS_3_GEO-ME-16-UF_1_Rg80to1200-CE102040-0-7-S1_Run25.mzML after 1 attempts: Mixed polarities detected in scan data,2026-07-08T00:16:59.030000,,,,
20181217_KBL_TM_Lakes_GEODES_All3_QE-HF_C18_USDAY46918_NEG_MSMS_3_GEO-ME-16-UF_1_Rg80to1200-CE102040-0-7-S1_Run25.mzML,/mnt/Volumes/LaCie/nmdc_data/mcmahon_11_fkbnah04/raw/20181217_KBL_TM_Lakes_GEODES_All3_QE-HF_C18_USDAY46918_NEG_MSMS_3_GEO-ME-16-UF_1_Rg80to1200-CE102040-0-7-S1_Run25.mzML,86453117,.mzml,Error processing 20181217_KBL_TM_Lakes_GEODES_All3_QE-HF_C18_USDAY46918_NEG_MSMS_3_GEO-ME-16-UF_1_Rg80to1200-CE102040-0-7-S1_Run25.mzML after 1 attempts: Mixed polarities detected in scan data,2026-07-08T00:16:59.030000,,,,
20180918_KBL_TM_Lakes_GEODES_All3_QE-HF_HILICZ-VF1_USHXG01161_POS_MSMS_47_GEO-ME-4-F_1_Rg70to1050-CE102040-0-7-S1_Run174.mzML,/mnt/Volumes/LaCie/nmdc_data/mcmahon_11_fkbnah04/raw/20180918_KBL_TM_Lakes_GEODES_All3_QE-HF_HILICZ-VF1_USHXG01161_POS_MSMS_47_GEO-ME-4-F_1_Rg70to1050-CE102040-0-7-S1_Run174.mzML,174238145,.mzml,Error processing 20180918_KBL_TM_Lakes_GEODES_All3_QE-HF_HILICZ-VF1_USHXG01161_POS_MSMS_47_GEO-ME-4-F_1_Rg70to1050-CE102040-0-7-S1_Run174.mzML after 1 attempts: Mixed polarities detected in scan data,2026-07-08T00:16:41.160000,,,,
20180918_KBL_TM_Lakes_GEODES_All3_QE-HF_HILICZ-VF1_USHXG01161_POS_MSMS_47_GEO-ME-4-F_1_Rg70to1050-CE102040-0-7-S1_Run174.mzML,/mnt/Volumes/LaCie/nmdc_data/mcmahon_11_fkbnah04/raw/20180918_KBL_TM_Lakes_GEODES_All3_QE-HF_HILICZ-VF1_USHXG01161_POS_MSMS_47_GEO-ME-4-F_1_Rg70to1050-CE102040-0-7-S1_Run174.mzML,174238145,.mzml,Error processing 20180918_KBL_TM_Lakes_GEODES_All3_QE-HF_HILICZ-VF1_USHXG01161_POS_MSMS_47_GEO-ME-4-F_1_Rg70to1050-CE102040-0-7-S1_Run174.mzML after 1 attempts: Mixed polarities detected in scan data,2026-07-08T00:16:41.160000,,,,
20180918_KBL_TM_Lakes_GEODES_All3_QE-HF_HILICZ-VF1_USHXG01161_POS_MSMS_47_GEO-ME-4-F_1_Rg70to1050-CE102040-0-7-S1_Run174.mzML,/mnt/Volumes/LaCie/nmdc_data/mcmahon_11_fkbnah04/raw/20180918_KBL_TM_Lakes_GEODES_All3_QE-HF_HILICZ-VF1_USHXG01161_POS_MSMS_47_GEO-ME-4-F_1_Rg70to1050-CE102040-0-7-S1_Run174.mzML,174238145,.mzml,Error processing 20180918_KBL_TM_Lakes_GEODES_All3_QE-HF_HILICZ-VF1_USHXG01161_POS_MSMS_47_GEO-ME-4-F_1_Rg70to1050-CE102040-0-7-S1_Run174.mzML after 1 attempts: Mixed polarities detected in scan data,2026-07-08T00:16:41.160000,,,,
20181217_KBL_TM_Lakes_GEODES_All3_QE-HF_C18_USDAY46918_POS_MSMS_50_GEO-SP-12-F_1_Rg80to1200-CE102040-0-4-S1_Run183.mzML,/mnt/Volumes/LaCie/nmdc_data/mcmahon_11_fkbnah04/raw/20181217_KBL_TM_Lakes_GEODES_All3_QE-HF_C18_USDAY46918_POS_MSMS_50_GEO-SP-12-F_1_Rg80to1200-CE102040-0-4-S1_Run183.mzML,99720417,.mzml,Error processing 20181217_KBL_TM_Lakes_GEODES_All3_QE-HF_C18_USDAY46918_POS_MSMS_50_GEO-SP-12-F_1_Rg80to1200-CE102040-0-4-S1_Run183.mzML after 1 attempts: Mixed polarities detected in scan data,2026-07-08T00:17:53.100000,,,,
20181217_KBL_TM_Lakes_GEODES_All3_QE-HF_C18_USDAY46918_POS_MSMS_50_GEO-SP-12-F_1_Rg80to1200-CE102040-0-4-S1_Run183.mzML,/mnt/Volumes/LaCie/nmdc_data/mcmahon_11_fkbnah04/raw/20181217_KBL_TM_Lakes_GEODES_All3_QE-HF_C18_USDAY46918_POS_MSMS_50_GEO-SP-12-F_1_Rg80to1200-CE102040-0-4-S1_Run183.mzML,99720417,.mzml,Error processing 20181217_KBL_TM_Lakes_GEODES_All3_QE-HF_C18_USDAY46918_POS_MSMS_50_GEO-SP-12-F_1_Rg80to1200-CE102040-0-4-S1_Run183.mzML after 1 attempts: Mixed polarities detected in scan data,2026-07-08T00:17:53.100000,,,,
20181217_KBL_TM_Lakes_GEODES_All3_QE-HF_C18_USDAY46918_POS_MSMS_50_GEO-SP-12-F_1_Rg80to1200-CE102040-0-4-S1_Run183.mzML,/mnt/Volumes/LaCie/nmdc_data/mcmahon_11_fkbnah04/raw/20181217_KBL_TM_Lakes_GEODES_All3_QE-HF_C18_USDAY46918_POS_MSMS_50_GEO-SP-12-F_1_Rg80to1200-CE102040-0-4-S1_Run183.mzML,99720417,.mzml,Error processing 20181217_KBL_TM_Lakes_GEODES_All3_QE-HF_C18_USDAY46918_POS_MSMS_50_GEO-SP-12-F_1_Rg80to1200-CE102040-0-4-S1_Run183.mzML after 1 attempts: Mixed polarities detected in scan data,2026-07-08T00:17:53.100000,,,,
20181217_KBL_TM_Lakes_GEODES_All3_QE-HF_C18_USDAY46918_POS_MSMS_21_GEO-SP-40-UF_1_Rg80to1200-CE102040-0-4-S1_Run83.mzML,/mnt/Volumes/LaCie/nmdc_data/mcmahon_11_fkbnah04/raw/20181217_KBL_TM_Lakes_GEODES_All3_QE-HF_C18_USDAY46918_POS_MSMS_21_GEO-SP-40-UF_1_Rg80to1200-CE102040-0-4-S1_Run83.mzML,104899289,.mzml,Error processing 20181217_KBL_TM_Lakes_GEODES_All3_QE-HF_C18_USDAY46918_POS_MSMS_21_GEO-SP-40-UF_1_Rg80to1200-CE102040-0-4-S1_Run83.mzML after 1 attempts: Mixed polarities detected in scan data,2026-07-08T00:19:40.510000,,,,
20181217_KBL_TM_Lakes_GEODES_All3_QE-HF_C18_USDAY46918_POS_MSMS_21_GEO-SP-40-UF_1_Rg80to1200-CE102040-0-4-S1_Run83.mzML,/mnt/Volumes/LaCie/nmdc_data/mcmahon_11_fkbnah04/raw/20181217_KBL_TM_Lakes_GEODES_All3_QE-HF_C18_USDAY46918_POS_MSMS_21_GEO-SP-40-UF_1_Rg80to1200-CE102040-0-4-S1_Run83.mzML,104899289,.mzml,Error processing 20181217_KBL_TM_Lakes_GEODES_All3_QE-HF_C18_USDAY46918_POS_MSMS_21_GEO-SP-40-UF_1_Rg80to1200-CE102040-0-4-S1_Run83.mzML after 1 attempts: Mixed polarities detected in scan data,2026-07-08T00:19:40.510000,,,,
20181217_KBL_TM_Lakes_GEODES_All3_QE-HF_C18_USDAY46918_POS_MSMS_21_GEO-SP-40-UF_1_Rg80to1200-CE102040-0-4-S1_Run83.mzML,/mnt/Volumes/LaCie/nmdc_data/mcmahon_11_fkbnah04/raw/20181217_KBL_TM_Lakes_GEODES_All3_QE-HF_C18_USDAY46918_POS_MSMS_21_GEO-SP-40-UF_1_Rg80to1200-CE102040-0-4-S1_Run83.mzML,104899289,.mzml,Error processing 20181217_KBL_TM_Lakes_GEODES_All3_QE-HF_C18_USDAY46918_POS_MSMS_21_GEO-SP-40-UF_1_Rg80to1200-CE102040-0-4-S1_Run83.mzML after 1 attempts: Mixed polarities detected in scan data,2026-07-08T00:19:40.510000,,,,
20181217_KBL_TM_Lakes_GEODES_All3_QE-HF_C18_USDAY46918_POS_MSMS_28_GEO-TB-20-UF_1_Rg80to1200-CE102040-0-1-S1_Run107.mzML,/mnt/Volumes/LaCie/nmdc_data/mcmahon_11_fkbnah04/raw/20181217_KBL_TM_Lakes_GEODES_All3_QE-HF_C18_USDAY46918_POS_MSMS_28_GEO-TB-20-UF_1_Rg80to1200-CE102040-0-1-S1_Run107.mzML,106674570,.mzml,Error processing 20181217_KBL_TM_Lakes_GEODES_All3_QE-HF_C18_USDAY46918_POS_MSMS_28_GEO-TB-20-UF_1_Rg80to1200-CE102040-0-1-S1_Run107.mzML after 1 attempts: Mixed polarities detected in scan data,2026-07-08T00:20:25.590000,,,,
20181217_KBL_TM_Lakes_GEODES_All3_QE-HF_C18_USDAY46918_POS_MSMS_28_GEO-TB-20-UF_1_Rg80to1200-CE102040-0-1-S1_Run107.mzML,/mnt/Volumes/LaCie/nmdc_data/mcmahon_11_fkbnah04/raw/20181217_KBL_TM_Lakes_GEODES_All3_QE-HF_C18_USDAY46918_POS_MSMS_28_GEO-TB-20-UF_1_Rg80to1200-CE102040-0-1-S1_Run107.mzML,106674570,.mzml,Error processing 20181217_KBL_TM_Lakes_GEODES_All3_QE-HF_C18_USDAY46918_POS_MSMS_28_GEO-TB-20-UF_1_Rg80to1200-CE102040-0-1-S1_Run107.mzML after 1 attempts: Mixed polarities detected in scan data,2026-07-08T00:20:25.590000,,,,
20181217_KBL_TM_Lakes_GEODES_All3_QE-HF_C18_USDAY46918_POS_MSMS_28_GEO-TB-20-UF_1_Rg80to1200-CE102040-0-1-S1_Run107.mzML,/mnt/Volumes/LaCie/nmdc_data/mcmahon_11_fkbnah04/raw/20181217_KBL_TM_Lakes_GEODES_All3_QE-HF_C18_USDAY46918_POS_MSMS_28_GEO-TB-20-UF_1_Rg80to1200-CE102040-0-1-S1_Run107.mzML,106674570,.mzml,Error processing 20181217_KBL_TM_Lakes_GEODES_All3_QE-HF_C18_USDAY46918_POS_MSMS_28_GEO-TB-20-UF_1_Rg80to1200-CE102040-0-1-S1_Run107.mzML after 1 attempts: Mixed polarities detected in scan data,2026-07-08T00:20:25.590000,,,,
20181217_KBL_TM_Lakes_Mendota_DepthDate_QE-HF_C18_USDAY46918_NEG_MSMS_12_ME-20170908-metabo-12_1_Rg80to1200-CE102040-14p5-S1_Run52.mzML,/mnt/Volumes/LaCie/nmdc_data/mcmahon_11_fkbnah04/raw/20181217_KBL_TM_Lakes_Mendota_DepthDate_QE-HF_C18_USDAY46918_NEG_MSMS_12_ME-20170908-metabo-12_1_Rg80to1200-CE102040-14p5-S1_Run52.mzML,78285685,.mzml,Error processing 20181217_KBL_TM_Lakes_Mendota_DepthDate_QE-HF_C18_USDAY46918_NEG_MSMS_12_ME-20170908-metabo-12_1_Rg80to1200-CE102040-14p5-S1_Run52.mzML after 1 attempts: Mixed polarities detected in scan data,2026-07-08T00:21:49.770000,,,,
20181217_KBL_TM_Lakes_Mendota_DepthDate_QE-HF_C18_USDAY46918_NEG_MSMS_12_ME-20170908-metabo-12_1_Rg80to1200-CE102040-14p5-S1_Run52.mzML,/mnt/Volumes/LaCie/nmdc_data/mcmahon_11_fkbnah04/raw/20181217_KBL_TM_Lakes_Mendota_DepthDate_QE-HF_C18_USDAY46918_NEG_MSMS_12_ME-20170908-metabo-12_1_Rg80to1200-CE102040-14p5-S1_Run52.mzML,78285685,.mzml,Error processing 20181217_KBL_TM_Lakes_Mendota_DepthDate_QE-HF_C18_USDAY46918_NEG_MSMS_12_ME-20170908-metabo-12_1_Rg80to1200-CE102040-14p5-S1_Run52.mzML after 1 attempts: Mixed polarities detected in scan data,2026-07-08T00:21:49.770000,,,,
20181217_KBL_TM_Lakes_Mendota_DepthDate_QE-HF_C18_USDAY46918_NEG_MSMS_12_ME-20170908-metabo-12_1_Rg80to1200-CE102040-14p5-S1_Run52.mzML,/mnt/Volumes/LaCie/nmdc_data/mcmahon_11_fkbnah04/raw/20181217_KBL_TM_Lakes_Mendota_DepthDate_QE-HF_C18_USDAY46918_NEG_MSMS_12_ME-20170908-metabo-12_1_Rg80to1200-CE102040-14p5-S1_Run52.mzML,78285685,.mzml,Error processing 20181217_KBL_TM_Lakes_Mendota_DepthDate_QE-HF_C18_USDAY46918_NEG_MSMS_12_ME-20170908-metabo-12_1_Rg80to1200-CE102040-14p5-S1_Run52.mzML after 1 attempts: Mixed polarities detected in scan data,2026-07-08T00:21:49.770000,,,,
20181217_KBL_TM_Lakes_GEODES_All3_QE-HF_C18_USDAY46918_NEG_MSMS_47_GEO-ME-4-F_1_Rg80to1200-CE102040-0-7-S1_Run175.mzML,/mnt/Volumes/LaCie/nmdc_data/mcmahon_11_fkbnah04/raw/20181217_KBL_TM_Lakes_GEODES_All3_QE-HF_C18_USDAY46918_NEG_MSMS_47_GEO-ME-4-F_1_Rg80to1200-CE102040-0-7-S1_Run175.mzML,77700636,.mzml,Error processing 20181217_KBL_TM_Lakes_GEODES_All3_QE-HF_C18_USDAY46918_NEG_MSMS_47_GEO-ME-4-F_1_Rg80to1200-CE102040-0-7-S1_Run175.mzML after 1 attempts: Mixed polarities detected in scan data,2026-07-08T00:22:24.300000,,,,
20181217_KBL_TM_Lakes_GEODES_All3_QE-HF_C18_USDAY46918_NEG_MSMS_47_GEO-ME-4-F_1_Rg80to1200-CE102040-0-7-S1_Run175.mzML,/mnt/Volumes/LaCie/nmdc_data/mcmahon_11_fkbnah04/raw/20181217_KBL_TM_Lakes_GEODES_All3_QE-HF_C18_USDAY46918_NEG_MSMS_47_GEO-ME-4-F_1_Rg80to1200-CE102040-0-7-S1_Run175.mzML,77700636,.mzml,Error processing 20181217_KBL_TM_Lakes_GEODES_All3_QE-HF_C18_USDAY46918_NEG_MSMS_47_GEO-ME-4-F_1_Rg80to1200-CE102040-0-7-S1_Run175.mzML after 1 attempts: Mixed polarities detected in scan data,2026-07-08T00:22:24.300000,,,,
20181217_KBL_TM_Lakes_GEODES_All3_QE-HF_C18_USDAY46918_NEG_MSMS_47_GEO-ME-4-F_1_Rg80to1200-CE102040-0-7-S1_Run175.mzML,/mnt/Volumes/LaCie/nmdc_data/mcmahon_11_fkbnah04/raw/20181217_KBL_TM_Lakes_GEODES_All3_QE-HF_C18_USDAY46918_NEG_MSMS_47_GEO-ME-4-F_1_Rg80to1200-CE102040-0-7-S1_Run175.mzML,77700636,.mzml,Error processing 20181217_KBL_TM_Lakes_GEODES_All3_QE-HF_C18_USDAY46918_NEG_MSMS_47_GEO-ME-4-F_1_Rg80to1200-CE102040-0-7-S1_Run175.mzML after 1 attempts: Mixed polarities detected in scan data,2026-07-08T00:22:24.300000,,,,
20181217_KBL_TM_Lakes_Mendota_DepthDate_QE-HF_C18_USDAY46918_NEG_MSMS_4_ME-20170811-metabo-4_1_Rg80to1200-CE102040-13p15-S1_Run25.mzML,/mnt/Volumes/LaCie/nmdc_data/mcmahon_11_fkbnah04/raw/20181217_KBL_TM_Lakes_Mendota_DepthDate_QE-HF_C18_USDAY46918_NEG_MSMS_4_ME-20170811-metabo-4_1_Rg80to1200-CE102040-13p15-S1_Run25.mzML,74420918,.mzml,Error processing 20181217_KBL_TM_Lakes_Mendota_DepthDate_QE-HF_C18_USDAY46918_NEG_MSMS_4_ME-20170811-metabo-4_1_Rg80to1200-CE102040-13p15-S1_Run25.mzML after 1 attempts: Mixed polarities detected in scan data,2026-07-08T00:23:10.400000,,,,
20181217_KBL_TM_Lakes_Mendota_DepthDate_QE-HF_C18_USDAY46918_NEG_MSMS_4_ME-20170811-metabo-4_1_Rg80to1200-CE102040-13p15-S1_Run25.mzML,/mnt/Volumes/LaCie/nmdc_data/mcmahon_11_fkbnah04/raw/20181217_KBL_TM_Lakes_Mendota_DepthDate_QE-HF_C18_USDAY46918_NEG_MSMS_4_ME-20170811-metabo-4_1_Rg80to1200-CE102040-13p15-S1_Run25.mzML,74420918,.mzml,Error processing 20181217_KBL_TM_Lakes_Mendota_DepthDate_QE-HF_C18_USDAY46918_NEG_MSMS_4_ME-20170811-metabo-4_1_Rg80to1200-CE102040-13p15-S1_Run25.mzML after 1 attempts: Mixed polarities detected in scan data,2026-07-08T00:23:10.400000,,,,
20181217_KBL_TM_Lakes_Mendota_DepthDate_QE-HF_C18_USDAY46918_NEG_MSMS_4_ME-20170811-metabo-4_1_Rg80to1200-CE102040-13p15-S1_Run25.mzML,/mnt/Volumes/LaCie/nmdc_data/mcmahon_11_fkbnah04/raw/20181217_KBL_TM_Lakes_Mendota_DepthDate_QE-HF_C18_USDAY46918_NEG_MSMS_4_ME-20170811-metabo-4_1_Rg80to1200-CE102040-13p15-S1_Run25.mzML,74420918,.mzml,Error processing 20181217_KBL_TM_Lakes_Mendota_DepthDate_QE-HF_C18_USDAY46918_NEG_MSMS_4_ME-20170811-metabo-4_1_Rg80to1200-CE102040-13p15-S1_Run25.mzML after 1 attempts: Mixed polarities detected in scan data,2026-07-08T00:23:10.400000,,,,
20181217_KBL_TM_Lakes_GEODES_All3_QE-HF_C18_USDAY46918_POS_MSMS_10_GEO-ME-44-UF_1_Rg80to1200-CE102040-0-7-S1_Run45.mzML,/mnt/Volumes/LaCie/nmdc_data/mcmahon_11_fkbnah04/raw/20181217_KBL_TM_Lakes_GEODES_All3_QE-HF_C18_USDAY46918_POS_MSMS_10_GEO-ME-44-UF_1_Rg80to1200-CE102040-0-7-S1_Run45.mzML,103946589,.mzml,Error processing 20181217_KBL_TM_Lakes_GEODES_All3_QE-HF_C18_USDAY46918_POS_MSMS_10_GEO-ME-44-UF_1_Rg80to1200-CE102040-0-7-S1_Run45.mzML after 1 attempts: Mixed polarities detected in scan data,2026-07-08T00:23:04.100000,,,,
20180918_KBL_TM_Lakes_GEODES_All3_QE-HF_HILICZ-VF1_USHXG01161_POS_MSMS_38_GEO-ME-12-F_1_Rg70to1050-CE102040-0-7-S1_Run142.mzML,/mnt/Volumes/LaCie/nmdc_data/mcmahon_11_fkbnah04/raw/20180918_KBL_TM_Lakes_GEODES_All3_QE-HF_HILICZ-VF1_USHXG01161_POS_MSMS_38_GEO-ME-12-F_1_Rg70to1050-CE102040-0-7-S1_Run142.mzML,176599573,.mzml,Error processing 20180918_KBL_TM_Lakes_GEODES_All3_QE-HF_HILICZ-VF1_USHXG01161_POS_MSMS_38_GEO-ME-12-F_1_Rg70to1050-CE102040-0-7-S1_Run142.mzML after 1 attempts: Mixed polarities detected in scan data,2026-07-08T00:22:02.840000,,,,
20180918_KBL_TM_Lakes_GEODES_All3_QE-HF_HILICZ-VF1_USHXG01161_POS_MSMS_38_GEO-ME-12-F_1_Rg70to1050-CE102040-0-7-S1_Run142.mzML,/mnt/Volumes/LaCie/nmdc_data/mcmahon_11_fkbnah04/raw/20180918_KBL_TM_Lakes_GEODES_All3_QE-HF_HILICZ-VF1_USHXG01161_POS_MSMS_38_GEO-ME-12-F_1_Rg70to1050-CE102040-0-7-S1_Run142.mzML,176599573,.mzml,Error processing 20180918_KBL_TM_Lakes_GEODES_All3_QE-HF_HILICZ-VF1_USHXG01161_POS_MSMS_38_GEO-ME-12-F_1_Rg70to1050-CE102040-0-7-S1_Run142.mzML after 1 attempts: Mixed polarities detected in scan data,2026-07-08T00:22:02.840000,,,,
20180918_KBL_TM_Lakes_GEODES_All3_QE-HF_HILICZ-VF1_USHXG01161_POS_MSMS_38_GEO-ME-12-F_1_Rg70to1050-CE102040-0-7-S1_Run142.mzML,/mnt/Volumes/LaCie/nmdc_data/mcmahon_11_fkbnah04/raw/20180918_KBL_TM_Lakes_GEODES_All3_QE-HF_HILICZ-VF1_USHXG01161_POS_MSMS_38_GEO-ME-12-F_1_Rg70to1050-CE102040-0-7-S1_Run142.mzML,176599573,.mzml,Error processing 20180918_KBL_TM_Lakes_GEODES_All3_QE-HF_HILICZ-VF1_USHXG01161_POS_MSMS_38_GEO-ME-12-F_1_Rg70to1050-CE102040-0-7-S1_Run142.mzML after 1 attempts: Mixed polarities detected in scan data,2026-07-08T00:22:02.840000,,,,
20181217_KBL_TM_Lakes_GEODES_All3_QE-HF_C18_USDAY46918_POS_MSMS_10_GEO-ME-44-UF_1_Rg80to1200-CE102040-0-7-S1_Run45.mzML,/mnt/Volumes/LaCie/nmdc_data/mcmahon_11_fkbnah04/raw/20181217_KBL_TM_Lakes_GEODES_All3_QE-HF_C18_USDAY46918_POS_MSMS_10_GEO-ME-44-UF_1_Rg80to1200-CE102040-0-7-S1_Run45.mzML,103946589,.mzml,Error processing 20181217_KBL_TM_Lakes_GEODES_All3_QE-HF_C18_USDAY46918_POS_MSMS_10_GEO-ME-44-UF_1_Rg80to1200-CE102040-0-7-S1_Run45.mzML after 1 attempts: Mixed polarities detected in scan data,2026-07-08T00:23:04.100000,,,,
20181217_KBL_TM_Lakes_GEODES_All3_QE-HF_C18_USDAY46918_POS_MSMS_10_GEO-ME-44-UF_1_Rg80to1200-CE102040-0-7-S1_Run45.mzML,/mnt/Volumes/LaCie/nmdc_data/mcmahon_11_fkbnah04/raw/20181217_KBL_TM_Lakes_GEODES_All3_QE-HF_C18_USDAY46918_POS_MSMS_10_GEO-ME-44-UF_1_Rg80to1200-CE102040-0-7-S1_Run45.mzML,103946589,.mzml,Error processing 20181217_KBL_TM_Lakes_GEODES_All3_QE-HF_C18_USDAY46918_POS_MSMS_10_GEO-ME-44-UF_1_Rg80to1200-CE102040-0-7-S1_Run45.mzML after 1 attempts: Mixed polarities detected in scan data,2026-07-08T00:23:04.100000,,,,
20181217_KBL_TM_Lakes_GEODES_All3_QE-HF_C18_USDAY46918_NEG_MSMS_69_GEO-TB-40-F_1_Rg80to1200-CE102040-0-1-S1_Run249.mzML,/mnt/Volumes/LaCie/nmdc_data/mcmahon_11_fkbnah04/raw/20181217_KBL_TM_Lakes_GEODES_All3_QE-HF_C18_USDAY46918_NEG_MSMS_69_GEO-TB-40-F_1_Rg80to1200-CE102040-0-1-S1_Run249.mzML,85367017,.mzml,Error processing 20181217_KBL_TM_Lakes_GEODES_All3_QE-HF_C18_USDAY46918_NEG_MSMS_69_GEO-TB-40-F_1_Rg80to1200-CE102040-0-1-S1_Run249.mzML after 1 attempts: Mixed polarities detected in scan data,2026-07-08T00:24:51.550000,,,,
20181217_KBL_TM_Lakes_GEODES_All3_QE-HF_C18_USDAY46918_NEG_MSMS_69_GEO-TB-40-F_1_Rg80to1200-CE102040-0-1-S1_Run249.mzML,/mnt/Volumes/LaCie/nmdc_data/mcmahon_11_fkbnah04/raw/20181217_KBL_TM_Lakes_GEODES_All3_QE-HF_C18_USDAY46918_NEG_MSMS_69_GEO-TB-40-F_1_Rg80to1200-CE102040-0-1-S1_Run249.mzML,85367017,.mzml,Error processing 20181217_KBL_TM_Lakes_GEODES_All3_QE-HF_C18_USDAY46918_NEG_MSMS_69_GEO-TB-40-F_1_Rg80to1200-CE102040-0-1-S1_Run249.mzML after 1 attempts: Mixed polarities detected in scan data,2026-07-08T00:24:51.550000,,,,
20181217_KBL_TM_Lakes_GEODES_All3_QE-HF_C18_USDAY46918_NEG_MSMS_69_GEO-TB-40-F_1_Rg80to1200-CE102040-0-1-S1_Run249.mzML,/mnt/Volumes/LaCie/nmdc_data/mcmahon_11_fkbnah04/raw/20181217_KBL_TM_Lakes_GEODES_All3_QE-HF_C18_USDAY46918_NEG_MSMS_69_GEO-TB-40-F_1_Rg80to1200-CE102040-0-1-S1_Run249.mzML,85367017,.mzml,Error processing 20181217_KBL_TM_Lakes_GEODES_All3_QE-HF_C18_USDAY46918_NEG_MSMS_69_GEO-TB-40-F_1_Rg80to1200-CE102040-0-1-S1_Run249.mzML after 1 attempts: Mixed polarities detected in scan data,2026-07-08T00:24:51.550000,,,,
20181217_KBL_TM_Lakes_GEODES_All3_QE-HF_C18_USDAY46918_POS_MSMS_54_GEO-SP-28-F_1_Rg80to1200-CE102040-0-4-S1_Run198.mzML,/mnt/Volumes/LaCie/nmdc_data/mcmahon_11_fkbnah04/raw/20181217_KBL_TM_Lakes_GEODES_All3_QE-HF_C18_USDAY46918_POS_MSMS_54_GEO-SP-28-F_1_Rg80to1200-CE102040-0-4-S1_Run198.mzML,97676421,.mzml,Error processing 20181217_KBL_TM_Lakes_GEODES_All3_QE-HF_C18_USDAY46918_POS_MSMS_54_GEO-SP-28-F_1_Rg80to1200-CE102040-0-4-S1_Run198.mzML after 1 attempts: Mixed polarities detected in scan data,2026-07-08T00:25:00.080000,,,,
20181217_KBL_TM_Lakes_GEODES_All3_QE-HF_C18_USDAY46918_POS_MSMS_54_GEO-SP-28-F_1_Rg80to1200-CE102040-0-4-S1_Run198.mzML,/mnt/Volumes/LaCie/nmdc_data/mcmahon_11_fkbnah04/raw/20181217_KBL_TM_Lakes_GEODES_All3_QE-HF_C18_USDAY46918_POS_MSMS_54_GEO-SP-28-F_1_Rg80to1200-CE102040-0-4-S1_Run198.mzML,97676421,.mzml,Error processing 20181217_KBL_TM_Lakes_GEODES_All3_QE-HF_C18_USDAY46918_POS_MSMS_54_GEO-SP-28-F_1_Rg80to1200-CE102040-0-4-S1_Run198.mzML after 1 attempts: Mixed polarities detected in scan data,2026-07-08T00:25:00.080000,,,,
20181217_KBL_TM_Lakes_GEODES_All3_QE-HF_C18_USDAY46918_POS_MSMS_54_GEO-SP-28-F_1_Rg80to1200-CE102040-0-4-S1_Run198.mzML,/mnt/Volumes/LaCie/nmdc_data/mcmahon_11_fkbnah04/raw/20181217_KBL_TM_Lakes_GEODES_All3_QE-HF_C18_USDAY46918_POS_MSMS_54_GEO-SP-28-F_1_Rg80to1200-CE102040-0-4-S1_Run198.mzML,97676421,.mzml,Error processing 20181217_KBL_TM_Lakes_GEODES_All3_QE-HF_C18_USDAY46918_POS_MSMS_54_GEO-SP-28-F_1_Rg80to1200-CE102040-0-4-S1_Run198.mzML after 1 attempts: Mixed polarities detected in scan data,2026-07-08T00:25:00.080000,,,,
20180918_KBL_TM_Lakes_GEODES_All3_QE-HF_HILICZ-VF1_USHXG01161_NEG_MSMS_71_GEO-TB-4-F_1_Rg70to1050-CE102040-0-1-S1_Run255.mzML,/mnt/Volumes/LaCie/nmdc_data/mcmahon_11_fkbnah04/raw/20180918_KBL_TM_Lakes_GEODES_All3_QE-HF_HILICZ-VF1_USHXG01161_NEG_MSMS_71_GEO-TB-4-F_1_Rg70to1050-CE102040-0-1-S1_Run255.mzML,201331809,.mzml,Error processing 20180918_KBL_TM_Lakes_GEODES_All3_QE-HF_HILICZ-VF1_USHXG01161_NEG_MSMS_71_GEO-TB-4-F_1_Rg70to1050-CE102040-0-1-S1_Run255.mzML after 1 attempts: Mixed polarities detected in scan data,2026-07-08T00:23:28.300000,,,,
20180918_KBL_TM_Lakes_GEODES_All3_QE-HF_HILICZ-VF1_USHXG01161_NEG_MSMS_71_GEO-TB-4-F_1_Rg70to1050-CE102040-0-1-S1_Run255.mzML,/mnt/Volumes/LaCie/nmdc_data/mcmahon_11_fkbnah04/raw/20180918_KBL_TM_Lakes_GEODES_All3_QE-HF_HILICZ-VF1_USHXG01161_NEG_MSMS_71_GEO-TB-4-F_1_Rg70to1050-CE102040-0-1-S1_Run255.mzML,201331809,.mzml,Error processing 20180918_KBL_TM_Lakes_GEODES_All3_QE-HF_HILICZ-VF1_USHXG01161_NEG_MSMS_71_GEO-TB-4-F_1_Rg70to1050-CE102040-0-1-S1_Run255.mzML after 1 attempts: Mixed polarities detected in scan data,2026-07-08T00:23:28.300000,,,,
20180918_KBL_TM_Lakes_GEODES_All3_QE-HF_HILICZ-VF1_USHXG01161_NEG_MSMS_71_GEO-TB-4-F_1_Rg70to1050-CE102040-0-1-S1_Run255.mzML,/mnt/Volumes/LaCie/nmdc_data/mcmahon_11_fkbnah04/raw/20180918_KBL_TM_Lakes_GEODES_All3_QE-HF_HILICZ-VF1_USHXG01161_NEG_MSMS_71_GEO-TB-4-F_1_Rg70to1050-CE102040-0-1-S1_Run255.mzML,201331809,.mzml,Error processing 20180918_KBL_TM_Lakes_GEODES_All3_QE-HF_HILICZ-VF1_USHXG01161_NEG_MSMS_71_GEO-TB-4-F_1_Rg70to1050-CE102040-0-1-S1_Run255.mzML after 1 attempts: Mixed polarities detected in scan data,2026-07-08T00:23:28.300000,,,,
20180918_KBL_TM_Lakes_GEODES_All3_QE-HF_HILICZ-VF1_USHXG01161_POS_MSMS_11_GEO-ME-4-UF_1_Rg70to1050-CE102040-0-7-S1_Run48.mzML,/mnt/Volumes/LaCie/nmdc_data/mcmahon_11_fkbnah04/raw/20180918_KBL_TM_Lakes_GEODES_All3_QE-HF_HILICZ-VF1_USHXG01161_POS_MSMS_11_GEO-ME-4-UF_1_Rg70to1050-CE102040-0-7-S1_Run48.mzML,175081584,.mzml,Error processing 20180918_KBL_TM_Lakes_GEODES_All3_QE-HF_HILICZ-VF1_USHXG01161_POS_MSMS_11_GEO-ME-4-UF_1_Rg70to1050-CE102040-0-7-S1_Run48.mzML after 1 attempts: Mixed polarities detected in scan data,2026-07-08T00:23:52.310000,,,,
20180918_KBL_TM_Lakes_GEODES_All3_QE-HF_HILICZ-VF1_USHXG01161_POS_MSMS_11_GEO-ME-4-UF_1_Rg70to1050-CE102040-0-7-S1_Run48.mzML,/mnt/Volumes/LaCie/nmdc_data/mcmahon_11_fkbnah04/raw/20180918_KBL_TM_Lakes_GEODES_All3_QE-HF_HILICZ-VF1_USHXG01161_POS_MSMS_11_GEO-ME-4-UF_1_Rg70to1050-CE102040-0-7-S1_Run48.mzML,175081584,.mzml,Error processing 20180918_KBL_TM_Lakes_GEODES_All3_QE-HF_HILICZ-VF1_USHXG01161_POS_MSMS_11_GEO-ME-4-UF_1_Rg70to1050-CE102040-0-7-S1_Run48.mzML after 1 attempts: Mixed polarities detected in scan data,2026-07-08T00:23:52.310000,,,,
20180918_KBL_TM_Lakes_GEODES_All3_QE-HF_HILICZ-VF1_USHXG01161_POS_MSMS_11_GEO-ME-4-UF_1_Rg70to1050-CE102040-0-7-S1_Run48.mzML,/mnt/Volumes/LaCie/nmdc_data/mcmahon_11_fkbnah04/raw/20180918_KBL_TM_Lakes_GEODES_All3_QE-HF_HILICZ-VF1_USHXG01161_POS_MSMS_11_GEO-ME-4-UF_1_Rg70to1050-CE102040-0-7-S1_Run48.mzML,175081584,.mzml,Error processing 20180918_KBL_TM_Lakes_GEODES_All3_QE-HF_HILICZ-VF1_USHXG01161_POS_MSMS_11_GEO-ME-4-UF_1_Rg70to1050-CE102040-0-7-S1_Run48.mzML after 1 attempts: Mixed polarities detected in scan data,2026-07-08T00:23:52.310000,,,,
20181217_KBL_TM_Lakes_GEODES_All3_QE-HF_C18_USDAY46918_POS_MSMS_39_GEO-ME-16-F_1_Rg80to1200-CE102040-0-7-S1_Run145.mzML,/mnt/Volumes/LaCie/nmdc_data/mcmahon_11_fkbnah04/raw/20181217_KBL_TM_Lakes_GEODES_All3_QE-HF_C18_USDAY46918_POS_MSMS_39_GEO-ME-16-F_1_Rg80to1200-CE102040-0-7-S1_Run145.mzML,101011781,.mzml,Error processing 20181217_KBL_TM_Lakes_GEODES_All3_QE-HF_C18_USDAY46918_POS_MSMS_39_GEO-ME-16-F_1_Rg80to1200-CE102040-0-7-S1_Run145.mzML after 1 attempts: Mixed polarities detected in scan data,2026-07-08T00:25:59.850000,,,,
20181217_KBL_TM_Lakes_GEODES_All3_QE-HF_C18_USDAY46918_POS_MSMS_39_GEO-ME-16-F_1_Rg80to1200-CE102040-0-7-S1_Run145.mzML,/mnt/Volumes/LaCie/nmdc_data/mcmahon_11_fkbnah04/raw/20181217_KBL_TM_Lakes_GEODES_All3_QE-HF_C18_USDAY46918_POS_MSMS_39_GEO-ME-16-F_1_Rg80to1200-CE102040-0-7-S1_Run145.mzML,101011781,.mzml,Error processing 20181217_KBL_TM_Lakes_GEODES_All3_QE-HF_C18_USDAY46918_POS_MSMS_39_GEO-ME-16-F_1_Rg80to1200-CE102040-0-7-S1_Run145.mzML after 1 attempts: Mixed polarities detected in scan data,2026-07-08T00:25:59.850000,,,,
20181217_KBL_TM_Lakes_GEODES_All3_QE-HF_C18_USDAY46918_POS_MSMS_39_GEO-ME-16-F_1_Rg80to1200-CE102040-0-7-S1_Run145.mzML,/mnt/Volumes/LaCie/nmdc_data/mcmahon_11_fkbnah04/raw/20181217_KBL_TM_Lakes_GEODES_All3_QE-HF_C18_USDAY46918_POS_MSMS_39_GEO-ME-16-F_1_Rg80to1200-CE102040-0-7-S1_Run145.mzML,101011781,.mzml,Error processing 20181217_KBL_TM_Lakes_GEODES_All3_QE-HF_C18_USDAY46918_POS_MSMS_39_GEO-ME-16-F_1_Rg80to1200-CE102040-0-7-S1_Run145.mzML after 1 attempts: Mixed polarities detected in scan data,2026-07-08T00:25:59.850000,,,,
20181217_KBL_TM_Lakes_GEODES_All3_QE-HF_C18_USDAY46918_NEG_MSMS_53_GEO-SP-24-F_1_Rg80to1200-CE102040-0-4-S1_Run193.mzML,/mnt/Volumes/LaCie/nmdc_data/mcmahon_11_fkbnah04/raw/20181217_KBL_TM_Lakes_GEODES_All3_QE-HF_C18_USDAY46918_NEG_MSMS_53_GEO-SP-24-F_1_Rg80to1200-CE102040-0-4-S1_Run193.mzML,79829046,.mzml,Error processing 20181217_KBL_TM_Lakes_GEODES_All3_QE-HF_C18_USDAY46918_NEG_MSMS_53_GEO-SP-24-F_1_Rg80to1200-CE102040-0-4-S1_Run193.mzML after 1 attempts: Mixed polarities detected in scan data,2026-07-08T00:26:07.100000,,,,
20181217_KBL_TM_Lakes_GEODES_All3_QE-HF_C18_USDAY46918_NEG_MSMS_53_GEO-SP-24-F_1_Rg80to1200-CE102040-0-4-S1_Run193.mzML,/mnt/Volumes/LaCie/nmdc_data/mcmahon_11_fkbnah04/raw/20181217_KBL_TM_Lakes_GEODES_All3_QE-HF_C18_USDAY46918_NEG_MSMS_53_GEO-SP-24-F_1_Rg80to1200-CE102040-0-4-S1_Run193.mzML,79829046,.mzml,Error processing 20181217_KBL_TM_Lakes_GEODES_All3_QE-HF_C18_USDAY46918_NEG_MSMS_53_GEO-SP-24-F_1_Rg80to1200-CE102040-0-4-S1_Run193.mzML after 1 attempts: Mixed polarities detected in scan data,2026-07-08T00:26:07.100000,,,,
20181217_KBL_TM_Lakes_GEODES_All3_QE-HF_C18_USDAY46918_NEG_MSMS_53_GEO-SP-24-F_1_Rg80to1200-CE102040-0-4-S1_Run193.mzML,/mnt/Volumes/LaCie/nmdc_data/mcmahon_11_fkbnah04/raw/20181217_KBL_TM_Lakes_GEODES_All3_QE-HF_C18_USDAY46918_NEG_MSMS_53_GEO-SP-24-F_1_Rg80to1200-CE102040-0-4-S1_Run193.mzML,79829046,.mzml,Error processing 20181217_KBL_TM_Lakes_GEODES_All3_QE-HF_C18_USDAY46918_NEG_MSMS_53_GEO-SP-24-F_1_Rg80to1200-CE102040-0-4-S1_Run193.mzML after 1 attempts: Mixed polarities detected in scan data,2026-07-08T00:26:07.100000,,,,
20180918_KBL_TM_Lakes_GEODES_All3_QE-HF_HILICZ-VF1_USHXG01161_NEG_MSMS_48_GEO-ME-8-F_1_Rg70to1050-CE102040-0-7-S1_Run178.mzML,/mnt/Volumes/LaCie/nmdc_data/mcmahon_11_fkbnah04/raw/20180918_KBL_TM_Lakes_GEODES_All3_QE-HF_HILICZ-VF1_USHXG01161_NEG_MSMS_48_GEO-ME-8-F_1_Rg70to1050-CE102040-0-7-S1_Run178.mzML,169162187,.mzml,Error processing 20180918_KBL_TM_Lakes_GEODES_All3_QE-HF_HILICZ-VF1_USHXG01161_NEG_MSMS_48_GEO-ME-8-F_1_Rg70to1050-CE102040-0-7-S1_Run178.mzML after 1 attempts: Mixed polarities detected in scan data,2026-07-08T00:25:34.810000,,,,
20180918_KBL_TM_Lakes_GEODES_All3_QE-HF_HILICZ-VF1_USHXG01161_NEG_MSMS_48_GEO-ME-8-F_1_Rg70to1050-CE102040-0-7-S1_Run178.mzML,/mnt/Volumes/LaCie/nmdc_data/mcmahon_11_fkbnah04/raw/20180918_KBL_TM_Lakes_GEODES_All3_QE-HF_HILICZ-VF1_USHXG01161_NEG_MSMS_48_GEO-ME-8-F_1_Rg70to1050-CE102040-0-7-S1_Run178.mzML,169162187,.mzml,Error processing 20180918_KBL_TM_Lakes_GEODES_All3_QE-HF_HILICZ-VF1_USHXG01161_NEG_MSMS_48_GEO-ME-8-F_1_Rg70to1050-CE102040-0-7-S1_Run178.mzML after 1 attempts: Mixed polarities detected in scan data,2026-07-08T00:25:34.810000,,,,
20180918_KBL_TM_Lakes_GEODES_All3_QE-HF_HILICZ-VF1_USHXG01161_NEG_MSMS_48_GEO-ME-8-F_1_Rg70to1050-CE102040-0-7-S1_Run178.mzML,/mnt/Volumes/LaCie/nmdc_data/mcmahon_11_fkbnah04/raw/20180918_KBL_TM_Lakes_GEODES_All3_QE-HF_HILICZ-VF1_USHXG01161_NEG_MSMS_48_GEO-ME-8-F_1_Rg70to1050-CE102040-0-7-S1_Run178.mzML,169162187,.mzml,Error processing 20180918_KBL_TM_Lakes_GEODES_All3_QE-HF_HILICZ-VF1_USHXG01161_NEG_MSMS_48_GEO-ME-8-F_1_Rg70to1050-CE102040-0-7-S1_Run178.mzML after 1 attempts: Mixed polarities detected in scan data,2026-07-08T00:25:34.810000,,,,
20180918_KBL_TM_Lakes_GEODES_All3_QE-HF_HILICZ-VF1_USHXG01161_POS_MSMS_28_GEO-TB-20-UF_1_Rg70to1050-CE102040-0-1-S1_Run107.mzML,/mnt/Volumes/LaCie/nmdc_data/mcmahon_11_fkbnah04/raw/20180918_KBL_TM_Lakes_GEODES_All3_QE-HF_HILICZ-VF1_USHXG01161_POS_MSMS_28_GEO-TB-20-UF_1_Rg70to1050-CE102040-0-1-S1_Run107.mzML,191074321,.mzml,Error processing 20180918_KBL_TM_Lakes_GEODES_All3_QE-HF_HILICZ-VF1_USHXG01161_POS_MSMS_28_GEO-TB-20-UF_1_Rg70to1050-CE102040-0-1-S1_Run107.mzML after 1 attempts: Mixed polarities detected in scan data,2026-07-08T00:25:50.790000,,,,
20180918_KBL_TM_Lakes_GEODES_All3_QE-HF_HILICZ-VF1_USHXG01161_POS_MSMS_28_GEO-TB-20-UF_1_Rg70to1050-CE102040-0-1-S1_Run107.mzML,/mnt/Volumes/LaCie/nmdc_data/mcmahon_11_fkbnah04/raw/20180918_KBL_TM_Lakes_GEODES_All3_QE-HF_HILICZ-VF1_USHXG01161_POS_MSMS_28_GEO-TB-20-UF_1_Rg70to1050-CE102040-0-1-S1_Run107.mzML,191074321,.mzml,Error processing 20180918_KBL_TM_Lakes_GEODES_All3_QE-HF_HILICZ-VF1_USHXG01161_POS_MSMS_28_GEO-TB-20-UF_1_Rg70to1050-CE102040-0-1-S1_Run107.mzML after 1 attempts: Mixed polarities detected in scan data,2026-07-08T00:25:50.790000,,,,
20180918_KBL_TM_Lakes_GEODES_All3_QE-HF_HILICZ-VF1_USHXG01161_POS_MSMS_28_GEO-TB-20-UF_1_Rg70to1050-CE102040-0-1-S1_Run107.mzML,/mnt/Volumes/LaCie/nmdc_data/mcmahon_11_fkbnah04/raw/20180918_KBL_TM_Lakes_GEODES_All3_QE-HF_HILICZ-VF1_USHXG01161_POS_MSMS_28_GEO-TB-20-UF_1_Rg70to1050-CE102040-0-1-S1_Run107.mzML,191074321,.mzml,Error processing 20180918_KBL_TM_Lakes_GEODES_All3_QE-HF_HILICZ-VF1_USHXG01161_POS_MSMS_28_GEO-TB-20-UF_1_Rg70to1050-CE102040-0-1-S1_Run107.mzML after 1 attempts: Mixed polarities detected in scan data,2026-07-08T00:25:50.790000,,,,
20181217_KBL_TM_Lakes_GEODES_All3_QE-HF_C18_USDAY46918_POS_MSMS_9_GEO-ME-40-UF_1_Rg80to1200-CE102040-0-7-S1_Run42.mzML,/mnt/Volumes/LaCie/nmdc_data/mcmahon_11_fkbnah04/raw/20181217_KBL_TM_Lakes_GEODES_All3_QE-HF_C18_USDAY46918_POS_MSMS_9_GEO-ME-40-UF_1_Rg80to1200-CE102040-0-7-S1_Run42.mzML,103955552,.mzml,Error processing 20181217_KBL_TM_Lakes_GEODES_All3_QE-HF_C18_USDAY46918_POS_MSMS_9_GEO-ME-40-UF_1_Rg80to1200-CE102040-0-7-S1_Run42.mzML after 1 attempts: Mixed polarities detected in scan data,2026-07-08T00:26:41.640000,,,,
20181217_KBL_TM_Lakes_GEODES_All3_QE-HF_C18_USDAY46918_POS_MSMS_9_GEO-ME-40-UF_1_Rg80to1200-CE102040-0-7-S1_Run42.mzML,/mnt/Volumes/LaCie/nmdc_data/mcmahon_11_fkbnah04/raw/20181217_KBL_TM_Lakes_GEODES_All3_QE-HF_C18_USDAY46918_POS_MSMS_9_GEO-ME-40-UF_1_Rg80to1200-CE102040-0-7-S1_Run42.mzML,103955552,.mzml,Error processing 20181217_KBL_TM_Lakes_GEODES_All3_QE-HF_C18_USDAY46918_POS_MSMS_9_GEO-ME-40-UF_1_Rg80to1200-CE102040-0-7-S1_Run42.mzML after 1 attempts: Mixed polarities detected in scan data,2026-07-08T00:26:41.640000,,,,
20181217_KBL_TM_Lakes_GEODES_All3_QE-HF_C18_USDAY46918_POS_MSMS_9_GEO-ME-40-UF_1_Rg80to1200-CE102040-0-7-S1_Run42.mzML,/mnt/Volumes/LaCie/nmdc_data/mcmahon_11_fkbnah04/raw/20181217_KBL_TM_Lakes_GEODES_All3_QE-HF_C18_USDAY46918_POS_MSMS_9_GEO-ME-40-UF_1_Rg80to1200-CE102040-0-7-S1_Run42.mzML,103955552,.mzml,Error processing 20181217_KBL_TM_Lakes_GEODES_All3_QE-HF_C18_USDAY46918_POS_MSMS_9_GEO-ME-40-UF_1_Rg80to1200-CE102040-0-7-S1_Run42.mzML after 1 attempts: Mixed polarities detected in scan data,2026-07-08T00:26:41.640000,,,,
20181217_KBL_TM_Lakes_GEODES_All3_QE-HF_C18_USDAY46918_NEG_MSMS_15_GEO-SP-16-UF_1_Rg80to1200-CE102040-0-4-S1_Run61.mzML,/mnt/Volumes/LaCie/nmdc_data/mcmahon_11_fkbnah04/raw/20181217_KBL_TM_Lakes_GEODES_All3_QE-HF_C18_USDAY46918_NEG_MSMS_15_GEO-SP-16-UF_1_Rg80to1200-CE102040-0-4-S1_Run61.mzML,86222884,.mzml,Error processing 20181217_KBL_TM_Lakes_GEODES_All3_QE-HF_C18_USDAY46918_NEG_MSMS_15_GEO-SP-16-UF_1_Rg80to1200-CE102040-0-4-S1_Run61.mzML after 1 attempts: Mixed polarities detected in scan data,2026-07-08T00:27:17.240000,,,,
20181217_KBL_TM_Lakes_GEODES_All3_QE-HF_C18_USDAY46918_NEG_MSMS_15_GEO-SP-16-UF_1_Rg80to1200-CE102040-0-4-S1_Run61.mzML,/mnt/Volumes/LaCie/nmdc_data/mcmahon_11_fkbnah04/raw/20181217_KBL_TM_Lakes_GEODES_All3_QE-HF_C18_USDAY46918_NEG_MSMS_15_GEO-SP-16-UF_1_Rg80to1200-CE102040-0-4-S1_Run61.mzML,86222884,.mzml,Error processing 20181217_KBL_TM_Lakes_GEODES_All3_QE-HF_C18_USDAY46918_NEG_MSMS_15_GEO-SP-16-UF_1_Rg80to1200-CE102040-0-4-S1_Run61.mzML after 1 attempts: Mixed polarities detected in scan data,2026-07-08T00:27:17.240000,,,,
20181217_KBL_TM_Lakes_GEODES_All3_QE-HF_C18_USDAY46918_NEG_MSMS_15_GEO-SP-16-UF_1_Rg80to1200-CE102040-0-4-S1_Run61.mzML,/mnt/Volumes/LaCie/nmdc_data/mcmahon_11_fkbnah04/raw/20181217_KBL_TM_Lakes_GEODES_All3_QE-HF_C18_USDAY46918_NEG_MSMS_15_GEO-SP-16-UF_1_Rg80to1200-CE102040-0-4-S1_Run61.mzML,86222884,.mzml,Error processing 20181217_KBL_TM_Lakes_GEODES_All3_QE-HF_C18_USDAY46918_NEG_MSMS_15_GEO-SP-16-UF_1_Rg80to1200-CE102040-0-4-S1_Run61.mzML after 1 attempts: Mixed polarities detected in scan data,2026-07-08T00:27:17.240000,,,,
20180918_KBL_TM_Lakes_GEODES_All3_QE-HF_HILICZ-VF1_USHXG01161_POS_MSMS_51_GEO-SP-16-F_1_Rg70to1050-CE102040-0-4-S1_Run186.mzML,/mnt/Volumes/LaCie/nmdc_data/mcmahon_11_fkbnah04/raw/20180918_KBL_TM_Lakes_GEODES_All3_QE-HF_HILICZ-VF1_USHXG01161_POS_MSMS_51_GEO-SP-16-F_1_Rg70to1050-CE102040-0-4-S1_Run186.mzML,179503193,.mzml,Error processing 20180918_KBL_TM_Lakes_GEODES_All3_QE-HF_HILICZ-VF1_USHXG01161_POS_MSMS_51_GEO-SP-16-F_1_Rg70to1050-CE102040-0-4-S1_Run186.mzML after 1 attempts: Mixed polarities detected in scan data,2026-07-08T00:26:31.620000,,,,
20180918_KBL_TM_Lakes_GEODES_All3_QE-HF_HILICZ-VF1_USHXG01161_POS_MSMS_51_GEO-SP-16-F_1_Rg70to1050-CE102040-0-4-S1_Run186.mzML,/mnt/Volumes/LaCie/nmdc_data/mcmahon_11_fkbnah04/raw/20180918_KBL_TM_Lakes_GEODES_All3_QE-HF_HILICZ-VF1_USHXG01161_POS_MSMS_51_GEO-SP-16-F_1_Rg70to1050-CE102040-0-4-S1_Run186.mzML,179503193,.mzml,Error processing 20180918_KBL_TM_Lakes_GEODES_All3_QE-HF_HILICZ-VF1_USHXG01161_POS_MSMS_51_GEO-SP-16-F_1_Rg70to1050-CE102040-0-4-S1_Run186.mzML after 1 attempts: Mixed polarities detected in scan data,2026-07-08T00:26:31.620000,,,,
20180918_KBL_TM_Lakes_GEODES_All3_QE-HF_HILICZ-VF1_USHXG01161_POS_MSMS_51_GEO-SP-16-F_1_Rg70to1050-CE102040-0-4-S1_Run186.mzML,/mnt/Volumes/LaCie/nmdc_data/mcmahon_11_fkbnah04/raw/20180918_KBL_TM_Lakes_GEODES_All3_QE-HF_HILICZ-VF1_USHXG01161_POS_MSMS_51_GEO-SP-16-F_1_Rg70to1050-CE102040-0-4-S1_Run186.mzML,179503193,.mzml,Error processing 20180918_KBL_TM_Lakes_GEODES_All3_QE-HF_HILICZ-VF1_USHXG01161_POS_MSMS_51_GEO-SP-16-F_1_Rg70to1050-CE102040-0-4-S1_Run186.mzML after 1 attempts: Mixed polarities detected in scan data,2026-07-08T00:26:31.620000,,,,
20181217_KBL_TM_Lakes_Mendota_DepthDate_QE-HF_C18_USDAY46918_NEG_MSMS_24_ME-20171004-metabo-24_1_Rg80to1200-CE102040-0p5-S1_Run96.mzML,/mnt/Volumes/LaCie/nmdc_data/mcmahon_11_fkbnah04/raw/20181217_KBL_TM_Lakes_Mendota_DepthDate_QE-HF_C18_USDAY46918_NEG_MSMS_24_ME-20171004-metabo-24_1_Rg80to1200-CE102040-0p5-S1_Run96.mzML,67640504,.mzml,Error processing 20181217_KBL_TM_Lakes_Mendota_DepthDate_QE-HF_C18_USDAY46918_NEG_MSMS_24_ME-20171004-metabo-24_1_Rg80to1200-CE102040-0p5-S1_Run96.mzML after 1 attempts: Mixed polarities detected in scan data,2026-07-08T00:28:37.510000,,,,
20181217_KBL_TM_Lakes_Mendota_DepthDate_QE-HF_C18_USDAY46918_NEG_MSMS_24_ME-20171004-metabo-24_1_Rg80to1200-CE102040-0p5-S1_Run96.mzML,/mnt/Volumes/LaCie/nmdc_data/mcmahon_11_fkbnah04/raw/20181217_KBL_TM_Lakes_Mendota_DepthDate_QE-HF_C18_USDAY46918_NEG_MSMS_24_ME-20171004-metabo-24_1_Rg80to1200-CE102040-0p5-S1_Run96.mzML,67640504,.mzml,Error processing 20181217_KBL_TM_Lakes_Mendota_DepthDate_QE-HF_C18_USDAY46918_NEG_MSMS_24_ME-20171004-metabo-24_1_Rg80to1200-CE102040-0p5-S1_Run96.mzML after 1 attempts: Mixed polarities detected in scan data,2026-07-08T00:28:37.510000,,,,
20181217_KBL_TM_Lakes_Mendota_DepthDate_QE-HF_C18_USDAY46918_NEG_MSMS_24_ME-20171004-metabo-24_1_Rg80to1200-CE102040-0p5-S1_Run96.mzML,/mnt/Volumes/LaCie/nmdc_data/mcmahon_11_fkbnah04/raw/20181217_KBL_TM_Lakes_Mendota_DepthDate_QE-HF_C18_USDAY46918_NEG_MSMS_24_ME-20171004-metabo-24_1_Rg80to1200-CE102040-0p5-S1_Run96.mzML,67640504,.mzml,Error processing 20181217_KBL_TM_Lakes_Mendota_DepthDate_QE-HF_C18_USDAY46918_NEG_MSMS_24_ME-20171004-metabo-24_1_Rg80to1200-CE102040-0p5-S1_Run96.mzML after 1 attempts: Mixed polarities detected in scan data,2026-07-08T00:28:37.510000,,,,
20180918_KBL_TM_Lakes_GEODES_All3_QE-HF_HILICZ-VF1_USHXG01161_POS_MSMS_7_GEO-ME-32-UF_1_Rg70to1050-CE102040-0-7-S1_Run36.mzML,/mnt/Volumes/LaCie/nmdc_data/mcmahon_11_fkbnah04/raw/20180918_KBL_TM_Lakes_GEODES_All3_QE-HF_HILICZ-VF1_USHXG01161_POS_MSMS_7_GEO-ME-32-UF_1_Rg70to1050-CE102040-0-7-S1_Run36.mzML,173009203,.mzml,Error processing 20180918_KBL_TM_Lakes_GEODES_All3_QE-HF_HILICZ-VF1_USHXG01161_POS_MSMS_7_GEO-ME-32-UF_1_Rg70to1050-CE102040-0-7-S1_Run36.mzML after 1 attempts: Mixed polarities detected in scan data,2026-07-08T00:27:09.070000,,,,
20180918_KBL_TM_Lakes_GEODES_All3_QE-HF_HILICZ-VF1_USHXG01161_POS_MSMS_7_GEO-ME-32-UF_1_Rg70to1050-CE102040-0-7-S1_Run36.mzML,/mnt/Volumes/LaCie/nmdc_data/mcmahon_11_fkbnah04/raw/20180918_KBL_TM_Lakes_GEODES_All3_QE-HF_HILICZ-VF1_USHXG01161_POS_MSMS_7_GEO-ME-32-UF_1_Rg70to1050-CE102040-0-7-S1_Run36.mzML,173009203,.mzml,Error processing 20180918_KBL_TM_Lakes_GEODES_All3_QE-HF_HILICZ-VF1_USHXG01161_POS_MSMS_7_GEO-ME-32-UF_1_Rg70to1050-CE102040-0-7-S1_Run36.mzML after 1 attempts: Mixed polarities detected in scan data,2026-07-08T00:27:09.070000,,,,
20180918_KBL_TM_Lakes_GEODES_All3_QE-HF_HILICZ-VF1_USHXG01161_POS_MSMS_7_GEO-ME-32-UF_1_Rg70to1050-CE102040-0-7-S1_Run36.mzML,/mnt/Volumes/LaCie/nmdc_data/mcmahon_11_fkbnah04/raw/20180918_KBL_TM_Lakes_GEODES_All3_QE-HF_HILICZ-VF1_USHXG01161_POS_MSMS_7_GEO-ME-32-UF_1_Rg70to1050-CE102040-0-7-S1_Run36.mzML,173009203,.mzml,Error processing 20180918_KBL_TM_Lakes_GEODES_All3_QE-HF_HILICZ-VF1_USHXG01161_POS_MSMS_7_GEO-ME-32-UF_1_Rg70to1050-CE102040-0-7-S1_Run36.mzML after 1 attempts: Mixed polarities detected in scan data,2026-07-08T00:27:09.070000,,,,
20181217_KBL_TM_Lakes_GEODES_All3_QE-HF_C18_USDAY46918_POS_MSMS_42_GEO-ME-28-F_1_Rg80to1200-CE102040-0-7-S1_Run154.mzML,/mnt/Volumes/LaCie/nmdc_data/mcmahon_11_fkbnah04/raw/20181217_KBL_TM_Lakes_GEODES_All3_QE-HF_C18_USDAY46918_POS_MSMS_42_GEO-ME-28-F_1_Rg80to1200-CE102040-0-7-S1_Run154.mzML,99807111,.mzml,Error processing 20181217_KBL_TM_Lakes_GEODES_All3_QE-HF_C18_USDAY46918_POS_MSMS_42_GEO-ME-28-F_1_Rg80to1200-CE102040-0-7-S1_Run154.mzML after 1 attempts: Mixed polarities detected in scan data,2026-07-08T00:27:53.660000,,,,
20181217_KBL_TM_Lakes_GEODES_All3_QE-HF_C18_USDAY46918_POS_MSMS_42_GEO-ME-28-F_1_Rg80to1200-CE102040-0-7-S1_Run154.mzML,/mnt/Volumes/LaCie/nmdc_data/mcmahon_11_fkbnah04/raw/20181217_KBL_TM_Lakes_GEODES_All3_QE-HF_C18_USDAY46918_POS_MSMS_42_GEO-ME-28-F_1_Rg80to1200-CE102040-0-7-S1_Run154.mzML,99807111,.mzml,Error processing 20181217_KBL_TM_Lakes_GEODES_All3_QE-HF_C18_USDAY46918_POS_MSMS_42_GEO-ME-28-F_1_Rg80to1200-CE102040-0-7-S1_Run154.mzML after 1 attempts: Mixed polarities detected in scan data,2026-07-08T00:27:53.660000,,,,
20181217_KBL_TM_Lakes_GEODES_All3_QE-HF_C18_USDAY46918_POS_MSMS_42_GEO-ME-28-F_1_Rg80to1200-CE102040-0-7-S1_Run154.mzML,/mnt/Volumes/LaCie/nmdc_data/mcmahon_11_fkbnah04/raw/20181217_KBL_TM_Lakes_GEODES_All3_QE-HF_C18_USDAY46918_POS_MSMS_42_GEO-ME-28-F_1_Rg80to1200-CE102040-0-7-S1_Run154.mzML,99807111,.mzml,Error processing 20181217_KBL_TM_Lakes_GEODES_All3_QE-HF_C18_USDAY46918_POS_MSMS_42_GEO-ME-28-F_1_Rg80to1200-CE102040-0-7-S1_Run154.mzML after 1 attempts: Mixed polarities detected in scan data,2026-07-08T00:27:53.660000,,,,
20181217_KBL_TM_Lakes_GEODES_All3_QE-HF_C18_USDAY46918_NEG_MSMS_1_GEO-ME-0-UF_1_Rg80to1200-CE102040-0-7-S1_Run19.mzML,/mnt/Volumes/LaCie/nmdc_data/mcmahon_11_fkbnah04/raw/20181217_KBL_TM_Lakes_GEODES_All3_QE-HF_C18_USDAY46918_NEG_MSMS_1_GEO-ME-0-UF_1_Rg80to1200-CE102040-0-7-S1_Run19.mzML,86721218,.mzml,Error processing 20181217_KBL_TM_Lakes_GEODES_All3_QE-HF_C18_USDAY46918_NEG_MSMS_1_GEO-ME-0-UF_1_Rg80to1200-CE102040-0-7-S1_Run19.mzML after 1 attempts: Mixed polarities detected in scan data,2026-07-08T00:28:29.910000,,,,
20181217_KBL_TM_Lakes_GEODES_All3_QE-HF_C18_USDAY46918_NEG_MSMS_1_GEO-ME-0-UF_1_Rg80to1200-CE102040-0-7-S1_Run19.mzML,/mnt/Volumes/LaCie/nmdc_data/mcmahon_11_fkbnah04/raw/20181217_KBL_TM_Lakes_GEODES_All3_QE-HF_C18_USDAY46918_NEG_MSMS_1_GEO-ME-0-UF_1_Rg80to1200-CE102040-0-7-S1_Run19.mzML,86721218,.mzml,Error processing 20181217_KBL_TM_Lakes_GEODES_All3_QE-HF_C18_USDAY46918_NEG_MSMS_1_GEO-ME-0-UF_1_Rg80to1200-CE102040-0-7-S1_Run19.mzML after 1 attempts: Mixed polarities detected in scan data,2026-07-08T00:28:29.910000,,,,
20181217_KBL_TM_Lakes_GEODES_All3_QE-HF_C18_USDAY46918_NEG_MSMS_1_GEO-ME-0-UF_1_Rg80to1200-CE102040-0-7-S1_Run19.mzML,/mnt/Volumes/LaCie/nmdc_data/mcmahon_11_fkbnah04/raw/20181217_KBL_TM_Lakes_GEODES_All3_QE-HF_C18_USDAY46918_NEG_MSMS_1_GEO-ME-0-UF_1_Rg80to1200-CE102040-0-7-S1_Run19.mzML,86721218,.mzml,Error processing 20181217_KBL_TM_Lakes_GEODES_All3_QE-HF_C18_USDAY46918_NEG_MSMS_1_GEO-ME-0-UF_1_Rg80to1200-CE102040-0-7-S1_Run19.mzML after 1 attempts: Mixed polarities detected in scan data,2026-07-08T00:28:29.910000,,,,
20181217_KBL_TM_Lakes_GEODES_All3_QE-HF_C18_USDAY46918_NEG_MSMS_66_GEO-TB-28-F_1_Rg80to1200-CE102040-0-1-S1_Run240.mzML,/mnt/Volumes/LaCie/nmdc_data/mcmahon_11_fkbnah04/raw/20181217_KBL_TM_Lakes_GEODES_All3_QE-HF_C18_USDAY46918_NEG_MSMS_66_GEO-TB-28-F_1_Rg80to1200-CE102040-0-1-S1_Run240.mzML,86130560,.mzml,Error processing 20181217_KBL_TM_Lakes_GEODES_All3_QE-HF_C18_USDAY46918_NEG_MSMS_66_GEO-TB-28-F_1_Rg80to1200-CE102040-0-1-S1_Run240.mzML after 1 attempts: Mixed polarities detected in scan data,2026-07-08T00:29:05.400000,,,,
20181217_KBL_TM_Lakes_GEODES_All3_QE-HF_C18_USDAY46918_NEG_MSMS_66_GEO-TB-28-F_1_Rg80to1200-CE102040-0-1-S1_Run240.mzML,/mnt/Volumes/LaCie/nmdc_data/mcmahon_11_fkbnah04/raw/20181217_KBL_TM_Lakes_GEODES_All3_QE-HF_C18_USDAY46918_NEG_MSMS_66_GEO-TB-28-F_1_Rg80to1200-CE102040-0-1-S1_Run240.mzML,86130560,.mzml,Error processing 20181217_KBL_TM_Lakes_GEODES_All3_QE-HF_C18_USDAY46918_NEG_MSMS_66_GEO-TB-28-F_1_Rg80to1200-CE102040-0-1-S1_Run240.mzML after 1 attempts: Mixed polarities detected in scan data,2026-07-08T00:29:05.400000,,,,
20181217_KBL_TM_Lakes_GEODES_All3_QE-HF_C18_USDAY46918_NEG_MSMS_66_GEO-TB-28-F_1_Rg80to1200-CE102040-0-1-S1_Run240.mzML,/mnt/Volumes/LaCie/nmdc_data/mcmahon_11_fkbnah04/raw/20181217_KBL_TM_Lakes_GEODES_All3_QE-HF_C18_USDAY46918_NEG_MSMS_66_GEO-TB-28-F_1_Rg80to1200-CE102040-0-1-S1_Run240.mzML,86130560,.mzml,Error processing 20181217_KBL_TM_Lakes_GEODES_All3_QE-HF_C18_USDAY46918_NEG_MSMS_66_GEO-TB-28-F_1_Rg80to1200-CE102040-0-1-S1_Run240.mzML after 1 attempts: Mixed polarities detected in scan data,2026-07-08T00:29:05.400000,,,,
20181217_KBL_TM_Lakes_GEODES_All3_QE-HF_C18_USDAY46918_POS_MSMS_41_GEO-ME-24-F_1_Rg80to1200-CE102040-0-7-S1_Run151.mzML,/mnt/Volumes/LaCie/nmdc_data/mcmahon_11_fkbnah04/raw/20181217_KBL_TM_Lakes_GEODES_All3_QE-HF_C18_USDAY46918_POS_MSMS_41_GEO-ME-24-F_1_Rg80to1200-CE102040-0-7-S1_Run151.mzML,101173743,.mzml,Error processing 20181217_KBL_TM_Lakes_GEODES_All3_QE-HF_C18_USDAY46918_POS_MSMS_41_GEO-ME-24-F_1_Rg80to1200-CE102040-0-7-S1_Run151.mzML after 1 attempts: Mixed polarities detected in scan data,2026-07-08T00:30:08.170000,,,,
20181217_KBL_TM_Lakes_GEODES_All3_QE-HF_C18_USDAY46918_POS_MSMS_41_GEO-ME-24-F_1_Rg80to1200-CE102040-0-7-S1_Run151.mzML,/mnt/Volumes/LaCie/nmdc_data/mcmahon_11_fkbnah04/raw/20181217_KBL_TM_Lakes_GEODES_All3_QE-HF_C18_USDAY46918_POS_MSMS_41_GEO-ME-24-F_1_Rg80to1200-CE102040-0-7-S1_Run151.mzML,101173743,.mzml,Error processing 20181217_KBL_TM_Lakes_GEODES_All3_QE-HF_C18_USDAY46918_POS_MSMS_41_GEO-ME-24-F_1_Rg80to1200-CE102040-0-7-S1_Run151.mzML after 1 attempts: Mixed polarities detected in scan data,2026-07-08T00:30:08.170000,,,,
20181217_KBL_TM_Lakes_GEODES_All3_QE-HF_C18_USDAY46918_POS_MSMS_41_GEO-ME-24-F_1_Rg80to1200-CE102040-0-7-S1_Run151.mzML,/mnt/Volumes/LaCie/nmdc_data/mcmahon_11_fkbnah04/raw/20181217_KBL_TM_Lakes_GEODES_All3_QE-HF_C18_USDAY46918_POS_MSMS_41_GEO-ME-24-F_1_Rg80to1200-CE102040-0-7-S1_Run151.mzML,101173743,.mzml,Error processing 20181217_KBL_TM_Lakes_GEODES_All3_QE-HF_C18_USDAY46918_POS_MSMS_41_GEO-ME-24-F_1_Rg80to1200-CE102040-0-7-S1_Run151.mzML after 1 attempts: Mixed polarities detected in scan data,2026-07-08T00:30:08.170000,,,,
20180918_KBL_TM_Lakes_GEODES_All3_QE-HF_HILICZ-VF1_USHXG01161_NEG_MSMS_22_GEO-SP-44-UF_1_Rg70to1050-CE102040-0-4-S1_Run87.mzML,/mnt/Volumes/LaCie/nmdc_data/mcmahon_11_fkbnah04/raw/20180918_KBL_TM_Lakes_GEODES_All3_QE-HF_HILICZ-VF1_USHXG01161_NEG_MSMS_22_GEO-SP-44-UF_1_Rg70to1050-CE102040-0-4-S1_Run87.mzML,177849250,.mzml,Error processing 20180918_KBL_TM_Lakes_GEODES_All3_QE-HF_HILICZ-VF1_USHXG01161_NEG_MSMS_22_GEO-SP-44-UF_1_Rg70to1050-CE102040-0-4-S1_Run87.mzML after 1 attempts: Mixed polarities detected in scan data,2026-07-08T00:28:57.800000,,,,
20180918_KBL_TM_Lakes_GEODES_All3_QE-HF_HILICZ-VF1_USHXG01161_NEG_MSMS_22_GEO-SP-44-UF_1_Rg70to1050-CE102040-0-4-S1_Run87.mzML,/mnt/Volumes/LaCie/nmdc_data/mcmahon_11_fkbnah04/raw/20180918_KBL_TM_Lakes_GEODES_All3_QE-HF_HILICZ-VF1_USHXG01161_NEG_MSMS_22_GEO-SP-44-UF_1_Rg70to1050-CE102040-0-4-S1_Run87.mzML,177849250,.mzml,Error processing 20180918_KBL_TM_Lakes_GEODES_All3_QE-HF_HILICZ-VF1_USHXG01161_NEG_MSMS_22_GEO-SP-44-UF_1_Rg70to1050-CE102040-0-4-S1_Run87.mzML after 1 attempts: Mixed polarities detected in scan data,2026-07-08T00:28:57.800000,,,,
20180918_KBL_TM_Lakes_GEODES_All3_QE-HF_HILICZ-VF1_USHXG01161_NEG_MSMS_22_GEO-SP-44-UF_1_Rg70to1050-CE102040-0-4-S1_Run87.mzML,/mnt/Volumes/LaCie/nmdc_data/mcmahon_11_fkbnah04/raw/20180918_KBL_TM_Lakes_GEODES_All3_QE-HF_HILICZ-VF1_USHXG01161_NEG_MSMS_22_GEO-SP-44-UF_1_Rg70to1050-CE102040-0-4-S1_Run87.mzML,177849250,.mzml,Error processing 20180918_KBL_TM_Lakes_GEODES_All3_QE-HF_HILICZ-VF1_USHXG01161_NEG_MSMS_22_GEO-SP-44-UF_1_Rg70to1050-CE102040-0-4-S1_Run87.mzML after 1 attempts: Mixed polarities detected in scan data,2026-07-08T00:28:57.800000,,,,
20180918_KBL_TM_Lakes_GEODES_All3_QE-HF_HILICZ-VF1_USHXG01161_POS_MSMS_65_GEO-TB-24-F_1_Rg70to1050-CE102040-0-1-S1_Run236.mzML,/mnt/Volumes/LaCie/nmdc_data/mcmahon_11_fkbnah04/raw/20180918_KBL_TM_Lakes_GEODES_All3_QE-HF_HILICZ-VF1_USHXG01161_POS_MSMS_65_GEO-TB-24-F_1_Rg70to1050-CE102040-0-1-S1_Run236.mzML,192021953,.mzml,Error processing 20180918_KBL_TM_Lakes_GEODES_All3_QE-HF_HILICZ-VF1_USHXG01161_POS_MSMS_65_GEO-TB-24-F_1_Rg70to1050-CE102040-0-1-S1_Run236.mzML after 1 attempts: Mixed polarities detected in scan data,2026-07-08T00:29:58.740000,,,,
20180918_KBL_TM_Lakes_GEODES_All3_QE-HF_HILICZ-VF1_USHXG01161_POS_MSMS_65_GEO-TB-24-F_1_Rg70to1050-CE102040-0-1-S1_Run236.mzML,/mnt/Volumes/LaCie/nmdc_data/mcmahon_11_fkbnah04/raw/20180918_KBL_TM_Lakes_GEODES_All3_QE-HF_HILICZ-VF1_USHXG01161_POS_MSMS_65_GEO-TB-24-F_1_Rg70to1050-CE102040-0-1-S1_Run236.mzML,192021953,.mzml,Error processing 20180918_KBL_TM_Lakes_GEODES_All3_QE-HF_HILICZ-VF1_USHXG01161_POS_MSMS_65_GEO-TB-24-F_1_Rg70to1050-CE102040-0-1-S1_Run236.mzML after 1 attempts: Mixed polarities detected in scan data,2026-07-08T00:29:58.740000,,,,
20180918_KBL_TM_Lakes_GEODES_All3_QE-HF_HILICZ-VF1_USHXG01161_POS_MSMS_65_GEO-TB-24-F_1_Rg70to1050-CE102040-0-1-S1_Run236.mzML,/mnt/Volumes/LaCie/nmdc_data/mcmahon_11_fkbnah04/raw/20180918_KBL_TM_Lakes_GEODES_All3_QE-HF_HILICZ-VF1_USHXG01161_POS_MSMS_65_GEO-TB-24-F_1_Rg70to1050-CE102040-0-1-S1_Run236.mzML,192021953,.mzml,Error processing 20180918_KBL_TM_Lakes_GEODES_All3_QE-HF_HILICZ-VF1_USHXG01161_POS_MSMS_65_GEO-TB-24-F_1_Rg70to1050-CE102040-0-1-S1_Run236.mzML after 1 attempts: Mixed polarities detected in scan data,2026-07-08T00:29:58.740000,,,,
20181217_KBL_TM_Lakes_GEODES_All3_QE-HF_C18_USDAY46918_POS_MSMS_30_GEO-TB-28-UF_1_Rg80to1200-CE102040-0-1-S1_Run113.mzML,/mnt/Volumes/LaCie/nmdc_data/mcmahon_11_fkbnah04/raw/20181217_KBL_TM_Lakes_GEODES_All3_QE-HF_C18_USDAY46918_POS_MSMS_30_GEO-TB-28-UF_1_Rg80to1200-CE102040-0-1-S1_Run113.mzML,105986146,.mzml,Error processing 20181217_KBL_TM_Lakes_GEODES_All3_QE-HF_C18_USDAY46918_POS_MSMS_30_GEO-TB-28-UF_1_Rg80to1200-CE102040-0-1-S1_Run113.mzML after 1 attempts: Mixed polarities detected in scan data,2026-07-08T00:30:15.830000,,,,
20181217_KBL_TM_Lakes_GEODES_All3_QE-HF_C18_USDAY46918_POS_MSMS_30_GEO-TB-28-UF_1_Rg80to1200-CE102040-0-1-S1_Run113.mzML,/mnt/Volumes/LaCie/nmdc_data/mcmahon_11_fkbnah04/raw/20181217_KBL_TM_Lakes_GEODES_All3_QE-HF_C18_USDAY46918_POS_MSMS_30_GEO-TB-28-UF_1_Rg80to1200-CE102040-0-1-S1_Run113.mzML,105986146,.mzml,Error processing 20181217_KBL_TM_Lakes_GEODES_All3_QE-HF_C18_USDAY46918_POS_MSMS_30_GEO-TB-28-UF_1_Rg80to1200-CE102040-0-1-S1_Run113.mzML after 1 attempts: Mixed polarities detected in scan data,2026-07-08T00:30:15.830000,,,,
20181217_KBL_TM_Lakes_GEODES_All3_QE-HF_C18_USDAY46918_POS_MSMS_30_GEO-TB-28-UF_1_Rg80to1200-CE102040-0-1-S1_Run113.mzML,/mnt/Volumes/LaCie/nmdc_data/mcmahon_11_fkbnah04/raw/20181217_KBL_TM_Lakes_GEODES_All3_QE-HF_C18_USDAY46918_POS_MSMS_30_GEO-TB-28-UF_1_Rg80to1200-CE102040-0-1-S1_Run113.mzML,105986146,.mzml,Error processing 20181217_KBL_TM_Lakes_GEODES_All3_QE-HF_C18_USDAY46918_POS_MSMS_30_GEO-TB-28-UF_1_Rg80to1200-CE102040-0-1-S1_Run113.mzML after 1 attempts: Mixed polarities detected in scan data,2026-07-08T00:30:15.830000,,,,
20181217_KBL_TM_Lakes_GEODES_All3_QE-HF_C18_USDAY46918_POS_MSMS_3_GEO-ME-16-UF_1_Rg80to1200-CE102040-0-7-S1_Run24.mzML,/mnt/Volumes/LaCie/nmdc_data/mcmahon_11_fkbnah04/raw/20181217_KBL_TM_Lakes_GEODES_All3_QE-HF_C18_USDAY46918_POS_MSMS_3_GEO-ME-16-UF_1_Rg80to1200-CE102040-0-7-S1_Run24.mzML,106146549,.mzml,Error processing 20181217_KBL_TM_Lakes_GEODES_All3_QE-HF_C18_USDAY46918_POS_MSMS_3_GEO-ME-16-UF_1_Rg80to1200-CE102040-0-7-S1_Run24.mzML after 1 attempts: Mixed polarities detected in scan data,2026-07-08T00:31:44.120000,,,,
20181217_KBL_TM_Lakes_GEODES_All3_QE-HF_C18_USDAY46918_POS_MSMS_3_GEO-ME-16-UF_1_Rg80to1200-CE102040-0-7-S1_Run24.mzML,/mnt/Volumes/LaCie/nmdc_data/mcmahon_11_fkbnah04/raw/20181217_KBL_TM_Lakes_GEODES_All3_QE-HF_C18_USDAY46918_POS_MSMS_3_GEO-ME-16-UF_1_Rg80to1200-CE102040-0-7-S1_Run24.mzML,106146549,.mzml,Error processing 20181217_KBL_TM_Lakes_GEODES_All3_QE-HF_C18_USDAY46918_POS_MSMS_3_GEO-ME-16-UF_1_Rg80to1200-CE102040-0-7-S1_Run24.mzML after 1 attempts: Mixed polarities detected in scan data,2026-07-08T00:31:44.120000,,,,
20181217_KBL_TM_Lakes_GEODES_All3_QE-HF_C18_USDAY46918_POS_MSMS_3_GEO-ME-16-UF_1_Rg80to1200-CE102040-0-7-S1_Run24.mzML,/mnt/Volumes/LaCie/nmdc_data/mcmahon_11_fkbnah04/raw/20181217_KBL_TM_Lakes_GEODES_All3_QE-HF_C18_USDAY46918_POS_MSMS_3_GEO-ME-16-UF_1_Rg80to1200-CE102040-0-7-S1_Run24.mzML,106146549,.mzml,Error processing 20181217_KBL_TM_Lakes_GEODES_All3_QE-HF_C18_USDAY46918_POS_MSMS_3_GEO-ME-16-UF_1_Rg80to1200-CE102040-0-7-S1_Run24.mzML after 1 attempts: Mixed polarities detected in scan data,2026-07-08T00:31:44.120000,,,,
20180918_KBL_TM_Lakes_GEODES_All3_QE-HF_HILICZ-VF1_USHXG01161_NEG_MSMS_13_GEO-SP-0-UF_1_Rg70to1050-CE102040-0-4-S1_Run55.mzML,/mnt/Volumes/LaCie/nmdc_data/mcmahon_11_fkbnah04/raw/20180918_KBL_TM_Lakes_GEODES_All3_QE-HF_HILICZ-VF1_USHXG01161_NEG_MSMS_13_GEO-SP-0-UF_1_Rg70to1050-CE102040-0-4-S1_Run55.mzML,176636027,.mzml,Error processing 20180918_KBL_TM_Lakes_GEODES_All3_QE-HF_HILICZ-VF1_USHXG01161_NEG_MSMS_13_GEO-SP-0-UF_1_Rg70to1050-CE102040-0-4-S1_Run55.mzML after 1 attempts: Mixed polarities detected in scan data,2026-07-08T00:30:57.970000,,,,
20180918_KBL_TM_Lakes_GEODES_All3_QE-HF_HILICZ-VF1_USHXG01161_NEG_MSMS_13_GEO-SP-0-UF_1_Rg70to1050-CE102040-0-4-S1_Run55.mzML,/mnt/Volumes/LaCie/nmdc_data/mcmahon_11_fkbnah04/raw/20180918_KBL_TM_Lakes_GEODES_All3_QE-HF_HILICZ-VF1_USHXG01161_NEG_MSMS_13_GEO-SP-0-UF_1_Rg70to1050-CE102040-0-4-S1_Run55.mzML,176636027,.mzml,Error processing 20180918_KBL_TM_Lakes_GEODES_All3_QE-HF_HILICZ-VF1_USHXG01161_NEG_MSMS_13_GEO-SP-0-UF_1_Rg70to1050-CE102040-0-4-S1_Run55.mzML after 1 attempts: Mixed polarities detected in scan data,2026-07-08T00:30:57.970000,,,,
20180918_KBL_TM_Lakes_GEODES_All3_QE-HF_HILICZ-VF1_USHXG01161_NEG_MSMS_13_GEO-SP-0-UF_1_Rg70to1050-CE102040-0-4-S1_Run55.mzML,/mnt/Volumes/LaCie/nmdc_data/mcmahon_11_fkbnah04/raw/20180918_KBL_TM_Lakes_GEODES_All3_QE-HF_HILICZ-VF1_USHXG01161_NEG_MSMS_13_GEO-SP-0-UF_1_Rg70to1050-CE102040-0-4-S1_Run55.mzML,176636027,.mzml,Error processing 20180918_KBL_TM_Lakes_GEODES_All3_QE-HF_HILICZ-VF1_USHXG01161_NEG_MSMS_13_GEO-SP-0-UF_1_Rg70to1050-CE102040-0-4-S1_Run55.mzML after 1 attempts: Mixed polarities detected in scan data,2026-07-08T00:30:57.970000,,,,
20180918_KBL_TM_Lakes_Mendota_DepthDate_QE-139_HILICZ-VF1_USHXG01161_NEG_MSMS_20_ME-20171004-metabo-20_1_Rg70to1050-CE102040-10p8-S1_Run81.mzML,/mnt/Volumes/LaCie/nmdc_data/mcmahon_11_fkbnah04/raw/20180918_KBL_TM_Lakes_Mendota_DepthDate_QE-139_HILICZ-VF1_USHXG01161_NEG_MSMS_20_ME-20171004-metabo-20_1_Rg70to1050-CE102040-10p8-S1_Run81.mzML,176633184,.mzml,Error processing 20180918_KBL_TM_Lakes_Mendota_DepthDate_QE-139_HILICZ-VF1_USHXG01161_NEG_MSMS_20_ME-20171004-metabo-20_1_Rg70to1050-CE102040-10p8-S1_Run81.mzML after 1 attempts: Mixed polarities detected in scan data,2026-07-08T00:31:14.300000,,,,
20180918_KBL_TM_Lakes_Mendota_DepthDate_QE-139_HILICZ-VF1_USHXG01161_NEG_MSMS_20_ME-20171004-metabo-20_1_Rg70to1050-CE102040-10p8-S1_Run81.mzML,/mnt/Volumes/LaCie/nmdc_data/mcmahon_11_fkbnah04/raw/20180918_KBL_TM_Lakes_Mendota_DepthDate_QE-139_HILICZ-VF1_USHXG01161_NEG_MSMS_20_ME-20171004-metabo-20_1_Rg70to1050-CE102040-10p8-S1_Run81.mzML,176633184,.mzml,Error processing 20180918_KBL_TM_Lakes_Mendota_DepthDate_QE-139_HILICZ-VF1_USHXG01161_NEG_MSMS_20_ME-20171004-metabo-20_1_Rg70to1050-CE102040-10p8-S1_Run81.mzML after 1 attempts: Mixed polarities detected in scan data,2026-07-08T00:31:14.300000,,,,
20180918_KBL_TM_Lakes_Mendota_DepthDate_QE-139_HILICZ-VF1_USHXG01161_NEG_MSMS_20_ME-20171004-metabo-20_1_Rg70to1050-CE102040-10p8-S1_Run81.mzML,/mnt/Volumes/LaCie/nmdc_data/mcmahon_11_fkbnah04/raw/20180918_KBL_TM_Lakes_Mendota_DepthDate_QE-139_HILICZ-VF1_USHXG01161_NEG_MSMS_20_ME-20171004-metabo-20_1_Rg70to1050-CE102040-10p8-S1_Run81.mzML,176633184,.mzml,Error processing 20180918_KBL_TM_Lakes_Mendota_DepthDate_QE-139_HILICZ-VF1_USHXG01161_NEG_MSMS_20_ME-20171004-metabo-20_1_Rg70to1050-CE102040-10p8-S1_Run81.mzML after 1 attempts: Mixed polarities detected in scan data,2026-07-08T00:31:14.300000,,,,
20180918_KBL_TM_Lakes_GEODES_All3_QE-HF_HILICZ-VF1_USHXG01161_NEG_MSMS_64_GEO-TB-20-F_1_Rg70to1050-CE102040-0-1-S1_Run234.mzML,/mnt/Volumes/LaCie/nmdc_data/mcmahon_11_fkbnah04/raw/20180918_KBL_TM_Lakes_GEODES_All3_QE-HF_HILICZ-VF1_USHXG01161_NEG_MSMS_64_GEO-TB-20-F_1_Rg70to1050-CE102040-0-1-S1_Run234.mzML,200796309,.mzml,Error processing 20180918_KBL_TM_Lakes_GEODES_All3_QE-HF_HILICZ-VF1_USHXG01161_NEG_MSMS_64_GEO-TB-20-F_1_Rg70to1050-CE102040-0-1-S1_Run234.mzML after 1 attempts: Mixed polarities detected in scan data,2026-07-08T00:32:00.100000,,,,
20180918_KBL_TM_Lakes_GEODES_All3_QE-HF_HILICZ-VF1_USHXG01161_NEG_MSMS_64_GEO-TB-20-F_1_Rg70to1050-CE102040-0-1-S1_Run234.mzML,/mnt/Volumes/LaCie/nmdc_data/mcmahon_11_fkbnah04/raw/20180918_KBL_TM_Lakes_GEODES_All3_QE-HF_HILICZ-VF1_USHXG01161_NEG_MSMS_64_GEO-TB-20-F_1_Rg70to1050-CE102040-0-1-S1_Run234.mzML,200796309,.mzml,Error processing 20180918_KBL_TM_Lakes_GEODES_All3_QE-HF_HILICZ-VF1_USHXG01161_NEG_MSMS_64_GEO-TB-20-F_1_Rg70to1050-CE102040-0-1-S1_Run234.mzML after 1 attempts: Mixed polarities detected in scan data,2026-07-08T00:32:00.100000,,,,
20180918_KBL_TM_Lakes_GEODES_All3_QE-HF_HILICZ-VF1_USHXG01161_NEG_MSMS_64_GEO-TB-20-F_1_Rg70to1050-CE102040-0-1-S1_Run234.mzML,/mnt/Volumes/LaCie/nmdc_data/mcmahon_11_fkbnah04/raw/20180918_KBL_TM_Lakes_GEODES_All3_QE-HF_HILICZ-VF1_USHXG01161_NEG_MSMS_64_GEO-TB-20-F_1_Rg70to1050-CE102040-0-1-S1_Run234.mzML,200796309,.mzml,Error processing 20180918_KBL_TM_Lakes_GEODES_All3_QE-HF_HILICZ-VF1_USHXG01161_NEG_MSMS_64_GEO-TB-20-F_1_Rg70to1050-CE102040-0-1-S1_Run234.mzML after 1 attempts: Mixed polarities detected in scan data,2026-07-08T00:32:00.100000,,,,
20181217_KBL_TM_Lakes_GEODES_All3_QE-HF_C18_USDAY46918_NEG_MSMS_52_GEO-SP-20-F_1_Rg80to1200-CE102040-0-4-S1_Run190.mzML,/mnt/Volumes/LaCie/nmdc_data/mcmahon_11_fkbnah04/raw/20181217_KBL_TM_Lakes_GEODES_All3_QE-HF_C18_USDAY46918_NEG_MSMS_52_GEO-SP-20-F_1_Rg80to1200-CE102040-0-4-S1_Run190.mzML,78764661,.mzml,Error processing 20181217_KBL_TM_Lakes_GEODES_All3_QE-HF_C18_USDAY46918_NEG_MSMS_52_GEO-SP-20-F_1_Rg80to1200-CE102040-0-4-S1_Run190.mzML after 1 attempts: Mixed polarities detected in scan data,2026-07-08T00:33:55.550000,,,,
20181217_KBL_TM_Lakes_GEODES_All3_QE-HF_C18_USDAY46918_NEG_MSMS_52_GEO-SP-20-F_1_Rg80to1200-CE102040-0-4-S1_Run190.mzML,/mnt/Volumes/LaCie/nmdc_data/mcmahon_11_fkbnah04/raw/20181217_KBL_TM_Lakes_GEODES_All3_QE-HF_C18_USDAY46918_NEG_MSMS_52_GEO-SP-20-F_1_Rg80to1200-CE102040-0-4-S1_Run190.mzML,78764661,.mzml,Error processing 20181217_KBL_TM_Lakes_GEODES_All3_QE-HF_C18_USDAY46918_NEG_MSMS_52_GEO-SP-20-F_1_Rg80to1200-CE102040-0-4-S1_Run190.mzML after 1 attempts: Mixed polarities detected in scan data,2026-07-08T00:33:55.550000,,,,
20181217_KBL_TM_Lakes_GEODES_All3_QE-HF_C18_USDAY46918_NEG_MSMS_52_GEO-SP-20-F_1_Rg80to1200-CE102040-0-4-S1_Run190.mzML,/mnt/Volumes/LaCie/nmdc_data/mcmahon_11_fkbnah04/raw/20181217_KBL_TM_Lakes_GEODES_All3_QE-HF_C18_USDAY46918_NEG_MSMS_52_GEO-SP-20-F_1_Rg80to1200-CE102040-0-4-S1_Run190.mzML,78764661,.mzml,Error processing 20181217_KBL_TM_Lakes_GEODES_All3_QE-HF_C18_USDAY46918_NEG_MSMS_52_GEO-SP-20-F_1_Rg80to1200-CE102040-0-4-S1_Run190.mzML after 1 attempts: Mixed polarities detected in scan data,2026-07-08T00:33:55.550000,,,,
20180918_KBL_TM_Lakes_Mendota_DepthDate_QE-139_HILICZ-VF1_USHXG01161_POS_MSMS_4_ME-20170811-metabo-4_1_Rg70to1050-CE102040-13p15-S1_Run24.mzML,/mnt/Volumes/LaCie/nmdc_data/mcmahon_11_fkbnah04/raw/20180918_KBL_TM_Lakes_Mendota_DepthDate_QE-139_HILICZ-VF1_USHXG01161_POS_MSMS_4_ME-20170811-metabo-4_1_Rg70to1050-CE102040-13p15-S1_Run24.mzML,178614982,.mzml,Error processing 20180918_KBL_TM_Lakes_Mendota_DepthDate_QE-139_HILICZ-VF1_USHXG01161_POS_MSMS_4_ME-20170811-metabo-4_1_Rg70to1050-CE102040-13p15-S1_Run24.mzML after 1 attempts: Mixed polarities detected in scan data,2026-07-08T00:32:18.680000,,,,
20180918_KBL_TM_Lakes_Mendota_DepthDate_QE-139_HILICZ-VF1_USHXG01161_POS_MSMS_4_ME-20170811-metabo-4_1_Rg70to1050-CE102040-13p15-S1_Run24.mzML,/mnt/Volumes/LaCie/nmdc_data/mcmahon_11_fkbnah04/raw/20180918_KBL_TM_Lakes_Mendota_DepthDate_QE-139_HILICZ-VF1_USHXG01161_POS_MSMS_4_ME-20170811-metabo-4_1_Rg70to1050-CE102040-13p15-S1_Run24.mzML,178614982,.mzml,Error processing 20180918_KBL_TM_Lakes_Mendota_DepthDate_QE-139_HILICZ-VF1_USHXG01161_POS_MSMS_4_ME-20170811-metabo-4_1_Rg70to1050-CE102040-13p15-S1_Run24.mzML after 1 attempts: Mixed polarities detected in scan data,2026-07-08T00:32:18.680000,,,,
20180918_KBL_TM_Lakes_Mendota_DepthDate_QE-139_HILICZ-VF1_USHXG01161_POS_MSMS_4_ME-20170811-metabo-4_1_Rg70to1050-CE102040-13p15-S1_Run24.mzML,/mnt/Volumes/LaCie/nmdc_data/mcmahon_11_fkbnah04/raw/20180918_KBL_TM_Lakes_Mendota_DepthDate_QE-139_HILICZ-VF1_USHXG01161_POS_MSMS_4_ME-20170811-metabo-4_1_Rg70to1050-CE102040-13p15-S1_Run24.mzML,178614982,.mzml,Error processing 20180918_KBL_TM_Lakes_Mendota_DepthDate_QE-139_HILICZ-VF1_USHXG01161_POS_MSMS_4_ME-20170811-metabo-4_1_Rg70to1050-CE102040-13p15-S1_Run24.mzML after 1 attempts: Mixed polarities detected in scan data,2026-07-08T00:32:18.680000,,,,
20180918_KBL_TM_Lakes_GEODES_All3_QE-HF_HILICZ-VF1_USHXG01161_POS_MSMS_52_GEO-SP-20-F_1_Rg70to1050-CE102040-0-4-S1_Run189.mzML,/mnt/Volumes/LaCie/nmdc_data/mcmahon_11_fkbnah04/raw/20180918_KBL_TM_Lakes_GEODES_All3_QE-HF_HILICZ-VF1_USHXG01161_POS_MSMS_52_GEO-SP-20-F_1_Rg70to1050-CE102040-0-4-S1_Run189.mzML,177235000,.mzml,Error processing 20180918_KBL_TM_Lakes_GEODES_All3_QE-HF_HILICZ-VF1_USHXG01161_POS_MSMS_52_GEO-SP-20-F_1_Rg70to1050-CE102040-0-4-S1_Run189.mzML after 1 attempts: Mixed polarities detected in scan data,2026-07-08T00:32:36.660000,,,,
20180918_KBL_TM_Lakes_GEODES_All3_QE-HF_HILICZ-VF1_USHXG01161_POS_MSMS_52_GEO-SP-20-F_1_Rg70to1050-CE102040-0-4-S1_Run189.mzML,/mnt/Volumes/LaCie/nmdc_data/mcmahon_11_fkbnah04/raw/20180918_KBL_TM_Lakes_GEODES_All3_QE-HF_HILICZ-VF1_USHXG01161_POS_MSMS_52_GEO-SP-20-F_1_Rg70to1050-CE102040-0-4-S1_Run189.mzML,177235000,.mzml,Error processing 20180918_KBL_TM_Lakes_GEODES_All3_QE-HF_HILICZ-VF1_USHXG01161_POS_MSMS_52_GEO-SP-20-F_1_Rg70to1050-CE102040-0-4-S1_Run189.mzML after 1 attempts: Mixed polarities detected in scan data,2026-07-08T00:32:36.660000,,,,
20180918_KBL_TM_Lakes_GEODES_All3_QE-HF_HILICZ-VF1_USHXG01161_POS_MSMS_52_GEO-SP-20-F_1_Rg70to1050-CE102040-0-4-S1_Run189.mzML,/mnt/Volumes/LaCie/nmdc_data/mcmahon_11_fkbnah04/raw/20180918_KBL_TM_Lakes_GEODES_All3_QE-HF_HILICZ-VF1_USHXG01161_POS_MSMS_52_GEO-SP-20-F_1_Rg70to1050-CE102040-0-4-S1_Run189.mzML,177235000,.mzml,Error processing 20180918_KBL_TM_Lakes_GEODES_All3_QE-HF_HILICZ-VF1_USHXG01161_POS_MSMS_52_GEO-SP-20-F_1_Rg70to1050-CE102040-0-4-S1_Run189.mzML after 1 attempts: Mixed polarities detected in scan data,2026-07-08T00:32:36.660000,,,,
20180918_KBL_TM_Lakes_GEODES_All3_QE-HF_HILICZ-VF1_USHXG01161_POS_MSMS_9_GEO-ME-40-UF_1_Rg70to1050-CE102040-0-7-S1_Run42.mzML,/mnt/Volumes/LaCie/nmdc_data/mcmahon_11_fkbnah04/raw/20180918_KBL_TM_Lakes_GEODES_All3_QE-HF_HILICZ-VF1_USHXG01161_POS_MSMS_9_GEO-ME-40-UF_1_Rg70to1050-CE102040-0-7-S1_Run42.mzML,170436305,.mzml,Error processing 20180918_KBL_TM_Lakes_GEODES_All3_QE-HF_HILICZ-VF1_USHXG01161_POS_MSMS_9_GEO-ME-40-UF_1_Rg70to1050-CE102040-0-7-S1_Run42.mzML after 1 attempts: Mixed polarities detected in scan data,2026-07-08T00:33:48.840000,,,,
20180918_KBL_TM_Lakes_GEODES_All3_QE-HF_HILICZ-VF1_USHXG01161_POS_MSMS_9_GEO-ME-40-UF_1_Rg70to1050-CE102040-0-7-S1_Run42.mzML,/mnt/Volumes/LaCie/nmdc_data/mcmahon_11_fkbnah04/raw/20180918_KBL_TM_Lakes_GEODES_All3_QE-HF_HILICZ-VF1_USHXG01161_POS_MSMS_9_GEO-ME-40-UF_1_Rg70to1050-CE102040-0-7-S1_Run42.mzML,170436305,.mzml,Error processing 20180918_KBL_TM_Lakes_GEODES_All3_QE-HF_HILICZ-VF1_USHXG01161_POS_MSMS_9_GEO-ME-40-UF_1_Rg70to1050-CE102040-0-7-S1_Run42.mzML after 1 attempts: Mixed polarities detected in scan data,2026-07-08T00:33:48.840000,,,,
20180918_KBL_TM_Lakes_GEODES_All3_QE-HF_HILICZ-VF1_USHXG01161_POS_MSMS_9_GEO-ME-40-UF_1_Rg70to1050-CE102040-0-7-S1_Run42.mzML,/mnt/Volumes/LaCie/nmdc_data/mcmahon_11_fkbnah04/raw/20180918_KBL_TM_Lakes_GEODES_All3_QE-HF_HILICZ-VF1_USHXG01161_POS_MSMS_9_GEO-ME-40-UF_1_Rg70to1050-CE102040-0-7-S1_Run42.mzML,170436305,.mzml,Error processing 20180918_KBL_TM_Lakes_GEODES_All3_QE-HF_HILICZ-VF1_USHXG01161_POS_MSMS_9_GEO-ME-40-UF_1_Rg70to1050-CE102040-0-7-S1_Run42.mzML after 1 attempts: Mixed polarities detected in scan data,2026-07-08T00:33:48.840000,,,,
20181217_KBL_TM_Lakes_GEODES_All3_QE-HF_C18_USDAY46918_POS_MSMS_15_GEO-SP-16-UF_1_Rg80to1200-CE102040-0-4-S1_Run60.mzML,/mnt/Volumes/LaCie/nmdc_data/mcmahon_11_fkbnah04/raw/20181217_KBL_TM_Lakes_GEODES_All3_QE-HF_C18_USDAY46918_POS_MSMS_15_GEO-SP-16-UF_1_Rg80to1200-CE102040-0-4-S1_Run60.mzML,104271723,.mzml,Error processing 20181217_KBL_TM_Lakes_GEODES_All3_QE-HF_C18_USDAY46918_POS_MSMS_15_GEO-SP-16-UF_1_Rg80to1200-CE102040-0-4-S1_Run60.mzML after 1 attempts: Mixed polarities detected in scan data,2026-07-08T00:34:10.870000,,,,
20181217_KBL_TM_Lakes_GEODES_All3_QE-HF_C18_USDAY46918_POS_MSMS_15_GEO-SP-16-UF_1_Rg80to1200-CE102040-0-4-S1_Run60.mzML,/mnt/Volumes/LaCie/nmdc_data/mcmahon_11_fkbnah04/raw/20181217_KBL_TM_Lakes_GEODES_All3_QE-HF_C18_USDAY46918_POS_MSMS_15_GEO-SP-16-UF_1_Rg80to1200-CE102040-0-4-S1_Run60.mzML,104271723,.mzml,Error processing 20181217_KBL_TM_Lakes_GEODES_All3_QE-HF_C18_USDAY46918_POS_MSMS_15_GEO-SP-16-UF_1_Rg80to1200-CE102040-0-4-S1_Run60.mzML after 1 attempts: Mixed polarities detected in scan data,2026-07-08T00:34:10.870000,,,,
20181217_KBL_TM_Lakes_GEODES_All3_QE-HF_C18_USDAY46918_POS_MSMS_15_GEO-SP-16-UF_1_Rg80to1200-CE102040-0-4-S1_Run60.mzML,/mnt/Volumes/LaCie/nmdc_data/mcmahon_11_fkbnah04/raw/20181217_KBL_TM_Lakes_GEODES_All3_QE-HF_C18_USDAY46918_POS_MSMS_15_GEO-SP-16-UF_1_Rg80to1200-CE102040-0-4-S1_Run60.mzML,104271723,.mzml,Error processing 20181217_KBL_TM_Lakes_GEODES_All3_QE-HF_C18_USDAY46918_POS_MSMS_15_GEO-SP-16-UF_1_Rg80to1200-CE102040-0-4-S1_Run60.mzML after 1 attempts: Mixed polarities detected in scan data,2026-07-08T00:34:10.870000,,,,
20181217_KBL_TM_Lakes_GEODES_All3_QE-HF_C18_USDAY46918_NEG_MSMS_8_GEO-ME-36-UF_1_Rg80to1200-CE102040-0-7-S1_Run40.mzML,/mnt/Volumes/LaCie/nmdc_data/mcmahon_11_fkbnah04/raw/20181217_KBL_TM_Lakes_GEODES_All3_QE-HF_C18_USDAY46918_NEG_MSMS_8_GEO-ME-36-UF_1_Rg80to1200-CE102040-0-7-S1_Run40.mzML,84732314,.mzml,Error processing 20181217_KBL_TM_Lakes_GEODES_All3_QE-HF_C18_USDAY46918_NEG_MSMS_8_GEO-ME-36-UF_1_Rg80to1200-CE102040-0-7-S1_Run40.mzML after 1 attempts: Mixed polarities detected in scan data,2026-07-08T00:34:30.820000,,,,
20181217_KBL_TM_Lakes_GEODES_All3_QE-HF_C18_USDAY46918_NEG_MSMS_8_GEO-ME-36-UF_1_Rg80to1200-CE102040-0-7-S1_Run40.mzML,/mnt/Volumes/LaCie/nmdc_data/mcmahon_11_fkbnah04/raw/20181217_KBL_TM_Lakes_GEODES_All3_QE-HF_C18_USDAY46918_NEG_MSMS_8_GEO-ME-36-UF_1_Rg80to1200-CE102040-0-7-S1_Run40.mzML,84732314,.mzml,Error processing 20181217_KBL_TM_Lakes_GEODES_All3_QE-HF_C18_USDAY46918_NEG_MSMS_8_GEO-ME-36-UF_1_Rg80to1200-CE102040-0-7-S1_Run40.mzML after 1 attempts: Mixed polarities detected in scan data,2026-07-08T00:34:30.820000,,,,
20181217_KBL_TM_Lakes_GEODES_All3_QE-HF_C18_USDAY46918_NEG_MSMS_8_GEO-ME-36-UF_1_Rg80to1200-CE102040-0-7-S1_Run40.mzML,/mnt/Volumes/LaCie/nmdc_data/mcmahon_11_fkbnah04/raw/20181217_KBL_TM_Lakes_GEODES_All3_QE-HF_C18_USDAY46918_NEG_MSMS_8_GEO-ME-36-UF_1_Rg80to1200-CE102040-0-7-S1_Run40.mzML,84732314,.mzml,Error processing 20181217_KBL_TM_Lakes_GEODES_All3_QE-HF_C18_USDAY46918_NEG_MSMS_8_GEO-ME-36-UF_1_Rg80to1200-CE102040-0-7-S1_Run40.mzML after 1 attempts: Mixed polarities detected in scan data,2026-07-08T00:34:30.820000,,,,
20181217_KBL_TM_Lakes_GEODES_All3_QE-HF_C18_USDAY46918_NEG_MSMS_63_GEO-TB-16-F_1_Rg80to1200-CE102040-0-1-S1_Run231.mzML,/mnt/Volumes/LaCie/nmdc_data/mcmahon_11_fkbnah04/raw/20181217_KBL_TM_Lakes_GEODES_All3_QE-HF_C18_USDAY46918_NEG_MSMS_63_GEO-TB-16-F_1_Rg80to1200-CE102040-0-1-S1_Run231.mzML,87615494,.mzml,Error processing 20181217_KBL_TM_Lakes_GEODES_All3_QE-HF_C18_USDAY46918_NEG_MSMS_63_GEO-TB-16-F_1_Rg80to1200-CE102040-0-1-S1_Run231.mzML after 1 attempts: Mixed polarities detected in scan data,2026-07-08T00:36:33.450000,,,,
20181217_KBL_TM_Lakes_GEODES_All3_QE-HF_C18_USDAY46918_NEG_MSMS_63_GEO-TB-16-F_1_Rg80to1200-CE102040-0-1-S1_Run231.mzML,/mnt/Volumes/LaCie/nmdc_data/mcmahon_11_fkbnah04/raw/20181217_KBL_TM_Lakes_GEODES_All3_QE-HF_C18_USDAY46918_NEG_MSMS_63_GEO-TB-16-F_1_Rg80to1200-CE102040-0-1-S1_Run231.mzML,87615494,.mzml,Error processing 20181217_KBL_TM_Lakes_GEODES_All3_QE-HF_C18_USDAY46918_NEG_MSMS_63_GEO-TB-16-F_1_Rg80to1200-CE102040-0-1-S1_Run231.mzML after 1 attempts: Mixed polarities detected in scan data,2026-07-08T00:36:33.450000,,,,
20181217_KBL_TM_Lakes_GEODES_All3_QE-HF_C18_USDAY46918_NEG_MSMS_63_GEO-TB-16-F_1_Rg80to1200-CE102040-0-1-S1_Run231.mzML,/mnt/Volumes/LaCie/nmdc_data/mcmahon_11_fkbnah04/raw/20181217_KBL_TM_Lakes_GEODES_All3_QE-HF_C18_USDAY46918_NEG_MSMS_63_GEO-TB-16-F_1_Rg80to1200-CE102040-0-1-S1_Run231.mzML,87615494,.mzml,Error processing 20181217_KBL_TM_Lakes_GEODES_All3_QE-HF_C18_USDAY46918_NEG_MSMS_63_GEO-TB-16-F_1_Rg80to1200-CE102040-0-1-S1_Run231.mzML after 1 attempts: Mixed polarities detected in scan data,2026-07-08T00:36:33.450000,,,,
20181217_KBL_TM_Lakes_GEODES_All3_QE-HF_C18_USDAY46918_NEG_MSMS_20_GEO-SP-36-UF_1_Rg80to1200-CE102040-0-4-S1_Run81.mzML,/mnt/Volumes/LaCie/nmdc_data/mcmahon_11_fkbnah04/raw/20181217_KBL_TM_Lakes_GEODES_All3_QE-HF_C18_USDAY46918_NEG_MSMS_20_GEO-SP-36-UF_1_Rg80to1200-CE102040-0-4-S1_Run81.mzML,86412018,.mzml,Error processing 20181217_KBL_TM_Lakes_GEODES_All3_QE-HF_C18_USDAY46918_NEG_MSMS_20_GEO-SP-36-UF_1_Rg80to1200-CE102040-0-4-S1_Run81.mzML after 1 attempts: Mixed polarities detected in scan data,2026-07-08T00:36:48.520000,,,,
20181217_KBL_TM_Lakes_GEODES_All3_QE-HF_C18_USDAY46918_NEG_MSMS_20_GEO-SP-36-UF_1_Rg80to1200-CE102040-0-4-S1_Run81.mzML,/mnt/Volumes/LaCie/nmdc_data/mcmahon_11_fkbnah04/raw/20181217_KBL_TM_Lakes_GEODES_All3_QE-HF_C18_USDAY46918_NEG_MSMS_20_GEO-SP-36-UF_1_Rg80to1200-CE102040-0-4-S1_Run81.mzML,86412018,.mzml,Error processing 20181217_KBL_TM_Lakes_GEODES_All3_QE-HF_C18_USDAY46918_NEG_MSMS_20_GEO-SP-36-UF_1_Rg80to1200-CE102040-0-4-S1_Run81.mzML after 1 attempts: Mixed polarities detected in scan data,2026-07-08T00:36:48.520000,,,,
20181217_KBL_TM_Lakes_GEODES_All3_QE-HF_C18_USDAY46918_NEG_MSMS_20_GEO-SP-36-UF_1_Rg80to1200-CE102040-0-4-S1_Run81.mzML,/mnt/Volumes/LaCie/nmdc_data/mcmahon_11_fkbnah04/raw/20181217_KBL_TM_Lakes_GEODES_All3_QE-HF_C18_USDAY46918_NEG_MSMS_20_GEO-SP-36-UF_1_Rg80to1200-CE102040-0-4-S1_Run81.mzML,86412018,.mzml,Error processing 20181217_KBL_TM_Lakes_GEODES_All3_QE-HF_C18_USDAY46918_NEG_MSMS_20_GEO-SP-36-UF_1_Rg80to1200-CE102040-0-4-S1_Run81.mzML after 1 attempts: Mixed polarities detected in scan data,2026-07-08T00:36:48.520000,,,,
20181217_KBL_TM_Lakes_Mendota_DepthDate_QE-HF_C18_USDAY46918_NEG_MSMS_20_ME-20171004-metabo-20_1_Rg80to1200-CE102040-10p8-S1_Run81.mzML,/mnt/Volumes/LaCie/nmdc_data/mcmahon_11_fkbnah04/raw/20181217_KBL_TM_Lakes_Mendota_DepthDate_QE-HF_C18_USDAY46918_NEG_MSMS_20_ME-20171004-metabo-20_1_Rg80to1200-CE102040-10p8-S1_Run81.mzML,75384156,.mzml,Error processing 20181217_KBL_TM_Lakes_Mendota_DepthDate_QE-HF_C18_USDAY46918_NEG_MSMS_20_ME-20171004-metabo-20_1_Rg80to1200-CE102040-10p8-S1_Run81.mzML after 1 attempts: Mixed polarities detected in scan data,2026-07-08T00:36:54.260000,,,,
20181217_KBL_TM_Lakes_Mendota_DepthDate_QE-HF_C18_USDAY46918_NEG_MSMS_20_ME-20171004-metabo-20_1_Rg80to1200-CE102040-10p8-S1_Run81.mzML,/mnt/Volumes/LaCie/nmdc_data/mcmahon_11_fkbnah04/raw/20181217_KBL_TM_Lakes_Mendota_DepthDate_QE-HF_C18_USDAY46918_NEG_MSMS_20_ME-20171004-metabo-20_1_Rg80to1200-CE102040-10p8-S1_Run81.mzML,75384156,.mzml,Error processing 20181217_KBL_TM_Lakes_Mendota_DepthDate_QE-HF_C18_USDAY46918_NEG_MSMS_20_ME-20171004-metabo-20_1_Rg80to1200-CE102040-10p8-S1_Run81.mzML after 1 attempts: Mixed polarities detected in scan data,2026-07-08T00:36:54.260000,,,,
20181217_KBL_TM_Lakes_Mendota_DepthDate_QE-HF_C18_USDAY46918_NEG_MSMS_20_ME-20171004-metabo-20_1_Rg80to1200-CE102040-10p8-S1_Run81.mzML,/mnt/Volumes/LaCie/nmdc_data/mcmahon_11_fkbnah04/raw/20181217_KBL_TM_Lakes_Mendota_DepthDate_QE-HF_C18_USDAY46918_NEG_MSMS_20_ME-20171004-metabo-20_1_Rg80to1200-CE102040-10p8-S1_Run81.mzML,75384156,.mzml,Error processing 20181217_KBL_TM_Lakes_Mendota_DepthDate_QE-HF_C18_USDAY46918_NEG_MSMS_20_ME-20171004-metabo-20_1_Rg80to1200-CE102040-10p8-S1_Run81.mzML after 1 attempts: Mixed polarities detected in scan data,2026-07-08T00:36:54.260000,,,,
20181217_KBL_TM_Lakes_GEODES_All3_QE-HF_C18_USDAY46918_NEG_MSMS_41_GEO-ME-24-F_1_Rg80to1200-CE102040-0-7-S1_Run152.mzML,/mnt/Volumes/LaCie/nmdc_data/mcmahon_11_fkbnah04/raw/20181217_KBL_TM_Lakes_GEODES_All3_QE-HF_C18_USDAY46918_NEG_MSMS_41_GEO-ME-24-F_1_Rg80to1200-CE102040-0-7-S1_Run152.mzML,82003748,.mzml,Error processing 20181217_KBL_TM_Lakes_GEODES_All3_QE-HF_C18_USDAY46918_NEG_MSMS_41_GEO-ME-24-F_1_Rg80to1200-CE102040-0-7-S1_Run152.mzML after 1 attempts: Mixed polarities detected in scan data,2026-07-08T00:37:58.320000,,,,
20181217_KBL_TM_Lakes_GEODES_All3_QE-HF_C18_USDAY46918_NEG_MSMS_41_GEO-ME-24-F_1_Rg80to1200-CE102040-0-7-S1_Run152.mzML,/mnt/Volumes/LaCie/nmdc_data/mcmahon_11_fkbnah04/raw/20181217_KBL_TM_Lakes_GEODES_All3_QE-HF_C18_USDAY46918_NEG_MSMS_41_GEO-ME-24-F_1_Rg80to1200-CE102040-0-7-S1_Run152.mzML,82003748,.mzml,Error processing 20181217_KBL_TM_Lakes_GEODES_All3_QE-HF_C18_USDAY46918_NEG_MSMS_41_GEO-ME-24-F_1_Rg80to1200-CE102040-0-7-S1_Run152.mzML after 1 attempts: Mixed polarities detected in scan data,2026-07-08T00:37:58.320000,,,,
20181217_KBL_TM_Lakes_GEODES_All3_QE-HF_C18_USDAY46918_NEG_MSMS_41_GEO-ME-24-F_1_Rg80to1200-CE102040-0-7-S1_Run152.mzML,/mnt/Volumes/LaCie/nmdc_data/mcmahon_11_fkbnah04/raw/20181217_KBL_TM_Lakes_GEODES_All3_QE-HF_C18_USDAY46918_NEG_MSMS_41_GEO-ME-24-F_1_Rg80to1200-CE102040-0-7-S1_Run152.mzML,82003748,.mzml,Error processing 20181217_KBL_TM_Lakes_GEODES_All3_QE-HF_C18_USDAY46918_NEG_MSMS_41_GEO-ME-24-F_1_Rg80to1200-CE102040-0-7-S1_Run152.mzML after 1 attempts: Mixed polarities detected in scan data,2026-07-08T00:37:58.320000,,,,
20181217_KBL_TM_Lakes_GEODES_All3_QE-HF_C18_USDAY46918_NEG_MSMS_6_GEO-ME-28-UF_1_Rg80to1200-CE102040-0-7-S1_Run34.mzML,/mnt/Volumes/LaCie/nmdc_data/mcmahon_11_fkbnah04/raw/20181217_KBL_TM_Lakes_GEODES_All3_QE-HF_C18_USDAY46918_NEG_MSMS_6_GEO-ME-28-UF_1_Rg80to1200-CE102040-0-7-S1_Run34.mzML,85315123,.mzml,Error processing 20181217_KBL_TM_Lakes_GEODES_All3_QE-HF_C18_USDAY46918_NEG_MSMS_6_GEO-ME-28-UF_1_Rg80to1200-CE102040-0-7-S1_Run34.mzML after 1 attempts: Mixed polarities detected in scan data,2026-07-08T00:38:23.240000,,,,
20181217_KBL_TM_Lakes_GEODES_All3_QE-HF_C18_USDAY46918_NEG_MSMS_6_GEO-ME-28-UF_1_Rg80to1200-CE102040-0-7-S1_Run34.mzML,/mnt/Volumes/LaCie/nmdc_data/mcmahon_11_fkbnah04/raw/20181217_KBL_TM_Lakes_GEODES_All3_QE-HF_C18_USDAY46918_NEG_MSMS_6_GEO-ME-28-UF_1_Rg80to1200-CE102040-0-7-S1_Run34.mzML,85315123,.mzml,Error processing 20181217_KBL_TM_Lakes_GEODES_All3_QE-HF_C18_USDAY46918_NEG_MSMS_6_GEO-ME-28-UF_1_Rg80to1200-CE102040-0-7-S1_Run34.mzML after 1 attempts: Mixed polarities detected in scan data,2026-07-08T00:38:23.240000,,,,
20181217_KBL_TM_Lakes_GEODES_All3_QE-HF_C18_USDAY46918_NEG_MSMS_6_GEO-ME-28-UF_1_Rg80to1200-CE102040-0-7-S1_Run34.mzML,/mnt/Volumes/LaCie/nmdc_data/mcmahon_11_fkbnah04/raw/20181217_KBL_TM_Lakes_GEODES_All3_QE-HF_C18_USDAY46918_NEG_MSMS_6_GEO-ME-28-UF_1_Rg80to1200-CE102040-0-7-S1_Run34.mzML,85315123,.mzml,Error processing 20181217_KBL_TM_Lakes_GEODES_All3_QE-HF_C18_USDAY46918_NEG_MSMS_6_GEO-ME-28-UF_1_Rg80to1200-CE102040-0-7-S1_Run34.mzML after 1 attempts: Mixed polarities detected in scan data,2026-07-08T00:38:23.240000,,,,
20181217_KBL_TM_Lakes_GEODES_All3_QE-HF_C18_USDAY46918_POS_MSMS_18_GEO-SP-28-UF_1_Rg80to1200-CE102040-0-4-S1_Run74.mzML,/mnt/Volumes/LaCie/nmdc_data/mcmahon_11_fkbnah04/raw/20181217_KBL_TM_Lakes_GEODES_All3_QE-HF_C18_USDAY46918_POS_MSMS_18_GEO-SP-28-UF_1_Rg80to1200-CE102040-0-4-S1_Run74.mzML,104718295,.mzml,Error processing 20181217_KBL_TM_Lakes_GEODES_All3_QE-HF_C18_USDAY46918_POS_MSMS_18_GEO-SP-28-UF_1_Rg80to1200-CE102040-0-4-S1_Run74.mzML after 1 attempts: Mixed polarities detected in scan data,2026-07-08T00:38:32.730000,,,,
20181217_KBL_TM_Lakes_GEODES_All3_QE-HF_C18_USDAY46918_POS_MSMS_18_GEO-SP-28-UF_1_Rg80to1200-CE102040-0-4-S1_Run74.mzML,/mnt/Volumes/LaCie/nmdc_data/mcmahon_11_fkbnah04/raw/20181217_KBL_TM_Lakes_GEODES_All3_QE-HF_C18_USDAY46918_POS_MSMS_18_GEO-SP-28-UF_1_Rg80to1200-CE102040-0-4-S1_Run74.mzML,104718295,.mzml,Error processing 20181217_KBL_TM_Lakes_GEODES_All3_QE-HF_C18_USDAY46918_POS_MSMS_18_GEO-SP-28-UF_1_Rg80to1200-CE102040-0-4-S1_Run74.mzML after 1 attempts: Mixed polarities detected in scan data,2026-07-08T00:38:32.730000,,,,
20181217_KBL_TM_Lakes_GEODES_All3_QE-HF_C18_USDAY46918_POS_MSMS_18_GEO-SP-28-UF_1_Rg80to1200-CE102040-0-4-S1_Run74.mzML,/mnt/Volumes/LaCie/nmdc_data/mcmahon_11_fkbnah04/raw/20181217_KBL_TM_Lakes_GEODES_All3_QE-HF_C18_USDAY46918_POS_MSMS_18_GEO-SP-28-UF_1_Rg80to1200-CE102040-0-4-S1_Run74.mzML,104718295,.mzml,Error processing 20181217_KBL_TM_Lakes_GEODES_All3_QE-HF_C18_USDAY46918_POS_MSMS_18_GEO-SP-28-UF_1_Rg80to1200-CE102040-0-4-S1_Run74.mzML after 1 attempts: Mixed polarities detected in scan data,2026-07-08T00:38:32.730000,,,,
20180918_KBL_TM_Lakes_GEODES_All3_QE-HF_HILICZ-VF1_USHXG01161_NEG_MSMS_53_GEO-SP-24-F_1_Rg70to1050-CE102040-0-4-S1_Run193.mzML,/mnt/Volumes/LaCie/nmdc_data/mcmahon_11_fkbnah04/raw/20180918_KBL_TM_Lakes_GEODES_All3_QE-HF_HILICZ-VF1_USHXG01161_NEG_MSMS_53_GEO-SP-24-F_1_Rg70to1050-CE102040-0-4-S1_Run193.mzML,178121223,.mzml,Error processing 20180918_KBL_TM_Lakes_GEODES_All3_QE-HF_HILICZ-VF1_USHXG01161_NEG_MSMS_53_GEO-SP-24-F_1_Rg70to1050-CE102040-0-4-S1_Run193.mzML after 1 attempts: Mixed polarities detected in scan data,2026-07-08T00:38:12.260000,,,,
20180918_KBL_TM_Lakes_GEODES_All3_QE-HF_HILICZ-VF1_USHXG01161_NEG_MSMS_53_GEO-SP-24-F_1_Rg70to1050-CE102040-0-4-S1_Run193.mzML,/mnt/Volumes/LaCie/nmdc_data/mcmahon_11_fkbnah04/raw/20180918_KBL_TM_Lakes_GEODES_All3_QE-HF_HILICZ-VF1_USHXG01161_NEG_MSMS_53_GEO-SP-24-F_1_Rg70to1050-CE102040-0-4-S1_Run193.mzML,178121223,.mzml,Error processing 20180918_KBL_TM_Lakes_GEODES_All3_QE-HF_HILICZ-VF1_USHXG01161_NEG_MSMS_53_GEO-SP-24-F_1_Rg70to1050-CE102040-0-4-S1_Run193.mzML after 1 attempts: Mixed polarities detected in scan data,2026-07-08T00:38:12.260000,,,,
20180918_KBL_TM_Lakes_GEODES_All3_QE-HF_HILICZ-VF1_USHXG01161_NEG_MSMS_53_GEO-SP-24-F_1_Rg70to1050-CE102040-0-4-S1_Run193.mzML,/mnt/Volumes/LaCie/nmdc_data/mcmahon_11_fkbnah04/raw/20180918_KBL_TM_Lakes_GEODES_All3_QE-HF_HILICZ-VF1_USHXG01161_NEG_MSMS_53_GEO-SP-24-F_1_Rg70to1050-CE102040-0-4-S1_Run193.mzML,178121223,.mzml,Error processing 20180918_KBL_TM_Lakes_GEODES_All3_QE-HF_HILICZ-VF1_USHXG01161_NEG_MSMS_53_GEO-SP-24-F_1_Rg70to1050-CE102040-0-4-S1_Run193.mzML after 1 attempts: Mixed polarities detected in scan data,2026-07-08T00:38:12.260000,,,,
20181217_KBL_TM_Lakes_Mendota_DepthDate_QE-HF_C18_USDAY46918_POS_MSMS_12_ME-20170908-metabo-12_1_Rg80to1200-CE102040-14p5-S1_Run51.mzML,/mnt/Volumes/LaCie/nmdc_data/mcmahon_11_fkbnah04/raw/20181217_KBL_TM_Lakes_Mendota_DepthDate_QE-HF_C18_USDAY46918_POS_MSMS_12_ME-20170908-metabo-12_1_Rg80to1200-CE102040-14p5-S1_Run51.mzML,97771674,.mzml,Error processing 20181217_KBL_TM_Lakes_Mendota_DepthDate_QE-HF_C18_USDAY46918_POS_MSMS_12_ME-20170908-metabo-12_1_Rg80to1200-CE102040-14p5-S1_Run51.mzML after 1 attempts: Mixed polarities detected in scan data,2026-07-08T00:38:45.180000,,,,
20181217_KBL_TM_Lakes_Mendota_DepthDate_QE-HF_C18_USDAY46918_POS_MSMS_12_ME-20170908-metabo-12_1_Rg80to1200-CE102040-14p5-S1_Run51.mzML,/mnt/Volumes/LaCie/nmdc_data/mcmahon_11_fkbnah04/raw/20181217_KBL_TM_Lakes_Mendota_DepthDate_QE-HF_C18_USDAY46918_POS_MSMS_12_ME-20170908-metabo-12_1_Rg80to1200-CE102040-14p5-S1_Run51.mzML,97771674,.mzml,Error processing 20181217_KBL_TM_Lakes_Mendota_DepthDate_QE-HF_C18_USDAY46918_POS_MSMS_12_ME-20170908-metabo-12_1_Rg80to1200-CE102040-14p5-S1_Run51.mzML after 1 attempts: Mixed polarities detected in scan data,2026-07-08T00:38:45.180000,,,,
20181217_KBL_TM_Lakes_Mendota_DepthDate_QE-HF_C18_USDAY46918_POS_MSMS_12_ME-20170908-metabo-12_1_Rg80to1200-CE102040-14p5-S1_Run51.mzML,/mnt/Volumes/LaCie/nmdc_data/mcmahon_11_fkbnah04/raw/20181217_KBL_TM_Lakes_Mendota_DepthDate_QE-HF_C18_USDAY46918_POS_MSMS_12_ME-20170908-metabo-12_1_Rg80to1200-CE102040-14p5-S1_Run51.mzML,97771674,.mzml,Error processing 20181217_KBL_TM_Lakes_Mendota_DepthDate_QE-HF_C18_USDAY46918_POS_MSMS_12_ME-20170908-metabo-12_1_Rg80to1200-CE102040-14p5-S1_Run51.mzML after 1 attempts: Mixed polarities detected in scan data,2026-07-08T00:38:45.180000,,,,
20181217_KBL_TM_Lakes_GEODES_All3_QE-HF_C18_USDAY46918_NEG_MSMS_23_GEO-SP-4-UF_1_Rg80to1200-CE102040-0-4-S1_Run90.mzML,/mnt/Volumes/LaCie/nmdc_data/mcmahon_11_fkbnah04/raw/20181217_KBL_TM_Lakes_GEODES_All3_QE-HF_C18_USDAY46918_NEG_MSMS_23_GEO-SP-4-UF_1_Rg80to1200-CE102040-0-4-S1_Run90.mzML,85020934,.mzml,Error processing 20181217_KBL_TM_Lakes_GEODES_All3_QE-HF_C18_USDAY46918_NEG_MSMS_23_GEO-SP-4-UF_1_Rg80to1200-CE102040-0-4-S1_Run90.mzML after 1 attempts: Mixed polarities detected in scan data,2026-07-08T00:41:43.890000,,,,
20181217_KBL_TM_Lakes_GEODES_All3_QE-HF_C18_USDAY46918_NEG_MSMS_23_GEO-SP-4-UF_1_Rg80to1200-CE102040-0-4-S1_Run90.mzML,/mnt/Volumes/LaCie/nmdc_data/mcmahon_11_fkbnah04/raw/20181217_KBL_TM_Lakes_GEODES_All3_QE-HF_C18_USDAY46918_NEG_MSMS_23_GEO-SP-4-UF_1_Rg80to1200-CE102040-0-4-S1_Run90.mzML,85020934,.mzml,Error processing 20181217_KBL_TM_Lakes_GEODES_All3_QE-HF_C18_USDAY46918_NEG_MSMS_23_GEO-SP-4-UF_1_Rg80to1200-CE102040-0-4-S1_Run90.mzML after 1 attempts: Mixed polarities detected in scan data,2026-07-08T00:41:43.890000,,,,
20181217_KBL_TM_Lakes_GEODES_All3_QE-HF_C18_USDAY46918_NEG_MSMS_23_GEO-SP-4-UF_1_Rg80to1200-CE102040-0-4-S1_Run90.mzML,/mnt/Volumes/LaCie/nmdc_data/mcmahon_11_fkbnah04/raw/20181217_KBL_TM_Lakes_GEODES_All3_QE-HF_C18_USDAY46918_NEG_MSMS_23_GEO-SP-4-UF_1_Rg80to1200-CE102040-0-4-S1_Run90.mzML,85020934,.mzml,Error processing 20181217_KBL_TM_Lakes_GEODES_All3_QE-HF_C18_USDAY46918_NEG_MSMS_23_GEO-SP-4-UF_1_Rg80to1200-CE102040-0-4-S1_Run90.mzML after 1 attempts: Mixed polarities detected in scan data,2026-07-08T00:41:43.890000,,,,
20180918_KBL_TM_Lakes_GEODES_All3_QE-HF_HILICZ-VF1_USHXG01161_NEG_MSMS_28_GEO-TB-20-UF_1_Rg70to1050-CE102040-0-1-S1_Run108.mzML,/mnt/Volumes/LaCie/nmdc_data/mcmahon_11_fkbnah04/raw/20180918_KBL_TM_Lakes_GEODES_All3_QE-HF_HILICZ-VF1_USHXG01161_NEG_MSMS_28_GEO-TB-20-UF_1_Rg70to1050-CE102040-0-1-S1_Run108.mzML,201186399,.mzml,Error processing 20180918_KBL_TM_Lakes_GEODES_All3_QE-HF_HILICZ-VF1_USHXG01161_NEG_MSMS_28_GEO-TB-20-UF_1_Rg70to1050-CE102040-0-1-S1_Run108.mzML after 1 attempts: Mixed polarities detected in scan data,2026-07-08T00:39:11.210000,,,,
20180918_KBL_TM_Lakes_GEODES_All3_QE-HF_HILICZ-VF1_USHXG01161_NEG_MSMS_28_GEO-TB-20-UF_1_Rg70to1050-CE102040-0-1-S1_Run108.mzML,/mnt/Volumes/LaCie/nmdc_data/mcmahon_11_fkbnah04/raw/20180918_KBL_TM_Lakes_GEODES_All3_QE-HF_HILICZ-VF1_USHXG01161_NEG_MSMS_28_GEO-TB-20-UF_1_Rg70to1050-CE102040-0-1-S1_Run108.mzML,201186399,.mzml,Error processing 20180918_KBL_TM_Lakes_GEODES_All3_QE-HF_HILICZ-VF1_USHXG01161_NEG_MSMS_28_GEO-TB-20-UF_1_Rg70to1050-CE102040-0-1-S1_Run108.mzML after 1 attempts: Mixed polarities detected in scan data,2026-07-08T00:39:11.210000,,,,
20180918_KBL_TM_Lakes_GEODES_All3_QE-HF_HILICZ-VF1_USHXG01161_NEG_MSMS_28_GEO-TB-20-UF_1_Rg70to1050-CE102040-0-1-S1_Run108.mzML,/mnt/Volumes/LaCie/nmdc_data/mcmahon_11_fkbnah04/raw/20180918_KBL_TM_Lakes_GEODES_All3_QE-HF_HILICZ-VF1_USHXG01161_NEG_MSMS_28_GEO-TB-20-UF_1_Rg70to1050-CE102040-0-1-S1_Run108.mzML,201186399,.mzml,Error processing 20180918_KBL_TM_Lakes_GEODES_All3_QE-HF_HILICZ-VF1_USHXG01161_NEG_MSMS_28_GEO-TB-20-UF_1_Rg70to1050-CE102040-0-1-S1_Run108.mzML after 1 attempts: Mixed polarities detected in scan data,2026-07-08T00:39:11.210000,,,,
20180918_KBL_TM_Lakes_GEODES_All3_QE-HF_HILICZ-VF1_USHXG01161_POS_MSMS_70_GEO-TB-44-F_1_Rg70to1050-CE102040-0-1-S1_Run251.mzML,/mnt/Volumes/LaCie/nmdc_data/mcmahon_11_fkbnah04/raw/20180918_KBL_TM_Lakes_GEODES_All3_QE-HF_HILICZ-VF1_USHXG01161_POS_MSMS_70_GEO-TB-44-F_1_Rg70to1050-CE102040-0-1-S1_Run251.mzML,195721034,.mzml,Error processing 20180918_KBL_TM_Lakes_GEODES_All3_QE-HF_HILICZ-VF1_USHXG01161_POS_MSMS_70_GEO-TB-44-F_1_Rg70to1050-CE102040-0-1-S1_Run251.mzML after 1 attempts: Mixed polarities detected in scan data,2026-07-08T00:40:17.740000,,,,
20180918_KBL_TM_Lakes_GEODES_All3_QE-HF_HILICZ-VF1_USHXG01161_POS_MSMS_70_GEO-TB-44-F_1_Rg70to1050-CE102040-0-1-S1_Run251.mzML,/mnt/Volumes/LaCie/nmdc_data/mcmahon_11_fkbnah04/raw/20180918_KBL_TM_Lakes_GEODES_All3_QE-HF_HILICZ-VF1_USHXG01161_POS_MSMS_70_GEO-TB-44-F_1_Rg70to1050-CE102040-0-1-S1_Run251.mzML,195721034,.mzml,Error processing 20180918_KBL_TM_Lakes_GEODES_All3_QE-HF_HILICZ-VF1_USHXG01161_POS_MSMS_70_GEO-TB-44-F_1_Rg70to1050-CE102040-0-1-S1_Run251.mzML after 1 attempts: Mixed polarities detected in scan data,2026-07-08T00:40:17.740000,,,,
20180918_KBL_TM_Lakes_GEODES_All3_QE-HF_HILICZ-VF1_USHXG01161_POS_MSMS_70_GEO-TB-44-F_1_Rg70to1050-CE102040-0-1-S1_Run251.mzML,/mnt/Volumes/LaCie/nmdc_data/mcmahon_11_fkbnah04/raw/20180918_KBL_TM_Lakes_GEODES_All3_QE-HF_HILICZ-VF1_USHXG01161_POS_MSMS_70_GEO-TB-44-F_1_Rg70to1050-CE102040-0-1-S1_Run251.mzML,195721034,.mzml,Error processing 20180918_KBL_TM_Lakes_GEODES_All3_QE-HF_HILICZ-VF1_USHXG01161_POS_MSMS_70_GEO-TB-44-F_1_Rg70to1050-CE102040-0-1-S1_Run251.mzML after 1 attempts: Mixed polarities detected in scan data,2026-07-08T00:40:17.740000,,,,
20180918_KBL_TM_Lakes_GEODES_All3_QE-HF_HILICZ-VF1_USHXG01161_POS_MSMS_8_GEO-ME-36-UF_1_Rg70to1050-CE102040-0-7-S1_Run39.mzML,/mnt/Volumes/LaCie/nmdc_data/mcmahon_11_fkbnah04/raw/20180918_KBL_TM_Lakes_GEODES_All3_QE-HF_HILICZ-VF1_USHXG01161_POS_MSMS_8_GEO-ME-36-UF_1_Rg70to1050-CE102040-0-7-S1_Run39.mzML,172075373,.mzml,Error processing 20180918_KBL_TM_Lakes_GEODES_All3_QE-HF_HILICZ-VF1_USHXG01161_POS_MSMS_8_GEO-ME-36-UF_1_Rg70to1050-CE102040-0-7-S1_Run39.mzML after 1 attempts: Mixed polarities detected in scan data,2026-07-08T00:41:15.850000,,,,
20180918_KBL_TM_Lakes_GEODES_All3_QE-HF_HILICZ-VF1_USHXG01161_POS_MSMS_8_GEO-ME-36-UF_1_Rg70to1050-CE102040-0-7-S1_Run39.mzML,/mnt/Volumes/LaCie/nmdc_data/mcmahon_11_fkbnah04/raw/20180918_KBL_TM_Lakes_GEODES_All3_QE-HF_HILICZ-VF1_USHXG01161_POS_MSMS_8_GEO-ME-36-UF_1_Rg70to1050-CE102040-0-7-S1_Run39.mzML,172075373,.mzml,Error processing 20180918_KBL_TM_Lakes_GEODES_All3_QE-HF_HILICZ-VF1_USHXG01161_POS_MSMS_8_GEO-ME-36-UF_1_Rg70to1050-CE102040-0-7-S1_Run39.mzML after 1 attempts: Mixed polarities detected in scan data,2026-07-08T00:41:15.850000,,,,
20180918_KBL_TM_Lakes_GEODES_All3_QE-HF_HILICZ-VF1_USHXG01161_POS_MSMS_8_GEO-ME-36-UF_1_Rg70to1050-CE102040-0-7-S1_Run39.mzML,/mnt/Volumes/LaCie/nmdc_data/mcmahon_11_fkbnah04/raw/20180918_KBL_TM_Lakes_GEODES_All3_QE-HF_HILICZ-VF1_USHXG01161_POS_MSMS_8_GEO-ME-36-UF_1_Rg70to1050-CE102040-0-7-S1_Run39.mzML,172075373,.mzml,Error processing 20180918_KBL_TM_Lakes_GEODES_All3_QE-HF_HILICZ-VF1_USHXG01161_POS_MSMS_8_GEO-ME-36-UF_1_Rg70to1050-CE102040-0-7-S1_Run39.mzML after 1 attempts: Mixed polarities detected in scan data,2026-07-08T00:41:15.850000,,,,
20181217_KBL_TM_Lakes_GEODES_All3_QE-HF_C18_USDAY46918_NEG_MSMS_22_GEO-SP-44-UF_1_Rg80to1200-CE102040-0-4-S1_Run87.mzML,/mnt/Volumes/LaCie/nmdc_data/mcmahon_11_fkbnah04/raw/20181217_KBL_TM_Lakes_GEODES_All3_QE-HF_C18_USDAY46918_NEG_MSMS_22_GEO-SP-44-UF_1_Rg80to1200-CE102040-0-4-S1_Run87.mzML,84770573,.mzml,Error processing 20181217_KBL_TM_Lakes_GEODES_All3_QE-HF_C18_USDAY46918_NEG_MSMS_22_GEO-SP-44-UF_1_Rg80to1200-CE102040-0-4-S1_Run87.mzML after 1 attempts: Mixed polarities detected in scan data,2026-07-08T00:42:10.990000,,,,
20181217_KBL_TM_Lakes_GEODES_All3_QE-HF_C18_USDAY46918_NEG_MSMS_22_GEO-SP-44-UF_1_Rg80to1200-CE102040-0-4-S1_Run87.mzML,/mnt/Volumes/LaCie/nmdc_data/mcmahon_11_fkbnah04/raw/20181217_KBL_TM_Lakes_GEODES_All3_QE-HF_C18_USDAY46918_NEG_MSMS_22_GEO-SP-44-UF_1_Rg80to1200-CE102040-0-4-S1_Run87.mzML,84770573,.mzml,Error processing 20181217_KBL_TM_Lakes_GEODES_All3_QE-HF_C18_USDAY46918_NEG_MSMS_22_GEO-SP-44-UF_1_Rg80to1200-CE102040-0-4-S1_Run87.mzML after 1 attempts: Mixed polarities detected in scan data,2026-07-08T00:42:10.990000,,,,
20181217_KBL_TM_Lakes_GEODES_All3_QE-HF_C18_USDAY46918_NEG_MSMS_22_GEO-SP-44-UF_1_Rg80to1200-CE102040-0-4-S1_Run87.mzML,/mnt/Volumes/LaCie/nmdc_data/mcmahon_11_fkbnah04/raw/20181217_KBL_TM_Lakes_GEODES_All3_QE-HF_C18_USDAY46918_NEG_MSMS_22_GEO-SP-44-UF_1_Rg80to1200-CE102040-0-4-S1_Run87.mzML,84770573,.mzml,Error processing 20181217_KBL_TM_Lakes_GEODES_All3_QE-HF_C18_USDAY46918_NEG_MSMS_22_GEO-SP-44-UF_1_Rg80to1200-CE102040-0-4-S1_Run87.mzML after 1 attempts: Mixed polarities detected in scan data,2026-07-08T00:42:10.990000,,,,
20181217_KBL_TM_Lakes_GEODES_All3_QE-HF_C18_USDAY46918_POS_MSMS_20_GEO-SP-36-UF_1_Rg80to1200-CE102040-0-4-S1_Run80.mzML,/mnt/Volumes/LaCie/nmdc_data/mcmahon_11_fkbnah04/raw/20181217_KBL_TM_Lakes_GEODES_All3_QE-HF_C18_USDAY46918_POS_MSMS_20_GEO-SP-36-UF_1_Rg80to1200-CE102040-0-4-S1_Run80.mzML,102348186,.mzml,Error processing 20181217_KBL_TM_Lakes_GEODES_All3_QE-HF_C18_USDAY46918_POS_MSMS_20_GEO-SP-36-UF_1_Rg80to1200-CE102040-0-4-S1_Run80.mzML after 1 attempts: Mixed polarities detected in scan data,2026-07-08T00:42:34.960000,,,,
20181217_KBL_TM_Lakes_GEODES_All3_QE-HF_C18_USDAY46918_POS_MSMS_20_GEO-SP-36-UF_1_Rg80to1200-CE102040-0-4-S1_Run80.mzML,/mnt/Volumes/LaCie/nmdc_data/mcmahon_11_fkbnah04/raw/20181217_KBL_TM_Lakes_GEODES_All3_QE-HF_C18_USDAY46918_POS_MSMS_20_GEO-SP-36-UF_1_Rg80to1200-CE102040-0-4-S1_Run80.mzML,102348186,.mzml,Error processing 20181217_KBL_TM_Lakes_GEODES_All3_QE-HF_C18_USDAY46918_POS_MSMS_20_GEO-SP-36-UF_1_Rg80to1200-CE102040-0-4-S1_Run80.mzML after 1 attempts: Mixed polarities detected in scan data,2026-07-08T00:42:34.960000,,,,
20181217_KBL_TM_Lakes_GEODES_All3_QE-HF_C18_USDAY46918_POS_MSMS_20_GEO-SP-36-UF_1_Rg80to1200-CE102040-0-4-S1_Run80.mzML,/mnt/Volumes/LaCie/nmdc_data/mcmahon_11_fkbnah04/raw/20181217_KBL_TM_Lakes_GEODES_All3_QE-HF_C18_USDAY46918_POS_MSMS_20_GEO-SP-36-UF_1_Rg80to1200-CE102040-0-4-S1_Run80.mzML,102348186,.mzml,Error processing 20181217_KBL_TM_Lakes_GEODES_All3_QE-HF_C18_USDAY46918_POS_MSMS_20_GEO-SP-36-UF_1_Rg80to1200-CE102040-0-4-S1_Run80.mzML after 1 attempts: Mixed polarities detected in scan data,2026-07-08T00:42:34.960000,,,,
20180918_KBL_TM_Lakes_GEODES_All3_QE-HF_HILICZ-VF1_USHXG01161_POS_MSMS_25_GEO-TB-0-UF_1_Rg70to1050-CE102040-0-1-S1_Run95.mzML,/mnt/Volumes/LaCie/nmdc_data/mcmahon_11_fkbnah04/raw/20180918_KBL_TM_Lakes_GEODES_All3_QE-HF_HILICZ-VF1_USHXG01161_POS_MSMS_25_GEO-TB-0-UF_1_Rg70to1050-CE102040-0-1-S1_Run95.mzML,185837708,.mzml,Error processing 20180918_KBL_TM_Lakes_GEODES_All3_QE-HF_HILICZ-VF1_USHXG01161_POS_MSMS_25_GEO-TB-0-UF_1_Rg70to1050-CE102040-0-1-S1_Run95.mzML after 1 attempts: Mixed polarities detected in scan data,2026-07-08T00:42:26.920000,,,,
20180918_KBL_TM_Lakes_GEODES_All3_QE-HF_HILICZ-VF1_USHXG01161_POS_MSMS_25_GEO-TB-0-UF_1_Rg70to1050-CE102040-0-1-S1_Run95.mzML,/mnt/Volumes/LaCie/nmdc_data/mcmahon_11_fkbnah04/raw/20180918_KBL_TM_Lakes_GEODES_All3_QE-HF_HILICZ-VF1_USHXG01161_POS_MSMS_25_GEO-TB-0-UF_1_Rg70to1050-CE102040-0-1-S1_Run95.mzML,185837708,.mzml,Error processing 20180918_KBL_TM_Lakes_GEODES_All3_QE-HF_HILICZ-VF1_USHXG01161_POS_MSMS_25_GEO-TB-0-UF_1_Rg70to1050-CE102040-0-1-S1_Run95.mzML after 1 attempts: Mixed polarities detected in scan data,2026-07-08T00:42:26.920000,,,,
20180918_KBL_TM_Lakes_GEODES_All3_QE-HF_HILICZ-VF1_USHXG01161_POS_MSMS_25_GEO-TB-0-UF_1_Rg70to1050-CE102040-0-1-S1_Run95.mzML,/mnt/Volumes/LaCie/nmdc_data/mcmahon_11_fkbnah04/raw/20180918_KBL_TM_Lakes_GEODES_All3_QE-HF_HILICZ-VF1_USHXG01161_POS_MSMS_25_GEO-TB-0-UF_1_Rg70to1050-CE102040-0-1-S1_Run95.mzML,185837708,.mzml,Error processing 20180918_KBL_TM_Lakes_GEODES_All3_QE-HF_HILICZ-VF1_USHXG01161_POS_MSMS_25_GEO-TB-0-UF_1_Rg70to1050-CE102040-0-1-S1_Run95.mzML after 1 attempts: Mixed polarities detected in scan data,2026-07-08T00:42:26.920000,,,,
20181217_KBL_TM_Lakes_GEODES_All3_QE-HF_C18_USDAY46918_POS_MSMS_36_GEO-TB-8-UF_1_Rg80to1200-CE102040-0-1-S1_Run136.mzML,/mnt/Volumes/LaCie/nmdc_data/mcmahon_11_fkbnah04/raw/20181217_KBL_TM_Lakes_GEODES_All3_QE-HF_C18_USDAY46918_POS_MSMS_36_GEO-TB-8-UF_1_Rg80to1200-CE102040-0-1-S1_Run136.mzML,107226195,.mzml,Error processing 20181217_KBL_TM_Lakes_GEODES_All3_QE-HF_C18_USDAY46918_POS_MSMS_36_GEO-TB-8-UF_1_Rg80to1200-CE102040-0-1-S1_Run136.mzML after 1 attempts: Mixed polarities detected in scan data,2026-07-08T00:43:35.940000,,,,
20181217_KBL_TM_Lakes_GEODES_All3_QE-HF_C18_USDAY46918_POS_MSMS_36_GEO-TB-8-UF_1_Rg80to1200-CE102040-0-1-S1_Run136.mzML,/mnt/Volumes/LaCie/nmdc_data/mcmahon_11_fkbnah04/raw/20181217_KBL_TM_Lakes_GEODES_All3_QE-HF_C18_USDAY46918_POS_MSMS_36_GEO-TB-8-UF_1_Rg80to1200-CE102040-0-1-S1_Run136.mzML,107226195,.mzml,Error processing 20181217_KBL_TM_Lakes_GEODES_All3_QE-HF_C18_USDAY46918_POS_MSMS_36_GEO-TB-8-UF_1_Rg80to1200-CE102040-0-1-S1_Run136.mzML after 1 attempts: Mixed polarities detected in scan data,2026-07-08T00:43:35.940000,,,,
20180918_KBL_TM_Lakes_GEODES_All3_QE-HF_HILICZ-VF1_USHXG01161_POS_MSMS_12_GEO-ME-8-UF_1_Rg70to1050-CE102040-0-7-S1_Run51.mzML,/mnt/Volumes/LaCie/nmdc_data/mcmahon_11_fkbnah04/raw/20180918_KBL_TM_Lakes_GEODES_All3_QE-HF_HILICZ-VF1_USHXG01161_POS_MSMS_12_GEO-ME-8-UF_1_Rg70to1050-CE102040-0-7-S1_Run51.mzML,172000488,.mzml,Error processing 20180918_KBL_TM_Lakes_GEODES_All3_QE-HF_HILICZ-VF1_USHXG01161_POS_MSMS_12_GEO-ME-8-UF_1_Rg70to1050-CE102040-0-7-S1_Run51.mzML after 1 attempts: Mixed polarities detected in scan data,2026-07-08T00:43:07.510000,,,,
20181217_KBL_TM_Lakes_GEODES_All3_QE-HF_C18_USDAY46918_POS_MSMS_36_GEO-TB-8-UF_1_Rg80to1200-CE102040-0-1-S1_Run136.mzML,/mnt/Volumes/LaCie/nmdc_data/mcmahon_11_fkbnah04/raw/20181217_KBL_TM_Lakes_GEODES_All3_QE-HF_C18_USDAY46918_POS_MSMS_36_GEO-TB-8-UF_1_Rg80to1200-CE102040-0-1-S1_Run136.mzML,107226195,.mzml,Error processing 20181217_KBL_TM_Lakes_GEODES_All3_QE-HF_C18_USDAY46918_POS_MSMS_36_GEO-TB-8-UF_1_Rg80to1200-CE102040-0-1-S1_Run136.mzML after 1 attempts: Mixed polarities detected in scan data,2026-07-08T00:43:35.940000,,,,
20180918_KBL_TM_Lakes_GEODES_All3_QE-HF_HILICZ-VF1_USHXG01161_POS_MSMS_12_GEO-ME-8-UF_1_Rg70to1050-CE102040-0-7-S1_Run51.mzML,/mnt/Volumes/LaCie/nmdc_data/mcmahon_11_fkbnah04/raw/20180918_KBL_TM_Lakes_GEODES_All3_QE-HF_HILICZ-VF1_USHXG01161_POS_MSMS_12_GEO-ME-8-UF_1_Rg70to1050-CE102040-0-7-S1_Run51.mzML,172000488,.mzml,Error processing 20180918_KBL_TM_Lakes_GEODES_All3_QE-HF_HILICZ-VF1_USHXG01161_POS_MSMS_12_GEO-ME-8-UF_1_Rg70to1050-CE102040-0-7-S1_Run51.mzML after 1 attempts: Mixed polarities detected in scan data,2026-07-08T00:43:07.510000,,,,
20180918_KBL_TM_Lakes_GEODES_All3_QE-HF_HILICZ-VF1_USHXG01161_POS_MSMS_12_GEO-ME-8-UF_1_Rg70to1050-CE102040-0-7-S1_Run51.mzML,/mnt/Volumes/LaCie/nmdc_data/mcmahon_11_fkbnah04/raw/20180918_KBL_TM_Lakes_GEODES_All3_QE-HF_HILICZ-VF1_USHXG01161_POS_MSMS_12_GEO-ME-8-UF_1_Rg70to1050-CE102040-0-7-S1_Run51.mzML,172000488,.mzml,Error processing 20180918_KBL_TM_Lakes_GEODES_All3_QE-HF_HILICZ-VF1_USHXG01161_POS_MSMS_12_GEO-ME-8-UF_1_Rg70to1050-CE102040-0-7-S1_Run51.mzML after 1 attempts: Mixed polarities detected in scan data,2026-07-08T00:43:07.510000,,,,
20180918_KBL_TM_Lakes_GEODES_All3_QE-HF_HILICZ-VF1_USHXG01161_POS_MSMS_4_GEO-ME-20-UF_1_Rg70to1050-CE102040-0-7-S1_Run27.mzML,/mnt/Volumes/LaCie/nmdc_data/mcmahon_11_fkbnah04/raw/20180918_KBL_TM_Lakes_GEODES_All3_QE-HF_HILICZ-VF1_USHXG01161_POS_MSMS_4_GEO-ME-20-UF_1_Rg70to1050-CE102040-0-7-S1_Run27.mzML,171316457,.mzml,Error processing 20180918_KBL_TM_Lakes_GEODES_All3_QE-HF_HILICZ-VF1_USHXG01161_POS_MSMS_4_GEO-ME-20-UF_1_Rg70to1050-CE102040-0-7-S1_Run27.mzML after 1 attempts: Mixed polarities detected in scan data,2026-07-08T00:43:27.140000,,,,
20180918_KBL_TM_Lakes_GEODES_All3_QE-HF_HILICZ-VF1_USHXG01161_POS_MSMS_4_GEO-ME-20-UF_1_Rg70to1050-CE102040-0-7-S1_Run27.mzML,/mnt/Volumes/LaCie/nmdc_data/mcmahon_11_fkbnah04/raw/20180918_KBL_TM_Lakes_GEODES_All3_QE-HF_HILICZ-VF1_USHXG01161_POS_MSMS_4_GEO-ME-20-UF_1_Rg70to1050-CE102040-0-7-S1_Run27.mzML,171316457,.mzml,Error processing 20180918_KBL_TM_Lakes_GEODES_All3_QE-HF_HILICZ-VF1_USHXG01161_POS_MSMS_4_GEO-ME-20-UF_1_Rg70to1050-CE102040-0-7-S1_Run27.mzML after 1 attempts: Mixed polarities detected in scan data,2026-07-08T00:43:27.140000,,,,
20180918_KBL_TM_Lakes_GEODES_All3_QE-HF_HILICZ-VF1_USHXG01161_POS_MSMS_4_GEO-ME-20-UF_1_Rg70to1050-CE102040-0-7-S1_Run27.mzML,/mnt/Volumes/LaCie/nmdc_data/mcmahon_11_fkbnah04/raw/20180918_KBL_TM_Lakes_GEODES_All3_QE-HF_HILICZ-VF1_USHXG01161_POS_MSMS_4_GEO-ME-20-UF_1_Rg70to1050-CE102040-0-7-S1_Run27.mzML,171316457,.mzml,Error processing 20180918_KBL_TM_Lakes_GEODES_All3_QE-HF_HILICZ-VF1_USHXG01161_POS_MSMS_4_GEO-ME-20-UF_1_Rg70to1050-CE102040-0-7-S1_Run27.mzML after 1 attempts: Mixed polarities detected in scan data,2026-07-08T00:43:27.140000,,,,
20181217_KBL_TM_Lakes_GEODES_All3_QE-HF_C18_USDAY46918_NEG_MSMS_21_GEO-SP-40-UF_1_Rg80to1200-CE102040-0-4-S1_Run84.mzML,/mnt/Volumes/LaCie/nmdc_data/mcmahon_11_fkbnah04/raw/20181217_KBL_TM_Lakes_GEODES_All3_QE-HF_C18_USDAY46918_NEG_MSMS_21_GEO-SP-40-UF_1_Rg80to1200-CE102040-0-4-S1_Run84.mzML,86317771,.mzml,Error processing 20181217_KBL_TM_Lakes_GEODES_All3_QE-HF_C18_USDAY46918_NEG_MSMS_21_GEO-SP-40-UF_1_Rg80to1200-CE102040-0-4-S1_Run84.mzML after 1 attempts: Mixed polarities detected in scan data,2026-07-08T00:43:50.150000,,,,
20181217_KBL_TM_Lakes_GEODES_All3_QE-HF_C18_USDAY46918_NEG_MSMS_21_GEO-SP-40-UF_1_Rg80to1200-CE102040-0-4-S1_Run84.mzML,/mnt/Volumes/LaCie/nmdc_data/mcmahon_11_fkbnah04/raw/20181217_KBL_TM_Lakes_GEODES_All3_QE-HF_C18_USDAY46918_NEG_MSMS_21_GEO-SP-40-UF_1_Rg80to1200-CE102040-0-4-S1_Run84.mzML,86317771,.mzml,Error processing 20181217_KBL_TM_Lakes_GEODES_All3_QE-HF_C18_USDAY46918_NEG_MSMS_21_GEO-SP-40-UF_1_Rg80to1200-CE102040-0-4-S1_Run84.mzML after 1 attempts: Mixed polarities detected in scan data,2026-07-08T00:43:50.150000,,,,
20181217_KBL_TM_Lakes_GEODES_All3_QE-HF_C18_USDAY46918_NEG_MSMS_21_GEO-SP-40-UF_1_Rg80to1200-CE102040-0-4-S1_Run84.mzML,/mnt/Volumes/LaCie/nmdc_data/mcmahon_11_fkbnah04/raw/20181217_KBL_TM_Lakes_GEODES_All3_QE-HF_C18_USDAY46918_NEG_MSMS_21_GEO-SP-40-UF_1_Rg80to1200-CE102040-0-4-S1_Run84.mzML,86317771,.mzml,Error processing 20181217_KBL_TM_Lakes_GEODES_All3_QE-HF_C18_USDAY46918_NEG_MSMS_21_GEO-SP-40-UF_1_Rg80to1200-CE102040-0-4-S1_Run84.mzML after 1 attempts: Mixed polarities detected in scan data,2026-07-08T00:43:50.150000,,,,
20181217_KBL_TM_Lakes_GEODES_All3_QE-HF_C18_USDAY46918_NEG_MSMS_12_GEO-ME-8-UF_1_Rg80to1200-CE102040-0-7-S1_Run52.mzML,/mnt/Volumes/LaCie/nmdc_data/mcmahon_11_fkbnah04/raw/20181217_KBL_TM_Lakes_GEODES_All3_QE-HF_C18_USDAY46918_NEG_MSMS_12_GEO-ME-8-UF_1_Rg80to1200-CE102040-0-7-S1_Run52.mzML,85003098,.mzml,Error processing 20181217_KBL_TM_Lakes_GEODES_All3_QE-HF_C18_USDAY46918_NEG_MSMS_12_GEO-ME-8-UF_1_Rg80to1200-CE102040-0-7-S1_Run52.mzML after 1 attempts: Mixed polarities detected in scan data,2026-07-08T00:43:57.830000,,,,
20181217_KBL_TM_Lakes_GEODES_All3_QE-HF_C18_USDAY46918_NEG_MSMS_12_GEO-ME-8-UF_1_Rg80to1200-CE102040-0-7-S1_Run52.mzML,/mnt/Volumes/LaCie/nmdc_data/mcmahon_11_fkbnah04/raw/20181217_KBL_TM_Lakes_GEODES_All3_QE-HF_C18_USDAY46918_NEG_MSMS_12_GEO-ME-8-UF_1_Rg80to1200-CE102040-0-7-S1_Run52.mzML,85003098,.mzml,Error processing 20181217_KBL_TM_Lakes_GEODES_All3_QE-HF_C18_USDAY46918_NEG_MSMS_12_GEO-ME-8-UF_1_Rg80to1200-CE102040-0-7-S1_Run52.mzML after 1 attempts: Mixed polarities detected in scan data,2026-07-08T00:43:57.830000,,,,
20181217_KBL_TM_Lakes_GEODES_All3_QE-HF_C18_USDAY46918_NEG_MSMS_12_GEO-ME-8-UF_1_Rg80to1200-CE102040-0-7-S1_Run52.mzML,/mnt/Volumes/LaCie/nmdc_data/mcmahon_11_fkbnah04/raw/20181217_KBL_TM_Lakes_GEODES_All3_QE-HF_C18_USDAY46918_NEG_MSMS_12_GEO-ME-8-UF_1_Rg80to1200-CE102040-0-7-S1_Run52.mzML,85003098,.mzml,Error processing 20181217_KBL_TM_Lakes_GEODES_All3_QE-HF_C18_USDAY46918_NEG_MSMS_12_GEO-ME-8-UF_1_Rg80to1200-CE102040-0-7-S1_Run52.mzML after 1 attempts: Mixed polarities detected in scan data,2026-07-08T00:43:57.830000,,,,
20181217_KBL_TM_Lakes_GEODES_All3_QE-HF_C18_USDAY46918_POS_MSMS_43_GEO-ME-32-F_1_Rg80to1200-CE102040-0-7-S1_Run157.mzML,/mnt/Volumes/LaCie/nmdc_data/mcmahon_11_fkbnah04/raw/20181217_KBL_TM_Lakes_GEODES_All3_QE-HF_C18_USDAY46918_POS_MSMS_43_GEO-ME-32-F_1_Rg80to1200-CE102040-0-7-S1_Run157.mzML,100857845,.mzml,Error processing 20181217_KBL_TM_Lakes_GEODES_All3_QE-HF_C18_USDAY46918_POS_MSMS_43_GEO-ME-32-F_1_Rg80to1200-CE102040-0-7-S1_Run157.mzML after 1 attempts: Mixed polarities detected in scan data,2026-07-08T00:45:07.810000,,,,
20181217_KBL_TM_Lakes_GEODES_All3_QE-HF_C18_USDAY46918_POS_MSMS_43_GEO-ME-32-F_1_Rg80to1200-CE102040-0-7-S1_Run157.mzML,/mnt/Volumes/LaCie/nmdc_data/mcmahon_11_fkbnah04/raw/20181217_KBL_TM_Lakes_GEODES_All3_QE-HF_C18_USDAY46918_POS_MSMS_43_GEO-ME-32-F_1_Rg80to1200-CE102040-0-7-S1_Run157.mzML,100857845,.mzml,Error processing 20181217_KBL_TM_Lakes_GEODES_All3_QE-HF_C18_USDAY46918_POS_MSMS_43_GEO-ME-32-F_1_Rg80to1200-CE102040-0-7-S1_Run157.mzML after 1 attempts: Mixed polarities detected in scan data,2026-07-08T00:45:07.810000,,,,
20181217_KBL_TM_Lakes_GEODES_All3_QE-HF_C18_USDAY46918_POS_MSMS_43_GEO-ME-32-F_1_Rg80to1200-CE102040-0-7-S1_Run157.mzML,/mnt/Volumes/LaCie/nmdc_data/mcmahon_11_fkbnah04/raw/20181217_KBL_TM_Lakes_GEODES_All3_QE-HF_C18_USDAY46918_POS_MSMS_43_GEO-ME-32-F_1_Rg80to1200-CE102040-0-7-S1_Run157.mzML,100857845,.mzml,Error processing 20181217_KBL_TM_Lakes_GEODES_All3_QE-HF_C18_USDAY46918_POS_MSMS_43_GEO-ME-32-F_1_Rg80to1200-CE102040-0-7-S1_Run157.mzML after 1 attempts: Mixed polarities detected in scan data,2026-07-08T00:45:07.810000,,,,
20181217_KBL_TM_Lakes_GEODES_All3_QE-HF_C18_USDAY46918_NEG_MSMS_33_GEO-TB-40-UF_1_Rg80to1200-CE102040-0-1-S1_Run128.mzML,/mnt/Volumes/LaCie/nmdc_data/mcmahon_11_fkbnah04/raw/20181217_KBL_TM_Lakes_GEODES_All3_QE-HF_C18_USDAY46918_NEG_MSMS_33_GEO-TB-40-UF_1_Rg80to1200-CE102040-0-1-S1_Run128.mzML,91643619,.mzml,Error processing 20181217_KBL_TM_Lakes_GEODES_All3_QE-HF_C18_USDAY46918_NEG_MSMS_33_GEO-TB-40-UF_1_Rg80to1200-CE102040-0-1-S1_Run128.mzML after 1 attempts: Mixed polarities detected in scan data,2026-07-08T00:45:31.910000,,,,
20181217_KBL_TM_Lakes_GEODES_All3_QE-HF_C18_USDAY46918_NEG_MSMS_33_GEO-TB-40-UF_1_Rg80to1200-CE102040-0-1-S1_Run128.mzML,/mnt/Volumes/LaCie/nmdc_data/mcmahon_11_fkbnah04/raw/20181217_KBL_TM_Lakes_GEODES_All3_QE-HF_C18_USDAY46918_NEG_MSMS_33_GEO-TB-40-UF_1_Rg80to1200-CE102040-0-1-S1_Run128.mzML,91643619,.mzml,Error processing 20181217_KBL_TM_Lakes_GEODES_All3_QE-HF_C18_USDAY46918_NEG_MSMS_33_GEO-TB-40-UF_1_Rg80to1200-CE102040-0-1-S1_Run128.mzML after 1 attempts: Mixed polarities detected in scan data,2026-07-08T00:45:31.910000,,,,
20181217_KBL_TM_Lakes_GEODES_All3_QE-HF_C18_USDAY46918_NEG_MSMS_33_GEO-TB-40-UF_1_Rg80to1200-CE102040-0-1-S1_Run128.mzML,/mnt/Volumes/LaCie/nmdc_data/mcmahon_11_fkbnah04/raw/20181217_KBL_TM_Lakes_GEODES_All3_QE-HF_C18_USDAY46918_NEG_MSMS_33_GEO-TB-40-UF_1_Rg80to1200-CE102040-0-1-S1_Run128.mzML,91643619,.mzml,Error processing 20181217_KBL_TM_Lakes_GEODES_All3_QE-HF_C18_USDAY46918_NEG_MSMS_33_GEO-TB-40-UF_1_Rg80to1200-CE102040-0-1-S1_Run128.mzML after 1 attempts: Mixed polarities detected in scan data,2026-07-08T00:45:31.910000,,,,
20180918_KBL_TM_Lakes_GEODES_All3_QE-HF_HILICZ-VF1_USHXG01161_POS_MSMS_58_GEO-SP-44-F_1_Rg70to1050-CE102040-0-4-S1_Run210.mzML,/mnt/Volumes/LaCie/nmdc_data/mcmahon_11_fkbnah04/raw/20180918_KBL_TM_Lakes_GEODES_All3_QE-HF_HILICZ-VF1_USHXG01161_POS_MSMS_58_GEO-SP-44-F_1_Rg70to1050-CE102040-0-4-S1_Run210.mzML,180100147,.mzml,Error processing 20180918_KBL_TM_Lakes_GEODES_All3_QE-HF_HILICZ-VF1_USHXG01161_POS_MSMS_58_GEO-SP-44-F_1_Rg70to1050-CE102040-0-4-S1_Run210.mzML after 1 attempts: Mixed polarities detected in scan data,2026-07-08T00:44:55.330000,,,,
20180918_KBL_TM_Lakes_GEODES_All3_QE-HF_HILICZ-VF1_USHXG01161_POS_MSMS_58_GEO-SP-44-F_1_Rg70to1050-CE102040-0-4-S1_Run210.mzML,/mnt/Volumes/LaCie/nmdc_data/mcmahon_11_fkbnah04/raw/20180918_KBL_TM_Lakes_GEODES_All3_QE-HF_HILICZ-VF1_USHXG01161_POS_MSMS_58_GEO-SP-44-F_1_Rg70to1050-CE102040-0-4-S1_Run210.mzML,180100147,.mzml,Error processing 20180918_KBL_TM_Lakes_GEODES_All3_QE-HF_HILICZ-VF1_USHXG01161_POS_MSMS_58_GEO-SP-44-F_1_Rg70to1050-CE102040-0-4-S1_Run210.mzML after 1 attempts: Mixed polarities detected in scan data,2026-07-08T00:44:55.330000,,,,
20180918_KBL_TM_Lakes_GEODES_All3_QE-HF_HILICZ-VF1_USHXG01161_POS_MSMS_58_GEO-SP-44-F_1_Rg70to1050-CE102040-0-4-S1_Run210.mzML,/mnt/Volumes/LaCie/nmdc_data/mcmahon_11_fkbnah04/raw/20180918_KBL_TM_Lakes_GEODES_All3_QE-HF_HILICZ-VF1_USHXG01161_POS_MSMS_58_GEO-SP-44-F_1_Rg70to1050-CE102040-0-4-S1_Run210.mzML,180100147,.mzml,Error processing 20180918_KBL_TM_Lakes_GEODES_All3_QE-HF_HILICZ-VF1_USHXG01161_POS_MSMS_58_GEO-SP-44-F_1_Rg70to1050-CE102040-0-4-S1_Run210.mzML after 1 attempts: Mixed polarities detected in scan data,2026-07-08T00:44:55.330000,,,,
20181217_KBL_TM_Lakes_GEODES_All3_QE-HF_C18_USDAY46918_NEG_MSMS_61_GEO-TB-0-F_1_Rg80to1200-CE102040-0-1-S1_Run225.mzML,/mnt/Volumes/LaCie/nmdc_data/mcmahon_11_fkbnah04/raw/20181217_KBL_TM_Lakes_GEODES_All3_QE-HF_C18_USDAY46918_NEG_MSMS_61_GEO-TB-0-F_1_Rg80to1200-CE102040-0-1-S1_Run225.mzML,85490998,.mzml,Error processing 20181217_KBL_TM_Lakes_GEODES_All3_QE-HF_C18_USDAY46918_NEG_MSMS_61_GEO-TB-0-F_1_Rg80to1200-CE102040-0-1-S1_Run225.mzML after 1 attempts: Mixed polarities detected in scan data,2026-07-08T00:47:07.940000,,,,
20181217_KBL_TM_Lakes_GEODES_All3_QE-HF_C18_USDAY46918_NEG_MSMS_61_GEO-TB-0-F_1_Rg80to1200-CE102040-0-1-S1_Run225.mzML,/mnt/Volumes/LaCie/nmdc_data/mcmahon_11_fkbnah04/raw/20181217_KBL_TM_Lakes_GEODES_All3_QE-HF_C18_USDAY46918_NEG_MSMS_61_GEO-TB-0-F_1_Rg80to1200-CE102040-0-1-S1_Run225.mzML,85490998,.mzml,Error processing 20181217_KBL_TM_Lakes_GEODES_All3_QE-HF_C18_USDAY46918_NEG_MSMS_61_GEO-TB-0-F_1_Rg80to1200-CE102040-0-1-S1_Run225.mzML after 1 attempts: Mixed polarities detected in scan data,2026-07-08T00:47:07.940000,,,,
20181217_KBL_TM_Lakes_GEODES_All3_QE-HF_C18_USDAY46918_NEG_MSMS_61_GEO-TB-0-F_1_Rg80to1200-CE102040-0-1-S1_Run225.mzML,/mnt/Volumes/LaCie/nmdc_data/mcmahon_11_fkbnah04/raw/20181217_KBL_TM_Lakes_GEODES_All3_QE-HF_C18_USDAY46918_NEG_MSMS_61_GEO-TB-0-F_1_Rg80to1200-CE102040-0-1-S1_Run225.mzML,85490998,.mzml,Error processing 20181217_KBL_TM_Lakes_GEODES_All3_QE-HF_C18_USDAY46918_NEG_MSMS_61_GEO-TB-0-F_1_Rg80to1200-CE102040-0-1-S1_Run225.mzML after 1 attempts: Mixed polarities detected in scan data,2026-07-08T00:47:07.940000,,,,
20180918_KBL_TM_Lakes_GEODES_All3_QE-HF_HILICZ-VF1_USHXG01161_POS_MSMS_59_GEO-SP-4-F_1_Rg70to1050-CE102040-0-4-S1_Run213.mzML,/mnt/Volumes/LaCie/nmdc_data/mcmahon_11_fkbnah04/raw/20180918_KBL_TM_Lakes_GEODES_All3_QE-HF_HILICZ-VF1_USHXG01161_POS_MSMS_59_GEO-SP-4-F_1_Rg70to1050-CE102040-0-4-S1_Run213.mzML,179449501,.mzml,Error processing 20180918_KBL_TM_Lakes_GEODES_All3_QE-HF_HILICZ-VF1_USHXG01161_POS_MSMS_59_GEO-SP-4-F_1_Rg70to1050-CE102040-0-4-S1_Run213.mzML after 1 attempts: Mixed polarities detected in scan data,2026-07-08T00:46:31.330000,,,,
20180918_KBL_TM_Lakes_GEODES_All3_QE-HF_HILICZ-VF1_USHXG01161_POS_MSMS_59_GEO-SP-4-F_1_Rg70to1050-CE102040-0-4-S1_Run213.mzML,/mnt/Volumes/LaCie/nmdc_data/mcmahon_11_fkbnah04/raw/20180918_KBL_TM_Lakes_GEODES_All3_QE-HF_HILICZ-VF1_USHXG01161_POS_MSMS_59_GEO-SP-4-F_1_Rg70to1050-CE102040-0-4-S1_Run213.mzML,179449501,.mzml,Error processing 20180918_KBL_TM_Lakes_GEODES_All3_QE-HF_HILICZ-VF1_USHXG01161_POS_MSMS_59_GEO-SP-4-F_1_Rg70to1050-CE102040-0-4-S1_Run213.mzML after 1 attempts: Mixed polarities detected in scan data,2026-07-08T00:46:31.330000,,,,
20180918_KBL_TM_Lakes_GEODES_All3_QE-HF_HILICZ-VF1_USHXG01161_POS_MSMS_59_GEO-SP-4-F_1_Rg70to1050-CE102040-0-4-S1_Run213.mzML,/mnt/Volumes/LaCie/nmdc_data/mcmahon_11_fkbnah04/raw/20180918_KBL_TM_Lakes_GEODES_All3_QE-HF_HILICZ-VF1_USHXG01161_POS_MSMS_59_GEO-SP-4-F_1_Rg70to1050-CE102040-0-4-S1_Run213.mzML,179449501,.mzml,Error processing 20180918_KBL_TM_Lakes_GEODES_All3_QE-HF_HILICZ-VF1_USHXG01161_POS_MSMS_59_GEO-SP-4-F_1_Rg70to1050-CE102040-0-4-S1_Run213.mzML after 1 attempts: Mixed polarities detected in scan data,2026-07-08T00:46:31.330000,,,,
20180918_KBL_TM_Lakes_GEODES_All3_QE-HF_HILICZ-VF1_USHXG01161_POS_MSMS_66_GEO-TB-28-F_1_Rg70to1050-CE102040-0-1-S1_Run239.mzML,/mnt/Volumes/LaCie/nmdc_data/mcmahon_11_fkbnah04/raw/20180918_KBL_TM_Lakes_GEODES_All3_QE-HF_HILICZ-VF1_USHXG01161_POS_MSMS_66_GEO-TB-28-F_1_Rg70to1050-CE102040-0-1-S1_Run239.mzML,193840254,.mzml,Error processing 20180918_KBL_TM_Lakes_GEODES_All3_QE-HF_HILICZ-VF1_USHXG01161_POS_MSMS_66_GEO-TB-28-F_1_Rg70to1050-CE102040-0-1-S1_Run239.mzML after 1 attempts: Mixed polarities detected in scan data,2026-07-08T00:48:00.320000,,,,
20180918_KBL_TM_Lakes_GEODES_All3_QE-HF_HILICZ-VF1_USHXG01161_POS_MSMS_66_GEO-TB-28-F_1_Rg70to1050-CE102040-0-1-S1_Run239.mzML,/mnt/Volumes/LaCie/nmdc_data/mcmahon_11_fkbnah04/raw/20180918_KBL_TM_Lakes_GEODES_All3_QE-HF_HILICZ-VF1_USHXG01161_POS_MSMS_66_GEO-TB-28-F_1_Rg70to1050-CE102040-0-1-S1_Run239.mzML,193840254,.mzml,Error processing 20180918_KBL_TM_Lakes_GEODES_All3_QE-HF_HILICZ-VF1_USHXG01161_POS_MSMS_66_GEO-TB-28-F_1_Rg70to1050-CE102040-0-1-S1_Run239.mzML after 1 attempts: Mixed polarities detected in scan data,2026-07-08T00:48:00.320000,,,,
20180918_KBL_TM_Lakes_GEODES_All3_QE-HF_HILICZ-VF1_USHXG01161_POS_MSMS_66_GEO-TB-28-F_1_Rg70to1050-CE102040-0-1-S1_Run239.mzML,/mnt/Volumes/LaCie/nmdc_data/mcmahon_11_fkbnah04/raw/20180918_KBL_TM_Lakes_GEODES_All3_QE-HF_HILICZ-VF1_USHXG01161_POS_MSMS_66_GEO-TB-28-F_1_Rg70to1050-CE102040-0-1-S1_Run239.mzML,193840254,.mzml,Error processing 20180918_KBL_TM_Lakes_GEODES_All3_QE-HF_HILICZ-VF1_USHXG01161_POS_MSMS_66_GEO-TB-28-F_1_Rg70to1050-CE102040-0-1-S1_Run239.mzML after 1 attempts: Mixed polarities detected in scan data,2026-07-08T00:48:00.320000,,,,
20180918_KBL_TM_Lakes_GEODES_All3_QE-HF_HILICZ-VF1_USHXG01161_POS_MSMS_44_GEO-ME-36-F_1_Rg70to1050-CE102040-0-7-S1_Run160.mzML,/mnt/Volumes/LaCie/nmdc_data/mcmahon_11_fkbnah04/raw/20180918_KBL_TM_Lakes_GEODES_All3_QE-HF_HILICZ-VF1_USHXG01161_POS_MSMS_44_GEO-ME-36-F_1_Rg70to1050-CE102040-0-7-S1_Run160.mzML,175774194,.mzml,Error processing 20180918_KBL_TM_Lakes_GEODES_All3_QE-HF_HILICZ-VF1_USHXG01161_POS_MSMS_44_GEO-ME-36-F_1_Rg70to1050-CE102040-0-7-S1_Run160.mzML after 1 attempts: Mixed polarities detected in scan data,2026-07-08T00:48:16.030000,,,,
20180918_KBL_TM_Lakes_GEODES_All3_QE-HF_HILICZ-VF1_USHXG01161_POS_MSMS_44_GEO-ME-36-F_1_Rg70to1050-CE102040-0-7-S1_Run160.mzML,/mnt/Volumes/LaCie/nmdc_data/mcmahon_11_fkbnah04/raw/20180918_KBL_TM_Lakes_GEODES_All3_QE-HF_HILICZ-VF1_USHXG01161_POS_MSMS_44_GEO-ME-36-F_1_Rg70to1050-CE102040-0-7-S1_Run160.mzML,175774194,.mzml,Error processing 20180918_KBL_TM_Lakes_GEODES_All3_QE-HF_HILICZ-VF1_USHXG01161_POS_MSMS_44_GEO-ME-36-F_1_Rg70to1050-CE102040-0-7-S1_Run160.mzML after 1 attempts: Mixed polarities detected in scan data,2026-07-08T00:48:16.030000,,,,
20180918_KBL_TM_Lakes_GEODES_All3_QE-HF_HILICZ-VF1_USHXG01161_POS_MSMS_44_GEO-ME-36-F_1_Rg70to1050-CE102040-0-7-S1_Run160.mzML,/mnt/Volumes/LaCie/nmdc_data/mcmahon_11_fkbnah04/raw/20180918_KBL_TM_Lakes_GEODES_All3_QE-HF_HILICZ-VF1_USHXG01161_POS_MSMS_44_GEO-ME-36-F_1_Rg70to1050-CE102040-0-7-S1_Run160.mzML,175774194,.mzml,Error processing 20180918_KBL_TM_Lakes_GEODES_All3_QE-HF_HILICZ-VF1_USHXG01161_POS_MSMS_44_GEO-ME-36-F_1_Rg70to1050-CE102040-0-7-S1_Run160.mzML after 1 attempts: Mixed polarities detected in scan data,2026-07-08T00:48:16.030000,,,,
20181217_KBL_TM_Lakes_GEODES_All3_QE-HF_C18_USDAY46918_NEG_MSMS_7_GEO-ME-32-UF_1_Rg80to1200-CE102040-0-7-S1_Run37.mzML,/mnt/Volumes/LaCie/nmdc_data/mcmahon_11_fkbnah04/raw/20181217_KBL_TM_Lakes_GEODES_All3_QE-HF_C18_USDAY46918_NEG_MSMS_7_GEO-ME-32-UF_1_Rg80to1200-CE102040-0-7-S1_Run37.mzML,85555733,.mzml,Error processing 20181217_KBL_TM_Lakes_GEODES_All3_QE-HF_C18_USDAY46918_NEG_MSMS_7_GEO-ME-32-UF_1_Rg80to1200-CE102040-0-7-S1_Run37.mzML after 1 attempts: Mixed polarities detected in scan data,2026-07-08T00:49:51.380000,,,,
20181217_KBL_TM_Lakes_GEODES_All3_QE-HF_C18_USDAY46918_NEG_MSMS_7_GEO-ME-32-UF_1_Rg80to1200-CE102040-0-7-S1_Run37.mzML,/mnt/Volumes/LaCie/nmdc_data/mcmahon_11_fkbnah04/raw/20181217_KBL_TM_Lakes_GEODES_All3_QE-HF_C18_USDAY46918_NEG_MSMS_7_GEO-ME-32-UF_1_Rg80to1200-CE102040-0-7-S1_Run37.mzML,85555733,.mzml,Error processing 20181217_KBL_TM_Lakes_GEODES_All3_QE-HF_C18_USDAY46918_NEG_MSMS_7_GEO-ME-32-UF_1_Rg80to1200-CE102040-0-7-S1_Run37.mzML after 1 attempts: Mixed polarities detected in scan data,2026-07-08T00:49:51.380000,,,,
20181217_KBL_TM_Lakes_GEODES_All3_QE-HF_C18_USDAY46918_NEG_MSMS_7_GEO-ME-32-UF_1_Rg80to1200-CE102040-0-7-S1_Run37.mzML,/mnt/Volumes/LaCie/nmdc_data/mcmahon_11_fkbnah04/raw/20181217_KBL_TM_Lakes_GEODES_All3_QE-HF_C18_USDAY46918_NEG_MSMS_7_GEO-ME-32-UF_1_Rg80to1200-CE102040-0-7-S1_Run37.mzML,85555733,.mzml,Error processing 20181217_KBL_TM_Lakes_GEODES_All3_QE-HF_C18_USDAY46918_NEG_MSMS_7_GEO-ME-32-UF_1_Rg80to1200-CE102040-0-7-S1_Run37.mzML after 1 attempts: Mixed polarities detected in scan data,2026-07-08T00:49:51.380000,,,,
20180918_KBL_TM_Lakes_GEODES_All3_QE-HF_HILICZ-VF1_USHXG01161_POS_MSMS_37_GEO-ME-0-F_1_Rg70to1050-CE102040-0-7-S1_Run139.mzML,/mnt/Volumes/LaCie/nmdc_data/mcmahon_11_fkbnah04/raw/20180918_KBL_TM_Lakes_GEODES_All3_QE-HF_HILICZ-VF1_USHXG01161_POS_MSMS_37_GEO-ME-0-F_1_Rg70to1050-CE102040-0-7-S1_Run139.mzML,175398236,.mzml,Error processing 20180918_KBL_TM_Lakes_GEODES_All3_QE-HF_HILICZ-VF1_USHXG01161_POS_MSMS_37_GEO-ME-0-F_1_Rg70to1050-CE102040-0-7-S1_Run139.mzML after 1 attempts: Mixed polarities detected in scan data,2026-07-08T00:49:43.600000,,,,
20180918_KBL_TM_Lakes_GEODES_All3_QE-HF_HILICZ-VF1_USHXG01161_POS_MSMS_37_GEO-ME-0-F_1_Rg70to1050-CE102040-0-7-S1_Run139.mzML,/mnt/Volumes/LaCie/nmdc_data/mcmahon_11_fkbnah04/raw/20180918_KBL_TM_Lakes_GEODES_All3_QE-HF_HILICZ-VF1_USHXG01161_POS_MSMS_37_GEO-ME-0-F_1_Rg70to1050-CE102040-0-7-S1_Run139.mzML,175398236,.mzml,Error processing 20180918_KBL_TM_Lakes_GEODES_All3_QE-HF_HILICZ-VF1_USHXG01161_POS_MSMS_37_GEO-ME-0-F_1_Rg70to1050-CE102040-0-7-S1_Run139.mzML after 1 attempts: Mixed polarities detected in scan data,2026-07-08T00:49:43.600000,,,,
20180918_KBL_TM_Lakes_GEODES_All3_QE-HF_HILICZ-VF1_USHXG01161_POS_MSMS_37_GEO-ME-0-F_1_Rg70to1050-CE102040-0-7-S1_Run139.mzML,/mnt/Volumes/LaCie/nmdc_data/mcmahon_11_fkbnah04/raw/20180918_KBL_TM_Lakes_GEODES_All3_QE-HF_HILICZ-VF1_USHXG01161_POS_MSMS_37_GEO-ME-0-F_1_Rg70to1050-CE102040-0-7-S1_Run139.mzML,175398236,.mzml,Error processing 20180918_KBL_TM_Lakes_GEODES_All3_QE-HF_HILICZ-VF1_USHXG01161_POS_MSMS_37_GEO-ME-0-F_1_Rg70to1050-CE102040-0-7-S1_Run139.mzML after 1 attempts: Mixed polarities detected in scan data,2026-07-08T00:49:43.600000,,,,
20181217_KBL_TM_Lakes_GEODES_All3_QE-HF_C18_USDAY46918_NEG_MSMS_72_GEO-TB-8-F_1_Rg80to1200-CE102040-0-1-S1_Run258.mzML,/mnt/Volumes/LaCie/nmdc_data/mcmahon_11_fkbnah04/raw/20181217_KBL_TM_Lakes_GEODES_All3_QE-HF_C18_USDAY46918_NEG_MSMS_72_GEO-TB-8-F_1_Rg80to1200-CE102040-0-1-S1_Run258.mzML,83568971,.mzml,Error processing 20181217_KBL_TM_Lakes_GEODES_All3_QE-HF_C18_USDAY46918_NEG_MSMS_72_GEO-TB-8-F_1_Rg80to1200-CE102040-0-1-S1_Run258.mzML after 1 attempts: Mixed polarities detected in scan data,2026-07-08T00:50:15.310000,,,,
20181217_KBL_TM_Lakes_GEODES_All3_QE-HF_C18_USDAY46918_NEG_MSMS_72_GEO-TB-8-F_1_Rg80to1200-CE102040-0-1-S1_Run258.mzML,/mnt/Volumes/LaCie/nmdc_data/mcmahon_11_fkbnah04/raw/20181217_KBL_TM_Lakes_GEODES_All3_QE-HF_C18_USDAY46918_NEG_MSMS_72_GEO-TB-8-F_1_Rg80to1200-CE102040-0-1-S1_Run258.mzML,83568971,.mzml,Error processing 20181217_KBL_TM_Lakes_GEODES_All3_QE-HF_C18_USDAY46918_NEG_MSMS_72_GEO-TB-8-F_1_Rg80to1200-CE102040-0-1-S1_Run258.mzML after 1 attempts: Mixed polarities detected in scan data,2026-07-08T00:50:15.310000,,,,
20181217_KBL_TM_Lakes_GEODES_All3_QE-HF_C18_USDAY46918_NEG_MSMS_72_GEO-TB-8-F_1_Rg80to1200-CE102040-0-1-S1_Run258.mzML,/mnt/Volumes/LaCie/nmdc_data/mcmahon_11_fkbnah04/raw/20181217_KBL_TM_Lakes_GEODES_All3_QE-HF_C18_USDAY46918_NEG_MSMS_72_GEO-TB-8-F_1_Rg80to1200-CE102040-0-1-S1_Run258.mzML,83568971,.mzml,Error processing 20181217_KBL_TM_Lakes_GEODES_All3_QE-HF_C18_USDAY46918_NEG_MSMS_72_GEO-TB-8-F_1_Rg80to1200-CE102040-0-1-S1_Run258.mzML after 1 attempts: Mixed polarities detected in scan data,2026-07-08T00:50:15.310000,,,,
20180918_KBL_TM_Lakes_Mendota_DepthDate_QE-139_HILICZ-VF1_USHXG01161_NEG_MSMS_4_ME-20170811-metabo-4_1_Rg70to1050-CE102040-13p15-S1_Run25.mzML,/mnt/Volumes/LaCie/nmdc_data/mcmahon_11_fkbnah04/raw/20180918_KBL_TM_Lakes_Mendota_DepthDate_QE-139_HILICZ-VF1_USHXG01161_NEG_MSMS_4_ME-20170811-metabo-4_1_Rg70to1050-CE102040-13p15-S1_Run25.mzML,170558354,.mzml,Error processing 20180918_KBL_TM_Lakes_Mendota_DepthDate_QE-139_HILICZ-VF1_USHXG01161_NEG_MSMS_4_ME-20170811-metabo-4_1_Rg70to1050-CE102040-13p15-S1_Run25.mzML after 1 attempts: Mixed polarities detected in scan data,2026-07-08T00:50:05.820000,,,,
20180918_KBL_TM_Lakes_Mendota_DepthDate_QE-139_HILICZ-VF1_USHXG01161_NEG_MSMS_4_ME-20170811-metabo-4_1_Rg70to1050-CE102040-13p15-S1_Run25.mzML,/mnt/Volumes/LaCie/nmdc_data/mcmahon_11_fkbnah04/raw/20180918_KBL_TM_Lakes_Mendota_DepthDate_QE-139_HILICZ-VF1_USHXG01161_NEG_MSMS_4_ME-20170811-metabo-4_1_Rg70to1050-CE102040-13p15-S1_Run25.mzML,170558354,.mzml,Error processing 20180918_KBL_TM_Lakes_Mendota_DepthDate_QE-139_HILICZ-VF1_USHXG01161_NEG_MSMS_4_ME-20170811-metabo-4_1_Rg70to1050-CE102040-13p15-S1_Run25.mzML after 1 attempts: Mixed polarities detected in scan data,2026-07-08T00:50:05.820000,,,,
20180918_KBL_TM_Lakes_Mendota_DepthDate_QE-139_HILICZ-VF1_USHXG01161_NEG_MSMS_4_ME-20170811-metabo-4_1_Rg70to1050-CE102040-13p15-S1_Run25.mzML,/mnt/Volumes/LaCie/nmdc_data/mcmahon_11_fkbnah04/raw/20180918_KBL_TM_Lakes_Mendota_DepthDate_QE-139_HILICZ-VF1_USHXG01161_NEG_MSMS_4_ME-20170811-metabo-4_1_Rg70to1050-CE102040-13p15-S1_Run25.mzML,170558354,.mzml,Error processing 20180918_KBL_TM_Lakes_Mendota_DepthDate_QE-139_HILICZ-VF1_USHXG01161_NEG_MSMS_4_ME-20170811-metabo-4_1_Rg70to1050-CE102040-13p15-S1_Run25.mzML after 1 attempts: Mixed polarities detected in scan data,2026-07-08T00:50:05.820000,,,,
20180918_KBL_TM_Lakes_GEODES_All3_QE-HF_HILICZ-VF1_USHXG01161_NEG_MSMS_2_GEO-ME-12-UF_1_Rg70to1050-CE102040-0-7-S1_Run22.mzML,/mnt/Volumes/LaCie/nmdc_data/mcmahon_11_fkbnah04/raw/20180918_KBL_TM_Lakes_GEODES_All3_QE-HF_HILICZ-VF1_USHXG01161_NEG_MSMS_2_GEO-ME-12-UF_1_Rg70to1050-CE102040-0-7-S1_Run22.mzML,169864715,.mzml,Error processing 20180918_KBL_TM_Lakes_GEODES_All3_QE-HF_HILICZ-VF1_USHXG01161_NEG_MSMS_2_GEO-ME-12-UF_1_Rg70to1050-CE102040-0-7-S1_Run22.mzML after 1 attempts: Mixed polarities detected in scan data,2026-07-08T00:51:08.610000,,,,
20180918_KBL_TM_Lakes_GEODES_All3_QE-HF_HILICZ-VF1_USHXG01161_NEG_MSMS_2_GEO-ME-12-UF_1_Rg70to1050-CE102040-0-7-S1_Run22.mzML,/mnt/Volumes/LaCie/nmdc_data/mcmahon_11_fkbnah04/raw/20180918_KBL_TM_Lakes_GEODES_All3_QE-HF_HILICZ-VF1_USHXG01161_NEG_MSMS_2_GEO-ME-12-UF_1_Rg70to1050-CE102040-0-7-S1_Run22.mzML,169864715,.mzml,Error processing 20180918_KBL_TM_Lakes_GEODES_All3_QE-HF_HILICZ-VF1_USHXG01161_NEG_MSMS_2_GEO-ME-12-UF_1_Rg70to1050-CE102040-0-7-S1_Run22.mzML after 1 attempts: Mixed polarities detected in scan data,2026-07-08T00:51:08.610000,,,,
20180918_KBL_TM_Lakes_GEODES_All3_QE-HF_HILICZ-VF1_USHXG01161_NEG_MSMS_2_GEO-ME-12-UF_1_Rg70to1050-CE102040-0-7-S1_Run22.mzML,/mnt/Volumes/LaCie/nmdc_data/mcmahon_11_fkbnah04/raw/20180918_KBL_TM_Lakes_GEODES_All3_QE-HF_HILICZ-VF1_USHXG01161_NEG_MSMS_2_GEO-ME-12-UF_1_Rg70to1050-CE102040-0-7-S1_Run22.mzML,169864715,.mzml,Error processing 20180918_KBL_TM_Lakes_GEODES_All3_QE-HF_HILICZ-VF1_USHXG01161_NEG_MSMS_2_GEO-ME-12-UF_1_Rg70to1050-CE102040-0-7-S1_Run22.mzML after 1 attempts: Mixed polarities detected in scan data,2026-07-08T00:51:08.610000,,,,
20180918_KBL_TM_Lakes_GEODES_All3_QE-HF_HILICZ-VF1_USHXG01161_POS_MSMS_21_GEO-SP-40-UF_1_Rg70to1050-CE102040-0-4-S1_Run83.mzML,/mnt/Volumes/LaCie/nmdc_data/mcmahon_11_fkbnah04/raw/20180918_KBL_TM_Lakes_GEODES_All3_QE-HF_HILICZ-VF1_USHXG01161_POS_MSMS_21_GEO-SP-40-UF_1_Rg70to1050-CE102040-0-4-S1_Run83.mzML,175088908,.mzml,Error processing 20180918_KBL_TM_Lakes_GEODES_All3_QE-HF_HILICZ-VF1_USHXG01161_POS_MSMS_21_GEO-SP-40-UF_1_Rg70to1050-CE102040-0-4-S1_Run83.mzML after 1 attempts: Mixed polarities detected in scan data,2026-07-08T00:51:58.490000,,,,
20180918_KBL_TM_Lakes_GEODES_All3_QE-HF_HILICZ-VF1_USHXG01161_POS_MSMS_21_GEO-SP-40-UF_1_Rg70to1050-CE102040-0-4-S1_Run83.mzML,/mnt/Volumes/LaCie/nmdc_data/mcmahon_11_fkbnah04/raw/20180918_KBL_TM_Lakes_GEODES_All3_QE-HF_HILICZ-VF1_USHXG01161_POS_MSMS_21_GEO-SP-40-UF_1_Rg70to1050-CE102040-0-4-S1_Run83.mzML,175088908,.mzml,Error processing 20180918_KBL_TM_Lakes_GEODES_All3_QE-HF_HILICZ-VF1_USHXG01161_POS_MSMS_21_GEO-SP-40-UF_1_Rg70to1050-CE102040-0-4-S1_Run83.mzML after 1 attempts: Mixed polarities detected in scan data,2026-07-08T00:51:58.490000,,,,
20180918_KBL_TM_Lakes_GEODES_All3_QE-HF_HILICZ-VF1_USHXG01161_POS_MSMS_21_GEO-SP-40-UF_1_Rg70to1050-CE102040-0-4-S1_Run83.mzML,/mnt/Volumes/LaCie/nmdc_data/mcmahon_11_fkbnah04/raw/20180918_KBL_TM_Lakes_GEODES_All3_QE-HF_HILICZ-VF1_USHXG01161_POS_MSMS_21_GEO-SP-40-UF_1_Rg70to1050-CE102040-0-4-S1_Run83.mzML,175088908,.mzml,Error processing 20180918_KBL_TM_Lakes_GEODES_All3_QE-HF_HILICZ-VF1_USHXG01161_POS_MSMS_21_GEO-SP-40-UF_1_Rg70to1050-CE102040-0-4-S1_Run83.mzML after 1 attempts: Mixed polarities detected in scan data,2026-07-08T00:51:58.490000,,,,
20180918_KBL_TM_Lakes_GEODES_All3_QE-HF_HILICZ-VF1_USHXG01161_POS_MSMS_69_GEO-TB-40-F_1_Rg70to1050-CE102040-0-1-S1_Run248.mzML,/mnt/Volumes/LaCie/nmdc_data/mcmahon_11_fkbnah04/raw/20180918_KBL_TM_Lakes_GEODES_All3_QE-HF_HILICZ-VF1_USHXG01161_POS_MSMS_69_GEO-TB-40-F_1_Rg70to1050-CE102040-0-1-S1_Run248.mzML,196569078,.mzml,Error processing 20180918_KBL_TM_Lakes_GEODES_All3_QE-HF_HILICZ-VF1_USHXG01161_POS_MSMS_69_GEO-TB-40-F_1_Rg70to1050-CE102040-0-1-S1_Run248.mzML after 1 attempts: Mixed polarities detected in scan data,2026-07-08T00:52:47.630000,,,,
20180918_KBL_TM_Lakes_GEODES_All3_QE-HF_HILICZ-VF1_USHXG01161_POS_MSMS_69_GEO-TB-40-F_1_Rg70to1050-CE102040-0-1-S1_Run248.mzML,/mnt/Volumes/LaCie/nmdc_data/mcmahon_11_fkbnah04/raw/20180918_KBL_TM_Lakes_GEODES_All3_QE-HF_HILICZ-VF1_USHXG01161_POS_MSMS_69_GEO-TB-40-F_1_Rg70to1050-CE102040-0-1-S1_Run248.mzML,196569078,.mzml,Error processing 20180918_KBL_TM_Lakes_GEODES_All3_QE-HF_HILICZ-VF1_USHXG01161_POS_MSMS_69_GEO-TB-40-F_1_Rg70to1050-CE102040-0-1-S1_Run248.mzML after 1 attempts: Mixed polarities detected in scan data,2026-07-08T00:52:47.630000,,,,
20180918_KBL_TM_Lakes_GEODES_All3_QE-HF_HILICZ-VF1_USHXG01161_POS_MSMS_69_GEO-TB-40-F_1_Rg70to1050-CE102040-0-1-S1_Run248.mzML,/mnt/Volumes/LaCie/nmdc_data/mcmahon_11_fkbnah04/raw/20180918_KBL_TM_Lakes_GEODES_All3_QE-HF_HILICZ-VF1_USHXG01161_POS_MSMS_69_GEO-TB-40-F_1_Rg70to1050-CE102040-0-1-S1_Run248.mzML,196569078,.mzml,Error processing 20180918_KBL_TM_Lakes_GEODES_All3_QE-HF_HILICZ-VF1_USHXG01161_POS_MSMS_69_GEO-TB-40-F_1_Rg70to1050-CE102040-0-1-S1_Run248.mzML after 1 attempts: Mixed polarities detected in scan data,2026-07-08T00:52:47.630000,,,,
